# Blender 4.4.0
# www.blender.org
mtllib base.mtl
o Meshy_AI_pink_glitter_teardrop_0803090723_image-to-3d-texture
v -0.018125 -0.674191 -0.738430
v -0.037045 -0.651309 -0.734462
v -0.002924 -0.670350 -0.740654
v 0.012249 -0.651308 -0.740652
v 0.027444 -0.647524 -0.737025
v -0.025697 -0.628515 -0.734648
v 0.016081 -0.628482 -0.736369
v -0.002866 -0.620900 -0.735454
v 0.008440 -0.708450 -0.726592
v 0.019814 -0.689385 -0.733543
v 0.027430 -0.670369 -0.736321
v 0.038869 -0.620878 -0.726078
v 0.035083 -0.697045 -0.725330
v -0.044702 -0.689430 -0.724839
v 0.050214 -0.647564 -0.726506
v -0.040848 -0.628467 -0.728844
v -0.014278 -0.601838 -0.725006
v -0.018166 -0.708486 -0.725488
v 0.058500 -0.670319 -0.719894
v -0.051778 -0.647519 -0.726716
v 0.000930 -0.590472 -0.717769
v -0.010502 -0.727572 -0.712121
v -0.061692 -0.666590 -0.719451
v 0.035086 -0.594199 -0.711767
v 0.004697 -0.728329 -0.711777
v 0.038852 -0.716067 -0.711472
v -0.044696 -0.708472 -0.714735
v 0.074178 -0.639890 -0.704230
v -0.068349 -0.639894 -0.712576
v -0.047521 -0.601837 -0.711119
v -0.070980 -0.689476 -0.703820
v 0.061356 -0.696801 -0.707833
v -0.076049 -0.628527 -0.700427
v 0.057879 -0.617061 -0.711802
v -0.029512 -0.582803 -0.704186
v 0.027457 -0.736038 -0.696541
v -0.074517 -0.666564 -0.707260
v -0.056063 -0.719902 -0.695854
v 0.080280 -0.670371 -0.696579
v 0.050247 -0.597452 -0.704287
v 0.027506 -0.575230 -0.694122
v -0.006701 -0.575147 -0.701296
v -0.040973 -0.727517 -0.700346
v -0.083156 -0.651364 -0.696616
v -0.056091 -0.587381 -0.688967
v -0.034426 -0.291183 -0.701421
v -0.026544 -0.216585 -0.703357
v 0.028434 -0.263695 -0.703346
v -0.065825 -0.240164 -0.701146
v 0.038869 -0.738310 -0.685094
v 0.079539 -0.689380 -0.689062
v -0.067458 -0.605608 -0.695865
v -0.022645 -0.389526 -0.687819
v 0.028439 -0.326568 -0.697731
v -0.069802 -0.326555 -0.694897
v 0.079503 -0.299046 -0.696646
v 0.095203 -0.189068 -0.694903
v 0.020562 -0.177279 -0.700516
v -0.014760 -0.086772 -0.687029
v -0.002958 -0.747842 -0.685203
v 0.065821 -0.716355 -0.685444
v -0.075960 -0.700891 -0.689036
v 0.070646 -0.609430 -0.692714
v 0.085291 -0.643689 -0.688988
v 0.057342 -0.583227 -0.677592
v 0.004637 -0.561836 -0.677580
v -0.120846 -0.275475 -0.692438
v -0.093352 -0.189081 -0.695378
v 0.142379 -0.251890 -0.688628
v -0.057991 -0.137906 -0.693556
v 0.048089 -0.106418 -0.689106
v -0.018128 -0.746150 -0.685121
v -0.091710 -0.670336 -0.677629
v 0.048073 -0.405279 -0.683094
v -0.081549 -0.377735 -0.685366
v 0.095222 -0.346226 -0.688690
v -0.064627 -0.750000 -0.637531
v 0.089334 -0.662731 -0.681459
v -0.090239 -0.639905 -0.681370
v -0.080986 -0.609479 -0.677532
v -0.063883 -0.582679 -0.666244
v -0.041326 -0.571377 -0.677651
v -0.156208 -0.318687 -0.681113
v 0.145871 -0.318673 -0.683016
v -0.171955 -0.240125 -0.682352
v 0.173821 -0.236239 -0.681481
v 0.150267 -0.129957 -0.677966
v -0.089484 -0.094581 -0.683084
v -0.003027 -0.047449 -0.677849
v 0.081171 -0.720551 -0.653493
v -0.018107 -0.559665 -0.666103
v 0.038904 -0.567119 -0.666216
v -0.144306 -0.405152 -0.667228
v -0.144469 -0.126056 -0.679163
v 0.083464 -0.071003 -0.678590
v -0.002963 -0.754921 -0.666112
v -0.091765 -0.725303 -0.637209
v 0.088923 -0.701276 -0.657629
v 0.092927 -0.643635 -0.670027
v 0.071664 -0.598048 -0.677582
v 0.081181 -0.613261 -0.677573
v -0.018719 -0.499580 -0.656492
v -0.065821 -0.436685 -0.673618
v 0.126537 -0.420951 -0.666891
v 0.150197 -0.361910 -0.675003
v -0.211274 -0.302948 -0.667878
v -0.219119 -0.255824 -0.668503
v 0.217080 -0.247981 -0.668704
v -0.203388 -0.192953 -0.671318
v -0.128748 -0.047429 -0.666035
v 0.016111 -0.751240 -0.673668
v -0.101178 -0.655549 -0.646367
v 0.210251 -0.145699 -0.663796
v 0.134546 -0.055230 -0.666540
v 0.059895 -0.023871 -0.668385
v 0.055184 -0.755724 -0.633758
v -0.104735 -0.686408 -0.637609
v 0.100175 -0.670840 -0.646324
v -0.100142 -0.632819 -0.626936
v 0.083005 -0.605663 -0.658592
v 0.065348 -0.582981 -0.654854
v 0.023607 -0.560484 -0.662390
v -0.069686 -0.483900 -0.658291
v 0.055893 -0.487834 -0.658239
v 0.240348 -0.346223 -0.651631
v -0.223036 -0.141805 -0.659711
v 0.181702 -0.094567 -0.664178
v -0.183744 -0.090668 -0.663449
v -0.097333 0.015473 -0.650801
v -0.014772 0.050797 -0.643213
v 0.110995 -0.004223 -0.655455
v -0.046124 -0.761218 -0.626113
v -0.085329 -0.605642 -0.651106
v -0.071376 -0.586454 -0.647288
v 0.013122 -0.554741 -0.637101
v -0.124539 -0.487746 -0.645993
v 0.114629 -0.487775 -0.648105
v 0.236872 -0.401186 -0.641057
v -0.274185 -0.318748 -0.643789
v 0.299600 -0.267681 -0.635668
v -0.270222 -0.189009 -0.646935
v 0.224904 -0.082813 -0.648176
v -0.045187 -0.565106 -0.628858
v -0.238865 -0.365830 -0.649124
v 0.303509 -0.200855 -0.632021
v 0.100505 -0.647949 -0.638486
v -0.015032 -0.554063 -0.636459
v 0.036347 -0.563307 -0.634538
v 0.016020 -0.552770 -0.635276
v 0.083309 -0.527081 -0.638829
v -0.289856 -0.263733 -0.641051
v 0.260241 -0.141766 -0.645051
v -0.234275 -0.074979 -0.643611
v -0.179839 -0.013467 -0.643798
v 0.044175 0.046880 -0.643468
v 0.017312 -0.762579 -0.618909
v 0.070631 -0.754679 -0.625406
v -0.055432 -0.573226 -0.625272
v 0.039302 -0.561005 -0.630552
v -0.026325 -0.552621 -0.634194
v -0.089234 -0.534956 -0.634573
v 0.177726 0.015414 -0.633294
v 0.107056 0.064807 -0.628096
v -0.330289 -0.685312 -0.637976
v -0.330311 -0.662450 -0.644179
v -0.299909 -0.673858 -0.642504
v -0.307499 -0.651020 -0.646524
v 0.301572 -0.670104 -0.643885
v 0.335851 -0.643442 -0.643604
v 0.324455 -0.673861 -0.642450
v -0.341677 -0.635748 -0.641847
v -0.322638 -0.624312 -0.643768
v 0.301612 -0.643401 -0.646291
v -0.296027 -0.624384 -0.642753
v -0.273226 -0.643364 -0.638416
v 0.324401 -0.624379 -0.643303
v 0.301622 -0.612936 -0.640341
v -0.037947 -0.562944 -0.634266
v 0.043005 -0.565761 -0.629482
v -0.254744 -0.443660 -0.624056
v 0.315394 -0.362049 -0.618377
v -0.281938 -0.094633 -0.628108
v 0.012713 0.101941 -0.618646
v -0.092042 -0.747739 -0.619263
v 0.096399 -0.713141 -0.637227
v -0.110813 -0.705864 -0.625025
v 0.305486 -0.700463 -0.632091
v 0.339625 -0.689152 -0.633296
v 0.362458 -0.673863 -0.628389
v -0.280864 -0.670067 -0.638672
v -0.353109 -0.650972 -0.638170
v 0.263687 -0.654749 -0.634218
v 0.278753 -0.620554 -0.637755
v 0.343434 -0.620560 -0.637537
v 0.351015 -0.643430 -0.638193
v -0.276975 -0.616717 -0.635363
v 0.050450 -0.570029 -0.627234
v 0.047252 -0.564007 -0.626951
v 0.291865 -0.421009 -0.616231
v -0.286104 -0.413142 -0.621338
v -0.101214 0.090136 -0.617032
v -0.326483 -0.700576 -0.631066
v 0.286453 -0.696709 -0.630622
v -0.349294 -0.689120 -0.630411
v -0.288543 -0.700527 -0.628410
v -0.265649 -0.631952 -0.633666
v 0.359593 -0.616764 -0.628397
v -0.353078 -0.609080 -0.629906
v -0.334025 -0.597733 -0.631288
v -0.296036 -0.601423 -0.634539
v 0.313011 -0.590067 -0.629195
v -0.183795 -0.495453 -0.623296
v -0.305546 -0.185092 -0.630557
v 0.315247 -0.126120 -0.616661
v -0.236018 0.019300 -0.612439
v 0.228796 0.007560 -0.619140
v -0.046207 0.089263 -0.623697
v -0.057972 -0.766183 -0.613542
v 0.104175 -0.728776 -0.620899
v 0.324412 -0.704629 -0.628531
v -0.311271 -0.711981 -0.624571
v -0.372070 -0.670124 -0.623891
v 0.252265 -0.631829 -0.625968
v 0.259704 -0.619936 -0.628455
v 0.343412 -0.586252 -0.619254
v 0.278747 -0.593802 -0.625895
v -0.307376 -0.586269 -0.626488
v -0.056753 -0.567887 -0.624069
v 0.264478 -0.464210 -0.613457
v -0.332200 -0.283396 -0.619748
v -0.262327 -0.027809 -0.618639
v -0.168042 0.039033 -0.626785
v 0.001479 -0.762627 -0.599556
v -0.241908 -0.689673 -0.609960
v -0.112952 -0.667714 -0.621742
v 0.376839 -0.662470 -0.620077
v 0.377636 -0.643412 -0.620804
v -0.379636 -0.620572 -0.615808
v -0.368219 -0.609142 -0.620507
v -0.280746 -0.590055 -0.623429
v 0.083225 -0.604686 -0.602777
v 0.074466 -0.592171 -0.609366
v -0.317443 -0.373843 -0.616259
v 0.287715 -0.067140 -0.617707
v 0.044337 -0.765849 -0.617237
v -0.100661 -0.767128 -0.597301
v 0.332057 -0.723792 -0.609832
v 0.347240 -0.700517 -0.624129
v -0.352837 -0.707998 -0.616722
v 0.246428 -0.701129 -0.608997
v -0.383469 -0.651067 -0.617027
v -0.250051 -0.624238 -0.621186
v -0.111419 -0.636998 -0.594805
v -0.249930 -0.604779 -0.613328
v 0.255930 -0.601387 -0.617869
v -0.326468 -0.576567 -0.616958
v 0.293859 -0.572880 -0.613136
v 0.328162 -0.578096 -0.617543
v -0.060423 -0.576556 -0.620984
v 0.066389 -0.586222 -0.618931
v 0.058172 -0.577136 -0.621699
v -0.075315 -0.591424 -0.609117
v 0.065836 -0.580221 -0.616571
v 0.177656 -0.491492 -0.626234
v 0.350691 -0.346311 -0.602249
v 0.126418 -0.772651 -0.581310
v -0.383128 -0.681545 -0.609007
v 0.116347 -0.679331 -0.617261
v 0.110607 -0.648770 -0.610329
v 0.373805 -0.601739 -0.609258
v 0.358633 -0.597731 -0.619268
v -0.349264 -0.581650 -0.613205
v 0.263647 -0.574881 -0.601294
v -0.072024 -0.588132 -0.613355
v -0.068056 -0.584827 -0.617532
v -0.295933 -0.574854 -0.615111
v 0.126141 -0.578168 -0.601592
v 0.362463 -0.291286 -0.601135
v -0.340848 -0.051425 -0.584684
v 0.197333 0.082281 -0.596665
v -0.020041 -0.766916 -0.595163
v 0.309246 -0.723700 -0.613224
v 0.246629 -0.728049 -0.594408
v -0.341707 -0.727234 -0.602172
v 0.365931 -0.703804 -0.609131
v -0.391093 -0.666273 -0.605604
v 0.123021 -0.653193 -0.593954
v 0.102242 -0.625264 -0.586775
v 0.388380 -0.639608 -0.608492
v -0.257889 -0.582380 -0.603274
v -0.120453 -0.566359 -0.611022
v 0.367202 -0.401331 -0.581556
v 0.358510 -0.244143 -0.604525
v 0.342785 -0.181207 -0.609274
v 0.304078 -0.027824 -0.597041
v -0.179819 0.079463 -0.604498
v 0.079516 0.141306 -0.591685
v -0.264406 -0.731582 -0.595255
v 0.125931 -0.713885 -0.609040
v 0.129062 -0.694988 -0.607402
v 0.381189 -0.681501 -0.609094
v -0.135166 -0.683686 -0.602258
v -0.400036 -0.647227 -0.594212
v -0.084798 -0.604150 -0.601796
v -0.081433 -0.601104 -0.606312
v -0.072473 -0.584415 -0.613707
v 0.169737 -0.558343 -0.594337
v -0.250935 -0.511358 -0.600450
v -0.309628 -0.440670 -0.603544
v -0.352698 -0.137910 -0.598368
v 0.366664 -0.047482 -0.565524
v 0.158102 0.098009 -0.600571
v -0.322746 -0.727123 -0.608624
v -0.356902 -0.716264 -0.606048
v -0.131435 -0.717749 -0.606244
v -0.139428 -0.698832 -0.602266
v -0.379688 -0.711562 -0.585851
v 0.219797 -0.686324 -0.600741
v 0.388083 -0.670081 -0.605562
v 0.236908 -0.601292 -0.599306
v 0.251638 -0.589151 -0.605733
v -0.088330 -0.603356 -0.598695
v 0.085653 -0.603553 -0.599642
v 0.354785 -0.575960 -0.601775
v -0.349238 -0.571518 -0.601712
v -0.307447 -0.562294 -0.601759
v -0.179814 -0.538730 -0.602737
v -0.384183 -0.318809 -0.586375
v -0.301562 0.035050 -0.573406
v -0.069814 0.153129 -0.586051
v 0.265707 -0.744098 -0.581814
v 0.328240 -0.735435 -0.594174
v -0.236838 -0.724489 -0.594089
v 0.392812 -0.691997 -0.582721
v 0.212503 -0.651938 -0.594639
v 0.398831 -0.624386 -0.586579
v -0.379678 -0.593889 -0.597952
v -0.334055 -0.563071 -0.597990
v 0.335768 -0.566777 -0.601795
v 0.301529 -0.560084 -0.597880
v 0.322281 -0.464209 -0.588765
v 0.123093 -0.801951 -0.543083
v -0.160090 -0.725605 -0.593104
v 0.222978 -0.717069 -0.594713
v 0.153949 -0.699043 -0.595418
v -0.390188 -0.696770 -0.586536
v -0.214037 -0.675032 -0.597622
v 0.400071 -0.647249 -0.590366
v -0.209912 -0.644323 -0.589497
v -0.208697 -0.629043 -0.581495
v -0.399838 -0.628219 -0.590431
v -0.098959 -0.618941 -0.589891
v 0.388722 -0.594379 -0.578960
v -0.239534 -0.597498 -0.596959
v -0.102111 -0.619328 -0.585139
v -0.288333 -0.558196 -0.590259
v -0.384128 -0.208786 -0.587650
v 0.252326 0.078336 -0.576137
v -0.234731 0.098025 -0.574269
v -0.003275 -0.769575 -0.544308
v 0.141954 -0.748487 -0.591070
v -0.131151 -0.748395 -0.596354
v 0.170362 -0.710219 -0.592330
v -0.326445 -0.738074 -0.590336
v -0.364378 -0.726769 -0.582826
v -0.216637 -0.732558 -0.587197
v -0.189003 -0.698628 -0.591878
v 0.377632 -0.713689 -0.582746
v -0.152198 -0.668664 -0.587364
v 0.203305 -0.698262 -0.594317
v -0.127124 -0.653316 -0.591825
v 0.095875 -0.615914 -0.589592
v -0.092291 -0.607557 -0.595234
v 0.262014 -0.559349 -0.577550
v -0.330181 -0.552723 -0.578914
v -0.360579 -0.369902 -0.593582
v -0.407718 -0.283433 -0.573096
v -0.148313 0.149192 -0.574240
v 0.362465 -0.724921 -0.586528
v 0.194525 -0.729090 -0.587822
v -0.168288 -0.714162 -0.592670
v -0.172624 -0.691315 -0.591200
v 0.146123 -0.657494 -0.580762
v -0.406347 -0.651075 -0.579511
v -0.093201 -0.611560 -0.593297
v 0.200596 -0.612208 -0.561170
v 0.097890 -0.613940 -0.588715
v 0.251515 -0.564676 -0.576629
v -0.349221 -0.560553 -0.582731
v -0.252335 -0.564651 -0.575857
v -0.309624 -0.491739 -0.585788
v 0.412982 -0.165497 -0.560861
v 0.008796 0.161576 -0.584784
v 0.064684 -0.793331 -0.563031
v -0.211439 -0.784425 -0.542777
v 0.241844 -0.747877 -0.577969
v 0.183505 -0.668213 -0.586380
v 0.166749 -0.676144 -0.587663
v -0.181510 -0.664399 -0.584537
v 0.116901 -0.632608 -0.572277
v -0.111279 -0.627847 -0.577141
v 0.380257 -0.578642 -0.567484
v -0.248672 -0.568877 -0.576901
v 0.331899 -0.555153 -0.582704
v -0.263532 -0.559151 -0.577313
v 0.262500 -0.556415 -0.576319
v -0.364479 -0.417072 -0.580364
v 0.409621 -0.259843 -0.571026
v -0.188215 -0.752095 -0.578878
v -0.274533 -0.759063 -0.551416
v -0.267419 -0.750292 -0.573572
v -0.228086 -0.750619 -0.576469
v -0.401710 -0.685350 -0.571335
v 0.184321 -0.637401 -0.569663
v 0.099920 -0.619954 -0.585611
v -0.221419 -0.590756 -0.568507
v -0.233205 -0.580250 -0.572508
v 0.242067 -0.568047 -0.575955
v 0.223334 -0.588578 -0.570129
v -0.271435 -0.556468 -0.577468
v -0.290117 -0.544831 -0.571604
v 0.303823 -0.540441 -0.566191
v -0.380125 -0.082870 -0.568215
v 0.315821 0.070457 -0.545607
v -0.199417 0.129505 -0.570203
v 0.006353 -0.767065 -0.579500
v -0.345517 -0.740561 -0.571186
v 0.167177 -0.657264 -0.578333
v 0.404291 -0.670505 -0.571686
v -0.144182 -0.650047 -0.577118
v 0.406910 -0.647276 -0.571351
v -0.177868 -0.645318 -0.573561
v -0.394890 -0.593911 -0.563755
v 0.228030 -0.584080 -0.571864
v -0.379626 -0.582424 -0.582739
v 0.211815 -0.600353 -0.565356
v -0.257851 -0.566920 -0.582104
v -0.309789 -0.544244 -0.565355
v -0.287955 -0.550556 -0.574062
v -0.267006 -0.551750 -0.576997
v 0.370262 -0.468187 -0.558541
v -0.415523 -0.373822 -0.554482
v -0.418625 -0.326649 -0.560709
v 0.165943 0.164972 -0.558816
v 0.063811 0.192552 -0.561854
v -0.227592 -0.766014 -0.561891
v 0.178099 -0.759743 -0.575756
v 0.332014 -0.741311 -0.578945
v 0.378263 -0.720272 -0.563744
v 0.406486 -0.631969 -0.567520
v -0.206392 -0.608735 -0.563468
v 0.366170 -0.564816 -0.559981
v 0.288797 -0.548892 -0.573734
v 0.307601 -0.544257 -0.565731
v 0.285123 -0.544618 -0.573078
v -0.302088 -0.539652 -0.567962
v -0.367482 -0.460347 -0.564612
v 0.401170 -0.350246 -0.568808
v -0.439162 -0.263737 -0.549969
v -0.373919 0.003615 -0.541677
v 0.342718 0.015394 -0.556472
v -0.105164 0.192555 -0.556209
v 0.350770 -0.750651 -0.519928
v 0.389017 -0.706637 -0.567543
v 0.400753 -0.685352 -0.567546
v 0.153405 -0.631719 -0.552554
v -0.127833 -0.636359 -0.570009
v -0.403282 -0.609095 -0.559988
v -0.164199 -0.622374 -0.554906
v -0.378374 -0.574910 -0.567636
v 0.441035 -0.228403 -0.546188
v -0.419499 -0.130098 -0.550895
v -0.070816 -0.797693 -0.551404
v -0.101475 -0.794048 -0.562454
v 0.038013 -0.790274 -0.547843
v 0.264679 -0.759503 -0.555075
v 0.288731 -0.752397 -0.559516
v 0.133435 -0.636352 -0.562695
v -0.186487 -0.620504 -0.557097
v 0.191569 -0.615995 -0.556702
v 0.194576 -0.605842 -0.561899
v 0.175902 -0.623078 -0.552586
v -0.201006 -0.606899 -0.561109
v 0.295355 -0.545216 -0.568534
v 0.330532 -0.546138 -0.549923
v -0.332482 -0.545662 -0.549765
v -0.293665 0.101946 -0.541888
v 0.228488 0.148824 -0.545431
v -0.051734 -0.795432 -0.539951
v -0.394465 -0.704314 -0.556238
v -0.410575 -0.662494 -0.552339
v -0.410865 -0.635766 -0.552363
v -0.148755 -0.632848 -0.556867
v -0.165828 -0.628356 -0.554921
v 0.402257 -0.609146 -0.540933
v -0.209827 -0.601121 -0.564755
v 0.343067 -0.551052 -0.546993
v 0.452775 -0.279421 -0.536074
v 0.385982 -0.004236 -0.534882
v 0.332234 -0.751327 -0.539750
v 0.159362 -0.632153 -0.552699
v 0.198836 -0.606830 -0.561316
v -0.184961 -0.614605 -0.557328
v -0.325554 -0.545345 -0.557845
v 0.346470 -0.547969 -0.537333
v 0.436411 -0.102572 -0.529315
v -0.334236 -0.757508 -0.519638
v -0.356472 -0.749455 -0.516022
v 0.409283 -0.654881 -0.556163
v 0.408065 -0.628187 -0.548533
v 0.172277 -0.628190 -0.552957
v -0.173837 -0.624429 -0.553912
v 0.195614 -0.610639 -0.559203
v 0.394485 -0.593851 -0.544663
v -0.344816 -0.550803 -0.543643
v 0.118796 0.227695 -0.529353
v 0.057319 -0.800636 -0.528348
v 0.401162 -0.689067 -0.548691
v -0.398711 -0.597744 -0.544750
v -0.380503 -0.574871 -0.537185
v -0.352071 -0.554193 -0.535652
v -0.348130 -0.548620 -0.537444
v -0.399746 -0.440678 -0.547857
v 0.430537 -0.365896 -0.541794
v -0.164339 -0.797975 -0.538887
v -0.290905 -0.758242 -0.512643
v 0.369460 -0.739100 -0.504431
v -0.405434 -0.681458 -0.541128
v 0.381407 -0.577457 -0.537181
v 0.385738 -0.507266 -0.529761
v -0.431030 -0.413078 -0.529581
v -0.454912 -0.197015 -0.533777
v -0.356566 0.066534 -0.522022
v 0.283736 0.133455 -0.526706
v -0.199358 0.200444 -0.523783
v -0.148310 0.232007 -0.519345
v -0.022620 0.354595 -0.456670
v -0.129181 -0.806226 -0.531546
v 0.166215 -0.800766 -0.531304
v 0.042018 -0.796047 -0.516766
v 0.407360 -0.666156 -0.537280
v -0.408917 -0.658573 -0.529752
v -0.409271 -0.628140 -0.537158
v -0.448951 -0.350151 -0.530048
v -0.277908 0.185468 -0.494970
v 0.189417 0.228066 -0.507459
v 0.209354 -0.786162 -0.538964
v -0.282081 -0.760020 -0.532429
v 0.281016 -0.760501 -0.496656
v 0.359718 -0.561893 -0.524409
v 0.350178 -0.554612 -0.536118
v -0.501280 -0.240141 -0.493711
v 0.458861 -0.177329 -0.525923
v -0.447021 -0.102545 -0.521819
v 0.370234 0.074400 -0.505698
v -0.094274 -0.808336 -0.520328
v 0.092215 -0.809061 -0.516533
v -0.223058 -0.786061 -0.531438
v 0.390773 -0.701138 -0.509387
v 0.355232 -0.557876 -0.527810
v -0.391781 -0.523197 -0.517893
v 0.420966 -0.444005 -0.526072
v -0.431266 -0.016042 -0.505029
v -0.032614 -0.789184 -0.516810
v -0.003550 -0.771263 -0.493528
v -0.381462 -0.724275 -0.504834
v -0.404212 -0.620565 -0.522098
v 0.395123 -0.601457 -0.521978
v -0.361509 -0.561446 -0.523665
v 0.484278 -0.236230 -0.508718
v -0.014762 -0.908203 -0.531997
v 0.071550 -0.919092 -0.526240
v -0.022553 -0.919109 -0.530866
v -0.093254 -0.915481 -0.523914
v 0.028371 -0.897032 -0.529791
v -0.073602 -0.893281 -0.524798
v -0.022636 -0.885628 -0.527103
v 0.208855 -0.793832 -0.519568
v 0.403709 -0.631897 -0.518272
v -0.355821 -0.554974 -0.531140
v -0.419833 -0.476035 -0.515186
v -0.022651 -0.935194 -0.522179
v -0.065808 -0.926039 -0.525264
v 0.032308 -0.929818 -0.525897
v 0.083530 -0.932944 -0.517799
v 0.110827 -0.911915 -0.520448
v 0.016554 -0.873519 -0.521781
v 0.102934 -0.897051 -0.520467
v 0.185739 -0.801650 -0.516032
v -0.187822 -0.804492 -0.500738
v 0.232342 -0.787086 -0.500979
v -0.390984 -0.594093 -0.518177
v -0.369236 -0.572399 -0.508149
v -0.500689 -0.149794 -0.482714
v 0.441012 -0.039633 -0.504598
v 0.409586 0.024022 -0.502763
v 0.252289 0.177233 -0.514375
v 0.138243 0.338740 -0.446344
v -0.128612 -0.926329 -0.513956
v -0.069733 -0.870479 -0.515682
v 0.083399 -0.859073 -0.505510
v 0.146726 -0.809408 -0.512349
v 0.332218 -0.763712 -0.503493
v 0.373685 -0.585071 -0.501177
v -0.365866 -0.566463 -0.521273
v -0.364353 -0.560403 -0.518997
v 0.361915 -0.560304 -0.519688
v 0.480820 -0.369633 -0.487292
v 0.488185 -0.130114 -0.488986
v -0.411576 0.046873 -0.490327
v 0.028509 -0.941836 -0.511440
v -0.156063 -0.893300 -0.507291
v -0.137137 -0.810425 -0.512401
v 0.002023 -0.771838 -0.493552
v -0.396697 -0.616711 -0.506839
v 0.367153 -0.570310 -0.516742
v 0.369913 -0.568770 -0.507520
v 0.528828 -0.318608 -0.455088
v -0.514191 -0.302848 -0.474748
v -0.069894 -0.940304 -0.511055
v 0.158052 -0.929735 -0.503782
v -0.175690 -0.915525 -0.503864
v -0.136479 -0.870481 -0.502300
v -0.018694 -0.843424 -0.498813
v 0.028427 -0.851587 -0.506124
v -0.303902 -0.759257 -0.511748
v 0.368996 -0.577099 -0.505139
v 0.354936 0.121643 -0.486952
v 0.051964 0.354385 -0.454305
v 0.130894 -0.940274 -0.499283
v 0.177555 -0.911953 -0.502954
v 0.146193 -0.881954 -0.505299
v -0.109946 -0.811429 -0.485564
v 0.123484 -0.811763 -0.481714
v -0.075007 -0.806473 -0.493393
v -0.044246 -0.794880 -0.485647
v -0.266686 -0.766714 -0.473421
v 0.313567 -0.761975 -0.507539
v -0.376562 -0.593417 -0.494263
v -0.367883 -0.568918 -0.511429
v 0.423976 -0.499553 -0.495048
v -0.474535 -0.059283 -0.482679
v -0.144219 0.358971 -0.431143
v 0.000940 -0.946548 -0.496493
v -0.140656 -0.936745 -0.502672
v 0.146307 -0.862869 -0.494159
v 0.053643 -0.800512 -0.489581
v -0.218803 -0.795401 -0.489359
v -0.390155 -0.705320 -0.493257
v -0.372940 -0.583969 -0.496684
v 0.367286 -0.572533 -0.508294
v 0.526720 -0.279364 -0.463001
v 0.111405 -0.946619 -0.484611
v -0.207127 -0.900825 -0.492383
v 0.201266 -0.882003 -0.487718
v 0.216719 -0.794756 -0.485533
v -0.284051 -0.763195 -0.488249
v 0.393278 -0.682269 -0.489796
v -0.394285 -0.655392 -0.486459
v 0.371344 -0.584129 -0.496811
v -0.403333 -0.554629 -0.485829
v -0.478389 -0.393220 -0.482797
v -0.202987 0.362538 -0.403440
v 0.193679 -0.936138 -0.486756
v 0.213109 -0.928490 -0.486083
v -0.203663 -0.933353 -0.486673
v -0.191532 -0.878159 -0.489978
v -0.124885 -0.840171 -0.478634
v 0.079564 -0.836034 -0.483021
v 0.092399 -0.809859 -0.485640
v -0.156688 -0.810680 -0.489334
v 0.162500 -0.809357 -0.481604
v -0.345291 -0.782345 -0.460024
v -0.392778 -0.675230 -0.465631
v 0.390043 -0.659697 -0.470056
v -0.372225 -0.580361 -0.499540
v 0.373722 -0.575951 -0.498903
v 0.370453 -0.580354 -0.500647
v 0.373250 -0.574734 -0.500350
v 0.399679 -0.570337 -0.475362
v -0.466609 -0.452220 -0.468919
v -0.412379 0.094077 -0.459774
v 0.177464 0.342718 -0.428765
v -0.129250 -0.945966 -0.484493
v 0.126722 -0.844658 -0.482749
v -0.058066 -0.826023 -0.471573
v 0.027143 -0.785927 -0.477971
v 0.269114 -0.764192 -0.477102
v 0.270248 -0.765871 -0.468668
v -0.371363 -0.755679 -0.468187
v -0.375715 -0.583625 -0.492900
v 0.377954 -0.575751 -0.494694
v 0.496062 -0.094712 -0.470895
v -0.325046 0.196280 -0.455090
v -0.231319 -0.922830 -0.481933
v 0.267932 -0.893298 -0.463332
v 0.036311 -0.824624 -0.471586
v 0.294678 -0.783485 -0.456105
v 0.365846 -0.767283 -0.456131
v -0.373973 -0.587634 -0.492607
v 0.372588 -0.587409 -0.492310
v 0.375318 -0.593187 -0.494483
v -0.368297 0.180736 -0.432746
v -0.188187 -0.941997 -0.479848
v -0.250407 -0.893275 -0.472609
v -0.183744 -0.862210 -0.482405
v 0.343545 -0.791775 -0.440276
v -0.454896 -0.499066 -0.454916
v -0.525592 -0.185198 -0.462527
v 0.539097 -0.181254 -0.443437
v 0.445607 0.023254 -0.470898
v 0.393803 0.110572 -0.463046
v -0.066190 -0.948583 -0.477087
v 0.283578 -0.911921 -0.458254
v 0.197444 -0.859034 -0.474566
v -0.218734 -0.793105 -0.466253
v -0.003706 -0.765991 -0.454521
v 0.320979 -0.792301 -0.448295
v 0.378186 -0.744253 -0.464351
v 0.387487 -0.717347 -0.468784
v 0.475804 -0.436562 -0.465989
v -0.257878 0.378393 -0.357918
v 0.272578 -0.939062 -0.447935
v -0.274476 -0.936749 -0.451503
v -0.285647 -0.908226 -0.457760
v 0.252377 -0.874313 -0.462505
v 0.185826 -0.840124 -0.459287
v 0.162286 -0.829276 -0.451773
v -0.118202 -0.807034 -0.448308
v -0.059655 -0.797793 -0.462455
v 0.224252 -0.784313 -0.450785
v -0.390695 -0.713644 -0.464845
v 0.391441 -0.698217 -0.465117
v 0.375989 -0.624745 -0.462279
v 0.349843 0.184684 -0.443303
v -0.254539 -0.858996 -0.451351
v -0.227183 -0.846369 -0.451276
v 0.201180 -0.798196 -0.462345
v -0.326653 -0.791070 -0.452239
v -0.396527 -0.601772 -0.451965
v -0.541934 -0.279439 -0.447922
v -0.529547 -0.228440 -0.463069
v 0.232309 0.378385 -0.374195
v -0.301345 -0.919100 -0.447794
v 0.116249 -0.807090 -0.448361
v -0.103126 -0.804587 -0.440954
v 0.049845 -0.795728 -0.466359
v 0.531025 -0.134049 -0.442909
v -0.164389 -0.827062 -0.447914
v -0.113843 -0.816073 -0.440495
v -0.183926 -0.802844 -0.454547
v 0.174085 -0.806273 -0.466140
v -0.380147 -0.636899 -0.449817
v -0.521684 -0.090764 -0.443404
v 0.515712 -0.043597 -0.429571
v -0.505977 -0.047482 -0.444765
v 0.306816 -0.922702 -0.442480
v 0.287915 -0.933258 -0.447203
v -0.293538 -0.893244 -0.450500
v 0.393504 -0.675692 -0.445169
v -0.377739 -0.631372 -0.449369
v 0.376605 -0.627183 -0.452091
v 0.524202 -0.397357 -0.439580
v -0.478321 0.042935 -0.427503
v -0.236058 -0.950110 -0.402282
v 0.096116 -0.802368 -0.441749
v 0.020518 -0.762359 -0.405314
v -0.419296 -0.597583 -0.419372
v 0.391206 0.145282 -0.439410
v 0.225966 -0.948710 -0.433626
v -0.231328 -0.828358 -0.424233
v -0.085149 -0.798221 -0.407475
v -0.121339 -0.803319 -0.432986
v -0.304170 -0.792394 -0.444479
v 0.254902 -0.768598 -0.441130
v -0.393921 -0.675642 -0.449255
v 0.508190 -0.483888 -0.420918
v 0.429031 -0.562869 -0.435731
v 0.566215 -0.244145 -0.415140
v -0.567445 -0.177297 -0.408022
v 0.044006 0.461187 -0.390958
v -0.301632 -0.929688 -0.443045
v 0.256622 -0.842191 -0.431723
v -0.123981 -0.812724 -0.429198
v 0.069223 -0.793892 -0.434703
v 0.302120 -0.795645 -0.432821
v 0.257864 -0.767027 -0.453300
v 0.392257 -0.725441 -0.448099
v 0.400661 -0.698994 -0.435970
v -0.314725 -0.946670 -0.397866
v -0.324337 -0.908208 -0.434393
v 0.291685 -0.866676 -0.436734
v 0.091601 -0.812820 -0.436437
v 0.123254 -0.803134 -0.433134
v -0.207015 -0.789921 -0.435239
v -0.248746 -0.769069 -0.429728
v -0.277439 -0.787177 -0.428903
v -0.246743 -0.769853 -0.438588
v 0.245992 -0.767700 -0.434018
v -0.388150 -0.760080 -0.436417
v 0.381867 -0.643087 -0.424960
v -0.549297 -0.405289 -0.411843
v -0.564907 -0.252058 -0.419853
v 0.322839 -0.897035 -0.432334
v -0.093746 -0.812871 -0.436553
v 0.177926 -0.798045 -0.435144
v 0.237861 -0.767054 -0.422662
v -0.399700 -0.721823 -0.439732
v -0.406223 -0.702955 -0.430795
v -0.332687 -0.893218 -0.425696
v -0.325123 -0.866041 -0.415978
v -0.109545 -0.803262 -0.437510
v -0.311762 -0.801449 -0.421190
v -0.369075 -0.798118 -0.409353
v 0.197117 -0.782293 -0.411904
v -0.023998 -0.762439 -0.404802
v -0.394651 -0.664731 -0.429049
v -0.383126 -0.643270 -0.424951
v -0.514205 -0.451992 -0.431049
v 0.513440 0.023284 -0.396221
v -0.108791 0.421938 -0.401884
v -0.006915 0.441689 -0.404515
v -0.342335 -0.922757 -0.419181
v 0.291595 -0.851650 -0.423475
v -0.294112 -0.839566 -0.408231
v 0.121923 -0.812617 -0.428837
v -0.102017 -0.811299 -0.434677
v 0.084477 -0.804200 -0.417362
v -0.187743 -0.793870 -0.427392
v 0.100923 -0.803137 -0.438864
v -0.101659 -0.799421 -0.430493
v 0.313557 -0.801254 -0.421174
v 0.336548 -0.804023 -0.413167
v 0.432470 -0.752494 -0.394964
v 0.456563 0.086194 -0.419582
v 0.429198 0.157064 -0.391913
v 0.312548 -0.945425 -0.405562
v 0.335120 -0.933340 -0.415909
v -0.111803 -0.811257 -0.430542
v -0.112958 -0.804540 -0.431584
v -0.111020 -0.804832 -0.437617
v -0.102268 -0.807128 -0.421480
v 0.103599 -0.810598 -0.435833
v 0.111042 -0.804065 -0.431811
v -0.342325 -0.805160 -0.409272
v 0.101328 -0.800398 -0.428396
v -0.094351 -0.794926 -0.422563
v 0.089518 -0.796175 -0.423322
v 0.433477 -0.772735 -0.380218
v -0.435371 -0.752429 -0.393563
v 0.411280 -0.710610 -0.423554
v 0.400884 -0.675763 -0.424383
v 0.403775 -0.949336 -0.260060
v -0.333967 -0.942589 -0.401189
v -0.345616 -0.936938 -0.404396
v -0.120635 -0.810038 -0.427660
v -0.105875 -0.811042 -0.429607
v 0.088659 -0.807526 -0.425515
v 0.118622 -0.809768 -0.427601
v 0.113215 -0.804725 -0.436705
v -0.089610 -0.804945 -0.416773
v 0.115322 -0.799631 -0.425968
v 0.130590 -0.798664 -0.422392
v -0.055358 -0.775830 -0.406006
v 0.279217 -0.791312 -0.417283
v 0.001256 -0.756186 -0.409648
v -0.394816 -0.641784 -0.404279
v -0.491557 -0.538891 -0.408288
v -0.568351 -0.389559 -0.392271
v 0.562437 -0.354172 -0.407990
v -0.564957 -0.314842 -0.415041
v 0.558926 -0.114335 -0.401396
v -0.521700 0.035094 -0.380475
v 0.362214 -0.915529 -0.403667
v -0.355820 -0.911871 -0.410966
v 0.346542 -0.870445 -0.401851
v 0.134070 -0.804822 -0.405109
v -0.097455 -0.804899 -0.423100
v -0.094087 -0.807808 -0.426822
v 0.095017 -0.807042 -0.423685
v 0.110738 -0.807046 -0.419626
v -0.121367 -0.799521 -0.426444
v -0.129245 -0.799152 -0.421449
v -0.103153 -0.798165 -0.427847
v 0.096846 -0.805558 -0.428517
v 0.103197 -0.800646 -0.424263
v 0.092008 -0.795451 -0.422042
v 0.231561 -0.765051 -0.398349
v -0.423242 -0.706776 -0.413301
v 0.418133 -0.668799 -0.401280
v -0.389267 -0.648051 -0.412600
v -0.494193 0.092472 -0.372609
v 0.284498 -0.820259 -0.377280
v -0.116427 -0.805773 -0.418479
v 0.126526 -0.807613 -0.417301
v -0.137623 -0.795649 -0.413326
v -0.120832 -0.800100 -0.420511
v -0.110330 -0.806444 -0.423625
v -0.114637 -0.800936 -0.425876
v 0.100120 -0.806667 -0.422909
v 0.116383 -0.799545 -0.424293
v -0.105637 -0.795583 -0.417992
v 0.107558 -0.795724 -0.418364
v -0.220693 -0.762021 -0.387487
v 0.495136 -0.538925 -0.403731
v -0.514043 -0.510745 -0.403479
v 0.590697 -0.303078 -0.376629
v 0.592287 -0.200853 -0.372672
v 0.102828 0.437750 -0.393464
v 0.335632 -0.940264 -0.404818
v -0.375761 -0.893158 -0.390214
v 0.355937 -0.896954 -0.407372
v 0.284315 -0.831876 -0.401141
v -0.132632 -0.802595 -0.403885
v -0.128855 -0.808180 -0.418289
v -0.128557 -0.805880 -0.414962
v -0.109768 -0.806917 -0.418000
v -0.097951 -0.803494 -0.414681
v 0.087658 -0.802154 -0.415023
v 0.111646 -0.806896 -0.418366
v -0.129541 -0.793765 -0.411657
v -0.099168 -0.795129 -0.418656
v 0.088856 -0.803731 -0.419778
v 0.095367 -0.796448 -0.416357
v 0.153285 -0.781079 -0.385511
v 0.076655 -0.784256 -0.406635
v -0.257895 -0.785029 -0.386281
v 0.441701 -0.785220 -0.357233
v 0.049075 -0.774410 -0.406306
v 0.062228 -0.780015 -0.406776
v -0.439475 -0.733251 -0.398072
v -0.399332 -0.648608 -0.399335
v 0.393362 -0.648089 -0.400605
v 0.396311 -0.641420 -0.400186
v -0.452337 -0.622376 -0.381528
v 0.561997 -0.444619 -0.376495
v 0.552343 -0.039639 -0.380479
v -0.466625 0.132716 -0.372599
v 0.362499 -0.926241 -0.399738
v -0.360188 -0.881832 -0.399334
v 0.352181 -0.808179 -0.389801
v -0.119956 -0.804812 -0.409554
v -0.116635 -0.802109 -0.408077
v 0.102856 -0.803034 -0.411654
v 0.302201 -0.803675 -0.390322
v -0.300370 -0.803226 -0.394261
v -0.109029 -0.797045 -0.411770
v -0.106523 -0.802677 -0.416223
v -0.109897 -0.796717 -0.417563
v 0.075673 -0.793794 -0.402890
v 0.083571 -0.798121 -0.407378
v 0.092243 -0.803279 -0.414380
v 0.104776 -0.796982 -0.417945
v 0.111108 -0.796299 -0.412691
v 0.119684 -0.796211 -0.414440
v 0.135072 -0.796694 -0.413698
v -0.105510 -0.791568 -0.410995
v -0.098785 -0.792773 -0.412743
v -0.089898 -0.790881 -0.415108
v -0.074527 -0.791315 -0.401364
v 0.020544 -0.791855 -0.407222
v 0.085121 -0.792217 -0.416280
v 0.103587 -0.791671 -0.410210
v 0.073218 -0.784931 -0.407592
v -0.199234 -0.777867 -0.401138
v 0.221532 -0.764311 -0.399581
v -0.435687 -0.702697 -0.403808
v -0.419663 -0.680153 -0.408651
v 0.538691 -0.677589 -0.407969
v 0.523489 -0.658480 -0.409403
v 0.557552 -0.654868 -0.411862
v -0.548204 -0.639568 -0.412680
v -0.537013 -0.673825 -0.408482
v -0.574783 -0.658622 -0.408100
v -0.521693 -0.647108 -0.409259
v 0.519653 -0.635667 -0.408939
v -0.574798 -0.631991 -0.407568
v -0.536773 -0.631901 -0.411564
v 0.542395 -0.628108 -0.411284
v 0.568947 -0.616772 -0.405117
v -0.591236 -0.287377 -0.380491
v 0.118605 -0.803154 -0.408172
v -0.110086 -0.803193 -0.410553
v -0.097979 -0.799421 -0.407032
v 0.087334 -0.800400 -0.407897
v 0.103703 -0.803117 -0.410036
v 0.127544 -0.794582 -0.409373
v 0.092723 -0.791513 -0.410124
v 0.449731 -0.748396 -0.385158
v 0.433385 -0.710533 -0.403858
v 0.429972 -0.687520 -0.402585
v 0.546223 -0.696720 -0.400348
v 0.568955 -0.685302 -0.402658
v -0.578648 -0.673912 -0.403909
v -0.567276 -0.689165 -0.401894
v 0.572707 -0.662500 -0.407772
v 0.580348 -0.643407 -0.406158
v -0.593899 -0.635803 -0.400248
v 0.488066 -0.659077 -0.397314
v -0.506257 -0.612702 -0.399432
v 0.511832 -0.601294 -0.397351
v -0.578585 -0.609037 -0.399823
v -0.555705 -0.605247 -0.403785
v -0.525151 -0.589827 -0.395313
v 0.542286 -0.597622 -0.400725
v 0.524887 -0.491772 -0.399998
v 0.335219 0.299230 -0.356562
v 0.173366 0.425887 -0.374951
v 0.373873 -0.874249 -0.380185
v 0.130447 -0.802258 -0.404084
v -0.104971 -0.800503 -0.404148
v -0.101104 -0.796846 -0.403605
v 0.091600 -0.797651 -0.405652
v 0.102606 -0.798791 -0.402886
v -0.125972 -0.789847 -0.403767
v -0.117507 -0.791458 -0.405982
v -0.106784 -0.790160 -0.408127
v -0.085583 -0.794608 -0.401526
v 0.079913 -0.796351 -0.403442
v 0.091861 -0.799167 -0.406726
v 0.100144 -0.798561 -0.407958
v 0.108453 -0.791938 -0.408653
v 0.107188 -0.792423 -0.404460
v 0.118909 -0.791670 -0.407450
v 0.131084 -0.790587 -0.401278
v -0.458963 -0.782329 -0.345676
v -0.088077 -0.787330 -0.406785
v 0.064003 -0.791312 -0.401469
v 0.085066 -0.787774 -0.407210
v 0.096003 -0.788689 -0.407126
v -0.076028 -0.785002 -0.407856
v -0.066026 -0.784985 -0.398984
v 0.252026 -0.780617 -0.390115
v -0.050560 -0.781114 -0.399918
v 0.040785 -0.776257 -0.400185
v -0.232864 -0.766111 -0.402661
v -0.007809 -0.759110 -0.405447
v 0.005181 -0.762704 -0.402882
v -0.440342 -0.687272 -0.400244
v -0.497860 -0.670505 -0.399400
v 0.599437 -0.654879 -0.396095
v -0.457751 -0.623847 -0.380691
v 0.599357 -0.628252 -0.394430
v -0.416527 -0.642971 -0.388331
v 0.430617 -0.639043 -0.382853
v 0.561364 -0.597748 -0.398792
v 0.458183 -0.618396 -0.379100
v 0.487603 -0.583844 -0.379785
v -0.551018 -0.503566 -0.360868
v -0.557079 -0.039594 -0.376536
v -0.387445 -0.911778 -0.381955
v 0.387265 -0.915427 -0.379992
v -0.348594 -0.859106 -0.392100
v -0.350636 -0.810347 -0.374479
v -0.121210 -0.798643 -0.396812
v -0.132485 -0.798113 -0.395252
v -0.117425 -0.799617 -0.402072
v -0.116704 -0.797781 -0.399544
v 0.118092 -0.800259 -0.400171
v -0.133208 -0.790248 -0.401738
v -0.110470 -0.793108 -0.409056
v -0.105794 -0.798488 -0.400812
v -0.097041 -0.793504 -0.398597
v 0.094749 -0.793492 -0.398652
v 0.103544 -0.798695 -0.401513
v 0.124200 -0.789919 -0.403822
v 0.138422 -0.782749 -0.389752
v -0.109586 -0.788130 -0.402241
v -0.101274 -0.788303 -0.401267
v -0.097431 -0.788017 -0.401847
v -0.090514 -0.794848 -0.401943
v -0.078189 -0.789059 -0.398964
v 0.075744 -0.789881 -0.399101
v 0.088786 -0.794497 -0.402490
v 0.094176 -0.787625 -0.402664
v 0.099276 -0.788444 -0.401216
v -0.086325 -0.784365 -0.401862
v -0.081451 -0.784263 -0.400959
v 0.063999 -0.784829 -0.398584
v 0.072947 -0.791137 -0.401964
v 0.078313 -0.783956 -0.401513
v 0.079526 -0.785240 -0.400500
v -0.069881 -0.781258 -0.400396
v -0.058721 -0.778948 -0.399578
v 0.048548 -0.780872 -0.399614
v 0.061320 -0.787383 -0.402046
v 0.065801 -0.779845 -0.401262
v 0.068225 -0.780632 -0.401607
v -0.047342 -0.775548 -0.401203
v 0.060744 -0.777128 -0.401222
v -0.035164 -0.772187 -0.400731
v -0.439697 -0.775171 -0.372416
v 0.454220 -0.717678 -0.393291
v -0.520488 -0.720198 -0.384568
v 0.450667 -0.690812 -0.396230
v 0.447246 -0.664012 -0.392683
v -0.428633 -0.668416 -0.398753
v 0.603189 -0.673888 -0.389459
v -0.597679 -0.654753 -0.398636
v 0.484524 -0.632113 -0.393268
v -0.559475 -0.589980 -0.395065
v -0.360203 0.291339 -0.340901
v 0.288139 0.342766 -0.361053
v 0.404108 -0.926157 -0.356685
v -0.393094 -0.805173 -0.365953
v 0.275187 -0.794198 -0.386401
v -0.273273 -0.792401 -0.363329
v 0.130334 -0.798972 -0.395448
v -0.129500 -0.792958 -0.405713
v -0.111110 -0.793088 -0.394847
v 0.106526 -0.793752 -0.395906
v 0.119189 -0.798733 -0.397014
v 0.131143 -0.793453 -0.405331
v -0.164174 -0.775033 -0.379500
v -0.144630 -0.786517 -0.396154
v -0.112985 -0.789455 -0.396454
v -0.090455 -0.788300 -0.397372
v 0.088562 -0.789756 -0.397480
v 0.110837 -0.790000 -0.396001
v 0.123049 -0.787668 -0.398371
v -0.074248 -0.784713 -0.397488
v 0.072389 -0.785459 -0.397531
v -0.480847 -0.705647 -0.392127
v 0.584195 -0.696122 -0.391411
v 0.561430 -0.717684 -0.383757
v -0.465151 -0.682866 -0.395290
v 0.498964 -0.705179 -0.391666
v -0.590054 -0.692909 -0.391290
v -0.509304 -0.693464 -0.396561
v -0.612354 -0.673914 -0.383372
v -0.466102 -0.648047 -0.390591
v 0.402035 -0.647015 -0.393005
v 0.422800 -0.643529 -0.384898
v -0.461626 -0.619768 -0.380471
v 0.580368 -0.596051 -0.391396
v 0.600220 -0.593460 -0.376615
v 0.530842 -0.589912 -0.395555
v -0.480773 -0.594826 -0.380678
v 0.511785 0.070462 -0.364753
v 0.446445 0.200454 -0.329299
v -0.385760 -0.929748 -0.376395
v -0.294411 -0.820763 -0.373281
v 0.406624 -0.802522 -0.358054
v -0.124073 -0.793314 -0.391469
v 0.122931 -0.794320 -0.391250
v -0.128519 -0.787488 -0.392417
v 0.126403 -0.787475 -0.392462
v -0.571021 -0.710439 -0.387620
v -0.612703 -0.651041 -0.387616
v -0.608626 -0.612982 -0.383475
v 0.468293 -0.616533 -0.380685
v -0.444891 -0.631766 -0.381416
v -0.582367 -0.585726 -0.384260
v -0.498696 -0.585918 -0.383558
v 0.494276 -0.580138 -0.377395
v 0.549872 -0.582440 -0.390518
v -0.532659 -0.574692 -0.385220
v -0.511558 -0.570081 -0.376231
v 0.493976 -0.575594 -0.379594
v -0.566473 -0.444595 -0.372674
v -0.590021 -0.098593 -0.352957
v -0.373611 -0.944480 -0.358173
v -0.348932 -0.846096 -0.376643
v -0.323695 -0.808265 -0.370979
v -0.291239 -0.803381 -0.326319
v -0.136494 -0.794006 -0.387901
v 0.134310 -0.794674 -0.388095
v -0.127556 -0.789419 -0.396842
v -0.124330 -0.789668 -0.387713
v 0.122531 -0.789783 -0.387760
v 0.134813 -0.789872 -0.397720
v 0.125212 -0.789635 -0.396563
v -0.140466 -0.784242 -0.391789
v -0.128469 -0.785231 -0.388984
v 0.126495 -0.784935 -0.389951
v -0.492190 -0.736054 -0.377780
v 0.501997 -0.740045 -0.372164
v 0.626636 -0.650993 -0.369526
v 0.455289 -0.622850 -0.378813
v -0.428804 -0.639330 -0.385161
v 0.490425 -0.583883 -0.378268
v -0.495445 -0.575675 -0.379992
v 0.538410 -0.567199 -0.376218
v -0.506603 -0.563779 -0.376195
v -0.599482 -0.346314 -0.356981
v 0.598218 -0.240230 -0.367132
v 0.390438 -0.938257 -0.357461
v -0.383415 -0.874294 -0.372351
v 0.354857 -0.836065 -0.353373
v -0.139599 -0.790189 -0.383173
v 0.130482 -0.790039 -0.386205
v -0.138600 -0.782497 -0.385204
v 0.130445 -0.785025 -0.391021
v 0.126481 -0.784331 -0.385469
v 0.130899 -0.781255 -0.386727
v -0.186247 -0.762210 -0.367032
v -0.190366 -0.758394 -0.362317
v 0.210977 -0.755585 -0.371837
v 0.591772 -0.717278 -0.368635
v -0.609028 -0.696762 -0.373835
v 0.599366 -0.700582 -0.378420
v -0.563279 -0.572467 -0.379987
v -0.497311 -0.581238 -0.380039
v 0.568900 -0.572310 -0.376165
v 0.004870 0.556527 -0.341629
v 0.371400 -0.855162 -0.364756
v 0.309440 -0.812805 -0.337638
v -0.155035 -0.787913 -0.377973
v -0.143424 -0.783640 -0.379792
v 0.137956 -0.784500 -0.382116
v -0.148150 -0.780189 -0.381623
v 0.146074 -0.779767 -0.381628
v 0.169267 -0.768593 -0.370939
v 0.158191 -0.775191 -0.377300
v -0.563338 -0.727786 -0.372432
v -0.599374 -0.715802 -0.364820
v 0.622186 -0.684389 -0.364199
v 0.617146 -0.620536 -0.376211
v -0.493784 -0.584795 -0.380668
v 0.501962 -0.572417 -0.374576
v 0.517753 -0.561446 -0.366315
v -0.524056 -0.558227 -0.364305
v 0.420614 -0.908240 -0.340819
v 0.352773 -0.810584 -0.359091
v -0.210990 -0.792068 -0.356221
v 0.173759 -0.791920 -0.371893
v 0.148975 -0.785193 -0.377611
v -0.155825 -0.780895 -0.384931
v -0.149139 -0.780895 -0.376889
v 0.147133 -0.781224 -0.376577
v 0.149545 -0.777656 -0.378173
v -0.209910 -0.753003 -0.358647
v 0.180885 -0.762451 -0.366008
v 0.457112 -0.766928 -0.368181
v -0.208520 -0.755231 -0.368179
v 0.580349 -0.726897 -0.364817
v -0.628083 -0.662430 -0.368627
v -0.505151 -0.573431 -0.376840
v 0.517358 -0.556589 -0.367426
v 0.528518 -0.553045 -0.356838
v -0.608852 -0.204824 -0.349081
v -0.061733 0.528797 -0.351097
v -0.409696 -0.904569 -0.356503
v 0.410217 -0.889399 -0.348712
v -0.368769 -0.833161 -0.333804
v -0.159436 -0.781148 -0.372793
v 0.155955 -0.776823 -0.372465
v -0.578618 -0.730709 -0.360985
v 0.608807 -0.708186 -0.361021
v 0.634049 -0.662379 -0.354274
v -0.633740 -0.639626 -0.361040
v -0.613569 -0.593885 -0.364850
v -0.559413 -0.555571 -0.357241
v -0.508362 -0.569105 -0.374293
v -0.512016 -0.565460 -0.371424
v 0.586909 -0.424951 -0.346198
v 0.479696 0.124698 -0.360809
v -0.406884 -0.932581 -0.349158
v 0.316347 -0.804174 -0.337009
v 0.302634 -0.800244 -0.337200
v -0.167778 -0.771128 -0.369785
v -0.158984 -0.774999 -0.373756
v 0.165929 -0.771770 -0.368743
v -0.515557 -0.751870 -0.353201
v 0.632900 -0.624368 -0.353407
v 0.614614 -0.597719 -0.364820
v -0.597296 -0.574891 -0.361030
v 0.536414 -0.549596 -0.349894
v -0.534188 -0.549117 -0.352693
v -0.518371 -0.556328 -0.367954
v 0.533307 -0.554404 -0.357402
v -0.521888 -0.551555 -0.366438
v 0.602181 -0.098593 -0.329388
v 0.558963 0.021281 -0.333306
v 0.161416 0.512941 -0.326514
v -0.410353 -0.915520 -0.355768
v -0.322335 -0.803774 -0.330454
v -0.301653 -0.800051 -0.340506
v 0.295634 -0.803056 -0.320775
v 0.267342 -0.787941 -0.351639
v -0.175107 -0.772482 -0.365192
v 0.176192 -0.773352 -0.363567
v 0.176524 -0.766562 -0.365166
v 0.196746 -0.754425 -0.363139
v 0.521668 -0.747580 -0.356974
v -0.619361 -0.696721 -0.360993
v -0.625445 -0.609177 -0.361029
v 0.591680 -0.564307 -0.345829
v -0.620283 -0.287348 -0.330205
v -0.120301 0.568315 -0.313288
v -0.407879 -0.847554 -0.310293
v 0.225786 -0.763079 -0.342249
v -0.231242 -0.765690 -0.342445
v 0.187407 -0.759157 -0.361540
v 0.206409 -0.751172 -0.357988
v 0.603181 -0.725668 -0.338243
v 0.565063 -0.554449 -0.349617
v -0.537542 -0.545346 -0.350869
v -0.602912 -0.421032 -0.321684
v -0.374253 -0.810048 -0.343347
v 0.356930 -0.807914 -0.327994
v 0.399218 -0.806793 -0.342943
v -0.317102 -0.803431 -0.337393
v -0.197975 -0.759264 -0.356181
v -0.203556 -0.752475 -0.358092
v 0.200853 -0.752603 -0.357458
v 0.638460 -0.650987 -0.345807
v -0.608160 -0.157591 -0.341207
v -0.466385 0.192327 -0.313609
v 0.294916 0.386335 -0.320722
v 0.183680 0.540639 -0.296757
v -0.324542 -0.810964 -0.321546
v 0.383947 -0.808676 -0.331630
v -0.440095 -0.794800 -0.327224
v 0.214566 -0.756840 -0.348906
v 0.217858 -0.759927 -0.344492
v 0.210425 -0.755440 -0.351036
v 0.564920 -0.744901 -0.334470
v -0.597624 -0.729735 -0.342094
v -0.612843 -0.715764 -0.345820
v 0.628812 -0.692912 -0.342029
v -0.636430 -0.670076 -0.349638
v -0.643732 -0.635792 -0.330660
v 0.629094 -0.605319 -0.345853
v 0.620911 -0.586289 -0.334416
v -0.539276 -0.550966 -0.352288
v -0.619896 -0.350247 -0.317738
v 0.625512 -0.271587 -0.317693
v 0.611040 -0.200874 -0.341241
v 0.581033 -0.008182 -0.317539
v 0.086981 0.545332 -0.336239
v 0.430162 -0.926253 -0.321465
v -0.407275 -0.870424 -0.341086
v 0.424902 -0.866670 -0.309087
v -0.299756 -0.796058 -0.331337
v -0.259147 -0.778769 -0.326532
v -0.274160 -0.796579 -0.321628
v -0.238449 -0.777817 -0.330258
v -0.228919 -0.768119 -0.337519
v 0.238515 -0.771689 -0.330000
v -0.224073 -0.762643 -0.340851
v -0.211001 -0.762449 -0.347886
v -0.635327 -0.685316 -0.338210
v -0.635662 -0.612957 -0.342078
v -0.615785 -0.582468 -0.345809
v 0.609344 -0.365991 -0.329545
v 0.629659 -0.169339 -0.299393
v -0.311600 -0.810948 -0.334886
v -0.294499 -0.808819 -0.337804
v 0.239072 -0.778024 -0.328476
v -0.246100 -0.783204 -0.327234
v 0.238452 -0.768750 -0.333863
v -0.515374 -0.756413 -0.342164
v 0.220377 -0.768749 -0.339854
v 0.222806 -0.763112 -0.341740
v 0.516451 -0.757884 -0.331012
v -0.582472 -0.738736 -0.338274
v 0.584223 -0.735981 -0.342073
v -0.605219 -0.569361 -0.338123
v -0.554165 -0.545696 -0.333659
v 0.542948 -0.545369 -0.340293
v 0.574410 -0.495205 -0.324853
v 0.544099 0.078346 -0.309688
v 0.436484 -0.881923 -0.305714
v -0.405323 -0.805691 -0.327621
v 0.264360 -0.792619 -0.321488
v 0.272868 -0.796851 -0.321654
v 0.297079 -0.796470 -0.329021
v 0.267507 -0.782200 -0.328068
v 0.640424 -0.670105 -0.326839
v -0.643271 -0.666277 -0.326840
v 0.639828 -0.620521 -0.323059
v -0.628055 -0.590107 -0.319196
v -0.565732 -0.540824 -0.306187
v -0.614058 -0.086737 -0.305849
v -0.449804 -0.919114 -0.297146
v 0.374571 -0.832220 -0.322042
v 0.374912 -0.820402 -0.286884
v 0.300269 -0.799846 -0.333529
v 0.441609 -0.793655 -0.330951
v -0.231913 -0.766297 -0.337388
v 0.633848 -0.605307 -0.326794
v 0.587951 -0.557571 -0.330610
v -0.589875 -0.556101 -0.319222
v 0.558577 -0.540389 -0.316773
v -0.570389 0.031131 -0.309720
v -0.293111 0.418000 -0.299167
v -0.313710 -0.809639 -0.331645
v 0.309361 -0.811017 -0.334679
v 0.314357 -0.808608 -0.329222
v 0.323845 -0.803842 -0.326218
v -0.310132 -0.800821 -0.326075
v -0.305227 -0.805517 -0.332491
v -0.302492 -0.805959 -0.322440
v 0.299041 -0.807319 -0.335947
v 0.255373 -0.775800 -0.327128
v -0.256749 -0.776313 -0.326879
v -0.240701 -0.771559 -0.331423
v -0.236126 -0.770555 -0.332929
v 0.625887 -0.704178 -0.326335
v 0.563739 -0.545957 -0.314660
v -0.584512 -0.483915 -0.317760
v 0.328536 0.394269 -0.277788
v 0.043844 0.647372 -0.291296
v -0.439635 -0.938233 -0.290559
v -0.452052 -0.893255 -0.289972
v -0.374589 -0.804860 -0.308513
v 0.319229 -0.811038 -0.324887
v -0.321867 -0.806216 -0.332463
v -0.310338 -0.809360 -0.326372
v -0.307182 -0.804979 -0.324462
v -0.315919 -0.800831 -0.331907
v -0.313965 -0.802615 -0.325073
v 0.289276 -0.799007 -0.314526
v -0.503814 -0.762555 -0.316021
v 0.257087 -0.786668 -0.320622
v -0.247803 -0.775450 -0.326359
v 0.240260 -0.771220 -0.328812
v 0.505221 -0.761061 -0.312184
v -0.628630 -0.704390 -0.307826
v 0.617804 -0.579307 -0.319210
v 0.565827 -0.545312 -0.298806
v -0.642361 -0.236243 -0.286251
v -0.527752 0.141291 -0.274374
v 0.456240 -0.929455 -0.274351
v 0.414708 -0.839267 -0.278685
v 0.403414 -0.802994 -0.308424
v -0.323850 -0.810255 -0.324187
v -0.325757 -0.806221 -0.328574
v 0.330979 -0.804891 -0.322669
v -0.307915 -0.806500 -0.323860
v 0.305525 -0.806706 -0.323500
v 0.312020 -0.800789 -0.325911
v 0.313508 -0.807149 -0.317008
v 0.315524 -0.801192 -0.317902
v -0.298776 -0.795916 -0.326791
v 0.296486 -0.802218 -0.314587
v 0.296768 -0.795831 -0.326471
v -0.255293 -0.786632 -0.324336
v -0.262356 -0.781385 -0.325874
v -0.250608 -0.781059 -0.323716
v 0.244756 -0.775392 -0.326184
v 0.246672 -0.775964 -0.324734
v 0.580267 -0.742455 -0.315157
v -0.601411 -0.732165 -0.315445
v -0.618868 -0.715784 -0.326789
v 0.606503 -0.726786 -0.315393
v 0.623667 -0.708216 -0.304153
v 0.633296 -0.692311 -0.307812
v 0.643452 -0.651050 -0.319203
v 0.506989 0.145264 -0.301827
v 0.361727 0.377807 -0.250368
v 0.090516 0.742144 -0.225783
v -0.438682 -0.867173 -0.290125
v 0.326965 -0.811027 -0.317112
v -0.329573 -0.806127 -0.324711
v -0.311322 -0.804886 -0.320564
v -0.323093 -0.799901 -0.319528
v -0.297698 -0.800369 -0.320576
v -0.315916 -0.796825 -0.316236
v -0.302594 -0.796241 -0.322500
v -0.301238 -0.795821 -0.325589
v -0.296120 -0.803020 -0.323753
v -0.289118 -0.798603 -0.316562
v -0.292334 -0.791632 -0.322775
v 0.276301 -0.786756 -0.322262
v 0.294105 -0.791806 -0.319291
v -0.271615 -0.781229 -0.314178
v -0.256239 -0.780805 -0.321086
v 0.252716 -0.782242 -0.320288
v 0.263919 -0.781364 -0.322013
v 0.260360 -0.779761 -0.321774
v 0.249981 -0.775018 -0.323183
v 0.257949 -0.776540 -0.322211
v -0.616174 -0.719076 -0.304040
v -0.608994 -0.568963 -0.315427
v -0.198673 0.524813 -0.298459
v -0.093893 -0.950707 -0.220629
v -0.331553 -0.800819 -0.316208
v 0.326148 -0.808577 -0.317439
v 0.380211 -0.800341 -0.293059
v -0.333405 -0.806290 -0.321243
v -0.322131 -0.809298 -0.314566
v -0.315267 -0.804831 -0.316691
v -0.321799 -0.801008 -0.314317
v -0.315823 -0.806223 -0.316163
v -0.317785 -0.802521 -0.320729
v -0.301921 -0.800356 -0.316722
v 0.298730 -0.800399 -0.317634
v 0.331129 -0.799510 -0.302685
v -0.306106 -0.798234 -0.320455
v -0.298570 -0.802169 -0.314564
v 0.303833 -0.795422 -0.320450
v 0.304396 -0.796368 -0.318512
v 0.430400 -0.794271 -0.300759
v -0.304164 -0.792921 -0.316091
v -0.294604 -0.791937 -0.318775
v 0.275136 -0.794198 -0.317358
v 0.288940 -0.793209 -0.306135
v -0.296417 -0.788755 -0.311868
v -0.290420 -0.787881 -0.314077
v -0.281310 -0.795618 -0.320251
v 0.278978 -0.795881 -0.320061
v -0.273433 -0.790612 -0.320671
v -0.266681 -0.789868 -0.317608
v -0.272667 -0.783105 -0.323727
v -0.278768 -0.788709 -0.308659
v -0.270555 -0.785770 -0.311132
v 0.275628 -0.789910 -0.315733
v 0.277742 -0.784277 -0.316443
v 0.286173 -0.785776 -0.305945
v 0.257900 -0.780913 -0.317456
v 0.268911 -0.781726 -0.313511
v -0.639449 -0.612909 -0.307799
v 0.636451 -0.616731 -0.292587
v -0.565436 -0.544366 -0.310247
v -0.610415 -0.444583 -0.290356
v -0.627976 -0.389550 -0.282445
v -0.321599 -0.802587 -0.317100
v -0.308727 -0.803022 -0.310335
v -0.305955 -0.800263 -0.312793
v 0.302571 -0.800364 -0.314074
v 0.321065 -0.806760 -0.307875
v -0.432457 -0.794768 -0.304602
v -0.314418 -0.796432 -0.310844
v -0.304288 -0.802302 -0.316347
v -0.293785 -0.796468 -0.312682
v 0.306127 -0.802387 -0.312407
v 0.306513 -0.798087 -0.318058
v -0.297340 -0.791957 -0.317729
v -0.296881 -0.798392 -0.311492
v -0.296021 -0.797019 -0.305280
v 0.296801 -0.791999 -0.314784
v -0.296488 -0.789980 -0.305802
v -0.286983 -0.794098 -0.306287
v 0.279097 -0.788431 -0.306907
v 0.287267 -0.794117 -0.312195
v 0.288957 -0.788497 -0.309943
v 0.290438 -0.788484 -0.316107
v -0.287663 -0.784570 -0.306902
v -0.277117 -0.787310 -0.312348
v 0.267202 -0.785208 -0.312141
v 0.275249 -0.786135 -0.308067
v 0.290233 -0.789014 -0.312181
v 0.564783 -0.755298 -0.259539
v -0.641332 -0.677701 -0.311619
v -0.624283 -0.586007 -0.303963
v 0.606753 -0.571056 -0.292472
v 0.587868 -0.555778 -0.307732
v 0.602587 -0.472092 -0.282521
v 0.231782 0.556251 -0.249560
v 0.450654 -0.946355 -0.220323
v -0.325437 -0.802604 -0.313714
v 0.306489 -0.800356 -0.310159
v 0.315496 -0.803039 -0.301244
v -0.323774 -0.796568 -0.308323
v -0.309841 -0.800225 -0.308922
v -0.313875 -0.798097 -0.312290
v 0.294706 -0.796407 -0.309528
v 0.314270 -0.798267 -0.310304
v 0.320050 -0.796155 -0.302860
v -0.309358 -0.795845 -0.297430
v -0.301733 -0.792273 -0.311143
v -0.292785 -0.792215 -0.304162
v 0.295479 -0.798081 -0.310477
v 0.297245 -0.792614 -0.310149
v 0.304505 -0.792220 -0.306868
v -0.504275 -0.758407 -0.291558
v -0.563092 -0.750447 -0.295209
v -0.644667 -0.651051 -0.300187
v -0.644335 -0.631973 -0.307838
v 0.624377 -0.590082 -0.296324
v 0.653803 -0.283364 -0.250881
v -0.635317 -0.126085 -0.278336
v -0.061502 0.686866 -0.267187
v -0.333072 -0.806277 -0.297408
v -0.329312 -0.800723 -0.310626
v -0.322403 -0.806067 -0.303078
v -0.313559 -0.800212 -0.304991
v 0.310391 -0.800382 -0.306248
v 0.326382 -0.805206 -0.309600
v -0.316013 -0.802299 -0.304631
v -0.309329 -0.801624 -0.302336
v 0.298647 -0.796404 -0.305776
v 0.304358 -0.802107 -0.306731
v -0.315780 -0.792924 -0.304491
v -0.296841 -0.792626 -0.303882
v -0.476576 -0.763728 -0.275813
v -0.295142 -0.790610 -0.307180
v -0.286636 -0.789626 -0.302116
v 0.287047 -0.793068 -0.305409
v 0.482494 -0.762616 -0.279584
v -0.577719 -0.746168 -0.271944
v -0.639495 -0.658635 -0.281260
v 0.574402 -0.552899 -0.268611
v -0.572785 -0.549129 -0.283255
v 0.621001 -0.031742 -0.254695
v 0.618211 -0.086756 -0.294040
v -0.567645 0.082285 -0.266487
v -0.006900 0.694795 -0.269862
v -0.440809 -0.946146 -0.247930
v 0.446551 -0.940580 -0.267213
v -0.459205 -0.908212 -0.282057
v 0.335261 -0.808798 -0.295027
v -0.331997 -0.805691 -0.305346
v -0.317370 -0.800306 -0.301088
v -0.322404 -0.796120 -0.303168
v -0.319916 -0.795780 -0.306271
v 0.302514 -0.796461 -0.302075
v 0.313872 -0.802456 -0.304513
v 0.319404 -0.795784 -0.305274
v -0.436317 -0.789271 -0.293274
v 0.639793 -0.658676 -0.288807
v -0.627490 -0.593959 -0.292617
v -0.593749 -0.559290 -0.300130
v -0.573130 -0.549322 -0.290944
v -0.642493 -0.310901 -0.278433
v 0.645372 -0.240205 -0.275068
v -0.326225 -0.806163 -0.299055
v -0.322834 -0.802927 -0.296690
v 0.318972 -0.803063 -0.297376
v -0.328527 -0.794860 -0.298227
v -0.325496 -0.798276 -0.301821
v -0.318218 -0.802360 -0.294870
v 0.306454 -0.796544 -0.298057
v 0.314572 -0.800317 -0.291107
v 0.322844 -0.798297 -0.302508
v 0.324348 -0.795706 -0.299952
v -0.322430 -0.791569 -0.292552
v -0.318744 -0.791828 -0.295089
v 0.302077 -0.792146 -0.304476
v 0.303577 -0.798370 -0.300272
v 0.310907 -0.794416 -0.302439
v 0.316221 -0.791858 -0.295145
v 0.304312 -0.789285 -0.300383
v 0.590288 -0.731690 -0.256775
v -0.630579 -0.689113 -0.281271
v 0.625495 -0.699718 -0.288890
v -0.639280 -0.628205 -0.285027
v -0.605116 -0.576618 -0.273465
v 0.591736 -0.562077 -0.284813
v 0.571624 -0.550893 -0.288603
v -0.619951 -0.027801 -0.258656
v 0.153119 0.678982 -0.230634
v 0.463738 -0.908410 -0.270272
v -0.435171 -0.850883 -0.270713
v 0.391734 -0.793322 -0.277685
v -0.312840 -0.796388 -0.293263
v 0.310295 -0.796524 -0.293940
v -0.311601 -0.798618 -0.296801
v -0.310872 -0.793602 -0.302232
v -0.317553 -0.794288 -0.297806
v -0.304904 -0.796951 -0.296849
v -0.303515 -0.792614 -0.297143
v 0.300403 -0.794217 -0.294693
v 0.309535 -0.798853 -0.296295
v -0.311286 -0.788832 -0.297072
v 0.303116 -0.789218 -0.294935
v 0.438126 -0.782710 -0.281740
v 0.470284 -0.764940 -0.276494
v -0.599881 -0.499575 -0.266905
v 0.629050 -0.413095 -0.258938
v 0.629594 -0.369885 -0.283733
v 0.420954 0.303178 -0.246630
v -0.397629 -0.794469 -0.281581
v -0.316266 -0.798631 -0.289425
v 0.321806 -0.790709 -0.291447
v -0.322305 -0.786734 -0.279152
v 0.297542 -0.788652 -0.293125
v 0.298914 -0.793006 -0.292411
v 0.306031 -0.793231 -0.294077
v 0.305961 -0.788050 -0.295959
v 0.299912 -0.785894 -0.293007
v 0.541447 -0.759691 -0.278645
v 0.637539 -0.639639 -0.280902
v 0.626988 -0.605286 -0.277347
v -0.574951 -0.557190 -0.268352
v -0.653975 -0.169322 -0.246989
v 0.578160 0.062612 -0.262533
v -0.481830 -0.926158 -0.227185
v 0.458220 -0.878104 -0.262558
v -0.419991 -0.828356 -0.239497
v -0.317005 -0.794097 -0.277491
v -0.307554 -0.788704 -0.295550
v -0.319934 -0.795563 -0.281567
v -0.306139 -0.794123 -0.287556
v -0.327316 -0.787431 -0.280831
v -0.301982 -0.789652 -0.286927
v 0.301115 -0.790595 -0.285346
v 0.321434 -0.783674 -0.274255
v -0.305996 -0.784789 -0.287325
v -0.547305 -0.759083 -0.274701
v -0.516511 -0.761961 -0.278191
v 0.467207 -0.919145 -0.261381
v -0.378335 -0.792228 -0.273709
v 0.318160 -0.795902 -0.280963
v -0.306511 -0.788781 -0.281300
v 0.322625 -0.788593 -0.282929
v 0.450707 -0.767087 -0.264476
v -0.593870 -0.713289 -0.221456
v -0.587564 0.058667 -0.250791
v -0.482177 0.237280 -0.231038
v 0.503814 0.192563 -0.249183
v 0.462801 -0.855236 -0.215583
v 0.314248 -0.789929 -0.270205
v -0.323643 -0.783018 -0.273079
v 0.490905 -0.786200 -0.238690
v -0.558472 -0.758654 -0.263140
v 0.632187 -0.658672 -0.269836
v -0.618196 -0.597654 -0.265962
v -0.472040 -0.893310 -0.250719
v 0.364606 -0.778900 -0.250409
v 0.419894 -0.767496 -0.244618
v -0.331324 -0.779174 -0.261344
v 0.325571 -0.778654 -0.262885
v 0.312790 -0.790331 -0.277714
v 0.313669 -0.784348 -0.280500
v 0.307556 -0.783796 -0.276883
v -0.433350 -0.768131 -0.252869
v 0.596086 -0.574178 -0.265853
v 0.573749 -0.557510 -0.268877
v 0.572783 -0.553969 -0.276293
v -0.576311 -0.552850 -0.267863
v -0.591234 -0.531037 -0.251308
v -0.663841 -0.232276 -0.231231
v -0.643508 -0.098531 -0.246904
v -0.387690 0.358761 -0.234895
v 0.028174 0.746072 -0.240093
v 0.418021 -0.826351 -0.231663
v -0.316151 -0.789702 -0.270032
v -0.316169 -0.784167 -0.279443
v -0.320243 -0.791244 -0.273729
v -0.307959 -0.785874 -0.273857
v 0.309939 -0.786364 -0.269688
v 0.318006 -0.791813 -0.273048
v -0.313739 -0.781408 -0.271194
v 0.319510 -0.779648 -0.262814
v -0.512100 -0.786263 -0.234869
v 0.600295 -0.697620 -0.233920
v -0.630776 -0.673827 -0.269900
v 0.597711 -0.506541 -0.259064
v 0.573596 -0.561011 -0.260712
v -0.652101 -0.354058 -0.235254
v 0.644388 -0.055306 -0.211544
v 0.608428 0.007554 -0.250836
v 0.539253 0.151602 -0.235039
v 0.318501 -0.792114 -0.266655
v -0.324016 -0.787664 -0.256281
v 0.315169 -0.789433 -0.266776
v 0.459501 -0.766494 -0.263190
v 0.579507 -0.562894 -0.265989
v -0.108274 0.702680 -0.242494
v 0.439388 -0.949991 -0.137653
v 0.476900 -0.938367 -0.207981
v 0.318344 -0.786446 -0.259407
v -0.326142 -0.777938 -0.261148
v -0.453610 -0.767433 -0.259261
v -0.489149 -0.785629 -0.238482
v -0.569353 -0.756124 -0.239922
v -0.628113 -0.643359 -0.258480
v 0.620799 -0.616693 -0.258418
v -0.624254 -0.620519 -0.258395
v 0.606907 -0.597589 -0.253608
v -0.576266 -0.564908 -0.257408
v -0.576560 -0.556248 -0.260592
v 0.657153 -0.141797 -0.223370
v 0.568844 0.117704 -0.215406
v 0.262436 0.572283 -0.202730
v -0.337894 -0.766983 -0.237467
v 0.319440 -0.781485 -0.266448
v 0.315263 -0.781057 -0.259975
v 0.320307 -0.776392 -0.260878
v -0.586378 -0.735926 -0.240692
v 0.626014 -0.639507 -0.259181
v -0.593625 -0.586185 -0.248711
v -0.651677 -0.448384 -0.152438
v -0.049661 0.769714 -0.222921
v -0.320095 -0.781923 -0.256041
v 0.321516 -0.782555 -0.250718
v 0.328414 -0.774610 -0.253877
v 0.439365 -0.767611 -0.256133
v 0.578691 -0.743964 -0.224608
v -0.601111 -0.701423 -0.233840
v -0.607232 -0.605210 -0.246954
v 0.658104 -0.357923 -0.207702
v -0.443252 -0.840139 -0.227562
v -0.360556 -0.798000 -0.215669
v -0.374850 -0.758727 -0.221979
v -0.327900 -0.778118 -0.241619
v 0.335582 -0.792291 -0.242872
v -0.330707 -0.774306 -0.253088
v -0.323119 -0.775091 -0.252443
v -0.418514 -0.767217 -0.239955
v 0.603031 -0.651470 -0.230922
v 0.586872 -0.578814 -0.251063
v 0.575131 -0.568633 -0.252348
v -0.527834 0.200432 -0.187875
v -0.300410 0.524837 -0.195092
v -0.325631 -0.775294 -0.247286
v -0.324287 -0.776028 -0.249116
v 0.325247 -0.771624 -0.243751
v 0.408644 -0.766220 -0.236481
v 0.571199 -0.584906 -0.234475
v 0.659351 -0.401193 -0.168235
v 0.531558 0.180893 -0.207806
v -0.202112 0.663181 -0.203920
v 0.055373 0.781710 -0.213603
v 0.489291 -0.942000 -0.149101
v -0.474789 -0.936758 -0.223648
v -0.486457 -0.915572 -0.223200
v -0.473059 -0.870529 -0.223323
v 0.467790 -0.786169 -0.234538
v 0.327228 -0.772337 -0.240228
v 0.331949 -0.768420 -0.241382
v 0.586070 -0.728810 -0.216973
v -0.605631 -0.655285 -0.230843
v 0.664819 -0.244100 -0.223393
v -0.631726 -0.008153 -0.211543
v -0.582056 0.117696 -0.184027
v 0.496637 -0.929760 -0.176249
v 0.491928 -0.897034 -0.199619
v 0.382200 -0.799497 -0.164622
v -0.438827 -0.787674 -0.215105
v -0.341895 -0.762576 -0.228597
v -0.329457 -0.771716 -0.240911
v 0.335200 -0.765083 -0.233302
v 0.528940 -0.796646 -0.188190
v -0.565167 -0.603756 -0.213886
v -0.573701 -0.585699 -0.235298
v 0.479810 -0.874354 -0.207590
v 0.457473 -0.839543 -0.184267
v 0.502356 -0.792962 -0.223130
v -0.390768 -0.762167 -0.224767
v -0.348828 -0.756076 -0.216799
v 0.566632 -0.594115 -0.221348
v -0.573087 -0.581156 -0.237935
v -0.572269 -0.579205 -0.233472
v 0.600935 -0.542692 -0.172032
v 0.616997 0.031140 -0.203671
v 0.642460 -0.023849 -0.187991
v -0.002950 0.797306 -0.211632
v -0.519526 -0.800511 -0.188155
v 0.332343 -0.768477 -0.231322
v 0.392698 -0.762846 -0.229055
v -0.577872 -0.629149 -0.206344
v 0.570339 -0.579262 -0.232381
v 0.397718 0.367411 -0.203320
v -0.538565 -0.791634 -0.192147
v 0.369141 -0.756246 -0.217620
v 0.558804 -0.778332 -0.180431
v 0.562806 -0.599783 -0.209357
v -0.565891 -0.595464 -0.217211
v -0.606539 -0.530849 -0.180153
v -0.441460 -0.949991 -0.129741
v -0.493259 -0.878213 -0.180067
v -0.465890 -0.794784 -0.215188
v 0.440613 -0.793885 -0.203594
v 0.338418 -0.763695 -0.225065
v -0.340315 -0.763522 -0.224900
v -0.595617 -0.694271 -0.213831
v 0.567465 -0.587982 -0.225173
v -0.663146 -0.110299 -0.195836
v -0.135419 0.748428 -0.198137
v -0.488921 -0.799644 -0.207547
v 0.483046 -0.803235 -0.195957
v -0.357259 -0.782977 -0.195343
v -0.343931 -0.759933 -0.220157
v 0.346976 -0.756127 -0.216074
v 0.591281 -0.709634 -0.213479
v 0.593178 -0.678945 -0.210004
v 0.646602 -0.487779 -0.113114
v -0.675749 -0.287243 -0.188001
v -0.671013 -0.169359 -0.195849
v 0.506103 -0.915549 -0.160341
v -0.579181 -0.763761 -0.152562
v 0.369913 -0.755831 -0.212856
v 0.351204 -0.753154 -0.213615
v -0.580408 -0.744208 -0.208659
v -0.591623 -0.675364 -0.202018
v 0.666276 -0.102456 -0.172261
v -0.433262 0.330859 -0.187678
v 0.308326 0.564365 -0.132353
v 0.145106 0.734240 -0.199627
v -0.072935 0.820934 -0.182080
v -0.034008 0.840538 -0.179456
v -0.497241 -0.900829 -0.191767
v -0.424259 -0.818346 -0.180583
v 0.366480 -0.772331 -0.168416
v 0.583125 -0.652358 -0.194053
v 0.359363 -0.758754 -0.190910
v -0.363235 -0.754485 -0.199847
v 0.361194 -0.754258 -0.198396
v -0.357792 -0.751162 -0.208446
v -0.361214 -0.758896 -0.190834
v 0.355521 -0.751192 -0.208307
v -0.561002 -0.608349 -0.206410
v -0.678875 -0.330514 -0.156542
v -0.619916 0.050835 -0.172273
v -0.371413 0.421351 -0.187522
v 0.016429 0.844464 -0.178798
v -0.471014 -0.847285 -0.176317
v -0.446506 -0.797728 -0.194972
v -0.365221 -0.766033 -0.178858
v 0.559019 -0.607608 -0.193537
v -0.687226 -0.255837 -0.148668
v -0.487683 -0.943434 -0.149159
v 0.372723 -0.782019 -0.151367
v -0.396051 -0.780455 -0.180373
v 0.364494 -0.762732 -0.180256
v 0.588890 -0.717873 -0.176710
v 0.674198 -0.322581 -0.172257
v 0.672443 -0.181194 -0.187985
v 0.383495 0.414015 -0.167947
v 0.298246 0.552485 -0.167185
v 0.098044 0.809134 -0.177310
v -0.505451 -0.915562 -0.168129
v -0.473574 -0.806249 -0.180383
v 0.509906 -0.805291 -0.175300
v 0.581249 -0.744559 -0.180554
v -0.589043 -0.721573 -0.184825
v -0.590967 -0.702591 -0.176870
v -0.574528 -0.641242 -0.190680
v 0.680483 -0.259781 -0.168356
v -0.659215 -0.039584 -0.148714
v 0.164611 0.746928 -0.174693
v 0.480718 -0.851362 -0.152677
v -0.504325 -0.808274 -0.164810
v 0.475363 -0.808269 -0.168760
v 0.405672 -0.787536 -0.172707
v -0.369280 -0.766227 -0.173330
v -0.556958 -0.619188 -0.190655
v 0.679379 -0.153634 -0.148714
v 0.070804 0.828785 -0.176252
v 0.502568 -0.893269 -0.164329
v -0.471048 -0.832204 -0.109509
v -0.371541 -0.775864 -0.159479
v -0.585534 -0.672197 -0.177496
v -0.555407 -0.617499 -0.177236
v 0.557732 -0.611733 -0.181359
v 0.562781 0.161803 -0.152603
v -0.503163 -0.937223 -0.133152
v 0.432805 -0.800207 -0.161076
v -0.527326 -0.804551 -0.152985
v -0.427162 -0.797743 -0.164922
v 0.649939 -0.008152 -0.136911
v 0.470266 0.299195 -0.144613
v -0.327937 0.506351 -0.167739
v 0.215384 0.718477 -0.136454
v 0.589133 -0.679581 -0.164608
v 0.570420 -0.633621 -0.177611
v -0.569364 -0.645421 -0.169951
v -0.552328 -0.623381 -0.178720
v -0.554660 -0.624857 -0.182481
v 0.594803 0.098045 -0.172258
v 0.186174 0.757897 -0.139628
v -0.127407 0.803712 -0.162763
v -0.476587 -0.947210 -0.129659
v 0.368033 -0.766891 -0.169515
v 0.676997 -0.361973 -0.132932
v -0.691205 -0.295149 -0.117238
v -0.675536 -0.118178 -0.152640
v 0.536693 -0.801266 -0.145091
v -0.380581 -0.785523 -0.139396
v -0.374887 -0.781595 -0.151775
v -0.374501 -0.770008 -0.164084
v -0.552441 -0.623453 -0.173498
v -0.193589 0.742099 -0.147474
v 0.118474 0.828779 -0.147069
v -0.517816 -0.908194 -0.121019
v -0.401165 -0.800767 -0.117398
v -0.561840 -0.790332 -0.125237
v 0.369563 -0.775908 -0.159317
v 0.370530 -0.770684 -0.159732
v -0.597265 -0.717984 -0.148129
v 0.593884 -0.710305 -0.156260
v 0.582289 -0.652674 -0.156459
v -0.553352 -0.630773 -0.165271
v -0.554322 -0.631026 -0.151907
v 0.563831 -0.620074 -0.148364
v 0.617859 0.066539 -0.144789
v 0.405634 -0.789665 -0.153276
v -0.588593 -0.680022 -0.164840
v -0.690570 -0.212650 -0.128537
v -0.240875 0.670287 -0.147331
v 0.024170 0.895365 -0.133097
v -0.450353 -0.805480 -0.157154
v -0.378394 -0.773817 -0.152040
v 0.660468 -0.444539 -0.117092
v 0.669799 -0.067075 -0.121224
v -0.598399 0.109848 -0.140873
v -0.076653 0.875849 -0.133559
v -0.003003 0.888003 -0.143288
v 0.500485 -0.937967 -0.133155
v -0.508438 -0.881929 -0.132888
v -0.489013 -0.811205 -0.137587
v 0.510006 -0.809863 -0.137533
v 0.377703 -0.785338 -0.140654
v 0.389464 -0.795028 -0.121195
v -0.382223 -0.777184 -0.140687
v 0.375846 -0.774737 -0.148275
v -0.599597 -0.687454 -0.139666
v -0.580712 -0.659766 -0.152763
v -0.558991 -0.637646 -0.148830
v -0.541142 0.216214 -0.097617
v 0.140859 0.818863 -0.135458
v -0.099927 0.866322 -0.127437
v 0.082367 0.873492 -0.131268
v 0.486190 -0.946432 -0.098040
v -0.502441 -0.854525 -0.077942
v 0.476546 -0.836069 -0.101602
v 0.479381 -0.810534 -0.122005
v -0.389803 -0.790981 -0.120142
v 0.379587 -0.774557 -0.152602
v -0.604547 -0.745159 -0.116200
v 0.608432 -0.721412 -0.123694
v 0.603100 -0.690965 -0.135551
v -0.571266 -0.631582 -0.119593
v -0.644771 -0.483802 -0.132689
v -0.655856 -0.000286 -0.097657
v -0.033958 0.888071 -0.138930
v 0.517897 -0.911956 -0.113190
v 0.598418 -0.652709 -0.126770
v 0.689767 -0.279381 -0.121180
v -0.629237 0.054743 -0.125149
v -0.381100 0.449648 -0.120872
v 0.242819 0.694775 -0.112520
v -0.135016 0.840581 -0.121708
v 0.055136 0.887963 -0.131199
v 0.453623 -0.821174 -0.093830
v 0.378376 -0.781048 -0.136934
v -0.592819 -0.664767 -0.135297
v 0.695537 -0.259775 -0.089736
v -0.413899 -0.950632 0.008504
v -0.517891 -0.926303 -0.105424
v 0.514503 -0.922623 -0.121068
v 0.514094 -0.878112 -0.089645
v -0.392810 -0.796029 -0.121548
v -0.395007 -0.783218 -0.125339
v 0.387725 -0.792667 -0.124575
v -0.386916 -0.781450 -0.139884
v -0.380879 -0.780394 -0.136746
v 0.384870 -0.781043 -0.139476
v 0.381833 -0.780730 -0.132469
v -0.597522 -0.656919 -0.124904
v -0.568809 -0.637228 -0.127759
v -0.166346 0.805756 -0.120576
v -0.455741 -0.820259 -0.082036
v -0.535139 -0.804551 -0.121742
v -0.431220 -0.798620 -0.106575
v 0.388494 -0.780514 -0.129377
v 0.598598 -0.755792 -0.112513
v -0.607844 -0.717718 -0.127663
v 0.578310 -0.619875 -0.119000
v 0.591907 -0.608010 -0.099842
v -0.628161 -0.542822 -0.101281
v -0.669394 -0.428845 -0.105349
v 0.515418 0.243863 -0.121154
v 0.400821 0.406086 -0.136593
v 0.340351 0.520871 -0.112937
v 0.122320 0.856266 -0.115835
v -0.384738 -0.784627 -0.128043
v -0.385228 -0.780538 -0.132784
v -0.677974 -0.086728 -0.109431
v -0.225798 0.726327 -0.112474
v -0.045581 0.916269 -0.100099
v 0.428297 -0.798238 -0.114263
v 0.603112 -0.765980 -0.081506
v 0.381414 -0.785129 -0.129532
v 0.614483 -0.555453 -0.120807
v 0.605901 0.109808 -0.089823
v 0.463060 0.326885 -0.097532
v -0.446862 0.358553 -0.081766
v -0.010658 0.914792 -0.111704
v 0.394267 -0.784689 -0.125893
v 0.392413 -0.781707 -0.117387
v -0.390413 -0.780515 -0.121607
v -0.624703 -0.717226 -0.107176
v -0.629002 -0.690361 -0.109993
v -0.588548 -0.614207 -0.099996
v 0.690709 -0.173306 -0.097615
v 0.568243 0.164961 -0.121245
v 0.525702 -0.805952 -0.094566
v -0.397969 -0.783946 -0.109862
v -0.392471 -0.784527 -0.113256
v -0.395844 -0.785477 -0.121072
v 0.619161 -0.667593 -0.115016
v -0.686716 -0.133894 -0.105497
v 0.269915 0.682933 -0.046207
v 0.161946 0.828791 -0.096530
v -0.076550 0.903748 -0.100115
v 0.066702 0.902106 -0.107907
v 0.522651 -0.904534 -0.085697
v 0.456137 -0.804050 -0.094775
v -0.395776 -0.796315 -0.112431
v -0.390321 -0.789811 -0.112062
v 0.386875 -0.790517 -0.117257
v 0.397117 -0.784303 -0.110245
v -0.389157 -0.784212 -0.114431
v 0.386373 -0.788918 -0.116473
v 0.385941 -0.782322 -0.116549
v 0.620005 -0.640528 -0.107092
v -0.597749 -0.603378 -0.092364
v 0.635438 -0.531009 -0.081748
v -0.682805 -0.373781 -0.101504
v 0.661959 -0.012070 -0.062300
v 0.637397 0.042716 -0.097657
v 0.207343 0.761846 -0.100641
v 0.031859 0.914264 -0.107844
v 0.478638 -0.948586 -0.019139
v -0.512355 -0.808924 -0.098487
v -0.403636 -0.786065 -0.107008
v 0.389193 -0.790186 -0.109522
v 0.400175 -0.782147 -0.090924
v 0.387258 -0.784925 -0.109652
v 0.643117 -0.697598 -0.098865
v -0.621855 -0.656094 -0.110522
v -0.614600 -0.636902 -0.105950
v -0.585714 -0.621066 -0.102918
v -0.115192 0.887420 -0.084673
v -0.511979 -0.866701 -0.073961
v 0.514205 -0.805466 -0.079143
v -0.566484 -0.790569 -0.070964
v -0.405058 -0.789739 -0.110384
v 0.391647 -0.791555 -0.108950
v 0.395332 -0.782339 -0.101927
v 0.390920 -0.780942 -0.105611
v -0.624761 -0.739668 -0.092107
v 0.618684 -0.744551 -0.093100
v 0.647073 -0.720425 -0.086047
v -0.649661 -0.670686 -0.100935
v 0.693498 -0.326548 -0.058305
v -0.610399 0.105843 -0.085854
v -0.193587 0.797318 -0.083732
v 0.512492 -0.939134 -0.050556
v -0.481450 -0.806441 -0.083091
v 0.429004 -0.792654 -0.079238
v 0.564303 -0.790901 -0.074756
v -0.395957 -0.785287 -0.097580
v 0.397717 -0.784938 -0.105376
v 0.671475 -0.647409 -0.094776
v -0.665819 -0.632249 -0.094890
v 0.600260 -0.609827 -0.096047
v -0.700998 -0.224448 -0.058317
v 0.441716 0.362531 -0.085690
v -0.345700 0.528757 -0.085492
v 0.097729 0.901549 -0.080737
v 0.519132 -0.929657 -0.077896
v -0.524477 -0.893270 -0.070061
v 0.503759 -0.851677 -0.030788
v -0.396650 -0.789709 -0.086335
v 0.391112 -0.790134 -0.101730
v 0.390163 -0.784866 -0.099851
v -0.653278 -0.701286 -0.092843
v -0.594270 -0.613693 -0.094838
v -0.698522 -0.271542 -0.077998
v 0.699362 -0.216585 -0.050435
v -0.681125 -0.074964 -0.062279
v 0.676112 -0.063147 -0.066195
v 0.396741 0.434387 -0.089529
v 0.239033 0.722887 -0.081266
v -0.499907 -0.945139 -0.042741
v 0.524879 -0.919099 -0.066074
v -0.528971 -0.919209 -0.042560
v -0.535500 -0.802409 -0.079041
v 0.390953 -0.784865 -0.094013
v 0.394459 -0.781020 -0.089559
v -0.653121 -0.724163 -0.079908
v 0.686617 -0.666448 -0.087762
v -0.688624 -0.643627 -0.087788
v 0.663816 -0.620715 -0.091855
v -0.602337 -0.604419 -0.087908
v 0.644657 -0.605553 -0.088991
v 0.602314 -0.592849 -0.089053
v -0.612435 -0.583417 -0.078609
v -0.573658 0.172840 -0.066190
v -0.177513 0.828369 -0.069326
v -0.037744 0.929021 -0.080723
v 0.480742 -0.833959 -0.062284
v -0.400939 -0.783770 -0.094020
v 0.395332 -0.791603 -0.093314
v -0.624932 -0.754642 -0.069269
v 0.686633 -0.647484 -0.088133
v -0.669587 -0.620749 -0.090441
v 0.598395 -0.599732 -0.091928
v 0.609838 -0.588638 -0.079987
v -0.661874 -0.472090 -0.070059
v 0.070666 0.918646 -0.077514
v 0.035694 0.930626 -0.077550
v 0.475585 -0.802702 -0.071484
v -0.609450 -0.766449 -0.062290
v -0.407331 -0.780030 -0.071165
v 0.394273 -0.790683 -0.089990
v 0.402566 -0.785162 -0.089251
v 0.634288 -0.743368 -0.075677
v 0.701790 -0.681829 -0.073672
v -0.684923 -0.681754 -0.085973
v -0.669516 -0.601764 -0.081426
v -0.646722 -0.597895 -0.084040
v 0.612545 -0.579652 -0.077457
v -0.687988 -0.381678 -0.042580
v -0.696101 -0.318698 -0.062243
v 0.570600 0.176776 -0.050475
v 0.008644 0.938041 -0.069092
v -0.500885 -0.804923 -0.071428
v -0.458237 -0.796062 -0.059927
v 0.393417 -0.785495 -0.084656
v 0.393813 -0.783661 -0.086845
v -0.703831 -0.632176 -0.074642
v 0.693802 -0.616978 -0.075212
v -0.614591 -0.589219 -0.076615
v 0.538487 0.223230 -0.070117
v -0.238407 0.742080 -0.050088
v 0.125046 0.887706 -0.065243
v -0.415724 -0.800829 -0.038702
v -0.398910 -0.791626 -0.077737
v 0.404863 -0.778654 -0.067964
v -0.396555 -0.783811 -0.082943
v 0.399590 -0.778618 -0.075539
v -0.710675 -0.666557 -0.070890
v 0.714356 -0.639913 -0.064093
v -0.688579 -0.605573 -0.073821
v 0.644551 -0.585849 -0.075563
v 0.678942 -0.587415 -0.064101
v -0.609746 -0.591306 -0.079879
v -0.639152 -0.582037 -0.072206
v 0.699482 -0.193024 -0.019056
v -0.632697 0.066535 -0.062303
v 0.400427 0.441428 -0.038599
v 0.196915 0.805176 -0.053829
v -0.138677 0.876362 -0.065343
v -0.057120 0.934176 -0.053600
v 0.395005 -0.785985 -0.074249
v -0.692725 -0.723751 -0.052894
v 0.699722 -0.708456 -0.060302
v 0.713271 -0.658993 -0.067068
v 0.620863 -0.582017 -0.071964
v 0.615484 -0.575821 -0.073155
v -0.615971 -0.578494 -0.072501
v 0.687914 -0.369866 -0.046522
v 0.690039 -0.118242 -0.019054
v -0.111454 0.904010 -0.057496
v -0.084279 0.921337 -0.057514
v -0.528054 -0.795222 -0.048289
v 0.396695 -0.786698 -0.067188
v -0.400704 -0.778088 -0.071456
v -0.688993 -0.716185 -0.064196
v -0.704068 -0.693227 -0.068091
v 0.702215 -0.601461 -0.056814
v -0.622367 -0.577225 -0.066475
v -0.618108 -0.581024 -0.070155
v 0.614671 -0.580083 -0.072445
v -0.626381 -0.564526 -0.056793
v -0.676789 -0.432814 -0.034767
v -0.660473 0.003648 -0.030853
v 0.617365 0.097088 -0.042626
v -0.363623 0.508972 -0.046384
v 0.120817 0.899136 -0.045894
v -0.514542 -0.938995 -0.050563
v -0.527802 -0.889439 -0.015067
v 0.413778 -0.800411 -0.034760
v -0.404858 -0.774572 -0.058921
v -0.397470 -0.786301 -0.070135
v 0.394983 -0.781520 -0.066198
v 0.397714 -0.776468 -0.062421
v -0.717505 -0.651326 -0.064086
v -0.646669 -0.571509 -0.059889
v 0.619443 -0.576344 -0.067818
v 0.647357 0.031153 -0.046551
v -0.537687 0.232812 -0.022973
v 0.055059 0.935558 -0.049705
v 0.515237 -0.869265 -0.046517
v 0.549231 -0.788264 -0.044310
v -0.406166 -0.778740 -0.067755
v -0.407447 -0.779928 -0.068401
v 0.607906 -0.766175 -0.047077
v 0.635557 -0.753558 -0.053706
v 0.686567 -0.724611 -0.056504
v -0.692402 -0.589138 -0.056476
v -0.677184 -0.581805 -0.060347
v 0.623564 -0.573072 -0.064167
v 0.622040 -0.568933 -0.060492
v 0.654121 -0.499600 -0.019020
v 0.360916 0.512944 -0.034623
v 0.526363 -0.926180 -0.015095
v 0.404396 -0.775374 -0.059500
v -0.398350 -0.776034 -0.059199
v -0.629731 -0.757252 -0.050109
v 0.716110 -0.704626 -0.041281
v -0.730114 -0.658965 -0.045019
v 0.724369 -0.658974 -0.052208
v -0.722917 -0.624624 -0.048811
v -0.707631 -0.605541 -0.056465
v 0.656042 -0.568979 -0.052700
v -0.625555 -0.569450 -0.058734
v 0.626866 -0.565369 -0.053891
v 0.626386 -0.560526 -0.053630
v -0.454124 0.356984 -0.026860
v 0.105463 0.914768 -0.030414
v 0.501654 -0.944612 0.016376
v -0.521916 -0.935124 -0.007252
v -0.494357 -0.841054 -0.034736
v 0.498877 -0.794726 -0.044556
v -0.434944 -0.782430 -0.044429
v 0.397954 -0.781112 -0.052765
v -0.399762 -0.781971 -0.052816
v 0.399176 -0.775284 -0.063929
v 0.395610 -0.776487 -0.058830
v -0.717912 -0.697006 -0.048824
v 0.721083 -0.685569 -0.048916
v -0.661902 -0.565320 -0.045055
v 0.667452 -0.564723 -0.037555
v -0.629970 -0.565853 -0.053391
v 0.631653 -0.552705 -0.034234
v -0.633976 -0.552814 -0.034024
v -0.694025 -0.130018 -0.007256
v 0.589513 0.149188 -0.015096
v 0.175127 0.844480 -0.026594
v -0.030046 0.944485 -0.041948
v -0.010707 0.947177 -0.038306
v 0.016428 0.944153 -0.049717
v -0.405728 -0.774226 -0.055676
v -0.407970 -0.777130 -0.053619
v -0.399676 -0.776316 -0.049759
v 0.396939 -0.777145 -0.051161
v -0.401381 -0.773131 -0.054549
v 0.628500 -0.759236 -0.026961
v -0.688614 -0.736254 -0.037472
v 0.728435 -0.647561 -0.044132
v -0.720034 -0.609422 -0.041243
v 0.690602 -0.575045 -0.033728
v -0.633401 -0.558181 -0.039344
v 0.700685 -0.263706 -0.030871
v 0.672871 -0.039590 -0.011217
v 0.212312 0.789435 -0.026629
v -0.489254 -0.794692 -0.044527
v 0.460038 -0.790013 -0.044494
v -0.399522 -0.775897 -0.051218
v 0.397541 -0.775957 -0.051324
v 0.398112 -0.772505 -0.039386
v -0.618444 -0.761586 -0.031240
v 0.701758 -0.726919 -0.033674
v -0.732343 -0.639905 -0.037521
v 0.721643 -0.609387 -0.033637
v -0.700019 -0.580513 -0.033637
v -0.680952 -0.566436 -0.029809
v -0.699065 -0.314739 0.016330
v -0.701782 -0.196909 0.016329
v -0.593922 0.145205 -0.003327
v 0.525666 0.247791 -0.022971
v -0.171977 0.848395 -0.038236
v -0.134224 0.890987 -0.038150
v -0.437509 -0.949991 0.146776
v 0.596425 -0.767671 -0.031992
v 0.407090 -0.758729 -0.020333
v -0.728653 -0.617071 -0.029805
v 0.709403 -0.594184 -0.037452
v 0.630157 -0.557470 -0.039886
v -0.208708 0.800574 -0.007192
v 0.035749 0.945793 -0.026464
v 0.529567 -0.911858 -0.011157
v -0.517330 -0.866644 0.012369
v 0.465402 -0.821817 -0.011184
v -0.399998 -0.772277 -0.039440
v 0.678892 -0.743943 -0.029917
v -0.720405 -0.712220 -0.022200
v 0.732663 -0.674216 -0.029854
v 0.732587 -0.632238 -0.026077
v -0.671020 -0.456316 0.000610
v -0.627102 0.082265 0.032051
v -0.080923 0.930606 -0.026523
v 0.528816 -0.900738 0.008460
v -0.463615 -0.820069 -0.011174
v -0.677161 -0.746524 -0.026083
v -0.703874 -0.728144 -0.029884
v -0.730044 -0.689384 -0.029825
v -0.637099 -0.554509 -0.029080
v -0.270455 0.690815 -0.022823
v 0.032030 0.947832 -0.007223
v -0.404805 -0.761317 -0.028177
v -0.401968 -0.767588 -0.035717
v 0.655909 -0.755146 -0.014762
v 0.736333 -0.643684 -0.018452
v 0.656047 -0.556603 -0.022365
v 0.673543 -0.440671 -0.003331
v 0.656074 0.011491 -0.019049
v 0.578481 0.167183 0.016307
v 0.456036 0.352154 -0.007250
v 0.070537 0.935209 -0.022621
v -0.516470 -0.770811 -0.004063
v 0.510528 -0.770739 -0.003950
v 0.727449 -0.700796 -0.010853
v -0.736671 -0.681782 -0.010833
v -0.721944 -0.598016 -0.014671
v 0.634278 -0.554157 -0.027838
v -0.674922 -0.040043 0.004548
v 0.254371 0.717564 -0.018905
v -0.142538 0.887740 0.000520
v 0.136888 0.891435 -0.007062
v -0.130373 0.899218 -0.007157
v -0.442520 -0.763836 -0.008777
v 0.541824 -0.770106 -0.008723
v 0.399662 -0.764413 -0.027291
v -0.740207 -0.647494 -0.007058
v 0.729138 -0.613266 -0.007071
v -0.695867 -0.571535 -0.014675
v 0.662475 -0.008159 0.032036
v 0.516430 -0.938039 0.000595
v -0.527720 -0.926198 0.024179
v 0.400685 -0.782697 -0.007234
v 0.440548 -0.762080 -0.003925
v -0.622925 -0.760243 0.012678
v -0.404785 -0.759330 -0.016446
v -0.696221 -0.739757 -0.003275
v 0.716830 -0.715976 -0.018480
v 0.697981 -0.573953 0.000545
v -0.669515 -0.558583 -0.018467
v 0.699614 -0.291166 0.004538
v -0.431850 0.390286 0.043723
v 0.404201 0.437768 -0.007256
v -0.104432 0.919179 -0.007144
v -0.049377 0.944683 -0.007184
v -0.531143 -0.908197 0.016305
v -0.680943 -0.561719 0.000533
v -0.640535 -0.550054 -0.010342
v 0.636745 -0.550319 -0.007053
v 0.626036 0.082272 0.000589
v -0.458083 0.350660 0.024141
v -0.496716 -0.843702 0.039864
v 0.593272 -0.761929 0.000956
v -0.669581 -0.752833 0.000557
v -0.707646 -0.730261 -0.007039
v 0.738336 -0.651270 0.000562
v 0.277361 0.675036 0.012332
v -0.175667 0.848401 0.008321
v -0.091802 0.926307 0.012211
v 0.047377 0.944854 0.000522
v -0.499695 -0.943890 0.083442
v -0.407740 -0.797891 0.063459
v -0.403812 -0.787223 0.024059
v -0.575425 -0.764169 -0.003741
v 0.407199 -0.753079 -0.008141
v 0.412816 -0.752964 -0.003794
v 0.705206 -0.730960 0.000495
v 0.714932 -0.590436 0.000460
v -0.686716 -0.094598 0.039922
v 0.158477 0.868031 0.000587
v 0.097540 0.922410 0.004366
v 0.488459 -0.836538 0.008467
v -0.408834 -0.753229 -0.007835
v 0.616609 -0.761798 0.020792
v 0.667426 -0.751895 0.012040
v -0.729425 -0.700793 0.008139
v 0.734627 -0.681779 0.008105
v -0.737920 -0.632258 0.004325
v 0.667488 -0.559200 0.015704
v -0.661815 -0.554805 0.008201
v -0.703281 -0.251913 0.020251
v 0.680032 -0.071024 0.032073
v 0.368543 0.501075 0.012312
v 0.207096 0.798523 0.020036
v 0.528803 -0.915524 0.024132
v 0.520747 -0.881889 0.051594
v -0.414837 -0.753174 0.001009
v 0.690382 -0.741088 0.011954
v 0.719454 -0.712219 0.015639
v -0.737975 -0.674147 0.011999
v -0.719335 -0.594158 0.011975
v -0.638368 -0.545426 0.040768
v 0.632356 -0.552841 0.027370
v 0.686472 -0.377730 0.043814
v 0.694032 -0.153637 0.039896
v 0.613151 0.105870 0.032019
v -0.003004 0.948604 0.024199
v -0.034021 0.947543 0.012271
v 0.523768 -0.929763 0.028033
v -0.512615 -0.771077 0.001441
v -0.450377 -0.764289 0.001458
v 0.459962 -0.766829 0.001878
v 0.526159 -0.770328 0.001619
v -0.621612 -0.758617 0.063382
v -0.638369 -0.550833 0.019757
v 0.694881 -0.314787 0.055630
v 0.639727 0.050804 0.032067
v -0.068684 0.936753 0.019897
v -0.409873 -0.758812 0.017831
v -0.404709 -0.759633 0.013528
v 0.400478 -0.763436 0.012792
v 0.403579 -0.762299 0.027633
v -0.692446 -0.740498 0.015758
v 0.732606 -0.624708 0.011963
v 0.720486 -0.601837 0.019460
v -0.705323 -0.578925 0.011885
v 0.699968 -0.220479 0.039901
v 0.240112 0.738191 0.039503
v -0.518174 -0.933500 0.075278
v 0.506309 -0.855158 0.031992
v -0.594685 -0.767730 0.025449
v 0.736884 -0.658974 0.015709
v -0.737379 -0.658835 0.023350
v 0.686516 -0.568848 0.019493
v -0.674936 -0.424932 0.075199
v -0.647424 0.035097 0.047769
v -0.236739 0.749648 0.031715
v -0.111426 0.912477 0.023777
v -0.473731 -0.789048 0.034113
v 0.398138 -0.772079 0.036701
v -0.713479 -0.719873 0.023400
v 0.697960 -0.729619 0.030934
v 0.732395 -0.647548 0.030993
v -0.673275 -0.562371 0.027231
v 0.672612 -0.436721 0.047759
v 0.531518 0.235953 0.051690
v -0.366642 0.504203 0.039752
v -0.179938 0.836632 0.039390
v 0.101586 0.917203 0.027671
v -0.665598 -0.750349 0.027371
v 0.634728 -0.554546 0.023462
v -0.145260 0.879746 0.035397
v 0.062413 0.937941 0.023782
v 0.031929 0.946851 0.019969
v 0.397518 -0.776188 0.044330
v -0.613688 -0.764904 0.051862
v -0.400135 -0.772213 0.036738
v 0.399961 -0.764043 0.024794
v -0.405912 -0.761416 0.025784
v -0.723765 -0.620812 0.042340
v -0.713546 -0.594153 0.030909
v 0.702072 -0.586537 0.034775
v 0.136530 0.887576 0.031544
v 0.410051 -0.801452 0.071421
v -0.489274 -0.799950 0.053343
v 0.502747 -0.793936 0.037930
v 0.533859 -0.789346 0.034032
v -0.398756 -0.781738 0.051785
v -0.723584 -0.700863 0.030974
v -0.729362 -0.632229 0.038532
v 0.717555 -0.609401 0.038553
v 0.630201 -0.557952 0.036731
v -0.676362 -0.067103 0.087041
v -0.524851 -0.889484 0.055495
v 0.479459 -0.797764 0.049802
v 0.715743 -0.704642 0.038460
v 0.675153 -0.569980 0.038582
v 0.181665 0.828779 0.047187
v -0.122651 0.898944 0.043118
v -0.091505 0.918356 0.050924
v -0.033875 0.941690 0.046928
v 0.031828 0.941621 0.046967
v -0.475099 -0.828342 0.051690
v 0.461456 -0.822578 0.063543
v -0.454362 -0.792421 0.049446
v 0.686529 -0.729593 0.046092
v 0.631136 -0.754574 0.054633
v -0.703354 -0.723222 0.038542
v -0.728146 -0.674164 0.042309
v 0.724631 -0.632251 0.042693
v -0.688559 -0.575077 0.038575
v -0.652149 -0.559698 0.042861
v 0.432316 0.382326 0.063341
v 0.284464 0.651344 0.055299
v -0.213565 0.782168 0.051150
v -0.053265 0.934193 0.054689
v 0.524720 -0.922695 0.055543
v 0.495769 -0.847784 0.067349
v -0.558885 -0.790383 0.053052
v -0.407771 -0.780039 0.065609
v 0.397595 -0.781318 0.050041
v 0.429006 -0.782964 0.045530
v 0.399184 -0.773326 0.051569
v -0.684764 -0.735128 0.042379
v 0.720548 -0.685587 0.046100
v 0.454598 0.346676 0.067319
v -0.253492 0.710558 0.059043
v 0.166098 0.840540 0.066589
v 0.074483 0.923543 0.058613
v -0.527399 -0.911901 0.063374
v 0.520373 -0.904537 0.094756
v -0.511068 -0.862789 0.059498
v -0.520246 -0.799525 0.053296
v 0.533559 -0.801579 0.068528
v 0.608089 -0.766516 0.036694
v 0.706173 -0.613268 0.058273
v 0.694615 -0.192979 0.079166
v 0.205483 0.793388 0.047248
v -0.142616 0.867999 0.070389
v -0.401958 -0.773383 0.056686
v 0.712570 -0.677958 0.060579
v -0.723501 -0.655079 0.053711
v -0.707640 -0.609429 0.057001
v -0.698616 -0.244123 0.079772
v 0.683425 -0.106422 0.079204
v 0.140610 0.868001 0.070735
v 0.502704 -0.803209 0.060995
v -0.398464 -0.786836 0.063298
v 0.396445 -0.786932 0.063250
v 0.397829 -0.775483 0.048692
v -0.703876 -0.705201 0.057934
v -0.715896 -0.681837 0.058297
v -0.692447 -0.596057 0.061404
v -0.677151 -0.581115 0.057570
v 0.659893 -0.575816 0.057556
v 0.626167 -0.561201 0.051118
v 0.675750 -0.071036 0.083120
v -0.660466 -0.015979 0.098854
v -0.564216 0.184654 0.079174
v 0.358737 0.508982 0.063256
v -0.399516 -0.776461 0.047297
v -0.407631 -0.776336 0.051027
v 0.405527 -0.777294 0.050292
v 0.397384 -0.776565 0.047717
v 0.691177 -0.712265 0.061364
v 0.720349 -0.643689 0.053683
v -0.711804 -0.635998 0.065545
v 0.627186 -0.565608 0.049886
v -0.635935 -0.545018 0.066935
v -0.690217 -0.346302 0.079180
v 0.574696 0.161010 0.095761
v -0.014543 0.941935 0.054704
v 0.008614 0.934556 0.074092
v -0.440528 -0.816385 0.110826
v -0.398051 -0.776209 0.056191
v 0.395329 -0.781444 0.059623
v 0.702642 -0.697068 0.062195
v 0.682686 -0.590593 0.061144
v -0.652659 -0.566822 0.053754
v -0.230373 0.738207 0.082410
v -0.173247 0.835790 0.062711
v 0.388103 -0.950451 0.221835
v 0.503606 -0.866517 0.106621
v 0.444586 -0.800285 0.084316
v 0.545008 -0.800288 0.080018
v -0.398816 -0.791460 0.074965
v 0.397193 -0.791759 0.075577
v 0.405291 -0.778588 0.064063
v 0.398594 -0.776220 0.061356
v 0.642989 -0.735397 0.073088
v 0.623149 -0.570373 0.056984
v -0.645241 -0.573843 0.064827
v 0.679866 -0.381645 0.094833
v -0.691092 -0.287226 0.118464
v -0.621769 0.070486 0.122417
v 0.608549 0.109816 0.063464
v 0.051243 0.922384 0.081865
v -0.018442 0.931951 0.077926
v 0.516272 -0.929717 0.090969
v -0.486512 -0.840734 0.087077
v 0.457365 -0.827914 0.126514
v 0.487223 -0.807365 0.080390
v -0.550960 -0.797736 0.072361
v 0.399729 -0.779597 0.076354
v -0.711039 -0.658869 0.068560
v 0.706263 -0.628435 0.065828
v 0.636663 -0.523167 0.090799
v 0.697239 -0.247987 0.075272
v -0.602785 0.117694 0.090986
v 0.362420 0.473380 0.125939
v -0.395247 0.429866 0.110311
v -0.496981 -0.808457 0.084205
v -0.431101 -0.796597 0.092121
v -0.401874 -0.777911 0.069491
v 0.394710 -0.785497 0.071480
v 0.396015 -0.779587 0.068486
v 0.564132 -0.792108 0.091267
v -0.570011 -0.786766 0.114600
v -0.624816 -0.743766 0.085589
v 0.690388 -0.689401 0.076024
v 0.705608 -0.658897 0.071164
v -0.700060 -0.624577 0.072769
v 0.694200 -0.609401 0.067197
v 0.615568 -0.574846 0.070571
v 0.624444 0.062602 0.118511
v 0.101272 0.902874 0.070285
v 0.519751 -0.915640 0.098682
v -0.519579 -0.896999 0.102624
v -0.574061 -0.787997 0.075795
v -0.407504 -0.782476 0.075744
v -0.396792 -0.785388 0.071649
v -0.641068 -0.716807 0.090582
v -0.681063 -0.613163 0.079870
v -0.661945 -0.594010 0.076300
v 0.611227 -0.584569 0.073751
v 0.644632 -0.590295 0.075442
v 0.683490 -0.299052 0.142012
v 0.651284 0.003632 0.102812
v 0.429910 0.362530 0.130014
v -0.057166 0.916693 0.089646
v -0.469899 -0.808291 0.099868
v -0.402382 -0.783473 0.091717
v -0.692526 -0.674182 0.081003
v 0.663701 -0.605542 0.081444
v -0.630711 -0.580236 0.071663
v -0.618484 -0.584038 0.072370
v -0.618552 -0.578972 0.071514
v 0.612166 -0.588642 0.073076
v 0.520685 0.239916 0.106652
v 0.320114 0.556487 0.110081
v 0.256653 0.686879 0.086412
v 0.194048 0.781544 0.097871
v -0.166136 0.812900 0.109403
v -0.088174 0.890803 0.105163
v 0.074512 0.915033 0.078017
v -0.520934 -0.922697 0.094776
v -0.519965 -0.809385 0.111411
v 0.525558 -0.807452 0.103483
v -0.396988 -0.783672 0.080183
v 0.392970 -0.783322 0.082859
v 0.594214 -0.770152 0.090512
v 0.690362 -0.628390 0.078859
v 0.599528 -0.603435 0.084844
v -0.609556 -0.591751 0.078296
v -0.612791 -0.582908 0.076183
v 0.608069 -0.592221 0.075692
v -0.623275 -0.562574 0.081290
v -0.651607 -0.484485 0.102576
v 0.689642 -0.310861 0.102735
v -0.690662 -0.185103 0.114547
v 0.681219 -0.149643 0.134177
v -0.682792 -0.129993 0.122414
v -0.524545 0.235954 0.110591
v 0.474138 0.295225 0.137996
v -0.127266 0.868339 0.093841
v 0.000825 0.914627 0.108987
v 0.494399 -0.940297 0.138421
v -0.505571 -0.866681 0.106606
v -0.420595 -0.808869 0.114307
v -0.396926 -0.790680 0.083218
v 0.395342 -0.790854 0.086814
v 0.686595 -0.655073 0.085032
v -0.688667 -0.655048 0.085216
v 0.648581 -0.609260 0.086351
v -0.605105 -0.595500 0.082077
v -0.608739 -0.587080 0.082208
v -0.482989 -0.939255 0.189539
v 0.513125 -0.889488 0.114413
v 0.429166 -0.817134 0.150231
v -0.426003 -0.797947 0.115708
v -0.397044 -0.796187 0.106593
v 0.391031 -0.784777 0.091404
v 0.402227 -0.785292 0.086815
v 0.399030 -0.782651 0.095375
v 0.395885 -0.780468 0.087274
v -0.601575 -0.759569 0.101955
v 0.675214 -0.636032 0.088463
v -0.654440 -0.613071 0.088436
v -0.605183 -0.601152 0.084160
v 0.603006 -0.595836 0.081760
v -0.621967 -0.546727 0.114181
v 0.654998 -0.464185 0.110426
v -0.327838 0.524792 0.141493
v -0.191745 0.781534 0.105673
v 0.087537 0.883664 0.112988
v 0.035792 0.918302 0.096858
v -0.514276 -0.908253 0.134032
v -0.488046 -0.855188 0.142037
v 0.378089 -0.797971 0.165817
v 0.551825 -0.790238 0.153315
v -0.620625 -0.732562 0.100457
v 0.638968 -0.709204 0.093981
v 0.635245 -0.682515 0.102293
v -0.662073 -0.632207 0.092979
v -0.602789 -0.609455 0.089591
v -0.598667 -0.603613 0.089213
v 0.595922 -0.609531 0.088197
v 0.590166 -0.610026 0.093881
v 0.661114 -0.432749 0.126181
v 0.121207 0.852341 0.118433
v 0.066733 0.899013 0.108711
v 0.460029 -0.808280 0.123199
v 0.436917 -0.802166 0.115486
v -0.405362 -0.788831 0.107784
v -0.395354 -0.785066 0.094748
v 0.395047 -0.783453 0.107266
v 0.608123 -0.744275 0.105420
v -0.637519 -0.674804 0.102834
v 0.636079 -0.647907 0.099910
v 0.600715 -0.629451 0.101727
v -0.597875 -0.607630 0.089661
v -0.663206 -0.425449 0.133999
v 0.164253 0.809115 0.113651
v -0.546369 -0.797731 0.142273
v 0.391045 -0.789911 0.098926
v -0.622641 -0.632847 0.099817
v -0.589331 -0.615885 0.096368
v 0.583192 -0.620861 0.100433
v 0.687185 -0.220519 0.134181
v -0.665726 -0.055297 0.134241
v 0.598186 0.109818 0.130296
v 0.460957 -0.837324 0.161887
v -0.391518 -0.789142 0.106070
v 0.385329 -0.791703 0.121643
v 0.390413 -0.784594 0.096039
v 0.388209 -0.783283 0.111571
v 0.397799 -0.785175 0.102796
v 0.392151 -0.780570 0.103160
v 0.606725 -0.660264 0.115602
v 0.578692 -0.623720 0.104610
v 0.590920 -0.593871 0.122889
v 0.665315 -0.055297 0.126340
v 0.643064 0.003646 0.146006
v 0.292415 0.592061 0.129598
v -0.225312 0.702148 0.137119
v -0.119404 0.852379 0.121974
v -0.022330 0.900957 0.124498
v -0.500580 -0.929758 0.165640
v -0.485226 -0.811302 0.138751
v -0.446572 -0.805314 0.134970
v -0.612509 -0.698578 0.121216
v -0.602137 -0.645095 0.112109
v 0.580209 -0.626464 0.104788
v -0.568896 0.161241 0.134211
v 0.209209 0.746087 0.113556
v -0.391561 -0.784778 0.110273
v 0.391935 -0.781628 0.112710
v 0.610791 -0.690890 0.120638
v -0.577434 -0.627074 0.109340
v 0.039574 0.899578 0.121010
v 0.468146 -0.851399 0.188447
v 0.529031 -0.803390 0.150237
v -0.389490 -0.791210 0.117644
v -0.394275 -0.785264 0.113062
v -0.387963 -0.785452 0.111326
v -0.388625 -0.781869 0.113986
v -0.609078 -0.660326 0.115745
v -0.571495 -0.631593 0.116516
v 0.567031 -0.632916 0.122410
v 0.237353 0.686902 0.129287
v 0.074585 0.868042 0.138239
v 0.386752 -0.784804 0.111661
v 0.382080 -0.784834 0.125284
v 0.387631 -0.791409 0.117935
v 0.394495 -0.785180 0.118127
v 0.388190 -0.780149 0.118659
v 0.671265 -0.393442 0.126226
v 0.558827 0.171089 0.142026
v 0.145143 0.813050 0.133173
v -0.441138 -0.947691 0.225651
v -0.387357 -0.780678 0.137544
v 0.393179 -0.783046 0.126744
v -0.390882 -0.781014 0.126739
v -0.383700 -0.784705 0.125880
v 0.388531 -0.780454 0.126814
v 0.592986 -0.740795 0.137553
v 0.630113 -0.479766 0.173363
v 0.679380 -0.181144 0.157772
v -0.538633 0.192538 0.169526
v -0.142938 0.805470 0.144521
v -0.065048 0.863419 0.148004
v 0.496598 -0.933823 0.161794
v 0.502898 -0.926179 0.157706
v 0.497430 -0.889545 0.173361
v -0.439795 -0.824489 0.169867
v -0.376484 -0.800494 0.185549
v 0.432808 -0.801093 0.150559
v 0.582464 -0.653468 0.133291
v 0.597728 -0.687482 0.136996
v -0.596643 -0.664709 0.128036
v -0.590404 -0.652622 0.124569
v -0.563501 -0.636590 0.128703
v -0.566543 -0.630108 0.125380
v -0.681545 -0.255822 0.169576
v 0.207541 0.726334 0.137023
v -0.174286 0.763491 0.148622
v -0.493862 -0.893294 0.192936
v 0.502385 -0.810685 0.142567
v -0.515827 -0.807290 0.158067
v -0.384522 -0.780467 0.129961
v 0.382786 -0.779836 0.129956
v 0.558991 -0.774641 0.189608
v -0.577750 -0.759912 0.165761
v 0.552647 -0.623519 0.162256
v -0.632414 -0.475850 0.177339
v 0.491838 0.255690 0.170510
v 0.539472 0.188577 0.169502
v 0.405323 0.359023 0.196671
v -0.006864 0.879314 0.147871
v -0.381667 -0.786513 0.136445
v 0.380047 -0.777035 0.137785
v -0.592332 -0.725570 0.157610
v 0.594410 -0.710382 0.149512
v -0.596145 -0.691411 0.145296
v -0.550498 -0.631804 0.158177
v -0.616436 -0.511198 0.177399
v -0.671845 -0.354023 0.165606
v 0.337046 0.497116 0.153285
v 0.288300 0.560400 0.172691
v 0.164568 0.753907 0.165994
v 0.497309 -0.915544 0.185075
v 0.378435 -0.785687 0.136646
v -0.381133 -0.780203 0.133287
v 0.385173 -0.781608 0.136876
v 0.378634 -0.780671 0.133818
v -0.582583 -0.661286 0.145679
v -0.555542 -0.637375 0.150474
v 0.558793 -0.633480 0.146255
v -0.677686 -0.173289 0.169529
v -0.115975 0.813306 0.160353
v 0.097965 0.848412 0.141764
v -0.501947 -0.908257 0.177227
v -0.475142 -0.862820 0.201020
v 0.479263 -0.806600 0.177675
v -0.473568 -0.808274 0.166068
v -0.376140 -0.780562 0.145922
v 0.374333 -0.780905 0.144983
v 0.671886 -0.330436 0.173486
v 0.676812 -0.271553 0.177419
v -0.659208 -0.102465 0.201016
v -0.631045 0.027208 0.165643
v -0.378733 -0.773507 0.153766
v 0.380148 -0.775947 0.146645
v 0.588892 -0.566246 0.165388
v -0.674953 -0.306865 0.181339
v 0.668746 -0.106393 0.161704
v 0.649305 -0.029282 0.165620
v 0.620904 0.039023 0.177415
v 0.043602 0.859289 0.158975
v 0.470119 -0.945169 0.182037
v 0.481777 -0.866723 0.185292
v -0.443308 -0.839193 0.220922
v -0.496671 -0.806720 0.177687
v -0.363925 -0.791611 0.189033
v 0.365666 -0.777618 0.164784
v -0.376256 -0.774607 0.145626
v 0.374415 -0.775173 0.144485
v 0.376311 -0.772863 0.154406
v 0.582171 -0.664457 0.175041
v 0.082490 0.828773 0.167664
v -0.438729 -0.800649 0.169995
v -0.370893 -0.777419 0.156720
v 0.371827 -0.775792 0.153059
v 0.580697 -0.748416 0.169797
v -0.575984 -0.653207 0.175435
v -0.650048 -0.047415 0.189227
v 0.590556 0.094079 0.189180
v -0.593687 0.094080 0.185255
v 0.580008 0.117682 0.181292
v 0.187903 0.706618 0.179943
v 0.517574 -0.801628 0.180346
v 0.401770 -0.784919 0.173742
v -0.407728 -0.788961 0.166057
v -0.372977 -0.772440 0.156905
v 0.370325 -0.770849 0.156963
v -0.590572 -0.691332 0.166093
v -0.428283 0.334812 0.188912
v -0.312441 0.469861 0.227780
v -0.178558 0.716295 0.183752
v 0.117609 0.797311 0.170459
v -0.053454 0.835796 0.174770
v 0.477046 -0.939214 0.201378
v 0.536544 -0.788349 0.201182
v -0.550583 -0.627388 0.171258
v 0.554236 -0.628023 0.154530
v 0.365710 0.414009 0.200516
v 0.233317 0.639470 0.180261
v 0.290587 0.520524 0.207708
v 0.417945 -0.827540 0.232881
v -0.367944 -0.772197 0.165156
v 0.368043 -0.771207 0.164177
v -0.573252 -0.637001 0.192235
v 0.556330 -0.625598 0.171510
v 0.554378 -0.618384 0.166256
v 0.636608 -0.416941 0.228719
v 0.676625 -0.208696 0.176696
v -0.391419 0.346723 0.239859
v 0.004793 0.836624 0.182063
v 0.440617 -0.793094 0.200786
v -0.369516 -0.767034 0.168967
v 0.363788 -0.768085 0.172414
v 0.589794 -0.706070 0.194623
v -0.590159 -0.717478 0.202488
v 0.554341 -0.619784 0.175510
v -0.123695 0.764683 0.191405
v -0.072929 0.792432 0.198426
v 0.488820 -0.926269 0.200907
v -0.542382 -0.787474 0.197259
v -0.590251 -0.691051 0.182617
v -0.562505 -0.602845 0.206473
v -0.470209 -0.933109 0.240498
v -0.487769 -0.922715 0.212611
v -0.366797 -0.762220 0.177930
v 0.357544 -0.764311 0.184288
v 0.363401 -0.762782 0.176189
v 0.591883 -0.698241 0.202935
v -0.554383 -0.619292 0.187519
v 0.559152 -0.607089 0.194876
v -0.631257 -0.000309 0.200941
v 0.619044 0.015417 0.212752
v -0.041840 0.809137 0.196352
v 0.494526 -0.802564 0.193216
v -0.500420 -0.799271 0.204876
v -0.450410 -0.797765 0.196998
v -0.427169 -0.791345 0.193119
v 0.568242 -0.587742 0.219135
v -0.655293 -0.185105 0.244225
v 0.651293 -0.098536 0.216685
v 0.652905 -0.141794 0.232422
v 0.039758 0.813027 0.193837
v 0.472145 -0.878117 0.228432
v -0.523393 -0.791498 0.212726
v -0.573916 -0.748958 0.269014
v -0.360159 -0.764234 0.184268
v 0.584256 -0.732655 0.210205
v 0.664510 -0.247990 0.220662
v 0.481900 0.232021 0.232235
v -0.361829 -0.759035 0.186250
v -0.588635 -0.659681 0.199614
v -0.660941 -0.259746 0.236332
v 0.656869 -0.173288 0.231611
v -0.436511 -0.943669 0.272583
v 0.346455 -0.792175 0.220887
v -0.336548 -0.767732 0.226561
v -0.577379 -0.748100 0.233686
v -0.379638 -0.759340 0.214168
v -0.357255 -0.752838 0.200605
v -0.557238 -0.619952 0.191626
v -0.558807 -0.610961 0.199440
v -0.622936 -0.456305 0.240629
v 0.630797 -0.043525 0.236302
v 0.318588 0.454098 0.231750
v 0.141327 0.698755 0.222940
v 0.090016 0.773520 0.202929
v 0.430855 -0.945723 0.264862
v 0.381526 -0.759488 0.213584
v 0.585345 -0.620897 0.216498
v 0.563352 -0.599987 0.207167
v -0.603138 -0.503496 0.248517
v 0.255327 0.516903 0.253168
v 0.082709 0.746100 0.223237
v 0.475563 -0.896985 0.237560
v -0.489071 -0.793854 0.220297
v -0.345540 -0.759870 0.213413
v 0.347641 -0.755391 0.210204
v 0.356074 -0.751240 0.206774
v -0.612062 -0.659010 0.236097
v -0.588926 -0.636530 0.212419
v 0.539459 0.153135 0.228909
v 0.370054 0.386342 0.224915
v -0.108205 0.730302 0.222608
v 0.468353 -0.933333 0.240397
v 0.449757 -0.862884 0.256074
v 0.487024 -0.793064 0.220251
v -0.458227 -0.790073 0.220144
v 0.329555 -0.773666 0.230886
v -0.358148 -0.751683 0.206185
v -0.351139 -0.755228 0.209960
v -0.597454 -0.709256 0.226875
v -0.601625 -0.686223 0.223523
v -0.565045 -0.604825 0.212244
v 0.573894 -0.568212 0.240808
v -0.571989 -0.584092 0.231728
v 0.575316 -0.555812 0.256951
v -0.560400 0.120688 0.232335
v 0.452331 -0.785639 0.223966
v 0.330910 -0.806223 0.294608
v -0.418272 -0.767807 0.237637
v 0.596764 -0.720371 0.246551
v 0.570719 -0.593225 0.220716
v 0.650298 -0.365835 0.224683
v -0.639583 -0.067138 0.235474
v -0.608158 0.003629 0.255956
v -0.597758 0.054763 0.228428
v 0.437092 0.275839 0.251806
v -0.202542 0.532716 0.287427
v -0.038031 0.741378 0.238292
v -0.337260 -0.808800 0.293508
v 0.340936 -0.759363 0.217902
v -0.354212 -0.756814 0.215801
v 0.347522 -0.755234 0.214162
v 0.598708 -0.663206 0.219061
v -0.635590 -0.381645 0.264007
v 0.596285 0.046851 0.236279
v -0.473687 -0.900829 0.247930
v -0.468969 -0.878137 0.240196
v -0.454494 -0.855401 0.236447
v 0.412483 -0.766206 0.233623
v 0.575427 -0.747979 0.237596
v -0.382701 -0.762221 0.223381
v 0.330442 -0.766994 0.232400
v -0.355979 0.368377 0.267293
v -0.261545 0.485236 0.273173
v 0.180532 0.655285 0.222548
v 0.039871 0.757918 0.228217
v 0.425558 -0.839726 0.256458
v -0.340912 -0.762294 0.222703
v 0.601435 -0.701406 0.235150
v -0.605037 -0.593936 0.248268
v -0.404178 -0.831537 0.276105
v -0.480890 -0.764028 0.272543
v -0.442045 -0.769072 0.248694
v -0.338111 -0.765372 0.230270
v 0.403977 -0.765580 0.234864
v 0.620684 -0.631761 0.248058
v -0.612671 -0.612790 0.244471
v -0.642855 -0.122158 0.255967
v 0.636525 -0.090670 0.252047
v -0.382024 -0.782320 0.251679
v -0.402148 -0.767036 0.234976
v -0.332723 -0.769561 0.232530
v 0.372381 -0.786320 0.259355
v 0.629573 -0.658556 0.260137
v 0.609440 -0.601364 0.247967
v 0.612341 -0.436743 0.283716
v 0.651284 -0.224440 0.256035
v 0.318410 0.410080 0.272299
v -0.002984 0.739663 0.242193
v -0.454497 -0.922751 0.283963
v 0.472722 -0.911931 0.247968
v -0.327332 -0.777472 0.238731
v 0.575031 -0.572316 0.241464
v 0.652697 -0.295118 0.248197
v 0.606441 0.007551 0.252030
v 0.567461 0.082271 0.259852
v 0.533668 -0.763532 0.267687
v 0.455002 -0.766105 0.261333
v 0.325126 -0.777851 0.238480
v -0.329294 -0.772309 0.240330
v 0.327651 -0.770055 0.241049
v -0.595983 -0.727045 0.254269
v -0.574945 -0.567883 0.246394
v 0.610693 -0.475976 0.252370
v -0.535756 -0.762727 0.271734
v -0.320059 -0.785790 0.255671
v -0.323544 -0.782326 0.246834
v 0.314737 -0.780765 0.257801
v 0.318172 -0.786969 0.256919
v -0.339718 -0.778298 0.251405
v 0.349194 -0.782068 0.255416
v -0.627657 -0.677679 0.263357
v 0.137596 0.639489 0.260905
v -0.077174 0.663170 0.272819
v -0.447893 -0.936951 0.276549
v 0.506420 -0.758038 0.284303
v -0.324057 -0.775135 0.245894
v 0.322006 -0.774592 0.244667
v -0.453353 -0.767842 0.257031
v -0.331290 -0.775569 0.251027
v 0.431016 -0.767850 0.250578
v -0.629406 -0.628127 0.259477
v -0.567434 0.054740 0.291274
v 0.443047 -0.881936 0.291220
v -0.319398 -0.799022 0.285842
v -0.315942 -0.791488 0.268258
v -0.324960 -0.776157 0.247893
v 0.320536 -0.774983 0.249908
v 0.319966 -0.776412 0.257732
v -0.441220 -0.768371 0.253554
v -0.616822 -0.593808 0.263108
v -0.597517 -0.578509 0.255621
v -0.575584 -0.564234 0.249599
v 0.574821 -0.566111 0.251087
v 0.575956 -0.561828 0.258802
v -0.623556 -0.063182 0.271003
v 0.585451 0.035097 0.271629
v -0.503869 0.168903 0.279435
v 0.339850 0.366543 0.286916
v 0.442321 -0.929766 0.295305
v -0.430827 -0.870183 0.303411
v 0.314304 -0.792065 0.268321
v -0.320184 -0.779639 0.253698
v -0.636070 -0.662398 0.270891
v 0.599270 -0.569108 0.274442
v -0.578434 -0.565133 0.255376
v 0.637477 -0.346256 0.271314
v 0.636847 -0.244114 0.291391
v 0.386405 -0.831019 0.299685
v -0.374532 -0.793231 0.270987
v 0.325454 -0.780050 0.262708
v 0.553253 -0.753894 0.284391
v 0.568051 -0.751292 0.268853
v 0.614531 -0.719639 0.302867
v -0.632200 -0.689168 0.282384
v 0.629838 -0.685087 0.275003
v 0.637659 -0.643402 0.274595
v 0.625984 -0.612876 0.263185
v 0.619373 -0.589992 0.274590
v -0.606639 -0.578627 0.266875
v -0.576532 -0.557910 0.266442
v -0.576970 -0.561214 0.260715
v -0.577262 -0.555373 0.257047
v 0.513780 0.164967 0.263757
v -0.116415 0.556468 0.318223
v -0.337638 -0.799533 0.296292
v -0.409243 -0.795264 0.282673
v -0.310147 -0.785564 0.268617
v -0.322546 -0.790113 0.287017
v -0.313969 -0.780911 0.269305
v 0.319765 -0.781344 0.263673
v 0.319573 -0.779506 0.260135
v -0.432358 -0.784238 0.275060
v 0.628840 -0.700512 0.297450
v 0.575559 -0.557797 0.266399
v 0.573355 -0.552131 0.268343
v 0.196523 0.548568 0.279922
v -0.373913 -0.946848 0.339959
v 0.421480 -0.935560 0.319124
v 0.321187 -0.802313 0.291277
v -0.317832 -0.794870 0.272664
v 0.325110 -0.794127 0.295079
v 0.313057 -0.782543 0.275705
v -0.323268 -0.783402 0.270559
v 0.311443 -0.781008 0.268689
v -0.605181 -0.568845 0.286018
v 0.579563 -0.559248 0.269840
v -0.643690 -0.240155 0.280054
v -0.002993 0.671063 0.279211
v 0.440632 -0.908266 0.307407
v -0.326784 -0.803695 0.289191
v 0.308176 -0.785667 0.268342
v 0.478140 -0.762929 0.277626
v 0.434232 -0.785832 0.282851
v 0.637863 -0.673846 0.286008
v -0.639749 -0.635806 0.278384
v -0.634133 -0.612963 0.278454
v 0.629313 -0.601514 0.282128
v -0.575340 -0.554341 0.273702
v 0.575314 -0.556308 0.269267
v -0.572572 -0.544397 0.284280
v 0.570782 -0.544664 0.284670
v 0.511761 0.114516 0.322710
v 0.126173 0.520843 0.334143
v 0.372440 -0.798913 0.286436
v -0.313373 -0.785269 0.275471
v 0.307685 -0.788705 0.274727
v -0.637089 -0.685315 0.293670
v 0.629613 -0.330570 0.295399
v 0.605785 -0.035683 0.286738
v -0.159485 0.540640 0.308407
v 0.071177 0.651334 0.280352
v 0.012604 0.604697 0.313260
v 0.397681 -0.847577 0.318912
v -0.332116 -0.809740 0.314047
v 0.414924 -0.795906 0.290393
v -0.320423 -0.794983 0.279042
v -0.313827 -0.794401 0.276507
v -0.312217 -0.788659 0.272198
v 0.318580 -0.795571 0.278860
v 0.321489 -0.787485 0.279402
v -0.310280 -0.784644 0.281173
v 0.641747 -0.662503 0.293607
v -0.642439 -0.654838 0.286058
v -0.602443 -0.444641 0.303128
v -0.630013 -0.291245 0.307166
v -0.614010 -0.106419 0.310960
v -0.533487 0.118033 0.287342
v 0.328666 -0.948885 0.359895
v -0.437297 -0.929703 0.307055
v -0.425880 -0.855227 0.291495
v -0.325229 -0.795735 0.298028
v -0.309944 -0.797800 0.288191
v -0.305691 -0.793955 0.288623
v 0.301655 -0.793947 0.289813
v 0.313357 -0.798286 0.287252
v -0.309561 -0.788777 0.288885
v -0.309535 -0.789594 0.287883
v -0.305708 -0.789584 0.280494
v 0.304363 -0.794233 0.285567
v 0.310215 -0.793080 0.287382
v 0.304522 -0.787409 0.292250
v 0.317418 -0.790200 0.291141
v 0.304031 -0.784712 0.284663
v -0.551501 -0.754273 0.288774
v -0.609028 -0.726275 0.312692
v -0.635817 -0.605269 0.297436
v -0.627771 -0.590119 0.301226
v -0.573577 -0.550532 0.285612
v 0.571710 -0.550437 0.285535
v -0.582061 -0.503594 0.303254
v 0.622552 -0.118206 0.295241
v 0.393220 0.279078 0.309894
v 0.444820 0.208357 0.319770
v 0.280595 0.421954 0.302330
v 0.335783 -0.799014 0.296035
v -0.436345 -0.795431 0.305605
v 0.299727 -0.789625 0.284283
v -0.504117 -0.759055 0.288874
v -0.624054 -0.708118 0.293771
v 0.616840 -0.578631 0.297398
v 0.591733 -0.557790 0.308769
v 0.621349 -0.373765 0.298437
v 0.543707 0.078317 0.306977
v -0.301021 0.398224 0.304307
v 0.248492 0.398237 0.345585
v -0.427655 -0.911855 0.330283
v -0.391961 -0.848568 0.330786
v -0.325471 -0.799595 0.309913
v -0.315925 -0.798270 0.287003
v -0.320815 -0.793014 0.291593
v 0.643985 -0.647243 0.312631
v -0.643676 -0.631971 0.297429
v 0.574816 -0.551533 0.289318
v 0.571362 -0.548942 0.288467
v -0.619921 -0.377713 0.303191
v -0.562461 0.027188 0.322715
v -0.337052 -0.803315 0.313492
v 0.320352 -0.806211 0.300441
v 0.410931 -0.804106 0.324761
v -0.306753 -0.802357 0.304324
v 0.317840 -0.802561 0.298037
v 0.308402 -0.802241 0.300200
v -0.309781 -0.792571 0.296675
v -0.309684 -0.797149 0.295217
v 0.315501 -0.794234 0.294923
v 0.309609 -0.798594 0.294135
v 0.301426 -0.792626 0.294420
v 0.309278 -0.788867 0.294398
v -0.644612 -0.662488 0.305059
v 0.640360 -0.620515 0.305029
v -0.569549 -0.547466 0.300890
v 0.566181 -0.545285 0.295176
v 0.598251 -0.059272 0.314876
v 0.464556 0.168917 0.334901
v 0.456656 0.196488 0.316507
v -0.435144 0.197144 0.346220
v 0.424583 -0.870471 0.310541
v -0.386136 -0.806137 0.309623
v -0.332472 -0.806000 0.295127
v -0.336234 -0.805593 0.299396
v -0.328272 -0.802465 0.307626
v -0.323816 -0.806217 0.305695
v 0.329962 -0.805754 0.302670
v 0.332366 -0.803483 0.315983
v -0.321405 -0.795693 0.301170
v -0.309075 -0.798912 0.294577
v 0.307104 -0.796274 0.294473
v 0.323415 -0.798129 0.298972
v -0.310750 -0.792314 0.300514
v 0.308922 -0.793580 0.299403
v 0.317628 -0.795754 0.303543
v -0.586230 -0.739873 0.320193
v 0.564504 -0.746125 0.324011
v -0.563687 -0.540753 0.307219
v 0.568222 -0.547908 0.308377
v 0.562420 -0.540664 0.306679
v 0.609877 -0.216629 0.342188
v -0.616003 -0.170575 0.326729
v -0.589463 -0.039627 0.322735
v 0.334513 0.308532 0.345967
v -0.326621 -0.807126 0.302460
v 0.372390 -0.806615 0.313511
v -0.314477 -0.806091 0.308128
v -0.317103 -0.802996 0.298540
v 0.314947 -0.800270 0.298515
v 0.313145 -0.804985 0.314012
v 0.327277 -0.800692 0.307881
v -0.319078 -0.797870 0.303757
v -0.312546 -0.801381 0.306259
v -0.304691 -0.796089 0.299026
v 0.302674 -0.798962 0.299161
v 0.316217 -0.796354 0.304181
v 0.304817 -0.793144 0.304430
v 0.453658 -0.788167 0.320674
v 0.591775 -0.736553 0.320266
v 0.622131 -0.711457 0.312683
v -0.631556 -0.699991 0.308828
v 0.633247 -0.602251 0.316497
v -0.616259 -0.575177 0.308780
v -0.589922 -0.556590 0.320218
v 0.055705 0.512940 0.357280
v -0.321301 -0.810984 0.322121
v 0.320054 -0.809294 0.311850
v 0.330106 -0.810482 0.310298
v -0.329645 -0.800685 0.303721
v -0.312573 -0.800035 0.302903
v 0.311586 -0.800281 0.302310
v 0.310572 -0.803006 0.303702
v 0.329501 -0.800767 0.313484
v -0.313619 -0.795636 0.308179
v -0.300753 -0.796064 0.302977
v 0.299844 -0.795702 0.302111
v 0.310168 -0.802048 0.305903
v 0.311878 -0.798129 0.309397
v 0.317713 -0.796613 0.309501
v -0.306857 -0.792327 0.304455
v -0.302545 -0.792587 0.302111
v -0.301123 -0.797297 0.304329
v -0.295090 -0.793244 0.299548
v -0.287142 -0.794755 0.306116
v 0.294753 -0.792615 0.301090
v 0.290268 -0.792178 0.301463
v 0.293934 -0.797228 0.302552
v 0.309859 -0.793069 0.305698
v -0.301934 -0.791821 0.307861
v -0.294793 -0.788930 0.303640
v 0.284651 -0.789537 0.299308
v 0.276514 -0.788652 0.305956
v 0.280826 -0.794522 0.307666
v 0.292811 -0.789548 0.303030
v 0.285383 -0.784580 0.303949
v 0.505157 -0.761709 0.317115
v -0.619571 -0.715757 0.320301
v 0.639099 -0.677703 0.320283
v 0.584602 -0.448528 0.334665
v -0.612543 -0.275560 0.342466
v 0.572811 -0.000321 0.322739
v -0.419428 0.170183 0.389500
v -0.216245 -0.948767 0.434870
v 0.425039 -0.908204 0.330946
v -0.393658 -0.808554 0.332650
v -0.343435 -0.806444 0.325431
v -0.322720 -0.807080 0.306433
v -0.324288 -0.802435 0.311470
v -0.308591 -0.800047 0.306879
v 0.309743 -0.806531 0.317236
v -0.314603 -0.796277 0.308250
v -0.309756 -0.795619 0.312075
v -0.296870 -0.796007 0.306731
v 0.298878 -0.798891 0.302855
v 0.312297 -0.796438 0.308008
v 0.307836 -0.800301 0.306117
v 0.294920 -0.798495 0.308873
v 0.299545 -0.792219 0.308583
v 0.281360 -0.787323 0.316110
v -0.527449 -0.753770 0.335659
v -0.636148 -0.689157 0.324074
v -0.568808 -0.499783 0.330623
v -0.580656 -0.110376 0.368252
v -0.372607 -0.835531 0.331011
v -0.328229 -0.808299 0.314751
v -0.335322 -0.806019 0.315627
v -0.307913 -0.810979 0.336227
v -0.318934 -0.807111 0.310368
v 0.321749 -0.810269 0.321443
v 0.331310 -0.806243 0.318633
v -0.320069 -0.801257 0.325509
v -0.317857 -0.801032 0.315480
v -0.320238 -0.802384 0.315397
v -0.312010 -0.806163 0.317484
v -0.305509 -0.802996 0.310336
v 0.303651 -0.800289 0.310086
v 0.302752 -0.803042 0.311325
v 0.319545 -0.802639 0.314790
v 0.315805 -0.801017 0.315505
v 0.321067 -0.799876 0.316822
v -0.312024 -0.796923 0.317507
v -0.300741 -0.801704 0.317829
v -0.289012 -0.797977 0.313739
v 0.292500 -0.802483 0.315858
v 0.298347 -0.802635 0.317517
v 0.302617 -0.795775 0.319000
v -0.288545 -0.791697 0.324997
v 0.277216 -0.796753 0.314700
v 0.296151 -0.794207 0.314149
v -0.279871 -0.794711 0.311980
v -0.279338 -0.789450 0.306593
v -0.286778 -0.789444 0.311764
v -0.273290 -0.788458 0.310820
v 0.271513 -0.789538 0.310170
v 0.283754 -0.794106 0.313901
v -0.279507 -0.784361 0.311790
v 0.268909 -0.785515 0.307713
v 0.275672 -0.785221 0.310142
v 0.269902 -0.780711 0.311855
v 0.513338 -0.755198 0.343063
v 0.642187 -0.662428 0.324018
v -0.643499 -0.628127 0.320227
v -0.634402 -0.601506 0.320257
v 0.539289 0.054750 0.334523
v -0.506081 0.117731 0.330718
v 0.153700 0.465468 0.355857
v -0.069528 0.496473 0.364372
v -0.326062 -0.804140 0.323673
v -0.331280 -0.805947 0.319452
v 0.312215 -0.809239 0.319731
v -0.316304 -0.802419 0.319317
v -0.302592 -0.806014 0.319871
v -0.300745 -0.800088 0.314924
v 0.315088 -0.799694 0.319064
v -0.306655 -0.796351 0.316098
v -0.303441 -0.797871 0.319326
v 0.300857 -0.796039 0.320068
v 0.299630 -0.800264 0.313954
v -0.298079 -0.795694 0.325233
v 0.289998 -0.791509 0.320262
v 0.287815 -0.792724 0.314813
v -0.280135 -0.787541 0.320216
v -0.268781 -0.783261 0.325117
v 0.261297 -0.779438 0.319460
v 0.639619 -0.631992 0.335465
v 0.634042 -0.609117 0.331663
v 0.607003 -0.572851 0.335388
v -0.557759 -0.544976 0.323328
v 0.579603 -0.051402 0.342393
v -0.242081 0.418032 0.337650
v 0.087073 0.485258 0.366519
v 0.423323 -0.922704 0.330347
v -0.407214 -0.878066 0.344304
v 0.413385 -0.885669 0.338855
v 0.355066 -0.827468 0.331184
v 0.364356 -0.810639 0.352221
v -0.325458 -0.803424 0.324564
v -0.320405 -0.809664 0.325769
v -0.311306 -0.807111 0.318227
v 0.310676 -0.807163 0.317300
v 0.327526 -0.806216 0.322117
v -0.420516 -0.801367 0.339844
v -0.312630 -0.802497 0.323174
v -0.296923 -0.800123 0.318487
v 0.300844 -0.806153 0.320123
v 0.308185 -0.800731 0.326992
v 0.317098 -0.799916 0.320732
v -0.309841 -0.799603 0.325948
v 0.299254 -0.795771 0.322919
v -0.262946 -0.791256 0.319025
v -0.268713 -0.782016 0.319355
v -0.263788 -0.785250 0.313951
v 0.252347 -0.787589 0.321071
v -0.261181 -0.779495 0.324732
v 0.252372 -0.781010 0.317103
v 0.259591 -0.788252 0.320833
v 0.258707 -0.780160 0.314917
v 0.255296 -0.776303 0.324832
v -0.637889 -0.673860 0.339260
v 0.618377 -0.586273 0.339282
v -0.582412 -0.555119 0.331622
v 0.597216 -0.330610 0.358200
v 0.594698 -0.110365 0.343046
v 0.306996 0.346753 0.338550
v 0.397744 -0.933247 0.354289
v 0.318533 -0.810969 0.322778
v -0.320050 -0.806062 0.331029
v -0.307387 -0.807125 0.322073
v 0.317819 -0.810339 0.325251
v 0.322196 -0.803361 0.326862
v 0.318933 -0.803364 0.330683
v -0.302642 -0.800374 0.334313
v -0.309966 -0.801027 0.323232
v 0.294971 -0.806172 0.330535
v -0.296959 -0.797990 0.327089
v 0.297694 -0.795995 0.328674
v -0.254720 -0.780808 0.317038
v -0.243241 -0.781846 0.325473
v 0.244201 -0.782966 0.323589
v -0.246568 -0.775416 0.326725
v 0.249637 -0.774367 0.322527
v 0.624382 -0.700560 0.339252
v 0.607014 -0.721163 0.339273
v -0.643447 -0.643384 0.331685
v -0.609258 -0.574672 0.339256
v -0.505124 0.058684 0.381692
v 0.382052 0.256040 0.346115
v 0.189125 0.386295 0.389988
v -0.316628 -0.808291 0.326331
v 0.309169 -0.810942 0.331878
v -0.317759 -0.803356 0.333139
v -0.295535 -0.807094 0.331759
v 0.299013 -0.807073 0.333321
v 0.294868 -0.797821 0.340921
v 0.304148 -0.800530 0.327229
v 0.309797 -0.800558 0.333089
v -0.295341 -0.795868 0.327618
v -0.203669 -0.801241 0.369351
v -0.284418 -0.791229 0.328983
v 0.220417 -0.783230 0.339704
v 0.267369 -0.789700 0.356653
v -0.243461 -0.777178 0.323790
v -0.249751 -0.776419 0.326504
v -0.243751 -0.773177 0.326519
v 0.240578 -0.772009 0.326785
v -0.597623 -0.724413 0.350667
v 0.633620 -0.677692 0.343055
v 0.572673 -0.553351 0.335498
v 0.543519 -0.545772 0.336337
v 0.551080 -0.541322 0.327040
v 0.551015 -0.499423 0.357917
v 0.587857 -0.303095 0.377819
v -0.607310 -0.220556 0.350313
v -0.365167 -0.940008 0.378475
v -0.399136 -0.926223 0.361501
v -0.316849 -0.806136 0.334945
v -0.289908 -0.797018 0.326094
v 0.240660 -0.795187 0.338287
v -0.239163 -0.771534 0.331159
v 0.231154 -0.772775 0.329411
v -0.231432 -0.767741 0.335217
v 0.232702 -0.769257 0.330275
v -0.624284 -0.591789 0.339342
v 0.587942 -0.564164 0.346837
v -0.544970 -0.545427 0.337457
v 0.571767 -0.389546 0.381725
v 0.594759 -0.185153 0.362801
v -0.557090 -0.012105 0.358094
v 0.383512 -0.808541 0.355808
v -0.291147 -0.807547 0.335714
v -0.206205 -0.783085 0.348835
v -0.222062 -0.768695 0.336728
v -0.515662 -0.749842 0.354110
v 0.214978 -0.755940 0.347146
v -0.626944 -0.696766 0.343092
v -0.636087 -0.631965 0.350739
v 0.382019 -0.866598 0.362105
v 0.342902 -0.847121 0.378448
v 0.309976 -0.805829 0.372104
v 0.445706 -0.781806 0.354355
v -0.230428 -0.766115 0.339914
v 0.217861 -0.759011 0.342505
v -0.574726 -0.737742 0.346917
v 0.576552 -0.734495 0.350712
v 0.630660 -0.624400 0.354531
v -0.567056 -0.554876 0.346759
v -0.586558 -0.353981 0.369899
v 0.503914 0.087698 0.358089
v 0.412253 0.180739 0.385575
v -0.187347 0.350398 0.416481
v 0.397151 -0.900738 0.365050
v -0.354712 -0.810961 0.360139
v -0.253877 -0.784531 0.372064
v 0.174301 -0.767239 0.362853
v -0.216845 -0.758876 0.346608
v -0.212090 -0.759234 0.345445
v 0.213737 -0.759976 0.342747
v 0.599387 -0.719581 0.354468
v 0.633788 -0.651110 0.354538
v 0.615692 -0.605297 0.365902
v 0.561346 -0.557974 0.354409
v -0.538504 -0.549674 0.346664
v 0.539475 -0.545063 0.342194
v 0.536457 -0.550372 0.344825
v 0.531317 -0.538601 0.358107
v -0.530649 -0.553080 0.353595
v 0.318834 0.299253 0.368321
v 0.271628 0.339370 0.373332
v 0.375137 -0.941624 0.362980
v 0.391823 -0.922721 0.369506
v -0.384299 -0.908216 0.381905
v 0.319612 -0.832201 0.374236
v 0.193266 -0.791921 0.360338
v -0.458653 -0.770760 0.361343
v 0.621451 -0.689134 0.358261
v -0.535685 -0.507736 0.373666
v 0.576026 -0.141879 0.381727
v -0.018630 0.506688 0.364659
v -0.325309 -0.850703 0.398161
v -0.372473 -0.855041 0.362067
v -0.323579 -0.808443 0.375969
v -0.381623 -0.808233 0.363552
v -0.296476 -0.801905 0.364538
v 0.209649 -0.801669 0.366431
v -0.191630 -0.795871 0.366229
v -0.208580 -0.754843 0.349843
v 0.206685 -0.751039 0.355464
v 0.513572 -0.749473 0.354193
v -0.624431 -0.673885 0.366143
v -0.631351 -0.650983 0.362021
v -0.628071 -0.616751 0.358275
v 0.603449 -0.582455 0.358252
v 0.543227 -0.012100 0.375015
v -0.389655 -0.885646 0.369520
v -0.176027 -0.768621 0.361749
v -0.435978 -0.779111 0.369801
v 0.188428 -0.758449 0.359675
v -0.203778 -0.751811 0.355077
v -0.217977 -0.759497 0.372562
v -0.196764 -0.760045 0.353326
v 0.200790 -0.752400 0.355249
v 0.211319 -0.754282 0.365229
v 0.587992 -0.573305 0.362022
v -0.593794 -0.575856 0.362050
v 0.528509 -0.553963 0.352680
v -0.328480 0.231159 0.420469
v -0.250083 0.361755 0.372653
v 0.375172 -0.803534 0.386602
v 0.251986 -0.781991 0.368120
v 0.157903 -0.777138 0.367795
v -0.186543 -0.763914 0.357547
v -0.188140 -0.759108 0.359231
v -0.508134 -0.739075 0.368686
v -0.439467 -0.752473 0.387168
v -0.209188 -0.754544 0.364352
v -0.198662 -0.754512 0.360509
v 0.576556 -0.715411 0.376922
v -0.618188 -0.601522 0.362073
v -0.567176 -0.567179 0.367886
v 0.524021 -0.552900 0.357899
v 0.582141 -0.244152 0.389076
v -0.537415 -0.060247 0.409225
v -0.525628 0.007569 0.389551
v 0.506593 0.003587 0.413148
v 0.452794 0.141318 0.375799
v 0.273100 -0.945552 0.426495
v -0.372088 -0.870442 0.377474
v -0.313897 -0.829281 0.374308
v 0.241164 -0.821633 0.402031
v -0.392520 -0.795587 0.390121
v -0.166026 -0.771841 0.366319
v -0.168230 -0.771081 0.371155
v -0.571034 -0.722134 0.373420
v -0.620501 -0.632035 0.374600
v 0.516776 -0.561185 0.361992
v -0.522194 -0.556779 0.359679
v -0.515226 -0.560260 0.365942
v 0.377595 -0.904533 0.386121
v 0.358084 -0.889426 0.399651
v -0.159675 -0.781314 0.368663
v 0.169886 -0.771321 0.372988
v 0.481931 -0.747717 0.369044
v 0.449730 -0.755992 0.376959
v 0.222194 -0.762463 0.388776
v -0.601438 -0.704394 0.371535
v 0.618952 -0.666268 0.373494
v -0.618939 -0.658667 0.377270
v 0.618172 -0.647209 0.377019
v -0.605240 -0.597733 0.373501
v 0.599382 -0.601507 0.379503
v 0.512807 -0.564976 0.364509
v 0.565108 -0.575282 0.376814
v 0.553690 -0.569576 0.373415
v 0.570711 -0.200924 0.401405
v 0.091092 0.425642 0.400351
v -0.322307 -0.943929 0.402574
v -0.327105 -0.806373 0.402850
v -0.262810 -0.828581 0.405379
v 0.141679 -0.790855 0.380080
v 0.156769 -0.781470 0.369894
v -0.155795 -0.776127 0.370794
v 0.154330 -0.775335 0.371391
v -0.460089 -0.740582 0.381271
v 0.510267 -0.727975 0.376241
v 0.561451 -0.715770 0.381844
v 0.596250 -0.700581 0.377302
v -0.612816 -0.685870 0.373745
v -0.512135 -0.568797 0.369083
v 0.534661 -0.576190 0.381066
v -0.545267 -0.424852 0.393090
v -0.556741 -0.334303 0.416562
v -0.582532 -0.318701 0.385679
v -0.557097 -0.283355 0.425590
v -0.580647 -0.157623 0.381726
v 0.028341 0.453597 0.393529
v 0.149757 -0.785764 0.373256
v -0.151732 -0.786828 0.373528
v -0.146348 -0.780880 0.374290
v 0.144831 -0.779777 0.375125
v -0.152034 -0.776099 0.375739
v -0.158876 -0.777191 0.376935
v -0.228897 -0.767333 0.396348
v 0.603189 -0.620540 0.385978
v 0.503047 -0.578851 0.372516
v 0.481110 -0.591585 0.376884
v 0.509982 -0.570177 0.367478
v -0.500089 -0.576211 0.371832
v 0.358666 -0.933476 0.393601
v -0.368082 -0.926291 0.393082
v 0.372584 -0.922761 0.389019
v 0.279065 -0.796036 0.387586
v 0.136785 -0.785100 0.378240
v -0.151163 -0.781950 0.382661
v -0.144211 -0.779360 0.378672
v -0.139690 -0.785564 0.376392
v 0.146651 -0.782376 0.383011
v 0.189460 -0.776558 0.389711
v -0.559620 -0.712071 0.386168
v 0.599374 -0.685296 0.384216
v 0.607043 -0.647185 0.387295
v -0.605321 -0.635773 0.389274
v -0.460842 -0.619005 0.374951
v -0.464855 -0.611639 0.376905
v -0.473232 -0.607652 0.375139
v -0.473032 -0.603899 0.376607
v -0.477466 -0.603995 0.375589
v 0.450839 -0.627237 0.375341
v 0.487098 -0.592880 0.373721
v -0.488168 -0.587297 0.375097
v -0.488223 -0.591550 0.376291
v -0.578577 -0.585329 0.381899
v -0.458783 0.090139 0.413156
v 0.460675 0.078987 0.417074
v 0.339580 -0.866669 0.401083
v -0.288742 -0.799693 0.395364
v -0.136362 -0.793971 0.384425
v 0.133014 -0.789330 0.380377
v 0.122596 -0.793980 0.387837
v 0.267705 -0.786154 0.410114
v -0.131831 -0.790993 0.384257
v -0.125559 -0.785240 0.382072
v 0.134108 -0.785818 0.381682
v 0.146280 -0.785684 0.386762
v -0.140904 -0.780954 0.384619
v -0.128355 -0.781605 0.383728
v 0.170156 -0.791950 0.409111
v 0.433326 -0.763925 0.383234
v 0.454034 -0.729182 0.387053
v -0.505058 -0.705557 0.388305
v -0.601488 -0.670136 0.389775
v -0.437635 -0.640144 0.378568
v -0.441033 -0.635508 0.377216
v -0.449886 -0.648679 0.383984
v 0.435171 -0.640171 0.378316
v 0.427162 -0.640976 0.380467
v -0.453305 -0.627419 0.375454
v -0.444136 -0.630495 0.377445
v -0.439894 -0.629394 0.381017
v 0.464360 -0.632794 0.381226
v 0.508167 -0.612698 0.395896
v -0.551952 -0.579427 0.384148
v 0.519807 -0.503558 0.395983
v 0.532297 -0.456395 0.405893
v 0.537487 -0.086854 0.417072
v 0.523570 -0.035683 0.413134
v 0.295970 -0.838774 0.401557
v 0.325206 -0.806758 0.399088
v 0.336536 -0.804188 0.410460
v 0.129922 -0.800682 0.394219
v 0.138981 -0.808081 0.411463
v -0.120175 -0.789030 0.386176
v 0.118005 -0.789536 0.385768
v -0.124516 -0.785682 0.385799
v -0.132698 -0.784634 0.389128
v -0.127613 -0.786137 0.387618
v 0.130911 -0.784710 0.387853
v 0.138661 -0.786849 0.392460
v 0.470597 -0.713487 0.387109
v 0.561482 -0.704393 0.390670
v -0.590060 -0.681565 0.392861
v -0.424948 -0.643737 0.380882
v 0.414902 -0.647589 0.382698
v -0.482313 -0.647675 0.390468
v 0.461334 -0.586087 0.397151
v -0.563352 -0.593657 0.392557
v -0.521497 -0.586142 0.386810
v -0.558024 -0.232357 0.424988
v 0.326847 0.235989 0.416163
v -0.342364 -0.803965 0.410412
v 0.122863 -0.797269 0.390103
v -0.137117 -0.785980 0.391192
v -0.136818 -0.790609 0.401135
v -0.133279 -0.790284 0.395235
v -0.130081 -0.786042 0.393432
v -0.123709 -0.796229 0.389745
v -0.107637 -0.789617 0.389673
v 0.122243 -0.788184 0.392734
v 0.122785 -0.788856 0.390288
v -0.125124 -0.787742 0.397086
v -0.121611 -0.784891 0.391979
v -0.113051 -0.784592 0.391564
v 0.242355 -0.767505 0.419530
v -0.440543 -0.710366 0.396835
v 0.507603 -0.678009 0.396813
v -0.574826 -0.692960 0.394340
v 0.430526 -0.676103 0.395817
v 0.397911 -0.653154 0.393150
v 0.458979 -0.682910 0.391428
v 0.488210 -0.651447 0.393033
v 0.591808 -0.643449 0.397135
v -0.404049 -0.647786 0.390318
v -0.506427 -0.608868 0.393240
v 0.584208 -0.601136 0.388663
v -0.582973 -0.605315 0.392507
v -0.463456 -0.562512 0.411166
v 0.515722 -0.597583 0.392451
v -0.498406 -0.535102 0.400173
v 0.562914 -0.350237 0.405252
v 0.122548 0.350622 0.439707
v 0.127293 -0.948810 0.462516
v -0.348369 -0.900740 0.412446
v -0.278340 -0.841682 0.417223
v -0.192039 -0.822351 0.425672
v -0.132643 -0.802568 0.401426
v -0.281177 -0.792217 0.418442
v -0.128628 -0.798518 0.393585
v -0.121414 -0.799033 0.394291
v -0.109187 -0.793684 0.392430
v 0.110618 -0.794584 0.391168
v 0.106695 -0.791579 0.392454
v 0.111016 -0.798021 0.395537
v -0.112857 -0.788274 0.393624
v -0.112458 -0.790690 0.397581
v -0.113027 -0.787551 0.396113
v -0.106559 -0.794764 0.396393
v -0.106270 -0.789780 0.390466
v -0.097467 -0.792938 0.393262
v -0.092664 -0.788827 0.393661
v 0.119309 -0.788455 0.395898
v 0.127039 -0.791619 0.398925
v 0.138689 -0.800915 0.417260
v -0.101908 -0.784287 0.395293
v -0.195325 -0.782423 0.405021
v -0.383212 -0.767703 0.433042
v -0.239664 -0.771658 0.423727
v -0.439416 -0.733326 0.394475
v -0.465052 -0.686703 0.390889
v 0.437600 -0.710386 0.397716
v 0.546355 -0.692934 0.398060
v 0.471290 -0.678886 0.391113
v -0.586932 -0.654838 0.400363
v -0.424368 -0.680086 0.400925
v -0.517900 -0.628045 0.402841
v 0.576041 -0.620569 0.400063
v 0.546118 -0.590454 0.392435
v 0.557540 -0.620538 0.404624
v 0.405575 0.149208 0.419901
v 0.308204 -0.941578 0.418039
v -0.335100 -0.870448 0.408811
v -0.352862 -0.782581 0.448872
v 0.134285 -0.809601 0.420739
v 0.114467 -0.796764 0.396000
v 0.126362 -0.797688 0.393068
v -0.126185 -0.789940 0.401192
v -0.129555 -0.792878 0.403001
v -0.109220 -0.798841 0.398857
v -0.117145 -0.799985 0.398929
v -0.097711 -0.796337 0.396839
v 0.091505 -0.792877 0.396703
v 0.095345 -0.797572 0.398492
v 0.108219 -0.797758 0.400466
v 0.110559 -0.791781 0.401932
v 0.127349 -0.792815 0.400754
v -0.132746 -0.798228 0.418026
v -0.117625 -0.791330 0.403245
v -0.109645 -0.787876 0.400000
v -0.098937 -0.786126 0.401262
v -0.102804 -0.790217 0.401867
v -0.093236 -0.793761 0.396562
v -0.089838 -0.795778 0.399194
v -0.077558 -0.789483 0.396234
v 0.103980 -0.788842 0.400098
v 0.095212 -0.789174 0.398188
v -0.083078 -0.782065 0.398303
v -0.078231 -0.785368 0.394087
v -0.065811 -0.785140 0.396073
v -0.071273 -0.778191 0.398155
v -0.061252 -0.774197 0.399408
v -0.058777 -0.776262 0.395637
v -0.046601 -0.776480 0.396810
v -0.054336 -0.773791 0.397668
v -0.552123 -0.685293 0.401961
v 0.568927 -0.685363 0.398834
v 0.584228 -0.662513 0.400085
v 0.391283 -0.653379 0.402111
v 0.408996 -0.676613 0.408587
v 0.392730 -0.646664 0.396503
v -0.393249 -0.648495 0.401740
v -0.394682 -0.641796 0.401630
v -0.586216 -0.631985 0.399714
v -0.525419 -0.609007 0.399944
v -0.548141 -0.601500 0.398806
v 0.484815 -0.534989 0.411225
v 0.429186 0.121674 0.418214
v -0.324840 -0.915577 0.430205
v 0.288924 -0.851357 0.421495
v -0.300373 -0.795864 0.430155
v -0.129285 -0.807497 0.414172
v -0.120716 -0.802536 0.405314
v 0.099648 -0.797042 0.400260
v 0.111479 -0.802557 0.403563
v 0.099857 -0.802776 0.407606
v 0.130877 -0.803720 0.403778
v -0.133447 -0.794375 0.406748
v -0.110553 -0.793110 0.406729
v -0.110225 -0.790876 0.404757
v -0.102022 -0.800146 0.402660
v 0.072486 -0.795647 0.401407
v 0.092189 -0.798681 0.403565
v 0.083558 -0.800673 0.405530
v 0.097114 -0.793176 0.407259
v 0.111591 -0.792092 0.403714
v 0.131006 -0.795761 0.406856
v -0.102763 -0.792217 0.409235
v -0.094420 -0.787027 0.403282
v -0.091317 -0.789016 0.406726
v 0.068316 -0.790041 0.397649
v 0.077523 -0.787671 0.397967
v 0.077602 -0.796173 0.403686
v 0.081949 -0.787651 0.404301
v 0.092119 -0.788837 0.404011
v 0.079832 -0.788206 0.401475
v -0.249208 -0.772881 0.422748
v -0.179914 -0.797393 0.428588
v -0.030474 -0.792330 0.404144
v 0.069649 -0.782969 0.403985
v 0.064348 -0.783669 0.396283
v -0.067275 -0.778518 0.403174
v 0.046959 -0.774167 0.403149
v 0.048746 -0.780622 0.397123
v 0.040975 -0.776494 0.397608
v -0.051435 -0.772161 0.403450
v -0.043364 -0.771296 0.398699
v 0.009194 -0.761613 0.400907
v -0.028412 -0.762102 0.402914
v -0.031048 -0.768218 0.398306
v 0.017860 -0.761459 0.402997
v -0.015090 -0.761866 0.400481
v -0.529347 -0.666241 0.405294
v 0.546194 -0.666185 0.406982
v 0.515921 -0.643212 0.403663
v -0.559555 -0.616787 0.403672
v 0.534720 -0.609009 0.401585
v -0.470420 -0.432593 0.470958
v 0.554295 -0.251970 0.427963
v -0.550949 -0.149760 0.421054
v -0.458803 0.035062 0.449799
v -0.356515 0.184314 0.436676
v 0.374096 0.200466 0.405756
v -0.096019 0.315057 0.471987
v -0.306140 -0.936949 0.429332
v -0.125488 -0.810852 0.423662
v 0.118396 -0.800455 0.403963
v 0.115350 -0.806288 0.411593
v 0.286989 -0.787540 0.437829
v -0.098541 -0.803610 0.410787
v 0.107991 -0.801496 0.409073
v 0.110332 -0.795625 0.410898
v -0.099399 -0.790182 0.408980
v 0.087840 -0.791656 0.405895
v 0.084121 -0.791090 0.411172
v 0.099867 -0.792153 0.407757
v 0.088557 -0.803157 0.410742
v 0.077923 -0.788262 0.408344
v -0.059821 -0.788730 0.436320
v -0.002672 -0.755241 0.406656
v -0.412227 -0.722102 0.420760
v -0.521755 -0.650912 0.405376
v 0.576580 -0.647217 0.403709
v -0.403173 -0.668814 0.413617
v 0.384349 -0.647223 0.409671
v -0.427210 -0.577816 0.424829
v 0.523429 -0.628002 0.404659
v -0.540524 -0.624372 0.406680
v 0.527732 -0.413144 0.427662
v 0.275820 0.204398 0.477515
v -0.089275 0.386292 0.425160
v 0.326891 -0.878064 0.418216
v -0.285912 -0.866663 0.437624
v 0.317311 -0.799587 0.426198
v -0.113748 -0.806986 0.415549
v -0.108560 -0.801864 0.407854
v 0.106879 -0.803176 0.407512
v 0.336146 -0.795776 0.433670
v -0.124964 -0.795740 0.412579
v -0.121810 -0.795572 0.411465
v -0.120878 -0.802747 0.408890
v -0.111068 -0.797483 0.415156
v -0.113095 -0.796236 0.409791
v -0.106525 -0.802979 0.413518
v 0.096408 -0.801516 0.413384
v 0.098243 -0.795480 0.414718
v 0.107445 -0.797032 0.410426
v 0.102882 -0.800358 0.407864
v -0.101910 -0.794954 0.415579
v 0.080218 -0.799809 0.409019
v -0.413886 -0.699212 0.416861
v -0.555861 -0.662493 0.407699
v 0.538608 -0.643369 0.408507
v -0.540640 -0.643316 0.408929
v 0.523537 -0.141912 0.450526
v -0.411632 0.100906 0.452444
v -0.332850 -0.926252 0.421228
v 0.314949 -0.911949 0.435922
v 0.330092 -0.897009 0.423789
v -0.289669 -0.885691 0.446438
v 0.282842 -0.874316 0.443589
v 0.127213 -0.804989 0.412068
v 0.119190 -0.809590 0.418857
v 0.108225 -0.805976 0.416189
v 0.112348 -0.801274 0.419283
v 0.130697 -0.801088 0.413814
v -0.109685 -0.795598 0.415594
v 0.089576 -0.794400 0.417260
v 0.103953 -0.796318 0.415978
v -0.101955 -0.799358 0.426949
v -0.397187 -0.733336 0.437001
v 0.417157 -0.705044 0.412657
v -0.394955 -0.664122 0.426443
v 0.382673 -0.648725 0.422959
v -0.147811 0.344198 0.436574
v 0.307159 -0.922650 0.438812
v 0.225328 -0.829988 0.425408
v -0.116468 -0.806817 0.416041
v -0.128515 -0.805711 0.412576
v 0.114786 -0.805426 0.415626
v -0.129441 -0.799558 0.419435
v -0.121000 -0.800705 0.417621
v -0.114768 -0.801893 0.423104
v -0.110322 -0.806004 0.421227
v -0.097412 -0.806396 0.420868
v 0.083787 -0.801153 0.412539
v 0.084481 -0.807919 0.423487
v 0.100283 -0.805200 0.421009
v 0.101036 -0.801920 0.423402
v 0.119070 -0.800772 0.418707
v 0.127027 -0.800072 0.419185
v 0.085323 -0.796707 0.421355
v 0.224323 -0.784919 0.444196
v 0.377588 -0.763790 0.441153
v -0.383520 -0.643898 0.426953
v 0.379759 -0.643123 0.426460
v 0.433069 -0.554537 0.434972
v 0.508209 -0.452411 0.431341
v -0.517763 -0.114410 0.452095
v 0.496029 -0.031755 0.443475
v 0.126674 -0.815163 0.433269
v -0.102481 -0.809034 0.422574
v 0.102768 -0.807118 0.418979
v 0.111563 -0.810292 0.423336
v 0.127494 -0.809234 0.424942
v 0.134351 -0.806083 0.427066
v -0.117437 -0.799794 0.423010
v -0.137159 -0.804262 0.429771
v -0.105262 -0.800776 0.421198
v 0.099225 -0.805439 0.419538
v 0.103356 -0.800837 0.422544
v 0.119574 -0.801016 0.423987
v 0.138119 -0.803304 0.427727
v 0.205028 -0.797787 0.459620
v 0.038222 -0.781894 0.432432
v -0.392166 -0.717654 0.453797
v 0.392033 -0.675576 0.446580
v -0.380167 -0.634796 0.437997
v 0.378096 -0.639822 0.435076
v -0.470362 -0.385375 0.492048
v 0.456726 0.042943 0.445155
v 0.036261 0.358571 0.449921
v 0.122438 -0.808414 0.423680
v 0.123048 -0.814580 0.430609
v -0.128507 -0.804849 0.424657
v -0.126033 -0.805743 0.431151
v -0.111942 -0.810626 0.427645
v 0.104046 -0.810069 0.427946
v 0.108721 -0.806266 0.431327
v -0.168367 -0.805132 0.447942
v -0.122214 -0.803103 0.430877
v -0.069887 -0.821177 0.457238
v 0.103964 -0.800817 0.427811
v 0.158488 -0.805827 0.444067
v 0.081257 -0.798289 0.431544
v -0.250892 -0.771024 0.447216
v -0.040422 -0.780158 0.440080
v 0.397982 -0.691241 0.433665
v -0.462070 -0.471962 0.459828
v 0.532349 -0.350157 0.441344
v 0.322992 0.190645 0.456308
v -0.250734 -0.852984 0.444413
v -0.116785 -0.816630 0.437547
v 0.107417 -0.808708 0.427873
v 0.111843 -0.814484 0.435663
v -0.125115 -0.803481 0.430528
v -0.112847 -0.805525 0.428599
v -0.115072 -0.805174 0.433782
v -0.110863 -0.809397 0.433810
v 0.096392 -0.809848 0.432550
v 0.084487 -0.811880 0.434505
v 0.097302 -0.806155 0.435956
v 0.111215 -0.805079 0.429871
v -0.109508 -0.803364 0.434257
v 0.391169 -0.737137 0.441134
v -0.378538 -0.627472 0.449720
v 0.543003 -0.283359 0.440647
v 0.507670 -0.075304 0.448444
v 0.209026 0.220166 0.501351
v -0.254880 -0.937692 0.456839
v 0.264444 -0.936609 0.452620
v 0.094933 -0.811239 0.431475
v 0.126321 -0.814668 0.436197
v -0.107128 -0.805038 0.437094
v 0.089850 -0.804147 0.440263
v 0.095377 -0.805177 0.433325
v 0.107465 -0.804018 0.434745
v 0.130502 -0.806667 0.439558
v 0.302240 -0.782812 0.461200
v 0.332206 -0.758782 0.512863
v -0.268640 -0.769483 0.457838
v 0.264627 -0.765996 0.466775
v -0.393228 -0.671238 0.467043
v -0.382088 -0.640707 0.439247
v 0.375900 -0.631323 0.446584
v 0.460635 -0.470341 0.460340
v -0.258212 0.216388 0.479968
v -0.158293 0.333520 0.442105
v -0.289734 -0.904546 0.451733
v 0.291504 -0.885678 0.444525
v -0.183985 -0.839806 0.456746
v 0.100236 -0.814681 0.438316
v 0.118820 -0.808024 0.437488
v 0.114464 -0.813648 0.435483
v 0.108584 -0.809781 0.443866
v -0.118669 -0.807928 0.445486
v 0.044221 -0.823951 0.466035
v -0.307992 -0.784703 0.461214
v -0.063710 -0.798123 0.467487
v -0.383619 -0.752836 0.445199
v 0.533057 -0.216642 0.452490
v -0.136744 -0.829453 0.456846
v 0.104411 -0.807105 0.443338
v 0.097129 -0.807684 0.449409
v -0.208546 -0.797780 0.475064
v -0.396066 -0.686993 0.446283
v 0.397448 -0.586086 0.460954
v -0.521738 -0.271500 0.468154
v -0.517981 -0.189091 0.468480
v -0.482368 -0.071493 0.475931
v -0.466668 -0.027860 0.474289
v 0.425301 0.078326 0.453443
v -0.136635 0.345181 0.443273
v -0.109971 0.346119 0.447047
v 0.209708 -0.941529 0.469213
v -0.262332 -0.929817 0.461033
v 0.224901 -0.870517 0.468837
v -0.338005 -0.754811 0.520940
v -0.440841 -0.527018 0.448898
v -0.216276 0.255329 0.472416
v -0.178682 0.310882 0.449159
v -0.166390 0.325675 0.446281
v -0.165574 0.329769 0.458256
v -0.143750 0.346105 0.452061
v -0.114802 0.346427 0.451488
v -0.026706 -0.946918 0.489895
v -0.238640 -0.885732 0.471689
v 0.142536 -0.836078 0.464616
v 0.119630 -0.812683 0.475103
v 0.181851 -0.806527 0.471139
v 0.053726 -0.798307 0.467447
v -0.002405 -0.767919 0.475150
v 0.281731 -0.762306 0.485801
v 0.522932 -0.310746 0.459409
v 0.452807 -0.019956 0.482226
v -0.125562 0.350975 0.455610
v 0.263941 -0.908185 0.464732
v 0.158138 -0.858679 0.483960
v 0.154660 -0.810515 0.467255
v -0.387908 -0.640349 0.467812
v 0.384791 -0.640443 0.467866
v -0.377873 -0.623200 0.454539
v -0.461836 -0.310779 0.522576
v -0.185848 0.297787 0.457991
v 0.150184 0.224099 0.520434
v -0.151151 0.341707 0.457836
v -0.103335 0.340089 0.453862
v -0.136054 0.348956 0.457909
v -0.149013 -0.946497 0.473989
v 0.146883 -0.945669 0.477791
v 0.388656 -0.709721 0.466267
v 0.391154 -0.686508 0.470788
v -0.393233 -0.690265 0.474749
v 0.394261 -0.674491 0.491357
v 0.412978 -0.531043 0.485439
v -0.099767 0.335945 0.457336
v -0.107859 0.345488 0.465760
v -0.117949 0.350089 0.461833
v 0.059856 0.259667 0.514055
v -0.006930 0.330852 0.469342
v 0.236621 -0.926189 0.474218
v 0.224773 -0.885682 0.476778
v -0.106234 -0.810592 0.475183
v 0.354271 -0.750661 0.508993
v -0.262843 -0.767968 0.466786
v -0.007515 -0.769716 0.506335
v -0.373247 -0.747912 0.473556
v 0.367525 -0.743653 0.493563
v -0.389000 -0.709232 0.486447
v 0.373847 -0.612048 0.471027
v 0.375339 -0.602438 0.473152
v 0.488402 -0.377487 0.474111
v 0.490293 -0.232329 0.499623
v -0.305797 0.133452 0.511416
v -0.181466 0.306689 0.466358
v -0.238487 -0.915551 0.477022
v -0.164058 -0.866676 0.488755
v 0.055924 -0.839911 0.488100
v -0.183757 -0.806072 0.474995
v 0.389612 -0.565778 0.487734
v 0.480294 -0.090773 0.482621
v -0.384294 0.082551 0.488175
v -0.201815 0.271366 0.469848
v -0.113735 0.339093 0.476462
v 0.197404 -0.929835 0.487737
v 0.220831 -0.919181 0.483052
v -0.058056 -0.831291 0.476546
v 0.088424 -0.810335 0.486761
v -0.083050 -0.807323 0.498513
v 0.209008 -0.798743 0.490449
v -0.393418 -0.562496 0.488167
v -0.198716 0.263572 0.495867
v -0.099832 0.320166 0.472998
v -0.104264 0.335022 0.476406
v -0.128671 0.319056 0.488013
v -0.168332 -0.938998 0.488466
v -0.219897 -0.929814 0.479824
v -0.006892 -0.833798 0.484268
v -0.396556 -0.659209 0.487759
v -0.403409 -0.616740 0.523142
v -0.394586 -0.605350 0.511677
v -0.373707 -0.587954 0.489934
v 0.489965 -0.255765 0.499649
v 0.488812 -0.185220 0.496295
v -0.226489 0.204557 0.504980
v -0.171459 0.284299 0.495547
v 0.181620 -0.874333 0.487159
v -0.109079 -0.851791 0.491299
v -0.133368 -0.813279 0.494532
v 0.030004 -0.790149 0.502472
v -0.279129 -0.762775 0.489909
v 0.383561 -0.716786 0.494282
v 0.373535 -0.604458 0.479212
v -0.487901 -0.189142 0.499628
v 0.350575 0.109829 0.495096
v -0.219938 0.244033 0.481237
v -0.213025 0.254879 0.486407
v -0.164394 -0.810468 0.498252
v -0.063738 -0.800731 0.510177
v 0.428936 -0.432282 0.519542
v 0.456743 -0.130124 0.515361
v 0.440917 -0.055337 0.507390
v -0.106535 0.292019 0.485395
v -0.104965 0.317223 0.484375
v 0.185455 -0.897061 0.495180
v 0.131137 -0.812153 0.505862
v -0.226561 -0.789946 0.498251
v 0.061383 -0.803981 0.506247
v 0.386812 -0.597720 0.508007
v 0.372908 -0.592469 0.490458
v 0.372654 -0.590955 0.485690
v -0.470628 -0.232307 0.519735
v -0.443523 -0.082905 0.515774
v -0.112596 0.301917 0.491992
v -0.073718 0.247808 0.520575
v -0.110811 0.323511 0.486574
v -0.183571 -0.900811 0.497209
v -0.046179 -0.849543 0.499576
v 0.174019 -0.804139 0.517121
v -0.014852 -0.941865 0.508721
v 0.079675 -0.942594 0.500892
v 0.134666 -0.936763 0.500301
v -0.138807 -0.933114 0.503567
v -0.175805 -0.926280 0.497500
v -0.199286 -0.915616 0.492535
v 0.091170 -0.874367 0.510557
v -0.102271 -0.810641 0.513928
v -0.377228 -0.727856 0.517939
v -0.375787 -0.574683 0.495914
v -0.372686 -0.584039 0.493746
v -0.368921 -0.573047 0.504746
v 0.369554 -0.579347 0.497624
v -0.422925 -0.012116 0.507076
v 0.358212 0.046862 0.527160
v -0.217911 0.236817 0.500646
v -0.114553 0.280470 0.491835
v -0.118759 0.304439 0.495953
v 0.154001 -0.915549 0.506461
v 0.092226 -0.809394 0.517612
v -0.409013 -0.670011 0.542208
v 0.407493 -0.662418 0.530830
v -0.371294 -0.580889 0.498038
v 0.368814 -0.577624 0.506558
v 0.397522 -0.529817 0.503816
v 0.444707 -0.371871 0.523459
v 0.401670 0.003618 0.515860
v 0.275017 0.129492 0.531074
v 0.248343 0.188619 0.504981
v -0.206936 0.193201 0.522129
v 0.130568 0.187876 0.550106
v 0.125050 -0.926290 0.510781
v -0.109004 -0.866666 0.502924
v -0.133183 -0.810226 0.525301
v -0.278367 -0.759177 0.537349
v -0.002169 -0.769894 0.506357
v -0.360205 -0.746132 0.513415
v 0.374504 -0.724009 0.561009
v 0.399570 -0.692840 0.549791
v -0.418291 -0.479960 0.511742
v -0.436238 -0.436695 0.511807
v -0.137820 0.240603 0.513723
v -0.123322 0.273077 0.497712
v -0.132489 -0.911932 0.512641
v 0.048057 -0.862852 0.509737
v -0.014779 -0.859010 0.509474
v -0.367253 -0.568289 0.508777
v 0.393844 -0.059281 0.546793
v -0.138267 0.276677 0.507486
v -0.061910 -0.933176 0.517525
v 0.118670 -0.893332 0.512815
v -0.050072 -0.866606 0.512295
v -0.187564 -0.800805 0.521157
v 0.399765 -0.612905 0.519453
v -0.365628 -0.569946 0.514339
v 0.366188 -0.571416 0.515769
v 0.362151 -0.560871 0.516000
v 0.374123 -0.503560 0.537394
v -0.214002 0.213931 0.515484
v 0.078215 -0.933282 0.515221
v -0.105032 -0.922721 0.516832
v 0.026263 -0.786220 0.529680
v 0.232789 -0.778979 0.536512
v -0.410712 -0.647239 0.534667
v 0.409297 -0.635742 0.538297
v -0.435641 -0.365896 0.535682
v 0.456648 -0.310804 0.525682
v 0.417420 -0.090740 0.538160
v -0.384136 -0.027867 0.544110
v 0.307306 0.086221 0.538791
v -0.188610 0.236467 0.519242
v -0.135190 0.257134 0.508185
v -0.085360 -0.904533 0.521557
v -0.093258 -0.885706 0.515543
v -0.090575 -0.804019 0.540930
v 0.049759 -0.797767 0.529549
v 0.272294 -0.761165 0.541028
v -0.392103 -0.590169 0.534463
v -0.361650 -0.565394 0.517452
v 0.360969 -0.565892 0.518403
v -0.407558 -0.432800 0.541016
v 0.460656 -0.267618 0.526760
v -0.344776 0.038958 0.541779
v 0.000951 -0.929716 0.523734
v 0.091227 -0.922719 0.518880
v 0.087289 -0.900821 0.520412
v -0.018660 -0.889437 0.525094
v 0.130968 -0.807083 0.528811
v -0.398683 -0.696724 0.553600
v 0.395568 -0.597806 0.530718
v -0.347957 -0.552511 0.533338
v 0.356454 -0.560946 0.520893
v -0.352405 -0.510981 0.550326
v 0.406888 -0.456375 0.531237
v 0.456784 -0.204834 0.528131
v -0.165542 0.229566 0.525642
v -0.061845 -0.922736 0.523423
v 0.016612 -0.919132 0.527556
v 0.055836 -0.889416 0.522036
v 0.324387 -0.746254 0.564650
v 0.403332 -0.612961 0.534523
v 0.385927 -0.582525 0.542100
v 0.357629 -0.561469 0.525236
v -0.450911 -0.283384 0.535914
v 0.433191 -0.149780 0.539299
v 0.197891 0.149190 0.554603
v -0.203449 0.210437 0.522642
v -0.180320 0.221389 0.527276
v -0.146146 0.232884 0.518210
v -0.105148 0.196475 0.550058
v -0.003007 0.204150 0.554474
v -0.034394 -0.915566 0.527419
v 0.008760 -0.897043 0.527240
v -0.160272 -0.801440 0.540327
v -0.352902 -0.558468 0.529446
v 0.353138 -0.557840 0.528218
v 0.346874 -0.553065 0.531943
v 0.063819 0.204400 0.550737
v -0.109662 -0.800057 0.555975
v 0.162245 -0.797511 0.539171
v 0.410006 -0.654845 0.542108
v -0.406554 -0.616813 0.542092
v -0.375302 -0.571705 0.553498
v -0.391837 -0.476068 0.537438
v 0.421321 -0.334476 0.552770
v 0.366296 -0.023936 0.553914
v -0.183887 0.197360 0.529206
v 0.091908 -0.801054 0.548328
v 0.053268 -0.791254 0.560480
v -0.011558 -0.763281 0.592737
v 0.398797 -0.601595 0.549652
v -0.360740 -0.561608 0.545916
v -0.346278 -0.554902 0.537267
v -0.399542 -0.208779 0.574074
v -0.419481 -0.102540 0.541212
v 0.134581 -0.790128 0.559303
v 0.005739 -0.763520 0.596750
v 0.403792 -0.616852 0.560941
v 0.343377 -0.556340 0.568622
v -0.335067 -0.550068 0.543427
v 0.338767 -0.549311 0.539495
v -0.332158 -0.544022 0.546583
v 0.358512 -0.452449 0.568807
v 0.429266 -0.228432 0.552284
v -0.160113 -0.786311 0.562473
v -0.239834 -0.751198 0.569753
v 0.151193 -0.645302 0.543491
v 0.164206 -0.640771 0.542504
v 0.162527 -0.633739 0.543748
v -0.411051 -0.639644 0.553437
v 0.240507 0.082283 0.576204
v 0.249402 -0.754852 0.566680
v -0.356878 -0.732650 0.576200
v -0.390817 -0.707780 0.561094
v 0.408895 -0.647276 0.561009
v 0.124996 -0.643876 0.554726
v 0.172559 -0.636885 0.542741
v 0.183750 -0.627858 0.546534
v -0.398729 -0.601631 0.561054
v 0.389668 -0.589292 0.561002
v -0.332335 -0.547598 0.547315
v 0.393812 -0.393459 0.562027
v -0.255409 -0.754921 0.563432
v 0.407286 -0.670105 0.557259
v -0.409520 -0.666269 0.557200
v 0.130165 -0.647976 0.555965
v 0.192472 -0.624088 0.550421
v -0.387572 -0.586003 0.564868
v -0.345510 -0.556559 0.564939
v -0.325993 -0.550734 0.556240
v -0.388059 -0.358117 0.574971
v 0.303385 0.042938 0.564206
v -0.203328 0.129466 0.565458
v -0.128871 -0.790680 0.567346
v 0.185931 -0.771270 0.563549
v 0.154766 -0.661906 0.570896
v 0.111640 -0.635066 0.566483
v 0.180242 -0.655383 0.570726
v -0.193830 -0.621094 0.553106
v -0.160009 -0.624622 0.556876
v -0.167214 -0.618971 0.554093
v -0.203873 -0.615506 0.554534
v 0.203649 -0.611869 0.555438
v 0.373845 -0.573318 0.564839
v 0.397801 -0.252006 0.576148
v -0.266172 0.071305 0.570831
v -0.031130 -0.763308 0.612025
v -0.211664 -0.760202 0.566558
v 0.358633 -0.732143 0.572469
v 0.393612 -0.696787 0.572373
v 0.137893 -0.657546 0.571591
v 0.122012 -0.645999 0.564084
v -0.405759 -0.624433 0.568595
v 0.102059 -0.621940 0.578793
v -0.197675 -0.618492 0.554499
v -0.209934 -0.612577 0.556274
v -0.222635 -0.605484 0.563045
v -0.217096 -0.603296 0.558864
v -0.303510 -0.551296 0.563051
v -0.309603 -0.544380 0.559321
v 0.311871 -0.545793 0.557804
v -0.352736 -0.456397 0.572237
v -0.403807 -0.299142 0.571616
v 0.397789 -0.303086 0.574312
v 0.346673 -0.118237 0.593958
v -0.332994 -0.082900 0.595116
v -0.344783 -0.016032 0.566463
v -0.330290 -0.744507 0.568502
v 0.405987 -0.654885 0.572328
v -0.406475 -0.647214 0.576276
v 0.114821 -0.639728 0.563621
v 0.205012 -0.633137 0.574813
v -0.197827 -0.645136 0.576880
v -0.133091 -0.620101 0.570368
v -0.175851 -0.558368 0.590044
v 0.212628 -0.608468 0.560908
v 0.218575 -0.600307 0.562513
v -0.228431 -0.591192 0.563635
v -0.368321 -0.577295 0.587695
v 0.296609 -0.548755 0.567184
v 0.328098 -0.554196 0.576320
v -0.325289 -0.472129 0.582103
v -0.380223 -0.255947 0.589149
v 0.389952 -0.185170 0.576832
v 0.362393 -0.086788 0.576821
v -0.301564 0.011449 0.580775
v -0.088885 -0.761415 0.606408
v 0.258016 -0.740304 0.582724
v 0.332012 -0.736313 0.587628
v -0.375640 -0.719383 0.576199
v -0.383495 -0.699987 0.591397
v -0.397493 -0.685331 0.580017
v 0.124791 -0.653874 0.579588
v 0.402795 -0.628228 0.576199
v -0.164480 -0.653028 0.577105
v -0.237709 -0.588587 0.566755
v 0.177739 -0.542694 0.597721
v 0.389038 -0.597744 0.580048
v 0.228323 -0.592860 0.566943
v 0.226376 -0.587337 0.565744
v 0.377640 -0.582902 0.579349
v 0.362453 -0.570064 0.579960
v -0.294542 -0.552956 0.567369
v -0.287666 -0.553614 0.566577
v 0.292758 -0.544557 0.566435
v -0.380193 -0.153691 0.580196
v 0.264125 0.031140 0.590469
v -0.120903 0.129465 0.588828
v 0.126705 0.101941 0.602521
v 0.052044 0.137397 0.593654
v 0.104770 -0.632796 0.575255
v -0.394879 -0.605362 0.580076
v 0.240302 -0.581303 0.570664
v -0.256434 -0.572171 0.570892
v -0.258260 -0.567970 0.569975
v -0.272382 -0.562106 0.570185
v -0.267605 -0.561957 0.570040
v -0.322767 -0.557259 0.583917
v 0.280677 -0.548976 0.569773
v 0.285469 -0.553109 0.571753
v -0.293985 -0.507443 0.583463
v 0.323232 -0.476053 0.580953
v -0.219030 0.074421 0.590223
v 0.122404 -0.771285 0.582506
v 0.059567 -0.764081 0.614929
v -0.196285 -0.729149 0.584851
v -0.126767 -0.663908 0.605097
v -0.139395 -0.637252 0.579152
v -0.395986 -0.632035 0.595235
v -0.218762 -0.636697 0.585801
v 0.265606 -0.556782 0.571496
v -0.264350 -0.564848 0.569209
v 0.262604 -0.562472 0.572914
v 0.268728 -0.551270 0.572461
v 0.278060 -0.554841 0.570597
v 0.309082 -0.556772 0.587606
v 0.378154 -0.362053 0.579604
v -0.341729 -0.727179 0.599012
v 0.354871 -0.725319 0.591393
v 0.372044 -0.712018 0.591348
v 0.381338 -0.692776 0.598747
v 0.174987 -0.683926 0.584491
v 0.128801 -0.672555 0.595272
v 0.100231 -0.628268 0.579519
v 0.385262 -0.612144 0.599523
v -0.383602 -0.605132 0.599028
v -0.243182 -0.538861 0.587153
v 0.319325 -0.397441 0.606272
v 0.331697 -0.310954 0.613901
v 0.319133 -0.055353 0.594401
v 0.307279 -0.008160 0.584613
v -0.010824 0.149187 0.588900
v 0.194383 -0.736782 0.582118
v 0.134025 -0.756114 0.588296
v -0.164071 -0.748689 0.584441
v 0.218523 -0.732619 0.584163
v -0.240867 -0.724328 0.589715
v 0.149935 -0.680475 0.586498
v -0.151600 -0.663769 0.586404
v 0.212787 -0.644326 0.588135
v 0.395714 -0.639642 0.595175
v -0.250958 -0.590201 0.591538
v 0.263707 -0.571659 0.591342
v -0.356836 -0.574267 0.595267
v -0.280958 -0.569527 0.595349
v 0.343404 -0.567667 0.594635
v -0.337909 -0.561695 0.587737
v 0.241084 -0.524345 0.593780
v -0.317457 -0.389566 0.609866
v -0.258319 0.011491 0.602525
v 0.189500 0.066572 0.603885
v -0.326479 -0.733636 0.595171
v 0.190765 -0.710096 0.587893
v 0.250732 -0.724549 0.594113
v -0.364434 -0.713858 0.599022
v 0.153891 -0.710507 0.592436
v 0.204045 -0.675299 0.589765
v -0.197259 -0.683285 0.589048
v -0.201749 -0.663974 0.586205
v -0.394686 -0.654884 0.599031
v 0.228454 -0.659298 0.603444
v -0.231176 -0.655332 0.601753
v 0.092774 -0.620430 0.587673
v 0.093796 -0.615821 0.586356
v -0.103994 -0.598773 0.594535
v -0.107103 -0.609117 0.590769
v 0.362413 -0.578759 0.594576
v -0.299993 -0.563660 0.595060
v 0.293877 -0.559913 0.591346
v -0.352733 -0.299151 0.604311
v 0.363082 -0.232358 0.598250
v -0.340410 -0.133955 0.601794
v -0.278000 -0.035681 0.610650
v -0.034439 0.105875 0.612400
v -0.292318 -0.700533 0.625993
v 0.166239 -0.721879 0.588793
v -0.155937 -0.706563 0.593775
v -0.192739 -0.702387 0.589404
v 0.140630 -0.702939 0.597343
v 0.394173 -0.666315 0.595180
v 0.106905 -0.648636 0.611948
v 0.084971 -0.607294 0.594077
v 0.078586 -0.595545 0.602316
v -0.258398 -0.605639 0.614406
v -0.265842 -0.584483 0.603021
v 0.327134 -0.362043 0.609414
v 0.357806 -0.267708 0.601803
v 0.316788 -0.729433 0.602757
v -0.307525 -0.719472 0.614160
v 0.309292 -0.711998 0.620940
v 0.219640 -0.694004 0.596137
v -0.387010 -0.677678 0.602809
v -0.368302 -0.586301 0.599474
v 0.256071 -0.593421 0.606835
v 0.271138 -0.579665 0.606517
v -0.334077 -0.572931 0.606653
v -0.195713 -0.479710 0.623627
v -0.278284 -0.468159 0.604738
v 0.284067 -0.468132 0.601712
v 0.311342 -0.165447 0.621453
v -0.148394 0.078361 0.610233
v 0.029052 -0.764380 0.615861
v 0.089533 -0.747074 0.617988
v -0.107911 -0.743914 0.609782
v 0.113768 -0.744398 0.604084
v 0.351076 -0.711685 0.610132
v -0.143426 -0.694965 0.598448
v -0.230809 -0.674636 0.601532
v 0.112655 -0.683056 0.619046
v -0.382835 -0.647181 0.614259
v -0.108480 -0.636695 0.615146
v -0.383624 -0.628213 0.610564
v 0.079122 -0.603943 0.599588
v -0.088641 -0.596742 0.602779
v -0.092490 -0.595198 0.599979
v 0.110534 -0.570322 0.608454
v -0.277105 -0.587257 0.614320
v 0.297744 -0.574277 0.610932
v -0.301780 -0.432804 0.606324
v -0.345414 -0.240201 0.609961
v 0.247279 0.003631 0.609669
v 0.004891 0.090126 0.621432
v -0.330278 -0.716579 0.614967
v -0.368315 -0.681519 0.619249
v 0.124986 -0.691212 0.606475
v 0.267563 -0.662550 0.630949
v -0.113906 -0.690494 0.622377
v 0.072936 -0.597852 0.607878
v -0.366694 -0.609187 0.618056
v 0.362381 -0.593919 0.610195
v 0.328153 -0.578700 0.614238
v 0.295577 -0.082863 0.614502
v 0.332033 -0.719603 0.611062
v -0.360624 -0.700553 0.613927
v -0.250672 -0.628141 0.616901
v 0.373881 -0.616733 0.614188
v 0.077721 -0.605725 0.671230
v -0.082295 -0.593226 0.606872
v 0.065361 -0.587622 0.610320
v -0.080542 -0.588094 0.607201
v -0.313499 -0.342360 0.620252
v 0.197354 0.023294 0.620828
v -0.341658 -0.696802 0.625945
v 0.362456 -0.696743 0.614222
v 0.372933 -0.673913 0.617291
v -0.112586 -0.667430 0.622699
v 0.370069 -0.647185 0.623944
v -0.367612 -0.631997 0.625249
v 0.072935 -0.594422 0.656190
v -0.356919 -0.593923 0.615306
v -0.076014 -0.589431 0.611329
v -0.303616 -0.577561 0.614233
v -0.127809 -0.526869 0.625370
v 0.244855 -0.437515 0.625265
v -0.281944 -0.114249 0.628633
v 0.058933 -0.754566 0.630920
v 0.095290 -0.709315 0.638590
v -0.092492 -0.617235 0.636125
v -0.078931 -0.598049 0.659739
v -0.330347 -0.582857 0.617739
v -0.069198 -0.578750 0.613419
v -0.063977 -0.580245 0.618907
v -0.231163 -0.416953 0.636028
v 0.252289 -0.055325 0.627312
v 0.130618 0.050805 0.626759
v -0.100493 -0.717051 0.630282
v 0.358684 -0.677672 0.626110
v 0.282703 -0.692897 0.627596
v 0.351035 -0.609152 0.626333
v -0.277119 -0.601545 0.624546
v 0.282652 -0.601505 0.627212
v -0.060179 -0.577362 0.618712
v 0.052526 -0.576542 0.619062
v 0.061147 -0.584309 0.615232
v -0.061231 -0.572875 0.618634
v -0.097065 -0.538880 0.628181
v -0.266443 -0.385547 0.632260
v -0.281240 -0.212665 0.640755
v -0.203378 -0.019938 0.635451
v -0.168054 -0.008140 0.641724
v -0.089460 0.034265 0.641089
v -0.057127 -0.754330 0.630603
v -0.072265 -0.747022 0.630679
v 0.332031 -0.696739 0.628342
v 0.103676 -0.682581 0.633974
v -0.353043 -0.681508 0.628418
v -0.265676 -0.643366 0.630690
v 0.358669 -0.624397 0.627935
v -0.349323 -0.620586 0.632245
v 0.271249 -0.616736 0.628814
v 0.058036 -0.579000 0.652421
v -0.056114 -0.574335 0.652160
v 0.047571 -0.573228 0.623598
v -0.054109 -0.573746 0.623939
v -0.052752 -0.569286 0.622478
v 0.050284 -0.568804 0.621660
v 0.264398 -0.385572 0.632365
v 0.280050 -0.354120 0.632390
v -0.293852 -0.291247 0.634896
v 0.279956 -0.263736 0.641466
v -0.242652 -0.118246 0.645864
v 0.211914 -0.023885 0.633233
v 0.004688 -0.752655 0.671090
v -0.084843 -0.712702 0.654767
v 0.088719 -0.727655 0.634503
v -0.311305 -0.689118 0.634766
v -0.273344 -0.677663 0.629686
v 0.271306 -0.639651 0.633594
v 0.324448 -0.601493 0.631013
v -0.307487 -0.609149 0.635287
v 0.301631 -0.609109 0.634896
v 0.036261 -0.564789 0.626280
v -0.045574 -0.564258 0.624240
v -0.042045 -0.565999 0.626647
v 0.079363 -0.538868 0.631288
v 0.118471 -0.511327 0.634595
v 0.173839 -0.000278 0.636943
v 0.044195 0.050816 0.638385
v 0.301666 -0.681531 0.636907
v 0.339632 -0.673883 0.635486
v -0.349316 -0.658600 0.635648
v 0.037642 -0.567277 0.632525
v -0.033048 -0.562530 0.636524
v -0.037306 -0.561686 0.628270
v 0.027759 -0.562131 0.631361
v 0.028019 -0.557140 0.629467
v -0.022241 -0.552385 0.631459
v 0.260289 -0.232290 0.649584
v 0.252650 -0.118210 0.641177
v 0.114880 0.003344 0.648851
v -0.299787 -0.681493 0.636787
v 0.339694 -0.647257 0.638990
v -0.296010 -0.643389 0.641477
v -0.094134 -0.636107 0.663520
v 0.088776 -0.636126 0.675071
v 0.286441 -0.624384 0.636658
v -0.330282 -0.609130 0.633988
v -0.025371 -0.558720 0.632007
v 0.019524 -0.558414 0.632444
v -0.061862 -0.503524 0.648950
v 0.236934 -0.420901 0.632625
v -0.116947 0.007567 0.647199
v -0.097953 -0.678305 0.651103
v -0.284658 -0.662487 0.638154
v -0.326489 -0.639664 0.641735
v 0.328193 -0.635825 0.640728
v 0.034921 -0.564737 0.652351
v 0.095128 -0.479945 0.652231
v -0.140293 -0.448403 0.652606
v -0.238815 -0.306881 0.655205
v 0.213125 -0.090669 0.650411
v -0.330260 -0.662435 0.640556
v 0.316798 -0.654841 0.642570
v -0.307479 -0.658669 0.642364
v 0.290250 -0.651068 0.640547
v 0.309269 -0.635867 0.642131
v -0.253969 -0.255834 0.652873
v 0.256304 -0.169359 0.646731
v -0.258392 -0.173291 0.647113
v -0.191611 -0.071017 0.653493
v -0.021914 -0.559571 0.656016
v 0.004658 -0.558079 0.659734
v 0.146126 -0.448388 0.650374
v 0.205312 -0.361881 0.656669
v 0.224941 -0.310804 0.658924
v 0.169900 -0.074949 0.659895
v -0.030530 0.018342 0.652491
v -0.044658 -0.727741 0.694135
v 0.091634 -0.662773 0.671118
v -0.040916 -0.567630 0.663520
v 0.220973 -0.208701 0.662924
v 0.079395 -0.689474 0.686317
v 0.069278 -0.708541 0.686194
v 0.064958 -0.590963 0.674948
v -0.059942 -0.580774 0.667324
v 0.046409 -0.573190 0.667427
v 0.052022 -0.495703 0.652656
v 0.044151 -0.015998 0.663761
v 0.016654 -0.027779 0.668581
v -0.014250 -0.562995 0.674872
v -0.002990 -0.472049 0.663292
v -0.112895 -0.416986 0.668425
v -0.183724 -0.306886 0.672538
v 0.193455 -0.157555 0.667135
v 0.185596 -0.110325 0.662690
v 0.099210 -0.043520 0.666103
v -0.071237 -0.707695 0.686292
v -0.082275 -0.685645 0.686320
v -0.037074 -0.571601 0.678623
v 0.134436 -0.385519 0.670796
v -0.128621 -0.366699 0.676491
v 0.189559 -0.279369 0.672707
v -0.183707 -0.236224 0.675899
v -0.179809 -0.141806 0.669521
v -0.144479 -0.078883 0.667139
v -0.033385 -0.746901 0.670897
v -0.085945 -0.624665 0.678628
v 0.079465 -0.424908 0.671769
v 0.035027 -0.738242 0.686197
v 0.050226 -0.723216 0.693821
v -0.074528 -0.605649 0.682383
v -0.018758 -0.413170 0.679559
v -0.038375 -0.071038 0.679262
v -0.091044 -0.655156 0.678656
v 0.142386 -0.318660 0.680755
v 0.067732 -0.118192 0.686109
v 0.085863 -0.655130 0.686331
v 0.035053 -0.575441 0.686266
v 0.046458 -0.587049 0.693392
v -0.081545 -0.385604 0.680804
v 0.146320 -0.185088 0.681912
v 0.134512 -0.141803 0.679626
v -0.152323 -0.177226 0.680381
v -0.093396 -0.086730 0.677553
v 0.032385 -0.078883 0.681223
v -0.018144 -0.741957 0.690038
v 0.061671 -0.605667 0.697483
v -0.056160 -0.597875 0.697752
v 0.019858 -0.574983 0.694243
v 0.055934 -0.362009 0.687679
v 0.095173 -0.358010 0.683646
v -0.148381 -0.299041 0.682040
v 0.019874 -0.735944 0.697656
v -0.006686 -0.731855 0.705843
v -0.080214 -0.655127 0.697696
v 0.079426 -0.628545 0.690107
v -0.002881 -0.571881 0.693818
v -0.034426 -0.377748 0.686448
v 0.118819 -0.271569 0.689527
v -0.136596 -0.267634 0.686666
v -0.069777 -0.153634 0.691138
v -0.029483 -0.733186 0.697668
v -0.071520 -0.685623 0.701706
v 0.069264 -0.681795 0.704225
v -0.064785 -0.613234 0.701472
v -0.021894 -0.580715 0.701486
v 0.103088 -0.169352 0.688477
v -0.014775 -0.126114 0.690592
v -0.057955 -0.259757 0.698402
v 0.106994 -0.228344 0.691989
v -0.101166 -0.204795 0.692187
v 0.051984 -0.177289 0.695318
v 0.050262 -0.704718 0.709867
v 0.065478 -0.643667 0.711539
v 0.065995 -0.624705 0.705365
v 0.008538 -0.585104 0.709048
v 0.051996 -0.275467 0.698097
v -0.030473 -0.228291 0.700211
v 0.000942 -0.216572 0.700514
v 0.038883 -0.720175 0.705519
v -0.040935 -0.708466 0.714349
v -0.060014 -0.628483 0.713552
v 0.008795 -0.287265 0.699255
v -0.063176 -0.678025 0.712885
v 0.057883 -0.666585 0.718223
v -0.044697 -0.612169 0.716766
v 0.038862 -0.609402 0.717374
v 0.012300 -0.719857 0.715883
v -0.056491 -0.647586 0.720585
v -0.021925 -0.708469 0.722181
v 0.046466 -0.624741 0.720517
v 0.023640 -0.605617 0.721427
v -0.014307 -0.601857 0.721891
v 0.046464 -0.693224 0.718567
v -0.029493 -0.620913 0.727649
v 0.004657 -0.605685 0.725055
v -0.002919 -0.700837 0.729013
v 0.031262 -0.685622 0.728944
v 0.012277 -0.693311 0.731265
v -0.029473 -0.685616 0.730345
v -0.025682 -0.670417 0.734865
v 0.035021 -0.651384 0.731736
v 0.031282 -0.632308 0.730051
v -0.010506 -0.632367 0.735477
v -0.010531 -0.678020 0.736304
v 0.004664 -0.636135 0.736658
v -0.006728 -0.658953 0.738692
v 0.012270 -0.658985 0.738052
vn -0.1807 -0.2376 -0.9544
vn -0.3300 0.0248 -0.9437
vn 0.0143 -0.1234 -0.9923
vn 0.0640 0.0660 -0.9958
vn 0.2375 0.0157 -0.9713
vn -0.1977 0.2178 -0.9558
vn 0.1914 0.3432 -0.9195
vn -0.0055 0.3442 -0.9389
vn 0.0340 -0.4307 -0.9019
vn 0.1838 -0.3208 -0.9291
vn 0.2514 -0.2703 -0.9294
vn 0.3615 0.2464 -0.8992
vn 0.2862 -0.3397 -0.8959
vn -0.4477 -0.2649 -0.8541
vn 0.5252 0.0767 -0.8475
vn -0.4622 0.3144 -0.8292
vn -0.2128 0.5143 -0.8308
vn -0.1973 -0.4769 -0.8565
vn 0.6258 -0.1606 -0.7633
vn -0.5188 0.0382 -0.8540
vn 0.0966 0.5513 -0.8287
vn -0.1639 -0.5933 -0.7881
vn -0.6160 -0.1095 -0.7801
vn 0.3622 0.4375 -0.8231
vn -0.0819 -0.7536 -0.6523
vn 0.2627 -0.5669 -0.7808
vn -0.4376 -0.5266 -0.7288
vn 0.7166 0.1511 -0.6809
vn -0.6748 0.1425 -0.7241
vn -0.4879 0.5033 -0.7132
vn -0.6749 -0.3399 -0.6550
vn 0.6113 -0.4450 -0.6545
vn -0.7282 0.3044 -0.6141
vn 0.5833 0.3816 -0.7170
vn -0.1603 0.7038 -0.6921
vn 0.2020 -0.7801 -0.5921
vn -0.7881 -0.1217 -0.6034
vn -0.6380 -0.5072 -0.5794
vn 0.8082 -0.1048 -0.5795
vn 0.5777 0.4802 -0.6601
vn 0.2984 0.7882 -0.5382
vn -0.0348 0.7638 -0.6445
vn -0.4083 -0.6095 -0.6796
vn -0.8327 0.0440 -0.5519
vn -0.4874 0.6933 -0.5308
vn -0.0386 -0.0775 -0.9962
vn -0.0195 0.0515 -0.9985
vn 0.0296 -0.0458 -0.9985
vn -0.1075 -0.0144 -0.9941
vn 0.4214 -0.6475 -0.6349
vn 0.8043 -0.3242 -0.4980
vn -0.6843 0.5141 -0.5172
vn -0.0302 -0.1844 -0.9824
vn 0.0384 -0.1304 -0.9907
vn -0.1298 -0.1243 -0.9837
vn 0.1238 -0.0656 -0.9901
vn 0.1292 0.0558 -0.9900
vn 0.0335 0.0978 -0.9946
vn -0.0356 0.1806 -0.9829
vn 0.0531 -0.8768 -0.4779
vn 0.5613 -0.6583 -0.5016
vn -0.7939 -0.3578 -0.4917
vn 0.7249 0.4442 -0.5264
vn 0.8646 0.1499 -0.4796
vn 0.6352 0.6421 -0.4292
vn 0.1014 0.9281 -0.3583
vn -0.1969 -0.0485 -0.9792
vn -0.1555 0.0780 -0.9848
vn 0.2000 -0.0464 -0.9787
vn -0.0911 0.1656 -0.9820
vn 0.0768 0.1808 -0.9805
vn -0.2137 -0.8692 -0.4458
vn -0.9020 -0.1338 -0.4104
vn 0.0729 -0.2318 -0.9700
vn -0.1389 -0.1875 -0.9724
vn 0.1519 -0.1504 -0.9769
vn -0.3242 -0.7184 -0.6155
vn 0.9167 -0.1044 -0.3856
vn -0.8593 0.2321 -0.4557
vn -0.7278 0.4906 -0.4791
vn -0.6671 0.6687 -0.3283
vn -0.4348 0.8604 -0.2656
vn -0.2170 -0.1353 -0.9667
vn 0.2340 -0.1099 -0.9660
vn -0.2350 0.0116 -0.9719
vn 0.2451 0.0397 -0.9687
vn 0.1986 0.1401 -0.9700
vn -0.1224 0.1876 -0.9746
vn -0.0446 0.2681 -0.9624
vn 0.7309 -0.5092 -0.4544
vn -0.1601 0.9357 -0.3143
vn 0.4294 0.8752 -0.2226
vn -0.2290 -0.2173 -0.9489
vn -0.2121 0.1430 -0.9667
vn 0.1285 0.2236 -0.9662
vn -0.0223 -0.9610 -0.2756
vn -0.6567 -0.4978 -0.5665
vn 0.8584 -0.2756 -0.4326
vn 0.9464 0.1639 -0.2783
vn 0.7403 0.5840 -0.3329
vn 0.8557 0.3745 -0.3571
vn -0.0157 -0.3282 -0.9445
vn -0.1195 -0.2686 -0.9558
vn 0.1957 -0.2548 -0.9470
vn 0.2379 -0.1893 -0.9527
vn -0.2829 -0.1125 -0.9525
vn -0.3138 -0.0248 -0.9492
vn 0.3151 -0.0236 -0.9488
vn -0.2772 0.0723 -0.9581
vn -0.1665 0.2535 -0.9529
vn 0.1487 -0.9272 -0.3439
vn -0.9270 0.1543 -0.3419
vn 0.3086 0.1036 -0.9455
vn 0.2134 0.2483 -0.9449
vn 0.0711 0.3066 -0.9492
vn 0.3215 -0.8980 -0.3003
vn -0.8405 -0.0814 -0.5357
vn 0.9218 0.0586 -0.3832
vn -0.8662 0.3752 -0.3300
vn 0.8613 0.4832 -0.1569
vn 0.7211 0.6478 -0.2456
vn 0.2760 0.9419 -0.1913
vn -0.1293 -0.3375 -0.9324
vn 0.0996 -0.3278 -0.9395
vn 0.3274 -0.1436 -0.9339
vn -0.3207 0.1334 -0.9377
vn 0.2610 0.1903 -0.9464
vn -0.2617 0.2016 -0.9439
vn -0.1329 0.3460 -0.9288
vn -0.0297 0.3789 -0.9249
vn 0.1561 0.3189 -0.9348
vn -0.0175 -0.9467 -0.3215
vn -0.8474 0.4788 -0.2296
vn -0.6700 0.7155 -0.1978
vn 0.2317 0.9423 -0.2417
vn -0.2302 -0.3421 -0.9110
vn 0.2376 -0.3607 -0.9019
vn 0.2883 -0.2479 -0.9249
vn -0.3731 -0.1123 -0.9210
vn 0.3839 -0.0793 -0.9200
vn -0.3749 0.0754 -0.9240
vn 0.3312 0.2214 -0.9172
vn -0.3382 -0.0609 -0.9391
vn -0.3067 -0.1918 -0.9323
vn 0.4212 0.0072 -0.9069
vn 0.9476 0.1737 -0.2681
vn -0.2954 0.6624 -0.6885
vn 0.0528 0.9249 -0.3765
vn 0.4264 0.3784 -0.8216
vn 0.1917 -0.4165 -0.8887
vn -0.4040 -0.0085 -0.9147
vn 0.3978 0.1072 -0.9112
vn -0.3332 0.2348 -0.9132
vn -0.2569 0.3019 -0.9181
vn 0.0696 0.4045 -0.9119
vn 0.0002 -0.9778 -0.2095
vn 0.2940 -0.4403 -0.8483
vn -0.6863 0.7166 -0.1242
vn 0.6657 -0.2353 -0.7081
vn 0.0902 0.2840 -0.9546
vn -0.2095 -0.4178 -0.8840
vn 0.2515 0.3390 -0.9065
vn 0.1609 0.4028 -0.9010
vn -0.1503 -0.3473 -0.9256
vn -0.2117 -0.1414 -0.9671
vn 0.1011 -0.2840 -0.9535
vn 0.0762 -0.0129 -0.9970
vn -0.1074 -0.2097 -0.9718
vn 0.2136 -0.0170 -0.9768
vn 0.1722 -0.2497 -0.9529
vn -0.3742 0.1352 -0.9174
vn -0.0979 0.2543 -0.9622
vn -0.1088 0.0524 -0.9927
vn 0.1669 0.1991 -0.9657
vn 0.2369 -0.0551 -0.9700
vn 0.1334 0.2924 -0.9470
vn -0.0988 0.3347 -0.9371
vn -0.3981 0.8945 -0.2035
vn 0.7239 0.6637 -0.1884
vn -0.2940 -0.3023 -0.9067
vn 0.3843 -0.1445 -0.9118
vn -0.4188 0.1807 -0.8899
vn 0.0139 0.4676 -0.8838
vn -0.5110 -0.4403 -0.7382
vn 0.7417 -0.2185 -0.6341
vn -0.6717 -0.1881 -0.7166
vn -0.0642 -0.4565 -0.8874
vn 0.2439 -0.3295 -0.9121
vn 0.3907 -0.3247 -0.8614
vn 0.2060 -0.2410 -0.9484
vn -0.4683 -0.0164 -0.8834
vn -0.4119 -0.1197 -0.9033
vn -0.3155 0.2509 -0.9152
vn 0.3507 0.2087 -0.9129
vn 0.3248 0.0045 -0.9458
vn 0.3998 0.1724 -0.9002
vn 0.5150 0.8462 -0.1369
vn 0.6307 -0.1548 -0.7604
vn 0.3406 -0.2190 -0.9143
vn -0.3610 -0.2150 -0.9074
vn -0.1471 0.4455 -0.8831
vn -0.1466 -0.5351 -0.8320
vn -0.3009 -0.4099 -0.8611
vn -0.4002 -0.3789 -0.8344
vn 0.1696 -0.3220 -0.9314
vn 0.4471 -0.0534 -0.8929
vn 0.4768 0.1636 -0.8637
vn -0.3757 0.3554 -0.8559
vn -0.2484 0.5152 -0.8203
vn 0.1372 0.4220 -0.8961
vn 0.1041 0.4919 -0.8644
vn -0.2629 -0.4017 -0.8772
vn -0.4547 0.0776 -0.8873
vn 0.4362 0.1553 -0.8864
vn -0.3393 0.3577 -0.8700
vn 0.3488 0.2983 -0.8885
vn -0.0637 0.4502 -0.8906
vn -0.0597 -0.8318 -0.5518
vn 0.4691 -0.7558 -0.4569
vn -0.0574 -0.5271 -0.8478
vn -0.0855 -0.5498 -0.8309
vn -0.5606 -0.2209 -0.7981
vn -0.5954 0.1414 -0.7909
vn -0.4851 0.2812 -0.8280
vn 0.3248 0.4536 -0.8299
vn -0.3113 0.5020 -0.8069
vn 0.0046 0.5298 -0.8481
vn -0.3815 -0.2066 -0.9010
vn 0.3133 -0.3393 -0.8870
vn -0.4775 -0.0371 -0.8778
vn -0.4050 0.2898 -0.8672
vn -0.2320 0.3838 -0.8938
vn -0.1501 -0.9727 -0.1770
vn 0.4773 -0.1509 -0.8657
vn -0.8105 0.2902 -0.5089
vn 0.6709 -0.1188 -0.7319
vn 0.6525 0.1069 -0.7502
vn -0.6759 0.2126 -0.7057
vn -0.5236 0.4062 -0.7489
vn 0.3779 0.4002 -0.8349
vn 0.8218 0.3323 -0.4628
vn 0.7879 0.1584 -0.5951
vn -0.4429 -0.1602 -0.8822
vn 0.4530 0.1754 -0.8741
vn -0.0098 -0.9020 -0.4316
vn -0.2148 -0.6506 -0.7284
vn 0.1905 -0.6862 -0.7020
vn 0.2324 -0.5596 -0.7955
vn -0.4458 -0.5608 -0.6977
vn -0.3729 -0.3491 -0.8597
vn -0.7005 -0.0040 -0.7137
vn 0.6036 0.0730 -0.7939
vn -0.7709 0.4561 -0.4446
vn 0.5921 0.3693 -0.7162
vn -0.5464 0.4185 -0.7255
vn -0.0701 0.6572 -0.7504
vn -0.0857 0.6632 -0.7435
vn 0.2327 0.6508 -0.7227
vn -0.9846 0.0958 -0.1460
vn 0.8342 0.5500 -0.0403
vn 0.6522 0.1156 -0.7492
vn -0.5254 0.4027 -0.7495
vn 0.7313 -0.2413 -0.6380
vn 0.2216 -0.4228 -0.8787
vn 0.4980 -0.1164 -0.8593
vn 0.0536 -0.6622 -0.7474
vn -0.6595 -0.4046 -0.6335
vn 0.7798 0.0911 -0.6193
vn 0.8683 0.3680 -0.3326
vn 0.6818 0.3992 -0.6130
vn 0.5701 0.4626 -0.6790
vn -0.3621 0.5768 -0.7322
vn -0.3549 0.6308 -0.6900
vn -0.9985 0.0544 -0.0021
vn -0.8738 0.4862 -0.0127
vn 0.2135 0.6770 -0.7043
vn 0.2849 -0.4578 -0.8422
vn 0.5291 -0.0659 -0.8460
vn -0.4919 0.2642 -0.8296
vn 0.2881 0.4277 -0.8568
vn 0.2446 -0.9403 -0.2368
vn -0.1521 -0.7389 -0.6564
vn -0.1135 -0.5873 -0.8014
vn -0.3666 -0.6631 -0.6526
vn 0.4333 -0.5398 -0.7217
vn -0.8209 -0.2038 -0.5335
vn 0.6090 0.5071 -0.6099
vn 0.7453 0.6146 -0.2583
vn 0.7730 0.0483 -0.6326
vn 0.5430 0.4772 -0.6910
vn -0.2522 -0.4585 -0.8521
vn 0.5202 -0.1942 -0.8317
vn 0.5154 0.0311 -0.8564
vn 0.5079 0.0994 -0.8557
vn 0.4419 0.2803 -0.8522
vn -0.2640 0.4398 -0.8584
vn 0.1217 0.4945 -0.8606
vn 0.1990 -0.6483 -0.7349
vn 0.2687 -0.2515 -0.9298
vn 0.5839 0.2645 -0.7675
vn 0.7015 -0.2909 -0.6506
vn -0.6503 0.1984 -0.7333
vn -0.8530 0.0281 -0.5212
vn -0.8258 -0.3027 -0.4758
vn -0.4969 0.7253 -0.4764
vn -0.6483 0.7118 0.2702
vn 0.1801 -0.4925 -0.8515
vn -0.2784 -0.3689 -0.8868
vn -0.3963 -0.2740 -0.8763
vn -0.5127 0.1554 -0.8444
vn 0.5363 0.2382 -0.8097
vn 0.2157 0.4600 -0.8613
vn -0.0553 -0.6903 -0.7214
vn -0.4677 -0.5698 -0.6757
vn -0.4980 -0.1389 -0.8560
vn -0.4402 0.0659 -0.8955
vn -0.7115 -0.4897 -0.5039
vn -0.4224 -0.1128 -0.8994
vn 0.7943 -0.1783 -0.5807
vn -0.6889 0.4112 -0.5970
vn -0.5450 0.4515 -0.7065
vn -0.5518 -0.2047 -0.8085
vn 0.7324 -0.3781 -0.5662
vn 0.5110 0.6239 -0.5913
vn -0.3784 0.7278 -0.5720
vn 0.0083 0.8497 -0.5272
vn -0.2191 -0.4683 -0.8560
vn -0.5269 -0.0940 -0.8447
vn -0.4524 0.3759 -0.8087
vn -0.0770 0.5120 -0.8555
vn 0.0605 -0.7993 -0.5979
vn 0.2238 -0.8340 -0.5044
vn 0.0598 -0.3517 -0.9342
vn 0.8240 -0.3885 -0.4124
vn -0.5334 0.2428 -0.8103
vn 0.8803 0.2337 -0.4128
vn -0.6376 0.5681 -0.5203
vn -0.2156 0.8262 -0.5205
vn 0.2340 0.7997 -0.5529
vn -0.0345 0.8432 -0.5365
vn 0.3937 -0.3015 -0.8684
vn 0.0980 -0.8882 -0.4490
vn -0.2808 -0.2028 -0.9381
vn -0.2191 -0.2944 -0.9302
vn 0.4204 0.1529 -0.8944
vn -0.7702 -0.4143 -0.4849
vn 0.4982 0.1630 -0.8516
vn 0.8974 -0.0604 -0.4371
vn 0.4845 0.3322 -0.8092
vn 0.5718 0.4362 -0.6948
vn -0.8210 0.2576 -0.5095
vn -0.8717 0.4164 -0.2582
vn 0.8180 0.4893 -0.3023
vn 0.6624 0.4886 -0.5679
vn -0.5850 -0.1637 -0.7944
vn 0.2401 0.8183 -0.5222
vn -0.5508 0.0630 -0.8323
vn 0.3769 0.3897 -0.8403
vn -0.3686 0.4624 -0.8064
vn 0.0427 -0.9930 -0.1100
vn 0.1838 -0.4664 -0.8653
vn -0.3338 -0.4767 -0.8132
vn 0.1610 0.2215 -0.9618
vn -0.1979 -0.8790 -0.4337
vn -0.4784 -0.7970 -0.3687
vn 0.1485 -0.4247 -0.8931
vn 0.1371 0.0262 -0.9902
vn 0.6536 -0.5980 -0.4638
vn -0.2976 0.3775 -0.8769
vn -0.1770 -0.0074 -0.9842
vn -0.4994 0.4788 -0.7220
vn 0.4955 0.1210 -0.8601
vn -0.4094 -0.2997 -0.8617
vn -0.4308 0.6891 -0.5827
vn -0.2352 0.9102 -0.3409
vn -0.5287 -0.1540 -0.8347
vn -0.5679 -0.0315 -0.8225
vn -0.2216 0.5086 -0.8320
vn 0.4183 -0.7945 -0.4402
vn -0.0006 -0.3599 -0.9330
vn -0.1488 -0.0346 -0.9883
vn -0.1315 0.1756 -0.9756
vn 0.2068 0.4224 -0.8825
vn -0.9108 -0.0086 -0.4128
vn -0.5999 -0.0808 -0.7960
vn -0.4726 0.1598 -0.8667
vn 0.2030 -0.4733 -0.8572
vn 0.0182 -0.2430 -0.9699
vn -0.3719 0.8792 -0.2978
vn 0.1684 -0.4123 -0.8954
vn -0.4172 -0.3319 -0.8460
vn 0.5830 0.1298 -0.8021
vn 0.0142 0.5224 -0.8526
vn -0.1530 -0.9343 -0.3220
vn -0.2275 -0.9084 -0.3509
vn 0.0750 -0.5773 -0.8131
vn -0.1506 0.2991 -0.9423
vn -0.0913 0.2552 -0.9626
vn 0.2628 0.2282 -0.9375
vn 0.4382 -0.2933 -0.8497
vn -0.8919 -0.0468 -0.4499
vn 0.7396 0.6102 -0.2840
vn 0.5864 0.5828 -0.5625
vn 0.3045 0.8855 -0.3510
vn 0.2465 0.7051 -0.6649
vn 0.2599 0.1112 -0.9592
vn -0.5041 -0.2344 -0.8312
vn 0.5818 -0.0022 -0.8133
vn -0.0014 -0.5467 -0.8373
vn -0.1170 -0.8978 -0.4246
vn -0.0922 -0.8371 -0.5392
vn 0.1251 -0.6176 -0.7764
vn -0.8871 -0.2854 -0.3627
vn -0.3094 0.4324 -0.8469
vn 0.8419 0.2103 -0.4969
vn 0.0677 0.3145 -0.9468
vn -0.1217 0.4086 -0.9046
vn -0.6479 0.0137 -0.7616
vn -0.2576 -0.1033 -0.9607
vn -0.2614 0.6651 -0.6995
vn -0.3109 -0.0878 -0.9464
vn 0.3778 -0.1148 -0.9187
vn -0.5686 0.2335 -0.7888
vn 0.4606 0.4294 -0.7768
vn -0.2981 0.4932 -0.8173
vn -0.4488 -0.8862 -0.1149
vn -0.3060 -0.9055 -0.2941
vn -0.0173 0.4589 -0.8883
vn 0.9379 -0.1986 -0.2845
vn -0.2947 0.5279 -0.7966
vn 0.9707 0.0231 -0.2390
vn 0.2147 0.4070 -0.8878
vn -0.7649 0.5315 -0.3639
vn -0.3503 0.0383 -0.9359
vn -0.5929 0.7023 -0.3939
vn -0.3113 -0.1470 -0.9389
vn 0.5021 0.6430 -0.5783
vn -0.2650 0.9026 -0.3391
vn 0.1736 0.8559 -0.4872
vn -0.1075 -0.0017 -0.9942
vn 0.5630 -0.2804 -0.7774
vn -0.6031 -0.1906 -0.7746
vn -0.6229 -0.1103 -0.7745
vn 0.2582 0.5147 -0.8176
vn 0.0818 0.5438 -0.8352
vn -0.0890 -0.6754 -0.7320
vn 0.0565 -0.3521 -0.9342
vn 0.2179 -0.9198 -0.3264
vn 0.6087 -0.7404 -0.2850
vn 0.9479 0.2510 -0.1964
vn 0.5855 0.5060 -0.6334
vn 0.5482 0.8252 -0.1362
vn 0.2124 0.3661 -0.9060
vn 0.1089 0.4699 -0.8760
vn -0.1200 0.9578 -0.2612
vn -0.4450 -0.0840 -0.8916
vn -0.5368 -0.3002 -0.7885
vn 0.5937 -0.1506 -0.7905
vn -0.6330 -0.0139 -0.7740
vn -0.5482 0.3349 -0.7663
vn 0.5097 0.3621 -0.7804
vn -0.1514 0.5344 -0.8316
vn 0.4637 -0.8585 -0.2190
vn 0.8198 -0.5554 -0.1392
vn 0.9310 -0.3346 -0.1461
vn -0.1452 -0.2490 -0.9576
vn -0.4564 0.6357 -0.6226
vn -0.9241 0.2930 -0.2456
vn -0.1238 -0.3972 -0.9093
vn -0.6404 0.7499 -0.1661
vn 0.6283 0.0437 -0.7768
vn -0.6053 0.1515 -0.7814
vn 0.0837 -0.9333 -0.3492
vn -0.0795 -0.8677 -0.4907
vn -0.4020 -0.9010 -0.1633
vn 0.0419 -0.8889 -0.4562
vn 0.1421 -0.9516 -0.2726
vn 0.3318 0.6866 -0.6469
vn 0.2977 -0.0767 -0.9516
vn -0.3399 0.0801 -0.9370
vn -0.0259 -0.4497 -0.8928
vn -0.0388 -0.2348 -0.9713
vn 0.4521 0.1813 -0.8734
vn 0.2537 0.6618 -0.7054
vn 0.7422 0.6442 -0.1850
vn -0.8635 -0.1328 -0.4866
vn -0.4472 0.4628 -0.7654
vn 0.3610 0.4550 -0.8140
vn 0.3281 -0.9286 -0.1731
vn -0.8028 -0.5253 -0.2822
vn -0.9879 -0.1441 -0.0570
vn -0.9942 0.0912 -0.0575
vn -0.5655 0.4689 -0.6784
vn 0.2209 0.6292 -0.7452
vn 0.9326 0.3609 0.0089
vn 0.4966 -0.0528 -0.8664
vn 0.5089 0.7390 -0.4415
vn 0.6506 -0.0751 -0.7557
vn 0.5617 0.3196 -0.7631
vn 0.1133 -0.9543 -0.2767
vn -0.3827 0.8213 -0.4230
vn -0.0387 -0.2124 -0.9764
vn 0.2177 -0.5303 -0.8194
vn -0.3131 0.9176 -0.2451
vn 0.6293 0.2245 -0.7440
vn 0.6250 0.2157 -0.7502
vn -0.1543 -0.9368 -0.3139
vn -0.5957 -0.7669 -0.2388
vn 0.9924 -0.1042 -0.0659
vn 0.9921 0.1246 0.0114
vn -0.2877 0.2910 -0.9124
vn -0.3818 0.3720 -0.8461
vn -0.2670 -0.3879 -0.8822
vn 0.8439 0.5363 -0.0112
vn -0.6540 0.7351 -0.1786
vn 0.1749 0.5472 -0.8186
vn -0.2631 -0.9558 -0.1315
vn 0.9105 -0.4135 -0.0003
vn -0.8802 0.4634 0.1029
vn -0.6985 0.7116 -0.0754
vn -0.7641 0.6445 -0.0274
vn -0.5056 0.0825 -0.8588
vn -0.6074 -0.2721 -0.7464
vn 0.6583 -0.1938 -0.7274
vn -0.1842 -0.8981 -0.3994
vn 0.1777 -0.9836 0.0317
vn 0.7733 -0.6223 -0.1213
vn -0.9525 -0.2894 0.0944
vn 0.7257 0.6879 0.0126
vn 0.6179 -0.3728 -0.6923
vn -0.6946 -0.2458 -0.6761
vn -0.6440 0.0871 -0.7601
vn -0.5220 0.4490 -0.7252
vn 0.4413 0.4896 -0.7520
vn -0.3221 0.5355 -0.7807
vn -0.2072 0.5467 -0.8113
vn -0.0318 0.5427 -0.8393
vn -0.0660 -0.9478 -0.3120
vn 0.3012 -0.8531 -0.4260
vn -0.4455 -0.8941 -0.0453
vn 0.9810 -0.1627 0.1057
vn -0.9765 -0.0652 0.2053
vn -0.9722 0.2088 0.1062
vn -0.6885 -0.1568 -0.7081
vn -0.4354 0.5214 -0.7338
vn 0.3296 0.5073 -0.7962
vn -0.0203 -0.8488 -0.5283
vn -0.7720 -0.6355 -0.0095
vn 0.1476 -0.9762 -0.1589
vn 0.5685 0.8214 -0.0460
vn 0.5481 0.7262 -0.4150
vn -0.7009 -0.0073 -0.7132
vn 0.6553 0.1164 -0.7463
vn -0.6361 0.2119 -0.7420
vn 0.5458 0.4184 -0.7260
vn 0.1132 -0.9824 -0.1486
vn -0.1007 -0.9859 -0.1335
vn -0.3106 -0.9093 -0.2771
vn 0.9196 -0.3927 0.0130
vn 0.8005 0.1727 -0.5739
vn -0.6085 -0.3834 -0.6948
vn 0.6706 -0.2759 -0.6886
vn -0.6301 0.3103 -0.7118
vn 0.4660 -0.8837 -0.0434
vn 0.2864 -0.9570 0.0470
vn -0.8967 -0.4002 -0.1894
vn -0.9295 0.2260 0.2916
vn 0.8782 0.4206 0.2277
vn -0.9728 0.2277 -0.0427
vn 0.7094 0.0409 -0.7036
vn -0.0203 0.0830 -0.9963
vn 0.1142 -0.2129 -0.9704
vn -0.0268 -0.2497 -0.9679
vn -0.1669 -0.0513 -0.9846
vn 0.0808 0.1617 -0.9835
vn -0.1447 0.2572 -0.9555
vn -0.0389 0.3329 -0.9422
vn 0.3233 -0.9286 -0.1821
vn 0.9611 0.1221 0.2478
vn -0.5548 0.5115 -0.6561
vn -0.6993 -0.3295 -0.6344
vn -0.2551 -0.6491 -0.7166
vn 0.1697 -0.4238 -0.8897
vn -0.2746 -0.5351 -0.7989
vn -0.1578 -0.6098 -0.7767
vn 0.1935 -0.0561 -0.9795
vn 0.0321 0.4505 -0.8922
vn 0.1959 0.2556 -0.9467
vn 0.2356 -0.9476 -0.2156
vn -0.2471 -0.9591 -0.1381
vn 0.4597 -0.8880 -0.0143
vn -0.8043 0.5118 0.3019
vn -0.7638 -0.3489 -0.5431
vn -0.6943 0.1479 -0.7043
vn 0.6445 0.2877 -0.7084
vn 0.5975 0.3765 -0.7079
vn 0.4172 0.5368 -0.7333
vn 0.2384 0.5477 -0.8020
vn -0.0757 -0.4967 -0.8646
vn -0.1058 0.5367 -0.8371
vn 0.2030 0.4457 -0.8719
vn 0.0900 -0.9809 -0.1722
vn 0.1537 -0.9070 -0.3921
vn 0.9778 0.1560 -0.1397
vn -0.8959 0.3889 -0.2146
vn -0.4709 0.0656 -0.8797
vn 0.7815 -0.0615 -0.6209
vn 0.6942 -0.2473 -0.6759
vn 0.6922 0.1520 -0.7055
vn -0.6003 0.3910 -0.6976
vn 0.0304 -0.8872 -0.4605
vn -0.2510 0.2353 -0.9390
vn -0.0587 -0.9876 -0.1453
vn -0.3278 -0.9411 0.0827
vn -0.8739 0.3358 0.3514
vn 0.6552 0.7461 -0.1184
vn 0.7936 -0.2227 -0.5662
vn 0.7158 -0.1527 -0.6814
vn -0.7192 -0.1421 -0.6801
vn 0.1922 -0.7836 -0.5908
vn -0.0514 -0.5023 -0.8632
vn -0.2897 -0.1326 -0.9479
vn -0.2069 0.5003 -0.8408
vn 0.0737 0.6339 -0.7699
vn -0.0102 0.5708 -0.8210
vn 0.1207 -0.9152 -0.3845
vn 0.9064 0.0522 -0.4192
vn 0.5150 0.4933 -0.7010
vn 0.1174 0.5370 -0.8354
vn 0.1192 -0.8558 -0.5035
vn 0.3217 0.0038 -0.9468
vn 0.2322 0.3806 -0.8951
vn 0.0654 -0.9970 0.0419
vn 0.0305 -0.9970 0.0705
vn 0.2456 -0.9687 0.0347
vn 0.4243 -0.9034 0.0618
vn -0.3662 -0.9287 0.0585
vn -0.1368 -0.9107 -0.3897
vn -0.8606 0.4178 0.2912
vn -0.9797 -0.1919 -0.0575
vn 0.7113 -0.3407 -0.6148
vn -0.6824 0.2459 -0.6884
vn -0.2941 0.5307 -0.7949
vn -0.0062 -0.9751 -0.2218
vn -0.0062 -0.6442 -0.7648
vn 0.2200 0.4894 -0.8438
vn -0.3222 -0.9457 0.0425
vn -0.4047 -0.9144 -0.0031
vn -0.9500 -0.3123 -0.0000
vn -0.9654 -0.2571 0.0442
vn 0.9334 -0.1659 -0.3181
vn 0.7556 -0.0563 -0.6526
vn 0.0625 -0.9720 -0.2265
vn -0.3572 0.1298 -0.9250
vn 0.3144 0.3439 -0.8848
vn 0.3754 -0.9264 0.0288
vn 0.1156 -0.9672 -0.2261
vn 0.9845 -0.1206 0.1272
vn -0.9522 0.0527 0.3010
vn 0.9230 0.2553 0.2880
vn -0.7091 -0.4300 -0.5588
vn -0.6895 -0.2413 -0.6829
vn -0.3895 0.5314 -0.7523
vn 0.1993 -0.8142 -0.5453
vn 0.1108 -0.5207 -0.8465
vn -0.0811 -0.5113 -0.8556
vn -0.3206 0.4470 -0.8351
vn -0.0592 0.7013 -0.7104
vn 0.1079 0.7793 -0.6173
vn -0.1814 -0.9769 0.1133
vn -0.1277 -0.9897 0.0647
vn 0.2063 -0.9785 -0.0065
vn -0.3697 -0.7292 -0.5758
vn -0.9961 0.0460 0.0747
vn 0.9687 0.1578 0.1918
vn -0.7947 -0.2782 -0.5395
vn -0.0920 -0.7175 -0.6905
vn 0.9723 0.1257 0.1972
vn 0.8431 0.3777 -0.3828
vn 0.7137 -0.4419 -0.5434
vn -0.6636 -0.3222 -0.6752
vn -0.6106 0.4598 -0.6448
vn 0.3599 0.5008 -0.7872
vn -0.0572 -0.9702 -0.2356
vn 0.1790 0.7219 -0.6685
vn -0.0741 0.8674 -0.4921
vn -0.4952 -0.8595 0.1269
vn 0.0423 -0.9948 -0.0922
vn -0.1940 -0.9451 -0.2629
vn -0.8137 -0.3645 -0.4528
vn -0.7224 -0.3867 -0.5732
vn 0.8138 -0.1959 -0.5472
vn 0.7008 0.2240 -0.6773
vn -0.5065 0.5166 -0.6903
vn -0.3858 -0.2766 -0.8802
vn 0.3260 0.2220 -0.9189
vn 0.0420 0.8714 -0.4888
vn -0.3153 -0.8643 -0.3919
vn 0.5009 -0.4785 -0.7212
vn -0.9434 -0.3165 0.0991
vn 0.9540 -0.1156 -0.2766
vn 0.8533 0.3060 0.4223
vn -0.5674 0.5173 -0.6407
vn -0.1500 -0.9034 -0.4018
vn -0.4007 0.3007 -0.8654
vn -0.2576 0.6088 -0.7503
vn 0.3489 -0.8400 -0.4156
vn -0.6372 -0.4126 -0.6509
vn -0.7469 0.1126 -0.6553
vn 0.7700 0.1022 -0.6298
vn 0.6543 0.3691 -0.6600
vn 0.5973 0.4539 -0.6612
vn -0.0052 -0.9976 -0.0697
vn 0.3856 -0.0979 -0.9174
vn 0.2950 0.5308 -0.7945
vn -0.3484 -0.9278 0.1333
vn 0.1718 -0.9672 0.1873
vn -0.0176 -0.9175 -0.3973
vn 0.9181 -0.3525 -0.1811
vn 0.9209 -0.3793 0.0895
vn 0.6747 -0.3372 -0.6566
vn -0.4978 0.5238 -0.6912
vn 0.2314 -0.8641 -0.4470
vn -0.0124 -0.6457 -0.7635
vn -0.4583 0.0303 -0.8883
vn 0.4613 0.3908 -0.7965
vn 0.2242 0.7568 -0.6140
vn 0.1611 0.8673 -0.4710
vn 0.0056 -0.9774 0.2114
vn 0.3419 -0.9049 0.2534
vn 0.4599 -0.8604 0.2196
vn -0.9708 -0.2214 -0.0923
vn 0.9862 -0.0432 -0.1600
vn 0.9790 0.2016 -0.0305
vn 0.5225 0.5338 -0.6649
vn -0.3601 0.5731 -0.7361
vn -0.1738 0.7264 -0.6649
vn 0.3330 -0.9275 0.1698
vn -0.0728 -0.9157 -0.3951
vn -0.7310 -0.4819 -0.4831
vn -0.7494 -0.0754 -0.6579
vn -0.7627 0.0406 -0.6455
vn 0.4540 0.5204 -0.7233
vn -0.4730 -0.2614 -0.8414
vn -0.0704 -0.9831 0.1689
vn 0.1308 -0.9862 0.1016
vn -0.3608 -0.9113 0.1982
vn 0.7521 0.1779 -0.6346
vn -0.1596 0.8557 -0.4922
vn -0.1071 0.8822 -0.4586
vn -0.2169 -0.9569 0.1929
vn 0.1461 -0.9728 0.1795
vn -0.9303 0.3437 0.1280
vn -0.7550 0.2011 -0.6241
vn 0.7289 0.2736 -0.6276
vn -0.7138 0.3027 -0.6315
vn 0.5098 -0.2784 -0.8140
vn 0.1524 -0.5820 -0.7988
vn -0.4574 0.3508 -0.8171
vn 0.9537 0.2696 -0.1334
vn -0.9103 -0.3470 0.2258
vn 0.9720 -0.0606 -0.2269
vn 0.6914 -0.2333 -0.6838
vn -0.6738 0.3866 -0.6297
vn -0.0251 -0.9991 -0.0351
vn -0.2332 -0.9530 0.1935
vn -0.2668 -0.9517 -0.1518
vn -0.6246 -0.4970 -0.6023
vn 0.5757 0.5297 -0.6229
vn 0.0597 -0.9891 -0.1349
vn -0.2006 0.8763 -0.4380
vn -0.1536 0.7946 -0.5874
vn 0.1578 -0.9701 0.1846
vn 0.2423 -0.8966 -0.3706
vn -0.2943 -0.9355 -0.1955
vn -0.9823 0.1093 -0.1518
vn 0.6284 -0.3156 -0.7110
vn 0.5922 -0.4624 -0.6599
vn 0.7970 0.0210 -0.6036
vn -0.8057 0.1141 -0.5813
vn 0.0898 0.5039 -0.8591
vn -0.4296 -0.3693 -0.8240
vn 0.2705 0.7659 -0.5833
vn -0.1520 0.9533 -0.2608
vn -0.2693 -0.9172 0.2936
vn -0.2888 -0.9090 -0.3005
vn -0.2398 -0.9475 -0.2116
vn 0.8540 -0.1763 -0.4895
vn 0.8767 0.1153 -0.4671
vn -0.1087 -0.9774 -0.1814
vn -0.5546 0.0219 -0.8318
vn 0.3712 0.4439 -0.8156
vn -0.0192 0.9349 -0.3545
vn -0.1642 -0.9793 0.1181
vn -0.3925 -0.8711 0.2951
vn 0.3469 -0.9247 -0.1569
vn 0.4085 -0.8831 -0.2308
vn -0.2624 -0.9532 0.1499
vn -0.3653 -0.9011 -0.2335
vn -0.6055 -0.4843 -0.6315
vn 0.9219 -0.0867 -0.3776
vn -0.7283 -0.2411 -0.6414
vn -0.8084 0.0109 -0.5885
vn 0.5489 0.1906 -0.8139
vn -0.0964 0.9016 -0.4216
vn 0.2055 -0.9270 0.3139
vn 0.0881 -0.9896 0.1133
vn -0.7804 -0.1493 -0.6072
vn -0.8690 0.1151 -0.4813
vn -0.5701 0.2615 -0.7789
vn -0.4648 0.5505 -0.6935
vn -0.1026 -0.9603 0.2596
vn 0.1419 -0.9670 -0.2116
vn -0.3195 -0.8695 -0.3766
vn 0.3481 -0.8585 0.3765
vn 0.6440 -0.7644 -0.0304
vn -0.9365 0.2752 -0.2174
vn -0.9803 -0.1400 0.1395
vn -0.6366 -0.2993 -0.7108
vn 0.7255 0.3642 -0.5840
vn -0.1948 0.5110 -0.8372
vn -0.0534 0.5015 -0.8635
vn -0.5794 -0.3330 -0.7439
vn 0.3961 0.6362 -0.6621
vn -0.2422 0.7480 -0.6179
vn 0.2467 0.9105 -0.3318
vn 0.3644 0.8129 -0.4543
vn 0.1936 0.8224 -0.5350
vn -0.2035 -0.9185 0.3390
vn -0.7337 -0.6765 -0.0633
vn -0.0322 -0.9552 0.2941
vn -0.1136 -0.9699 -0.2154
vn 0.0863 -0.9524 -0.2923
vn 0.6492 -0.3074 -0.6957
vn 0.6618 0.4386 -0.6080
vn 0.6323 0.5022 -0.5899
vn 0.1617 -0.9679 -0.1923
vn 0.2635 -0.5880 -0.7648
vn -0.3579 0.7363 -0.5743
vn -0.1008 -0.5991 -0.7943
vn 0.6092 0.2754 0.7436
vn 0.1449 0.0875 -0.9856
vn 0.9610 0.2640 0.0827
vn 0.0247 0.4164 0.9088
vn -0.3719 -0.6896 0.6214
vn 0.0809 0.8919 -0.4449
vn -0.3203 0.0192 0.9471
vn 0.4752 -0.5249 -0.7062
vn -0.6456 0.6903 -0.3267
vn -0.1155 -0.9583 -0.2614
vn -0.0606 -0.8873 0.4571
vn 0.2484 -0.9267 0.2821
vn -0.4272 -0.8698 0.2468
vn 0.3988 -0.6135 -0.6816
vn -0.7024 -0.3312 -0.6300
vn 0.7210 0.0171 -0.6927
vn 0.7916 0.4250 -0.4391
vn 0.0482 -0.9981 -0.0373
vn -0.2376 -0.9168 -0.3209
vn -0.2587 -0.7305 -0.6320
vn -0.1432 0.3232 -0.9354
vn 0.0009 0.9981 -0.0611
vn -0.1596 0.9867 -0.0319
vn 0.2451 -0.6198 -0.7455
vn 0.1951 -0.5806 0.7905
vn -0.0917 0.9105 -0.4032
vn 0.2024 -0.7815 -0.5901
vn -0.0168 -0.9889 0.1479
vn 0.2239 -0.8257 -0.5178
vn -0.4387 -0.8731 -0.2128
vn 0.0078 -0.9890 -0.1480
vn -0.7376 -0.3149 -0.5974
vn -0.5974 -0.4105 -0.6889
vn -0.7990 -0.1803 -0.5737
vn 0.7905 -0.1485 -0.5942
vn -0.7949 -0.1009 -0.5983
vn 0.7972 0.1808 -0.5760
vn -0.7416 0.3698 -0.5597
vn 0.6259 -0.1764 -0.7597
vn -0.6369 0.0013 -0.7709
vn 0.4533 0.4382 -0.7762
vn 0.0453 0.8950 -0.4438
vn -0.8705 -0.1505 -0.4686
vn -0.8160 0.4580 0.3527
vn 0.3943 -0.9130 0.1043
vn -0.1815 0.8964 -0.4044
vn 0.4198 0.6831 -0.5977
vn -0.2976 0.6300 -0.7173
vn -0.1595 -0.9850 -0.0655
vn -0.1777 -0.6939 0.6978
vn -0.3983 -0.8774 0.2674
vn -0.0339 -0.9553 0.2936
vn -0.2061 0.8774 -0.4332
vn -0.3759 -0.8993 0.2236
vn 0.3843 -0.6675 0.6377
vn -0.2063 0.8773 -0.4333
vn -0.4839 0.0637 0.8728
vn 0.5749 -0.6203 -0.5335
vn 0.1385 -0.9867 0.0850
vn -0.3195 -0.9471 -0.0316
vn -0.6883 -0.0692 -0.7222
vn 0.4859 0.5916 -0.6433
vn -0.8553 0.3745 -0.3582
vn -0.7100 0.4558 -0.5368
vn 0.2163 0.8888 -0.4041
vn 0.3044 -0.1523 -0.9403
vn 0.3465 0.8263 -0.4440
vn -0.1258 -0.8633 0.4887
vn -0.0992 -0.9439 -0.3148
vn -0.0222 0.9617 0.2731
vn -0.0258 0.9209 -0.3889
vn -0.3749 0.8647 -0.3342
vn 0.5130 -0.5775 0.6351
vn -0.3820 0.8366 0.3927
vn 0.4869 -0.2310 0.8423
vn 0.0563 -0.9975 0.0418
vn 0.0641 -0.9572 -0.2823
vn -0.1792 -0.9281 0.3263
vn 0.6235 -0.4072 -0.6674
vn -0.6965 -0.3539 -0.6242
vn 0.8360 -0.0837 -0.5423
vn 0.8364 0.1075 -0.5375
vn 0.2316 0.5023 -0.8331
vn 0.3093 -0.8654 -0.3943
vn -0.6727 0.2237 -0.7053
vn 0.6619 0.2114 -0.7192
vn 0.3219 0.8239 -0.4664
vn -0.0387 0.8827 -0.4684
vn 0.6500 0.5916 0.4770
vn -0.3520 -0.6813 -0.6418
vn 0.0652 0.9929 0.0996
vn -0.1957 0.8293 -0.5235
vn 0.2996 0.4993 -0.8130
vn -0.0013 0.9974 0.0720
vn 0.6843 -0.6738 0.2788
vn -0.0511 -0.9987 0.0065
vn -0.2789 0.2767 0.9196
vn 0.4672 -0.6592 -0.5892
vn 0.3661 -0.9288 -0.0580
vn 0.0546 -0.9856 -0.1600
vn 0.4979 -0.8641 -0.0740
vn 0.4510 -0.7523 -0.4802
vn -0.1934 -0.9258 -0.3248
vn -0.4776 -0.8384 0.2627
vn -0.5689 -0.1982 -0.7982
vn -0.6072 0.3715 -0.7024
vn 0.7511 0.2568 -0.6082
vn 0.7230 -0.3324 -0.6056
vn -0.3378 -0.3197 -0.8853
vn 0.7729 -0.2702 -0.5741
vn 0.7875 0.2815 -0.5483
vn -0.6510 0.5036 -0.5680
vn 0.3234 -0.5601 -0.7627
vn -0.5900 0.4056 -0.6981
vn 0.0918 -0.9820 -0.1652
vn -0.3736 0.8591 -0.3498
vn 0.5659 0.1785 -0.8049
vn 0.5972 0.5968 -0.5359
vn -0.2340 -0.9701 -0.0647
vn 0.3007 -0.9520 -0.0578
vn -0.4870 -0.1866 -0.8532
vn -0.0577 0.7579 0.6498
vn 0.4122 -0.5394 0.7343
vn 0.2532 0.8295 -0.4979
vn 0.2767 0.9567 -0.0905
vn -0.4943 0.8672 0.0605
vn 0.3813 -0.0320 0.9239
vn 0.5020 -0.6588 -0.5603
vn 0.1477 -0.9248 0.3505
vn 0.1032 -0.9945 0.0151
vn 0.1240 -0.9888 -0.0828
vn 0.2327 -0.8839 0.4056
vn 0.3455 -0.9243 0.1622
vn 0.1475 0.5517 -0.8209
vn -0.1033 0.4858 -0.8680
vn -0.1871 -0.9709 -0.1495
vn -0.0932 -0.8767 -0.4720
vn -0.0613 -0.9856 -0.1579
vn -0.2598 -0.8596 0.4401
vn 0.1636 -0.9418 0.2936
vn -0.6195 -0.0114 -0.7849
vn -0.5564 0.3480 -0.7545
vn -0.0505 -0.2720 -0.9610
vn -0.1995 -0.1174 -0.9728
vn 0.0841 -0.0842 -0.9929
vn -0.0265 0.0092 -0.9996
vn 0.0758 -0.2521 -0.9647
vn -0.2363 -0.1023 -0.9663
vn 0.2572 -0.0044 -0.9664
vn -0.2465 0.0879 -0.9651
vn -0.2306 0.1762 -0.9570
vn 0.0405 0.2185 -0.9750
vn -0.0344 0.2070 -0.9777
vn 0.2391 0.2175 -0.9463
vn -0.8507 -0.0252 -0.5251
vn -0.7698 -0.6153 0.1696
vn -0.2022 0.9603 0.1922
vn 0.5014 -0.4381 0.7461
vn -0.0094 0.9565 -0.2917
vn -0.5661 0.7953 -0.2168
vn -0.0727 0.9606 -0.2684
vn -0.0169 0.9991 0.0392
vn -0.9938 -0.0500 0.0997
vn 0.2597 0.7716 -0.5807
vn -0.0611 -0.9979 -0.0201
vn -0.9430 -0.0703 0.3254
vn 0.4102 -0.8168 -0.4056
vn 0.2833 0.8874 -0.3636
vn -0.2777 -0.7896 0.5471
vn 0.4697 0.8818 -0.0416
vn -0.4680 -0.7290 0.4995
vn 0.3459 -0.2878 -0.8930
vn 0.6199 -0.1745 -0.7651
vn 0.2015 0.1281 -0.9711
vn 0.0747 -0.4543 -0.8877
vn 0.0733 -0.4496 -0.8902
vn -0.3816 -0.2561 -0.8881
vn -0.1527 -0.3928 -0.9069
vn 0.2840 -0.3138 -0.9060
vn 0.3069 -0.0519 -0.9503
vn -0.4789 0.1254 -0.8689
vn -0.2069 0.0245 -0.9780
vn 0.3523 0.3202 -0.8794
vn -0.2892 0.3645 -0.8851
vn -0.3141 0.3422 -0.8856
vn -0.0853 0.3615 -0.9285
vn 0.1480 0.4774 -0.8661
vn -0.0066 0.4114 -0.9114
vn 0.7111 -0.3314 -0.6201
vn 0.6048 0.5304 -0.5941
vn 0.3562 0.4520 -0.8178
vn 0.6407 0.4302 -0.6359
vn 0.1199 0.6168 -0.7779
vn -0.1808 -0.3352 -0.9246
vn -0.1961 -0.5708 0.7973
vn 0.0003 -0.9318 0.3629
vn -0.1264 -0.8629 0.4893
vn -0.2309 0.8674 -0.4408
vn 0.0002 -0.9318 0.3630
vn -0.1890 0.9240 -0.3324
vn -0.2309 0.8672 -0.4413
vn -0.5462 -0.6093 0.5748
vn -0.4172 0.3835 -0.8239
vn 0.6965 -0.2472 -0.6736
vn -0.2545 0.1009 -0.9618
vn -0.0869 -0.8684 0.4883
vn 0.0462 -0.9149 0.4011
vn 0.2971 -0.9351 -0.1931
vn 0.9883 0.1489 -0.0336
vn 0.9137 0.4044 0.0411
vn -0.5063 -0.4147 0.7560
vn -0.3086 0.6463 -0.6979
vn 0.1653 0.8563 -0.4893
vn 0.1068 0.9037 -0.4147
vn -0.5814 0.3605 0.7294
vn 0.2314 -0.4352 0.8701
vn 0.5021 -0.5107 -0.6979
vn -0.1453 -0.8692 0.4727
vn -0.0081 -0.5935 0.8048
vn -0.5181 -0.8064 -0.2851
vn 0.4934 -0.8303 0.2591
vn -0.3463 0.7806 -0.5203
vn -0.4804 -0.8735 0.0796
vn 0.2735 -0.9517 -0.1396
vn 0.3164 -0.9391 0.1338
vn 0.2905 -0.0429 -0.9559
vn -0.5207 -0.8512 -0.0652
vn 0.0052 -0.5190 -0.8548
vn 0.1306 -0.2758 -0.9523
vn 0.3130 -0.9483 0.0526
vn -0.2461 -0.7845 -0.5692
vn 0.1968 -0.4973 -0.8449
vn -0.3603 0.0890 -0.9286
vn 0.1732 -0.0289 -0.9845
vn 0.5387 -0.0997 -0.8366
vn -0.0029 0.2747 -0.9615
vn 0.5171 0.1608 -0.8407
vn -0.4041 -0.1146 -0.9075
vn 0.6459 -0.0733 -0.7599
vn 0.1536 0.5033 -0.8503
vn 0.4292 0.0865 -0.8991
vn 0.5075 -0.4175 -0.7538
vn -0.7577 -0.3487 -0.5517
vn -0.7906 0.2821 -0.5435
vn -0.7053 -0.0965 -0.7023
vn 0.7220 -0.0693 -0.6884
vn -0.5291 0.5825 -0.6171
vn 0.0046 -0.9984 -0.0556
vn -0.2134 0.8002 -0.5605
vn 0.0150 0.9758 -0.2180
vn 0.9613 0.2690 -0.0596
vn 0.1240 0.3510 -0.9281
vn -0.3046 0.9448 0.1207
vn -0.0072 -0.8630 0.5051
vn -0.2782 -0.3570 0.8917
vn -0.3688 0.5994 -0.7104
vn -0.5324 -0.1354 -0.8356
vn 0.7032 0.2753 -0.6555
vn 0.0543 0.9451 -0.3222
vn 0.7638 0.5263 0.3736
vn -0.0746 -0.9811 0.1786
vn 0.0038 -0.9796 -0.2009
vn -0.1342 -0.9909 -0.0120
vn 0.9700 0.2247 0.0934
vn 0.0469 0.8946 -0.4445
vn -0.6562 0.0732 -0.7510
vn 0.1195 -0.4898 -0.8636
vn -0.6237 0.5600 0.5454
vn -0.7566 -0.4883 0.4349
vn 0.4792 -0.7696 -0.4221
vn 0.3698 -0.8823 -0.2912
vn 0.9255 -0.3258 -0.1933
vn -0.3830 -0.2308 -0.8945
vn -0.3038 -0.8475 0.4353
vn -0.0887 0.8669 0.4906
vn -0.2867 0.1033 -0.9524
vn -0.8821 -0.3229 0.3430
vn 0.3647 -0.5834 -0.7257
vn 0.4303 -0.7202 -0.5442
vn 0.5199 -0.2251 -0.8241
vn -0.0983 -0.4348 -0.8951
vn -0.2428 0.6819 -0.6900
vn -0.7709 -0.5823 0.2581
vn 0.6626 -0.7255 -0.1860
vn 0.4760 -0.3415 -0.8104
vn 0.2594 -0.8855 -0.3855
vn 0.0718 -0.3206 -0.9445
vn -0.5583 -0.5443 -0.6261
vn 0.2579 -0.3129 -0.9141
vn -0.1776 -0.4774 -0.8605
vn 0.0650 0.1133 -0.9914
vn 0.1046 0.2544 -0.9614
vn -0.1926 0.3694 -0.9091
vn 0.6232 -0.2600 -0.7376
vn -0.5011 -0.1068 -0.8588
vn -0.3895 0.2060 -0.8977
vn -0.1456 0.5430 -0.8270
vn -0.6022 0.5310 -0.5961
vn 0.5296 0.5388 -0.6551
vn 0.6901 -0.5123 -0.5112
vn -0.2586 -0.9470 -0.1905
vn -0.4075 -0.9130 -0.0174
vn 0.4183 -0.9049 0.0788
vn -0.0100 0.8925 -0.4509
vn -0.1118 0.7482 -0.6539
vn 0.2678 0.6307 -0.7284
vn 0.4668 -0.0018 0.8843
vn -0.1769 -0.9308 0.3200
vn -0.1768 -0.9307 0.3202
vn 0.0150 0.9759 -0.2176
vn -0.0966 0.8893 -0.4470
vn 0.6297 -0.2139 0.7468
vn -0.3027 -0.3073 -0.9022
vn 0.4776 0.5188 -0.7091
vn -0.6183 0.7148 -0.3267
vn -0.8525 0.0335 0.5216
vn -0.2078 -0.9325 0.2953
vn 0.1039 -0.9006 0.4221
vn 0.1591 -0.9387 -0.3058
vn 0.1939 0.1742 -0.9654
vn -0.4750 0.3457 -0.8092
vn 0.3969 -0.4224 -0.8149
vn 0.2745 -0.9516 0.1383
vn 0.3088 0.2837 -0.9078
vn -0.5073 0.3062 -0.8056
vn -0.1014 -0.1883 -0.9769
vn 0.2569 -0.5987 -0.7587
vn 0.1421 -0.5717 -0.8081
vn -0.0553 0.0541 -0.9970
vn -0.0804 -0.3250 -0.9423
vn -0.4482 -0.4509 -0.7719
vn 0.0718 -0.3348 -0.9396
vn -0.6233 -0.2589 -0.7379
vn 0.0432 0.2887 -0.9564
vn 0.2923 0.3894 -0.8735
vn -0.0977 0.5081 -0.8558
vn -0.1215 0.3965 -0.9100
vn 0.5097 0.5109 -0.6923
vn 0.5547 0.4557 -0.6962
vn -0.0994 0.5877 -0.8030
vn 0.1953 0.4094 -0.8912
vn 0.7158 0.4318 -0.5488
vn 0.6586 0.5476 -0.5161
vn -0.4275 -0.5227 -0.7376
vn -0.3053 0.8760 -0.3734
vn 0.3478 -0.8968 -0.2734
vn -0.8236 -0.2355 -0.5160
vn -0.0902 -0.2255 -0.9701
vn -0.1923 -0.9612 -0.1976
vn 0.7507 -0.3465 -0.5624
vn -0.2299 -0.5452 -0.8062
vn -0.6882 0.0123 -0.7254
vn -0.6330 0.3114 -0.7087
vn -0.3080 0.2509 -0.9177
vn -0.0978 0.1201 -0.9879
vn -0.3857 0.4844 -0.7852
vn -0.0754 0.3488 -0.9342
vn -0.2892 0.3042 -0.9076
vn 0.1636 0.5936 -0.7879
vn 0.1590 0.7107 -0.6853
vn 0.1940 0.5062 -0.8403
vn 0.5713 -0.3482 -0.7432
vn -0.7965 -0.2668 -0.5425
vn -0.8210 0.1946 -0.5368
vn -0.2439 -0.9458 -0.2142
vn -0.3552 0.7515 -0.5560
vn 0.1609 -0.9867 0.0243
vn -0.2225 0.8867 -0.4053
vn -0.6323 0.6835 -0.3647
vn 0.2744 0.8438 -0.4612
vn -0.8657 0.1846 0.4653
vn -0.9179 0.3965 0.0168
vn 0.5837 0.5006 -0.6393
vn 0.1231 0.4079 0.9047
vn 0.4394 0.2437 0.8646
vn -0.3644 -0.9065 -0.2134
vn 0.0006 -0.9966 -0.0829
vn 0.7134 -0.5792 -0.3946
vn -0.1774 -0.5672 -0.8043
vn 0.0611 -0.5239 -0.8496
vn 0.7812 -0.0174 -0.6241
vn -0.1371 0.1595 -0.9776
vn -0.1413 0.2453 -0.9591
vn -0.2871 -0.3146 -0.9048
vn -0.0381 -0.2047 -0.9781
vn 0.0665 0.6689 -0.7404
vn -0.7251 -0.1952 -0.6604
vn -0.8508 -0.1293 -0.5094
vn 0.8547 0.0162 -0.5189
vn 0.1641 -0.8151 -0.5556
vn -0.6380 0.4941 -0.5905
vn 0.4032 0.7979 -0.4481
vn -0.2342 -0.2113 -0.9489
vn 0.4855 0.4074 -0.7735
vn -0.3445 -0.8180 0.4606
vn 0.6943 0.1136 0.7107
vn 0.9074 0.3337 -0.2555
vn 0.4892 -0.8422 0.2267
vn -0.2871 -0.9565 -0.0512
vn -0.5181 -0.8236 0.2308
vn -0.1386 -0.9597 0.2446
vn 0.4586 -0.7174 -0.5244
vn -0.6528 -0.4415 -0.6156
vn 0.5022 -0.4783 -0.7204
vn -0.2079 0.6175 -0.7586
vn -0.6003 0.6974 -0.3915
vn 0.3167 0.6835 -0.6577
vn 0.0367 0.4754 -0.8790
vn 0.5729 0.5657 -0.5930
vn -0.2016 0.6681 -0.7163
vn -0.5988 0.4787 -0.6421
vn -0.7983 -0.0393 -0.6010
vn 0.7987 -0.3157 -0.5123
vn 0.2014 -0.9066 -0.3709
vn 0.3587 -0.9332 -0.0203
vn 0.6872 -0.7228 0.0730
vn 0.4769 -0.8661 -0.1498
vn -0.2551 -0.6393 -0.7254
vn -0.4875 -0.5823 -0.6506
vn 0.7644 -0.3545 -0.5386
vn 0.7252 0.2623 -0.6367
vn 0.1083 0.3314 -0.9373
vn 0.5834 -0.2579 -0.7701
vn -0.2205 0.3916 -0.8933
vn -0.5902 0.6306 -0.5040
vn 0.7998 0.0422 -0.5987
vn -0.0488 -0.9987 0.0128
vn -0.3818 0.2716 -0.8834
vn 0.5446 0.2334 -0.8056
vn 0.5424 0.2067 -0.8143
vn 0.3664 -0.3727 0.8526
vn -0.9455 -0.2561 0.2009
vn 0.7233 -0.4749 -0.5013
vn 0.8663 -0.3695 -0.3362
vn 0.2640 -0.9194 -0.2917
vn 0.8899 -0.4550 -0.0314
vn 0.3646 -0.6571 -0.6597
vn -0.1634 -0.9110 0.3786
vn 0.3486 -0.8055 -0.4792
vn -0.7994 -0.1993 -0.5668
vn -0.0828 0.2141 -0.9733
vn 0.8115 0.0335 -0.5834
vn 0.6924 0.5887 -0.4171
vn -0.8715 0.0632 -0.4863
vn -0.1374 0.4715 -0.8711
vn -0.7760 0.1689 -0.6077
vn 0.7284 0.3486 -0.5899
vn -0.4065 0.8373 -0.3656
vn -0.1611 -0.5124 -0.8435
vn 0.4267 0.1142 -0.8972
vn -0.4305 -0.7405 -0.5161
vn 0.6157 -0.6257 -0.4790
vn 0.8812 -0.1569 -0.4460
vn -0.8785 0.0682 -0.4729
vn -0.6451 0.5302 -0.5502
vn -0.3092 0.8888 -0.3383
vn -0.4734 -0.1503 -0.8680
vn 0.5602 -0.4364 -0.7041
vn 0.1083 0.4949 -0.8622
vn -0.7057 0.2732 -0.6537
vn 0.8527 -0.2221 -0.4729
vn 0.6973 0.4804 -0.5319
vn -0.3775 -0.5953 -0.7093
vn -0.1392 -0.9893 0.0439
vn -0.1093 -0.8433 0.5262
vn -0.7779 -0.6232 0.0800
vn 0.7332 -0.1575 -0.6615
vn -0.3511 -0.1414 -0.9256
vn -0.2060 -0.9766 0.0620
vn 0.6885 -0.3426 -0.6392
vn -0.3675 -0.7776 -0.5102
vn 0.8853 0.1910 -0.4239
vn 0.7197 0.5008 -0.4808
vn -0.4185 0.6902 -0.5903
vn 0.0888 0.8561 -0.5092
vn -0.4688 0.6857 -0.5568
vn -0.5861 -0.1412 -0.7978
vn -0.0959 0.9436 -0.3169
vn -0.6883 -0.2422 -0.6838
vn 0.8447 0.2090 -0.4928
vn 0.7806 0.3671 -0.5058
vn 0.3947 0.4296 -0.8122
vn -0.7660 -0.2020 -0.6103
vn -0.0316 -0.9911 -0.1296
vn 0.2000 -0.9517 0.2329
vn 0.2832 0.7934 -0.5388
vn -0.4456 -0.8858 0.1294
vn -0.6125 -0.0370 -0.7896
vn 0.4211 0.2893 -0.8596
vn 0.4543 -0.0880 -0.8865
vn 0.3268 -0.9223 0.2062
vn 0.2528 -0.8315 -0.4947
vn -0.7592 -0.4529 -0.4675
vn -0.8275 0.3592 -0.4315
vn 0.5761 0.7081 -0.4084
vn -0.8857 -0.0504 -0.4615
vn -0.3186 0.4832 -0.8155
vn -0.4895 0.7151 -0.4990
vn -0.0909 -0.9269 -0.3641
vn 0.4555 -0.8192 -0.3484
vn 0.8238 -0.3038 -0.4786
vn -0.0516 -0.9979 -0.0391
vn 0.5041 -0.7732 -0.3848
vn 0.2748 0.8843 -0.3774
vn -0.4287 0.1250 -0.8948
vn -0.8576 -0.2383 -0.4557
vn -0.0394 -0.9983 0.0433
vn -0.0590 -0.9881 0.1417
vn 0.2153 -0.9759 -0.0360
vn 0.1933 -0.9619 0.1936
vn -0.4679 -0.4491 -0.7612
vn -0.5662 -0.7321 -0.3788
vn 0.7262 -0.5654 -0.3911
vn 0.9604 0.0028 -0.2786
vn -0.8609 0.1313 -0.4916
vn -0.6920 0.5267 -0.4937
vn 0.5747 0.5075 -0.6420
vn 0.4928 0.4785 -0.7268
vn -0.8247 0.5542 -0.1129
vn 0.0694 -0.9945 0.0782
vn -0.3777 -0.9250 -0.0403
vn -0.2677 -0.9110 -0.3136
vn 0.0606 -0.3752 -0.9250
vn -0.3074 -0.6523 -0.6928
vn 0.2630 -0.9475 -0.1818
vn -0.5592 -0.7885 -0.2559
vn -0.7527 -0.4972 -0.4316
vn 0.8386 -0.4533 -0.3021
vn -0.8912 -0.1801 -0.4164
vn -0.9257 0.2218 -0.3064
vn 0.8630 0.3997 -0.3091
vn 0.7359 0.5870 -0.3375
vn -0.7945 0.5326 -0.2916
vn -0.8831 -0.1566 -0.4423
vn 0.8934 -0.0350 -0.4479
vn 0.8776 0.0672 -0.4747
vn 0.8268 0.3271 -0.4576
vn 0.2838 0.4748 -0.8331
vn 0.5657 -0.5158 -0.6434
vn -0.7125 0.4614 -0.5287
vn 0.6807 0.5860 -0.4397
vn 0.4711 -0.8273 0.3059
vn 0.1675 -0.7868 0.5941
vn -0.2650 0.7951 -0.5455
vn -0.3540 -0.0377 -0.9345
vn -0.5873 -0.5592 -0.5851
vn -0.4778 -0.3635 -0.7997
vn 0.4976 -0.6312 -0.5950
vn -0.3226 -0.6143 -0.7201
vn -0.9056 -0.2758 -0.3222
vn -0.8203 0.3575 -0.4464
vn -0.7298 0.5535 -0.4014
vn 0.8843 -0.1551 -0.4403
vn 0.8897 0.1216 -0.4400
vn -0.2575 0.8034 -0.5369
vn -0.2908 0.9556 0.0478
vn 0.5854 0.1641 -0.7940
vn -0.4939 0.3514 -0.7953
vn -0.2281 -0.9400 -0.2538
vn -0.3677 -0.9204 -0.1330
vn 0.5998 -0.2768 -0.7508
vn 0.2256 -0.6462 -0.7290
vn 0.3704 -0.8969 -0.2417
vn -0.3543 -0.9086 -0.2210
vn 0.4281 -0.8702 -0.2438
vn -0.6059 0.7636 -0.2232
vn -0.2915 0.8125 -0.5048
vn -0.5469 0.7060 -0.4500
vn 0.8356 -0.3339 -0.4362
vn 0.7733 0.4378 -0.4586
vn 0.8070 0.3223 -0.4948
vn -0.1906 -0.9767 0.0991
vn -0.6196 0.7440 0.2503
vn 0.5966 0.6463 0.4758
vn 0.0905 -0.8235 0.5601
vn -0.4011 -0.9155 -0.0321
vn 0.9609 -0.2507 -0.1174
vn -0.9513 -0.1850 -0.2467
vn 0.9663 0.2240 -0.1269
vn -0.8439 0.4724 -0.2542
vn -0.8792 -0.2680 -0.3939
vn -0.8605 0.2295 -0.4548
vn -0.8296 -0.2124 -0.5163
vn 0.4487 0.7445 -0.4944
vn 0.3755 0.8749 -0.3060
vn 0.8219 -0.5506 0.1461
vn 0.3626 -0.9319 0.0066
vn 0.3047 -0.9509 0.0545
vn 0.8915 0.4482 -0.0655
vn 0.5194 0.8411 -0.1510
vn -0.4458 0.8835 -0.1436
vn 0.8619 0.0262 -0.5063
vn -0.7978 0.3768 -0.4706
vn -0.6211 0.5036 -0.6005
vn -0.9682 -0.1666 -0.1868
vn -0.3579 0.6104 -0.7066
vn -0.4133 -0.4753 0.7767
vn 0.9406 -0.0373 -0.3374
vn 0.5977 -0.7999 -0.0545
vn -0.4413 -0.8933 0.0856
vn 0.1739 0.8163 0.5509
vn -0.4049 0.9137 -0.0340
vn 0.3590 0.5956 0.7186
vn -0.4872 -0.8542 -0.1818
vn 0.0500 -0.9986 -0.0160
vn 0.3166 -0.5646 -0.7622
vn 0.4658 -0.8840 -0.0390
vn 0.1587 -0.7050 -0.6912
vn -0.3543 -0.0376 -0.9344
vn -0.4473 -0.6906 -0.5683
vn 0.3751 -0.3375 -0.8633
vn 0.7524 -0.6353 -0.1740
vn 0.4711 0.8809 0.0460
vn -0.8475 -0.3245 -0.4200
vn 0.7017 0.4904 -0.5168
vn 0.1665 0.4718 -0.8658
vn -0.3592 -0.7181 -0.5961
vn -0.8244 0.2459 -0.5098
vn 0.0272 -0.9756 0.2177
vn 0.9470 0.2041 -0.2479
vn 0.9652 0.1936 0.1760
vn -0.7704 0.5826 -0.2589
vn -0.8009 -0.4322 -0.4144
vn 0.0621 -0.9895 0.1306
vn 0.7932 0.5616 0.2354
vn 0.2872 0.8830 -0.3712
vn -0.4521 -0.8873 0.0910
vn 0.6700 0.6074 -0.4267
vn 0.0841 -0.5152 -0.8529
vn 0.5932 -0.1416 -0.7925
vn 0.3581 -0.9184 0.1685
vn -0.8983 -0.4213 -0.1250
vn 0.7579 0.6214 -0.1984
vn 0.9256 0.2889 -0.2445
vn -0.9051 0.0203 -0.4247
vn -0.7559 0.4922 -0.4316
vn 0.5755 -0.5531 -0.6024
vn 0.6031 0.6771 -0.4216
vn 0.1829 -0.9636 0.1949
vn 0.1877 0.9484 0.2554
vn 0.8612 -0.4144 0.2944
vn -0.2859 -0.9559 0.0678
vn 0.1949 0.9663 0.1680
vn 0.1447 0.9588 -0.2444
vn -0.8569 -0.4875 0.1677
vn 0.5824 0.6487 -0.4899
vn 0.6808 -0.2768 -0.6781
vn -0.4709 -0.8636 -0.1802
vn 0.0697 0.9183 -0.3896
vn 0.8116 -0.4328 -0.3923
vn -0.1175 0.5820 -0.8047
vn 0.8013 0.5735 0.1703
vn -0.6333 -0.1332 -0.7624
vn 0.6889 -0.5489 -0.4734
vn -0.5520 0.4537 -0.6996
vn 0.4250 -0.8970 -0.1217
vn -0.5661 -0.8209 -0.0752
vn -0.7027 -0.5860 -0.4035
vn 0.6470 -0.7514 -0.1294
vn 0.6940 -0.7197 0.0213
vn 0.9152 -0.3954 0.0773
vn 0.9997 0.0212 0.0088
vn 0.7329 0.5036 -0.4574
vn 0.7031 0.5267 -0.4777
vn 0.3612 0.4071 -0.8389
vn -0.7495 0.5099 -0.4222
vn 0.4827 0.8366 -0.2592
vn 0.3134 0.3434 0.8853
vn -0.6875 0.1520 -0.7101
vn -0.8983 -0.4343 -0.0663
vn 0.4084 -0.8992 0.1571
vn -0.9399 0.0233 -0.3407
vn 0.2866 -0.7195 0.6326
vn -0.2507 -0.9258 -0.2831
vn 0.5567 -0.8083 0.1918
vn -0.1337 0.9680 0.2124
vn -0.3209 0.9025 -0.2872
vn 0.5282 -0.7729 0.3514
vn 0.7076 -0.6662 -0.2353
vn -0.8199 -0.5722 0.0178
vn 0.0441 -0.9990 -0.0107
vn 0.0843 0.3172 -0.9446
vn 0.7208 -0.3710 -0.5855
vn -0.9270 -0.3177 -0.1993
vn 0.9288 -0.3699 0.0230
vn 0.5302 -0.6484 -0.5463
vn -0.0213 -0.7819 -0.6231
vn -0.7379 -0.6748 -0.0122
vn -0.6602 0.7505 0.0297
vn -0.4824 0.4743 -0.7364
vn 0.0004 -1.0000 -0.0026
vn 0.2428 -0.9696 -0.0318
vn 0.1320 0.0622 -0.9893
vn -0.0165 -0.9518 0.3063
vn 0.2840 0.9481 0.1432
vn -0.3296 0.9435 -0.0353
vn -0.8842 -0.0818 -0.4598
vn -0.2655 -0.9323 -0.2455
vn 0.2229 0.9565 0.1883
vn 0.7243 0.5937 0.3504
vn -0.9777 -0.0586 -0.2019
vn 0.2733 -0.4274 -0.8618
vn -0.0471 -0.8925 0.4486
vn 0.3353 0.0839 0.9384
vn -0.5410 0.8282 -0.1462
vn -0.6951 -0.5901 0.4106
vn 0.2834 -0.9077 -0.3095
vn 0.2986 -0.9028 0.3095
vn 0.3044 -0.7767 0.5515
vn -0.3510 -0.8812 -0.3166
vn 0.3120 0.2704 -0.9108
vn 0.1829 0.5185 -0.8353
vn 0.4096 -0.8989 0.1553
vn 0.4638 -0.0371 0.8851
vn -0.0713 0.2838 0.9562
vn -0.2095 0.1654 0.9637
vn -0.1915 0.9157 0.3534
vn -0.4389 0.6844 -0.5822
vn 0.0415 0.2189 -0.9749
vn -0.8730 -0.3192 -0.3687
vn -0.6796 -0.0805 -0.7291
vn -0.5350 0.7262 0.4318
vn -0.8184 -0.3736 -0.4366
vn -0.4880 -0.2863 -0.8246
vn 0.0132 0.2241 -0.9745
vn 0.4107 -0.7004 -0.5838
vn -0.9370 0.3456 0.0516
vn 0.9444 0.2876 0.1595
vn -0.7585 0.4663 -0.4552
vn -0.9013 -0.2729 -0.3363
vn -0.9106 -0.1956 -0.3640
vn 0.2722 0.4927 0.8265
vn -0.5753 0.3144 -0.7551
vn -0.9067 -0.2875 -0.3085
vn 0.7707 0.5557 -0.3117
vn 0.0264 0.9968 0.0753
vn -0.3328 -0.9128 0.2366
vn -0.1344 -0.9889 0.0635
vn 0.2676 0.9352 0.2320
vn -0.9478 0.0692 -0.3113
vn -0.5581 0.8052 0.2004
vn -0.7797 0.5396 0.3177
vn 0.8920 0.3313 0.3075
vn 0.2745 0.8623 0.4255
vn 0.1375 0.9315 -0.3367
vn 0.0929 -0.8904 -0.4456
vn 0.6684 -0.6616 -0.3399
vn -0.4194 0.7664 -0.4866
vn 0.4709 0.2719 -0.8393
vn -0.1724 0.7918 0.5859
vn 0.4629 -0.7945 -0.3930
vn -0.4086 -0.9078 0.0946
vn 0.3306 -0.7913 -0.5143
vn 0.5436 0.5894 -0.5976
vn -0.1730 -0.0888 -0.9809
vn -0.2818 -0.0217 -0.9592
vn -0.8680 -0.4845 -0.1091
vn 0.4734 -0.8738 -0.1114
vn -0.9515 -0.2977 0.0777
vn -0.7160 0.6936 0.0785
vn 0.7314 0.6801 0.0506
vn 0.4904 0.8702 0.0477
vn 0.8792 -0.3112 -0.3609
vn 0.6163 0.4730 -0.6297
vn 0.1780 -0.9801 -0.0883
vn 0.1568 0.5155 0.8424
vn 0.5356 0.5108 -0.6724
vn 0.8873 0.4446 -0.1228
vn 0.5497 -0.7280 0.4097
vn -0.5127 -0.8556 -0.0716
vn 0.8998 0.3657 0.2378
vn 0.6380 0.4725 -0.6080
vn -0.8130 -0.4368 0.3851
vn 0.5914 -0.7716 -0.2342
vn -0.9551 -0.2837 -0.0854
vn 0.9199 0.3491 0.1785
vn -0.7640 -0.4352 -0.4763
vn -0.7263 0.6608 0.1895
vn -0.9243 -0.3716 0.0876
vn 0.0698 -0.9890 0.1301
vn -0.2313 -0.9653 -0.1216
vn -0.2605 -0.9572 -0.1261
vn -0.9908 -0.0402 0.1290
vn -0.9922 0.1152 0.0467
vn 0.8548 0.5107 0.0923
vn 0.9340 -0.0831 -0.3474
vn -0.8996 0.1311 -0.4165
vn -0.2017 0.4729 -0.8577
vn -0.6064 0.7940 0.0428
vn -0.0267 -0.9437 0.3298
vn -0.4453 0.8837 -0.1444
vn -0.9371 0.0972 -0.3352
vn 0.4103 -0.1309 -0.9025
vn -0.1842 0.3741 0.9089
vn 0.0099 0.8598 0.5106
vn -0.5264 0.8501 -0.0160
vn 0.9210 0.2409 -0.3060
vn 0.5646 0.8207 -0.0879
vn 0.2997 -0.9335 0.1969
vn 0.4145 0.3579 -0.8367
vn -0.1716 -0.9837 -0.0528
vn 0.7754 0.4329 -0.4597
vn -0.5360 -0.0620 -0.8419
vn -0.0917 0.8306 -0.5493
vn 0.1136 -0.9814 -0.1549
vn -0.4647 -0.8787 -0.1090
vn -0.9159 -0.1071 0.3868
vn 0.9557 -0.1725 -0.2385
vn -0.8956 -0.1120 -0.4305
vn 0.8734 0.2847 -0.3951
vn 0.8900 0.2013 -0.4092
vn -0.7967 0.4627 -0.3888
vn -0.0326 0.4758 -0.8789
vn -0.2023 -0.9742 -0.1001
vn 0.4199 -0.8808 -0.2189
vn -0.8858 -0.0094 -0.4639
vn 0.2833 0.9045 -0.3187
vn 0.9406 0.3157 -0.1246
vn -0.8650 -0.4010 -0.3017
vn 0.1959 -0.9420 -0.2724
vn 0.5193 0.1618 0.8391
vn 0.7535 0.4471 -0.4820
vn -0.0855 0.8766 0.4736
vn -0.0515 -0.3373 0.9400
vn -0.5419 -0.7856 0.2987
vn 0.9607 -0.1749 0.2157
vn -0.8380 0.4942 0.2313
vn -0.5503 0.8193 0.1610
vn -0.6178 0.6828 0.3900
vn -0.9238 -0.0921 -0.3716
vn 0.9200 0.0296 -0.3909
vn -0.0729 0.9259 -0.3706
vn -0.2382 0.9562 -0.1703
vn 0.3568 0.8826 -0.3062
vn 0.1338 -0.9377 0.3205
vn 0.5269 0.5765 0.6245
vn -0.2506 0.7404 -0.6237
vn 0.9693 0.1474 -0.1966
vn 0.3693 0.8931 -0.2569
vn -0.3759 0.2972 0.8777
vn -0.0030 -0.9555 0.2950
vn 0.2989 -0.8971 0.3253
vn -0.1244 -0.8292 -0.5450
vn 0.5372 0.2372 0.8094
vn 0.0684 0.9016 0.4271
vn -0.0500 -0.0389 0.9980
vn 0.1196 -0.6938 -0.7102
vn -0.0401 -0.9114 0.4096
vn 0.6327 -0.7614 0.1413
vn -0.8775 -0.3497 0.3282
vn 0.8422 -0.4938 0.2165
vn -0.9241 0.2128 0.3173
vn -0.6570 0.7108 0.2512
vn 0.5188 0.8178 0.2490
vn 0.7583 0.6511 -0.0314
vn -0.8692 0.2966 -0.3956
vn 0.4961 0.4697 -0.7303
vn 0.8811 0.0762 -0.4668
vn -0.5809 0.6932 -0.4267
vn 0.1283 -0.8928 0.4318
vn -0.2091 -0.0257 -0.9776
vn 0.2646 -0.0723 -0.9616
vn 0.1129 0.7882 0.6049
vn 0.4444 -0.1498 0.8832
vn 0.3353 0.4642 0.8198
vn -0.9297 0.3683 0.0073
vn -0.7418 -0.3007 0.5994
vn 0.7929 0.5620 -0.2355
vn -0.2777 0.8165 0.5062
vn 0.3495 -0.8136 0.4647
vn 0.8713 -0.4459 -0.2050
vn 0.3490 -0.8406 0.4143
vn 0.2622 -0.9483 0.1788
vn -0.8949 -0.3134 -0.3176
vn 0.9089 -0.2504 -0.3335
vn 0.9146 -0.1692 -0.3673
vn 0.7136 0.5446 -0.4406
vn -0.4845 -0.7474 0.4546
vn -0.3259 0.8167 -0.4762
vn 0.3758 -0.4169 0.8276
vn 0.4143 -0.2401 -0.8779
vn 0.8741 0.3403 0.3466
vn 0.3826 0.7338 0.5613
vn 0.2754 0.5903 0.7588
vn 0.3354 -0.2649 0.9041
vn 0.7571 -0.6532 -0.0132
vn 0.2034 -0.9212 -0.3316
vn 0.9623 -0.0179 0.2714
vn 0.8979 0.3414 0.2780
vn -0.7574 0.3643 0.5418
vn -0.9262 0.1003 -0.3634
vn 0.8159 0.4196 -0.3978
vn -0.8011 -0.4214 -0.4250
vn 0.8170 0.4208 -0.3943
vn -0.4662 0.8484 -0.2507
vn -0.6990 0.2849 -0.6560
vn -0.0651 -0.4971 0.8653
vn 0.0016 0.9937 0.1117
vn -0.4112 0.7219 0.5566
vn 0.2791 -0.8667 0.4135
vn -0.9190 0.0108 0.3940
vn 0.9832 0.1363 -0.1215
vn 0.5838 -0.0890 0.8070
vn -0.5403 -0.7106 0.4506
vn -0.2659 -0.9092 -0.3203
vn -0.0701 -0.9029 -0.4240
vn 0.8932 -0.1944 -0.4056
vn 0.1004 -0.8197 0.5640
vn 0.1358 0.9377 -0.3199
vn -0.9543 0.1177 -0.2748
vn -0.6784 0.1268 0.7237
vn 0.1378 -0.9822 0.1275
vn -0.9250 -0.3726 0.0746
vn -0.8429 0.3984 -0.3616
vn -0.7425 0.5456 -0.3885
vn 0.7399 0.5445 -0.3951
vn 0.6735 0.6413 -0.3676
vn 0.5874 0.5922 -0.5515
vn 0.2937 -0.9280 0.2292
vn -0.0395 -0.8822 -0.4693
vn -0.4936 -0.8381 -0.2321
vn 0.8712 -0.2326 0.4323
vn -0.7528 0.4694 0.4615
vn -0.8763 0.2804 -0.3917
vn -0.0661 -0.8739 0.4815
vn 0.4389 -0.7066 0.5550
vn 0.1747 -0.9233 0.3419
vn -0.2139 -0.8525 0.4769
vn 0.3259 0.4420 0.8357
vn 0.3924 -0.3217 0.8617
vn 0.8242 0.1013 0.5571
vn -0.0213 -0.9906 0.1354
vn 0.6595 0.6724 0.3362
vn 0.6182 0.7760 0.1247
vn 0.9869 -0.0864 -0.1363
vn -0.8045 -0.2340 -0.5459
vn -0.8442 -0.4344 -0.3140
vn -0.9375 0.0044 -0.3478
vn -0.9159 0.2053 -0.3449
vn -0.7234 0.5275 -0.4454
vn 0.1014 0.4945 -0.8633
vn 0.4466 0.8736 -0.1935
vn -0.8936 0.3231 -0.3117
vn 0.0299 -0.6302 0.7758
vn 0.0490 0.9747 0.2179
vn -0.9760 -0.0560 -0.2103
vn 0.9369 0.3483 0.0298
vn -0.8216 0.5486 0.1548
vn -0.3298 -0.8633 0.3821
vn 0.7132 -0.5364 -0.4511
vn -0.1453 -0.9029 -0.4045
vn 0.8342 -0.3193 0.4496
vn -0.8510 -0.1803 0.4932
vn 0.8935 -0.3608 -0.2673
vn 0.8258 -0.1816 0.5340
vn -0.9285 -0.1877 -0.3205
vn 0.9204 0.2240 -0.3206
vn 0.8613 0.3574 -0.3612
vn 0.7851 0.4975 -0.3690
vn 0.5391 0.8066 -0.2425
vn -0.6837 0.5685 -0.4576
vn 0.3984 0.5333 -0.7462
vn -0.0067 -0.9841 -0.1776
vn 0.5315 0.7716 0.3494
vn -0.3628 0.4825 -0.7972
vn 0.0402 -0.9991 -0.0106
vn 0.4190 -0.7829 -0.4600
vn 0.6665 0.4541 -0.5912
vn -0.4987 -0.7083 0.4996
vn 0.1252 -0.9409 -0.3148
vn 0.0766 -0.8797 -0.4694
vn -0.5763 -0.7788 -0.2477
vn -0.8434 0.0095 0.5372
vn 0.7847 0.2529 0.5660
vn -0.7822 0.2405 0.5748
vn 0.6789 0.4056 0.6120
vn -0.8967 0.4369 -0.0714
vn -0.9297 -0.2967 -0.2182
vn 0.9331 0.1238 -0.3376
vn 0.8282 0.4582 -0.3228
vn 0.6850 0.4787 -0.5492
vn -0.0783 -0.9020 0.4247
vn 0.5588 0.1769 0.8102
vn 0.9503 0.3073 -0.0503
vn 0.5913 -0.7590 0.2725
vn -0.9779 -0.1933 0.0791
vn 0.8227 0.0370 0.5672
vn -0.5533 0.5728 0.6048
vn -0.8975 -0.2911 -0.3314
vn -0.2047 0.5043 -0.8389
vn 0.1748 -0.9233 0.3419
vn -0.3543 -0.8989 0.2577
vn -0.7739 0.2297 -0.5902
vn -0.3625 -0.9178 0.1620
vn -0.7850 -0.1425 0.6029
vn 0.5563 0.4001 -0.7283
vn 0.4051 -0.9115 0.0717
vn -0.0541 -0.9547 0.2927
vn 0.8508 -0.5241 0.0383
vn -0.8616 -0.1204 0.4932
vn -0.6393 0.4252 0.6407
vn 0.9405 -0.1779 -0.2895
vn -0.5947 0.7676 -0.2391
vn -0.6483 0.7577 -0.0748
vn 0.0962 -0.9445 0.3141
vn -0.9842 -0.1619 0.0713
vn 0.5874 0.6001 -0.5429
vn 0.0183 -0.7292 0.6841
vn -0.2344 -0.9677 -0.0928
vn 0.2337 -0.9340 -0.2701
vn 0.8082 0.0511 0.5868
vn 0.6122 0.5259 0.5905
vn 0.3836 0.6475 0.6585
vn -0.7526 0.5730 -0.3245
vn -0.7380 0.4757 -0.4786
vn -0.3080 -0.4484 -0.8391
vn -0.8620 0.1801 0.4738
vn 0.9351 -0.3044 0.1812
vn 0.0608 -0.9747 -0.2151
vn 0.4768 0.7810 0.4034
vn 0.9280 -0.2652 -0.2618
vn 0.7828 0.5371 -0.3143
vn -0.6132 0.4808 -0.6267
vn 0.1991 0.5199 -0.8307
vn 0.4204 -0.8989 -0.1233
vn -0.6564 -0.7032 -0.2732
vn -0.9244 -0.0576 -0.3771
vn -0.7291 0.5203 -0.4447
vn -0.1500 -0.8884 -0.4340
vn 0.8121 0.0249 -0.5830
vn -0.9014 -0.3970 0.1728
vn 0.2597 -0.9447 0.2001
vn 0.9335 -0.3509 0.0738
vn -0.8362 0.0446 0.5466
vn 0.9481 0.0187 -0.3173
vn -0.8854 0.3393 -0.3178
vn -0.8196 0.4665 -0.3328
vn 0.6530 -0.5727 -0.4956
vn 0.9201 0.1704 -0.3527
vn 0.4558 0.8881 -0.0583
vn 0.2946 -0.8651 -0.4059
vn -0.3846 -0.8888 0.2494
vn -0.8393 0.1523 -0.5218
vn -0.7586 -0.6496 0.0510
vn -0.0787 -0.9019 0.4246
vn 0.4306 -0.6890 0.5829
vn 0.3973 -0.8852 -0.2421
vn -0.6749 0.3870 0.6283
vn -0.8072 0.3429 0.4804
vn 0.8317 0.4676 -0.2993
vn 0.5477 0.7899 -0.2759
vn 0.1099 -0.9306 -0.3491
vn 0.3435 -0.9095 -0.2343
vn 0.0319 -0.9953 0.0918
vn 0.9091 0.3572 0.2143
vn -0.9505 0.1946 0.2424
vn -0.9826 -0.1779 0.0531
vn 0.8582 -0.4611 -0.2258
vn 0.8776 0.3827 -0.2887
vn 0.9141 0.2952 -0.2780
vn 0.0021 0.5319 -0.8468
vn -0.2788 -0.9228 -0.2658
vn -0.0917 -0.0334 -0.9952
vn -0.2179 -0.9751 0.0407
vn -0.4453 -0.4778 -0.7572
vn -0.7240 0.3808 0.5752
vn 0.9959 0.0796 0.0436
vn 0.7424 0.5423 -0.3934
vn -0.4546 -0.8649 -0.2128
vn -0.1093 -0.9377 0.3297
vn 0.6683 -0.6501 -0.3615
vn 0.6499 0.0570 0.7579
vn -0.9605 -0.1368 0.2425
vn -0.8298 -0.5066 -0.2343
vn -0.0457 -0.9989 -0.0130
vn -0.7791 0.4686 -0.4164
vn 0.1535 -0.9127 -0.3787
vn -0.2973 -0.9085 -0.2937
vn 0.9732 -0.2276 0.0333
vn -0.7704 -0.6336 0.0706
vn -0.9683 -0.0917 0.2322
vn 0.9740 0.2263 0.0122
vn -0.9287 0.1900 -0.3186
vn -0.4794 0.4962 -0.7239
vn -0.0369 -0.9481 -0.3157
vn -0.0362 -0.9585 -0.2828
vn -0.8789 0.2032 -0.4315
vn -0.4993 -0.7456 -0.4413
vn 0.8719 -0.4863 -0.0576
vn 0.9694 -0.1834 0.1630
vn 0.9575 0.0549 0.2830
vn 0.9003 -0.3638 -0.2389
vn -0.9486 -0.0392 -0.3142
vn -0.9540 0.1254 -0.2724
vn 0.9522 -0.0882 -0.2925
vn -0.7502 -0.5385 -0.3836
vn -0.3686 -0.9181 -0.1458
vn 0.3127 -0.9285 0.2004
vn -0.8912 -0.4302 -0.1437
vn -0.9347 0.1661 0.3142
vn 0.9508 0.1908 -0.2443
vn -0.7645 0.5419 -0.3491
vn 0.7955 0.4737 -0.3779
vn 0.4894 0.4950 -0.7180
vn -0.3540 0.5571 -0.7512
vn -0.1512 0.6011 -0.7847
vn -0.9105 0.1831 -0.3708
vn -0.4412 0.8847 -0.1506
vn 0.8631 -0.2734 -0.4247
vn 0.8172 0.4511 0.3586
vn 0.4782 -0.4361 -0.7623
vn 0.1770 -0.9413 -0.2875
vn -0.0913 -0.9652 -0.2450
vn 0.0697 -0.9530 0.2949
vn -0.5067 -0.8620 -0.0163
vn 0.5890 -0.7889 0.1756
vn -0.9202 0.0936 0.3800
vn -0.9585 -0.1358 -0.2506
vn -0.8660 0.3978 -0.3029
vn -0.7736 0.5050 -0.3829
vn 0.1245 0.5575 -0.8208
vn -0.7019 0.6768 -0.2218
vn 0.2763 -0.9236 -0.2656
vn -0.7324 -0.6198 -0.2819
vn 0.9144 0.2851 -0.2873
vn -0.9791 -0.0039 -0.2032
vn -0.3534 -0.9303 -0.0984
vn 0.9395 0.1448 -0.3105
vn 0.4544 -0.8691 -0.1955
vn 0.1896 -0.9806 0.0500
vn 0.9950 -0.0353 -0.0936
vn 0.9603 -0.1180 -0.2526
vn 0.9606 0.0814 -0.2659
vn 0.7840 0.5099 -0.3540
vn 0.7748 0.4581 -0.4358
vn 0.4529 0.5048 -0.7349
vn -0.8810 -0.0834 -0.4658
vn 0.1145 -0.9748 -0.1913
vn 0.1808 -0.9659 -0.1856
vn 0.9012 -0.3962 -0.1755
vn -0.9636 -0.2673 0.0110
vn -0.9976 0.0646 0.0241
vn -0.7319 0.5160 0.4450
vn 0.9716 -0.0125 -0.2363
vn -0.9338 0.2472 -0.2587
vn 0.5814 0.5001 -0.6418
vn 0.7172 0.6344 -0.2883
vn -0.1225 -0.9835 -0.1333
vn -0.0780 -0.9884 -0.1303
vn -0.4362 -0.8793 -0.1913
vn 0.3393 -0.7410 -0.5795
vn -0.8178 0.0646 0.5719
vn 0.9752 0.0966 -0.1991
vn 0.3871 0.5297 -0.7547
vn 0.9224 0.2947 -0.2495
vn -0.5670 0.8117 -0.1398
vn -0.9154 -0.3017 -0.2663
vn -0.9339 0.3395 0.1122
vn -0.8977 -0.4257 -0.1136
vn 0.9864 -0.1524 -0.0616
vn 0.8265 0.5119 -0.2343
vn -0.5949 -0.6907 -0.4112
vn -0.2897 -0.9536 -0.0824
vn -0.3502 -0.9272 -0.1332
vn 0.3506 -0.9315 -0.0967
vn 0.9283 0.3145 -0.1984
vn 0.7885 0.5485 -0.2781
vn -0.7859 0.4783 -0.3918
vn 0.7391 0.4752 -0.4775
vn 0.9454 0.2087 -0.2502
vn 0.8868 0.4594 0.0504
vn -0.7645 0.6400 0.0777
vn -0.9405 0.0552 0.3352
vn -0.0052 -0.9854 0.1701
vn 0.8530 0.4563 -0.2534
vn 0.6936 0.5026 -0.5160
vn -0.5456 0.5364 -0.6439
vn -0.1286 -0.9914 -0.0222
vn 0.3913 -0.9013 0.1857
vn 0.9648 -0.1791 -0.1925
vn -0.9796 -0.0949 -0.1769
vn -0.9648 0.1527 -0.2140
vn 0.4210 -0.9009 -0.1056
vn -0.9099 0.2883 -0.2982
vn -0.9628 -0.0878 -0.2556
vn 0.1043 -0.9943 0.0203
vn -0.9219 -0.3799 0.0761
vn -0.6878 0.4915 -0.5342
vn 0.4976 0.5769 -0.6477
vn -0.9734 0.1126 -0.1997
vn -0.4714 0.8725 -0.1285
vn -0.5115 -0.8154 -0.2711
vn 0.9088 -0.1053 -0.4037
vn 0.4330 -0.8869 0.1610
vn -0.9537 -0.1146 -0.2780
vn 0.9299 0.0913 -0.3564
vn 0.8374 0.4528 -0.3062
vn -0.9447 0.2970 0.1389
vn -0.9654 -0.2545 -0.0566
vn 0.9571 0.0473 -0.2858
vn 0.8833 0.4246 -0.1985
vn -0.3976 -0.9174 0.0183
vn -0.9779 0.1387 -0.1563
vn -0.9796 0.0654 -0.1900
vn -0.7526 0.4701 -0.4611
vn 0.1898 0.6498 -0.7360
vn 0.2144 -0.9752 -0.0542
vn 0.2560 -0.9652 -0.0543
vn 0.9470 -0.2792 -0.1586
vn 0.9662 0.2067 -0.1541
vn -0.8443 0.4868 -0.2243
vn -0.3178 0.6330 -0.7059
vn 0.0154 0.6327 -0.7742
vn 0.4957 -0.8059 -0.3236
vn -0.8401 0.4067 -0.3589
vn 0.0306 -0.9995 -0.0052
vn 0.1400 -0.9890 -0.0481
vn 0.8299 0.3672 -0.4200
vn 0.5707 0.8207 0.0257
vn 0.1495 -0.9501 -0.2737
vn 0.0199 -0.3350 -0.9420
vn -0.8814 0.1399 -0.4511
vn -0.8740 0.3665 -0.3191
vn -0.8805 0.4159 -0.2275
vn -0.7964 0.5772 -0.1805
vn 0.6204 0.5521 -0.5570
vn -0.4813 0.6327 -0.6067
vn 0.4561 0.6220 -0.6364
vn 0.2347 -0.9714 -0.0373
vn -0.7162 0.6637 -0.2160
vn 0.6324 0.7277 -0.2654
vn -0.0867 -0.9949 0.0521
vn -0.9052 0.4194 0.0694
vn -0.3999 -0.8931 -0.2060
vn -0.6250 -0.5649 -0.5387
vn 0.8251 -0.1805 -0.5354
vn 0.8533 0.0808 -0.5151
vn -0.7956 0.0867 -0.5996
vn -0.9154 -0.2789 -0.2901
vn -0.9367 0.3210 -0.1395
vn -0.1802 0.6411 -0.7460
vn 0.9783 -0.0155 -0.2068
vn 0.7134 0.3464 -0.6091
vn 0.9806 -0.0826 -0.1777
vn -0.8984 0.4064 -0.1663
vn -0.7917 0.5346 -0.2957
vn 0.8086 0.4687 -0.3557
vn -0.6236 0.5987 -0.5026
vn 0.3316 0.6585 -0.6756
vn 0.4587 0.8826 -0.1028
vn 0.6783 -0.1716 -0.7145
vn -0.7632 0.3127 -0.5654
vn 0.9891 -0.0051 -0.1470
vn -0.0039 -1.0000 0.0022
vn -0.8342 -0.3812 -0.3986
vn 0.9102 -0.3634 -0.1988
vn 0.8660 0.4721 -0.1648
vn -0.5585 0.7906 -0.2511
vn 0.2243 -0.9738 -0.0374
vn 0.9104 0.2425 -0.3352
vn 0.9815 0.1256 0.1447
vn -0.6939 -0.2579 -0.6723
vn -0.9555 -0.0220 -0.2943
vn 0.7407 -0.6304 -0.2322
vn -0.5757 0.5568 -0.5988
vn -0.7637 0.5783 -0.2869
vn -0.6888 0.5403 -0.4833
vn -0.4495 0.8896 -0.0804
vn -0.2870 -0.9576 -0.0244
vn 0.3227 -0.9404 0.1077
vn -0.1518 -0.9487 0.2773
vn 0.7924 -0.4995 -0.3502
vn -0.8266 -0.1536 -0.5415
vn 0.7155 0.3899 -0.5797
vn 0.8399 -0.1308 -0.5267
vn -0.8999 -0.3508 -0.2590
vn -0.9464 -0.2685 -0.1797
vn 0.8111 0.5541 -0.1874
vn 0.8184 0.5207 -0.2433
vn 0.8392 0.4841 -0.2480
vn 0.5951 0.5937 -0.5417
vn -0.9994 -0.0070 0.0326
vn -0.1039 -0.8061 -0.5826
vn -0.9648 0.2147 -0.1520
vn -0.8015 0.4662 -0.3745
vn -0.2429 0.7979 -0.5518
vn -0.3304 -0.9410 0.0730
vn 0.5037 -0.8175 -0.2792
vn 0.7761 -0.3386 -0.5320
vn 0.8632 -0.4270 -0.2693
vn 0.8701 0.4731 -0.1381
vn 0.8169 0.5552 -0.1563
vn -0.8259 0.5127 -0.2345
vn -0.0214 0.8301 -0.5572
vn -0.6321 -0.2671 0.7274
vn 0.3742 -0.5558 0.7423
vn -0.3594 -0.8541 -0.3759
vn -0.0104 -0.9609 -0.2767
vn 0.1779 -0.9763 -0.1233
vn -0.6685 -0.2860 -0.6865
vn -0.5893 0.0522 -0.8062
vn -0.7910 -0.2267 -0.5683
vn 0.9859 0.1062 -0.1293
vn 0.8377 0.5237 -0.1550
vn 0.2173 -0.9719 0.0908
vn 0.0130 -0.9579 -0.2870
vn -0.5846 -0.8064 0.0891
vn 0.8033 0.5923 -0.0621
vn 0.6086 0.2110 -0.7649
vn -0.9847 0.1282 -0.1181
vn 0.8626 0.4699 -0.1873
vn 0.7120 0.5793 -0.3968
vn -0.3986 0.7251 -0.5615
vn 0.3772 0.7573 -0.5332
vn 0.9761 0.1748 -0.1289
vn -0.2222 -0.9634 0.1497
vn -0.7585 0.6413 -0.1158
vn -0.8019 -0.2312 -0.5509
vn 0.9589 0.2156 -0.1843
vn -0.1173 -0.9372 0.3284
vn -0.2848 0.2498 -0.9255
vn 0.1798 0.9426 -0.2814
vn -0.5809 0.8121 0.0548
vn 0.2444 0.5820 0.7756
vn 0.2651 -0.9230 -0.2789
vn 0.5607 -0.0677 -0.8253
vn 0.2858 0.5063 -0.8136
vn -0.8373 -0.0839 -0.5403
vn 0.9027 -0.3957 -0.1692
vn -0.9719 -0.1754 -0.1570
vn 0.9479 0.3078 -0.0818
vn 0.9120 0.3903 -0.1262
vn 0.7720 0.5099 -0.3796
vn 0.1792 0.8067 -0.5631
vn 0.1032 -0.9947 -0.0037
vn -0.0915 -0.9920 0.0864
vn 0.4611 -0.8466 0.2659
vn 0.8388 0.4709 -0.2732
vn -0.3094 -0.7911 0.5277
vn 0.7705 -0.4546 -0.4468
vn 0.5351 -0.0950 -0.8395
vn -0.3724 0.1668 -0.9130
vn -0.1922 0.4405 -0.8769
vn -0.4947 0.3667 -0.7879
vn -0.5474 0.6686 -0.5033
vn -0.8624 0.4944 -0.1087
vn 0.0750 -0.9734 0.2167
vn -0.4185 -0.9066 0.0540
vn -0.4470 -0.8901 0.0887
vn 0.9524 0.1652 0.2560
vn -0.5677 0.7858 0.2453
vn -0.1789 0.9718 0.1538
vn 0.4984 -0.6910 0.5236
vn 0.2482 -0.9684 0.0246
vn -0.6848 -0.5618 -0.4641
vn 0.6040 -0.5968 -0.5282
vn 0.5422 -0.4766 -0.6920
vn -0.3706 -0.0598 -0.9269
vn 0.9888 -0.1142 -0.0961
vn -0.8699 0.4786 -0.1192
vn -0.7389 0.5458 -0.3952
vn 0.4472 -0.8648 -0.2283
vn 0.1166 -0.9805 0.1582
vn -0.3283 -0.9104 0.2519
vn 0.4139 -0.9084 0.0599
vn 0.1216 0.7788 0.6154
vn -0.5419 -0.8319 0.1193
vn -0.9842 -0.1037 0.1436
vn 0.3428 0.0636 -0.9373
vn -0.2787 0.1712 -0.9450
vn 0.2248 0.6140 -0.7566
vn -0.9962 0.0199 -0.0844
vn 0.8354 0.5313 -0.1407
vn -0.8437 0.4885 -0.2227
vn 0.5371 0.7176 -0.4434
vn 0.7553 -0.5853 -0.2948
vn -0.9615 0.2418 -0.1304
vn 0.7737 0.6232 -0.1142
vn -0.8447 0.1019 -0.5254
vn 0.9873 0.0257 0.1568
vn 0.3090 0.4034 -0.8613
vn -0.4749 -0.3281 -0.8166
vn -0.4585 0.2988 -0.8369
vn -0.9939 -0.0435 -0.1017
vn 0.9957 0.0402 -0.0834
vn -0.9722 0.2238 -0.0687
vn 0.9725 0.2219 -0.0713
vn 0.8463 0.5021 -0.1778
vn 0.8318 0.4887 -0.2632
vn -0.2984 -0.9539 -0.0317
vn 0.9737 -0.1937 -0.1196
vn -0.9831 -0.1656 -0.0786
vn -0.2309 -0.9539 0.1916
vn 0.9804 0.0358 0.1938
vn 0.6344 -0.7593 -0.1450
vn -0.5084 -0.4771 -0.7169
vn 0.3794 -0.2128 -0.9004
vn -0.4625 0.0705 -0.8838
vn 0.3340 0.2723 -0.9024
vn -0.3406 0.3338 -0.8790
vn 0.1414 0.4935 -0.8582
vn 0.8568 -0.3077 -0.4137
vn -0.8111 -0.4870 -0.3239
vn -0.8466 0.5249 -0.0882
vn -0.7410 0.5234 -0.4207
vn -0.1532 0.9022 -0.4032
vn 0.5873 0.7915 -0.1695
vn -0.6079 -0.7909 0.0699
vn 0.1434 0.8420 0.5200
vn -0.5140 -0.8250 -0.2348
vn 0.5243 -0.0272 -0.8511
vn -0.3478 0.3292 -0.8779
vn 0.7133 0.0680 -0.6975
vn 0.1129 0.4905 -0.8641
vn -0.9379 -0.3276 -0.1140
vn 0.4146 0.8338 -0.3645
vn 0.1976 0.8917 -0.4071
vn -0.1277 -0.9590 0.2531
vn -0.4973 -0.8641 -0.0775
vn 0.2393 -0.9460 -0.2187
vn 0.8990 0.3191 -0.3000
vn -0.9853 -0.0483 -0.1637
vn 0.4621 -0.6792 -0.5702
vn 0.6097 -0.3180 -0.7260
vn -0.4625 -0.2153 -0.8601
vn -0.2768 0.5551 -0.7844
vn -0.0886 0.5309 -0.8428
vn 0.9627 0.1270 -0.2388
vn -0.9800 -0.1952 -0.0398
vn -0.9891 -0.1176 -0.0892
vn 0.8473 0.5267 -0.0686
vn 0.0101 0.9199 -0.3921
vn -0.0047 -0.9644 0.2643
vn 0.2452 -0.9210 0.3027
vn 0.3948 0.4849 -0.7804
vn 0.8356 -0.0908 0.5417
vn -0.6273 0.2668 -0.7317
vn 0.5452 0.3638 -0.7552
vn -0.4002 0.3754 -0.8360
vn 0.8261 0.5528 -0.1095
vn -0.8358 0.4787 -0.2688
vn 0.6825 0.6384 -0.3558
vn -0.5252 0.7928 -0.3093
vn -0.8110 0.5154 -0.2768
vn -0.2574 -0.9333 0.2504
vn -0.8401 -0.4076 0.3579
vn 0.3742 -0.7048 0.6027
vn -0.6978 -0.1152 -0.7070
vn 0.7411 0.1736 -0.6486
vn -0.5092 0.4448 -0.7368
vn 0.2351 0.5323 -0.8133
vn 0.3690 0.5424 -0.7548
vn -0.6044 0.0971 -0.7907
vn -0.0149 0.6517 -0.7583
vn 0.9964 0.0815 -0.0243
vn -0.9057 0.4181 -0.0702
vn 0.8598 0.5028 -0.0889
vn 0.8014 0.5443 -0.2481
vn -0.6273 0.6794 -0.3807
vn -0.3249 0.8889 -0.3229
vn -0.9459 0.2796 -0.1643
vn -0.0480 -0.9899 0.1331
vn -0.4461 -0.8875 0.1157
vn 0.9965 -0.0335 -0.0766
vn -0.4657 -0.6609 -0.5885
vn 0.6065 -0.5135 -0.6071
vn 0.7244 -0.0659 -0.6862
vn -0.1847 0.3248 -0.9276
vn 0.4679 -0.4730 -0.7466
vn -0.8707 -0.4209 -0.2543
vn 0.9764 -0.2024 -0.0755
vn 0.9859 0.1605 -0.0482
vn -0.5792 0.7669 -0.2763
vn -0.4995 0.8266 -0.2594
vn -0.1409 -0.9159 0.3758
vn 0.8800 0.4299 -0.2021
vn -0.2624 -0.8580 -0.4415
vn -0.4949 -0.5275 -0.6905
vn -0.6005 -0.4075 -0.6880
vn 0.6608 0.5127 -0.5482
vn -0.3241 0.4173 -0.8490
vn -0.6721 0.1902 -0.7156
vn 0.0605 0.6207 -0.7817
vn -0.9882 -0.1162 -0.1001
vn -0.9650 -0.2539 -0.0659
vn -0.9389 0.3422 -0.0360
vn 0.8870 0.4573 -0.0639
vn -0.8669 0.4843 -0.1178
vn 0.6487 0.6955 -0.3090
vn -0.5705 -0.7822 -0.2503
vn -0.9606 0.2776 -0.0113
vn 0.4407 0.8932 0.0893
vn 0.1008 -0.9350 0.3401
vn -0.8977 0.3989 -0.1872
vn 0.9862 -0.1632 -0.0264
vn 0.8063 -0.5799 0.1165
vn -0.7910 0.0764 -0.6071
vn -0.1028 0.7235 -0.6826
vn 0.4746 -0.1609 -0.8654
vn 0.9171 0.3975 -0.0292
vn -0.8340 0.5509 -0.0317
vn 0.3368 0.9033 -0.2658
vn 0.8992 0.4335 -0.0586
vn 0.2435 -0.9189 0.3105
vn -0.0740 -0.8842 0.4612
vn 0.9234 0.3340 -0.1893
vn -0.1671 -0.5877 0.7916
vn 0.9854 0.1588 -0.0607
vn 0.3736 -0.9244 0.0775
vn 0.3956 -0.8848 -0.2462
vn 0.3840 -0.7051 -0.5962
vn -0.5286 0.5557 -0.6417
vn -0.2402 0.7557 -0.6093
vn 0.3768 0.8623 -0.3383
vn 0.6981 0.6592 -0.2794
vn 0.9439 -0.3264 -0.0504
vn 0.8723 0.4807 -0.0893
vn 0.8875 -0.4598 -0.0309
vn 0.1769 -0.8898 0.4207
vn -0.7040 -0.3911 0.5928
vn -0.3733 -0.9071 -0.1945
vn 0.7919 -0.4551 -0.4071
vn -0.8408 -0.0262 -0.5407
vn 0.8544 -0.0509 -0.5172
vn -0.8093 0.2833 -0.5146
vn -0.6727 0.4821 -0.5613
vn 0.2169 0.8101 -0.5447
vn -0.6126 0.7468 -0.2587
vn 0.3283 0.8604 -0.3897
vn 0.9430 -0.1434 -0.3004
vn -0.8407 0.5400 -0.0403
vn 0.5312 0.8287 -0.1766
vn 0.2625 -0.9648 0.0156
vn -0.6155 -0.7151 -0.3312
vn -0.6404 0.7573 -0.1280
vn 0.0162 -0.9081 0.4184
vn 0.2700 -0.8701 0.4123
vn 0.8877 0.4246 -0.1779
vn -0.9118 0.3883 -0.1335
vn 0.1977 0.8225 -0.5333
vn -0.4402 -0.1768 0.8803
vn 0.8260 0.4336 0.3602
vn 0.7681 0.4366 -0.4684
vn -0.7799 -0.3839 -0.4943
vn 0.8109 -0.2661 -0.5212
vn -0.2396 0.8683 -0.4343
vn 0.3293 0.8637 -0.3815
vn -0.4625 0.8400 -0.2837
vn 0.9714 -0.1177 -0.2064
vn -0.9557 -0.1942 0.2213
vn -0.9886 0.1479 -0.0289
vn 0.8657 0.5003 -0.0168
vn 0.7754 0.6128 -0.1523
vn -0.2032 0.9547 -0.2174
vn -0.0448 0.9835 -0.1753
vn 0.0968 0.9688 -0.2280
vn -0.0647 -0.9883 -0.1384
vn 0.9833 0.0006 -0.1818
vn -0.6557 -0.4672 -0.5931
vn 0.3007 0.0799 -0.9504
vn -0.0347 -0.9904 -0.1336
vn 0.2394 -0.9709 -0.0102
vn -0.4892 -0.8000 -0.3474
vn 0.9037 0.1159 -0.4122
vn -0.7785 0.4947 -0.3863
vn 0.5945 0.7013 -0.3933
vn -0.6025 0.7885 -0.1232
vn 0.9990 -0.0257 -0.0373
vn 0.9634 0.2675 -0.0166
vn 0.8528 0.5143 -0.0908
vn 0.0861 -0.8896 0.4485
vn -0.2194 -0.8813 0.4186
vn -0.5880 -0.4390 0.6794
vn 0.9463 0.0631 0.3171
vn 0.8874 -0.1603 0.4323
vn -0.3111 -0.9396 0.1426
vn 0.5606 -0.7042 -0.4357
vn -0.8722 0.2361 -0.4283
vn 0.8344 0.3993 -0.3798
vn -0.5938 0.6735 -0.4402
vn -0.4179 0.8515 -0.3168
vn -0.9943 -0.1036 0.0249
vn -0.9960 0.0862 0.0248
vn -0.8619 0.5070 0.0052
vn 0.8312 0.5542 -0.0451
vn -0.7461 0.6367 -0.1948
vn -0.6597 0.7354 -0.1547
vn -0.0557 -0.9984 0.0124
vn 0.2391 -0.9443 0.2261
vn 0.0505 -0.9076 0.4168
vn -0.8755 0.3228 -0.3596
vn 0.7284 0.6311 -0.2666
vn 0.4743 0.8316 -0.2889
vn -0.8445 0.5349 -0.0248
vn 0.2140 0.9630 -0.1636
vn 0.9986 -0.0347 -0.0395
vn -0.8343 0.5453 -0.0811
vn 0.4544 0.8907 -0.0092
vn -0.9511 -0.3088 0.0002
vn 0.4555 -0.8599 -0.2305
vn -0.7997 -0.4676 -0.3766
vn 0.9489 -0.1818 -0.2581
vn 0.9319 0.2541 -0.2588
vn -0.9571 -0.2897 0.0027
vn -0.9000 0.4340 0.0399
vn -0.4039 0.9057 -0.1287
vn 0.9798 0.1993 0.0139
vn -0.4703 0.8825 0.0013
vn -0.4123 -0.8875 -0.2057
vn -0.6125 -0.6726 -0.4152
vn -0.8514 -0.3518 -0.3891
vn -0.5541 0.8305 -0.0567
vn -0.8761 0.4820 -0.0129
vn 0.0916 0.9951 -0.0368
vn 0.0141 -0.8216 0.5699
vn -0.8052 -0.4681 0.3640
vn 0.2587 -0.9626 -0.0799
vn 0.9801 0.1062 -0.1676
vn 0.3048 0.9359 -0.1769
vn 0.9661 -0.2575 -0.0155
vn 0.9281 0.3723 0.0039
vn 0.8472 0.5305 0.0273
vn 0.8437 0.5368 -0.0011
vn 0.3927 0.9128 -0.1119
vn 0.0377 -0.9538 0.2981
vn -0.0455 -0.9676 0.2483
vn 0.8972 -0.4271 -0.1126
vn -0.9621 -0.2105 -0.1735
vn -0.7353 0.6417 -0.2181
vn 0.5146 0.8528 0.0895
vn -0.9610 0.2752 0.0272
vn 0.8736 0.4857 -0.0294
vn -0.7140 0.6989 -0.0419
vn 0.7493 0.6589 -0.0660
vn -0.6317 0.7723 -0.0675
vn 0.2134 -0.9264 0.3104
vn 0.1212 -0.9442 0.3063
vn 0.6878 -0.3415 0.6406
vn -0.9944 0.0472 -0.0948
vn 0.9112 0.4074 -0.0617
vn -0.6003 0.7904 -0.1224
vn 0.9420 0.3326 0.0447
vn 0.5696 -0.7968 -0.2016
vn -0.9069 -0.3985 -0.1369
vn 0.9116 0.4066 -0.0613
vn -0.2345 -0.9349 0.2663
vn -0.2286 -0.9727 -0.0398
vn -0.8666 -0.4967 0.0483
vn -0.5392 -0.8377 -0.0867
vn 0.7396 -0.6373 -0.2162
vn 0.6392 0.7617 -0.1058
vn -0.3038 0.9360 -0.1777
vn 0.9954 -0.0953 0.0097
vn -0.8538 0.5159 0.0701
vn 0.8660 0.5000 -0.0020
vn -0.5575 0.8275 -0.0667
vn -0.2272 0.9722 -0.0562
vn -0.9994 0.0200 0.0288
vn -0.4552 0.8904 0.0024
vn 0.0378 0.7976 -0.6020
vn -0.0308 0.8999 0.4351
vn 0.8980 0.4400 -0.0037
vn -0.8340 0.5500 0.0442
vn -0.6405 0.7676 -0.0234
vn 0.1276 -0.9892 0.0722
vn -0.3117 -0.9501 0.0141
vn -0.7613 -0.6398 -0.1054
vn 0.9979 0.0624 0.0179
vn 0.8833 0.4683 0.0216
vn -0.7880 0.6155 -0.0152
vn -0.4638 0.8840 0.0593
vn 0.2439 0.9652 0.0947
vn -0.2849 -0.9577 0.0400
vn -0.6219 0.7820 0.0421
vn -0.8198 0.5622 0.1090
vn -0.1349 -0.9761 0.1705
vn 0.5308 -0.6798 0.5062
vn -0.1968 -0.9746 0.1068
vn 0.6653 -0.7433 -0.0692
vn 0.8410 0.5403 -0.0292
vn -0.9829 0.1747 0.0585
vn 0.7953 0.6060 -0.0154
vn 0.5040 0.8635 0.0173
vn 0.6442 0.7638 -0.0399
vn -0.4264 -0.5536 0.7154
vn 0.2332 -0.9662 -0.1096
vn 0.3515 -0.9290 0.1156
vn -0.8772 -0.4745 0.0732
vn 0.9549 -0.2709 0.1216
vn -0.9530 0.2849 0.1028
vn 0.3121 0.9380 0.1506
vn -0.2874 0.9561 0.0577
vn -0.9996 -0.0194 0.0225
vn 0.9760 0.2148 0.0355
vn 0.8766 0.4788 0.0472
vn 0.8351 0.5462 0.0648
vn 0.9901 -0.1288 0.0553
vn 0.9111 0.4049 0.0770
vn 0.2345 -0.9694 0.0725
vn 0.4971 -0.8554 0.1455
vn 0.7573 -0.6443 0.1067
vn -0.9649 -0.2085 0.1595
vn -0.8560 0.5158 0.0343
vn -0.9421 -0.3329 0.0402
vn 0.9641 0.2650 -0.0157
vn 0.9823 -0.1812 0.0482
vn 0.9902 0.1288 0.0537
vn 0.8763 0.4795 0.0466
vn 0.0022 0.9951 0.0993
vn -0.1544 0.9861 0.0607
vn 0.7609 -0.6341 -0.1377
vn -0.0661 -0.9423 -0.3282
vn 0.2007 -0.9539 -0.2233
vn -0.1707 -0.9488 -0.2659
vn 0.0641 -0.9766 -0.2054
vn -0.4774 -0.8348 0.2742
vn -0.8004 0.4345 0.4130
vn 0.9944 -0.0578 0.0884
vn 0.9152 0.3988 0.0586
vn -0.3487 0.9267 0.1405
vn 0.0627 -0.9320 -0.3569
vn -0.6715 -0.6950 0.2572
vn 0.9026 -0.3944 -0.1726
vn 0.5431 -0.8307 -0.1225
vn -0.5489 -0.8148 0.1864
vn 0.9388 0.2962 0.1757
vn 0.8671 0.4885 0.0975
vn -0.7064 0.7064 0.0448
vn 0.9986 0.0187 0.0496
vn 0.8638 0.4926 0.1058
vn -0.7582 -0.6366 -0.1411
vn 0.8439 0.5279 0.0956
vn -0.2514 -0.9371 -0.2422
vn 0.9702 -0.0751 0.2306
vn -0.9703 0.0035 0.2417
vn 0.5096 0.8320 0.2194
vn -0.9650 -0.2435 0.0975
vn -0.9278 0.3671 0.0666
vn -0.8653 0.4923 0.0942
vn -0.5934 0.7962 0.1181
vn 0.1613 -0.8619 -0.4808
vn 0.9264 -0.3676 0.0818
vn -0.7289 -0.6738 0.1208
vn 0.6453 -0.7366 0.2024
vn 0.9697 0.0498 0.2390
vn -0.3965 0.8906 0.2228
vn 0.9530 -0.2876 0.0955
vn 0.8313 0.5521 0.0636
vn -0.8684 0.4786 0.1294
vn -0.7830 0.5991 0.1676
vn 0.5635 0.8043 0.1885
vn -0.3880 -0.8939 0.2244
vn 0.3548 0.9332 0.0577
vn -0.7173 0.6852 0.1261
vn 0.2634 0.9416 0.2098
vn 0.1628 0.9803 0.1116
vn 0.9883 -0.1525 -0.0029
vn -0.4524 -0.8898 -0.0602
vn -0.7663 -0.6323 0.1138
vn 0.7945 -0.4532 -0.4042
vn -0.1948 -0.8515 -0.4868
vn -0.8420 0.3734 0.3894
vn -0.7270 0.5904 0.3506
vn 0.7438 0.5990 0.2967
vn 0.7234 0.6769 0.1357
vn 0.4968 0.8471 0.1888
vn 0.0644 -0.9215 -0.3829
vn 0.0163 -0.8943 -0.4472
vn 0.1515 -0.8907 -0.4286
vn -0.9171 0.1569 0.3666
vn -0.8281 -0.4240 0.3666
vn -0.9011 0.1542 0.4052
vn 0.8556 0.3953 0.3341
vn 0.3433 0.6251 0.7010
vn -0.9660 0.2312 0.1157
vn -0.9453 0.3124 0.0941
vn -0.1603 -0.9003 -0.4047
vn 0.7019 -0.6071 0.3726
vn 0.3817 0.8253 0.4161
vn 0.7892 0.5846 0.1880
vn -0.5992 0.7667 0.2305
vn -0.4726 0.8306 0.2945
vn -0.1821 0.9525 0.2442
vn 0.2114 0.9421 0.2602
vn -0.5279 0.8468 0.0655
vn 0.4833 0.8723 0.0745
vn 0.2424 -0.9139 -0.3256
vn 0.3786 -0.7884 0.4849
vn 0.4702 -0.8549 0.2191
vn -0.7133 -0.6297 0.3078
vn -0.8974 -0.1560 0.4127
vn 0.9328 0.1587 0.3235
vn -0.6014 0.7443 0.2903
vn -0.4519 0.7786 0.4355
vn 0.8480 0.5182 0.1107
vn 0.8603 0.4707 0.1959
vn -0.8277 0.5245 0.1997
vn -0.2982 0.8976 0.3246
vn 0.9633 -0.2436 0.1125
vn 0.7231 0.6900 0.0323
vn -0.2948 -0.9045 -0.3082
vn 0.3788 -0.8708 -0.3134
vn 0.5741 0.1043 0.8121
vn -0.3088 -0.8826 -0.3545
vn 0.5435 -0.8004 0.2529
vn -0.5516 -0.7866 0.2774
vn 0.8272 -0.3794 0.4146
vn 0.8258 0.5515 0.1177
vn -0.8510 0.4773 0.2191
vn 0.7381 0.6332 0.2331
vn 0.3072 0.8944 0.3252
vn -0.9926 0.0271 0.1185
vn 0.9822 0.0736 0.1726
vn -0.8171 0.5635 0.1220
vn -0.1229 -0.9332 -0.3376
vn 0.2224 -0.9484 -0.2261
vn 0.4245 -0.9019 -0.0798
vn 0.7039 0.4201 0.5727
vn 0.9884 0.0835 0.1266
vn 0.8214 0.5144 0.2464
vn -0.6910 0.6422 0.3319
vn -0.2060 -0.9437 -0.2590
vn 0.7655 -0.1727 0.6199
vn -0.8298 -0.0051 0.5580
vn -0.6652 0.4619 0.5867
vn -0.9923 -0.0056 0.1236
vn 0.9783 0.1667 0.1227
vn 0.7083 0.6119 0.3520
vn 0.0368 -0.9638 -0.2642
vn -0.9966 -0.0640 0.0527
vn 0.9602 0.2777 0.0306
vn 0.9577 -0.2555 -0.1322
vn -0.6053 -0.4921 0.6256
vn -0.7501 -0.2542 0.6105
vn -0.5157 0.5688 0.6407
vn -0.3474 0.7407 0.5750
vn 0.3174 0.7941 0.5183
vn 0.9731 0.0336 0.2279
vn 0.9630 0.2454 0.1118
vn -0.9388 0.3172 0.1345
vn -0.8383 0.5348 0.1059
vn 0.8547 0.4854 0.1839
vn -0.2528 -0.2329 0.9391
vn 0.9876 0.0041 0.1570
vn -0.9961 0.0596 -0.0649
vn 0.6422 0.2276 0.7319
vn 0.5661 -0.5577 0.6070
vn 0.8140 0.1024 0.5718
vn -0.7443 0.1919 0.6397
vn 0.5976 0.7850 0.1631
vn -0.8132 -0.1321 0.5668
vn -0.9763 -0.1629 0.1426
vn 0.8423 0.5260 0.1174
vn -0.0451 0.9531 0.2994
vn 0.0748 0.9167 0.3925
vn -0.4259 0.8990 0.1020
vn -0.8049 -0.4975 0.3234
vn 0.9941 -0.1000 0.0413
vn 0.6703 -0.4001 0.6250
vn 0.5300 0.6456 0.5499
vn -0.2069 0.7232 0.6590
vn -0.8063 0.4946 0.3246
vn -0.7616 0.5648 0.3179
vn 0.0514 -0.9985 0.0185
vn 0.8182 0.5680 0.0888
vn -0.2647 -0.9426 -0.2034
vn 0.3535 -0.9332 -0.0652
vn -0.8311 0.4572 0.3166
vn 0.6497 0.6346 0.4186
vn -0.2904 -0.9278 -0.2341
vn 0.3288 -0.9085 0.2581
vn 0.4871 -0.7224 0.4908
vn 0.3067 0.1065 0.9458
vn -0.5974 0.6661 0.4465
vn 0.9694 -0.1973 0.1458
vn -0.9818 -0.0865 0.1691
vn -0.8904 0.4240 0.1657
vn 0.8795 0.4650 0.1016
vn 0.2712 0.8622 0.4279
vn -0.1315 0.8835 0.4495
vn 0.7715 -0.6123 -0.1727
vn -0.6627 0.7482 0.0325
vn 0.5208 0.8419 0.1412
vn -0.0714 -0.9835 -0.1660
vn -0.3060 -0.9429 -0.1313
vn 0.6657 -0.7237 -0.1819
vn -0.6679 -0.0200 0.7440
vn 0.6360 0.2290 0.7369
vn 0.8979 -0.4085 0.1642
vn 0.9920 -0.0153 0.1252
vn -0.8669 0.4848 0.1161
vn 0.8266 0.4791 0.2952
vn -0.8163 0.5182 0.2552
vn 0.0046 -0.9853 -0.1709
vn 0.3320 -0.9227 -0.1961
vn 0.1671 -0.9830 -0.0761
vn 0.9500 0.2924 -0.1094
vn 0.7888 -0.5358 -0.3014
vn 0.4920 -0.8672 0.0766
vn -0.6973 -0.7154 0.0445
vn -0.6710 -0.6069 0.4259
vn 0.5124 -0.3129 0.7997
vn 0.6443 0.0273 0.7643
vn -0.5842 0.2347 0.7769
vn 0.5463 0.3755 0.7487
vn 0.8235 -0.4622 0.3291
vn 0.8989 0.4082 0.1590
vn 0.5432 0.7449 0.3874
vn 0.9681 -0.1590 0.1935
vn -0.9403 0.2838 0.1879
vn -0.4598 -0.8880 -0.0011
vn 0.4235 -0.8848 -0.1945
vn -0.9197 0.1090 0.3771
vn -0.5523 -0.3925 0.7355
vn -0.4261 0.3701 0.8255
vn -0.3398 0.6269 0.7011
vn 0.7193 -0.2996 0.6268
vn 0.1706 0.6807 0.7124
vn 0.9830 -0.0308 0.1810
vn 0.9352 0.3294 0.1302
vn 0.8081 0.5325 0.2518
vn -0.3051 0.8216 0.4815
vn 0.1865 -0.9742 -0.1272
vn 0.9103 0.3709 0.1838
vn 0.8561 0.4816 0.1874
vn -0.0446 -0.9748 -0.2186
vn -0.0360 -0.9887 0.1457
vn -0.5170 -0.2264 0.8255
vn 0.2995 0.4513 0.8406
vn 0.2689 0.0115 0.9631
vn 0.0419 0.1313 0.9905
vn -0.0147 -0.1680 0.9857
vn 0.0976 0.0993 0.9903
vn 0.8106 0.5547 0.1877
vn 0.8298 0.4689 0.3027
vn 0.8233 0.4785 0.3052
vn 0.7847 0.5395 0.3052
vn -0.6774 0.5642 0.4721
vn -0.4460 0.7605 0.4719
vn 0.4139 0.7937 0.4458
vn -0.9362 -0.3086 0.1682
vn -0.1990 -0.9799 -0.0131
vn 0.1492 -0.9872 -0.0569
vn -0.4971 -0.8646 -0.0731
vn 0.6237 -0.5598 -0.5455
vn 0.4992 -0.8129 0.3000
vn 0.5397 0.2459 0.8052
vn 0.4633 0.5240 0.7147
vn -0.7573 -0.2014 0.6212
vn -0.7874 -0.2774 0.5506
vn 0.7176 0.5242 0.4585
vn -0.6227 -0.6652 0.4120
vn -0.9230 -0.3302 0.1975
vn 0.9826 -0.0846 0.1652
vn -0.9847 0.0832 0.1532
vn 0.9751 0.1287 0.1803
vn -0.9722 0.1544 0.1761
vn -0.8245 0.5467 0.1458
vn 0.7997 0.5553 0.2283
vn -0.5944 0.6912 0.4111
vn 0.0250 0.8184 0.5741
vn 0.4968 -0.8614 0.1057
vn -0.8486 0.4873 0.2059
vn -0.4044 0.9072 0.1160
vn -0.7825 0.6022 -0.1582
vn 0.9885 0.1227 0.0889
vn 0.4441 -0.0094 0.8959
vn -0.4631 0.0560 0.8845
vn 0.1651 0.4119 0.8961
vn -0.7970 -0.1308 0.5896
vn -0.8650 -0.3615 0.3480
vn -0.5613 -0.8274 -0.0172
vn 0.9373 0.2755 0.2134
vn 0.4128 0.9022 0.1251
vn 0.3498 -0.9312 -0.1027
vn -0.5798 0.7363 0.3487
vn -0.7912 -0.4468 0.4177
vn 0.8635 -0.0034 0.5044
vn 0.8707 0.2968 0.3921
vn -0.7189 0.1008 0.6877
vn -0.3199 -0.9045 -0.2822
vn 0.2805 -0.9098 0.3059
vn -0.7234 -0.5830 0.3699
vn 0.3372 0.1919 0.9217
vn -0.1948 0.4694 0.8612
vn -0.2015 0.2382 0.9501
vn 0.9200 -0.2372 0.3119
vn -0.8632 -0.4343 0.2575
vn 0.9221 -0.3215 0.2154
vn -0.7981 0.4761 0.3693
vn -0.7451 0.5170 0.4213
vn 0.4801 0.6991 0.5299
vn 0.1920 0.8285 0.5260
vn -0.9712 0.0076 0.2383
vn -0.6583 0.7526 0.0139
vn 0.4018 0.8768 0.2643
vn 0.5558 -0.8133 0.1725
vn -0.7703 -0.3656 0.5224
vn 0.5551 -0.3114 0.7713
vn 0.4694 -0.0943 0.8779
vn -0.3445 0.2549 0.9035
vn -0.2679 0.5402 0.7978
vn -0.7292 -0.4568 0.5095
vn 0.4173 0.3257 0.8484
vn 0.6249 -0.2998 0.7208
vn 0.9417 -0.2561 0.2180
vn 0.6037 0.6458 0.4675
vn 0.3408 0.7538 0.5618
vn -0.1309 -0.9910 -0.0290
vn -0.3490 -0.9325 -0.0931
vn 0.1217 -0.9586 -0.2575
vn -0.2870 -0.9460 0.1505
vn 0.7529 -0.6506 0.0990
vn 0.7124 -0.4190 0.5629
vn -0.3684 0.0683 0.9272
vn 0.3464 0.1475 0.9264
vn 0.2353 0.3856 0.8921
vn -0.2299 0.0335 0.9726
vn -0.9373 -0.2647 0.2268
vn 0.6883 0.5470 0.4765
vn -0.4475 -0.8874 0.1107
vn 0.9938 0.0575 0.0949
vn -0.0926 0.3685 0.9250
vn -0.5868 -0.0956 0.8041
vn 0.5942 0.1880 0.7821
vn 0.9804 0.0301 0.1949
vn -0.9451 0.2541 0.2057
vn 0.8623 0.4676 0.1943
vn 0.5950 0.7796 0.1955
vn -0.7164 -0.6944 -0.0679
vn 0.7383 0.6488 0.1843
vn 0.3868 0.5278 -0.7562
vn 0.3519 0.0395 0.9352
vn 0.8333 -0.3502 -0.4277
vn -0.7431 0.0148 0.6691
vn 0.1134 -0.9528 -0.2815
vn 0.4066 0.1772 0.8962
vn 0.6132 0.0096 0.7898
vn 0.8345 -0.4847 0.2622
vn 0.9559 0.2343 0.1770
vn 0.9182 0.3332 0.2142
vn 0.8309 0.4305 0.3524
vn -0.7327 0.4764 0.4860
vn -0.5489 0.6056 0.5762
vn -0.1374 0.7564 0.6395
vn -0.8742 -0.4853 0.0170
vn 0.0226 -0.9994 0.0259
vn 0.2724 -0.9620 0.0178
vn -0.7396 0.0296 0.6724
vn -0.3760 0.5122 0.7722
vn 0.2574 0.5827 0.7708
vn -0.8380 0.5091 0.1964
vn 0.8102 0.4421 0.3849
vn 0.0293 -0.9074 0.4192
vn -0.2759 -0.7774 0.5653
vn 0.4145 -0.8678 -0.2740
vn 0.7424 0.1102 0.6609
vn -0.5599 -0.1530 0.8143
vn 0.1722 0.7325 0.6586
vn 0.7083 0.6865 0.1643
vn 0.3733 -0.9203 0.1169
vn -0.8490 0.5012 0.1673
vn 0.5337 -0.1068 0.8389
vn -0.4697 -0.3808 0.7965
vn 0.1702 -0.7253 0.6670
vn -0.5096 0.2730 0.8159
vn -0.6560 0.3296 0.6790
vn 0.8628 0.4845 0.1440
vn 0.7990 0.4162 0.4341
vn 0.4027 0.6936 0.5972
vn 0.6727 -0.1325 0.7279
vn 0.9056 -0.4240 0.0119
vn -0.1537 0.6118 0.7760
vn -0.7358 0.1151 0.6673
vn 0.3103 -0.9479 0.0720
vn 0.9546 -0.2005 0.2203
vn 0.8270 0.5229 0.2066
vn 0.5922 0.5518 0.5872
vn -0.1740 -0.9823 0.0692
vn 0.2712 -0.9498 0.1560
vn -0.4489 -0.8927 0.0400
vn 0.1692 -0.9825 -0.0773
vn -0.6316 -0.2536 0.7326
vn 0.1835 -0.9776 -0.1032
vn 0.8818 -0.2626 0.3918
vn 0.8877 -0.3913 0.2428
vn 0.9653 0.0966 0.2425
vn -0.7999 0.5318 0.2780
vn -0.5838 0.5361 0.6097
vn -0.2396 0.7183 0.6532
vn 0.6910 -0.7214 0.0461
vn 0.9197 -0.3015 0.2516
vn 0.9024 0.3216 0.2869
vn -0.4721 0.8652 0.1692
vn -0.4514 0.8731 0.1841
vn -0.3060 -0.9483 0.0840
vn 0.8750 0.2186 0.4319
vn 0.7096 0.3160 0.6297
vn -0.6847 0.3727 0.6263
vn -0.6598 0.4927 0.5674
vn -0.7995 0.0546 0.5982
vn -0.6742 -0.4877 0.5546
vn -0.9698 0.0026 0.2439
vn 0.7109 0.4865 0.5079
vn -0.6715 0.5064 0.5410
vn -0.9100 0.2778 0.3079
vn 0.0980 -0.9924 0.0739
vn -0.2441 -0.9567 0.1587
vn -0.2962 -0.8422 0.4506
vn 0.5670 -0.5392 0.6228
vn 0.6574 -0.7532 0.0225
vn -0.8722 -0.4402 0.2131
vn 0.9280 0.2921 -0.2313
vn -0.8961 -0.3630 0.2555
vn 0.7822 0.5568 0.2795
vn 0.7958 0.5392 0.2756
vn 0.7770 0.5404 0.3229
vn 0.0196 0.7021 0.7118
vn -0.9083 0.1489 0.3910
vn 0.4473 -0.8032 0.3935
vn -0.9321 -0.1386 0.3347
vn 0.9749 -0.2041 0.0889
vn -0.9016 0.2354 0.3629
vn -0.9600 0.0855 -0.2665
vn -0.8643 -0.4512 0.2222
vn -0.9523 -0.1868 0.2414
vn 0.7891 0.4885 0.3724
vn 0.7468 0.4827 0.4575
vn 0.6065 0.5160 0.6049
vn 0.9521 -0.0157 0.3054
vn 0.9516 0.2687 0.1489
vn 0.2257 -0.4549 0.8614
vn -0.9649 0.1253 -0.2310
vn 0.4197 0.3383 0.8422
vn -0.8738 0.4232 0.2396
vn -0.9466 0.3140 -0.0737
vn 0.7234 0.5439 0.4253
vn -0.9633 0.0917 0.2522
vn -0.4528 0.5729 0.6832
vn 0.5098 0.5772 0.6379
vn -0.9499 -0.0297 0.3111
vn -0.7808 0.6130 0.1209
vn -0.0648 -0.9800 0.1882
vn 0.1236 -0.9823 0.1405
vn -0.7384 -0.0655 0.6712
vn 0.9856 0.1599 0.0556
vn 0.9506 -0.1639 0.2637
vn 0.9648 -0.0425 0.2594
vn -0.9446 0.1683 0.2818
vn -0.8946 0.3686 0.2526
vn -0.1752 -0.9262 -0.3340
vn 0.1037 -0.9130 0.3945
vn 0.8850 -0.4301 0.1784
vn -0.9557 -0.1089 0.2734
vn 0.9522 0.1722 0.2525
vn 0.9270 0.2741 0.2560
vn 0.8811 0.3967 0.2574
vn 0.2388 0.6455 0.7254
vn 0.2418 -0.9673 0.0770
vn 0.7981 0.5356 0.2759
vn -0.5996 0.7801 0.1787
vn -0.0102 -0.9771 0.2127
vn -0.6690 0.5205 0.5306
vn 0.9883 -0.0889 0.1235
vn 0.0568 -0.5638 0.8239
vn 0.4500 -0.7563 0.4748
vn 0.1022 -0.9204 0.3774
vn 0.8724 0.3573 -0.3337
vn 0.3363 0.5664 0.7524
vn 0.2841 -0.9477 0.1455
vn -0.8239 -0.3213 0.4668
vn 0.1538 -0.7215 0.6751
vn 0.9201 -0.3587 0.1570
vn -0.7138 0.5845 -0.3859
vn -0.9276 0.2562 0.2720
vn 0.8415 0.4496 0.2995
vn -0.8467 0.4593 0.2686
vn 0.8276 0.4917 0.2707
vn 0.6255 0.4768 0.6176
vn 0.2206 -0.9528 0.2086
vn -0.4295 -0.8923 0.1387
vn 0.4410 -0.8843 0.1535
vn 0.1841 -0.7210 0.6680
vn -0.0760 -0.7360 0.6727
vn -0.9491 0.2877 0.1279
vn -0.7484 0.5512 0.3688
vn -0.6980 0.4925 0.5199
vn -0.6010 0.4843 0.6358
vn 0.4882 0.5194 0.7013
vn -0.1570 0.6646 0.7305
vn 0.4896 -0.8489 0.1991
vn 0.4097 -0.8718 0.2685
vn -0.8854 -0.0240 -0.4642
vn 0.1917 0.8645 -0.4646
vn 0.9765 -0.1302 0.1716
vn 0.7346 0.6783 -0.0189
vn 0.7793 0.4687 0.4160
vn 0.7029 0.4687 0.5350
vn 0.7074 0.4762 0.5223
vn 0.4501 0.8689 0.2060
vn -0.6548 -0.6918 0.3043
vn 0.8895 -0.1999 0.4110
vn -0.7711 0.5113 -0.3794
vn 0.4168 -0.5137 0.7499
vn 0.9887 -0.1441 0.0407
vn 0.9228 -0.2726 0.2723
vn 0.9632 0.0438 0.2652
vn -0.7287 0.5289 0.4351
vn 0.0292 0.5711 0.8204
vn -0.2845 -0.9052 0.3157
vn 0.0857 -0.5474 0.8325
vn 0.9352 -0.2122 0.2835
vn 0.9964 -0.0618 -0.0580
vn -0.9863 -0.1632 0.0252
vn 0.9574 0.1522 -0.2454
vn -0.4769 0.5046 0.7197
vn -0.3214 0.5324 0.7831
vn 0.8784 -0.4449 0.1742
vn -0.4309 -0.8748 0.2214
vn -0.9425 0.2038 -0.2648
vn -0.8370 -0.5391 -0.0938
vn -0.7890 -0.6130 0.0412
vn -0.9108 -0.1892 0.3669
vn 0.3319 -0.6460 0.6874
vn 0.7867 -0.0955 0.6099
vn 0.6442 -0.7624 0.0617
vn 0.9430 -0.0347 -0.3310
vn -0.9115 -0.2038 0.3572
vn 0.9706 -0.1140 -0.2121
vn -0.8982 0.3181 0.3035
vn 0.8893 0.3392 0.3068
vn -0.1184 0.6032 0.7888
vn 0.1311 -0.9443 0.3018
vn -0.1306 -0.9461 0.2965
vn 0.1760 -0.9421 0.2856
vn 0.3464 -0.8798 0.3254
vn 0.9717 -0.1419 -0.1890
vn -0.9392 0.0755 0.3350
vn 0.9318 0.1945 0.3065
vn 0.9252 0.1070 0.3641
vn 0.2003 0.5488 0.8116
vn 0.8511 0.4279 0.3042
vn -0.2794 -0.9041 0.3232
vn -0.5456 -0.8130 0.2034
vn -0.7771 -0.3855 0.4975
vn 0.8937 -0.4476 -0.0313
vn 0.9513 -0.0323 0.3065
vn 0.7800 0.5193 0.3492
vn -0.3640 -0.6451 0.6718
vn -0.8745 0.2485 -0.4165
vn -0.9404 -0.0426 0.3374
vn 0.9465 0.0736 0.3143
vn -0.3575 -0.9142 0.1909
vn 0.7175 0.6747 0.1731
vn -0.8196 -0.3210 0.4746
vn -0.8072 -0.5888 -0.0410
vn 0.3244 -0.9439 0.0616
vn -0.2238 -0.6626 0.7148
vn -0.7018 0.4940 -0.5132
vn -0.7740 -0.1255 -0.6206
vn -0.9120 -0.2907 0.2894
vn 0.9056 0.2649 0.3311
vn 0.7157 0.4882 0.4994
vn 0.4705 0.4822 0.7390
vn 0.3653 0.5166 0.7744
vn 0.2460 -0.9560 0.1600
vn -0.3529 -0.9156 0.1925
vn 0.7349 0.3031 -0.6067
vn 0.8042 0.3035 -0.5110
vn -0.8866 -0.3683 0.2798
vn 0.6170 0.4764 0.6264
vn 0.2995 0.4975 0.8141
vn 0.9265 0.1927 0.3232
vn 0.0064 -0.9201 0.3916
vn -0.5968 -0.5295 0.6029
vn 0.6846 -0.3892 0.6163
vn 0.2397 -0.9699 -0.0430
vn -0.8236 0.0151 -0.5670
vn -0.6714 0.3738 -0.6399
vn 0.8092 0.4849 0.3317
vn 0.7118 0.5196 0.4726
vn -0.3603 0.4814 0.7990
vn 0.8285 -0.5600 0.0051
vn 0.7994 0.5335 0.2762
vn -0.0041 -0.9164 0.4002
vn 0.2153 -0.8727 0.4382
vn 0.7179 -0.0522 0.6942
vn -0.0089 -0.9872 -0.1590
vn -0.3758 -0.8609 0.3430
vn -0.9352 -0.2648 -0.2352
vn -0.9105 -0.1875 -0.3687
vn -0.7487 0.2969 -0.5927
vn 0.9942 -0.0886 -0.0604
vn -0.8997 -0.4208 -0.1162
vn 0.9871 -0.1127 0.1141
vn -0.7919 0.4909 0.3632
vn -0.2259 -0.8722 0.4338
vn 0.3006 0.9017 0.3109
vn 0.1807 -0.9777 0.1072
vn 0.8702 -0.4357 -0.2299
vn 0.7101 0.3770 -0.5946
vn 0.9401 -0.1689 0.2960
vn -0.9090 0.2356 0.3439
vn -0.8535 0.3472 0.3886
vn -0.8464 0.4054 0.3454
vn 0.7055 0.5479 0.4495
vn -0.4994 0.4745 0.7249
vn -0.1602 0.5692 0.8065
vn -0.2921 0.9563 -0.0116
vn 0.9923 -0.1212 0.0264
vn -0.1682 -0.8966 -0.4096
vn 0.3022 -0.9227 -0.2392
vn 0.8263 0.0398 -0.5618
vn -0.9231 -0.1797 0.3399
vn 0.8485 0.3995 0.3472
vn -0.8871 0.1493 0.4369
vn -0.8201 0.4350 0.3718
vn -0.7579 0.6157 0.2155
vn -0.1754 -0.9759 0.1297
vn 0.6247 -0.7748 -0.0967
vn 0.0470 -0.9002 -0.4330
vn 0.9068 -0.3636 0.2135
vn -0.6650 0.5256 0.5306
vn -0.6115 0.4819 0.6275
vn 0.5371 0.4648 0.7039
vn 0.1342 0.4989 0.8562
vn 0.5856 0.7555 0.2938
vn -0.3436 -0.8823 0.3218
vn 0.8582 -0.2766 -0.4324
vn -0.5970 0.4864 -0.6380
vn -0.5507 0.8282 0.1035
vn -0.1217 -0.9759 0.1811
vn 0.1664 -0.9487 0.2687
vn -0.2033 -0.9621 -0.1818
vn -0.0435 -0.9686 -0.2446
vn 0.7871 0.0984 -0.6089
vn -0.7219 0.2733 -0.6358
vn -0.9089 0.1442 0.3913
vn 0.9174 0.1912 0.3489
vn -0.0334 -0.8451 -0.5335
vn -0.0759 -0.9348 -0.3470
vn -0.5446 -0.7835 0.2993
vn 0.0402 -0.8630 -0.5036
vn 0.8533 -0.1313 -0.5047
vn 0.6629 0.4537 -0.5956
vn 0.9125 -0.2507 0.3234
vn 0.9445 0.0118 0.3283
vn 0.6683 0.4983 0.5523
vn 0.0071 0.5004 0.8658
vn -0.8406 -0.3029 0.4491
vn 0.9304 -0.1105 0.3496
vn -0.8671 -0.1430 0.4772
vn 0.6740 0.5835 -0.4531
vn 0.9434 -0.1350 0.3028
vn 0.8685 0.3396 0.3611
vn 0.8145 0.4589 0.3550
vn 0.1387 -0.9074 0.3966
vn -0.0291 -0.9733 0.2277
vn 0.7897 0.3778 0.4833
vn -0.2550 -0.9159 0.3101
vn 0.0043 -0.8559 -0.5171
vn -0.7888 -0.5041 -0.3516
vn -0.8036 -0.4880 -0.3406
vn 0.9062 -0.3368 0.2555
vn -0.1668 -0.9241 0.3437
vn -0.8218 0.0088 0.5698
vn -0.8893 -0.2767 0.3640
vn 0.8258 -0.0702 -0.5596
vn 0.8458 0.3821 0.3724
vn 0.1535 -0.8842 -0.4411
vn -0.1843 -0.8874 -0.4225
vn -0.8376 -0.3044 -0.4536
vn 0.4326 0.4617 0.7744
vn -0.2212 0.5216 0.8240
vn -0.6827 -0.7166 0.1430
vn 0.1948 -0.9638 0.1822
vn -0.8192 -0.4925 0.2939
vn 0.6603 -0.7461 0.0860
vn -0.0884 -0.9956 -0.0301
vn -0.2127 -0.8801 -0.4245
vn 0.1639 -0.9371 -0.3081
vn -0.8436 0.1390 -0.5186
vn -0.7953 0.4162 0.4408
vn 0.7992 0.3592 0.4820
vn -0.3261 0.9398 0.1022
vn -0.6492 0.6114 0.4525
vn 0.3388 -0.8456 0.4126
vn 0.4307 -0.6813 -0.5919
vn 0.1632 -0.9122 -0.3758
vn -0.0847 -0.9741 -0.2097
vn -0.7737 0.4708 -0.4239
vn -0.4388 0.6222 -0.6484
vn -0.8682 -0.4450 -0.2194
vn 0.6406 0.1355 -0.7558
vn 0.7782 0.6223 0.0848
vn -0.8737 0.2488 0.4181
vn 0.8378 0.3599 0.4105
vn -0.7299 0.5286 0.4334
vn 0.6619 0.5242 0.5359
vn 0.8173 -0.5033 0.2804
vn -0.7634 0.4499 0.4635
vn 0.6362 0.5632 0.5273
vn -0.6717 -0.7380 0.0643
vn -0.8910 -0.1587 -0.4254
vn 0.6582 0.5933 -0.4634
vn -0.6072 0.7356 -0.3004
vn 0.9189 -0.1725 0.3547
vn 0.8864 0.0082 0.4628
vn 0.4427 0.8466 0.2955
vn 0.0199 -0.9259 -0.3773
vn -0.2570 -0.8403 -0.4774
vn 0.2131 -0.9510 0.2241
vn 0.4844 -0.8694 0.0973
vn 0.6067 -0.7699 -0.1979
vn -0.8458 -0.3740 -0.3804
vn 0.8551 -0.3606 -0.3724
vn 0.9420 0.0716 -0.3278
vn 0.8299 0.3141 -0.4611
vn 0.7477 0.5524 -0.3684
vn -0.6338 0.6083 -0.4777
vn -0.7053 0.6705 0.2303
vn -0.7384 0.6673 0.0976
vn -0.9855 -0.1058 0.1328
vn 0.7631 0.5055 0.4026
vn -0.3033 0.4746 0.8263
vn -0.2439 -0.8205 -0.5169
vn -0.1864 -0.9089 -0.3731
vn -0.8440 0.0509 0.5339
vn 0.2393 -0.8292 -0.5052
vn -0.1038 -0.9693 0.2228
vn 0.1785 0.5510 -0.8152
vn 0.1651 -0.4237 0.8906
vn -0.2595 -0.8482 -0.4618
vn 0.8661 -0.4720 -0.1644
vn 0.7739 0.6042 -0.1898
vn 0.9320 0.3573 0.0604
vn 0.4709 0.4793 0.7406
vn -0.1780 -0.9723 0.1513
vn 0.5878 -0.7999 0.1211
vn 0.1671 0.9353 0.3119
vn 0.4769 0.2792 0.8334
vn -0.3374 -0.8642 -0.3732
vn 0.2683 -0.9547 -0.1287
vn 0.0856 -0.9053 -0.4160
vn 0.4807 -0.7224 0.4970
vn -0.5884 0.7763 -0.2262
vn 0.5774 0.6841 -0.4456
vn -0.9074 0.0352 0.4189
vn -0.0301 0.4689 0.8827
vn 0.8617 0.0363 0.5061
vn 0.1718 0.8147 0.5538
vn 0.8187 0.5595 0.1291
vn 0.2956 -0.9445 -0.1435
vn 0.3671 -0.8680 -0.3344
vn 0.9309 -0.2425 -0.2732
vn -0.9014 0.2236 -0.3709
vn -0.8601 0.2819 -0.4251
vn 0.8848 0.4071 -0.2268
vn -0.9851 0.1372 0.1036
vn 0.3205 0.8866 0.3335
vn -0.9668 -0.0116 0.2551
vn 0.9828 -0.1836 -0.0208
vn 0.7457 0.4809 0.4612
vn 0.3374 0.4689 0.8163
vn -0.0022 -0.9462 -0.3235
vn -0.2737 0.4553 -0.8472
vn 0.6482 0.0195 0.7612
vn -0.9296 -0.2828 -0.2364
vn 0.9075 -0.1104 0.4053
vn 0.8695 0.2636 0.4178
vn -0.4186 0.4811 0.7703
vn 0.1992 0.4707 0.8595
vn 0.0817 0.4659 0.8811
vn 0.6223 0.6833 0.3819
vn -0.6461 0.7505 0.1393
vn 0.2654 -0.9130 -0.3098
vn 0.6296 0.5783 0.5189
vn -0.4820 0.7684 0.4209
vn -0.5351 0.0262 0.8444
vn -0.8542 0.4792 -0.2018
vn -0.7011 -0.5210 0.4869
vn -0.0214 -0.9983 -0.0536
vn 0.9777 -0.1761 -0.1144
vn -0.9407 0.0009 -0.3393
vn -0.8730 -0.2703 0.4059
vn -0.9082 -0.0817 0.4104
vn -0.8663 0.1876 0.4630
vn -0.7632 0.4607 0.4531
vn 0.0712 -0.9946 0.0755
vn -0.8264 -0.5132 0.2317
vn -0.6836 0.7169 0.1369
vn 0.0515 -0.9310 -0.3615
vn -0.3703 0.8537 0.3662
vn -0.8281 0.0597 0.5574
vn 0.8926 0.0453 0.4485
vn 0.5866 0.7172 0.3761
vn 0.0701 -0.9915 0.1095
vn -0.3089 0.5546 -0.7727
vn -0.8659 0.0383 0.4988
vn 0.0303 0.8889 -0.4571
vn -0.7187 0.6239 -0.3070
vn 0.2258 -0.6086 -0.7607
vn -0.3004 -0.9031 -0.3069
vn 0.4790 -0.7897 0.3833
vn -0.2134 -0.9479 0.2364
vn -0.6331 -0.7739 0.0169
vn -0.8547 0.4494 -0.2599
vn -0.7497 0.6152 -0.2440
vn -0.6812 0.6308 0.3715
vn 0.8502 0.5222 0.0665
vn -0.8552 -0.3385 0.3926
vn 0.8974 0.1205 0.4244
vn 0.6519 0.5457 0.5265
vn 0.6669 0.5428 0.5104
vn 0.5737 0.5054 0.6445
vn -0.5271 -0.7924 -0.3071
vn -0.3337 -0.9166 -0.2203
vn 0.8473 0.5263 0.0715
vn -0.1318 -0.9720 0.1947
vn -0.8345 -0.4931 -0.2459
vn 0.7896 0.5987 -0.1348
vn 0.5108 0.8594 -0.0218
vn 0.8886 -0.2222 0.4013
vn 0.7705 0.4359 0.4651
vn -0.5922 0.5167 0.6183
vn 0.5149 0.5041 0.6934
vn -0.8231 0.0166 0.5677
vn -0.6669 0.6721 0.3218
vn 0.2034 -0.3988 -0.8942
vn -0.1059 0.1681 0.9801
vn 0.7195 0.5089 -0.4726
vn 0.9998 -0.0032 -0.0213
vn -0.9798 0.1480 -0.1347
vn 0.2715 0.9410 -0.2019
vn 0.3326 0.8809 0.3367
vn -0.8674 -0.1756 0.4657
vn -0.7957 0.3660 0.4826
vn 0.1301 -0.9521 -0.2768
vn 0.0658 0.9976 -0.0222
vn 0.2395 -0.9698 -0.0467
vn -0.1855 0.8523 0.4890
vn -0.6419 0.6492 -0.4080
vn 0.1901 0.9803 -0.0536
vn 0.2541 -0.1330 -0.9580
vn 0.1013 0.8774 -0.4690
vn -0.7424 0.5685 -0.3546
vn -0.3101 0.8864 -0.3438
vn 0.8530 -0.0933 -0.5135
vn 0.5311 -0.7799 -0.3313
vn -0.9925 -0.1218 -0.0038
vn 0.9684 0.2468 -0.0364
vn -0.5933 0.6685 0.4485
vn 0.9934 0.1048 0.0464
vn 0.8570 0.2332 0.4595
vn 0.6939 0.5180 0.5002
vn 0.6929 0.5315 0.4873
vn -0.6751 0.5300 0.5132
vn 0.7756 0.4816 0.4079
vn -0.0239 -0.9739 -0.2257
vn -0.5870 -0.3762 0.7169
vn 0.8056 0.5705 -0.1598
vn 0.7905 0.4013 -0.4627
vn -0.0371 0.9508 -0.3075
vn -0.7034 0.7025 -0.1083
vn -0.0588 -0.9742 -0.2180
vn 0.9500 -0.2657 -0.1638
vn -0.9675 0.2202 0.1248
vn 0.4359 -0.5400 0.7200
vn -0.9857 0.1246 0.1134
vn 0.1648 -0.9770 -0.1356
vn -0.2069 0.4652 -0.8607
vn -0.8395 -0.4722 -0.2687
vn -0.3539 -0.9213 0.1608
vn 0.2933 -0.9402 0.1730
vn -0.9076 -0.2514 0.3361
vn 0.5154 0.8291 -0.2168
vn 0.9660 0.2513 -0.0604
vn 0.8791 0.0531 0.4737
vn -0.8750 0.1124 0.4710
vn -0.8325 0.2813 0.4773
vn 0.5960 0.5337 0.5999
vn -0.2280 0.2674 0.9362
vn 0.0347 -0.9860 -0.1633
vn -0.1105 0.8446 0.5238
vn -0.2916 0.4585 0.8395
vn 0.2349 0.2020 0.9508
vn 0.9972 -0.0723 0.0184
vn -0.0933 -0.2788 -0.9558
vn 0.6677 0.2837 -0.6883
vn 0.6388 0.7309 -0.2403
vn -0.2924 0.0115 0.9562
vn 0.3328 0.8913 0.3078
vn 0.3430 -0.9384 0.0415
vn 0.6182 -0.7779 0.1130
vn 0.4050 -0.9140 -0.0244
vn 0.4434 -0.8632 0.2415
vn 0.6932 -0.7205 -0.0211
vn -0.8856 -0.4590 -0.0715
vn 0.8765 0.4800 0.0367
vn -0.6514 0.7501 -0.1137
vn -0.5030 0.8631 0.0464
vn 0.1114 0.4789 0.8708
vn -0.9101 -0.0175 0.4140
vn 0.3367 0.9164 0.2165
vn 0.2536 0.8745 0.4135
vn -0.1609 -0.7757 0.6103
vn -0.4392 0.2096 0.8736
vn 0.9238 -0.0534 0.3792
vn 0.8312 0.5392 0.1360
vn -0.2746 -0.8376 -0.4722
vn 0.6684 0.1281 -0.7327
vn -0.1363 -0.1023 0.9854
vn 0.7169 -0.5646 -0.4090
vn -0.5199 0.6777 -0.5200
vn -0.7138 0.1457 -0.6850
vn -0.3385 -0.9393 0.0562
vn -0.1033 -0.9907 0.0887
vn 0.8555 0.1648 0.4909
vn 0.4306 0.6922 0.5791
vn -0.4934 -0.3423 0.7996
vn -0.0299 0.2288 0.9730
vn -0.0316 -0.5710 0.8203
vn 0.0117 0.0214 0.9997
vn -0.5324 0.2846 0.7972
vn -0.6875 -0.7247 -0.0453
vn 0.7771 0.0167 -0.6291
vn 0.4182 -0.8691 0.2643
vn 0.5239 0.0283 0.8513
vn 0.6162 -0.1801 0.7667
vn 0.1992 0.7056 0.6800
vn -0.9382 -0.3277 0.1111
vn 0.3366 -0.9009 0.2740
vn 0.4625 -0.8823 -0.0876
vn -0.7655 -0.6433 0.0137
vn 0.9439 -0.3237 0.0656
vn 0.8459 -0.2730 0.4582
vn -0.8673 -0.0532 0.4949
vn 0.8081 0.3363 0.4837
vn -0.6223 0.5195 0.5855
vn -0.0415 -0.9951 0.0901
vn 0.8179 0.0221 0.5749
vn -0.1375 -0.9879 -0.0715
vn 0.0943 -0.9869 -0.1309
vn -0.0729 0.3286 0.9416
vn 0.8286 0.5138 -0.2222
vn -0.2845 -0.3613 0.8880
vn -0.4517 0.8874 -0.0926
vn 0.0276 -0.9993 -0.0265
vn 0.9412 -0.0139 -0.3375
vn -0.0394 -0.2865 0.9573
vn 0.8791 0.0213 0.4761
vn 0.2594 -0.9611 -0.0944
vn 0.4591 -0.2291 0.8583
vn -0.6486 0.6599 0.3792
vn -0.6884 -0.6146 0.3853
vn 0.0770 -0.9025 -0.4238
vn -0.3206 -0.9401 0.1157
vn -0.9103 -0.3978 0.1148
vn -0.8022 -0.2842 0.5250
vn -0.8228 0.2042 0.5303
vn -0.4254 0.8171 0.3891
vn -0.8627 -0.2027 0.4634
vn 0.6598 0.5527 -0.5091
vn 0.0012 0.6784 0.7347
vn -0.1034 0.3009 0.9480
vn -0.2214 0.9741 0.0463
vn -0.8438 0.4923 -0.2134
vn 0.3364 -0.7183 -0.6090
vn -0.0236 -0.7485 0.6627
vn 0.9048 0.3370 -0.2605
vn 0.1430 0.9854 -0.0928
vn -0.8519 0.4955 0.1697
vn 0.8336 0.0096 0.5522
vn 0.7589 0.5229 0.3881
vn -0.9240 0.3387 -0.1775
vn 0.4486 -0.8936 0.0132
vn -0.2197 -0.9486 -0.2279
vn 0.5975 -0.7486 -0.2874
vn 0.4196 0.6300 -0.6535
vn -0.3099 0.8406 0.4442
vn 0.2132 0.6830 -0.6986
vn -0.2231 0.7714 -0.5959
vn -0.9843 -0.0180 -0.1758
vn 0.4218 -0.8800 -0.2182
vn 0.6061 0.7778 0.1662
vn -0.9534 -0.0555 -0.2966
vn -0.5231 0.5365 0.6622
vn 0.4370 0.0761 0.8962
vn 0.8827 0.4584 0.1030
vn -0.5975 -0.4096 0.6894
vn 0.7429 0.2721 0.6116
vn -0.5148 0.1633 -0.8416
vn 0.3492 -0.8684 0.3522
vn 0.0289 0.0637 0.9976
vn -0.6515 -0.7587 0.0032
vn -0.0882 -0.6987 0.7100
vn 0.3577 -0.9110 0.2054
vn 0.9630 -0.2556 0.0850
vn -0.9686 0.2168 0.1214
vn -0.8588 0.5020 0.1022
vn 0.7655 0.3920 0.5103
vn -0.7068 0.4817 0.5181
vn 0.3190 0.4982 0.8062
vn -0.1573 0.5398 0.8270
vn -0.6181 -0.6424 0.4531
vn 0.0803 0.8114 -0.5790
vn 0.1641 0.9105 0.3795
vn 0.4092 0.5907 -0.6954
vn -0.1283 0.9844 0.1206
vn -0.2162 0.0370 0.9756
vn -0.8742 0.0594 -0.4820
vn -0.6068 -0.7536 -0.2527
vn 0.6753 0.4189 -0.6070
vn 0.7105 -0.7037 0.0023
vn 0.7343 -0.4562 0.5027
vn 0.9181 -0.3736 -0.1319
vn 0.3054 -0.8107 -0.4995
vn -0.0118 -0.9677 -0.2519
vn 0.8429 -0.5189 0.1422
vn 0.3906 -0.8959 -0.2115
vn 0.6204 -0.7688 -0.1552
vn -0.1675 -0.9695 0.1791
vn 0.9847 0.0141 0.1736
vn 0.8938 0.3700 0.2534
vn 0.6572 0.7393 0.1466
vn -0.5541 0.8175 0.1568
vn 0.8097 0.2573 0.5274
vn -0.4994 0.4956 0.7106
vn 0.2339 0.4764 0.8475
vn 0.7616 -0.3514 0.5445
vn -0.7218 0.3979 0.5663
vn 0.7416 0.3394 0.5786
vn 0.4033 0.8350 0.3742
vn -0.0013 -1.0000 0.0033
vn 0.9399 0.1916 -0.2827
vn 0.2415 0.8388 -0.4879
vn -0.0579 0.3022 0.9515
vn 0.8903 -0.0510 0.4525
vn -0.9267 -0.2780 -0.2531
vn -0.3699 -0.8921 0.2595
vn 0.3905 0.8484 -0.3574
vn -0.9391 -0.1612 -0.3036
vn -0.1366 0.9903 0.0264
vn -0.5135 -0.6366 -0.5754
vn -0.0969 -0.9894 -0.1084
vn 0.7052 -0.1359 -0.6959
vn -0.3081 -0.5845 -0.7506
vn -0.8026 0.5736 0.1637
vn 0.8928 -0.2449 0.3781
vn 0.8516 -0.5027 0.1485
vn 0.4487 -0.4049 0.7967
vn 0.6429 0.6702 0.3708
vn 0.2626 -0.9428 0.2054
vn 0.5706 0.0515 0.8196
vn -0.2029 0.8908 -0.4065
vn 0.2304 -0.2861 0.9301
vn -0.0033 -0.9923 0.1235
vn -0.9306 -0.1998 0.3066
vn 0.8280 0.5248 0.1976
vn -0.4025 0.8814 0.2472
vn 0.8584 -0.1194 0.4990
vn 0.8427 0.1794 0.5077
vn 0.5405 0.5244 0.6579
vn 0.7087 -0.6473 0.2806
vn 0.2470 0.6020 0.7594
vn 0.1840 -0.1090 -0.9769
vn -0.0801 0.3407 0.9368
vn -0.6253 0.6460 -0.4378
vn -0.9303 0.0979 -0.3534
vn -0.1775 -0.9791 -0.0990
vn 0.0999 -0.8770 -0.4700
vn -0.1939 -0.6537 0.7315
vn 0.7603 0.6472 -0.0562
vn 0.0696 0.5737 -0.8161
vn -0.5452 -0.8343 0.0821
vn 0.7150 -0.5366 0.4482
vn 0.5384 -0.8370 -0.0976
vn -0.0968 0.7375 0.6684
vn 0.2323 -0.7578 0.6097
vn -0.5513 -0.2231 0.8039
vn 0.5017 0.0922 0.8601
vn 0.1192 -0.4689 0.8752
vn 0.3928 -0.6042 0.6933
vn 0.6543 -0.7040 0.2762
vn 0.5291 -0.8485 0.0104
vn -0.9778 -0.0012 0.2097
vn -0.6762 0.7181 0.1644
vn -0.7349 0.4113 0.5393
vn 0.6211 0.5504 0.5580
vn 0.3947 0.5239 0.7548
vn -0.4578 -0.5667 0.6851
vn 0.2940 0.9047 0.3084
vn 0.5502 -0.7973 -0.2481
vn -0.1228 0.9717 0.2016
vn -0.2536 0.9640 -0.0797
vn 0.0411 -0.9798 -0.1959
vn 0.0631 -0.6890 0.7220
vn -0.1177 -0.9896 -0.0830
vn 0.6369 -0.7450 -0.1985
vn -0.1713 0.9085 0.3811
vn 0.5882 -0.7594 -0.2780
vn 0.5604 -0.7144 -0.4191
vn 0.5006 -0.7625 -0.4098
vn -0.3813 0.7877 0.4839
vn 0.4992 0.4577 0.7358
vn -0.3534 -0.9293 -0.1073
vn -0.8378 -0.3559 0.4141
vn 0.9927 -0.1073 -0.0543
vn -0.1956 0.9666 0.1658
vn 0.4838 -0.7580 0.4375
vn 0.4963 -0.6993 0.5144
vn -0.5868 -0.7583 0.2839
vn 0.8621 -0.3817 0.3332
vn 0.3652 0.9005 0.2362
vn 0.1827 0.5753 0.7973
vn 0.7228 -0.3219 0.6116
vn 0.8021 -0.3155 0.5070
vn 0.8519 -0.0473 0.5215
vn -0.8560 0.0397 0.5154
vn -0.4953 -0.7996 0.3395
vn -0.8256 -0.4979 0.2655
vn 0.7600 0.3466 -0.5497
vn 0.2957 -0.8634 0.4089
vn 0.2112 -0.8082 -0.5497
vn -0.3261 -0.4145 -0.8496
vn -0.3123 0.9500 0.0034
vn 0.2227 0.7369 0.6382
vn 0.0198 -0.5969 0.8021
vn 0.7699 0.3372 0.5417
vn 0.5299 0.1731 0.8302
vn 0.0476 -0.9750 0.2171
vn 0.2779 -0.3427 0.8974
vn 0.2790 -0.3216 0.9048
vn -0.0363 -0.7695 0.6376
vn -0.8399 0.4539 0.2976
vn 0.4522 0.8070 0.3799
vn -0.2764 0.2164 0.9364
vn 0.8085 -0.2119 0.5490
vn 0.8486 0.1020 0.5191
vn -0.7843 0.3151 0.5344
vn 0.2042 -0.9724 0.1127
vn 0.0094 0.9963 0.0851
vn -0.3906 0.4567 0.7993
vn -0.0134 -0.1292 0.9915
vn -0.2839 -0.8058 0.5197
vn -0.2897 -0.8424 0.4543
vn -0.7808 -0.4933 0.3835
vn -0.9141 0.1510 0.3764
vn 0.7033 0.5142 0.4909
vn 0.5397 0.7003 0.4672
vn -0.2007 -0.9788 -0.0401
vn -0.1230 0.9717 0.2016
vn 0.3992 -0.8731 -0.2799
vn 0.0089 0.9963 0.0860
vn 0.1740 -0.8847 0.4325
vn 0.2822 -0.9274 0.2457
vn -0.1722 -0.5110 0.8421
vn -0.3156 -0.8739 0.3697
vn 0.3333 -0.8462 0.4157
vn 0.9504 0.1488 0.2730
vn -0.2769 0.8701 0.4078
vn -0.8290 -0.1800 0.5295
vn 0.7163 0.4452 0.5374
vn 0.6156 0.5107 0.6002
vn -0.3432 0.5425 0.7668
vn 0.7394 0.1518 0.6560
vn 0.0027 -0.9999 0.0155
vn 0.4861 -0.8736 -0.0235
vn 0.1848 -0.6264 0.7573
vn 0.3272 -0.8771 0.3516
vn 0.0768 -0.6273 0.7750
vn 0.2497 -0.3353 0.9084
vn 0.6161 -0.7059 0.3495
vn 0.9187 -0.1651 0.3588
vn 0.8004 0.3910 0.4545
vn 0.2040 0.8454 0.4936
vn -0.0893 0.8717 0.4818
vn 0.7876 -0.2798 0.5489
vn 0.2142 0.1575 0.9640
vn 0.7536 -0.3524 0.5549
vn -0.6724 0.0118 0.7401
vn 0.5512 0.5421 0.6343
vn 0.4989 0.5391 0.6785
vn 0.3100 -0.9044 0.2933
vn 0.7186 -0.2606 0.6447
vn -0.7170 0.0122 0.6970
vn 0.3358 0.8445 0.4173
vn 0.1915 0.6296 0.7529
vn -0.4551 -0.7219 0.5213
vn 0.7569 -0.3939 0.5215
vn -0.7154 -0.3011 0.6305
vn 0.8087 0.1609 0.5658
vn -0.0399 0.4323 0.9008
vn -0.5108 0.7079 0.4878
vn -0.4051 0.6961 0.5928
vn 0.1570 -0.9875 -0.0138
vn -0.2017 -0.9559 0.2136
vn 0.2838 -0.9566 -0.0654
vn 0.2691 0.8836 0.3833
vn -0.2514 0.6207 0.7427
vn 0.4779 -0.6571 0.5829
vn 0.0108 -0.9691 0.2465
vn 0.2653 -0.8618 0.4323
vn -0.7832 -0.2634 0.5633
vn -0.8579 -0.0479 0.5116
vn -0.7982 0.3135 0.5145
vn 0.6747 0.6088 0.4173
vn 0.7695 0.3257 0.5493
vn -0.6731 0.3044 0.6740
vn -0.0548 -0.4932 0.8682
vn -0.6808 -0.5975 0.4237
vn 0.8413 -0.5391 0.0396
vn 0.1356 -0.9873 -0.0831
vn 0.5072 -0.8618 -0.0034
vn -0.3513 -0.6358 0.6873
vn 0.6420 -0.7177 0.2698
vn -0.2116 -0.9051 -0.3688
vn 0.5387 0.6457 0.5412
vn -0.4603 0.7841 0.4163
vn -0.0256 0.4953 0.8683
vn -0.5156 0.5407 0.6647
vn -0.4721 0.5335 0.7018
vn 0.4036 -0.9107 0.0876
vn -0.5267 -0.8500 0.0120
vn 0.1363 -0.0514 0.9893
vn -0.2908 -0.4732 0.8316
vn -0.7000 -0.6610 -0.2702
vn -0.0798 -0.8475 0.5248
vn -0.4025 -0.3995 0.8236
vn 0.3621 -0.8466 -0.3900
vn -0.0655 -0.7555 -0.6519
vn 0.3388 -0.7591 0.5559
vn -0.6972 0.5072 0.5066
vn -0.1959 0.7688 0.6088
vn 0.7249 -0.3047 0.6178
vn 0.8345 0.0248 0.5505
vn -0.7499 0.2635 0.6068
vn -0.7337 0.3426 0.5868
vn 0.7143 0.3615 0.5992
vn 0.6587 0.4943 0.5672
vn 0.1373 -0.9693 0.2040
vn -0.5957 0.5053 0.6243
vn -0.3436 0.8243 0.4500
vn 0.2118 0.8959 0.3905
vn -0.3854 -0.8424 0.3766
vn 0.0368 -0.7118 0.7014
vn -0.1243 -0.9919 -0.0264
vn -0.3151 -0.7540 0.5764
vn -0.7498 0.1630 0.6413
vn 0.7183 -0.3359 0.6093
vn -0.5216 -0.4980 0.6928
vn -0.7437 -0.5406 0.3933
vn 0.6736 0.0381 0.7381
vn 0.6348 0.3317 0.6979
vn -0.3568 -0.2370 0.9036
vn 0.3559 -0.9190 -0.1697
vn 0.2794 -0.5284 0.8017
vn 0.4206 -0.5115 0.7493
vn 0.3894 -0.7527 -0.5309
vn -0.5428 -0.6264 0.5595
vn 0.7358 -0.1911 0.6496
vn -0.7157 -0.0824 0.6935
vn 0.7562 0.0524 0.6523
vn -0.5973 0.4210 0.6826
vn 0.5176 0.5151 0.6832
vn 0.7170 0.4317 0.5473
vn 0.3972 0.6784 0.6181
vn 0.1341 0.8068 0.5753
vn 0.8059 0.0879 0.5856
vn 0.1790 0.5129 0.8396
vn -0.1877 -0.9427 0.2758
vn 0.0493 -0.9842 0.1700
vn -0.2388 0.8494 0.4706
vn 0.5645 0.4276 0.7061
vn 0.6244 0.4063 0.6671
vn -0.7141 -0.5345 0.4521
vn 0.4791 -0.5470 0.6865
vn -0.5020 -0.1250 0.8558
vn 0.0756 -0.5335 0.8424
vn 0.0549 -0.7498 0.6594
vn 0.5106 -0.5174 0.6867
vn -0.6588 -0.3873 0.6450
vn -0.3279 -0.7822 0.5298
vn 0.0787 0.7351 0.6734
vn -0.7400 -0.2522 0.6236
vn -0.7533 -0.1900 0.6296
vn -0.8239 -0.1063 0.5567
vn -0.8031 -0.0458 0.5941
vn -0.8267 0.1155 0.5507
vn 0.0492 0.5071 0.8605
vn -0.0684 0.6134 0.7868
vn -0.4139 0.5510 0.7246
vn -0.7283 -0.1488 0.6689
vn 0.9081 0.1143 0.4029
vn 0.1531 -0.9864 -0.0599
vn -0.1405 -0.9028 -0.4066
vn 0.4804 -0.8757 0.0493
vn 0.6031 0.2429 0.7598
vn -0.1469 0.7858 0.6008
vn 0.5125 -0.0823 0.8547
vn -0.1886 0.4351 0.8804
vn -0.5205 0.2574 0.8142
vn 0.5897 -0.7041 0.3957
vn -0.7486 -0.4179 0.5147
vn 0.6356 -0.2673 0.7242
vn -0.3695 -0.9245 0.0932
vn 0.9779 -0.1056 0.1805
vn -0.0822 0.5862 -0.8060
vn 0.0507 -0.8126 0.5807
vn -0.5470 0.4179 0.7254
vn 0.1144 -0.9244 -0.3638
vn 0.3010 -0.8500 -0.4323
vn -0.2939 -0.6949 0.6563
vn 0.5347 -0.3466 0.7707
vn 0.6079 -0.0497 0.7924
vn -0.5822 0.1263 0.8032
vn 0.1377 -0.4570 0.8787
vn -0.4012 -0.4086 0.8198
vn -0.2826 0.0256 0.9589
vn -0.4116 -0.2034 0.8884
vn 0.1302 0.0427 0.9906
vn -0.2677 -0.3362 0.9030
vn 0.4484 -0.0264 0.8935
vn -0.3605 0.3199 0.8762
vn 0.1922 0.2804 0.9404
vn -0.4027 0.6538 0.6406
vn -0.6622 0.4564 0.5943
vn 0.6740 0.4339 0.5978
vn 0.5262 0.4974 0.6898
vn 0.2994 -0.9490 0.0988
vn -0.0004 0.6921 0.7218
vn 0.5834 -0.2266 0.7799
vn 0.6934 0.5409 0.4761
vn -0.5032 -0.8462 0.1754
vn -0.4741 0.6105 0.6344
vn -0.6073 0.0255 0.7940
vn 0.4282 -0.3534 0.8317
vn -0.4509 0.0974 -0.8873
vn -0.2304 -0.6166 -0.7528
vn -0.0886 -0.9893 0.1159
vn 0.1893 -0.9002 -0.3922
vn 0.5746 -0.3988 0.7147
vn 0.2926 -0.2513 0.9226
vn 0.0796 -0.2410 0.9673
vn -0.5912 -0.1929 0.7831
vn 0.0070 0.3747 0.9271
vn 0.2218 0.3080 0.9252
vn 0.0356 0.2328 0.9719
vn -0.1674 0.1683 0.9714
vn 0.3576 -0.3285 0.8742
vn -0.5437 0.1024 0.8330
vn -0.0158 -0.5993 0.8004
vn -0.4313 -0.5015 0.7500
vn -0.2324 0.4190 0.8777
vn -0.3771 0.3964 0.8371
vn 0.0005 0.7201 0.6939
vn 0.6964 -0.3581 0.6219
vn 0.7087 -0.2933 0.6416
vn 0.7745 0.2152 0.5948
vn 0.7531 0.2782 0.5962
vn 0.3122 0.7561 0.5752
vn -0.1464 -0.9782 0.1475
vn 0.0910 -0.9672 0.2370
vn 0.0795 0.8658 0.4941
vn -0.0113 0.9546 0.2976
vn -0.6319 -0.3270 0.7027
vn 0.8947 0.3395 0.2903
vn 0.1672 -0.8770 0.4505
vn 0.2177 -0.7222 -0.6565
vn -0.8986 0.1640 -0.4070
vn 0.0229 -0.9429 -0.3324
vn 0.0544 -0.9147 -0.4005
vn 0.0992 -0.2856 0.9532
vn 0.2371 -0.5188 0.8214
vn -0.5018 -0.3526 0.7899
vn 0.0152 0.2307 0.9729
vn 0.3697 -0.0428 0.9282
vn 0.2925 0.0947 0.9516
vn 0.4818 -0.4851 0.7297
vn -0.2051 0.6230 0.7549
vn 0.2887 0.5497 0.7839
vn -0.7957 0.0470 0.6039
vn 0.5623 0.5566 0.6116
vn -0.1349 -0.9299 0.3422
vn -0.1551 0.7980 0.5824
vn 0.0921 0.5971 0.7969
vn 0.3662 -0.8977 -0.2449
vn -0.1101 -0.9715 -0.2100
vn -0.8733 0.4122 -0.2597
vn -0.0057 -0.9307 -0.3657
vn 0.0887 0.9789 0.1840
vn -0.7108 0.1774 0.6806
vn 0.3773 0.3384 -0.8621
vn 0.4166 -0.3750 0.8281
vn 0.1569 -0.9038 -0.3981
vn -0.0055 -0.9944 0.1055
vn -0.0129 -0.9986 -0.0516
vn 0.1024 -0.9672 -0.2327
vn -0.5503 -0.1541 0.8206
vn -0.2016 -0.2463 0.9480
vn -0.4245 -0.4931 0.7594
vn 0.0707 0.4130 0.9080
vn 0.5519 0.4367 0.7104
vn 0.0209 0.1075 0.9940
vn -0.3885 0.1387 0.9110
vn 0.4646 0.0723 0.8826
vn -0.5506 -0.1746 0.8163
vn 0.3889 0.3327 0.8591
vn 0.3476 0.4515 0.8218
vn -0.3955 0.3827 0.8349
vn -0.5276 -0.4466 0.7226
vn -0.3949 0.5898 0.7045
vn -0.6353 -0.3756 0.6747
vn 0.7914 -0.1280 0.5978
vn 0.2585 0.5376 0.8026
vn 0.0221 -0.9942 0.1056
vn -0.5936 0.2000 0.7795
vn -0.2583 0.8065 0.5318
vn -0.1767 0.8759 0.4490
vn 0.0198 0.8140 0.5805
vn 0.4308 -0.8730 0.2285
vn -0.1498 0.8867 0.4375
vn 0.0180 0.8294 0.5583
vn -0.7629 -0.0282 0.6459
vn 0.6673 0.2249 0.7100
vn 0.7819 -0.4936 0.3807
vn 0.1832 0.8595 -0.4771
vn 0.1665 -0.8080 0.5652
vn -0.8674 -0.0079 -0.4975
vn 0.9807 0.1543 -0.1199
vn 0.3159 0.8834 0.3461
vn 0.6267 0.2593 0.7348
vn -0.2939 0.7265 0.6211
vn 0.0245 -0.5722 0.8197
vn -0.1107 -0.9340 -0.3397
vn 0.2666 -0.9218 -0.2813
vn -0.0136 -0.9904 -0.1373
vn -0.3724 -0.9248 0.0774
vn -0.2986 -0.8570 -0.4199
vn -0.6575 -0.4631 0.5943
vn -0.0251 -0.9895 -0.1424
vn -0.7557 -0.1039 0.6466
vn -0.0812 0.1608 0.9836
vn 0.4375 -0.0244 0.8989
vn -0.0298 -0.4415 0.8968
vn -0.0165 -0.0820 0.9965
vn -0.5054 0.0709 0.8600
vn -0.3569 0.2396 0.9029
vn 0.2951 0.1627 0.9415
vn 0.3457 0.2439 0.9061
vn 0.0468 0.5898 0.8062
vn 0.1341 0.3018 0.9439
vn 0.5904 0.5030 0.6312
vn 0.0200 -0.8738 0.4859
vn -0.5381 0.4427 0.7173
vn -0.5556 -0.7985 0.2319
vn 0.2459 0.8710 0.4254
vn 0.7629 -0.1128 0.6366
vn 0.3763 0.1069 0.9203
vn -0.2137 0.6107 0.7625
vn -0.0436 -0.8476 -0.5289
vn -0.1454 0.7407 -0.6559
vn -0.1410 0.7940 0.5914
vn -0.0522 -0.9766 -0.2088
vn -0.1053 0.8481 0.5193
vn -0.1498 0.7779 0.6103
vn -0.0268 0.9235 0.3826
vn -0.2982 0.2842 0.9112
vn 0.5786 0.2398 0.7796
vn 0.1998 0.9795 0.0246
vn -0.7688 -0.1442 0.6230
vn -0.5203 0.7637 0.3822
vn 0.4977 0.3415 -0.7973
vn -0.5069 -0.3302 -0.7962
vn -0.1163 0.0738 -0.9905
vn -0.2554 -0.8122 -0.5246
vn 0.1434 -0.8682 -0.4751
vn 0.1402 -0.9827 0.1208
vn 0.1058 -0.8999 -0.4230
vn 0.1140 0.6553 -0.7467
vn -0.3147 0.6198 0.7189
vn -0.3191 0.8191 0.4767
vn 0.0150 0.3831 0.9236
vn -0.1479 -0.9763 -0.1580
vn -0.0303 -0.9283 0.3706
vn 0.4220 -0.9028 0.0832
vn 0.2120 -0.0554 0.9757
vn 0.0989 0.1244 0.9873
vn 0.6744 -0.7083 0.2085
vn 0.4448 -0.8445 -0.2983
vn -0.3755 -0.7612 0.5287
vn 0.4696 -0.5938 0.6534
vn -0.2773 -0.3731 0.8854
vn 0.6283 -0.3992 0.6678
vn -0.0762 -0.4323 0.8985
vn 0.2377 -0.3527 0.9050
vn 0.3884 -0.1551 0.9083
vn 0.6716 0.6030 0.4306
vn 0.8142 0.3284 0.4788
vn 0.8148 -0.3013 0.4953
vn -0.8068 0.3355 0.4864
vn -0.7900 -0.3413 0.5094
vn -0.3450 0.2884 0.8932
vn 0.2013 0.3536 0.9135
vn -0.0022 0.4463 0.8949
vn 0.5875 -0.3930 0.7074
vn 0.6337 0.4662 0.6173
vn -0.5697 -0.1288 0.8117
vn 0.4656 0.6379 0.6134
vn 0.2183 -0.9260 0.3081
vn 0.1369 0.9547 0.2641
vn -0.3435 0.9385 0.0363
vn -0.1777 0.4040 0.8973
vn 0.0662 0.9428 0.3267
vn -0.5944 0.8026 0.0502
vn 0.0950 0.9531 0.2872
vn -0.2117 -0.8190 -0.5333
vn -0.7776 -0.1026 -0.6203
vn 0.9173 0.3001 0.2618
vn -0.6819 -0.7249 0.0976
vn -0.7302 0.4167 0.5415
vn 0.2964 0.5411 0.7870
vn 0.9203 0.1880 0.3432
vn -0.0871 0.9502 0.2992
vn 0.5975 0.7244 0.3440
vn -0.6359 0.4611 -0.6189
vn 0.0414 -0.9972 0.0626
vn -0.1164 -0.8565 -0.5028
vn 0.2936 -0.8457 -0.4456
vn -0.1087 -0.9938 -0.0219
vn -0.1976 0.6890 0.6973
vn -0.7060 0.5767 -0.4111
vn -0.6180 0.7108 0.3360
vn 0.3371 0.0475 0.9403
vn -0.0680 -0.4129 0.9082
vn -0.7273 0.6820 0.0771
vn -0.8414 -0.3835 0.3808
vn -0.0929 -0.9937 -0.0627
vn -0.0467 -0.8721 0.4870
vn 0.2394 -0.9634 0.1208
vn -0.2637 -0.9166 -0.3004
vn -0.0812 0.3840 0.9198
vn -0.1706 -0.9082 -0.3822
vn -0.5190 0.1151 0.8470
vn 0.5089 -0.7282 -0.4590
vn 0.4341 -0.7668 0.4728
vn 0.5084 -0.7287 -0.4588
vn 0.0953 0.1233 0.9878
vn -0.4629 -0.8086 0.3631
vn -0.5540 0.3495 0.7556
vn 0.1633 -0.4084 0.8981
vn 0.5546 -0.8219 -0.1299
vn 0.4840 -0.4211 0.7671
vn 0.0825 -0.5124 0.8548
vn 0.6959 -0.6698 0.2590
vn 0.0954 -0.4364 0.8947
vn -0.0039 -0.9295 0.3688
vn 0.3019 -0.5793 0.7571
vn 0.1909 -0.1886 0.9633
vn 0.0363 -0.1880 0.9815
vn -0.3836 0.0099 0.9234
vn -0.2395 0.2829 0.9288
vn -0.0402 0.4235 0.9050
vn -0.7189 -0.2936 0.6301
vn 0.7984 -0.0104 0.6020
vn -0.7836 0.1489 0.6032
vn -0.6441 0.3873 0.6597
vn -0.5473 0.5200 0.6558
vn 0.6370 0.5480 0.5421
vn 0.1924 0.4532 0.8704
vn -0.5129 -0.7561 0.4064
vn -0.2558 0.9269 0.2748
vn 0.1142 -0.5367 0.8360
vn 0.1885 0.9634 0.1908
vn -0.3653 -0.8864 0.2842
vn -0.0109 -0.9484 -0.3169
vn 0.5812 0.4811 0.6563
vn 0.9329 0.1583 0.3236
vn -0.0151 0.8723 0.4887
vn -0.5112 0.7222 0.4660
vn -0.2989 0.3333 -0.8942
vn 0.0608 -0.6697 -0.7401
vn 0.4972 -0.8667 -0.0400
vn 0.2965 0.5411 0.7870
vn -0.0730 0.7060 0.7045
vn 0.2531 -0.9075 -0.3351
vn 0.5575 -0.4379 0.7053
vn 0.0310 -0.8142 -0.5798
vn -0.0485 -0.9970 -0.0603
vn 0.4972 -0.8667 -0.0402
vn 0.0418 0.8626 0.5041
vn -0.1591 -0.9667 -0.2002
vn 0.3567 -0.8817 -0.3088
vn 0.2839 -0.9020 0.3254
vn -0.7581 -0.1121 0.6424
vn 0.2567 -0.0056 0.9665
vn 0.2435 0.0255 0.9696
vn -0.8011 0.3635 0.4755
vn 0.9997 0.0222 -0.0041
vn -0.6374 -0.4809 0.6020
vn -0.3599 0.1621 0.9188
vn 0.0912 0.2021 0.9751
vn 0.6952 -0.2215 0.6839
vn 0.4439 0.5440 0.7120
vn -0.1907 0.6218 0.7596
vn 0.5246 0.4062 0.7482
vn -0.4090 0.5536 0.7254
vn -0.0875 -0.9410 0.3270
vn -0.4475 -0.7751 -0.4461
vn 0.2403 0.9627 0.1244
vn -0.7101 0.0810 0.6994
vn 0.7991 0.3791 0.4666
vn 0.1569 -0.9108 0.3820
vn 0.0770 -0.9388 -0.3358
vn -0.2906 -0.9473 -0.1348
vn -0.2151 -0.4370 -0.8734
vn 0.4049 0.8632 0.3014
vn 0.3223 0.0690 -0.9441
vn 0.1467 -0.8314 0.5360
vn 0.3581 0.8401 -0.4075
vn -0.5321 0.6530 -0.5389
vn -0.6073 0.1774 -0.7744
vn 0.3830 -0.7935 0.4730
vn 0.0120 0.4057 0.9139
vn -0.3791 -0.8656 -0.3270
vn 0.1420 0.8646 0.4820
vn -0.5949 0.4335 -0.6769
vn -0.2829 -0.7974 -0.5330
vn -0.7012 0.1439 0.6983
vn -0.2635 -0.0928 0.9602
vn -0.0711 -0.0002 0.9975
vn -0.0095 0.0314 0.9995
vn 0.7467 0.1551 0.6468
vn -0.5880 0.4729 0.6562
vn -0.4228 -0.3047 0.8535
vn 0.5659 -0.0648 0.8219
vn 0.5639 0.2367 0.7912
vn -0.4771 0.3419 0.8096
vn 0.4343 0.4476 0.7817
vn -0.2624 -0.2565 0.9303
vn -0.0561 0.9390 0.3394
vn -0.1102 -0.4160 0.9027
vn -0.3546 0.8455 0.3992
vn 0.2390 -0.4759 -0.8464
vn 0.2987 -0.3340 0.8940
vn 0.1074 -0.9792 0.1723
vn 0.3996 0.5223 -0.7534
vn -0.1122 -0.9824 -0.1496
vn -0.1976 -0.9577 -0.2091
vn -0.0833 -0.9045 -0.4183
vn -0.7676 -0.2845 0.5743
vn 0.7158 0.0483 0.6966
vn -0.8839 0.4084 0.2279
vn 0.6575 0.7115 0.2481
vn -0.4288 0.5954 0.6794
vn 0.4778 -0.4128 0.7754
vn 0.2287 0.8077 0.5434
vn -0.7380 0.2107 0.6411
vn 0.4910 0.3954 0.7762
vn 0.5912 -0.4853 0.6441
vn -0.7107 -0.4962 0.4987
vn 0.2439 0.1024 -0.9644
vn 0.0455 0.9202 0.3887
vn 0.0044 -0.8646 0.5024
vn -0.1253 0.2821 -0.9512
vn -0.1758 -0.1514 -0.9727
vn -0.2625 0.7681 -0.5841
vn -0.5738 0.6312 0.5218
vn 0.0401 0.9409 0.3362
vn 0.3817 0.9241 -0.0172
vn 0.0567 0.9425 0.3294
vn -0.0497 0.9216 0.3849
vn 0.2021 0.9638 -0.1742
vn -0.9586 -0.2769 -0.0670
vn 0.5572 -0.6730 0.4864
vn -0.3199 -0.9474 -0.0117
vn 0.1356 0.9456 0.2957
vn 0.3817 0.9241 -0.0173
vn -0.4942 0.7321 -0.4689
vn -0.1665 -0.9166 -0.3635
vn -0.2239 -0.6893 -0.6890
vn 0.4343 -0.8726 -0.2237
vn 0.7417 -0.5582 0.3720
vn -0.7770 0.1615 0.6085
vn 0.9394 -0.0183 -0.3423
vn 0.6335 -0.4557 0.6253
vn 0.6257 -0.3006 0.7198
vn -0.7316 0.1825 0.6569
vn 0.6977 0.2877 0.6561
vn 0.5434 0.8393 0.0166
vn -0.3998 0.9166 0.0035
vn -0.1317 0.7207 0.6806
vn -0.1542 0.9797 -0.1285
vn -0.3380 0.8617 0.3786
vn -0.5026 0.1576 -0.8500
vn -0.2508 -0.9591 -0.1311
vn 0.4035 -0.7792 -0.4797
vn 0.0218 -0.6513 0.7585
vn -0.2284 0.9649 -0.1298
vn 0.6099 0.4212 0.6713
vn 0.4928 -0.6100 0.6205
vn -0.4515 -0.8294 -0.3291
vn 0.0633 -0.9723 -0.2248
vn 0.3344 -0.9142 -0.2288
vn -0.4154 -0.8686 -0.2700
vn -0.9133 -0.1093 0.3924
vn 0.9502 0.2824 0.1315
vn -0.9779 0.0008 0.2090
vn 0.3440 0.9238 -0.1680
vn -0.7212 -0.2366 0.6511
vn 0.6535 0.3978 0.6439
vn 0.0655 0.5388 0.8399
vn 0.6505 0.3128 0.6921
vn 0.1391 0.9245 0.3549
vn 0.1794 0.6928 0.6985
vn 0.4861 -0.6454 0.5891
vn 0.0319 0.6339 -0.7728
vn -0.2977 0.6614 0.6884
vn -0.8632 0.4780 0.1623
vn -0.1692 0.9759 -0.1379
vn -0.8077 0.2271 -0.5441
vn -0.1504 -0.9670 -0.2056
vn 0.5576 -0.5464 -0.6249
vn -0.4370 0.8779 0.1955
vn 0.1785 -0.8668 -0.4656
vn -0.3174 0.9452 0.0762
vn -0.0740 0.8901 0.4498
vn -0.3822 -0.6578 -0.6490
vn 0.1307 -0.9656 -0.2249
vn -0.1160 -0.8942 -0.4323
vn -0.1991 -0.9791 -0.0407
vn 0.4324 -0.8764 -0.2122
vn 0.8324 0.0500 0.5519
vn -0.6863 -0.3670 0.6279
vn 0.7188 -0.1590 0.6768
vn 0.5099 0.5231 0.6829
vn -0.3509 0.7394 0.5746
vn -0.1267 0.8775 0.4625
vn 0.6572 0.3152 0.6846
vn -0.0069 0.9588 -0.2840
vn 0.0670 -0.9304 -0.3603
vn -0.1644 -0.4177 0.8936
vn 0.3445 -0.6786 -0.6487
vn 0.0321 0.9971 0.0686
vn -0.4804 0.8720 -0.0940
vn -0.1065 0.9041 0.4139
vn -0.6627 0.2081 -0.7194
vn 0.3686 -0.7330 0.5717
vn 0.6316 -0.7601 0.1528
vn 0.8838 -0.0683 0.4628
vn -0.9782 -0.1326 0.1599
vn 0.7592 -0.0596 0.6481
vn 0.7279 0.2341 0.6445
vn 0.3340 0.5512 0.7646
vn -0.2176 -0.8587 0.4639
vn 0.4937 -0.7442 0.4500
vn -0.2182 0.4766 0.8516
vn -0.1491 0.9747 -0.1665
vn -0.8591 0.1720 -0.4821
vn -0.6223 -0.7814 0.0471
vn 0.3889 -0.3901 0.8346
vn -0.0134 -0.9972 -0.0730
vn -0.1712 -0.9495 -0.2631
vn -0.2071 -0.8814 0.4245
vn 0.1450 -0.9150 0.3765
vn 0.2202 -0.9379 0.2682
vn 0.4413 -0.8815 -0.1679
vn -0.9731 0.1743 -0.1509
vn 0.5390 0.7518 0.3799
vn 0.9591 0.1418 0.2450
vn 0.6576 -0.3477 0.6683
vn -0.4318 0.5156 0.7401
vn -0.6872 0.7261 0.0211
vn -0.4845 0.0644 0.8724
vn 0.4749 0.2873 0.8318
vn -0.2077 0.7577 0.6186
vn -0.7943 0.4296 0.4295
vn 0.2764 -0.5822 0.7646
vn 0.2070 -0.3791 0.9019
vn -0.6070 -0.1383 -0.7826
vn 0.1981 -0.9686 -0.1500
vn 0.0255 0.9021 0.4307
vn 0.1638 -0.9029 0.3974
vn 0.3666 -0.9183 -0.1495
vn -0.7880 -0.4448 0.4258
vn 0.7576 0.0575 0.6502
vn -0.1394 0.8444 0.5173
vn 0.1570 -0.9611 -0.2275
vn -0.1635 -0.9848 0.0590
vn -0.3790 -0.9158 -0.1332
vn -0.9870 0.0298 0.1579
vn 0.7225 -0.4778 0.4998
vn -0.7301 -0.0478 0.6816
vn -0.7403 0.0818 0.6673
vn -0.6938 0.2278 0.6832
vn -0.6739 0.2993 0.6755
vn 0.6029 0.4247 0.6754
vn -0.1962 0.9792 0.0507
vn 0.0432 0.7951 0.6050
vn 0.3100 -0.8808 0.3578
vn -0.6097 -0.4367 0.6615
vn 0.4577 0.5540 0.6954
vn -0.2160 -0.9230 0.3186
vn -0.7808 -0.4115 0.4701
vn -0.5454 0.3229 0.7735
vn -0.7610 0.5401 0.3594
vn -0.7670 0.6269 -0.1365
vn -0.6088 0.7930 -0.0230
vn -0.4311 0.8839 -0.1811
vn 0.3153 0.9371 -0.1496
vn -0.0048 -0.9854 0.1704
vn -0.3737 0.3556 0.8567
vn 0.2142 0.7841 0.5825
vn -0.0193 -0.9960 -0.0868
vn 0.2098 -0.9767 -0.0442
vn -0.3680 -0.9169 -0.1544
vn -0.4330 -0.8905 -0.1397
vn 0.0918 -0.9798 0.1775
vn 0.7074 -0.1333 0.6942
vn 0.6411 0.3308 0.6925
vn -0.0199 0.9806 -0.1949
vn 0.4319 0.0696 0.8992
vn 0.3489 0.5949 0.7241
vn 0.0965 -0.9919 -0.0824
vn -0.8885 0.2363 -0.3934
vn 0.9258 0.2564 -0.2779
vn -0.8449 -0.3546 0.4005
vn -0.6981 -0.1465 0.7009
vn -0.8138 0.5720 0.1026
vn 0.2362 0.5525 0.7993
vn -0.2179 0.9754 0.0327
vn 0.0003 0.7542 -0.6566
vn 0.0352 0.9711 0.2359
vn -0.0753 -0.9605 0.2680
vn 0.0776 -0.9574 0.2781
vn 0.9522 -0.2356 0.1945
vn 0.9992 0.0105 -0.0388
vn -0.9932 -0.0984 -0.0620
vn 0.9280 0.1758 -0.3286
vn 0.7281 -0.3930 0.5616
vn 0.8685 0.0877 -0.4879
vn 0.6713 0.7412 -0.0081
vn 0.1355 0.9617 0.2384
vn 0.1253 0.5533 0.8235
vn -0.0261 0.5474 0.8365
vn 0.3905 -0.3844 0.8365
vn 0.3658 0.3397 0.8665
vn 0.1083 -0.9892 -0.0985
vn 0.4112 -0.8757 0.2530
vn -0.2887 -0.9567 0.0362
vn 0.1720 -0.9845 -0.0340
vn -0.8031 -0.5348 0.2627
vn 0.7995 -0.5958 0.0760
vn -0.9385 -0.3359 0.0798
vn 0.9954 0.0938 -0.0196
vn 0.9019 -0.1019 0.4197
vn 0.6789 -0.2491 0.6907
vn 0.7125 0.0124 0.7015
vn -0.4653 0.4975 0.7321
vn -0.8186 0.5656 0.0997
vn -0.3937 -0.1056 0.9132
vn -0.3883 0.5457 0.7426
vn 0.1905 0.7504 0.6330
vn -0.2652 -0.9634 -0.0380
vn 0.6420 -0.4449 0.6245
vn 0.6819 0.2194 0.6978
vn -0.5675 0.4211 0.7076
vn -0.7927 0.5806 0.1857
vn -0.1764 0.7973 0.5772
vn 0.3709 -0.6363 0.6764
vn 0.3580 -0.1405 0.9231
vn -0.1025 0.7954 0.5974
vn -0.1827 -0.9822 -0.0436
vn 0.2743 -0.9593 -0.0675
vn 0.3927 -0.9197 -0.0026
vn -0.6770 -0.4261 0.6001
vn -0.5474 0.5645 0.6178
vn 0.9463 0.1798 0.2685
vn 0.8146 0.5428 0.2045
vn -0.1112 0.6591 0.7438
vn -0.1429 -0.8477 0.5108
vn -0.5372 -0.5164 0.6669
vn -0.0004 0.7863 0.6178
vn -0.9529 0.0870 -0.2906
vn -0.8918 0.2780 -0.3571
vn -0.8019 0.4826 -0.3521
vn -0.7528 0.3909 0.5296
vn 0.7129 -0.0486 0.6996
vn 0.7022 0.1105 0.7033
vn -0.8379 0.4466 0.3137
vn -0.3880 0.5657 0.7276
vn 0.2736 0.4446 0.8529
vn -0.1028 0.7216 0.6847
vn -0.0165 -0.9998 -0.0142
vn -0.4737 -0.8804 -0.0216
vn 0.0373 -0.9704 0.2386
vn 0.9019 -0.4309 0.0297
vn 0.9656 0.1940 -0.1734
vn -0.6727 0.1331 0.7279
vn 0.5260 0.4742 0.7060
vn -0.8037 0.4562 -0.3820
vn -0.8092 0.5430 0.2246
vn -0.1847 -0.9816 0.0488
vn 0.3662 -0.9279 0.0700
vn 0.6994 -0.2816 0.6569
vn 0.6569 0.1548 0.7379
vn 0.6424 0.2633 0.7197
vn 0.3923 0.3071 0.8671
vn 0.9141 0.0777 0.3980
vn 0.3205 0.1903 0.9279
vn 0.0712 -0.9926 0.0984
vn -0.3868 -0.9200 0.0629
vn -0.3271 -0.9446 0.0260
vn 0.7664 0.5354 -0.3550
vn 0.9476 0.2950 -0.1226
vn 0.9985 -0.0264 -0.0471
vn -0.6646 0.0263 0.7467
vn -0.6388 0.2325 0.7334
vn 0.5632 0.1308 0.8159
vn -0.1129 0.5512 0.8267
vn 0.2662 0.4313 0.8620
vn -0.3411 0.2114 0.9160
vn -0.0323 0.7090 0.7045
vn 0.2071 -0.9507 0.2309
vn -0.0179 -0.8875 0.4605
vn 0.0481 -0.9318 0.3598
vn 0.2686 -0.8573 0.4391
vn -0.4254 -0.6376 0.6423
vn -0.4249 -0.3946 0.8147
vn -0.3240 -0.1068 0.9400
vn 0.1973 0.5431 0.8162
vn 0.1430 -0.9859 0.0873
vn -0.7773 -0.6284 0.0296
vn -0.6887 -0.4021 0.6034
vn -0.8018 -0.3102 0.5108
vn -0.8150 -0.2352 0.5296
vn 0.7581 0.2122 0.6167
vn -0.5948 0.3514 0.7230
vn 0.5354 0.3975 0.7452
vn -0.7267 0.4264 0.5385
vn 0.3021 0.2784 0.9117
vn 0.3203 0.2509 0.9135
vn 0.2601 -0.0903 0.9613
vn -0.1154 -0.9811 0.1555
vn -0.9775 -0.1904 -0.0906
vn 0.9720 -0.0148 -0.2345
vn -0.6872 0.4934 0.5332
vn 0.8937 0.4347 -0.1112
vn 0.6531 -0.3730 0.6591
vn 0.6815 -0.1956 0.7052
vn 0.5911 0.3434 0.7299
vn 0.4303 0.4968 0.7537
vn 0.3869 0.5325 0.7528
vn -0.4593 0.2971 0.8371
vn 0.1788 0.5307 0.8285
vn 0.2070 -0.4530 0.8672
vn -0.1024 0.5339 0.8393
vn -0.0599 -0.9737 0.2198
vn -0.1892 -0.9671 0.1699
vn -0.3510 -0.9361 0.0245
vn -0.5488 -0.8134 0.1929
vn 0.6679 -0.7438 0.0251
vn 0.9134 -0.4069 -0.0116
vn -0.6790 -0.3431 0.6490
vn -0.7127 -0.2612 0.6511
vn 0.2235 0.3799 0.8976
vn 0.5122 0.1037 0.8526
vn -0.2976 0.0102 0.9546
vn 0.1004 0.6434 0.7590
vn 0.0319 0.6933 0.7199
vn -0.7741 -0.1155 0.6225
vn 0.5856 0.2319 0.7767
vn 0.3629 0.1867 0.9129
vn -0.3602 -0.6878 0.6302
vn 0.2238 0.3079 0.9247
vn -0.0814 0.5624 0.8228
vn -0.2955 -0.8954 0.3331
vn 0.8967 0.3178 -0.3081
vn -0.6559 0.6909 0.3040
vn 0.8640 0.4226 -0.2736
vn 0.9091 -0.1741 0.3784
vn 0.5607 -0.3671 0.7422
vn -0.5818 0.2365 0.7782
vn 0.1120 -0.8300 0.5463
vn -0.1821 -0.3182 0.9304
vn -0.4608 -0.8803 0.1126
vn 0.3335 -0.8879 0.3169
vn -0.9748 0.0989 -0.2000
vn 0.9810 0.1082 -0.1611
vn -0.6654 -0.1778 0.7250
vn 0.6809 -0.1146 0.7233
vn 0.6094 0.2032 0.7664
vn -0.5638 0.3246 0.7594
vn 0.4544 0.4403 0.7744
vn -0.3516 0.5179 0.7798
vn 0.5753 0.1552 0.8031
vn -0.1586 0.0965 0.9826
vn -0.1536 0.3626 0.9192
vn 0.1877 -0.9482 0.2562
vn -0.3261 -0.9322 0.1570
vn 0.2761 -0.9289 0.2469
vn -0.7358 0.6313 -0.2450
vn -0.6154 0.6660 0.4217
vn 0.3933 0.7836 0.4810
vn -0.6200 -0.2477 0.7445
vn 0.6478 -0.0297 0.7613
vn -0.5080 0.3936 0.7662
vn -0.2728 -0.5699 0.7751
vn 0.1427 -0.2738 0.9511
vn 0.1559 0.1209 0.9803
vn -0.0338 0.3325 0.9425
vn 0.0801 -0.9382 0.3367
vn -0.8826 -0.4571 0.1102
vn 0.8417 0.5088 -0.1810
vn -0.7138 0.0592 0.6978
vn 0.9679 -0.2001 0.1522
vn -0.5456 -0.3632 0.7552
vn 0.6238 -0.2910 0.7254
vn 0.6475 0.0771 0.7581
vn 0.0593 0.2470 0.9672
vn -0.0909 -0.3089 0.9467
vn 0.0451 -0.1517 0.9874
vn 0.0884 0.2906 0.9527
vn 0.1771 -0.9490 0.2608
vn 0.9387 0.3328 -0.0898
vn 0.7885 0.6002 -0.1339
vn 0.5982 0.8013 -0.0047
vn -0.6415 -0.0640 0.7644
vn 0.5939 0.1447 0.7914
vn 0.3025 0.5058 0.8079
vn -0.4715 0.2027 0.8583
vn -0.1836 0.3287 0.9264
vn 0.0965 0.5533 0.8274
vn -0.1206 0.5477 0.8279
vn -0.0025 0.5444 0.8388
vn -0.0589 -0.0392 0.9975
vn 0.0233 0.1455 0.9891
vn -0.2004 -0.8747 0.4412
vn -0.8742 0.4853 -0.0156
vn 0.6281 0.7776 0.0279
vn 0.3237 0.5268 0.7859
vn 0.0928 0.5406 0.8362
vn -0.0200 -0.8996 0.4362
vn 0.1931 -0.8619 0.4689
vn 0.9914 -0.1223 -0.0465
vn -0.9517 0.3056 -0.0306
vn -0.5704 0.8170 0.0844
vn -0.5870 -0.3269 0.7406
vn 0.6069 -0.1247 0.7850
vn 0.5291 0.3111 0.7895
vn -0.0130 0.3733 0.9276
vn -0.0125 -0.9146 0.4042
vn -0.2637 -0.9258 0.2709
vn 0.1573 -0.9791 0.1287
vn 0.8805 0.4725 0.0394
vn -0.4959 0.8684 0.0041
vn -0.4744 0.6630 0.5791
vn -0.5757 0.0843 0.8133
vn -0.5990 0.1819 0.7798
vn 0.1438 -0.8800 0.4526
vn -0.2237 -0.9669 0.1229
vn 0.9284 0.3173 0.1933
vn 0.4941 0.8494 0.1855
vn -0.2099 0.5265 0.8239
vn 0.7969 0.5761 0.1819
vn -0.5772 -0.1539 0.8020
vn 0.5207 -0.2839 0.8051
vn 0.6179 0.0645 0.7836
vn -0.4178 -0.6444 0.6404
vn 0.0180 -0.8363 0.5480
vn -0.3271 0.1916 0.9254
vn -0.0250 -0.0714 0.9971
vn 0.1836 -0.3931 0.9010
vn -0.9958 0.0574 0.0719
vn 0.3718 0.4447 0.8149
vn 0.2402 -0.7417 0.6262
vn -0.4319 -0.8383 0.3326
vn -0.7734 -0.6297 0.0725
vn 0.9876 0.0438 0.1508
vn 0.1775 0.0042 0.9841
vn -0.1625 -0.1915 0.9679
vn 0.1734 -0.0823 0.9814
vn -0.8797 0.4559 0.1354
vn 0.8441 0.5227 0.1197
vn -0.7997 0.4531 0.3940
vn 0.5774 -0.2075 0.7897
vn -0.1683 -0.9857 0.0037
vn 0.9645 -0.2246 0.1392
vn -0.9687 -0.1963 0.1517
vn 0.2907 0.7843 0.5481
vn -0.5747 0.3118 0.7566
vn -0.7099 0.6835 0.1699
vn -0.3365 0.9135 0.2285
vn -0.5599 0.8066 0.1894
vn -0.5558 -0.1548 0.8168
vn 0.4705 0.3830 0.7950
vn -0.3077 0.4935 0.8135
vn -0.1340 -0.7851 0.6047
vn 0.2503 -0.3531 0.9015
vn 0.0556 0.8834 0.4653
vn 0.7581 0.1555 0.6333
vn -0.5560 0.6077 0.5671
vn 0.3388 0.2152 0.9159
vn -0.0601 0.2941 0.9539
vn -0.0063 0.0855 0.9963
vn 0.0275 0.1347 0.9905
vn 0.0550 0.2688 0.9616
vn 0.6156 0.7731 0.1528
vn 0.5756 0.0065 0.8177
vn -0.4114 0.4309 0.8032
vn 0.0273 -0.9195 0.3921
vn 0.1753 -0.2866 0.9419
vn 0.4257 -0.8557 0.2942
vn 0.8776 -0.4445 0.1796
vn 0.4355 0.8176 0.3766
vn 0.3944 0.7531 0.5266
vn -0.9369 0.2452 0.2493
vn 0.5181 -0.3112 0.7967
vn 0.0192 0.2471 0.9688
vn -0.3873 -0.8090 0.4421
vn 0.1924 -0.0180 0.9812
vn 0.9514 0.1860 0.2455
vn 0.6807 0.5171 0.5189
vn 0.2288 -0.1451 0.9626
vn 0.1357 0.4997 0.8555
vn -0.4815 -0.3276 0.8129
vn 0.0141 0.1991 0.9799
vn -0.5156 -0.2651 0.8148
vn -0.5773 -0.0654 0.8139
vn 0.5670 -0.0764 0.8202
vn 0.5360 0.1615 0.8286
vn -0.5072 0.2205 0.8331
vn -0.5012 0.3055 0.8096
vn -0.2069 -0.9238 0.3221
vn 0.9528 -0.2037 0.2253
vn -0.9409 -0.0160 0.3384
vn 0.1799 -0.0801 0.9804
vn -0.6559 0.5005 0.5651
vn 0.3622 0.5738 0.7346
vn -0.5471 0.1339 0.8263
vn -0.1893 -0.3940 0.8994
vn -0.6542 0.4327 0.6203
vn 0.0637 0.2434 0.9678
vn 0.1992 -0.0827 0.9765
vn -0.6243 0.7480 0.2254
vn -0.1589 0.7781 0.6077
vn 0.2151 0.9151 0.3410
vn -0.4476 -0.3145 0.8371
vn -0.5663 0.0024 0.8242
vn 0.5554 0.0983 0.8257
vn 0.5527 0.2071 0.8072
vn -0.4517 0.3528 0.8195
vn -0.3842 -0.7295 0.5659
vn -0.1747 -0.7251 0.6661
vn 0.2040 -0.8472 0.4906
vn -0.7233 -0.6467 0.2422
vn -0.7288 -0.4926 0.4756
vn -0.8772 -0.3114 0.3654
vn 0.6707 0.7168 0.1907
vn 0.9384 0.1743 0.2983
vn -0.3320 0.6277 0.7041
vn 0.5805 0.5303 0.6179
vn 0.2153 -0.4554 0.8639
vn 0.8626 0.3964 0.3142
vn -0.5486 0.2863 0.7855
vn 0.0962 0.1354 0.9861
vn 0.7554 0.5919 0.2811
vn 0.4838 0.7968 0.3619
vn -0.0763 0.9552 0.2861
vn -0.6165 0.0665 0.7845
vn 0.2762 0.1740 0.9452
vn -0.5526 0.1482 0.8202
vn 0.3887 0.3903 0.8346
vn -0.1760 0.5410 0.8224
vn 0.1545 0.4595 0.8746
vn 0.0803 0.4976 0.8637
vn 0.5932 0.7413 0.3141
vn -0.8293 0.3912 0.3991
vn -0.5597 0.4593 0.6898
vn 0.3023 0.5980 0.7423
vn 0.1268 -0.1126 0.9855
vn 0.4568 0.4261 0.7809
vn -0.3629 -0.2000 0.9101
vn -0.0614 0.9257 0.3733
vn 0.0594 0.2657 0.9622
vn -0.3035 0.4621 0.8333
vn -0.3620 -0.3458 0.8657
vn 0.4070 -0.3179 0.8563
vn -0.3158 0.4140 0.8537
vn 0.2807 -0.6211 0.7318
vn 0.2654 -0.8541 0.4472
vn -0.0715 -0.3426 0.9368
vn -0.6551 0.2196 0.7230
vn -0.5563 0.4722 0.6838
vn -0.8492 0.1559 0.5045
vn 0.6396 0.3683 0.6747
vn 0.0530 0.6075 0.7926
vn 0.4072 0.3572 0.8406
vn -0.2454 0.8070 0.5372
vn 0.2821 -0.1769 0.9429
vn 0.2117 0.4179 0.8835
vn 0.0211 0.8702 0.4923
vn 0.5351 -0.1384 0.8334
vn -0.3948 -0.8045 0.4437
vn 0.3417 -0.7911 0.5073
vn 0.6398 -0.6598 0.3941
vn 0.6730 -0.4382 0.5958
vn -0.1023 0.4090 0.9068
vn 0.7166 0.5285 0.4552
vn 0.5781 0.5824 0.5715
vn 0.8298 0.3037 0.4682
vn -0.7181 0.4686 0.5145
vn -0.2095 -0.4377 0.8744
vn 0.4376 -0.2167 0.8727
vn 0.4826 -0.0952 0.8707
vn 0.4677 0.2603 0.8447
vn 0.4571 0.3259 0.8276
vn -0.0239 0.5100 0.8598
vn 0.0939 -0.3534 0.9307
vn 0.2967 -0.3673 0.8815
vn -0.1732 -0.2066 0.9630
vn -0.0855 -0.3909 0.9165
vn 0.1712 -0.4030 0.8990
vn 0.3372 0.3650 0.8678
vn -0.4997 0.2702 0.8230
vn -0.6035 0.2771 0.7477
vn 0.8646 0.0501 0.5000
vn 0.7643 0.5103 0.3942
vn -0.3565 0.9003 0.2499
vn -0.3756 0.8461 0.3782
vn 0.3521 0.7994 0.4868
vn 0.4291 0.7891 0.4396
vn -0.2685 0.8655 0.4230
vn 0.2482 -0.3789 0.8915
vn -0.4479 -0.2034 0.8707
vn -0.3613 0.3624 0.8592
vn 0.2846 0.4267 0.8585
vn -0.1202 -0.8366 0.5345
vn -0.0137 -0.1542 0.9879
vn -0.3076 -0.5428 0.7815
vn -0.5703 -0.6734 0.4704
vn 0.2379 0.0678 0.9689
vn -0.4653 0.0270 0.8848
vn 0.2783 0.1051 0.9547
vn 0.4977 0.1934 0.8455
vn -0.8182 -0.1039 0.5655
vn -0.5535 0.0772 0.8293
vn 0.5874 0.1391 0.7972
vn 0.5138 0.6310 0.5812
vn 0.5980 -0.1222 0.7921
vn -0.3199 -0.3002 0.8986
vn -0.7168 0.2751 0.6407
vn 0.6088 0.6429 0.4649
vn 0.1579 0.8459 0.5095
vn -0.2140 0.8360 0.5053
vn -0.4982 -0.0675 0.8644
vn 0.5119 0.0462 0.8578
vn -0.4883 0.1227 0.8640
vn -0.4123 0.2690 0.8704
vn -0.0820 0.4679 0.8800
vn 0.2170 -0.5355 0.8162
vn 0.2280 -0.1710 0.9585
vn -0.1719 0.1072 0.9793
vn -0.1147 -0.1250 0.9855
vn 0.5448 0.1135 0.8309
vn 0.7870 -0.3571 0.5031
vn 0.9602 0.2226 0.1684
vn 0.6063 -0.1244 0.7855
vn 0.5050 -0.2535 0.8251
vn 0.6299 0.4385 0.6410
vn 0.6260 0.6100 0.4859
vn 0.4670 -0.1641 0.8689
vn 0.4867 -0.0017 0.8736
vn -0.0308 -0.8262 0.5626
vn 0.1496 -0.7509 0.6432
vn -0.1092 -0.6287 0.7699
vn -0.4557 -0.2363 0.8582
vn -0.7542 -0.2840 0.5921
vn -0.5768 0.5754 0.5798
vn -0.5859 0.4556 0.6702
vn -0.4255 0.7404 0.5203
vn -0.1796 0.8049 0.5656
vn -0.2726 -0.4049 0.8728
vn -0.3435 -0.3601 0.8674
vn 0.3506 -0.3060 0.8851
vn 0.4527 0.0979 0.8863
vn -0.1834 0.4796 0.8581
vn -0.0437 -0.9499 0.3095
vn 0.4534 -0.6091 0.6507
vn -0.5113 -0.3606 0.7801
vn 0.4775 -0.2889 0.8298
vn 0.4003 -0.7015 0.5897
vn -0.5665 -0.0222 0.8238
vn 0.4903 -0.0846 0.8674
vn 0.7955 0.1145 0.5950
vn -0.6902 -0.0204 0.7234
vn -0.8093 0.3326 0.4841
vn -0.7316 0.2332 0.6406
vn 0.8878 0.4590 -0.0333
vn -0.7191 0.2339 0.6544
vn -0.4983 0.0279 0.8666
vn 0.2568 -0.4651 0.8472
vn 0.4473 0.6469 0.6176
vn -0.0428 0.8033 0.5941
vn -0.3932 -0.2648 0.8805
vn -0.4753 0.0265 0.8794
vn 0.3822 0.3214 0.8664
vn -0.0038 0.4412 0.8974
vn -0.2890 -0.7409 0.6063
vn -0.6111 -0.2735 0.7428
vn 0.6935 0.2039 0.6910
vn -0.4279 -0.1434 0.8924
vn -0.7345 0.0183 0.6783
vn 0.9460 0.3204 0.0490
vn -0.5672 0.3779 0.7318
vn 0.4972 0.5491 0.6717
vn 0.2437 0.7315 0.6368
vn 0.4388 0.1986 0.8763
vn 0.1402 -0.7599 0.6348
vn -0.4793 -0.5167 0.7095
vn 0.6210 0.2027 0.7571
vn 0.6385 0.2800 0.7169
vn 0.8808 0.4415 0.1713
vn -0.2894 0.6240 0.7259
vn 0.9813 -0.1168 0.1533
vn -0.2010 0.0696 0.9771
vn -0.4273 -0.1318 0.8944
vn 0.2969 0.3692 0.8807
vn -0.4007 -0.5103 0.7609
vn 0.4427 -0.4589 0.7704
vn 0.6504 -0.2529 0.7162
vn -0.8097 0.1439 0.5690
vn 0.6193 -0.0026 0.7851
vn -0.5506 0.1392 0.8231
vn 0.8247 0.5279 0.2031
vn -0.4621 0.5691 0.6802
vn -0.4158 0.5437 0.7290
vn 0.2611 0.6435 0.7195
vn -0.3099 -0.4322 0.8468
vn 0.2769 -0.3175 0.9069
vn -0.4230 0.1623 0.8915
vn 0.3379 -0.8975 0.2833
vn 0.7505 -0.3816 0.5395
vn -0.8489 0.4586 0.2628
vn -0.8101 0.5848 0.0416
vn -0.3388 0.6818 0.6484
vn -0.1643 0.1211 0.9789
vn -0.3874 0.7571 0.5261
vn -0.3142 -0.2938 0.9027
vn 0.3803 0.2505 0.8903
vn 0.1783 0.3988 0.8995
vn -0.7467 -0.2211 0.6274
vn 0.4645 -0.2397 0.8525
vn -0.3577 -0.2938 0.8864
vn 0.3777 0.4012 0.8345
vn 0.3583 0.3817 0.8520
vn -0.3180 0.5281 0.7874
vn -0.2899 0.4008 0.8691
vn 0.1936 0.5361 0.8216
vn 0.6544 0.7525 0.0745
vn -0.2854 -0.0635 0.9563
vn -0.1734 -0.4037 0.8983
vn -0.3338 -0.2012 0.9209
vn -0.4227 0.0670 0.9038
vn -0.3224 0.2906 0.9009
vn -0.2497 0.3460 0.9044
vn -0.1026 0.3975 0.9118
vn -0.2639 -0.8766 0.4024
vn -0.4877 -0.7220 0.4907
vn 0.1813 -0.4420 0.8785
vn 0.9528 -0.0808 0.2926
vn -0.4999 -0.3122 0.8078
vn 0.5078 0.0417 0.8605
vn 0.4461 0.2046 0.8713
vn -0.3986 0.2935 0.8689
vn -0.4849 0.2783 0.8291
vn 0.6535 0.7559 -0.0394
vn -0.5722 0.8182 0.0558
vn 0.3013 0.7589 0.5773
vn -0.2469 0.7042 0.6657
vn 0.0067 0.2099 0.9777
vn 0.3139 -0.1707 0.9340
vn 0.3385 -0.2123 0.9167
vn 0.3858 -0.1375 0.9123
vn -0.3918 -0.0224 0.9198
vn 0.4038 -0.0378 0.9141
vn -0.3459 0.1846 0.9199
vn 0.3089 0.2856 0.9072
vn 0.0242 -0.9424 0.3336
vn -0.7450 -0.4472 0.4950
vn 0.6256 -0.5137 0.5872
vn -0.0551 -0.4134 0.9089
vn 0.4257 -0.2861 0.8584
vn -0.4800 0.0928 0.8723
vn 0.1397 0.4354 0.8893
vn 0.0600 0.3913 0.9183
vn -0.0427 0.4349 0.8995
vn -0.0020 0.6199 0.7847
vn -0.3505 -0.3760 0.8578
vn -0.3404 0.1553 0.9274
vn 0.1471 -0.3880 0.9098
vn 0.2555 -0.3736 0.8917
vn 0.2340 0.3146 0.9199
vn 0.0649 0.3959 0.9160
vn -0.2089 -0.3928 0.8956
vn 0.2772 -0.2865 0.9171
vn -0.4150 -0.1396 0.8991
vn 0.5031 0.8602 0.0833
vn -0.5646 0.7866 0.2500
vn -0.3079 0.7515 0.5835
vn 0.1259 0.9258 0.3565
vn 0.0488 -0.1697 0.9843
vn 0.0861 -0.5480 0.8320
vn 0.3799 0.0195 0.9248
vn 0.3637 0.1566 0.9183
vn 0.1251 0.3565 0.9259
vn 0.1450 -0.2715 0.9514
vn 0.3336 -0.0166 0.9426
vn 0.1909 0.0699 0.9791
vn -0.9258 0.2278 0.3018
vn 0.9647 0.2023 0.1688
vn -0.2630 0.2922 0.9195
vn -0.1895 0.5140 0.8366
vn 0.0872 0.0540 0.9947
vn -0.1614 0.9403 0.2996
vn -0.1140 -0.3363 0.9348
vn 0.2781 -0.2678 0.9225
vn -0.1704 0.3462 0.9225
vn -0.9022 -0.0839 0.4230
vn 0.2979 -0.1323 0.9454
vn -0.1872 0.1461 0.9714
vn 0.1779 0.1922 0.9651
vn 0.4231 0.9046 0.0518
vn 0.1729 -0.3303 0.9279
vn -0.2574 -0.3205 0.9116
vn -0.3245 -0.0944 0.9412
vn 0.3132 0.2055 0.9272
vn -0.1908 -0.2191 0.9569
vn 0.0601 -0.1186 0.9911
vn 0.0434 -0.0976 0.9943
vn -0.3165 -0.0991 0.9434
vn -0.0456 0.1353 0.9898
vn -0.3592 -0.0082 0.9332
vn 0.3656 0.0963 0.9258
vn -0.3509 0.0871 0.9323
vn -0.2942 0.2771 0.9147
vn -0.2495 0.9533 0.1704
vn 0.1207 0.9687 0.2170
vn 0.2453 -0.3015 0.9214
vn 0.2751 -0.1779 0.9448
vn 0.3219 -0.1053 0.9409
vn 0.2262 0.2215 0.9486
vn -0.0452 0.3457 0.9373
vn -0.5592 -0.7143 0.4208
vn 0.9412 -0.1893 0.2800
vn -0.4208 0.8854 0.1973
vn 0.3030 0.0475 0.9518
vn 0.7774 -0.3119 0.5463
vn 0.6740 -0.5320 0.5125
vn 0.7367 0.6409 0.2158
vn -0.5976 0.7699 0.2239
vn 0.4593 0.8495 0.2597
vn 0.0911 -0.3378 0.9368
vn 0.0747 0.3120 0.9471
vn 0.0241 0.2884 0.9572
vn -0.0812 0.9275 0.3648
vn 0.0060 -0.3130 0.9497
vn -0.1784 -0.2593 0.9492
vn -0.3354 -0.0809 0.9386
vn 0.2849 0.1121 0.9520
vn 0.2734 0.1564 0.9491
vn 0.1364 0.2516 0.9582
vn -0.6614 -0.4969 0.5618
vn -0.8509 -0.2600 0.4564
vn -0.3508 0.8324 0.4290
vn 0.2219 -0.2265 0.9484
vn -0.2426 -0.1489 0.9586
vn 0.2697 -0.0508 0.9616
vn -0.2989 0.0409 0.9534
vn -0.2651 0.1563 0.9515
vn -0.2108 0.2228 0.9518
vn -0.2975 -0.8676 0.3984
vn -0.8420 0.2945 0.4519
vn 0.1116 -0.2507 0.9616
vn 0.2758 -0.8490 0.4506
vn 0.5683 -0.7151 0.4070
vn -0.7326 0.5195 0.4398
vn -0.0356 -0.2470 0.9684
vn -0.0700 0.2494 0.9659
vn -0.9165 -0.0072 0.3999
vn 0.2190 -0.1300 0.9670
vn 0.1111 0.1679 0.9795
vn 0.9098 -0.0762 0.4080
vn 0.3893 0.8226 0.4144
vn 0.5657 0.6651 0.4874
vn -0.1164 -0.1899 0.9749
vn 0.2265 0.0563 0.9724
vn 0.1976 0.1441 0.9696
vn -0.2142 0.1153 0.9700
vn -0.1394 0.2058 0.9686
vn 0.0436 0.2153 0.9756
vn -0.1539 -0.8540 0.4969
vn 0.7191 0.4652 0.5162
vn -0.5514 0.6578 0.5131
vn 0.1619 0.8988 0.4075
vn 0.0621 -0.1648 0.9844
vn 0.1300 -0.1351 0.9823
vn -0.1856 -0.1016 0.9774
vn 0.0412 -0.7699 0.6368
vn -0.0384 -0.7753 0.6304
vn -0.8077 0.0316 0.5887
vn 0.9120 0.2777 0.3019
vn -0.0568 0.8394 0.5405
vn -0.0563 -0.1400 0.9885
vn 0.1658 -0.0439 0.9852
vn -0.1997 -0.0213 0.9796
vn -0.1021 0.1292 0.9864
vn -0.3227 -0.7833 0.5313
vn -0.7190 -0.2985 0.6276
vn 0.7633 -0.1950 0.6159
vn -0.6730 0.3973 0.6239
vn -0.1281 0.7922 0.5967
vn 0.1485 0.1020 0.9836
vn -0.0106 0.1405 0.9900
vn -0.0872 -0.0642 0.9941
vn 0.1231 0.0088 0.9924
vn -0.1418 0.0508 0.9886
vn 0.0747 0.0941 0.9928
vn 0.6004 -0.4250 0.6774
vn 0.6864 0.0898 0.7217
vn 0.6705 0.3124 0.6729
vn 0.0465 0.7733 0.6323
vn 0.0928 -0.0587 0.9940
vn -0.0522 0.0470 0.9975
vn 0.0231 0.0231 0.9995
vn 0.3602 -0.5705 0.7381
vn -0.5351 -0.4937 0.6855
vn -0.6330 0.2500 0.7327
vn 0.0041 -0.0819 0.9966
vn -0.5867 -0.2422 0.7728
vn 0.5880 -0.1479 0.7952
vn -0.4481 0.4688 0.7612
vn 0.4051 0.5066 0.7611
vn 0.0890 -0.6434 0.7603
vn -0.5137 0.0721 0.8550
vn -0.3749 -0.5614 0.7377
vn 0.5158 0.2921 0.8054
vn 0.2666 0.5307 0.8046
vn -0.0696 0.6494 0.7572
vn 0.4692 -0.3704 0.8017
vn -0.3030 0.4072 0.8616
vn 0.0740 0.4487 0.8906
vn 0.1102 -0.3115 0.9438
vn 0.3461 -0.2705 0.8984
vn 0.1583 -0.3344 0.9290
vn -0.4040 -0.4335 0.8055
vn -0.4383 -0.0957 0.8937
vn 0.3944 0.0570 0.9172
vn 0.2907 0.2907 0.9116
vn -0.2655 0.3001 0.9162
vn -0.0755 -0.2270 0.9710
vn 0.1052 0.1948 0.9752
vn -0.0423 -0.0285 0.9987
vn 0.1593 -0.0587 0.9855
vt 0.809876 0.757091
vt 0.803058 0.759490
vt 0.810219 0.753371
vt 0.806985 0.748575
vt 0.807102 0.745403
vt 0.798687 0.755162
vt 0.801863 0.746235
vt 0.798675 0.749652
vt 0.819226 0.755517
vt 0.815987 0.750872
vt 0.812309 0.747406
vt 0.801399 0.741764
vt 0.818546 0.749078
vt 0.810834 0.765217
vt 0.672012 0.763031
vt 0.675896 0.759021
vt 0.678600 0.762047
vt 0.797310 0.758874
vt 0.682858 0.756937
vt 0.793029 0.751400
vt 0.817207 0.761204
vt 0.676063 0.767486
vt 0.800775 0.762978
vt 0.791262 0.747918
vt 0.821608 0.762451
vt 0.669485 0.769830
vt 0.804112 0.767346
vt 0.794417 0.741624
vt 0.822900 0.759358
vt 0.822623 0.751182
vt 0.814788 0.767764
vt 0.684649 0.765777
vt 0.797216 0.767119
vt 0.789985 0.759661
vt 0.808029 0.772681
vt 0.673541 0.774162
vt 0.793541 0.768897
vt 0.689731 0.754557
vt 0.686697 0.759719
vt 0.786681 0.754913
vt 0.317472 0.041012
vt 0.325957 0.042977
vt 0.319377 0.044237
vt 0.325362 0.038417
vt 0.668605 0.775585
vt 0.802653 0.771164
vt 0.815790 0.772866
vt 0.680837 0.772584
vt 0.691045 0.757200
vt 0.822900 0.804296
vt 0.829218 0.810173
vt 0.825172 0.812477
vt 0.786508 0.749747
vt 0.826674 0.802016
vt 0.316675 0.046789
vt 0.818844 0.769930
vt 0.798091 0.772675
vt 0.785128 0.762287
vt 0.199389 0.300797
vt 0.203007 0.282812
vt 0.214150 0.295248
vt 0.193539 0.287822
vt 0.669069 0.783760
vt 0.678719 0.777031
vt 0.788741 0.765576
vt 0.198435 0.324727
vt 0.212178 0.310462
vt 0.190091 0.308679
vt 0.224020 0.304650
vt 0.229799 0.278137
vt 0.214060 0.274036
vt 0.206904 0.251179
vt 0.322623 0.050179
vt 0.674007 0.781464
vt 0.809671 0.776062
vt 0.691733 0.762303
vt 0.686976 0.769578
vt 0.698249 0.759608
vt 0.827358 0.815999
vt 0.832660 0.804187
vt 0.179664 0.295308
vt 0.188000 0.274816
vt 0.238231 0.294162
vt 0.196814 0.262959
vt 0.220619 0.257102
vt 0.319998 0.052800
vt 0.313400 0.054073
vt 0.329910 0.043007
vt 0.801028 0.777835
vt 0.213303 0.329738
vt 0.185382 0.320779
vt 0.225653 0.316286
vt 0.311544 0.057445
vt 0.320093 0.069067
vt 0.685059 0.774299
vt 0.794314 0.774603
vt 0.787872 0.770440
vt 0.782543 0.765629
vt 0.833966 0.817066
vt 0.828567 0.789739
vt 0.831605 0.793028
vt 0.825467 0.796551
vt 0.169713 0.305025
vt 0.236945 0.310389
vt 0.168106 0.285647
vt 0.244845 0.290799
vt 0.241652 0.264465
vt 0.189750 0.251698
vt 0.209472 0.241675
vt 0.679208 0.788345
vt 0.834914 0.798379
vt 0.836244 0.812274
vt 0.169023 0.326062
vt 0.176448 0.258325
vt 0.228212 0.248947
vt 0.325907 0.053501
vt 0.315417 0.073780
vt 0.811976 0.786247
vt 0.682230 0.784805
vt 0.690445 0.773145
vt 0.696269 0.762934
vt 0.694014 0.766059
vt 0.193701 0.351095
vt 0.186373 0.335221
vt 0.228744 0.334688
vt 0.236132 0.320864
vt 0.156521 0.300018
vt 0.155900 0.288421
vt 0.252904 0.294224
vt 0.161085 0.273443
vt 0.180389 0.239267
vt 0.327923 0.048909
vt 0.795657 0.781466
vt 0.833897 0.787300
vt 0.253193 0.269137
vt 0.238698 0.245826
vt 0.223019 0.236904
vt 0.341578 0.049135
vt 0.802109 0.785637
vt 0.689908 0.782125
vt 0.625490 0.819753
vt 0.621988 0.826673
vt 0.615758 0.819146
vt 0.698557 0.768020
vt 0.702391 0.763791
vt 0.836793 0.808445
vt 0.182922 0.346407
vt 0.210699 0.349583
vt 0.254154 0.318280
vt 0.156711 0.260469
vt 0.248044 0.256196
vt 0.166954 0.248777
vt 0.187249 0.224280
vt 0.205606 0.217026
vt 0.834313 0.716651
vt 0.838330 0.721870
vt 0.834313 0.729551
vt 0.839685 0.818483
vt 0.233507 0.232826
vt 0.325279 0.067876
vt 0.615114 0.825937
vt 0.622485 0.815982
vt 0.830851 0.783469
vt 0.838349 0.785043
vt 0.842681 0.805288
vt 0.169431 0.346184
vt 0.222721 0.350450
vt 0.251090 0.331430
vt 0.139794 0.302379
vt 0.267470 0.299967
vt 0.143901 0.270926
vt 0.256295 0.253852
vt 0.183591 0.366148
vt 0.147109 0.314543
vt 0.269473 0.283718
vt 0.695224 0.779544
vt 0.837166 0.781785
vt 0.842178 0.798420
vt 0.843879 0.810901
vt 0.198094 0.364326
vt 0.213960 0.359319
vt 0.137277 0.288672
vt 0.262501 0.268775
vt 0.154107 0.243761
vt 0.167588 0.229757
vt 0.218626 0.219025
vt 0.337548 0.058227
vt 0.677422 0.798240
vt 0.844029 0.788376
vt 0.202603 0.366669
vt 0.188591 0.363525
vt 0.175064 0.358121
vt 0.246541 0.228886
vt 0.231445 0.215537
vt 0.738162 0.824984
vt 0.737129 0.819497
vt 0.744227 0.820135
vt 0.741376 0.815220
vt 0.259694 0.398059
vt 0.267873 0.392172
vt 0.264545 0.399355
vt 0.732575 0.814087
vt 0.735980 0.810075
vt 0.260544 0.391599
vt 0.741527 0.808307
vt 0.747295 0.811294
vt 0.265729 0.387326
vt 0.260635 0.384093
vt 0.842210 0.792815
vt 0.845273 0.812410
vt 0.139330 0.332816
vt 0.267126 0.322945
vt 0.141536 0.247462
vt 0.210396 0.204687
vt 0.345699 0.047932
vt 0.819673 0.782616
vt 0.816366 0.789868
vt 0.683843 0.790635
vt 0.805603 0.789726
vt 0.258701 0.405334
vt 0.266653 0.403203
vt 0.271573 0.399811
vt 0.747616 0.818046
vt 0.730881 0.818509
vt 0.250664 0.393504
vt 0.255129 0.385503
vt 0.269462 0.386644
vt 0.270697 0.392354
vt 0.744289 0.805396
vt 0.846010 0.814179
vt 0.203940 0.367485
vt 0.260366 0.336844
vt 0.132783 0.324794
vt 0.184685 0.205522
vt 0.739384 0.828456
vt 0.254415 0.404062
vt 0.733662 0.827346
vt 0.747162 0.825928
vt 0.747616 0.808226
vt 0.531985 0.703756
vt 0.528698 0.710033
vt 0.528672 0.704369
vt 0.727071 0.808915
vt 0.730432 0.804936
vt 0.739071 0.803138
vt 0.262560 0.378558
vt 0.185787 0.365833
vt 0.180776 0.367887
vt 0.272181 0.664657
vt 0.272181 0.675012
vt 0.271703 0.667434
vt 0.625595 0.809134
vt 0.627247 0.815736
vt 0.626670 0.815376
vt 0.153836 0.346662
vt 0.134511 0.269096
vt 0.272219 0.265502
vt 0.152718 0.220307
vt 0.256282 0.231481
vt 0.197540 0.206809
vt 0.325381 0.072099
vt 0.684136 0.796446
vt 0.262452 0.406628
vt 0.742787 0.830241
vt 0.726830 0.824611
vt 0.247818 0.387597
vt 0.249985 0.384873
vt 0.268398 0.378013
vt 0.254542 0.378810
vt 0.734788 0.800560
vt 0.191292 0.364110
vt 0.625595 0.820573
vt 0.528368 0.818672
vt 0.528368 0.824508
vt 0.527567 0.823612
vt 0.180482 0.366546
vt 0.253041 0.346830
vt 0.125307 0.292381
vt 0.146441 0.231401
vt 0.169682 0.216927
vt 0.338121 0.064313
vt 0.005337 0.841579
vt 0.016037 0.841987
vt 0.010230 0.847377
vt 0.796564 0.787248
vt 0.003047 0.835508
vt 0.531325 0.717716
vt 0.534437 0.715218
vt 0.534609 0.710572
vt 0.720877 0.813741
vt 0.722940 0.810183
vt 0.272219 0.385865
vt 0.740404 0.799707
vt 0.707958 0.777141
vt 0.708686 0.773425
vt 0.707951 0.762196
vt 0.709139 0.762631
vt 0.708642 0.763826
vt 0.709548 0.764184
vt 0.126202 0.314598
vt 0.528368 0.586475
vt 0.539051 0.583690
vt 0.533520 0.601584
vt 0.267538 0.250679
vt 0.342536 0.053874
vt 0.819273 0.795354
vt 0.393817 0.005705
vt 0.385360 0.006395
vt 0.389264 0.003762
vt 0.267170 0.405963
vt 0.732917 0.832323
vt 0.530869 0.724076
vt 0.528368 0.721099
vt 0.243269 0.404097
vt 0.722371 0.821097
vt 0.006157 0.828968
vt 0.003328 0.832328
vt 0.788538 0.786821
vt 0.789731 0.781124
vt 0.005736 0.823867
vt 0.000594 0.829419
vt 0.248505 0.380129
vt 0.729107 0.799818
vt 0.257089 0.373789
vt 0.265026 0.375733
vt 0.844968 0.787069
vt 0.707802 0.770371
vt 0.708585 0.767904
vt 0.847564 0.815947
vt 0.708584 0.765342
vt 0.174338 0.371716
vt 0.206662 0.371599
vt 0.234438 0.352132
vt 0.531390 0.617787
vt 0.541560 0.638004
vt 0.535108 0.641205
vt 0.320750 0.082260
vt 0.362987 0.046018
vt 0.393988 0.000603
vt 0.723840 0.828385
vt 0.693914 0.789303
vt 0.700164 0.784927
vt 0.537673 0.700499
vt 0.534342 0.699211
vt 0.724269 0.802645
vt 0.271520 0.381076
vt 0.249154 0.373560
vt 0.272198 0.781384
vt 0.270713 0.784091
vt 0.270713 0.772714
vt 0.846597 0.784097
vt 0.845661 0.785152
vt 0.735276 0.797386
vt 0.179165 0.368544
vt 0.709219 0.769709
vt 0.218593 0.371934
vt 0.543463 0.624747
vt 0.125087 0.235237
vt 0.248729 0.212396
vt 0.335136 0.068776
vt 0.833945 0.582853
vt 0.835337 0.580152
vt 0.846567 0.570214
vt 0.257127 0.410765
vt 0.241249 0.410426
vt 0.261847 0.411138
vt 0.735224 0.836406
vt 0.535621 0.725292
vt 0.720721 0.825440
vt 0.702625 0.789094
vt 0.707812 0.784368
vt 0.538290 0.709926
vt 0.004925 0.818076
vt 0.000000 0.822398
vt 0.847564 0.783205
vt 0.111678 0.817923
vt 0.117455 0.815934
vt 0.112134 0.822520
vt 0.150440 0.837065
vt 0.150519 0.831839
vt 0.154097 0.838400
vt 0.165074 0.364848
vt 0.533095 0.655314
vt 0.546716 0.651877
vt 0.543106 0.613160
vt 0.541855 0.597558
vt 0.269984 0.241082
vt 0.165746 0.206537
vt 0.223408 0.195873
vt 0.292610 0.110745
vt 0.279413 0.113697
vt 0.282700 0.109120
vt 0.689632 0.797093
vt 0.693345 0.794319
vt 0.537021 0.720045
vt 0.797775 0.795066
vt 0.716338 0.821869
vt 0.615114 0.809134
vt 0.623693 0.810646
vt 0.838930 0.648786
vt 0.836682 0.647846
vt 0.838930 0.640868
vt 0.842480 0.355340
vt 0.841647 0.353503
vt 0.842444 0.353937
vt 0.842480 0.352410
vt 0.841676 0.703128
vt 0.842506 0.704235
vt 0.841676 0.706042
vt 0.227988 0.367768
vt 0.136293 0.348994
vt 0.125164 0.330803
vt 0.121885 0.256285
vt 0.555758 0.565772
vt 0.537790 0.568949
vt 0.240766 0.207935
vt 0.259037 0.516236
vt 0.260309 0.524406
vt 0.259037 0.530322
vt 0.280166 0.118446
vt 0.739871 0.834937
vt 0.731598 0.834784
vt 0.399817 0.000000
vt 0.806024 0.796799
vt 0.800930 0.797242
vt 0.724443 0.835714
vt 0.236865 0.399896
vt 0.538497 0.717389
vt 0.242428 0.379484
vt 0.259791 0.653481
vt 0.259318 0.652184
vt 0.259791 0.641841
vt 0.246613 0.376889
vt 0.170139 0.374229
vt 0.208842 0.377366
vt 0.533465 0.696221
vt 0.538497 0.694064
vt 0.151499 0.825210
vt 0.148998 0.826412
vt 0.153904 0.842642
vt 0.160707 0.845591
vt 0.111984 0.830073
vt 0.109828 0.825505
vt 0.155798 0.834449
vt 0.151691 0.356948
vt 0.109636 0.299566
vt 0.134619 0.214714
vt 0.189968 0.190270
vt 0.389268 0.009035
vt 0.387105 0.021985
vt 0.381615 0.023069
vt 0.395850 0.009087
vt 0.023418 0.847862
vt 0.543839 0.723066
vt 0.235408 0.391305
vt 0.544370 0.706608
vt 0.708778 0.777604
vt 0.172483 0.373920
vt 0.717198 0.807934
vt 0.722417 0.800549
vt 0.153866 0.828172
vt 0.114412 0.826078
vt 0.119621 0.819436
vt 0.263398 0.347471
vt 0.368993 0.053244
vt 0.805153 0.804693
vt 0.236278 0.407341
vt 0.695679 0.798390
vt 0.721223 0.832956
vt 0.018912 0.836837
vt 0.543225 0.712154
vt 0.017612 0.829143
vt 0.017739 0.824920
vt 0.714646 0.817504
vt 0.838853 0.616969
vt 0.836631 0.625702
vt 0.833945 0.622061
vt 0.545905 0.699255
vt 0.171216 0.374532
vt 0.009081 0.820315
vt 0.165366 0.377663
vt 0.160312 0.837476
vt 0.540975 0.666559
vt 0.112246 0.272812
vt 0.544350 0.559814
vt 0.258791 0.214011
vt 0.150952 0.200584
vt 0.346792 0.074739
vt 0.840987 0.568375
vt 0.812667 0.800251
vt 0.833945 0.562351
vt 0.282672 0.122264
vt 0.277978 0.122826
vt 0.274664 0.124760
vt 0.277360 0.130086
vt 0.204693 0.414274
vt 0.216245 0.405072
vt 0.224516 0.404708
vt 0.221433 0.401745
vt 0.799218 0.820609
vt 0.791506 0.817253
vt 0.802292 0.817692
vt 0.796764 0.808588
vt 0.542456 0.728165
vt 0.789724 0.811309
vt 0.792454 0.798747
vt 0.232294 0.402411
vt 0.790987 0.791773
vt 0.708712 0.781951
vt 0.168820 0.375128
vt 0.123806 0.811185
vt 0.128930 0.813833
vt 0.158443 0.827032
vt 0.114448 0.312527
vt 0.103878 0.290337
vt 0.534504 0.549975
vt 0.547260 0.533526
vt 0.171277 0.189659
vt 0.297601 0.106209
vt 0.403110 0.004532
vt 0.229004 0.409657
vt 0.540353 0.730668
vt 0.801902 0.805484
vt 0.796281 0.804595
vt 0.705040 0.793308
vt 0.713830 0.823546
vt 0.166550 0.377698
vt 0.168334 0.376056
vt 0.230309 0.380911
vt 0.709288 0.781873
vt 0.210232 0.379942
vt 0.244223 0.370482
vt 0.130479 0.811791
vt 0.155651 0.823226
vt 0.132325 0.361560
vt 0.122241 0.342957
vt 0.558276 0.595189
vt 0.207478 0.189584
vt 0.355404 0.059811
vt 0.812757 0.825110
vt 0.238098 0.414914
vt 0.243863 0.414475
vt 0.798836 0.826885
vt 0.217226 0.413499
vt 0.227780 0.394626
vt 0.224012 0.396280
vt 0.789177 0.804797
vt 0.701516 0.796491
vt 0.217200 0.400504
vt 0.219163 0.391270
vt 0.782660 0.808596
vt 0.709548 0.788847
vt 0.840353 0.296059
vt 0.840353 0.304667
vt 0.838588 0.299861
vt 0.838853 0.629429
vt 0.212387 0.384567
vt 0.548242 0.695448
vt 0.009625 0.812138
vt 0.118862 0.827680
vt 0.165761 0.841615
vt 0.246815 0.368661
vt 0.111201 0.323734
vt 0.554244 0.618032
vt 0.808550 0.814155
vt 0.298398 0.120116
vt 0.295822 0.115039
vt 0.805141 0.822618
vt 0.274170 0.132187
vt 0.716466 0.831433
vt 0.022681 0.832382
vt 0.226981 0.386885
vt 0.708835 0.783527
vt 0.842498 0.732401
vt 0.842018 0.729928
vt 0.842498 0.729551
vt 0.162340 0.379451
vt 0.015530 0.815440
vt 0.012787 0.813821
vt 0.241983 0.371125
vt 0.259302 0.839136
vt 0.257176 0.838242
vt 0.259302 0.831540
vt 0.149261 0.818109
vt 0.236782 0.375700
vt 0.164893 0.839880
vt 0.135885 0.365642
vt 0.123960 0.356003
vt 0.255332 0.365348
vt 0.114017 0.241942
vt 0.558677 0.536611
vt 0.159089 0.193484
vt 0.822900 0.784813
vt 0.342417 0.066964
vt 0.212259 0.418954
vt 0.282647 0.128872
vt 0.223597 0.391549
vt 0.547538 0.718102
vt 0.788366 0.796438
vt 0.548148 0.712474
vt 0.023187 0.826956
vt 0.710609 0.809787
vt 0.238098 0.374715
vt 0.714890 0.805614
vt 0.719767 0.798437
vt 0.233483 0.378289
vt 0.165326 0.843379
vt 0.167441 0.844870
vt 0.163527 0.830122
vt 0.163901 0.835865
vt 0.129473 0.358178
vt 0.551307 0.668494
vt 0.098254 0.311908
vt 0.099248 0.300469
vt 0.239832 0.191135
vt 0.218088 0.182665
vt 0.808113 0.825169
vt 0.223462 0.416641
vt 0.399127 0.011088
vt 0.409770 0.005778
vt 0.406392 0.002580
vt 0.256216 0.831540
vt 0.253204 0.835739
vt 0.252343 0.831540
vt 0.549245 0.708782
vt 0.019504 0.818518
vt 0.009149 0.811185
vt 0.007716 0.812464
vt 0.115840 0.839789
vt 0.119191 0.837767
vt 0.167272 0.843946
vt 0.246765 0.369385
vt 0.128431 0.359256
vt 0.130109 0.360046
vt 0.126262 0.819847
vt 0.125500 0.824765
vt 0.259319 0.706184
vt 0.260206 0.710197
vt 0.259319 0.714936
vt 0.121055 0.354475
vt 0.107987 0.333969
vt 0.552817 0.639998
vt 0.095028 0.284631
vt 0.114680 0.220596
vt 0.557166 0.550247
vt 0.180022 0.179591
vt 0.310866 0.110783
vt 0.304763 0.110230
vt 0.308684 0.100505
vt 0.302164 0.107776
vt 0.302302 0.103938
vt 0.412535 0.018129
vt 0.546907 0.726771
vt 0.548039 0.721727
vt 0.789549 0.837184
vt 0.782543 0.838350
vt 0.783705 0.833301
vt 0.784626 0.803434
vt 0.572879 0.834410
vt 0.568854 0.835932
vt 0.568854 0.830654
vt 0.159721 0.385595
vt 0.157761 0.381120
vt 0.782543 0.826885
vt 0.787990 0.827166
vt 0.766571 0.757159
vt 0.773823 0.756817
vt 0.776558 0.761969
vt 0.148493 0.376841
vt 0.137865 0.368345
vt 0.156019 0.815221
vt 0.152581 0.816525
vt 0.124557 0.357473
vt 0.252562 0.367255
vt 0.251777 0.366140
vt 0.562702 0.611057
vt 0.102485 0.252472
vt 0.333843 0.085120
vt 0.326611 0.088466
vt 0.353375 0.067034
vt 0.240614 0.417794
vt 0.383619 0.026755
vt 0.391530 0.026815
vt 0.394945 0.021908
vt 0.546847 0.730006
vt 0.788855 0.831773
vt 0.023418 0.819979
vt 0.227773 0.381604
vt 0.709548 0.813994
vt 0.840738 0.648827
vt 0.840738 0.668518
vt 0.834313 0.665336
vt 0.229188 0.379266
vt 0.223725 0.382987
vt 0.141293 0.372520
vt 0.118981 0.355416
vt 0.734588 0.336640
vt 0.734976 0.334890
vt 0.735670 0.336640
vt 0.126494 0.821863
vt 0.125840 0.831573
vt 0.663267 0.840380
vt 0.662562 0.836806
vt 0.663567 0.838584
vt 0.112354 0.355120
vt 0.543833 0.685188
vt 0.549402 0.687108
vt 0.134721 0.198089
vt 0.252011 0.195964
vt 0.339128 0.083831
vt 0.372921 0.038098
vt 0.276686 0.139874
vt 0.272219 0.133868
vt 0.717876 0.835730
vt 0.774780 0.767427
vt 0.770527 0.762474
vt 0.218535 0.384692
vt 0.762249 0.334696
vt 0.757504 0.336361
vt 0.757504 0.328068
vt 0.151882 0.379693
vt 0.154537 0.384272
vt 0.762276 0.330485
vt 0.761198 0.325497
vt 0.555518 0.703481
vt 0.140292 0.372908
vt 0.139830 0.371015
vt 0.271869 0.574787
vt 0.272132 0.571682
vt 0.272132 0.576853
vt 0.124844 0.834576
vt 0.663567 0.836124
vt 0.565113 0.623767
vt 0.564915 0.555836
vt 0.405906 0.017868
vt 0.780333 0.769794
vt 0.233180 0.832260
vt 0.232508 0.839609
vt 0.232508 0.830966
vt 0.836915 0.667753
vt 0.230053 0.379573
vt 0.260081 0.496644
vt 0.260341 0.492620
vt 0.260341 0.501749
vt 0.155241 0.811185
vt 0.163553 0.825854
vt 0.553423 0.687905
vt 0.568225 0.580516
vt 0.293476 0.135902
vt 0.290227 0.140350
vt 0.551751 0.714540
vt 0.553854 0.708107
vt 0.222843 0.384173
vt 0.762305 0.328502
vt 0.143808 0.376026
vt 0.144302 0.374621
vt 0.229041 0.380411
vt 0.554338 0.699609
vt 0.164713 0.820121
vt 0.164620 0.823481
vt 0.544145 0.686171
vt 0.553858 0.516406
vt 0.227829 0.174584
vt 0.360087 0.067109
vt 0.552423 0.722864
vt 0.147999 0.378268
vt 0.234628 0.835054
vt 0.146209 0.377156
vt 0.761976 0.757536
vt 0.763793 0.754557
vt 0.162532 0.811580
vt 0.165740 0.817688
vt 0.107582 0.355374
vt 0.099592 0.328354
vt 0.560934 0.644507
vt 0.319732 0.103368
vt 0.302214 0.129672
vt 0.559835 0.735197
vt 0.780335 0.775964
vt 0.775590 0.772888
vt 0.219862 0.384905
vt 0.121990 0.843920
vt 0.558523 0.678563
vt 0.091440 0.320803
vt 0.091411 0.267867
vt 0.117978 0.205289
vt 0.561830 0.521072
vt 0.156050 0.175507
vt 0.167644 0.168660
vt 0.192021 0.140084
vt 0.327111 0.098605
vt 0.378515 0.047881
vt 0.359415 0.071751
vt 0.555867 0.717492
vt 0.770592 0.769930
vt 0.766856 0.763280
vt 0.755210 0.755895
vt 0.555431 0.695537
vt 0.108888 0.356059
vt 0.126409 0.836513
vt 0.088922 0.305180
vt 0.135398 0.177319
vt 0.241319 0.175404
vt 0.259697 0.545723
vt 0.259037 0.556701
vt 0.272160 0.525532
vt 0.271835 0.521945
vt 0.272160 0.517959
vt 0.404411 0.034166
vt 0.127412 0.840988
vt 0.126195 0.837468
vt 0.076143 0.276925
vt 0.569446 0.599069
vt 0.094086 0.244832
vt 0.571839 0.536811
vt 0.335110 0.094557
vt 0.368190 0.063169
vt 0.310795 0.114751
vt 0.560721 0.726148
vt 0.556108 0.690545
vt 0.557154 0.691622
vt 0.553864 0.689586
vt 0.106403 0.356633
vt 0.550881 0.688498
vt 0.096509 0.348114
vt 0.562776 0.663623
vt 0.097845 0.223802
vt 0.346426 0.084568
vt 0.355472 0.083616
vt 0.300349 0.124715
vt 0.774443 0.787763
vt 0.762841 0.764369
vt 0.559576 0.701744
vt 0.167441 0.814360
vt 0.574344 0.613958
vt 0.242612 0.574033
vt 0.240375 0.592684
vt 0.239917 0.572206
vt 0.240519 0.555758
vt 0.245550 0.583389
vt 0.246029 0.560179
vt 0.248119 0.571742
vt 0.384692 0.039132
vt 0.387943 0.042592
vt 0.560578 0.709319
vt 0.105101 0.356687
vt 0.091071 0.336100
vt 0.236033 0.571337
vt 0.238057 0.562025
vt 0.237577 0.583936
vt 0.237090 0.594525
vt 0.242339 0.600828
vt 0.251286 0.579904
vt 0.245936 0.599044
vt 0.384535 0.047182
vt 0.322208 0.114039
vt 0.395218 0.041786
vt 0.287791 0.146583
vt 0.756580 0.761146
vt 0.749253 0.760358
vt 0.102946 0.358046
vt 0.077202 0.254780
vt 0.575275 0.565521
vt 0.574489 0.549626
vt 0.563199 0.510149
vt 0.226332 0.146626
vt 0.237760 0.546902
vt 0.251668 0.560075
vt 0.255207 0.593110
vt 0.378388 0.054529
vt 0.412140 0.024179
vt 0.418442 0.017609
vt 0.563207 0.697728
vt 0.838928 0.685217
vt 0.840847 0.680333
vt 0.840847 0.687936
vt 0.270916 0.747053
vt 0.271930 0.746284
vt 0.271930 0.752587
vt 0.101871 0.357670
vt 0.558434 0.691318
vt 0.260617 0.707004
vt 0.260230 0.710618
vt 0.260230 0.704604
vt 0.577110 0.646703
vt 0.580829 0.588366
vt 0.102157 0.208613
vt 0.561234 0.497045
vt 0.861396 0.146825
vt 0.859723 0.160187
vt 0.856425 0.158601
vt 0.855385 0.172101
vt 0.747682 0.823370
vt 0.747682 0.797386
vt 0.749253 0.812908
vt 0.245742 0.540054
vt 0.329020 0.103303
vt 0.356437 0.082655
vt 0.759129 0.766379
vt 0.130479 0.846977
vt 0.128062 0.843555
vt 0.101627 0.359153
vt 0.561707 0.693629
vt 0.588734 0.635249
vt 0.069972 0.291664
vt 0.860930 0.134969
vt 0.234628 0.559707
vt 0.238289 0.609689
vt 0.240240 0.535382
vt 0.251434 0.543865
vt 0.258602 0.569677
vt 0.256783 0.580921
vt 0.300108 0.132061
vt 0.559335 0.693860
vt 0.562076 0.695677
vt 0.575879 0.525323
vt 0.208332 0.141416
vt 0.848542 0.189329
vt 0.848725 0.182602
vt 0.242728 0.613912
vt 0.249903 0.607110
vt 0.338361 0.103297
vt 0.379612 0.063851
vt 0.343088 0.095929
vt 0.349762 0.091987
vt 0.313170 0.132332
vt 0.408201 0.026680
vt 0.751338 0.765508
vt 0.259405 0.841011
vt 0.260639 0.839645
vt 0.259374 0.842008
vt 0.259374 0.838626
vt 0.569407 0.677578
vt 0.085035 0.233215
vt 0.162578 0.136476
vt 0.854123 0.151287
vt 0.235220 0.543101
vt 0.254627 0.605972
vt 0.366110 0.074482
vt 0.318772 0.121340
vt 0.770607 0.785116
vt 0.749793 0.763743
vt 0.561288 0.694504
vt 0.100139 0.359563
vt 0.587328 0.625557
vt 0.846111 0.177241
vt 0.243750 0.527196
vt 0.250236 0.617592
vt 0.395160 0.047159
vt 0.307600 0.132737
vt 0.565762 0.721813
vt 0.762025 0.776495
vt 0.564081 0.697521
vt 0.090031 0.355065
vt 0.076694 0.314413
vt 0.146843 0.134143
vt 0.842788 0.197084
vt 0.841723 0.201714
vt 0.235847 0.527453
vt 0.238939 0.620153
vt 0.249373 0.530380
vt 0.259021 0.543994
vt 0.350348 0.762191
vt 0.348187 0.757123
vt 0.361285 0.754018
vt 0.373532 0.068509
vt 0.329585 0.110674
vt 0.386414 0.057164
vt 0.301812 0.148174
vt 0.761928 0.783122
vt 0.570498 0.716504
vt 0.097729 0.362088
vt 0.099432 0.360336
vt 0.097204 0.362909
vt 0.563879 0.695531
vt 0.842589 0.378659
vt 0.841904 0.379843
vt 0.841904 0.377306
vt 0.272205 0.637640
vt 0.272205 0.640161
vt 0.271835 0.637925
vt 0.563526 0.695211
vt 0.571268 0.694770
vt 0.076595 0.328765
vt 0.099981 0.196641
vt 0.580549 0.469879
vt 0.857326 0.119485
vt 0.862227 0.117596
vt 0.339094 0.764803
vt 0.333776 0.763198
vt 0.372934 0.753219
vt 0.399352 0.752362
vt 0.383815 0.757550
vt 0.363490 0.081051
vt 0.405703 0.039613
vt 0.407351 0.040885
vt 0.772908 0.799410
vt 0.096217 0.362718
vt 0.841655 0.343847
vt 0.842088 0.341449
vt 0.842672 0.343847
vt 0.563179 0.696543
vt 0.565160 0.695586
vt 0.586140 0.580048
vt 0.121189 0.173241
vt 0.238318 0.520797
vt 0.247911 0.629987
vt 0.361300 0.762569
vt 0.413767 0.038876
vt 0.554742 0.737594
vt 0.570463 0.742603
vt 0.749883 0.764888
vt 0.565171 0.698390
vt 0.564764 0.699808
vt 0.096484 0.363720
vt 0.109006 0.175915
vt 0.861333 0.101728
vt 0.858967 0.105124
vt 0.245503 0.515548
vt 0.253347 0.531317
vt 0.424989 0.033232
vt 0.295862 0.151228
vt 0.076742 0.340156
vt 0.068861 0.262644
vt 0.594239 0.602022
vt 0.584426 0.550647
vt 0.583995 0.528797
vt 0.852601 0.134271
vt 0.243458 0.632993
vt 0.255902 0.615367
vt 0.322628 0.770581
vt 0.322753 0.125345
vt 0.362145 0.090425
vt 0.419687 0.035716
vt 0.569739 0.737044
vt 0.569751 0.730546
vt 0.748696 0.327660
vt 0.757504 0.325497
vt 0.756317 0.327378
vt 0.580740 0.663216
vt 0.130463 0.128613
vt 0.829784 0.214204
vt 0.234883 0.508142
vt 0.241769 0.506232
vt 0.252483 0.626405
vt 0.326252 0.773531
vt 0.332291 0.774026
vt 0.343325 0.111193
vt 0.351070 0.098668
vt 0.402436 0.051904
vt 0.767749 0.790485
vt 0.571170 0.725975
vt 0.571872 0.707897
vt 0.757504 0.335102
vt 0.586690 0.510408
vt 0.253975 0.512413
vt 0.257186 0.518470
vt 0.396444 0.053862
vt 0.306395 0.146327
vt 0.087095 0.366136
vt 0.061657 0.285064
vt 0.067066 0.273105
vt 0.597649 0.462523
vt 0.856200 0.083093
vt 0.239093 0.501751
vt 0.384084 0.070892
vt 0.347209 0.109880
vt 0.369438 0.079171
vt 0.426129 0.026636
vt 0.594515 0.590415
vt 0.410441 0.757534
vt 0.398799 0.761953
vt 0.330823 0.121401
vt 0.391085 0.057861
vt 0.752050 0.779288
vt 0.069935 0.239438
vt 0.597939 0.568325
vt 0.074529 0.229204
vt 0.785693 0.450766
vt 0.786591 0.467516
vt 0.784135 0.465112
vt 0.789330 0.462172
vt 0.245433 0.503713
vt 0.425205 0.753464
vt 0.576320 0.720746
vt 0.750836 0.778534
vt 0.090340 0.373631
vt 0.574261 0.708622
vt 0.590858 0.654580
vt 0.080969 0.207424
vt 0.842586 0.090013
vt 0.828895 0.217849
vt 0.381717 0.075501
vt 0.374812 0.094817
vt 0.078875 0.364212
vt 0.589869 0.520583
vt 0.828522 0.202350
vt 0.427672 0.759623
vt 0.393750 0.771288
vt 0.345411 0.114395
vt 0.311639 0.143813
vt 0.409416 0.048311
vt 0.260396 0.543900
vt 0.259697 0.537311
vt 0.260396 0.530322
vt 0.759667 0.785338
vt 0.592815 0.675704
vt 0.582684 0.693793
vt 0.601789 0.618038
vt 0.054296 0.259142
vt 0.202626 0.114309
vt 0.236530 0.501228
vt 0.310827 0.783887
vt 0.401827 0.764094
vt 0.378247 0.081345
vt 0.419069 0.041649
vt 0.407839 0.045686
vt 0.574799 0.732827
vt 0.578617 0.726629
vt 0.233367 0.146080
vt 0.845203 0.070928
vt 0.241722 0.495258
vt 0.793976 0.459848
vt 0.798737 0.458913
vt 0.800421 0.467680
vt 0.350006 0.773853
vt 0.387917 0.072335
vt 0.330119 0.128723
vt 0.323799 0.136847
vt 0.318961 0.141927
vt 0.322625 0.134963
vt 0.409088 0.051079
vt 0.090847 0.404284
vt 0.083844 0.404569
vt 0.087166 0.393661
vt 0.580735 0.712891
vt 0.053587 0.315003
vt 0.054364 0.277562
vt 0.792786 0.470955
vt 0.310134 0.776446
vt 0.302145 0.784658
vt 0.394221 0.763951
vt 0.397075 0.062589
vt 0.298405 0.159639
vt 0.409626 0.054451
vt 0.082471 0.395106
vt 0.080553 0.390261
vt 0.245393 0.492491
vt 0.252121 0.493140
vt 0.346685 0.111581
vt 0.314325 0.149170
vt 0.306392 0.161077
vt 0.404398 0.063327
vt 0.367159 0.102556
vt 0.085743 0.384117
vt 0.754972 0.786026
vt 0.749672 0.783606
vt 0.062248 0.327285
vt 0.606593 0.552386
vt 0.168927 0.121329
vt 0.192243 0.118363
vt 0.238165 0.489742
vt 0.302903 0.787756
vt 0.258774 0.499208
vt 0.343177 0.777281
vt 0.396298 0.763952
vt 0.352740 0.777990
vt 0.334821 0.126777
vt 0.383049 0.075176
vt 0.349260 0.111445
vt 0.423062 0.041710
vt 0.428437 0.039152
vt 0.589607 0.740566
vt 0.598139 0.536051
vt 0.603788 0.518756
vt 0.817744 0.221816
vt 0.783898 0.475742
vt 0.443481 0.760140
vt 0.398853 0.764417
vt 0.347110 0.113199
vt 0.839950 0.428207
vt 0.841780 0.429543
vt 0.840141 0.429582
vt 0.840399 0.426457
vt 0.841967 0.426953
vt 0.398302 0.762745
vt 0.396241 0.762368
vt 0.397070 0.767070
vt 0.833026 0.336641
vt 0.831620 0.334376
vt 0.833026 0.333312
vt 0.254757 0.839333
vt 0.257063 0.835739
vt 0.257063 0.841724
vt 0.259313 0.737656
vt 0.259313 0.732272
vt 0.260567 0.733914
vt 0.259566 0.817329
vt 0.260600 0.819469
vt 0.259566 0.821871
vt 0.386021 0.074664
vt 0.311061 0.156496
vt 0.346410 0.111817
vt 0.384917 0.076926
vt 0.351891 0.111567
vt 0.383733 0.079837
vt 0.450938 0.028215
vt 0.592822 0.745691
vt 0.069248 0.401212
vt 0.582082 0.729744
vt 0.762614 0.791852
vt 0.581693 0.721105
vt 0.086434 0.376055
vt 0.778564 0.236910
vt 0.846902 0.066466
vt 0.848219 0.063820
vt 0.855443 0.076180
vt 0.819180 0.227715
vt 0.841967 0.432409
vt 0.841334 0.431775
vt 0.840738 0.657533
vt 0.840738 0.653340
vt 0.842305 0.655647
vt 0.841893 0.739153
vt 0.842648 0.741098
vt 0.841893 0.741526
vt 0.839757 0.431284
vt 0.397489 0.764955
vt 0.351301 0.776281
vt 0.347181 0.774628
vt 0.799174 0.841033
vt 0.799174 0.838244
vt 0.799676 0.840328
vt 0.527543 0.815888
vt 0.528368 0.812945
vt 0.823840 0.645922
vt 0.824947 0.648563
vt 0.822940 0.647533
vt 0.822539 0.648563
vt 0.840418 0.282466
vt 0.841967 0.280984
vt 0.841967 0.284359
vt 0.394305 0.768859
vt 0.387767 0.074943
vt 0.385558 0.073440
vt 0.391036 0.072941
vt 0.361506 0.107740
vt 0.417754 0.048286
vt 0.370715 0.097372
vt 0.081805 0.375168
vt 0.063046 0.348481
vt 0.047753 0.310537
vt 0.601545 0.644908
vt 0.052462 0.292766
vt 0.606456 0.586456
vt 0.066461 0.207840
vt 0.788099 0.480464
vt 0.240808 0.485889
vt 0.799242 0.479693
vt 0.341560 0.783558
vt 0.842627 0.365019
vt 0.841989 0.366196
vt 0.841989 0.363828
vt 0.394831 0.766234
vt 0.349883 0.777054
vt 0.346348 0.778860
vt 0.346528 0.115536
vt 0.346017 0.117758
vt 0.349454 0.112162
vt 0.547643 0.836759
vt 0.548852 0.838486
vt 0.547099 0.837166
vt 0.262541 0.839270
vt 0.263688 0.841008
vt 0.262541 0.841483
vt 0.396459 0.764921
vt 0.264449 0.840046
vt 0.528368 0.835794
vt 0.527734 0.833708
vt 0.528368 0.832213
vt 0.384632 0.078832
vt 0.383213 0.079606
vt 0.385952 0.077324
vt 0.384386 0.079631
vt 0.412708 0.059760
vt 0.074940 0.390621
vt 0.588397 0.719900
vt 0.749253 0.785654
vt 0.073067 0.194242
vt 0.307123 0.798273
vt 0.400610 0.767026
vt 0.342704 0.780258
vt 0.345954 0.120610
vt 0.347641 0.116476
vt 0.782509 0.778236
vt 0.782509 0.780990
vt 0.781938 0.779388
vt 0.348760 0.116074
vt 0.547099 0.841479
vt 0.227124 0.841272
vt 0.226661 0.839787
vt 0.228532 0.838794
vt 0.228532 0.841634
vt 0.704484 0.336760
vt 0.704484 0.334930
vt 0.705698 0.335706
vt 0.349192 0.775993
vt 0.348707 0.777510
vt 0.841765 0.366428
vt 0.840367 0.364408
vt 0.841989 0.363345
vt 0.348139 0.776240
vt 0.344768 0.778017
vt 0.840367 0.361523
vt 0.350714 0.114301
vt 0.347797 0.114479
vt 0.388239 0.075052
vt 0.387722 0.077599
vt 0.335933 0.139369
vt 0.595105 0.689167
vt 0.058206 0.341161
vt 0.611607 0.633178
vt 0.614182 0.608317
vt 0.215405 0.121091
vt 0.816490 0.227320
vt 0.234764 0.487545
vt 0.245401 0.479316
vt 0.792668 0.479116
vt 0.804154 0.470746
vt 0.305871 0.792617
vt 0.272191 0.610133
vt 0.272191 0.612965
vt 0.271835 0.612382
vt 0.271869 0.567643
vt 0.271869 0.562456
vt 0.272144 0.564640
vt 0.403692 0.767219
vt 0.271835 0.536600
vt 0.272155 0.533170
vt 0.272155 0.539842
vt 0.842714 0.412866
vt 0.841743 0.412721
vt 0.842714 0.410602
vt 0.667215 0.816663
vt 0.668586 0.815905
vt 0.668586 0.818961
vt 0.347255 0.118770
vt 0.236484 0.840875
vt 0.234628 0.841970
vt 0.234628 0.837662
vt 0.399799 0.765338
vt 0.403581 0.766419
vt 0.399045 0.767500
vt 0.842572 0.372311
vt 0.842572 0.374951
vt 0.841898 0.373769
vt 0.398880 0.766126
vt 0.396409 0.768908
vt 0.352110 0.778709
vt 0.346199 0.779209
vt 0.820370 0.838044
vt 0.822071 0.838924
vt 0.820370 0.841945
vt 0.700840 0.841114
vt 0.698909 0.839839
vt 0.700840 0.838154
vt 0.678137 0.841207
vt 0.678137 0.838154
vt 0.680154 0.839780
vt 0.347645 0.119510
vt 0.351725 0.113074
vt 0.842674 0.309482
vt 0.842674 0.311789
vt 0.841822 0.311479
vt 0.842581 0.415436
vt 0.841755 0.414531
vt 0.842581 0.412866
vt 0.384839 0.081601
vt 0.385947 0.080043
vt 0.401311 0.075449
vt 0.384358 0.084946
vt 0.329683 0.145979
vt 0.456324 0.030802
vt 0.379613 0.089740
vt 0.381823 0.087399
vt 0.069219 0.396542
vt 0.083805 0.381137
vt 0.080155 0.376673
vt 0.083728 0.376920
vt 0.587154 0.714547
vt 0.587556 0.712963
vt 0.067199 0.369078
vt 0.607523 0.667336
vt 0.612020 0.568408
vt 0.080088 0.184936
vt 0.785498 0.481428
vt 0.248191 0.483683
vt 0.405261 0.769632
vt 0.435173 0.040530
vt 0.401930 0.768964
vt 0.401222 0.769482
vt 0.272212 0.571682
vt 0.271869 0.568596
vt 0.272212 0.567643
vt 0.348662 0.780326
vt 0.426390 0.049027
vt 0.320935 0.151895
vt 0.351194 0.115967
vt 0.352624 0.113559
vt 0.668605 0.804619
vt 0.667232 0.807478
vt 0.667232 0.802641
vt 0.831545 0.334693
vt 0.831620 0.336425
vt 0.829661 0.336546
vt 0.830154 0.334069
vt 0.676726 0.334924
vt 0.678222 0.334702
vt 0.678222 0.336722
vt 0.355633 0.780932
vt 0.353501 0.780299
vt 0.842603 0.422526
vt 0.841542 0.423671
vt 0.841542 0.420866
vt 0.351568 0.777645
vt 0.351048 0.779111
vt 0.709135 0.841091
vt 0.707856 0.839149
vt 0.709493 0.838065
vt 0.347881 0.778903
vt 0.351236 0.776804
vt 0.707856 0.836225
vt 0.389314 0.077975
vt 0.388061 0.079576
vt 0.390505 0.076197
vt 0.393308 0.073682
vt 0.351937 0.115495
vt 0.350048 0.115109
vt 0.352806 0.114036
vt 0.353944 0.112097
vt 0.260673 0.718665
vt 0.262475 0.720364
vt 0.263160 0.742109
vt 0.260673 0.757440
vt 0.384177 0.081816
vt 0.387311 0.078150
vt 0.388431 0.079698
vt 0.383596 0.085370
vt 0.337326 0.133312
vt 0.410752 0.061269
vt 0.071320 0.389262
vt 0.075866 0.384134
vt 0.739381 0.770395
vt 0.733890 0.771690
vt 0.735901 0.764060
vt 0.048653 0.372048
vt 0.049948 0.380517
vt 0.041869 0.376144
vt 0.054025 0.374298
vt 0.728386 0.770461
vt 0.042410 0.369655
vt 0.051251 0.370367
vt 0.728591 0.764836
vt 0.727876 0.758856
vt 0.043790 0.285085
vt 0.345090 0.781996
vt 0.541165 0.838372
vt 0.538863 0.841154
vt 0.538863 0.836154
vt 0.524717 0.781988
vt 0.524717 0.784713
vt 0.524202 0.782710
vt 0.568854 0.839370
vt 0.571178 0.837054
vt 0.571164 0.841692
vt 0.399525 0.769245
vt 0.399120 0.767556
vt 0.831620 0.333312
vt 0.398374 0.768080
vt 0.396832 0.770714
vt 0.352571 0.780385
vt 0.348546 0.780758
vt 0.344512 0.780531
vt 0.545340 0.841926
vt 0.543710 0.839957
vt 0.545357 0.838772
vt 0.543710 0.837871
vt 0.392742 0.075727
vt 0.352669 0.778234
vt 0.386556 0.081580
vt 0.593157 0.739901
vt 0.588221 0.730238
vt 0.738256 0.795637
vt 0.727453 0.795259
vt 0.732705 0.794377
vt 0.743996 0.771262
vt 0.743323 0.765293
vt 0.040248 0.379732
vt 0.042228 0.383614
vt 0.738669 0.761978
vt 0.734877 0.758807
vt 0.037353 0.370132
vt 0.730669 0.780210
vt 0.057240 0.366047
vt 0.719459 0.770030
vt 0.041310 0.363883
vt 0.046869 0.363426
vt 0.053149 0.360083
vt 0.721207 0.763061
vt 0.598746 0.678087
vt 0.607701 0.483330
vt 0.228941 0.124939
vt 0.798203 0.486688
vt 0.736442 0.836406
vt 0.736961 0.838585
vt 0.736442 0.839558
vt 0.609797 0.334723
vt 0.611808 0.334723
vt 0.610128 0.336761
vt 0.398652 0.771034
vt 0.524207 0.777993
vt 0.524666 0.776972
vt 0.524666 0.780047
vt 0.397765 0.771355
vt 0.781938 0.771760
vt 0.782512 0.769654
vt 0.782512 0.772585
vt 0.349198 0.782387
vt 0.637854 0.335333
vt 0.639507 0.334702
vt 0.639507 0.336748
vt 0.340879 0.781529
vt 0.738773 0.838273
vt 0.738486 0.840430
vt 0.349620 0.120268
vt 0.350712 0.118429
vt 0.352207 0.116213
vt 0.835757 0.648357
vt 0.833502 0.646557
vt 0.835757 0.645922
vt 0.833913 0.648072
vt 0.814387 0.336038
vt 0.814157 0.336674
vt 0.811945 0.336564
vt 0.841723 0.724447
vt 0.841723 0.721725
vt 0.842561 0.723999
vt 0.353976 0.116025
vt 0.710701 0.336606
vt 0.709477 0.336606
vt 0.710208 0.335046
vt 0.394178 0.772669
vt 0.391555 0.773284
vt 0.354587 0.781036
vt 0.721251 0.842620
vt 0.721251 0.840494
vt 0.722116 0.842037
vt 0.842636 0.842406
vt 0.841828 0.841972
vt 0.842636 0.840168
vt 0.770761 0.333110
vt 0.770104 0.334965
vt 0.768026 0.336419
vt 0.768870 0.333210
vt 0.841599 0.275709
vt 0.839800 0.275915
vt 0.839800 0.273141
vt 0.841262 0.673724
vt 0.842300 0.671530
vt 0.842300 0.674986
vt 0.841655 0.339096
vt 0.841655 0.336719
vt 0.842670 0.337971
vt 0.391569 0.077545
vt 0.390045 0.080079
vt 0.394746 0.076525
vt 0.271703 0.653602
vt 0.272165 0.662306
vt 0.271703 0.664657
vt 0.301697 0.187593
vt 0.355689 0.113230
vt 0.358498 0.780639
vt 0.368559 0.776953
vt 0.385723 0.083401
vt 0.272208 0.826204
vt 0.272208 0.829666
vt 0.271806 0.827405
vt 0.387640 0.081537
vt 0.768026 0.333424
vt 0.357599 0.110973
vt 0.264104 0.721972
vt 0.417689 0.057679
vt 0.265183 0.725482
vt 0.267173 0.745797
vt 0.331211 0.138824
vt 0.269962 0.731761
vt 0.270916 0.735406
vt 0.270161 0.738060
vt 0.369862 0.099661
vt 0.372563 0.097875
vt 0.070276 0.385371
vt 0.057803 0.380261
vt 0.798835 0.280562
vt 0.799598 0.275930
vt 0.803381 0.278746
vt 0.065880 0.369328
vt 0.732452 0.754557
vt 0.075364 0.374828
vt 0.594021 0.713022
vt 0.722679 0.759286
vt 0.597117 0.708378
vt 0.599511 0.700313
vt 0.045898 0.338103
vt 0.056538 0.225330
vt 0.240842 0.475917
vt 0.788041 0.487760
vt 0.253837 0.485488
vt 0.315598 0.163976
vt 0.402921 0.771912
vt 0.405695 0.771681
vt 0.271703 0.680431
vt 0.271703 0.678847
vt 0.272206 0.679245
vt 0.401702 0.771497
vt 0.345645 0.783866
vt 0.348710 0.121865
vt 0.842701 0.345898
vt 0.841929 0.346035
vt 0.841929 0.343847
vt 0.627194 0.336658
vt 0.625289 0.334700
vt 0.627207 0.334700
vt 0.351961 0.119412
vt 0.787882 0.334286
vt 0.789552 0.336604
vt 0.787211 0.336604
vt 0.841599 0.275762
vt 0.841599 0.273141
vt 0.842601 0.273297
vt 0.841677 0.709530
vt 0.841677 0.706785
vt 0.842540 0.709341
vt 0.811945 0.333416
vt 0.399030 0.771778
vt 0.397070 0.772753
vt 0.351309 0.782958
vt 0.351556 0.780900
vt 0.349047 0.782765
vt 0.349515 0.781045
vt 0.347509 0.781296
vt 0.240825 0.836551
vt 0.242488 0.837578
vt 0.240825 0.839738
vt 0.345079 0.782139
vt 0.242959 0.840458
vt 0.393112 0.077266
vt 0.397999 0.077266
vt 0.351408 0.116685
vt 0.352731 0.117717
vt 0.354343 0.116458
vt 0.842436 0.333679
vt 0.841483 0.332294
vt 0.842436 0.330319
vt 0.355541 0.116196
vt 0.707856 0.841636
vt 0.706157 0.840200
vt 0.707856 0.839048
vt 0.841266 0.265865
vt 0.839821 0.263022
vt 0.841561 0.263022
vt 0.706200 0.839151
vt 0.714469 0.839694
vt 0.713495 0.837987
vt 0.714312 0.837114
vt 0.355826 0.781824
vt 0.638018 0.841111
vt 0.638478 0.839686
vt 0.640169 0.841090
vt 0.385479 0.084944
vt 0.388881 0.083227
vt 0.640169 0.838921
vt 0.389225 0.082002
vt 0.389544 0.079132
vt 0.651524 0.841507
vt 0.651524 0.838921
vt 0.652786 0.839104
vt 0.259176 0.571458
vt 0.259072 0.573709
vt 0.259072 0.569996
vt 0.358754 0.112891
vt 0.356838 0.113784
vt 0.712953 0.836406
vt 0.667190 0.336580
vt 0.665745 0.336741
vt 0.665745 0.334802
vt 0.265289 0.750856
vt 0.263696 0.751192
vt 0.383049 0.088020
vt 0.385497 0.086414
vt 0.265315 0.753819
vt 0.841627 0.423671
vt 0.841627 0.426454
vt 0.840087 0.426225
vt 0.646451 0.334696
vt 0.646451 0.336594
vt 0.644739 0.335617
vt 0.814036 0.842698
vt 0.814036 0.840527
vt 0.814858 0.841965
vt 0.385912 0.085519
vt 0.388089 0.082626
vt 0.357841 0.113104
vt 0.359948 0.111213
vt 0.264976 0.721233
vt 0.266411 0.724995
vt 0.689960 0.838154
vt 0.691520 0.840861
vt 0.689999 0.839945
vt 0.265641 0.723617
vt 0.266116 0.747497
vt 0.842359 0.677174
vt 0.841189 0.677174
vt 0.841227 0.675110
vt 0.661014 0.334731
vt 0.661014 0.336741
vt 0.659536 0.335360
vt 0.383541 0.088521
vt 0.840102 0.424168
vt 0.631011 0.336659
vt 0.629136 0.335055
vt 0.631011 0.334720
vt 0.689960 0.841942
vt 0.841620 0.265905
vt 0.842640 0.267246
vt 0.841620 0.268103
vt 0.267677 0.748248
vt 0.380675 0.090996
vt 0.382518 0.088619
vt 0.383391 0.087744
vt 0.363726 0.107197
vt 0.267497 0.728930
vt 0.266567 0.726291
vt 0.095218 0.411108
vt 0.065662 0.406344
vt 0.270372 0.741716
vt 0.379225 0.092230
vt 0.741087 0.792924
vt 0.747348 0.797386
vt 0.050181 0.391726
vt 0.551160 0.834880
vt 0.554785 0.830654
vt 0.554785 0.837306
vt 0.728324 0.789563
vt 0.734833 0.790957
vt 0.073149 0.380967
vt 0.799948 0.286057
vt 0.805346 0.283345
vt 0.035927 0.374652
vt 0.803556 0.272227
vt 0.724092 0.778872
vt 0.045503 0.359510
vt 0.104096 0.147727
vt 0.604049 0.472068
vt 0.785398 0.494421
vt 0.309678 0.172753
vt 0.422362 0.054349
vt 0.330957 0.152614
vt 0.342978 0.785640
vt 0.842391 0.642469
vt 0.841143 0.643862
vt 0.841143 0.641790
vt 0.776376 0.840928
vt 0.777480 0.839482
vt 0.777480 0.842528
vt 0.559987 0.838884
vt 0.558466 0.841493
vt 0.557981 0.838884
vt 0.579150 0.840059
vt 0.580097 0.839839
vt 0.580097 0.842512
vt 0.788537 0.332845
vt 0.839138 0.367868
vt 0.839142 0.371380
vt 0.837842 0.369688
vt 0.348645 0.784241
vt 0.345554 0.784672
vt 0.842573 0.298647
vt 0.841798 0.298252
vt 0.842573 0.296059
vt 0.668605 0.808797
vt 0.667260 0.811203
vt 0.667260 0.807478
vt 0.662562 0.842035
vt 0.661121 0.842035
vt 0.661887 0.838921
vt 0.236485 0.838580
vt 0.237380 0.837662
vt 0.237380 0.841503
vt 0.342270 0.783303
vt 0.842686 0.341449
vt 0.841655 0.339344
vt 0.842686 0.339096
vt 0.347140 0.131049
vt 0.347682 0.124798
vt 0.841537 0.640868
vt 0.353135 0.119308
vt 0.840004 0.367591
vt 0.840336 0.368924
vt 0.353739 0.119266
vt 0.840367 0.370676
vt 0.684810 0.334958
vt 0.686264 0.335465
vt 0.684810 0.336744
vt 0.714261 0.840731
vt 0.712572 0.840731
vt 0.842633 0.259571
vt 0.842633 0.262110
vt 0.841598 0.261484
vt 0.246435 0.840838
vt 0.248497 0.839110
vt 0.248497 0.841242
vt 0.533276 0.842453
vt 0.532130 0.841812
vt 0.533276 0.840367
vt 0.260567 0.727995
vt 0.259338 0.729090
vt 0.259319 0.726746
vt 0.260280 0.730046
vt 0.393847 0.078411
vt 0.392132 0.080922
vt 0.394061 0.075811
vt 0.653288 0.840510
vt 0.712025 0.839156
vt 0.739212 0.336757
vt 0.737990 0.335404
vt 0.739212 0.334890
vt 0.264103 0.719990
vt 0.829377 0.645922
vt 0.830242 0.647462
vt 0.829377 0.648717
vt 0.831489 0.648701
vt 0.246502 0.839337
vt 0.388004 0.084493
vt 0.359690 0.112469
vt 0.659782 0.336614
vt 0.830913 0.646402
vt 0.629275 0.336475
vt 0.267133 0.750348
vt 0.266513 0.751495
vt 0.060062 0.389002
vt 0.746511 0.764137
vt 0.749253 0.771522
vt 0.064374 0.383784
vt 0.741760 0.782643
vt 0.036028 0.383959
vt 0.054464 0.385602
vt 0.803733 0.288679
vt 0.030713 0.378821
vt 0.064474 0.375222
vt 0.589548 0.714485
vt 0.592934 0.713993
vt 0.769226 0.328268
vt 0.762305 0.332965
vt 0.768252 0.327870
vt 0.802685 0.264218
vt 0.807515 0.263558
vt 0.798835 0.269346
vt 0.723494 0.755861
vt 0.718319 0.765213
vt 0.061421 0.361858
vt 0.614552 0.541238
vt 0.620287 0.509141
vt 0.236488 0.475764
vt 0.445454 0.768387
vt 0.450093 0.036692
vt 0.838985 0.364644
vt 0.837688 0.365854
vt 0.344978 0.786228
vt 0.351126 0.122679
vt 0.352065 0.122081
vt 0.259319 0.732272
vt 0.395054 0.079671
vt 0.839440 0.840168
vt 0.840590 0.841308
vt 0.839440 0.842479
vt 0.395446 0.078862
vt 0.039491 0.388505
vt 0.720903 0.791654
vt 0.720864 0.797386
vt 0.721384 0.793498
vt 0.031574 0.373314
vt 0.259308 0.765052
vt 0.260131 0.762960
vt 0.260131 0.770438
vt 0.032919 0.364060
vt 0.718714 0.781984
vt 0.068629 0.371493
vt 0.039437 0.357904
vt 0.057932 0.359418
vt 0.712391 0.773587
vt 0.717928 0.761043
vt 0.050812 0.356112
vt 0.054700 0.355224
vt 0.600121 0.698384
vt 0.044974 0.323662
vt 0.045543 0.238742
vt 0.594110 0.450190
vt 0.838431 0.054943
vt 0.259037 0.418954
vt 0.260399 0.426605
vt 0.259037 0.441179
vt 0.257097 0.483825
vt 0.320883 0.159954
vt 0.447236 0.779690
vt 0.407052 0.773205
vt 0.838723 0.361523
vt 0.342430 0.787589
vt 0.350519 0.124836
vt 0.841046 0.677375
vt 0.838928 0.679629
vt 0.838928 0.675444
vt 0.841189 0.680333
vt 0.840367 0.363714
vt 0.818973 0.333283
vt 0.818973 0.336177
vt 0.816606 0.336340
vt 0.816836 0.333986
vt 0.551417 0.839272
vt 0.553249 0.840416
vt 0.551160 0.841154
vt 0.553249 0.837306
vt 0.696940 0.841113
vt 0.696940 0.838154
vt 0.698909 0.840039
vt 0.349155 0.124840
vt 0.350534 0.121744
vt 0.351724 0.123266
vt 0.737473 0.842723
vt 0.736442 0.841861
vt 0.737473 0.840430
vt 0.736817 0.334890
vt 0.736817 0.336765
vt 0.735669 0.335122
vt 0.680550 0.838272
vt 0.682189 0.838154
vt 0.682189 0.840518
vt 0.680154 0.841161
vt 0.055427 0.395980
vt 0.749073 0.786959
vt 0.811475 0.277696
vt 0.719027 0.785430
vt 0.072404 0.373676
vt 0.712971 0.774647
vt 0.058526 0.356928
vt 0.712934 0.763352
vt 0.055937 0.353777
vt 0.038284 0.298920
vt 0.615296 0.618060
vt 0.802567 0.238259
vt 0.250072 0.475770
vt 0.290909 0.795918
vt 0.291579 0.807788
vt 0.271835 0.599421
vt 0.270815 0.600533
vt 0.270896 0.596674
vt 0.703160 0.798390
vt 0.703194 0.800003
vt 0.702104 0.801092
vt 0.350610 0.125664
vt 0.653284 0.336639
vt 0.653078 0.334734
vt 0.654719 0.334734
vt 0.350790 0.126191
vt 0.269787 0.597404
vt 0.704386 0.799445
vt 0.705061 0.802055
vt 0.701839 0.336603
vt 0.700779 0.335959
vt 0.701839 0.334930
vt 0.736442 0.840645
vt 0.735265 0.842406
vt 0.735265 0.840439
vt 0.700493 0.334940
vt 0.397210 0.079085
vt 0.396395 0.078417
vt 0.345438 0.137007
vt 0.345530 0.138533
vt 0.413680 0.067905
vt 0.472550 0.005596
vt 0.475182 0.000347
vt 0.480425 0.003011
vt 0.029984 0.384293
vt 0.807871 0.289730
vt 0.762305 0.325497
vt 0.043543 0.354949
vt 0.057992 0.358250
vt 0.600061 0.700376
vt 0.716531 0.757485
vt 0.191145 0.089657
vt 0.802956 0.490087
vt 0.286987 0.806030
vt 0.303300 0.809029
vt 0.270043 0.604457
vt 0.269139 0.601632
vt 0.268973 0.599999
vt 0.704542 0.798982
vt 0.704644 0.801196
vt 0.349564 0.127927
vt 0.350702 0.127434
vt 0.399231 0.078675
vt 0.396659 0.080064
vt 0.400724 0.077363
vt 0.406588 0.075233
vt 0.403572 0.076032
vt 0.039287 0.392628
vt 0.030797 0.388958
vt 0.480055 0.000000
vt 0.812672 0.285772
vt 0.718260 0.784399
vt 0.065090 0.368263
vt 0.809007 0.270268
vt 0.553300 0.839563
vt 0.554346 0.839507
vt 0.554785 0.842185
vt 0.058758 0.359187
vt 0.272197 0.621047
vt 0.271858 0.619636
vt 0.272197 0.618280
vt 0.600588 0.699522
vt 0.601895 0.697769
vt 0.605086 0.695391
vt 0.173454 0.811811
vt 0.169181 0.815206
vt 0.167901 0.811185
vt 0.709548 0.768029
vt 0.078609 0.811185
vt 0.082541 0.813303
vt 0.075634 0.816143
vt 0.782543 0.493311
vt 0.789723 0.499251
vt 0.440555 0.045769
vt 0.270236 0.619147
vt 0.703276 0.808195
vt 0.704614 0.803197
vt 0.260673 0.834109
vt 0.259374 0.833051
vt 0.260673 0.830551
vt 0.266827 0.606155
vt 0.268272 0.602450
vt 0.526556 0.841125
vt 0.524526 0.841125
vt 0.525821 0.838935
vt 0.705896 0.802904
vt 0.651526 0.336729
vt 0.651526 0.334734
vt 0.652624 0.336753
vt 0.705653 0.804914
vt 0.347661 0.128671
vt 0.350206 0.128921
vt 0.653078 0.335739
vt 0.401920 0.077367
vt 0.342759 0.142529
vt 0.409452 0.074092
vt 0.597361 0.744716
vt 0.341364 0.140633
vt 0.808284 0.826885
vt 0.805964 0.835586
vt 0.804113 0.826885
vt 0.479099 0.005641
vt 0.026005 0.375521
vt 0.056107 0.356162
vt 0.179356 0.816598
vt 0.604872 0.694189
vt 0.608175 0.693591
vt 0.038591 0.264201
vt 0.176688 0.095373
vt 0.242638 0.468377
vt 0.794369 0.496634
vt 0.465275 0.773893
vt 0.058550 0.407333
vt 0.268287 0.605862
vt 0.268377 0.603156
vt 0.705563 0.802643
vt 0.706751 0.804144
vt 0.349119 0.131402
vt 0.272212 0.736633
vt 0.272212 0.739578
vt 0.271820 0.738535
vt 0.404015 0.077258
vt 0.401777 0.078060
vt 0.452902 0.024556
vt 0.464219 0.017832
vt 0.457113 0.026245
vt 0.840023 0.318731
vt 0.837954 0.314612
vt 0.840023 0.309482
vt 0.812665 0.291470
vt 0.809761 0.293664
vt 0.815654 0.280369
vt 0.024502 0.369755
vt 0.030387 0.359039
vt 0.068471 0.819013
vt 0.071603 0.813850
vt 0.175873 0.820951
vt 0.183878 0.818002
vt 0.724900 0.334924
vt 0.725509 0.336097
vt 0.724900 0.336464
vt 0.054221 0.354017
vt 0.167441 0.812256
vt 0.616632 0.663215
vt 0.614072 0.527656
vt 0.837829 0.046536
vt 0.843379 0.052878
vt 0.458232 0.764782
vt 0.438012 0.055866
vt 0.435593 0.058189
vt 0.348181 0.133356
vt 0.842682 0.445347
vt 0.841633 0.446432
vt 0.841633 0.443999
vt 0.406387 0.076189
vt 0.047426 0.399037
vt 0.290547 0.196002
vt 0.284283 0.191386
vt 0.290378 0.187708
vt 0.278921 0.200862
vt 0.815479 0.271072
vt 0.811318 0.264567
vt 0.034043 0.354645
vt 0.085440 0.819005
vt 0.169983 0.818880
vt 0.052668 0.351629
vt 0.050999 0.351935
vt 0.088139 0.813620
vt 0.085446 0.817040
vt 0.051843 0.350382
vt 0.626535 0.584022
vt 0.624434 0.554200
vt 0.605929 0.429391
vt 0.239963 0.468178
vt 0.328081 0.166765
vt 0.329948 0.161462
vt 0.307513 0.812277
vt 0.271835 0.640161
vt 0.426968 0.061740
vt 0.265925 0.609989
vt 0.265723 0.607879
vt 0.842380 0.403584
vt 0.841550 0.401818
vt 0.842380 0.400017
vt 0.263329 0.612137
vt 0.409061 0.075326
vt 0.702376 0.842513
vt 0.702376 0.839996
vt 0.703660 0.841415
vt 0.408841 0.074989
vt 0.412699 0.071863
vt 0.470254 0.017094
vt 0.026406 0.383902
vt 0.027025 0.362491
vt 0.813896 0.256080
vt 0.073278 0.825074
vt 0.184314 0.824723
vt 0.032313 0.283790
vt 0.223397 0.102797
vt 0.160795 0.084139
vt 0.256827 0.463999
vt 0.702104 0.830227
vt 0.421343 0.070507
vt 0.341841 0.149016
vt 0.300448 0.179630
vt 0.260639 0.766488
vt 0.260639 0.769447
vt 0.260131 0.767859
vt 0.347696 0.135415
vt 0.621460 0.838726
vt 0.618845 0.838449
vt 0.618394 0.836827
vt 0.411353 0.073747
vt 0.415263 0.071097
vt 0.278233 0.205480
vt 0.487636 0.006337
vt 0.608353 0.693976
vt 0.078970 0.821725
vt 0.047793 0.349360
vt 0.088133 0.813312
vt 0.086585 0.816721
vt 0.046951 0.348355
vt 0.032314 0.316498
vt 0.235845 0.468315
vt 0.316841 0.173447
vt 0.446620 0.050461
vt 0.451404 0.040594
vt 0.327799 0.164659
vt 0.262363 0.615795
vt 0.262300 0.613474
vt 0.260673 0.616749
vt 0.414389 0.072145
vt 0.343959 0.141533
vt 0.817856 0.277530
vt 0.039017 0.252598
vt 0.075577 0.169525
vt 0.614612 0.462011
vt 0.614849 0.423272
vt 0.455421 0.779085
vt 0.450694 0.045186
vt 0.308155 0.187562
vt 0.707856 0.807708
vt 0.418245 0.071276
vt 0.619991 0.830905
vt 0.617297 0.834673
vt 0.618467 0.832692
vt 0.417158 0.071617
vt 0.481641 0.013574
vt 0.273957 0.208376
vt 0.278174 0.212030
vt 0.484690 0.001405
vt 0.025907 0.388418
vt 0.818393 0.287672
vt 0.022080 0.376941
vt 0.019331 0.368177
vt 0.816831 0.266321
vt 0.818787 0.261511
vt 0.171010 0.819580
vt 0.046582 0.349714
vt 0.029739 0.298911
vt 0.628281 0.626642
vt 0.622834 0.608934
vt 0.629206 0.561851
vt 0.208578 0.093749
vt 0.785338 0.504493
vt 0.251076 0.467291
vt 0.799992 0.506892
vt 0.331852 0.162729
vt 0.339730 0.156582
vt 0.443425 0.781692
vt 0.426518 0.776786
vt 0.266174 0.627664
vt 0.263990 0.624678
vt 0.623894 0.826756
vt 0.625490 0.841699
vt 0.343360 0.148060
vt 0.262742 0.623188
vt 0.262910 0.619571
vt 0.344424 0.144590
vt 0.419578 0.071479
vt 0.020840 0.380493
vt 0.022777 0.362938
vt 0.028246 0.355928
vt 0.622968 0.649318
vt 0.634389 0.601979
vt 0.475830 0.777476
vt 0.451622 0.776592
vt 0.447391 0.776798
vt 0.524717 0.752362
vt 0.528286 0.771137
vt 0.267375 0.629745
vt 0.625490 0.826673
vt 0.424990 0.069790
vt 0.292478 0.197890
vt 0.622362 0.830094
vt 0.420913 0.071108
vt 0.473814 0.022508
vt 0.260745 0.618114
vt 0.281470 0.210093
vt 0.483686 0.008932
vt 0.274880 0.213994
vt 0.817740 0.295478
vt 0.186393 0.830197
vt 0.183275 0.830544
vt 0.171966 0.825326
vt 0.041532 0.347881
vt 0.084849 0.821763
vt 0.619704 0.680446
vt 0.629791 0.540380
vt 0.796192 0.508526
vt 0.314139 0.181520
vt 0.259318 0.641841
vt 0.259937 0.634672
vt 0.260071 0.636794
vt 0.436031 0.060565
vt 0.270290 0.636738
vt 0.431045 0.065809
vt 0.650818 0.336608
vt 0.649822 0.334734
vt 0.650887 0.335054
vt 0.822583 0.282021
vt 0.578845 0.798617
vt 0.576355 0.794629
vt 0.580101 0.794291
vt 0.018366 0.375545
vt 0.823038 0.269871
vt 0.022689 0.357160
vt 0.036325 0.346068
vt 0.035761 0.234706
vt 0.239219 0.453477
vt 0.288553 0.816297
vt 0.290370 0.824656
vt 0.435813 0.059234
vt 0.460829 0.035390
vt 0.343093 0.149473
vt 0.342594 0.150010
vt 0.821626 0.266157
vt 0.185780 0.837350
vt 0.067679 0.830443
vt 0.075532 0.828149
vt 0.177795 0.832705
vt 0.260396 0.550890
vt 0.259870 0.556520
vt 0.259870 0.543900
vt 0.619820 0.691363
vt 0.048487 0.206854
vt 0.117654 0.117447
vt 0.840472 0.716651
vt 0.839587 0.712515
vt 0.840623 0.715800
vt 0.329190 0.164152
vt 0.329380 0.165078
vt 0.303480 0.809724
vt 0.841929 0.349889
vt 0.839915 0.349145
vt 0.841055 0.347521
vt 0.842558 0.686532
vt 0.842039 0.686337
vt 0.842558 0.683939
vt 0.441170 0.056454
vt 0.439007 0.057564
vt 0.331661 0.160705
vt 0.330954 0.165429
vt 0.841647 0.355877
vt 0.840037 0.354089
vt 0.841647 0.352841
vt 0.450240 0.777481
vt 0.450122 0.780026
vt 0.798145 0.838244
vt 0.799168 0.841588
vt 0.797471 0.841588
vt 0.271932 0.621047
vt 0.272197 0.621927
vt 0.271932 0.624349
vt 0.429093 0.068055
vt 0.839824 0.335506
vt 0.837954 0.327278
vt 0.840006 0.334692
vt 0.342093 0.152559
vt 0.340086 0.156108
vt 0.527619 0.828500
vt 0.528368 0.830567
vt 0.527619 0.832213
vt 0.342629 0.151511
vt 0.264457 0.626777
vt 0.263514 0.625332
vt 0.420817 0.071855
vt 0.425666 0.070452
vt 0.821950 0.290249
vt 0.082499 0.829483
vt 0.034593 0.332065
vt 0.627103 0.461013
vt 0.196798 0.067463
vt 0.825293 0.035940
vt 0.245566 0.452201
vt 0.808734 0.500264
vt 0.322766 0.179561
vt 0.841754 0.346202
vt 0.775156 0.842236
vt 0.773946 0.840665
vt 0.775156 0.839482
vt 0.781938 0.767810
vt 0.782512 0.766579
vt 0.451135 0.779290
vt 0.327819 0.166336
vt 0.328946 0.165409
vt 0.780494 0.794869
vt 0.781432 0.790687
vt 0.782425 0.790182
vt 0.841631 0.350027
vt 0.330461 0.166262
vt 0.309371 0.813413
vt 0.312910 0.810830
vt 0.298984 0.200451
vt 0.528368 0.775975
vt 0.259318 0.632558
vt 0.341731 0.154661
vt 0.264638 0.627960
vt 0.265456 0.630103
vt 0.840889 0.619429
vt 0.841754 0.616969
vt 0.842146 0.618358
vt 0.272201 0.615536
vt 0.271835 0.613981
vt 0.272201 0.612965
vt 0.426174 0.070359
vt 0.475099 0.027713
vt 0.798216 0.325958
vt 0.798216 0.336012
vt 0.793844 0.329774
vt 0.573475 0.805234
vt 0.069792 0.833570
vt 0.620587 0.692810
vt 0.613160 0.692099
vt 0.624451 0.692869
vt 0.024163 0.270286
vt 0.056886 0.180256
vt 0.792080 0.246110
vt 0.779553 0.250167
vt 0.806905 0.513241
vt 0.301648 0.812586
vt 0.458064 0.045874
vt 0.841558 0.713498
vt 0.455116 0.778489
vt 0.454210 0.776604
vt 0.455346 0.777324
vt 0.451778 0.778684
vt 0.840041 0.346095
vt 0.443021 0.055846
vt 0.568223 0.841064
vt 0.568847 0.839312
vt 0.568847 0.842167
vt 0.452726 0.778773
vt 0.451340 0.779401
vt 0.305000 0.812169
vt 0.305883 0.808856
vt 0.840738 0.663514
vt 0.840738 0.659367
vt 0.842261 0.662600
vt 0.804113 0.837313
vt 0.806947 0.835586
vt 0.806947 0.840766
vt 0.616652 0.826673
vt 0.616610 0.831417
vt 0.615184 0.831599
vt 0.334199 0.162140
vt 0.332803 0.163351
vt 0.307641 0.813796
vt 0.842144 0.710923
vt 0.842550 0.711363
vt 0.841559 0.713267
vt 0.439165 0.058539
vt 0.268084 0.632129
vt 0.839729 0.336517
vt 0.837954 0.336045
vt 0.266764 0.631071
vt 0.265583 0.632053
vt 0.260131 0.766488
vt 0.260644 0.765349
vt 0.527612 0.824508
vt 0.528368 0.826427
vt 0.527612 0.828500
vt 0.427992 0.069967
vt 0.842146 0.620205
vt 0.487627 0.014294
vt 0.282097 0.217316
vt 0.277103 0.218339
vt 0.840177 0.388432
vt 0.837688 0.393439
vt 0.837688 0.383136
vt 0.532130 0.830654
vt 0.535390 0.835997
vt 0.532130 0.840367
vt 0.259540 0.663376
vt 0.260673 0.658508
vt 0.260673 0.666438
vt 0.826712 0.287211
vt 0.824434 0.277310
vt 0.574973 0.787247
vt 0.567420 0.777826
vt 0.574464 0.781452
vt 0.630072 0.523690
vt 0.635568 0.465773
vt 0.202729 0.044215
vt 0.234628 0.455112
vt 0.252000 0.455142
vt 0.300217 0.814852
vt 0.456462 0.778042
vt 0.780335 0.790190
vt 0.781453 0.789371
vt 0.841821 0.309482
vt 0.840177 0.315219
vt 0.327811 0.167681
vt 0.329825 0.168794
vt 0.327811 0.169009
vt 0.839964 0.324026
vt 0.841504 0.324604
vt 0.841176 0.326733
vt 0.303334 0.811916
vt 0.709502 0.825564
vt 0.707856 0.829342
vt 0.707966 0.824189
vt 0.332877 0.164754
vt 0.331637 0.168133
vt 0.334061 0.164248
vt 0.841723 0.719069
vt 0.842589 0.719965
vt 0.449015 0.778010
vt 0.448538 0.780040
vt 0.447260 0.782111
vt 0.334612 0.162941
vt 0.332582 0.163984
vt 0.579150 0.830654
vt 0.578577 0.832877
vt 0.576210 0.833464
vt 0.437183 0.062766
vt 0.839272 0.697464
vt 0.841239 0.697095
vt 0.839272 0.701527
vt 0.708264 0.335997
vt 0.706874 0.336760
vt 0.706874 0.335208
vt 0.266614 0.632585
vt 0.840177 0.389615
vt 0.840950 0.392599
vt 0.840177 0.393439
vt 0.804370 0.336048
vt 0.801457 0.334597
vt 0.803552 0.334876
vt 0.556607 0.838167
vt 0.557937 0.840080
vt 0.556607 0.841422
vt 0.772839 0.839482
vt 0.773689 0.840585
vt 0.772486 0.841348
vt 0.773689 0.842276
vt 0.841212 0.390019
vt 0.841883 0.390851
vt 0.671470 0.335455
vt 0.669932 0.336741
vt 0.669932 0.334972
vt 0.430387 0.068468
vt 0.429810 0.069703
vt 0.431461 0.067478
vt 0.842587 0.406866
vt 0.842587 0.409471
vt 0.841743 0.408073
vt 0.492141 0.009740
vt 0.281483 0.221832
vt 0.822074 0.259635
vt 0.181357 0.835830
vt 0.140941 0.093112
vt 0.792352 0.115642
vt 0.328925 0.170826
vt 0.841318 0.343946
vt 0.456668 0.052533
vt 0.841558 0.709920
vt 0.457561 0.778666
vt 0.455221 0.780872
vt 0.780347 0.786371
vt 0.781465 0.788101
vt 0.572879 0.835932
vt 0.572879 0.841475
vt 0.571378 0.840714
vt 0.722116 0.842248
vt 0.722640 0.840494
vt 0.722640 0.842567
vt 0.443082 0.057586
vt 0.327741 0.170270
vt 0.330946 0.169479
vt 0.782376 0.786397
vt 0.453637 0.780815
vt 0.453869 0.779606
vt 0.841250 0.323299
vt 0.306947 0.813181
vt 0.446479 0.059293
vt 0.617297 0.836032
vt 0.709449 0.824264
vt 0.333989 0.165644
vt 0.841646 0.637125
vt 0.840238 0.635816
vt 0.841144 0.634376
vt 0.449614 0.782099
vt 0.842550 0.713834
vt 0.804018 0.841221
vt 0.802270 0.839856
vt 0.804113 0.838549
vt 0.436414 0.061061
vt 0.439109 0.061135
vt 0.438277 0.062262
vt 0.464069 0.042567
vt 0.839802 0.634017
vt 0.333704 0.166137
vt 0.334904 0.164027
vt 0.336242 0.163471
vt 0.312604 0.811965
vt 0.309910 0.815374
vt 0.438677 0.060894
vt 0.335775 0.165539
vt 0.522312 0.829235
vt 0.522312 0.837753
vt 0.519756 0.835699
vt 0.519107 0.834090
vt 0.577150 0.834404
vt 0.566299 0.833492
vt 0.565753 0.834551
vt 0.563325 0.830654
vt 0.249628 0.841605
vt 0.248497 0.842680
vt 0.248497 0.840048
vt 0.784813 0.838350
vt 0.786453 0.840243
vt 0.784813 0.841647
vt 0.240825 0.836502
vt 0.242445 0.833895
vt 0.244154 0.836551
vt 0.841570 0.700387
vt 0.840340 0.701748
vt 0.270916 0.752587
vt 0.272136 0.754232
vt 0.270916 0.757224
vt 0.668288 0.837355
vt 0.667229 0.839948
vt 0.665828 0.836124
vt 0.665828 0.839912
vt 0.840796 0.284507
vt 0.840796 0.291066
vt 0.838517 0.286186
vt 0.579150 0.837810
vt 0.579150 0.842102
vt 0.577312 0.840642
vt 0.801523 0.333128
vt 0.802384 0.333502
vt 0.656712 0.841621
vt 0.657305 0.839102
vt 0.658370 0.841621
vt 0.771477 0.332965
vt 0.773804 0.332965
vt 0.771711 0.335863
vt 0.431197 0.069304
vt 0.803471 0.333128
vt 0.568373 0.783501
vt 0.829906 0.268622
vt 0.171562 0.831663
vt 0.170494 0.819665
vt 0.036718 0.346998
vt 0.026986 0.321614
vt 0.023532 0.307789
vt 0.303441 0.814145
vt 0.841263 0.627116
vt 0.841263 0.624434
vt 0.842462 0.626313
vt 0.454973 0.780269
vt 0.840193 0.321312
vt 0.841021 0.322024
vt 0.452261 0.782570
vt 0.306221 0.814235
vt 0.302126 0.816725
vt 0.313371 0.190183
vt 0.709445 0.823041
vt 0.333963 0.167020
vt 0.332824 0.168813
vt 0.451106 0.780276
vt 0.450883 0.781370
vt 0.747645 0.829734
vt 0.749066 0.830605
vt 0.748538 0.832037
vt 0.802270 0.836718
vt 0.305457 0.814830
vt 0.439556 0.062221
vt 0.704130 0.842070
vt 0.703660 0.840752
vt 0.704130 0.839996
vt 0.336096 0.164947
vt 0.634613 0.838921
vt 0.634595 0.840556
vt 0.633146 0.841123
vt 0.447710 0.780430
vt 0.449383 0.782906
vt 0.449511 0.784429
vt 0.708264 0.335328
vt 0.709477 0.335046
vt 0.709477 0.336760
vt 0.438427 0.063087
vt 0.334608 0.164679
vt 0.837567 0.734367
vt 0.834313 0.740307
vt 0.336805 0.166606
vt 0.240825 0.832048
vt 0.253632 0.836970
vt 0.252949 0.840587
vt 0.252343 0.835739
vt 0.811793 0.836874
vt 0.811793 0.841923
vt 0.810304 0.838344
vt 0.564654 0.837088
vt 0.259570 0.771709
vt 0.260440 0.770438
vt 0.259308 0.774482
vt 0.579150 0.836636
vt 0.437091 0.063949
vt 0.437893 0.065276
vt 0.260659 0.724980
vt 0.259319 0.721235
vt 0.260336 0.565163
vt 0.259037 0.562057
vt 0.260336 0.556701
vt 0.754626 0.839482
vt 0.754621 0.841700
vt 0.752817 0.839482
vt 0.654795 0.841280
vt 0.656211 0.839165
vt 0.656712 0.840996
vt 0.741547 0.836406
vt 0.742271 0.839544
vt 0.740563 0.837919
vt 0.742269 0.841752
vt 0.740563 0.841001
vt 0.260440 0.782382
vt 0.260440 0.788926
vt 0.259627 0.787382
vt 0.839915 0.336768
vt 0.841655 0.343323
vt 0.839915 0.343847
vt 0.654795 0.838921
vt 0.658143 0.838921
vt 0.773804 0.336753
vt 0.494500 0.026630
vt 0.573986 0.798333
vt 0.183165 0.840135
vt 0.074767 0.838573
vt 0.077659 0.833314
vt 0.631907 0.675671
vt 0.629456 0.420635
vt 0.766840 0.246303
vt 0.457399 0.779944
vt 0.456069 0.780872
vt 0.305495 0.815377
vt 0.303816 0.817995
vt 0.707856 0.821622
vt 0.709435 0.821838
vt 0.331631 0.170859
vt 0.732705 0.334919
vt 0.732705 0.336722
vt 0.732262 0.336204
vt 0.841504 0.319798
vt 0.453395 0.781810
vt 0.308347 0.814884
vt 0.440910 0.062228
vt 0.842630 0.264335
vt 0.841561 0.265865
vt 0.841561 0.263232
vt 0.444521 0.061166
vt 0.841646 0.631850
vt 0.336009 0.170275
vt 0.634613 0.842218
vt 0.707856 0.829919
vt 0.709158 0.830218
vt 0.709508 0.836225
vt 0.752817 0.839958
vt 0.752408 0.841596
vt 0.751038 0.839482
vt 0.308109 0.814706
vt 0.437166 0.064427
vt 0.438968 0.064362
vt 0.751038 0.841774
vt 0.793401 0.841457
vt 0.794235 0.839191
vt 0.794235 0.842124
vt 0.441127 0.063139
vt 0.442237 0.060865
vt 0.439556 0.060850
vt 0.334977 0.166580
vt 0.259588 0.775692
vt 0.260440 0.781875
vt 0.259588 0.782382
vt 0.563325 0.837177
vt 0.578303 0.837810
vt 0.439301 0.063817
vt 0.839821 0.256080
vt 0.839821 0.264545
vt 0.837996 0.264105
vt 0.753043 0.841307
vt 0.666159 0.841322
vt 0.840554 0.703128
vt 0.842526 0.336682
vt 0.841725 0.336095
vt 0.842526 0.333892
vt 0.648163 0.841091
vt 0.646026 0.841091
vt 0.646420 0.838921
vt 0.303106 0.204783
vt 0.292247 0.214254
vt 0.278659 0.223311
vt 0.827019 0.291000
vt 0.570328 0.792724
vt 0.570392 0.787790
vt 0.827977 0.262078
vt 0.645695 0.630669
vt 0.027407 0.243482
vt 0.171893 0.055618
vt 0.781114 0.782192
vt 0.782425 0.784351
vt 0.330274 0.171411
vt 0.841696 0.383136
vt 0.841696 0.389553
vt 0.840177 0.386554
vt 0.457162 0.781395
vt 0.455905 0.783585
vt 0.260600 0.813480
vt 0.260600 0.817329
vt 0.259597 0.814930
vt 0.259849 0.813731
vt 0.817854 0.841766
vt 0.817981 0.840584
vt 0.818784 0.839116
vt 0.300768 0.816590
vt 0.708966 0.820653
vt 0.333952 0.168361
vt 0.333982 0.169684
vt 0.454305 0.783540
vt 0.452834 0.784441
vt 0.747812 0.826103
vt 0.749253 0.825596
vt 0.841542 0.417960
vt 0.841529 0.419114
vt 0.840087 0.416910
vt 0.840087 0.419300
vt 0.306182 0.816089
vt 0.442261 0.062238
vt 0.840597 0.630317
vt 0.333678 0.170150
vt 0.634524 0.336748
vt 0.633527 0.334690
vt 0.634524 0.335194
vt 0.632969 0.336659
vt 0.521132 0.839794
vt 0.522312 0.841721
vt 0.520956 0.842029
vt 0.440298 0.064337
vt 0.310631 0.202763
vt 0.632810 0.334964
vt 0.254757 0.841483
vt 0.522220 0.839611
vt 0.241881 0.831540
vt 0.259339 0.747667
vt 0.260673 0.746982
vt 0.260673 0.751853
vt 0.260440 0.775692
vt 0.841929 0.304505
vt 0.840353 0.303892
vt 0.841743 0.302776
vt 0.564112 0.838338
vt 0.522312 0.839611
vt 0.838731 0.266013
vt 0.243109 0.831613
vt 0.476750 0.037288
vt 0.293699 0.220812
vt 0.566542 0.795875
vt 0.631996 0.695189
vt 0.032279 0.347611
vt 0.646322 0.568851
vt 0.636093 0.581761
vt 0.045919 0.193788
vt 0.184457 0.054695
vt 0.815114 0.033667
vt 0.778287 0.247509
vt 0.241921 0.449838
vt 0.458752 0.784370
vt 0.299420 0.820554
vt 0.458074 0.782531
vt 0.259369 0.816152
vt 0.839773 0.271388
vt 0.837996 0.273116
vt 0.839800 0.266013
vt 0.332755 0.171520
vt 0.333990 0.171018
vt 0.780436 0.840421
vt 0.779187 0.841366
vt 0.779187 0.839304
vt 0.841501 0.420251
vt 0.304030 0.817126
vt 0.303635 0.815749
vt 0.817144 0.839041
vt 0.524145 0.840423
vt 0.522604 0.839537
vt 0.524318 0.838896
vt 0.332671 0.168468
vt 0.332654 0.170552
vt 0.708825 0.829342
vt 0.441606 0.064316
vt 0.443993 0.060857
vt 0.314644 0.192815
vt 0.709508 0.829452
vt 0.252343 0.841391
vt 0.840353 0.301934
vt 0.692060 0.335637
vt 0.693466 0.335029
vt 0.693466 0.336744
vt 0.831353 0.278847
vt 0.562509 0.780439
vt 0.563696 0.777965
vt 0.827495 0.257287
vt 0.176315 0.837241
vt 0.170863 0.836706
vt 0.021675 0.288332
vt 0.640101 0.619749
vt 0.457031 0.784341
vt 0.456355 0.785073
vt 0.454822 0.784305
vt 0.303192 0.819103
vt 0.615184 0.838289
vt 0.839800 0.275648
vt 0.332539 0.173431
vt 0.528310 0.841454
vt 0.526556 0.841176
vt 0.528014 0.840138
vt 0.780249 0.837857
vt 0.747645 0.823370
vt 0.455351 0.785751
vt 0.841467 0.421468
vt 0.840513 0.423671
vt 0.304582 0.820353
vt 0.522604 0.841920
vt 0.818904 0.837973
vt 0.812670 0.842497
vt 0.811794 0.841186
vt 0.812670 0.840539
vt 0.817144 0.838057
vt 0.445768 0.060933
vt 0.334572 0.173369
vt 0.332450 0.172286
vt 0.334777 0.172294
vt 0.442982 0.064338
vt 0.689113 0.334980
vt 0.690547 0.334980
vt 0.689421 0.336744
vt 0.445178 0.063164
vt 0.443002 0.062810
vt 0.442206 0.064299
vt 0.441116 0.063973
vt 0.499397 0.022721
vt 0.497047 0.008740
vt 0.572139 0.809322
vt 0.567536 0.803293
vt 0.830653 0.288784
vt 0.565064 0.788532
vt 0.175463 0.844313
vt 0.078885 0.838888
vt 0.627156 0.694425
vt 0.083106 0.836131
vt 0.031055 0.219533
vt 0.630291 0.389944
vt 0.789676 0.518792
vt 0.256101 0.453930
vt 0.842434 0.298647
vt 0.842434 0.301762
vt 0.841798 0.300091
vt 0.798216 0.331311
vt 0.798216 0.328572
vt 0.798785 0.329516
vt 0.461310 0.053223
vt 0.526556 0.838935
vt 0.723736 0.840494
vt 0.723736 0.842646
vt 0.722840 0.841085
vt 0.456726 0.783689
vt 0.749133 0.824400
vt 0.841460 0.422701
vt 0.646452 0.334734
vt 0.648191 0.334965
vt 0.647098 0.335445
vt 0.646452 0.336594
vt 0.336120 0.171599
vt 0.825532 0.336620
vt 0.824185 0.336665
vt 0.825307 0.335076
vt 0.241339 0.840458
vt 0.241904 0.842449
vt 0.240825 0.842449
vt 0.453678 0.785628
vt 0.452080 0.785967
vt 0.453224 0.784351
vt 0.566551 0.839312
vt 0.567446 0.837275
vt 0.568261 0.838550
vt 0.306721 0.817573
vt 0.305510 0.818841
vt 0.304864 0.817431
vt 0.444358 0.064394
vt 0.823439 0.335478
vt 0.337073 0.169320
vt 0.335732 0.170667
vt 0.334919 0.169700
vt 0.566299 0.836905
vt 0.442934 0.065452
vt 0.468675 0.044543
vt 0.475159 0.039924
vt 0.169868 0.838302
vt 0.668293 0.811203
vt 0.668293 0.815862
vt 0.667260 0.811709
vt 0.025742 0.334821
vt 0.640144 0.661898
vt 0.635030 0.651071
vt 0.639415 0.484761
vt 0.281275 0.828808
vt 0.323383 0.188201
vt 0.455184 0.787139
vt 0.454166 0.786397
vt 0.836627 0.840797
vt 0.835751 0.842161
vt 0.835751 0.840168
vt 0.837009 0.842318
vt 0.456502 0.786037
vt 0.455053 0.785054
vt 0.574105 0.838455
vt 0.576210 0.836978
vt 0.576210 0.840811
vt 0.535382 0.840367
vt 0.535382 0.842556
vt 0.534441 0.841952
vt 0.833238 0.840168
vt 0.834494 0.840416
vt 0.833238 0.842374
vt 0.446785 0.062847
vt 0.825532 0.333312
vt 0.336894 0.175676
vt 0.683818 0.334636
vt 0.684810 0.335014
vt 0.684578 0.336744
vt 0.683336 0.336744
vt 0.683056 0.335040
vt 0.487161 0.027319
vt 0.832897 0.274106
vt 0.832721 0.265617
vt 0.168507 0.841749
vt 0.019159 0.253191
vt 0.642945 0.545210
vt 0.237725 0.439290
vt 0.797158 0.520146
vt 0.482533 0.793644
vt 0.840370 0.334261
vt 0.840006 0.329560
vt 0.841483 0.334333
vt 0.841483 0.328149
vt 0.842018 0.729551
vt 0.842018 0.734122
vt 0.840448 0.730799
vt 0.839939 0.439919
vt 0.839939 0.433996
vt 0.841751 0.435831
vt 0.262541 0.841531
vt 0.261228 0.841421
vt 0.839939 0.440353
vt 0.840955 0.439919
vt 0.840814 0.442042
vt 0.566299 0.830654
vt 0.449671 0.065899
vt 0.260673 0.840221
vt 0.841632 0.440003
vt 0.298521 0.215110
vt 0.303277 0.209211
vt 0.554612 0.778354
vt 0.787068 0.521141
vt 0.784573 0.517359
vt 0.328090 0.186253
vt 0.456005 0.789929
vt 0.307784 0.818718
vt 0.304275 0.822947
vt 0.225654 0.839066
vt 0.224138 0.838932
vt 0.225196 0.837739
vt 0.568854 0.833015
vt 0.744110 0.841302
vt 0.742271 0.841302
vt 0.743985 0.836942
vt 0.836239 0.276800
vt 0.837846 0.276019
vt 0.835956 0.281169
vt 0.742765 0.836406
vt 0.223746 0.837812
vt 0.473821 0.045379
vt 0.552878 0.813979
vt 0.835956 0.296059
vt 0.039397 0.198942
vt 0.064820 0.157034
vt 0.642883 0.512746
vt 0.802926 0.531420
vt 0.484445 0.785478
vt 0.335735 0.176245
vt 0.838517 0.277688
vt 0.838356 0.282581
vt 0.336642 0.170290
vt 0.337703 0.176961
vt 0.338324 0.171452
vt 0.841632 0.446432
vt 0.485252 0.042959
vt 0.298566 0.219039
vt 0.299550 0.232358
vt 0.835261 0.278611
vt 0.556411 0.783312
vt 0.628048 0.373813
vt 0.245671 0.443784
vt 0.461273 0.062625
vt 0.471876 0.054127
vt 0.338382 0.180321
vt 0.841065 0.327278
vt 0.801961 0.842638
vt 0.800864 0.842130
vt 0.801961 0.840365
vt 0.223746 0.841924
vt 0.840830 0.734400
vt 0.841269 0.296029
vt 0.841269 0.292990
vt 0.842431 0.294223
vt 0.452341 0.067163
vt 0.339272 0.172589
vt 0.840135 0.741587
vt 0.838872 0.740781
vt 0.840135 0.739590
vt 0.535390 0.830654
vt 0.537406 0.837334
vt 0.535390 0.837241
vt 0.537026 0.830831
vt 0.538780 0.835696
vt 0.322092 0.199325
vt 0.572879 0.833604
vt 0.576210 0.830654
vt 0.079629 0.843633
vt 0.084431 0.840822
vt 0.630070 0.695337
vt 0.631819 0.696302
vt 0.168756 0.842009
vt 0.029873 0.348217
vt 0.025394 0.342390
vt 0.013980 0.268093
vt 0.023063 0.236147
vt 0.088903 0.129201
vt 0.190414 0.042378
vt 0.283017 0.840150
vt 0.260336 0.582027
vt 0.259546 0.586238
vt 0.259546 0.574330
vt 0.456208 0.791736
vt 0.453309 0.789558
vt 0.339533 0.176205
vt 0.841263 0.624677
vt 0.841027 0.626386
vt 0.838853 0.624336
vt 0.528368 0.840371
vt 0.530386 0.839183
vt 0.530386 0.841332
vt 0.264330 0.419146
vt 0.263714 0.421003
vt 0.262689 0.419329
vt 0.646026 0.841214
vt 0.643995 0.841214
vt 0.645864 0.839526
vt 0.770843 0.839482
vt 0.770674 0.841548
vt 0.769203 0.839989
vt 0.644441 0.838921
vt 0.337910 0.174570
vt 0.340298 0.174131
vt 0.339749 0.175586
vt 0.265311 0.423269
vt 0.447248 0.066147
vt 0.451300 0.068217
vt 0.446806 0.067827
vt 0.311502 0.215993
vt 0.096607 0.843504
vt 0.092935 0.833763
vt 0.106492 0.837810
vt 0.564283 0.800440
vt 0.776157 0.325958
vt 0.773916 0.330186
vt 0.773358 0.329294
vt 0.636540 0.684291
vt 0.633666 0.697252
vt 0.014253 0.297999
vt 0.657682 0.575408
vt 0.646947 0.559157
vt 0.648027 0.523349
vt 0.838096 0.283920
vt 0.534441 0.842105
vt 0.533276 0.842408
vt 0.838853 0.630158
vt 0.839686 0.626379
vt 0.769203 0.841667
vt 0.822900 0.842302
vt 0.824305 0.840168
vt 0.824305 0.842347
vt 0.841899 0.716651
vt 0.842678 0.719069
vt 0.535808 0.838530
vt 0.840065 0.669993
vt 0.841262 0.668518
vt 0.841262 0.673881
vt 0.475571 0.044091
vt 0.799676 0.836718
vt 0.799676 0.826885
vt 0.804113 0.830179
vt 0.083386 0.842029
vt 0.159397 0.050563
vt 0.747525 0.239737
vt 0.762656 0.252024
vt 0.262937 0.422056
vt 0.263674 0.423999
vt 0.262256 0.422323
vt 0.838928 0.673699
vt 0.339317 0.179464
vt 0.317471 0.201695
vt 0.314871 0.211420
vt 0.300662 0.224945
vt 0.559556 0.794138
vt 0.088994 0.830586
vt 0.088139 0.821855
vt 0.092212 0.822805
vt 0.557395 0.788935
vt 0.092496 0.811751
vt 0.093640 0.817139
vt 0.167441 0.844250
vt 0.772725 0.330849
vt 0.769226 0.325958
vt 0.654495 0.596518
vt 0.654158 0.532222
vt 0.642776 0.417671
vt 0.341337 0.185598
vt 0.826958 0.842284
vt 0.827065 0.840819
vt 0.828308 0.841846
vt 0.841780 0.394593
vt 0.842538 0.393439
vt 0.842538 0.396171
vt 0.664139 0.335563
vt 0.665745 0.334952
vt 0.828308 0.840168
vt 0.451770 0.068416
vt 0.450664 0.067598
vt 0.562789 0.818980
vt 0.557199 0.818291
vt 0.109828 0.845946
vt 0.093291 0.828365
vt 0.549007 0.782551
vt 0.773453 0.332965
vt 0.085213 0.842672
vt 0.003944 0.319684
vt 0.171952 0.034985
vt 0.839166 0.674853
vt 0.828864 0.648578
vt 0.827881 0.647387
vt 0.265012 0.423640
vt 0.264637 0.426249
vt 0.451050 0.069441
vt 0.454382 0.068240
vt 0.453729 0.069977
vt 0.473283 0.048779
vt 0.297559 0.227732
vt 0.502915 0.030310
vt 0.555375 0.810175
vt 0.551837 0.786655
vt 0.654974 0.649423
vt 0.488695 0.795299
vt 0.469684 0.802373
vt 0.337568 0.194640
vt 0.271181 0.797310
vt 0.268510 0.799357
vt 0.269874 0.796301
vt 0.262184 0.429088
vt 0.339906 0.181649
vt 0.341337 0.180457
vt 0.827097 0.645922
vt 0.268081 0.797133
vt 0.326891 0.199021
vt 0.101705 0.827545
vt 0.096162 0.811185
vt 0.085625 0.844740
vt 0.083071 0.846155
vt 0.049541 0.164529
vt 0.108020 0.089716
vt 0.838517 0.291066
vt 0.342367 0.183162
vt 0.341786 0.181786
vt 0.763219 0.842384
vt 0.761925 0.840808
vt 0.763219 0.839482
vt 0.267979 0.798209
vt 0.629250 0.841603
vt 0.629250 0.838921
vt 0.631132 0.839503
vt 0.260201 0.441179
vt 0.260399 0.444531
vt 0.260201 0.450036
vt 0.471318 0.057475
vt 0.546851 0.777603
vt 0.838792 0.295623
vt 0.835956 0.291066
vt 0.839363 0.291066
vt 0.663644 0.660463
vt 0.654309 0.516436
vt 0.133825 0.057923
vt 0.194600 0.033778
vt 0.747946 0.252247
vt 0.235186 0.440520
vt 0.240313 0.437836
vt 0.251381 0.440743
vt 0.481946 0.047654
vt 0.267309 0.428121
vt 0.267135 0.429086
vt 0.342214 0.183551
vt 0.341706 0.181237
vt 0.266907 0.799589
vt 0.268221 0.797750
vt 0.455570 0.070544
vt 0.457141 0.069803
vt 0.639726 0.731221
vt 0.642238 0.738852
vt 0.633173 0.739130
vt 0.552104 0.799436
vt 0.088139 0.848495
vt 0.545248 0.769580
vt 0.528368 0.754557
vt 0.547150 0.760946
vt 0.653480 0.621562
vt 0.024169 0.213817
vt 0.035265 0.183646
vt 0.784641 0.543165
vt 0.782543 0.534371
vt 0.792565 0.537289
vt 0.295192 0.854128
vt 0.327640 0.206838
vt 0.342163 0.187827
vt 0.842333 0.420690
vt 0.841542 0.419283
vt 0.842333 0.416910
vt 0.456520 0.070817
vt 0.459093 0.070649
vt 0.500550 0.045207
vt 0.639713 0.742363
vt 0.539780 0.789825
vt 0.543743 0.783956
vt 0.259202 0.574330
vt 0.259202 0.565163
vt 0.260337 0.572549
vt 0.810880 0.024377
vt 0.798162 0.534524
vt 0.276105 0.853612
vt 0.273132 0.846488
vt 0.489921 0.043699
vt 0.272106 0.794257
vt 0.272106 0.809743
vt 0.334323 0.196892
vt 0.342982 0.191068
vt 0.104467 0.811246
vt 0.259319 0.697374
vt 0.260217 0.702884
vt 0.543844 0.782748
vt 0.542738 0.782603
vt 0.656585 0.694190
vt 0.658931 0.554077
vt 0.663534 0.567995
vt 0.181809 0.028921
vt 0.495971 0.794844
vt 0.318246 0.225396
vt 0.268875 0.431251
vt 0.268076 0.431522
vt 0.469819 0.061506
vt 0.541834 0.795816
vt 0.639281 0.703363
vt 0.639796 0.702001
vt 0.648910 0.469324
vt 0.314244 0.227971
vt 0.467685 0.067540
vt 0.630406 0.744534
vt 0.648158 0.751023
vt 0.270713 0.757440
vt 0.272144 0.769974
vt 0.641898 0.705708
vt 0.539924 0.787652
vt 0.533587 0.773562
vt 0.786780 0.027989
vt 0.249642 0.431889
vt 0.260399 0.450691
vt 0.261272 0.418954
vt 0.322923 0.211476
vt 0.482543 0.057707
vt 0.271869 0.576853
vt 0.272155 0.579330
vt 0.271869 0.581421
vt 0.343074 0.188199
vt 0.269225 0.433403
vt 0.550286 0.809963
vt 0.260195 0.460638
vt 0.260195 0.456657
vt 0.260399 0.459102
vt 0.641153 0.704177
vt 0.013331 0.237877
vt 0.149962 0.038267
vt 0.320234 0.216764
vt 0.491238 0.051745
vt 0.268172 0.810607
vt 0.343258 0.189644
vt 0.271046 0.436093
vt 0.643705 0.734283
vt 0.641312 0.720038
vt 0.645111 0.726864
vt 0.674357 0.682078
vt 0.005777 0.280593
vt 0.010260 0.252111
vt 0.788114 0.547522
vt 0.264377 0.803353
vt 0.313970 0.241827
vt 0.468638 0.068236
vt 0.464096 0.071618
vt 0.465253 0.071319
vt 0.550836 0.822468
vt 0.546132 0.806432
vt 0.667678 0.587651
vt 0.073439 0.134458
vt 0.662299 0.421022
vt 0.637825 0.376740
vt 0.163851 0.021480
vt 0.172668 0.017356
vt 0.244034 0.432230
vt 0.486712 0.807431
vt 0.267141 0.448652
vt 0.304106 0.232278
vt 0.109177 0.823997
vt 0.108273 0.831673
vt 0.106876 0.811507
vt 0.644354 0.707186
vt 0.270417 0.442859
vt 0.343389 0.196491
vt 0.469606 0.072248
vt 0.342856 0.194060
vt 0.262225 0.805831
vt 0.262154 0.811241
vt 0.260673 0.808507
vt 0.466914 0.071499
vt 0.538117 0.791514
vt 0.000964 0.290583
vt 0.024186 0.199066
vt 0.089181 0.113527
vt 0.183883 0.017282
vt 0.498036 0.806074
vt 0.329770 0.211661
vt 0.263336 0.804523
vt 0.263577 0.813526
vt 0.272219 0.438500
vt 0.109828 0.812030
vt 0.000000 0.272142
vt 0.793603 0.017804
vt 0.264799 0.453101
vt 0.341043 0.205524
vt 0.470576 0.073866
vt 0.473301 0.074838
vt 0.345292 0.197712
vt 0.652020 0.736702
vt 0.664913 0.641431
vt 0.663240 0.606742
vt 0.656905 0.458204
vt 0.653272 0.423375
vt 0.640920 0.358152
vt 0.240523 0.428041
vt 0.327575 0.218852
vt 0.499460 0.050722
vt 0.556230 0.823627
vt 0.541282 0.830654
vt 0.650190 0.743068
vt 0.545784 0.818411
vt 0.543154 0.814419
vt 0.539241 0.799752
vt 0.667206 0.626242
vt 0.011076 0.220012
vt 0.645200 0.374189
vt 0.806945 0.538350
vt 0.804025 0.547401
vt 0.324905 0.226845
vt 0.494579 0.057796
vt 0.481772 0.069081
vt 0.346901 0.202144
vt 0.535324 0.795186
vt 0.673324 0.600578
vt 0.195344 0.022020
vt 0.201054 0.027299
vt 0.793566 0.546291
vt 0.501637 0.821950
vt 0.507067 0.041419
vt 0.265467 0.817138
vt 0.346657 0.200485
vt 0.540380 0.807458
vt 0.532416 0.795698
vt 0.647676 0.709236
vt 0.650375 0.710372
vt 0.521780 0.597109
vt 0.528368 0.612092
vt 0.515020 0.618764
vt 0.669099 0.522144
vt 0.790489 0.013341
vt 0.812064 0.022852
vt 0.488495 0.066444
vt 0.322935 0.232853
vt 0.338297 0.213562
vt 0.648549 0.720446
vt 0.676240 0.564873
vt 0.666638 0.487573
vt 0.098759 0.093306
vt 0.657231 0.382223
vt 0.269451 0.445721
vt 0.655445 0.727512
vt 0.651800 0.715914
vt 0.534866 0.802222
vt 0.842412 0.439919
vt 0.841751 0.439038
vt 0.842412 0.436632
vt 0.533851 0.797108
vt 0.665754 0.537859
vt 0.655062 0.372205
vt 0.149442 0.024410
vt 0.788403 0.019555
vt 0.475765 0.076099
vt 0.263430 0.814981
vt 0.268454 0.448493
vt 0.532713 0.797081
vt 0.673716 0.651543
vt 0.521611 0.625997
vt 0.509462 0.628698
vt 0.513323 0.585062
vt 0.520314 0.582657
vt 0.235427 0.425057
vt 0.509307 0.051370
vt 0.267240 0.821417
vt 0.266642 0.818811
vt 0.347584 0.204650
vt 0.531729 0.797427
vt 0.515956 0.636895
vt 0.509779 0.565851
vt 0.131841 0.037999
vt 0.649705 0.353980
vt 0.252461 0.636681
vt 0.250921 0.644520
vt 0.248716 0.632993
vt 0.503081 0.804118
vt 0.484606 0.823665
vt 0.321695 0.243605
vt 0.266283 0.451006
vt 0.477882 0.077372
vt 0.264060 0.817166
vt 0.539564 0.819638
vt 0.657265 0.735164
vt 0.657284 0.720962
vt 0.530790 0.799631
vt 0.272148 0.689374
vt 0.271462 0.694632
vt 0.271462 0.688427
vt 0.658392 0.712877
vt 0.528368 0.800510
vt 0.673303 0.546161
vt 0.485105 0.072467
vt 0.538912 0.809991
vt 0.511123 0.608431
vt 0.119720 0.054636
vt 0.639579 0.353030
vt 0.260673 0.826204
vt 0.271806 0.826204
vt 0.263433 0.839270
vt 0.335604 0.218900
vt 0.348979 0.207415
vt 0.267550 0.450966
vt 0.675037 0.671660
vt 0.680398 0.579679
vt 0.508570 0.543396
vt 0.518519 0.557444
vt 0.027144 0.184602
vt 0.159404 0.007303
vt 0.176995 0.005796
vt 0.754124 0.255277
vt 0.743599 0.254188
vt 0.243199 0.635872
vt 0.838588 0.309482
vt 0.834883 0.303343
vt 0.838588 0.296059
vt 0.332247 0.228948
vt 0.505970 0.057273
vt 0.263996 0.455965
vt 0.261621 0.461364
vt 0.350266 0.210048
vt 0.264677 0.819338
vt 0.348893 0.204944
vt 0.266568 0.454029
vt 0.730654 0.318704
vt 0.727979 0.311556
vt 0.732596 0.309011
vt 0.534095 0.806291
vt 0.543614 0.830654
vt 0.543040 0.835944
vt 0.538780 0.832130
vt 0.538780 0.836154
vt 0.848475 0.468274
vt 0.833945 0.485132
vt 0.833945 0.450766
vt 0.653821 0.356818
vt 0.153412 0.009115
vt 0.651579 0.342812
vt 0.735835 0.249118
vt 0.510765 0.827898
vt 0.272219 0.862434
vt 0.275968 0.874336
vt 0.503314 0.065236
vt 0.268003 0.825534
vt 0.480684 0.077056
vt 0.480777 0.078451
vt 0.739212 0.335935
vt 0.739212 0.325497
vt 0.748696 0.332346
vt 0.536334 0.827781
vt 0.665724 0.738446
vt 0.663039 0.730812
vt 0.528870 0.802097
vt 0.736680 0.295938
vt 0.729750 0.297162
vt 0.723790 0.273699
vt 0.707585 0.256080
vt 0.708633 0.264543
vt 0.528368 0.641757
vt 0.512168 0.665635
vt 0.498731 0.556760
vt 0.505323 0.526819
vt 0.481587 0.503496
vt 0.498130 0.506390
vt 0.169691 0.005166
vt 0.182172 0.004328
vt 0.789118 0.559384
vt 0.240825 0.842622
vt 0.239900 0.841023
vt 0.240825 0.840152
vt 0.665346 0.721529
vt 0.536065 0.812966
vt 0.678593 0.631703
vt 0.500286 0.542951
vt 0.498882 0.529229
vt 0.080998 0.105443
vt 0.664373 0.388634
vt 0.144473 0.014671
vt 0.608629 0.327024
vt 0.617769 0.320005
vt 0.619783 0.326394
vt 0.524526 0.806770
vt 0.524526 0.784713
vt 0.528368 0.790465
vt 0.281882 0.874909
vt 0.265201 0.821413
vt 0.266564 0.453277
vt 0.265055 0.456875
vt 0.728045 0.305866
vt 0.732233 0.303949
vt 0.686645 0.627371
vt 0.752317 0.028144
vt 0.238177 0.418954
vt 0.786502 0.557325
vt 0.797524 0.564559
vt 0.295783 0.864857
vt 0.269183 0.826204
vt 0.350684 0.214915
vt 0.262197 0.460446
vt 0.690547 0.335424
vt 0.692060 0.335107
vt 0.692060 0.336744
vt 0.265940 0.821600
vt 0.702352 0.841268
vt 0.700840 0.841900
vt 0.265125 0.458162
vt 0.670239 0.838154
vt 0.671821 0.841779
vt 0.670903 0.841334
vt 0.693192 0.838154
vt 0.693225 0.841617
vt 0.691520 0.841617
vt 0.725634 0.304297
vt 0.735635 0.297763
vt 0.731351 0.298322
vt 0.136625 0.022575
vt 0.499473 0.829272
vt 0.326946 0.239628
vt 0.347619 0.224405
vt 0.486227 0.079565
vt 0.266112 0.822654
vt 0.734588 0.336718
vt 0.733588 0.336268
vt 0.734588 0.334890
vt 0.670239 0.842289
vt 0.667143 0.746840
vt 0.727022 0.325921
vt 0.726272 0.319324
vt 0.834883 0.336517
vt 0.834883 0.325439
vt 0.837954 0.331736
vt 0.666268 0.713363
vt 0.671870 0.710869
vt 0.711648 0.278413
vt 0.504940 0.661400
vt 0.674418 0.501915
vt 0.665321 0.460730
vt 0.668403 0.432263
vt 0.657694 0.347700
vt 0.482401 0.823101
vt 0.266721 0.823443
vt 0.351103 0.211939
vt 0.265803 0.822962
vt 0.484538 0.080172
vt 0.504709 0.577827
vt 0.120837 0.040728
vt 0.609521 0.299759
vt 0.617630 0.294188
vt 0.610742 0.307303
vt 0.782805 0.553548
vt 0.255399 0.647697
vt 0.509211 0.814580
vt 0.495755 0.075358
vt 0.531765 0.051003
vt 0.264066 0.458829
vt 0.352005 0.212680
vt 0.265140 0.459352
vt 0.674558 0.749752
vt 0.669317 0.698085
vt 0.685989 0.536117
vt 0.677574 0.481294
vt 0.037912 0.159063
vt 0.060445 0.125846
vt 0.617452 0.303186
vt 0.535390 0.839903
vt 0.536550 0.838530
vt 0.536550 0.841651
vt 0.264869 0.462437
vt 0.352122 0.214774
vt 0.720505 0.320154
vt 0.718691 0.313838
vt 0.723253 0.293938
vt 0.685769 0.606130
vt 0.676862 0.521818
vt 0.607738 0.289421
vt 0.615056 0.312899
vt 0.516081 0.062046
vt 0.352829 0.218116
vt 0.800395 0.335482
vt 0.798928 0.334371
vt 0.801457 0.333128
vt 0.732705 0.334890
vt 0.733588 0.335494
vt 0.351273 0.215801
vt 0.669307 0.725560
vt 0.507456 0.674462
vt 0.505418 0.589417
vt 0.681586 0.392657
vt 0.664538 0.355129
vt 0.156707 0.000000
vt 0.623986 0.320997
vt 0.615439 0.286978
vt 0.791022 0.566140
vt 0.503948 0.073964
vt 0.483594 0.825119
vt 0.482326 0.825472
vt 0.801457 0.336438
vt 0.798835 0.335757
vt 0.262760 0.462097
vt 0.491017 0.081411
vt 0.353202 0.216581
vt 0.659536 0.336741
vt 0.658003 0.336741
vt 0.658602 0.334790
vt 0.266273 0.825766
vt 0.263158 0.462242
vt 0.776157 0.336691
vt 0.778482 0.335215
vt 0.778681 0.336691
vt 0.776199 0.335216
vt 0.488970 0.080977
vt 0.353576 0.215807
vt 0.264773 0.462182
vt 0.487989 0.082235
vt 0.484972 0.080757
vt 0.487832 0.079180
vt 0.671627 0.719065
vt 0.720008 0.291809
vt 0.680274 0.692855
vt 0.505641 0.648035
vt 0.694472 0.566873
vt 0.685324 0.552780
vt 0.665708 0.371975
vt 0.621430 0.312836
vt 0.717252 0.243619
vt 0.334907 0.239758
vt 0.352335 0.219586
vt 0.262857 0.464070
vt 0.494868 0.084245
vt 0.636192 0.336748
vt 0.637639 0.334690
vt 0.637854 0.336748
vt 0.264156 0.463895
vt 0.777394 0.334132
vt 0.674292 0.733371
vt 0.718832 0.305289
vt 0.719132 0.300421
vt 0.724462 0.295435
vt 0.146219 0.003052
vt 0.626347 0.334636
vt 0.240899 0.654786
vt 0.237835 0.655266
vt 0.244389 0.643358
vt 0.516732 0.066703
vt 0.330215 0.253841
vt 0.554785 0.838167
vt 0.556607 0.839241
vt 0.554785 0.841300
vt 0.841821 0.314184
vt 0.841821 0.311789
vt 0.842636 0.313136
vt 0.731996 0.336239
vt 0.732262 0.334919
vt 0.732262 0.336761
vt 0.842584 0.736755
vt 0.842045 0.736573
vt 0.842584 0.734400
vt 0.492135 0.083164
vt 0.489766 0.082900
vt 0.490734 0.083281
vt 0.489404 0.083209
vt 0.719943 0.325732
vt 0.315799 0.252504
vt 0.673244 0.744583
vt 0.677221 0.739141
vt 0.712417 0.310078
vt 0.499210 0.689141
vt 0.692854 0.644005
vt 0.489420 0.530806
vt 0.126704 0.023579
vt 0.723215 0.253210
vt 0.342925 0.237123
vt 0.501894 0.081325
vt 0.526190 0.058853
vt 0.797471 0.841368
vt 0.795843 0.838374
vt 0.797471 0.838244
vt 0.795646 0.839276
vt 0.556414 0.838292
vt 0.355290 0.219906
vt 0.353784 0.216420
vt 0.841780 0.359074
vt 0.841780 0.356813
vt 0.842676 0.357421
vt 0.491958 0.082155
vt 0.836024 0.533244
vt 0.846671 0.530818
vt 0.837658 0.541142
vt 0.837229 0.526659
vt 0.706621 0.301581
vt 0.673308 0.711463
vt 0.498420 0.612061
vt 0.679405 0.472475
vt 0.450308 0.426627
vt 0.438046 0.377695
vt 0.462835 0.445708
vt 0.632576 0.326278
vt 0.784947 0.567778
vt 0.247502 0.653908
vt 0.804332 0.577566
vt 0.808028 0.559040
vt 0.485207 0.831272
vt 0.262888 0.466030
vt 0.259606 0.828332
vt 0.266490 0.841209
vt 0.268067 0.839270
vt 0.268067 0.841896
vt 0.264759 0.466263
vt 0.627207 0.336658
vt 0.628013 0.334720
vt 0.629136 0.336658
vt 0.266518 0.839675
vt 0.491594 0.084414
vt 0.712129 0.317686
vt 0.721461 0.294115
vt 0.502371 0.623355
vt 0.696757 0.617358
vt 0.495523 0.575443
vt 0.693771 0.579459
vt 0.676478 0.454341
vt 0.671848 0.382106
vt 0.768636 0.009898
vt 0.729471 0.256080
vt 0.787537 0.570925
vt 0.253970 0.658904
vt 0.334220 0.247115
vt 0.264210 0.467816
vt 0.494108 0.085464
vt 0.492735 0.085293
vt 0.711848 0.323335
vt 0.848005 0.535934
vt 0.701411 0.305358
vt 0.846501 0.524000
vt 0.718601 0.292304
vt 0.833945 0.517937
vt 0.843103 0.519240
vt 0.675343 0.707432
vt 0.493633 0.703920
vt 0.492732 0.699234
vt 0.479968 0.514518
vt 0.129527 0.016085
vt 0.622668 0.294595
vt 0.277068 0.883931
vt 0.357104 0.221981
vt 0.355035 0.221381
vt 0.262533 0.468299
vt 0.820358 0.842142
vt 0.818904 0.840344
vt 0.820358 0.838190
vt 0.718254 0.329609
vt 0.849292 0.531484
vt 0.704855 0.299025
vt 0.674295 0.709027
vt 0.678048 0.706608
vt 0.835864 0.512967
vt 0.497051 0.672295
vt 0.631301 0.319696
vt 0.628713 0.311512
vt 0.511332 0.074671
vt 0.324222 0.262726
vt 0.357849 0.226452
vt 0.262780 0.469002
vt 0.819396 0.837973
vt 0.264816 0.469179
vt 0.841932 0.270979
vt 0.842663 0.270638
vt 0.841620 0.272380
vt 0.678418 0.744700
vt 0.680368 0.726455
vt 0.684483 0.730565
vt 0.703679 0.314396
vt 0.703147 0.294561
vt 0.708227 0.292643
vt 0.678963 0.704481
vt 0.494480 0.650579
vt 0.499159 0.635025
vt 0.693764 0.519814
vt 0.628701 0.304571
vt 0.341549 0.242491
vt 0.350937 0.237159
vt 0.264077 0.470182
vt 0.568223 0.839312
vt 0.568223 0.841463
vt 0.566299 0.839863
vt 0.639507 0.336565
vt 0.641227 0.334701
vt 0.641322 0.336565
vt 0.265141 0.469097
vt 0.842663 0.273141
vt 0.696271 0.303396
vt 0.678521 0.714967
vt 0.684546 0.714631
vt 0.680567 0.721826
vt 0.714132 0.289294
vt 0.687646 0.507847
vt 0.112150 0.035711
vt 0.087091 0.086272
vt 0.670195 0.340673
vt 0.492275 0.841664
vt 0.793841 0.833303
vt 0.793506 0.831815
vt 0.795646 0.826885
vt 0.499627 0.087431
vt 0.792001 0.832325
vt 0.792338 0.829501
vt 0.497408 0.087019
vt 0.494463 0.086048
vt 0.320324 0.264170
vt 0.695877 0.311998
vt 0.688224 0.720616
vt 0.698378 0.296366
vt 0.843093 0.514151
vt 0.849292 0.516110
vt 0.715609 0.289555
vt 0.714554 0.287785
vt 0.708009 0.288649
vt 0.704462 0.611989
vt 0.487967 0.540720
vt 0.688757 0.453281
vt 0.676594 0.361838
vt 0.138825 0.005031
vt 0.627578 0.288099
vt 0.486201 0.833210
vt 0.721251 0.839320
vt 0.723736 0.836406
vt 0.264512 0.469693
vt 0.263990 0.472732
vt 0.265749 0.472736
vt 0.700455 0.325215
vt 0.687067 0.737192
vt 0.687166 0.725219
vt 0.686563 0.707368
vt 0.680788 0.705228
vt 0.627115 0.831895
vt 0.625528 0.837543
vt 0.625528 0.828997
vt 0.680230 0.703636
vt 0.491949 0.698105
vt 0.694573 0.654640
vt 0.704936 0.593634
vt 0.616318 0.276865
vt 0.619179 0.270001
vt 0.622865 0.275744
vt 0.664888 0.336768
vt 0.624754 0.282062
vt 0.808692 0.568540
vt 0.340796 0.251181
vt 0.263833 0.474506
vt 0.358950 0.225262
vt 0.357701 0.222553
vt 0.316421 0.260166
vt 0.311334 0.278660
vt 0.702081 0.323106
vt 0.698189 0.318170
vt 0.689667 0.711173
vt 0.710896 0.286855
vt 0.712361 0.287546
vt 0.712955 0.286821
vt 0.841883 0.392061
vt 0.841883 0.389615
vt 0.842618 0.390726
vt 0.680276 0.704673
vt 0.720720 0.334906
vt 0.720720 0.336746
vt 0.719907 0.335600
vt 0.490106 0.694888
vt 0.491698 0.663111
vt 0.485820 0.556493
vt 0.697635 0.539929
vt 0.427047 0.374523
vt 0.444980 0.431916
vt 0.642392 0.329152
vt 0.638227 0.331559
vt 0.771200 0.006751
vt 0.784529 0.008510
vt 0.246782 0.664587
vt 0.294579 0.886795
vt 0.360380 0.228155
vt 0.792352 0.834860
vt 0.790470 0.833898
vt 0.265115 0.474608
vt 0.266345 0.475674
vt 0.499335 0.089623
vt 0.532470 0.046305
vt 0.538176 0.046653
vt 0.693044 0.308701
vt 0.704674 0.286577
vt 0.651524 0.841625
vt 0.649836 0.841625
vt 0.650564 0.840275
vt 0.270916 0.726799
vt 0.271991 0.725630
vt 0.271991 0.732404
vt 0.697798 0.556337
vt 0.465902 0.500189
vt 0.636595 0.314011
vt 0.799875 0.574722
vt 0.528800 0.066736
vt 0.358637 0.226845
vt 0.359744 0.224938
vt 0.679733 0.334693
vt 0.681316 0.334647
vt 0.681316 0.336722
vt 0.760580 0.840774
vt 0.761925 0.839482
vt 0.761925 0.842299
vt 0.538516 0.056166
vt 0.542178 0.050258
vt 0.686803 0.741012
vt 0.695091 0.292777
vt 0.698492 0.290329
vt 0.650294 0.838921
vt 0.848578 0.744860
vt 0.843706 0.741624
vt 0.849658 0.744082
vt 0.850751 0.742877
vt 0.848874 0.745778
vt 0.683751 0.702190
vt 0.696718 0.686182
vt 0.464530 0.468575
vt 0.688031 0.435392
vt 0.786030 0.582988
vt 0.795646 0.839190
vt 0.500998 0.088982
vt 0.271835 0.607309
vt 0.272204 0.607284
vt 0.272204 0.610133
vt 0.358304 0.226953
vt 0.361465 0.226988
vt 0.789651 0.836620
vt 0.322784 0.268327
vt 0.692709 0.736692
vt 0.688699 0.311292
vt 0.691411 0.725532
vt 0.689175 0.302684
vt 0.692466 0.297362
vt 0.840415 0.746856
vt 0.835059 0.743590
vt 0.027630 0.811185
vt 0.029177 0.814338
vt 0.023418 0.812134
vt 0.024021 0.814073
vt 0.709086 0.285209
vt 0.708498 0.284082
vt 0.847553 0.747256
vt 0.685784 0.700276
vt 0.454425 0.469541
vt 0.644831 0.324420
vt 0.707657 0.247483
vt 0.258663 0.659289
vt 0.257924 0.667047
vt 0.511166 0.838582
vt 0.520005 0.075349
vt 0.357643 0.235847
vt 0.260490 0.483322
vt 0.265250 0.477962
vt 0.790987 0.837903
vt 0.757695 0.841761
vt 0.759258 0.839482
vt 0.759111 0.840998
vt 0.757584 0.839482
vt 0.501038 0.091261
vt 0.693387 0.319886
vt 0.691554 0.732015
vt 0.036574 0.815038
vt 0.032522 0.818314
vt 0.837289 0.750252
vt 0.024969 0.815473
vt 0.690804 0.698668
vt 0.486463 0.692284
vt 0.486516 0.589492
vt 0.702935 0.527203
vt 0.682052 0.352306
vt 0.632214 0.293561
vt 0.634452 0.297809
vt 0.633763 0.304976
vt 0.782808 0.573740
vt 0.362319 0.228342
vt 0.360787 0.228868
vt 0.667190 0.335322
vt 0.668567 0.334709
vt 0.668567 0.336741
vt 0.789549 0.838352
vt 0.813214 0.646931
vt 0.813214 0.648827
vt 0.812211 0.648602
vt 0.361735 0.228317
vt 0.360752 0.229612
vt 0.362857 0.228858
vt 0.648163 0.838964
vt 0.649836 0.841656
vt 0.648344 0.840475
vt 0.649836 0.838921
vt 0.545550 0.056122
vt 0.314706 0.280638
vt 0.693754 0.722897
vt 0.688390 0.298995
vt 0.694664 0.704862
vt 0.707428 0.284592
vt 0.025470 0.818952
vt 0.685683 0.701460
vt 0.700717 0.629100
vt 0.706766 0.574332
vt 0.683787 0.366196
vt 0.427352 0.360540
vt 0.422031 0.353048
vt 0.348189 0.245167
vt 0.513260 0.082033
vt 0.727629 0.842552
vt 0.727629 0.840459
vt 0.728637 0.841538
vt 0.265194 0.595303
vt 0.266667 0.594926
vt 0.267076 0.596674
vt 0.842646 0.270410
vt 0.841620 0.270638
vt 0.841620 0.268104
vt 0.824305 0.842509
vt 0.825218 0.840168
vt 0.825606 0.842509
vt 0.266519 0.478261
vt 0.267409 0.481090
vt 0.327991 0.269670
vt 0.693161 0.742039
vt 0.686637 0.306888
vt 0.696315 0.713628
vt 0.690757 0.291290
vt 0.040152 0.816391
vt 0.036761 0.822510
vt 0.831533 0.750659
vt 0.704936 0.283055
vt 0.704044 0.281850
vt 0.483640 0.634865
vt 0.483244 0.606095
vt 0.470205 0.521974
vt 0.698161 0.502262
vt 0.615640 0.261301
vt 0.623217 0.260311
vt 0.625790 0.269049
vt 0.720239 0.016018
vt 0.539113 0.060762
vt 0.508189 0.095325
vt 0.501212 0.091582
vt 0.685685 0.301331
vt 0.694804 0.709721
vt 0.041449 0.822111
vt 0.846441 0.750559
vt 0.689306 0.699743
vt 0.413915 0.360573
vt 0.640583 0.307803
vt 0.789522 0.584102
vt 0.241224 0.671542
vt 0.234628 0.665103
vt 0.283476 0.895256
vt 0.248497 0.835840
vt 0.249565 0.837374
vt 0.503361 0.093558
vt 0.553797 0.046944
vt 0.550552 0.040997
vt 0.690820 0.323963
vt 0.696986 0.729621
vt 0.698497 0.719428
vt 0.483902 0.669191
vt 0.468005 0.537818
vt 0.674602 0.338064
vt 0.632195 0.280587
vt 0.792335 0.588621
vt 0.505130 0.845757
vt 0.839964 0.326733
vt 0.837954 0.320283
vt 0.839964 0.318731
vt 0.318660 0.280653
vt 0.313352 0.284578
vt 0.695892 0.327010
vt 0.688496 0.318785
vt 0.026119 0.821530
vt 0.426257 0.387429
vt 0.414851 0.348454
vt 0.644798 0.305539
vt 0.365666 0.233488
vt 0.267462 0.592595
vt 0.268569 0.592096
vt 0.552410 0.053532
vt 0.557118 0.042357
vt 0.700368 0.722358
vt 0.839724 0.754196
vt 0.702620 0.672243
vt 0.704541 0.561571
vt 0.709792 0.523053
vt 0.698595 0.476125
vt 0.644040 0.315666
vt 0.350398 0.256873
vt 0.528997 0.080401
vt 0.364867 0.231691
vt 0.700672 0.736265
vt 0.684810 0.317457
vt 0.684810 0.296643
vt 0.702937 0.282447
vt 0.692461 0.699131
vt 0.480922 0.567572
vt 0.687421 0.384343
vt 0.634231 0.264315
vt 0.684685 0.340609
vt 0.633271 0.267691
vt 0.362443 0.243343
vt 0.533618 0.074192
vt 0.505705 0.095393
vt 0.502557 0.718422
vt 0.496184 0.716039
vt 0.501220 0.713850
vt 0.499004 0.708339
vt 0.702991 0.714986
vt 0.039985 0.826587
vt 0.845160 0.753380
vt 0.716642 0.567055
vt 0.652653 0.330108
vt 0.783280 0.585996
vt 0.255897 0.672606
vt 0.265037 0.488822
vt 0.516828 0.092429
vt 0.334759 0.278076
vt 0.270031 0.590938
vt 0.270429 0.588554
vt 0.319261 0.287893
vt 0.697924 0.739742
vt 0.703210 0.705099
vt 0.033716 0.824951
vt 0.708515 0.636207
vt 0.436873 0.462049
vt 0.696298 0.454596
vt 0.635067 0.273715
vt 0.638933 0.286531
vt 0.251499 0.670514
vt 0.499671 0.726005
vt 0.496956 0.731628
vt 0.496687 0.724364
vt 0.036000 0.829872
vt 0.700110 0.281740
vt 0.697553 0.698475
vt 0.708124 0.544168
vt 0.444689 0.471616
vt 0.515701 0.856264
vt 0.269426 0.484017
vt 0.544224 0.067032
vt 0.324559 0.283984
vt 0.316623 0.289199
vt 0.311790 0.288751
vt 0.704842 0.724461
vt 0.828918 0.758816
vt 0.695681 0.395377
vt 0.405936 0.348938
vt 0.640470 0.275252
vt 0.647729 0.308567
vt 0.738347 0.004054
vt 0.519107 0.848699
vt 0.495823 0.866450
vt 0.260399 0.594693
vt 0.263319 0.580310
vt 0.340199 0.267059
vt 0.510300 0.097425
vt 0.512024 0.097215
vt 0.562344 0.042406
vt 0.563592 0.047707
vt 0.704115 0.709330
vt 0.046240 0.827337
vt 0.026491 0.826159
vt 0.844072 0.758365
vt 0.475737 0.581295
vt 0.633821 0.256080
vt 0.687615 0.346679
vt 0.652347 0.320041
vt 0.278993 0.901231
vt 0.273220 0.892742
vt 0.271835 0.587345
vt 0.551690 0.066470
vt 0.559017 0.056213
vt 0.492258 0.736145
vt 0.491979 0.729175
vt 0.705891 0.731944
vt 0.493468 0.712426
vt 0.836019 0.763190
vt 0.031176 0.831226
vt 0.483015 0.619574
vt 0.716919 0.582606
vt 0.699364 0.438944
vt 0.694483 0.364473
vt 0.788795 0.592324
vt 0.797200 0.598120
vt 0.368933 0.240285
vt 0.368457 0.237715
vt 0.562989 0.052250
vt 0.706146 0.739267
vt 0.701335 0.743477
vt 0.492196 0.722735
vt 0.489124 0.703135
vt 0.494898 0.703816
vt 0.259037 0.462699
vt 0.260300 0.468566
vt 0.259037 0.480990
vt 0.705267 0.699448
vt 0.715494 0.657622
vt 0.718474 0.603022
vt 0.714943 0.538628
vt 0.649598 0.295082
vt 0.644574 0.288704
vt 0.785372 0.592918
vt 0.352015 0.257168
vt 0.362836 0.246473
vt 0.521204 0.090103
vt 0.532672 0.078683
vt 0.343700 0.286667
vt 0.025194 0.833424
vt 0.845956 0.751883
vt 0.844306 0.766853
vt 0.719788 0.642519
vt 0.715964 0.552391
vt 0.643893 0.280076
vt 0.372690 0.242358
vt 0.270133 0.582475
vt 0.272219 0.489008
vt 0.269831 0.493463
vt 0.515823 0.104270
vt 0.372849 0.240723
vt 0.323189 0.290554
vt 0.707513 0.718048
vt 0.708773 0.712408
vt 0.044939 0.833737
vt 0.041583 0.833309
vt 0.717879 0.619397
vt 0.700413 0.379833
vt 0.761154 0.002958
vt 0.741175 0.000000
vt 0.753888 0.000096
vt 0.803751 0.592459
vt 0.808328 0.585659
vt 0.341868 0.275446
vt 0.270148 0.497154
vt 0.708170 0.726503
vt 0.489717 0.719108
vt 0.831268 0.763685
vt 0.469141 0.662296
vt 0.467917 0.549566
vt 0.410217 0.373500
vt 0.641809 0.269855
vt 0.260399 0.572906
vt 0.364400 0.256172
vt 0.267840 0.498917
vt 0.320835 0.295492
vt 0.568662 0.047886
vt 0.567562 0.054245
vt 0.486830 0.733937
vt 0.711608 0.723843
vt 0.824744 0.758440
vt 0.822900 0.762964
vt 0.033453 0.836169
vt 0.259816 0.652165
vt 0.260673 0.647821
vt 0.471883 0.691254
vt 0.714570 0.671880
vt 0.715859 0.506116
vt 0.427996 0.433966
vt 0.400311 0.352142
vt 0.402717 0.339139
vt 0.658103 0.319308
vt 0.710757 0.251765
vt 0.329858 0.287962
vt 0.843817 0.765851
vt 0.396085 0.341455
vt 0.654276 0.310407
vt 0.651144 0.303549
vt 0.266874 0.500668
vt 0.343101 0.283304
vt 0.266911 0.577191
vt 0.269738 0.496239
vt 0.374747 0.243061
vt 0.377640 0.243976
vt 0.483761 0.709969
vt 0.484499 0.703307
vt 0.487122 0.699367
vt 0.827061 0.767084
vt 0.661658 0.327238
vt 0.656098 0.334636
vt 0.301127 0.911932
vt 0.260721 0.507939
vt 0.365008 0.262190
vt 0.534853 0.089027
vt 0.539591 0.083001
vt 0.264479 0.573986
vt 0.259461 0.737656
vt 0.260567 0.741193
vt 0.259620 0.740589
vt 0.486558 0.729405
vt 0.485373 0.712737
vt 0.712925 0.714445
vt 0.844589 0.769198
vt 0.464604 0.575024
vt 0.247012 0.679284
vt 0.532846 0.095094
vt 0.259461 0.743533
vt 0.587264 0.807646
vt 0.589423 0.804389
vt 0.594704 0.809135
vt 0.833571 0.768605
vt 0.699533 0.357100
vt 0.645570 0.265858
vt 0.649564 0.272533
vt 0.652702 0.286241
vt 0.657463 0.301581
vt 0.511205 0.860176
vt 0.288400 0.912876
vt 0.370405 0.255510
vt 0.568179 0.058845
vt 0.560028 0.069856
vt 0.325199 0.296385
vt 0.711344 0.737646
vt 0.484716 0.723014
vt 0.714039 0.720155
vt 0.711314 0.708629
vt 0.479399 0.698642
vt 0.036839 0.839357
vt 0.027927 0.839421
vt 0.707231 0.700779
vt 0.704491 0.699846
vt 0.713928 0.469315
vt 0.705870 0.401758
vt 0.402896 0.365677
vt 0.642212 0.261169
vt 0.653143 0.281164
vt 0.787218 0.599413
vt 0.280366 0.915713
vt 0.275951 0.907869
vt 0.352848 0.274099
vt 0.381277 0.250311
vt 0.265644 0.502022
vt 0.523331 0.103018
vt 0.519178 0.109190
vt 0.267591 0.502475
vt 0.329097 0.293861
vt 0.482400 0.734875
vt 0.713751 0.733151
vt 0.715863 0.478336
vt 0.407238 0.383381
vt 0.693636 0.342008
vt 0.703173 0.354269
vt 0.663342 0.310730
vt 0.252536 0.680567
vt 0.791868 0.608255
vt 0.240394 0.681939
vt 0.359614 0.267504
vt 0.545473 0.089054
vt 0.552944 0.070701
vt 0.580416 0.782977
vt 0.581219 0.776865
vt 0.584927 0.781911
vt 0.727111 0.613094
vt 0.700662 0.366031
vt 0.388719 0.344670
vt 0.235550 0.679896
vt 0.380751 0.247758
vt 0.380470 0.246358
vt 0.587389 0.800013
vt 0.580101 0.793129
vt 0.589673 0.796890
vt 0.481647 0.718453
vt 0.478510 0.707283
vt 0.024675 0.838515
vt 0.470281 0.618260
vt 0.727649 0.591846
vt 0.671185 0.325388
vt 0.672175 0.331686
vt 0.391299 0.336768
vt 0.538814 0.093047
vt 0.263149 0.571632
vt 0.264338 0.505047
vt 0.267062 0.501711
vt 0.840418 0.276019
vt 0.840418 0.284044
vt 0.838517 0.283222
vt 0.478430 0.730672
vt 0.479852 0.725009
vt 0.475449 0.704011
vt 0.033562 0.843703
vt 0.836809 0.773607
vt 0.710270 0.701693
vt 0.728567 0.583167
vt 0.459702 0.562604
vt 0.449183 0.513077
vt 0.710726 0.437503
vt 0.841828 0.842292
vt 0.840590 0.842292
vt 0.841098 0.840168
vt 0.713102 0.335557
vt 0.711975 0.336606
vt 0.711975 0.334964
vt 0.715233 0.840615
vt 0.715233 0.842703
vt 0.714469 0.841317
vt 0.597307 0.803015
vt 0.584320 0.790100
vt 0.581392 0.788442
vt 0.477525 0.713873
vt 0.474031 0.700271
vt 0.709986 0.702766
vt 0.023418 0.844814
vt 0.469916 0.643183
vt 0.728030 0.525462
vt 0.655914 0.290192
vt 0.662147 0.294209
vt 0.506134 0.876078
vt 0.661014 0.334886
vt 0.662602 0.336517
vt 0.265800 0.572980
vt 0.265797 0.574982
vt 0.266797 0.501453
vt 0.265672 0.504108
vt 0.649822 0.335534
vt 0.648191 0.336711
vt 0.648191 0.334734
vt 0.379564 0.245707
vt 0.378794 0.247750
vt 0.381347 0.247002
vt 0.598457 0.807437
vt 0.479154 0.737759
vt 0.593619 0.800384
vt 0.831131 0.773978
vt 0.027750 0.842105
vt 0.844982 0.772495
vt 0.399161 0.376788
vt 0.394681 0.352562
vt 0.663654 0.210635
vt 0.805796 0.599989
vt 0.801340 0.609779
vt 0.532715 0.107089
vt 0.549438 0.089084
vt 0.494320 0.869645
vt 0.492807 0.857217
vt 0.299206 0.892593
vt 0.304436 0.912200
vt 0.263206 0.507996
vt 0.261931 0.569333
vt 0.522390 0.110315
vt 0.520759 0.110994
vt 0.266931 0.504732
vt 0.565251 0.071023
vt 0.588017 0.774876
vt 0.702376 0.830706
vt 0.703415 0.830227
vt 0.702704 0.832633
vt 0.025642 0.844630
vt 0.468142 0.698462
vt 0.466252 0.691411
vt 0.473441 0.694807
vt 0.726917 0.659104
vt 0.461702 0.629156
vt 0.449066 0.541594
vt 0.722043 0.537985
vt 0.667095 0.303622
vt 0.661096 0.287618
vt 0.703835 0.252244
vt 0.689082 0.247505
vt 0.785730 0.607138
vt 0.234906 0.690852
vt 0.292723 0.927702
vt 0.539458 0.099081
vt 0.357548 0.276097
vt 0.523536 0.113408
vt 0.476959 0.719487
vt 0.586970 0.784928
vt 0.720854 0.693025
vt 0.725553 0.626494
vt 0.452516 0.529681
vt 0.725112 0.446982
vt 0.418124 0.452935
vt 0.368976 0.268883
vt 0.381785 0.258935
vt 0.537584 0.840928
vt 0.536558 0.838530
vt 0.538780 0.838530
vt 0.264738 0.506851
vt 0.266159 0.506229
vt 0.382969 0.249972
vt 0.272209 0.732405
vt 0.272209 0.736633
vt 0.271820 0.734542
vt 0.266161 0.508332
vt 0.554692 0.087751
vt 0.361489 0.286713
vt 0.346951 0.291075
vt 0.610496 0.804013
vt 0.596730 0.796971
vt 0.590355 0.791473
vt 0.474379 0.711118
vt 0.587878 0.779650
vt 0.845779 0.774334
vt 0.704142 0.835529
vt 0.735313 0.550357
vt 0.668091 0.316176
vt 0.789178 0.609156
vt 0.248968 0.689565
vt 0.515790 0.868060
vt 0.354117 0.280661
vt 0.383067 0.252028
vt 0.263450 0.569707
vt 0.265266 0.570816
vt 0.463292 0.733627
vt 0.470264 0.708338
vt 0.468241 0.703560
vt 0.029347 0.847909
vt 0.248497 0.831540
vt 0.246311 0.834503
vt 0.703296 0.838073
vt 0.840046 0.778371
vt 0.739451 0.639574
vt 0.732607 0.564887
vt 0.729065 0.474911
vt 0.661096 0.277753
vt 0.376376 0.266952
vt 0.809641 0.336042
vt 0.806764 0.336042
vt 0.807587 0.333128
vt 0.386703 0.253925
vt 0.384227 0.249476
vt 0.462251 0.740107
vt 0.472004 0.723292
vt 0.597207 0.771186
vt 0.595168 0.775719
vt 0.591093 0.770039
vt 0.252343 0.840421
vt 0.249631 0.840863
vt 0.249725 0.839645
vt 0.702376 0.838547
vt 0.728031 0.505672
vt 0.719727 0.425994
vt 0.711762 0.393116
vt 0.711539 0.369382
vt 0.384408 0.358603
vt 0.662584 0.269433
vt 0.667910 0.309347
vt 0.257781 0.684275
vt 0.255230 0.687830
vt 0.369655 0.277564
vt 0.550092 0.096509
vt 0.263805 0.568000
vt 0.265331 0.509391
vt 0.385659 0.250993
vt 0.756018 0.840471
vt 0.754626 0.842295
vt 0.559782 0.082444
vt 0.591459 0.783012
vt 0.848006 0.778571
vt 0.850751 0.781785
vt 0.460643 0.702852
vt 0.461456 0.700682
vt 0.463015 0.700939
vt 0.702547 0.839997
vt 0.846725 0.542067
vt 0.847630 0.548898
vt 0.843951 0.541585
vt 0.463165 0.699692
vt 0.713883 0.705120
vt 0.714181 0.707475
vt 0.464809 0.700044
vt 0.461727 0.695803
vt 0.252343 0.835840
vt 0.460793 0.677041
vt 0.730508 0.642060
vt 0.461769 0.604172
vt 0.739710 0.603016
vt 0.458738 0.590765
vt 0.437054 0.500733
vt 0.732979 0.491975
vt 0.381868 0.344774
vt 0.669814 0.289899
vt 0.678711 0.240039
vt 0.241464 0.692241
vt 0.501579 0.877940
vt 0.840006 0.336682
vt 0.841425 0.334333
vt 0.841725 0.336682
vt 0.262070 0.567400
vt 0.263490 0.510497
vt 0.466402 0.743497
vt 0.449151 0.750720
vt 0.595224 0.788424
vt 0.470498 0.718648
vt 0.848929 0.779318
vt 0.599097 0.775163
vt 0.608636 0.770282
vt 0.459292 0.703791
vt 0.459709 0.701749
vt 0.272197 0.694632
vt 0.272197 0.700095
vt 0.271462 0.697546
vt 0.657207 0.261161
vt 0.712109 0.003106
vt 0.795691 0.612320
vt 0.300737 0.931815
vt 0.386726 0.262160
vt 0.495574 0.877304
vt 0.260550 0.562702
vt 0.265028 0.511260
vt 0.841716 0.724712
vt 0.840178 0.724003
vt 0.841716 0.722553
vt 0.838330 0.727625
vt 0.840653 0.725089
vt 0.840653 0.729551
vt 0.842259 0.308046
vt 0.841068 0.306678
vt 0.842259 0.304667
vt 0.523480 0.115702
vt 0.524744 0.115968
vt 0.524612 0.117521
vt 0.840249 0.722633
vt 0.455857 0.744054
vt 0.596176 0.783081
vt 0.464882 0.708313
vt 0.844658 0.552120
vt 0.458919 0.705193
vt 0.605011 0.768889
vt 0.606943 0.768993
vt 0.454789 0.692262
vt 0.594172 0.754557
vt 0.714302 0.709324
vt 0.727603 0.679107
vt 0.401957 0.429840
vt 0.388877 0.366312
vt 0.677148 0.309911
vt 0.669496 0.298936
vt 0.251784 0.696671
vt 0.238639 0.701798
vt 0.313793 0.932735
vt 0.563214 0.100655
vt 0.458595 0.737507
vt 0.610855 0.796630
vt 0.609965 0.789855
vt 0.465134 0.713059
vt 0.457546 0.707269
vt 0.457019 0.705824
vt 0.610244 0.771206
vt 0.612003 0.770575
vt 0.839272 0.541142
vt 0.836548 0.544165
vt 0.732186 0.671706
vt 0.680985 0.317432
vt 0.674581 0.305336
vt 0.542086 0.111199
vt 0.536739 0.113828
vt 0.526685 0.116836
vt 0.388949 0.257233
vt 0.386195 0.251512
vt 0.388447 0.253245
vt 0.636192 0.334673
vt 0.635338 0.336748
vt 0.634524 0.334673
vt 0.528036 0.119589
vt 0.525771 0.114799
vt 0.625379 0.807280
vt 0.621493 0.801633
vt 0.460052 0.723481
vt 0.606435 0.782221
vt 0.837681 0.542630
vt 0.612284 0.775317
vt 0.724171 0.336658
vt 0.723536 0.335661
vt 0.724171 0.334924
vt 0.455639 0.662980
vt 0.128467 0.424502
vt 0.135459 0.418954
vt 0.132710 0.432079
vt 0.370361 0.287465
vt 0.265388 0.515254
vt 0.263805 0.513033
vt 0.843528 0.557119
vt 0.837390 0.552001
vt 0.454372 0.708863
vt 0.456846 0.706807
vt 0.615032 0.772143
vt 0.739057 0.620375
vt 0.453519 0.572584
vt 0.736965 0.538654
vt 0.123541 0.437489
vt 0.144164 0.423472
vt 0.293733 0.936370
vt 0.262304 0.562028
vt 0.263509 0.517959
vt 0.260081 0.480990
vt 0.260327 0.483763
vt 0.260081 0.492620
vt 0.263364 0.564832
vt 0.841683 0.299302
vt 0.841676 0.709530
vt 0.839587 0.704406
vt 0.841798 0.297504
vt 0.842694 0.352410
vt 0.841647 0.351656
vt 0.842694 0.350027
vt 0.833945 0.543839
vt 0.615089 0.781963
vt 0.616608 0.772223
vt 0.724135 0.710077
vt 0.715317 0.710215
vt 0.738197 0.579715
vt 0.742147 0.565297
vt 0.722914 0.417205
vt 0.387633 0.386133
vt 0.375202 0.348931
vt 0.374072 0.339271
vt 0.671819 0.283393
vt 0.257038 0.704982
vt 0.380395 0.276348
vt 0.386463 0.269046
vt 0.662562 0.822483
vt 0.662562 0.802640
vt 0.663358 0.812576
vt 0.391062 0.254556
vt 0.453060 0.729390
vt 0.458350 0.713152
vt 0.453133 0.716200
vt 0.616557 0.772947
vt 0.438841 0.519370
vt 0.715724 0.378407
vt 0.120603 0.445368
vt 0.718671 0.000000
vt 0.841262 0.668534
vt 0.842486 0.668518
vt 0.842486 0.671530
vt 0.573080 0.836978
vt 0.574105 0.837871
vt 0.573080 0.841069
vt 0.747660 0.841325
vt 0.746083 0.838320
vt 0.747660 0.836406
vt 0.259308 0.758218
vt 0.260453 0.760254
vt 0.259528 0.760480
vt 0.260453 0.757440
vt 0.617479 0.788912
vt 0.450190 0.711687
vt 0.717052 0.713659
vt 0.675487 0.298103
vt 0.293405 0.943146
vt 0.558729 0.104041
vt 0.261723 0.559413
vt 0.263339 0.561169
vt 0.260181 0.762960
vt 0.722544 0.336746
vt 0.721858 0.335327
vt 0.722867 0.335327
vt 0.453447 0.719980
vt 0.447953 0.712844
vt 0.522312 0.834234
vt 0.524318 0.829235
vt 0.718563 0.716983
vt 0.720460 0.393381
vt 0.682173 0.305086
vt 0.280552 0.925575
vt 0.699079 0.336531
vt 0.699079 0.334930
vt 0.700493 0.335772
vt 0.642287 0.840852
vt 0.640169 0.841140
vt 0.270018 0.839270
vt 0.270018 0.841419
vt 0.268256 0.840856
vt 0.642216 0.839295
vt 0.268067 0.839466
vt 0.621485 0.772447
vt 0.733491 0.662249
vt 0.737910 0.523359
vt 0.139080 0.431906
vt 0.701483 0.011462
vt 0.397189 0.259311
vt 0.531058 0.123296
vt 0.394720 0.258038
vt 0.391774 0.255293
vt 0.829661 0.336526
vt 0.827618 0.336526
vt 0.829232 0.333312
vt 0.264139 0.557730
vt 0.263282 0.556932
vt 0.263185 0.560465
vt 0.798814 0.327902
vt 0.607738 0.336761
vt 0.607738 0.334636
vt 0.609382 0.334868
vt 0.609797 0.335851
vt 0.816606 0.336674
vt 0.814387 0.335134
vt 0.816606 0.333283
vt 0.528429 0.121070
vt 0.391782 0.256244
vt 0.392921 0.255433
vt 0.264037 0.560005
vt 0.395823 0.256655
vt 0.530261 0.124107
vt 0.528878 0.124950
vt 0.528800 0.122747
vt 0.529807 0.121573
vt 0.627247 0.797937
vt 0.740375 0.683348
vt 0.744630 0.610958
vt 0.427343 0.511983
vt 0.374171 0.360696
vt 0.674374 0.271780
vt 0.673003 0.239475
vt 0.787004 0.621830
vt 0.796068 0.625033
vt 0.509090 0.890235
vt 0.494869 0.897252
vt 0.542051 0.120632
vt 0.621128 0.777639
vt 0.621374 0.786262
vt 0.449285 0.721134
vt 0.449052 0.718125
vt 0.833945 0.601238
vt 0.842391 0.606415
vt 0.837809 0.607481
vt 0.444424 0.714161
vt 0.445471 0.712555
vt 0.449846 0.621972
vt 0.122729 0.450161
vt 0.377912 0.371096
vt 0.782409 0.837857
vt 0.777480 0.829175
vt 0.782409 0.824919
vt 0.248170 0.711373
vt 0.552781 0.107288
vt 0.378391 0.284965
vt 0.396379 0.257505
vt 0.643995 0.841664
vt 0.642287 0.841664
vt 0.643364 0.840472
vt 0.570689 0.105730
vt 0.439684 0.744706
vt 0.627247 0.767040
vt 0.442978 0.675627
vt 0.741216 0.502228
vt 0.743264 0.519180
vt 0.742910 0.476255
vt 0.678485 0.285350
vt 0.262772 0.554520
vt 0.264282 0.556204
vt 0.397993 0.258144
vt 0.643883 0.838921
vt 0.529801 0.125640
vt 0.530669 0.127472
vt 0.443107 0.736284
vt 0.725498 0.746107
vt 0.723522 0.733958
vt 0.728852 0.738852
vt 0.445899 0.727829
vt 0.259109 0.574330
vt 0.259546 0.579051
vt 0.259109 0.587968
vt 0.613018 0.765366
vt 0.436647 0.713248
vt 0.441007 0.684207
vt 0.449961 0.645884
vt 0.730114 0.441203
vt 0.098532 0.478939
vt 0.113972 0.458415
vt 0.102836 0.486674
vt 0.136162 0.445285
vt 0.785203 0.622364
vt 0.789771 0.627827
vt 0.665105 0.813103
vt 0.665093 0.815516
vt 0.672086 0.334972
vt 0.673022 0.336689
vt 0.671470 0.336689
vt 0.667215 0.815774
vt 0.701839 0.336671
vt 0.701980 0.335254
vt 0.703130 0.336259
vt 0.703130 0.334930
vt 0.443766 0.720430
vt 0.438933 0.714547
vt 0.839802 0.630317
vt 0.839802 0.640868
vt 0.836682 0.636134
vt 0.270740 0.792794
vt 0.270740 0.784091
vt 0.272198 0.787999
vt 0.448788 0.601801
vt 0.367221 0.358853
vt 0.151544 0.425361
vt 0.524526 0.826531
vt 0.527611 0.831496
vt 0.524526 0.838935
vt 0.251836 0.707108
vt 0.519056 0.881148
vt 0.519107 0.895937
vt 0.554792 0.117365
vt 0.387115 0.279094
vt 0.264184 0.551825
vt 0.264340 0.555066
vt 0.835593 0.687936
vt 0.835716 0.685623
vt 0.836844 0.687356
vt 0.826958 0.841130
vt 0.825606 0.842308
vt 0.825606 0.840168
vt 0.834765 0.686860
vt 0.745541 0.647458
vt 0.747689 0.633208
vt 0.439422 0.584760
vt 0.441873 0.552635
vt 0.401473 0.260648
vt 0.397540 0.257501
vt 0.265836 0.550569
vt 0.532209 0.128994
vt 0.530914 0.129706
vt 0.734818 0.754557
vt 0.714132 0.752718
vt 0.625279 0.790499
vt 0.842031 0.612574
vt 0.614797 0.756607
vt 0.446895 0.634537
vt 0.745940 0.592642
vt 0.746673 0.573641
vt 0.748497 0.556768
vt 0.684810 0.296365
vt 0.669376 0.232175
vt 0.801818 0.626684
vt 0.805681 0.626436
vt 0.512621 0.902286
vt 0.385094 0.285084
vt 0.261228 0.541459
vt 0.835018 0.681544
vt 0.841632 0.441332
vt 0.842685 0.439919
vt 0.842685 0.442339
vt 0.834313 0.685656
vt 0.716274 0.336541
vt 0.715312 0.335161
vt 0.716544 0.335161
vt 0.532874 0.131003
vt 0.530840 0.129604
vt 0.833945 0.616969
vt 0.156928 0.430704
vt 0.156970 0.421622
vt 0.362413 0.346316
vt 0.393844 0.273788
vt 0.264899 0.548909
vt 0.265641 0.551881
vt 0.532809 0.134638
vt 0.531864 0.131540
vt 0.795646 0.842205
vt 0.794235 0.840718
vt 0.795646 0.839191
vt 0.732078 0.748197
vt 0.791086 0.332845
vt 0.787211 0.325958
vt 0.793844 0.325958
vt 0.440192 0.571164
vt 0.749980 0.543102
vt 0.432348 0.536375
vt 0.747760 0.537119
vt 0.130826 0.455672
vt 0.561910 0.111245
vt 0.540630 0.129993
vt 0.492077 0.898717
vt 0.398552 0.267772
vt 0.266103 0.549141
vt 0.259338 0.823596
vt 0.260673 0.824194
vt 0.259338 0.826204
vt 0.260014 0.822667
vt 0.440926 0.728002
vt 0.407368 0.477060
vt 0.087841 0.499894
vt 0.382745 0.444081
vt 0.371697 0.382995
vt 0.148437 0.436800
vt 0.165573 0.425002
vt 0.681577 0.272597
vt 0.664414 0.232934
vt 0.568782 0.111604
vt 0.532271 0.132475
vt 0.820205 0.826885
vt 0.817144 0.831068
vt 0.818356 0.828125
vt 0.271717 0.734561
vt 0.271820 0.736474
vt 0.270916 0.732404
vt 0.741898 0.462395
vt 0.118511 0.469933
vt 0.104585 0.496130
vt 0.307799 0.950977
vt 0.266127 0.546780
vt 0.827097 0.648809
vt 0.824947 0.648367
vt 0.826230 0.647530
vt 0.271703 0.675012
vt 0.272197 0.676536
vt 0.820205 0.837973
vt 0.732643 0.717961
vt 0.730254 0.717297
vt 0.731387 0.716115
vt 0.754724 0.668772
vt 0.748453 0.617868
vt 0.391929 0.474544
vt 0.175605 0.432059
vt 0.176081 0.422318
vt 0.552036 0.128022
vt 0.267352 0.546208
vt 0.840002 0.416222
vt 0.838366 0.415846
vt 0.838635 0.413860
vt 0.739154 0.738283
vt 0.433676 0.734756
vt 0.725087 0.724628
vt 0.734671 0.727805
vt 0.436787 0.718736
vt 0.694666 0.811796
vt 0.702104 0.808420
vt 0.697458 0.814953
vt 0.270916 0.739598
vt 0.842442 0.630157
vt 0.841263 0.628025
vt 0.842442 0.627116
vt 0.362313 0.371070
vt 0.353754 0.364193
vt 0.787288 0.630966
vt 0.380499 0.296338
vt 0.405685 0.261705
vt 0.437537 0.728100
vt 0.733529 0.716567
vt 0.626785 0.765785
vt 0.428331 0.706706
vt 0.259302 0.712246
vt 0.257874 0.724308
vt 0.255378 0.716239
vt 0.240604 0.715525
vt 0.407696 0.262795
vt 0.839185 0.411076
vt 0.268476 0.544005
vt 0.837770 0.412711
vt 0.837688 0.416910
vt 0.741362 0.736499
vt 0.726784 0.719612
vt 0.260217 0.697374
vt 0.260617 0.700545
vt 0.260217 0.704604
vt 0.734356 0.703823
vt 0.738584 0.713763
vt 0.434939 0.559714
vt 0.756282 0.562925
vt 0.732236 0.425390
vt 0.355588 0.353296
vt 0.187431 0.434718
vt 0.186218 0.440619
vt 0.560114 0.117443
vt 0.389110 0.290454
vt 0.396452 0.280490
vt 0.399823 0.275819
vt 0.696910 0.805814
vt 0.700060 0.806554
vt 0.745181 0.709450
vt 0.430681 0.605370
vt 0.757717 0.591165
vt 0.760860 0.601923
vt 0.168397 0.436254
vt 0.799306 0.636142
vt 0.386461 0.295765
vt 0.387327 0.314224
vt 0.534367 0.137006
vt 0.267971 0.541819
vt 0.742017 0.744882
vt 0.431160 0.710503
vt 0.757312 0.627825
vt 0.754616 0.508614
vt 0.269218 0.541629
vt 0.693407 0.818614
vt 0.433540 0.623539
vt 0.760470 0.609643
vt 0.690006 0.010379
vt 0.838928 0.669939
vt 0.266925 0.530033
vt 0.425811 0.742509
vt 0.411689 0.271302
vt 0.409987 0.263387
vt 0.413246 0.265096
vt 0.698092 0.824967
vt 0.696034 0.806412
vt 0.429300 0.708604
vt 0.428745 0.671464
vt 0.761718 0.577728
vt 0.098600 0.510915
vt 0.083561 0.518634
vt 0.145214 0.459461
vt 0.156995 0.443642
vt 0.349804 0.359988
vt 0.651334 0.218884
vt 0.543943 0.140393
vt 0.745248 0.717718
vt 0.741858 0.712231
vt 0.694014 0.804915
vt 0.424744 0.683004
vt 0.116940 0.498418
vt 0.159722 0.450523
vt 0.794712 0.638562
vt 0.393731 0.291184
vt 0.268897 0.533901
vt 0.259871 0.672245
vt 0.260673 0.677413
vt 0.837688 0.406866
vt 0.685297 0.822298
vt 0.689631 0.814088
vt 0.756632 0.528534
vt 0.084188 0.525079
vt 0.072513 0.530216
vt 0.354101 0.379732
vt 0.663985 0.235780
vt 0.655460 0.229024
vt 0.803326 0.641020
vt 0.563451 0.123431
vt 0.399066 0.285856
vt 0.839272 0.703128
vt 0.834313 0.693704
vt 0.839272 0.688102
vt 0.414050 0.266219
vt 0.270027 0.535352
vt 0.270649 0.538076
vt 0.415919 0.265672
vt 0.534741 0.139421
vt 0.538343 0.143580
vt 0.537468 0.145627
vt 0.429687 0.733020
vt 0.691502 0.826689
vt 0.690917 0.804715
vt 0.691742 0.803795
vt 0.750938 0.705018
vt 0.424398 0.702414
vt 0.755000 0.702205
vt 0.418086 0.530243
vt 0.558053 0.130037
vt 0.312180 0.925745
vt 0.331899 0.960981
vt 0.409009 0.282025
vt 0.834313 0.668518
vt 0.751572 0.742479
vt 0.745640 0.710837
vt 0.755495 0.656433
vt 0.429529 0.576416
vt 0.420616 0.559234
vt 0.424427 0.546430
vt 0.068399 0.548833
vt 0.054965 0.557530
vt 0.355204 0.428966
vt 0.341238 0.376950
vt 0.491250 0.925131
vt 0.324288 0.944165
vt 0.418194 0.743066
vt 0.835473 0.691541
vt 0.416389 0.267216
vt 0.417488 0.265312
vt 0.538128 0.146336
vt 0.537627 0.148119
vt 0.746135 0.728234
vt 0.425261 0.653508
vt 0.760686 0.555255
vt 0.250041 0.725287
vt 0.244432 0.724330
vt 0.238750 0.725516
vt 0.552773 0.138559
vt 0.581780 0.111243
vt 0.412741 0.273432
vt 0.538298 0.152446
vt 0.747585 0.748837
vt 0.685466 0.801659
vt 0.381379 0.469415
vt 0.366484 0.440616
vt 0.135051 0.468282
vt 0.169983 0.449471
vt 0.307215 0.957056
vt 0.268260 0.531394
vt 0.419891 0.266132
vt 0.837620 0.687936
vt 0.430787 0.727375
vt 0.749513 0.737777
vt 0.678456 0.807833
vt 0.301375 0.958346
vt 0.506242 0.917505
vt 0.404117 0.298855
vt 0.406776 0.288034
vt 0.421680 0.266967
vt 0.267466 0.529488
vt 0.551507 0.140237
vt 0.754914 0.721189
vt 0.679355 0.812584
vt 0.426190 0.590073
vt 0.765089 0.589485
vt 0.699286 0.003791
vt 0.234649 0.723876
vt 0.417732 0.278241
vt 0.411354 0.278791
vt 0.423007 0.266436
vt 0.421316 0.266055
vt 0.550233 0.149931
vt 0.757951 0.727980
vt 0.754572 0.713635
vt 0.765617 0.673954
vt 0.765029 0.622340
vt 0.101319 0.521464
vt 0.187337 0.456715
vt 0.180087 0.455649
vt 0.255369 0.735247
vt 0.791130 0.640835
vt 0.264503 0.526338
vt 0.266454 0.528306
vt 0.694528 0.831434
vt 0.751108 0.706041
vt 0.762229 0.639499
vt 0.764483 0.565155
vt 0.764742 0.546538
vt 0.579698 0.123656
vt 0.564929 0.136070
vt 0.839587 0.716651
vt 0.835283 0.711651
vt 0.836292 0.709923
vt 0.265742 0.526266
vt 0.617640 0.336690
vt 0.615921 0.336315
vt 0.617688 0.334647
vt 0.424945 0.267203
vt 0.615726 0.334647
vt 0.694207 0.836259
vt 0.702104 0.838154
vt 0.421730 0.698613
vt 0.757577 0.683126
vt 0.394437 0.308142
vt 0.262383 0.521939
vt 0.263276 0.524194
vt 0.836960 0.705628
vt 0.838414 0.706552
vt 0.425039 0.270922
vt 0.545522 0.153229
vt 0.681705 0.829049
vt 0.147861 0.473835
vt 0.340126 0.396534
vt 0.689590 0.007462
vt 0.577813 0.131226
vt 0.265038 0.524431
vt 0.835481 0.708543
vt 0.406241 0.291426
vt 0.426438 0.269407
vt 0.426814 0.267272
vt 0.834313 0.710114
vt 0.558911 0.138323
vt 0.676316 0.818236
vt 0.407554 0.546972
vt 0.798884 0.648827
vt 0.516084 0.905459
vt 0.486600 0.924215
vt 0.484853 0.920173
vt 0.260918 0.518845
vt 0.234628 0.842323
vt 0.233690 0.841066
vt 0.234628 0.839609
vt 0.764593 0.841110
vt 0.763219 0.842194
vt 0.524184 0.776972
vt 0.524184 0.774038
vt 0.524666 0.775058
vt 0.539301 0.154430
vt 0.539588 0.157195
vt 0.538943 0.156031
vt 0.540835 0.158653
vt 0.407754 0.288737
vt 0.674726 0.809593
vt 0.677577 0.803984
vt 0.681746 0.798996
vt 0.680924 0.798390
vt 0.809720 0.828722
vt 0.810615 0.830387
vt 0.753439 0.704640
vt 0.421145 0.697757
vt 0.420118 0.575756
vt 0.768032 0.558409
vt 0.400493 0.518755
vt 0.096605 0.531026
vt 0.808851 0.459434
vt 0.810030 0.450766
vt 0.810494 0.470945
vt 0.242405 0.742343
vt 0.334487 0.953768
vt 0.263899 0.522335
vt 0.264768 0.524154
vt 0.841504 0.326733
vt 0.841504 0.323939
vt 0.842612 0.325264
vt 0.539940 0.159565
vt 0.380944 0.315446
vt 0.380653 0.308676
vt 0.677671 0.826862
vt 0.760550 0.705958
vt 0.808284 0.836874
vt 0.135806 0.811185
vt 0.131814 0.813526
vt 0.130479 0.812687
vt 0.755387 0.703702
vt 0.765815 0.652055
vt 0.772008 0.627380
vt 0.822082 0.470335
vt 0.817716 0.457529
vt 0.822123 0.457317
vt 0.318879 0.965248
vt 0.422359 0.280314
vt 0.839587 0.704556
vt 0.841269 0.289817
vt 0.842355 0.291954
vt 0.542646 0.158577
vt 0.585970 0.123192
vt 0.585871 0.117946
vt 0.765991 0.743199
vt 0.680286 0.832777
vt 0.761049 0.734631
vt 0.762122 0.724559
vt 0.759104 0.716832
vt 0.761660 0.711305
vt 0.674735 0.805385
vt 0.132845 0.816039
vt 0.132198 0.814807
vt 0.419066 0.697137
vt 0.419810 0.695674
vt 0.835956 0.263521
vt 0.837996 0.256080
vt 0.837996 0.276019
vt 0.763188 0.525744
vt 0.337014 0.423188
vt 0.814237 0.459255
vt 0.433126 0.278376
vt 0.418332 0.288312
vt 0.262393 0.517959
vt 0.434151 0.274167
vt 0.263505 0.518328
vt 0.264856 0.524384
vt 0.838220 0.841401
vt 0.839440 0.842352
vt 0.737473 0.840431
vt 0.738521 0.841735
vt 0.737473 0.842674
vt 0.835757 0.648687
vt 0.836661 0.646899
vt 0.412999 0.290957
vt 0.541823 0.159722
vt 0.766001 0.738649
vt 0.757198 0.702805
vt 0.757586 0.701419
vt 0.133722 0.493226
vt 0.670912 0.022253
vt 0.638757 0.214098
vt 0.258761 0.734671
vt 0.334049 0.959652
vt 0.272189 0.600937
vt 0.271835 0.597825
vt 0.272189 0.596674
vt 0.548157 0.164268
vt 0.542725 0.162968
vt 0.432594 0.269610
vt 0.431194 0.271427
vt 0.836531 0.706430
vt 0.836946 0.703755
vt 0.541181 0.159140
vt 0.541238 0.162024
vt 0.139150 0.812353
vt 0.141312 0.816478
vt 0.417826 0.696386
vt 0.811794 0.831808
vt 0.811503 0.833071
vt 0.422201 0.619140
vt 0.181478 0.472116
vt 0.815936 0.472579
vt 0.259822 0.553612
vt 0.259697 0.550577
vt 0.259822 0.548293
vt 0.838147 0.703128
vt 0.571751 0.134926
vt 0.565025 0.143387
vt 0.599782 0.115864
vt 0.764349 0.732123
vt 0.673344 0.821718
vt 0.671959 0.816153
vt 0.763938 0.714330
vt 0.416170 0.695584
vt 0.271876 0.633184
vt 0.272188 0.634177
vt 0.271876 0.635236
vt 0.758258 0.703251
vt 0.413585 0.693254
vt 0.761341 0.699761
vt 0.033775 0.589956
vt 0.039191 0.574113
vt 0.053751 0.584441
vt 0.153722 0.502782
vt 0.643503 0.220212
vt 0.554904 0.154633
vt 0.623908 0.336658
vt 0.623374 0.334687
vt 0.625289 0.334687
vt 0.696191 0.335034
vt 0.695498 0.336744
vt 0.694790 0.335034
vt 0.636748 0.840711
vt 0.638018 0.838921
vt 0.638018 0.841792
vt 0.237380 0.836394
vt 0.239894 0.837255
vt 0.238417 0.838455
vt 0.433760 0.270581
vt 0.719283 0.336746
vt 0.718770 0.335428
vt 0.719907 0.335428
vt 0.636365 0.839622
vt 0.677847 0.832879
vt 0.259697 0.544750
vt 0.259866 0.543900
vt 0.259866 0.548293
vt 0.771144 0.648420
vt 0.771908 0.576105
vt 0.021707 0.606323
vt 0.029372 0.600543
vt 0.023936 0.616712
vt 0.345006 0.427099
vt 0.164779 0.473747
vt 0.179251 0.487394
vt 0.317180 0.970502
vt 0.491116 0.930309
vt 0.562970 0.148019
vt 0.524179 0.767184
vt 0.524179 0.763908
vt 0.524666 0.765964
vt 0.711422 0.837069
vt 0.712025 0.839074
vt 0.710637 0.838328
vt 0.240825 0.832719
vt 0.239567 0.833220
vt 0.240816 0.831540
vt 0.240825 0.834403
vt 0.696940 0.841570
vt 0.695223 0.839286
vt 0.709548 0.836406
vt 0.433400 0.269815
vt 0.435277 0.271041
vt 0.766566 0.729496
vt 0.674173 0.826458
vt 0.757875 0.702473
vt 0.413214 0.669181
vt 0.415174 0.631848
vt 0.411006 0.586690
vt 0.403284 0.531359
vt 0.633302 0.189922
vt 0.257011 0.742290
vt 0.238671 0.740583
vt 0.435580 0.276544
vt 0.665828 0.838475
vt 0.664336 0.840325
vt 0.663573 0.836124
vt 0.730022 0.837347
vt 0.730728 0.836406
vt 0.732052 0.841124
vt 0.338647 0.958229
vt 0.335710 0.958259
vt 0.237380 0.831540
vt 0.237380 0.835988
vt 0.234760 0.834140
vt 0.732052 0.836468
vt 0.240592 0.836394
vt 0.237567 0.835392
vt 0.710685 0.840908
vt 0.237380 0.840412
vt 0.841780 0.398309
vt 0.840323 0.397979
vt 0.841780 0.393439
vt 0.543614 0.836751
vt 0.546500 0.832096
vt 0.723736 0.840908
vt 0.725729 0.836406
vt 0.725729 0.841481
vt 0.724347 0.838179
vt 0.839576 0.395158
vt 0.547099 0.837871
vt 0.547099 0.841823
vt 0.545357 0.839327
vt 0.546140 0.164904
vt 0.436562 0.272081
vt 0.709548 0.840343
vt 0.239673 0.840214
vt 0.719283 0.837503
vt 0.721251 0.836406
vt 0.721251 0.841609
vt 0.394623 0.313809
vt 0.388716 0.327847
vt 0.669017 0.815393
vt 0.668605 0.811410
vt 0.413493 0.694769
vt 0.761520 0.701191
vt 0.410780 0.683513
vt 0.773816 0.596542
vt 0.084221 0.549813
vt 0.071450 0.564660
vt 0.113161 0.520151
vt 0.550179 0.162602
vt 0.417561 0.296957
vt 0.237380 0.833366
vt 0.842575 0.330319
vt 0.841483 0.329840
vt 0.842575 0.327278
vt 0.710701 0.335129
vt 0.711975 0.335129
vt 0.711314 0.336606
vt 0.238506 0.841217
vt 0.719698 0.840584
vt 0.402882 0.305685
vt 0.682905 0.836543
vt 0.766994 0.708776
vt 0.147952 0.816833
vt 0.199053 0.811185
vt 0.204700 0.813316
vt 0.196049 0.819200
vt 0.134698 0.820373
vt 0.002823 0.722592
vt 0.007264 0.713028
vt 0.012362 0.740765
vt 0.770633 0.658886
vt 0.043799 0.591838
vt 0.366163 0.462317
vt 0.123848 0.527149
vt 0.252654 0.748286
vt 0.780335 0.782192
vt 0.780335 0.754557
vt 0.781938 0.769637
vt 0.519107 0.801516
vt 0.524198 0.813981
vt 0.519107 0.829235
vt 0.437582 0.278653
vt 0.560944 0.831919
vt 0.561414 0.831161
vt 0.838220 0.840850
vt 0.837009 0.842375
vt 0.837009 0.840168
vt 0.841967 0.428880
vt 0.841967 0.426457
vt 0.842622 0.428677
vt 0.611832 0.335876
vt 0.613731 0.334647
vt 0.612809 0.336761
vt 0.840961 0.399695
vt 0.611808 0.334647
vt 0.654610 0.837195
vt 0.657224 0.832051
vt 0.658693 0.833140
vt 0.771403 0.726031
vt 0.659328 0.819252
vt 0.662485 0.820565
vt 0.660600 0.825036
vt 0.662562 0.814891
vt 0.202139 0.817478
vt 0.203285 0.817119
vt 0.726085 0.336617
vt 0.726085 0.335008
vt 0.726590 0.335880
vt 0.762604 0.701543
vt 0.415160 0.652893
vt 0.400691 0.554004
vt 0.048912 0.572292
vt 0.436185 0.281267
vt 0.334728 0.961810
vt 0.568186 0.154684
vt 0.561935 0.836625
vt 0.335207 0.961088
vt 0.337575 0.961100
vt 0.841559 0.716651
vt 0.841559 0.713834
vt 0.842586 0.715658
vt 0.840847 0.683939
vt 0.842039 0.684733
vt 0.840847 0.687451
vt 0.841504 0.320386
vt 0.842375 0.321171
vt 0.665326 0.841728
vt 0.663573 0.841021
vt 0.675569 0.336689
vt 0.674551 0.336176
vt 0.675854 0.334985
vt 0.335616 0.960187
vt 0.336971 0.959702
vt 0.841696 0.383696
vt 0.842683 0.383136
vt 0.842683 0.385534
vt 0.234628 0.835330
vt 0.236466 0.837662
vt 0.674315 0.334985
vt 0.544137 0.837750
vt 0.545787 0.836770
vt 0.841122 0.695412
vt 0.839272 0.695276
vt 0.841122 0.694151
vt 0.547099 0.835075
vt 0.656791 0.826450
vt 0.659259 0.812586
vt 0.769775 0.719376
vt 0.409830 0.694162
vt 0.202970 0.817763
vt 0.203148 0.819824
vt 0.241957 0.841430
vt 0.242959 0.842601
vt 0.000000 0.677276
vt 0.009936 0.665596
vt 0.008714 0.686715
vt 0.011528 0.628713
vt 0.027689 0.622669
vt 0.067312 0.573307
vt 0.068093 0.567026
vt 0.377376 0.512305
vt 0.826150 0.465155
vt 0.825073 0.476436
vt 0.426987 0.289030
vt 0.842693 0.389553
vt 0.841696 0.388954
vt 0.842693 0.387218
vt 0.727629 0.841548
vt 0.725729 0.840149
vt 0.727411 0.839910
vt 0.727629 0.837333
vt 0.491326 0.926578
vt 0.488698 0.928744
vt 0.332555 0.962851
vt 0.674315 0.336689
vt 0.673023 0.335918
vt 0.674315 0.334660
vt 0.553015 0.166659
vt 0.727252 0.836406
vt 0.820874 0.826885
vt 0.822873 0.829022
vt 0.822881 0.830025
vt 0.560844 0.834416
vt 0.676582 0.839610
vt 0.678137 0.841183
vt 0.677131 0.842124
vt 0.842699 0.431043
vt 0.841967 0.429769
vt 0.842699 0.428880
vt 0.436785 0.276433
vt 0.841848 0.316347
vt 0.840023 0.319599
vt 0.840023 0.315219
vt 0.438523 0.274487
vt 0.841699 0.318819
vt 0.775156 0.842237
vt 0.776376 0.840692
vt 0.223686 0.840390
vt 0.222961 0.842472
vt 0.222961 0.839533
vt 0.840874 0.697036
vt 0.839543 0.696512
vt 0.222533 0.838769
vt 0.223113 0.837015
vt 0.223498 0.839533
vt 0.548311 0.167026
vt 0.546334 0.837871
vt 0.393976 0.325237
vt 0.594731 0.128146
vt 0.382842 0.327134
vt 0.192346 0.813541
vt 0.407702 0.692567
vt 0.200952 0.822254
vt 0.014456 0.741093
vt 0.016669 0.740121
vt 0.003859 0.690197
vt 0.009222 0.697461
vt 0.003772 0.660302
vt 0.018134 0.635869
vt 0.022219 0.660036
vt 0.408507 0.602527
vt 0.404824 0.570414
vt 0.101893 0.545135
vt 0.837688 0.350239
vt 0.838001 0.346954
vt 0.838359 0.349228
vt 0.489193 0.927827
vt 0.559552 0.159351
vt 0.489871 0.928953
vt 0.839915 0.349639
vt 0.486599 0.929822
vt 0.488531 0.924639
vt 0.486721 0.927382
vt 0.335927 0.961038
vt 0.839821 0.257093
vt 0.841598 0.256080
vt 0.840604 0.263022
vt 0.564709 0.840479
vt 0.563325 0.841450
vt 0.563325 0.838338
vt 0.816151 0.833395
vt 0.815617 0.836575
vt 0.814036 0.835183
vt 0.822352 0.830805
vt 0.821469 0.831866
vt 0.563325 0.836076
vt 0.259091 0.623965
vt 0.260673 0.624733
vt 0.259996 0.626244
vt 0.562066 0.840098
vt 0.562048 0.841676
vt 0.560844 0.840896
vt 0.221421 0.837631
vt 0.546825 0.164284
vt 0.548176 0.167380
vt 0.546983 0.166614
vt 0.693225 0.838939
vt 0.695223 0.838154
vt 0.695223 0.841109
vt 0.550737 0.166124
vt 0.437798 0.273169
vt 0.439323 0.273188
vt 0.831964 0.842346
vt 0.831964 0.840543
vt 0.833238 0.841392
vt 0.544922 0.167258
vt 0.546234 0.169381
vt 0.574905 0.146626
vt 0.598824 0.122805
vt 0.768936 0.741416
vt 0.652893 0.835049
vt 0.772242 0.714971
vt 0.146538 0.819816
vt 0.142541 0.825496
vt 0.135825 0.824053
vt 0.787668 0.841055
vt 0.787565 0.838350
vt 0.789549 0.838350
vt 0.171176 0.507615
vt 0.259037 0.502347
vt 0.260081 0.483938
vt 0.337174 0.964658
vt 0.335402 0.964528
vt 0.332918 0.964698
vt 0.839552 0.347052
vt 0.816151 0.838947
vt 0.814727 0.837993
vt 0.841570 0.698364
vt 0.841865 0.697262
vt 0.842592 0.697095
vt 0.842592 0.699709
vt 0.333484 0.963931
vt 0.552086 0.166716
vt 0.822894 0.832211
vt 0.260669 0.623394
vt 0.562066 0.842674
vt 0.221554 0.835127
vt 0.222538 0.835147
vt 0.337458 0.962553
vt 0.547051 0.167851
vt 0.549350 0.168048
vt 0.439343 0.276314
vt 0.439877 0.274503
vt 0.440687 0.273198
vt 0.811217 0.648827
vt 0.810118 0.648827
vt 0.810934 0.646927
vt 0.779224 0.799410
vt 0.777946 0.802601
vt 0.777480 0.800117
vt 0.838588 0.309440
vt 0.838829 0.308437
vt 0.839743 0.309457
vt 0.833008 0.840168
vt 0.223746 0.835062
vt 0.547329 0.168736
vt 0.842578 0.699709
vt 0.842578 0.702341
vt 0.841570 0.701351
vt 0.842688 0.635191
vt 0.841646 0.634630
vt 0.842688 0.632768
vt 0.259698 0.632558
vt 0.259190 0.630169
vt 0.260673 0.631621
vt 0.735132 0.836406
vt 0.735511 0.838886
vt 0.734113 0.838177
vt 0.525783 0.823449
vt 0.526356 0.826531
vt 0.524526 0.825324
vt 0.736442 0.836672
vt 0.737990 0.335698
vt 0.736817 0.336761
vt 0.583234 0.137150
vt 0.388185 0.330979
vt 0.772397 0.733489
vt 0.018268 0.716958
vt 0.405534 0.628317
vt 0.036238 0.609530
vt 0.366641 0.519277
vt 0.640768 0.055655
vt 0.816247 0.478494
vt 0.310269 0.970030
vt 0.429638 0.294328
vt 0.437129 0.284441
vt 0.488474 0.928982
vt 0.837968 0.345615
vt 0.722867 0.335404
vt 0.723536 0.334924
vt 0.723536 0.336746
vt 0.841723 0.722553
vt 0.840258 0.721409
vt 0.841024 0.721090
vt 0.814578 0.839335
vt 0.338154 0.965252
vt 0.337242 0.962053
vt 0.438621 0.275218
vt 0.439185 0.276496
vt 0.439996 0.275225
vt 0.822900 0.833394
vt 0.260673 0.622101
vt 0.841779 0.396171
vt 0.842573 0.396398
vt 0.841779 0.398776
vt 0.532130 0.841710
vt 0.530441 0.841598
vt 0.531472 0.840837
vt 0.798216 0.333099
vt 0.798801 0.331527
vt 0.798801 0.333486
vt 0.548152 0.168719
vt 0.440684 0.276327
vt 0.259319 0.719832
vt 0.260551 0.720784
vt 0.442007 0.273184
vt 0.221815 0.841574
vt 0.221421 0.840175
vt 0.222961 0.841708
vt 0.726590 0.335964
vt 0.727067 0.335008
vt 0.727067 0.336577
vt 0.543194 0.171365
vt 0.543910 0.170530
vt 0.544160 0.175442
vt 0.546031 0.171009
vt 0.406862 0.317828
vt 0.384121 0.331039
vt 0.650847 0.832163
vt 0.403401 0.682815
vt 0.394868 0.588127
vt 0.506208 0.931269
vt 0.501629 0.932302
vt 0.524666 0.770734
vt 0.524666 0.774038
vt 0.524233 0.771592
vt 0.842716 0.282656
vt 0.841967 0.283116
vt 0.670239 0.842209
vt 0.668605 0.841828
vt 0.669494 0.841618
vt 0.486522 0.936895
vt 0.487780 0.930123
vt 0.335507 0.966911
vt 0.333084 0.966733
vt 0.842679 0.348275
vt 0.841929 0.346305
vt 0.842679 0.346035
vt 0.435793 0.278294
vt 0.441203 0.280437
vt 0.837917 0.344301
vt 0.839338 0.343062
vt 0.439864 0.278313
vt 0.489126 0.930082
vt 0.488369 0.931234
vt 0.486510 0.932186
vt 0.815170 0.840527
vt 0.531466 0.839495
vt 0.532130 0.839183
vt 0.339514 0.963456
vt 0.335693 0.965175
vt 0.841598 0.262543
vt 0.551193 0.168745
vt 0.550052 0.169421
vt 0.553289 0.167302
vt 0.841245 0.719908
vt 0.840178 0.718635
vt 0.441224 0.277662
vt 0.441128 0.275297
vt 0.821395 0.835403
vt 0.562921 0.840098
vt 0.260177 0.619613
vt 0.339995 0.961212
vt 0.342203 0.963989
vt 0.340896 0.964697
vt 0.221421 0.831323
vt 0.223124 0.832111
vt 0.547053 0.169158
vt 0.547007 0.170567
vt 0.841486 0.406866
vt 0.841368 0.409324
vt 0.840002 0.408869
vt 0.444579 0.273053
vt 0.260049 0.714936
vt 0.841068 0.304667
vt 0.541165 0.836154
vt 0.543614 0.839013
vt 0.541165 0.841206
vt 0.697682 0.336634
vt 0.696191 0.336634
vt 0.697492 0.335034
vt 0.542562 0.840494
vt 0.791986 0.334375
vt 0.790880 0.334241
vt 0.790906 0.332845
vt 0.548357 0.172294
vt 0.259077 0.627988
vt 0.621973 0.335073
vt 0.623374 0.336751
vt 0.621479 0.336354
vt 0.717230 0.840254
vt 0.718525 0.839131
vt 0.718795 0.840814
vt 0.735398 0.840439
vt 0.838588 0.304682
vt 0.841269 0.291066
vt 0.841186 0.294359
vt 0.839362 0.294486
vt 0.527452 0.823246
vt 0.445028 0.270145
vt 0.446806 0.269840
vt 0.445890 0.271076
vt 0.721858 0.335449
vt 0.721858 0.336746
vt 0.720720 0.336301
vt 0.736442 0.839469
vt 0.542768 0.172635
vt 0.542144 0.175381
vt 0.543904 0.171200
vt 0.840617 0.692934
vt 0.840329 0.694151
vt 0.839390 0.692602
vt 0.589113 0.140254
vt 0.773714 0.729848
vt 0.654865 0.817727
vt 0.654623 0.811045
vt 0.657977 0.808606
vt 0.046814 0.597659
vt 0.390753 0.531782
vt 0.148004 0.514929
vt 0.196592 0.477146
vt 0.198480 0.516836
vt 0.808284 0.837380
vt 0.807045 0.839249
vt 0.807045 0.835586
vt 0.259546 0.586558
vt 0.260363 0.586238
vt 0.260363 0.587598
vt 0.781105 0.334906
vt 0.782075 0.334133
vt 0.782075 0.336692
vt 0.337692 0.965990
vt 0.670081 0.840596
vt 0.487639 0.932379
vt 0.484390 0.933256
vt 0.484584 0.930814
vt 0.757584 0.841934
vt 0.756406 0.840761
vt 0.841743 0.411911
vt 0.840325 0.410540
vt 0.841483 0.718738
vt 0.246001 0.841530
vt 0.244154 0.841167
vt 0.246001 0.839228
vt 0.441915 0.276494
vt 0.842335 0.694151
vt 0.842324 0.695766
vt 0.841122 0.694914
vt 0.822361 0.835545
vt 0.842625 0.278545
vt 0.842625 0.280729
vt 0.842015 0.279334
vt 0.841929 0.304249
vt 0.842572 0.301934
vt 0.842572 0.304528
vt 0.548235 0.172782
vt 0.822900 0.837293
vt 0.444976 0.276609
vt 0.446591 0.274928
vt 0.260388 0.797418
vt 0.260388 0.802192
vt 0.259307 0.801249
vt 0.792434 0.335868
vt 0.789552 0.335868
vt 0.842015 0.280011
vt 0.840418 0.280984
vt 0.546377 0.174681
vt 0.260673 0.626244
vt 0.441833 0.272287
vt 0.447230 0.272650
vt 0.441318 0.274249
vt 0.840448 0.741584
vt 0.840948 0.739153
vt 0.841893 0.741584
vt 0.525070 0.821192
vt 0.526781 0.821790
vt 0.444623 0.272323
vt 0.450044 0.271550
vt 0.839272 0.689881
vt 0.782499 0.757203
vt 0.781938 0.758939
vt 0.781938 0.754557
vt 0.602786 0.116263
vt 0.776674 0.722530
vt 0.775743 0.716837
vt 0.655467 0.804482
vt 0.189298 0.822621
vt 0.403657 0.693742
vt 0.034957 0.621517
vt 0.351209 0.457619
vt 0.164326 0.512949
vt 0.321641 0.438153
vt 0.812689 0.478816
vt 0.244285 0.753871
vt 0.821786 0.481887
vt 0.328042 0.971079
vt 0.564809 0.167464
vt 0.840457 0.273141
vt 0.839800 0.270703
vt 0.841434 0.271031
vt 0.260292 0.589479
vt 0.842207 0.727650
vt 0.840652 0.728306
vt 0.840652 0.724742
vt 0.488947 0.933729
vt 0.486379 0.932404
vt 0.337934 0.965320
vt 0.334172 0.967363
vt 0.426200 0.300192
vt 0.226661 0.840708
vt 0.225876 0.839626
vt 0.225724 0.837739
vt 0.837830 0.341666
vt 0.486968 0.933495
vt 0.756018 0.841944
vt 0.814036 0.840539
vt 0.814036 0.842636
vt 0.813245 0.840735
vt 0.340432 0.965466
vt 0.840002 0.412866
vt 0.725509 0.335935
vt 0.726085 0.336464
vt 0.551175 0.170107
vt 0.553230 0.168558
vt 0.841723 0.717602
vt 0.841190 0.716651
vt 0.443056 0.278755
vt 0.842335 0.697044
vt 0.223131 0.830966
vt 0.550701 0.172728
vt 0.550539 0.170163
vt 0.782146 0.804523
vt 0.779804 0.803117
vt 0.778340 0.804850
vt 0.767744 0.839482
vt 0.769203 0.839482
vt 0.767820 0.841968
vt 0.840002 0.416904
vt 0.841755 0.414645
vt 0.548446 0.173553
vt 0.716953 0.836406
vt 0.719283 0.836406
vt 0.821220 0.333312
vt 0.823350 0.335119
vt 0.823439 0.336492
vt 0.842622 0.423671
vt 0.842622 0.426238
vt 0.841627 0.425239
vt 0.841498 0.687936
vt 0.841498 0.693336
vt 0.448995 0.268751
vt 0.451298 0.270176
vt 0.449065 0.270536
vt 0.664139 0.335413
vt 0.662602 0.336741
vt 0.662602 0.334833
vt 0.830926 0.842327
vt 0.830678 0.840168
vt 0.831964 0.840168
vt 0.539287 0.180595
vt 0.540012 0.179126
vt 0.541121 0.181435
vt 0.541243 0.179470
vt 0.648395 0.838227
vt 0.648596 0.828122
vt 0.776786 0.711160
vt 0.142446 0.828825
vt 0.136259 0.830223
vt 0.022428 0.687995
vt 0.029558 0.635082
vt 0.108493 0.537098
vt 0.809340 0.478050
vt 0.810343 0.486982
vt 0.236911 0.753174
vt 0.488964 0.932816
vt 0.336344 0.967061
vt 0.841560 0.729551
vt 0.485649 0.933531
vt 0.740563 0.837659
vt 0.740523 0.838918
vt 0.738825 0.838046
vt 0.336647 0.967610
vt 0.841441 0.406584
vt 0.839576 0.401919
vt 0.841550 0.402720
vt 0.739596 0.836406
vt 0.839620 0.406432
vt 0.225724 0.841682
vt 0.445745 0.278973
vt 0.837784 0.340352
vt 0.839254 0.340413
vt 0.442568 0.278305
vt 0.486457 0.934294
vt 0.272131 0.627705
vt 0.271876 0.630064
vt 0.271876 0.626930
vt 0.842558 0.687936
vt 0.842558 0.690949
vt 0.841498 0.688803
vt 0.339058 0.967474
vt 0.553117 0.170298
vt 0.615726 0.336662
vt 0.613731 0.335354
vt 0.822346 0.837817
vt 0.820370 0.835774
vt 0.821177 0.831823
vt 0.841598 0.259571
vt 0.842363 0.259039
vt 0.841904 0.382518
vt 0.841904 0.379842
vt 0.842536 0.380560
vt 0.842658 0.377306
vt 0.841898 0.376368
vt 0.842658 0.374951
vt 0.549164 0.174822
vt 0.821220 0.336060
vt 0.451100 0.267728
vt 0.264918 0.674944
vt 0.263844 0.676847
vt 0.264599 0.671673
vt 0.267273 0.788380
vt 0.267801 0.785913
vt 0.268822 0.788018
vt 0.631011 0.334690
vt 0.632810 0.334690
vt 0.631800 0.336658
vt 0.656436 0.334826
vt 0.656436 0.336639
vt 0.654719 0.335186
vt 0.266147 0.671825
vt 0.454179 0.268010
vt 0.265629 0.787140
vt 0.662562 0.842649
vt 0.662562 0.840380
vt 0.663567 0.841233
vt 0.837688 0.437351
vt 0.837688 0.426457
vt 0.839757 0.431049
vt 0.607738 0.120493
vt 0.651991 0.821113
vt 0.648422 0.803375
vt 0.775290 0.707698
vt 0.148998 0.827051
vt 0.380693 0.546718
vt 0.089644 0.555777
vt 0.141008 0.532457
vt 0.840462 0.269207
vt 0.339063 0.968733
vt 0.738773 0.839157
vt 0.243751 0.840602
vt 0.243751 0.842617
vt 0.242959 0.842149
vt 0.442917 0.281368
vt 0.579150 0.832947
vt 0.580075 0.830654
vt 0.580075 0.835453
vt 0.485183 0.936676
vt 0.483338 0.936473
vt 0.342388 0.967637
vt 0.341571 0.968520
vt 0.746083 0.840843
vt 0.744110 0.838465
vt 0.746083 0.836406
vt 0.839171 0.620538
vt 0.840535 0.623245
vt 0.552029 0.173511
vt 0.550040 0.173463
vt 0.553206 0.171523
vt 0.765330 0.336419
vt 0.766249 0.332965
vt 0.445862 0.276553
vt 0.765950 0.333509
vt 0.484561 0.929311
vt 0.463436 0.950312
vt 0.259380 0.596674
vt 0.550778 0.177438
vt 0.822857 0.838044
vt 0.447994 0.274912
vt 0.782509 0.805876
vt 0.777837 0.809289
vt 0.524831 0.815806
vt 0.548696 0.184897
vt 0.268055 0.778975
vt 0.656687 0.335876
vt 0.658003 0.334827
vt 0.657389 0.336741
vt 0.539740 0.182006
vt 0.656436 0.334827
vt 0.266703 0.671463
vt 0.265758 0.672007
vt 0.265152 0.784672
vt 0.397224 0.332489
vt 0.775473 0.739105
vt 0.777347 0.733691
vt 0.196388 0.827214
vt 0.202272 0.831278
vt 0.015322 0.741619
vt 0.021272 0.740726
vt 0.023737 0.742103
vt 0.260673 0.678069
vt 0.259319 0.683604
vt 0.259319 0.677413
vt 0.026135 0.730594
vt 0.027572 0.681734
vt 0.402870 0.614945
vt 0.661264 0.022552
vt 0.666933 0.015193
vt 0.260399 0.450036
vt 0.260399 0.456657
vt 0.260209 0.453091
vt 0.272205 0.636978
vt 0.271853 0.637640
vt 0.271853 0.635752
vt 0.842619 0.359074
vt 0.841922 0.361523
vt 0.488595 0.936094
vt 0.740563 0.841516
vt 0.841550 0.399695
vt 0.837688 0.336768
vt 0.840889 0.618388
vt 0.841189 0.677923
vt 0.842361 0.677174
vt 0.842361 0.680333
vt 0.345799 0.962875
vt 0.355782 0.966549
vt 0.456227 0.267508
vt 0.704141 0.839048
vt 0.706096 0.840744
vt 0.704141 0.841312
vt 0.267064 0.669883
vt 0.781938 0.778236
vt 0.781938 0.775411
vt 0.782526 0.776754
vt 0.265464 0.782326
vt 0.267965 0.667972
vt 0.264570 0.782542
vt 0.649789 0.807922
vt 0.191701 0.827503
vt 0.135414 0.834806
vt 0.135424 0.826093
vt 0.399049 0.693953
vt 0.028259 0.703224
vt 0.028865 0.653061
vt 0.393052 0.563942
vt 0.681779 0.008579
vt 0.256046 0.758536
vt 0.568756 0.164796
vt 0.808284 0.841261
vt 0.806980 0.842327
vt 0.806980 0.839249
vt 0.446546 0.277309
vt 0.482501 0.937652
vt 0.660327 0.842108
vt 0.660327 0.838921
vt 0.661121 0.841556
vt 0.271865 0.595587
vt 0.272189 0.592050
vt 0.777480 0.824919
vt 0.262323 0.675752
vt 0.264129 0.661880
vt 0.270713 0.794257
vt 0.270638 0.783698
vt 0.538895 0.184302
vt 0.267739 0.666390
vt 0.412081 0.319010
vt 0.842194 0.664756
vt 0.261402 0.776728
vt 0.645508 0.833252
vt 0.647597 0.817656
vt 0.830586 0.483244
vt 0.826598 0.491245
vt 0.333425 0.981785
vt 0.842133 0.366905
vt 0.842598 0.366428
vt 0.842598 0.369042
vt 0.841620 0.267975
vt 0.558768 0.180266
vt 0.579307 0.153847
vt 0.458266 0.266884
vt 0.459247 0.267527
vt 0.460156 0.265536
vt 0.537708 0.186379
vt 0.537934 0.192238
vt 0.537640 0.190936
vt 0.400568 0.327906
vt 0.601408 0.130715
vt 0.780630 0.720795
vt 0.141197 0.833945
vt 0.396934 0.647662
vt 0.058223 0.591178
vt 0.084494 0.572585
vt 0.328198 0.474755
vt 0.818453 0.488228
vt 0.441135 0.292415
vt 0.460705 0.277153
vt 0.264637 0.766218
vt 0.462756 0.266355
vt 0.463383 0.265336
vt 0.262163 0.777883
vt 0.262466 0.776958
vt 0.604732 0.123487
vt 0.639026 0.838921
vt 0.000748 0.775976
vt 0.007081 0.781585
vt 0.003750 0.781668
vt 0.780446 0.727348
vt 0.837688 0.354084
vt 0.840037 0.350238
vt 0.840037 0.361523
vt 0.782543 0.716085
vt 0.196154 0.832605
vt 0.135250 0.837571
vt 0.025264 0.742093
vt 0.026001 0.743495
vt 0.202560 0.833966
vt 0.028969 0.740857
vt 0.393871 0.695938
vt 0.107329 0.547996
vt 0.119594 0.540313
vt 0.630394 0.200929
vt 0.813133 0.489882
vt 0.251600 0.764672
vt 0.338787 0.979479
vt 0.368271 0.969271
vt 0.423247 0.310476
vt 0.536965 0.191687
vt 0.003833 0.773319
vt 0.134505 0.840036
vt 0.390203 0.685083
vt 0.036555 0.643400
vt 0.187852 0.512235
vt 0.323181 0.980048
vt 0.493894 0.950903
vt 0.503213 0.939796
vt 0.449268 0.289817
vt 0.437041 0.297633
vt 0.452013 0.283169
vt 0.364668 0.971637
vt 0.260673 0.680447
vt 0.260849 0.656465
vt 0.270357 0.770898
vt 0.464747 0.265496
vt 0.537919 0.195108
vt 0.591063 0.142147
vt 0.606017 0.127440
vt 0.000000 0.770074
vt 0.641386 0.827057
vt 0.643991 0.821825
vt 0.645570 0.813564
vt 0.186393 0.821913
vt 0.186923 0.827787
vt 0.047784 0.613534
vt 0.246085 0.761394
vt 0.267595 0.655018
vt 0.428648 0.308052
vt 0.269977 0.663185
vt 0.262298 0.769581
vt 0.466480 0.265580
vt 0.467020 0.271063
vt 0.269730 0.659496
vt 0.271009 0.661780
vt 0.271703 0.660039
vt 0.260673 0.772713
vt 0.536858 0.196084
vt 0.540405 0.196011
vt 0.002176 0.763649
vt 0.006307 0.748704
vt 0.011707 0.748385
vt 0.009016 0.753360
vt 0.189620 0.830615
vt 0.148711 0.833783
vt 0.203119 0.836642
vt 0.347512 0.504393
vt 0.345590 0.471747
vt 0.631429 0.206759
vt 0.238446 0.762188
vt 0.572595 0.171582
vt 0.547987 0.189532
vt 0.267262 0.762179
vt 0.268764 0.657272
vt 0.269915 0.657112
vt 0.415889 0.320248
vt 0.431012 0.311664
vt 0.467134 0.268124
vt 0.258447 0.841543
vt 0.257488 0.839136
vt 0.270995 0.658260
vt 0.468304 0.265646
vt 0.605903 0.135266
vt 0.644043 0.809514
vt 0.641722 0.802641
vt 0.143930 0.838378
vt 0.029997 0.744607
vt 0.028428 0.744682
vt 0.032204 0.667762
vt 0.380324 0.576154
vt 0.382247 0.559351
vt 0.060375 0.611241
vt 0.073192 0.580388
vt 0.619918 0.173475
vt 0.242259 0.765386
vt 0.489943 0.945734
vt 0.359007 0.981889
vt 0.439705 0.304122
vt 0.480839 0.932485
vt 0.460408 0.950187
vt 0.266783 0.652748
vt 0.469907 0.263051
vt 0.472461 0.261976
vt 0.475434 0.262272
vt 0.266908 0.652066
vt 0.405756 0.331876
vt 0.640708 0.816622
vt 0.031696 0.746901
vt 0.259072 0.565163
vt 0.259202 0.567707
vt 0.817748 0.494760
vt 0.821515 0.500482
vt 0.264459 0.651478
vt 0.474986 0.261053
vt 0.533566 0.201963
vt 0.535472 0.198980
vt 0.534542 0.204485
vt 0.038085 0.803033
vt 0.033061 0.793279
vt 0.040580 0.796614
vt 0.272204 0.714775
vt 0.271632 0.717419
vt 0.271632 0.712104
vt 0.546347 0.198239
vt 0.024551 0.792393
vt 0.400136 0.336768
vt 0.636087 0.833649
vt 0.006849 0.767895
vt 0.638976 0.822941
vt 0.003848 0.757348
vt 0.008103 0.763333
vt 0.640149 0.807944
vt 0.015802 0.746826
vt 0.014144 0.753113
vt 0.032683 0.747978
vt 0.192312 0.836707
vt 0.195127 0.837533
vt 0.037605 0.657814
vt 0.164839 0.527088
vt 0.653477 0.031712
vt 0.453273 0.295096
vt 0.479412 0.955866
vt 0.381634 0.971228
vt 0.268308 0.761749
vt 0.265712 0.650474
vt 0.266835 0.760995
vt 0.477537 0.260074
vt 0.531565 0.206882
vt 0.531569 0.205643
vt 0.839576 0.393439
vt 0.839576 0.406866
vt 0.837688 0.402533
vt 0.028417 0.787322
vt 0.604123 0.138718
vt 0.010901 0.777108
vt 0.637856 0.829433
vt 0.580003 0.839839
vt 0.579150 0.837667
vt 0.580003 0.835453
vt 0.133526 0.842404
vt 0.197967 0.841655
vt 0.389305 0.697765
vt 0.387045 0.665069
vt 0.383277 0.643230
vt 0.392959 0.639192
vt 0.381167 0.630879
vt 0.392449 0.599803
vt 0.178763 0.523004
vt 0.237138 0.775948
vt 0.272145 0.581421
vt 0.272145 0.585868
vt 0.271869 0.583992
vt 0.263079 0.649448
vt 0.264537 0.648510
vt 0.269428 0.759891
vt 0.268029 0.758551
vt 0.260658 0.793566
vt 0.260658 0.796109
vt 0.259307 0.795081
vt 0.816151 0.840527
vt 0.816151 0.842543
vt 0.815267 0.841112
vt 0.265673 0.648958
vt 0.478057 0.261671
vt 0.469213 0.277078
vt 0.379092 0.750991
vt 0.375882 0.744673
vt 0.383857 0.748942
vt 0.469917 0.263617
vt 0.018367 0.782223
vt 0.014580 0.781508
vt 0.013299 0.757527
vt 0.259319 0.686905
vt 0.260507 0.683604
vt 0.260507 0.690630
vt 0.260071 0.646314
vt 0.259937 0.643387
vt 0.260071 0.641841
vt 0.528368 0.806770
vt 0.527537 0.810039
vt 0.816233 0.837953
vt 0.816233 0.833395
vt 0.817144 0.835208
vt 0.204700 0.841179
vt 0.623820 0.195545
vt 0.259204 0.766645
vt 0.255926 0.769184
vt 0.813317 0.496179
vt 0.556048 0.188267
vt 0.260673 0.744534
vt 0.259383 0.746982
vt 0.259383 0.743592
vt 0.631132 0.841362
vt 0.631132 0.838921
vt 0.633146 0.839894
vt 0.829518 0.840670
vt 0.828308 0.842531
vt 0.782455 0.797912
vt 0.780335 0.797101
vt 0.782455 0.794869
vt 0.780343 0.799056
vt 0.765330 0.334511
vt 0.763049 0.335537
vt 0.679733 0.334712
vt 0.679227 0.336722
vt 0.678222 0.334712
vt 0.259558 0.797418
vt 0.689113 0.336744
vt 0.687723 0.335405
vt 0.689113 0.334916
vt 0.532230 0.210224
vt 0.530557 0.209165
vt 0.540823 0.204030
vt 0.409927 0.332128
vt 0.011528 0.773285
vt 0.011612 0.763780
vt 0.635583 0.816723
vt 0.380413 0.712022
vt 0.380519 0.710256
vt 0.381999 0.709293
vt 0.381650 0.708390
vt 0.804464 0.320882
vt 0.803585 0.320525
vt 0.803892 0.319706
vt 0.044960 0.765562
vt 0.038202 0.755765
vt 0.039886 0.755701
vt 0.800679 0.316423
vt 0.801694 0.316560
vt 0.635340 0.803992
vt 0.798835 0.313541
vt 0.035137 0.751718
vt 0.148091 0.839908
vt 0.367770 0.539199
vt 0.073559 0.595007
vt 0.810676 0.499737
vt 0.831322 0.501589
vt 0.826937 0.504708
vt 0.458654 0.287200
vt 0.448196 0.957465
vt 0.261252 0.645194
vt 0.272204 0.705127
vt 0.271462 0.703137
vt 0.272204 0.700095
vt 0.259037 0.446139
vt 0.260175 0.441179
vt 0.260175 0.462699
vt 0.557939 0.194134
vt 0.232421 0.836510
vt 0.231634 0.833883
vt 0.232421 0.830966
vt 0.825532 0.334395
vt 0.826786 0.333539
vt 0.827618 0.336514
vt 0.808881 0.839860
vt 0.810298 0.836874
vt 0.809743 0.839621
vt 0.766108 0.841732
vt 0.767541 0.839482
vt 0.767744 0.841732
vt 0.808284 0.837985
vt 0.841646 0.630656
vt 0.842682 0.630317
vt 0.842682 0.632768
vt 0.699079 0.335424
vt 0.697682 0.334930
vt 0.260388 0.812164
vt 0.259369 0.813480
vt 0.259369 0.808700
vt 0.684038 0.838154
vt 0.684038 0.841453
vt 0.682189 0.838995
vt 0.827618 0.333312
vt 0.762305 0.336084
vt 0.540808 0.210725
vt 0.044511 0.799205
vt 0.041720 0.789962
vt 0.426407 0.314180
vt 0.834883 0.331604
vt 0.829733 0.319121
vt 0.834883 0.308279
vt 0.630969 0.837044
vt 0.627247 0.833966
vt 0.633696 0.824903
vt 0.809758 0.330118
vt 0.808881 0.329246
vt 0.812640 0.327517
vt 0.048193 0.769331
vt 0.050130 0.769859
vt 0.807781 0.326324
vt 0.806302 0.324246
vt 0.807913 0.328243
vt 0.377347 0.716009
vt 0.376382 0.714551
vt 0.377694 0.714798
vt 0.524257 0.770734
vt 0.524257 0.767184
vt 0.524665 0.769441
vt 0.846462 0.502075
vt 0.848784 0.492272
vt 0.849768 0.502042
vt 0.840135 0.493895
vt 0.848344 0.488255
vt 0.022267 0.748242
vt 0.843059 0.485175
vt 0.849245 0.486256
vt 0.849941 0.485132
vt 0.259046 0.596674
vt 0.259046 0.589494
vt 0.260399 0.591585
vt 0.142846 0.843770
vt 0.036804 0.732846
vt 0.036906 0.720948
vt 0.050726 0.631717
vt 0.055230 0.619984
vt 0.345871 0.984764
vt 0.566054 0.182341
vt 0.569977 0.182370
vt 0.385173 0.974014
vt 0.383916 0.978641
vt 0.386594 0.972075
vt 0.261992 0.644583
vt 0.262481 0.642582
vt 0.577312 0.841691
vt 0.576288 0.840916
vt 0.577312 0.837811
vt 0.634613 0.841370
vt 0.635590 0.839618
vt 0.636365 0.841645
vt 0.713102 0.334991
vt 0.714207 0.335670
vt 0.713102 0.336606
vt 0.772486 0.841627
vt 0.770843 0.841104
vt 0.771961 0.840375
vt 0.529410 0.212111
vt 0.530327 0.213771
vt 0.527727 0.215628
vt 0.810298 0.840905
vt 0.529823 0.212149
vt 0.532467 0.213241
vt 0.271886 0.545382
vt 0.272215 0.548694
vt 0.271886 0.550272
vt 0.682352 0.841280
vt 0.771295 0.839492
vt 0.772486 0.839482
vt 0.038717 0.785485
vt 0.019723 0.779469
vt 0.631118 0.827267
vt 0.809780 0.332777
vt 0.052780 0.771964
vt 0.814639 0.319936
vt 0.379333 0.714057
vt 0.046538 0.755179
vt 0.146290 0.844117
vt 0.802759 0.308088
vt 0.136851 0.848266
vt 0.130479 0.847858
vt 0.381083 0.618420
vt 0.108331 0.562825
vt 0.451918 0.299033
vt 0.272214 0.605350
vt 0.271835 0.607284
vt 0.271835 0.604477
vt 0.675035 0.842133
vt 0.673441 0.840207
vt 0.675035 0.838154
vt 0.822892 0.842119
vt 0.822071 0.840650
vt 0.822892 0.838044
vt 0.484295 0.260414
vt 0.483268 0.259109
vt 0.485904 0.259594
vt 0.560809 0.842196
vt 0.559987 0.839568
vt 0.560809 0.838884
vt 0.260673 0.642401
vt 0.262331 0.640161
vt 0.693466 0.336361
vt 0.694790 0.334926
vt 0.694790 0.336744
vt 0.626837 0.840871
vt 0.625528 0.840794
vt 0.627148 0.837543
vt 0.566299 0.841898
vt 0.564744 0.841898
vt 0.565757 0.838338
vt 0.484708 0.259295
vt 0.486058 0.262093
vt 0.841849 0.314372
vt 0.842564 0.315734
vt 0.841849 0.316920
vt 0.841646 0.635191
vt 0.842225 0.636291
vt 0.841646 0.637137
vt 0.485559 0.257310
vt 0.487394 0.259378
vt 0.486381 0.256631
vt 0.487126 0.257885
vt 0.488543 0.256342
vt 0.563293 0.841479
vt 0.562066 0.842499
vt 0.529660 0.216110
vt 0.555140 0.200123
vt 0.379824 0.741778
vt 0.373799 0.734491
vt 0.033046 0.775371
vt 0.628354 0.829559
vt 0.049727 0.778154
vt 0.057371 0.774003
vt 0.042836 0.778604
vt 0.042447 0.766323
vt 0.843859 0.512780
vt 0.849941 0.505667
vt 0.840530 0.512966
vt 0.839537 0.504027
vt 0.016103 0.763507
vt 0.369708 0.719017
vt 0.807162 0.312052
vt 0.018424 0.753648
vt 0.633059 0.808665
vt 0.373074 0.698600
vt 0.383921 0.704371
vt 0.841259 0.490289
vt 0.386143 0.701670
vt 0.379910 0.691911
vt 0.034148 0.694096
vt 0.159416 0.543774
vt 0.618084 0.136803
vt 0.249594 0.775764
vt 0.833393 0.514374
vt 0.483722 0.957916
vt 0.463621 0.964452
vt 0.448198 0.961753
vt 0.463932 0.289911
vt 0.446830 0.960080
vt 0.445456 0.959417
vt 0.445145 0.960635
vt 0.442140 0.960821
vt 0.242959 0.837565
vt 0.242959 0.836551
vt 0.244021 0.837343
vt 0.243057 0.840602
vt 0.771443 0.336606
vt 0.770761 0.333488
vt 0.771443 0.333110
vt 0.260440 0.793566
vt 0.259307 0.791904
vt 0.804370 0.336157
vt 0.805878 0.333690
vt 0.806764 0.336633
vt 0.804370 0.333128
vt 0.550777 0.839863
vt 0.548852 0.841058
vt 0.548852 0.837148
vt 0.550613 0.836759
vt 0.834494 0.840168
vt 0.835751 0.841974
vt 0.834494 0.842334
vt 0.784418 0.839763
vt 0.766108 0.839700
vt 0.765979 0.841467
vt 0.764593 0.841934
vt 0.528883 0.215200
vt 0.529694 0.217165
vt 0.526910 0.218735
vt 0.782522 0.760027
vt 0.781938 0.762970
vt 0.627148 0.842202
vt 0.529334 0.215592
vt 0.531560 0.216364
vt 0.536741 0.217552
vt 0.489683 0.257288
vt 0.808734 0.648179
vt 0.810118 0.646941
vt 0.831489 0.645922
vt 0.833502 0.646685
vt 0.832999 0.648191
vt 0.764593 0.839482
vt 0.476548 0.272821
vt 0.358990 0.748670
vt 0.472048 0.283690
vt 0.374272 0.740071
vt 0.378207 0.728733
vt 0.047119 0.786111
vt 0.024218 0.777334
vt 0.822660 0.326052
vt 0.040282 0.777117
vt 0.630180 0.820530
vt 0.818498 0.333128
vt 0.370557 0.727082
vt 0.374455 0.718002
vt 0.037838 0.769795
vt 0.812537 0.309859
vt 0.020686 0.758655
vt 0.630846 0.805305
vt 0.033814 0.755667
vt 0.027485 0.752672
vt 0.029290 0.749735
vt 0.025186 0.759419
vt 0.557981 0.833075
vt 0.088424 0.580409
vt 0.620309 0.182294
vt 0.242076 0.776796
vt 0.456691 0.307519
vt 0.385528 0.980610
vt 0.782409 0.841557
vt 0.781902 0.840752
vt 0.842363 0.652103
vt 0.840738 0.650532
vt 0.842363 0.648827
vt 0.264789 0.839270
vt 0.266291 0.841540
vt 0.264449 0.841540
vt 0.841481 0.653340
vt 0.705698 0.336760
vt 0.705698 0.334917
vt 0.706874 0.334946
vt 0.442480 0.962373
vt 0.444372 0.961973
vt 0.439631 0.962495
vt 0.834289 0.336733
vt 0.833031 0.336587
vt 0.833031 0.333128
vt 0.685936 0.838154
vt 0.685936 0.841339
vt 0.684038 0.840653
vt 0.619577 0.336754
vt 0.620967 0.334687
vt 0.621479 0.336754
vt 0.793248 0.839191
vt 0.793299 0.841581
vt 0.791512 0.841581
vt 0.676582 0.838154
vt 0.675954 0.842224
vt 0.780465 0.839932
vt 0.840367 0.366428
vt 0.842133 0.369320
vt 0.840367 0.370812
vt 0.729011 0.842508
vt 0.729515 0.840459
vt 0.730022 0.840506
vt 0.730022 0.842447
vt 0.489673 0.264332
vt 0.487643 0.261169
vt 0.487917 0.260275
vt 0.489759 0.259161
vt 0.488933 0.256668
vt 0.490587 0.257225
vt 0.734145 0.842456
vt 0.734145 0.840439
vt 0.735265 0.841763
vt 0.489369 0.255831
vt 0.492665 0.255603
vt 0.642959 0.335967
vt 0.644739 0.334702
vt 0.644739 0.336594
vt 0.839802 0.639042
vt 0.841558 0.637165
vt 0.841558 0.640868
vt 0.783152 0.840745
vt 0.829518 0.842620
vt 0.829574 0.840168
vt 0.830678 0.842620
vt 0.668567 0.334748
vt 0.669932 0.334748
vt 0.669438 0.336741
vt 0.821131 0.336276
vt 0.820049 0.335627
vt 0.821220 0.335007
vt 0.724900 0.335430
vt 0.724171 0.336239
vt 0.818972 0.335364
vt 0.269890 0.680447
vt 0.271462 0.680494
vt 0.269870 0.683512
vt 0.527750 0.220530
vt 0.525898 0.221705
vt 0.834883 0.335729
vt 0.529697 0.219852
vt 0.529211 0.219719
vt 0.531929 0.216629
vt 0.831489 0.648791
vt 0.675942 0.334701
vt 0.676726 0.336176
vt 0.675942 0.336754
vt 0.840091 0.448037
vt 0.837688 0.447874
vt 0.838451 0.446432
vt 0.268075 0.682072
vt 0.840538 0.450600
vt 0.268910 0.683586
vt 0.268709 0.686119
vt 0.267028 0.684691
vt 0.265943 0.686769
vt 0.266490 0.687713
vt 0.266414 0.690277
vt 0.841558 0.640803
vt 0.842360 0.637922
vt 0.272191 0.604477
vt 0.271835 0.602614
vt 0.272191 0.600937
vt 0.260673 0.632558
vt 0.260071 0.639127
vt 0.828262 0.306451
vt 0.019687 0.774561
vt 0.377277 0.719325
vt 0.826648 0.332115
vt 0.017352 0.768412
vt 0.059755 0.774323
vt 0.055738 0.779164
vt 0.059094 0.772653
vt 0.365921 0.719270
vt 0.366096 0.717637
vt 0.631060 0.815008
vt 0.808535 0.307351
vt 0.807381 0.299151
vt 0.808276 0.302200
vt 0.803186 0.301522
vt 0.044846 0.741865
vt 0.082099 0.586050
vt 0.253094 0.782605
vt 0.335385 0.987086
vt 0.348589 0.989196
vt 0.462608 0.295247
vt 0.448066 0.964992
vt 0.445559 0.963316
vt 0.392725 0.973828
vt 0.390068 0.975269
vt 0.388963 0.973600
vt 0.393055 0.975615
vt 0.385449 0.976358
vt 0.487611 0.262490
vt 0.519107 0.840392
vt 0.520265 0.839611
vt 0.520265 0.842429
vt 0.271806 0.841522
vt 0.270327 0.839443
vt 0.271806 0.839270
vt 0.270018 0.841625
vt 0.443229 0.964157
vt 0.842045 0.737285
vt 0.842625 0.736969
vt 0.842625 0.739153
vt 0.440963 0.963669
vt 0.820058 0.336492
vt 0.839394 0.416910
vt 0.839352 0.421765
vt 0.837688 0.421380
vt 0.840087 0.419734
vt 0.838025 0.422379
vt 0.840087 0.423050
vt 0.786453 0.841748
vt 0.786453 0.838350
vt 0.787562 0.839323
vt 0.838800 0.426457
vt 0.527029 0.221305
vt 0.528874 0.218017
vt 0.533615 0.217062
vt 0.491588 0.258552
vt 0.841254 0.288949
vt 0.840796 0.290892
vt 0.840796 0.288759
vt 0.493373 0.257649
vt 0.493798 0.255179
vt 0.492852 0.253808
vt 0.789549 0.839190
vt 0.791512 0.839190
vt 0.789640 0.841237
vt 0.790626 0.841383
vt 0.820144 0.333626
vt 0.818972 0.333283
vt 0.780420 0.335550
vt 0.781105 0.336736
vt 0.778681 0.336736
vt 0.619576 0.336647
vt 0.618415 0.336754
vt 0.619577 0.334647
vt 0.525000 0.222084
vt 0.526360 0.223248
vt 0.523788 0.224919
vt 0.840448 0.739153
vt 0.840448 0.734400
vt 0.842045 0.737262
vt 0.527789 0.222956
vt 0.470220 0.285160
vt 0.483286 0.274274
vt 0.232508 0.842493
vt 0.233647 0.842409
vt 0.837688 0.450167
vt 0.270004 0.693076
vt 0.681316 0.336744
vt 0.682131 0.334647
vt 0.683056 0.336744
vt 0.779179 0.334132
vt 0.522783 0.224706
vt 0.524641 0.225046
vt 0.522446 0.227104
vt 0.496937 0.250307
vt 0.498495 0.250492
vt 0.494912 0.252362
vt 0.686264 0.334993
vt 0.687723 0.335005
vt 0.686264 0.336744
vt 0.521129 0.226233
vt 0.518352 0.230856
vt 0.517631 0.229502
vt 0.520201 0.226676
vt 0.259598 0.807234
vt 0.260388 0.808700
vt 0.498893 0.248801
vt 0.265620 0.709526
vt 0.266565 0.711294
vt 0.516361 0.230921
vt 0.500995 0.245832
vt 0.501293 0.247817
vt 0.499796 0.247310
vt 0.265089 0.690790
vt 0.265289 0.688510
vt 0.262220 0.702155
vt 0.501880 0.245603
vt 0.505199 0.243764
vt 0.262641 0.693643
vt 0.264235 0.693549
vt 0.262069 0.703848
vt 0.513259 0.235826
vt 0.262507 0.696839
vt 0.831496 0.302974
vt 0.822301 0.309661
vt 0.026199 0.770886
vt 0.823414 0.297318
vt 0.829820 0.299184
vt 0.834863 0.499766
vt 0.627247 0.810497
vt 0.812682 0.300270
vt 0.030241 0.757607
vt 0.361082 0.667499
vt 0.042094 0.670759
vt 0.380370 0.598182
vt 0.360718 0.553023
vt 0.348380 0.516093
vt 0.707856 0.820653
vt 0.707856 0.798390
vt 0.709382 0.810193
vt 0.208935 0.561483
vt 0.646304 0.034341
vt 0.447659 0.967472
vt 0.388443 0.975724
vt 0.389565 0.977406
vt 0.566056 0.195640
vt 0.673441 0.838154
vt 0.673441 0.842190
vt 0.671821 0.840492
vt 0.667215 0.818961
vt 0.668569 0.820708
vt 0.667215 0.822483
vt 0.440558 0.965807
vt 0.396838 0.974243
vt 0.244843 0.837882
vt 0.246311 0.838141
vt 0.244630 0.839228
vt 0.391196 0.976393
vt 0.390746 0.976930
vt 0.232502 0.841245
vt 0.230599 0.839110
vt 0.232502 0.838444
vt 0.840037 0.355877
vt 0.841780 0.360575
vt 0.491305 0.258152
vt 0.749876 0.839482
vt 0.751038 0.841767
vt 0.749253 0.841767
vt 0.750800 0.839566
vt 0.714469 0.840615
vt 0.714469 0.836406
vt 0.716455 0.839237
vt 0.799676 0.837836
vt 0.801961 0.837040
vt 0.800486 0.839857
vt 0.525941 0.224312
vt 0.528353 0.222569
vt 0.530714 0.221318
vt 0.493913 0.257026
vt 0.400076 0.971508
vt 0.395918 0.975763
vt 0.782518 0.762969
vt 0.782518 0.766579
vt 0.781938 0.764292
vt 0.842563 0.319041
vt 0.841849 0.319599
vt 0.837567 0.741592
vt 0.837567 0.739590
vt 0.838873 0.739716
vt 0.524636 0.226441
vt 0.522503 0.226172
vt 0.526201 0.225869
vt 0.404736 0.970302
vt 0.505493 0.254978
vt 0.507098 0.241052
vt 0.510315 0.239990
vt 0.260673 0.698928
vt 0.511393 0.236952
vt 0.365154 0.737505
vt 0.818194 0.310259
vt 0.833945 0.508612
vt 0.019966 0.765045
vt 0.365010 0.724387
vt 0.640646 0.801274
vt 0.639596 0.799527
vt 0.647043 0.800652
vt 0.062293 0.773121
vt 0.365442 0.702355
vt 0.835161 0.495817
vt 0.813226 0.304450
vt 0.814036 0.836956
vt 0.811794 0.840539
vt 0.811794 0.833395
vt 0.560844 0.838884
vt 0.557981 0.835003
vt 0.560844 0.830654
vt 0.041824 0.710692
vt 0.124757 0.572489
vt 0.205136 0.544112
vt 0.824365 0.509313
vt 0.240861 0.789359
vt 0.569336 0.188410
vt 0.444434 0.966147
vt 0.442796 0.964567
vt 0.391374 0.975968
vt 0.573894 0.186471
vt 0.490089 0.262046
vt 0.489583 0.260055
vt 0.841967 0.433243
vt 0.841967 0.431043
vt 0.842641 0.432762
vt 0.654203 0.838921
vt 0.654795 0.841937
vt 0.653288 0.841937
vt 0.641322 0.335515
vt 0.642959 0.334702
vt 0.642959 0.336762
vt 0.779187 0.839600
vt 0.777480 0.840771
vt 0.777480 0.837857
vt 0.841751 0.436633
vt 0.841751 0.433286
vt 0.842391 0.433883
vt 0.778818 0.842008
vt 0.840889 0.621132
vt 0.842152 0.621703
vt 0.840889 0.624336
vt 0.442610 0.966031
vt 0.394189 0.976804
vt 0.246172 0.835066
vt 0.244410 0.836240
vt 0.244671 0.834872
vt 0.230598 0.839506
vt 0.229149 0.838917
vt 0.230208 0.838444
vt 0.229149 0.842130
vt 0.530927 0.218728
vt 0.530132 0.221733
vt 0.490446 0.261311
vt 0.492949 0.260107
vt 0.494613 0.258606
vt 0.799733 0.836718
vt 0.716952 0.840534
vt 0.529269 0.224060
vt 0.271462 0.718664
vt 0.366021 0.731880
vt 0.704142 0.834917
vt 0.707856 0.830227
vt 0.823217 0.303580
vt 0.028856 0.765708
vt 0.033266 0.766631
vt 0.817709 0.305414
vt 0.817990 0.296059
vt 0.032310 0.762651
vt 0.055265 0.645514
vt 0.353288 0.536810
vt 0.312767 0.465747
vt 0.255735 0.779707
vt 0.816328 0.513824
vt 0.819874 0.509200
vt 0.245570 0.790660
vt 0.825378 0.521701
vt 0.386762 0.978146
vt 0.389029 0.979356
vt 0.391510 0.978121
vt 0.392352 0.975828
vt 0.390701 0.979060
vt 0.842481 0.694113
vt 0.841498 0.692292
vt 0.842481 0.690949
vt 0.781938 0.775410
vt 0.781938 0.772585
vt 0.782529 0.774279
vt 0.747672 0.838953
vt 0.747672 0.832037
vt 0.749253 0.837898
vt 0.658370 0.839285
vt 0.660301 0.838921
vt 0.660301 0.841234
vt 0.493264 0.259945
vt 0.491674 0.259522
vt 0.703130 0.336574
vt 0.704356 0.334930
vt 0.704484 0.336574
vt 0.687908 0.838154
vt 0.689960 0.838593
vt 0.688256 0.839904
vt 0.492133 0.258408
vt 0.747836 0.840544
vt 0.749253 0.838953
vt 0.749253 0.841955
vt 0.689960 0.841060
vt 0.244154 0.833417
vt 0.246311 0.832870
vt 0.528900 0.222072
vt 0.530478 0.223298
vt 0.528198 0.225991
vt 0.809640 0.336674
vt 0.809686 0.333128
vt 0.811945 0.336674
vt 0.532509 0.222431
vt 0.496561 0.260592
vt 0.056008 0.811185
vt 0.359880 0.740363
vt 0.053343 0.785662
vt 0.361258 0.723343
vt 0.640913 0.796817
vt 0.318754 0.476341
vt 0.657903 0.021169
vt 0.649503 0.028309
vt 0.813710 0.515851
vt 0.808734 0.513448
vt 0.830626 0.518028
vt 0.234628 0.786223
vt 0.364014 0.986655
vt 0.445109 0.966119
vt 0.447801 0.964646
vt 0.389916 0.978334
vt 0.842643 0.363828
vt 0.842146 0.363635
vt 0.842649 0.361523
vt 0.841989 0.361523
vt 0.616853 0.838289
vt 0.616197 0.840400
vt 0.615184 0.838548
vt 0.840538 0.447773
vt 0.842090 0.446432
vt 0.842090 0.450713
vt 0.793831 0.336711
vt 0.792434 0.334810
vt 0.793831 0.334308
vt 0.448400 0.966208
vt 0.445090 0.967874
vt 0.443921 0.967680
vt 0.440821 0.968284
vt 0.272215 0.543102
vt 0.271835 0.545382
vt 0.271835 0.539842
vt 0.397156 0.975929
vt 0.397560 0.978605
vt 0.393664 0.978845
vt 0.260522 0.691331
vt 0.260140 0.693562
vt 0.259319 0.693568
vt 0.259396 0.690630
vt 0.842337 0.646303
vt 0.841143 0.646982
vt 0.547099 0.830654
vt 0.548648 0.831442
vt 0.547707 0.833148
vt 0.717565 0.336701
vt 0.716545 0.336133
vt 0.717565 0.335161
vt 0.535044 0.219891
vt 0.534759 0.218327
vt 0.490490 0.264009
vt 0.493674 0.262126
vt 0.397268 0.978096
vt 0.245689 0.831540
vt 0.531250 0.225092
vt 0.528163 0.227435
vt 0.556252 0.207515
vt 0.062774 0.801432
vt 0.359456 0.718371
vt 0.639804 0.795761
vt 0.271462 0.684216
vt 0.272062 0.680447
vt 0.272062 0.688427
vt 0.057871 0.748713
vt 0.044989 0.720964
vt 0.369310 0.589752
vt 0.064580 0.620152
vt 0.095653 0.569409
vt 0.388001 0.983216
vt 0.442116 0.968431
vt 0.392959 0.978501
vt 0.391086 0.980021
vt 0.387373 0.981249
vt 0.260662 0.714936
vt 0.260206 0.712608
vt 0.260662 0.711085
vt 0.385857 0.982108
vt 0.272113 0.630828
vt 0.493192 0.262568
vt 0.490927 0.267134
vt 0.615184 0.841610
vt 0.793198 0.332845
vt 0.727629 0.840066
vt 0.727629 0.837510
vt 0.728910 0.839195
vt 0.732052 0.838428
vt 0.734113 0.837972
vt 0.734113 0.840970
vt 0.627247 0.841467
vt 0.627247 0.838921
vt 0.629250 0.840995
vt 0.730022 0.837832
vt 0.520918 0.842499
vt 0.520265 0.840911
vt 0.520918 0.839611
vt 0.260522 0.697374
vt 0.842187 0.680333
vt 0.842274 0.681256
vt 0.840847 0.680494
vt 0.776157 0.332965
vt 0.773879 0.336229
vt 0.798216 0.334620
vt 0.798795 0.333486
vt 0.798795 0.336012
vt 0.548925 0.833592
vt 0.551160 0.830654
vt 0.538442 0.219471
vt 0.528368 0.838700
vt 0.527624 0.838493
vt 0.555555 0.213517
vt 0.521869 0.237451
vt 0.355690 0.736687
vt 0.649201 0.793226
vt 0.356702 0.716248
vt 0.065229 0.772302
vt 0.066630 0.771564
vt 0.356498 0.656180
vt 0.076064 0.603813
vt 0.179514 0.545473
vt 0.388514 0.980675
vt 0.388725 0.982386
vt 0.817144 0.841554
vt 0.816190 0.840212
vt 0.817144 0.837953
vt 0.450783 0.968282
vt 0.448199 0.969209
vt 0.444640 0.969143
vt 0.393126 0.980720
vt 0.393837 0.978438
vt 0.392198 0.981760
vt 0.259318 0.658308
vt 0.259318 0.653481
vt 0.259796 0.654943
vt 0.536578 0.218917
vt 0.535023 0.221464
vt 0.384999 0.982456
vt 0.488624 0.275657
vt 0.493100 0.265462
vt 0.493716 0.264758
vt 0.494999 0.260161
vt 0.733582 0.836406
vt 0.729743 0.836406
vt 0.436163 0.978486
vt 0.437880 0.963474
vt 0.257161 0.835150
vt 0.256216 0.835587
vt 0.271876 0.624349
vt 0.272197 0.625631
vt 0.842015 0.277171
vt 0.842565 0.276019
vt 0.842565 0.278545
vt 0.839043 0.440611
vt 0.837688 0.441194
vt 0.838067 0.437351
vt 0.775071 0.336741
vt 0.549408 0.836759
vt 0.544793 0.218813
vt 0.529208 0.229905
vt 0.474131 0.289704
vt 0.509508 0.252296
vt 0.060253 0.783113
vt 0.651993 0.797007
vt 0.362447 0.676974
vt 0.044625 0.695309
vt 0.111755 0.573849
vt 0.478563 0.965919
vt 0.446311 0.971272
vt 0.392320 0.980877
vt 0.391668 0.982994
vt 0.799790 0.842649
vt 0.799790 0.840365
vt 0.800864 0.841665
vt 0.491553 0.264758
vt 0.493151 0.265196
vt 0.687211 0.838337
vt 0.685936 0.840737
vt 0.687908 0.841195
vt 0.445725 0.970419
vt 0.842667 0.448614
vt 0.842090 0.447684
vt 0.842667 0.446432
vt 0.715312 0.336541
vt 0.714207 0.335075
vt 0.715312 0.334991
vt 0.395198 0.981410
vt 0.398138 0.981250
vt 0.839939 0.441394
vt 0.839682 0.443549
vt 0.838747 0.443606
vt 0.395170 0.982256
vt 0.239895 0.836394
vt 0.240825 0.839493
vt 0.239895 0.840152
vt 0.534133 0.224468
vt 0.495458 0.264036
vt 0.496506 0.263162
vt 0.532516 0.225355
vt 0.060818 0.794442
vt 0.639657 0.793686
vt 0.354059 0.714573
vt 0.044726 0.678775
vt 0.060964 0.630143
vt 0.142369 0.571465
vt 0.637308 0.045357
vt 0.810212 0.526738
vt 0.395486 0.981081
vt 0.388242 0.983893
vt 0.494954 0.262753
vt 0.759428 0.842348
vt 0.760580 0.840212
vt 0.760580 0.841898
vt 0.759258 0.840935
vt 0.759915 0.839482
vt 0.718106 0.335428
vt 0.718770 0.336701
vt 0.729697 0.840459
vt 0.839939 0.446432
vt 0.838063 0.445646
vt 0.839919 0.380480
vt 0.840349 0.377306
vt 0.841436 0.380466
vt 0.533132 0.224774
vt 0.534318 0.225960
vt 0.531973 0.227790
vt 0.539153 0.222838
vt 0.497408 0.263247
vt 0.572722 0.197081
vt 0.586799 0.200908
vt 0.472870 0.294600
vt 0.351724 0.752363
vt 0.567131 0.204510
vt 0.352853 0.725488
vt 0.356751 0.717711
vt 0.068649 0.769593
vt 0.057728 0.727240
vt 0.325939 0.508369
vt 0.319142 0.479040
vt 0.519107 0.752363
vt 0.523439 0.782361
vt 0.250196 0.791754
vt 0.822696 0.519892
vt 0.237265 0.795527
vt 0.463321 0.972365
vt 0.394578 0.983009
vt 0.838930 0.641058
vt 0.840683 0.643231
vt 0.839243 0.643985
vt 0.842278 0.285958
vt 0.392892 0.984758
vt 0.387440 0.984886
vt 0.841143 0.640868
vt 0.272201 0.618280
vt 0.271858 0.617844
vt 0.496845 0.266690
vt 0.409402 0.986675
vt 0.839919 0.383111
vt 0.841904 0.382386
vt 0.536083 0.227355
vt 0.532204 0.229946
vt 0.466615 0.301954
vt 0.510177 0.261068
vt 0.356488 0.745163
vt 0.270916 0.725630
vt 0.270916 0.718665
vt 0.271989 0.722736
vt 0.050628 0.663108
vt 0.452077 0.974864
vt 0.838930 0.647424
vt 0.811217 0.646886
vt 0.812211 0.647320
vt 0.840899 0.647025
vt 0.536766 0.224486
vt 0.535266 0.227979
vt 0.535043 0.230287
vt 0.486294 0.287276
vt 0.357545 0.729135
vt 0.067190 0.757771
vt 0.367630 0.628297
vt 0.366511 0.608160
vt 0.359355 0.579393
vt 0.357251 0.568667
vt 0.085080 0.596601
vt 0.817368 0.631924
vt 0.816199 0.637059
vt 0.815353 0.633993
vt 0.524162 0.792526
vt 0.612630 0.156267
vt 0.256186 0.797428
vt 0.258165 0.785021
vt 0.826290 0.537143
vt 0.366350 0.997156
vt 0.471645 0.317489
vt 0.638522 0.790574
vt 0.272144 0.553408
vt 0.271886 0.556236
vt 0.362108 0.690239
vt 0.321465 0.498640
vt 0.320656 0.484709
vt 0.818900 0.630317
vt 0.821658 0.631276
vt 0.818731 0.635953
vt 0.816706 0.642734
vt 0.815345 0.643584
vt 0.808734 0.646884
vt 0.834883 0.320859
vt 0.837954 0.309481
vt 0.837954 0.325439
vt 0.618710 0.098568
vt 0.636654 0.043372
vt 0.245264 0.802759
vt 0.385845 0.991623
vt 0.543374 0.230889
vt 0.553509 0.219505
vt 0.530591 0.240880
vt 0.522139 0.251857
vt 0.573373 0.204878
vt 0.050058 0.686187
vt 0.078521 0.619071
vt 0.272134 0.533170
vt 0.271835 0.528451
vt 0.272134 0.525532
vt 0.818367 0.640452
vt 0.614058 0.170177
vt 0.817351 0.528109
vt 0.383108 0.997160
vt 0.548115 0.223504
vt 0.272144 0.559491
vt 0.271903 0.562456
vt 0.271903 0.556236
vt 0.839920 0.383136
vt 0.837688 0.375820
vt 0.839920 0.371380
vt 0.642538 0.786062
vt 0.351766 0.717933
vt 0.352965 0.713576
vt 0.348665 0.638242
vt 0.319937 0.488021
vt 0.319457 0.481026
vt 0.157310 0.572965
vt 0.820586 0.634603
vt 0.259871 0.668937
vt 0.259339 0.676680
vt 0.259339 0.666438
vt 0.816533 0.645614
vt 0.819599 0.638137
vt 0.628241 0.069961
vt 0.613505 0.140790
vt 0.662904 0.799584
vt 0.658461 0.791910
vt 0.653552 0.788830
vt 0.351418 0.730213
vt 0.652474 0.783088
vt 0.068478 0.743827
vt 0.524162 0.758352
vt 0.524162 0.752362
vt 0.524639 0.753328
vt 0.819617 0.645304
vt 0.819339 0.642654
vt 0.177546 0.568206
vt 0.189918 0.553937
vt 0.812914 0.535144
vt 0.822736 0.538011
vt 0.504112 0.269718
vt 0.589966 0.196441
vt 0.475415 0.295160
vt 0.526610 0.258158
vt 0.349297 0.744214
vt 0.668605 0.802640
vt 0.667701 0.790009
vt 0.348595 0.734950
vt 0.635911 0.783699
vt 0.633913 0.782339
vt 0.072675 0.762621
vt 0.056629 0.703691
vt 0.064339 0.668615
vt 0.326638 0.529104
vt 0.317585 0.485918
vt 0.316896 0.480145
vt 0.226483 0.831699
vt 0.223786 0.832448
vt 0.223746 0.830966
vt 0.252567 0.803908
vt 0.240078 0.816394
vt 0.407754 0.992627
vt 0.490597 0.283006
vt 0.072497 0.753171
vt 0.069966 0.634970
vt 0.342431 0.541564
vt 0.319898 0.494649
vt 0.314926 0.477176
vt 0.306046 0.477878
vt 0.312795 0.475356
vt 0.822539 0.644642
vt 0.808870 0.540567
vt 0.811952 0.545223
vt 0.814653 0.539555
vt 0.460219 0.981171
vt 0.434349 0.983763
vt 0.539950 0.238278
vt 0.512151 0.269789
vt 0.561545 0.218194
vt 0.075545 0.799151
vt 0.071288 0.796929
vt 0.347894 0.699143
vt 0.314260 0.496806
vt 0.208964 0.556632
vt 0.210059 0.560411
vt 0.226661 0.835449
vt 0.305887 0.482940
vt 0.821918 0.646884
vt 0.625674 0.064648
vt 0.630162 0.052677
vt 0.422549 0.988341
vt 0.349038 0.722771
vt 0.232381 0.825519
vt 0.221985 0.822282
vt 0.234628 0.820534
vt 0.224197 0.818768
vt 0.229568 0.812813
vt 0.063540 0.674273
vt 0.066059 0.657337
vt 0.316607 0.511406
vt 0.310453 0.491649
vt 0.223746 0.837739
vt 0.255914 0.807042
vt 0.828909 0.553465
vt 0.825340 0.548624
vt 0.447268 0.984647
vt 0.502720 0.277746
vt 0.532481 0.251044
vt 0.476554 0.301978
vt 0.662085 0.786617
vt 0.634788 0.781279
vt 0.356087 0.608387
vt 0.106896 0.592095
vt 0.320256 0.501501
vt 0.318192 0.498881
vt 0.497963 0.283724
vt 0.517510 0.268497
vt 0.229889 0.830966
vt 0.345002 0.705313
vt 0.072325 0.719321
vt 0.077096 0.645389
vt 0.082463 0.628055
vt 0.272132 0.653602
vt 0.271703 0.643340
vt 0.272132 0.640161
vt 0.211786 0.567454
vt 0.211937 0.557015
vt 0.212275 0.561319
vt 0.819976 0.548629
vt 0.550660 0.234260
vt 0.487143 0.294402
vt 0.538593 0.246312
vt 0.635877 0.773514
vt 0.632879 0.777837
vt 0.632156 0.778782
vt 0.075020 0.759950
vt 0.349933 0.619076
vt 0.346044 0.582455
vt 0.214172 0.565315
vt 0.259308 0.757440
vt 0.259308 0.751853
vt 0.260673 0.753823
vt 0.206769 0.576670
vt 0.214148 0.556433
vt 0.214011 0.560048
vt 0.248601 0.815490
vt 0.432707 0.989963
vt 0.560048 0.228846
vt 0.217872 0.561869
vt 0.613641 0.100533
vt 0.611103 0.123583
vt 0.608679 0.136806
vt 0.620674 0.071027
vt 0.254763 0.816652
vt 0.252326 0.812415
vt 0.400473 1.000000
vt 0.511460 0.275774
vt 0.340731 0.739779
vt 0.343990 0.702139
vt 0.344065 0.704392
vt 0.341251 0.701806
vt 0.077396 0.757268
vt 0.344519 0.565007
vt 0.106311 0.606891
vt 0.316098 0.503454
vt 0.213781 0.570563
vt 0.216024 0.564961
vt 0.608767 0.152448
vt 0.623863 0.062432
vt 0.815420 0.556766
vt 0.545912 0.242989
vt 0.339799 0.726004
vt 0.653158 0.772523
vt 0.342985 0.703662
vt 0.630580 0.773302
vt 0.630310 0.775375
vt 0.073833 0.744154
vt 0.071570 0.704103
vt 0.094072 0.615495
vt 0.127847 0.590484
vt 0.133054 0.577404
vt 0.310531 0.514288
vt 0.163377 0.582470
vt 0.809985 0.560397
vt 0.812647 0.563616
vt 0.447840 0.987484
vt 0.832735 0.576459
vt 0.825023 0.571050
vt 0.833945 0.554869
vt 0.508039 0.283064
vt 0.484838 0.310095
vt 0.527544 0.257244
vt 0.466487 0.319994
vt 0.339433 0.744140
vt 0.668605 0.773020
vt 0.661364 0.771345
vt 0.345994 0.679307
vt 0.348158 0.668801
vt 0.219674 0.581110
vt 0.216034 0.572703
vt 0.250967 0.825624
vt 0.239689 0.826799
vt 0.236015 0.824410
vt 0.410738 0.997461
vt 0.425724 0.994036
vt 0.228790 0.811185
vt 0.340176 0.700680
vt 0.096722 0.630927
vt 0.220450 0.572450
vt 0.613732 0.088828
vt 0.820664 0.565224
vt 0.434279 0.992859
vt 0.825811 0.602413
vt 0.827895 0.594321
vt 0.829772 0.600210
vt 0.497866 0.291686
vt 0.640657 0.771425
vt 0.338839 0.701135
vt 0.629780 0.770915
vt 0.627247 0.770244
vt 0.083462 0.738766
vt 0.312709 0.509181
vt 0.607738 0.122562
vt 0.810646 0.574426
vt 0.808734 0.621116
vt 0.811775 0.615048
vt 0.809993 0.628644
vt 0.814109 0.620665
vt 0.827468 0.580478
vt 0.536504 0.256417
vt 0.573586 0.222111
vt 0.221421 0.830173
vt 0.647659 0.768548
vt 0.081646 0.753102
vt 0.342783 0.651749
vt 0.071490 0.688891
vt 0.089519 0.637524
vt 0.331812 0.569100
vt 0.120055 0.599536
vt 0.308322 0.503630
vt 0.219130 0.577027
vt 0.809587 0.605604
vt 0.816450 0.611193
vt 0.816132 0.630317
vt 0.820867 0.612297
vt 0.244260 0.831540
vt 0.825155 0.614440
vt 0.518130 0.278457
vt 0.540573 0.252360
vt 0.581222 0.216103
vt 0.589616 0.191479
vt 0.602410 0.202002
vt 0.341409 0.720371
vt 0.221421 0.815569
vt 0.337634 0.700042
vt 0.081972 0.754358
vt 0.080354 0.755473
vt 0.338292 0.668050
vt 0.072343 0.678321
vt 0.326453 0.552623
vt 0.609307 0.103623
vt 0.813390 0.571932
vt 0.818722 0.572953
vt 0.820729 0.596831
vt 0.554572 0.238278
vt 0.336252 0.732610
vt 0.343577 0.709853
vt 0.342541 0.712781
vt 0.338527 0.706368
vt 0.637923 0.767946
vt 0.332459 0.697011
vt 0.083400 0.753353
vt 0.329360 0.687055
vt 0.077456 0.726033
vt 0.075666 0.663361
vt 0.226546 0.584917
vt 0.811046 0.592376
vt 0.812237 0.606205
vt 0.813820 0.589315
vt 0.821278 0.580063
vt 0.594332 0.211254
vt 0.641944 0.767871
vt 0.634985 0.764768
vt 0.046240 0.811594
vt 0.056503 0.811185
vt 0.049130 0.814604
vt 0.842544 0.403584
vt 0.842001 0.405270
vt 0.841550 0.404071
vt 0.344290 0.631650
vt 0.084022 0.651078
vt 0.147814 0.588949
vt 0.309837 0.510072
vt 0.305658 0.507366
vt 0.221671 0.583313
vt 0.231124 0.584234
vt 0.229621 0.587505
vt 0.214816 0.590311
vt 0.193418 0.584161
vt 0.814276 0.600560
vt 0.819134 0.591006
vt 0.505906 0.290329
vt 0.842544 0.406584
vt 0.333963 0.698443
vt 0.205770 0.839300
vt 0.204700 0.839563
vt 0.205859 0.837983
vt 0.205892 0.836199
vt 0.086948 0.751842
vt 0.178536 0.581296
vt 0.517395 0.284353
vt 0.561786 0.234702
vt 0.652366 0.769242
vt 0.339138 0.713001
vt 0.058727 0.816890
vt 0.049353 0.815798
vt 0.337144 0.678529
vt 0.081156 0.696038
vt 0.104771 0.623563
vt 0.305913 0.513267
vt 0.233736 0.591122
vt 0.229705 0.593439
vt 0.551131 0.248383
vt 0.546496 0.257134
vt 0.540752 0.273875
vt 0.640355 0.763867
vt 0.204806 0.842260
vt 0.212823 0.843367
vt 0.055431 0.819165
vt 0.050969 0.819013
vt 0.331449 0.697629
vt 0.329042 0.613643
vt 0.337730 0.587428
vt 0.560432 0.242955
vt 0.544450 0.271601
vt 0.644890 0.762319
vt 0.051921 0.821313
vt 0.213332 0.831104
vt 0.328635 0.696473
vt 0.206528 0.833567
vt 0.327558 0.695019
vt 0.089651 0.751268
vt 0.092096 0.727067
vt 0.083328 0.670166
vt 0.509732 0.294149
vt 0.497102 0.309105
vt 0.127186 0.782266
vt 0.124427 0.780629
vt 0.125186 0.779005
vt 0.337607 0.718708
vt 0.138381 0.603239
vt 0.581647 0.224495
vt 0.477848 0.330336
vt 0.469338 0.333535
vt 0.464295 0.323701
vt 0.652049 0.764503
vt 0.134117 0.783008
vt 0.122785 0.779342
vt 0.121098 0.776692
vt 0.334129 0.709460
vt 0.638115 0.760911
vt 0.327457 0.695900
vt 0.085913 0.711386
vt 0.493310 0.310684
vt 0.333730 0.735360
vt 0.656956 0.767324
vt 0.336810 0.725244
vt 0.132976 0.783776
vt 0.614603 0.816050
vt 0.609246 0.815793
vt 0.611426 0.815473
vt 0.331727 0.705644
vt 0.332252 0.701995
vt 0.057852 0.824582
vt 0.051997 0.824419
vt 0.324803 0.696735
vt 0.328261 0.650088
vt 0.122001 0.610088
vt 0.301686 0.530283
vt 0.516004 0.289628
vt 0.782543 0.396473
vt 0.791409 0.371588
vt 0.787279 0.385418
vt 0.834786 0.590512
vt 0.840751 0.594350
vt 0.834268 0.596465
vt 0.138594 0.781431
vt 0.843397 0.599968
vt 0.835416 0.599429
vt 0.836341 0.601238
vt 0.788888 0.702349
vt 0.782543 0.705509
vt 0.783261 0.703843
vt 0.790582 0.700244
vt 0.605430 0.814716
vt 0.216211 0.838080
vt 0.217337 0.841930
vt 0.053767 0.827827
vt 0.091817 0.677132
vt 0.309591 0.544754
vt 0.540664 0.280593
vt 0.806702 0.731581
vt 0.811997 0.727225
vt 0.798064 0.741624
vt 0.601624 0.206724
vt 0.663825 0.767050
vt 0.839088 0.590559
vt 0.833945 0.589502
vt 0.835696 0.587851
vt 0.835072 0.585302
vt 0.333716 0.715129
vt 0.142472 0.778655
vt 0.259523 0.660788
vt 0.259318 0.659809
vt 0.259523 0.658308
vt 0.272093 0.590917
vt 0.271869 0.589386
vt 0.272093 0.585868
vt 0.118326 0.771992
vt 0.791724 0.699024
vt 0.792583 0.696240
vt 0.794313 0.696076
vt 0.052732 0.833478
vt 0.052531 0.825437
vt 0.320347 0.696866
vt 0.321892 0.695160
vt 0.097565 0.751524
vt 0.324615 0.673946
vt 0.330713 0.635703
vt 0.089723 0.689436
vt 0.109782 0.647040
vt 0.314842 0.582888
vt 0.321818 0.566305
vt 0.302734 0.504352
vt 0.481155 0.324431
vt 0.654579 0.762811
vt 0.332409 0.720774
vt 0.228639 0.841545
vt 0.228639 0.838794
vt 0.229149 0.839783
vt 0.605007 0.821393
vt 0.794096 0.706123
vt 0.797156 0.291616
vt 0.790896 0.289741
vt 0.798835 0.290437
vt 0.782682 0.687502
vt 0.603010 0.815316
vt 0.600926 0.814282
vt 0.794242 0.692380
vt 0.065388 0.822256
vt 0.062597 0.815554
vt 0.207447 0.821270
vt 0.213157 0.826923
vt 0.207238 0.825643
vt 0.318960 0.677797
vt 0.323651 0.625252
vt 0.096080 0.661365
vt 0.105718 0.638830
vt 0.312820 0.559593
vt 0.529655 0.289541
vt 0.570081 0.234863
vt 0.585894 0.225801
vt 0.599602 0.213936
vt 0.474579 0.333556
vt 0.326544 0.733739
vt 0.330669 0.730091
vt 0.839437 0.586820
vt 0.611642 0.823635
vt 0.648650 0.759948
vt 0.787933 0.710430
vt 0.787211 0.329001
vt 0.782081 0.335366
vt 0.782081 0.325958
vt 0.792971 0.298293
vt 0.796207 0.690910
vt 0.116272 0.768569
vt 0.131023 0.756360
vt 0.641507 0.757436
vt 0.598030 0.813997
vt 0.597695 0.812601
vt 0.219805 0.837178
vt 0.218078 0.833848
vt 0.052670 0.835917
vt 0.051730 0.837325
vt 0.260381 0.835643
vt 0.259374 0.838627
vt 0.259374 0.834109
vt 0.102676 0.752018
vt 0.101764 0.752866
vt 0.324791 0.600185
vt 0.132874 0.614542
vt 0.285661 0.530244
vt 0.166598 0.603251
vt 0.183167 0.597865
vt 0.328669 0.738296
vt 0.834801 0.586312
vt 0.141103 0.781160
vt 0.137426 0.782424
vt 0.329777 0.710551
vt 0.115407 0.765113
vt 0.594424 0.812958
vt 0.637683 0.757078
vt 0.798941 0.685551
vt 0.798848 0.684516
vt 0.272204 0.710137
vt 0.271674 0.706643
vt 0.271711 0.711089
vt 0.059434 0.831651
vt 0.105487 0.753585
vt 0.104505 0.754376
vt 0.317477 0.697415
vt 0.314625 0.686331
vt 0.100162 0.734217
vt 0.299186 0.544031
vt 0.290909 0.513430
vt 0.787612 0.401431
vt 0.789990 0.418639
vt 0.784956 0.738966
vt 0.802287 0.724724
vt 0.836261 0.582853
vt 0.781938 0.299706
vt 0.789550 0.293902
vt 0.327035 0.717223
vt 0.798460 0.702123
vt 0.587949 0.809911
vt 0.799752 0.683392
vt 0.588851 0.811012
vt 0.272025 0.712104
vt 0.272212 0.740269
vt 0.271963 0.741468
vt 0.271963 0.739578
vt 0.586666 0.809135
vt 0.109239 0.757591
vt 0.105924 0.755106
vt 0.108280 0.754636
vt 0.207122 0.818350
vt 0.213326 0.821521
vt 0.314082 0.699421
vt 0.092350 0.704455
vt 0.484400 0.331697
vt 0.604218 0.210660
vt 0.798929 0.343106
vt 0.805820 0.339849
vt 0.802491 0.346719
vt 0.816037 0.336768
vt 0.807344 0.345281
vt 0.815650 0.386478
vt 0.814039 0.392177
vt 0.808985 0.389308
vt 0.252061 0.835840
vt 0.270916 0.740536
vt 0.271874 0.739598
vt 0.271874 0.746285
vt 0.142710 0.780254
vt 0.646199 0.754557
vt 0.794248 0.275317
vt 0.324395 0.710649
vt 0.324412 0.703684
vt 0.794574 0.678138
vt 0.800234 0.682445
vt 0.307121 0.693871
vt 0.106632 0.715412
vt 0.107981 0.694052
vt 0.118143 0.633053
vt 0.121428 0.622200
vt 0.196735 0.597676
vt 0.556934 0.265511
vt 0.796081 0.385207
vt 0.791442 0.399344
vt 0.797382 0.731606
vt 0.797163 0.380053
vt 0.815001 0.727233
vt 0.811524 0.719966
vt 0.795301 0.371241
vt 0.809842 0.395024
vt 0.843397 0.586052
vt 0.789081 0.300488
vt 0.603443 0.825779
vt 0.652514 0.757140
vt 0.801344 0.688868
vt 0.046240 0.848347
vt 0.049206 0.844673
vt 0.053113 0.848247
vt 0.049713 0.842734
vt 0.586951 0.815121
vt 0.065744 0.825587
vt 0.050819 0.841086
vt 0.057261 0.842068
vt 0.218946 0.828034
vt 0.061966 0.828806
vt 0.108649 0.756096
vt 0.117548 0.749283
vt 0.206004 0.816904
vt 0.204700 0.813331
vt 0.311730 0.657887
vt 0.302492 0.559658
vt 0.151807 0.609127
vt 0.486395 0.328411
vt 0.802700 0.386391
vt 0.799373 0.373910
vt 0.480447 0.335597
vt 0.607189 0.207697
vt 0.802658 0.395015
vt 0.613919 0.830647
vt 0.608462 0.831600
vt 0.798615 0.714078
vt 0.811936 0.400544
vt 0.797498 0.709544
vt 0.326238 0.722838
vt 0.601149 0.831726
vt 0.804205 0.704477
vt 0.145488 0.778668
vt 0.145297 0.777517
vt 0.782602 0.283566
vt 0.783527 0.286205
vt 0.827002 0.343836
vt 0.830100 0.340852
vt 0.833688 0.343176
vt 0.221236 0.832113
vt 0.059318 0.837874
vt 0.212337 0.817829
vt 0.317098 0.635866
vt 0.102433 0.673827
vt 0.314840 0.595451
vt 0.303853 0.571328
vt 0.219868 0.607055
vt 0.202747 0.609066
vt 0.798835 0.325497
vt 0.774120 0.322595
vt 0.789060 0.321421
vt 0.823266 0.708638
vt 0.799824 0.392000
vt 0.792632 0.722207
vt 0.322479 0.737141
vt 0.799481 0.718707
vt 0.811228 0.383369
vt 0.804592 0.398395
vt 0.793091 0.310686
vt 0.837567 0.739589
vt 0.837567 0.729551
vt 0.840448 0.733930
vt 0.820224 0.341298
vt 0.813726 0.341857
vt 0.811793 0.833395
vt 0.811793 0.826885
vt 0.817144 0.830604
vt 0.776157 0.327317
vt 0.782081 0.334132
vt 0.822608 0.337660
vt 0.148351 0.775823
vt 0.151051 0.773251
vt 0.806385 0.690491
vt 0.057264 0.846273
vt 0.106591 0.706555
vt 0.102639 0.682557
vt 0.599551 0.219181
vt 0.827106 0.712414
vt 0.803059 0.363671
vt 0.806823 0.380741
vt 0.787098 0.713308
vt 0.324571 0.728418
vt 0.322085 0.706003
vt 0.588289 0.820798
vt 0.208811 0.811389
vt 0.212971 0.811185
vt 0.065669 0.831801
vt 0.782543 0.666370
vt 0.307912 0.676899
vt 0.111163 0.733926
vt 0.118616 0.659855
vt 0.285431 0.543035
vt 0.551788 0.270918
vt 0.794228 0.412199
vt 0.776451 0.318685
vt 0.492947 0.328451
vt 0.794610 0.405372
vt 0.787118 0.310863
vt 0.799234 0.350626
vt 0.802949 0.353309
vt 0.615114 0.837456
vt 0.608161 0.837241
vt 0.784767 0.307709
vt 0.805899 0.708868
vt 0.818093 0.406927
vt 0.809866 0.406679
vt 0.321483 0.721072
vt 0.778105 0.292551
vt 0.322215 0.716404
vt 0.150331 0.775254
vt 0.778907 0.282621
vt 0.780032 0.282370
vt 0.145714 0.765824
vt 0.835005 0.348095
vt 0.321286 0.702983
vt 0.060985 0.845100
vt 0.217046 0.816345
vt 0.310580 0.668359
vt 0.314567 0.621500
vt 0.137549 0.621847
vt 0.194592 0.611191
vt 0.489128 0.332501
vt 0.606771 0.214567
vt 0.318707 0.729461
vt 0.807626 0.402709
vt 0.592489 0.838418
vt 0.776045 0.305626
vt 0.152783 0.774036
vt 0.318254 0.711776
vt 0.837688 0.352211
vt 0.831644 0.349856
vt 0.221377 0.822457
vt 0.124369 0.640639
vt 0.601363 0.223626
vt 0.603624 0.218003
vt 0.319457 0.740318
vt 0.318854 0.734030
vt 0.807095 0.696010
vt 0.826184 0.347919
vt 0.828053 0.840168
vt 0.826472 0.838319
vt 0.827351 0.819402
vt 0.804938 0.685798
vt 0.777308 0.281569
vt 0.155067 0.771887
vt 0.777131 0.280280
vt 0.584685 0.819058
vt 0.796887 0.658538
vt 0.308778 0.646449
vt 0.150298 0.619194
vt 0.798434 0.360259
vt 0.801021 0.357678
vt 0.313799 0.733172
vt 0.806686 0.351100
vt 0.812323 0.348919
vt 0.776374 0.299987
vt 0.818971 0.350028
vt 0.317073 0.717424
vt 0.823702 0.822438
vt 0.822900 0.835488
vt 0.317371 0.707988
vt 0.775650 0.280445
vt 0.063916 0.839289
vt 0.835401 0.357716
vt 0.781385 0.266097
vt 0.123315 0.728167
vt 0.301268 0.590714
vt 0.562661 0.260889
vt 0.559567 0.268398
vt 0.314590 0.737853
vt 0.803868 0.412769
vt 0.772185 0.287154
vt 0.260335 0.504510
vt 0.808552 0.684928
vt 0.750166 0.800997
vt 0.749253 0.799410
vt 0.763052 0.802452
vt 0.751168 0.802571
vt 0.528368 0.830654
vt 0.532130 0.833897
vt 0.528368 0.839183
vt 0.774570 0.277673
vt 0.772717 0.277840
vt 0.627247 0.820574
vt 0.627247 0.828997
vt 0.625528 0.825734
vt 0.792107 0.256080
vt 0.785196 0.648827
vt 0.136147 0.635809
vt 0.166427 0.615367
vt 0.226208 0.620486
vt 0.771972 0.311676
vt 0.811580 0.353018
vt 0.595446 0.845229
vt 0.766054 0.281833
vt 0.828265 0.354172
vt 0.810804 0.687571
vt 0.582935 0.826731
vt 0.580101 0.820390
vt 0.067679 0.833893
vt 0.772313 0.277063
vt 0.749253 0.837075
vt 0.751502 0.834010
vt 0.750491 0.836093
vt 0.772583 0.275996
vt 0.186361 0.778140
vt 0.194011 0.766952
vt 0.189701 0.781717
vt 0.300181 0.656961
vt 0.299361 0.614872
vt 0.288505 0.567485
vt 0.282318 0.564548
vt 0.215071 0.628583
vt 0.539331 0.288288
vt 0.536708 0.290901
vt 0.767323 0.318365
vt 0.833147 0.704040
vt 0.831629 0.709983
vt 0.806956 0.359295
vt 0.810290 0.410217
vt 0.314759 0.729500
vt 0.812865 0.697521
vt 0.824594 0.352777
vt 0.313077 0.714646
vt 0.586103 0.829181
vt 0.759591 0.835753
vt 0.797120 0.837985
vt 0.795646 0.828474
vt 0.799676 0.838244
vt 0.760853 0.807863
vt 0.752846 0.805571
vt 0.752744 0.806488
vt 0.752657 0.832843
vt 0.770525 0.275975
vt 0.184911 0.775404
vt 0.183957 0.773646
vt 0.770747 0.274885
vt 0.159194 0.769745
vt 0.160245 0.767972
vt 0.160875 0.769149
vt 0.200827 0.765356
vt 0.294788 0.664552
vt 0.121766 0.714826
vt 0.119545 0.706593
vt 0.302788 0.634048
vt 0.123896 0.684816
vt 0.292422 0.591733
vt 0.146705 0.629926
vt 0.557037 0.284705
vt 0.765014 0.309904
vt 0.799307 0.413944
vt 0.826938 0.704125
vt 0.807825 0.370084
vt 0.609059 0.845386
vt 0.817545 0.704722
vt 0.588463 0.834375
vt 0.834880 0.833615
vt 0.813143 0.680727
vt 0.830202 0.360472
vt 0.819494 0.679686
vt 0.818778 0.686365
vt 0.836377 0.364053
vt 0.828406 0.365980
vt 0.753937 0.808021
vt 0.163928 0.767588
vt 0.182661 0.772420
vt 0.181479 0.770904
vt 0.769543 0.273485
vt 0.768535 0.273797
vt 0.156078 0.759526
vt 0.148973 0.751244
vt 0.156237 0.625836
vt 0.186410 0.618981
vt 0.810811 0.366773
vt 0.812682 0.358175
vt 0.312636 0.723966
vt 0.313165 0.705220
vt 0.753416 0.830087
vt 0.754933 0.830505
vt 0.754431 0.810975
vt 0.756725 0.813277
vt 0.765408 0.272609
vt 0.841898 0.375176
vt 0.840268 0.373590
vt 0.754748 0.828063
vt 0.166339 0.766088
vt 0.177629 0.767053
vt 0.524162 0.761910
vt 0.524666 0.758352
vt 0.524666 0.763907
vt 0.839920 0.377306
vt 0.166412 0.767298
vt 0.130197 0.678058
vt 0.135205 0.650918
vt 0.170427 0.627426
vt 0.792646 0.420370
vt 0.834313 0.699586
vt 0.824025 0.703170
vt 0.590128 0.845386
vt 0.819241 0.358310
vt 0.820132 0.694607
vt 0.766406 0.291341
vt 0.835039 0.819680
vt 0.584085 0.832735
vt 0.310040 0.711802
vt 0.823385 0.684696
vt 0.830076 0.369309
vt 0.180135 0.769944
vt 0.178131 0.768710
vt 0.168451 0.766748
vt 0.755519 0.815087
vt 0.755097 0.826054
vt 0.754266 0.828089
vt 0.189904 0.756927
vt 0.126436 0.724488
vt 0.274103 0.560596
vt 0.768384 0.301875
vt 0.819249 0.699963
vt 0.308152 0.719326
vt 0.822051 0.360939
vt 0.580494 0.830527
vt 0.759798 0.830066
vt 0.157082 0.744642
vt 0.217124 0.756857
vt 0.209356 0.746944
vt 0.291238 0.637888
vt 0.145786 0.645934
vt 0.828917 0.696340
vt 0.817447 0.363804
vt 0.824008 0.697126
vt 0.309056 0.724888
vt 0.586672 0.838852
vt 0.828239 0.685925
vt 0.826130 0.691430
vt 0.822051 0.365266
vt 0.824708 0.369644
vt 0.822539 0.645922
vt 0.822539 0.630317
vt 0.836682 0.640334
vt 0.293453 0.625447
vt 0.133100 0.663074
vt 0.294686 0.605243
vt 0.283575 0.580104
vt 0.818295 0.369427
vt 0.832070 0.694300
vt 0.844072 0.830912
vt 0.761344 0.816215
vt 0.761934 0.822742
vt 0.146998 0.734900
vt 0.138052 0.711569
vt 0.135936 0.698440
vt 0.156756 0.643952
vt 0.220689 0.636159
vt 0.202911 0.629923
vt 0.552404 0.297186
vt 0.751245 0.312096
vt 0.815889 0.416592
vt 0.841188 0.822035
vt 0.763426 0.811688
vt 0.141023 0.674011
vt 0.809696 0.421101
vt 0.805040 0.423479
vt 0.765050 0.837744
vt 0.760387 0.839482
vt 0.764623 0.807126
vt 0.763372 0.833073
vt 0.165890 0.750249
vt 0.186636 0.635036
vt 0.192674 0.639023
vt 0.765869 0.818318
vt 0.179835 0.746850
vt 0.206268 0.738203
vt 0.280180 0.637880
vt 0.149344 0.662845
vt 0.152333 0.651807
vt 0.234628 0.658215
vt 0.230606 0.642099
vt 0.173919 0.639346
vt 0.756927 0.307902
vt 0.758964 0.302773
vt 0.668288 0.826395
vt 0.662562 0.836124
vt 0.767082 0.812814
vt 0.154049 0.720221
vt 0.272219 0.652344
vt 0.146248 0.692337
vt 0.279037 0.620656
vt 0.279177 0.597517
vt 0.274406 0.582006
vt 0.550380 0.291213
vt 0.762529 0.288149
vt 0.164609 0.732018
vt 0.228470 0.743216
vt 0.212410 0.726742
vt 0.225566 0.658108
vt 0.564901 0.282114
vt 0.801608 0.428604
vt 0.760695 0.283229
vt 0.762378 0.277117
vt 0.823745 0.818483
vt 0.187179 0.733310
vt 0.204137 0.651739
vt 0.762457 0.295667
vt 0.155874 0.703771
vt 0.180097 0.658623
vt 0.568846 0.280824
vt 0.840096 0.818483
vt 0.768113 0.830527
vt 0.769757 0.833431
vt 0.201955 0.729309
vt 0.160115 0.671435
vt 0.164044 0.661511
vt 0.231140 0.674744
vt 0.225017 0.682102
vt 0.215304 0.657834
vt 0.188707 0.650650
vt 0.556317 0.291921
vt 0.829772 0.419212
vt 0.830327 0.425498
vt 0.822461 0.417419
vt 0.833433 0.422299
vt 0.755295 0.280712
vt 0.772065 0.808457
vt 0.770238 0.826909
vt 0.173748 0.717836
vt 0.164957 0.715228
vt 0.219805 0.711271
vt 0.226166 0.714660
vt 0.273443 0.606186
vt 0.564234 0.286710
vt 0.561021 0.292697
vt 0.757145 0.295132
vt 0.838330 0.725071
vt 0.838330 0.716651
vt 0.840178 0.722123
vt 0.770391 0.821342
vt 0.192629 0.725427
vt 0.163672 0.693408
vt 0.218910 0.703205
vt 0.229151 0.697637
vt 0.209138 0.672934
vt 0.555652 0.295194
vt 0.754400 0.302299
vt 0.811936 0.425145
vt 0.818068 0.419393
vt 0.755331 0.284567
vt 0.834759 0.428279
vt 0.772517 0.816816
vt 0.170777 0.669454
vt 0.198175 0.663994
vt 0.226661 0.834933
vt 0.229149 0.830966
vt 0.229149 0.838794
vt 0.824616 0.420992
vt 0.203397 0.697984
vt 0.168108 0.683492
vt 0.214153 0.686573
vt 0.182294 0.673504
vt 0.806454 0.430119
vt 0.821374 0.426434
vt 0.825862 0.425520
vt 0.774020 0.824349
vt 0.178933 0.697144
vt 0.198801 0.689247
vt 0.192456 0.685104
vt 0.231634 0.838444
vt 0.229149 0.835331
vt 0.231634 0.830966
vt 0.747136 0.307012
vt 0.748340 0.313046
vt 0.751866 0.287982
vt 0.187987 0.701800
vt 0.802585 0.432306
vt 0.751200 0.300101
vt 0.815926 0.428997
vt 0.749547 0.283646
vt 0.750324 0.275766
vt 0.829816 0.432643
vt 0.837688 0.434146
vt 0.566041 0.291177
vt 0.798558 0.435813
vt 0.802855 0.439258
vt 0.749495 0.292440
vt 0.561166 0.298150
vt 0.826155 0.431417
vt 0.835526 0.438275
vt 0.830808 0.436398
vt 0.777480 0.818972
vt 0.742978 0.306492
vt 0.809434 0.431773
vt 0.745072 0.285281
vt 0.799700 0.442502
vt 0.805727 0.447383
vt 0.744650 0.280423
vt 0.830849 0.440971
vt 0.807751 0.443835
vt 0.811490 0.436152
vt 0.831695 0.444800
vt 0.809647 0.440652
vt 0.739212 0.304131
vt 0.805543 0.450766
vt 0.811459 0.449716
vt 0.742919 0.300965
vt 0.741870 0.297120
vt 0.819892 0.435334
vt 0.824498 0.435828
vt 0.740634 0.287545
vt 0.827160 0.448911
vt 0.824556 0.445627
vt 0.813455 0.446092
vt 0.815260 0.449227
vt 0.823679 0.442430
vt 0.818153 0.445345
vt 0.818151 0.441081
s 1
usemtl Material.001
f 1/1/1 2/2/2 3/3/3
f 3/3/3 4/4/4 5/5/5
f 2/2/2 6/6/6 3/3/3
f 3/3/3 6/6/6 4/4/4
f 4/4/4 7/7/7 5/5/5
f 6/6/6 8/8/8 4/4/4
f 4/4/4 8/8/8 7/7/7
f 1/1/1 3/3/3 9/9/9
f 3/3/3 10/10/10 9/9/9
f 10/10/10 3/3/3 11/11/11
f 3/3/3 5/5/5 11/11/11
f 5/5/5 7/7/7 12/12/12
f 10/10/10 11/11/11 13/13/13
f 2/2/2 1/1/1 14/14/14
f 11/15/11 5/16/5 15/17/15
f 2/2/2 16/18/16 6/6/6
f 5/16/5 12/19/12 15/17/15
f 17/20/17 8/8/8 6/6/6
f 18/21/18 14/14/14 1/1/1
f 9/9/9 18/21/18 1/1/1
f 9/9/9 10/10/10 13/13/13
f 11/15/11 15/17/15 19/22/19
f 14/14/14 20/23/20 2/2/2
f 2/2/2 20/23/20 16/18/16
f 8/8/8 21/24/21 7/7/7
f 8/8/8 17/20/17 21/24/21
f 18/21/18 9/9/9 22/25/22
f 11/15/11 19/22/19 13/26/13
f 14/14/14 23/27/23 20/23/20
f 6/6/6 16/18/16 17/20/17
f 7/7/7 24/28/24 12/12/12
f 21/24/21 24/28/24 7/7/7
f 9/9/9 25/29/25 22/25/22
f 9/9/9 13/13/13 26/30/26
f 18/21/18 27/31/27 14/14/14
f 15/17/15 28/32/28 19/22/19
f 20/23/20 23/27/23 29/33/29
f 29/33/29 16/18/16 20/23/20
f 12/19/12 28/32/28 15/17/15
f 16/18/16 30/34/30 17/20/17
f 18/21/18 22/25/22 27/31/27
f 27/31/27 31/35/31 14/14/14
f 13/26/13 19/22/19 32/36/32
f 14/14/14 31/35/31 23/27/23
f 16/18/16 29/33/29 33/37/33
f 12/19/12 24/38/24 34/39/34
f 35/40/35 21/24/21 17/20/17
f 9/41/9 36/42/36 25/43/25
f 26/44/26 36/42/36 9/41/9
f 26/45/26 13/26/13 32/36/32
f 31/35/31 37/46/37 23/27/23
f 37/46/37 29/33/29 23/27/23
f 12/19/12 34/39/34 28/32/28
f 33/37/33 30/34/30 16/18/16
f 17/20/17 30/34/30 35/40/35
f 27/31/27 38/47/38 31/35/31
f 28/32/28 39/48/39 19/22/19
f 24/38/24 40/49/40 34/39/34
f 21/50/21 41/51/41 24/52/24
f 35/40/35 42/53/42 21/24/21
f 42/54/42 41/51/41 21/50/21
f 25/43/25 36/42/36 22/55/22
f 22/25/22 43/56/43 27/31/27
f 29/33/29 37/46/37 44/57/44
f 30/34/30 45/58/45 35/40/35
f 46/59/46 47/60/47 48/61/48
f 49/62/49 47/60/47 46/59/46
f 27/31/27 43/56/43 38/47/38
f 26/45/26 32/36/32 50/63/50
f 32/36/32 19/22/19 51/64/51
f 33/37/33 52/65/52 30/34/30
f 53/66/53 48/61/48 54/67/54
f 53/66/53 46/59/46 48/61/48
f 55/68/55 49/62/49 46/59/46
f 56/69/56 48/61/48 57/70/57
f 48/61/48 47/60/47 57/70/57
f 47/60/47 58/71/58 57/70/57
f 47/60/47 59/72/59 58/71/58
f 22/55/22 36/42/36 60/73/60
f 50/63/50 32/36/32 61/74/61
f 31/35/31 62/75/62 37/46/37
f 19/22/19 39/48/39 51/64/51
f 28/32/28 63/76/63 64/77/64
f 28/32/28 34/39/34 63/76/63
f 34/39/34 40/49/40 63/76/63
f 30/34/30 52/65/52 45/58/45
f 40/49/40 65/78/65 63/76/63
f 24/52/24 41/51/41 40/79/40
f 41/51/41 42/54/42 66/80/66
f 53/66/53 55/68/55 46/59/46
f 48/61/48 56/69/56 54/67/54
f 67/81/67 49/62/49 55/68/55
f 67/81/67 68/82/68 49/62/49
f 56/69/56 57/70/57 69/83/69
f 49/62/49 68/82/68 47/60/47
f 68/82/68 70/84/70 47/60/47
f 58/71/58 71/85/71 57/70/57
f 70/84/70 59/72/59 47/60/47
f 22/55/22 60/73/60 72/86/72
f 22/55/22 72/86/72 43/87/43
f 26/44/26 50/88/50 36/42/36
f 32/36/32 51/64/51 61/74/61
f 38/47/38 62/75/62 31/35/31
f 37/46/37 62/75/62 73/89/73
f 37/46/37 73/89/73 44/57/44
f 28/32/28 64/77/64 39/48/39
f 29/33/29 44/57/44 33/37/33
f 74/90/74 53/66/53 54/67/54
f 75/91/75 55/68/55 53/66/53
f 54/67/54 56/69/56 76/92/76
f 76/92/76 56/69/56 69/83/69
f 59/72/59 71/85/71 58/71/58
f 60/73/60 36/42/36 50/88/50
f 38/93/38 43/87/43 77/94/77
f 51/64/51 39/48/39 78/95/78
f 78/95/78 39/48/39 64/77/64
f 79/96/79 33/37/33 44/57/44
f 80/97/80 52/65/52 33/37/33
f 81/98/81 52/65/52 80/97/80
f 81/98/81 45/58/45 52/65/52
f 65/99/65 40/79/40 41/51/41
f 45/100/45 82/101/82 35/102/35
f 74/90/74 54/67/54 76/92/76
f 83/103/83 67/81/67 55/68/55
f 69/83/69 84/104/84 76/92/76
f 85/105/85 68/82/68 67/81/67
f 69/83/69 57/70/57 86/106/86
f 57/70/57 71/85/71 87/107/87
f 88/108/88 70/84/70 68/82/68
f 70/84/70 89/109/89 59/72/59
f 43/87/43 72/86/72 77/94/77
f 61/74/61 51/64/51 90/110/90
f 73/89/73 79/96/79 44/57/44
f 82/101/82 91/111/91 35/102/35
f 41/51/41 66/80/66 92/112/92
f 35/102/35 91/111/91 42/54/42
f 42/54/42 91/111/91 66/80/66
f 93/113/93 55/68/55 75/91/75
f 93/113/93 83/103/83 55/68/55
f 57/70/57 87/107/87 86/106/86
f 68/82/68 94/114/94 88/108/88
f 71/85/71 95/115/95 87/107/87
f 88/108/88 89/109/89 70/84/70
f 59/72/59 89/109/89 71/85/71
f 72/86/72 60/73/60 96/116/96
f 38/93/38 77/94/77 97/117/97
f 38/47/38 97/118/97 62/75/62
f 51/64/51 78/95/78 98/119/98
f 64/77/64 99/120/99 78/95/78
f 79/96/79 80/97/80 33/37/33
f 63/76/63 100/121/100 101/122/101
f 65/78/65 100/121/100 63/76/63
f 41/51/41 92/112/92 65/99/65
f 74/90/74 102/123/102 53/66/53
f 75/91/75 53/66/53 103/124/103
f 74/90/74 76/92/76 104/125/104
f 103/124/103 93/113/93 75/91/75
f 76/92/76 84/104/84 105/126/105
f 106/127/106 67/81/67 83/103/83
f 107/128/107 85/105/85 67/81/67
f 69/83/69 86/106/86 108/129/108
f 85/105/85 109/130/109 68/82/68
f 68/82/68 109/130/109 94/114/94
f 88/108/88 110/131/110 89/109/89
f 60/73/60 50/88/50 111/132/111
f 51/64/51 98/119/98 90/110/90
f 73/89/73 112/133/112 79/96/79
f 64/77/64 101/122/101 99/120/99
f 64/77/64 63/76/63 101/122/101
f 45/100/45 81/134/81 82/101/82
f 104/125/104 76/92/76 105/126/105
f 69/83/69 108/129/108 84/104/84
f 106/127/106 107/128/107 67/81/67
f 86/106/86 87/107/87 113/135/113
f 95/115/95 114/136/114 87/107/87
f 71/85/71 115/137/115 95/115/95
f 71/85/71 89/109/89 115/137/115
f 60/73/60 111/132/111 96/116/96
f 111/132/111 50/88/50 116/138/116
f 112/133/112 73/89/73 117/139/117
f 78/95/78 99/120/99 118/140/118
f 53/66/53 102/123/102 103/124/103
f 106/127/106 83/103/83 93/113/93
f 94/114/94 110/131/110 88/108/88
f 80/141/80 79/142/79 119/143/119
f 120/144/120 101/122/101 100/121/100
f 121/145/121 100/121/100 65/78/65
f 122/146/122 92/112/92 66/80/66
f 102/123/102 123/147/123 103/124/103
f 74/90/74 124/148/124 102/123/102
f 104/125/104 124/148/124 74/90/74
f 105/126/105 84/104/84 125/149/125
f 84/104/84 108/129/108 125/149/125
f 107/128/107 109/130/109 85/105/85
f 126/150/126 94/114/94 109/130/109
f 87/107/87 127/151/127 113/135/113
f 87/107/87 114/136/114 127/151/127
f 94/114/94 128/152/128 110/131/110
f 110/131/110 129/153/129 89/109/89
f 89/109/89 130/154/130 115/137/115
f 50/155/50 61/156/61 90/157/90
f 62/75/62 97/118/97 73/89/73
f 101/122/101 120/144/120 99/120/99
f 121/158/121 65/99/65 92/112/92
f 86/106/86 113/135/113 108/129/108
f 126/150/126 128/152/128 94/114/94
f 95/115/95 131/159/131 114/136/114
f 95/115/95 115/137/115 131/159/131
f 96/116/96 132/160/132 72/86/72
f 118/140/118 98/119/98 78/95/78
f 112/161/112 119/143/119 79/142/79
f 119/143/119 133/162/133 80/141/80
f 80/163/80 134/164/134 81/134/81
f 100/121/100 121/145/121 120/144/120
f 91/111/91 135/165/135 66/80/66
f 66/80/66 135/165/135 122/146/122
f 103/124/103 123/147/123 136/166/136
f 124/148/124 104/125/104 137/167/137
f 136/166/136 93/113/93 103/124/103
f 104/125/104 105/126/105 138/168/138
f 139/169/139 107/128/107 106/127/106
f 108/129/108 140/170/140 125/149/125
f 109/130/109 141/171/141 126/150/126
f 127/151/127 142/172/142 113/135/113
f 97/118/97 117/139/117 73/89/73
f 123/147/123 102/123/102 143/173/143
f 138/168/138 105/126/105 125/149/125
f 93/113/93 144/174/144 106/127/106
f 108/129/108 145/175/145 140/170/140
f 108/129/108 113/135/113 145/175/145
f 127/151/127 114/136/114 142/172/142
f 129/153/129 130/154/130 89/109/89
f 132/160/132 77/94/77 72/86/72
f 118/140/118 99/120/99 146/176/146
f 133/177/133 134/164/134 80/163/80
f 147/178/147 91/111/91 82/101/82
f 92/112/92 122/146/122 148/179/148
f 147/178/147 135/165/135 91/111/91
f 102/123/102 124/148/124 149/180/149
f 124/148/124 137/167/137 150/181/150
f 137/167/137 104/125/104 138/168/138
f 107/128/107 139/169/139 151/182/151
f 113/135/113 142/172/142 152/183/152
f 153/184/153 128/152/128 126/150/126
f 154/185/154 110/131/110 128/152/128
f 130/154/130 155/186/155 115/137/115
f 111/132/111 156/187/156 96/116/96
f 50/63/50 90/110/90 157/188/157
f 134/164/134 158/189/158 81/134/81
f 149/180/149 124/148/124 159/190/159
f 143/173/143 102/123/102 160/191/160
f 143/173/143 161/192/161 123/147/123
f 159/190/159 124/148/124 150/181/150
f 144/174/144 139/169/139 106/127/106
f 151/182/151 141/171/141 107/128/107
f 141/171/141 109/130/109 107/128/107
f 154/185/154 128/152/128 153/184/153
f 114/136/114 162/193/162 142/172/142
f 131/159/131 162/193/162 114/136/114
f 115/137/115 163/194/163 131/159/131
f 164/195/164 165/196/165 166/197/166
f 166/197/166 165/196/165 167/198/167
f 168/199/168 169/200/169 170/201/170
f 171/202/171 172/203/172 165/196/165
f 165/196/165 172/203/172 167/198/167
f 168/199/168 173/204/173 169/200/169
f 167/198/167 172/203/172 174/205/174
f 174/205/174 175/206/175 167/198/167
f 173/204/173 176/207/176 169/200/169
f 120/144/120 146/176/146 99/120/99
f 177/208/177 176/207/176 173/204/173
f 81/134/81 158/189/158 82/101/82
f 82/101/82 158/189/158 178/209/178
f 148/179/148 179/210/179 92/112/92
f 82/101/82 178/209/178 147/178/147
f 122/146/122 135/165/135 148/179/148
f 102/123/102 149/180/149 160/191/160
f 93/113/93 136/166/136 180/211/180
f 125/149/125 140/170/140 181/212/181
f 113/135/113 152/183/152 145/175/145
f 141/171/141 182/213/182 126/150/126
f 126/150/126 182/213/182 153/184/153
f 110/131/110 154/185/154 129/153/129
f 155/186/155 163/194/163 115/137/115
f 130/154/130 183/214/183 155/186/155
f 111/132/111 116/138/116 156/187/156
f 50/88/50 157/215/157 116/138/116
f 77/216/77 184/217/184 97/118/97
f 98/119/98 185/218/185 90/110/90
f 117/139/117 97/118/97 186/219/186
f 168/199/168 170/201/170 187/220/187
f 188/221/188 170/201/170 189/222/189
f 170/201/170 169/200/169 189/222/189
f 166/197/166 175/206/175 190/223/190
f 167/198/167 175/206/175 166/197/166
f 191/224/191 171/202/171 165/196/165
f 168/199/168 192/225/192 173/204/173
f 192/225/192 193/226/193 173/204/173
f 169/200/169 194/227/194 195/228/195
f 174/205/174 196/229/196 175/206/175
f 173/204/173 193/226/193 177/208/177
f 169/200/169 176/207/176 194/227/194
f 92/112/92 197/230/197 121/158/121
f 92/112/92 179/210/179 197/230/197
f 159/190/159 150/181/150 198/231/198
f 123/147/123 161/192/161 136/166/136
f 125/149/125 199/232/199 138/168/138
f 144/174/144 200/233/200 139/169/139
f 199/232/199 125/149/125 181/212/181
f 201/234/201 130/154/130 129/153/129
f 156/187/156 132/160/132 96/116/96
f 164/195/164 166/197/166 202/235/202
f 203/236/203 168/199/168 187/220/187
f 170/201/170 188/221/188 187/220/187
f 165/196/165 164/195/164 204/237/204
f 166/197/166 190/223/190 205/238/205
f 189/222/189 169/200/169 195/228/195
f 175/206/175 196/229/196 206/239/206
f 207/240/207 195/241/195 194/242/194
f 171/202/171 208/243/208 172/203/172
f 209/244/209 172/203/172 208/243/208
f 174/205/174 172/203/172 210/245/210
f 211/246/211 177/208/177 193/226/193
f 177/208/177 211/246/211 176/207/176
f 143/173/143 178/247/178 158/248/158
f 160/249/160 149/250/149 147/251/147
f 147/252/147 149/253/149 135/254/135
f 212/255/212 180/211/180 136/166/136
f 151/182/151 213/256/213 141/171/141
f 213/256/213 182/213/182 141/171/141
f 142/172/142 214/257/214 152/183/152
f 153/184/153 215/258/215 154/185/154
f 162/193/162 216/259/216 142/172/142
f 131/159/131 163/194/163 162/193/162
f 130/154/130 217/260/217 183/214/183
f 77/94/77 132/160/132 218/261/218
f 157/188/157 90/110/90 219/262/219
f 219/262/219 90/110/90 185/218/185
f 187/220/187 188/221/188 220/263/220
f 202/235/202 166/197/166 221/264/221
f 221/264/221 166/197/166 205/238/205
f 204/237/204 222/265/222 165/196/165
f 203/236/203 192/225/192 168/199/168
f 165/196/165 222/265/222 191/224/191
f 192/225/192 223/266/223 193/226/193
f 223/266/223 224/267/224 193/226/193
f 174/205/174 210/245/210 196/229/196
f 225/268/225 194/227/194 176/207/176
f 193/226/193 226/269/226 211/246/211
f 209/244/209 227/270/227 172/203/172
f 172/203/172 227/270/227 210/245/210
f 176/207/176 211/246/211 225/268/225
f 160/191/160 147/271/147 178/247/178
f 135/254/135 149/253/149 148/272/148
f 149/273/149 159/274/159 148/275/148
f 161/192/161 143/173/143 228/276/228
f 212/255/212 136/166/136 161/192/161
f 137/167/137 138/168/138 229/277/229
f 180/211/180 144/174/144 93/113/93
f 230/278/230 151/182/151 139/169/139
f 182/213/182 231/279/231 153/184/153
f 231/279/231 215/258/215 153/184/153
f 154/185/154 215/258/215 232/280/232
f 154/185/154 232/280/232 129/153/129
f 201/234/201 217/260/217 130/154/130
f 156/187/156 233/281/233 132/160/132
f 164/195/164 202/235/202 204/237/204
f 190/282/190 234/283/234 205/284/205
f 112/133/112 117/139/117 235/285/235
f 175/286/175 234/283/234 190/282/190
f 189/287/189 195/241/195 236/288/236
f 195/241/195 237/289/237 236/288/236
f 191/224/191 238/290/238 171/202/171
f 207/240/207 237/289/237 195/241/195
f 238/290/238 239/291/239 171/202/171
f 171/202/171 239/291/239 208/243/208
f 224/267/224 226/269/226 193/226/193
f 194/227/194 225/268/225 207/292/207
f 210/245/210 240/293/240 196/229/196
f 241/294/241 120/144/120 242/295/242
f 120/144/120 121/145/121 242/295/242
f 148/296/148 159/297/159 179/298/179
f 159/297/159 198/299/198 179/298/179
f 178/247/178 143/173/143 160/191/160
f 144/174/144 180/211/180 200/233/200
f 200/233/200 243/300/243 139/169/139
f 152/301/152 214/302/214 145/303/145
f 142/172/142 244/304/244 214/257/214
f 142/172/142 216/259/216 244/304/244
f 129/153/129 232/280/232 201/234/201
f 245/305/245 156/187/156 116/138/116
f 246/306/246 184/217/184 77/216/77
f 247/307/247 187/308/187 220/309/220
f 188/221/188 248/310/248 220/263/220
f 249/311/249 204/237/204 202/235/202
f 248/312/248 188/313/188 189/287/189
f 203/236/203 250/314/250 192/225/192
f 222/265/222 251/315/251 191/224/191
f 234/283/234 175/286/175 252/316/252
f 251/315/251 238/290/238 191/224/191
f 252/316/252 175/286/175 206/317/206
f 235/285/235 253/318/253 112/133/112
f 119/319/119 112/133/112 253/318/253
f 252/316/252 206/317/206 254/320/254
f 254/320/254 206/317/206 196/321/196
f 224/267/224 255/322/255 226/269/226
f 239/291/239 209/244/209 208/243/208
f 256/323/256 227/270/227 209/244/209
f 257/324/257 211/246/211 226/269/226
f 258/325/258 225/268/225 211/246/211
f 240/293/240 210/245/210 227/270/227
f 259/326/259 158/189/158 134/164/134
f 260/327/260 121/145/121 261/328/261
f 261/329/261 121/158/121 197/230/197
f 228/276/228 143/173/143 158/248/158
f 179/298/179 198/299/198 197/330/197
f 228/276/228 262/331/262 161/192/161
f 198/231/198 150/181/150 263/332/263
f 137/167/137 229/277/229 264/333/264
f 140/334/140 265/335/265 181/336/181
f 246/337/246 77/94/77 218/261/218
f 245/305/245 116/138/116 266/338/266
f 97/118/97 184/217/184 186/219/186
f 247/307/247 220/309/220 248/339/248
f 249/311/249 267/340/267 204/237/204
f 98/119/98 268/341/268 185/218/185
f 267/340/267 222/265/222 204/237/204
f 98/119/98 118/140/118 268/341/268
f 118/140/118 146/176/146 269/342/269
f 146/176/146 120/144/120 269/342/269
f 207/240/207 270/343/270 237/289/237
f 223/266/223 255/322/255 224/267/224
f 207/240/207 271/344/271 270/343/270
f 239/291/239 272/345/272 209/244/209
f 225/268/225 271/346/271 207/292/207
f 255/322/255 273/347/273 226/269/226
f 260/348/260 242/349/242 121/350/121
f 209/244/209 272/345/272 256/323/256
f 274/351/274 275/352/275 134/164/134
f 273/347/273 257/324/257 226/269/226
f 227/270/227 276/353/276 240/293/240
f 275/352/275 259/326/259 134/164/134
f 259/354/259 228/276/228 158/248/158
f 261/328/261 197/330/197 263/355/263
f 197/330/197 198/299/198 263/355/263
f 150/181/150 137/167/137 277/356/277
f 229/277/229 138/168/138 199/232/199
f 140/334/140 278/357/278 265/335/265
f 140/334/140 145/303/145 278/357/278
f 182/213/182 279/358/279 231/279/231
f 163/194/163 280/359/280 162/193/162
f 132/160/132 233/281/233 281/360/281
f 116/361/116 157/362/157 266/363/266
f 187/220/187 282/364/282 283/365/283
f 187/220/187 247/366/247 282/364/282
f 202/235/202 284/367/284 249/311/249
f 221/264/221 284/367/284 202/235/202
f 187/220/187 283/365/283 203/236/203
f 248/312/248 189/287/189 285/368/285
f 267/340/267 286/369/286 222/265/222
f 118/140/118 287/370/287 268/341/268
f 222/265/222 286/369/286 251/315/251
f 120/144/120 288/371/288 269/342/269
f 237/289/237 270/343/270 289/372/289
f 196/321/196 290/373/290 254/320/254
f 196/321/196 240/374/240 290/373/290
f 261/328/261 263/355/263 260/327/260
f 275/352/275 262/375/262 259/326/259
f 211/376/211 257/377/257 258/378/258
f 227/379/227 256/380/256 276/381/276
f 228/276/228 259/354/259 262/331/262
f 161/192/161 291/382/291 212/255/212
f 277/356/277 137/167/137 264/333/264
f 199/383/199 181/336/181 292/384/292
f 139/169/139 243/300/243 230/278/230
f 145/303/145 293/385/293 278/357/278
f 145/303/145 214/302/214 294/386/294
f 244/304/244 216/259/216 295/387/295
f 215/258/215 296/388/296 232/280/232
f 232/280/232 296/388/296 201/234/201
f 155/186/155 297/389/297 163/194/163
f 245/305/245 233/281/233 156/187/156
f 298/390/298 221/391/221 205/392/205
f 299/393/299 219/262/219 185/218/185
f 299/393/299 185/218/185 300/394/300
f 185/218/185 268/341/268 300/394/300
f 285/368/285 189/287/189 301/395/301
f 302/396/302 117/139/117 186/219/186
f 189/287/189 236/288/236 301/395/301
f 301/395/301 236/288/236 289/372/289
f 289/372/289 236/288/236 237/289/237
f 303/397/303 238/290/238 251/315/251
f 304/398/304 134/399/134 133/162/133
f 305/400/305 262/401/262 134/402/134
f 262/375/262 274/351/274 134/164/134
f 262/403/262 306/404/306 274/405/274
f 274/405/274 306/404/306 275/406/275
f 275/407/275 306/408/306 262/409/262
f 161/192/161 262/331/262 291/382/291
f 277/356/277 264/333/264 307/410/307
f 212/255/212 308/411/308 180/211/180
f 180/211/180 309/412/309 200/233/200
f 230/278/230 213/256/213 151/182/151
f 213/256/213 310/413/310 182/213/182
f 279/358/279 182/213/182 310/413/310
f 311/414/311 214/302/214 244/415/244
f 216/259/216 162/193/162 280/359/280
f 163/194/163 297/389/297 312/416/312
f 183/214/183 297/389/297 155/186/155
f 157/417/157 219/418/219 299/419/299
f 221/391/221 298/390/298 313/420/313
f 284/367/284 221/264/221 313/421/313
f 314/422/314 249/311/249 284/367/284
f 248/339/248 285/423/285 247/307/247
f 315/424/315 316/425/316 186/219/186
f 249/311/249 317/426/317 267/340/267
f 318/427/318 192/225/192 250/314/250
f 301/395/301 289/372/289 319/428/319
f 118/140/118 269/342/269 287/370/287
f 286/369/286 303/397/303 251/315/251
f 119/143/119 304/398/304 133/162/133
f 223/266/223 320/429/320 255/322/255
f 304/430/304 305/431/305 134/432/134
f 255/322/255 320/429/320 321/433/321
f 242/295/242 260/327/260 263/355/263
f 321/433/321 273/347/273 255/322/255
f 322/434/322 291/382/291 262/331/262
f 263/332/263 150/181/150 323/435/323
f 225/436/225 324/437/324 271/344/271
f 325/438/325 256/380/256 272/439/272
f 240/440/240 276/381/276 290/441/290
f 258/378/258 324/442/324 225/443/225
f 256/380/256 326/444/326 276/381/276
f 327/445/327 212/255/212 291/382/291
f 308/411/308 212/255/212 327/445/327
f 309/412/309 243/300/243 200/233/200
f 328/446/328 230/278/230 243/300/243
f 145/303/145 294/386/294 293/385/293
f 231/279/231 329/447/329 215/258/215
f 217/260/217 330/448/330 183/214/183
f 186/219/186 184/217/184 315/424/315
f 282/449/282 331/450/331 283/451/283
f 247/307/247 285/423/285 332/452/332
f 250/314/250 203/236/203 283/365/283
f 249/311/249 314/422/314 317/426/317
f 333/453/333 205/284/205 234/283/234
f 316/425/316 302/396/302 186/219/186
f 301/395/301 334/454/334 285/368/285
f 117/139/117 302/396/302 235/285/235
f 192/225/192 318/427/318 223/266/223
f 120/144/120 241/294/241 288/371/288
f 335/455/335 320/429/320 223/266/223
f 270/343/270 336/456/336 289/372/289
f 242/295/242 323/457/323 241/294/241
f 262/331/262 305/458/305 322/434/322
f 263/355/263 323/457/323 242/295/242
f 272/345/272 337/459/337 325/460/325
f 323/435/323 150/181/150 277/356/277
f 256/380/256 325/438/325 338/461/338
f 258/378/258 339/462/339 324/442/324
f 256/380/256 338/461/338 326/444/326
f 257/377/257 340/463/340 258/378/258
f 308/411/308 309/412/309 180/211/180
f 229/277/229 199/232/199 341/464/341
f 163/194/163 312/416/312 280/359/280
f 266/338/266 342/465/342 245/305/245
f 282/449/282 332/452/332 331/450/331
f 247/307/247 332/452/332 282/449/282
f 315/424/315 343/466/343 316/425/316
f 344/467/344 318/427/318 250/314/250
f 300/394/300 345/468/345 299/393/299
f 317/426/317 346/469/346 267/340/267
f 301/395/301 319/428/319 334/454/334
f 234/283/234 252/316/252 347/470/347
f 318/427/318 335/455/335 223/266/223
f 289/372/289 348/471/348 319/428/319
f 252/316/252 254/320/254 349/472/349
f 349/472/349 254/320/254 350/473/350
f 303/397/303 351/474/351 238/290/238
f 119/475/119 352/476/352 304/477/304
f 336/456/336 270/343/270 353/478/353
f 238/290/238 337/459/337 239/291/239
f 305/458/305 304/479/304 322/434/322
f 254/320/254 290/373/290 354/480/354
f 239/291/239 337/459/337 272/345/272
f 271/344/271 324/437/324 270/343/270
f 291/382/291 355/481/355 327/445/327
f 356/482/356 276/381/276 326/444/326
f 340/463/340 339/462/339 258/378/258
f 199/383/199 292/384/292 341/483/341
f 181/336/181 265/335/265 292/384/292
f 213/256/213 230/278/230 357/484/357
f 213/256/213 357/484/357 310/413/310
f 244/415/244 295/485/295 311/414/311
f 216/259/216 280/359/280 358/486/358
f 215/258/215 359/487/359 296/388/296
f 217/260/217 201/234/201 330/448/330
f 281/360/281 233/281/233 360/488/360
f 157/362/157 361/489/361 266/363/266
f 362/490/362 184/217/184 246/306/246
f 157/362/157 363/491/363 361/489/361
f 313/420/313 364/492/364 284/493/284
f 362/490/362 343/466/343 184/217/184
f 314/494/314 284/493/284 365/495/365
f 184/217/184 343/466/343 315/424/315
f 157/496/157 299/497/299 363/498/363
f 363/498/363 299/497/299 345/499/345
f 333/500/333 234/501/234 366/502/366
f 366/502/366 234/501/234 367/503/367
f 285/368/285 334/454/334 368/504/368
f 234/501/234 347/505/347 367/503/367
f 267/340/267 346/469/346 286/369/286
f 316/425/316 369/506/369 302/396/302
f 318/427/318 370/507/370 335/455/335
f 252/316/252 349/472/349 347/470/347
f 302/396/302 371/508/371 235/285/235
f 269/342/269 288/371/288 287/370/287
f 288/371/288 241/294/241 372/509/372
f 304/479/304 373/510/373 322/434/322
f 270/343/270 324/437/324 353/478/353
f 273/511/273 374/512/374 257/377/257
f 338/461/338 375/513/375 326/444/326
f 243/300/243 376/514/376 328/446/328
f 328/446/328 377/515/377 230/278/230
f 216/516/216 358/517/358 295/485/295
f 296/388/296 378/518/378 201/234/201
f 205/392/205 333/519/333 298/390/298
f 332/452/332 285/423/285 379/520/379
f 380/521/380 344/467/344 283/365/283
f 283/365/283 344/467/344 250/314/250
f 285/368/285 368/504/368 379/522/379
f 343/466/343 381/523/381 316/425/316
f 381/523/381 382/524/382 316/425/316
f 382/524/382 369/506/369 316/425/316
f 300/394/300 268/341/268 383/525/383
f 369/506/369 371/508/371 302/396/302
f 384/526/384 303/397/303 286/369/286
f 235/285/235 371/508/371 253/318/253
f 289/372/289 336/456/336 348/471/348
f 350/473/350 254/320/254 354/480/354
f 304/479/304 352/527/352 385/528/385
f 335/455/335 386/529/386 320/429/320
f 238/290/238 351/474/351 337/459/337
f 304/479/304 385/528/385 373/510/373
f 241/294/241 387/530/387 372/509/372
f 241/294/241 323/457/323 387/530/387
f 322/434/322 373/510/373 291/382/291
f 291/382/291 373/510/373 385/528/385
f 323/435/323 277/356/277 387/531/387
f 291/382/291 385/528/385 355/481/355
f 273/347/273 321/433/321 388/532/388
f 273/511/273 388/533/388 374/512/374
f 325/438/325 389/534/389 338/461/338
f 356/482/356 290/441/290 276/381/276
f 257/377/257 374/512/374 340/463/340
f 308/411/308 327/445/327 390/535/390
f 391/536/391 309/412/309 308/411/308
f 294/386/294 392/537/392 293/385/293
f 214/302/214 311/414/311 392/537/392
f 393/538/393 183/214/183 330/448/330
f 233/281/233 245/305/245 394/539/394
f 395/540/395 362/490/362 246/306/246
f 365/495/365 284/493/284 364/492/364
f 396/541/396 283/365/283 331/542/331
f 298/543/298 333/500/333 366/502/366
f 366/502/366 381/523/381 343/466/343
f 361/544/361 370/507/370 380/521/380
f 380/521/380 370/507/370 318/427/318
f 344/467/344 380/521/380 318/427/318
f 366/502/366 367/503/367 381/523/381
f 363/498/363 370/507/370 361/544/361
f 367/503/367 382/524/382 381/523/381
f 345/499/345 397/545/397 363/498/363
f 345/499/345 398/546/398 397/545/397
f 382/524/382 399/547/399 369/506/369
f 300/394/300 398/548/398 345/468/345
f 363/498/363 397/545/397 370/507/370
f 347/505/347 399/547/399 367/503/367
f 399/547/399 382/524/382 367/503/367
f 334/454/334 319/428/319 348/471/348
f 398/546/398 300/549/300 383/550/383
f 370/507/370 397/545/397 335/455/335
f 347/505/347 349/551/349 399/547/399
f 400/552/400 287/370/287 288/371/288
f 401/553/401 119/554/119 253/555/253
f 352/476/352 119/475/119 401/556/401
f 400/557/400 387/531/387 277/356/277
f 353/478/353 324/437/324 402/558/402
f 403/559/403 354/480/354 290/373/290
f 324/442/324 339/462/339 404/560/404
f 405/561/405 290/441/290 356/482/356
f 404/560/404 339/462/339 340/463/340
f 264/333/264 406/562/406 388/532/388
f 264/333/264 229/277/229 406/562/406
f 407/563/407 243/300/243 309/412/309
f 407/563/407 376/514/376 243/300/243
f 408/564/408 278/357/278 293/385/293
f 377/515/377 357/484/357 230/278/230
f 408/564/408 293/385/293 392/537/392
f 294/386/294 214/302/214 392/537/392
f 279/358/279 329/447/329 231/279/231
f 329/447/329 359/487/359 215/258/215
f 393/538/393 297/389/297 183/214/183
f 409/565/409 343/466/343 362/490/362
f 313/420/313 410/566/410 364/492/364
f 411/567/411 410/566/410 313/420/313
f 313/420/313 298/390/298 411/567/411
f 412/568/412 298/543/298 366/502/366
f 365/495/365 317/569/317 314/494/314
f 346/469/346 413/570/413 286/369/286
f 286/369/286 413/570/413 384/526/384
f 399/571/399 349/472/349 350/473/350
f 268/341/268 287/370/287 383/525/383
f 397/545/397 414/572/414 335/455/335
f 303/397/303 384/526/384 351/474/351
f 355/481/355 385/528/385 352/527/352
f 288/371/288 387/530/387 415/573/415
f 288/574/288 372/575/372 387/576/387
f 415/573/415 387/530/387 400/552/400
f 355/481/355 401/577/401 327/445/327
f 416/578/416 354/480/354 417/579/417
f 418/580/418 321/433/321 320/429/320
f 418/581/418 388/582/388 321/583/321
f 337/584/337 389/534/389 325/438/325
f 307/410/307 264/333/264 419/585/419
f 375/513/375 338/461/338 389/534/389
f 405/561/405 356/482/356 420/586/420
f 417/587/417 390/535/390 327/445/327
f 418/580/418 264/333/264 388/532/388
f 421/588/421 391/536/391 308/411/308
f 229/277/229 341/464/341 422/589/422
f 310/413/310 423/590/423 279/358/279
f 358/517/358 424/591/424 295/485/295
f 359/487/359 425/592/425 296/388/296
f 246/306/246 218/593/218 395/540/395
f 233/281/233 426/594/426 360/488/360
f 362/490/362 395/540/395 409/565/409
f 361/544/361 380/521/380 266/595/266
f 409/565/409 366/502/366 343/466/343
f 380/521/380 283/365/283 396/541/396
f 427/596/427 365/495/365 364/492/364
f 428/597/428 397/545/397 398/546/398
f 348/471/348 429/598/429 334/454/334
f 399/547/399 430/599/430 369/506/369
f 398/546/398 383/550/383 428/597/428
f 348/471/348 431/600/431 429/598/429
f 399/571/399 350/473/350 432/601/432
f 369/506/369 430/599/430 371/508/371
f 414/572/414 386/529/386 335/455/335
f 352/527/352 401/577/401 355/481/355
f 351/474/351 433/602/433 337/459/337
f 307/410/307 400/557/400 277/356/277
f 354/480/354 403/559/403 417/579/417
f 320/429/320 434/603/434 418/580/418
f 337/459/337 435/604/435 389/605/389
f 419/585/419 436/606/436 307/410/307
f 290/441/290 437/607/437 403/608/403
f 290/441/290 405/561/405 437/607/437
f 375/513/375 438/609/438 326/444/326
f 326/444/326 438/609/438 439/610/439
f 356/482/356 326/444/326 439/610/439
f 308/411/308 390/535/390 440/611/440
f 440/611/440 421/588/421 308/411/308
f 406/562/406 229/277/229 422/589/422
f 309/412/309 391/536/391 407/563/407
f 341/483/341 292/384/292 441/612/441
f 442/613/442 376/514/376 407/563/407
f 292/384/292 265/335/265 278/357/278
f 328/446/328 376/514/376 443/614/443
f 280/359/280 444/615/444 358/486/358
f 444/615/444 280/359/280 312/416/312
f 444/615/444 312/416/312 297/389/297
f 445/616/445 297/389/297 393/538/393
f 366/502/366 409/565/409 446/617/446
f 266/595/266 380/521/380 447/618/447
f 396/541/396 447/618/447 380/521/380
f 427/596/427 364/492/364 410/566/410
f 448/619/448 331/450/331 332/452/332
f 448/619/448 332/452/332 379/520/379
f 449/620/449 379/520/379 368/621/368
f 414/572/414 397/545/397 428/597/428
f 348/471/348 336/456/336 431/600/431
f 371/622/371 401/623/401 253/624/253
f 288/371/288 415/573/415 400/552/400
f 450/625/450 336/456/336 353/478/353
f 350/473/350 354/480/354 451/626/451
f 451/626/451 354/480/354 416/578/416
f 434/603/434 320/429/320 419/585/419
f 264/333/264 434/603/434 419/585/419
f 418/580/418 434/603/434 264/333/264
f 390/627/390 403/559/403 437/628/437
f 402/629/402 324/442/324 452/630/452
f 405/561/405 390/631/390 437/607/437
f 388/532/388 406/562/406 374/632/374
f 452/630/452 324/442/324 404/560/404
f 420/586/420 356/482/356 439/610/439
f 420/633/420 440/611/440 405/634/405
f 405/634/405 440/611/440 390/535/390
f 453/635/453 340/463/340 374/512/374
f 454/636/454 404/560/404 340/463/340
f 422/637/422 455/638/455 406/639/406
f 421/588/421 456/640/456 391/536/391
f 391/536/391 457/641/457 407/563/407
f 292/384/292 278/357/278 458/642/458
f 377/515/377 459/643/459 357/484/357
f 460/644/460 329/447/329 279/358/279
f 461/645/461 295/485/295 424/591/424
f 425/592/425 378/518/378 296/388/296
f 201/234/201 378/518/378 462/646/462
f 201/234/201 462/646/462 330/448/330
f 395/647/395 446/648/446 409/649/409
f 446/648/446 412/650/412 366/651/366
f 448/619/448 379/520/379 463/652/463
f 368/504/368 334/454/334 464/653/464
f 465/654/465 334/454/334 429/598/429
f 466/655/466 428/656/428 383/657/383
f 399/547/399 432/658/432 430/599/430
f 430/659/430 467/660/467 371/661/371
f 371/662/371 467/663/467 401/577/401
f 287/664/287 400/665/400 383/657/383
f 336/456/336 450/625/450 431/600/431
f 468/666/468 351/667/351 384/668/384
f 469/669/469 327/445/327 401/577/401
f 386/529/386 436/606/436 320/429/320
f 433/602/433 435/604/435 337/459/337
f 416/670/416 417/587/417 327/445/327
f 470/671/470 389/534/389 435/672/435
f 403/559/403 390/627/390 417/579/417
f 439/673/439 440/611/440 420/633/420
f 406/562/406 453/674/453 374/632/374
f 439/673/439 421/588/421 440/611/440
f 453/674/453 406/562/406 455/675/455
f 340/463/340 453/635/453 454/636/454
f 408/564/408 392/537/392 471/676/471
f 357/484/357 472/677/472 310/413/310
f 218/261/218 473/678/473 474/679/474
f 132/160/132 473/678/473 218/261/218
f 475/680/475 426/594/426 233/281/233
f 447/618/447 476/681/476 266/595/266
f 298/390/298 446/648/446 411/567/411
f 412/650/412 446/648/446 298/390/298
f 396/682/396 331/450/331 476/683/476
f 331/450/331 448/619/448 477/684/477
f 368/504/368 464/653/464 449/685/449
f 400/665/400 478/686/478 383/657/383
f 350/473/350 479/687/479 432/601/432
f 480/688/480 386/529/386 414/572/414
f 351/474/351 468/689/468 433/602/433
f 307/690/307 466/691/466 400/692/400
f 320/429/320 436/606/436 419/585/419
f 307/410/307 481/693/481 482/694/482
f 327/445/327 483/695/483 416/670/416
f 436/606/436 481/693/481 307/410/307
f 439/673/439 438/696/438 421/588/421
f 455/697/455 484/698/484 453/699/453
f 484/700/484 454/636/454 453/635/453
f 454/636/454 485/701/485 404/560/404
f 438/696/438 456/640/456 421/588/421
f 455/702/455 422/703/422 484/704/484
f 456/640/456 486/705/486 391/536/391
f 422/706/422 341/483/341 485/707/485
f 376/514/376 442/613/442 443/614/443
f 328/446/328 443/614/443 377/515/377
f 472/677/472 423/590/423 310/413/310
f 487/708/487 359/487/359 329/447/329
f 358/486/358 444/615/444 488/709/488
f 132/160/132 281/360/281 489/710/489
f 476/683/476 447/711/447 396/682/396
f 463/652/463 379/520/379 449/620/449
f 490/712/490 346/713/346 317/569/317
f 490/714/490 413/570/413 346/469/346
f 464/653/464 334/454/334 465/654/465
f 491/715/491 492/716/492 384/668/384
f 466/717/466 414/572/414 428/597/428
f 493/718/493 430/719/430 432/720/432
f 493/721/493 467/663/467 430/722/430
f 492/716/492 468/666/468 384/668/384
f 494/723/494 432/720/432 479/724/479
f 450/625/450 353/478/353 495/725/495
f 451/726/451 416/670/416 496/727/496
f 483/695/483 327/445/327 469/669/469
f 307/410/307 482/694/482 466/717/466
f 496/728/496 416/729/416 483/730/483
f 497/731/497 452/630/452 404/560/404
f 484/704/484 422/703/422 454/732/454
f 486/705/486 457/641/457 391/536/391
f 442/613/442 407/563/407 457/641/457
f 292/384/292 458/642/458 441/612/441
f 278/357/278 498/733/498 458/642/458
f 278/357/278 408/564/408 498/733/498
f 295/485/295 461/645/461 499/734/499
f 394/539/394 245/305/245 342/465/342
f 342/465/342 266/338/266 476/683/476
f 411/567/411 446/648/446 410/566/410
f 476/683/476 331/450/331 477/684/477
f 463/652/463 500/735/500 448/619/448
f 384/668/384 413/736/413 491/715/491
f 478/686/478 466/655/466 383/657/383
f 501/737/501 414/738/414 466/739/466
f 432/720/432 494/723/494 493/718/493
f 493/721/493 401/577/401 467/663/467
f 478/740/478 400/692/400 466/691/466
f 350/473/350 451/626/451 479/687/479
f 481/693/481 502/741/502 386/529/386
f 451/726/451 496/727/496 483/695/483
f 503/742/503 483/743/483 469/744/469
f 481/693/481 436/606/436 502/741/502
f 502/741/502 436/606/436 386/529/386
f 435/672/435 433/745/433 470/671/470
f 504/746/504 438/609/438 375/513/375
f 438/696/438 486/705/486 456/640/456
f 485/707/485 341/483/341 505/747/505
f 311/414/311 506/748/506 392/537/392
f 279/358/279 423/590/423 460/644/460
f 295/485/295 499/734/499 311/414/311
f 395/647/395 218/261/218 474/679/474
f 394/539/394 475/680/475 233/281/233
f 281/360/281 360/488/360 489/710/489
f 410/566/410 507/749/507 427/596/427
f 448/619/448 500/735/500 477/684/477
f 365/495/365 508/750/508 317/569/317
f 317/569/317 508/750/508 490/712/490
f 431/600/431 509/751/509 429/598/429
f 431/600/431 510/752/510 509/751/509
f 431/600/431 450/625/450 510/752/510
f 401/577/401 493/721/493 469/669/469
f 414/572/414 511/753/511 480/688/480
f 494/723/494 479/724/479 512/754/512
f 479/755/479 503/756/503 469/669/469
f 451/726/451 503/756/503 479/755/479
f 481/693/481 480/688/480 482/694/482
f 480/688/480 513/757/513 386/529/386
f 481/693/481 513/757/513 480/688/480
f 451/726/451 483/695/483 503/756/503
f 386/529/386 513/757/513 481/693/481
f 353/478/353 514/758/514 495/725/495
f 402/558/402 514/758/514 353/478/353
f 375/513/375 389/534/389 515/759/515
f 375/513/375 515/759/515 504/746/504
f 485/701/485 497/731/497 404/560/404
f 438/609/438 504/746/504 486/760/486
f 422/706/422 485/707/485 454/761/454
f 341/483/341 441/612/441 505/747/505
f 443/614/443 459/643/459 377/515/377
f 424/591/424 358/517/358 488/762/488
f 297/389/297 516/763/516 444/615/444
f 473/678/473 132/160/132 489/710/489
f 394/539/394 517/764/517 475/680/475
f 465/654/465 518/765/518 464/653/464
f 429/598/429 509/751/509 465/654/465
f 494/766/494 469/669/469 493/721/493
f 501/737/501 511/767/511 414/738/414
f 512/768/512 469/669/469 494/766/494
f 511/753/511 466/717/466 482/694/482
f 511/753/511 482/694/482 480/688/480
f 479/755/479 469/669/469 512/768/512
f 495/725/495 510/752/510 450/625/450
f 468/666/468 519/769/519 433/770/433
f 470/671/470 433/745/433 520/771/520
f 389/534/389 470/671/470 521/772/521
f 522/773/522 457/641/457 486/705/486
f 457/641/457 523/774/523 442/613/442
f 458/642/458 524/775/524 441/612/441
f 458/642/458 498/733/498 524/775/524
f 474/679/474 525/776/525 395/647/395
f 410/566/410 526/777/526 507/749/507
f 449/685/449 464/653/464 527/778/527
f 490/779/490 528/780/528 413/736/413
f 528/780/528 491/715/491 413/736/413
f 466/717/466 511/753/511 501/781/501
f 452/630/452 529/782/529 402/629/402
f 389/534/389 521/772/521 515/759/515
f 515/759/515 486/760/486 504/746/504
f 505/747/505 441/612/441 530/783/530
f 442/613/442 523/774/523 531/784/531
f 408/564/408 471/676/471 498/733/498
f 459/643/459 532/785/532 357/484/357
f 329/447/329 460/644/460 533/786/533
f 329/447/329 533/786/533 487/708/487
f 488/762/488 534/787/534 424/591/424
f 535/788/535 378/518/378 425/592/425
f 378/518/378 536/789/536 462/646/462
f 445/616/445 393/538/393 537/790/537
f 474/679/474 538/791/538 525/776/525
f 473/678/473 538/791/538 474/679/474
f 342/465/342 476/683/476 539/792/539
f 475/680/475 540/793/540 426/594/426
f 427/596/427 508/750/508 365/495/365
f 507/749/507 508/750/508 427/596/427
f 465/654/465 541/794/541 518/765/518
f 465/654/465 509/751/509 541/794/541
f 491/715/491 542/795/542 492/716/492
f 492/716/492 543/796/543 468/666/468
f 543/796/543 519/769/519 468/666/468
f 433/770/433 519/769/519 520/797/520
f 402/558/402 529/798/529 514/758/514
f 470/671/470 520/771/520 521/772/521
f 515/799/515 522/773/522 486/705/486
f 505/800/505 497/731/497 485/701/485
f 442/613/442 544/801/544 443/614/443
f 357/484/357 532/785/532 472/677/472
f 499/734/499 506/748/506 311/414/311
f 487/708/487 545/802/545 359/487/359
f 359/487/359 535/788/535 425/592/425
f 444/615/444 546/803/546 488/709/488
f 297/389/297 445/616/445 516/763/516
f 330/448/330 537/790/537 393/538/393
f 476/419/476 547/804/547 539/805/539
f 426/594/426 540/793/540 360/488/360
f 446/648/446 395/647/395 410/566/410
f 410/806/410 548/807/548 526/808/526
f 477/684/477 500/735/500 549/809/549
f 452/630/452 550/810/550 529/782/529
f 452/630/452 551/811/551 550/810/550
f 497/731/497 551/811/551 452/630/452
f 443/614/443 552/812/552 459/643/459
f 471/676/471 392/537/392 553/813/553
f 554/814/554 423/590/423 472/677/472
f 461/645/461 424/591/424 555/815/555
f 535/788/535 536/789/536 378/518/378
f 473/678/473 556/816/556 538/791/538
f 394/539/394 557/817/557 517/764/517
f 557/817/557 394/539/394 342/465/342
f 410/566/410 395/647/395 558/818/558
f 559/819/559 464/653/464 518/765/518
f 528/780/528 542/795/542 491/715/491
f 509/751/509 510/752/510 541/794/541
f 560/820/560 550/821/550 551/822/551
f 522/773/522 515/799/515 521/823/521
f 505/747/505 551/822/551 497/824/497
f 522/773/522 561/825/561 457/641/457
f 561/825/561 523/774/523 457/641/457
f 530/783/530 441/612/441 562/826/562
f 441/612/441 524/775/524 562/826/562
f 531/784/531 544/801/544 442/613/442
f 563/827/563 423/590/423 554/814/554
f 499/734/499 461/645/461 555/815/555
f 395/647/395 525/776/525 558/818/558
f 564/828/564 360/488/360 565/829/565
f 410/566/410 558/818/558 548/830/548
f 476/683/476 477/684/477 549/809/549
f 566/831/566 528/780/528 490/779/490
f 492/716/492 542/795/542 543/796/543
f 543/796/543 567/832/567 519/769/519
f 514/758/514 568/833/568 495/725/495
f 514/758/514 529/798/529 568/833/568
f 520/771/520 569/834/569 521/772/521
f 544/801/544 552/812/552 443/614/443
f 459/643/459 552/812/552 532/785/532
f 570/835/570 471/676/471 553/813/553
f 423/590/423 563/827/563 460/644/460
f 571/836/571 572/837/572 573/838/573
f 573/838/573 574/839/574 571/836/571
f 571/836/571 575/840/575 572/837/572
f 574/839/574 576/841/576 571/836/571
f 576/841/576 577/842/577 571/836/571
f 473/678/473 489/710/489 556/816/556
f 475/680/475 517/764/517 540/793/540
f 547/843/547 476/683/476 578/844/578
f 510/752/510 495/725/495 579/845/579
f 521/823/521 580/846/580 522/773/522
f 551/822/551 505/747/505 560/820/560
f 505/747/505 530/783/530 560/820/560
f 581/847/581 531/784/531 523/774/523
f 582/848/582 583/849/583 573/838/573
f 582/848/582 573/838/573 584/850/584
f 572/837/572 585/851/585 584/850/584
f 573/838/573 572/837/572 584/850/584
f 573/838/573 583/849/583 574/839/574
f 572/837/572 575/840/575 586/852/586
f 571/836/571 587/853/587 575/840/575
f 571/836/571 577/842/577 587/853/587
f 587/853/587 588/854/588 575/840/575
f 539/792/539 547/843/547 589/855/589
f 525/776/525 590/856/590 558/818/558
f 360/488/360 564/828/564 489/710/489
f 476/683/476 591/857/591 578/844/578
f 549/809/549 591/857/591 476/683/476
f 490/712/490 508/750/508 566/858/566
f 464/653/464 559/819/559 527/778/527
f 518/765/518 541/794/541 559/819/559
f 541/794/541 510/752/510 579/845/579
f 519/769/519 592/859/592 520/797/520
f 520/797/520 592/859/592 593/860/593
f 521/823/521 569/861/569 580/846/580
f 594/862/594 472/677/472 532/785/532
f 595/863/595 506/748/506 499/734/499
f 555/815/555 596/864/596 499/734/499
f 534/787/534 488/762/488 597/865/597
f 598/866/598 444/615/444 516/763/516
f 462/646/462 537/790/537 330/448/330
f 599/867/599 574/839/574 583/849/583
f 575/840/575 588/854/588 586/852/586
f 576/841/576 600/868/600 577/842/577
f 587/853/587 601/869/601 588/854/588
f 587/853/587 577/842/577 600/868/600
f 557/817/557 342/465/342 602/870/602
f 602/870/602 342/465/342 539/792/539
f 603/871/603 500/735/500 463/652/463
f 527/872/527 463/652/463 449/620/449
f 568/833/568 529/798/529 604/873/604
f 605/874/605 520/875/520 593/876/593
f 605/877/605 569/878/569 520/879/520
f 569/861/569 606/880/606 580/846/580
f 560/820/560 607/881/607 550/821/550
f 580/882/580 606/883/606 522/884/522
f 560/820/560 530/783/530 607/881/607
f 581/847/581 523/774/523 561/825/561
f 524/775/524 608/885/608 562/826/562
f 498/733/498 471/676/471 570/835/570
f 553/813/553 392/537/392 609/886/609
f 392/537/392 506/748/506 609/886/609
f 594/862/594 554/814/554 472/677/472
f 610/887/610 533/786/533 460/644/460
f 545/802/545 487/708/487 533/786/533
f 359/487/359 545/802/545 535/788/535
f 488/762/488 546/888/546 597/865/597
f 444/615/444 598/866/598 546/803/546
f 582/889/582 584/890/584 611/891/611
f 611/891/611 584/890/584 585/892/585
f 582/893/582 599/894/599 583/895/583
f 612/896/612 576/841/576 574/839/574
f 613/897/613 538/791/538 556/816/556
f 590/856/590 525/776/525 538/791/538
f 360/488/360 614/898/614 565/829/565
f 542/795/542 567/832/567 543/796/543
f 495/725/495 568/833/568 579/845/579
f 567/832/567 615/899/615 519/769/519
f 615/899/615 592/859/592 519/769/519
f 604/900/604 529/782/529 616/901/616
f 616/901/616 529/782/529 550/810/550
f 605/902/605 606/880/606 569/861/569
f 606/880/606 561/825/561 522/773/522
f 530/783/530 617/903/617 607/881/607
f 524/775/524 498/733/498 618/904/618
f 619/905/619 552/812/552 544/801/544
f 582/889/582 611/891/611 620/906/620
f 582/848/582 620/907/620 599/867/599
f 572/837/572 621/908/621 585/851/585
f 621/908/621 572/837/572 586/852/586
f 599/867/599 622/909/622 574/839/574
f 574/839/574 622/909/622 612/896/612
f 576/841/576 623/910/623 600/868/600
f 600/868/600 624/911/624 587/853/587
f 587/853/587 624/911/624 625/912/625
f 538/791/538 613/897/613 590/856/590
f 539/792/539 589/855/589 602/870/602
f 589/855/589 547/843/547 578/844/578
f 507/749/507 526/777/526 626/913/626
f 616/914/616 627/915/627 604/873/604
f 550/821/550 617/903/617 616/914/616
f 550/821/550 607/881/607 617/903/617
f 555/815/555 424/591/424 628/916/628
f 629/917/629 516/763/516 445/616/445
f 585/892/585 621/918/621 630/919/630
f 586/852/586 588/854/588 631/920/631
f 612/896/612 623/910/623 576/841/576
f 588/854/588 601/869/601 632/921/632
f 625/912/625 601/869/601 587/853/587
f 633/922/633 613/897/613 556/816/556
f 634/923/634 557/817/557 602/870/602
f 635/924/635 556/816/556 489/710/489
f 636/925/636 489/710/489 564/828/564
f 548/830/548 558/818/558 590/856/590
f 614/898/614 360/488/360 540/793/540
f 526/777/526 548/830/548 637/926/637
f 549/809/549 500/735/500 638/927/638
f 638/927/638 500/735/500 603/871/603
f 639/928/639 593/860/593 592/859/592
f 640/929/640 605/930/605 593/931/593
f 640/929/640 606/932/606 605/930/605
f 530/783/530 562/826/562 641/933/641
f 524/775/524 618/904/618 608/885/608
f 642/934/642 563/827/563 554/814/554
f 499/734/499 596/864/596 595/863/595
f 563/827/563 610/887/610 460/644/460
f 424/591/424 534/787/534 628/916/628
f 643/935/643 536/789/536 535/788/535
f 620/906/620 611/891/611 644/936/644
f 585/892/585 630/919/630 611/891/611
f 645/937/645 599/867/599 620/907/620
f 621/908/621 586/852/586 631/920/631
f 601/869/601 646/938/646 632/921/632
f 517/764/517 557/817/557 647/939/647
f 489/710/489 636/925/636 635/924/635
f 647/939/647 540/793/540 517/764/517
f 590/856/590 648/940/648 548/830/548
f 548/830/548 648/940/648 637/926/637
f 566/831/566 649/941/649 528/780/528
f 592/859/592 615/899/615 639/928/639
f 650/942/650 593/860/593 639/928/639
f 616/914/616 651/943/651 627/915/627
f 616/914/616 617/903/617 651/943/651
f 640/944/640 561/825/561 606/880/606
f 641/933/641 562/826/562 608/885/608
f 498/733/498 570/835/570 652/945/652
f 630/919/630 653/946/653 611/891/611
f 622/909/622 654/947/654 612/896/612
f 631/920/631 588/854/588 655/948/655
f 588/854/588 632/921/632 655/948/655
f 556/816/556 635/924/635 633/922/633
f 578/844/578 591/857/591 656/949/656
f 565/829/565 636/925/636 564/828/564
f 526/777/526 657/950/657 626/913/626
f 559/819/559 541/794/541 658/951/658
f 542/795/542 659/952/659 567/832/567
f 604/873/604 660/953/660 568/833/568
f 651/943/651 617/903/617 627/915/627
f 661/954/661 581/847/581 561/825/561
f 531/784/531 662/955/662 544/801/544
f 498/733/498 652/945/652 618/904/618
f 663/956/663 535/788/535 545/802/545
f 598/866/598 516/763/516 629/917/629
f 664/957/664 630/919/630 621/918/621
f 621/918/621 665/958/665 664/957/664
f 666/959/666 622/909/622 599/867/599
f 631/920/631 665/960/665 621/908/621
f 667/961/667 612/896/612 654/947/654
f 655/948/655 632/921/632 646/938/646
f 623/910/623 612/896/612 667/961/667
f 668/962/668 600/868/600 623/910/623
f 668/962/668 624/911/624 600/868/600
f 669/963/669 601/964/601 625/965/625
f 670/966/670 557/817/557 634/923/634
f 671/967/671 590/856/590 613/897/613
f 672/968/672 602/870/602 589/855/589
f 672/968/672 589/855/589 578/844/578
f 673/969/673 508/750/508 507/749/507
f 657/950/657 526/777/526 637/926/637
f 649/941/649 674/970/674 528/780/528
f 674/970/674 659/952/659 528/780/528
f 659/952/659 542/795/542 528/780/528
f 541/794/541 579/845/579 658/951/658
f 579/845/579 568/833/568 675/971/675
f 676/972/676 593/973/593 650/974/650
f 627/915/627 677/975/677 604/873/604
f 678/976/678 604/977/604 679/978/679
f 679/979/679 604/980/604 677/981/677
f 679/982/679 677/975/677 627/915/627
f 627/915/627 617/903/617 679/982/679
f 640/944/640 593/973/593 561/825/561
f 680/983/680 530/783/530 641/933/641
f 681/984/681 531/784/531 581/847/581
f 681/984/681 662/955/662 531/784/531
f 662/955/662 619/905/619 544/801/544
f 553/813/553 609/886/609 570/835/570
f 610/887/610 682/985/682 533/786/533
f 683/986/683 597/865/597 546/888/546
f 653/946/653 644/936/644 611/891/611
f 684/987/684 645/988/645 620/906/620
f 666/959/666 599/867/599 645/937/645
f 601/964/601 685/989/685 646/990/646
f 624/991/624 668/992/668 686/993/686
f 613/897/613 633/922/633 671/967/671
f 672/968/672 578/844/578 656/949/656
f 687/994/687 540/793/540 647/939/647
f 591/857/591 549/809/549 688/995/688
f 549/809/549 638/927/638 689/996/689
f 690/997/690 649/941/649 566/831/566
f 659/952/659 615/899/615 567/832/567
f 691/998/691 676/972/676 650/974/650
f 604/999/604 692/1000/692 660/1001/660
f 678/1002/678 692/1003/692 604/873/604
f 691/998/691 593/973/593 676/972/676
f 678/1002/678 679/982/679 692/1003/692
f 679/982/679 617/903/617 692/1003/692
f 691/998/691 561/825/561 593/973/593
f 617/903/617 530/783/530 692/1003/692
f 552/812/552 594/862/594 532/785/532
f 594/862/594 642/934/642 554/814/554
f 609/886/609 506/748/506 693/1004/693
f 545/802/545 533/786/533 694/1005/694
f 537/790/537 629/917/629 445/616/445
f 620/906/620 644/936/644 684/987/684
f 666/959/666 695/1006/695 622/909/622
f 631/920/631 655/948/655 696/1007/696
f 669/963/669 685/989/685 601/964/601
f 697/1008/697 669/963/669 625/965/625
f 624/991/624 697/1008/697 625/965/625
f 602/870/602 672/968/672 634/923/634
f 557/817/557 670/966/670 647/939/647
f 540/793/540 687/994/687 614/898/614
f 689/996/689 638/927/638 698/1009/698
f 463/1010/463 527/778/527 699/1011/699
f 639/928/639 700/1012/700 650/942/650
f 660/953/660 701/1013/701 702/1014/702
f 650/974/650 700/1015/700 691/998/691
f 660/953/660 692/1003/692 701/1013/701
f 691/998/691 661/954/661 561/825/561
f 530/783/530 680/983/680 692/1003/692
f 506/748/506 595/863/595 693/1004/693
f 682/985/682 703/1016/703 533/786/533
f 535/788/535 663/956/663 643/935/643
f 653/946/653 630/919/630 664/957/664
f 666/1017/666 645/988/645 704/1018/704
f 695/1006/695 654/947/654 622/909/622
f 654/947/654 705/1019/705 667/961/667
f 667/961/667 706/1020/706 623/910/623
f 707/1021/707 603/871/603 463/652/463
f 688/995/688 549/809/549 689/996/689
f 690/1022/690 566/858/566 508/750/508
f 579/845/579 675/971/675 658/951/658
f 708/1023/708 581/847/581 661/954/661
f 594/862/594 552/812/552 709/1024/709
f 570/835/570 609/886/609 710/1025/710
f 596/864/596 711/1026/711 595/863/595
f 555/815/555 628/916/628 712/1027/712
f 644/936/644 713/1028/713 684/987/684
f 644/936/644 653/946/653 713/1028/713
f 665/960/665 631/920/631 714/1029/714
f 631/920/631 696/1007/696 714/1029/714
f 646/938/646 715/1030/715 655/948/655
f 623/910/623 706/1020/706 668/962/668
f 646/990/646 685/989/685 715/1031/715
f 624/991/624 686/993/686 697/1008/697
f 590/856/590 716/1032/716 648/940/648
f 565/829/565 717/1033/717 636/925/636
f 565/829/565 614/898/614 717/1033/717
f 638/927/638 718/1034/718 698/1009/698
f 719/1035/719 527/778/527 559/819/559
f 559/819/559 658/951/658 720/1036/720
f 568/1037/568 660/1038/660 702/1039/702
f 680/983/680 641/933/641 721/1040/721
f 533/786/533 703/1016/703 694/1005/694
f 545/802/545 722/1041/722 663/956/663
f 704/1018/704 645/988/645 684/987/684
f 664/957/664 665/958/665 723/1042/723
f 695/1006/695 666/959/666 724/1043/724
f 695/1006/695 725/1044/725 654/947/654
f 696/1007/696 655/948/655 726/1045/726
f 715/1031/715 685/989/685 727/1046/727
f 685/989/685 669/963/669 728/1047/728
f 633/922/633 729/1048/729 671/967/671
f 635/924/635 636/925/636 730/1049/730
f 591/857/591 731/1050/731 656/949/656
f 649/941/649 690/997/690 732/1051/732
f 559/819/559 720/1036/720 719/1035/719
f 649/941/649 732/1051/732 674/970/674
f 720/1036/720 658/951/658 733/1052/733
f 568/833/568 734/1053/734 675/971/675
f 568/1037/568 702/1039/702 734/1054/734
f 701/1013/701 692/1003/692 680/983/680
f 555/815/555 712/1027/712 596/864/596
f 628/916/628 597/865/597 735/1055/735
f 534/787/534 597/865/597 628/916/628
f 664/957/664 723/1042/723 653/946/653
f 725/1044/725 705/1019/705 654/947/654
f 655/948/655 715/1030/715 726/1045/726
f 667/961/667 736/1056/736 706/1020/706
f 706/1020/706 737/1057/737 668/962/668
f 669/963/669 697/1008/697 728/1047/728
f 590/856/590 671/967/671 716/1032/716
f 672/968/672 656/949/656 738/1058/738
f 507/749/507 626/913/626 739/1059/739
f 591/857/591 688/995/688 731/1050/731
f 527/778/527 719/1035/719 699/1011/699
f 658/951/658 675/971/675 733/1052/733
f 700/1015/700 740/1060/740 691/998/691
f 691/998/691 740/1060/740 661/954/661
f 581/847/581 708/1023/708 681/984/681
f 741/1061/741 552/812/552 619/905/619
f 742/1062/742 709/1024/709 552/812/552
f 683/986/683 743/1063/743 597/865/597
f 666/1017/666 704/1018/704 724/1064/724
f 724/1043/724 744/1065/744 695/1006/695
f 695/1006/695 744/1065/744 725/1044/725
f 634/923/634 745/1066/745 670/966/670
f 633/922/633 635/924/635 746/1067/746
f 687/994/687 647/939/647 747/1068/747
f 636/925/636 717/1033/717 730/1049/730
f 648/940/648 716/1032/716 637/926/637
f 638/927/638 603/871/603 718/1034/718
f 707/1021/707 463/652/463 699/1069/699
f 609/886/609 748/1070/748 710/1025/710
f 749/1071/749 686/993/686 668/992/668
f 686/993/686 749/1071/749 750/1072/750
f 671/967/671 751/1073/751 716/1032/716
f 672/968/672 738/1058/738 752/1074/752
f 508/750/508 673/969/673 690/1022/690
f 674/970/674 753/1075/753 659/952/659
f 659/952/659 753/1075/753 615/899/615
f 615/899/615 753/1075/753 639/928/639
f 721/1040/721 641/933/641 608/885/608
f 754/1076/754 642/934/642 594/862/594
f 595/863/595 755/1077/755 693/1004/693
f 756/1078/756 563/827/563 642/934/642
f 711/1026/711 755/1077/755 595/863/595
f 665/1079/665 757/1080/757 758/1081/758
f 665/1079/665 714/1082/714 757/1080/757
f 759/1083/759 705/1019/705 725/1044/725
f 759/1083/759 667/961/667 705/1019/705
f 736/1056/736 737/1057/737 706/1020/706
f 737/1084/737 749/1071/749 668/992/668
f 685/989/685 728/1047/728 727/1046/727
f 633/922/633 746/1067/746 729/1048/729
f 647/939/647 670/966/670 747/1068/747
f 675/971/675 734/1053/734 760/1085/760
f 639/928/639 753/1075/753 761/1086/761
f 702/1014/702 701/1013/701 734/1053/734
f 639/928/639 761/1086/761 700/1012/700
f 700/1015/700 761/1087/761 740/1060/740
f 701/1013/701 680/983/680 762/1088/762
f 608/885/608 618/904/618 763/1089/763
f 741/1061/741 742/1062/742 552/812/552
f 609/886/609 693/1004/693 748/1070/748
f 610/887/610 563/827/563 764/1090/764
f 711/1026/711 596/864/596 712/1027/712
f 713/1028/713 765/1091/765 684/987/684
f 665/958/665 758/1092/758 723/1042/723
f 736/1056/736 667/961/667 759/1083/759
f 670/966/670 745/1066/745 766/1093/766
f 672/968/672 752/1074/752 634/923/634
f 739/1059/739 673/969/673 507/749/507
f 614/898/614 767/1094/767 717/1033/717
f 733/1052/733 675/971/675 760/1085/760
f 734/1053/734 701/1013/701 762/1088/762
f 661/954/661 740/1060/740 768/1095/768
f 610/887/610 764/1090/764 682/985/682
f 735/1055/735 769/1096/769 628/916/628
f 723/1042/723 770/1097/770 653/946/653
f 737/1084/737 771/1098/771 749/1071/749
f 772/1099/772 697/1008/697 686/993/686
f 671/967/671 729/1048/729 773/1100/773
f 746/1067/746 635/924/635 730/1049/730
f 656/949/656 731/1050/731 738/1058/738
f 603/871/603 707/1021/707 718/1034/718
f 626/913/626 657/950/657 774/1101/774
f 687/994/687 767/1094/767 614/898/614
f 698/1009/698 775/1102/775 689/996/689
f 699/1103/699 719/1104/719 720/1105/720
f 674/970/674 776/1106/776 753/1075/753
f 768/1095/768 708/1023/708 661/954/661
f 721/1040/721 777/1107/777 778/1108/778
f 570/835/570 779/1109/779 652/945/652
f 780/1110/780 709/1024/709 742/1062/742
f 594/862/594 709/1024/709 754/1076/754
f 712/1027/712 628/916/628 769/1096/769
f 545/802/545 694/1005/694 722/1041/722
f 536/789/536 537/790/537 462/646/462
f 537/790/537 781/1111/781 629/917/629
f 653/946/653 770/1097/770 713/1028/713
f 724/1043/724 782/1112/782 744/1065/744
f 727/1046/727 783/1113/783 715/1031/715
f 749/1071/749 784/1114/784 750/1072/750
f 670/966/670 785/1115/785 747/1068/747
f 670/966/670 766/1093/766 785/1115/785
f 626/913/626 774/1101/774 739/1059/739
f 698/1009/698 718/1034/718 786/1116/786
f 775/1102/775 787/1117/787 689/996/689
f 688/995/688 689/996/689 787/1117/787
f 720/1036/720 788/1118/788 699/1011/699
f 720/1036/720 733/1052/733 788/1118/788
f 733/1052/733 760/1085/760 789/1119/789
f 734/1053/734 762/1088/762 760/1085/760
f 680/983/680 721/1040/721 778/1108/778
f 563/827/563 756/1078/756 764/1090/764
f 546/803/546 598/866/598 683/1120/683
f 704/1018/704 684/987/684 790/1121/790
f 744/1065/744 791/1122/791 725/1044/725
f 696/1123/696 726/1124/726 792/1125/792
f 697/1008/697 793/1126/793 728/1047/728
f 634/923/634 794/1127/794 745/1066/745
f 687/994/687 747/1068/747 767/1094/767
f 716/1032/716 795/1128/795 637/926/637
f 657/950/657 796/1129/796 797/1130/797
f 637/926/637 798/1131/798 657/950/657
f 688/995/688 787/1117/787 799/1132/799
f 690/1133/690 800/1134/800 732/1135/732
f 788/1118/788 733/1052/733 789/1119/789
f 732/1051/732 776/1106/776 674/970/674
f 760/1085/760 762/1088/762 801/1136/801
f 662/955/662 802/1137/802 619/905/619
f 741/1061/741 803/1138/803 742/1062/742
f 570/835/570 710/1025/710 779/1109/779
f 693/1004/693 755/1077/755 748/1070/748
f 704/1018/704 790/1121/790 724/1064/724
f 791/1122/791 759/1083/759 725/1044/725
f 714/1082/714 696/1123/696 804/1139/804
f 792/1125/792 804/1139/804 696/1123/696
f 726/1140/726 715/1031/715 792/1141/792
f 750/1072/750 805/1142/805 686/993/686
f 634/923/634 752/1074/752 794/1127/794
f 671/967/671 773/1100/773 751/1073/751
f 752/1074/752 738/1058/738 806/1143/806
f 716/1032/716 751/1073/751 795/1128/795
f 657/950/657 797/1130/797 774/1101/774
f 698/1009/698 786/1116/786 775/1102/775
f 795/1128/795 798/1131/798 637/926/637
f 673/969/673 800/1144/800 690/1022/690
f 688/995/688 799/1132/799 807/1145/807
f 808/1146/808 809/1147/809 732/1135/732
f 762/1088/762 680/983/680 801/1136/801
f 642/934/642 754/1076/754 756/1078/756
f 597/865/597 743/1063/743 735/1055/735
f 714/1082/714 804/1139/804 757/1080/757
f 810/1148/810 811/1149/811 759/1083/759
f 811/1149/811 736/1056/736 759/1083/759
f 715/1031/715 783/1113/783 792/1141/792
f 728/1047/728 783/1113/783 727/1046/727
f 729/1048/729 746/1067/746 812/1150/812
f 686/993/686 805/1142/805 772/1099/772
f 774/1101/774 813/1151/813 739/1059/739
f 673/969/673 739/1059/739 814/1152/814
f 806/1143/806 738/1058/738 815/1153/815
f 738/1058/738 731/1050/731 815/1153/815
f 717/1033/717 816/1154/816 730/1049/730
f 731/1050/731 688/995/688 807/1145/807
f 657/950/657 798/1131/798 796/1129/796
f 787/1117/787 775/1102/775 799/1132/799
f 732/1135/732 800/1134/800 808/1146/808
f 732/1135/732 809/1147/809 776/1155/776
f 776/1106/776 817/1156/817 753/1075/753
f 818/1157/818 761/1086/761 753/1075/753
f 681/984/681 819/1158/819 662/955/662
f 608/885/608 763/1089/763 721/1040/721
f 755/1077/755 711/1026/711 820/1159/820
f 643/935/643 821/1160/821 536/789/536
f 536/789/536 822/1161/822 537/790/537
f 782/1112/782 823/1162/823 744/1065/744
f 791/1122/791 810/1148/810 759/1083/759
f 783/1113/783 824/1163/824 792/1141/792
f 736/1056/736 825/1164/825 737/1057/737
f 728/1047/728 793/1126/793 826/1165/826
f 750/1072/750 827/1166/827 805/1142/805
f 828/1167/828 793/1126/793 697/1008/697
f 751/1073/751 773/1100/773 829/1168/829
f 729/1048/729 812/1150/812 773/1100/773
f 766/1093/766 745/1066/745 830/1169/830
f 745/1066/745 794/1127/794 830/1169/830
f 730/1049/730 831/1170/831 746/1067/746
f 829/1168/829 795/1128/795 751/1073/751
f 718/1034/718 832/1171/832 786/1116/786
f 718/1034/718 833/1172/833 832/1171/832
f 718/1034/718 707/1021/707 833/1172/833
f 747/1068/747 785/1115/785 767/1094/767
f 788/1118/788 834/1173/834 699/1011/699
f 721/1040/721 763/1089/763 777/1107/777
f 712/1027/712 835/1174/835 711/1026/711
f 712/1027/712 769/1096/769 836/1175/836
f 684/987/684 765/1091/765 790/1121/790
f 723/1042/723 837/1176/837 770/1097/770
f 757/1080/757 838/1177/838 758/1081/758
f 823/1162/823 791/1122/791 744/1065/744
f 737/1084/737 825/1178/825 771/1098/771
f 750/1072/750 784/1114/784 839/1179/839
f 839/1179/839 827/1166/827 750/1072/750
f 812/1150/812 840/1180/840 773/1100/773
f 812/1181/812 839/1182/839 840/1183/840
f 746/1184/746 827/1185/827 839/1182/839
f 812/1181/812 746/1184/746 839/1182/839
f 841/1186/841 827/1166/827 746/1187/746
f 805/1142/805 827/1166/827 842/1188/842
f 793/1189/843 843/1190/844 830/1191/845
f 830/1192/845 826/1193/846 793/1194/843
f 826/1195/847 830/1196/845 843/1197/844
f 830/1198/830 844/1199/848 826/1200/849
f 830/1169/830 794/1127/794 844/1201/848
f 739/1059/739 813/1151/813 845/1202/850
f 746/1067/746 831/1170/831 841/1203/841
f 830/1169/830 846/1204/851 766/1093/766
f 831/1170/831 730/1049/730 847/1205/852
f 766/1093/766 848/1206/853 785/1115/785
f 766/1093/766 846/1204/851 848/1206/853
f 707/1021/707 699/1069/699 849/1207/854
f 699/1011/699 834/1173/834 849/1208/854
f 808/1146/808 800/1134/800 850/1209/855
f 789/1119/789 851/1210/856 788/1118/788
f 809/1211/809 817/1156/817 776/1106/776
f 760/1085/760 852/1212/857 789/1119/789
f 801/1136/801 852/1212/857 760/1085/760
f 753/1075/753 817/1156/817 818/1157/818
f 761/1087/761 818/1213/818 740/1060/740
f 680/983/680 778/1108/778 801/1136/801
f 712/1027/712 836/1175/836 835/1174/835
f 713/1028/713 853/1214/858 765/1091/765
f 724/1064/724 854/1215/859 855/1216/860
f 724/1064/724 855/1216/860 782/1217/782
f 758/1092/758 838/1218/838 723/1042/723
f 784/1219/784 856/1220/861 839/1182/839
f 784/1221/784 841/1222/841 773/1223/773
f 773/1224/773 856/1225/861 784/1226/784
f 839/1182/839 856/1220/861 840/1183/840
f 773/1227/773 840/1183/840 856/1220/861
f 841/1186/841 784/1114/784 857/1228/862
f 841/1186/841 857/1228/862 827/1166/827
f 827/1166/827 857/1228/862 842/1188/842
f 793/1126/793 828/1167/828 858/1229/863
f 843/1230/844 793/1126/843 826/1165/847
f 826/1231/849 844/1232/848 859/1233/864
f 826/273/849 860/1234/865 830/1235/830
f 844/1236/848 794/1237/794 859/1238/864
f 794/1237/794 826/1239/849 859/1238/864
f 794/1240/794 860/1241/865 826/1242/849
f 841/1203/841 831/1170/831 773/1100/773
f 805/1142/805 861/1243/866 772/1099/772
f 830/1169/830 862/1244/867 846/1204/851
f 860/1245/865 862/1244/867 830/1169/830
f 860/1245/865 794/1127/794 862/1244/867
f 752/1074/752 863/1246/868 794/1127/794
f 752/1074/752 806/1143/806 863/1246/868
f 730/1049/730 864/1247/869 847/1205/852
f 813/1151/813 774/1101/774 797/1130/797
f 730/1049/730 816/1154/816 864/1247/869
f 786/1116/786 865/1248/870 775/1102/775
f 807/1145/807 815/1153/815 731/1050/731
f 717/1033/717 866/1249/871 816/1154/816
f 767/1094/767 866/1249/871 717/1033/717
f 788/1118/788 851/1210/856 834/1173/834
f 867/1250/872 768/1095/768 740/1060/740
f 708/1023/708 868/1251/873 681/984/681
f 868/1251/873 819/1158/819 681/984/681
f 819/1158/819 802/1137/802 662/955/662
f 802/1137/802 869/1252/874 619/905/619
f 618/904/618 870/1253/875 763/1089/763
f 619/905/619 869/1252/874 741/1061/741
f 871/1254/876 803/1138/803 741/1061/741
f 710/1025/710 748/1070/748 872/1255/877
f 756/1078/756 873/1256/878 764/1090/764
f 821/1160/821 822/1161/822 536/789/536
f 537/790/537 822/1161/822 781/1111/781
f 724/1064/724 790/1121/790 854/1215/859
f 757/1080/757 874/1257/879 838/1177/838
f 791/1122/791 875/1258/880 810/1148/810
f 804/1139/804 792/1125/792 876/1259/881
f 771/1098/771 784/1114/784 749/1071/749
f 826/1165/826 877/1260/882 728/1047/728
f 878/1261/883 879/1262/884 842/1263/885
f 842/1188/842 879/1264/886 805/1142/805
f 858/1229/863 880/1265/887 793/1126/793
f 793/1126/793 881/1266/888 826/1165/826
f 793/1126/793 880/1265/887 881/1266/888
f 773/1100/773 882/1267/889 883/1268/890
f 831/1170/831 882/1267/889 773/1100/773
f 831/1170/831 884/1269/891 882/1267/889
f 831/1270/892 842/1271/893 884/1272/894
f 831/1273/895 878/1274/883 842/1275/885
f 842/1188/896 879/1264/884 831/1276/895
f 831/1273/895 879/1277/884 878/1274/883
f 805/1142/805 879/1264/886 861/1243/866
f 858/1278/863 885/1279/897 846/1280/851
f 846/1204/851 880/1281/887 858/1282/863
f 846/1204/851 886/1283/898 880/1281/887
f 846/1204/851 862/1244/867 886/1283/898
f 794/1127/794 863/1246/868 862/1244/867
f 772/1099/772 828/1167/828 697/1008/697
f 846/1204/851 887/1284/899 848/1206/853
f 865/1248/870 888/1285/900 775/1102/775
f 799/1132/799 775/1102/775 807/1145/807
f 808/1146/808 889/1286/901 809/1147/809
f 789/1119/789 890/1287/902 851/1210/856
f 817/1156/817 891/1288/903 818/1157/818
f 740/1060/740 818/1213/818 867/1250/872
f 618/904/618 652/945/652 870/1253/875
f 742/1062/742 803/1138/803 780/1110/780
f 780/1110/780 754/1076/754 709/1024/709
f 711/1026/711 835/1174/835 820/1159/820
f 764/1090/764 892/1289/904 682/985/682
f 757/1080/757 804/1139/804 874/1257/879
f 736/1056/736 811/1149/811 825/1164/825
f 728/1047/728 893/1290/905 783/1113/783
f 784/1114/784 894/1291/906 857/1228/862
f 894/1291/906 842/1188/842 857/1228/862
f 826/1165/826 881/1266/888 895/1292/907
f 829/1168/829 773/1100/773 896/1293/908
f 773/1100/773 883/1268/890 896/1293/908
f 882/1267/889 897/1294/909 883/1268/890
f 882/1295/889 894/1296/906 897/1297/909
f 884/1269/891 894/1298/906 882/1267/889
f 884/1272/891 842/1271/842 894/1299/906
f 898/1300/910 842/1301/911 884/1302/912
f 899/1303/913 898/1300/910 884/1302/912
f 879/1264/886 842/1188/911 861/1243/866
f 900/1304/914 846/1305/851 885/1306/897
f 885/1307/897 858/1229/863 900/1308/914
f 880/1309/887 886/1310/898 881/1311/888
f 846/1312/851 900/1308/914 901/1313/915
f 886/1310/898 862/1314/867 881/1311/888
f 884/1269/912 902/1315/916 899/1316/913
f 831/1170/831 902/1315/916 884/1269/912
f 831/1170/831 847/1205/852 902/1315/916
f 901/1317/915 887/1284/899 846/1204/851
f 901/1317/915 903/1318/917 887/1284/899
f 795/1128/795 904/1319/918 798/1131/798
f 789/1119/789 852/1212/857 890/1287/902
f 778/1108/778 777/1107/777 905/1320/919
f 868/1251/873 906/1321/920 819/1158/819
f 741/1061/741 869/1252/874 871/1254/876
f 870/1253/875 652/945/652 907/1322/921
f 710/1025/710 908/1323/922 779/1109/779
f 598/866/598 909/1324/923 683/1120/683
f 629/917/629 909/1324/923 598/866/598
f 781/1111/781 909/1324/923 629/917/629
f 770/1097/770 853/1214/858 713/1028/713
f 723/1042/723 838/1218/838 910/1325/924
f 782/1112/782 855/1326/860 823/1162/823
f 875/1258/880 911/1327/925 810/1148/810
f 876/1259/881 912/1328/926 804/1139/804
f 792/1125/792 824/1329/824 876/1259/881
f 783/1113/783 893/1290/905 913/1330/927
f 914/1331/928 915/1332/929 916/1333/930
f 784/1334/784 914/1335/928 916/1336/930
f 784/1114/784 916/1337/930 894/1291/906
f 895/1338/907 877/1339/882 826/1340/826
f 916/1341/930 915/1342/929 883/1343/890
f 897/1344/909 894/1345/906 916/1346/930
f 883/1268/890 897/1294/909 916/1347/930
f 883/1348/890 915/1349/929 899/1350/913
f 899/1351/913 915/1352/929 917/1353/931
f 899/1354/913 917/1355/931 898/1356/910
f 898/1357/910 917/1353/931 842/1188/911
f 842/1188/911 917/1353/931 918/1358/932
f 842/1188/911 918/1358/932 861/1243/866
f 828/1167/828 919/1359/933 858/1229/863
f 900/1308/914 858/1229/863 920/1360/934
f 900/1308/914 920/1360/934 901/1313/915
f 920/1360/934 895/1292/907 901/1313/915
f 881/1361/888 862/1362/867 895/1363/907
f 901/1364/915 895/1365/907 863/1366/868
f 862/1367/867 863/1368/868 895/1369/907
f 899/1316/913 921/1370/935 883/1268/890
f 899/1316/913 902/1315/916 921/1370/935
f 847/1205/852 922/1371/936 902/1315/916
f 848/1372/853 919/1373/933 828/1374/828
f 828/1375/828 923/1376/937 848/1377/853
f 848/1206/853 887/1284/899 919/1378/933
f 887/1284/899 924/1379/938 919/1378/933
f 887/1284/899 903/1318/917 924/1379/938
f 863/1246/868 903/1318/917 901/1317/915
f 806/1143/806 815/1153/815 925/1380/939
f 848/1206/853 926/1381/940 785/1115/785
f 797/1130/797 796/1129/796 927/1382/941
f 707/1021/707 849/1207/854 928/1383/942
f 767/1094/767 785/1115/785 929/1384/943
f 785/1115/785 930/1385/944 929/1384/943
f 775/1102/775 888/1285/900 807/1145/807
f 808/1146/808 931/1386/945 889/1286/901
f 817/1387/817 932/1388/946 891/1389/903
f 852/1212/857 801/1136/801 933/1390/947
f 801/1136/801 778/1108/778 934/1391/948
f 935/1392/949 868/1251/873 708/1023/708
f 763/1089/763 870/1253/875 936/1393/950
f 748/1070/748 755/1077/755 872/1255/877
f 755/1077/755 820/1159/820 937/1394/951
f 682/985/682 938/1395/952 703/1016/703
f 723/1042/723 910/1325/924 837/1176/837
f 838/1177/838 874/1257/879 939/1396/953
f 823/1162/823 875/1258/880 791/1122/791
f 804/1139/804 912/1328/926 874/1257/879
f 940/1397/954 811/1149/811 810/1148/810
f 771/1098/771 914/1398/928 784/1114/784
f 728/1047/728 877/1260/882 893/1290/905
f 833/1172/833 941/1399/955 832/1171/832
f 915/1352/929 914/1398/928 942/1400/956
f 915/1352/929 943/1401/957 917/1353/931
f 915/1402/929 942/1403/956 943/1404/957
f 917/1353/931 943/1401/957 918/1358/932
f 919/1359/933 944/1405/958 858/1229/863
f 858/1229/863 944/1405/958 920/1360/934
f 895/1292/907 920/1360/934 877/1260/882
f 786/1116/786 945/1406/959 865/1248/870
f 786/1116/786 832/1171/832 945/1406/959
f 813/1151/813 797/1130/797 946/1407/960
f 902/1315/916 947/1408/961 921/1370/935
f 902/1315/916 918/1409/932 947/1408/961
f 947/1410/961 918/1411/932 943/1412/957
f 948/1413/962 918/1414/932 922/1415/936
f 948/1413/962 922/1415/936 949/1416/963
f 902/1417/916 922/1418/936 918/1419/932
f 828/1167/828 950/1420/964 951/1421/965
f 923/1422/937 952/1423/966 848/1424/853
f 923/1425/937 828/1167/828 952/1426/966
f 919/1427/933 924/1428/938 944/1429/958
f 952/1426/966 953/1430/967 848/1431/853
f 924/1428/938 903/1432/917 944/1429/958
f 903/1318/917 954/1433/968 944/1434/958
f 903/1318/917 955/1435/969 954/1433/968
f 863/1246/868 955/1435/969 903/1318/917
f 863/1246/868 956/1436/970 955/1435/969
f 957/1437/971 949/1438/963 922/1371/936
f 957/1437/971 922/1371/936 958/1439/972
f 922/1371/936 847/1205/852 958/1439/972
f 847/1205/852 959/1440/973 958/1439/972
f 772/1441/772 960/1442/974 961/1443/975
f 772/1441/772 961/1443/975 828/1444/828
f 962/1445/976 848/1206/853 953/1446/967
f 962/1445/976 953/1446/967 963/1447/977
f 806/1143/806 925/1380/939 863/1246/868
f 864/1247/869 959/1440/973 847/1205/852
f 930/1385/944 785/1115/785 964/1448/978
f 926/1381/940 964/1448/978 785/1115/785
f 795/1128/795 965/1449/979 904/1319/918
f 815/1153/815 807/1145/807 966/1450/980
f 798/1131/798 904/1319/918 796/1129/796
f 808/1146/808 850/1209/855 931/1386/945
f 889/1286/901 967/1451/981 809/1147/809
f 967/1451/981 968/1452/982 809/1147/809
f 809/1147/809 968/1452/982 817/1387/817
f 817/1387/817 968/1452/982 932/1388/946
f 969/1453/983 970/1454/984 971/1455/985
f 972/1456/986 973/1457/987 974/1458/988
f 975/1459/989 973/1457/987 972/1456/986
f 970/1454/984 976/1460/990 971/1455/985
f 974/1458/988 977/1461/991 972/1456/986
f 972/1456/986 978/1462/992 975/1459/989
f 976/1460/990 979/1463/993 971/1455/985
f 972/1456/986 977/1461/991 978/1462/992
f 971/1455/985 979/1463/993 980/1464/994
f 935/1392/949 708/1023/708 768/1095/768
f 906/1321/920 802/1137/802 819/1158/819
f 777/1107/777 763/1089/763 936/1393/950
f 871/1254/876 981/1465/995 803/1138/803
f 783/1113/783 913/1330/927 824/1163/824
f 845/1202/850 814/1152/814 739/1059/739
f 944/1405/958 982/1466/996 920/1360/934
f 982/1466/996 877/1260/882 920/1360/934
f 883/1268/890 921/1370/935 896/1293/908
f 942/1467/997 949/1468/963 921/1469/998
f 942/1470/956 947/1471/961 943/1472/957
f 942/1473/956 921/1474/935 947/1475/961
f 942/1400/997 983/1476/999 949/1477/963
f 949/1416/963 983/1478/999 948/1413/962
f 948/1479/962 983/1476/999 918/1358/932
f 918/1358/932 983/1476/999 984/1480/1000
f 918/1358/932 772/1099/772 861/1243/866
f 918/1358/932 984/1480/1000 772/1099/772
f 985/1481/1001 828/1167/828 951/1421/965
f 828/1167/828 985/1481/1001 952/1426/966
f 952/1426/966 986/1482/1002 953/1430/967
f 952/1426/966 985/1481/1001 986/1482/1002
f 986/1482/1002 955/1483/1003 953/1430/967
f 944/1484/958 954/1485/968 982/1486/996
f 986/1482/1002 982/1466/1004 955/1483/1003
f 982/1486/996 954/1485/968 955/1487/969
f 955/1435/1005 956/1436/1006 987/1488/1007
f 949/1438/963 957/1437/971 921/1370/998
f 985/1481/1008 962/1489/1009 951/1421/1010
f 962/1445/976 963/1447/977 988/1490/1011
f 955/1435/1003 963/1447/977 953/1446/967
f 962/1445/976 926/1381/940 848/1206/853
f 851/1210/856 989/1491/1012 834/1173/834
f 851/1210/856 990/1492/1013 989/1491/1012
f 990/1493/1013 890/1494/902 991/1495/1014
f 851/1210/856 890/1287/902 990/1492/1013
f 969/1453/983 971/1455/985 992/1496/1015
f 992/1496/1015 971/1455/985 993/1497/1016
f 994/1498/1017 974/1458/988 995/1499/1018
f 995/1499/1018 974/1458/988 973/1457/987
f 993/1497/1016 971/1455/985 996/1500/1019
f 996/1500/1019 971/1455/985 997/1501/1020
f 974/1458/988 998/1502/1021 977/1461/991
f 999/1503/1022 976/1460/990 970/1454/984
f 891/1389/903 867/1250/872 818/1213/818
f 801/1136/801 934/1391/948 933/1390/947
f 971/1455/985 980/1464/994 997/1501/1020
f 978/1462/992 1000/1504/1023 975/1459/989
f 976/1460/990 1001/1505/1024 979/1463/993
f 977/1461/991 1002/1506/1025 978/1462/992
f 1002/1506/1025 1003/1507/1026 978/1462/992
f 978/1462/992 1004/1508/1027 1000/1504/1023
f 979/1463/993 1005/1509/1028 980/1464/994
f 777/1107/777 936/1393/950 1006/1510/1029
f 769/1096/769 735/1055/735 1007/1511/1030
f 1008/1512/1031 683/1120/683 909/1324/923
f 876/1259/881 1009/1513/1032 912/1328/926
f 941/1399/955 833/1172/833 707/1021/707
f 982/1514/1033 1010/1515/1034 877/1516/1035
f 921/1517/1036 896/1518/1037 914/1519/1038
f 921/1474/1039 942/1473/1040 914/660/1041
f 942/1400/997 1011/1520/1042 983/1476/999
f 1011/1521/1042 1012/1522/1043 983/1523/999
f 983/1476/999 1012/1524/1043 984/1480/1000
f 1013/1525/1044 1014/1526/1045 985/1527/1001
f 1014/1528/1045 986/1482/1002 985/1481/1001
f 955/1529/1005 987/1530/1007 982/1531/1033
f 982/1466/1004 956/1532/1006 955/1483/1046
f 987/1533/1007 1010/1515/1034 982/1514/1033
f 877/1260/1035 956/1532/1006 982/1466/1004
f 877/1516/1035 1010/1515/1034 956/1534/1006
f 987/1533/1007 956/1534/1006 1010/1515/1034
f 1015/1535/1047 921/1370/998 1016/1536/1048
f 1016/1536/1048 921/1370/998 957/1437/971
f 1016/1536/1048 957/1437/971 1017/1537/1049
f 1011/1538/1050 958/1539/972 1017/1540/1051
f 1011/1538/1050 984/1541/1000 958/1539/972
f 1017/1542/1049 957/1543/971 1011/1544/1042
f 1011/1545/1042 957/1546/971 1012/1547/1043
f 957/1437/971 958/1439/972 1012/1548/1043
f 984/1549/1000 1012/1550/1043 958/1551/972
f 984/1480/1000 1018/1552/1052 772/1099/772
f 1018/1552/1052 960/1553/974 772/1099/772
f 1019/1554/1053 951/1421/965 950/1420/964
f 1019/1554/1053 985/1481/1001 951/1421/965
f 985/1555/1001 988/1556/1011 1013/1557/1044
f 985/1558/1001 1020/1559/1054 988/1560/1011
f 1020/1561/1054 1021/1562/1055 1022/1563/1056
f 1020/1561/1054 1022/1563/1056 988/1564/1011
f 963/1565/977 1014/1566/1045 1013/1567/1044
f 988/1568/1011 963/1569/977 1013/1570/1044
f 1014/1571/1045 963/1572/977 1023/1573/1057
f 1024/1574/1058 963/1447/977 955/1435/1003
f 1023/1575/1057 963/1447/977 1024/1574/1058
f 955/1435/1003 956/1436/970 1025/1576/1059
f 925/1577/939 956/1578/970 863/1579/868
f 1026/1580/1060 673/969/673 814/1152/814
f 965/1449/979 829/1168/829 896/1293/908
f 1017/1537/1051 958/1439/972 1027/1581/1061
f 1027/1581/1061 958/1439/972 959/1440/973
f 1028/1582/1062 950/1420/964 828/1167/828
f 1028/1582/1062 828/1167/828 961/1583/975
f 1029/1584/1063 926/1381/940 962/1445/976
f 1030/1585/1064 962/1586/976 988/1587/1011
f 1029/1584/1063 962/1445/976 1030/1588/1064
f 1030/1589/1064 988/1564/1011 1022/1563/1056
f 965/1449/979 795/1128/795 829/1168/829
f 959/1440/973 864/1247/869 1031/1590/1065
f 1032/1591/1066 961/1443/975 960/1442/974
f 1033/1592/1067 888/1285/900 865/1248/870
f 1034/1593/1068 961/1443/975 1032/1591/1066
f 961/1443/975 1034/1593/1068 1035/1594/1069
f 1036/1595/1070 796/1129/796 904/1319/918
f 966/1450/980 807/1145/807 888/1285/900
f 816/1596/816 1037/1597/1071 1038/1598/1072
f 1037/1599/1071 767/1094/767 1038/1600/1072
f 866/1249/871 1037/1599/1071 816/1154/816
f 866/1249/871 767/1094/767 1037/1599/1071
f 967/1451/981 1039/1601/1073 968/1452/982
f 973/1457/987 975/1459/989 1040/1602/1074
f 996/1603/1019 997/1604/1020 1041/1605/1075
f 890/1287/902 852/1212/857 933/1390/947
f 932/1388/946 867/1250/872 891/1389/903
f 1042/1606/1076 975/1459/989 1000/1504/1023
f 980/1464/994 1043/1607/1077 997/1501/1020
f 1044/1608/1078 768/1095/768 867/1250/872
f 934/1391/948 778/1108/778 1045/1609/1079
f 1001/1505/1024 1005/1509/1028 979/1463/993
f 1005/1509/1028 1046/1610/1080 980/1464/994
f 978/1462/992 1003/1507/1026 1004/1508/1027
f 1045/1609/1079 778/1108/778 1047/1611/1081
f 1048/1612/1082 1047/1611/1081 778/1108/778
f 905/1320/919 777/1107/777 1006/1510/1029
f 1049/1613/1083 802/1137/802 906/1321/920
f 652/945/652 779/1109/779 907/1322/921
f 1050/1614/1084 756/1078/756 754/1076/754
f 1050/1614/1084 873/1256/878 756/1078/756
f 823/1162/823 1051/1615/1085 875/1258/880
f 874/1257/879 912/1328/926 1052/1616/1086
f 911/1327/925 940/1397/954 810/1148/810
f 940/1397/954 1053/1617/1087 811/1149/811
f 845/1202/850 813/1151/813 1054/1618/1088
f 914/1398/928 1055/1619/1089 942/1400/997
f 914/1398/928 1056/1620/1090 1055/1619/1089
f 1055/1621/1089 1057/1622/1091 1058/1623/1092
f 1058/1624/1092 942/1400/997 1055/1619/1089
f 942/1400/997 1058/1624/1092 1011/1520/1042
f 1014/1528/1045 1059/1625/1093 986/1482/1002
f 986/1482/1002 1059/1625/1093 982/1466/1004
f 982/1466/1004 1059/1625/1093 877/1260/882
f 921/1370/998 1060/1626/1094 896/1293/908
f 921/1370/998 1015/1535/1047 1060/1626/1094
f 1058/1627/1092 1057/1628/1091 1016/1629/1048
f 1057/1630/1091 1061/1631/1095 1016/1632/1048
f 1058/1633/1092 1016/1536/1048 1017/1537/1049
f 1057/1634/1091 1062/1635/1096 1061/1636/1095
f 1062/1637/1096 1017/1638/1051 1061/1639/1095
f 1011/1640/1050 1017/1641/1051 1062/1642/1096
f 1058/1643/1092 1017/1542/1049 1011/1544/1042
f 1011/1520/1050 1062/1644/1096 984/1480/1000
f 984/1480/1000 1062/1644/1096 1063/1645/1097
f 1063/1645/1097 1018/1552/1052 984/1480/1000
f 1019/1554/1053 1064/1646/1098 985/1481/1001
f 985/1481/1001 1064/1646/1098 1020/1647/1054
f 1020/1647/1054 1065/1648/1099 1021/1649/1055
f 1064/1646/1098 1065/1648/1099 1020/1647/1054
f 1021/1649/1055 1065/1648/1099 1022/1650/1056
f 1065/1648/1099 1059/1625/1093 1022/1650/1056
f 1014/1651/1045 1023/1652/1057 1059/1653/1093
f 1022/1650/1056 1059/1625/1093 1024/1654/1058
f 1023/1652/1057 1024/1655/1058 1059/1653/1093
f 1024/1574/1058 955/1435/1003 1066/1656/1100
f 955/1435/1003 1025/1576/1059 1066/1656/1100
f 1025/1576/1059 956/1436/970 1067/1657/1101
f 1061/1658/1095 1068/1659/1102 1016/1536/1048
f 1017/1537/1051 1068/1659/1102 1061/1658/1095
f 1017/1537/1051 1069/1660/1103 1068/1659/1102
f 1063/1661/1097 1069/1662/1103 1017/1663/1051
f 1063/1664/1097 1017/1537/1051 1027/1581/1061
f 1070/1665/1104 1071/1666/1105 1027/1667/1061
f 1063/1668/1097 1027/1669/1061 1018/1670/1052
f 1071/1666/1105 1018/1671/1052 1027/1667/1061
f 1018/1672/1052 1072/1673/1106 960/1674/974
f 1028/1582/1062 1073/1675/1107 950/1420/964
f 950/1420/964 1073/1675/1107 1019/1554/1053
f 1019/1676/1053 1074/1677/1108 1029/1678/1063
f 1019/1679/1053 1029/1584/1063 1064/1680/1098
f 1064/1680/1098 1029/1584/1063 1030/1588/1064
f 1029/1678/1063 1074/1677/1108 1075/1681/1109
f 1030/1588/1064 1076/1682/1110 1064/1680/1098
f 1022/1683/1056 1076/1682/1110 1030/1588/1064
f 1024/1574/1058 1076/1682/1110 1022/1683/1056
f 1070/1684/1104 1027/1685/1061 1077/1686/1111
f 1027/1687/1061 959/1688/973 1077/1689/1111
f 1072/1690/1106 1077/1691/1111 1031/1590/1065
f 959/1440/973 1031/1590/1065 1077/1691/1111
f 1072/1673/1106 1031/1692/1065 960/1674/974
f 960/1693/974 1031/1694/1065 1078/1695/1112
f 961/1443/975 1079/1696/1113 1028/1697/1062
f 1028/1698/1062 964/1448/978 1073/1699/1107
f 1028/1697/1062 1079/1696/1113 964/1700/978
f 1079/1701/1114 1080/1702/1115 964/1703/1116
f 1073/1699/1107 964/1448/978 926/1381/940
f 964/1704/1116 1080/1705/1115 1081/1706/1117
f 1073/1707/1107 926/1708/940 1082/1709/1118
f 1029/1584/1063 1082/1710/1118 926/1381/940
f 1075/1711/1109 1082/1710/1118 1029/1584/1063
f 1031/1590/1065 864/1247/869 1078/1712/1112
f 864/1247/869 1083/1713/1119 1078/1712/1112
f 1032/1591/1066 1083/1714/1119 864/1715/869
f 1032/1716/1066 864/1717/869 1084/1718/1120
f 1032/1591/1066 1084/1719/1120 1034/1593/1068
f 961/1443/975 1085/1720/1121 1079/1696/1113
f 1079/1721/1113 1086/1722/1122 930/1723/944
f 930/1724/944 1086/1725/1122 1087/1726/1123
f 930/1385/944 964/1448/978 1079/1727/1113
f 1079/1701/1114 964/1703/1116 1088/1728/1124
f 1081/1729/1117 1088/1730/1124 964/1731/1116
f 1084/1718/1120 864/1717/869 1034/1732/1068
f 864/1733/869 1089/1734/1125 1034/1735/1068
f 961/1443/975 1035/1594/1069 1085/1720/1121
f 1085/1720/1121 1035/1594/1069 929/1736/943
f 1085/1737/1121 929/1384/943 1090/1738/1126
f 930/1385/944 1090/1738/1126 929/1384/943
f 1087/1739/1123 1090/1738/1126 930/1385/944
f 1089/1740/1125 864/1247/869 816/1154/816
f 816/1596/816 1091/1741/1127 1089/1742/1125
f 1089/1742/1125 1091/1741/1127 1034/1593/1068
f 1034/1593/1068 1091/1741/1127 1035/1594/1069
f 673/1743/673 1092/1744/1128 800/1134/800
f 1035/1594/1069 1091/1741/1127 1038/1598/1072
f 1035/1594/1069 1038/1598/1072 767/1745/767
f 1035/1746/1069 767/1094/767 929/1384/943
f 1092/1744/1128 850/1209/855 800/1134/800
f 1091/1741/1127 816/1596/816 1038/1598/1072
f 990/1493/1013 1093/1747/1129 989/1748/1012
f 889/1286/901 931/1386/945 967/1451/981
f 931/1386/945 1039/1601/1073 967/1451/981
f 995/1499/1018 973/1457/987 1094/1749/1130
f 990/1750/1013 1095/1751/1131 1093/1752/1129
f 1096/1753/1132 1095/1754/1131 990/1493/1013
f 991/1495/1014 1096/1753/1132 990/1493/1013
f 1039/1601/1073 1097/1755/1133 968/1452/982
f 996/1603/1019 1041/1605/1075 993/1756/1016
f 993/1756/1016 1041/1605/1075 1098/1757/1134
f 1099/1758/1135 974/1458/988 994/1498/1017
f 968/1452/982 1097/1755/1133 932/1388/946
f 1099/1758/1135 998/1502/1021 974/1458/988
f 932/1388/946 1044/1608/1078 867/1250/872
f 975/1459/989 1042/1606/1076 1040/1602/1074
f 1043/1759/1077 1041/1605/1075 997/1604/1020
f 1100/1760/1136 976/1460/990 999/1503/1022
f 998/1502/1021 1002/1506/1025 977/1461/991
f 1100/1760/1136 1001/1505/1024 976/1460/990
f 1002/1506/1025 1101/1761/1137 1003/1507/1026
f 778/1108/778 905/1320/919 1048/1612/1082
f 764/1090/764 873/1256/878 892/1289/904
f 892/1289/904 938/1395/952 682/985/682
f 703/1016/703 938/1395/952 1102/1762/1138
f 743/1063/743 1103/1763/1139 735/1055/735
f 874/1257/879 1052/1616/1086 1104/1764/1140
f 874/1257/879 1104/1764/1140 939/1396/953
f 875/1258/880 1051/1615/1085 911/1327/925
f 814/1152/814 845/1202/850 1105/1765/1141
f 865/1248/870 945/1406/959 1106/1766/1142
f 797/1130/797 1107/1767/1143 946/1407/960
f 1059/1625/1093 1108/1768/1144 877/1260/882
f 797/1130/797 927/1382/941 1107/1767/1143
f 1060/1769/1145 1056/1770/1146 1109/1771/1147
f 1060/1772/1145 1015/1773/1148 1056/1774/1146
f 1015/1775/1149 1056/1776/1150 1055/1777/1151
f 1015/1778/1152 1109/1779/1147 1056/1780/1146
f 1057/1634/1091 1055/1781/1089 1062/1635/1096
f 1110/1782/1153 1063/1783/1097 1062/1784/1096
f 1064/1646/1098 1111/1785/1154 1065/1648/1099
f 1059/1625/1093 1065/1648/1099 1112/1786/1155
f 1059/1787/1093 1112/1788/1155 1066/1789/1100
f 1066/1790/1100 1112/1791/1155 1113/1792/1156
f 1025/1793/1059 1108/1794/1144 1059/1795/1093
f 1066/1796/1100 1025/1797/1059 1059/1798/1093
f 1112/1786/1155 1108/1768/1144 1113/1799/1156
f 1108/1800/1144 1025/1801/1059 1113/1802/1156
f 965/1449/979 896/1293/908 1114/1803/1157
f 896/1293/908 1060/1626/1094 1115/1804/1158
f 1109/1771/1147 1015/1805/1152 1060/1769/1145
f 1016/1536/1048 1116/1806/1159 1015/1535/1047
f 1110/1782/1153 1116/1807/1159 1068/1808/1102
f 1016/1536/1048 1068/1659/1102 1116/1806/1159
f 1069/1660/1103 1110/1809/1153 1068/1659/1102
f 1069/1810/1103 1063/1783/1097 1110/1782/1153
f 1070/1811/1104 1117/1812/1160 1071/1813/1105
f 1071/1814/1105 1117/1815/1160 1018/1672/1052
f 1018/1672/1052 1117/1815/1160 1072/1673/1106
f 1019/1816/1053 1118/1817/1161 1074/1818/1108
f 1073/1819/1107 1118/1820/1161 1019/1821/1053
f 1074/1822/1108 1118/1823/1161 1075/1824/1109
f 1076/1825/1110 1111/1826/1154 1064/1827/1098
f 1076/1825/1110 1119/1828/1162 1111/1826/1154
f 1024/1574/1058 1120/1829/1163 1076/1682/1110
f 1076/1682/1110 1120/1829/1163 1119/1830/1162
f 1066/1656/1100 1120/1829/1163 1024/1574/1058
f 1113/1831/1156 1120/1829/1163 1066/1656/1100
f 1025/1576/1059 1120/1829/1163 1113/1831/1156
f 1025/1576/1059 1067/1657/1101 1120/1829/1163
f 865/1248/870 1106/1766/1142 1033/1592/1067
f 1070/1684/1104 1077/1686/1111 1117/1832/1160
f 1072/1673/1106 1117/1815/1160 1077/1833/1111
f 960/1834/974 1078/1835/1112 1121/1836/1164
f 960/1442/974 1121/1837/1164 1032/1591/1066
f 1079/1838/1114 1122/1839/1165 1080/1840/1115
f 1080/1840/1115 1122/1839/1165 1081/1841/1117
f 1082/1842/1118 1118/1820/1161 1073/1819/1107
f 1075/1711/1109 1118/1843/1161 1082/1710/1118
f 1083/1713/1119 1121/1844/1164 1078/1712/1112
f 1032/1591/1066 1121/1837/1164 1083/1714/1119
f 1086/1725/1122 1079/1845/1113 1087/1726/1123
f 1079/1838/1114 1088/1846/1124 1122/1839/1165
f 1081/1729/1117 1122/1847/1165 1088/1730/1124
f 1085/1720/1121 1090/1848/1126 1079/1696/1113
f 1087/1849/1123 1079/1696/1113 1090/1848/1126
f 1039/1601/1073 931/1386/945 1123/1850/1166
f 992/1496/1015 1124/1851/1167 1125/1852/1168
f 1123/1850/1166 1126/1853/1169 1039/1601/1073
f 969/1453/983 992/1496/1015 1127/1854/1170
f 992/1496/1015 993/1497/1016 1124/1851/1167
f 995/1499/1018 1128/1855/1171 994/1498/1017
f 1129/1856/1172 1040/1602/1074 1123/1850/1166
f 969/1453/983 1127/1854/1170 970/1454/984
f 1040/1602/1074 1129/1856/1172 973/1457/987
f 1127/1854/1170 999/1503/1022 970/1454/984
f 993/1756/1016 1098/1757/1134 1124/1857/1167
f 1123/1850/1166 1040/1602/1074 1126/1853/1169
f 1099/1758/1135 994/1498/1017 1130/1858/1173
f 1040/1602/1074 1131/1859/1174 1126/1853/1169
f 1126/1853/1169 1131/1859/1174 1097/1755/1133
f 1126/1853/1169 1097/1755/1133 1039/1601/1073
f 991/1495/1014 890/1494/902 1096/1753/1132
f 1044/1608/1078 932/1388/946 1097/1755/1133
f 890/1287/902 933/1390/947 1132/1860/1175
f 1040/1602/1074 1042/1606/1076 1131/1859/1174
f 933/1390/947 934/1391/948 1132/1860/1175
f 934/1391/948 1045/1609/1079 1133/1861/1176
f 1042/1862/1076 1000/1863/1023 1134/1864/1177
f 768/1095/768 1044/1608/1078 935/1392/949
f 1043/1759/1077 1135/1865/1178 1136/1866/1179
f 980/1867/994 1135/1865/1178 1043/1759/1077
f 1046/1610/1080 1135/1868/1178 980/1464/994
f 1001/1505/1024 1137/1869/1180 1005/1509/1028
f 1101/1761/1137 1004/1508/1027 1003/1507/1026
f 1005/1509/1028 1137/1869/1180 1046/1610/1080
f 935/1392/949 1138/1870/1181 868/1251/873
f 868/1251/873 1049/1613/1083 906/1321/920
f 710/1025/710 872/1255/877 908/1323/922
f 820/1159/820 835/1174/835 1139/1871/1182
f 836/1175/836 769/1096/769 1140/1872/1183
f 855/1326/860 1141/1873/1184 823/1162/823
f 825/1178/825 1142/1874/1185 771/1098/771
f 832/1171/832 941/1399/955 945/1406/959
f 1105/1765/1141 845/1202/850 1054/1618/1088
f 707/1021/707 1143/1875/1186 941/1399/955
f 1144/1876/1187 1110/1782/1153 1055/1877/1089
f 1055/1877/1089 1110/1782/1153 1062/1784/1096
f 1065/1648/1099 1145/1878/1188 1112/1786/1155
f 1111/1785/1154 1145/1878/1188 1065/1648/1099
f 1145/1878/1188 1108/1768/1144 1112/1786/1155
f 896/1293/908 1115/1804/1158 1114/1803/1157
f 1060/1626/1094 1146/1879/1189 1115/1804/1158
f 1015/1535/1047 1146/1879/1189 1060/1626/1094
f 1144/1880/1187 1146/1879/1189 1015/1535/1047
f 1144/1880/1187 1015/1535/1047 1116/1806/1159
f 1144/1876/1187 1116/1807/1159 1110/1782/1153
f 1111/1826/1154 1119/1828/1162 1145/1881/1188
f 1145/1882/1188 1119/1830/1162 1120/1829/1163
f 1120/1883/1163 1147/1884/1190 1145/1885/1188
f 1120/1829/1163 1067/1657/1101 1147/1886/1190
f 1067/1657/1101 956/1436/970 925/1380/939
f 796/1129/796 1036/1595/1070 927/1382/941
f 995/1499/1018 1094/1749/1130 1148/1887/1191
f 1094/1749/1130 973/1457/987 1129/1856/1172
f 995/1499/1018 1148/1887/1191 1128/1855/1171
f 1093/1747/1129 999/1503/1022 1127/1854/1170
f 1095/1754/1131 999/1503/1022 1093/1747/1129
f 1128/1855/1171 1130/1858/1173 994/1498/1017
f 1095/1754/1131 1096/1753/1132 999/1503/1022
f 1096/1753/1132 890/1494/902 1045/1888/1079
f 1132/1889/1175 1133/1890/1176 890/1494/902
f 1099/1758/1135 1149/1891/1192 998/1502/1021
f 1132/1892/1175 934/1893/948 1133/1894/1176
f 998/1502/1021 1149/1891/1192 1150/1895/1193
f 1100/1760/1136 1151/1896/1194 1001/1505/1024
f 1152/1897/1195 935/1392/949 1044/1608/1078
f 998/1502/1021 1150/1895/1193 1002/1506/1025
f 1150/1895/1193 1153/1898/1196 1002/1506/1025
f 1002/1506/1025 1153/1898/1196 1101/1761/1137
f 1004/1508/1027 1154/1899/1197 1000/1504/1023
f 1155/1900/1198 1137/1869/1180 1001/1505/1024
f 1156/1901/1199 1135/1868/1178 1046/1610/1080
f 1137/1869/1180 1156/1901/1199 1046/1610/1080
f 1004/1508/1027 1157/1902/1200 1158/1903/1201
f 1004/1508/1027 1101/1761/1137 1157/1902/1200
f 1048/1612/1082 905/1320/919 1159/1904/1202
f 1160/1905/1203 869/1252/874 802/1137/802
f 780/1110/780 1161/1906/1204 754/1076/754
f 1103/1763/1139 1007/1511/1030 735/1055/735
f 743/1063/743 683/986/683 1008/1907/1031
f 1162/1908/1205 854/1215/859 790/1121/790
f 838/1909/838 939/1910/953 1104/1911/1140
f 1051/1615/1085 823/1162/823 1141/1873/1184
f 1163/1912/1206 825/1164/825 811/1149/811
f 1164/1913/1207 1054/1618/1088 813/1151/813
f 1165/1914/1208 914/1398/928 771/1098/771
f 1056/1620/1090 1166/1915/1209 1055/1619/1089
f 1055/1877/1089 1166/1916/1209 1144/1876/1187
f 1145/1878/1188 1167/1917/1210 1108/1768/1144
f 1167/1917/1210 877/1260/882 1108/1768/1144
f 1115/1804/1158 1146/1879/1189 1166/1918/1209
f 1166/1919/1209 1168/1920/1211 1115/1921/1158
f 1166/1919/1209 1169/1922/1212 1168/1920/1211
f 1144/1876/1187 1166/1916/1209 1146/1923/1189
f 1170/1924/1213 1167/1925/1210 1171/1926/1214
f 1170/1924/1213 1171/1926/1214 1172/1927/1215
f 1147/1928/1190 1167/1929/1210 1145/1930/1188
f 1147/1928/1190 1067/1931/1101 1167/1929/1210
f 1167/1932/1210 1067/1933/1101 1171/1934/1214
f 1173/1935/1216 1115/1804/1158 1168/1936/1211
f 1173/1935/1216 1168/1936/1211 1174/1937/1217
f 1169/1938/1212 1174/1939/1217 1168/1940/1211
f 1170/1941/1213 1172/1942/1215 1175/1943/1218
f 1175/1944/1218 1172/1945/1215 1171/1946/1214
f 1175/1944/1218 1171/1946/1214 1067/1947/1101
f 989/1491/1012 849/1208/854 834/1173/834
f 1129/1856/1172 1123/1850/1166 1176/1948/1219
f 1127/1854/1170 1177/1949/1220 1093/1747/1129
f 992/1496/1015 1177/1949/1220 1127/1854/1170
f 1149/1891/1192 1099/1758/1135 1130/1858/1173
f 1098/1757/1134 1041/1605/1075 1178/1950/1221
f 890/1494/902 1133/1890/1176 1045/1888/1079
f 1096/1753/1132 1045/1888/1079 1179/1951/1222
f 1131/1859/1174 1152/1897/1195 1097/1755/1133
f 1179/1951/1222 999/1503/1022 1096/1753/1132
f 1180/1952/1223 1044/1608/1078 1097/1755/1133
f 1178/1950/1221 1041/1605/1075 1043/1759/1077
f 1179/1951/1222 1100/1760/1136 999/1503/1022
f 1152/1897/1195 1044/1608/1078 1180/1952/1223
f 1138/1870/1181 1000/1504/1023 1154/1899/1197
f 1181/1953/1224 1155/1900/1198 1001/1505/1024
f 1138/1870/1181 1182/1954/1225 868/1251/873
f 1183/1955/1226 1156/1901/1199 1137/1869/1180
f 1184/1956/1227 868/1251/873 1182/1954/1225
f 1049/1613/1083 868/1251/873 1184/1956/1227
f 1160/1905/1203 802/1137/802 1049/1613/1083
f 869/1252/874 1185/1957/1228 871/1254/876
f 1186/1958/1229 907/1322/921 779/1109/779
f 1186/1958/1229 779/1109/779 908/1323/922
f 937/1394/951 872/1255/877 755/1077/755
f 838/1218/838 1187/1959/1230 910/1325/924
f 1188/1960/1231 940/1397/954 911/1327/925
f 940/1397/954 1188/1960/1231 1053/1617/1087
f 1053/1617/1087 1163/1912/1206 811/1149/811
f 876/1961/881 824/1163/824 1189/1962/1232
f 813/1151/813 946/1407/960 1164/1913/1207
f 1105/1765/1141 1026/1580/1060 814/1152/814
f 914/1398/928 1166/1915/1209 1056/1620/1090
f 1143/1875/1186 707/1021/707 928/1383/942
f 1166/1963/1209 1190/1964/1233 1169/1965/1212
f 1170/1966/1213 1191/1967/1234 1167/1968/1210
f 1115/1804/1158 1173/1935/1216 1192/1969/1235
f 1190/1970/1233 1192/1971/1235 1173/1972/1216
f 1190/1973/1233 1173/1935/1216 1174/1937/1217
f 1190/1964/1233 1174/1974/1217 1169/1965/1212
f 1170/1966/1213 1175/1975/1218 1191/1967/1234
f 1191/1967/1234 1175/1975/1218 1067/1976/1101
f 1191/1977/1234 1193/1978/1236 1194/1979/1237
f 1191/1980/1234 1067/1981/1101 1193/1982/1236
f 1193/1978/1236 1195/1983/1238 1194/1979/1237
f 1067/1657/1101 1195/1984/1238 1193/1985/1236
f 1196/1986/1239 1197/1987/1240 965/1449/979
f 904/1319/918 965/1449/979 1197/1987/1240
f 815/1153/815 966/1450/980 1198/1988/1241
f 888/1285/900 1198/1988/1241 966/1450/980
f 1176/1948/1219 1123/1850/1166 931/1386/945
f 1176/1948/1219 1094/1749/1130 1129/1856/1172
f 1177/1949/1220 992/1496/1015 1125/1852/1168
f 1125/1989/1168 1124/1990/1167 1199/1991/1242
f 1200/1992/1243 1130/1858/1173 1128/1855/1171
f 1124/1857/1167 1098/1757/1134 1201/1993/1244
f 1097/1755/1133 1152/1897/1195 1180/1952/1223
f 1131/1859/1174 1042/1606/1076 1152/1897/1195
f 1179/1951/1222 1151/1896/1194 1100/1760/1136
f 1151/1896/1194 1181/1953/1224 1001/1505/1024
f 1000/1863/1023 1138/1994/1181 1134/1864/1177
f 1202/1995/1245 1101/1761/1137 1153/1898/1196
f 1004/1508/1027 1158/1903/1201 1154/1899/1197
f 1158/1903/1201 1203/1996/1246 1154/1899/1197
f 1048/1612/1082 1159/1904/1202 1181/1997/1224
f 1135/1868/1178 1156/1901/1199 1204/1998/1247
f 1202/1995/1245 1157/1902/1200 1101/1761/1137
f 835/1174/835 836/1175/836 1139/1871/1182
f 1205/1999/1248 781/1111/781 822/1161/822
f 876/1259/881 1206/2000/1249 1009/1513/1032
f 1206/2001/1249 876/1961/881 1189/1962/1232
f 824/1163/824 913/1330/927 1189/1962/1232
f 913/1330/927 893/1290/905 1207/2002/1250
f 1190/1964/1233 1208/2003/1251 1209/2004/1252
f 1190/1964/1233 1209/2004/1252 1192/2005/1235
f 1194/2006/1237 1210/2007/1253 1191/1967/1234
f 1115/1804/1158 1211/2008/1254 1114/1803/1157
f 1115/1804/1158 1209/2009/1252 1211/2008/1254
f 1115/1804/1158 1192/1969/1235 1209/2009/1252
f 1195/1984/1238 1210/2010/1253 1194/2011/1237
f 1067/1657/1101 1210/2010/1253 1195/1984/1238
f 925/1380/939 1212/2012/1255 1067/1657/1101
f 1067/1657/1101 1212/2012/1255 1210/2010/1253
f 965/1449/979 1114/1803/1157 1196/1986/1239
f 1213/2013/1256 1214/2014/1257 925/1380/939
f 815/1153/815 1198/1988/1241 925/1380/939
f 1092/1744/1128 931/1386/945 850/1209/855
f 989/1748/1012 1093/1747/1129 1177/1949/1220
f 1148/1887/1191 1094/1749/1130 1215/2015/1258
f 1128/1855/1171 1148/1887/1191 1216/2016/1259
f 1124/1990/1167 1201/2017/1244 1199/1991/1242
f 1098/1757/1134 1217/2018/1260 1201/1993/1244
f 1152/1897/1195 1042/1606/1076 935/1392/949
f 1047/2019/1081 1179/1951/1222 1045/1888/1079
f 1042/1606/1076 1134/2020/1177 935/1392/949
f 1047/2019/1081 1151/1896/1194 1179/1951/1222
f 1043/1759/1077 1136/1866/1179 1218/2021/1261
f 1134/2020/1177 1138/1870/1181 935/1392/949
f 1151/1896/1194 1047/2019/1081 1181/1953/1224
f 1047/1611/1081 1048/1612/1082 1181/1997/1224
f 1154/2022/1197 1219/2023/1262 1138/2024/1181
f 1219/2025/1262 1182/1954/1225 1138/1870/1181
f 1154/2022/1197 1182/1752/1225 1219/2023/1262
f 1154/2026/1197 1203/2027/1246 1182/2028/1225
f 1155/2029/1198 1220/2030/1263 1221/2031/1264
f 1157/2032/1200 1222/2033/1265 1158/2034/1201
f 1137/1869/1180 1155/1900/1198 1221/2035/1264
f 1156/2036/1199 1183/2037/1226 1204/2038/1247
f 1185/1957/1228 981/1465/995 871/1254/876
f 694/1005/694 703/1016/703 722/1041/722
f 854/1215/859 1162/1908/1205 855/1216/860
f 910/1325/924 1187/1959/1230 837/1176/837
f 838/1177/838 1104/1764/1140 1187/2039/1230
f 1052/1616/1086 912/1328/926 1223/2040/1266
f 941/1399/955 1224/2041/1267 945/1406/959
f 1142/1874/1185 1165/1914/1208 771/1098/771
f 1165/1914/1208 1166/1915/1209 914/1398/928
f 1166/1963/1209 1225/2042/1268 1190/1964/1233
f 1191/1967/1234 1226/2043/1269 1167/1968/1210
f 1210/2007/1253 1227/2044/1270 1191/1967/1234
f 1191/1967/1234 1227/2044/1270 1226/2043/1269
f 1208/2045/1251 1228/2046/1271 1114/2047/1157
f 1114/2048/1157 1211/2049/1254 1208/2003/1251
f 1208/2050/1251 1229/2051/1272 1228/2052/1271
f 1208/2003/1251 1211/2049/1254 1209/2004/1252
f 1210/2007/1253 1212/2053/1255 1227/2044/1270
f 1227/2054/1270 925/2055/939 1230/2056/1273
f 1227/2044/1270 1212/2053/1255 925/2057/939
f 1228/2058/1271 1229/2059/1272 1114/1803/1157
f 925/2055/939 1231/2060/1274 1230/2056/1273
f 925/1380/939 1214/2014/1257 1231/2061/1274
f 927/1382/941 1036/1595/1070 1232/2062/1275
f 925/1380/939 1198/1988/1241 1233/2063/1276
f 989/1491/1012 1234/2064/1277 849/1208/854
f 904/1319/918 1235/2065/1278 1036/1595/1070
f 1215/2066/1258 1216/2067/1259 1148/2068/1191
f 1236/2069/1279 1125/1989/1168 1199/1991/1242
f 1216/2016/1259 1200/1992/1243 1128/1855/1171
f 1237/2070/1280 1149/1891/1192 1130/1858/1173
f 1178/1950/1221 1043/1759/1077 1218/2021/1261
f 1181/1997/1224 1159/1904/1202 1155/2029/1198
f 1155/2029/1198 1159/1904/1202 1220/2030/1263
f 1158/1903/1201 1238/2071/1281 1203/1996/1246
f 1238/2071/1281 1184/1956/1227 1203/1996/1246
f 1203/1996/1246 1184/1956/1227 1182/1954/1225
f 1158/1903/1201 1184/1956/1227 1238/2071/1281
f 1202/2072/1245 1222/2033/1265 1157/2032/1200
f 1137/1869/1180 1221/2035/1264 1183/1955/1226
f 1220/2030/1263 1159/1904/1202 1239/2073/1282
f 1159/1904/1202 905/1320/919 1239/2073/1282
f 1006/1510/1029 1240/2074/1283 905/1320/919
f 780/1110/780 803/1138/803 1241/2075/1284
f 1161/1906/1204 1050/1614/1084 754/1076/754
f 1140/1872/1183 769/1096/769 1007/1511/1030
f 821/1160/821 1242/2076/1285 822/1161/822
f 1051/1615/1085 1243/2077/1286 911/1327/925
f 911/1327/925 1243/2077/1286 1188/1960/1231
f 912/1328/926 1009/1513/1032 1244/2078/1287
f 825/1178/825 1245/2079/1288 1142/1874/1185
f 877/1260/882 1167/1917/1210 893/1290/905
f 1225/2042/1268 1208/2003/1251 1190/1964/1233
f 1026/2080/1060 1092/1744/1128 673/1743/673
f 1208/2003/1251 1246/2081/1289 1229/2082/1272
f 1230/2083/1273 1247/2084/1290 1227/2044/1270
f 1229/2059/1272 1246/2085/1289 1114/1803/1157
f 1214/2086/1257 1230/2087/1273 1231/2088/1274
f 1214/2014/1257 1247/2089/1290 1230/2090/1273
f 1247/2089/1290 1214/2014/1257 1213/2013/1256
f 888/1285/900 1033/1592/1067 1198/1988/1241
f 1235/2065/1278 1232/2062/1275 1036/1595/1070
f 904/1319/918 1197/1987/1240 1235/2065/1278
f 989/2091/1012 1177/2092/1220 1234/2093/1277
f 1176/1948/1219 931/1386/945 1092/1744/1128
f 1215/2094/1258 1248/2095/1291 1216/2096/1259
f 1201/1993/1244 1249/2097/1292 1199/2098/1242
f 1237/2070/1280 1130/1858/1173 1200/1992/1243
f 1217/2018/1260 1098/1757/1134 1250/2099/1293
f 1250/2099/1293 1098/1757/1134 1178/1950/1221
f 1251/2100/1294 1150/1895/1193 1149/1891/1192
f 1150/1895/1193 1252/2101/1295 1153/1898/1196
f 1136/2102/1179 1135/2103/1178 1204/2038/1247
f 1253/2104/1296 1202/2072/1245 1153/2105/1196
f 1184/2106/1297 1254/2107/1298 1158/2108/1299
f 1158/1903/1201 1255/2109/1300 1184/1956/1227
f 1221/2031/1264 1220/2030/1263 1239/2073/1282
f 1255/2110/1300 1158/2034/1201 1222/2033/1265
f 1256/2111/1301 870/1253/875 907/1322/921
f 1139/1871/1182 836/1175/836 1257/2112/1302
f 1258/2113/1303 1141/2114/1184 855/1216/860
f 1223/2040/1266 912/1328/926 1244/2078/1287
f 1188/1960/1231 1163/1912/1206 1053/1617/1087
f 1163/2115/1206 1245/2079/1288 825/1178/825
f 1259/2116/1304 945/1406/959 1224/2041/1267
f 1260/2117/1305 1106/1766/1142 945/1406/959
f 1225/2042/1268 1246/2081/1289 1208/2003/1251
f 1227/2044/1270 1247/2084/1290 1226/2043/1269
f 928/1383/942 849/1207/854 1234/2093/1277
f 1261/2118/1306 1114/1803/1157 1246/2085/1289
f 1262/2119/1307 1246/2120/1308 1114/2121/1309
f 1263/2122/1310 1247/2089/1290 1213/2013/1256
f 1196/1986/1239 1114/1803/1157 1261/2118/1306
f 925/1380/939 1233/2063/1276 1213/2013/1256
f 1264/2123/1311 1176/1948/1219 1092/1744/1128
f 1264/2124/1311 1094/2125/1130 1176/2126/1219
f 1215/2127/1258 1094/2125/1130 1264/2124/1311
f 1237/2070/1280 1251/2100/1294 1149/1891/1192
f 1178/1950/1221 1218/2021/1261 1265/2128/1312
f 1218/2021/1261 1136/1866/1179 1266/2129/1313
f 1252/2101/1295 1267/2130/1314 1153/1898/1196
f 1183/2037/1226 1268/2131/1315 1204/2038/1247
f 1202/2072/1245 1269/2132/1316 1222/2033/1265
f 1255/2109/1300 1270/2133/1317 1184/1956/1227
f 1222/2134/1265 1270/2133/1317 1255/2109/1300
f 1221/2135/1264 1271/2136/1318 1183/2037/1226
f 1270/2133/1317 1272/2137/1319 1184/1956/1227
f 905/1320/919 1240/2074/1283 1239/2073/1282
f 1272/2137/1319 1049/1613/1083 1184/1956/1227
f 1240/2074/1283 1006/1510/1029 936/1393/950
f 981/1465/995 1241/2075/1284 803/1138/803
f 872/1255/877 937/1394/951 1273/2138/1320
f 820/1159/820 1274/2139/1321 937/1394/951
f 1008/1907/1031 1275/2140/1322 743/1063/743
f 1141/1873/1184 1276/2141/1323 1051/1615/1085
f 1164/1913/1207 1277/2142/1324 1054/1618/1088
f 1164/1913/1207 946/1407/960 1278/2143/1325
f 1259/2116/1304 1260/2117/1305 945/1406/959
f 1167/1917/1210 1279/2144/1326 893/1290/905
f 1165/2145/1208 1225/2042/1268 1166/1963/1209
f 1280/2146/1327 1033/1592/1067 1106/1766/1142
f 1246/2081/1289 1281/2147/1328 1261/2148/1306
f 1247/2149/1290 1263/2150/1310 1282/2151/1329
f 1281/2147/1328 1196/2152/1239 1261/2148/1306
f 1263/2122/1310 1213/2013/1256 1282/2153/1329
f 1282/2154/1329 1213/2155/1256 1283/2156/1330
f 1213/2013/1256 1233/2063/1276 1283/2157/1330
f 1233/2063/1276 1198/1988/1241 1284/2158/1331
f 1234/2093/1277 1177/2092/1220 1285/2159/1332
f 1177/2092/1220 1125/1989/1168 1285/2159/1332
f 1125/1989/1168 1236/2069/1279 1285/2159/1332
f 1200/1992/1243 1216/2016/1259 1286/2160/1333
f 1200/1992/1243 1286/2160/1333 1237/2070/1280
f 1150/1895/1193 1251/2100/1294 1287/2161/1334
f 1218/2021/1261 1266/2129/1313 1265/2128/1312
f 1266/2129/1313 1136/1866/1179 1288/2162/1335
f 1136/2102/1179 1204/2038/1247 1288/2163/1335
f 1153/2105/1196 1267/2164/1314 1253/2104/1296
f 1253/2104/1296 1269/2132/1316 1202/2072/1245
f 1222/2134/1265 1272/2137/1319 1270/2133/1317
f 1271/2136/1318 1268/2131/1315 1183/2037/1226
f 870/1253/875 1256/2111/1301 936/1393/950
f 1185/1957/1228 1289/2165/1336 981/1465/995
f 820/1159/820 1139/1871/1182 1274/2139/1321
f 1008/1512/1031 909/1324/923 1275/2166/1322
f 1290/2167/1337 1242/2076/1285 821/1160/821
f 1052/1616/1086 1223/2040/1266 1104/1764/1140
f 1051/1615/1085 1276/2141/1323 1243/2077/1286
f 1188/1960/1231 1291/2168/1338 1163/1912/1206
f 946/1407/960 1107/1767/1143 1278/2143/1325
f 1106/1766/1142 1260/2117/1305 1280/2146/1327
f 1226/2043/1269 1279/2169/1326 1167/1968/1210
f 1033/1592/1067 1280/2146/1327 1292/2170/1339
f 927/1382/941 1232/2062/1275 1293/2171/1340
f 1198/1988/1241 1033/1592/1067 1292/2170/1339
f 1092/2172/1128 1026/1580/1060 1264/2124/1311
f 1233/2173/1276 1282/2174/1329 1283/2175/1330
f 1281/2176/1328 1197/1987/1240 1196/1986/1239
f 1282/2177/1329 1233/2178/1276 1294/2179/1341
f 1233/2063/1276 1284/2158/1331 1294/2180/1341
f 1198/1988/1241 1295/2181/1342 1284/2158/1331
f 1215/2127/1258 1264/2124/1311 1248/2182/1291
f 1236/2069/1279 1199/1991/1242 1296/2183/1343
f 1201/1993/1244 1217/2018/1260 1249/2097/1292
f 1250/2099/1293 1178/1950/1221 1265/2128/1312
f 1150/1895/1193 1287/2161/1334 1252/2101/1295
f 1239/2073/1282 1271/2184/1318 1221/2031/1264
f 1268/2131/1315 1297/2185/1344 1204/2038/1247
f 1222/2134/1265 1269/2186/1316 1272/2137/1319
f 1239/2187/1282 1240/2188/1283 1271/2136/1318
f 1049/1613/1083 1272/2137/1319 1298/2189/1345
f 869/1252/874 1160/1905/1203 1299/2190/1346
f 872/1255/877 1273/2138/1320 908/1323/922
f 821/1160/821 643/935/643 1290/2167/1337
f 837/1176/837 853/1214/858 770/1097/770
f 1258/2113/1303 855/1216/860 1162/1908/1205
f 1258/2191/1303 1276/2141/1323 1141/1873/1184
f 1009/1513/1032 1206/2000/1249 1244/2078/1287
f 1207/2002/1250 1189/1962/1232 913/1330/927
f 1054/1618/1088 1300/2192/1347 1105/1765/1141
f 1224/2041/1267 1301/2193/1348 1259/2116/1304
f 1143/1875/1186 1302/2194/1349 941/1399/955
f 1164/1913/1207 1278/2143/1325 1303/2195/1350
f 1107/1767/1143 927/1382/941 1293/2171/1340
f 1225/2042/1268 1281/2147/1328 1246/2081/1289
f 1281/2147/1328 1304/2196/1351 1197/2197/1240
f 1304/2196/1351 1305/2198/1352 1197/2197/1240
f 1284/2158/1331 1306/2199/1353 1294/2180/1341
f 1197/1987/1240 1305/2200/1352 1235/2065/1278
f 1235/2065/1278 1305/2200/1352 1232/2062/1275
f 1284/2158/1331 1295/2181/1342 1306/2199/1353
f 1250/2099/1293 1265/2128/1312 1307/2201/1354
f 1297/2185/1344 1288/2163/1335 1204/2038/1247
f 1308/2202/1355 780/1110/780 1241/2075/1284
f 836/1175/836 1140/1872/1183 1257/2112/1302
f 1309/2203/1356 1102/1762/1138 938/1395/952
f 1103/1763/1139 1310/2204/1357 1007/1511/1030
f 1103/1763/1139 743/1063/743 1310/2204/1357
f 743/1063/743 1275/2140/1322 1311/2205/1358
f 822/1161/822 1242/2076/1285 1205/1999/1248
f 1205/1999/1248 909/1324/923 781/1111/781
f 1142/1874/1185 1245/2079/1288 1312/2206/1359
f 1054/1618/1088 1277/2142/1324 1300/2192/1347
f 1302/2194/1349 1313/2207/1360 941/1399/955
f 941/1399/955 1313/2207/1360 1224/2041/1267
f 1164/1913/1207 1303/2195/1350 1277/2142/1324
f 1105/1765/1141 1314/2208/1361 1026/1580/1060
f 1247/2084/1290 1282/2209/1329 1226/2043/1269
f 1292/2170/1339 1315/2210/1362 1198/1988/1241
f 1294/2179/1341 1316/2211/1363 1282/2177/1329
f 1294/2179/1341 1306/2212/1353 1316/2211/1363
f 1316/2211/1363 1306/2212/1353 1317/2213/1364
f 1295/2181/1342 1317/2214/1364 1306/2199/1353
f 1198/1988/1241 1317/2214/1364 1295/2181/1342
f 1198/1988/1241 1315/2210/1362 1317/2214/1364
f 1236/2069/1279 1318/2215/1365 1285/2159/1332
f 1216/2216/1259 1248/2182/1291 1319/2217/1366
f 1249/2218/1292 1296/2183/1343 1199/1991/1242
f 1216/2016/1259 1320/2219/1367 1286/2160/1333
f 1217/2018/1260 1321/2220/1368 1249/2097/1292
f 1217/2018/1260 1250/2099/1293 1321/2220/1368
f 1237/2070/1280 1286/2160/1333 1322/2221/1369
f 1322/2221/1369 1251/2100/1294 1237/2070/1280
f 1251/2100/1294 1323/2222/1370 1287/2161/1334
f 1265/2128/1312 1266/2129/1313 1324/2223/1371
f 1325/2224/1372 1266/2129/1313 1288/2162/1335
f 1253/2104/1296 1326/2225/1373 1269/2132/1316
f 1268/2131/1315 1271/2136/1318 1240/2188/1283
f 1298/2189/1345 1269/2186/1316 1326/2226/1373
f 1272/2137/1319 1269/2186/1316 1298/2189/1345
f 1327/2227/1374 1185/1957/1228 869/1252/874
f 907/1322/921 1186/1958/1229 1328/2228/1375
f 1186/1958/1229 908/1323/922 1329/2229/1376
f 1273/2138/1320 937/1394/951 1330/2230/1377
f 1275/2166/1322 909/1324/923 1331/2231/1378
f 1187/2039/1230 1104/1764/1140 1332/2232/1379
f 1333/2233/1380 1188/1960/1231 1243/2077/1286
f 1334/2234/1381 1244/2078/1287 1206/2000/1249
f 1333/2233/1380 1291/2168/1338 1188/1960/1231
f 1279/2144/1326 1207/2002/1250 893/1290/905
f 1335/2235/1382 1278/2143/1325 1107/1767/1143
f 1107/1767/1143 1336/2236/1383 1335/2235/1382
f 1337/2237/1384 1225/2238/1268 1165/1914/1208
f 1225/2042/1268 1338/2239/1385 1281/2147/1328
f 1338/2239/1385 1339/2240/1386 1281/2147/1328
f 1340/2241/1387 1226/2242/1269 1282/2177/1329
f 1341/2243/1388 1293/2171/1340 1232/2062/1275
f 1339/2240/1386 1341/2244/1388 1281/2147/1328
f 1341/2244/1388 1342/2245/1389 1281/2147/1328
f 1281/2147/1328 1342/2245/1389 1304/2196/1351
f 1305/2200/1352 1342/2246/1389 1232/2062/1275
f 1304/2196/1351 1342/2245/1389 1305/2198/1352
f 1316/2247/1363 1317/2214/1364 1315/2210/1362
f 1343/2248/1390 1322/2221/1369 1286/2160/1333
f 1344/2249/1391 1287/2161/1334 1323/2222/1370
f 1324/2223/1371 1266/2129/1313 1325/2224/1372
f 1252/2101/1295 1287/2161/1334 1345/2250/1392
f 1345/2250/1392 1267/2130/1314 1252/2101/1295
f 1256/2111/1301 907/1322/921 1346/2251/1393
f 1329/2229/1376 908/1323/922 1347/2252/1394
f 892/1289/904 1309/2203/1356 938/1395/952
f 1291/2253/1338 1245/2079/1288 1163/2115/1206
f 1312/2206/1359 1348/2254/1395 1142/1874/1185
f 1348/2254/1395 1349/2255/1396 1142/1874/1185
f 1349/2255/1396 1165/1914/1208 1142/1874/1185
f 1226/2256/1269 1350/2257/1397 1279/1471/1326
f 1351/2258/1398 1338/2239/1385 1225/2042/1268
f 1226/2242/1269 1340/2241/1387 1350/2259/1397
f 1292/2170/1339 1280/2146/1327 1352/2260/1399
f 1026/1580/1060 1353/2261/1400 1264/2124/1311
f 1340/2241/1387 1282/2177/1329 1354/2262/1401
f 1282/2177/1329 1316/2211/1363 1354/2262/1401
f 1315/2210/1362 1292/2170/1339 1355/2263/1402
f 928/1383/942 1234/2093/1277 1356/2264/1403
f 1341/2244/1388 1232/2265/1275 1342/2245/1389
f 1355/2263/1402 1316/2247/1363 1315/2210/1362
f 1234/2093/1277 1285/2159/1332 1356/2264/1403
f 1356/2264/1403 1285/2159/1332 1318/2215/1365
f 1264/2124/1311 1357/2266/1404 1248/2182/1291
f 1248/2182/1291 1357/2266/1404 1319/2217/1366
f 1236/2069/1279 1358/2267/1405 1318/2215/1365
f 1296/2183/1343 1358/2267/1405 1236/2069/1279
f 1319/2217/1366 1320/2268/1367 1216/2216/1259
f 1296/2269/1343 1249/2097/1292 1321/2220/1368
f 1320/2219/1367 1343/2248/1390 1286/2160/1333
f 1267/2164/1314 1345/2270/1392 1359/2271/1406
f 1253/2104/1296 1360/2272/1407 1326/2225/1373
f 1326/2226/1373 1360/2273/1407 1298/2189/1345
f 1268/2131/1315 1240/2188/1283 1361/2274/1408
f 936/1393/950 1362/2275/1409 1240/2074/1283
f 1274/2139/1321 1139/1871/1182 1363/2276/1410
f 703/1016/703 1102/1762/1138 722/1041/722
f 663/956/663 1290/2167/1337 643/935/643
f 790/1121/790 765/1091/765 1162/1908/1205
f 1332/2232/1379 1104/1764/1140 1223/2040/1266
f 1244/2078/1287 1334/2234/1381 1364/2277/1411
f 1224/2041/1267 1313/2207/1360 1301/2193/1348
f 1105/1765/1141 1365/2278/1412 1314/2208/1361
f 1279/2279/1326 1366/2280/1413 1367/2281/1414
f 1368/2282/1415 1280/2146/1327 1260/2117/1305
f 928/1383/942 1356/2264/1403 1143/1875/1186
f 1337/2283/1384 1351/2258/1398 1225/2042/1268
f 1280/2146/1327 1368/2282/1415 1369/2284/1416
f 1107/1767/1143 1293/2171/1340 1336/2236/1383
f 1354/2285/1401 1316/2286/1363 1355/2287/1402
f 1292/2055/1339 1354/2285/1401 1355/2287/1402
f 1353/2261/1400 1357/2266/1404 1264/2124/1311
f 1321/2220/1368 1250/2099/1293 1370/2288/1417
f 1343/2289/1390 1371/2290/1418 1322/2291/1369
f 1322/2221/1369 1371/2292/1418 1251/2100/1294
f 1324/2223/1371 1372/2293/1419 1265/2128/1312
f 1344/2249/1391 1373/2294/1420 1287/2161/1334
f 1287/2161/1334 1373/2294/1420 1345/2250/1392
f 1268/2131/1315 1361/2274/1408 1297/2185/1344
f 1049/1613/1083 1298/2189/1345 1374/2295/1421
f 1049/1613/1083 1299/2190/1346 1160/1905/1203
f 780/1110/780 1308/2202/1355 1161/1906/1204
f 1308/2202/1355 1375/2296/1422 1161/1906/1204
f 937/1394/951 1274/2139/1321 1330/2230/1377
f 1276/2141/1323 1258/2191/1303 1376/2297/1423
f 1206/2001/1249 1189/1962/1232 1377/2298/1424
f 1378/2299/1425 1189/1962/1232 1207/2002/1250
f 1300/2192/1347 1365/2278/1412 1105/1765/1141
f 1259/2116/1304 1379/2300/1426 1260/2117/1305
f 1356/2264/1403 1380/2301/1427 1143/1875/1186
f 1369/2284/1416 1352/2260/1399 1280/2146/1327
f 1339/2302/1386 1381/2303/1428 1293/2171/1340
f 1293/2171/1340 1341/2243/1388 1339/2302/1386
f 1371/2292/1418 1323/2222/1370 1251/2100/1294
f 1307/2201/1354 1265/2128/1312 1372/2293/1419
f 1324/2223/1371 1325/2224/1372 1382/2304/1429
f 1373/2305/1420 1359/2271/1406 1345/2270/1392
f 1325/2306/1372 1288/2163/1335 1383/2307/1430
f 1359/2271/1406 1384/2308/1431 1267/2164/1314
f 1384/2308/1431 1253/2104/1296 1267/2164/1314
f 1383/2307/1430 1288/2163/1335 1297/2185/1344
f 1361/2309/1408 1240/2310/1283 1385/2311/1432
f 1385/2312/1432 1240/2074/1283 1362/2275/1409
f 936/1393/950 1256/2111/1301 1362/2275/1409
f 1050/1614/1084 1386/2313/1433 873/1256/878
f 1102/1762/1138 1387/2314/1434 722/1041/722
f 1310/2204/1357 743/1063/743 1311/2205/1358
f 1223/2040/1266 1244/2078/1287 1364/2277/1411
f 1348/2315/1395 1312/2316/1359 1388/2317/1435
f 1303/2195/1350 1348/2318/1395 1388/2319/1435
f 1207/2002/1250 1279/2144/1326 1389/2320/1436
f 1207/2321/1250 1259/2322/1437 1390/2323/1438
f 1207/2324/1250 1389/2325/1436 1259/2326/1437
f 1259/2116/1437 1391/2327/1439 1390/2328/1438
f 1278/2143/1325 1349/2329/1396 1392/2330/1440
f 1349/2331/1396 1278/2332/1325 1393/2333/1441
f 1349/2255/1396 1393/2334/1441 1394/2335/1442
f 1279/2336/1326 1395/2337/1443 1260/2338/1305
f 1260/2339/1305 1379/2340/1426 1279/2341/1326
f 1143/1875/1186 1380/2301/1427 1302/2194/1349
f 1352/2260/1399 1369/2284/1416 1396/2342/1444
f 1336/2343/1383 1293/2344/1340 1397/2345/1445
f 1293/2171/1340 1398/2346/1446 1397/2347/1445
f 1293/2348/1447 1399/2349/1448 1338/2350/1449
f 1293/2171/1340 1399/2351/1450 1398/2346/1446
f 1338/2239/1385 1399/2352/1451 1339/2240/1386
f 1381/2303/1428 1399/2351/1451 1293/2171/1340
f 1339/2240/1386 1399/2352/1451 1381/2353/1428
f 1354/2354/1401 1292/2170/1339 1340/2355/1387
f 1352/2260/1399 1340/2355/1387 1292/2170/1339
f 1321/2220/1368 1400/2356/1452 1296/2269/1343
f 1250/2099/1293 1307/2201/1354 1370/2288/1417
f 1361/2274/1408 1401/2357/1453 1297/2185/1344
f 1049/1613/1083 1402/2358/1454 1299/2190/1346
f 907/1322/921 1328/2228/1375 1346/2251/1393
f 1186/1958/1229 1329/2229/1376 1328/2228/1375
f 1403/2359/1455 1007/1511/1030 1310/2204/1357
f 1404/2360/1456 909/1324/923 1205/1999/1248
f 1405/2361/1457 1258/2113/1303 1162/1908/1205
f 1333/2233/1380 1243/2077/1286 1406/2362/1458
f 1334/2234/1381 1206/2000/1249 1377/2363/1424
f 1189/1962/1232 1378/2299/1425 1377/2298/1424
f 1407/2364/1459 1300/2192/1347 1277/2142/1324
f 1408/2365/1460 1207/2321/1250 1390/2323/1438
f 1388/2319/1435 1277/2142/1324 1303/2195/1350
f 1348/2366/1395 1303/2367/1350 1409/2368/1461
f 1410/2369/1462 1411/2370/1463 1348/1526/1395
f 1411/2371/1463 1349/2255/1396 1348/2254/1395
f 1409/2372/1461 1303/2195/1350 1412/2373/1464
f 1392/2330/1440 1303/2195/1350 1278/2143/1325
f 1412/2373/1464 1303/2195/1350 1392/2330/1440
f 1349/2374/1396 1411/2375/1463 1392/2376/1440
f 1393/2333/1441 1278/2332/1325 1413/2377/1465
f 1165/1914/1208 1349/2255/1396 1394/2335/1442
f 1413/2378/1465 1278/2143/1325 1335/2235/1382
f 1414/2379/1466 1279/2144/1326 1367/2380/1414
f 1415/2381/1467 1026/1580/1060 1314/2208/1361
f 1279/1471/1326 1350/2257/1397 1416/2382/1468
f 1366/2280/1413 1279/2279/1326 1416/2383/1468
f 1415/2381/1467 1353/2261/1400 1026/1580/1060
f 1397/2347/1445 1398/2346/1446 1417/2384/1469
f 1398/2385/1446 1338/2239/1385 1417/2386/1469
f 1338/2239/1385 1398/2385/1446 1399/2352/1450
f 1350/2387/1397 1352/2388/1399 1418/2389/1470
f 1350/2390/1397 1340/2391/1387 1352/2392/1399
f 1418/2393/1470 1352/2260/1399 1396/2342/1444
f 1356/2264/1403 1318/2215/1365 1419/2394/1471
f 1320/2395/1367 1420/2396/1472 1343/2397/1390
f 1321/2220/1368 1370/2288/1417 1400/2356/1452
f 1420/2398/1472 1371/2290/1418 1343/2289/1390
f 1372/2293/1419 1324/2223/1371 1382/2304/1429
f 1421/2399/1473 1325/2306/1372 1383/2307/1430
f 1384/2308/1431 1360/2272/1407 1253/2104/1296
f 1401/2400/1453 1361/2401/1408 1385/2312/1432
f 1385/2312/1432 1362/2275/1409 1422/2402/1474
f 1402/2358/1454 1049/1613/1083 1374/2295/1421
f 981/1465/995 1423/2403/1475 1241/2075/1284
f 1375/2296/1422 1050/1614/1084 1161/1906/1204
f 1386/2313/1433 1050/1614/1084 1375/2296/1422
f 873/1256/878 1386/2313/1433 892/1289/904
f 1386/2313/1433 1424/2404/1476 892/1289/904
f 1139/1871/1182 1257/2112/1302 1363/2276/1410
f 722/1041/722 1290/2167/1337 663/956/663
f 909/1324/923 1404/2360/1456 1331/2231/1378
f 1187/1959/1230 1332/2405/1379 1425/2406/1477
f 1276/2141/1323 1376/2297/1423 1243/2077/1286
f 1376/2297/1423 1406/2362/1458 1243/2077/1286
f 1334/2234/1381 1377/2363/1424 1426/2407/1478
f 1300/2192/1347 1407/2364/1459 1365/2278/1412
f 1408/2408/1460 1378/2299/1425 1207/2002/1250
f 1302/2194/1349 1427/2409/1479 1313/2207/1360
f 1312/2316/1359 1277/2410/1324 1388/2317/1435
f 1428/2411/1480 1409/2412/1461 1429/2413/1481
f 1428/2411/1480 1348/2254/1395 1409/2412/1461
f 1428/2411/1480 1410/2414/1462 1348/2254/1395
f 1390/2323/1438 1391/2415/1439 1408/2365/1460
f 1301/2193/1348 1430/2416/1482 1259/2116/1304
f 1409/2417/1461 1412/2418/1464 1429/2419/1481
f 1393/2334/1441 1413/2420/1465 1431/2421/1483
f 1393/2334/1441 1431/2421/1483 1394/2335/1442
f 1279/2144/1326 1432/2422/1484 1395/2423/1443
f 1395/2424/1443 1433/2425/1485 1260/2426/1305
f 1279/2427/1326 1379/2428/1426 1434/2429/1486
f 1379/2430/1426 1435/2431/1487 1434/2432/1486
f 1259/2116/1304 1430/2416/1482 1379/2300/1426
f 1302/2194/1349 1380/2301/1427 1427/2409/1479
f 1165/2433/1208 1436/2434/1488 1335/2235/1382
f 1414/2379/1466 1437/2435/1489 1279/2144/1326
f 1368/2436/1415 1438/2437/1490 1279/2438/1326
f 1433/2439/1485 1368/2282/1415 1260/2117/1305
f 1439/2440/1491 1351/2258/1398 1337/2283/1384
f 1336/2343/1383 1440/2441/1492 1439/2442/1491
f 1439/2440/1491 1441/2443/1493 1351/2258/1398
f 1336/2343/1383 1397/2345/1445 1440/2441/1492
f 1397/2444/1445 1417/2386/1469 1441/2443/1493
f 1441/2443/1493 1417/2386/1469 1351/2258/1398
f 1351/2258/1398 1417/2386/1469 1338/2239/1385
f 1350/2445/1397 1396/1893/1444 1442/2446/1494
f 1350/2447/1397 1443/2448/1495 1396/2449/1444
f 1443/2450/1495 1418/2393/1470 1396/2342/1444
f 1350/2387/1397 1418/2389/1470 1443/2451/1495
f 1358/2267/1405 1444/2452/1496 1318/2215/1365
f 1357/2266/1404 1445/2453/1497 1319/2217/1366
f 1319/2217/1366 1446/2454/1498 1320/2268/1367
f 1447/2455/1499 1296/2456/1343 1448/2457/1500
f 1296/2458/1343 1400/2459/1452 1448/2460/1500
f 1446/2461/1498 1420/2462/1472 1320/2463/1367
f 1400/2356/1452 1370/2288/1417 1449/2464/1501
f 1370/2288/1417 1307/2201/1354 1450/2465/1502
f 1323/2466/1370 1373/2467/1420 1344/2468/1391
f 1327/2227/1374 869/1252/874 1299/2190/1346
f 1327/2227/1374 1289/2165/1336 1185/1957/1228
f 1140/1872/1183 1451/2469/1503 1257/2112/1302
f 1140/1872/1183 1007/1511/1030 1452/2470/1504
f 1331/2231/1378 1453/2471/1505 1275/2166/1322
f 1258/2191/1303 1405/2472/1457 1376/2297/1423
f 1406/2362/1458 1454/2473/1506 1333/2233/1380
f 1408/2408/1460 1455/2474/1507 1378/2299/1425
f 1428/2411/1480 1429/2413/1481 1456/2475/1508
f 1410/2476/1462 1457/2477/1509 1411/2375/1463
f 1389/2478/1436 1455/2479/1507 1259/2096/1437
f 1389/2320/1436 1279/2144/1326 1455/2474/1507
f 1259/2116/1437 1430/2416/1510 1391/2327/1439
f 1429/2480/1481 1458/2481/1511 1456/2482/1508
f 1429/2480/1481 1412/2373/1464 1458/2481/1511
f 1392/2376/1440 1411/2375/1463 1457/2477/1509
f 1394/2483/1442 1459/2484/1512 1165/2485/1208
f 1395/2423/1443 1432/2422/1484 1433/2486/1485
f 1413/2487/1465 1335/2488/1382 1460/2489/1513
f 1335/2235/1382 1461/2490/1514 1460/2491/1513
f 1459/2492/1512 1461/2490/1514 1436/2434/1488
f 1335/2235/1382 1436/2434/1488 1461/2490/1514
f 1165/2433/1208 1459/2492/1512 1436/2434/1488
f 1335/2493/1382 1462/2494/1515 1463/1546/1516
f 1165/1914/1208 1335/2495/1382 1463/2496/1516
f 1165/1914/1208 1463/2496/1516 1464/2497/1517
f 1165/1914/1208 1464/2497/1517 1337/2237/1384
f 1335/2235/1382 1465/2498/1518 1462/2499/1515
f 1335/2235/1382 1336/2236/1383 1465/2498/1518
f 1369/2500/1416 1466/2501/1519 1367/2502/1414
f 1368/2282/1415 1467/2503/1520 1369/2284/1416
f 1336/2504/1383 1439/2505/1491 1468/2506/1521
f 1439/2507/1491 1440/2508/1492 1469/2509/1522
f 1439/2440/1491 1469/2510/1522 1441/2443/1493
f 1350/2511/1397 1470/2512/1523 1416/2513/1468
f 1369/2514/1416 1416/2515/1468 1471/2516/1524
f 1369/2517/1416 1472/2518/1525 1416/2519/1468
f 1440/2520/1492 1397/2521/1445 1469/2522/1522
f 1441/2523/1493 1469/2522/1522 1397/2521/1445
f 1350/2511/1397 1442/2524/1494 1473/2525/1526
f 1396/2526/1444 1470/2527/1523 1473/2528/1526
f 1350/2511/1397 1473/2525/1526 1470/2512/1523
f 1396/2342/1444 1474/2529/1527 1470/2530/1523
f 1369/2284/1416 1474/2529/1527 1396/2342/1444
f 1369/2284/1416 1471/2531/1524 1474/2529/1527
f 1442/2532/1494 1396/2533/1444 1473/2534/1526
f 1358/2267/1405 1447/2535/1499 1444/2452/1496
f 1296/2183/1343 1447/2535/1499 1358/2267/1405
f 1319/2217/1366 1475/2536/1528 1446/2454/1498
f 1307/2201/1354 1372/2293/1419 1450/2465/1502
f 1325/2224/1372 1421/2537/1473 1382/2304/1429
f 1359/2271/1406 1373/2305/1420 1476/2538/1529
f 1401/2357/1453 1383/2307/1430 1297/2185/1344
f 1289/2165/1336 1423/2403/1475 981/1465/995
f 908/1323/922 1273/2138/1320 1347/2252/1394
f 1007/1511/1030 1403/2359/1455 1452/2470/1504
f 722/1041/722 1477/2539/1530 1290/2167/1337
f 853/1214/858 1478/2540/1531 765/1091/765
f 1277/2142/1324 1479/2541/1532 1407/2364/1459
f 1408/2365/1460 1480/2542/1533 1455/1629/1507
f 1313/2207/1360 1481/2543/1534 1301/2193/1348
f 1312/2316/1359 1479/2544/1532 1277/2410/1324
f 1312/2206/1359 1456/2475/1508 1482/2545/1535
f 1428/2411/1480 1456/2475/1508 1312/2206/1359
f 1312/2206/1359 1483/2546/1536 1428/2411/1480
f 1483/2547/1536 1484/2548/1537 1457/2477/1509
f 1410/2476/1462 1483/2547/1536 1457/2477/1509
f 1428/2411/1480 1483/2546/1536 1410/2414/1462
f 1408/2365/1460 1391/2415/1439 1480/2542/1533
f 1259/2549/1437 1455/2550/1507 1430/2551/1510
f 1480/2552/1533 1430/2553/1510 1455/2554/1507
f 1391/2327/1439 1430/2416/1510 1480/2555/1533
f 1456/2482/1508 1458/2481/1511 1482/2556/1535
f 1412/2373/1464 1485/2557/1538 1458/2481/1511
f 1392/2376/1440 1457/2477/1509 1484/2548/1537
f 1484/2548/1537 1485/2558/1538 1392/2376/1440
f 1412/2373/1464 1392/2330/1440 1485/2557/1538
f 1486/2559/1539 1413/2420/1465 1487/2560/1540
f 1431/2421/1483 1413/2420/1465 1486/2559/1539
f 1486/2559/1539 1394/2335/1442 1431/2421/1483
f 1394/2483/1442 1488/2561/1541 1459/2484/1512
f 1279/2144/1326 1489/2562/1542 1432/2422/1484
f 1430/2416/1482 1490/2563/1543 1379/2300/1426
f 1379/2430/1426 1490/2564/1543 1435/2431/1487
f 1413/2487/1465 1460/2489/1513 1487/2565/1540
f 1459/2492/1512 1488/2566/1541 1461/2490/1514
f 1463/2567/1516 1462/2568/1515 1491/2569/1544
f 1463/2496/1516 1492/2570/1545 1464/2497/1517
f 1279/2438/1326 1438/2437/1490 1489/2571/1542
f 1368/2572/1415 1279/2573/1326 1493/2574/1546
f 1438/2575/1490 1494/2576/1547 1489/2577/1542
f 1438/2575/1490 1368/2282/1415 1494/2576/1547
f 1380/2301/1427 1495/2578/1548 1427/2409/1479
f 1462/2568/1515 1496/2579/1549 1491/2569/1544
f 1462/2499/1515 1465/2498/1518 1496/2580/1549
f 1465/2498/1518 1497/2581/1550 1496/2580/1549
f 1465/2498/1518 1464/2582/1517 1497/2581/1550
f 1367/2380/1414 1498/2583/1551 1414/2379/1466
f 1498/2583/1551 1499/2584/1552 1414/2379/1466
f 1368/2282/1415 1493/2585/1546 1467/2503/1520
f 1465/2498/1518 1336/2236/1383 1500/2586/1553
f 1336/2587/1383 1501/2588/1554 1502/2589/1555
f 1337/2590/1384 1336/2587/1383 1502/2589/1555
f 1367/2502/1414 1466/2501/1519 1498/2591/1551
f 1367/2592/1414 1503/2593/1556 1369/2594/1416
f 1504/2595/1557 1505/2596/1558 1506/2597/1559
f 1506/2598/1559 1505/2599/1558 1337/2600/1384
f 1337/2601/1384 1507/2602/1560 1506/2603/1559
f 1505/2604/1558 1508/2605/1561 1439/2505/1491
f 1337/2606/1384 1505/2607/1558 1439/2608/1491
f 1366/2609/1413 1509/2610/1562 1369/2611/1416
f 1369/2611/1416 1509/2610/1562 1510/2612/1563
f 1369/2613/1416 1511/2614/1564 1366/2615/1413
f 1380/2301/1427 1419/2394/1471 1495/2578/1548
f 1336/2616/1383 1468/2617/1521 1506/2618/1559
f 1439/2505/1491 1508/2605/1561 1468/2506/1521
f 1416/2515/1468 1470/2619/1523 1512/2620/1565
f 1416/2515/1468 1512/2620/1565 1471/2516/1524
f 1472/2621/1525 1513/2622/1566 1416/2623/1468
f 1472/2624/1525 1369/2625/1416 1513/2626/1566
f 1470/2530/1523 1474/2529/1527 1512/2627/1565
f 1471/2516/1524 1512/2620/1565 1474/2628/1527
f 1356/2264/1403 1419/2394/1471 1380/2301/1427
f 1319/2217/1366 1445/2453/1497 1475/2536/1528
f 1323/2466/1370 1514/2629/1567 1373/2467/1420
f 1372/2293/1419 1382/2304/1429 1515/2630/1568
f 1359/2271/1406 1476/2538/1529 1384/2308/1431
f 1360/2272/1407 1516/2631/1569 1298/2632/1345
f 1298/2189/1345 1516/2633/1569 1374/2295/1421
f 1402/2358/1454 1517/2634/1570 1299/2190/1346
f 1299/2190/1346 1518/2635/1571 1327/2227/1374
f 1424/2404/1476 1309/2203/1356 892/1289/904
f 1313/2207/1360 1427/2409/1479 1481/2543/1534
f 1279/2144/1326 1434/2636/1486 1455/2474/1507
f 1482/2637/1535 1458/2638/1511 1479/2639/1532
f 1486/2559/1539 1487/2560/1540 1519/2640/1572
f 1394/2483/1442 1520/2641/1573 1521/2642/1574
f 1486/2559/1539 1520/2643/1573 1394/2335/1442
f 1394/2483/1442 1521/2642/1574 1488/2561/1541
f 1489/2562/1542 1522/2644/1575 1432/2422/1484
f 1432/2422/1484 1523/2645/1576 1433/2486/1485
f 1365/2278/1412 1524/2646/1577 1314/2208/1361
f 1487/2565/1540 1460/2489/1513 1519/2647/1572
f 1521/2648/1574 1525/2649/1578 1461/2490/1514
f 1460/2491/1513 1461/2490/1514 1525/2649/1578
f 1488/2566/1541 1521/2648/1574 1461/2490/1514
f 1463/2496/1516 1491/2650/1544 1526/2651/1579
f 1526/2651/1579 1492/2570/1545 1463/2496/1516
f 1492/2652/1545 1527/2653/1580 1464/2654/1517
f 1279/2573/1326 1528/2655/1581 1493/2574/1546
f 1279/2144/1326 1437/2435/1489 1528/2656/1581
f 1489/2577/1542 1494/2576/1547 1522/2657/1575
f 1528/2658/1581 1529/2659/1582 1493/2660/1546
f 1464/2582/1517 1527/2661/1580 1497/2581/1550
f 1465/2662/1518 1530/2663/1583 1531/2664/1584
f 1464/2497/1517 1465/2665/1518 1531/2666/1584
f 1464/2497/1517 1531/2666/1584 1532/2667/1585
f 1464/2497/1517 1532/2667/1585 1337/2237/1384
f 1467/2668/1520 1533/2669/1586 1414/2670/1466
f 1467/2503/1520 1493/2585/1546 1533/2671/1586
f 1465/2498/1518 1500/2586/1553 1530/2672/1583
f 1336/157/1383 1337/2673/1384 1534/2674/1587
f 1336/2236/1383 1534/2675/1587 1500/2586/1553
f 1337/2601/1384 1535/2676/1588 1507/2602/1560
f 1502/2677/1555 1535/2678/1588 1337/2679/1384
f 1366/2680/1413 1536/2681/1589 1367/2682/1414
f 1537/2683/1590 1369/2594/1416 1503/2593/1556
f 1503/2684/1556 1367/2685/1414 1537/2686/1590
f 1466/2501/1519 1538/2687/1591 1498/2591/1551
f 1466/2501/1519 1369/2500/1416 1538/2687/1591
f 1467/2503/1520 1539/2688/1592 1369/2284/1416
f 1369/2284/1416 1539/2688/1592 1538/2689/1591
f 1507/2690/1560 1540/1827/1593 1506/2691/1559
f 1336/2692/1383 1506/2693/1559 1540/2694/1593
f 1504/2695/1557 1541/2696/1594 1505/2697/1558
f 1506/2698/1559 1541/2699/1594 1504/2700/1557
f 1416/2701/1468 1542/2702/1595 1366/2703/1413
f 1542/2702/1595 1543/2704/1596 1366/2703/1413
f 1366/2703/1413 1543/2704/1596 1509/2705/1562
f 1366/2706/1413 1511/2707/1564 1536/2708/1589
f 1369/2709/1416 1544/2710/1597 1511/2711/1564
f 1506/2698/1559 1468/2712/1521 1541/2699/1594
f 1416/2623/1468 1513/2622/1566 1542/2713/1595
f 1369/2625/1416 1510/2714/1563 1513/2626/1566
f 1444/2452/1496 1447/2535/1499 1545/2715/1598
f 1420/2398/1472 1546/2716/1599 1371/2290/1418
f 1373/2305/1420 1547/2717/1600 1476/2538/1529
f 1383/2307/1430 1548/2718/1601 1421/2399/1473
f 1383/2307/1430 1401/2357/1453 1549/2719/1602
f 1384/2308/1431 1516/2631/1569 1360/2272/1407
f 1256/2111/1301 1550/2720/1603 1362/2275/1409
f 1274/2139/1321 1363/2276/1410 1330/2230/1377
f 1311/2205/1358 1551/2721/1604 1310/2204/1357
f 837/1176/837 1552/2722/1605 853/1214/858
f 1187/1959/1230 1552/2722/1605 837/1176/837
f 1333/2233/1380 1454/2473/1506 1291/2168/1338
f 1482/2545/1535 1479/2723/1532 1312/2206/1359
f 1458/2481/1511 1485/2557/1538 1479/2541/1532
f 1486/2559/1539 1519/2640/1572 1553/2724/1606
f 1522/2644/1575 1554/2725/1607 1432/2422/1484
f 1554/2725/1607 1555/2726/1608 1432/2422/1484
f 1432/2422/1484 1555/2726/1608 1523/2645/1576
f 1519/2647/1572 1556/2727/1609 1553/2728/1606
f 1519/2647/1572 1460/2489/1513 1556/2727/1609
f 1460/2491/1513 1525/2649/1578 1556/2729/1609
f 1525/2730/1578 1520/2731/1573 1557/2732/1610
f 1521/2642/1574 1520/2641/1573 1525/2733/1578
f 1526/2651/1579 1491/2650/1544 1558/2734/1611
f 1414/2379/1466 1559/2735/1612 1437/2435/1489
f 1522/2657/1575 1494/2576/1547 1554/2736/1607
f 1528/2737/1581 1560/2738/1613 1529/2739/1582
f 1494/2576/1547 1561/2740/1614 1554/2736/1607
f 1494/2576/1547 1368/2282/1415 1561/2740/1614
f 1491/2569/1544 1496/2579/1549 1558/2741/1611
f 1527/2661/1580 1562/2742/1615 1497/2581/1550
f 1496/2580/1549 1497/2581/1550 1562/2742/1615
f 1531/2664/1584 1530/2663/1583 1563/2743/1616
f 1532/2744/1585 1564/2745/1617 1337/2746/1384
f 1414/2747/1466 1565/2748/1618 1467/2749/1520
f 1414/2379/1466 1499/2584/1552 1565/2750/1618
f 1414/2751/1466 1533/2671/1586 1559/2752/1612
f 1565/2748/1618 1566/2753/1619 1467/2749/1520
f 1529/2754/1582 1567/2755/1620 1493/2756/1546
f 1493/2585/1546 1567/2757/1620 1533/2671/1586
f 1560/2758/1613 1567/2757/1620 1529/2759/1582
f 1314/2208/1361 1524/2646/1577 1415/2381/1467
f 1530/2672/1583 1500/2586/1553 1563/2760/1616
f 1337/2761/1384 1564/2762/1617 1534/2763/1587
f 1537/2683/1590 1544/2764/1597 1369/2594/1416
f 1538/2687/1591 1499/2765/1552 1498/2591/1551
f 1467/2503/1520 1566/2766/1619 1539/2688/1592
f 1539/2688/1592 1566/2766/1619 1538/2689/1591
f 1336/2767/1383 1540/2768/1593 1501/2769/1554
f 1541/2696/1594 1508/2770/1561 1505/2697/1558
f 1509/2610/1562 1543/2771/1596 1510/2612/1563
f 1541/2772/1594 1468/2506/1521 1508/2605/1561
f 1542/2773/1595 1513/2774/1566 1510/2775/1563
f 1510/2776/1563 1543/2777/1596 1542/2778/1595
f 1415/2381/1467 1568/2779/1621 1353/2261/1400
f 1353/2261/1400 1569/2780/1622 1357/2266/1404
f 1446/2454/1498 1475/2536/1528 1420/2781/1472
f 1400/2356/1452 1449/2464/1501 1448/2782/1500
f 1546/2716/1599 1570/2783/1623 1371/2290/1418
f 1371/2290/1418 1571/2784/1624 1323/2466/1370
f 1372/2293/1419 1515/2630/1568 1450/2465/1502
f 1323/2466/1370 1571/2784/1624 1514/2629/1567
f 1382/2304/1429 1421/2537/1473 1572/2785/1625
f 1549/2719/1602 1548/2718/1601 1383/2307/1430
f 1385/2312/1432 1422/2402/1474 1401/2400/1453
f 1299/2190/1346 1517/2634/1570 1518/2635/1571
f 1328/2228/1375 1573/2786/1626 1346/2251/1393
f 1308/2202/1355 1574/2787/1627 1375/2296/1422
f 1257/2112/1302 1451/2469/1503 1363/2276/1410
f 1242/2076/1285 1290/2167/1337 1575/2788/1628
f 1484/2548/1537 1483/2547/1536 1576/2789/1629
f 1301/2193/1348 1481/2543/1534 1430/2416/1482
f 1484/2548/1537 1577/2790/1630 1485/2558/1538
f 1485/2557/1538 1577/2791/1630 1479/2541/1532
f 1484/2792/1537 1576/2793/1629 1577/2794/1630
f 1577/2795/1630 1578/2796/1631 1553/2724/1606
f 1486/2559/1539 1553/2724/1606 1578/2796/1631
f 1520/2797/1573 1578/2798/1631 1579/2799/1632
f 1486/2559/1539 1578/2796/1631 1520/2643/1573
f 1520/2797/1573 1579/2799/1632 1557/2800/1610
f 1554/2801/1607 1580/2802/1633 1555/2803/1608
f 1433/2486/1485 1523/2645/1576 1581/2804/1634
f 1435/2431/1487 1490/2564/1543 1434/2432/1486
f 1577/2805/1630 1553/2728/1606 1556/2727/1609
f 1557/2806/1610 1579/2807/1632 1525/2649/1578
f 1526/2651/1579 1558/2734/1611 1582/2808/1635
f 1582/2808/1635 1583/2809/1636 1526/2651/1579
f 1583/2810/1636 1562/2811/1615 1527/2653/1580
f 1492/2652/1545 1583/2810/1636 1527/2653/1580
f 1526/2651/1579 1583/2809/1636 1492/2570/1545
f 1559/2812/1612 1584/2813/1637 1437/2814/1489
f 1584/2813/1637 1585/2815/1638 1437/2814/1489
f 1437/2435/1489 1585/2816/1638 1528/2656/1581
f 1554/2736/1607 1561/2740/1614 1580/2817/1633
f 1558/2741/1611 1496/2579/1549 1586/2818/1639
f 1496/2580/1549 1562/2742/1615 1586/2819/1639
f 1531/2820/1584 1587/2821/1640 1532/2822/1585
f 1563/2823/1616 1587/2821/1640 1531/2820/1584
f 1499/2824/1552 1566/2825/1619 1565/2826/1618
f 1559/2752/1612 1533/2671/1586 1584/2827/1637
f 1533/2671/1586 1567/2757/1620 1584/2827/1637
f 1415/2381/1467 1524/2646/1577 1588/2828/1641
f 1563/2823/1616 1534/2829/1587 1587/2821/1640
f 1500/2586/1553 1534/2675/1587 1563/2760/1616
f 1502/2677/1555 1589/2830/1642 1535/2678/1588
f 1501/2588/1554 1589/2831/1642 1502/2589/1555
f 1535/2676/1588 1590/2832/1643 1507/2602/1560
f 1536/2833/1589 1591/2834/1644 1367/2835/1414
f 1367/2685/1414 1591/2836/1644 1537/2686/1590
f 1544/2837/1597 1591/2838/1644 1511/2839/1564
f 1537/2683/1590 1591/2840/1644 1544/2764/1597
f 1566/2825/1619 1499/2824/1552 1538/2841/1591
f 1501/2769/1554 1540/2768/1593 1589/2842/1642
f 1540/2843/1593 1507/2602/1560 1590/2832/1643
f 1419/2394/1471 1318/2215/1365 1592/2844/1645
f 1593/2845/1646 1445/2453/1497 1357/2266/1404
f 1445/2453/1497 1593/2845/1646 1475/2536/1528
f 1546/2716/1599 1594/2846/1647 1570/2783/1623
f 1371/2290/1418 1570/2783/1623 1571/2784/1624
f 1422/2402/1474 1362/2275/1409 1595/2847/1648
f 1402/2358/1454 1374/2295/1421 1596/2848/1649
f 1241/2075/1284 1574/2787/1627 1308/2202/1355
f 1273/2138/1320 1597/2849/1650 1598/2850/1651
f 1424/2404/1476 1386/2313/1433 1599/2851/1652
f 1309/2203/1356 1387/2314/1434 1102/1762/1138
f 1404/2360/1456 1453/2471/1505 1331/2231/1378
f 1242/2076/1285 1600/2852/1653 1205/1999/1248
f 1162/1908/1205 765/1091/765 1601/2853/1654
f 1187/1959/1230 1425/2406/1477 1602/2854/1655
f 1603/2855/1656 1406/2362/1458 1376/2297/1423
f 1312/2206/1359 1576/2856/1629 1483/2546/1536
f 1455/2474/1507 1434/2636/1486 1604/2857/1657
f 1481/2543/1534 1490/2563/1543 1430/2416/1482
f 1577/2795/1630 1605/2858/1658 1578/2796/1631
f 1578/2798/1631 1606/2859/1659 1579/2799/1632
f 1523/2645/1576 1604/2857/1657 1581/2804/1634
f 1581/2860/1634 1490/2861/1543 1433/2862/1485
f 1556/2729/1609 1607/2863/1660 1577/2791/1630
f 1606/2864/1659 1607/2863/1660 1525/2649/1578
f 1556/2729/1609 1525/2649/1578 1607/2863/1660
f 1579/2807/1632 1606/2864/1659 1525/2649/1578
f 1582/2865/1635 1558/2866/1611 1608/2867/1661
f 1584/2813/1637 1609/2868/1662 1585/2815/1638
f 1528/2656/1581 1610/2869/1663 1560/2870/1613
f 1528/2656/1581 1585/2816/1638 1610/2869/1663
f 1580/2802/1633 1561/2871/1614 1555/2803/1608
f 1610/2872/1663 1611/2873/1664 1560/2874/1613
f 1433/2439/1485 1490/2563/1543 1368/2282/1415
f 1558/2875/1611 1586/2819/1639 1608/2876/1661
f 1532/2744/1585 1587/2877/1640 1564/2745/1617
f 1584/2827/1637 1567/2757/1620 1609/2878/1662
f 1560/2758/1613 1611/2879/1664 1567/2757/1620
f 1588/2828/1641 1524/2646/1577 1612/2880/1665
f 1564/2745/1617 1587/2877/1640 1534/2881/1587
f 1589/2830/1642 1590/2882/1643 1535/2678/1588
f 1536/2883/1589 1511/2839/1564 1591/2838/1644
f 1589/2884/1642 1540/2885/1593 1590/2886/1643
f 1353/2261/1400 1568/2779/1621 1569/2780/1622
f 1569/2780/1622 1593/2845/1646 1357/2266/1404
f 1370/2288/1417 1450/2465/1502 1613/2887/1666
f 1382/2304/1429 1572/2785/1625 1515/2630/1568
f 1514/2629/1567 1614/2888/1667 1373/2467/1420
f 1373/2467/1420 1614/2888/1667 1547/2889/1600
f 1421/2537/1473 1548/2890/1601 1572/2785/1625
f 1476/2538/1529 1615/2891/1668 1384/2308/1431
f 1384/2308/1431 1616/2892/1669 1516/2631/1569
f 1327/2227/1374 1617/2893/1670 1289/2165/1336
f 1328/2228/1375 1329/2229/1376 1618/2894/1671
f 1273/2138/1320 1598/2850/1651 1347/2252/1394
f 1597/2849/1650 1273/2138/1320 1330/2230/1377
f 722/1041/722 1387/2314/1434 1477/2539/1530
f 1600/2852/1653 1404/2360/1456 1205/1999/1248
f 1405/2361/1457 1162/1908/1205 1601/2853/1654
f 1245/2079/1288 1576/2856/1629 1312/2206/1359
f 1455/2474/1507 1604/2857/1657 1378/2299/1425
f 1605/2858/1658 1619/2895/1672 1578/2796/1631
f 1578/2796/1631 1619/2895/1672 1620/2896/1673
f 1578/2796/1631 1620/2896/1673 1606/2897/1659
f 1555/2726/1608 1621/2898/1674 1523/2645/1576
f 1523/2645/1576 1621/2898/1674 1604/2857/1657
f 1434/2432/1486 1490/2564/1543 1604/2899/1657
f 1581/2860/1634 1604/2900/1657 1490/2861/1543
f 1607/2863/1660 1622/2901/1675 1577/2791/1630
f 1606/2902/1659 1620/2903/1673 1607/2904/1660
f 1582/2865/1635 1608/2867/1661 1623/2905/1676
f 1583/2810/1636 1624/2906/1677 1562/2811/1615
f 1582/2808/1635 1624/2907/1677 1583/2809/1636
f 1609/2868/1662 1625/2908/1678 1585/2815/1638
f 1625/2908/1678 1626/2909/1679 1585/2815/1638
f 1585/2816/1638 1626/2910/1679 1610/2869/1663
f 1610/2872/1663 1621/2911/1674 1611/2873/1664
f 1610/2869/1663 1626/2910/1679 1621/2898/1674
f 1555/2803/1608 1561/2871/1614 1621/2912/1674
f 1621/2913/1674 1627/2914/1680 1611/2915/1664
f 1561/2871/1614 1628/2916/1681 1621/2912/1674
f 1561/2740/1614 1368/2282/1415 1628/2917/1681
f 1368/2282/1415 1490/2563/1543 1628/2917/1681
f 1608/2876/1661 1629/2918/1682 1623/2919/1676
f 1608/2876/1661 1586/2819/1639 1629/2918/1682
f 1586/2819/1639 1630/2920/1683 1629/2918/1682
f 1586/2819/1639 1562/2742/1615 1630/2920/1683
f 1609/2878/1662 1567/2757/1620 1625/2921/1678
f 1631/2922/1684 1632/2923/1685 1633/2924/1686
f 1567/2757/1620 1634/2925/1687 1625/2921/1678
f 1567/2757/1620 1611/2879/1664 1634/2925/1687
f 1633/2926/1686 1635/2927/1688 1631/2928/1684
f 1447/2535/1499 1636/2929/1689 1545/2715/1598
f 1447/2535/1499 1448/2930/1500 1636/2929/1689
f 1475/2931/1528 1637/2932/1690 1420/2398/1472
f 1448/2782/1500 1449/2464/1501 1638/2933/1691
f 1449/2464/1501 1370/2288/1417 1613/2887/1666
f 1571/2784/1624 1639/2934/1692 1514/2629/1567
f 1547/2717/1600 1640/2935/1693 1476/2538/1529
f 1476/2538/1529 1640/2935/1693 1615/2891/1668
f 1549/2719/1602 1641/2936/1694 1548/2718/1601
f 1384/2308/1431 1615/2891/1668 1616/2892/1669
f 1401/2400/1453 1422/2402/1474 1642/2937/1695
f 1401/2357/1453 1642/2938/1695 1549/2719/1602
f 1329/2229/1376 1347/2252/1394 1618/2894/1671
f 1375/2296/1422 1643/2939/1696 1386/2313/1433
f 1275/2140/1322 1644/2940/1697 1311/2205/1358
f 1187/1959/1230 1602/2854/1655 1552/2722/1605
f 1223/2040/1266 1645/2941/1698 1332/2232/1379
f 1454/2473/1506 1646/2942/1699 1291/2168/1338
f 1577/2943/1630 1576/2944/1629 1605/2945/1658
f 1605/2858/1658 1576/2856/1629 1620/2896/1673
f 1605/2946/1658 1620/2947/1673 1619/2948/1672
f 1427/2409/1479 1647/2949/1700 1481/2543/1534
f 1607/2904/1660 1620/2903/1673 1622/2950/1675
f 1622/2951/1675 1620/2952/1673 1623/2953/1676
f 1582/2808/1635 1623/2954/1676 1620/2896/1673
f 1620/2896/1673 1624/2907/1677 1582/2808/1635
f 1624/2906/1677 1648/2955/1701 1562/2811/1615
f 1625/2908/1678 1649/2956/1702 1626/2909/1679
f 1628/2957/1681 1611/2958/1664 1627/2959/1680
f 1628/2957/1681 1627/2959/1680 1621/2960/1674
f 1622/2901/1675 1623/2919/1676 1629/2918/1682
f 1562/2742/1615 1648/2961/1701 1630/2920/1683
f 1650/2962/1703 1651/2963/1704 1652/2964/1705
f 1651/2965/1704 1653/2966/1706 1654/2967/1707
f 1650/2968/1703 1653/2969/1706 1651/2970/1704
f 1631/2971/1684 1655/2972/1708 1632/2973/1685
f 1632/2974/1685 1656/2975/1709 1633/2976/1686
f 1625/2921/1678 1634/2925/1687 1649/2977/1702
f 1651/2963/1704 1657/2978/1710 1652/2964/1705
f 1654/2979/1707 1657/2980/1710 1651/2981/1704
f 1631/2971/1684 1658/2982/1711 1655/2972/1708
f 1635/2927/1688 1658/2983/1711 1631/2928/1684
f 1419/2394/1471 1659/2984/1712 1495/2578/1548
f 1419/2394/1471 1592/2844/1645 1660/2985/1713
f 1415/2381/1467 1588/2828/1641 1568/2779/1621
f 1420/2398/1472 1637/2932/1690 1546/2716/1599
f 1570/2783/1623 1639/2934/1692 1571/2784/1624
f 1639/2934/1692 1614/2888/1667 1514/2629/1567
f 1549/2719/1602 1642/2938/1695 1641/2936/1694
f 1516/2631/1569 1616/2892/1669 1596/2986/1649
f 1516/2987/1569 1596/2988/1649 1374/2989/1421
f 1402/2358/1454 1661/2990/1714 1517/2634/1570
f 1256/2111/1301 1662/2991/1715 1550/2720/1603
f 1346/2251/1393 1663/2992/1716 1662/2991/1715
f 1256/2111/1301 1346/2251/1393 1662/2991/1715
f 1289/2165/1336 1617/2893/1670 1423/2403/1475
f 1140/1872/1183 1452/2470/1504 1664/2993/1717
f 1223/2040/1266 1364/2277/1411 1645/2941/1698
f 1377/2298/1424 1378/2299/1425 1426/2994/1478
f 1365/2278/1412 1665/2995/1718 1524/2646/1577
f 1365/2278/1412 1407/2364/1459 1665/2995/1718
f 1479/2541/1532 1577/2791/1630 1407/2364/1459
f 1604/2857/1657 1621/2898/1674 1626/2910/1679
f 1620/2896/1673 1666/2996/1719 1624/2907/1677
f 1624/2907/1677 1666/2996/1719 1648/2997/1701
f 1427/2409/1479 1495/2578/1548 1647/2949/1700
f 1630/2998/1683 1666/2999/1719 1629/3000/1682
f 1648/3001/1701 1666/2999/1719 1630/2998/1683
f 1629/3002/1682 1650/2968/1703 1652/3003/1705
f 1656/2975/1709 1626/2910/1679 1633/2976/1686
f 1656/2975/1709 1632/2974/1685 1626/2910/1679
f 1626/3004/1679 1667/3005/1720 1633/3006/1686
f 1634/3007/1687 1626/3008/1679 1649/3009/1702
f 1634/3010/1687 1667/3011/1720 1626/3012/1679
f 1634/2925/1687 1611/2879/1664 1667/3013/1720
f 1652/2964/1705 1657/2978/1710 1629/3014/1682
f 1654/2979/1707 1668/3015/1721 1657/2980/1710
f 1669/3016/1722 1670/3017/1723 1671/3018/1724
f 1671/3018/1724 1672/3019/1725 1669/3016/1722
f 1667/3013/1720 1635/2927/1688 1633/2926/1686
f 1672/3019/1725 1673/3020/1726 1669/3016/1722
f 1419/2394/1471 1660/2985/1713 1659/2984/1712
f 1318/2215/1365 1674/3021/1727 1592/2844/1645
f 1444/2452/1496 1545/2715/1598 1318/2215/1365
f 1637/2932/1690 1594/2846/1647 1546/2716/1599
f 1613/2887/1666 1450/2465/1502 1675/3022/1728
f 1450/2465/1502 1515/2630/1568 1675/3022/1728
f 1515/2630/1568 1572/2785/1625 1676/3023/1729
f 1640/2935/1693 1677/3024/1730 1615/2891/1668
f 1422/2402/1474 1595/2847/1648 1642/2937/1695
f 1362/2275/1409 1550/2720/1603 1595/2847/1648
f 1241/2075/1284 1678/3025/1731 1574/2787/1627
f 1330/2230/1377 1363/2276/1410 1679/3026/1732
f 1405/2472/1457 1680/3027/1733 1376/2297/1423
f 1364/2277/1411 1334/2234/1381 1681/3028/1734
f 1291/2253/1338 1682/3029/1735 1245/2079/1288
f 1524/2646/1577 1665/2995/1718 1612/2880/1665
f 1629/3002/1682 1666/2996/1719 1650/2968/1703
f 1650/2968/1703 1666/2996/1719 1653/2969/1706
f 1653/3030/1706 1683/3031/1736 1654/3032/1707
f 1628/2917/1681 1667/3013/1720 1611/2879/1664
f 1490/2563/1543 1667/3013/1720 1628/2917/1681
f 1654/3032/1707 1683/3031/1736 1668/3033/1721
f 1684/3034/1737 1685/3035/1738 1686/3036/1739
f 1684/3037/1737 1687/3038/1740 1685/3039/1738
f 1684/1273/1737 1686/3040/1739 1688/3041/1741
f 1670/3042/1723 1669/3043/1722 1689/3044/1742
f 1658/2982/1711 1690/3045/1743 1655/2972/1708
f 1658/2983/1711 1635/2927/1688 1690/3046/1743
f 1684/1273/1737 1688/3041/1741 1691/3047/1744
f 1669/3043/1722 1673/3048/1726 1689/3044/1742
f 1568/2779/1621 1692/3049/1745 1569/2780/1622
f 1568/2779/1621 1693/3050/1746 1692/3049/1745
f 1318/2215/1365 1545/2715/1598 1674/3021/1727
f 1569/2780/1622 1692/3049/1745 1593/2845/1646
f 1570/2783/1623 1594/2846/1647 1639/2934/1692
f 1614/2888/1667 1640/3051/1693 1547/2889/1600
f 1677/3024/1730 1616/2892/1669 1615/2891/1668
f 1241/2075/1284 1423/2403/1475 1678/3025/1731
f 1311/2205/1358 1644/2940/1697 1551/2721/1604
f 1332/2232/1379 1694/3052/1747 1425/3053/1477
f 1332/2232/1379 1645/2941/1698 1694/3052/1747
f 1245/2079/1288 1682/3029/1735 1576/2856/1629
f 1665/2995/1718 1407/2364/1459 1695/3054/1748
f 1407/2364/1459 1577/2791/1630 1695/3054/1748
f 1666/2996/1719 1683/3055/1736 1653/2969/1706
f 1655/3056/1708 1696/3057/1749 1632/2974/1685
f 1632/2974/1685 1696/3057/1749 1626/2910/1679
f 1629/2918/1682 1668/3015/1721 1622/2901/1675
f 1657/2980/1710 1668/3015/1721 1629/2918/1682
f 1686/3058/1739 1697/3059/1750 1688/3060/1741
f 1655/2972/1708 1690/3045/1743 1696/3061/1749
f 1696/3062/1749 1698/3063/1751 1671/3064/1724
f 1671/3065/1724 1670/3066/1723 1696/3067/1749
f 1671/3064/1724 1698/3063/1751 1672/3068/1725
f 1667/3013/1720 1690/3046/1743 1635/2927/1688
f 1691/3069/1744 1688/3060/1741 1697/3059/1750
f 1660/2985/1713 1699/3070/1752 1659/2984/1712
f 1568/2779/1621 1588/2828/1641 1693/3050/1746
f 1475/2931/1528 1700/3071/1753 1637/2932/1690
f 1448/2782/1500 1638/2933/1691 1636/3072/1689
f 1638/2933/1691 1449/2464/1501 1613/2887/1666
f 1327/2227/1374 1518/2635/1571 1617/2893/1670
f 1346/2251/1393 1573/2786/1626 1663/2992/1716
f 1328/2228/1375 1618/2894/1671 1573/2786/1626
f 1386/2313/1433 1701/3073/1754 1599/2851/1652
f 1309/2203/1356 1424/2404/1476 1702/3074/1755
f 1140/1872/1183 1703/3075/1756 1451/2469/1503
f 1140/1872/1183 1664/2993/1717 1703/3075/1756
f 1645/2941/1698 1364/2277/1411 1681/3028/1734
f 1426/2407/1478 1704/3076/1757 1334/2234/1381
f 1291/2253/1338 1646/3077/1699 1682/3029/1735
f 1626/2910/1679 1378/2299/1425 1604/2857/1657
f 1666/2996/1719 1620/2896/1673 1683/3055/1736
f 1622/2901/1675 1668/3015/1721 1687/3078/1740
f 1670/3066/1723 1689/3079/1742 1705/3080/1758
f 1670/3066/1723 1705/3080/1758 1696/3067/1749
f 1687/3078/1740 1684/3081/1737 1706/3082/1759
f 1684/3081/1737 1691/3083/1744 1706/3082/1759
f 1673/3048/1726 1705/3084/1758 1689/3044/1742
f 1674/3021/1727 1707/3085/1760 1592/2844/1645
f 1692/3049/1745 1708/3086/1761 1593/2845/1646
f 1593/2845/1646 1700/3087/1753 1475/2536/1528
f 1613/2887/1666 1709/3088/1762 1638/2933/1691
f 1515/2630/1568 1676/3023/1729 1675/3022/1728
f 1614/2888/1667 1639/2934/1692 1710/3089/1763
f 1596/2848/1649 1661/2990/1714 1402/2358/1454
f 1386/2313/1433 1643/2939/1696 1701/3073/1754
f 1275/2140/1322 1453/3090/1505 1644/2940/1697
f 1376/2297/1423 1680/3027/1733 1603/2855/1656
f 1603/2855/1656 1711/3091/1764 1406/2362/1458
f 1406/2362/1458 1711/3091/1764 1454/2473/1506
f 1334/2234/1381 1704/3076/1757 1681/3028/1734
f 1490/2563/1543 1712/3092/1765 1667/3013/1720
f 1481/2543/1534 1712/3092/1765 1490/2563/1543
f 1713/3093/1766 1647/2949/1700 1495/2578/1548
f 1577/2791/1630 1622/2901/1675 1714/3094/1767
f 1687/3095/1740 1668/3033/1721 1683/3031/1736
f 1683/3096/1736 1685/3097/1738 1687/3098/1740
f 1697/3059/1750 1686/3058/1739 1683/3099/1736
f 1685/3035/1738 1683/3100/1736 1686/3036/1739
f 1696/3101/1749 1690/3102/1743 1698/3103/1751
f 1712/3092/1765 1715/3104/1768 1667/3013/1720
f 1697/3105/1750 1706/3082/1759 1691/3083/1744
f 1716/3106/1769 1717/3107/1770 1718/3108/1771
f 1673/3109/1726 1690/3110/1743 1705/3111/1758
f 1673/3109/1726 1672/3112/1725 1690/3110/1743
f 1690/3110/1743 1672/3112/1725 1698/3113/1751
f 1612/2880/1665 1719/3114/1772 1588/2828/1641
f 1572/3115/1625 1548/3116/1601 1676/3005/1729
f 1720/3117/1773 1548/2718/1601 1641/2936/1694
f 1720/3117/1773 1641/2936/1694 1721/3118/1774
f 1642/2937/1695 1722/3119/1775 1721/3120/1774
f 1641/2936/1694 1642/2938/1695 1721/3118/1774
f 1616/2892/1669 1723/3121/1776 1596/2986/1649
f 1642/2937/1695 1595/2847/1648 1722/3119/1775
f 1723/3122/1776 1724/3123/1777 1596/2848/1649
f 1724/3123/1777 1661/2990/1714 1596/2848/1649
f 1617/2893/1670 1725/3124/1778 1423/2403/1475
f 1726/3125/1779 1643/2939/1696 1375/2296/1422
f 1309/2203/1356 1727/3126/1780 1387/2314/1434
f 1728/3127/1781 1404/2360/1456 1600/2852/1653
f 1378/2299/1425 1729/3128/1782 1426/2994/1478
f 1481/2543/1534 1647/2949/1700 1712/3092/1765
f 1665/3129/1718 1695/3130/1748 1612/3131/1665
f 1622/2901/1675 1687/3078/1740 1714/3094/1767
f 1683/3055/1736 1730/3132/1783 1697/3133/1750
f 1687/3078/1740 1706/3082/1759 1714/3094/1767
f 1697/3105/1750 1730/3134/1783 1706/3082/1759
f 1731/3135/1784 1732/3136/1785 1733/3137/1786
f 1731/3138/1784 1706/3139/1759 1732/3140/1785
f 1718/3141/1771 1734/3142/1787 1716/3143/1769
f 1735/3144/1788 1690/3145/1743 1716/3146/1769
f 1716/3147/1769 1734/3148/1787 1735/3149/1788
f 1716/3146/1769 1690/3145/1743 1717/3150/1770
f 1495/2578/1548 1659/2984/1712 1713/3093/1766
f 1731/3151/1784 1733/3152/1786 1736/3153/1789
f 1718/3141/1771 1737/3154/1790 1734/3142/1787
f 1717/3155/1770 1737/3156/1790 1718/3157/1771
f 1690/3046/1743 1715/3104/1768 1717/3155/1770
f 1717/3155/1770 1715/3104/1768 1737/3156/1790
f 1693/3050/1746 1738/3158/1791 1692/3049/1745
f 1638/3159/1691 1709/3160/1762 1739/3161/1792
f 1637/2932/1690 1740/3162/1793 1594/2846/1647
f 1614/2888/1667 1710/3089/1763 1640/3051/1693
f 1616/3163/1669 1677/3164/1730 1723/3165/1776
f 1722/3119/1775 1595/2847/1648 1721/3120/1774
f 1595/2847/1648 1741/3166/1794 1742/3167/1795
f 1550/2720/1603 1741/3166/1794 1595/2847/1648
f 1517/2634/1570 1743/3168/1796 1518/2635/1571
f 1726/3125/1779 1375/2296/1422 1574/2787/1627
f 1744/3169/1797 1598/2850/1651 1597/2849/1650
f 1745/3170/1798 1597/2849/1650 1330/2230/1377
f 1330/2230/1377 1679/3026/1732 1745/3170/1798
f 1679/3026/1732 1363/2276/1410 1746/3171/1799
f 1363/2276/1410 1451/2469/1503 1746/3171/1799
f 1683/3055/1736 1620/2896/1673 1576/2856/1629
f 1695/3054/1748 1577/2791/1630 1714/3094/1767
f 1747/3172/1800 1696/3067/1749 1705/3080/1758
f 1730/3173/1783 1732/3174/1785 1706/1824/1759
f 1748/3175/1801 1733/3137/1786 1730/3176/1783
f 1730/3176/1783 1733/3137/1786 1732/3136/1785
f 1749/3177/1802 1735/3149/1788 1734/3148/1787
f 1749/3178/1802 1690/3179/1743 1735/3180/1788
f 1747/2493/1800 1690/3181/1743 1749/3182/1802
f 1747/3183/1800 1705/3111/1758 1690/3110/1743
f 1715/3104/1768 1690/3046/1743 1667/3013/1720
f 1713/3093/1766 1659/2984/1712 1699/3070/1752
f 1706/3082/1759 1731/3151/1784 1714/3094/1767
f 1714/3094/1767 1731/3151/1784 1736/3153/1789
f 1736/3184/1789 1733/3185/1786 1748/3186/1801
f 1750/3187/1803 1660/2985/1713 1592/2844/1645
f 1709/3088/1762 1613/2887/1666 1675/3022/1728
f 1676/3188/1729 1548/3189/1601 1720/3190/1773
f 1720/3117/1773 1721/3118/1774 1751/3191/1804
f 1725/3124/1778 1678/3025/1731 1423/2403/1475
f 1477/2539/1530 1752/3192/1805 1290/2167/1337
f 1575/2788/1628 1600/2852/1653 1242/2076/1285
f 853/1214/858 1753/3193/1806 1478/2540/1531
f 1425/2406/1477 1754/3194/1807 1602/2854/1655
f 1695/3054/1748 1719/3114/1772 1612/2880/1665
f 1749/3195/1802 1734/3142/1787 1755/3196/1808
f 1747/3197/1800 1749/3195/1802 1755/3196/1808
f 1748/3186/1801 1756/3198/1809 1736/3184/1789
f 1714/3094/1767 1736/3153/1789 1756/3199/1809
f 1734/3142/1787 1737/3154/1790 1755/3196/1808
f 1588/2828/1641 1757/3200/1810 1758/3201/1811
f 1660/2985/1713 1750/3187/1803 1699/3070/1752
f 1750/3187/1803 1592/2844/1645 1707/3085/1760
f 1708/3086/1761 1759/3202/1812 1593/2845/1646
f 1594/2846/1647 1760/3203/1813 1639/2934/1692
f 1675/3204/1728 1676/3205/1729 1761/3206/1814
f 1762/3207/1815 1710/3089/1763 1639/2934/1692
f 1676/3205/1729 1720/3208/1773 1763/3209/1816
f 1677/3024/1730 1640/2935/1693 1764/3210/1817
f 1765/3211/1818 1723/3165/1776 1677/3164/1730
f 1721/3120/1774 1595/2847/1648 1742/3167/1795
f 1765/3211/1818 1724/3212/1777 1723/3165/1776
f 1598/2850/1651 1766/3213/1819 1347/2252/1394
f 1679/3026/1732 1746/3171/1799 1767/3214/1820
f 1403/2359/1455 1310/2204/1357 1768/3215/1821
f 1647/2949/1700 1713/3093/1766 1712/3092/1765
f 1714/3094/1767 1769/3216/1822 1695/3054/1748
f 1755/3217/1808 1770/3218/1823 1771/3219/1824
f 1737/3220/1790 1715/3221/1768 1755/3222/1808
f 1755/1694/1808 1715/3223/1768 1770/3224/1823
f 1770/3218/1823 1772/3225/1825 1771/3219/1824
f 1715/3104/1768 1772/3226/1825 1770/3227/1823
f 1719/3114/1772 1757/3200/1810 1588/2828/1641
f 1593/3228/1646 1773/3229/1826 1700/3071/1753
f 1636/3230/1689 1638/3159/1691 1739/3161/1792
f 1709/3160/1762 1675/3204/1728 1774/3231/1827
f 1761/3206/1814 1774/3231/1827 1675/3204/1728
f 1710/3089/1763 1775/3232/1828 1640/3051/1693
f 1764/3233/1817 1765/3211/1818 1677/3164/1730
f 1720/3117/1773 1751/3191/1804 1742/3234/1795
f 1721/3118/1774 1742/3234/1795 1751/3191/1804
f 1661/2990/1714 1776/3235/1829 1517/2634/1570
f 1451/2469/1503 1703/3075/1756 1746/3171/1799
f 1290/2167/1337 1777/3236/1830 1575/2788/1628
f 1777/3236/1830 1600/2852/1653 1575/2788/1628
f 1626/2910/1679 1696/3057/1749 1378/2299/1425
f 1714/3237/1831 1756/3198/1832 1748/3186/1833
f 1756/1838/1834 1748/3238/1801 1778/3239/1835
f 1755/3196/1808 1771/3240/1824 1779/3241/1836
f 1755/3196/1808 1779/3241/1836 1747/3197/1800
f 1588/2828/1641 1758/3201/1811 1693/3050/1746
f 1771/3242/1824 1780/3243/1837 1779/3244/1836
f 1772/3226/1825 1780/3243/1837 1771/3242/1824
f 1715/3104/1768 1780/3243/1837 1772/3226/1825
f 1699/3070/1752 1750/3187/1803 1781/3245/1838
f 1593/2845/1646 1759/3202/1812 1773/3246/1826
f 1545/2715/1598 1636/2929/1689 1782/3247/1839
f 1740/3162/1793 1783/3248/1840 1594/2846/1647
f 1594/2846/1647 1783/3248/1840 1760/3203/1813
f 1639/2934/1692 1760/3203/1813 1762/3207/1815
f 1710/3089/1763 1762/3207/1815 1784/3249/1841
f 1761/3206/1814 1676/3205/1729 1763/3209/1816
f 1517/2634/1570 1776/3235/1829 1743/3168/1796
f 1518/2635/1571 1743/3168/1796 1617/2893/1670
f 1573/2786/1626 1785/3250/1842 1663/2992/1716
f 1310/2204/1357 1551/2721/1604 1768/3215/1821
f 1646/3077/1699 1786/3251/1843 1682/3029/1735
f 1576/2856/1629 1787/3252/1844 1683/3055/1736
f 1695/3054/1748 1769/3216/1822 1788/3253/1845
f 1748/3254/1801 1789/3255/1846 1778/3256/1835
f 1747/3197/1800 1779/3241/1836 1790/3257/1847
f 1715/3104/1768 1712/3092/1765 1780/3243/1837
f 1756/3199/1834 1791/3258/1848 1714/3094/1767
f 1756/3199/1834 1792/3259/1849 1791/3258/1848
f 1778/3239/1835 1792/3260/1849 1756/1838/1834
f 1778/3256/1835 1789/3255/1846 1792/3261/1849
f 1719/3114/1772 1793/3262/1850 1757/3200/1810
f 1699/3070/1752 1781/3245/1838 1713/3093/1766
f 1700/3071/1753 1783/3248/1840 1637/2932/1690
f 1740/3162/1793 1637/2932/1690 1783/3248/1840
f 1709/3160/1762 1774/3231/1827 1739/3161/1792
f 1774/3231/1827 1761/3206/1814 1794/3263/1851
f 1784/3249/1841 1775/3232/1828 1710/3089/1763
f 1720/3208/1773 1795/3264/1852 1763/3209/1816
f 1742/3234/1795 1796/3265/1853 1795/3266/1852
f 1742/3234/1795 1795/3266/1852 1720/3117/1773
f 1550/2720/1603 1662/2991/1715 1741/3166/1794
f 1663/2992/1716 1785/3250/1842 1662/2991/1715
f 1598/2850/1651 1744/3169/1797 1766/3213/1819
f 1797/3267/1854 1702/3074/1755 1424/2404/1476
f 1702/3074/1755 1727/3126/1780 1309/2203/1356
f 1727/3126/1780 1798/3268/1855 1387/2314/1434
f 1752/3192/1805 1777/3236/1830 1290/2167/1337
f 1790/3269/1847 1696/3067/1749 1747/3172/1800
f 1738/3158/1791 1693/3050/1746 1758/3201/1811
f 1788/3253/1845 1719/3114/1772 1695/3054/1748
f 1769/3216/1822 1714/3094/1767 1791/3258/1848
f 1789/3270/1846 1791/3258/1848 1799/3271/1856
f 1789/3272/1846 1800/3273/1857 1791/3274/1848
f 1789/3255/1846 1799/3275/1856 1792/3261/1849
f 1779/3276/1836 1780/3277/1837 1801/3278/1858
f 1792/3259/1849 1799/3271/1856 1791/3258/1848
f 1802/3279/1859 1713/3280/1766 1781/3281/1838
f 1802/3282/1859 1781/3245/1838 1750/3187/1803
f 1775/3232/1828 1764/3283/1817 1640/3051/1693
f 1803/3284/1860 1795/3285/1852 1796/3286/1853
f 1804/3287/1861 1741/3166/1794 1662/2991/1715
f 1618/2894/1671 1347/2252/1394 1766/3213/1819
f 1726/3125/1779 1574/2787/1627 1678/3025/1731
f 1703/3075/1756 1805/3288/1862 1746/3171/1799
f 1387/2314/1434 1806/3289/1863 1477/2539/1530
f 1807/3290/1864 1453/2471/1505 1404/2360/1456
f 1602/2854/1655 1808/3291/1865 1552/2722/1605
f 1809/3292/1866 1680/3027/1733 1405/2472/1457
f 1603/2855/1656 1680/3027/1733 1810/3293/1867
f 1711/3091/1764 1811/3294/1868 1454/2473/1506
f 1811/3294/1868 1646/2942/1699 1454/2473/1506
f 1787/3252/1844 1576/2856/1629 1682/3029/1735
f 1750/3187/1803 1707/3085/1760 1812/3295/1869
f 1779/3241/1836 1801/3296/1858 1813/3297/1870
f 1791/3258/1848 1825/3298/1871 1769/3216/1822
f 1800/3299/1857 1825/3298/1871 1791/3258/1848
f 1789/3255/1846 1825/3300/1871 1800/3301/1857
f 1801/3302/1858 1780/3243/1837 1814/3303/1872
f 1712/3092/1765 1814/3303/1872 1780/3243/1837
f 1739/3304/1792 1815/3305/1873 1636/3306/1689
f 1783/3248/1840 1816/3307/1874 1760/3203/1813
f 1796/3265/1853 1742/3234/1795 1803/3308/1860
f 1724/3309/1777 1776/3310/1829 1661/3311/1714
f 1573/2786/1626 1618/2894/1671 1817/3312/1875
f 1643/2939/1696 1818/3313/1876 1701/3073/1754
f 1819/3314/1877 1599/2851/1652 1701/3073/1754
f 1425/3053/1477 1820/3315/1878 1754/3316/1807
f 1425/3053/1477 1694/3052/1747 1820/3315/1878
f 1645/2941/1698 1681/3028/1734 1821/3317/1879
f 1378/2299/1425 1822/3318/1880 1729/3128/1782
f 1683/3055/1736 1787/3252/1844 1730/3132/1783
f 1757/3200/1810 1793/3262/1850 1823/3319/1881
f 1769/3216/1822 1824/3320/1882 1788/3253/1845
f 1789/3321/1883 1825/3322/1884 1769/3323/1885
f 1813/3324/1870 1801/3302/1858 1814/3303/1872
f 1814/3303/1872 1712/3092/1765 1826/3325/1886
f 1674/3021/1727 1545/2715/1598 1827/3326/1887
f 1636/3306/1689 1815/3305/1873 1782/3327/1839
f 1739/3161/1792 1774/3231/1827 1794/3263/1851
f 1784/3249/1841 1828/3328/1888 1775/3232/1828
f 1775/3232/1828 1829/3329/1889 1764/3283/1817
f 1764/3330/1817 1724/3331/1777 1765/3332/1818
f 1617/2893/1670 1743/3168/1796 1725/3124/1778
f 1599/2851/1652 1797/3267/1854 1424/2404/1476
f 1728/3127/1781 1807/3290/1864 1404/2360/1456
f 1405/2361/1457 1601/2853/1654 1809/3333/1866
f 1645/2941/1698 1821/3317/1879 1694/3052/1747
f 1603/2855/1656 1810/3293/1867 1711/3091/1764
f 1681/3028/1734 1830/3334/1890 1821/3317/1879
f 1704/3076/1757 1830/3334/1890 1681/3028/1734
f 1729/3128/1782 1831/3335/1891 1426/2994/1478
f 1426/2994/1478 1831/3335/1891 1704/3336/1757
f 1707/3085/1760 1674/3021/1727 1832/3337/1892
f 1757/3200/1810 1823/3319/1881 1758/3201/1811
f 1730/3338/1783 1787/3339/1844 1748/3254/1801
f 1790/3257/1847 1779/3241/1836 1813/3297/1870
f 1823/3319/1881 1793/3262/1850 1833/3340/1893
f 1788/3253/1845 1824/3320/1882 1834/3341/1894
f 1719/3114/1772 1788/3253/1845 1833/3340/1893
f 1719/3114/1772 1833/3340/1893 1793/3262/1850
f 1814/3303/1872 1826/3325/1886 1813/3324/1870
f 1760/3203/1813 1816/3307/1874 1762/3207/1815
f 1763/3209/1816 1795/3264/1852 1835/3342/1895
f 1775/3232/1828 1828/3328/1888 1829/3329/1889
f 1795/3343/1852 1803/3344/1860 1835/637/1895
f 1829/3329/1889 1836/3345/1896 1764/3283/1817
f 1836/3345/1896 1837/3346/1897 1764/3283/1817
f 1764/3283/1817 1837/3346/1897 1724/3309/1777
f 1741/3166/1794 1838/3347/1898 1742/3167/1795
f 1745/3170/1798 1839/3348/1899 1840/3349/1900
f 1745/3170/1798 1679/3026/1732 1767/3214/1820
f 1841/3350/1901 1728/3127/1781 1600/2852/1653
f 1602/2854/1655 1754/3194/1807 1808/3291/1865
f 1646/3077/1699 1811/3351/1868 1786/3251/1843
f 1692/3049/1745 1842/3352/1902 1708/3086/1761
f 1748/3254/1801 1787/3339/1844 1789/3255/1846
f 1812/3295/1869 1802/3282/1859 1750/3187/1803
f 1826/3353/1886 1843/3354/1903 1813/3297/1870
f 1713/3093/1766 1844/3355/1904 1712/3092/1765
f 1769/3216/1822 1825/3298/1905 1824/3320/1882
f 1784/3249/1841 1762/3207/1815 1845/3356/1906
f 1829/3329/1889 1837/3346/1897 1836/3345/1896
f 1803/3357/1860 1742/3167/1795 1846/3358/1907
f 1597/2849/1650 1745/3170/1798 1840/3349/1900
f 1664/2993/1717 1847/3359/1908 1703/3075/1756
f 1777/3236/1830 1841/3350/1901 1600/2852/1653
f 1696/3057/1749 1822/3318/1880 1378/2299/1425
f 1707/3085/1760 1832/3337/1892 1812/3295/1869
f 1842/3352/1902 1848/3360/1909 1708/3086/1761
f 1712/3092/1765 1849/3361/1910 1826/3325/1886
f 1802/3282/1859 1844/3355/1904 1713/3093/1766
f 1545/3362/1598 1782/3327/1839 1850/3363/1911
f 1851/350/1912 1763/3364/1816 1835/3365/1895
f 1835/3366/1895 1803/3357/1860 1846/3358/1907
f 1829/3329/1889 1852/3367/1913 1837/3346/1897
f 1742/3167/1795 1838/3347/1898 1846/3358/1907
f 1724/3309/1777 1853/3368/1914 1776/3310/1829
f 1387/2314/1434 1798/3268/1855 1806/3289/1863
f 765/1091/765 1854/3369/1915 1601/2853/1654
f 1855/3370/1916 1811/3294/1868 1711/3091/1764
f 1790/3257/1847 1822/3371/1880 1696/3372/1749
f 1842/3352/1902 1692/3049/1745 1738/3158/1791
f 1758/3201/1811 1823/3319/1881 1856/3373/1917
f 1802/3282/1859 1812/3295/1869 1857/3374/1918
f 1790/3257/1847 1813/3297/1870 1822/3371/1880
f 1813/3375/1870 1843/3376/1903 1858/3377/1919
f 1859/3378/1920 1824/3320/1882 1825/3298/1905
f 1843/3354/1903 1826/3353/1886 1858/3379/1919
f 1712/3092/1765 1844/3355/1904 1849/3361/1910
f 1783/3248/1840 1860/3380/1921 1816/3307/1874
f 1761/3206/1814 1763/3209/1816 1794/3263/1851
f 1835/3381/1895 1846/3382/1907 1861/3383/1922
f 1846/3358/1907 1838/3347/1898 1861/3384/1922
f 1837/3346/1897 1853/3368/1914 1724/3309/1777
f 1678/3025/1731 1862/3385/1923 1726/3125/1779
f 1664/2993/1717 1452/2470/1504 1847/3359/1908
f 1477/2539/1530 1863/3386/1924 1752/3192/1805
f 1758/3201/1811 1864/3387/1925 1738/3158/1791
f 1812/3295/1869 1832/3337/1892 1865/3388/1926
f 1738/3158/1791 1864/3387/1925 1842/3352/1902
f 1789/3255/1846 1866/3389/1927 1825/3300/1905
f 1834/3341/1894 1824/3320/1882 1867/3390/1928
f 1859/3378/1920 1867/3390/1928 1824/3320/1882
f 1826/3353/1886 1868/3391/1929 1858/3379/1919
f 1815/3305/1873 1739/3304/1792 1869/3392/1930
f 1700/3071/1753 1860/3380/1921 1783/3248/1840
f 1739/3304/1792 1794/3393/1851 1870/3394/1931
f 1816/3307/1874 1845/3356/1906 1762/3207/1815
f 1784/3249/1841 1845/3356/1906 1828/3328/1888
f 1741/3166/1794 1804/3287/1861 1871/3395/1932
f 1725/3124/1778 1743/3168/1796 1872/3396/1933
f 1862/3385/1923 1678/3025/1731 1873/3397/1934
f 1818/3313/1876 1643/2939/1696 1726/3125/1779
f 1819/3314/1877 1797/3267/1854 1599/2851/1652
f 1874/3398/1935 1694/3052/1747 1821/3317/1879
f 1864/3387/1925 1758/3201/1811 1856/3373/1917
f 1787/3339/1844 1866/3389/1927 1789/3255/1846
f 1859/3399/1920 1825/3300/1905 1866/3389/1927
f 1875/3400/1936 1759/3202/1812 1708/3086/1761
f 1876/3401/1937 1849/3361/1910 1844/3355/1904
f 1868/3402/1929 1826/3325/1886 1877/3403/1938
f 1878/3404/1939 1700/3071/1753 1773/3229/1826
f 1869/3392/1930 1739/3304/1792 1870/3394/1931
f 1879/3405/1940 1816/3307/1874 1860/3380/1921
f 1828/3328/1888 1852/3367/1913 1829/3329/1889
f 1766/3213/1819 1744/3169/1797 1880/3406/1941
f 1597/2849/1650 1840/3349/1900 1744/3169/1797
f 1839/3348/1899 1745/3170/1798 1767/3214/1820
f 1702/3074/1755 1881/3407/1942 1727/3126/1780
f 1452/2470/1504 1403/2359/1455 1882/3408/1943
f 1644/2940/1697 1453/3090/1505 1883/3409/1944
f 1752/3192/1805 1884/3410/1945 1777/3236/1830
f 1841/3350/1901 1807/3290/1864 1728/3127/1781
f 1777/3236/1830 1885/3411/1946 1841/3350/1901
f 1810/3293/1867 1886/3412/1947 1711/3091/1764
f 1887/3413/1948 1787/3252/1844 1682/3029/1735
f 1812/3295/1869 1865/3388/1926 1857/3374/1918
f 1832/3337/1892 1674/3021/1727 1827/3326/1887
f 1857/3374/1918 1844/3355/1904 1802/3282/1859
f 1813/3297/1870 1858/3379/1919 1888/3414/1949
f 1858/3379/1919 1868/3391/1929 1888/3414/1949
f 1826/3325/1886 1849/3361/1910 1877/3403/1938
f 1773/3246/1826 1759/3202/1812 1878/3415/1939
f 1794/3263/1851 1889/3416/1950 1870/3417/1931
f 1794/3263/1851 1763/3209/1816 1889/3416/1950
f 1889/3416/1950 1763/3209/1816 1851/3418/1912
f 1835/3366/1895 1861/3384/1922 1851/3419/1912
f 1662/2991/1715 1785/3250/1842 1804/3287/1861
f 1725/3124/1778 1873/3397/1934 1678/3025/1731
f 1477/2539/1530 1806/3289/1863 1863/3386/1924
f 1694/3052/1747 1874/3398/1935 1820/3315/1878
f 1888/3414/1949 1868/3391/1929 1890/3420/1951
f 1891/3421/1952 1833/3340/1893 1788/3253/1845
f 1892/3422/1953 1849/3361/1910 1876/3401/1937
f 1893/3423/1954 1788/3253/1845 1834/3341/1894
f 1891/3421/1952 1788/3253/1845 1893/3423/1954
f 1834/3424/1894 1894/3425/1955 1893/3426/1954
f 1868/3402/1929 1877/3403/1938 1895/3427/1956
f 1892/3422/1953 1895/3427/1956 1849/3361/1910
f 1895/3427/1956 1877/3403/1938 1849/3361/1910
f 1845/3356/1906 1816/3307/1874 1879/3405/1940
f 1828/3328/1888 1845/3356/1906 1896/3428/1957
f 1896/3428/1957 1852/3367/1913 1828/3328/1888
f 1853/3368/1914 1837/3346/1897 1852/3367/1913
f 1838/3347/1898 1741/3166/1794 1871/3395/1932
f 1897/3429/1958 1872/3396/1933 1743/3168/1796
f 1618/2894/1671 1766/3213/1819 1817/3312/1875
f 1898/3430/1959 1701/3073/1754 1818/3313/1876
f 1819/3314/1877 1701/3073/1754 1898/3430/1959
f 1899/3431/1960 1727/3126/1780 1881/3407/1942
f 1899/3431/1960 1798/3268/1855 1727/3126/1780
f 1841/3350/1901 1900/3432/1961 1807/3290/1864
f 1901/3433/1962 1786/3251/1843 1811/3351/1868
f 1823/3319/1881 1902/3434/1963 1856/3373/1917
f 1867/3435/1928 1903/3436/1964 1834/3424/1894
f 1890/3420/1951 1868/3391/1929 1895/3437/1956
f 1851/3418/1912 1904/3438/1965 1889/3416/1950
f 1872/3396/1933 1905/3439/1966 1725/3124/1778
f 1809/3333/1866 1601/2853/1654 1906/3440/1967
f 1813/3297/1870 1888/3414/1949 1907/3441/1968
f 1833/3340/1893 1891/3421/1952 1908/3442/1969
f 1867/3435/1928 1859/3399/1920 1903/3436/1964
f 1903/3436/1964 1894/3425/1955 1834/3424/1894
f 1895/3427/1956 1892/3422/1953 1890/3443/1951
f 1909/3444/1970 1892/3422/1953 1876/3401/1937
f 1893/3423/1954 1894/3445/1955 1891/3421/1952
f 1869/3392/1930 1910/3446/1971 1815/3305/1873
f 1869/3392/1930 1870/3394/1931 1910/3446/1971
f 1896/3428/1957 1853/3368/1914 1852/3367/1913
f 1838/3347/1898 1851/3419/1912 1861/3384/1922
f 1785/3250/1842 1573/2786/1626 1911/3447/1972
f 1766/3213/1819 1912/3448/1973 1817/3312/1875
f 1744/3169/1797 1840/3349/1900 1880/3406/1941
f 1847/3359/1908 1452/2470/1504 1913/3449/1974
f 1882/3408/1943 1403/2359/1455 1914/3450/1975
f 1403/2359/1455 1768/3215/1821 1914/3450/1975
f 1863/3386/1924 1884/3410/1945 1752/3192/1805
f 1453/3090/1505 1915/3451/1976 1883/3409/1944
f 1916/3452/1977 1886/3412/1947 1810/3293/1867
f 1682/3029/1735 1786/3251/1843 1887/3413/1948
f 1856/3373/1917 1917/3453/1978 1864/3387/1925
f 1902/3434/1963 1917/3453/1978 1856/3373/1917
f 1832/3337/1892 1918/3454/1979 1865/3388/1926
f 1823/3319/1881 1908/3442/1969 1902/3434/1963
f 1844/3355/1904 1857/3374/1918 1876/3401/1937
f 1833/3340/1893 1908/3442/1969 1823/3319/1881
f 1822/3371/1880 1813/3297/1870 1907/3441/1968
f 1759/3455/1812 1875/3456/1936 1878/3404/1939
f 1815/3305/1873 1919/3457/1980 1782/3327/1839
f 1878/3404/1939 1920/3458/1981 1700/3071/1753
f 1700/3071/1753 1920/3458/1981 1860/3380/1921
f 1860/3380/1921 1921/3459/1982 1879/3405/1940
f 1845/3356/1906 1922/3460/1983 1896/3428/1957
f 1817/3312/1875 1923/3461/1984 1573/2786/1626
f 1766/3213/1819 1880/3406/1941 1912/3448/1973
f 1862/3385/1923 1924/3462/1985 1726/3125/1779
f 1924/3462/1985 1818/3313/1876 1726/3125/1779
f 1644/2940/1697 1925/3463/1986 1551/2721/1604
f 1644/2940/1697 1883/3409/1944 1925/3463/1986
f 1885/3411/1946 1900/3432/1961 1841/3350/1901
f 1680/3027/1733 1916/3452/1977 1810/3293/1867
f 1711/3091/1764 1886/3412/1947 1855/3370/1916
f 1704/3076/1757 1831/3464/1891 1926/3465/1987
f 1864/3387/1925 1927/3466/1988 1842/3352/1902
f 1857/3374/1918 1865/3388/1926 1928/3467/1989
f 1929/3468/1990 1876/3401/1937 1857/3374/1918
f 1908/3442/1969 1891/3421/1952 1930/3469/1991
f 1909/3444/1970 1890/3443/1951 1892/3422/1953
f 1922/3460/1983 1931/3470/1992 1896/3428/1957
f 1817/3312/1875 1912/3448/1973 1923/3461/1984
f 1912/3448/1973 1880/3406/1941 1932/3471/1993
f 1797/3267/1854 1881/3407/1942 1702/3074/1755
f 1452/2470/1504 1882/3408/1943 1913/3449/1974
f 1453/2471/1505 1933/3472/1994 1915/3473/1976
f 1807/3290/1864 1933/3472/1994 1453/2471/1505
f 1777/3236/1830 1884/3410/1945 1885/3411/1946
f 1807/3290/1864 1900/3432/1961 1933/3472/1994
f 1552/2722/1605 1753/3193/1806 853/1214/858
f 1821/3317/1879 1830/3334/1890 1934/3474/1995
f 1704/3076/1757 1926/3465/1987 1830/3334/1890
f 1786/3251/1843 1901/3433/1962 1935/3475/1996
f 1832/3337/1892 1827/3326/1887 1918/3454/1979
f 1545/2715/1598 1850/3476/1911 1827/3326/1887
f 1859/3399/1920 1936/3477/1997 1903/3436/1964
f 1876/3401/1937 1929/3468/1990 1909/3444/1970
f 1894/3445/1955 1903/3478/1964 1891/3421/1952
f 1815/3305/1873 1910/3446/1971 1919/3457/1980
f 1920/3458/1981 1921/3459/1982 1860/3380/1921
f 1879/3405/1940 1937/3479/1998 1845/3356/1906
f 1937/3479/1998 1922/3460/1983 1845/3356/1906
f 1938/3480/1999 1896/3428/1957 1931/3470/1992
f 1938/3480/1999 1853/3368/1914 1896/3428/1957
f 1904/3481/1965 1851/3419/1912 1939/3482/2000
f 1873/3483/1934 1725/3484/1778 1905/3485/1966
f 1940/3486/2001 1746/3171/1799 1805/3288/1862
f 1941/3487/2002 1680/3488/1733 1809/3333/1866
f 1935/3475/1996 1887/3413/1948 1786/3251/1843
f 1942/3489/2003 1857/3374/1918 1928/3467/1989
f 1943/3490/2004 1848/3360/1909 1842/3352/1902
f 1944/3491/2005 1902/3434/1963 1908/3442/1969
f 1866/3389/1927 1936/3477/1997 1859/3399/1920
f 1875/3456/1936 1920/3458/1981 1878/3404/1939
f 1870/3394/1931 1889/3492/1950 1910/3446/1971
f 1921/3459/1982 1937/3479/1998 1879/3405/1940
f 1911/3447/1972 1573/2786/1626 1923/3461/1984
f 1880/3406/1941 1840/3349/1900 1945/3493/2006
f 1805/3288/1862 1703/3075/1756 1946/3494/2007
f 1899/3431/1960 1947/3495/2008 1798/3268/1855
f 1768/3215/1821 1948/3496/2009 1914/3450/1975
f 1551/2721/1604 1948/3496/2009 1768/3215/1821
f 1874/3398/1935 1821/3317/1879 1934/3474/1995
f 1888/3414/1949 1890/3420/1951 1909/3497/1970
f 1930/3469/1991 1891/3421/1952 1903/3478/1964
f 1910/3446/1971 1889/3492/1950 1949/3498/2010
f 1949/3498/2010 1889/3492/1950 1950/3499/2011
f 1922/3460/1983 1951/3500/2012 1931/3470/1992
f 1952/3501/2013 1953/3502/2014 1931/3503/1992
f 1904/3481/1965 1950/3499/2011 1889/3492/1950
f 1953/3504/2014 1938/3480/1999 1931/3470/1992
f 1904/3481/1965 1939/3482/2000 1950/3499/2011
f 1851/3419/1912 1838/3347/1898 1939/3482/2000
f 1840/3349/1900 1839/3348/1899 1945/3493/2006
f 1767/3214/1820 1940/3486/2001 1954/3505/2015
f 1767/3214/1820 1746/3171/1799 1940/3486/2001
f 1551/2721/1604 1925/3463/1986 1955/3506/2016
f 1883/3409/1944 1915/3451/1976 1925/3463/1986
f 1956/3507/2017 1884/3410/1945 1863/3386/1924
f 1601/2853/1654 1957/3508/2018 1906/3440/1967
f 1902/3434/1963 1944/3491/2005 1917/3453/1978
f 1857/3374/1918 1942/3489/2003 1929/3468/1990
f 1929/3468/1990 1958/3509/2019 1909/3444/1970
f 1782/3327/1839 1919/3457/1980 1850/3363/1911
f 1936/3477/1997 1930/3510/1991 1903/3436/1964
f 1888/3414/1949 1909/3497/1970 1958/3511/2019
f 1937/3479/1998 1951/3500/2012 1922/3460/1983
f 1951/3500/2012 1952/3512/2013 1931/3470/1992
f 1952/3512/2013 1938/3480/1999 1953/3504/2014
f 1785/3250/1842 1911/3447/1972 1959/3513/2020
f 1872/3514/1933 1960/3515/2021 1905/3485/1966
f 1873/3483/1934 1961/3516/2022 1862/3517/1923
f 1767/3214/1820 1954/3505/2015 1839/3348/1899
f 1805/3288/1862 1946/3494/2007 1940/3486/2001
f 1551/2721/1604 1955/3506/2016 1948/3496/2009
f 1863/3386/1924 1806/3289/1863 1956/3507/2017
f 1809/3333/1866 1906/3440/1967 1941/3487/2002
f 1680/3027/1733 1941/3518/2002 1916/3452/1977
f 1917/3453/1978 1927/3466/1988 1864/3387/1925
f 1827/3326/1887 1962/3519/2023 1918/3454/1979
f 1963/3520/2024 1866/3389/1927 1787/3339/1844
f 1963/3520/2024 1964/3521/2025 1866/3389/1927
f 1964/3521/2025 1936/3477/1997 1866/3389/1927
f 1908/3442/1969 1930/3469/1991 1965/3522/2026
f 1966/3523/2027 1938/3480/1999 1952/3512/2013
f 1897/3524/1958 1960/3515/2021 1872/3514/1933
f 1961/3516/2022 1924/3525/1985 1862/3517/1923
f 1847/3359/1908 1946/3494/2007 1703/3075/1756
f 1806/3289/1863 1798/3268/1855 1967/3526/2028
f 1915/3451/1976 1968/3527/2029 1925/3463/1986
f 1916/3528/1977 1969/3529/2030 1886/3530/1947
f 1811/3351/1868 1855/3531/1916 1901/3433/1962
f 1865/3388/1926 1918/3454/1979 1928/3467/1989
f 1927/3466/1988 1943/3490/2004 1842/3352/1902
f 1887/3413/1948 1970/3532/2031 1787/3252/1844
f 1708/3086/1761 1848/3360/1909 1971/3533/2032
f 1708/3086/1761 1971/3533/2032 1875/3400/1936
f 1907/3441/1968 1888/3414/1949 1972/3534/2033
f 1929/3468/1990 1973/3535/2034 1958/3509/2019
f 1930/3510/1991 1936/3477/1997 1965/3536/2026
f 1920/3458/1981 1974/3537/2035 1921/3459/1982
f 1910/3446/1971 1949/3498/2010 1975/3538/2036
f 1921/3459/1982 1974/3537/2035 1937/3479/1998
f 1949/3498/2010 1950/3499/2011 1976/3539/2037
f 1952/3512/2013 1951/3500/2012 1977/3540/2038
f 1977/3540/2038 1966/3523/2027 1952/3512/2013
f 1966/3541/2027 1978/3542/2039 1938/3543/1999
f 1950/3499/2011 1939/3482/2000 1979/3544/2040
f 1938/3480/1999 1978/3545/2039 1853/3368/1914
f 1980/3546/2041 1839/3348/1899 1954/3505/2015
f 1981/3547/2042 1973/3535/2034 1929/3468/1990
f 1982/3548/2043 1937/3479/1998 1974/3537/2035
f 1976/3539/2037 1950/3499/2011 1979/3544/2040
f 1978/3545/2039 1966/3523/2027 1977/3540/2038
f 1983/3549/2044 1873/3483/1934 1905/3485/1966
f 1798/3268/1855 1984/3550/2045 1967/3526/2028
f 1915/3451/1976 1933/3551/1994 1968/3527/2029
f 1900/3552/1961 1985/3553/2046 1933/3554/1994
f 1917/3453/1978 1944/3491/2005 1986/3555/2047
f 1942/3489/2003 1981/3547/2042 1929/3468/1990
f 1908/3442/1969 1965/3522/2026 1987/3556/2048
f 1972/3534/2033 1888/3414/1949 1973/3557/2034
f 1973/3557/2034 1888/3414/1949 1958/3511/2019
f 1939/3482/2000 1838/3347/1898 1979/3544/2040
f 1871/3395/1932 1804/3287/1861 1988/3558/2049
f 1873/3483/1934 1983/3549/2044 1961/3516/2022
f 1932/3471/1993 1880/3406/1941 1989/3559/2050
f 1924/3525/1985 1898/3560/1959 1818/3561/1876
f 1898/3430/1959 1990/3562/2051 1819/3314/1877
f 1806/3289/1863 1967/3526/2028 1956/3507/2017
f 1991/3563/2052 1885/3411/1946 1884/3410/1945
f 1885/3411/1946 1992/3564/2053 1900/3432/1961
f 1754/3194/1807 1820/3565/1878 1808/3291/1865
f 1820/3565/1878 1993/3566/2054 1808/3291/1865
f 1886/3530/1947 1969/3529/2030 1855/3567/1916
f 1969/3568/2030 1994/3569/2055 1855/3570/1916
f 1917/3453/1978 1995/3571/2056 1927/3466/1988
f 1917/3453/1978 1986/3555/2047 1995/3571/2056
f 1918/3454/1979 1962/3519/2023 1996/3572/2057
f 1907/3441/1968 1997/3573/2058 1822/3371/1880
f 1822/3371/1880 1997/3573/2058 1998/3574/2059
f 1908/3442/1969 1987/3556/2048 1999/3575/2060
f 1964/3521/2025 1987/3576/2048 1936/3477/1997
f 1936/3577/1997 1987/3556/2048 1965/3522/2026
f 1972/3534/2033 1973/3557/2034 2000/3578/2061
f 1974/3579/2035 2001/3580/2062 1982/3581/2043
f 1937/3479/1998 1982/3548/2043 2002/3582/2063
f 1951/3500/2012 1937/3479/1998 2002/3582/2063
f 2002/3583/2063 2003/3584/2064 1951/3585/2012
f 1951/3585/2012 2003/3584/2064 1977/3586/2038
f 1804/3287/1861 1785/3250/1842 1959/3513/2020
f 1797/3587/1854 2004/3588/2065 1881/3589/1942
f 1847/3359/1908 1913/3449/1974 1946/3494/2007
f 1948/3496/2009 1882/3408/1943 1914/3450/1975
f 1968/3527/2029 2005/3590/2066 1925/3463/1986
f 1884/3410/1945 1956/3507/2017 2006/3591/2067
f 2007/3592/2068 1968/3527/2029 1933/3551/1994
f 2006/3591/2067 1991/3563/2052 1884/3410/1945
f 1552/2722/1605 1808/3291/1865 2008/3593/2069
f 1855/3531/1916 2009/3594/2070 1901/3433/1962
f 1926/3595/1987 1831/3335/1891 2010/3596/2071
f 1928/3467/1989 2011/3597/2072 1942/3489/2003
f 1827/3326/1887 1850/3476/1911 1962/3519/2023
f 1908/3442/1969 1999/3575/2060 1944/3491/2005
f 1787/3339/1844 2012/3598/2073 1963/3520/2024
f 1981/3547/2042 2013/3599/2074 1973/3535/2034
f 1973/3535/2034 2013/3599/2074 2000/3600/2061
f 1875/3601/1936 2014/3602/2075 1920/3603/1981
f 1920/3458/1981 2014/3604/2075 1974/3537/2035
f 1975/3538/2036 2015/3605/2076 1910/3446/1971
f 1975/3538/2036 1949/3498/2010 2016/3606/2077
f 1977/3540/2038 2003/3607/2064 1978/3545/2039
f 1978/3608/2039 2017/3609/2078 1853/3610/1914
f 1776/3611/1829 1853/3610/1914 2018/3612/2079
f 1743/3613/1796 1776/3614/1829 1897/3524/1958
f 1912/3448/1973 1932/3471/1993 1923/3461/1984
f 1924/3525/1985 2019/3615/2080 1898/3560/1959
f 1819/3616/1877 2004/3617/2065 1797/3618/1854
f 1885/3411/1946 1991/3563/2052 2020/3619/2081
f 1885/3411/1946 2020/3619/2081 1992/3564/2053
f 1900/3432/1961 1992/3564/2053 1985/3620/2046
f 1874/3398/1935 1934/3474/1995 2021/3621/2082
f 1918/3454/1979 1996/3572/2057 1928/3467/1989
f 1943/3490/2004 1971/3533/2032 1848/3360/1909
f 1907/3441/1968 1972/3534/2033 2000/3578/2061
f 1907/3622/1968 2000/3623/2061 2013/3624/2074
f 1919/3457/1980 1910/3446/1971 2015/3605/2076
f 1949/3498/2010 2022/3625/2083 2016/3606/2077
f 1982/3548/2043 2001/3626/2062 2002/3582/2063
f 1949/3498/2010 1976/3539/2037 2022/3625/2083
f 1911/3447/1972 1923/3461/1984 2023/3627/2084
f 1839/3348/1899 1980/3546/2041 1945/3493/2006
f 1898/3560/1959 2024/3628/2085 1990/3629/2051
f 1954/3505/2015 1940/3486/2001 1980/3546/2041
f 1899/3431/1960 2025/3630/2086 1947/3495/2008
f 1948/3496/2009 2026/3631/2087 1882/3408/1943
f 1956/3507/2017 2027/3632/2088 2006/3591/2067
f 1933/3633/1994 2028/3634/2089 2007/3635/2068
f 1933/3636/1994 1985/3637/2046 2028/3638/2089
f 1830/3334/1890 1926/3465/1987 1934/3474/1995
f 1729/3128/1782 2029/3639/2090 1831/3335/1891
f 1987/3576/2048 1964/3521/2025 1999/3640/2060
f 2013/3641/2074 2030/3642/2091 1907/3441/1968
f 2001/3580/2062 2031/3643/2092 2002/3644/2063
f 1923/3461/1984 2032/3645/2093 2023/3627/2084
f 1923/3461/1984 1932/3471/1993 2032/3645/2093
f 1478/2540/1531 2033/3646/2094 765/1091/765
f 1941/3518/2002 2034/3647/2095 1916/3452/1977
f 1874/3398/1935 2035/3648/2096 1820/3315/1878
f 1934/3474/1995 1926/3465/1987 2036/3649/2097
f 1822/3318/1880 1998/3650/2059 1729/3128/1782
f 1787/3339/1844 2037/3651/2098 2012/3598/2073
f 1999/3575/2060 2038/3652/2099 1944/3491/2005
f 1998/3574/2059 1997/3573/2058 2039/3653/2100
f 1999/3654/2060 2040/3655/2101 1963/3656/2024
f 1963/3520/2024 2041/3657/2102 1964/3521/2025
f 1997/3573/2058 1907/3441/1968 2030/3642/2091
f 1997/3658/2058 2042/3659/2103 2013/1366/2074
f 2013/3641/2074 2043/3660/2104 1997/3573/2058
f 1964/3661/2025 2041/3662/2102 1999/3663/2060
f 2013/3664/2074 2042/3665/2103 2030/3666/2091
f 2031/3643/2092 2044/3667/2105 2002/3644/2063
f 2003/3668/2064 2045/3669/2106 1978/3608/2039
f 1881/3407/1942 2025/3630/2086 1899/3431/1960
f 1955/3506/2016 1925/3463/1986 2005/3590/2066
f 1956/3507/2017 1967/3526/2028 2046/3670/2107
f 2009/3594/2070 1935/3475/1996 1901/3433/1962
f 1887/3413/1948 2047/3671/2108 1970/3532/2031
f 1943/3490/2004 1927/3466/1988 2048/3672/2109
f 1986/3555/2047 1944/3491/2005 2049/3673/2110
f 1981/3547/2042 2050/3674/2111 2013/3599/2074
f 1963/3520/2024 2040/3675/2101 2041/3657/2102
f 1997/3676/2058 2030/3677/2091 2042/3678/2103
f 2040/3679/2101 1999/3663/2060 2041/3662/2102
f 2015/3605/2076 2051/3680/2112 1919/3457/1980
f 2014/3681/2075 2052/3682/2113 1974/3579/2035
f 1975/3538/2036 2016/3606/2077 2015/3605/2076
f 2002/3644/2063 2044/3667/2105 2003/3668/2064
f 2003/3683/2064 2044/3684/2105 2045/3685/2106
f 1978/3608/2039 2045/3669/2106 2017/3609/2078
f 1976/3539/2037 1979/3544/2040 2053/3686/2114
f 1979/3544/2040 1838/3347/1898 2054/3687/2115
f 1853/3610/1914 2055/3688/2116 2018/3612/2079
f 1776/3614/1829 2056/3689/2117 1897/3524/1958
f 1880/3406/1941 1945/3493/2006 1989/3559/2050
f 1819/3616/1877 1990/3629/2051 2004/3617/2065
f 1946/3494/2007 2057/3690/2118 1940/3486/2001
f 1913/3449/1974 2058/3691/2119 1946/3494/2007
f 1882/3408/1943 2059/3692/2120 1913/3449/1974
f 1956/3507/2017 2046/3670/2107 2027/3632/2088
f 2005/3590/2066 1968/3527/2029 2060/3693/2121
f 765/1091/765 2033/3646/2094 1854/3369/1915
f 1986/3555/2047 2049/3673/2110 1995/3571/2056
f 1928/3467/1989 1996/3572/2057 2011/3597/2072
f 1943/3490/2004 2048/3672/2109 1971/3533/2032
f 1787/3252/1844 1970/3532/2031 2037/3694/2098
f 2012/3598/2073 2061/3695/2122 1963/3520/2024
f 1999/3575/2060 2062/3696/2123 2038/3652/2099
f 1963/3520/2024 2061/3695/2122 1999/3640/2060
f 1999/3640/2060 2061/3695/2122 2062/3697/2123
f 2013/3599/2074 2050/3674/2111 2043/3698/2104
f 1919/3457/1980 2051/3680/2112 1850/3363/1911
f 2052/3682/2113 2001/3580/2062 1974/3579/2035
f 1979/3544/2040 2054/3687/2115 2053/3686/2114
f 1961/3516/2022 2063/3699/2124 1924/3525/1985
f 1947/3495/2008 2064/3700/2125 1798/3268/1855
f 1798/3268/1855 2064/3700/2125 1984/3550/2045
f 1984/3550/2045 2064/3700/2125 1967/3526/2028
f 2046/3670/2107 1967/3526/2028 2064/3700/2125
f 2020/3701/2081 2065/3702/2126 1992/3703/2053
f 1601/2853/1654 1854/3369/1915 1957/3508/2018
f 1820/3315/1878 2035/3648/2096 1993/3704/2054
f 1916/3528/1977 2034/3705/2095 1969/3529/2030
f 2009/3594/2070 1855/3531/1916 1994/3706/2055
f 1831/3335/1891 2029/3639/2090 2010/3596/2071
f 1729/3128/1782 1998/3650/2059 2029/3639/2090
f 1927/3466/1988 1995/3571/2056 2048/3672/2109
f 1942/3489/2003 2066/3707/2127 1981/3547/2042
f 1850/3476/1911 2067/3708/2128 1962/3519/2023
f 1997/3573/2058 2068/3709/2129 2039/3653/2100
f 2061/3710/2122 2038/3652/2099 2062/3696/2123
f 1997/3573/2058 2043/3660/2104 2068/3709/2129
f 2043/3660/2104 2050/3711/2111 2068/3709/2129
f 1850/3363/1911 2051/3680/2112 2067/3712/2128
f 1838/3347/1898 1871/3395/1932 2069/3713/2130
f 1988/3558/2049 1804/3287/1861 1959/3513/2020
f 1911/3447/1972 2023/3627/2084 1959/3513/2020
f 1898/3560/1959 2019/3615/2080 2024/3628/2085
f 1980/3546/2041 1940/3486/2001 2070/3714/2131
f 1946/3494/2007 2071/3715/2132 2057/3690/2118
f 2004/3716/2065 2072/3717/2133 1881/3407/1942
f 1992/3703/2053 2065/3702/2126 2073/3718/2134
f 1874/3398/1935 2021/3621/2082 2035/3648/2096
f 2074/3719/2135 2050/3720/2136 2039/3721/2137
f 2039/3653/2137 2050/3711/2136 2075/3722/2138
f 2076/3723/2139 2038/3652/2099 2061/3710/2122
f 2077/3724/2140 2001/3580/2062 2052/3682/2113
f 2078/3725/2141 2031/3643/2092 2001/3580/2062
f 2022/3625/2083 1976/3539/2037 2053/3686/2114
f 2079/3726/2142 2055/3688/2116 1853/3610/1914
f 2054/3687/2115 1838/3347/1898 2069/3713/2130
f 1932/3471/1993 2080/3727/2143 2032/3645/2093
f 2057/3690/2118 2081/3728/2144 1940/3486/2001
f 2058/3691/2119 1913/3449/1974 2059/3692/2120
f 2060/3693/2121 1968/3527/2029 2007/3592/2068
f 2065/3702/2126 2020/3701/2081 1991/3729/2052
f 1985/3730/2046 1992/3703/2053 2073/3718/2134
f 1996/3572/2057 2082/3731/2145 2011/3597/2072
f 2011/3597/2072 2066/3707/2127 1942/3489/2003
f 2038/3652/2099 2083/3732/2146 2049/3673/2110
f 1944/3491/2005 2038/3652/2099 2049/3673/2110
f 2012/3733/2073 2084/3734/2147 2038/3735/2099
f 2038/3736/2099 2085/3737/2148 2012/2731/2073
f 2038/3652/2099 2076/3723/2139 2085/3738/2148
f 2014/3681/2075 2077/3724/2140 2052/3682/2113
f 2078/3725/2141 2044/3667/2105 2031/3643/2092
f 2016/3606/2077 2022/3625/2083 2086/3739/2149
f 2044/3667/2105 2017/3609/2078 2045/3669/2106
f 2017/3609/2078 2079/3726/2142 1853/3610/1914
f 1776/3614/1829 2018/3740/2079 2056/3689/2117
f 2087/3741/2150 2063/3699/2124 1961/3516/2022
f 2063/3699/2124 2019/3615/2080 1924/3525/1985
f 1940/3486/2001 2081/3728/2144 2070/3714/2131
f 1946/3494/2007 2058/3691/2119 2071/3715/2132
f 2025/3630/2086 2064/3700/2125 1947/3495/2008
f 2026/3631/2087 2088/3742/2151 1882/3408/1943
f 2005/3590/2066 2089/3743/2152 1955/3506/2016
f 2090/3744/2153 1991/3563/2052 2006/3591/2067
f 2007/3635/2068 2028/3634/2089 2091/3745/2154
f 2090/3746/2153 2065/3702/2126 1991/3729/2052
f 1934/3474/1995 2092/3747/2155 2021/3621/2082
f 1887/3413/1948 1935/3475/1996 2047/3671/2108
f 1962/3519/2023 2082/3731/2145 1996/3572/2057
f 2011/3597/2072 2093/3748/2156 2066/3707/2127
f 1970/3532/2031 2094/3749/2157 2037/3694/2098
f 2037/3694/2098 2094/3749/2157 2095/3750/2158
f 2037/3751/2098 2095/3752/2158 2012/3733/2073
f 2039/3653/2100 2096/3753/2159 1998/3574/2059
f 1981/3547/2042 2097/3754/2160 2050/3674/2111
f 2038/3652/2099 2084/3755/2147 2083/3732/2146
f 2012/3756/2073 2085/3757/2148 2098/3758/2161
f 2012/3598/2073 2098/3759/2161 2061/3695/2122
f 2068/3709/2129 2099/3760/2162 2039/3653/2100
f 2039/3761/2137 2075/3762/2163 2074/3763/2135
f 2039/3761/2100 2099/3764/2162 2075/3762/2164
f 2039/3653/2100 2075/3722/2165 2096/3753/2159
f 2050/3674/2111 2097/3754/2160 2075/3765/2165
f 2076/3723/2139 2098/3766/2161 2085/3738/2148
f 2061/3710/2122 2098/3766/2161 2076/3723/2139
f 2068/3709/2129 2100/3767/2166 2099/3760/2162
f 2050/3674/2111 2100/3768/2166 2068/3769/2129
f 2074/3770/2135 2075/3765/2163 2050/3674/2136
f 2050/3674/2111 2075/3765/2164 2100/3768/2166
f 2015/3605/2076 2016/3606/2077 2086/3739/2149
f 2086/3739/2149 2022/3625/2083 2101/3771/2167
f 2022/3625/2083 2053/3686/2114 2101/3771/2167
f 2055/3688/2116 2079/3726/2142 2102/3772/2168
f 1871/3395/1932 2103/3773/2169 2069/3713/2130
f 2104/3774/2170 1960/3515/2021 1897/3524/1958
f 1945/3493/2006 2105/3775/2171 1989/3559/2050
f 1945/3493/2006 1980/3546/2041 2106/3776/2172
f 1881/3407/1942 2072/3717/2133 2025/3630/2086
f 1948/3496/2009 1955/3506/2016 2107/3777/2173
f 2108/3778/2174 1985/3730/2046 2073/3718/2134
f 1552/2722/1605 2109/3779/2175 1753/3193/1806
f 2048/3672/2109 1995/3571/2056 2110/3780/2176
f 2049/3673/2110 2083/3732/2146 2111/3781/2177
f 2096/3753/2159 2112/3782/2178 1998/3574/2059
f 1981/3547/2042 2113/3783/2179 2097/3754/2160
f 2012/3733/2073 2095/3752/2158 2084/3734/2147
f 2096/3784/2159 2075/3785/2165 2114/3786/2180
f 2096/3753/2159 2114/3787/2180 2112/3782/2178
f 2099/3764/2162 2100/3788/2166 2075/3762/2164
f 2077/3724/2140 2078/3725/2141 2001/3580/2062
f 2015/3605/2076 2086/3739/2149 2115/3789/2181
f 2078/3725/2141 2116/3790/2182 2044/3667/2105
f 2116/3790/2182 2117/3791/2183 2044/3667/2105
f 2044/3667/2105 2118/3792/2184 2017/3609/2078
f 2053/3686/2114 2054/3687/2115 2101/3771/2167
f 2069/3713/2130 2103/3773/2169 2054/3687/2115
f 1955/3506/2016 2089/3743/2152 2107/3777/2173
f 2005/3590/2066 2060/3693/2121 2089/3743/2152
f 2027/3632/2088 2119/3793/2185 2006/3591/2067
f 2007/3635/2068 2091/3745/2154 2060/3794/2121
f 2028/3634/2089 1985/3730/2046 2108/3778/2174
f 2120/3795/2186 2009/3796/2070 1994/3797/2055
f 2082/3731/2145 2121/3798/2187 2011/3597/2072
f 2048/3672/2109 2122/3799/2188 1971/3533/2032
f 1981/3547/2042 2066/3707/2127 2113/3783/2179
f 2083/3800/2189 2123/3801/2190 2094/3802/2191
f 2095/3803/2158 2083/3804/2146 2084/3805/2147
f 2112/3806/2178 2114/3807/2180 2124/3808/2192
f 2112/3809/2178 2124/3810/2192 2097/3811/2160
f 2097/3754/2160 2125/3812/2193 2112/3813/2178
f 2075/3765/2165 2126/3814/2194 2114/3815/2180
f 2075/3765/2165 2097/3754/2160 2126/3814/2194
f 2014/3681/2075 1971/1836/2032 2127/3816/2195
f 1875/3400/1936 1971/3533/2032 2014/3817/2075
f 2015/3605/2076 2128/3818/2196 2051/3680/2112
f 2015/3605/2076 2129/3819/2197 2128/3818/2196
f 2015/3605/2076 2115/3789/2181 2129/3819/2197
f 2078/3725/2141 2130/3820/2198 2116/3790/2182
f 2117/3791/2183 2118/3792/2184 2044/3667/2105
f 2118/3792/2184 2079/3726/2142 2017/3609/2078
f 2055/3821/2116 2056/3689/2117 2018/3740/2079
f 2023/3627/2084 2131/3822/2199 1959/3513/2020
f 1989/3559/2050 2080/3727/2143 1932/3471/1993
f 1990/3629/2051 2132/3823/2200 2004/3617/2065
f 1882/3408/1943 2088/3742/2151 2059/3692/2120
f 2064/3700/2125 2133/3824/2201 2046/3670/2107
f 1808/3291/1865 2134/3825/2202 2008/3593/2069
f 2049/3673/2110 2135/3826/2203 1995/3571/2056
f 2093/3748/2156 2136/3827/2204 2066/3707/2127
f 2067/3708/2128 2137/3828/2205 1962/3519/2023
f 2094/3829/2191 2111/3830/2206 2083/3831/2189
f 2123/3832/2190 2111/3830/2206 2094/3829/2191
f 2123/3801/2190 2083/3800/2189 2111/3833/2206
f 2083/3732/2146 2138/3834/2207 2111/3781/2177
f 2083/3732/2146 2095/3835/2158 2138/3834/2207
f 2124/3836/2192 2139/3837/2208 2097/3838/2160
f 2097/3754/2160 2113/3783/2179 2125/3812/2193
f 2097/3754/2160 2139/3839/2208 2126/3814/2194
f 2086/3840/2149 2140/3841/2209 2115/3842/2181
f 2086/3840/2149 2101/3843/2167 2140/3841/2209
f 2130/3820/2198 2141/3844/2210 2116/3790/2182
f 2116/3790/2182 2141/3844/2210 2117/3791/2183
f 2054/3687/2115 2142/3845/2211 2101/3771/2167
f 1905/3485/1966 2143/3846/2212 1983/3549/2044
f 2087/3741/2150 1961/3516/2022 1983/3549/2044
f 2144/3847/2213 2071/3715/2132 2058/3691/2119
f 2145/3848/2214 2064/3849/2125 2025/3850/2086
f 2026/3631/2087 1948/3496/2009 2107/3777/2173
f 2060/3794/2121 2091/3745/2154 2146/3851/2215
f 2091/3745/2154 2028/3634/2089 2108/3778/2174
f 2109/3779/2175 1552/2722/1605 2008/3593/2069
f 2134/3825/2202 1808/3291/1865 1993/3566/2054
f 1993/3704/2054 2035/3648/2096 2147/3852/2216
f 2148/3853/2217 1994/3797/2055 1969/3529/2030
f 2148/3853/2217 2120/3795/2186 1994/3797/2055
f 2036/3649/2097 1926/3465/1987 2149/3854/2218
f 2149/3854/2218 1926/3465/1987 2010/3855/2071
f 2150/3856/2219 2095/3750/2158 2094/3749/2157
f 2151/3857/2220 1998/3574/2059 2112/3782/2178
f 2150/2047/2219 2138/3858/2207 2095/3552/2158
f 2114/3859/2180 2152/3860/2221 2124/3861/2192
f 2151/3857/2220 2112/3782/2178 2125/3862/2193
f 2124/3863/2192 2152/3864/2221 2139/3865/2208
f 2114/3859/2180 2126/3866/2194 2152/3860/2221
f 2139/3839/2208 2152/3867/2221 2126/3814/2194
f 2127/3816/2195 2077/3724/2140 2014/3681/2075
f 2078/3725/2141 2153/3868/2222 2130/3820/2198
f 2154/3869/2223 2118/3792/2184 2117/3791/2183
f 1960/3515/2021 2155/3870/2224 1905/3485/1966
f 2032/3645/2093 2080/3727/2143 2156/3871/2225
f 2063/3699/2124 2157/3872/2226 2019/3615/2080
f 2158/3873/2227 1989/3559/2050 2105/3775/2171
f 2058/3691/2119 2059/3692/2120 2159/3874/2228
f 2026/3631/2087 2160/3875/2229 2088/3742/2151
f 2006/3591/2067 2119/3793/2185 2090/3744/2153
f 1906/3440/1967 1957/3508/2018 2161/3876/2230
f 2161/3876/2230 1941/3487/2002 1906/3440/1967
f 1993/3566/2054 2147/3877/2216 2134/3825/2202
f 2035/3648/2096 2021/3621/2082 2162/3878/2231
f 2034/3705/2095 2163/3879/2232 1969/3529/2030
f 1934/3474/1995 2036/3649/2097 2092/3747/2155
f 1995/3571/2056 2135/3826/2203 2110/3780/2176
f 2048/3672/2109 2110/3780/2176 2164/3880/2233
f 2048/3672/2109 2164/3880/2233 2122/3799/2188
f 2125/3862/2193 2165/3881/2234 2151/3857/2220
f 2125/3812/2193 2166/3882/2235 2165/3883/2234
f 2113/3783/2179 2166/3882/2235 2125/3812/2193
f 2051/3680/2112 2128/3818/2196 2067/3712/2128
f 2167/3884/2236 2153/3868/2222 2077/3724/2140
f 2077/3724/2140 2153/3868/2222 2078/3725/2141
f 2115/3842/2181 2140/3841/2209 2168/3885/2237
f 2130/3820/2198 2169/3886/2238 2141/3844/2210
f 2101/3843/2167 2170/3887/2239 2140/3841/2209
f 2171/3888/2240 2154/3869/2223 2117/3791/2183
f 2142/3889/2211 2172/3890/2241 2101/3843/2167
f 2154/3869/2223 2079/3726/2142 2118/3792/2184
f 2103/3773/2169 2173/3891/2242 2054/3687/2115
f 2102/3892/2168 2174/3893/2243 2055/3821/2116
f 2056/3689/2117 2104/3774/2170 1897/3524/1958
f 1945/3493/2006 2106/3776/2172 2105/3775/2171
f 2024/3628/2085 2132/3823/2200 1990/3629/2051
f 2004/3617/2065 2132/3823/2200 2175/3894/2244
f 2058/3691/2119 2159/3874/2228 2144/3847/2213
f 2046/3670/2107 2133/3824/2201 2176/3895/2245
f 2046/3670/2107 2176/3895/2245 2027/3632/2088
f 2065/3702/2126 2177/3896/2246 2073/3718/2134
f 2029/3639/2090 2178/3897/2247 2010/3596/2071
f 1962/3519/2023 2137/3828/2205 2082/3731/2145
f 2066/3707/2127 2136/3827/2204 2113/3783/2179
f 2150/3898/2219 2179/3899/2248 2138/3834/2207
f 2138/3834/2207 2179/3899/2248 2111/3781/2177
f 2151/3857/2220 2165/3881/2234 2180/3900/2249
f 2151/3901/2220 2180/3902/2249 2113/3903/2179
f 1971/1836/2032 2181/3904/2250 2127/3816/2195
f 2140/3841/2209 2182/3905/2251 2168/3885/2237
f 2183/3906/2252 2141/3844/2210 2169/3886/2238
f 2140/3841/2209 2170/3887/2239 2182/3905/2251
f 2141/3844/2210 2183/3906/2252 2117/3791/2183
f 2172/3890/2241 2170/3887/2239 2101/3843/2167
f 2079/3726/2142 2171/3888/2240 2102/3772/2168
f 2154/3869/2223 2171/3888/2240 2079/3726/2142
f 2054/3687/2115 2184/3907/2253 2142/3845/2211
f 2184/3907/2253 2185/3908/2254 2142/3845/2211
f 2142/3889/2211 2185/3909/2254 2172/3890/2241
f 2054/3687/2115 2173/3891/2242 2184/3907/2253
f 2055/3821/2116 2186/3910/2255 2056/3689/2117
f 2155/3870/2224 2143/3846/2212 1905/3485/1966
f 2091/3745/2154 2187/3911/2256 2146/3851/2215
f 2108/3778/2174 2188/3912/2257 2091/3745/2154
f 2073/3718/2134 2188/3912/2257 2108/3778/2174
f 2011/3597/2072 2189/3913/2258 2093/3748/2156
f 1971/3533/2032 2122/3799/2188 2190/3914/2259
f 2049/3673/2110 2111/3781/2177 2191/3915/2260
f 2151/3857/2220 2192/3916/2261 1998/3574/2059
f 2180/3902/2249 2193/3917/2262 2113/3903/2179
f 2151/3857/2220 2113/3918/2179 2192/3916/2261
f 2113/3919/2179 2193/3920/2262 2166/3921/2235
f 2128/3818/2196 2129/3819/2197 2194/3922/2263
f 2127/3816/2195 2167/3884/2236 2077/3724/2140
f 2115/3789/2181 2168/3923/2237 2195/3924/2264
f 2153/3868/2222 2196/3925/2265 2130/3820/2198
f 2117/3791/2183 2183/3906/2252 2197/3926/2266
f 2197/3926/2266 2198/3927/2267 2117/3791/2183
f 2117/3791/2183 2198/3927/2267 2171/3888/2240
f 2103/3773/2169 2199/3928/2268 2173/3891/2242
f 2056/3689/2117 2200/3929/2269 2104/3774/2170
f 2104/3774/2170 2201/3930/2270 1960/3515/2021
f 1983/3549/2044 2143/3846/2212 2087/3741/2150
f 2081/3728/2144 2202/3931/2271 2070/3714/2131
f 2073/3718/2134 2177/3896/2246 2203/3932/2272
f 2203/3932/2272 2188/3912/2257 2073/3718/2134
f 2035/3648/2096 2162/3878/2231 2147/3852/2216
f 2021/3621/2082 2092/3747/2155 2162/3878/2231
f 2110/3780/2176 2135/3826/2203 2204/3933/2273
f 2011/3597/2072 2121/3798/2187 2189/3913/2258
f 2135/3826/2203 2049/3673/2110 2205/3934/2274
f 2111/3781/2177 2179/3899/2248 2191/3915/2260
f 2165/3881/2234 2206/3935/2275 2180/3900/2249
f 2180/3936/2249 2206/3937/2275 2193/3938/2262
f 2192/3939/2261 2113/3940/2179 2207/3941/2276
f 2165/3881/2234 2166/3942/2235 2206/3935/2275
f 2193/3920/2262 2206/3943/2275 2166/3921/2235
f 2196/3925/2265 2169/3886/2238 2130/3820/2198
f 2169/3886/2238 2208/3944/2277 2183/3906/2252
f 2170/3945/2239 2209/3946/2278 2182/3947/2251
f 2210/3948/2279 2102/3772/2168 2171/3888/2240
f 2184/3907/2253 2173/3891/2242 2185/3908/2254
f 1871/3395/1932 1988/3558/2049 2103/3773/2169
f 2087/3741/2150 2157/3872/2226 2063/3699/2124
f 2211/3949/2280 2081/3728/2144 2057/3690/2118
f 2212/3950/2281 2064/3700/2125 2145/3951/2214
f 2026/3631/2087 2107/3777/2173 2160/3875/2229
f 2089/3743/2152 2060/3693/2121 2213/3952/2282
f 2187/3911/2256 2091/3745/2154 2188/3912/2257
f 2148/3853/2217 1969/3529/2030 2163/3879/2232
f 2093/3748/2156 2189/3913/2258 2136/3827/2204
f 2205/3934/2274 2049/3673/2110 2191/3915/2260
f 2214/3953/2283 2094/3749/2157 1970/3532/2031
f 2215/3954/2284 2150/3955/2219 2094/3956/2157
f 2216/3957/2285 2113/3783/2179 2136/3827/2204
f 2217/3958/2286 2179/3959/2248 2150/3955/2219
f 2215/3954/2284 2217/3958/2286 2150/3955/2219
f 2218/3960/2287 2207/3961/2276 2113/3783/2179
f 2218/3960/2287 2113/3783/2179 2216/3957/2285
f 2190/3914/2259 2181/3962/2250 1971/3533/2032
f 2115/3789/2181 2195/3924/2264 2129/3819/2197
f 2196/3925/2265 2219/3963/2288 2169/3886/2238
f 2220/3964/2289 2168/3923/2237 2182/3947/2251
f 2208/3944/2277 2221/3965/2290 2183/3906/2252
f 2221/3965/2290 2197/3926/2266 2183/3906/2252
f 2172/3890/2241 2222/3966/2291 2170/3887/2239
f 2223/3967/2292 2170/3887/2239 2222/3966/2291
f 2102/3772/2168 2224/3968/2293 2174/3969/2243
f 2210/3948/2279 2224/3968/2293 2102/3772/2168
f 2225/3970/2294 2171/3888/2240 2198/3927/2267
f 2225/3970/2294 2210/3948/2279 2171/3888/2240
f 2174/3969/2243 2224/3968/2293 2210/3948/2279
f 2185/3909/2254 2222/3966/2291 2172/3890/2241
f 2185/3908/2254 2173/3891/2242 2199/3928/2268
f 2156/3871/2225 2080/3727/2143 2226/3971/2295
f 2106/3776/2172 1980/3546/2041 2070/3714/2131
f 2227/3972/2296 2132/3823/2200 2024/3628/2085
f 2144/3847/2213 2159/3874/2228 2228/3973/2297
f 2107/3777/2173 2089/3743/2152 2229/3974/2298
f 2230/3975/2299 2119/3793/2185 2027/3632/2088
f 2231/3976/2300 2065/3702/2126 2090/3746/2153
f 2164/3880/2233 2110/3780/2176 2204/3933/2273
f 2214/3953/2283 2215/3977/2284 2094/3749/2157
f 2215/2951/2301 2191/3978/2302 2179/3979/2303
f 2192/3916/2261 2207/3980/2276 2232/3981/2304
f 2207/3980/2276 2218/3982/2287 2232/3981/2304
f 2127/3816/2195 2233/3983/2305 2167/3884/2236
f 2195/3924/2264 2234/3984/2306 2129/3819/2197
f 2168/3923/2237 2235/3985/2307 2195/3924/2264
f 2219/3963/2288 2208/3944/2277 2169/3886/2238
f 2168/3923/2237 2220/3964/2289 2235/3985/2307
f 2182/3947/2251 2209/3946/2278 2220/3964/2289
f 2170/3945/2239 2223/3986/2292 2209/3946/2278
f 2185/3908/2254 2199/3928/2268 2236/3987/2308
f 2236/3988/2308 2222/3989/2291 2185/3990/2254
f 2199/3928/2268 2103/3773/2169 2237/3991/2309
f 2238/3992/2310 2055/3821/2116 2174/3893/2243
f 2239/3993/2311 1959/3513/2020 2131/3822/2199
f 2201/3930/2270 2155/3870/2224 1960/3515/2021
f 1989/3559/2050 2240/3994/2312 2080/3727/2143
f 2057/3690/2118 2071/3715/2132 2211/3949/2280
f 2119/3995/2185 2230/3996/2299 2241/3997/2313
f 2060/3693/2121 2146/3998/2215 2213/3952/2282
f 2119/3995/2185 2242/3999/2314 2090/3746/2153
f 2010/3855/2071 2178/4000/2247 2149/3854/2218
f 2204/3933/2273 2243/4001/2315 2164/3880/2233
f 2192/3916/2261 2232/3981/2304 2244/4002/2316
f 2179/3899/2248 2245/4003/2317 2191/3915/2260
f 2179/3899/2248 2217/4004/2286 2245/4003/2317
f 2127/4005/2195 2181/3962/2250 2233/4006/2305
f 2167/3884/2236 2246/4007/2318 2153/3868/2222
f 2246/4007/2318 2247/4008/2319 2153/3868/2222
f 2153/3868/2222 2247/4008/2319 2196/3925/2265
f 2196/3925/2265 2247/4008/2319 2219/3963/2288
f 2209/3946/2278 2223/3986/2292 2248/4009/2320
f 2198/3927/2267 2197/3926/2266 2225/3970/2294
f 2249/4010/2321 2250/4011/2322 2210/3948/2279
f 2225/3970/2294 2249/4010/2321 2210/3948/2279
f 2210/3948/2279 2250/4011/2322 2174/3969/2243
f 2250/4011/2322 2238/4012/2310 2174/3969/2243
f 2236/4013/2308 2199/4014/2268 2251/4015/2323
f 2199/3928/2268 2237/3991/2309 2251/4016/2323
f 2237/4017/2309 2236/4018/2308 2251/4019/2323
f 2055/3821/2116 2238/3992/2310 2252/4020/2324
f 2056/3689/2117 2186/3910/2255 2253/4021/2325
f 2056/3689/2117 2253/4021/2325 2200/3929/2269
f 1988/3558/2049 1959/3513/2020 2239/3993/2311
f 2023/3627/2084 2032/3645/2093 2131/3822/2199
f 2254/4022/2326 2227/3972/2296 2019/3615/2080
f 2019/3615/2080 2227/3972/2296 2024/3628/2085
f 2070/3714/2131 2255/4023/2327 2106/3776/2172
f 2212/4024/2281 2145/3848/2214 2256/4025/2328
f 2064/3700/2125 2212/3950/2281 2133/3824/2201
f 2176/3895/2245 2230/3975/2299 2027/3632/2088
f 2146/3851/2215 2257/4026/2329 2213/4027/2282
f 2146/3851/2215 2187/3911/2256 2257/4026/2329
f 2090/3746/2153 2242/3999/2314 2231/3976/2300
f 2161/3876/2230 2258/4028/2330 1941/3487/2002
f 1941/3487/2002 2258/4028/2330 2034/4029/2095
f 2148/3853/2217 2259/4030/2331 2120/3795/2186
f 2029/3639/2090 1998/3650/2059 2260/4031/2332
f 2135/3826/2203 2205/3934/2274 2204/3933/2273
f 2191/3915/2260 2261/4032/2333 2205/3934/2274
f 2217/3958/2286 2215/3954/2284 2262/4033/2334
f 2217/3958/2286 2262/4033/2334 2245/4034/2317
f 2218/3982/2287 2263/4035/2335 2232/3981/2304
f 2232/3981/2304 2263/4035/2335 2244/4002/2316
f 2218/3982/2287 2264/4036/2336 2263/4035/2335
f 2216/3957/2285 2264/4037/2336 2218/3960/2287
f 2128/4038/2196 2194/4039/2263 2067/3708/2128
f 2219/3963/2288 2265/4040/2337 2208/3944/2277
f 2209/3946/2278 2248/4009/2320 2220/3964/2289
f 2266/4041/2338 2225/3970/2294 2197/3926/2266
f 2250/4011/2322 2249/4010/2321 2238/4012/2310
f 2236/4042/2308 2237/4043/2309 2267/4044/2339
f 2236/4045/2308 2267/4046/2339 2222/4047/2291
f 2106/3776/2172 2268/4048/2340 2105/3775/2171
f 2106/3776/2172 2255/4023/2327 2268/4048/2340
f 2202/3931/2271 2255/4023/2327 2070/3714/2131
f 2081/3728/2144 2211/3949/2280 2202/3931/2271
f 2175/3894/2244 2269/4049/2341 2004/3617/2065
f 2065/3702/2126 2231/3976/2300 2177/3896/2246
f 2188/3912/2257 2270/4050/2342 2187/3911/2256
f 2036/3649/2097 2149/3854/2218 2271/4051/2343
f 1970/3532/2031 2047/3671/2108 2214/3953/2283
f 2082/3731/2145 2272/4052/2344 2121/3798/2187
f 2082/3731/2145 2137/3828/2205 2272/4052/2344
f 2191/3915/2260 2273/4053/2345 2261/4032/2333
f 2191/3915/2260 2262/4054/2346 2273/4053/2345
f 2191/4055/2260 2245/4056/2317 2262/4057/2346
f 2245/4058/2347 2274/4059/2348 2262/4060/2346
f 2067/3708/2128 2275/4061/2349 2137/3828/2205
f 2067/3708/2128 2194/4039/2263 2276/4062/2350
f 2129/3819/2197 2277/4063/2351 2194/3922/2263
f 2233/3983/2305 2246/4007/2318 2167/3884/2236
f 2221/3965/2290 2208/3944/2277 2278/4064/2352
f 2221/3965/2290 2278/4064/2352 2197/3926/2266
f 2197/3926/2266 2279/4065/2353 2266/4041/2338
f 2237/4043/2309 2280/4066/2354 2267/4044/2339
f 2280/4067/2354 2222/4068/2291 2267/4069/2339
f 2237/4070/2309 2281/4071/2355 2280/4067/2354
f 2237/3991/2309 2103/3773/2169 2281/4072/2355
f 1988/3558/2049 2282/4073/2356 2103/3773/2169
f 2080/3727/2143 2240/3994/2312 2226/3971/2295
f 2019/3615/2080 2157/3872/2226 2254/4022/2326
f 2025/3850/2086 2072/4074/2133 2256/4025/2328
f 2059/3692/2120 2283/4075/2357 2159/3874/2228
f 2059/3692/2120 2088/3742/2151 2283/4075/2357
f 2160/3875/2229 2107/3777/2173 2229/3974/2298
f 2119/3995/2185 2241/3997/2313 2242/3999/2314
f 2162/3878/2231 2284/4076/2358 2147/3852/2216
f 2214/4077/2283 2262/4033/2334 2215/3954/2284
f 2216/3957/2285 2136/3827/2204 2285/4078/2359
f 2274/4079/2348 2273/4080/2345 2262/4081/2346
f 2274/4082/2348 2245/4003/2347 2273/4053/2345
f 2245/4003/2347 2286/4083/2360 2273/4053/2345
f 2245/4034/2347 2262/4033/2334 2286/4084/2360
f 2181/3962/2250 2287/4085/2361 2233/4006/2305
f 2129/3819/2197 2234/3984/2306 2277/4063/2351
f 2246/4007/2318 2233/3983/2305 2247/4008/2319
f 2195/3924/2264 2288/4086/2362 2234/3984/2306
f 2219/3963/2288 2289/4087/2363 2265/4040/2337
f 2235/3985/2307 2220/3964/2289 2290/4088/2364
f 2265/4040/2337 2291/4089/2365 2208/3944/2277
f 2208/3944/2277 2292/4090/2366 2278/4064/2352
f 2278/4064/2352 2279/4065/2353 2197/3926/2266
f 2222/4068/2291 2293/4091/2367 2223/4092/2292
f 2225/4093/2294 2266/4094/2338 2249/4095/2321
f 2249/4095/2321 2266/4094/2338 2294/4096/2368
f 2294/4097/2368 2252/4098/2324 2249/4010/2321
f 2249/4010/2321 2252/4098/2324 2238/4012/2310
f 2222/4068/2291 2280/4067/2354 2295/4099/2369
f 2103/3773/2169 2296/4100/2370 2281/4072/2355
f 2104/3774/2170 2200/3929/2269 2201/3930/2270
f 2004/3617/2065 2297/4101/2371 2072/4074/2133
f 2025/3850/2086 2256/4025/2328 2145/3848/2214
f 2187/3911/2256 2298/4102/2372 2257/4026/2329
f 2008/3593/2069 2299/4103/2373 2109/3779/2175
f 2134/3825/2202 2299/4103/2373 2008/3593/2069
f 2258/4104/2330 2300/4105/2374 2034/3705/2095
f 2036/3649/2097 2271/4051/2343 2092/3747/2155
f 2009/3594/2070 2301/4106/2375 1935/3475/1996
f 1935/3475/1996 2301/4106/2375 2047/3671/2108
f 2121/3798/2187 2302/4107/2376 2189/3913/2258
f 2121/3798/2187 2272/4052/2344 2302/4107/2376
f 2205/3934/2274 2261/4032/2333 2303/4108/2377
f 1998/3574/2059 2192/3916/2261 2260/4109/2332
f 2137/3828/2205 2275/4061/2349 2272/4052/2344
f 2192/3916/2261 2244/4002/2316 2260/4109/2332
f 2263/4035/2335 2304/4110/2378 2244/4002/2316
f 2286/4083/2360 2261/4032/2333 2273/4053/2345
f 2262/4033/2334 2305/4111/2379 2286/4084/2360
f 2263/4035/2335 2264/4036/2336 2304/4110/2378
f 2304/4112/2380 2306/4113/2381 2307/4114/2382
f 2304/4112/2380 2285/4115/2383 2306/4113/2381
f 2264/4037/2336 2285/4078/2359 2304/4116/2378
f 2264/4037/2336 2216/3957/2285 2285/4078/2359
f 2190/3914/2259 2287/4085/2361 2181/3962/2250
f 2233/3983/2305 2308/4117/2384 2247/4008/2319
f 2195/3924/2264 2309/4118/2385 2288/4086/2362
f 2247/4008/2319 2308/4117/2384 2219/3963/2288
f 2195/3924/2264 2235/3985/2307 2309/4118/2385
f 2219/3963/2288 2308/4117/2384 2289/4087/2363
f 2208/3944/2277 2291/4089/2365 2292/4090/2366
f 2266/4094/2338 2279/4119/2353 2310/4120/2386
f 2223/4092/2292 2293/4091/2367 2311/4121/2387
f 2294/4096/2368 2266/4094/2338 2312/4122/2388
f 2281/4071/2355 2295/4099/2369 2280/4067/2354
f 2222/4068/2291 2295/4099/2369 2293/4091/2367
f 2296/4100/2370 2103/3773/2169 2313/4123/2389
f 2252/4020/2324 2314/4124/2390 2055/3821/2116
f 2055/3821/2116 2314/4124/2390 2186/3910/2255
f 1988/3558/2049 2239/3993/2311 2282/4073/2356
f 2087/3741/2150 2315/4125/2391 2157/3872/2226
f 2316/4126/2392 2255/4023/2327 2202/3931/2271
f 2072/4074/2133 2297/4101/2371 2256/4025/2328
f 2089/3743/2152 2317/4127/2393 2229/3974/2298
f 2089/3743/2152 2213/3952/2282 2317/4127/2393
f 2187/3911/2256 2270/4050/2342 2298/4102/2372
f 2177/3896/2246 2318/4128/2394 2319/4129/2395
f 2203/3932/2272 2320/4130/2396 2188/3912/2257
f 2177/3896/2246 2319/4129/2395 2203/3932/2272
f 2203/3932/2272 2319/4129/2395 2320/4130/2396
f 2147/3852/2216 2284/4076/2358 2134/4131/2202
f 2305/4132/2379 2321/4133/2397 2261/4032/2333
f 2261/4134/2333 2322/4135/2398 2305/4136/2379
f 2305/4111/2379 2323/4137/2399 2286/4084/2360
f 2307/4138/2382 2324/4139/2400 2304/4140/2380
f 2261/4032/2333 2325/4141/2401 2322/4142/2398
f 2286/4083/2360 2325/4141/2401 2261/4032/2333
f 2286/4083/2360 2323/4143/2399 2325/4141/2401
f 2306/4144/2381 2324/4145/2400 2307/4146/2382
f 2306/4144/2381 2285/4147/2383 2324/4145/2400
f 2067/3708/2128 2326/4148/2402 2275/4061/2349
f 2067/3708/2128 2276/4062/2350 2326/4148/2402
f 2233/4006/2305 2287/4085/2361 2327/4149/2403
f 2235/3985/2307 2290/4088/2364 2309/4118/2385
f 2220/3964/2289 2328/4150/2404 2290/4088/2364
f 2291/4089/2365 2329/4151/2405 2292/4090/2366
f 2223/3986/2292 2330/4152/2406 2248/4009/2320
f 2294/4097/2368 2312/4153/2388 2252/4098/2324
f 2266/4094/2338 2331/4154/2407 2312/4122/2388
f 2281/4072/2355 2296/4100/2370 2295/4155/2369
f 2032/3645/2093 2332/4156/2408 2131/3822/2199
f 2105/3775/2171 2333/4157/2409 2158/3873/2227
f 2269/4049/2341 2297/4101/2371 2004/3617/2065
f 2160/3875/2229 2229/3974/2298 2334/4158/2410
f 2133/4159/2201 2212/4024/2281 2176/4160/2245
f 2177/3896/2246 2231/3976/2300 2318/4128/2394
f 2205/3934/2274 2335/4161/2411 2204/3933/2273
f 2136/3827/2204 2189/3913/2258 2336/4162/2412
f 2261/4032/2333 2321/4133/2397 2303/4108/2377
f 2244/4002/2316 2304/4110/2378 2260/4109/2332
f 2305/4163/2379 2322/4164/2398 2323/4165/2399
f 2305/4166/2379 2337/4167/2413 2321/4168/2397
f 2304/4169/2380 2324/4170/2400 2285/4171/2383
f 2304/4172/2378 2285/4173/2359 2338/4174/2414
f 2304/4110/2378 2338/4175/2414 2339/4176/2415
f 2322/4142/2398 2325/4141/2401 2323/4143/2399
f 2190/3914/2259 2340/4177/2416 2287/4085/2361
f 2277/4063/2351 2234/3984/2306 2341/4178/2417
f 2341/4178/2417 2234/3984/2306 2288/4086/2362
f 2265/4040/2337 2342/4179/2418 2291/4089/2365
f 2328/4150/2404 2220/3964/2289 2343/4180/2419
f 2220/3964/2289 2248/4009/2320 2343/4180/2419
f 2292/4090/2366 2344/4181/2420 2278/4064/2352
f 2279/4119/2353 2278/4182/2352 2345/4183/2421
f 2223/4092/2292 2311/4121/2387 2330/4184/2406
f 2279/4119/2353 2345/4183/2421 2310/4120/2386
f 2310/4120/2386 2331/4154/2407 2266/4094/2338
f 2252/4098/2324 2312/4153/2388 2331/4185/2407
f 2252/4098/2324 2331/4185/2407 2314/4186/2390
f 2296/4100/2370 2313/4123/2389 2295/4155/2369
f 2201/3930/2270 2346/4187/2422 2155/3870/2224
f 2143/3846/2212 2347/4188/2423 2087/3741/2150
f 2087/3741/2150 2347/4188/2423 2315/4125/2391
f 2240/3994/2312 1989/3559/2050 2158/3873/2227
f 2227/3972/2296 2348/4189/2424 2132/3823/2200
f 2132/3823/2200 2348/4189/2424 2175/3894/2244
f 2071/3715/2132 2349/4190/2425 2211/3949/2280
f 2071/3715/2132 2144/3847/2213 2349/4190/2425
f 2176/4191/2245 2350/4192/2426 2230/3996/2299
f 2230/3996/2299 2351/4193/2427 2241/3997/2313
f 2033/3646/2094 2352/4194/2428 1854/3369/1915
f 2034/3705/2095 2300/4105/2374 2163/3879/2232
f 2205/3934/2274 2303/4108/2377 2335/4161/2411
f 2164/3880/2233 2340/4177/2416 2122/3799/2188
f 2243/4001/2315 2340/4177/2416 2164/3880/2233
f 2275/4061/2349 2353/4195/2429 2272/4052/2344
f 2136/3827/2204 2336/4162/2412 2285/4078/2359
f 2285/4078/2359 2354/4196/2430 2338/4197/2414
f 2122/3799/2188 2340/4177/2416 2190/3914/2259
f 2289/4087/2363 2342/4179/2418 2265/4040/2337
f 2342/4179/2418 2355/4198/2431 2291/4089/2365
f 2248/4009/2320 2330/4152/2406 2356/4199/2432
f 2278/4182/2352 2344/4200/2420 2345/4183/2421
f 2295/4099/2369 2357/4201/2433 2293/4091/2367
f 2293/4091/2367 2357/4201/2433 2311/4121/2387
f 2295/4155/2369 2313/4123/2389 2357/4202/2433
f 2103/3773/2169 2282/4073/2356 2313/4123/2389
f 2032/3645/2093 2156/3871/2225 2332/4156/2408
f 2211/3949/2280 2349/4190/2425 2202/3931/2271
f 2159/3874/2228 2283/4075/2357 2228/3973/2297
f 2160/3875/2229 2334/4158/2410 2088/3742/2151
f 2212/4024/2281 2358/4203/2434 2176/4160/2245
f 2351/4193/2427 2242/3999/2314 2241/3997/2313
f 2359/4204/2435 2270/4050/2342 2188/3912/2257
f 2359/4204/2435 2188/3912/2257 2320/4130/2396
f 2162/3878/2231 2092/3747/2155 2360/4205/2436
f 2361/4206/2437 2009/3796/2070 2120/3795/2186
f 2361/4206/2437 2301/4207/2375 2009/3796/2070
f 2178/3897/2247 2029/3639/2090 2362/4208/2438
f 2243/4001/2315 2204/3933/2273 2335/4161/2411
f 2336/4162/2412 2189/3913/2258 2302/4107/2376
f 2363/2597/2439 2321/4209/2397 2337/4210/2413
f 2339/4211/2415 2338/4197/2414 2354/4196/2430
f 2364/4212/2440 2276/4062/2350 2194/4039/2263
f 2364/4212/2440 2194/4039/2263 2277/4213/2351
f 2365/4214/2441 2308/4117/2384 2233/3983/2305
f 2288/4086/2362 2309/4118/2385 2366/4215/2442
f 2309/4118/2385 2290/4088/2364 2366/4215/2442
f 2367/4216/2443 2328/4150/2404 2343/4180/2419
f 2355/4198/2431 2329/4151/2405 2291/4089/2365
f 2343/4180/2419 2248/4009/2320 2356/4199/2432
f 2329/4151/2405 2344/4181/2420 2292/4090/2366
f 2368/4217/2444 2253/4021/2325 2186/3910/2255
f 2143/3846/2212 2155/3870/2224 2346/4187/2422
f 2369/4218/2445 2227/3972/2296 2254/4022/2326
f 2213/3952/2282 2257/4219/2329 2317/4127/2393
f 2370/4220/2446 2231/3976/2300 2242/3999/2314
f 2092/3747/2155 2271/4051/2343 2371/4221/2447
f 2259/4030/2331 2361/4206/2437 2120/3795/2186
f 2047/3671/2108 2372/4222/2448 2214/3953/2283
f 2214/4223/2283 2305/4224/2379 2262/4225/2334
f 2373/4226/2449 2327/4149/2403 2287/4085/2361
f 2327/4149/2403 2374/4227/2450 2233/4006/2305
f 2374/4228/2450 2365/4214/2441 2233/3983/2305
f 2365/4214/2441 2375/4229/2451 2308/4117/2384
f 2289/4087/2363 2308/4117/2384 2375/4229/2451
f 2376/4230/2452 2331/4154/2407 2310/4120/2386
f 2377/4231/2453 2212/4024/2281 2256/4025/2328
f 2358/4203/2434 2350/4232/2426 2176/4160/2245
f 2350/4192/2426 2351/4193/2427 2230/3996/2299
f 2319/4129/2395 2378/4233/2454 2320/4130/2396
f 2371/4221/2447 2360/4205/2436 2092/3747/2155
f 2163/3879/2232 2259/4030/2331 2148/3853/2217
f 2301/4106/2375 2372/4222/2448 2047/3671/2108
f 2321/4133/2397 2379/4234/2455 2303/4108/2377
f 2285/4078/2359 2336/4162/2412 2354/4196/2430
f 2363/4235/2439 2380/4236/2456 2321/4168/2397
f 2275/4061/2349 2326/4148/2402 2353/4195/2429
f 2276/4062/2350 2381/4237/2457 2326/4148/2402
f 2277/4213/2351 2341/4238/2417 2364/4212/2440
f 2290/4088/2364 2328/4150/2404 2366/4215/2442
f 2328/4150/2404 2382/4239/2458 2366/4215/2442
f 2328/4150/2404 2367/4216/2443 2382/4239/2458
f 2357/4201/2433 2383/4240/2459 2311/4121/2387
f 2282/4073/2356 2239/3993/2311 2384/4241/2460
f 2105/3775/2171 2268/4048/2340 2385/4242/2461
f 2202/3931/2271 2349/4190/2425 2386/4243/2462
f 2144/3847/2213 2228/3973/2297 2387/4244/2463
f 2270/4050/2342 2388/4245/2464 2298/4102/2372
f 2303/4108/2377 2389/4246/2465 2335/4161/2411
f 2302/4107/2376 2390/4247/2466 2336/4162/2412
f 2321/4133/2397 2380/4248/2456 2379/4234/2455
f 2288/4086/2362 2366/4215/2442 2391/4249/2467
f 2375/4229/2451 2392/4250/2468 2289/4087/2363
f 2329/4151/2405 2393/4251/2469 2344/4181/2420
f 2331/4185/2407 2376/4252/2452 2314/4186/2390
f 2313/4123/2389 2394/4253/2470 2357/4202/2433
f 2157/3872/2226 2395/4254/2471 2254/4022/2326
f 2369/4218/2445 2348/4189/2424 2227/3972/2296
f 2144/3847/2213 2387/4244/2463 2349/4190/2425
f 2334/4158/2410 2396/4255/2472 2088/3742/2151
f 2351/4193/2427 2350/4192/2426 2397/4256/2473
f 2257/4219/2329 2398/4257/2474 2317/4127/2393
f 2351/4193/2427 2399/4258/2475 2242/3999/2314
f 2270/4050/2342 2359/4204/2435 2388/4245/2464
f 2320/4130/2396 2378/4233/2454 2359/4204/2435
f 2029/3639/2090 2260/4031/2332 2362/4208/2438
f 2243/4001/2315 2335/4161/2411 2389/4246/2465
f 2303/4108/2377 2400/4259/2476 2389/4246/2465
f 2272/4052/2344 2401/4260/2477 2302/4107/2376
f 2354/4196/2430 2402/4261/2478 2339/4211/2415
f 2276/4062/2350 2364/4212/2440 2381/4237/2457
f 2289/4262/2363 2403/4263/2479 2342/4264/2418
f 2342/4264/2418 2403/4263/2479 2355/4265/2431
f 2367/4216/2443 2343/4180/2419 2404/4266/2480
f 2355/4198/2431 2393/4251/2469 2329/4151/2405
f 2344/4200/2420 2405/4267/2481 2345/4183/2421
f 2310/4120/2386 2345/4183/2421 2376/4230/2452
f 2357/4201/2433 2394/4268/2470 2383/4240/2459
f 2156/3871/2225 2226/3971/2295 2332/4156/2408
f 2105/3775/2171 2406/4269/2482 2333/4157/2409
f 2105/3775/2171 2385/4242/2461 2406/4269/2482
f 2212/4024/2281 2377/4231/2453 2358/4203/2434
f 2229/3974/2298 2317/4127/2393 2334/4158/2410
f 2257/4026/2329 2298/4102/2372 2398/4270/2474
f 2231/3976/2300 2370/4220/2446 2318/4128/2394
f 2284/4076/2358 2407/4271/2483 2134/4131/2202
f 2163/3879/2232 2300/4105/2374 2408/4272/2484
f 2339/4176/2415 2409/4273/2485 2304/4110/2378
f 2336/4162/2412 2390/4247/2466 2410/4274/2486
f 2305/4166/2379 2363/4235/2439 2337/4167/2413
f 2340/4177/2416 2411/4275/2487 2287/4085/2361
f 2379/4276/2455 2380/4236/2456 2412/4277/2488
f 2327/4149/2403 2373/4226/2449 2413/4278/2489
f 2413/4278/2489 2374/4227/2450 2327/4149/2403
f 2288/4086/2362 2414/4279/2490 2341/4178/2417
f 2330/4152/2406 2415/4280/2491 2356/4199/2432
f 2311/4121/2387 2383/4240/2459 2330/4184/2406
f 2345/4183/2421 2416/4281/2492 2376/4230/2452
f 2186/3910/2255 2314/4124/2390 2368/4217/2444
f 2201/3930/2270 2200/3929/2269 2346/4187/2422
f 2131/3822/2199 2332/4156/2408 2417/4282/2493
f 2256/4025/2328 2297/4101/2371 2418/4283/2494
f 2419/4284/2495 2228/3973/2297 2283/4075/2357
f 2242/3999/2314 2399/4258/2475 2420/4285/2496
f 2242/3999/2314 2420/4285/2496 2370/4220/2446
f 2318/4128/2394 2370/4220/2446 2421/4286/2497
f 2163/3879/2232 2422/4287/2498 2259/4030/2331
f 2304/4110/2378 2409/4273/2485 2260/4109/2332
f 2302/4107/2376 2401/4260/2477 2390/4247/2466
f 2336/4162/2412 2410/4274/2486 2354/4196/2430
f 2288/4086/2362 2391/4249/2467 2414/4279/2490
f 2375/4288/2451 2365/4289/2441 2392/4290/2468
f 2343/4180/2419 2356/4199/2432 2404/4266/2480
f 2345/4183/2421 2405/4267/2481 2423/4291/2499
f 2345/4183/2421 2423/4291/2499 2416/4281/2492
f 2314/4186/2390 2376/4252/2452 2424/4292/2500
f 2313/4123/2389 2425/4293/2501 2394/4253/2470
f 2268/4048/2340 2255/4023/2327 2426/4294/2502
f 2255/4023/2327 2316/4126/2392 2426/4294/2502
f 2297/4101/2371 2269/4049/2341 2427/4295/2503
f 2351/4193/2427 2397/4256/2473 2399/4258/2475
f 2318/4128/2394 2421/4286/2497 2319/4129/2395
f 2162/3878/2231 2360/4205/2436 2284/4076/2358
f 2408/4272/2484 2422/4287/2498 2163/3879/2232
f 2301/4106/2375 2428/4296/2504 2372/4222/2448
f 2339/4176/2415 2402/4297/2478 2409/4273/2485
f 2353/4195/2429 2401/4260/2477 2272/4052/2344
f 2379/4234/2455 2400/4259/2476 2303/4108/2377
f 2363/4235/2439 2412/4277/2488 2380/4236/2456
f 2326/4148/2402 2429/4298/2505 2353/4195/2429
f 2287/4085/2361 2430/4299/2506 2373/4226/2449
f 2374/4227/2450 2431/4300/2507 2365/4301/2441
f 2366/4215/2442 2382/4239/2458 2432/4302/2508
f 2392/4290/2468 2403/4263/2479 2289/4262/2363
f 2383/4240/2459 2415/4303/2491 2330/4184/2406
f 2088/3742/2151 2396/4255/2472 2433/4304/2509
f 2358/4203/2434 2434/4305/2510 2350/4232/2426
f 2370/4220/2446 2420/4285/2496 2435/4306/2511
f 2359/4204/2435 2436/4307/2512 2388/4245/2464
f 2161/3876/2230 2437/4308/2513 2258/4028/2330
f 2361/4309/2437 2428/4296/2504 2301/4106/2375
f 2372/4222/2448 2438/4310/2514 2214/3953/2283
f 2214/4311/2283 2439/4312/2515 2305/4166/2379
f 2340/4177/2416 2440/4313/2516 2411/4275/2487
f 2354/4196/2430 2441/4314/2517 2402/4261/2478
f 2354/4196/2430 2442/4315/2518 2441/4314/2517
f 2410/4274/2486 2442/4315/2518 2354/4196/2430
f 2414/4316/2490 2443/4317/2519 2341/4238/2417
f 2367/4216/2443 2404/4266/2480 2382/4239/2458
f 2356/4199/2432 2444/4318/2520 2404/4266/2480
f 2344/4200/2420 2393/4319/2469 2405/4267/2481
f 2415/4280/2491 2444/4318/2520 2356/4199/2432
f 2416/4281/2492 2424/4320/2500 2376/4230/2452
f 2394/4268/2470 2425/4321/2501 2383/4240/2459
f 2368/4217/2444 2200/3929/2269 2253/4021/2325
f 2157/3872/2226 2445/4322/2521 2395/4254/2471
f 2175/3894/2244 2348/4189/2424 2269/4049/2341
f 2228/3973/2297 2419/4284/2495 2387/4244/2463
f 2350/4192/2426 2434/4323/2510 2397/4256/2473
f 2446/4324/2522 2317/4127/2393 2398/4257/2474
f 2388/4245/2464 2447/4325/2523 2298/4102/2372
f 2448/4326/2524 2149/4327/2218 2178/3897/2247
f 2243/4001/2315 2440/4313/2516 2340/4177/2416
f 2243/4001/2315 2389/4246/2465 2440/4313/2516
f 2353/4195/2429 2429/4298/2505 2401/4260/2477
f 2412/4277/2488 2449/4328/2525 2379/4276/2455
f 2381/4237/2457 2450/4329/2526 2326/4148/2402
f 2373/4226/2449 2430/4299/2506 2413/4278/2489
f 2364/4212/2440 2451/4330/2527 2381/4237/2457
f 2341/4238/2417 2443/4317/2519 2364/4212/2440
f 2374/4227/2450 2413/4278/2489 2431/4300/2507
f 2365/4289/2441 2431/4331/2507 2452/4332/2528
f 2365/4289/2441 2452/4332/2528 2392/4290/2468
f 2366/4215/2442 2453/4333/2529 2391/4249/2467
f 2366/4215/2442 2432/4302/2508 2453/4333/2529
f 2403/4263/2479 2454/4334/2530 2355/4265/2431
f 2383/4240/2459 2425/4321/2501 2455/4335/2531
f 2383/4240/2459 2455/4335/2531 2415/4303/2491
f 2416/4281/2492 2423/4291/2499 2456/4336/2532
f 2416/4281/2492 2456/4336/2532 2424/4320/2500
f 2239/3993/2311 2131/3822/2199 2417/4282/2493
f 2346/4187/2422 2457/4337/2533 2143/3846/2212
f 2158/3873/2227 2458/4338/2534 2240/3994/2312
f 2202/3931/2271 2386/4243/2462 2316/4126/2392
f 2419/4284/2495 2283/4075/2357 2459/4339/2535
f 2283/4075/2357 2433/4304/2509 2459/4339/2535
f 2283/4075/2357 2088/3742/2151 2433/4304/2509
f 2317/4127/2393 2460/4340/2536 2334/4158/2410
f 2370/4220/2446 2435/4306/2511 2421/4286/2497
f 2359/4204/2435 2378/4233/2454 2436/4307/2512
f 1957/3508/2018 2352/4194/2428 2437/4308/2513
f 1957/3508/2018 1854/3369/1915 2352/4194/2428
f 1957/3508/2018 2437/4308/2513 2161/3876/2230
f 2360/4205/2436 2371/4221/2447 2461/4341/2537
f 2271/4051/2343 2149/3854/2218 2462/4342/2538
f 2305/4166/2379 2439/4312/2515 2363/4235/2439
f 2287/4085/2361 2411/4275/2487 2430/4299/2506
f 2379/4234/2455 2463/4343/2539 2400/4259/2476
f 2379/4234/2455 2449/4344/2525 2463/4343/2539
f 2364/4212/2440 2464/4345/2540 2451/4330/2527
f 2364/4212/2440 2443/4317/2519 2464/4345/2540
f 2414/4279/2490 2465/4346/2541 2443/4347/2519
f 2391/4249/2467 2465/4346/2541 2414/4279/2490
f 2466/4348/2542 2403/4263/2479 2392/4290/2468
f 2382/4239/2458 2404/4266/2480 2432/4302/2508
f 2355/4265/2431 2454/4334/2530 2467/4349/2543
f 2355/4265/2431 2467/4349/2543 2393/4350/2469
f 2314/4351/2390 2424/4352/2500 2468/4353/2544
f 2313/4123/2389 2282/4073/2356 2469/4354/2545
f 2239/3993/2311 2417/4282/2493 2470/4355/2546
f 2226/3971/2295 2240/3994/2312 2471/4356/2547
f 2157/3872/2226 2315/4125/2391 2445/4322/2521
f 2158/3873/2227 2333/4157/2409 2458/4338/2534
f 2426/4294/2502 2316/4126/2392 2472/4357/2548
f 2418/4283/2494 2377/4231/2453 2256/4025/2328
f 2398/4270/2474 2298/4102/2372 2447/4325/2523
f 2473/4358/2549 2319/4129/2395 2421/4286/2497
f 2474/4359/2550 2473/4358/2549 2421/4286/2497
f 2473/4358/2549 2378/4233/2454 2319/4129/2395
f 2475/4360/2551 2407/4271/2483 2284/4076/2358
f 2371/4221/2447 2271/4051/2343 2462/4342/2538
f 2476/4361/2552 2389/4246/2465 2477/4362/2553
f 2478/4363/2554 2390/4247/2466 2479/4364/2555
f 2411/4275/2487 2440/4313/2516 2476/4361/2552
f 2476/4361/2552 2440/4313/2516 2389/4246/2465
f 2477/4362/2553 2389/4246/2465 2400/4259/2476
f 2478/4363/2554 2410/4274/2486 2390/4247/2466
f 2479/4364/2555 2390/4247/2466 2401/4260/2477
f 2479/4364/2555 2401/4260/2477 2429/4298/2505
f 2477/4362/2553 2400/4259/2476 2463/4343/2539
f 2450/4329/2526 2429/4298/2505 2326/4148/2402
f 2480/4365/2556 2430/4299/2506 2411/4275/2487
f 2478/4363/2554 2442/4315/2518 2410/4274/2486
f 2451/4330/2527 2450/4329/2526 2381/4237/2457
f 2481/4366/2557 2424/4320/2500 2456/4336/2532
f 2425/4321/2501 2313/4367/2389 2469/4368/2545
f 2239/3993/2311 2470/4355/2546 2384/4241/2460
f 2470/4355/2546 2417/4282/2493 2482/4369/2558
f 2483/4370/2559 2268/4048/2340 2426/4294/2502
f 2435/4306/2511 2484/4371/2560 2421/4286/2497
f 2284/4076/2358 2360/4205/2436 2461/4341/2537
f 2448/4326/2524 2178/3897/2247 2362/4208/2438
f 2463/4343/2539 2485/4372/2561 2477/4362/2553
f 2412/4277/2488 2486/4373/2562 2449/4328/2525
f 2402/4297/2478 2441/4374/2517 2487/4375/2563
f 2478/4363/2554 2488/4376/2564 2442/4315/2518
f 2463/4343/2539 2449/4344/2525 2485/4372/2561
f 2485/4372/2561 2449/4344/2525 2486/4377/2562
f 2488/4376/2564 2441/4314/2517 2442/4315/2518
f 2413/4278/2489 2489/4378/2565 2431/4300/2507
f 2452/4332/2528 2466/4348/2542 2392/4290/2468
f 2432/4302/2508 2404/4266/2480 2490/4379/2566
f 2491/4380/2567 2404/4266/2480 2444/4318/2520
f 2393/4319/2469 2467/4381/2543 2492/4382/2568
f 2393/4319/2469 2492/4382/2568 2405/4267/2481
f 2405/4267/2481 2492/4382/2568 2423/4291/2499
f 2332/4156/2408 2226/3971/2295 2493/4383/2569
f 2493/4383/2569 2226/3971/2295 2471/4356/2547
f 2396/4255/2472 2334/4158/2410 2494/4384/2570
f 2317/4127/2393 2446/4324/2522 2460/4340/2536
f 2388/4245/2464 2436/4307/2512 2447/4325/2523
f 2300/4385/2374 2495/4386/2571 2408/4387/2484
f 2149/3854/2218 2496/4388/2572 2462/4342/2538
f 2149/3854/2218 2448/4389/2524 2496/4388/2572
f 2411/4275/2487 2476/4361/2552 2497/4390/2573
f 2363/4235/2439 2486/4373/2562 2412/4277/2488
f 2487/4375/2563 2441/4374/2517 2488/4391/2564
f 2413/4278/2489 2430/4299/2506 2489/4378/2565
f 2453/4333/2529 2432/4302/2508 2498/4392/2574
f 2466/4348/2542 2499/4393/2575 2403/4263/2479
f 2404/4266/2480 2491/4380/2567 2490/4379/2566
f 2455/4335/2531 2500/4394/2576 2415/4303/2491
f 2368/4217/2444 2501/4395/2577 2200/3929/2269
f 2457/4337/2533 2347/4188/2423 2143/3846/2212
f 2254/4022/2326 2502/4396/2578 2369/4218/2445
f 2377/4231/2453 2503/4397/2579 2358/4203/2434
f 2399/4258/2475 2504/4398/2580 2420/4285/2496
f 2420/4285/2496 2504/4398/2580 2435/4306/2511
f 2284/4076/2358 2461/4341/2537 2475/4360/2551
f 2214/4311/2283 2438/4399/2514 2439/4312/2515
f 2476/4361/2552 2477/4362/2553 2505/4400/2581
f 2429/4298/2505 2450/4329/2526 2479/4364/2555
f 2402/4297/2478 2487/4375/2563 2506/4401/2582
f 2431/4300/2507 2489/4378/2565 2507/4402/2583
f 2443/4317/2519 2465/4403/2541 2508/4404/2584
f 2431/4331/2507 2507/4405/2583 2452/4332/2528
f 2391/4249/2467 2453/4333/2529 2465/4346/2541
f 2499/4393/2575 2454/4334/2530 2403/4263/2479
f 2432/4302/2508 2490/4379/2566 2509/4406/2585
f 2444/4407/2520 2415/4303/2491 2491/4408/2567
f 2423/4291/2499 2510/4409/2586 2456/4336/2532
f 2424/2462/2500 2481/4410/2557 2468/4411/2544
f 2468/4412/2544 2368/4217/2444 2314/4124/2390
f 2282/4073/2356 2384/4241/2460 2511/4413/2587
f 2406/4269/2482 2458/4338/2534 2333/4157/2409
f 2385/4242/2461 2268/4048/2340 2406/4269/2482
f 2387/4244/2463 2512/4414/2588 2349/4190/2425
f 2427/4295/2503 2418/4283/2494 2297/4101/2371
f 2377/4231/2453 2513/4415/2589 2503/4397/2579
f 2358/4203/2434 2514/4416/2590 2434/4305/2510
f 2434/4305/2510 2514/4416/2590 2397/4417/2473
f 2447/4325/2523 2515/4418/2591 2398/4270/2474
f 2484/4371/2560 2474/4359/2550 2421/4286/2497
f 2134/3825/2202 2407/4419/2483 2299/4103/2373
f 2258/4028/2330 2495/4386/2571 2300/4385/2374
f 2480/4365/2556 2516/4420/2592 2430/4299/2506
f 2430/4299/2506 2516/4420/2592 2489/4378/2565
f 2443/4317/2519 2508/4404/2584 2464/4345/2540
f 2492/4382/2568 2510/4409/2586 2423/4291/2499
f 2425/4321/2501 2469/4368/2545 2517/4421/2593
f 2425/4321/2501 2517/4421/2593 2455/4335/2531
f 2386/4243/2462 2349/4190/2425 2512/4414/2588
f 2418/4283/2494 2513/4415/2589 2377/4231/2453
f 2433/4304/2509 2396/4255/2472 2494/4384/2570
f 2334/4158/2410 2460/4340/2536 2494/4384/2570
f 2397/4417/2473 2514/4416/2590 2518/4422/2594
f 2399/4258/2475 2397/4256/2473 2504/4398/2580
f 2447/4325/2523 2436/4307/2512 2519/4423/2595
f 2473/4358/2549 2520/4424/2596 2378/4233/2454
f 2409/4273/2485 2402/4297/2478 2521/4425/2597
f 2411/4275/2487 2497/4390/2573 2522/4426/2598
f 2363/4235/2439 2523/4427/2599 2486/4373/2562
f 2487/4375/2563 2524/4428/2600 2506/4401/2582
f 2486/4377/2562 2525/4429/2601 2485/4372/2561
f 2486/4377/2562 2523/4430/2599 2525/4429/2601
f 2498/4392/2574 2432/4302/2508 2509/4406/2585
f 2454/4334/2530 2526/4431/2602 2467/4349/2543
f 2467/4349/2543 2527/4432/2603 2492/4433/2568
f 2415/4303/2491 2528/4434/2604 2491/4408/2567
f 2415/4303/2491 2500/4394/2576 2528/4434/2604
f 2282/4073/2356 2511/4413/2587 2469/4354/2545
f 2254/4022/2326 2395/4254/2471 2502/4396/2578
f 2316/4126/2392 2386/4243/2462 2472/4357/2548
f 2398/4270/2474 2529/4435/2605 2446/4436/2522
f 2398/4270/2474 2515/4418/2591 2529/4435/2605
f 2378/4233/2454 2520/4424/2596 2436/4307/2512
f 2362/4208/2438 2260/4031/2332 2530/4437/2606
f 2260/4109/2332 2409/4273/2485 2530/4438/2606
f 2505/4400/2581 2531/4439/2607 2476/4361/2552
f 2479/4364/2555 2532/4440/2608 2478/4363/2554
f 2479/4364/2555 2450/4329/2526 2533/4441/2609
f 2477/4362/2553 2485/4372/2561 2505/4400/2581
f 2439/4312/2515 2534/4442/2610 2363/4235/2439
f 2363/4235/2439 2534/4442/2610 2523/4427/2599
f 2402/4297/2478 2506/4401/2582 2521/4425/2597
f 2487/4443/2563 2488/4444/2564 2524/4445/2600
f 2507/4405/2583 2535/4446/2611 2452/4332/2528
f 2452/4332/2528 2535/4446/2611 2466/4348/2542
f 2536/4447/2612 2526/4431/2602 2454/4334/2530
f 2490/4379/2566 2491/4380/2567 2537/4448/2613
f 2526/4431/2602 2527/4432/2603 2467/4349/2543
f 2510/4409/2586 2481/4366/2557 2456/4336/2532
f 2517/4421/2593 2538/4449/2614 2455/4335/2531
f 2445/4322/2521 2539/4450/2615 2395/4254/2471
f 2406/4269/2482 2268/4048/2340 2483/4370/2559
f 2259/4030/2331 2540/4451/2616 2361/4206/2437
f 2478/4363/2554 2541/4452/2617 2488/4376/2564
f 2524/4445/2600 2488/4444/2564 2506/4453/2582
f 2522/4426/2598 2480/4365/2556 2411/4275/2487
f 2465/4454/2541 2542/4455/2618 2508/4456/2584
f 2499/4393/2575 2536/4447/2612 2454/4334/2530
f 2537/4448/2613 2509/4406/2585 2490/4379/2566
f 2455/4335/2531 2543/4457/2619 2500/4394/2576
f 2200/3929/2269 2501/4395/2577 2346/4187/2422
f 2240/3994/2312 2458/4338/2534 2471/4356/2547
f 2446/4324/2522 2544/4458/2620 2460/4340/2536
f 2397/4256/2473 2545/4459/2621 2504/4398/2580
f 2435/4306/2511 2546/4460/2622 2484/4371/2560
f 2447/4325/2523 2519/4423/2595 2515/4418/2591
f 2484/4371/2560 2547/4461/2623 2474/4359/2550
f 2436/4307/2512 2520/4424/2596 2548/4462/2624
f 2372/4222/2448 2428/4296/2504 2549/4463/2625
f 2362/4208/2438 2550/4464/2626 2448/4326/2524
f 2479/4364/2555 2533/4441/2609 2532/4440/2608
f 2478/4363/2554 2532/4440/2608 2541/4452/2617
f 2505/4400/2581 2485/4372/2561 2551/4465/2627
f 2451/4330/2527 2552/4466/2628 2553/4467/2629
f 2464/4345/2540 2552/4466/2628 2451/4330/2527
f 2464/4345/2540 2508/4404/2584 2552/4466/2628
f 2489/4378/2565 2554/4468/2630 2507/4402/2583
f 2465/4346/2541 2453/4333/2529 2542/4469/2618
f 2535/4446/2611 2555/4470/2631 2466/4348/2542
f 2466/4348/2542 2555/4470/2631 2499/4393/2575
f 2537/4448/2613 2556/4471/2632 2509/4406/2585
f 2491/4380/2567 2528/4472/2604 2537/4448/2613
f 2527/4432/2603 2557/4473/2633 2492/4433/2568
f 2500/4394/2576 2543/4457/2619 2528/4434/2604
f 2492/4382/2568 2557/4474/2633 2510/4409/2586
f 2538/4449/2614 2543/4457/2619 2455/4335/2531
f 2510/4409/2586 2558/4475/2634 2481/4366/2557
f 2469/4354/2545 2538/4476/2614 2517/4477/2593
f 2368/4217/2444 2468/4412/2544 2501/4395/2577
f 2332/4156/2408 2493/4383/2569 2417/4282/2493
f 2348/4189/2424 2427/4295/2503 2269/4049/2341
f 2419/4284/2495 2559/4478/2635 2387/4244/2463
f 2559/4478/2635 2419/4284/2495 2459/4339/2535
f 2433/4304/2509 2560/4479/2636 2459/4339/2535
f 2503/4397/2579 2561/4480/2637 2358/4203/2434
f 2397/4256/2473 2518/4481/2594 2545/4459/2621
f 2435/4306/2511 2504/4398/2580 2546/4460/2622
f 2484/4371/2560 2562/4482/2638 2547/4461/2623
f 2474/4359/2550 2547/4461/2623 2473/4358/2549
f 2258/4028/2330 2437/4308/2513 2495/4386/2571
f 2475/4360/2551 2461/4341/2537 2563/4483/2639
f 2448/4326/2524 2564/4484/2640 2496/4485/2572
f 2476/4361/2552 2565/4486/2641 2497/4390/2573
f 2485/4372/2561 2566/4487/2642 2551/4465/2627
f 2521/4425/2597 2567/4488/2643 2409/4273/2485
f 2488/4376/2564 2568/4489/2644 2569/4490/2645
f 2485/4372/2561 2525/4429/2601 2566/4487/2642
f 2506/4401/2582 2488/4391/2564 2569/4491/2645
f 2451/4330/2527 2553/4467/2629 2450/4329/2526
f 2516/4420/2592 2570/4492/2646 2489/4378/2565
f 2507/4405/2583 2554/4493/2630 2535/4446/2611
f 2453/4333/2529 2571/4494/2647 2542/4469/2618
f 2453/4333/2529 2498/4392/2574 2571/4494/2647
f 2498/4392/2574 2509/4406/2585 2571/4494/2647
f 2499/4393/2575 2555/4470/2631 2536/4447/2612
f 2426/4294/2502 2472/4357/2548 2483/4370/2559
f 2512/4414/2588 2387/4244/2463 2572/4495/2648
f 2387/4244/2463 2559/4478/2635 2572/4495/2648
f 2503/4397/2579 2513/4415/2589 2573/4496/2649
f 2494/4384/2570 2560/4479/2636 2433/4304/2509
f 2358/4203/2434 2561/4480/2637 2514/4416/2590
f 2529/4497/2605 2574/4498/2650 2446/4324/2522
f 2519/4423/2595 2575/4499/2651 2515/4418/2591
f 2436/4307/2512 2548/4462/2624 2575/4499/2651
f 2436/4307/2512 2575/4499/2651 2519/4423/2595
f 2473/4358/2549 2548/4462/2624 2520/4424/2596
f 2408/4272/2484 2576/4500/2652 2422/4287/2498
f 2422/4287/2498 2576/4500/2652 2259/4030/2331
f 2371/4221/2447 2462/4342/2538 2577/4501/2653
f 2540/4451/2616 2578/4502/2654 2361/4206/2437
f 2550/4464/2626 2564/4484/2640 2448/4326/2524
f 2476/4361/2552 2531/4439/2607 2579/4503/2655
f 2533/4441/2609 2450/4329/2526 2580/4504/2656
f 2541/4452/2617 2568/4489/2644 2488/4376/2564
f 2580/4504/2656 2450/4329/2526 2581/4505/2657
f 2450/4329/2526 2553/4467/2629 2581/4505/2657
f 2489/4378/2565 2570/4492/2646 2554/4468/2630
f 2537/4506/2613 2528/4507/2604 2582/4508/2658
f 2557/4474/2633 2558/4475/2634 2510/4409/2586
f 2493/4383/2569 2471/4356/2547 2583/4509/2659
f 2460/4340/2536 2584/4510/2660 2494/4384/2570
f 2514/4416/2590 2585/4511/2661 2518/4422/2594
f 2461/4341/2537 2371/4221/2447 2577/4501/2653
f 2428/4512/2504 2361/4206/2437 2578/4502/2654
f 2476/4361/2552 2579/4503/2655 2565/4486/2641
f 2525/4429/2601 2586/4513/2662 2566/4487/2642
f 2523/4430/2599 2534/4514/2610 2525/4429/2601
f 2506/4401/2582 2569/4491/2645 2521/4425/2597
f 2571/4515/2647 2509/4516/2585 2587/4517/2663
f 2555/4470/2631 2588/4518/2664 2536/4447/2612
f 2527/4432/2603 2589/4519/2665 2557/4473/2633
f 2558/4475/2634 2468/4520/2544 2481/4366/2557
f 2346/4187/2422 2590/4521/2666 2457/4337/2533
f 2471/4356/2547 2591/4522/2667 2583/4509/2659
f 2503/4397/2579 2573/4496/2649 2561/4480/2637
f 2544/4458/2620 2584/4510/2660 2460/4340/2536
f 2446/4324/2522 2574/4498/2650 2544/4458/2620
f 2529/4435/2605 2592/4523/2668 2574/4524/2650
f 2518/4422/2594 2585/4511/2661 2545/4525/2621
f 2504/4398/2580 2545/4459/2621 2546/4460/2622
f 2546/4460/2622 2562/4482/2638 2484/4371/2560
f 2576/4500/2652 2540/4451/2616 2259/4030/2331
f 2541/4452/2617 2532/4440/2608 2593/4526/2669
f 2505/4400/2581 2551/4465/2627 2531/4439/2607
f 2533/4441/2609 2580/4504/2656 2532/4440/2608
f 2497/4390/2573 2565/4486/2641 2522/4426/2598
f 2439/4312/2515 2594/4527/2670 2534/4442/2610
f 2409/4273/2485 2567/4488/2643 2595/4528/2671
f 2521/4425/2597 2596/4529/2672 2567/4488/2643
f 2525/4530/2601 2534/4531/2610 2586/4532/2662
f 2521/4425/2597 2569/4491/2645 2596/4529/2672
f 2554/4493/2630 2597/4533/2673 2535/4446/2611
f 2535/4446/2611 2598/4534/2674 2555/4470/2631
f 2589/4519/2665 2599/4535/2675 2557/4473/2633
f 2600/4536/2676 2558/4475/2634 2557/4474/2633
f 2538/4449/2614 2601/4537/2677 2543/4457/2619
f 2469/4354/2545 2602/4538/2678 2538/4476/2614
f 2458/4338/2534 2406/4269/2482 2603/4539/2679
f 2539/4450/2615 2604/4540/2680 2395/4254/2471
f 2348/4189/2424 2605/4541/2681 2427/4295/2503
f 2560/4479/2636 2606/4542/2682 2459/4339/2535
f 1753/3193/1806 2033/3646/2094 1478/2540/1531
f 2362/4208/2438 2530/4437/2606 2550/4464/2626
f 2534/4543/2610 2607/4544/2683 2608/4545/2684
f 2567/4546/2643 2609/4547/2685 2610/4548/2686
f 2596/4529/2672 2569/4491/2645 2567/4488/2643
f 2610/4549/2686 2609/4550/2685 2569/4551/2645
f 2508/4456/2584 2542/4455/2618 2611/4552/2687
f 2597/4533/2673 2598/4534/2674 2535/4446/2611
f 2598/4534/2674 2588/4518/2664 2555/4470/2631
f 2587/4517/2663 2509/4516/2585 2612/4553/2688
f 2556/4554/2632 2612/4553/2688 2509/4516/2585
f 2536/4447/2612 2613/4555/2689 2526/4431/2602
f 2526/4431/2602 2589/4519/2665 2527/4432/2603
f 2557/4473/2633 2599/4535/2675 2600/4556/2676
f 2538/4476/2614 2602/4538/2678 2614/4557/2690
f 2558/4475/2634 2615/4558/2691 2468/4520/2544
f 2384/4241/2460 2470/4355/2546 2511/4413/2587
f 2501/4395/2577 2616/4559/2692 2346/4187/2422
f 2417/4282/2493 2493/4383/2569 2482/4369/2558
f 2590/4521/2666 2347/4188/2423 2457/4337/2533
f 2386/4243/2462 2617/4560/2693 2472/4357/2548
f 2386/4243/2462 2512/4414/2588 2617/4560/2693
f 2529/4435/2605 2515/4418/2591 2592/4523/2668
f 2547/4461/2623 2618/4561/2694 2473/4358/2549
f 2618/4561/2694 2619/4562/2695 2473/4358/2549
f 2473/4358/2549 2619/4562/2695 2548/4462/2624
f 2549/4463/2625 2620/4563/2696 2372/4222/2448
f 2532/4440/2608 2580/4504/2656 2593/4526/2669
f 2608/1725/2684 2586/4564/2662 2534/4565/2610
f 2534/4442/2610 2621/4566/2697 2607/4567/2683
f 2610/4568/2686 2622/4569/2698 2567/4488/2643
f 2609/4570/2685 2567/4571/2643 2569/4572/2645
f 2607/4573/2683 2586/4513/2662 2608/4574/2684
f 2607/4573/2683 2621/4575/2697 2586/4513/2662
f 2610/4568/2686 2569/4491/2645 2622/4569/2698
f 2508/4456/2584 2611/4552/2687 2552/4576/2628
f 2554/4493/2630 2570/4577/2646 2597/4533/2673
f 2542/4455/2618 2623/4578/2699 2611/4552/2687
f 2542/4455/2618 2571/4515/2647 2623/4578/2699
f 2588/4518/2664 2613/4555/2689 2536/4447/2612
f 2537/4506/2613 2582/4508/2658 2556/4554/2632
f 2528/4434/2604 2543/4457/2619 2624/4579/2700
f 2558/4475/2634 2600/4536/2676 2625/4580/2701
f 2614/4581/2690 2601/4537/2677 2538/4449/2614
f 2347/4188/2423 2445/4322/2521 2315/4125/2391
f 2458/4338/2534 2591/4522/2667 2471/4356/2547
f 2512/4414/2588 2572/4495/2648 2617/4560/2693
f 2459/4339/2535 2606/4542/2682 2559/4478/2635
f 2573/4496/2649 2626/4582/2702 2561/4480/2637
f 2514/4416/2590 2627/4583/2703 2585/4511/2661
f 2033/3646/2094 1753/3193/1806 2628/4584/2704
f 2461/4341/2537 2577/4501/2653 2563/4483/2639
f 2496/4388/2572 2564/4585/2640 2629/4586/2705
f 2372/4222/2448 2620/4563/2696 2438/4310/2514
f 2568/4489/2644 2541/4452/2617 2630/4587/2706
f 2580/4504/2656 2581/4505/2657 2631/4588/2707
f 2438/4310/2514 2632/4589/2708 2439/4590/2515
f 2530/4437/2606 2409/4591/2485 2633/4592/2709
f 2409/4273/2485 2595/4528/2671 2633/4593/2709
f 2439/4312/2515 2632/4594/2708 2594/4527/2670
f 2534/4442/2610 2594/4527/2670 2621/4566/2697
f 2567/4488/2643 2622/4569/2698 2595/4528/2671
f 2569/4490/2645 2568/4489/2644 2634/4595/2710
f 2569/4490/2645 2634/4595/2710 2635/4596/2711
f 2622/4569/2698 2569/4491/2645 2635/4597/2711
f 2516/4420/2592 2480/4365/2556 2570/4492/2646
f 2552/4466/2628 2636/4598/2712 2553/4467/2629
f 2571/4515/2647 2587/4517/2663 2623/4578/2699
f 2556/4554/2632 2582/4508/2658 2612/4553/2688
f 2613/4555/2689 2589/4519/2665 2526/4431/2602
f 2528/4507/2604 2624/4599/2700 2582/4508/2658
f 2543/4457/2619 2601/4537/2677 2624/4579/2700
f 2614/4600/2690 2602/4601/2678 2637/4602/2713
f 2558/4475/2634 2625/4580/2701 2638/4603/2714
f 2638/4604/2714 2615/4605/2691 2558/4606/2634
f 2470/4355/2546 2482/4369/2558 2639/4607/2715
f 2616/4559/2692 2640/4608/2716 2346/4187/2422
f 2502/4396/2578 2641/4609/2717 2369/4218/2445
f 2483/4370/2559 2472/4357/2548 2642/4610/2718
f 2643/4611/2719 2575/4499/2651 2548/4462/2624
f 2562/4482/2638 2644/4612/2720 2547/4461/2623
f 2475/4613/2551 2645/4614/2721 2407/4419/2483
f 2475/4360/2551 2563/4483/2639 2645/4615/2721
f 2578/4502/2654 2646/4616/2722 2428/4512/2504
f 2550/4464/2626 2647/4617/2723 2564/4484/2640
f 2593/4526/2669 2648/4618/2724 2541/4452/2617
f 2565/4486/2641 2579/4503/2655 2649/4619/2725
f 2649/4619/2725 2522/4426/2598 2565/4486/2641
f 2630/4587/2706 2650/4620/2726 2568/4489/2644
f 2568/4489/2644 2650/4620/2726 2634/4595/2710
f 2588/4518/2664 2651/4621/2727 2613/4555/2689
f 2612/4553/2688 2582/4508/2658 2652/4622/2728
f 2602/4538/2678 2469/4354/2545 2653/4623/2729
f 2511/4413/2587 2653/4623/2729 2469/4354/2545
f 2482/4369/2558 2493/4383/2569 2654/4624/2730
f 2493/4383/2569 2583/4509/2659 2654/4624/2730
f 2395/4254/2471 2604/4540/2680 2502/4396/2578
f 2369/4218/2445 2655/4625/2731 2348/4189/2424
f 2560/4479/2636 2656/4626/2732 2606/4542/2682
f 2657/4627/2733 2573/4496/2649 2513/4415/2589
f 2544/4458/2620 2574/4498/2650 2584/4510/2660
f 2627/4583/2703 2514/4416/2590 2561/4480/2637
f 2643/4611/2719 2548/4462/2624 2619/4562/2695
f 2109/3779/2175 2628/4584/2704 1753/3193/1806
f 2579/4503/2655 2658/4628/2734 2649/4619/2725
f 2531/4439/2607 2658/4628/2734 2579/4503/2655
f 2541/4452/2617 2648/4618/2724 2630/4587/2706
f 2551/4465/2627 2566/4487/2642 2659/4629/2735
f 2594/4630/2670 2660/4631/2736 2621/4632/2697
f 2595/4528/2671 2622/4569/2698 2661/4633/2737
f 2622/4569/2698 2662/4634/2738 2661/4633/2737
f 2566/4487/2642 2586/4513/2662 2660/4635/2736
f 2660/4635/2736 2586/4513/2662 2621/4575/2697
f 2622/4636/2698 2650/4637/2726 2662/4638/2738
f 2622/4569/2698 2635/4597/2711 2650/4639/2726
f 2650/4620/2726 2635/4596/2711 2634/4595/2710
f 2581/4505/2657 2553/4467/2629 2663/4640/2739
f 2522/4426/2598 2664/4641/2740 2480/4365/2556
f 2480/4365/2556 2665/4642/2741 2570/4492/2646
f 2552/4576/2628 2611/4552/2687 2636/4643/2712
f 2666/4644/2742 2611/4552/2687 2623/4578/2699
f 2598/4534/2674 2651/4621/2727 2588/4518/2664
f 2612/4553/2688 2652/4622/2728 2667/4645/2743
f 2613/4555/2689 2668/4646/2744 2589/4519/2665
f 2652/4622/2728 2582/4508/2658 2669/4647/2745
f 2582/4508/2658 2624/4599/2700 2669/4647/2745
f 2614/4581/2690 2637/4648/2713 2601/4537/2677
f 2637/4602/2713 2602/4601/2678 2670/4649/2746
f 2511/4413/2587 2470/4355/2546 2639/4607/2715
f 2483/4370/2559 2642/4610/2718 2671/4650/2747
f 2515/4418/2591 2672/4651/2748 2592/4523/2668
f 2547/4461/2623 2644/4612/2720 2618/4561/2694
f 2577/4501/2653 2673/4652/2749 2563/4483/2639
f 2540/4451/2616 2674/4653/2750 2578/4502/2654
f 2496/4388/2572 2629/4586/2705 2462/4342/2538
f 2428/4296/2504 2646/4654/2722 2549/4463/2625
f 2522/4426/2598 2649/4619/2725 2675/4655/2751
f 2566/4487/2642 2676/4656/2752 2659/4629/2735
f 2594/4527/2670 2632/4594/2708 2677/4657/2753
f 2566/4487/2642 2660/4635/2736 2676/4656/2752
f 2594/4527/2670 2677/4657/2753 2660/4658/2736
f 2662/4634/2738 2650/4639/2726 2661/4633/2737
f 2570/4577/2646 2678/4659/2754 2597/4533/2673
f 2611/4552/2687 2666/4644/2742 2636/4643/2712
f 2587/4517/2663 2612/4553/2688 2667/4645/2743
f 2589/4519/2665 2668/4646/2744 2679/4660/2755
f 2589/4519/2665 2679/4660/2755 2599/4535/2675
f 2600/4556/2676 2599/4535/2675 2680/4661/2756
f 2600/4536/2676 2680/4662/2756 2625/4580/2701
f 2625/4663/2701 2680/1820/2756 2638/4664/2714
f 2637/4602/2713 2670/4649/2746 2681/4665/2757
f 2601/4537/2677 2637/4648/2713 2682/4666/2758
f 2346/4187/2422 2640/4608/2716 2590/4521/2666
f 2482/4369/2558 2654/4624/2730 2683/4667/2759
f 2458/4338/2534 2603/4539/2679 2591/4522/2667
f 2406/4269/2482 2483/4370/2559 2684/4668/2760
f 2655/4625/2731 2605/4541/2681 2348/4189/2424
f 2559/4478/2635 2606/4542/2682 2685/4669/2761
f 2561/4480/2637 2626/4582/2702 2627/4583/2703
f 2546/4460/2622 2686/4670/2762 2562/4482/2638
f 2644/4612/2720 2619/4562/2695 2618/4561/2694
f 2551/4465/2627 2659/4629/2735 2687/4671/2763
f 2595/4528/2671 2661/4633/2737 2633/4593/2709
f 2595/4672/2764 2633/4673/2765 2650/4674/2766
f 2676/4656/2752 2660/4635/2736 2688/4675/2767
f 2660/4635/2736 2677/4676/2753 2688/4675/2767
f 2665/4677/2741 2678/4659/2754 2570/4577/2646
f 2597/4533/2673 2689/4678/2768 2598/4534/2674
f 2623/4578/2699 2587/4517/2663 2666/4644/2742
f 2667/4645/2743 2666/4644/2742 2587/4517/2663
f 2598/4534/2674 2689/4678/2768 2651/4621/2727
f 2651/4621/2727 2668/4646/2744 2613/4555/2689
f 2652/4622/2728 2669/4647/2745 2667/4645/2743
f 2682/4679/2758 2690/4680/2769 2601/4681/2677
f 2624/4599/2700 2601/4681/2677 2690/4680/2769
f 2691/4682/2770 2692/4683/2771 2693/4684/2772
f 2681/4665/2757 2694/4685/2773 2637/4602/2713
f 2572/4495/2648 2695/4686/2774 2617/4560/2693
f 2418/4283/2494 2657/4627/2733 2513/4415/2589
f 2560/4479/2636 2696/4687/2775 2656/4626/2732
f 2560/4479/2636 2584/4510/2660 2697/4688/2776
f 2494/4384/2570 2584/4510/2660 2560/4479/2636
f 2574/4498/2650 2698/4689/2777 2584/4510/2660
f 2627/4583/2703 2699/4690/2778 2585/4511/2661
f 2545/4459/2621 2700/4691/2779 2546/4460/2622
f 2515/4418/2591 2575/4499/2651 2672/4651/2748
f 2701/4692/2780 2672/4651/2748 2575/4499/2651
f 2495/4693/2571 2702/4694/2781 2408/4272/2484
f 2408/4272/2484 2702/4694/2781 2576/4500/2652
f 2658/4628/2734 2703/4695/2782 2649/4619/2725
f 2551/4465/2627 2658/4628/2734 2531/4439/2607
f 2593/4526/2669 2704/4696/2783 2648/4618/2724
f 2593/4526/2669 2580/4504/2656 2704/4696/2783
f 2632/4594/2708 2705/4697/2784 2677/4657/2753
f 2661/4633/2737 2706/4698/2785 2633/4593/2709
f 2677/4676/2753 2705/4699/2784 2688/4675/2767
f 2661/2695/2737 2650/4700/2726 2706/4701/2785
f 2663/4640/2739 2553/4467/2629 2707/4702/2786
f 2553/4467/2629 2636/4598/2712 2707/4702/2786
f 2597/4533/2673 2678/4659/2754 2689/4678/2768
f 2669/4647/2745 2708/4703/2787 2667/4645/2743
f 2624/4599/2700 2690/4680/2769 2669/4647/2745
f 2599/4535/2675 2679/4660/2755 2680/4661/2756
f 2694/4704/2773 2709/4705/2788 2682/4666/2758
f 2710/4706/2789 2711/4707/2790 2692/4708/2771
f 2694/4685/2773 2681/4665/2757 2712/4709/2791
f 2637/4648/2713 2694/4704/2773 2682/4666/2758
f 2638/4710/2714 2680/4711/2756 2691/4712/2770
f 2692/4708/2771 2711/4707/2790 2693/4713/2772
f 2670/4714/2746 2653/4623/2729 2681/4715/2757
f 2670/4714/2746 2602/4538/2678 2653/4623/2729
f 2691/4716/2770 2713/4717/2792 2638/4604/2714
f 2693/4684/2772 2713/4718/2792 2691/4682/2770
f 2468/4412/2544 2714/4719/2793 2501/4395/2577
f 2639/4607/2715 2482/4369/2558 2715/4720/2794
f 2590/4521/2666 2716/4721/2795 2347/4188/2423
f 2347/4188/2423 2716/4721/2795 2445/4322/2521
f 2591/4522/2667 2717/4722/2796 2583/4509/2659
f 2445/4322/2521 2718/4723/2797 2539/4450/2615
f 2406/4269/2482 2684/4668/2760 2603/4539/2679
f 2671/4650/2747 2684/4668/2760 2483/4370/2559
f 2472/4357/2548 2617/4560/2693 2642/4610/2718
f 2605/4541/2681 2719/4724/2798 2427/4295/2503
f 2559/4478/2635 2720/4725/2799 2572/4495/2648
f 2697/4688/2776 2584/4510/2660 2698/4689/2777
f 2721/4726/2800 2545/4525/2621 2585/4511/2661
f 2643/4611/2719 2701/4692/2780 2575/4499/2651
f 2644/4612/2720 2722/4727/2801 2619/4562/2695
f 2723/4728/2802 2299/4103/2373 2407/4419/2483
f 2723/4728/2802 2407/4419/2483 2645/4614/2721
f 2674/4653/2750 2724/4729/2803 2578/4502/2654
f 2687/4671/2763 2658/4628/2734 2551/4465/2627
f 2620/4563/2696 2725/4730/2804 2438/4310/2514
f 2631/4588/2707 2581/4505/2657 2663/4640/2739
f 2726/4731/2805 2688/4732/2767 2705/4733/2784
f 2726/4734/2805 2705/4697/2784 2632/4594/2708
f 2633/4593/2709 2706/4698/2785 2727/4735/2806
f 2665/4677/2741 2480/4736/2556 2664/4737/2740
f 2666/4644/2742 2667/4645/2743 2728/4738/2807
f 2729/4739/2808 2651/4621/2727 2689/4678/2768
f 2651/4621/2727 2729/4739/2808 2668/4646/2744
f 2728/4738/2807 2667/4645/2743 2708/4703/2787
f 2669/4647/2745 2690/4680/2769 2708/4703/2787
f 2709/4705/2788 2694/4704/2773 2712/4740/2791
f 2730/4741/2809 2682/4679/2758 2709/4742/2788
f 2731/4743/2810 2732/4744/2811 2710/4706/2789
f 2691/4745/2770 2710/4746/2789 2692/4747/2771
f 2732/4744/2811 2711/4707/2790 2710/4706/2789
f 2711/4707/2790 2713/4717/2792 2693/4713/2772
f 2713/4717/2792 2615/4605/2691 2638/4604/2714
f 2719/4724/2798 2418/4283/2494 2427/4295/2503
f 2721/4748/2800 2700/4691/2779 2545/4459/2621
f 2437/4308/2513 2733/4749/2812 2495/4386/2571
f 2576/4500/2652 2674/4653/2750 2540/4451/2616
f 2462/4342/2538 2734/4750/2813 2577/4501/2653
f 2462/4342/2538 2629/4586/2705 2734/4750/2813
f 2530/4437/2606 2735/4751/2814 2550/4464/2626
f 2631/4588/2707 2704/4696/2783 2580/4504/2656
f 2659/4629/2735 2676/4656/2752 2736/4752/2815
f 2438/4310/2514 2737/4753/2816 2632/4589/2708
f 2737/4754/2816 2726/4734/2805 2632/4594/2708
f 2706/4698/2817 2738/4755/2818 2727/4735/2806
f 2727/4756/2819 2739/4757/2820 2706/4758/2817
f 2727/4759/2819 2650/4760/2726 2740/4761/2821
f 2727/4762/2819 2706/4763/2785 2650/4764/2726
f 2706/4765/2817 2741/4766/2822 2738/4767/2818
f 2706/4758/2817 2739/4757/2820 2741/4768/2822
f 2664/4737/2740 2742/4769/2823 2665/4677/2741
f 2728/4738/2807 2708/4703/2787 2743/4770/2824
f 2729/4739/2808 2679/4660/2755 2668/4646/2744
f 2679/4660/2755 2744/4771/2825 2680/4661/2756
f 2744/4772/2825 2691/4712/2770 2680/4711/2756
f 2745/4773/2826 2731/4743/2810 2710/4706/2789
f 2709/4742/2788 2712/4774/2791 2746/4775/2827
f 2730/4741/2809 2690/4680/2769 2682/4679/2758
f 2731/4743/2810 2747/4776/2828 2732/4744/2811
f 2712/4774/2791 2653/4777/2729 2746/4775/2827
f 2712/4778/2791 2681/4715/2757 2653/4623/2729
f 2747/4776/2828 2711/4707/2790 2732/4744/2811
f 2615/4605/2691 2714/4719/2793 2468/4412/2544
f 2653/4623/2729 2511/4413/2587 2748/4779/2829
f 2482/4369/2558 2683/4667/2759 2715/4720/2794
f 2716/4721/2795 2718/4723/2797 2445/4322/2521
f 2655/4625/2731 2369/4218/2445 2641/4609/2717
f 2720/4725/2799 2559/4478/2635 2685/4669/2761
f 2573/4496/2649 2749/4780/2830 2626/4582/2702
f 2626/4582/2702 2750/4781/2831 2627/4583/2703
f 2672/4651/2748 2701/4692/2780 2751/4782/2832
f 2546/4460/2622 2700/4691/2779 2686/4670/2762
f 2686/4670/2762 2644/4612/2720 2562/4482/2638
f 2619/4562/2695 2752/4783/2833 2643/4611/2719
f 2563/4483/2639 2673/4652/2749 2645/4615/2721
f 2702/4694/2781 2753/4784/2834 2576/4500/2652
f 2578/4502/2654 2754/4785/2835 2646/4616/2722
f 2550/4464/2626 2735/4751/2814 2647/4617/2723
f 2633/4592/2709 2755/4786/2836 2530/4437/2606
f 2676/4656/2752 2688/4675/2767 2736/4752/2815
f 2522/4426/2598 2675/4655/2751 2664/4641/2740
f 2663/4640/2739 2707/4702/2786 2756/4787/2837
f 2665/4677/2741 2757/4788/2838 2678/4659/2754
f 2666/4644/2742 2758/4789/2839 2636/4643/2712
f 2666/4644/2742 2728/4738/2807 2759/4790/2840
f 2729/4739/2808 2760/4791/2841 2679/4660/2755
f 2743/4770/2824 2708/4703/2787 2690/4680/2769
f 2761/4792/2842 2762/4793/2843 2745/4773/2826
f 2763/4794/2844 2709/4742/2788 2764/4795/2845
f 2691/4712/2770 2744/4772/2825 2710/4796/2789
f 2710/4796/2789 2744/4772/2825 2761/4797/2842
f 2709/4742/2788 2746/4775/2827 2764/4795/2845
f 2745/4773/2826 2762/4793/2843 2731/4743/2810
f 2762/4793/2843 2747/4776/2828 2731/4743/2810
f 2711/4707/2790 2747/4776/2828 2713/4717/2792
f 2511/4413/2587 2639/4607/2715 2765/4798/2846
f 2719/4724/2798 2657/4627/2733 2418/4283/2494
f 2627/4583/2703 2750/4781/2831 2699/4690/2778
f 2699/4690/2778 2721/4726/2800 2585/4511/2661
f 2592/4523/2668 2672/4651/2748 2766/4799/2847
f 2701/4692/2780 2767/4800/2848 2751/4782/2832
f 2578/4502/2654 2724/4729/2803 2754/4785/2835
f 2549/4463/2625 2646/4654/2722 2620/4563/2696
f 2648/4618/2724 2768/4801/2849 2630/4587/2706
f 2650/4620/2726 2630/4587/2706 2769/4802/2850
f 2650/4620/2726 2769/4802/2850 2740/4803/2821
f 2736/4752/2815 2688/4675/2767 2770/4804/2851
f 2726/4805/2805 2771/4806/2852 2688/4675/2767
f 2727/4807/2819 2740/4808/2821 2739/4809/2820
f 2741/4766/2822 2772/4810/2853 2738/4767/2818
f 2739/4811/2820 2740/4803/2821 2741/4766/2822
f 2741/4766/2822 2740/4803/2821 2772/4810/2853
f 2707/4812/2786 2636/4643/2712 2773/4813/2854
f 2759/4790/2840 2758/4789/2839 2666/4644/2742
f 2678/4659/2754 2774/4814/2855 2689/4678/2768
f 2689/4678/2768 2774/4814/2855 2729/4739/2808
f 2775/4815/2856 2690/4680/2769 2730/4741/2809
f 2679/4660/2755 2760/4791/2841 2744/4771/2825
f 2710/4796/2789 2761/4797/2842 2745/4816/2826
f 2709/4742/2788 2763/4794/2844 2776/4817/2857
f 2709/4742/2788 2776/4817/2857 2730/4741/2809
f 2761/4818/2842 2777/4819/2858 2762/4820/2843
f 2714/4719/2793 2778/4821/2859 2501/4395/2577
f 2572/4495/2648 2720/4725/2799 2695/4686/2774
f 2696/4687/2775 2560/4479/2636 2697/4688/2776
f 2574/4822/2650 2592/4823/2668 2779/4824/2860
f 2643/4611/2719 2767/4800/2848 2701/4692/2780
f 2109/3779/2175 2299/4103/2373 2628/4584/2704
f 2649/4619/2725 2780/4825/2861 2675/4655/2751
f 2688/4675/2767 2771/4806/2852 2770/4804/2851
f 2738/4755/2818 2772/4826/2853 2781/4827/2862
f 2727/4735/2806 2738/4755/2818 2781/4827/2862
f 2742/4769/2823 2757/4788/2838 2665/4677/2741
f 2729/4739/2808 2774/4814/2855 2760/4791/2841
f 2743/4770/2824 2775/4815/2856 2728/4738/2807
f 2743/4770/2824 2690/4680/2769 2775/4815/2856
f 2744/4772/2825 2760/4828/2841 2782/4829/2863
f 2744/4772/2825 2782/4829/2863 2761/4797/2842
f 2783/4830/2864 2762/4793/2843 2777/4831/2858
f 2763/4794/2844 2764/4795/2845 2784/4832/2865
f 2783/4830/2864 2777/4831/2858 2761/4792/2842
f 2713/4717/2792 2747/4776/2828 2615/4605/2691
f 2717/4722/2796 2785/4833/2866 2583/4509/2659
f 2539/4450/2615 2786/4834/2867 2604/4540/2680
f 2671/4650/2747 2642/4610/2718 2787/4835/2868
f 2779/4824/2860 2698/4836/2777 2574/4822/2650
f 2779/4824/2860 2592/4823/2668 2766/4837/2847
f 2752/4783/2833 2767/4800/2848 2643/4611/2719
f 2753/4784/2834 2674/4653/2750 2576/4500/2652
f 2788/4838/2869 2564/4484/2640 2647/4617/2723
f 2703/4695/2782 2780/4825/2861 2649/4619/2725
f 2736/4752/2815 2687/4671/2763 2659/4629/2735
f 2725/4730/2804 2737/4753/2816 2438/4310/2514
f 2789/4839/2870 2726/4734/2805 2737/4754/2816
f 2790/4840/2871 2727/4735/2806 2781/4827/2862
f 2633/4841/2709 2727/4842/2806 2790/4843/2871
f 2772/4810/2853 2740/4803/2821 2769/4802/2850
f 2789/4839/2870 2771/4844/2852 2726/4734/2805
f 2790/2883/2872 2791/553/2873 2792/4845/2874
f 2790/4840/2871 2781/4827/2862 2772/4826/2853
f 2790/4846/2872 2793/4847/2875 2791/407/2873
f 2792/4845/2874 2791/553/2873 2794/4848/2876
f 2793/4849/2875 2794/4850/2876 2791/4851/2873
f 2773/4813/2854 2636/4643/2712 2758/4789/2839
f 2728/4738/2807 2775/4815/2856 2759/4790/2840
f 2774/491/2855 2782/4829/2863 2760/4828/2841
f 2782/4829/2863 2783/4852/2864 2761/4797/2842
f 2776/4817/2857 2795/4853/2877 2730/4741/2809
f 2784/4832/2865 2764/4795/2845 2796/4854/2878
f 2797/4855/2879 2746/4856/2827 2653/4623/2729
f 2778/4821/2859 2616/4559/2692 2501/4395/2577
f 2654/4624/2730 2583/4509/2659 2785/4833/2866
f 2798/4857/2880 2591/4522/2667 2603/4539/2679
f 2798/4857/2880 2603/4539/2679 2684/4668/2760
f 2684/4668/2760 2671/4650/2747 2799/4858/2881
f 2787/4835/2868 2642/4610/2718 2617/4560/2693
f 2800/4859/2882 2696/4687/2775 2697/4688/2776
f 2626/4582/2702 2801/4860/2883 2750/4781/2831
f 2721/4726/2800 2802/4861/2884 2700/4862/2779
f 2751/4782/2832 2766/4799/2847 2672/4651/2748
f 2686/4670/2762 2803/4863/2885 2644/4612/2720
f 2722/4727/2801 2752/4783/2833 2619/4562/2695
f 2804/4864/2886 2702/4694/2781 2495/4693/2571
f 2658/4628/2734 2687/4671/2763 2805/4865/2887
f 2648/4618/2724 2704/4696/2783 2768/4801/2849
f 2687/4671/2763 2736/4752/2815 2806/4866/2888
f 2755/4867/2836 2633/4868/2709 2790/4869/2871
f 2789/4870/2870 2770/4804/2851 2771/4806/2852
f 2757/4788/2838 2807/4871/2889 2678/4659/2754
f 2775/4815/2856 2730/4741/2809 2795/4853/2877
f 2782/4872/2863 2808/4873/2890 2783/4830/2864
f 2776/4817/2857 2763/4794/2844 2809/4874/2891
f 2796/4854/2878 2809/4874/2891 2784/4832/2865
f 2809/4874/2891 2763/4794/2844 2784/4832/2865
f 2747/4776/2828 2714/4719/2793 2615/4605/2691
f 2748/4779/2829 2511/4413/2587 2765/4798/2846
f 2502/4396/2578 2604/4540/2680 2641/4609/2717
f 2810/4875/2892 2719/4724/2798 2605/4541/2681
f 2698/4689/2777 2811/4876/2893 2697/4688/2776
f 2811/4877/2893 2698/4836/2777 2779/4824/2860
f 2644/4612/2720 2803/4863/2885 2722/4727/2801
f 2733/4749/2812 2804/4878/2886 2495/4386/2571
f 2768/4801/2849 2769/4802/2850 2630/4587/2706
f 2789/4879/2870 2812/4880/2894 2770/4881/2851
f 2772/4882/2853 2813/4883/2895 2790/4884/2871
f 2790/4885/2872 2813/4886/2896 2793/4887/2875
f 2794/4888/2876 2813/4889/2896 2792/4890/2874
f 2793/4891/2875 2813/4889/2896 2794/4888/2876
f 2758/4789/2839 2759/4790/2840 2814/4892/2897
f 2775/4815/2856 2814/4892/2897 2759/4790/2840
f 2775/4815/2856 2795/4853/2877 2814/4892/2897
f 2808/4873/2890 2815/4893/2898 2783/4830/2864
f 2762/4793/2843 2783/4830/2864 2747/4776/2828
f 2764/4894/2845 2746/4856/2827 2797/4855/2879
f 2717/4722/2796 2591/4522/2667 2798/4857/2880
f 2605/4541/2681 2655/4625/2731 2810/4875/2892
f 2801/4860/2883 2626/4582/2702 2749/4780/2830
f 2803/4863/2885 2686/4670/2762 2700/4691/2779
f 2816/4895/2899 2767/4800/2848 2752/4783/2833
f 2817/4896/2900 2564/4484/2640 2788/4838/2869
f 2704/4696/2783 2631/4588/2707 2818/4897/2901
f 2818/4897/2901 2631/4588/2707 2663/4640/2739
f 2819/4898/2902 2789/4839/2870 2737/4754/2816
f 2819/4898/2902 2812/4899/2894 2789/4839/2870
f 2790/4900/2872 2792/4890/2874 2813/4889/2896
f 2820/4901/2903 2821/4902/2904 2822/4903/2905
f 2807/4871/2889 2774/4814/2855 2678/4659/2754
f 2807/4871/2889 2823/4904/2906 2774/4814/2855
f 2782/4872/2863 2774/4814/2855 2823/4904/2906
f 2808/4873/2890 2824/4905/2907 2815/4893/2898
f 2776/2874/2857 2809/4906/2891 2825/4907/2908
f 2797/4855/2879 2796/4908/2878 2764/4894/2845
f 2683/4667/2759 2654/4624/2730 2785/4833/2866
f 2697/4688/2776 2826/4909/2909 2800/4859/2882
f 2826/4909/2909 2697/4688/2776 2811/4876/2893
f 2699/4690/2778 2802/4861/2884 2721/4726/2800
f 2751/4782/2832 2767/4800/2848 2827/4910/2910
f 2816/4895/2899 2752/4783/2833 2722/4727/2801
f 2629/4911/2705 2564/4484/2640 2817/4896/2900
f 2658/4628/2734 2805/4865/2887 2703/4695/2782
f 2821/4912/2904 2820/4913/2903 2819/4914/2902
f 2828/1681/2911 2829/4915/2912 2830/4916/2913
f 2828/4917/2911 2830/4918/2913 2831/4919/2914
f 2828/1681/2911 2832/4920/2915 2829/4915/2912
f 2828/4917/2911 2831/4919/2914 2832/4921/2915
f 2758/4789/2839 2814/4892/2897 2773/4813/2854
f 2823/4904/2906 2808/4873/2890 2782/4872/2863
f 2809/4874/2891 2796/4854/2878 2825/4922/2908
f 2639/4607/2715 2715/4720/2794 2833/4923/2916
f 2655/4625/2731 2641/4609/2717 2810/4875/2892
f 2617/4560/2693 2834/4924/2917 2787/4835/2868
f 2695/4686/2774 2834/4924/2917 2617/4560/2693
f 2766/4837/2847 2835/4925/2918 2779/4824/2860
f 2836/4926/2919 2437/4308/2513 2352/4194/2428
f 2736/4752/2815 2770/4804/2851 2837/4927/2920
f 2818/4897/2901 2663/4640/2739 2756/4787/2837
f 2675/4655/2751 2780/4825/2861 2664/4641/2740
f 2838/4928/2921 2772/4810/2853 2769/4802/2850
f 2839/4929/2922 2770/4804/2851 2812/4930/2894
f 2819/4931/2902 2820/4932/2903 2839/4933/2922
f 2819/4898/2902 2839/4934/2922 2812/4899/2894
f 2840/4935/2923 2821/4936/2904 2819/4898/2902
f 2790/4937/2871 2830/2947/2913 2829/2395/2912
f 2838/4938/2921 2831/4939/2914 2830/4940/2913
f 2790/4941/2871 2838/4938/2921 2830/4940/2913
f 2838/4942/2921 2790/4943/2871 2813/4944/2895
f 2838/4928/2921 2813/4945/2895 2772/4810/2853
f 2839/4929/2922 2820/4946/2903 2822/4947/2905
f 2840/4935/2923 2822/4948/2905 2821/4936/2904
f 2839/4929/2922 2822/4947/2905 2840/4949/2923
f 2841/4950/2924 2829/4951/2912 2832/4952/2915
f 2838/4928/2921 2832/4952/2915 2831/4953/2914
f 2841/4950/2924 2832/4952/2915 2838/4928/2921
f 2707/4812/2786 2773/4813/2854 2842/4954/2925
f 2842/4954/2925 2773/4813/2854 2814/4892/2897
f 2825/4922/2908 2795/4853/2877 2776/4817/2857
f 2653/4623/2729 2748/4779/2829 2843/4955/2926
f 2833/4923/2916 2765/4798/2846 2639/4607/2715
f 2785/4833/2866 2717/4722/2796 2844/4956/2927
f 2786/4834/2867 2539/4450/2615 2718/4723/2797
f 2845/4957/2928 2719/4724/2798 2810/4875/2892
f 2846/4958/2929 2802/4861/2884 2699/4690/2778
f 2847/4959/2930 2803/4863/2885 2700/4691/2779
f 2816/4895/2899 2827/4910/2910 2767/4800/2848
f 2723/4728/2802 2645/4614/2721 2848/4960/2931
f 2645/4615/2721 2673/4652/2749 2849/4961/2932
f 2673/4652/2749 2577/4501/2653 2849/4961/2932
f 2734/4750/2813 2629/4586/2705 2850/4962/2933
f 2646/4654/2722 2851/4963/2934 2620/4563/2696
f 2687/4671/2763 2806/4866/2888 2805/4865/2887
f 2852/4964/2935 2725/4730/2804 2620/4563/2696
f 2530/4437/2606 2755/4786/2836 2735/4751/2814
f 2769/4802/2850 2853/4965/2936 2838/4928/2921
f 2839/4929/2922 2837/4927/2920 2770/4804/2851
f 2814/4892/2897 2854/4966/2937 2855/4967/2938
f 2814/4892/2897 2795/4853/2877 2854/4966/2937
f 2807/4871/2889 2856/4968/2939 2823/4904/2906
f 2823/4904/2906 2856/4968/2939 2808/4873/2890
f 2856/4968/2939 2857/4969/2940 2808/4873/2890
f 2795/4970/2877 2825/4971/2908 2854/4972/2937
f 2857/4969/2940 2824/4905/2907 2808/4873/2890
f 2857/4969/2940 2858/4973/2941 2824/4905/2907
f 2858/4973/2941 2859/4974/2942 2824/4905/2907
f 2859/4974/2942 2815/4893/2898 2824/4905/2907
f 2590/4521/2666 2860/4975/2943 2716/4721/2795
f 2811/4877/2893 2779/4824/2860 2861/4976/2944
f 2699/4690/2778 2750/4781/2831 2862/4977/2945
f 2766/4978/2847 2751/4979/2832 2827/4980/2910
f 2702/4694/2781 2804/4864/2886 2753/4784/2834
f 2674/4653/2750 2863/4981/2946 2724/4729/2803
f 2704/4696/2783 2864/4982/2947 2768/4801/2849
f 2703/4695/2782 2865/4983/2948 2780/4825/2861
f 2840/4949/2923 2866/4984/2949 2839/4929/2922
f 2829/4985/2912 2841/4986/2924 2867/4987/2950
f 2756/4787/2837 2707/4702/2786 2868/4988/2951
f 2742/4769/2823 2869/4989/2952 2757/4788/2838
f 2825/4922/2908 2796/4854/2878 2870/4990/2953
f 2747/4776/2828 2871/4991/2954 2714/4719/2793
f 2714/4719/2793 2871/4991/2954 2778/4821/2859
f 2640/4608/2716 2860/4975/2943 2590/4521/2666
f 2872/4992/2955 2873/4993/2956 2695/4686/2774
f 2720/4725/2799 2872/4992/2955 2695/4686/2774
f 2719/4724/2798 2845/4957/2928 2657/4627/2733
f 2606/4542/2682 2874/4994/2957 2685/4669/2761
f 2657/4627/2733 2749/4780/2830 2573/4496/2649
f 2803/4863/2885 2875/4995/2958 2816/4895/2899
f 2722/4727/2801 2803/4863/2885 2816/4895/2899
f 2753/4784/2834 2863/4981/2946 2674/4653/2750
f 2620/4563/2696 2851/4963/2934 2852/4964/2935
f 2736/4752/2815 2837/4927/2920 2806/4866/2888
f 2840/4935/2923 2819/4898/2902 2876/4996/2959
f 2866/4984/2949 2837/4927/2920 2839/4929/2922
f 2840/4935/2923 2876/4996/2959 2866/4997/2949
f 2866/4984/2949 2876/4998/2959 2837/4927/2920
f 2867/4987/2950 2877/4999/2960 2829/4985/2912
f 2867/5000/2950 2841/4950/2924 2877/5001/2960
f 2869/4989/2952 2878/5002/2961 2757/4788/2838
f 2842/5003/2925 2814/5004/2897 2879/5005/2962
f 2757/4788/2838 2878/5002/2961 2807/4871/2889
f 2807/4871/2889 2878/5002/2961 2880/5006/2963
f 2807/4871/2889 2880/5006/2963 2856/4968/2939
f 2815/5007/2898 2859/5008/2942 2881/5009/2964
f 2796/4854/2878 2797/5010/2879 2870/4990/2953
f 2815/4893/2898 2881/5011/2964 2783/4830/2864
f 2747/4776/2828 2783/4830/2864 2882/5012/2965
f 2616/4559/2692 2883/5013/2966 2640/4608/2716
f 2695/4686/2774 2873/4993/2956 2834/4924/2917
f 2656/4626/2732 2874/4994/2957 2606/4542/2682
f 2696/4687/2775 2800/4859/2882 2884/5014/2967
f 2800/5015/2882 2826/5016/2909 2885/5017/2968
f 2779/4824/2860 2886/5018/2969 2861/4976/2944
f 2875/4995/2958 2803/4863/2885 2847/4959/2930
f 2848/5019/2931 2645/4615/2721 2849/4961/2932
f 2577/4501/2653 2734/4750/2813 2887/5020/2970
f 2805/4865/2887 2865/4983/2948 2703/4695/2782
f 2704/4696/2783 2818/4897/2901 2864/4982/2947
f 2769/4802/2850 2768/4801/2849 2853/4965/2936
f 2829/5021/2912 2888/5022/2971 2790/4869/2871
f 2837/5023/2920 2876/5024/2959 2889/5025/2972
f 2829/5021/2912 2877/5026/2960 2888/5022/2971
f 2888/5027/2971 2890/5028/2973 2891/5029/2974
f 2890/5028/2973 2877/5030/2960 2891/5029/2974
f 2856/4968/2939 2892/5031/2975 2857/4969/2940
f 2857/4969/2940 2892/5031/2975 2893/5032/2976
f 2857/5033/2940 2893/5034/2976 2858/5035/2941
f 2825/5036/2908 2870/5037/2953 2894/5038/2977
f 2797/4855/2879 2653/4623/2729 2843/4955/2926
f 2778/4821/2859 2883/5013/2966 2616/4559/2692
f 2860/4975/2943 2895/5039/2978 2716/4721/2795
f 2716/4721/2795 2895/5039/2978 2718/4723/2797
f 2684/4668/2760 2799/4858/2881 2798/4857/2880
f 2826/5016/2909 2811/4877/2893 2861/4976/2944
f 2801/4860/2883 2862/4977/2945 2750/4781/2831
f 2846/4958/2929 2896/5040/2979 2802/4861/2884
f 2766/4837/2847 2897/5041/2980 2835/4925/2918
f 2827/5042/2910 2897/5043/2980 2766/5044/2847
f 2753/4784/2834 2804/4864/2886 2898/5045/2981
f 2734/4750/2813 2850/4962/2933 2887/5020/2970
f 2754/5046/2835 2899/5047/2982 2646/4654/2722
f 2768/4801/2849 2864/4982/2947 2900/5048/2983
f 2805/4865/2887 2806/4866/2888 2901/5049/2984
f 2725/4730/2804 2852/4964/2935 2737/4753/2816
f 2838/4928/2921 2877/5001/2960 2841/4950/2924
f 2876/4996/2959 2902/5050/2985 2889/5051/2972
f 2891/5052/2974 2903/5053/2986 2888/5054/2971
f 2890/5055/2973 2888/5056/2971 2877/5057/2960
f 2891/5052/2974 2877/5058/2960 2903/5053/2986
f 2893/5032/2976 2859/4974/2942 2858/4973/2941
f 2881/5011/2964 2882/5012/2965 2783/4830/2864
f 2904/5059/2987 2715/4720/2794 2683/4667/2759
f 2683/4667/2759 2785/4833/2866 2905/5060/2988
f 2906/5061/2989 2786/4834/2867 2718/4723/2797
f 2907/5062/2990 2641/4609/2717 2604/4540/2680
f 2696/4687/2775 2884/5014/2967 2656/4626/2732
f 2779/4824/2860 2835/4925/2918 2886/5018/2969
f 2896/5040/2979 2700/4862/2779 2802/4861/2884
f 2577/4501/2653 2887/5020/2970 2849/4961/2932
f 2908/5063/2991 2837/4927/2920 2889/5064/2972
f 2902/5050/2985 2908/5065/2991 2889/5051/2972
f 2909/5066/2992 2903/5067/2986 2877/5001/2960
f 2842/5003/2925 2868/5068/2951 2707/5069/2786
f 2814/4892/2897 2855/4967/2938 2879/5070/2962
f 2825/4971/2908 2894/5071/2977 2854/4972/2937
f 2893/5032/2976 2881/5011/2964 2859/4974/2942
f 2797/5010/2879 2910/5072/2993 2870/4990/2953
f 2833/4923/2916 2715/4720/2794 2904/5059/2987
f 2883/5013/2966 2911/5073/2994 2640/4608/2716
f 2717/4722/2796 2798/4857/2880 2912/5074/2995
f 2798/4857/2880 2913/5075/2996 2912/5074/2995
f 2671/4650/2747 2787/4835/2868 2914/5076/2997
f 2827/4910/2910 2816/4895/2899 2915/5077/2998
f 2299/4103/2373 2723/4728/2802 2916/5078/2999
f 2629/4586/2705 2917/5079/3000 2850/4962/2933
f 2629/4586/2705 2817/5080/2900 2917/5079/3000
f 2899/5047/2982 2918/5081/3001 2646/4654/2722
f 2646/4654/2722 2918/5081/3001 2851/4963/2934
f 2865/4983/2948 2805/4865/2887 2919/5082/3002
f 2737/4754/2816 2920/5083/3003 2819/4898/2902
f 2920/5083/3003 2876/4996/2959 2819/4898/2902
f 2838/4928/2921 2909/5066/2992 2877/5001/2960
f 2888/5054/2971 2903/5053/2986 2921/5084/3004
f 2922/5085/3005 2908/5086/2991 2902/5087/2985
f 2903/5053/2986 2923/5088/3006 2921/5084/3004
f 2903/5089/2986 2909/5090/2992 2923/5091/3006
f 2909/5066/2992 2924/5092/3007 2923/5093/3006
f 2664/4737/2740 2869/4989/2952 2742/4769/2823
f 2880/5006/2963 2892/5031/2975 2856/4968/2939
f 2854/4972/2937 2894/5071/2977 2925/5094/3008
f 2671/4650/2747 2914/5076/2997 2799/4858/2881
f 2699/4690/2778 2862/4977/2945 2846/4958/2929
f 2926/5095/3009 2897/5041/2980 2827/5096/2910
f 2847/5097/2930 2700/4862/2779 2896/5040/2979
f 2915/5077/2998 2816/4895/2899 2875/4995/2958
f 2733/4749/2812 2437/4308/2513 2836/4926/2919
f 2898/5045/2981 2863/4981/2946 2753/4784/2834
f 2927/5098/3010 2901/5049/2984 2806/4866/2888
f 2755/4867/2836 2790/4869/2871 2888/5022/2971
f 2876/4996/2959 2928/5099/3011 2902/5050/2985
f 2928/5099/3011 2922/5100/3005 2902/5050/2985
f 2921/5101/3004 2923/5093/3006 2929/5102/3012
f 2928/5103/3011 2908/5104/2991 2922/5105/3005
f 2929/5102/3012 2923/5093/3006 2924/5092/3007
f 2930/5106/3013 2842/5003/2925 2879/5005/2962
f 2931/5107/3014 2893/5108/2976 2892/5109/2975
f 2906/5061/2989 2718/4723/2797 2895/5039/2978
f 2932/5110/3015 2786/4834/2867 2906/5061/2989
f 2786/4834/2867 2907/5062/2990 2604/4540/2680
f 2914/5076/2997 2787/4835/2868 2933/5111/3016
f 2810/4875/2892 2641/4609/2717 2934/5112/3017
f 2935/5113/3018 2787/4835/2868 2834/4924/2917
f 2861/4976/2944 2886/5018/2969 2936/5114/3019
f 2900/5048/2983 2853/4965/2936 2768/4801/2849
f 2864/4982/2947 2818/4897/2901 2937/5115/3020
f 2838/4928/2921 2853/4965/2936 2938/5116/3021
f 2852/4964/2935 2920/5117/3003 2737/4753/2816
f 2939/5118/3022 2837/4927/2920 2908/5063/2991
f 2938/5116/3021 2909/5066/2992 2838/4928/2921
f 2928/5099/3011 2940/5119/3023 2908/5065/2991
f 2929/5120/3012 2941/5121/3024 2921/5122/3004
f 2929/5120/3012 2924/5123/3007 2941/5121/3024
f 2880/5006/2963 2942/5124/3025 2892/5031/2975
f 2911/5073/2994 2860/4975/2943 2640/4608/2716
f 2844/4956/2927 2717/4722/2796 2912/5074/2995
f 2934/5112/3017 2641/4609/2717 2907/5062/2990
f 2934/5112/3017 2845/4957/2928 2810/4875/2892
f 2657/4627/2733 2845/4957/2928 2943/5125/3026
f 2685/4669/2761 2874/4994/2957 2720/4725/2799
f 2884/5126/2967 2800/5015/2882 2885/5017/2968
f 2944/5127/3027 2801/4860/2883 2749/4780/2830
f 2945/5128/3028 2846/4958/2929 2862/4977/2945
f 2886/5018/2969 2897/5041/2980 2946/5129/3029
f 2886/5018/2969 2835/4925/2918 2897/5041/2980
f 2946/5129/3029 2897/5041/2980 2926/5095/3009
f 2915/5130/2998 2926/5095/3009 2827/5096/2910
f 2947/5131/3030 2875/4995/2958 2847/4959/2930
f 2723/4728/2802 2848/4960/2931 2948/5132/3031
f 2818/4897/2901 2756/4787/2837 2949/5133/3032
f 2909/5066/2992 2938/5116/3021 2924/5092/3007
f 2924/5092/3007 2938/5116/3021 2941/5134/3024
f 2855/4967/2938 2854/4966/2937 2879/5070/2962
f 2893/5135/2976 2950/5136/3033 2881/5137/2964
f 2951/5138/3034 2870/5139/3035 2894/5140/3036
f 2683/4667/2759 2905/5060/2988 2904/5059/2987
f 2798/4857/2880 2799/4858/2881 2913/5075/2996
f 2933/5111/3016 2787/4835/2868 2935/5113/3018
f 2872/4992/2955 2720/4725/2799 2874/4994/2957
f 2952/5141/3037 2874/4994/2957 2656/4626/2732
f 2953/5142/3038 2954/5143/3039 2826/5016/2909
f 2936/5114/3019 2826/5016/2909 2861/4976/2944
f 2945/5128/3028 2862/4977/2945 2801/4860/2883
f 2955/5144/3040 2647/4617/2723 2735/4751/2814
f 2919/5082/3002 2805/4865/2887 2901/5049/2984
f 2939/5118/3022 2806/4866/2888 2837/4927/2920
f 2927/5098/3010 2806/4866/2888 2939/5118/3022
f 2928/5099/3011 2876/4996/2959 2920/5083/3003
f 2928/5099/3011 2956/5145/3041 2940/5119/3023
f 2921/5146/3004 2941/5147/3024 2957/5148/3042
f 2908/5149/2991 2940/5150/3023 2956/1622/3041
f 2958/5151/3043 2950/5136/3033 2893/5135/2976
f 2959/5152/3044 2870/5153/2953 2960/5154/3045
f 2961/5155/3046 2748/4779/2829 2765/4798/2846
f 2962/5156/3047 2785/4833/2866 2844/4956/2927
f 2963/5157/3048 2749/4780/2830 2657/4627/2733
f 2656/4626/2732 2884/5014/2967 2952/5141/3037
f 2885/5017/2968 2826/5016/2909 2954/5143/3039
f 2964/5158/3049 2915/5130/2998 2875/5159/2958
f 2788/4838/2869 2647/4617/2723 2955/5144/3040
f 2900/5048/2983 2965/5160/3050 2853/4965/2936
f 2938/5116/3021 2853/4965/2936 2965/5160/3050
f 2956/5145/3041 2966/5161/3051 2908/5065/2991
f 2921/5162/3004 2957/5163/3042 2967/5164/3052
f 2957/5148/3042 2941/5147/3024 2967/3260/3052
f 2868/5068/2951 2842/5003/2925 2930/5106/3013
f 2930/5106/3013 2879/5005/2962 2968/5165/3053
f 2880/5006/2963 2969/5166/3054 2942/5124/3025
f 2879/5005/2962 2854/5167/2937 2968/5165/3053
f 2854/5167/2937 2925/5168/3008 2968/5165/3053
f 2942/5124/3025 2931/5169/3014 2892/5031/2975
f 2958/5170/3043 2893/5171/2976 2931/5172/3014
f 2870/5139/2953 2970/5173/3055 2894/5140/2977
f 2870/5174/2953 2959/5175/3044 2970/5176/3055
f 2747/4776/2828 2882/5012/2965 2871/4991/2954
f 2826/5016/2909 2936/5114/3019 2953/5142/3038
f 2945/5128/3028 2971/5177/3056 2846/4958/2929
f 2972/5178/3057 2847/5097/2930 2896/5040/2979
f 2948/5132/3031 2916/5078/2999 2723/4728/2802
f 2848/5019/2931 2849/4961/2932 2973/5179/3058
f 2865/4983/2948 2974/5180/3059 2780/4825/2861
f 2939/5118/3022 2908/5063/2991 2966/5181/3051
f 2969/5166/3054 2880/5006/2963 2878/5002/2961
f 2942/5124/3025 2975/5182/3060 2931/5169/3014
f 2959/5152/3044 2960/5154/3045 2970/5183/3055
f 2870/4990/2953 2910/5072/2993 2960/5184/3045
f 2881/5011/2964 2976/5185/3061 2882/5012/2965
f 2748/4779/2829 2961/5155/3046 2843/4955/2926
f 2765/4798/2846 2833/4923/2916 2904/5059/2987
f 2846/4958/2929 2971/5177/3056 2896/5040/2979
f 2299/4103/2373 2916/5078/2999 2628/4584/2704
f 2804/4864/2886 2733/5186/2812 2977/5187/3062
f 2804/4864/2886 2977/5187/3062 2978/5188/3063
f 2978/5188/3063 2898/5045/2981 2804/4864/2886
f 2863/4981/2946 2899/5189/2982 2724/4729/2803
f 2864/4982/2947 2937/5115/3020 2900/5048/2983
f 2818/4897/2901 2949/5133/3032 2937/5115/3020
f 2966/5181/3051 2979/5190/3064 2939/5118/3022
f 2921/5162/3004 2967/5164/3052 2980/5191/3065
f 2956/5145/3041 2979/5192/3064 2966/5161/3051
f 2967/5164/3052 2981/5193/3066 2980/5191/3065
f 2967/5164/3052 2941/5194/3024 2981/5193/3066
f 2869/4989/2952 2969/5166/3054 2878/5002/2961
f 2968/5165/3053 2925/5168/3008 2982/5195/3067
f 2970/5183/3055 2925/5168/3008 2894/5196/2977
f 2881/5197/2964 2950/5198/3033 2983/5199/3068
f 2960/5154/3045 2910/5200/2993 2984/5201/3069
f 2904/5059/2987 2961/5155/3046 2765/4798/2846
f 2985/5202/3070 2907/5062/2990 2786/4834/2867
f 2914/5076/2997 2986/5203/3071 2799/4858/2881
f 2884/5014/2967 2885/5204/2968 2952/5141/3037
f 2886/5018/2969 2946/5129/3029 2936/5114/3019
f 2847/5097/2930 2972/5178/3057 2947/5205/3030
f 2947/5206/3030 2987/5207/3072 2875/5159/2958
f 2724/4729/2803 2899/5189/2982 2754/4785/2835
f 2937/5115/3020 2988/5208/3073 2900/5048/2983
f 2919/5082/3002 2989/5209/3074 2865/4983/2948
f 2927/5098/3010 2990/5210/3075 2901/5049/2984
f 2927/5098/3010 2939/5118/3022 2991/5211/3076
f 2969/5166/3054 2975/5182/3060 2942/5124/3025
f 2958/5170/3043 2983/5212/3068 2950/5213/3033
f 2910/5200/2993 2992/5214/3077 2984/5201/3069
f 2797/4855/2879 2843/4955/2926 2910/5200/2993
f 2785/4833/2866 2962/5156/3047 2905/5060/2988
f 2860/4975/2943 2993/5215/3078 2895/5039/2978
f 2912/5074/2995 2994/5216/3079 2995/5217/3080
f 2971/5177/3056 2972/5178/3057 2896/5040/2979
f 2915/5130/2998 2996/5218/3081 2926/5095/3009
f 2964/5158/3049 2875/5159/2958 2987/5207/3072
f 2849/4961/2932 2887/5020/2970 2973/5179/3058
f 2917/5079/3000 2997/5219/3082 2850/4962/2933
f 2865/4983/2948 2998/5220/3083 2974/5180/3059
f 2780/4825/2861 2999/5221/3084 2664/4641/2740
f 2941/5134/3024 2938/5116/3021 2981/5222/3066
f 2956/5145/3041 3000/5223/3085 2979/5192/3064
f 2930/5106/3013 3001/5224/3086 2868/5068/2951
f 2970/5183/3055 2960/5154/3045 2984/5201/3069
f 2983/5225/3068 2976/5185/3061 2881/5011/2964
f 2904/5059/2987 2905/5060/2988 3002/5226/3087
f 2786/4834/2867 2932/5110/3015 2985/5202/3070
f 2913/5075/2996 2799/4858/2881 2986/5203/3071
f 2873/4993/2956 2872/4992/2955 3003/5227/3088
f 3003/5227/3088 2872/4992/2955 2874/4994/2957
f 2657/4627/2733 2943/5125/3026 2963/5157/3048
f 2901/5049/2984 2990/5210/3075 2919/5082/3002
f 2865/4983/2948 2989/5209/3074 2998/5220/3083
f 2927/5098/3010 2991/5211/3076 2990/5210/3075
f 2780/4825/2861 2974/5180/3059 2999/5221/3084
f 2868/4988/2951 2949/5133/3032 2756/4787/2837
f 3000/5223/3085 3004/5228/3089 2979/5192/3064
f 2930/5106/3013 2968/5165/3053 3001/5224/3086
f 2931/5172/3014 3005/5229/3090 2958/5170/3043
f 2970/5183/3055 2984/5201/3069 2925/5168/3008
f 3006/5230/3091 2993/5215/3078 2860/4975/2943
f 2962/5156/3047 2844/4956/2927 3007/5231/3092
f 2915/5130/2998 2964/5158/3049 2996/5218/3081
f 2733/4749/2812 2836/4926/2919 3008/5232/3093
f 2921/5084/3004 3009/5233/3094 2888/5054/2971
f 2928/5099/3011 3010/5234/3095 2956/5145/3041
f 2664/4737/2740 3011/5235/3096 2869/4989/2952
f 2979/5190/3064 3012/5236/3097 2939/5118/3022
f 2956/5145/3041 3010/5234/3095 3000/5223/3085
f 3004/5237/3089 3013/5238/3098 2979/5190/3064
f 2975/5239/3060 3005/5229/3090 2931/5172/3014
f 2958/5170/3043 3014/5240/3099 2983/5212/3068
f 2983/5225/3068 3015/5241/3100 2976/5185/3061
f 2871/4991/2954 3016/5242/3101 2778/4821/2859
f 2912/5074/2995 2913/5075/2996 3017/5243/3102
f 2834/4924/2917 2873/4993/2956 2935/5113/3018
f 2885/5017/2968 3018/5244/3103 2952/5245/3037
f 2954/5143/3039 3018/5244/3103 2885/5017/2968
f 2936/5114/3019 2946/5129/3029 3019/5246/3104
f 2946/5129/3029 3020/5247/3105 3019/5246/3104
f 2946/5129/3029 2926/5095/3009 3020/5247/3105
f 2972/5178/3057 2987/5248/3072 2947/5205/3030
f 2916/5078/2999 3021/5249/3106 2628/4584/2704
f 2939/5118/3022 3012/5236/3097 2991/5211/3076
f 2938/5116/3021 2965/5160/3050 3022/5250/3107
f 2869/4989/2952 3011/5235/3096 2969/5166/3054
f 2925/5168/3008 3023/5251/3108 2982/5195/3067
f 2984/5201/3069 3024/5252/3109 2925/5168/3008
f 3014/5240/3099 3015/5253/3100 2983/5212/3068
f 2984/5201/3069 2992/5214/3077 3024/5252/3109
f 2910/5200/2993 2843/4955/2926 2992/5214/3077
f 2882/5012/2965 3025/5254/3110 2871/4991/2954
f 2905/5060/2988 2962/5156/3047 3002/5226/3087
f 2912/5074/2995 2995/5217/3080 3007/5231/3092
f 2844/4956/2927 2912/5074/2995 3007/5231/3092
f 2913/5075/2996 2986/5203/3071 3017/5243/3102
f 2953/5142/3038 3026/5255/3111 2954/5143/3039
f 2953/5142/3038 2936/5114/3019 3026/5255/3111
f 2996/5218/3081 3027/5256/3112 2926/5095/3009
f 2850/4962/2933 3028/5257/3113 2887/5020/2970
f 2997/5219/3082 3028/5257/3113 2850/4962/2933
f 2989/5209/3074 2919/5082/3002 3029/5258/3114
f 2919/5082/3002 2990/5210/3075 3029/5258/3114
f 3010/5234/3095 3030/5259/3115 3000/5223/3085
f 2980/5260/3065 3031/2463/3116 2921/5261/3004
f 3000/5223/3085 3030/5259/3115 3004/5228/3089
f 3013/5238/3098 3012/5236/3097 2979/5190/3064
f 2980/5191/3065 2981/5193/3066 3032/5262/3117
f 3005/5229/3090 3033/5263/3118 2958/5170/3043
f 2958/5170/3043 3034/5264/3119 3014/5240/3099
f 2925/5168/3008 3024/5252/3109 3023/5251/3108
f 3014/5240/3099 3034/5264/3119 3015/5253/3100
f 2911/5073/2994 3006/5230/3091 2860/4975/2943
f 2873/4993/2956 3035/5265/3120 2935/5113/3018
f 3035/5265/3120 2873/4993/2956 3003/5227/3088
f 3036/5266/3121 2874/5267/2957 2952/5245/3037
f 2749/4780/2830 2963/5157/3048 2944/5127/3027
f 2972/5178/3057 2971/5177/3056 3037/5268/3122
f 2848/4960/2931 2973/5269/3058 3038/5270/3123
f 2917/5079/3000 3039/5271/3124 2997/5219/3082
f 2817/5080/2900 3039/5271/3124 2917/5079/3000
f 2735/4751/2814 2755/4786/2836 2955/5144/3040
f 2965/5160/3050 2900/5048/2983 3040/5272/3125
f 2988/5208/3073 3040/5272/3125 2900/5048/2983
f 2937/5115/3020 2949/5133/3032 2988/5208/3073
f 2990/5210/3075 2991/5211/3076 3041/5273/3126
f 2921/5274/3004 3031/5275/3116 3042/5276/3127
f 2938/5116/3021 3022/5250/3107 2981/5222/3066
f 3012/5236/3097 3013/5238/3098 3043/5277/3128
f 3030/5259/3115 3044/5278/3129 3004/5228/3089
f 3004/5228/3089 3044/5278/3129 3013/5279/3098
f 3013/5238/3098 3044/5280/3129 3043/5277/3128
f 2980/5281/3065 3032/5282/3117 3031/5283/3116
f 2981/5222/3066 3022/5250/3107 3032/5282/3117
f 3011/5235/3096 3045/5284/3130 2969/5166/3054
f 2975/5239/3060 3046/5285/3131 3005/5229/3090
f 3033/5263/3118 3034/5264/3119 2958/5170/3043
f 3015/5253/3100 3047/5286/3132 2976/5287/3061
f 2992/5214/3077 2843/4955/2926 3048/5288/3133
f 2976/5185/3061 3049/5289/3134 2882/5012/2965
f 2843/4955/2926 3050/5290/3135 3048/5288/3133
f 2934/5112/3017 3051/5291/3136 2845/4957/2928
f 2848/4960/2931 3038/5270/3123 2948/5132/3031
f 2990/5210/3075 3041/5273/3126 3029/5258/3114
f 2965/5160/3050 3040/5272/3125 3052/5292/3137
f 2755/4786/2836 2888/5293/2971 3053/5294/3138
f 3012/5236/3097 3054/5295/3139 2991/5211/3076
f 2928/5099/3011 2920/5083/3003 3010/5234/3095
f 2921/5084/3004 3042/5296/3127 3009/5233/3094
f 2968/5165/3053 3055/5297/3140 3001/5224/3086
f 3024/5252/3109 3056/5298/3141 3023/5251/3108
f 3024/5252/3109 2992/5214/3077 3056/5298/3141
f 2904/5059/2987 3057/5299/3142 2961/5155/3046
f 2906/5061/2989 3058/5300/3143 2932/5110/3015
f 2985/5202/3070 3059/5301/3144 2907/5062/2990
f 2907/5062/2990 3060/5302/3145 2934/5112/3017
f 2874/5267/2957 3061/5303/3146 3003/5304/3088
f 2945/5128/3028 3062/5305/3147 2971/5177/3056
f 2926/5095/3009 3027/5256/3112 3020/5247/3105
f 2972/5178/3057 3063/5306/3148 2987/5248/3072
f 2916/5078/2999 2948/5132/3031 3021/5249/3106
f 2949/5133/3032 3040/5272/3125 2988/5208/3073
f 2852/4964/2935 3064/5307/3149 2920/5117/3003
f 2888/5293/2971 3009/5308/3094 3053/5294/3138
f 2664/4737/2740 2999/5309/3084 3011/5235/3096
f 3031/5275/3116 3065/5310/3150 3042/5276/3127
f 3044/5280/3129 3066/5311/3151 3043/5277/3128
f 3030/5312/3115 3066/5311/3151 3044/5280/3129
f 3031/5283/3116 3067/5313/3152 3065/5314/3150
f 3031/5283/3116 3032/5282/3117 3067/5313/3152
f 3023/5251/3108 3068/5315/3153 2982/5195/3067
f 3034/5264/3119 3047/5286/3132 3015/5253/3100
f 3025/5254/3110 3016/5242/3101 2871/4991/2954
f 2883/5013/2966 3069/5316/3154 2911/5073/2994
f 3017/5243/3102 2994/5216/3079 2912/5074/2995
f 3070/5317/3155 2986/5203/3071 2914/5076/2997
f 2898/5045/2981 2978/5188/3063 2863/4981/2946
f 2978/5188/3063 3071/5318/3156 2863/4981/2946
f 2863/4981/2946 3072/5319/3157 2899/5189/2982
f 3073/5320/3158 2899/5189/2982 3072/5319/3157
f 2965/5160/3050 3052/5292/3137 3074/5321/3159
f 2965/5160/3050 3074/5321/3159 3022/5250/3107
f 2868/4988/2951 3075/5322/3160 2949/5133/3032
f 3012/5236/3097 3043/5277/3128 3076/5323/3161
f 3066/5311/3151 3076/5323/3161 3043/5277/3128
f 3067/5313/3152 3077/5324/3162 3065/5314/3150
f 3001/5224/3086 3075/5325/3160 2868/5068/2951
f 2975/5182/3060 2969/5166/3054 3045/5284/3130
f 3033/5263/3118 3005/5229/3090 3046/5285/3131
f 2976/5287/3061 3047/5286/3132 3049/5326/3134
f 3016/5242/3101 2883/5013/2966 2778/4821/2859
f 2904/5059/2987 3002/5226/3087 3057/5299/3142
f 2962/5156/3047 3007/5231/3092 3002/5226/3087
f 2914/5076/2997 2933/5111/3016 3070/5317/3155
f 2874/5267/2957 3036/5266/3121 3061/5303/3146
f 2963/5157/3048 3078/5327/3163 2944/5127/3027
f 3079/5328/3164 2945/5128/3028 2801/4860/2883
f 2936/5114/3019 3080/5329/3165 3026/5255/3111
f 3027/5256/3112 2996/5218/3081 3081/5330/3166
f 2817/4896/2900 2788/4838/2869 3082/5331/3167
f 2955/5144/3040 3082/5331/3167 2788/4838/2869
f 3010/5234/3095 3083/5332/3168 3030/5259/3115
f 3030/5312/3115 3083/5333/3168 3066/5311/3151
f 3065/5310/3150 3077/5334/3162 3042/5276/3127
f 3001/5224/3086 3055/5297/3140 3075/5325/3160
f 2975/5182/3060 3045/5284/3130 3046/5335/3131
f 2982/5195/3067 3068/5315/3153 3084/5336/3169
f 3034/5264/3119 3085/5337/3170 3047/5286/3132
f 2907/5062/2990 3059/5301/3144 3060/5302/3145
f 3018/5244/3103 3036/5266/3121 2952/5245/3037
f 2936/5114/3019 3019/5246/3104 3080/5329/3165
f 3063/5306/3148 2972/5178/3057 3037/5268/3122
f 2996/5218/3081 2964/5158/3049 3081/5330/3166
f 2863/4981/2946 3071/5318/3156 3072/5319/3157
f 2817/4896/2900 3082/5331/3167 3039/5338/3124
f 2851/4963/2934 2918/5081/3001 3086/5339/3171
f 3029/5258/3114 3041/5273/3126 3087/5340/3172
f 2991/5211/3076 3088/5341/3173 3041/5273/3126
f 2991/5211/3076 3054/5295/3139 3088/5341/3173
f 3066/5311/3151 3083/5333/3168 3089/5342/3174
f 3010/5234/3095 3089/5343/3174 3083/5332/3168
f 3022/5250/3107 3090/5344/3175 3032/5282/3117
f 2968/5165/3053 2982/5195/3067 3055/5297/3140
f 3068/5315/3153 3091/5345/3176 3084/5336/3169
f 3023/5251/3108 3091/5345/3176 3068/5315/3153
f 3034/5264/3119 3033/5263/3118 3092/5346/3177
f 3047/5286/3132 3085/5337/3170 3049/5326/3134
f 2895/5039/2978 2993/5215/3078 2906/5061/2989
f 3093/5347/3178 3058/5300/3143 2906/5061/2989
f 2994/5216/3079 3017/5243/3102 3094/5348/3179
f 2932/5110/3015 3058/5300/3143 2985/5202/3070
f 2935/5113/3018 3035/5265/3120 2933/5111/3016
f 3020/5247/3105 3027/5256/3112 3019/5246/3104
f 2733/4749/2812 3008/5232/3093 2977/5349/3062
f 2899/5189/2982 3073/5320/3158 2918/5350/3001
f 2974/5180/3059 2998/5220/3083 2999/5221/3084
f 3076/5323/3161 3066/5311/3151 3095/5351/3180
f 3012/5236/3097 3076/5323/3161 3096/5352/3181
f 3097/5353/3182 3089/5342/3174 3010/5354/3095
f 3098/5355/3183 3067/5313/3152 3032/5282/3117
f 3074/5321/3159 3090/5344/3175 3022/5250/3107
f 3055/5297/3140 2982/5195/3067 3084/5336/3169
f 3084/5336/3169 3091/5345/3176 3099/5356/3184
f 3023/5251/3108 3100/5357/3185 3091/5345/3176
f 3023/5251/3108 3056/5298/3141 3100/5357/3185
f 3049/5289/3134 3025/5254/3110 2882/5012/2965
f 2961/5155/3046 3057/5299/3142 3101/5358/3186
f 3007/5231/3092 3102/5359/3187 3002/5226/3087
f 2954/5143/3039 3103/5360/3188 3018/5244/3103
f 2987/5207/3072 3063/5361/3148 3104/5362/3189
f 2964/5158/3049 2987/5207/3072 3104/5362/3189
f 2964/5158/3049 3104/5362/3189 3081/5330/3166
f 2977/5187/3062 3105/5363/3190 2978/5188/3063
f 3028/5257/3113 3106/5364/3191 2887/5020/2970
f 2989/5209/3074 3029/5258/3114 2998/5220/3083
f 3010/5234/3095 3107/5365/3192 3097/5366/3182
f 2920/5083/3003 3107/5365/3192 3010/5234/3095
f 3012/5236/3097 3096/5352/3181 3054/5295/3139
f 3066/5311/3151 3089/5342/3174 3095/5351/3180
f 3067/5313/3152 3098/5355/3183 3077/5324/3162
f 3046/5285/3131 3045/5367/3130 3033/5263/3118
f 3056/5298/3141 2992/5214/3077 3108/5368/3193
f 3057/5299/3142 3002/5226/3087 3109/5369/3194
f 3070/5317/3155 3110/5370/3195 2986/5203/3071
f 3060/5302/3145 3051/5291/3136 2934/5112/3017
f 2933/5111/3016 3035/5265/3120 3111/5371/3196
f 2973/5179/3058 2887/5020/2970 3106/5364/3191
f 3086/5339/3171 2852/4964/2935 2851/4963/2934
f 2955/5144/3040 2755/4786/2836 3053/5294/3138
f 3112/5372/3197 3040/5272/3125 2949/5133/3032
f 3113/5373/3198 3052/5292/3137 3040/5272/3125
f 3009/5374/3094 3042/5375/3127 3114/5376/3199
f 3107/5365/3192 3115/5377/3200 3097/5366/3182
f 3114/5378/3199 3042/5379/3127 3116/5380/3201
f 3089/5342/3174 3097/5353/3182 3115/5381/3200
f 3116/5380/3201 3042/5379/3127 3077/5382/3162
f 3032/5282/3117 3090/5344/3175 3098/5355/3183
f 3117/5383/3202 3045/5367/3130 3011/5384/3096
f 3092/5346/3177 3085/5337/3170 3034/5264/3119
f 3108/5368/3193 2992/5214/3077 3048/5288/3133
f 3118/5385/3203 3025/5254/3110 3049/5289/3134
f 3119/5386/3204 2843/4955/2926 2961/5155/3046
f 2943/5125/3026 2845/4957/2928 3051/5291/3136
f 3103/5360/3188 3036/5266/3121 3018/5244/3103
f 3103/5360/3188 2954/5143/3039 3026/5255/3111
f 2944/5127/3027 3079/5328/3164 2801/4860/2883
f 3062/5305/3147 3037/5268/3122 2971/5177/3056
f 2998/5220/3083 3029/5258/3114 3120/5387/3205
f 3121/5388/3206 3122/5389/3207 2920/5083/3003
f 3009/5374/3094 3123/5390/3208 3124/5391/3209
f 3095/5351/3180 3089/5342/3174 3125/5392/3210
f 3122/5389/3207 3107/5365/3192 2920/5083/3003
f 3009/5374/3094 3114/5376/3199 3123/5390/3208
f 3077/5324/3162 3098/5355/3183 3126/5393/3211
f 3089/5342/3174 3115/5381/3200 3125/5392/3210
f 3117/5383/3202 3127/5394/3212 3045/5367/3130
f 3045/5367/3130 3127/5394/3212 3033/5263/3118
f 2993/5215/3078 3093/5347/3178 2906/5061/2989
f 2995/5217/3080 2994/5216/3079 3094/5348/3179
f 3017/5243/3102 2986/5203/3071 3110/5370/3195
f 2933/5111/3016 3111/5371/3196 3070/5317/3155
f 3080/5329/3165 3019/5246/3104 3128/5395/3213
f 3019/5246/3104 3027/5256/3112 3128/5395/3213
f 3063/5306/3148 3037/5268/3122 3129/5396/3214
f 3008/5232/3093 3130/5397/3215 2977/5349/3062
f 2852/4964/2935 3086/5339/3171 3064/5307/3149
f 3040/5272/3125 3112/5372/3197 3131/5398/3216
f 3096/5352/3181 3076/5323/3161 3095/5351/3180
f 3122/5389/3207 3132/5399/3217 3107/5365/3192
f 3114/5376/3199 3133/5400/3218 3123/5390/3208
f 3041/5273/3126 3088/5341/3173 3134/5401/3219
f 3115/5381/3200 3135/5402/3220 3125/5392/3210
f 3107/5365/3192 3132/5399/3217 3115/5377/3200
f 3115/5381/3200 3132/5403/3217 3135/5402/3220
f 3114/5376/3199 3116/5404/3201 3133/5400/3218
f 3052/5292/3137 3113/5373/3198 3074/5321/3159
f 3054/5295/3139 3096/5352/3181 3088/5341/3173
f 3074/5321/3159 3136/5405/3221 3090/5344/3175
f 3033/5263/3118 3137/5406/3222 3092/5346/3177
f 3056/5298/3141 3108/5368/3193 3100/5357/3185
f 3050/5290/3135 2843/4955/2926 3119/5386/3204
f 3102/5359/3187 3109/5369/3194 3002/5226/3087
f 3138/5407/3223 3051/5291/3136 3060/5302/3145
f 2997/5219/3082 3039/5271/3124 3139/5408/3224
f 3086/5339/3171 2918/5081/3001 3073/5409/3158
f 3064/5307/3149 3140/5410/3225 2920/5117/3003
f 3140/5410/3225 3141/5411/3226 2920/5117/3003
f 3141/5412/3226 3121/5388/3206 2920/5083/3003
f 3122/5413/3207 3142/5414/3227 3135/5415/3220
f 3135/3274/3220 3132/5416/3217 3122/5417/3207
f 3123/5418/3208 3133/5419/3218 3143/5420/3228
f 3126/5393/3211 3116/5421/3201 3077/5324/3162
f 3120/5387/3205 2999/5221/3084 2998/5220/3083
f 3143/5422/3228 3133/5423/3218 3144/5424/3229
f 3144/5424/3229 3133/5423/3218 3116/5421/3201
f 3145/5425/3230 3088/5341/3173 3096/5352/3181
f 3136/5405/3221 3074/5321/3159 3113/5373/3198
f 3092/5346/3177 3146/5426/3231 3085/5337/3170
f 3147/5427/3232 3049/5326/3134 3085/5337/3170
f 3147/5427/3232 3118/5428/3203 3049/5326/3134
f 3148/5429/3233 3118/5428/3203 3147/5427/3232
f 3149/5430/3234 3150/5431/3235 3108/2066/3193
f 3149/5432/3234 3108/5368/3193 3048/5288/3133
f 3148/5433/3233 3025/5254/3110 3118/5385/3203
f 3016/5242/3101 3069/5316/3154 2883/5013/2966
f 3151/5434/3236 2985/5202/3070 3058/5300/3143
f 3070/5317/3155 3152/5435/3237 3110/5370/3195
f 2943/5125/3026 3153/5436/3238 2963/5157/3048
f 3036/5266/3121 3103/5360/3188 3154/5437/3239
f 3079/5328/3164 3062/5305/3147 2945/5128/3028
f 3038/5438/3123 2973/5439/3058 3155/5440/3240
f 3072/5319/3157 3156/5441/3241 3073/5320/3158
f 3009/5308/3094 3157/5442/3242 3053/5294/3138
f 3121/5388/3206 3158/5443/3243 3122/5389/3207
f 3090/5344/3175 3136/5405/3221 3098/5355/3183
f 3158/5443/3243 3142/5444/3227 3122/5389/3207
f 3158/5445/3243 3135/5446/3220 3142/5447/3227
f 3123/5448/3208 3143/5422/3228 3144/5424/3229
f 3126/5393/3211 3144/5424/3229 3116/5421/3201
f 3040/5272/3125 3131/5398/3216 3113/5373/3198
f 3087/5340/3172 3041/5273/3126 3134/5401/3219
f 2999/5221/3084 3117/5449/3202 3011/5450/3096
f 3127/5394/3212 3159/5451/3244 3033/5263/3118
f 3159/5451/3244 3137/5406/3222 3033/5263/3118
f 3137/5406/3222 3146/5426/3231 3092/5346/3177
f 3100/5357/3185 3108/5368/3193 3160/5452/3245
f 3150/5431/3235 3160/5453/3245 3108/2066/3193
f 3147/5454/3232 3161/5455/3246 3148/5456/3233
f 3149/5432/3234 3048/5288/3133 3150/5457/3235
f 3101/5358/3186 3057/5299/3142 3162/5458/3247
f 3069/5316/3154 3006/5230/3091 2911/5073/2994
f 3057/5299/3142 3109/5369/3194 3162/5458/3247
f 3102/5359/3187 3163/5459/3248 3109/5369/3194
f 3060/5302/3145 3059/5301/3144 3138/5407/3223
f 3139/5460/3224 3028/5461/3113 2997/5462/3082
f 2955/5144/3040 3164/5463/3249 3082/5331/3167
f 3095/5351/3180 3125/5392/3210 3165/5464/3250
f 3009/5374/3094 3124/5391/3209 3157/5465/3242
f 3121/3102/3206 3135/5466/3220 3158/5467/3243
f 3144/5424/3229 3126/5393/3211 3166/5468/3251
f 3088/5341/3173 3145/5425/3230 3134/5401/3219
f 2949/5133/3032 3167/5469/3252 3112/5372/3197
f 2949/5133/3032 3168/5470/3253 3167/5469/3252
f 2949/5133/3032 3075/5322/3160 3168/5470/3253
f 3075/5325/3160 3055/5297/3140 3169/5471/3254
f 3117/5383/3202 3170/5472/3255 3127/5394/3212
f 3099/5356/3184 3171/5473/3256 3084/5336/3169
f 3099/5356/3184 3091/5345/3176 3172/5474/3257
f 3091/5345/3176 3100/5357/3185 3173/5475/3258
f 3100/5357/3185 3174/5476/3259 3173/5475/3258
f 3085/5337/3170 3146/5426/3231 3175/5477/3260
f 3085/5337/3170 3175/5477/3260 3147/5427/3232
f 3147/5454/3232 3176/5478/3261 3161/5455/3246
f 3176/5478/3261 3177/5479/3262 3161/5455/3246
f 3161/5455/3246 3177/5479/3262 3148/5456/3233
f 3177/5480/3262 3178/5481/3263 3148/5433/3233
f 3048/5288/3133 3050/5290/3135 3150/5457/3235
f 3178/5481/3263 3025/5254/3110 3148/5433/3233
f 3119/5386/3204 2961/5155/3046 3101/5358/3186
f 3007/5482/3092 2995/5483/3080 3102/5484/3187
f 3070/5317/3155 3111/5371/3196 3152/5435/3237
f 3035/5265/3120 3003/5227/3088 3179/5485/3264
f 3051/5291/3136 3153/5436/3238 2943/5125/3026
f 3037/5268/3122 3180/5486/3265 3129/5396/3214
f 3155/5440/3240 2973/5439/3058 3106/5487/3191
f 3125/5392/3210 3181/5488/3266 3165/5464/3250
f 3095/5351/3180 3182/5489/3267 3096/5352/3181
f 3141/5412/3226 3183/5490/3268 3121/5388/3206
f 3125/5392/3210 3135/5402/3220 3184/5491/3269
f 3121/5388/3206 3185/5492/3270 3135/5493/3220
f 3121/5388/3206 3183/5490/3268 3185/5492/3270
f 3123/5494/3208 3186/1883/3271 3124/5495/3209
f 3124/5496/3209 3186/5497/3271 3166/5498/3251
f 3124/5499/3209 3166/1540/3251 3187/5500/3272
f 3096/5352/3181 3188/5501/3273 3145/5425/3230
f 3123/5448/3208 3144/5424/3229 3186/5502/3271
f 3166/5468/3251 3186/5502/3271 3144/5424/3229
f 3120/5387/3205 3029/5258/3114 3087/5340/3172
f 3084/5336/3169 3189/5503/3274 3055/5297/3140
f 3100/5357/3185 3160/5452/3245 3174/5476/3259
f 3050/5290/3135 3190/5504/3275 3150/5457/3235
f 3050/5290/3135 3191/5505/3276 3190/5504/3275
f 3151/5434/3236 3059/5301/3144 2985/5202/3070
f 3080/5329/3165 3128/5395/3213 3192/5506/3277
f 2352/4194/2428 3193/5507/3278 2836/4926/2919
f 2948/5132/3031 3194/5508/3279 3021/5249/3106
f 2948/5132/3031 3038/5270/3123 3194/5508/3279
f 3130/5509/3215 3105/5363/3190 2977/5187/3062
f 2978/5188/3063 3105/5363/3190 3071/5318/3156
f 3157/5442/3242 3195/5510/3280 3053/5294/3138
f 3165/5464/3250 3182/5489/3267 3095/5351/3180
f 3125/5392/3210 3184/5491/3269 3181/5488/3266
f 3140/5511/3225 3196/5512/3281 3141/5513/3226
f 3197/5514/3282 3198/5515/3283 3126/5393/3211
f 3135/5402/3220 3185/5516/3270 3199/5517/3284
f 3187/5518/3272 3200/5519/3285 3124/5391/3209
f 3187/5520/3272 3198/5515/3283 3200/5521/3285
f 3187/5520/3272 3166/5468/3251 3198/5515/3283
f 3126/5393/3211 3198/5515/3283 3166/5468/3251
f 3172/5474/3257 3091/5345/3176 3173/5475/3258
f 3175/5522/3260 3201/5523/3286 3147/5454/3232
f 3177/5480/3262 3176/5524/3261 3178/5481/3263
f 3190/5525/3275 3202/5526/3287 3150/5431/3235
f 3150/5431/3235 3202/5526/3287 3160/5453/3245
f 3006/5230/3091 3203/5527/3288 2993/5215/3078
f 3093/5347/3178 3151/5434/3236 3058/5300/3143
f 3063/5361/3148 3204/5528/3289 3104/5362/3189
f 3106/5487/3191 3028/5461/3113 3205/5529/3290
f 3064/5530/3149 3206/5531/3291 3140/5532/3225
f 3182/5489/3267 3188/5501/3273 3096/5352/3181
f 3135/5402/3220 3199/5517/3284 3184/5491/3269
f 3124/5391/3209 3207/5533/3292 3157/5465/3242
f 3124/5391/3209 3200/5519/3285 3207/5533/3292
f 3136/5405/3221 3208/5534/3293 3209/5535/3294
f 3113/5373/3198 3208/5534/3293 3136/5405/3221
f 3169/5536/3254 3168/5470/3253 3075/5322/3160
f 3084/5336/3169 3171/5473/3256 3189/5503/3274
f 3127/5394/3212 3170/5472/3255 3159/5451/3244
f 3171/5473/3256 3099/5356/3184 3210/5537/3295
f 3211/5538/3296 3212/5539/3297 3137/5406/3222
f 3137/5406/3222 3212/5539/3297 3146/5426/3231
f 3174/5476/3259 3213/5540/3298 3173/5475/3258
f 3147/5454/3232 3201/5523/3286 3176/5478/3261
f 3178/5481/3263 3176/5524/3261 3214/5541/3299
f 3191/5542/3276 3215/5543/3300 3202/5544/3287
f 3190/5504/3275 3191/5505/3276 3202/5545/3287
f 3178/5481/3263 3216/5546/3301 3025/5254/3110
f 3050/5290/3135 3119/5386/3204 3191/5505/3276
f 3119/5386/3204 3217/5547/3302 3191/5505/3276
f 3111/5548/3196 3035/5549/3120 3218/5550/3303
f 3026/5255/3111 3080/5329/3165 3192/5506/3277
f 3128/5395/3213 3027/5256/3112 3219/5551/3304
f 2836/4926/2919 3193/5507/3278 3008/5232/3093
f 3038/5270/3123 3155/5552/3240 3194/5508/3279
f 3028/5461/3113 3139/5460/3224 3205/5529/3290
f 3072/5319/3157 3071/5318/3156 3156/5441/3241
f 3126/5393/3211 3098/5355/3183 3220/5553/3305
f 3141/5554/3226 3199/5555/3284 3221/5556/3306
f 3141/5557/3226 3221/5558/3306 3183/5559/3268
f 3207/5560/3292 3198/5561/3283 3157/5562/3242
f 3157/5563/3242 3198/5564/3283 3222/5565/3307
f 3199/5517/3284 3185/5516/3270 3221/5566/3306
f 3183/5567/3268 3221/5568/3306 3185/5569/3270
f 3207/5560/3292 3200/5570/3285 3198/5561/3283
f 3170/5472/3255 3223/5571/3308 3159/5451/3244
f 3099/5356/3184 3172/5474/3257 3210/5537/3295
f 3173/5475/3258 3213/5540/3298 3172/5474/3257
f 3202/5572/3287 3215/5573/3300 3160/5574/3245
f 3214/5541/3299 3216/5546/3301 3178/5481/3263
f 3162/5458/3247 3109/5369/3194 3224/5575/3309
f 3017/5243/3102 3225/5576/3310 3094/5348/3179
f 3110/5577/3195 3152/5578/3237 3225/5579/3310
f 3062/5305/3147 3226/5580/3311 3037/5268/3122
f 3027/5256/3112 3081/5330/3166 3227/5581/3312
f 3081/5330/3166 3104/5362/3189 3228/5582/3313
f 3082/5331/3167 3229/5583/3314 3039/5338/3124
f 3064/5307/3149 3086/5339/3171 3230/5584/3315
f 3098/5355/3183 3231/5585/3316 3220/5553/3305
f 3136/5405/3221 3231/5585/3316 3098/5355/3183
f 3196/5586/3281 3184/5587/3269 3232/5588/3317
f 3141/5589/3226 3233/5590/3318 3234/5591/3319
f 3196/5592/3281 3233/5593/3318 3141/5594/3226
f 3196/5592/3281 3232/5595/3317 3233/5593/3318
f 3157/5596/3242 3235/5597/3320 3236/1933/3321
f 3141/5589/3226 3234/5591/3319 3199/5598/3284
f 3234/5599/3319 3237/5600/3322 3199/5517/3284
f 3199/5517/3284 3237/5600/3322 3184/5491/3269
f 3238/5601/3323 3210/5537/3295 3172/5474/3257
f 3239/5602/3324 3137/5406/3222 3159/5451/3244
f 3239/5602/3324 3211/5538/3296 3137/5406/3222
f 3215/5603/3300 3191/5505/3276 3217/5547/3302
f 3240/5604/3325 3016/5242/3101 3025/5254/3110
f 3069/5316/3154 3241/5605/3326 3006/5230/3091
f 3203/5527/3288 3093/5347/3178 2993/5215/3078
f 3242/5606/3327 3151/5434/3236 3093/5347/3178
f 3243/5607/3328 3153/5436/3238 3051/5291/3136
f 3227/5581/3312 3219/5551/3304 3027/5256/3112
f 3228/5582/3313 3104/5362/3189 3204/5528/3289
f 3244/5608/3329 2033/3646/2094 2628/4584/2704
f 3245/5609/3330 3105/5363/3190 3130/5509/3215
f 3073/5320/3158 3156/5441/3241 3246/5610/3331
f 3184/5491/3269 3247/5611/3332 3181/5488/3266
f 3140/5612/3225 3248/5613/3333 3196/5614/3281
f 3248/5615/3333 3249/5616/3334 3196/5617/3281
f 3250/5618/3335 3251/5619/3336 3157/5442/3242
f 3196/5620/3281 3252/5621/3337 3184/5622/3269
f 3249/5616/3334 3252/5623/3337 3196/5617/3281
f 3232/5595/3317 3184/5624/3269 3253/5625/3338
f 3232/5595/3317 3253/5625/3338 3233/5593/3318
f 3233/5590/3318 3254/5626/3339 3234/5591/3319
f 3157/5563/3242 3222/5565/3307 3255/5627/3340
f 3255/5628/3340 3256/5629/3341 3157/5630/3242
f 3250/5631/3335 3157/3583/3242 3236/5632/3321
f 3235/5633/3320 3257/5634/3342 3236/5635/3321
f 3235/5633/3320 3256/5636/3341 3257/5634/3342
f 3157/5630/3242 3256/5629/3341 3235/5637/3320
f 3198/5638/3283 3258/5639/3343 3236/5640/3321
f 3198/5515/3283 3197/5514/3282 3258/5641/3343
f 3136/5405/3221 3209/5535/3294 3231/5585/3316
f 3188/5501/3273 3134/5401/3219 3145/5425/3230
f 3184/5491/3269 3237/5600/3322 3253/5642/3338
f 3254/5626/3339 3237/5643/3322 3234/5591/3319
f 3222/5565/3307 3198/5564/3283 3259/5644/3344
f 3198/5645/3283 3236/5646/3321 3257/5647/3342
f 2999/5221/3084 3120/5387/3205 3260/5648/3345
f 2999/5221/3084 3261/5649/3346 3117/5449/3202
f 3223/5571/3308 3239/5602/3324 3159/5451/3244
f 3262/5650/3347 3146/5426/3231 3212/5539/3297
f 3263/5651/3348 3175/5477/3260 3146/5426/3231
f 3264/5652/3349 3214/5541/3299 3176/5524/3261
f 3264/5652/3349 3216/5546/3301 3214/5541/3299
f 3215/5603/3300 3217/5547/3302 3265/5653/3350
f 3266/5654/3351 3240/5604/3325 3025/5254/3110
f 3240/5604/3325 3069/5316/3154 3016/5242/3101
f 3241/5605/3326 3203/5527/3288 3006/5230/3091
f 2995/5217/3080 3267/5655/3352 3102/5359/3187
f 3017/5243/3102 3110/5370/3195 3225/5576/3310
f 3061/5303/3146 3268/5656/3353 3269/5657/3354
f 3061/5303/3146 3036/5266/3121 3268/5656/3353
f 3103/5360/3188 3026/5255/3111 3270/5658/3355
f 3227/5581/3312 3081/5330/3166 3228/5582/3313
f 3106/5487/3191 3205/5529/3290 3155/5440/3240
f 3164/5463/3249 2955/5144/3040 3053/5294/3138
f 3251/5619/3336 3195/5510/3280 3157/5442/3242
f 3126/5393/3211 3271/5659/3356 3197/5514/3282
f 3220/5553/3305 3271/5659/3356 3126/5393/3211
f 3272/5660/3357 3188/5501/3273 3182/5489/3267
f 3253/5625/3338 3254/5661/3339 3233/5593/3318
f 3273/5662/3358 3255/5663/3340 3222/5664/3307
f 3134/5401/3219 3188/5501/3273 3272/5660/3357
f 3253/5665/3338 3237/5666/3322 3254/5667/3339
f 3222/5565/3307 3259/5644/3344 3273/5668/3358
f 3259/5669/3344 3198/5645/3283 3257/5647/3342
f 3120/5387/3205 3087/5340/3172 3274/5670/3359
f 3113/5373/3198 3131/5398/3216 3208/5534/3293
f 3112/5372/3197 3167/5469/3252 3131/5398/3216
f 3170/5472/3255 3117/5383/3202 3275/5671/3360
f 3146/5426/3231 3262/5650/3347 3263/5651/3348
f 3174/5476/3259 3276/5672/3361 3213/5540/3298
f 3175/5522/3260 3263/5673/3348 3201/5523/3286
f 3174/5476/3259 3160/5452/3245 3276/5672/3361
f 3160/5674/3245 3215/5675/3300 3277/5676/3362
f 3176/5478/3261 3201/5523/3286 3264/5677/3349
f 3119/5678/3204 3101/5679/3186 3217/5680/3302
f 3162/5458/3247 3278/5681/3363 3101/5358/3186
f 3218/5550/3303 3279/5682/3364 3111/5548/3196
f 3154/5437/3239 3268/5656/3353 3036/5266/3121
f 3280/5683/3365 2944/5127/3027 3078/5327/3163
f 2944/5127/3027 3280/5683/3365 3079/5328/3164
f 3026/5255/3111 3281/5684/3366 3270/5658/3355
f 3105/5363/3190 3282/5685/3367 3071/5318/3156
f 3283/5686/3368 3073/5687/3158 3246/5688/3331
f 3283/5689/3368 3086/5690/3171 3073/5691/3158
f 3164/5463/3249 3229/5583/3314 3082/5331/3167
f 3181/5488/3266 3247/5611/3332 3284/5692/3369
f 3206/2594/3291 3285/5693/3370 3140/5694/3225
f 3286/5695/3371 3140/5696/3225 3184/5697/3269
f 3285/5698/3370 3184/5699/3269 3140/5700/3225
f 3273/5701/3358 3257/5702/3342 3255/5703/3340
f 3255/5628/3340 3257/5704/3342 3256/5629/3341
f 3273/5701/3358 3259/5705/3344 3257/5702/3342
f 3260/5648/3345 3120/5387/3205 3274/5670/3359
f 3169/5471/3254 3055/5297/3140 3189/5503/3274
f 3275/5706/3360 3223/5707/3308 3170/5708/3255
f 3189/5503/3274 3171/5473/3256 3210/5537/3295
f 3287/5709/3372 3238/5601/3323 3172/5474/3257
f 3288/5710/3373 3211/5711/3296 3239/5712/3324
f 3288/5710/3373 3212/5713/3297 3211/5711/3296
f 3289/5714/3374 3215/5675/3300 3265/5715/3350
f 3289/5716/3374 3217/5717/3302 3290/5718/3375
f 3289/5719/3374 3265/5653/3350 3217/5547/3302
f 3291/5720/3376 3241/5605/3326 3069/5316/3154
f 2995/5217/3080 3094/5348/3179 3267/5655/3352
f 3292/5721/3377 3138/5407/3223 3059/5301/3144
f 3243/5607/3328 3051/5291/3136 3138/5407/3223
f 3279/5682/3364 3152/5578/3237 3111/5548/3196
f 3035/5549/3120 3179/5722/3264 3218/5550/3303
f 2628/4584/2704 3021/5249/3106 3244/5608/3329
f 3165/5464/3250 3181/5488/3266 3293/5723/3378
f 3195/5510/3280 3294/5724/3379 3053/5294/3138
f 3231/5585/3316 3295/5725/3380 3220/5553/3305
f 3206/2594/3291 3296/5726/3381 3285/5693/3370
f 3251/5619/3336 3297/5727/3382 3195/5510/3280
f 3251/5619/3336 3298/5728/3383 3297/5727/3382
f 3297/5729/3382 3197/5730/3282 3195/5731/3280
f 3140/5732/3225 3286/5733/3371 3299/5734/3384
f 3299/5735/3384 3300/5736/3385 3140/5446/3225
f 3300/5737/3385 3248/5613/3333 3140/5612/3225
f 3300/5737/3385 3249/5738/3334 3248/5613/3333
f 3300/5739/3385 3299/5740/3384 3249/5741/3334
f 3301/5742/3386 3251/5619/3336 3302/5743/3387
f 3250/5618/3335 3302/5743/3387 3251/5619/3336
f 3301/5744/3386 3258/5745/3343 3251/5746/3336
f 3286/5747/3371 3184/5622/3269 3299/5748/3384
f 3184/5622/3269 3252/5621/3337 3299/5748/3384
f 3299/5740/3384 3252/5749/3337 3249/5741/3334
f 3250/5631/3335 3236/5632/3321 3303/5750/3388
f 3236/5632/3321 3304/5751/3389 3303/5750/3388
f 3301/5752/3386 3304/5753/3389 3258/5754/3343
f 3236/5632/3321 3258/5755/3343 3304/5751/3389
f 3209/5535/3294 3208/5534/3293 3231/5585/3316
f 3305/5756/3390 3239/5712/3324 3223/5707/3308
f 3212/5713/3297 3288/5710/3373 3262/5757/3347
f 3213/5540/3298 3306/5758/3391 3172/5474/3257
f 3215/5675/3300 3289/5714/3374 3277/5676/3362
f 3307/5759/3392 3216/5546/3301 3264/5652/3349
f 3290/5760/3375 3308/5761/3393 3289/5714/3374
f 3290/5762/3375 3217/1655/3302 3308/5763/3393
f 3109/5764/3194 3163/5765/3248 3224/5766/3309
f 3094/5767/3179 3225/5579/3310 3309/5768/3394
f 3179/5722/3264 3003/5304/3088 3310/5769/3395
f 3003/5304/3088 3311/5770/3396 3310/5769/3395
f 3153/5436/3238 3312/5771/3397 2963/5157/3048
f 3061/5303/3146 3311/5770/3396 3003/5304/3088
f 3026/5255/3111 3192/5506/3277 3281/5684/3366
f 3039/5772/3124 3313/5773/3398 3139/5460/3224
f 3165/5464/3250 3314/5774/3399 3182/5489/3267
f 3165/5464/3250 3293/5723/3378 3314/5774/3399
f 3064/5775/3149 3315/5776/3400 3181/5777/3266
f 3064/5778/3149 3181/5779/3266 3316/5780/3401
f 3181/5779/3266 3317/5781/3402 3316/5780/3401
f 3064/5307/3149 3316/5782/3401 3318/5783/3403
f 3294/5724/3379 3319/5784/3404 3053/5294/3138
f 3053/5785/3138 3319/5786/3404 3271/5787/3356
f 3271/5659/3356 3220/5553/3305 3320/5788/3405
f 3181/5779/3266 3284/5789/3369 3317/5781/3402
f 3206/5790/3291 3247/5791/3332 3321/5792/3406
f 3296/5726/3381 3322/5793/3407 3285/5693/3370
f 3251/5794/3336 3323/5795/3408 3298/5796/3383
f 3297/5797/3382 3324/5798/3409 3197/5799/3282
f 3184/5491/3269 3321/5800/3406 3247/5611/3332
f 3285/5801/3370 3325/5802/3410 3184/5803/3269
f 3184/5491/3269 3325/5804/3410 3321/5800/3406
f 3285/5801/3370 3322/5805/3407 3325/5802/3410
f 3250/5806/3335 3326/2368/3411 3302/5807/3387
f 3303/5808/3388 3326/5809/3411 3250/5810/3335
f 3251/5794/3336 3258/1368/3343 3323/5795/3408
f 3302/5811/3387 3326/5812/3411 3301/5752/3386
f 3324/5813/3409 3327/5814/3412 3197/5815/3282
f 3258/5641/3343 3197/5514/3282 3327/5816/3412
f 3304/5751/3389 3326/5817/3411 3303/5750/3388
f 3301/5752/3386 3326/5812/3411 3304/5753/3389
f 3260/5648/3345 3328/5818/3413 2999/5221/3084
f 3167/5469/3252 3168/5470/3253 3329/5819/3414
f 3117/5449/3202 3261/5649/3346 3275/5820/3360
f 3160/5674/3245 3277/5676/3362 3276/5821/3361
f 3216/5546/3301 3307/5759/3392 3330/5822/3415
f 3308/5761/3393 3331/5823/3416 3289/5714/3374
f 3308/5824/3393 3217/5680/3302 3332/5825/3417
f 3025/5254/3110 3216/5546/3301 3266/5654/3351
f 3240/5604/3325 3291/5720/3376 3069/5316/3154
f 3162/5826/3247 3224/5766/3309 3278/5827/3363
f 3102/5828/3187 3267/5829/3352 3333/5830/3418
f 3093/5347/3178 3334/5831/3419 3242/5606/3327
f 3094/5767/3179 3309/5768/3394 3267/5829/3352
f 3059/5301/3144 3335/5832/3420 3292/5721/3377
f 3154/5437/3239 3336/5833/3421 3268/5656/3353
f 3154/5437/3239 3103/5360/3188 3336/5833/3421
f 3037/5268/3122 3226/5580/3311 3180/5486/3265
f 3064/5834/3149 3337/5835/3422 3315/5836/3400
f 3064/5307/3149 3230/5584/3315 3337/5837/3422
f 3220/5553/3305 3295/5725/3380 3338/5838/3423
f 3316/5782/3401 3317/5839/3402 3318/5783/3403
f 3315/5836/3400 3337/5835/3422 3181/5840/3266
f 3064/5307/3149 3339/5841/3424 3206/5842/3291
f 3064/5307/3149 3318/5783/3403 3339/5841/3424
f 3339/5841/3424 3340/5843/3425 3206/5842/3291
f 3195/5510/3280 3341/5844/3426 3294/5724/3379
f 3053/5845/3138 3271/5846/3356 3342/5847/3427
f 3319/5848/3404 3343/5849/3428 3271/5850/3356
f 3206/5851/3291 3340/5852/3425 3247/5853/3332
f 3206/5790/3291 3321/5792/3406 3344/5854/3429
f 3344/5854/3429 3345/5855/3430 3206/5790/3291
f 3206/2594/3291 3345/5856/3430 3296/5726/3381
f 3296/5857/3381 3346/5858/3431 3322/5859/3407
f 3323/5860/3408 3347/5861/3432 3298/5862/3383
f 3297/5863/3382 3327/5814/3412 3324/5813/3409
f 3195/5864/3280 3348/5865/3433 3341/5866/3426
f 3195/5867/3280 3197/5868/3282 3348/5869/3433
f 3343/5870/3428 3197/5514/3282 3271/5659/3356
f 3322/5871/3407 3346/5872/3431 3325/5804/3410
f 3323/5873/3408 3349/5874/3434 3347/5875/3432
f 3323/5876/3408 3258/5641/3343 3349/5877/3434
f 3258/5641/3343 3327/5816/3412 3349/5877/3434
f 3231/5585/3316 3208/5534/3293 3350/5878/3435
f 3134/5401/3219 3272/5660/3357 3087/5340/3172
f 3260/5648/3345 3274/5670/3359 3328/5818/3413
f 3168/5470/3253 3169/5536/3254 3351/5879/3436
f 3189/5503/3274 3352/5880/3437 3169/5471/3254
f 3275/5706/3360 3353/5881/3438 3223/5707/3308
f 3210/5537/3295 3238/5601/3323 3189/5503/3274
f 3239/5712/3324 3305/5756/3390 3288/5710/3373
f 3172/5474/3257 3306/5758/3391 3287/5709/3372
f 3213/5540/3298 3276/5672/3361 3354/5882/3439
f 3263/5673/3348 3355/5883/3440 3201/5523/3286
f 3201/5523/3286 3356/5884/3441 3264/5677/3349
f 3264/5677/3349 3356/5884/3441 3307/5885/3392
f 3289/5714/3374 3331/5823/3416 3277/5676/3362
f 3308/5886/3393 3332/5887/3417 3331/5888/3416
f 3330/5822/3415 3266/5654/3351 3216/5546/3301
f 3151/5434/3236 3335/5832/3420 3059/5301/3144
f 3179/5722/3264 3310/5769/3395 3218/5550/3303
f 3228/5582/3313 3357/5889/3442 3227/5581/3312
f 3086/5890/3171 3358/4353/3443 3230/5891/3315
f 3342/5892/3427 3359/5893/3444 3053/5294/3138
f 3359/5893/3444 3360/5894/3445 3053/5294/3138
f 3220/5553/3305 3338/5838/3423 3320/5788/3405
f 3337/5835/3422 3361/5895/3446 3181/5840/3266
f 3339/5896/3424 3362/5897/3447 3340/5852/3425
f 3341/5898/3426 3363/5899/3448 3364/5900/3449
f 3341/5898/3426 3364/5900/3449 3294/5901/3379
f 3294/5724/3379 3343/5902/3428 3319/5784/3404
f 3271/5659/3356 3320/5788/3405 3365/5903/3450
f 3340/5852/3425 3362/5897/3447 3247/5853/3332
f 3345/5855/3430 3344/5854/3429 3366/5904/3451
f 3296/5857/3381 3367/5905/3452 3346/5858/3431
f 3347/5861/3432 3368/5906/3453 3298/5862/3383
f 3369/5907/3454 3370/5908/3455 3327/5814/3412
f 3297/5863/3382 3369/5907/3454 3327/5814/3412
f 3298/5728/3383 3369/5909/3454 3297/5727/3382
f 3341/5866/3426 3348/5865/3433 3363/5910/3448
f 3197/5514/3282 3343/5870/3428 3348/5865/3433
f 3348/5865/3433 3343/5870/3428 3371/5911/3456
f 3321/5792/3406 3366/5904/3451 3344/5854/3429
f 3321/5800/3406 3325/5804/3410 3366/5912/3451
f 3346/5872/3431 3372/5913/3457 3325/5804/3410
f 3325/5804/3410 3372/5913/3457 3366/5912/3451
f 3346/5872/3431 3367/5914/3452 3372/5913/3457
f 3373/5915/3458 3374/5916/3459 3375/5917/3460
f 3374/5918/3459 3376/5919/3461 3375/5920/3460
f 3377/5921/3462 3378/5922/3463 3379/5923/3464
f 3347/5875/3432 3349/5874/3434 3368/5924/3453
f 3370/5908/3455 3380/5925/3465 3327/5814/3412
f 3349/5877/3434 3327/5816/3412 3380/5926/3465
f 3375/5927/3460 3381/5928/3466 3373/5929/3458
f 3375/5930/3460 3382/5931/3467 3381/5932/3466
f 3375/5933/3460 3376/5934/3461 3382/5935/3467
f 3383/5936/3468 3384/5937/3469 3385/5938/3470
f 3385/5939/3470 3386/5940/3471 3383/5941/3468
f 3383/5936/3468 3387/5942/3472 3384/5937/3469
f 3386/1941/3471 3387/5943/3472 3383/5944/3468
f 3208/5534/3293 3388/5945/3473 3350/5878/3435
f 3208/5534/3293 3131/5398/3216 3388/5945/3473
f 3351/5879/3436 3329/5819/3414 3168/5470/3253
f 3261/5649/3346 3389/5946/3474 3275/5820/3360
f 3238/5601/3323 3390/5947/3475 3189/5503/3274
f 3213/5540/3298 3354/5882/3439 3306/5758/3391
f 3217/5680/3302 3101/5679/3186 3391/5948/3476
f 3241/5605/3326 3392/5949/3477 3203/5527/3288
f 3102/5828/3187 3333/5830/3418 3163/5765/3248
f 3203/5527/3288 3334/5831/3419 3093/5347/3178
f 3152/5578/3237 3393/5950/3478 3225/5579/3310
f 3311/5770/3396 3061/5303/3146 3269/5657/3354
f 2963/5157/3048 3312/5771/3397 3078/5327/3163
f 3078/5327/3163 3394/5951/3479 3280/5683/3365
f 3395/5952/3480 3193/5507/3278 2352/4194/2428
f 3071/5318/3156 3282/5685/3367 3156/5441/3241
f 3139/5460/3224 3396/5953/3481 3205/5529/3290
f 3039/5338/3124 3229/5583/3314 3313/5954/3398
f 3164/5463/3249 3053/5294/3138 3360/5894/3445
f 3182/5489/3267 3314/5774/3399 3397/5955/3482
f 3293/5723/3378 3398/5956/3483 3314/5774/3399
f 3337/5837/3422 3230/5584/3315 3399/5957/3484
f 3182/5489/3267 3397/5955/3482 3272/5660/3357
f 3337/5835/3422 3399/5958/3484 3361/5895/3446
f 3317/5959/3402 3284/5960/3369 3318/5961/3403
f 3318/5962/3403 3284/5963/3369 3400/5964/3485
f 3339/5896/3424 3401/5965/3486 3362/5897/3447
f 3294/5724/3379 3402/5966/3487 3343/5902/3428
f 3364/5967/3449 3402/5966/3487 3294/5724/3379
f 3362/5968/3447 3403/5969/3488 3247/5611/3332
f 3247/5611/3332 3403/5969/3488 3284/5692/3369
f 3362/5968/3447 3401/5970/3486 3403/5969/3488
f 3345/5855/3430 3366/5904/3451 3404/5971/3489
f 3296/5857/3381 3405/5972/3490 3367/5905/3452
f 3368/5973/3453 3406/5974/3491 3298/5975/3383
f 3364/5976/3449 3407/5977/3492 3408/5978/3493
f 3363/5979/3448 3407/5980/3492 3364/5981/3449
f 3363/5910/3448 3348/5865/3433 3407/5982/3492
f 3348/5865/3433 3371/5911/3456 3407/5982/3492
f 3295/5725/3380 3231/5585/3316 3350/5878/3435
f 3366/5912/3451 3372/5913/3457 3404/5983/3489
f 3373/2691/3458 3381/5984/3466 3374/5985/3459
f 3367/5914/3452 3405/5986/3490 3372/5913/3457
f 3379/5987/3464 3409/5988/3494 3377/5989/3462
f 3377/5989/3462 3409/5988/3494 3410/5810/3495
f 3368/5990/3453 3349/5991/3434 3406/5992/3491
f 3378/5993/3463 3377/5994/3462 3411/5995/3496
f 3377/5994/3462 3410/5996/3495 3411/5995/3496
f 3087/5340/3172 3272/5660/3357 3412/5997/3497
f 3087/5340/3172 3412/5997/3497 3274/5670/3359
f 2999/5221/3084 3328/5818/3413 3261/5649/3346
f 3275/5820/3360 3389/5946/3474 3353/5998/3438
f 3353/5881/3438 3413/5999/3498 3223/5707/3308
f 3223/5707/3308 3413/5999/3498 3305/5756/3390
f 3238/5601/3323 3287/5709/3372 3390/5947/3475
f 3201/5523/3286 3355/5883/3440 3356/5884/3441
f 3266/5654/3351 3414/6000/3499 3240/5604/3325
f 3242/5606/3327 3415/6001/3500 3151/5434/3236
f 3103/5360/3188 3270/5658/3355 3336/5833/3421
f 3128/5395/3213 3219/5551/3304 3192/5506/3277
f 2352/4194/2428 2033/3646/2094 3395/5952/3480
f 3245/5609/3330 3282/5685/3367 3105/5363/3190
f 3086/5339/3171 3283/6002/3368 3416/6003/3501
f 3230/6004/3315 3358/6005/3443 3417/6006/3502
f 3230/6007/3315 3417/6008/3502 3293/1241/3378
f 3230/6009/3315 3293/6010/3378 3418/6011/3503
f 3230/5584/3315 3419/6012/3504 3399/5957/3484
f 3399/5957/3484 3419/6012/3504 3420/6013/3505
f 3359/5893/3444 3421/6014/3506 3360/5894/3445
f 3360/5894/3445 3421/6014/3506 3422/6015/3507
f 3360/6016/3445 3422/6017/3507 3320/6018/3405
f 3361/6019/3446 3423/6020/3508 3181/5488/3266
f 3181/5488/3266 3423/6020/3508 3293/5723/3378
f 3399/5958/3484 3420/6021/3505 3361/5895/3446
f 3420/6021/3505 3424/6022/3509 3361/5895/3446
f 3361/6019/3446 3424/6023/3509 3423/6020/3508
f 3400/6024/3485 3425/6025/3510 3318/5783/3403
f 3425/6025/3510 3426/6026/3511 3318/5783/3403
f 3318/5783/3403 3426/6026/3511 3339/5841/3424
f 3339/5896/3424 3427/6027/3512 3401/5965/3486
f 3408/5978/3493 3428/6028/3513 3429/6029/3514
f 3408/5978/3493 3429/6029/3514 3364/5976/3449
f 3429/6030/3514 3402/5966/3487 3364/5967/3449
f 3402/5966/3487 3430/6031/3515 3343/5902/3428
f 3342/5847/3427 3271/5846/3356 3431/6032/3516
f 3271/5659/3356 3432/6033/3517 3431/6034/3516
f 3271/5659/3356 3365/5903/3450 3432/6033/3517
f 3320/5788/3405 3422/6035/3507 3365/5903/3450
f 3400/5964/3485 3284/5963/3369 3425/6036/3510
f 3284/5963/3369 3433/6037/3518 3425/6036/3510
f 3284/5692/3369 3403/5969/3488 3433/6038/3518
f 3401/5970/3486 3427/6039/3512 3403/5969/3488
f 3404/5971/3489 3434/6040/3519 3345/5855/3430
f 3345/5856/3430 3434/6041/3519 3296/5726/3381
f 3296/5857/3381 3435/6042/3520 3405/5972/3490
f 3406/6043/3491 3436/6044/3521 3298/5728/3383
f 3436/6044/3521 3437/6045/3522 3298/5728/3383
f 3437/6046/3522 3438/6047/3523 3370/5908/3455
f 3369/5907/3454 3437/6046/3522 3370/5908/3455
f 3298/5728/3383 3437/6045/3522 3369/5909/3454
f 3408/6048/3493 3407/5982/3492 3428/6049/3513
f 3343/6050/3428 3430/6051/3515 3371/6052/3456
f 3405/5986/3490 3435/6053/3520 3372/5913/3457
f 3381/5984/3466 3439/6054/3524 3374/5985/3459
f 3378/5922/3463 3440/6055/3525 3379/5923/3464
f 3440/6056/3525 3436/6057/3521 3379/6058/3464
f 3409/6059/3494 3436/6060/3521 3441/6061/3526
f 3379/6058/3464 3436/6057/3521 3409/6062/3494
f 3409/6063/3494 3441/6064/3526 3410/6065/3495
f 3380/5925/3465 3370/5908/3455 3438/6047/3523
f 3349/5877/3434 3380/5926/3465 3438/6066/3523
f 3376/5934/3461 3442/6067/3527 3382/5935/3467
f 3443/6068/3528 3444/6069/3529 3442/6070/3527
f 3442/6071/3527 3445/6072/3530 3443/6073/3528
f 3384/5937/3469 3446/6074/3531 3385/5938/3470
f 3378/5922/3463 3411/6075/3496 3440/6055/3525
f 3386/6076/3471 3447/6077/3532 3411/6078/3496
f 3385/5939/3470 3447/6079/3532 3386/5940/3471
f 3443/6068/3528 3448/5555/3533 3444/6069/3529
f 3443/6080/3528 3445/6081/3530 3448/6082/3533
f 3449/6083/3534 3446/6084/3531 3450/6085/3535
f 3384/5937/3469 3450/6086/3535 3446/6074/3531
f 3384/5937/3469 3387/5942/3472 3450/6086/3535
f 3387/6087/3472 3411/5995/3496 3450/6088/3535
f 3386/6089/3471 3411/5995/3496 3387/6087/3472
f 3449/6090/3534 3450/6091/3535 3451/6092/3536
f 3167/5469/3252 3452/6093/3537 3131/5398/3216
f 3329/5819/3414 3452/6093/3537 3167/5469/3252
f 3328/5818/3413 3274/5670/3359 3412/5997/3497
f 3453/6094/3538 3390/5947/3475 3287/5709/3372
f 3305/5756/3390 3454/6095/3539 3288/5710/3373
f 3288/5710/3373 3454/6095/3539 3262/5757/3347
f 3262/5757/3347 3455/6096/3540 3263/6097/3348
f 3151/5434/3236 3415/6001/3500 3335/5832/3420
f 3279/5682/3364 3456/6098/3541 3152/5578/3237
f 3243/5607/3328 3457/6099/3542 3153/5436/3238
f 3192/5506/3277 3219/5551/3304 3458/6100/3543
f 3129/6101/3214 3459/6102/3544 3063/5361/3148
f 3155/5440/3240 3205/5529/3290 3396/5953/3481
f 3417/6103/3502 3460/6104/3545 3293/6105/3378
f 3230/6106/3315 3418/6107/3503 3461/6108/3546
f 3342/6109/3427 3462/6110/3547 3359/6111/3444
f 3462/6112/3547 3421/6014/3506 3359/5893/3444
f 3418/6011/3503 3423/3661/3508 3461/6113/3546
f 3293/6010/3378 3423/3661/3508 3418/6011/3503
f 3425/6025/3510 3463/6114/3548 3426/6026/3511
f 3339/5841/3424 3464/6115/3549 3427/6116/3512
f 3339/5841/3424 3426/6026/3511 3464/6115/3549
f 3464/6117/3549 3465/6118/3550 3427/4115/3512
f 3402/6119/3487 3466/6120/3551 3430/6051/3515
f 3422/6035/3507 3432/6033/3517 3365/5903/3450
f 3425/6036/3510 3433/6037/3518 3463/6121/3548
f 3427/6122/3512 3467/6123/3552 3403/6124/3488
f 3403/5969/3488 3467/6125/3552 3433/6038/3518
f 3427/6126/3512 3465/6127/3550 3467/6128/3552
f 3434/6040/3519 3404/5971/3489 3468/6129/3553
f 3429/6130/3514 3469/6131/3554 3470/6132/3555
f 3428/6133/3513 3469/6134/3554 3429/6135/3514
f 3428/6049/3513 3407/5982/3492 3469/6136/3554
f 3407/5982/3492 3371/5911/3456 3469/6136/3554
f 3430/6051/3515 3466/6120/3551 3371/6052/3456
f 3404/5971/3489 3471/6137/3556 3468/6129/3553
f 3404/5983/3489 3372/5913/3457 3471/6138/3556
f 3435/6053/3520 3439/6139/3557 3372/5913/3457
f 3372/5913/3457 3439/6139/3557 3471/6138/3556
f 3406/6140/3491 3472/6141/3558 3473/6142/3559
f 3436/6143/3521 3472/6144/3558 3441/6064/3526
f 3406/6145/3491 3349/6146/3434 3472/4530/3558
f 3349/5877/3434 3438/6066/3523 3472/6147/3558
f 3442/6067/3527 3474/6148/3560 3382/5935/3467
f 3382/6149/3467 3474/6150/3560 3381/6151/3466
f 3444/6152/3529 3474/6153/3560 3442/6154/3527
f 3446/6155/3531 3440/6156/3525 3385/5939/3470
f 3447/6077/3532 3440/3101/3525 3411/6078/3496
f 3385/5939/3470 3440/6156/3525 3447/6079/3532
f 3472/6147/3558 3411/5995/3496 3410/5996/3495
f 3441/6064/3526 3472/6144/3558 3410/6065/3495
f 3448/6082/3533 3474/6150/3560 3444/6157/3529
f 3445/6081/3530 3475/6158/3561 3448/6082/3533
f 3448/6082/3533 3475/6158/3561 3474/6150/3560
f 3449/6090/3534 3451/6092/3536 3476/6159/3562
f 3451/6160/3536 3450/6161/3535 3476/6162/3562
f 3169/5536/3254 3352/6163/3437 3351/5879/3436
f 3189/5503/3274 3390/5947/3475 3352/5880/3437
f 3306/5758/3391 3477/6164/3563 3287/5709/3372
f 3354/5882/3439 3478/6165/3564 3306/5758/3391
f 3262/5757/3347 3454/6095/3539 3455/6096/3540
f 3263/6097/3348 3455/6096/3540 3355/6166/3440
f 3277/5676/3362 3479/6167/3565 3276/5821/3361
f 3307/5759/3392 3480/6168/3566 3330/5822/3415
f 3225/5579/3310 3481/6169/3567 3309/5768/3394
f 3152/5578/3237 3456/6098/3541 3393/5950/3478
f 3280/5683/3365 3482/6170/3568 3079/5328/3164
f 3079/5328/3164 3482/6170/3568 3062/5305/3147
f 3227/5581/3312 3483/6171/3569 3219/5551/3304
f 3180/5486/3265 3459/6172/3544 3129/5396/3214
f 3008/5232/3093 3193/5507/3278 3130/5397/3215
f 3396/5953/3481 3484/6173/3570 3155/5440/3240
f 3282/5685/3367 3485/6174/3571 3156/5441/3241
f 3313/5773/3398 3486/6175/3572 3139/5460/3224
f 3164/5463/3249 3360/5894/3445 3487/6176/3573
f 3338/5838/3423 3488/6177/3574 3320/5788/3405
f 3417/6178/3502 3358/6179/3443 3460/6180/3545
f 3230/6106/3315 3461/6108/3546 3489/6181/3575
f 3489/6182/3575 3490/6183/3576 3230/6184/3315
f 3230/5584/3315 3490/6185/3576 3419/6012/3504
f 3420/6013/3505 3419/6012/3504 3491/6186/3577
f 3342/5892/3427 3492/6187/3578 3462/6112/3547
f 3421/6014/3506 3493/6188/3579 3422/6015/3507
f 3272/5660/3357 3397/5955/3482 3494/6189/3580
f 3423/6190/3508 3489/6191/3575 3461/6192/3546
f 3420/6021/3505 3491/6193/3577 3424/6022/3509
f 3463/6114/3548 3495/6194/3581 3426/6026/3511
f 3464/6117/3549 3496/6195/3582 3465/6118/3550
f 3470/6196/3555 3497/6197/3583 3429/6198/3514
f 3497/6199/3583 3402/5966/3487 3429/6030/3514
f 3402/6119/3487 3498/6200/3584 3466/6120/3551
f 3342/6201/3427 3431/5717/3516 3492/6202/3578
f 3431/6034/3516 3432/6033/3517 3499/6203/3585
f 3422/6035/3507 3493/6204/3579 3432/6033/3517
f 3463/6121/3548 3433/6037/3518 3495/6205/3581
f 3433/6037/3518 3500/6206/3586 3495/6205/3581
f 3433/6038/3518 3467/6125/3552 3500/6207/3586
f 3465/6127/3550 3496/6208/3582 3467/6128/3552
f 3434/6040/3519 3468/6129/3553 3471/6137/3556
f 3437/6046/3522 3501/6209/3587 3438/6047/3523
f 3498/6210/3584 3469/6136/3554 3371/5911/3456
f 3466/6211/3551 3498/6210/3584 3371/5911/3456
f 3374/5918/3459 3439/6212/3524 3435/6213/3520
f 3374/5918/3459 3435/6213/3520 3376/5919/3461
f 3376/5919/3461 3435/6213/3520 3442/6214/3527
f 3473/6215/3559 3472/6216/3558 3436/6217/3521
f 3406/6218/3491 3473/6200/3559 3436/6219/3521
f 3501/6220/3587 3472/6147/3558 3438/6066/3523
f 3381/6151/3466 3474/6150/3560 3439/6139/3524
f 3445/6072/3530 3442/6071/3527 3502/6221/3588
f 3502/6221/3588 3503/6222/3589 3445/6072/3530
f 3445/6223/3530 3503/6224/3589 3475/6225/3561
f 3503/6226/3590 3502/6227/3588 3504/6228/3591
f 3449/6090/3534 3505/6229/3592 3446/6230/3531
f 3504/6231/3591 3506/6232/3593 3503/6233/3590
f 3507/6234/3594 3508/6235/3595 3509/6236/3596
f 3449/6090/3534 3476/6159/3562 3505/6229/3592
f 3508/6237/3595 3476/6238/3562 3509/6239/3596
f 3507/6240/3594 3509/6241/3596 3510/6242/3597
f 3509/6241/3596 3476/6243/3562 3510/6242/3597
f 3389/6244/3474 3413/5999/3498 3353/5881/3438
f 3413/5999/3498 3511/6245/3598 3305/5756/3390
f 3276/5672/3361 3512/6246/3599 3354/5882/3439
f 3307/5885/3392 3513/6247/3600 3480/6248/3566
f 3330/5822/3415 3414/6000/3499 3266/5654/3351
f 3240/5604/3325 3414/6000/3499 3291/5720/3376
f 3278/5827/3363 3391/5948/3476 3101/5679/3186
f 3278/5827/3363 3224/5766/3309 3514/6249/3601
f 3267/5829/3352 3309/5768/3394 3515/6250/3602
f 3225/5579/3310 3393/5950/3478 3481/6169/3567
f 3270/5658/3355 3516/6251/3603 3336/5833/3421
f 3227/5581/3312 3357/5889/3442 3483/6171/3569
f 3155/5440/3240 3484/6173/3570 3194/6252/3279
f 3484/6173/3570 3517/6253/3604 3194/6252/3279
f 3139/5460/3224 3486/6175/3572 3396/5953/3481
f 3156/5441/3241 3283/6254/3368 3246/5610/3331
f 3487/6176/3573 3229/5583/3314 3164/5463/3249
f 3416/6003/3501 3358/6255/3443 3086/5339/3171
f 3360/5894/3445 3518/6256/3605 3487/6176/3573
f 3490/6183/3576 3489/6182/3575 3519/6257/3606
f 3491/6186/3577 3419/6012/3504 3520/6258/3607
f 3421/6259/3506 3521/6260/3608 3522/6261/3609
f 3462/6112/3547 3521/6262/3608 3421/6014/3506
f 3360/6263/3445 3523/6264/3610 3518/6265/3605
f 3421/6259/3506 3522/6261/3609 3493/6266/3579
f 3360/6263/3445 3320/6267/3405 3523/6264/3610
f 3489/6191/3575 3423/6190/3508 3519/6268/3606
f 3424/6023/3509 3524/6269/3611 3423/6020/3508
f 3491/6193/3577 3520/6270/3607 3424/6022/3509
f 3520/6270/3607 3525/6271/3612 3424/6022/3509
f 3424/6023/3509 3525/6272/3612 3524/6269/3611
f 3495/6194/3581 3500/6273/3586 3426/6026/3511
f 3437/6274/3522 3526/6275/3613 3470/6276/3555
f 3470/6277/3555 3526/6278/3613 3497/6279/3583
f 3497/6199/3583 3498/6280/3584 3402/5966/3487
f 3522/6281/3609 3499/6203/3585 3432/6033/3517
f 3493/6204/3579 3522/6281/3609 3432/6033/3517
f 3496/5382/3582 3464/6282/3549 3467/6283/3552
f 3434/6040/3519 3471/6137/3556 3527/6284/3614
f 3527/6284/3614 3464/6285/3549 3434/6040/3519
f 3434/6040/3519 3464/6285/3549 3296/6286/3381
f 3470/6287/3555 3528/5846/3615 3437/6288/3522
f 3437/6289/3522 3528/6290/3615 3501/6291/3587
f 3470/6292/3555 3469/6293/3554 3528/6294/3615
f 3469/6136/3554 3498/6210/3584 3528/6295/3615
f 3501/6220/3587 3528/6295/3615 3472/6147/3558
f 3472/6147/3558 3528/6295/3615 3411/5995/3496
f 3474/6150/3560 3475/6158/3561 3439/6139/3524
f 3503/6224/3616 3475/6225/3617 3502/6296/3618
f 3506/6232/3593 3475/6158/3561 3503/6233/3590
f 3529/6297/3619 3506/6232/3593 3504/6231/3591
f 3529/6298/3619 3504/6299/3591 3530/6300/3620
f 3507/6301/3594 3531/6302/3621 3505/6303/3592
f 3507/6304/3594 3476/6305/3562 3508/6306/3595
f 3507/6307/3594 3505/6308/3592 3476/6309/3562
f 3530/6300/3620 3532/6310/3622 3529/6298/3619
f 3529/6297/3619 3532/6311/3622 3506/6232/3593
f 3507/6301/3594 3533/6312/3623 3531/6302/3621
f 3507/6313/3594 3510/6314/3597 3533/6315/3623
f 3351/6316/3436 3534/6317/3624 3535/6318/3625
f 3351/5879/3436 3352/6163/3437 3534/6319/3624
f 3305/5756/3390 3536/6320/3626 3454/6095/3539
f 3306/5758/3391 3478/6165/3564 3477/6164/3563
f 3355/6166/3440 3455/6096/3540 3537/6321/3627
f 3276/5672/3361 3479/6322/3565 3512/6246/3599
f 3355/5883/3440 3537/6323/3627 3356/5884/3441
f 3138/5407/3223 3292/5721/3377 3538/6324/3628
f 3336/5833/3421 3539/6325/3629 3268/5656/3353
f 3192/5506/3277 3458/6100/3543 3540/6326/3630
f 3314/5774/3399 3398/5956/3483 3397/5955/3482
f 3358/6179/3443 3541/6327/3631 3460/6180/3545
f 3462/6112/3547 3542/6328/3632 3521/6262/3608
f 3521/6260/3608 3523/6329/3610 3522/6261/3609
f 3423/6330/3508 3543/6331/3633 3519/6332/3606
f 3423/6020/3508 3524/6269/3611 3543/6333/3633
f 3500/6334/3586 3524/6335/3611 3426/6336/3511
f 3524/6337/3611 3544/6338/3634 3426/6026/3511
f 3426/6026/3511 3544/6338/3634 3464/6115/3549
f 3526/6339/3613 3545/6340/3635 3497/6199/3583
f 3498/6341/3584 3545/6342/3635 3546/6343/3636
f 3497/6199/3583 3545/6340/3635 3498/6280/3584
f 3431/3137/3516 3547/6344/3637 3492/6345/3578
f 3431/6034/3516 3548/6346/3638 3547/6347/3637
f 3499/6203/3585 3548/6346/3638 3431/6034/3516
f 3523/6348/3610 3548/6346/3638 3499/6203/3585
f 3522/6281/3609 3523/6348/3610 3499/6203/3585
f 3464/6349/3549 3549/6350/3639 3467/1563/3552
f 3467/6125/3552 3549/6351/3639 3500/6207/3586
f 3527/6352/3614 3549/6350/3639 3464/6349/3549
f 3296/6353/3381 3464/6115/3549 3550/6354/3640
f 3296/5857/3381 3550/6355/3640 3435/6042/3520
f 3546/6356/3636 3528/6295/3615 3498/6210/3584
f 3527/6284/3614 3471/6137/3556 3549/6357/3639
f 3471/6138/3556 3551/6358/3641 3549/6351/3639
f 3471/6138/3556 3439/6139/3557 3551/6358/3641
f 3439/6212/3642 3551/6359/3643 3435/6213/3644
f 3442/6214/3527 3435/6213/3520 3502/6360/3588
f 3272/5660/3357 3494/6189/3580 3412/5997/3497
f 3505/6361/3592 3552/3636/3645 3440/6156/3525
f 3505/6361/3592 3440/6156/3525 3446/6155/3531
f 3411/5995/3496 3553/6362/3646 3450/6088/3535
f 3450/6088/3535 3553/6362/3646 3476/6243/3562
f 3505/6303/3592 3531/6302/3621 3552/6363/3645
f 3554/6364/3647 3555/6365/3648 3530/6366/3649
f 3510/6242/3597 3553/6362/3646 3533/6367/3623
f 3476/6243/3562 3553/6362/3646 3510/6242/3597
f 3554/6364/3647 3556/6368/3650 3555/6365/3648
f 3530/6300/3649 3556/6369/3650 3554/6370/3647
f 3533/6312/3623 3557/6371/3651 3531/6302/3621
f 3388/5945/3473 3452/6093/3537 3350/5878/3435
f 3388/5945/3473 3131/5398/3216 3452/6093/3537
f 3261/5649/3346 3328/5818/3413 3558/6372/3652
f 3261/5649/3346 3558/6372/3652 3389/5946/3474
f 3390/5947/3475 3534/6373/3624 3352/5880/3437
f 3390/5947/3475 3559/6374/3653 3534/6373/3624
f 3511/6245/3598 3536/6320/3626 3305/5756/3390
f 3287/5709/3372 3477/6164/3563 3453/6094/3538
f 3354/5882/3439 3512/6246/3599 3478/6165/3564
f 3560/6375/3654 3479/6167/3565 3277/5676/3362
f 3356/5884/3441 3513/6247/3600 3307/5885/3392
f 3331/5823/3416 3561/6376/3655 3560/6375/3654
f 3277/5676/3362 3331/5823/3416 3560/6375/3654
f 3331/6377/3416 3562/6378/3656 3561/6379/3655
f 3332/6380/3417 3562/6381/3656 3331/6382/3416
f 3217/5680/3302 3391/5948/3476 3563/6383/3657
f 3224/5766/3309 3163/5765/3248 3564/6384/3658
f 3203/5527/3288 3565/6385/3659 3334/5831/3419
f 3538/6324/3628 3243/5607/3328 3138/5407/3223
f 3566/6386/3660 3567/6387/3661 3130/5397/3215
f 3419/2862/3504 3541/6327/3631 3358/6179/3443
f 3543/6388/3633 3293/6389/3378 3460/6390/3545
f 3398/5956/3483 3293/5723/3378 3543/6333/3633
f 3519/6391/3606 3543/6392/3633 3490/6393/3576
f 3568/6394/3662 3490/6395/3576 3543/3836/3633
f 3419/6012/3504 3490/6185/3576 3568/6396/3662
f 3492/6187/3578 3526/6339/3613 3462/6112/3547
f 3523/6329/3610 3521/6260/3608 3542/6397/3632
f 3542/6398/3632 3518/6265/3605 3523/6264/3610
f 3520/6270/3607 3544/6399/3663 3525/6271/3612
f 3492/6345/3578 3547/6344/3637 3526/6400/3613
f 3549/6401/3664 3569/6402/3665 3464/6403/3666
f 3437/6045/3522 3440/6404/3525 3570/6405/3667
f 3528/6295/3615 3553/6362/3646 3411/5995/3496
f 3439/6139/3524 3475/6158/3561 3571/6406/3668
f 3571/6406/3668 3475/6158/3561 3506/6232/3593
f 3571/6406/3668 3506/6232/3593 3532/6311/3622
f 3571/6407/3669 3530/6408/3649 3555/6409/3648
f 3571/6410/3668 3532/6310/3622 3530/6300/3620
f 3571/6411/3669 3555/6412/3648 3556/6413/3650
f 3571/6410/3669 3556/6369/3650 3530/6300/3649
f 3531/6302/3621 3557/6371/3651 3572/6414/3670
f 3571/6410/3668 3530/6300/3620 3573/6415/3671
f 3574/6416/3672 3572/6414/3673 3557/6371/3674
f 3575/6417/3675 3537/6321/3627 3455/6096/3540
f 3513/6247/3600 3356/5884/3441 3537/6323/3627
f 3576/6418/3676 3479/6167/3565 3560/6375/3654
f 3480/6248/3566 3577/6419/3677 3330/6420/3415
f 3414/6000/3499 3330/5822/3415 3577/6421/3677
f 3332/5825/3417 3217/5680/3302 3563/6383/3657
f 3391/5948/3476 3278/5827/3363 3578/6422/3678
f 3514/6249/3601 3224/5766/3309 3564/6384/3658
f 3392/5949/3477 3565/6385/3659 3203/5527/3288
f 3579/6423/3679 3333/5830/3418 3267/5829/3352
f 3334/5831/3419 3415/6001/3500 3242/5606/3327
f 3580/6424/3680 3292/5721/3377 3335/5832/3420
f 3243/5607/3328 3538/6324/3628 3457/6099/3542
f 3516/6251/3603 3270/5658/3355 3281/5684/3366
f 3226/5580/3311 3062/5305/3147 3482/6170/3568
f 3459/6102/3544 3204/5528/3289 3063/5361/3148
f 3193/5507/3278 3566/6386/3660 3130/5397/3215
f 3567/6387/3661 3245/6425/3330 3130/5397/3215
f 3245/5609/3330 3567/6426/3661 3282/5685/3367
f 3295/5725/3380 3581/6427/3681 3338/5838/3423
f 3541/6428/3631 3543/6429/3633 3460/6430/3545
f 3520/6258/3607 3419/6012/3504 3544/6338/3663
f 3526/6339/3613 3542/6328/3632 3462/6112/3547
f 3544/6431/3663 3524/6269/3611 3525/6272/3612
f 3544/6338/3634 3582/6432/3682 3464/6115/3549
f 3526/6433/3613 3546/6434/3636 3545/6435/3635
f 3526/6400/3613 3547/6344/3637 3546/475/3636
f 3547/6347/3637 3548/6346/3638 3546/6356/3636
f 3549/6351/3639 3551/6358/3641 3524/6269/3611
f 3436/6436/3521 3440/6437/3525 3437/5513/3522
f 3439/6139/3524 3571/6406/3668 3551/6358/3641
f 3502/6360/3588 3435/6213/3520 3583/6438/3683
f 3502/6439/3588 3583/6440/3683 3504/6299/3591
f 3440/6441/3525 3552/6363/3645 3570/6442/3667
f 3504/6299/3591 3583/6440/3683 3530/6300/3620
f 3553/6362/3646 3557/6443/3651 3533/6367/3623
f 3530/6300/3620 3583/6440/3683 3584/6444/3684
f 3494/6189/3580 3585/6445/3685 3412/5997/3497
f 3584/2424/3684 3573/6446/3671 3530/691/3620
f 3557/6371/3651 3586/6447/3686 3572/6414/3670
f 3389/6244/3474 3587/6448/3687 3413/5999/3498
f 3413/5999/3498 3587/6448/3687 3511/6245/3598
f 3390/5947/3475 3453/6094/3538 3559/6374/3653
f 3536/6320/3626 3588/6449/3688 3454/6095/3539
f 3454/6095/3539 3575/6417/3675 3455/6096/3540
f 3267/5829/3352 3515/6250/3602 3579/6423/3679
f 3309/5768/3394 3481/6169/3567 3515/6250/3602
f 3153/5436/3238 3457/6099/3542 3312/5771/3397
f 3281/5684/3366 3192/5506/3277 3540/6326/3630
f 3156/5441/3241 3485/6174/3571 3283/6254/3368
f 3313/5773/3398 3229/6450/3314 3589/6451/3689
f 3487/6176/3573 3590/6452/3690 3229/5583/3314
f 3568/6453/3662 3543/6454/3633 3419/6455/3504
f 3541/6327/3631 3419/2862/3504 3543/6456/3633
f 3591/6457/3691 3523/6348/3610 3320/5788/3405
f 3544/6338/3692 3524/6337/3693 3582/6432/3694
f 3582/6432/3682 3550/6354/3640 3464/6115/3549
f 3548/6346/3638 3523/6348/3610 3546/6356/3636
f 3295/5725/3380 3592/6458/3695 3581/6427/3681
f 3549/6351/3639 3524/6269/3611 3500/6207/3586
f 3295/5725/3380 3350/5878/3435 3592/6458/3695
f 3551/6358/3641 3571/6406/3668 3524/6269/3611
f 3531/6302/3621 3572/6414/3670 3552/6363/3645
f 3571/6406/3668 3573/6459/3671 3593/6460/3696
f 3584/6461/3684 3593/6460/3696 3573/6459/3671
f 3572/6462/3670 3586/6463/3686 3594/6464/3697
f 3328/5818/3413 3412/5997/3497 3595/6465/3698
f 3328/5818/3413 3595/6465/3698 3558/6372/3652
f 3329/5819/3414 3351/5879/3436 3596/6466/3699
f 3478/6165/3564 3597/6467/3700 3477/6164/3563
f 3513/6247/3600 3598/6468/3701 3480/6248/3566
f 3480/6248/3566 3598/6468/3701 3577/6419/3677
f 3562/6378/3656 3332/5825/3417 3563/6383/3657
f 3414/6000/3499 3599/6469/3702 3291/5720/3376
f 3291/5720/3376 3392/5949/3477 3241/5605/3326
f 3580/6424/3680 3538/6324/3628 3292/5721/3377
f 3218/5550/3303 3600/6470/3703 3279/5682/3364
f 3311/5770/3396 3269/5657/3354 3601/6471/3704
f 3078/5327/3163 3312/5771/3397 3394/5951/3479
f 3602/6472/3705 3180/5486/3265 3226/5580/3311
f 3486/6175/3572 3603/6473/3706 3396/5953/3481
f 3358/6255/3443 3416/6003/3501 3419/6012/3504
f 3398/5956/3483 3604/6474/3707 3397/5955/3482
f 3544/6338/3663 3419/6012/3504 3582/6432/3682
f 3350/5878/3435 3452/6093/3537 3592/6458/3695
f 3571/6406/3668 3593/6460/3696 3605/6475/3708
f 3572/6414/3670 3606/6476/3709 3552/6363/3645
f 3593/6460/3696 3584/6461/3684 3607/6477/3710
f 3608/6478/3711 3607/6477/3710 3584/6461/3684
f 3572/6414/3670 3594/6479/3697 3609/6480/3712
f 3412/5997/3497 3585/6445/3685 3595/6465/3698
f 3351/5879/3436 3535/6481/3625 3596/6466/3699
f 3558/6482/3652 3587/6448/3687 3389/6244/3474
f 3534/6483/3624 3610/6484/3713 3535/6485/3625
f 3559/6374/3653 3453/6094/3538 3611/6486/3714
f 3511/6245/3598 3588/6449/3688 3536/6320/3626
f 3477/6487/3563 3597/6488/3700 3453/6489/3538
f 3478/6165/3564 3512/6246/3599 3612/6490/3715
f 3561/6376/3655 3613/6491/3716 3560/6375/3654
f 3598/6468/3701 3614/6492/3717 3577/6419/3677
f 3561/6379/3655 3615/6493/3718 3616/6494/3719
f 3561/6376/3655 3616/6495/3719 3613/6491/3716
f 3561/6379/3655 3617/6496/3720 3615/6493/3718
f 3561/6379/3655 3562/6378/3656 3617/6496/3720
f 3577/6421/3677 3618/6497/3721 3414/6000/3499
f 3218/5550/3303 3310/5769/3395 3600/6470/3703
f 3311/5770/3396 3601/6471/3704 3310/5769/3395
f 3336/5833/3421 3516/6251/3603 3619/6498/3722
f 3281/5684/3366 3620/6499/3723 3516/6251/3603
f 3021/5249/3106 3194/5508/3279 3621/6500/3724
f 3517/6253/3604 3484/6173/3570 3622/6501/3725
f 3282/5685/3367 3623/6502/3726 3485/6174/3571
f 3338/5838/3423 3581/6427/3681 3488/6177/3574
f 3542/6328/3632 3624/6503/3727 3518/6256/3605
f 3625/6504/3728 3437/6045/3522 3570/6405/3667
f 3607/6477/3710 3605/6475/3708 3593/6460/3696
f 3494/6189/3580 3626/6505/3729 3585/6445/3685
f 3572/6414/3670 3609/6480/3712 3606/6476/3709
f 3609/6506/3712 3594/6464/3697 3586/6463/3686
f 3329/5819/3414 3596/6466/3699 3452/6093/3537
f 3534/6483/3624 3627/6507/3730 3610/6484/3713
f 3454/6095/3539 3588/6449/3688 3575/6417/3675
f 3478/6165/3564 3612/6490/3715 3597/6467/3700
f 3613/6491/3716 3576/6418/3676 3560/6375/3654
f 3614/6492/3717 3618/6508/3721 3577/6419/3677
f 3615/6493/3718 3617/6496/3720 3616/6494/3719
f 3618/6497/3721 3628/6509/3731 3414/6000/3499
f 3579/6423/3679 3515/6250/3602 3629/6510/3732
f 3279/5682/3364 3600/6470/3703 3456/6098/3541
f 3269/5657/3354 3268/5656/3353 3601/6471/3704
f 3204/5528/3289 3630/6511/3733 3228/5582/3313
f 2033/3646/2094 3244/5608/3329 3395/5952/3480
f 3484/6173/3570 3396/5953/3481 3622/6501/3725
f 3229/5583/3314 3590/6452/3690 3589/6512/3689
f 3283/6002/3368 3631/6513/3734 3416/6003/3501
f 3283/6002/3368 3632/6514/3735 3631/6513/3734
f 3398/5956/3483 3633/6515/3736 3604/6474/3707
f 3397/5955/3482 3634/6516/3737 3494/6189/3580
f 3419/6012/3504 3550/6354/3640 3582/6432/3682
f 3524/6269/3611 3635/6517/3738 3543/6333/3633
f 3571/6406/3668 3605/6475/3708 3524/6269/3611
f 3636/6518/3739 3437/6045/3522 3625/6504/3728
f 3435/6519/3520 3637/6520/3740 3583/6440/3683
f 3552/6363/3645 3625/6521/3728 3570/6442/3667
f 3608/6478/3711 3638/6522/3741 3607/6477/3710
f 3586/6463/3686 3639/6523/3742 3609/6506/3712
f 3452/6093/3537 3596/6466/3699 3640/6524/3743
f 3596/6466/3699 3535/6481/3625 3610/6525/3713
f 3534/6483/3624 3559/6526/3653 3627/6507/3730
f 3587/6448/3687 3641/6527/3744 3511/6245/3598
f 3511/6245/3598 3642/6528/3745 3588/6449/3688
f 3453/6094/3538 3597/6467/3700 3611/6486/3714
f 3588/6449/3688 3643/6529/3746 3575/6417/3675
f 3512/6530/3599 3479/6167/3565 3644/6531/3747
f 3479/6167/3565 3576/6418/3676 3644/6531/3747
f 3562/6378/3656 3563/6383/3657 3617/6496/3720
f 3563/6383/3657 3391/5948/3476 3578/6422/3678
f 3163/5765/3248 3333/5830/3418 3564/6384/3658
f 3415/6001/3500 3580/6424/3680 3335/5832/3420
f 3393/5950/3478 3645/6532/3748 3481/6169/3567
f 3456/6098/3541 3645/6532/3748 3393/5950/3478
f 3219/5551/3304 3483/6171/3569 3458/6100/3543
f 3459/6102/3544 3630/6511/3733 3204/5528/3289
f 3282/5685/3367 3567/6426/3661 3623/6502/3726
f 3623/6502/3726 3646/6533/3749 3485/6174/3571
f 3313/5773/3398 3589/6451/3689 3486/6175/3572
f 3488/6177/3574 3591/6457/3691 3320/5788/3405
f 3398/5956/3483 3543/6333/3633 3633/6515/3736
f 3523/6348/3610 3553/6362/3646 3546/6356/3636
f 3524/6269/3611 3605/6475/3708 3635/6517/3738
f 3583/6440/3683 3647/6534/3750 3584/6444/3684
f 3648/6535/3751 3626/6505/3729 3494/6189/3580
f 3584/6444/3684 3647/6534/3750 3608/6536/3711
f 3609/6480/3712 3649/6537/3752 3606/6476/3709
f 3638/6522/3741 3650/6538/3753 3651/6539/3754
f 3638/6522/3741 3651/6539/3754 3607/6477/3710
f 3608/6536/3711 3652/6540/3755 3638/6541/3741
f 3652/6540/3755 3650/6542/3753 3638/6541/3741
f 3609/6480/3712 3653/6543/3756 3649/6537/3752
f 3609/6506/3712 3639/6523/3742 3653/6544/3756
f 3586/6463/3686 3654/6545/3757 3639/6523/3742
f 3559/6526/3653 3611/6546/3714 3627/6507/3730
f 3512/6547/3599 3644/6548/3747 3612/6549/3715
f 3576/6418/3676 3655/6550/3758 3644/6531/3747
f 3537/6323/3627 3656/6551/3759 3513/6247/3600
f 3656/6551/3759 3598/6468/3701 3513/6247/3600
f 3616/6495/3719 3657/6552/3760 3613/6491/3716
f 3394/5951/3479 3658/6553/3761 3280/5683/3365
f 3482/6170/3568 3280/5683/3365 3659/6554/3762
f 3194/5508/3279 3517/6555/3604 3621/6500/3724
f 3485/6174/3571 3632/6556/3735 3283/6254/3368
f 3487/6176/3573 3518/6256/3605 3624/6503/3727
f 3592/6458/3695 3660/6557/3763 3581/6427/3681
f 3546/6356/3636 3553/6362/3646 3528/6295/3615
f 3553/6362/3646 3661/6558/3764 3557/6443/3651
f 3552/6363/3645 3662/6559/3765 3625/6521/3728
f 3552/6363/3645 3606/6476/3709 3662/6559/3765
f 3586/6463/3686 3557/6443/3651 3661/6558/3764
f 3608/6536/3711 3647/6534/3750 3663/6560/3766
f 3663/6560/3766 3652/6540/3755 3608/6536/3711
f 3663/6560/3766 3664/6561/3767 3652/6540/3755
f 3452/6093/3537 3640/6524/3743 3592/6458/3695
f 3585/6445/3685 3626/6505/3729 3665/6562/3768
f 3666/6563/3769 3665/6562/3768 3626/6505/3729
f 3650/6538/3753 3667/6564/3770 3651/6539/3754
f 3652/581/3755 3664/6565/3767 3668/6566/3771
f 3652/6540/3755 3668/6567/3771 3650/6542/3753
f 3668/6568/3771 3667/6564/3770 3650/6538/3753
f 3596/6466/3699 3610/6525/3713 3669/6569/3772
f 3643/6529/3746 3670/6570/3773 3575/6417/3675
f 3575/6417/3675 3670/6570/3773 3537/6321/3627
f 3670/6570/3773 3656/6571/3759 3537/6321/3627
f 3656/6551/3759 3671/6572/3774 3598/6468/3701
f 3616/6494/3719 3672/6573/3775 3657/6574/3760
f 3278/5827/3363 3514/6249/3601 3578/6422/3678
f 3291/5720/3376 3599/6469/3702 3392/5949/3477
f 3333/5830/3418 3673/6575/3776 3564/6384/3658
f 3415/6001/3500 3674/6576/3777 3580/6424/3680
f 3580/6424/3680 3675/6577/3778 3538/6324/3628
f 3456/6098/3541 3676/6578/3779 3645/6532/3748
f 3310/5769/3395 3677/6579/3780 3600/6470/3703
f 3601/6471/3704 3268/5656/3353 3539/6325/3629
f 3281/5684/3366 3540/6326/3630 3620/6499/3723
f 3228/5582/3313 3630/6511/3733 3357/5889/3442
f 3021/5249/3106 3678/6580/3781 3244/5608/3329
f 3021/5249/3106 3621/6500/3724 3678/6580/3781
f 3646/6533/3749 3679/6581/3782 3485/6174/3571
f 3632/6556/3735 3485/6174/3571 3679/6581/3782
f 3416/6003/3501 3680/6582/3783 3419/6012/3504
f 3397/5955/3482 3604/6474/3707 3634/6516/3737
f 3526/6339/3613 3681/6583/3784 3542/6328/3632
f 3634/6516/3737 3682/6584/3785 3494/6189/3580
f 3435/6585/3520 3550/6354/3640 3637/6586/3740
f 3583/6440/3683 3683/6587/3786 3647/6534/3750
f 3605/6475/3708 3607/6477/3710 3651/6539/3754
f 3663/6588/3766 3647/6589/3750 3684/6590/3787
f 3684/6591/3787 3664/6561/3767 3663/6560/3766
f 3586/6463/3686 3661/6558/3764 3654/6545/3757
f 3639/6523/3742 3654/6545/3757 3653/6544/3756
f 3595/6465/3698 3585/6445/3685 3685/6592/3788
f 3595/6465/3698 3685/6592/3788 3558/6372/3652
f 3511/6245/3598 3641/6527/3744 3642/6528/3745
f 3642/6528/3745 3686/6593/3789 3588/6449/3688
f 3613/6491/3716 3655/6550/3758 3576/6418/3676
f 3598/6468/3701 3671/6572/3774 3614/6492/3717
f 3614/6492/3717 3671/6572/3774 3618/6508/3721
f 3687/6594/3790 3657/6574/3760 3672/6573/3775
f 3618/6595/3721 3688/6596/3791 3689/1689/3792
f 3481/6169/3567 3629/6510/3732 3515/6250/3602
f 3457/6099/3542 3394/5951/3479 3312/5771/3397
f 3601/6471/3704 3677/6579/3780 3310/5769/3395
f 3603/6473/3706 3690/6597/3793 3622/6501/3725
f 3622/6501/3725 3396/5953/3481 3603/6473/3706
f 3486/6175/3572 3691/6598/3794 3603/6473/3706
f 3487/6176/3573 3624/6503/3727 3590/6452/3690
f 3523/6348/3610 3591/6457/3691 3553/6362/3646
f 3494/6189/3580 3682/6584/3785 3648/6535/3751
f 3637/6520/3740 3692/6599/3795 3583/6440/3683
f 3692/6599/3795 3683/6587/3786 3583/6440/3683
f 3683/6600/3786 3684/6590/3787 3647/6589/3750
f 3606/6601/3709 3649/6602/3752 3693/6603/3796
f 3592/6604/3695 3694/6605/3797 3695/6606/3798
f 3668/6607/3771 3664/6608/3767 3667/6609/3770
f 3653/6544/3756 3696/6610/3799 3649/6602/3752
f 3653/6544/3756 3654/6545/3757 3696/6610/3799
f 3592/6604/3695 3640/6611/3743 3694/6605/3797
f 3685/6592/3788 3697/6612/3800 3558/6372/3652
f 3558/6482/3652 3697/6613/3800 3587/6448/3687
f 3627/6507/3730 3611/6546/3714 3698/6614/3801
f 3641/6527/3744 3699/6615/3802 3642/6528/3745
f 3611/6546/3714 3597/6616/3700 3700/6617/3803
f 3588/6449/3688 3686/6593/3789 3643/6529/3746
f 3670/6570/3773 3701/6618/3804 3656/6571/3759
f 3644/6548/3747 3655/6619/3758 3702/6620/3805
f 3687/6594/3790 3703/6621/3806 3657/6574/3760
f 3613/6491/3716 3704/6622/3807 3655/6550/3758
f 3657/6552/3760 3705/6623/3808 3613/6491/3716
f 3672/6573/3775 3617/6496/3720 3687/6594/3790
f 3672/6573/3775 3616/6494/3719 3617/6496/3720
f 3333/5830/3418 3579/6423/3679 3673/6575/3776
f 3579/6423/3679 3706/6624/3809 3673/6575/3776
f 3458/6100/3543 3483/6171/3569 3707/6625/3810
f 3566/6386/3660 3193/5507/3278 3708/6626/3811
f 3691/6598/3794 3486/6175/3572 3589/6451/3689
f 3709/6627/3812 3634/6516/3737 3604/6474/3707
f 3709/6627/3812 3604/6474/3707 3633/6515/3736
f 3710/6628/3813 3550/6354/3640 3419/6012/3504
f 3624/6503/3727 3542/6328/3632 3681/6583/3784
f 3681/6583/3784 3526/6339/3613 3437/6045/3522
f 3636/6518/3739 3625/6504/3728 3711/6629/3814
f 3625/6521/3728 3712/6630/3815 3711/3364/3814
f 3662/6559/3765 3712/6630/3815 3625/6521/3728
f 3692/6599/3795 3713/6631/3816 3683/6587/3786
f 3712/6630/3815 3662/6559/3765 3714/6632/3817
f 3684/6590/3787 3683/6600/3786 3713/6633/3816
f 3714/6634/3817 3662/6635/3765 3693/6603/3796
f 3693/6603/3796 3662/6635/3765 3606/6601/3709
f 3665/6636/3768 3666/6637/3769 3715/6638/3818
f 3716/6639/3819 3694/6605/3797 3640/6611/3743
f 3640/6524/3743 3596/6466/3699 3717/6640/3820
f 3665/6562/3768 3685/6592/3788 3585/6445/3685
f 3717/6640/3820 3596/6466/3699 3669/6569/3772
f 3610/6484/3713 3627/6507/3730 3718/6641/3821
f 3719/6642/3822 3587/6448/3687 3697/6613/3800
f 3719/6642/3822 3641/6527/3744 3587/6448/3687
f 3700/6617/3803 3698/6614/3801 3611/6546/3714
f 3701/6618/3804 3670/6570/3773 3643/6529/3746
f 3612/6549/3715 3644/6548/3747 3702/6620/3805
f 3720/6643/3823 3689/6644/3792 3688/6645/3791
f 3671/6572/3774 3688/6646/3791 3618/6508/3721
f 3721/6647/3824 3705/6623/3808 3657/6552/3760
f 3705/6623/3808 3704/6622/3807 3613/6491/3716
f 3628/6509/3731 3618/6497/3721 3689/6648/3792
f 3722/6649/3825 3414/6000/3499 3628/6509/3731
f 3723/6650/3826 3414/6000/3499 3722/6649/3825
f 3724/6651/3827 3392/5949/3477 3599/6469/3702
f 3725/6652/3828 3565/6385/3659 3392/5949/3477
f 3565/6385/3659 3726/6653/3829 3334/5831/3419
f 3726/6653/3829 3415/6001/3500 3334/5831/3419
f 3456/6098/3541 3600/6470/3703 3676/6578/3779
f 3619/6498/3722 3516/6251/3603 3620/6499/3723
f 3602/6472/3705 3459/6172/3544 3180/5486/3265
f 3727/6654/3830 3357/5889/3442 3630/6511/3733
f 3395/5952/3480 3708/6626/3811 3193/5507/3278
f 3679/6581/3782 3631/6655/3734 3632/6556/3735
f 3631/6513/3734 3680/6582/3783 3416/6003/3501
f 3419/6012/3504 3680/6582/3783 3710/6628/3813
f 3543/6333/3633 3635/6517/3738 3633/6515/3736
f 3711/6656/3814 3712/6657/3815 3728/6658/3831
f 3729/6659/3832 3730/6660/3833 3692/6599/3795
f 3728/6661/3831 3712/6630/3815 3731/6662/3834
f 3692/6663/3795 3732/6664/3835 3733/6665/3836
f 3692/6666/3795 3733/6667/3836 3713/6668/3816
f 3730/6660/3833 3732/6669/3835 3692/6599/3795
f 3712/6630/3815 3714/6632/3817 3731/6662/3834
f 3733/6670/3836 3684/6590/3787 3713/6633/3816
f 3605/6475/3708 3651/6539/3754 3734/6671/3837
f 3648/6672/3751 3666/6673/3769 3626/6674/3729
f 3684/6590/3787 3667/6564/3770 3664/6675/3767
f 3640/6611/3743 3717/6676/3820 3716/6639/3819
f 3610/6484/3713 3718/6641/3821 3669/6677/3772
f 3597/6616/3700 3735/6678/3838 3700/6617/3803
f 3643/6529/3746 3686/6593/3789 3701/6618/3804
f 3597/6616/3700 3612/6549/3715 3735/6678/3838
f 3612/6549/3715 3702/6620/3805 3735/6678/3838
f 3736/6679/3839 3703/6680/3806 3737/6681/3840
f 3736/6682/3839 3738/6683/3841 3703/6684/3806
f 3688/6685/3791 3739/1235/3842 3720/6686/3823
f 3739/6687/3842 3689/6688/3792 3720/6689/3823
f 3703/6690/3806 3721/6647/3824 3657/6552/3760
f 3539/6325/3629 3336/5833/3421 3601/6471/3704
f 3226/5580/3311 3482/6170/3568 3602/6472/3705
f 3707/6625/3810 3483/6171/3569 3357/5889/3442
f 3621/6500/3724 3517/6555/3604 3740/6691/3843
f 3566/6692/3660 3741/6693/3844 3567/6426/3661
f 3690/6597/3793 3742/6694/3845 3622/6501/3725
f 3603/6473/3706 3691/6598/3794 3690/6597/3793
f 3437/6045/3522 3636/6518/3739 3681/6583/3784
f 3553/6362/3646 3743/6695/3846 3661/6558/3764
f 3637/6520/3740 3729/6659/3832 3692/6599/3795
f 3711/6696/3814 3728/6697/3831 3744/6698/3847
f 3729/6699/3832 3733/6700/3836 3745/6701/3848
f 3729/6702/3832 3745/6703/3848 3730/3225/3833
f 3729/6704/3832 3746/6705/3849 3733/6706/3836
f 3747/6707/3850 3746/6705/3849 3729/6704/3832
f 3728/6708/3831 3748/6709/3851 3744/1863/3847
f 3731/6710/3834 3748/6711/3851 3728/6712/3831
f 3732/6664/3835 3745/6713/3848 3733/6665/3836
f 3730/6714/3833 3745/6715/3848 3732/6716/3835
f 3714/6634/3817 3748/6717/3851 3731/6718/3834
f 3693/6603/3796 3749/6719/3852 3714/6634/3817
f 3684/6590/3787 3733/6670/3836 3667/6564/3770
f 3649/6602/3752 3749/6719/3852 3693/6603/3796
f 3665/6562/3768 3750/6720/3853 3685/6592/3788
f 3627/6507/3730 3751/6721/3854 3718/6641/3821
f 3698/6614/3801 3751/6721/3854 3627/6507/3730
f 3700/6617/3803 3752/6722/3855 3698/6614/3801
f 3642/6528/3745 3699/6615/3802 3686/6593/3789
f 3686/6593/3789 3753/6723/3856 3701/6618/3804
f 3754/6724/3857 3755/6725/3858 3756/6726/3859
f 3755/6725/3858 3757/6727/3860 3756/6726/3859
f 3756/6728/3859 3757/6729/3860 3758/6730/3861
f 3759/6731/3862 3760/6732/3863 3737/6733/3840
f 3757/6729/3860 3761/6734/3864 3762/6735/3865
f 3656/6571/3759 3701/6618/3804 3763/6736/3866
f 3762/6735/3865 3761/6734/3864 3739/6737/3842
f 3760/6732/3863 3736/6738/3839 3737/6733/3840
f 3656/6551/3759 3763/6739/3866 3671/6572/3774
f 3538/6324/3628 3764/6740/3867 3457/6099/3542
f 3600/6470/3703 3677/6579/3780 3765/6741/3868
f 3517/6253/3604 3622/6501/3725 3740/6742/3843
f 3589/6451/3689 3590/6743/3690 3766/6744/3869
f 3635/6517/3738 3767/6745/3870 3633/6515/3736
f 3553/6362/3646 3591/6457/3691 3743/6695/3846
f 3637/6586/3740 3550/6354/3640 3768/6746/3871
f 3637/6520/3740 3768/6747/3871 3729/6659/3832
f 3711/6748/3814 3769/6749/3872 3770/6750/3873
f 3711/6751/3814 3770/6752/3873 3636/6753/3739
f 3743/6695/3846 3771/6754/3874 3661/6558/3764
f 3772/6755/3875 3747/6756/3850 3729/6757/3832
f 3772/6758/3875 3773/6759/3876 3747/6760/3850
f 3769/6761/3872 3748/6762/3851 3774/6763/3877
f 3744/6764/3847 3775/6765/3878 3711/6766/3814
f 3711/6767/3814 3748/6762/3851 3769/6761/3872
f 3775/6768/3878 3748/6769/3851 3711/6770/3814
f 3747/6771/3850 3776/6059/3879 3746/6772/3849
f 3746/6773/3849 3776/6774/3879 3733/6775/3836
f 3747/6776/3850 3777/6777/3880 3776/6778/3879
f 3773/6759/3876 3777/6779/3880 3747/6760/3850
f 3748/6709/3851 3775/6780/3878 3744/1863/3847
f 3714/6634/3817 3778/6781/3881 3748/6717/3851
f 3714/6634/3817 3749/6719/3852 3778/6781/3881
f 3661/6558/3764 3771/6754/3874 3654/6545/3757
f 3649/6602/3752 3696/6610/3799 3749/6719/3852
f 3695/6606/3798 3779/6782/3882 3592/6604/3695
f 3695/6606/3798 3694/6605/3797 3780/6783/3883
f 3665/6562/3768 3715/6784/3818 3750/6720/3853
f 3715/6785/3818 3781/6786/3884 3750/6787/3853
f 3685/6788/3788 3750/6789/3853 3697/6613/3800
f 3719/6642/3822 3782/6790/3885 3641/6527/3744
f 3641/6527/3744 3782/6790/3885 3699/6615/3802
f 3698/6614/3801 3752/6722/3855 3751/6721/3854
f 3699/6615/3802 3753/6723/3856 3686/6593/3789
f 3783/6791/3886 3784/6792/3887 3785/6793/3888
f 3786/6794/3889 3759/6731/3862 3787/6795/3890
f 3785/6793/3888 3788/6796/3891 3754/6797/3857
f 3784/6792/3887 3789/6798/3892 3785/6793/3888
f 3785/6793/3888 3789/6798/3892 3788/6796/3891
f 3784/6799/3887 3790/6800/3893 3789/6801/3892
f 3790/6802/3893 3788/6803/3891 3789/6804/3892
f 3791/6805/3894 3760/6806/3863 3759/6807/3862
f 3762/6735/3865 3758/6730/3861 3757/6729/3860
f 3760/6806/3863 3792/6808/3895 3736/6809/3839
f 3655/6619/3758 3704/6810/3807 3702/6620/3805
f 3736/6809/3839 3721/6811/3824 3738/6812/3841
f 3738/6812/3841 3721/6811/3824 3703/6813/3806
f 3721/6814/3824 3704/6815/3807 3705/6816/3808
f 3671/6572/3774 3793/6817/3896 3688/6646/3791
f 3563/6383/3657 3794/6818/3897 3617/6496/3720
f 3563/6383/3657 3795/6819/3898 3794/6818/3897
f 3723/6650/3826 3724/6651/3827 3599/6469/3702
f 3629/6510/3732 3481/6169/3567 3796/6820/3899
f 3645/6532/3748 3797/6821/3900 3481/6169/3567
f 3580/6424/3680 3674/6576/3777 3675/6577/3778
f 3622/6501/3725 3742/6694/3845 3740/6742/3843
f 3567/6426/3661 3741/6693/3844 3623/6502/3726
f 3691/6598/3794 3589/6451/3689 3766/6744/3869
f 3590/6452/3690 3624/6503/3727 3798/6822/3901
f 3591/6457/3691 3488/6177/3574 3799/6823/3902
f 3581/6427/3681 3660/6557/3763 3800/6824/3903
f 3635/6517/3738 3605/6475/3708 3767/6745/3870
f 3801/6825/3904 3802/6826/3905 3636/6518/3739
f 3770/6827/3873 3801/6825/3904 3636/6518/3739
f 3729/6659/3832 3768/6747/3871 3772/6828/3875
f 3768/6747/3871 3803/6829/3906 3772/6828/3875
f 3804/6830/3907 3770/6831/3873 3769/6832/3872
f 3772/6833/3875 3805/6834/3908 3806/6835/3909
f 3772/6836/3875 3807/6837/3910 3773/6838/3876
f 3772/6839/3875 3806/6840/3909 3807/6841/3910
f 3772/6833/3875 3803/2662/3906 3805/6834/3908
f 3769/6842/3872 3808/6843/3911 3804/6844/3907
f 3769/6761/3872 3774/6763/3877 3808/6845/3911
f 3774/6846/3877 3809/6847/3912 3808/6843/3911
f 3748/6717/3851 3809/6847/3912 3774/6846/3877
f 3733/6848/3836 3776/6849/3879 3806/6850/3909
f 3777/6777/3880 3806/6851/3909 3776/6778/3879
f 3777/6852/3880 3807/6841/3910 3806/6840/3909
f 3773/6853/3876 3807/6841/3910 3777/6852/3880
f 3694/6605/3797 3810/6854/3913 3780/6783/3883
f 3694/6605/3797 3716/6639/3819 3810/6854/3913
f 3811/6855/3914 3717/6676/3820 3669/6677/3772
f 3718/6641/3821 3811/6855/3914 3669/6677/3772
f 3719/6642/3822 3697/6613/3800 3812/6856/3915
f 3782/6790/3885 3719/6642/3822 3812/6856/3915
f 3785/6793/3888 3813/6857/3916 3783/6791/3886
f 3786/6794/3889 3787/6795/3890 3814/6858/3917
f 3783/6791/3886 3813/6857/3916 3784/6792/3887
f 3754/6797/3857 3815/6859/3918 3785/6793/3888
f 3700/6617/3803 3735/6678/3838 3752/6722/3855
f 3754/6797/3857 3756/6728/3859 3815/6859/3918
f 3790/6800/3893 3754/6724/3857 3788/6860/3891
f 3790/6800/3893 3755/6725/3858 3754/6724/3857
f 3790/6800/3893 3757/6727/3860 3755/6725/3858
f 3816/6861/3919 3759/6731/3862 3737/6733/3840
f 3817/6862/3920 3671/6572/3774 3763/6739/3866
f 3762/6735/3865 3739/6737/3842 3818/6863/3921
f 3818/6864/3921 3739/6865/3842 3688/6646/3791
f 3793/6817/3896 3818/6864/3921 3688/6646/3791
f 3703/6621/3806 3687/6594/3790 3617/6496/3720
f 3703/6621/3806 3617/6496/3720 3794/6818/3897
f 3565/6385/3659 3725/6652/3828 3819/6866/3922
f 3819/6866/3922 3726/6653/3829 3565/6385/3659
f 3457/6099/3542 3764/6740/3867 3394/5951/3479
f 3601/6471/3704 3336/5833/3421 3820/6867/3923
f 3709/6627/3812 3821/6868/3924 3634/6516/3737
f 3488/6177/3574 3800/6824/3903 3799/6823/3902
f 3581/6427/3681 3800/6824/3903 3488/6177/3574
f 3591/6457/3691 3799/6823/3902 3743/6695/3846
f 3822/6869/3925 3801/6870/3904 3770/6871/3873
f 3768/6872/3926 3823/6873/3927 3824/6874/3928
f 3824/6875/3928 3825/6876/3929 3768/6877/3926
f 3823/6878/3927 3768/6879/3926 3826/6880/3930
f 3768/6881/3926 3825/6882/3929 3826/6883/3930
f 3803/6829/3906 3768/6747/3871 3827/6884/3931
f 3827/6884/3931 3828/6885/3932 3803/6829/3906
f 3804/6886/3907 3829/6887/3933 3770/6888/3873
f 3830/6889/3934 3770/6890/3873 3809/6891/3912
f 3770/6892/3873 3829/6893/3933 3809/6894/3912
f 3806/6895/3909 3824/6896/3928 3733/6670/3836
f 3806/6897/3909 3825/6898/3929 3824/6899/3928
f 3806/6900/3909 3826/6901/3930 3825/6902/3929
f 3806/6895/3909 3805/6903/3908 3826/6880/3930
f 3805/6903/3908 3831/6904/3935 3826/6880/3930
f 3805/6903/3908 3803/6905/3906 3832/6906/3936
f 3805/6903/3908 3832/6906/3936 3831/6904/3935
f 3832/6906/3936 3803/6905/3906 3833/6907/3937
f 3833/6908/3937 3803/6909/3906 3828/5860/3932
f 3808/6843/3911 3829/6910/3933 3804/6844/3907
f 3808/6843/3911 3809/6847/3912 3829/6910/3933
f 3748/6717/3851 3778/6781/3881 3809/6847/3912
f 3771/6754/3874 3834/6911/3938 3654/6545/3757
f 3734/6671/3837 3651/6539/3754 3667/6564/3770
f 3779/6782/3882 3695/6606/3798 3780/6783/3883
f 3715/6912/3818 3666/6673/3769 3835/6913/3939
f 3716/6639/3819 3836/6914/3940 3810/6854/3913
f 3697/6613/3800 3750/6789/3853 3837/6915/3941
f 3697/6613/3800 3837/6915/3941 3812/6856/3915
f 3811/6855/3914 3718/6641/3821 3751/6721/3854
f 3782/6790/3885 3753/6723/3856 3699/6615/3802
f 3838/6916/3942 3814/6858/3917 3839/6917/3943
f 3838/6916/3942 3786/6794/3889 3814/6858/3917
f 3840/6918/3944 3791/6919/3894 3838/6916/3942
f 3838/6920/3942 3759/6807/3862 3786/6921/3889
f 3838/6920/3942 3791/6805/3894 3759/6807/3862
f 3840/6922/3944 3841/6923/3945 3791/6805/3894
f 3752/6722/3855 3735/6678/3838 3842/6924/3946
f 3784/6799/3887 3843/6925/3947 3790/6800/3893
f 3815/6859/3918 3756/6728/3859 3844/6926/3948
f 3791/6805/3894 3792/6808/3895 3760/6806/3863
f 3756/6728/3859 3758/6730/3861 3844/6926/3948
f 3735/6678/3838 3702/6620/3805 3845/6927/3949
f 3758/6730/3861 3762/6735/3865 3844/6926/3948
f 3701/6618/3804 3846/6928/3950 3763/6736/3866
f 3845/6927/3949 3702/6620/3805 3704/6810/3807
f 3847/6929/3951 3761/6930/3864 3757/6727/3860
f 3792/6808/3895 3848/6931/3952 3736/6809/3839
f 3848/6931/3952 3721/6811/3824 3736/6809/3839
f 3817/6862/3920 3793/6817/3896 3671/6572/3774
f 3847/6929/3951 3739/6932/3842 3761/6930/3864
f 3739/6932/3842 3849/6933/3953 3689/6648/3792
f 3578/6422/3678 3514/6249/3601 3850/6934/3954
f 3414/6000/3499 3723/6650/3826 3599/6469/3702
f 3676/6578/3779 3600/6470/3703 3765/6741/3868
f 3707/6625/3810 3851/6935/3955 3458/6100/3543
f 3852/6936/3956 3244/5608/3329 3678/6580/3781
f 3623/6502/3726 3853/6937/3957 3646/6533/3749
f 3766/6744/3869 3590/6743/3690 3798/6938/3901
f 3854/6939/3958 3710/6628/3813 3680/6582/3783
f 3798/6822/3901 3624/6503/3727 3681/6583/3784
f 3633/6515/3736 3767/6745/3870 3709/6627/3812
f 3550/6354/3640 3710/6628/3813 3855/6940/3959
f 3550/6354/3640 3856/6941/3960 3768/6746/3871
f 3767/6745/3870 3605/6475/3708 3857/6942/3961
f 3768/6746/3871 3858/6943/3962 3827/6944/3931
f 3827/6944/3931 3858/6943/3962 3859/6945/3963
f 3827/6944/3931 3859/6945/3963 3860/6946/3964
f 3861/6947/3965 3862/6948/3966 3863/6949/3967
f 3861/6947/3965 3863/6949/3967 3770/6950/3873
f 3863/6951/3967 3822/6952/3925 3770/6953/3873
f 3863/2707/3967 3801/6954/3904 3822/6955/3925
f 3605/6475/3708 3734/6671/3837 3857/6942/3961
f 3826/6880/3930 3831/6904/3935 3823/6878/3927
f 3823/6878/3927 3831/6904/3935 3824/6896/3928
f 3827/6956/3931 3864/6957/3968 3831/6958/3935
f 3860/6959/3964 3864/6957/3968 3827/6956/3931
f 3865/6960/3969 3828/6961/3932 3827/6962/3931
f 3831/6963/3935 3865/6960/3969 3827/6962/3931
f 3866/6964/3970 3867/6965/3971 3868/6966/3972
f 3867/6967/3971 3869/656/3973 3868/2598/3972
f 3868/6968/3972 3869/6969/3973 3870/6970/3974
f 3770/6971/3873 3871/6972/3975 3862/6973/3966
f 3861/6974/3965 3770/6975/3873 3862/6161/3966
f 3770/6890/3873 3830/6889/3934 3871/6976/3975
f 3830/6977/3934 3872/6978/3976 3871/6972/3975
f 3830/6977/3934 3809/6847/3912 3872/6978/3976
f 3778/6781/3881 3873/6979/3977 3809/6847/3912
f 3831/6904/3935 3832/6906/3936 3833/6907/3937
f 3831/6904/3935 3833/6907/3937 3865/6980/3969
f 3865/5916/3969 3833/6981/3937 3828/6982/3932
f 3866/6983/3970 3868/6984/3972 3874/6985/3978
f 3870/6970/3974 3874/6986/3978 3868/6968/3972
f 3667/6564/3770 3733/6670/3836 3875/6987/3979
f 3648/6672/3751 3876/6988/3980 3666/6673/3769
f 3667/6564/3770 3877/6989/3981 3734/6671/3837
f 3666/6673/3769 3878/6990/3982 3835/6913/3939
f 3835/6913/3939 3879/6991/3983 3715/6912/3818
f 3780/6783/3883 3840/6918/3944 3880/6992/3984
f 3717/6676/3820 3881/6993/3985 3716/6639/3819
f 3811/6855/3914 3881/6993/3985 3717/6676/3820
f 3715/6785/3818 3879/6994/3983 3781/6786/3884
f 3780/6783/3883 3882/6995/3986 3840/6918/3944
f 3810/6854/3913 3882/6995/3986 3780/6783/3883
f 3810/6854/3913 3836/6914/3940 3882/6995/3986
f 3781/6786/3884 3879/6994/3983 3815/6859/3918
f 3883/6996/3987 3753/6723/3856 3782/6790/3885
f 3879/6994/3983 3785/6793/3888 3815/6859/3918
f 3813/6857/3916 3785/6793/3888 3884/6997/3988
f 3884/6998/3988 3843/6925/3947 3813/6999/3916
f 3840/6918/3944 3882/6995/3986 3841/7000/3945
f 3815/6859/3918 3844/6926/3948 3885/7001/3989
f 3753/6723/3856 3846/6928/3950 3701/6618/3804
f 3735/6678/3838 3845/6927/3949 3886/7002/3990
f 3763/6736/3866 3846/6928/3950 3817/7003/3920
f 3762/6735/3865 3818/6863/3921 3844/6926/3948
f 3757/6727/3860 3790/6800/3893 3847/6929/3951
f 3848/7004/3952 3887/7005/3991 3721/7006/3824
f 3887/7005/3991 3888/7007/3992 3704/6810/3807
f 3721/1751/3824 3887/7008/3991 3704/3800/3807
f 3689/6648/3792 3849/6933/3953 3628/6509/3731
f 3578/6422/3678 3795/6819/3898 3563/6383/3657
f 3514/6249/3601 3564/6384/3658 3850/6934/3954
f 3724/6651/3827 3725/6652/3828 3392/5949/3477
f 3629/6510/3732 3706/6624/3809 3579/6423/3679
f 3676/6578/3779 3797/6821/3900 3645/6532/3748
f 3601/6471/3704 3889/7009/3993 3677/6579/3780
f 3619/6498/3722 3620/6499/3723 3820/6867/3923
f 3659/6554/3762 3602/6472/3705 3482/6170/3568
f 3621/6500/3724 3890/7010/3994 3678/6580/3781
f 3631/6655/3734 3679/6581/3782 3891/7011/3995
f 3680/6582/3783 3631/6513/3734 3854/6939/3958
f 3634/6516/3737 3892/7012/3996 3682/6584/3785
f 3802/6826/3905 3893/7013/3997 3636/6518/3739
f 3768/6746/3871 3856/6941/3960 3858/6943/3962
f 3894/4978/3998 3801/7014/3904 3895/7015/3999
f 3858/7016/4000 3896/7017/4001 3824/7018/3928
f 3858/7019/4000 3824/7020/3928 3897/7021/4002
f 3859/7022/4003 3896/7017/4004 3858/7016/4005
f 3858/7023/4000 3897/7024/4002 3896/7025/4001
f 3859/6945/3963 3898/7026/4006 3860/6946/3964
f 3859/6945/3963 3899/7027/4007 3898/7026/4006
f 3860/6946/3964 3898/7026/4006 3900/7028/4008
f 3901/7029/4009 3902/7030/4010 3862/7031/4011
f 3902/7032/4010 3903/7033/4012 3862/7034/4011
f 3862/7035/3966 3904/7036/4013 3863/7037/3967
f 3862/7038/4011 3903/7039/4012 3954/7040/4014
f 3863/6874/3967 3904/7041/4013 3905/7042/4015
f 3895/7015/3999 3872/7043/3976 3894/4978/3998
f 3863/7044/3967 3905/7045/4015 3801/7046/3904
f 3801/7047/3904 3905/7048/4015 3872/7049/3976
f 3801/7047/3904 3872/7049/3976 3895/7050/3999
f 3824/6896/3928 3906/7051/4016 3733/6670/3836
f 3831/6904/3935 3897/7052/4002 3824/6896/3928
f 3831/6904/3935 3896/7053/4001 3897/7052/4002
f 3831/6904/3935 3907/7054/4017 3896/7053/4001
f 3864/7055/3968 3908/7056/4018 3831/6904/3935
f 3831/6904/3935 3908/7056/4018 3907/7054/4017
f 3860/7057/3964 3908/7058/4018 3864/7059/3968
f 3860/7060/3964 3909/7061/4019 3908/7056/4018
f 3866/7062/3970 3910/7063/4020 3867/7064/3971
f 3900/7065/4008 3909/7066/4019 3860/7067/3964
f 3867/6967/3971 3910/7068/4020 3869/656/3973
f 3869/7069/3973 3909/7070/4019 3900/7071/4008
f 3910/7072/4020 3909/7073/4019 3869/7074/3973
f 3869/7075/3973 3911/7076/4021 3870/7077/3974
f 3869/4820/3973 3900/7078/4008 3911/7079/4021
f 3911/7076/4021 3912/7080/4022 3870/7077/3974
f 3870/7081/3974 3912/7082/4022 3913/7083/4023
f 3862/6973/4011 3914/7084/4024 3915/7085/4025
f 3901/7029/4009 3862/7031/4011 3915/7086/4025
f 3862/6973/4011 3954/7087/4014 3914/7084/4024
f 3871/6972/3975 3904/7088/4013 3862/6973/3966
f 3871/6972/3975 3905/7089/4015 3904/7088/4013
f 3872/6978/3976 3905/7089/4015 3871/6972/3975
f 3866/6983/3970 3874/6985/3978 3910/7090/4020
f 3874/7091/3978 3909/7092/4019 3910/7093/4020
f 3870/7094/3974 3909/7095/4019 3874/7096/3978
f 3913/7083/4023 3916/7097/4026 3870/7081/3974
f 3870/7094/3974 3916/7098/4026 3909/7095/4019
f 3913/7083/4023 3917/7099/4027 3916/7097/4026
f 3913/7083/4023 3918/7100/4028 3917/7099/4027
f 3917/7099/4027 3919/7101/4029 3916/7097/4026
f 3917/7099/4027 3918/7100/4028 3919/7101/4029
f 3918/7100/4028 3920/7102/4030 3919/7101/4031
f 3918/7100/4028 3921/7103/4032 3920/7102/4030
f 3918/7100/4028 3922/7104/4033 3921/7103/4032
f 3667/6564/3770 3875/6987/3979 3877/6989/3981
f 3922/7105/4033 3920/7066/4030 3921/7106/4032
f 3922/7107/4033 3923/7108/4034 3920/7109/4030
f 3654/7110/3757 3834/4411/3938 3696/7111/3799
f 3780/6783/3883 3880/6992/3984 3779/6782/3882
f 3781/6786/3884 3924/7112/4035 3750/6787/3853
f 3716/6639/3819 3881/6993/3985 3836/6914/3940
f 3751/6721/3854 3925/7113/4036 3811/6855/3914
f 3835/6913/3939 3884/6998/3988 3785/7114/3888
f 3879/6994/3983 3835/7115/3939 3785/6793/3888
f 3836/6914/3940 3841/7000/3945 3882/6995/3986
f 3752/6722/3855 3926/7116/4037 3751/6721/3854
f 3839/6917/3943 3927/7117/4038 3928/7118/4039
f 3839/6917/3943 3929/7119/4040 3927/7117/4038
f 3839/6917/3943 3814/6858/3917 3929/7119/4040
f 3843/6925/3947 3930/7120/4041 3931/7121/4042
f 3813/6999/3916 3843/6925/3947 3784/6799/3887
f 3753/6723/3856 3932/7122/4043 3846/6928/3950
f 3735/6678/3838 3886/7002/3990 3842/6924/3946
f 3814/6858/3917 3787/6795/3890 3816/6861/3919
f 3787/6795/3890 3759/6731/3862 3816/6861/3919
f 3845/6927/3949 3888/7007/3992 3886/7002/3990
f 3818/6863/3921 3933/7123/4044 3844/6926/3948
f 3845/6927/3949 3704/6810/3807 3888/7007/3992
f 3817/7124/3920 3934/7125/4045 3793/7126/3896
f 3793/7126/3896 3934/7125/4045 3818/6863/3921
f 3703/6621/3806 3935/7127/4046 3737/6733/3840
f 3794/6818/3897 3935/7127/4046 3703/6621/3806
f 3677/6579/3780 3889/7009/3993 3936/7128/4047
f 3820/6867/3923 3336/5833/3421 3619/6498/3722
f 3623/6502/3726 3741/6693/3844 3937/7129/4048
f 3646/6533/3749 3891/7011/3995 3679/6581/3782
f 3766/7130/3869 3798/6822/3901 3938/7131/4049
f 3767/6745/3870 3939/7132/4050 3709/6627/3812
f 3940/7133/4051 3856/6941/3960 3550/6354/3640
f 3858/6943/3962 3856/6941/3960 3941/7134/4052
f 3858/6943/3962 3941/7134/4052 3859/6945/3963
f 3859/6945/3963 3941/7134/4052 3899/7027/4007
f 3899/7027/4007 3941/7134/4052 3898/7026/4006
f 3942/7135/4053 3943/7136/4054 3894/7137/3998
f 3944/7138/4055 3943/7136/4054 3942/7135/4053
f 3894/7137/3998 3943/7136/4054 3801/6825/3904
f 3943/7136/4054 3945/7139/4056 3801/6825/3904
f 3896/7053/4001 3946/7140/4057 3824/6896/3928
f 3896/7053/4001 3907/7054/4017 3946/7140/4057
f 3907/7141/4017 3947/7142/4058 3899/7143/4059
f 3899/7144/4059 3948/7145/4060 3907/7146/4017
f 3898/7147/4061 3948/7145/4060 3899/7144/4059
f 3899/7027/4059 3947/7148/4058 3898/7026/4061
f 3947/7149/4058 3948/7150/4060 3898/7151/4061
f 3898/7026/4006 3949/7152/4062 3900/7028/4008
f 3900/7153/4008 3912/7080/4022 3911/7076/4021
f 3950/7154/4063 3951/7155/4064 3901/7156/4009
f 3952/7157/4065 3951/7155/4064 3950/7154/4063
f 3901/7156/4009 3951/7155/4064 3902/7158/4010
f 3951/7155/4064 3953/7159/4066 3902/7158/4010
f 3902/7160/4010 3954/7161/4014 3903/7162/4012
f 3902/7158/4010 3953/7159/4066 3954/7163/4014
f 3942/7164/4053 3894/7165/3998 3954/7087/4067
f 3894/7165/3998 3872/6978/3976 3954/7087/4067
f 3872/6978/3976 3955/7166/4068 3954/7087/4067
f 3809/6847/3912 3873/6979/3977 3872/6978/3976
f 3907/7054/4017 3908/7056/4018 3947/7167/4058
f 3947/7168/4058 3956/7169/4069 3948/7170/4060
f 3908/7056/4018 3956/7171/4069 3947/7167/4058
f 3908/7056/4018 3909/7061/4019 3956/7171/4069
f 3909/7061/4019 3957/7172/4070 3956/7171/4069
f 3911/7173/4071 3957/7172/4070 3909/7061/4019
f 3909/7174/4019 3958/7175/4072 3911/7176/4071
f 3911/7176/4071 3958/7175/4072 3912/7177/4073
f 3911/7076/4071 3912/7080/4073 3957/7178/4070
f 3912/7080/4073 3958/7179/4072 3957/7178/4070
f 3959/7180/4074 3950/7181/4063 3960/7182/4075
f 3950/7183/4063 3961/7184/4076 3960/7185/4075
f 3961/7184/4076 3962/5380/4077 3960/7185/4075
f 3901/7186/4009 3963/7187/4078 3964/7188/4079
f 3950/7189/4063 3901/7190/4009 3964/7191/4079
f 3901/7186/4009 3915/7085/4025 3963/7187/4078
f 3915/7085/4025 3953/7192/4066 3963/7187/4078
f 3915/7085/4025 3914/7084/4024 3953/7192/4066
f 3914/7084/4024 3954/7087/4014 3953/7192/4066
f 3734/6671/3837 3965/7193/4080 3857/6942/3961
f 3966/7194/4081 3875/6987/3979 3733/6670/3836
f 3958/7195/4072 3916/738/4026 3957/7196/4070
f 3909/7095/4019 3916/7098/4026 3958/7197/4072
f 3913/7083/4023 3967/7198/4082 3918/7100/4028
f 3959/7199/4074 3968/7200/4083 3969/7201/4084
f 3960/7182/4075 3968/7202/4083 3959/7180/4074
f 3960/7203/4075 3962/7204/4077 3968/7205/4083
f 3919/7206/4029 3970/7207/4085 3916/7208/4026
f 3919/7209/4086 3970/7210/4087 3918/7211/4088
f 3959/7212/4074 3971/7213/4089 3972/7214/4090
f 3969/7215/4084 3968/7205/4083 3971/7213/4089
f 3969/7216/4084 3971/6141/4089 3959/7217/4074
f 3919/7206/4031 3920/7218/4030 3970/7207/4085
f 3973/7219/4091 3922/7104/4033 3972/7220/4090
f 3972/7214/4090 3971/7213/4089 3973/7221/4091
f 3922/7222/4033 3974/7223/4092 3923/7224/4034
f 3923/7224/4034 3974/7223/4092 3920/7218/4030
f 3922/7104/4033 3975/7225/4093 3974/7226/4092
f 3922/7104/4033 3973/7219/4091 3976/7227/4094
f 3975/7228/4093 3977/7229/4095 3974/7223/4092
f 3922/7104/4033 3977/7230/4095 3975/7225/4093
f 3922/7104/4033 3978/7231/4096 3977/7230/4095
f 3922/7104/4033 3976/7227/4094 3978/7231/4096
f 3973/7219/4091 3979/7232/4097 3976/7227/4094
f 3973/7221/4091 3971/7213/4089 3979/7233/4097
f 3978/7231/4096 3980/7234/4098 3977/7230/4095
f 3976/7227/4094 3980/7234/4098 3978/7231/4096
f 3750/6787/3853 3924/7112/4035 3837/7235/3941
f 3811/6855/3914 3925/7113/4036 3881/6993/3985
f 3781/6786/3884 3981/7236/4099 3924/7112/4035
f 3840/6918/3944 3838/6916/3942 3880/6992/3984
f 3925/7113/4036 3982/7237/4100 3881/6993/3985
f 3837/7235/3941 3883/7238/3987 3812/7239/3915
f 3837/7235/3941 3924/7112/4035 3883/7238/3987
f 3925/7113/4036 3751/6721/3854 3926/7116/4037
f 3812/6856/3915 3883/6996/3987 3782/6790/3885
f 3781/6786/3884 3815/6859/3918 3981/7236/4099
f 3838/6916/3942 3839/6917/3943 3928/7118/4039
f 3930/7120/4041 3843/6925/3947 3884/6998/3988
f 3752/6722/3855 3842/6924/3946 3926/7116/4037
f 3883/6996/3987 3932/7122/4043 3753/6723/3856
f 3983/7240/4101 3791/6805/3894 3841/6923/3945
f 3814/6858/3917 3816/6861/3919 3929/7119/4040
f 3984/7241/4102 3846/6928/3950 3932/7122/4043
f 3885/7001/3989 3844/6926/3948 3933/7123/4044
f 3984/7241/4102 3817/7003/3920 3846/6928/3950
f 3984/7242/4102 3934/7125/4045 3817/7124/3920
f 3933/7123/4044 3818/6863/3921 3934/7125/4045
f 3848/7004/3952 3985/7243/4103 3887/7005/3991
f 3887/7005/3991 3985/7243/4103 3888/7007/3992
f 3739/6932/3842 3847/6929/3951 3849/6933/3953
f 3986/7244/4104 3722/6649/3825 3628/6509/3731
f 3987/7245/4105 3564/6384/3658 3673/6575/3776
f 3988/7246/4106 3415/6001/3500 3726/6653/3829
f 3989/7247/4107 3538/6324/3628 3675/6577/3778
f 3990/7248/4108 3658/6553/3761 3394/5951/3479
f 3601/7249/3704 3820/7250/3923 3991/7251/4109
f 3659/6554/3762 3280/5683/3365 3658/6553/3761
f 3727/6654/3830 3630/6511/3733 3992/7252/4110
f 3852/6936/3956 3395/5952/3480 3244/5608/3329
f 3993/7253/4111 3566/6386/3660 3708/6626/3811
f 3890/7010/3994 3621/6500/3724 3740/6691/3843
f 3994/7254/4112 3940/7133/4051 3550/6354/3640
f 3995/7255/4113 3996/7256/4114 3945/7139/4056
f 3996/7256/4114 3802/6826/3905 3945/7139/4056
f 3802/6826/3905 3801/6825/3904 3945/7139/4056
f 3997/7257/4115 3743/6695/3846 3799/6823/3902
f 3906/7258/4116 3856/7259/4117 3946/7260/4118
f 3946/7261/4118 3856/7262/4117 3941/7263/4119
f 3998/7264/4120 3898/7026/4006 3941/7134/4052
f 3998/7264/4120 3949/7152/4062 3898/7026/4006
f 3998/7264/4120 3900/7028/4008 3949/7152/4062
f 3952/7265/4065 3944/7138/4055 3942/7135/4053
f 3999/7266/4121 4000/7267/4122 3943/7268/4054
f 3999/7269/4121 3943/7136/4054 3944/7138/4055
f 3943/7136/4054 4000/7270/4122 3945/7139/4056
f 3995/7271/4113 3945/7272/4056 3955/7273/4068
f 3945/6489/4056 4000/7274/4122 3955/7275/4068
f 3955/7166/4068 3872/6978/3976 3873/6979/3977
f 3966/7194/4081 3733/6670/3836 3906/7051/4016
f 3906/7051/4016 3824/6896/3928 3946/7140/4057
f 3956/7171/4069 3946/7140/4057 3907/7054/4017
f 3956/7171/4069 3907/7054/4017 3948/7276/4060
f 4001/7277/4123 3949/7278/4124 3900/7279/4125
f 3956/7280/4126 3949/7278/4124 4001/7277/4123
f 3952/7281/4065 3942/7282/4053 4002/7283/4127
f 3952/7284/4065 4003/7285/4128 3951/7286/4064
f 4003/7285/4128 3953/3098/4066 3951/7286/4064
f 4002/7287/4127 3942/7164/4053 4004/7288/4129
f 3942/7164/4053 3954/7087/4067 4004/7288/4129
f 4004/7288/4129 3954/7087/4067 4000/7289/4122
f 3955/7166/4068 4000/7289/4122 3954/7087/4067
f 4001/7290/4130 3956/7171/4069 3957/7172/4070
f 4001/7290/4130 3957/7172/4070 3916/7208/4026
f 3967/7198/4082 3913/7083/4023 3912/7082/4022
f 3959/7291/4074 4005/7292/4131 3952/7265/4065
f 3959/7293/4074 3952/7294/4065 3950/7295/4063
f 4006/6899/4132 3961/7296/4076 3950/7297/4063
f 3961/7298/4076 4006/7299/4132 3962/7300/4077
f 4006/7301/4132 3950/7302/4063 3964/7188/4079
f 4006/7301/4132 3964/7188/4079 4003/7303/4128
f 4003/7303/4128 3964/7188/4079 3963/7187/4078
f 4003/7303/4128 3963/7187/4078 3953/7192/4066
f 3918/7100/4028 3967/7198/4082 3922/7104/4033
f 3967/7198/4082 3972/7220/4090 3922/7104/4033
f 3959/7291/4074 3972/7304/4090 4005/7292/4131
f 4006/7301/4132 3971/7213/4089 3968/7205/4083
f 4006/7301/4132 3968/7205/4083 3962/7204/4077
f 3916/7208/4026 3970/7207/4085 4007/7305/4133
f 4007/7305/4133 3970/7207/4085 3920/7218/4030
f 3977/7229/4095 3980/7306/4098 4008/7307/4134
f 4008/7308/4134 3980/7234/4098 3976/7227/4094
f 3979/7233/4097 4008/7307/4134 3976/7309/4094
f 4009/7310/4135 3878/6990/3982 3666/6673/3769
f 3838/6916/3942 3928/7118/4039 3880/6992/3984
f 3881/6993/3985 3982/7237/4100 3836/6914/3940
f 3926/7116/4037 3982/7237/4100 3925/7113/4036
f 3815/6859/3918 4010/7311/4136 3981/7236/4099
f 3836/7312/3940 3983/7240/4101 3841/6923/3945
f 3926/7116/4037 4011/7313/4137 3982/7237/4100
f 3884/6998/3988 4012/7314/4138 3930/7120/4041
f 3927/7315/4038 4013/7316/4139 3928/7317/4039
f 3926/7116/4037 3842/6924/3946 4011/7313/4137
f 3815/6859/3918 3885/7001/3989 4010/7311/4136
f 3927/7117/4038 3929/7119/4040 4013/7318/4139
f 4014/7319/4140 3843/6925/3947 3931/7121/4042
f 3983/7240/4101 4015/7320/4141 3791/6805/3894
f 4011/7313/4137 3842/6924/3946 3886/7002/3990
f 3791/6805/3894 4015/7320/4141 3792/6808/3895
f 4016/7321/4142 3885/7001/3989 3933/7123/4044
f 3792/7322/3895 4015/7323/4141 3848/7324/3952
f 4015/7325/4141 3985/7326/4103 3848/7327/3952
f 3843/6925/3947 4014/7319/4140 3790/6800/3893
f 3790/6800/3893 4014/7319/4140 3847/6929/3951
f 4017/7328/4143 3795/6819/3898 3578/6422/3678
f 3564/6384/3658 3987/7245/4105 3850/6934/3954
f 3674/6576/3777 3415/6001/3500 3988/7246/4106
f 3481/6169/3567 3797/6821/3900 3796/6820/3899
f 3620/6499/3723 3540/6326/3630 4018/7329/4144
f 4019/7330/4145 3630/6511/3733 3459/6102/3544
f 3937/7129/4048 3853/6937/3957 3623/6502/3726
f 3691/6598/3794 3766/6744/3869 4020/7331/4146
f 3891/7011/3995 4021/7332/4147 3631/6655/3734
f 3799/6823/3902 3800/6824/3903 4022/7333/4148
f 3634/6516/3737 3821/6868/3924 3892/7012/3996
f 3856/6941/3960 3940/7133/4051 3941/7134/4149
f 3941/7134/4149 3940/7133/4051 4023/7334/4150
f 4023/7334/4150 4024/7335/4151 3941/7134/4149
f 4025/7336/4152 3996/7256/4114 3995/7255/4113
f 3800/6824/3903 3660/6557/3763 4026/7337/4153
f 3946/7140/4154 4027/7338/4155 3906/7051/4116
f 3941/7339/4149 4027/7338/4155 3946/7140/4154
f 3941/7340/4052 4028/7341/4156 4029/7342/4157
f 3946/7343/4057 4028/7344/4156 3941/7345/4052
f 4029/7346/4157 4028/7347/4156 4030/7348/4158
f 3941/7349/4149 4031/7350/4159 4027/7351/4155
f 4030/7352/4158 3941/7353/4052 4029/7354/4157
f 3941/7349/4149 4024/7355/4151 4031/7350/4159
f 4030/7356/4158 4032/7357/4160 3941/7358/4052
f 3941/7134/4052 4032/7359/4160 3998/7264/4120
f 3952/7265/4065 4005/7292/4131 3944/7138/4055
f 3944/7138/4055 4005/7292/4131 4033/7360/4161
f 4034/7361/4162 3944/7362/4055 4033/7363/4161
f 3944/7362/4055 4000/7267/4122 3999/7266/4121
f 4034/7361/4162 4000/7267/4122 3944/7362/4055
f 4025/7364/4152 4035/7365/4163 4036/7366/4164
f 4025/7364/4152 3995/7367/4113 4035/7365/4163
f 3995/7368/4113 3955/7166/4068 4035/7369/4163
f 3955/7166/4068 3873/6979/3977 4035/7369/4163
f 3743/6695/3846 3997/7257/4115 3771/6754/3874
f 3648/6535/3751 3682/6584/3785 3892/7012/3996
f 3946/7140/4057 3956/7171/4069 4028/7370/4156
f 4028/7370/4156 3956/7171/4069 4030/7371/4158
f 4030/7371/4158 3956/7171/4069 4037/7372/4165
f 4001/7290/4130 4037/7372/4165 3956/7171/4069
f 4001/7290/4130 3916/7208/4026 4037/7372/4165
f 3952/7284/4166 4038/7373/4167 4003/7285/4168
f 3952/7281/4065 4002/7283/4127 4003/7374/4128
f 4002/7287/4127 4034/7375/4162 4003/7303/4128
f 4002/7287/4127 4004/7288/4129 4034/7375/4162
f 4034/7375/4162 4004/7288/4129 4000/7289/4122
f 4005/7376/4131 3972/7220/4090 3967/7198/4082
f 3749/6719/3852 3696/6610/3799 3834/6911/3938
f 3878/6990/3982 4039/7377/4169 3835/6913/3939
f 3878/6990/3982 4009/7310/4135 4039/7377/4169
f 3835/6913/3939 4039/7377/4169 3884/6998/3988
f 3884/6998/3988 4039/7377/4169 4012/7314/4138
f 3924/1667/4035 4040/7378/4170 3883/7379/3987
f 3924/7112/4035 3981/7236/4099 4040/7380/4170
f 3982/7237/4100 4041/7381/4171 3836/6914/3940
f 3836/6914/3940 4041/7381/4171 3983/7382/4101
f 3981/7236/4099 4010/7311/4136 4042/7383/4172
f 3883/7238/3987 3984/7242/4102 3932/7384/4043
f 3883/7238/3987 4042/7383/4172 3984/7242/4102
f 4041/7381/4171 4015/7385/4141 3983/7382/4101
f 4010/7311/4136 3885/7001/3989 4016/7321/4142
f 3886/7002/3990 3888/7007/3992 4011/7313/4137
f 4042/7383/4172 4016/7321/4142 3984/7242/4102
f 3888/7007/3992 3985/7243/4103 4015/7385/4141
f 3934/7125/4045 3984/7242/4102 4016/7321/4142
f 3934/7125/4045 4016/7321/4142 3933/7123/4044
f 3816/6861/3919 3737/6733/3840 3935/7127/4046
f 3794/6818/3897 3795/6819/3898 3935/7127/4046
f 3819/6866/3922 3988/7246/4106 3726/6653/3829
f 3629/6510/3732 4043/7386/4173 3706/6624/3809
f 3629/6510/3732 3796/6820/3899 4043/7386/4173
f 3764/6740/3867 4044/7387/4174 3394/5951/3479
f 3820/6867/3923 3620/6499/3723 4018/7329/4144
f 3602/6472/3705 4019/7388/4145 3459/6172/3544
f 3727/6654/3830 3707/6625/3810 3357/5889/3442
f 3741/6693/3844 4045/7389/4175 3937/7129/4048
f 4046/7390/4176 3742/6694/3845 3690/6597/3793
f 3691/6598/3794 4047/7391/4177 3690/6597/3793
f 3646/6533/3749 3853/6937/3957 3891/7011/3995
f 3891/7011/3995 3853/6937/3957 4048/7392/4178
f 4020/7331/4146 3766/6744/3869 4049/7393/4179
f 3550/6354/3640 3855/6940/3959 3994/7254/4112
f 4050/7394/4180 4051/7395/4181 3802/6826/3905
f 4024/7335/4151 4023/7334/4150 3998/7264/4120
f 4005/7292/4182 4052/7396/4183 4036/7397/4164
f 4036/7397/4164 4052/7396/4183 4025/7336/4152
f 4025/7336/4152 4053/7398/4184 3996/7256/4114
f 4025/7399/4152 4052/7400/4183 4053/7401/4184
f 3996/7256/4114 4053/7398/4184 3802/6826/3905
f 4050/7402/4180 3873/7403/3977 4054/7404/4185
f 3802/7405/3905 4053/7406/4184 3873/7407/3977
f 3802/7408/3905 3873/7409/3977 4050/7410/4180
f 3767/6745/3870 3857/6942/3961 3939/7132/4050
f 4027/7338/4155 4055/7411/4186 3906/7051/4116
f 4031/7412/4159 4055/7411/4186 4027/7338/4155
f 4024/7413/4151 4055/7414/4186 4031/7415/4159
f 4030/7416/4158 4037/7417/4165 4032/7418/4160
f 4024/7419/4151 4037/7372/4165 4055/7411/4186
f 3998/7420/4120 4037/7421/4165 4024/7422/4151
f 4032/7418/4160 4037/7417/4165 3998/7423/4120
f 4005/7424/4131 4034/7361/4162 4033/7363/4161
f 4005/7424/4131 4056/7425/4187 4034/7361/4162
f 4036/7426/4164 4057/7427/4188 4056/7428/4189
f 4005/7429/4182 4036/7430/4164 4056/7431/4189
f 4036/7426/4164 4035/7369/4163 4057/7427/4188
f 4035/7369/4163 4053/7432/4184 4057/7427/4188
f 3873/6979/3977 4053/7432/4184 4035/7369/4163
f 3916/7208/4026 4058/7433/4190 4037/7372/4165
f 3967/7198/4082 3912/7082/4022 4005/7376/4131
f 4003/7303/4128 4034/7375/4162 4056/7428/4187
f 3875/6987/3979 3966/7194/4081 3877/6989/3981
f 3920/7218/4030 3974/7223/4092 4007/7305/4133
f 3592/6604/3695 3779/6782/3882 3660/7434/3763
f 3734/6671/3837 3877/6989/3981 3965/7193/4080
f 3666/6673/3769 4059/7435/4191 4009/7310/4135
f 3880/6992/3984 3928/7118/4039 4060/7436/4192
f 4012/7314/4138 4061/7437/4193 3930/7120/4041
f 3981/7236/4099 4042/7383/4172 4040/7380/4170
f 3928/7317/4039 4013/7316/4139 4062/7438/4194
f 4040/7380/4170 4042/7383/4172 3883/7238/3987
f 3982/7237/4100 4011/7313/4137 4041/7381/4171
f 4010/7311/4136 4016/7321/4142 4042/7383/4172
f 4015/7385/4141 4041/7381/4171 3888/7007/3992
f 3888/7007/3992 4041/7381/4171 4011/7313/4137
f 3578/6422/3678 3850/6934/3954 4017/7328/4143
f 3989/7247/4107 3764/6740/3867 3538/6324/3628
f 3936/7128/4047 3765/6741/3868 3677/6579/3780
f 3458/6100/3543 3851/6935/3955 3540/6326/3630
f 4063/7439/4195 4019/7388/4145 3602/6472/3705
f 3566/6386/3660 3993/7253/4111 3741/7440/3844
f 3741/7440/3844 3993/7253/4111 4045/7441/4175
f 3740/6742/3843 4064/7442/4196 3890/7443/3994
f 3740/6742/3843 3742/6694/3845 4046/7390/4176
f 3740/6742/3843 4046/7390/4176 4064/7442/4196
f 3691/6598/3794 4020/7331/4146 4047/7391/4177
f 3766/6744/3869 3938/7444/4049 4049/7393/4179
f 3631/6655/3734 4021/7332/4147 3854/7445/3958
f 3681/6583/3784 4065/7446/4197 3798/6822/3901
f 3636/6518/3739 4065/7446/4197 3681/6583/3784
f 3940/7133/4051 4066/7447/4198 4067/7448/4199
f 4068/7449/4200 4051/7395/4181 4050/7394/4180
f 4051/7395/4181 3893/7013/3997 3802/6826/3905
f 3940/7450/4051 4067/7451/4199 4069/7452/4201
f 3906/7453/4116 4069/7452/4202 3940/7450/4203
f 4067/7454/4199 4070/7455/4204 4069/7456/4201
f 3940/7457/4051 4069/7458/4205 4023/7459/4150
f 4067/7460/4199 4066/7461/4198 4070/7462/4204
f 4069/7463/4205 4071/7464/4206 4023/7334/4150
f 4071/7464/4206 4072/7465/4207 4023/7334/4150
f 4023/7334/4150 4072/7465/4207 4073/7466/4208
f 4023/7334/4150 4073/7466/4208 3998/7264/4120
f 3998/7467/4120 4073/7468/4208 3900/7469/4008
f 4005/7292/4209 4074/7470/4210 4075/7471/4211
f 4005/7292/4182 4075/7471/4212 4076/7472/4213
f 4005/7292/4182 4076/7472/4213 4052/7396/4183
f 4052/7473/4183 4076/7474/4213 4077/7475/4214
f 4077/7475/4214 4053/7476/4184 4052/7473/4183
f 4050/1770/4180 4078/7477/4215 4068/7478/4200
f 4050/7479/4180 4079/7480/4216 4078/7481/4215
f 4050/7482/4180 4054/7483/4185 4079/7484/4216
f 3873/6979/3977 4079/7485/4216 4054/7486/4185
f 3799/6823/3902 4022/7333/4148 3997/7257/4115
f 4055/7411/4186 4069/7487/4205 3906/7051/4116
f 4055/7411/4186 4071/7488/4206 4069/7487/4205
f 4037/7372/4165 4058/7433/4190 4055/7411/4186
f 4005/7292/4217 4074/7470/4218 4080/7489/4219
f 4005/7424/4217 4080/7490/4219 4056/7425/4220
f 4057/7427/4188 4053/7432/4184 4077/7491/4214
f 4003/7303/4128 3971/7213/4089 4006/7301/4132
f 4003/7303/4128 4056/7428/4187 4080/7492/4221
f 3916/7208/4026 4007/7305/4133 4058/7433/4190
f 3749/6719/3852 3834/6911/3938 4081/7493/4222
f 3974/7223/4092 3977/7229/4095 4007/7305/4133
f 3779/6782/3882 4082/7494/4223 3660/7434/3763
f 3880/6992/3984 4060/7436/4192 3779/6782/3882
f 3930/7120/4041 4083/7495/4224 3931/7121/4042
f 4013/7316/4139 4084/7496/4225 4062/7438/4194
f 4013/7497/4139 3929/7498/4040 4084/7499/4225
f 3816/6861/3919 4085/7500/4226 3929/7119/4040
f 3795/6819/3898 4086/7501/4227 3935/7127/4046
f 3724/6651/3827 3723/6650/3826 3725/6652/3828
f 3988/7246/4106 4087/7502/4228 3674/6576/3777
f 3797/6821/3900 3676/6578/3779 4088/7503/4229
f 3601/6471/3704 3991/7504/4109 3889/7009/3993
f 4046/7390/4176 3690/6597/3793 4047/7391/4177
f 3893/7013/3997 4089/7505/4230 3636/6518/3739
f 3940/7133/4051 4090/7506/4231 4066/7447/4198
f 3940/7133/4051 3994/7254/4112 4090/7506/4231
f 4091/7507/4232 4092/7508/4233 4068/7449/4200
f 4068/7449/4200 4092/7508/4233 4051/7395/4181
f 4051/7395/4181 4092/7508/4233 4093/7509/4234
f 4051/7510/4181 4093/7511/4234 4094/7512/4235
f 4051/7395/4181 4094/7513/4235 3893/7013/3997
f 3709/6627/3812 3939/7132/4050 3821/6868/3924
f 4069/7514/4201 4095/5542/4236 3906/6275/4016
f 3906/7051/4016 4095/7515/4236 4096/7516/4237
f 4070/7455/4204 4095/7517/4236 4069/7456/4201
f 4066/7461/4198 4095/7518/4236 4070/7462/4204
f 4071/7519/4206 4058/7520/4190 4072/7521/4207
f 4090/7522/4231 4097/7523/4238 4066/7524/4198
f 4066/7525/4198 4097/7526/4238 4095/7527/4236
f 4072/7521/4207 4058/7520/4190 4090/7528/4239
f 4072/7529/4207 4090/7530/4239 4073/7531/4208
f 4076/7474/4213 4075/7532/4212 4077/7475/4214
f 4098/7533/4240 4091/7534/4232 4099/7535/4241
f 4068/5732/4200 4099/7535/4241 4091/7534/4232
f 4068/2625/4200 4100/7536/4242 4099/7537/4241
f 4078/7538/4215 4100/7539/4242 4068/7540/4200
f 4079/7480/4216 4100/7541/4242 4078/7481/4215
f 4079/7480/4216 4094/7542/4235 4100/7541/4242
f 3873/6979/3977 4101/7543/4243 4079/7485/4216
f 4079/1278/4216 4101/7544/4243 4094/7545/4235
f 4071/7488/4206 4055/7411/4186 4058/7433/4190
f 4077/7491/4214 4056/7428/4189 4057/7427/4188
f 3971/7213/4089 4003/7303/4128 4080/7492/4221
f 3778/6781/3881 3749/6719/3852 4102/7546/4244
f 3771/6754/3874 3997/7257/4115 3834/6911/3938
f 3971/7213/4089 4103/7547/4245 3979/7233/4097
f 4039/7377/4169 4104/7548/4246 4012/7314/4138
f 4062/7438/4194 4105/7549/4247 3928/7317/4039
f 3930/7120/4041 4061/7437/4193 4083/7495/4224
f 3931/7121/4042 4083/7495/4224 4106/7550/4248
f 4084/7551/4225 3929/7119/4040 4107/7552/4249
f 3722/6649/3825 4108/7553/4250 3723/6650/3826
f 3673/6575/3776 3706/6624/3809 3987/7245/4105
f 3675/6577/3778 3674/6576/3777 3989/7247/4107
f 3765/6741/3868 4109/7554/4251 3676/6578/3779
f 3707/6625/3810 3727/6654/3830 4110/7555/4252
f 3798/6822/3901 4065/7446/4197 3938/7131/4049
f 3893/7013/3997 4111/7556/4253 4112/7557/4254
f 3994/7558/4255 4113/7559/4256 4096/7560/4237
f 3994/7254/4255 4096/7561/4237 4114/7562/4257
f 3994/7254/4112 4115/7563/4258 4090/7506/4231
f 3994/7254/4255 4114/7562/4257 4115/7563/4259
f 4075/7471/4212 4116/7564/4260 4098/7565/4240
f 4098/7565/4240 4116/7564/4260 4091/7507/4232
f 4092/7508/4233 4116/7564/4260 4117/7566/4261
f 4091/7507/4232 4116/7564/4260 4092/7508/4233
f 4117/7566/4261 4094/7513/4235 4092/7508/4233
f 4092/7567/4233 4094/7568/4235 4093/7569/4234
f 3893/7570/3997 4101/7543/4243 4111/7571/4253
f 4094/7513/4235 4101/7572/4243 3893/7013/3997
f 3906/7051/4016 4118/7573/4262 3966/7194/4081
f 3906/7051/4016 4096/7516/4237 4118/7573/4262
f 4095/7515/4236 4114/7574/4257 4096/7516/4237
f 4095/7515/4236 4119/7575/4263 4114/7574/4257
f 4097/7576/4238 4058/7433/4190 4095/7515/4236
f 4090/7522/4231 4058/7577/4190 4097/7523/4238
f 4090/7528/4264 4058/7520/4265 4073/7578/4266
f 3900/7028/4008 4120/7579/4267 3912/7580/4022
f 3900/7028/4008 4073/7466/4208 4120/7579/4267
f 4075/622/4212 4098/7581/4240 4077/7582/4214
f 4098/6276/4240 4121/7583/4268 4077/7584/4214
f 4099/7585/4241 4121/7586/4268 4098/7587/4240
f 4117/7588/4261 4121/7589/4268 4100/7590/4242
f 4099/7537/4241 4100/7536/4242 4121/7591/4268
f 4100/7541/4242 4094/7542/4235 4117/7592/4261
f 3778/6781/3881 4122/7593/4269 3873/6979/3977
f 4077/7491/4214 4123/7594/4270 4056/7428/4189
f 4080/7492/4221 4056/7428/4189 4123/7594/4270
f 3778/6781/3881 4102/7546/4244 4122/7593/4269
f 4080/7492/4221 4123/7594/4270 3971/7213/4089
f 3877/6989/3981 3966/7194/4081 4124/7595/4271
f 3977/7229/4095 4125/7596/4272 4007/7305/4133
f 3965/7193/4080 3877/6989/3981 4124/7595/4271
f 3666/6673/3769 3876/6988/3980 4059/7435/4191
f 4009/7310/4135 4104/7548/4246 4039/7377/4169
f 3928/7118/4039 4126/7597/4273 4060/7436/4192
f 4105/7549/4247 4126/7598/4273 3928/7317/4039
f 3628/6509/3731 3849/6933/3953 4127/7599/4274
f 3628/6509/3731 4127/7599/4274 3986/7244/4104
f 4086/7501/4227 3795/6819/3898 4017/7328/4143
f 4017/7328/4143 3850/6934/3954 4128/7600/4275
f 3991/7504/4109 4129/7601/4276 3889/7009/3993
f 3710/6628/3813 3854/6939/3958 4130/7602/4277
f 4089/7505/4230 4065/7446/4197 3636/6518/3739
f 3994/7254/4112 4131/7603/4278 4115/7563/4258
f 4132/7604/4279 4112/7557/4254 4111/7556/4253
f 4133/7605/4280 4112/7557/4254 4132/7604/4279
f 4112/7557/4254 4089/7505/4230 3893/7013/3997
f 3994/7606/4255 4134/7607/4281 4113/7608/4256
f 4113/7609/4256 4134/7610/4281 4096/7516/4237
f 4115/7032/4259 4135/7611/4282 3994/7612/4255
f 3994/7612/4255 4135/7611/4282 4134/7613/4281
f 4114/7562/4257 4136/7614/4283 4115/7563/4259
f 4114/7615/4257 4119/7616/4263 4136/7617/4283
f 4115/7618/4259 4136/7619/4283 4137/7620/4284
f 4075/7471/4212 4138/7621/4285 4116/7564/4260
f 4075/7471/4212 4139/7622/4286 4138/7621/4285
f 4116/7623/4260 4138/7624/4285 4140/7625/4287
f 4140/7626/4287 4117/7566/4261 4116/7564/4260
f 4111/7627/4253 4141/7628/4288 4132/7629/4279
f 4111/7571/4253 4101/7543/4243 4141/7630/4288
f 4095/7515/4236 4136/7631/4283 4119/7575/4263
f 4095/7515/4236 4058/7433/4190 4136/7631/4283
f 4058/7433/4190 4142/7632/4289 4136/7631/4283
f 4077/7491/4214 4121/7633/4268 4123/7594/4270
f 4121/7589/4268 4117/7588/4261 4140/7625/4287
f 3971/7213/4089 4123/7594/4270 4103/7547/4245
f 3749/6719/3852 4081/7493/4222 4102/7546/4244
f 4082/7494/4223 3779/6782/3882 4143/7634/4290
f 3779/6782/3882 4060/7436/4192 4143/7634/4290
f 4084/7496/4225 4107/7635/4249 4062/7438/4194
f 3931/7121/4042 4106/7550/4248 4144/7636/4291
f 3931/7121/4042 4144/7636/4291 4014/7319/4140
f 3816/6861/3919 3935/7127/4046 4085/7500/4226
f 3722/6649/3825 3986/7244/4104 4108/7553/4250
f 3987/7245/4105 4145/7637/4292 3850/6934/3954
f 3796/6820/3899 4146/7638/4293 4043/7386/4173
f 3796/6820/3899 3797/6821/3900 4146/7638/4293
f 3765/6741/3868 3936/7128/4047 4109/7554/4251
f 4018/7329/4144 3540/6326/3630 4147/7639/4294
f 3540/6326/3630 3851/6935/3955 4147/7639/4294
f 4148/7640/4295 3993/7253/4111 3708/6626/3811
f 3890/7443/3994 4064/7442/4196 4149/7641/4296
f 4047/7391/4177 4020/7331/4146 4049/7393/4179
f 4150/7642/4297 4133/7605/4280 4132/7604/4279
f 4112/7557/4254 4133/7605/4280 4151/7643/4298
f 4112/7557/4254 4151/7643/4298 4089/7505/4230
f 4134/7610/4281 4142/7632/4289 4096/7516/4237
f 4135/7644/4282 4142/7632/4289 4134/7610/4281
f 4115/7645/4259 4142/7646/4289 4135/7647/4282
f 4137/7648/4284 4152/7649/4299 4115/7645/4259
f 4137/7482/4284 4136/7650/4283 4152/7651/4299
f 4152/7649/4299 4142/7646/4289 4115/7645/4259
f 4090/7528/4231 4115/7652/4258 4073/7578/4208
f 4138/7624/4285 4139/7653/4286 4153/7654/4300
f 4138/7624/4285 4153/7654/4300 4140/7625/4287
f 4150/7655/4297 4132/7656/4279 4154/7657/4301
f 4132/7658/4279 4155/7659/4302 4154/7660/4301
f 4132/7658/4279 4141/7630/4288 4155/7659/4302
f 4101/7543/4243 4155/7659/4302 4141/7630/4288
f 4101/7543/4243 4156/7661/4303 4155/7659/4302
f 3873/6979/3977 4122/7593/4269 4101/7543/4243
f 4136/7631/4283 4142/7632/4289 4152/7662/4299
f 4121/7589/4268 4140/7625/4287 4153/7654/4300
f 4022/7333/4148 4157/7663/4304 3997/7257/4115
f 3800/6824/3903 4026/7337/4153 4022/7333/4148
f 4026/7337/4153 3660/6557/3763 4158/7664/4305
f 3857/6942/3961 4159/7665/4306 3939/7132/4050
f 3892/7666/3996 3876/6988/3980 3648/6672/3751
f 3834/6911/3938 4160/7667/4307 4081/7493/4222
f 3977/7229/4095 4008/7307/4134 4125/7596/4272
f 4061/7437/4193 4161/7668/4308 4083/7495/4224
f 4083/7495/4224 4162/7669/4309 4106/7550/4248
f 3929/7119/4040 4163/7670/4310 4107/7552/4249
f 3847/6929/3951 4014/7319/4140 4127/7599/4274
f 3847/6929/3951 4127/7599/4274 3849/6933/3953
f 4086/7501/4227 4164/7671/4311 3935/7127/4046
f 3659/6554/3762 4165/7672/4312 3602/6472/3705
f 4166/7673/4313 4063/7439/4195 3602/6472/3705
f 3630/7674/3733 4019/7675/4145 3992/5689/4110
f 3708/6626/3811 3395/5952/3480 4148/7640/4295
f 3853/6937/3957 4167/7676/4314 4048/7392/4178
f 4047/7391/4177 4049/7393/4179 4168/7677/4315
f 4021/7332/4147 4130/7678/4277 3854/7445/3958
f 3855/6940/3959 3710/6628/3813 4169/7679/4316
f 4150/7642/4297 4170/7680/4317 4133/7605/4280
f 4089/7681/4230 4171/7682/4318 4172/7683/4319
f 4133/7170/4280 4156/2613/4303 4151/7684/4298
f 4133/7605/4280 4173/7685/4320 4156/7686/4303
f 4089/7681/4230 4156/7687/4303 4171/7682/4318
f 4089/7688/4230 4151/7689/4298 4156/2390/4303
f 4101/7543/4243 4122/7593/4269 4156/7661/4303
f 4142/7632/4289 4174/7690/4321 4096/7516/4237
f 3912/7580/4022 4175/7691/4322 4005/7292/4131
f 4075/7471/4212 4175/7691/4322 4139/7622/4286
f 4139/7692/4286 4150/7655/4297 4153/7693/4300
f 4150/7655/4297 4154/7657/4301 4153/7693/4300
f 4155/7659/4302 4156/7661/4303 4173/7694/4320
f 4123/7594/4270 4121/7633/4268 4153/7695/4300
f 3821/6868/3924 3939/7132/4050 4176/7696/4323
f 4007/7305/4133 4177/7697/4324 4058/7433/4190
f 3965/7193/4080 4159/7665/4306 3857/6942/3961
f 3965/7193/4080 4124/7595/4271 4159/7665/4306
f 3876/6988/3980 4178/7698/4325 4059/7435/4191
f 4059/7435/4191 4104/7548/4246 4009/7310/4135
f 4083/7699/4224 4144/7700/4291 4162/7701/4309
f 4085/7500/4226 3935/7127/4046 4164/7671/4311
f 3850/6934/3954 4145/7637/4292 4128/7600/4275
f 3987/7245/4105 3706/6624/3809 4179/7702/4326
f 3989/7247/4107 4044/7387/4174 3764/6740/3867
f 3991/7504/4109 3820/6867/3923 4129/7601/4276
f 4047/7391/4177 4168/7677/4315 4046/7390/4176
f 4021/7332/4147 3891/7011/3995 4048/7392/4178
f 3855/6940/3959 4180/7703/4327 3994/7254/4112
f 3994/7254/4112 4180/7703/4327 4131/7603/4278
f 4170/7704/4317 4089/7681/4230 4172/7683/4319
f 4115/7563/4258 4120/7579/4267 4073/7466/4208
f 4150/7642/4297 4139/7622/4286 4170/7680/4317
f 4170/7680/4317 4173/7685/4320 4133/7605/4280
f 4170/5915/4317 4181/7705/4328 4173/7706/4320
f 4170/7704/4317 4172/7683/4319 4181/7707/4328
f 4171/7682/4318 4181/7707/4328 4172/7683/4319
f 4171/7708/4318 4156/7661/4303 4181/7709/4328
f 4005/7292/4131 4175/7691/4322 4075/7471/4212
f 4154/7660/4301 4182/7710/4329 4153/7695/4300
f 4155/7659/4302 4182/7710/4329 4154/7660/4301
f 4182/7710/4329 4155/7659/4302 4181/7709/4328
f 4155/7659/4302 4173/7694/4320 4181/7709/4328
f 4058/7433/4190 4174/7690/4321 4142/7632/4289
f 4058/7433/4190 4177/7697/4324 4174/7690/4321
f 3966/7194/4081 4183/7711/4330 4124/7595/4271
f 4104/7548/4246 4059/7435/4191 4178/7698/4325
f 4143/7634/4290 4060/7436/4192 4126/7597/4273
f 4184/7712/4331 4012/7314/4138 4104/7548/4246
f 4184/7712/4331 4061/7437/4193 4012/7314/4138
f 4161/7668/4308 4144/7636/4291 4083/7495/4224
f 4144/7636/4291 4106/7550/4248 4162/7669/4309
f 4163/7670/4310 3929/7119/4040 4185/7713/4332
f 3723/6650/3826 4186/7714/4333 3725/6652/3828
f 4179/7702/4326 4145/7637/4292 3987/7245/4105
f 4187/7715/4334 3988/7246/4106 3819/6866/3922
f 4188/7716/4335 3674/6576/3777 4087/7502/4228
f 3797/6821/3900 4088/7503/4229 4146/7638/4293
f 4189/7717/4336 3989/7247/4107 3674/6576/3777
f 4190/7718/4337 3936/7128/4047 3889/7009/3993
f 4166/7719/4313 4191/7720/4338 4063/7721/4195
f 4192/7722/4339 3992/5689/4110 4019/7675/4145
f 4193/7723/4340 3678/6580/3781 3890/7010/3994
f 4194/7724/4341 4045/7389/4175 3993/7725/4111
f 4194/7724/4341 3937/7129/4048 4045/7389/4175
f 3853/6937/3957 3937/7129/4048 4167/7676/4314
f 4049/7393/4179 3938/7444/4049 4195/7726/4342
f 4195/7727/4342 3938/7131/4049 4065/7446/4197
f 4131/7603/4278 4120/7579/4267 4115/7563/4258
f 4174/7690/4321 4118/7573/4262 4096/7516/4237
f 4120/7579/4267 4175/7691/4322 3912/7580/4022
f 4170/7680/4317 4139/7622/4286 4175/7691/4322
f 4196/7728/4343 3821/6868/3924 4176/7696/4323
f 4177/7697/4324 4007/7305/4133 4125/7596/4272
f 4105/7549/4247 4062/7438/4194 4163/7729/4310
f 4062/6850/4194 4107/7730/4249 4163/7731/4310
f 4185/7713/4332 3929/7119/4040 4085/7500/4226
f 4197/7732/4344 4127/7599/4274 4014/7319/4140
f 3819/6866/3922 3725/6652/3828 4186/7714/4333
f 3706/6624/3809 4043/7386/4173 4179/7702/4326
f 4187/7715/4334 4087/7502/4228 3988/7246/4106
f 3820/6867/3923 4018/7329/4144 4129/7601/4276
f 4165/7672/4312 4198/7733/4345 3602/6472/3705
f 4198/7733/4345 4199/7734/4346 3602/6472/3705
f 4199/7734/4346 4166/7673/4313 3602/6472/3705
f 4166/7719/4313 4200/7735/4347 4201/7736/4348
f 4201/7736/4348 4202/7737/4349 4166/7719/4313
f 4203/7738/4350 4192/7739/4339 4191/7720/4338
f 4191/7720/4338 4019/7740/4145 4063/7721/4195
f 4192/7741/4339 4019/7742/4145 4191/7743/4338
f 3852/6936/3956 4204/7744/4351 3395/5952/3480
f 4148/7640/4295 4194/7745/4341 3993/7253/4111
f 4048/7392/4178 4205/7746/4352 4021/7332/4147
f 4206/7747/4353 4065/7446/4197 4089/7505/4230
f 4169/7679/4316 4180/7703/4327 3855/6940/3959
f 4181/7709/4328 4207/7748/4354 4182/7710/4329
f 4156/7661/4303 4207/7748/4354 4181/7709/4328
f 4156/7661/4303 4122/7593/4269 4207/7748/4354
f 4122/7593/4269 4102/7546/4244 4208/7749/4355
f 4103/7547/4245 4123/7594/4270 4209/7750/4356
f 3979/7233/4097 4103/7547/4245 4210/7751/4357
f 3834/6911/3938 3997/7257/4115 4211/7752/4358
f 3834/6911/3938 4211/7752/4358 4160/7667/4307
f 4184/7712/4331 4161/7668/4308 4061/7437/4193
f 4145/7637/4292 4212/7753/4359 4128/7600/4275
f 4188/7716/4335 4189/7717/4336 3674/6576/3777
f 3676/6578/3779 4213/7754/4360 4088/7503/4229
f 4109/7554/4251 3936/7128/4047 4190/7718/4337
f 4199/7755/4346 4200/7756/4347 4166/7757/4313
f 4166/7719/4313 4202/7737/4349 4191/7720/4338
f 4202/7737/4349 4214/7758/4361 4191/7720/4338
f 4191/7720/4338 4214/7758/4361 4203/7738/4350
f 3890/7010/3994 4149/7759/4296 4193/7723/4340
f 4064/7442/4196 4046/7390/4176 4215/7760/4362
f 4168/7677/4315 4215/7760/4362 4046/7390/4176
f 4065/7446/4197 4216/7761/4363 4195/7727/4342
f 3710/6628/3813 4130/7602/4277 4169/7679/4316
f 4170/7680/4317 4206/7747/4353 4089/7505/4230
f 4122/7593/4269 4217/7762/4364 4207/7748/4354
f 4153/7763/4300 4182/7764/4329 4123/7765/4270
f 4118/7573/4262 4183/7711/4330 3966/7194/4081
f 4022/7333/4148 4158/7664/4305 4157/7663/4304
f 4022/7333/4148 4026/7337/4153 4158/7664/4305
f 3939/7132/4050 4159/7665/4306 4176/7696/4323
f 4210/7751/4357 4008/7307/4134 3979/7233/4097
f 4161/7766/4308 4218/7767/4365 4144/7768/4291
f 4163/7729/4310 4219/7769/4366 4105/7549/4247
f 4144/7636/4291 4218/7770/4365 4220/7771/4367
f 4017/7328/4143 4128/7600/4275 4212/7753/4359
f 3723/6650/3826 4108/7553/4250 4221/7772/4368
f 4186/7714/4333 4187/7715/4334 3819/6866/3922
f 3394/5951/3479 4044/7387/4174 3990/7248/4108
f 4199/7734/4346 4222/7773/4369 4200/7774/4347
f 4147/7639/4294 3851/6935/3955 4223/7775/4370
f 4202/7737/4349 4201/7736/4348 4224/7776/4371
f 4225/7777/4372 3992/7778/4110 4192/7779/4339
f 4203/7738/4350 4225/7780/4372 4192/7739/4339
f 4202/7737/4349 4226/7781/4373 4214/7758/4361
f 4202/7737/4349 4224/7776/4371 4226/7781/4373
f 3395/5952/3480 4227/7782/4374 4148/7640/4295
f 3852/6936/3956 3678/6580/3781 4228/7783/4375
f 4194/7724/4341 4167/7676/4314 3937/7129/4048
f 4168/7677/4315 4049/7393/4179 4215/7760/4362
f 4021/7332/4147 4205/7746/4352 4130/7678/4277
f 4206/7747/4353 4216/7761/4363 4065/7446/4197
f 4131/7603/4278 4180/7703/4327 4120/7579/4267
f 4122/7593/4269 4208/7749/4355 4217/7762/4364
f 3821/6868/3924 4196/7728/4343 3892/7012/3996
f 4157/7663/4304 4211/7752/4358 3997/7257/4115
f 3876/6988/3980 3892/7666/3996 4178/7698/4325
f 4143/7784/4290 4126/7598/4273 4229/7785/4376
f 4126/7598/4273 4105/7549/4247 4230/7786/4377
f 4231/7787/4378 4161/7668/4308 4184/7712/4331
f 4105/7549/4247 4219/7769/4366 4230/7786/4377
f 4219/7769/4366 4232/7788/4379 4230/7786/4377
f 4164/7671/4311 4233/7789/4380 4085/7500/4226
f 4221/7772/4368 4186/7714/4333 3723/6650/3826
f 3676/6578/3779 4109/7554/4251 4213/7754/4360
f 3658/6553/3761 4165/7672/4312 3659/6554/3762
f 3992/7790/4110 4225/7791/4372 4234/7792/4381
f 4203/7738/4350 4235/7793/4382 4225/7780/4372
f 4236/7794/4383 4235/7793/4382 4203/7738/4350
f 3707/6625/3810 4110/7555/4252 4237/7795/4384
f 3707/6625/3810 4237/7795/4384 3851/6935/3955
f 4214/7758/4361 4236/7794/4383 4203/7738/4350
f 3992/7252/4110 4238/7796/4385 3727/6654/3830
f 3678/6580/3781 4193/7723/4340 4228/7783/4375
f 4149/7641/4296 4064/7442/4196 4239/7797/4386
f 4167/7676/4314 4205/7746/4352 4048/7392/4178
f 4215/7760/4362 4049/7393/4179 4240/7798/4387
f 4174/7690/4321 4241/7799/4388 4118/7573/4262
f 3660/6557/3763 4242/7800/4389 4158/7664/4305
f 4124/7595/4271 4243/7801/4390 4159/7665/4306
f 4125/7596/4272 4008/7307/4134 4244/7802/4391
f 3892/7666/3996 4245/7803/4392 4178/7698/4325
f 4082/7804/4223 4143/7784/4290 4246/7805/4393
f 4143/7784/4290 4229/7785/4376 4246/7805/4393
f 4247/7806/4394 4184/7712/4331 4104/7548/4246
f 4126/7598/4273 4230/7786/4377 4229/7785/4376
f 4219/7769/4366 4163/7729/4310 4248/7807/4395
f 4163/7729/4310 4249/7808/4396 4248/7807/4395
f 4163/7670/4310 4185/7713/4332 4249/7809/4396
f 4086/7501/4227 4017/7328/4143 4250/7810/4397
f 4179/7702/4326 4251/7811/4398 4145/7637/4292
f 3990/7248/4108 4252/7812/4399 3658/6553/3761
f 4253/7813/4400 4200/7774/4347 4222/7773/4369
f 4253/7813/4400 4201/7814/4348 4200/7774/4347
f 4235/7815/4382 4234/7816/4381 4225/7817/4372
f 4238/7796/4385 4110/7555/4252 3727/6654/3830
f 4236/7794/4383 4214/7758/4361 4226/7781/4373
f 4167/7676/4314 4194/7724/4341 4254/7818/4401
f 4064/7442/4196 4215/7760/4362 4239/7797/4386
f 4195/7726/4342 4240/7798/4387 4049/7393/4179
f 4205/7746/4352 4255/7819/4402 4130/7678/4277
f 4256/7820/4403 4206/7747/4353 4170/7680/4317
f 4257/7821/4404 4183/7711/4330 4118/7573/4262
f 4182/7710/4329 4209/7750/4356 4123/7594/4270
f 4210/7751/4357 4103/7547/4245 4209/7750/4356
f 4124/7595/4271 4183/7711/4330 4243/7801/4390
f 4210/7751/4357 4244/7802/4391 4008/7307/4134
f 4247/7806/4394 4104/7548/4246 4178/7698/4325
f 4258/7822/4405 4249/7809/4396 4185/7713/4332
f 4164/7671/4311 4086/7501/4227 4250/7810/4397
f 4259/7823/4406 4043/7386/4173 4146/7638/4293
f 4213/7754/4360 4109/7554/4251 4190/7718/4337
f 3989/7247/4107 4260/7824/4407 4044/7387/4174
f 4198/7733/4345 4261/7825/4408 4199/7734/4346
f 4261/7825/4408 4222/7773/4369 4199/7734/4346
f 4224/7826/4371 4262/7827/4409 4226/7828/4373
f 4262/7829/4409 4236/7794/4383 4226/7781/4373
f 4193/7830/4340 4149/7641/4296 4263/7831/4410
f 4149/7641/4296 4239/7797/4386 4263/7831/4410
f 4239/7797/4386 4215/7760/4362 4264/7832/4411
f 4255/7833/4402 4169/7679/4316 4130/7602/4277
f 4169/7679/4316 4265/7834/4412 4180/7703/4327
f 4180/7703/4327 4265/7834/4412 4120/7579/4267
f 4256/7820/4403 4170/7680/4317 4175/7691/4322
f 4207/7748/4354 4266/7835/4413 4182/7710/4329
f 4177/7697/4324 4267/7836/4414 4174/7690/4321
f 4081/7493/4222 4268/7837/4415 4102/7546/4244
f 4242/7838/4389 3660/7434/3763 4246/7839/4393
f 3660/7434/3763 4082/7494/4223 4246/7839/4393
f 4220/7771/4367 4269/7840/4416 4144/7636/4291
f 4144/7636/4291 4269/7840/4416 4014/7319/4140
f 4212/7753/4359 4145/7637/4292 4251/7811/4398
f 4222/7773/4369 4261/7825/4408 4253/7813/4400
f 4201/7814/4348 4253/7813/4400 4270/7841/4417
f 3992/7252/4110 4234/7842/4381 4271/7843/4418
f 4235/7815/4382 4272/7844/4419 4234/7816/4381
f 4224/7826/4371 4273/7845/4420 4262/7827/4409
f 4235/7793/4382 4262/7829/4409 4272/7846/4419
f 4235/7793/4382 4236/7794/4383 4262/7829/4409
f 4204/7744/4351 4227/7782/4374 3395/5952/3480
f 4227/7782/4374 4274/7847/4421 4148/7640/4295
f 4148/7640/4295 4275/7848/4422 4194/7745/4341
f 4167/7676/4314 4254/7818/4401 4205/7746/4352
f 4265/7834/4412 4276/7849/4423 4120/7579/4267
f 4120/7579/4267 4276/7849/4423 4175/7691/4322
f 4174/7690/4321 4267/7836/4414 4241/7799/4388
f 4208/7749/4355 4102/7546/4244 4268/7837/4415
f 4125/7596/4272 4244/7802/4391 4177/7697/4324
f 4081/7493/4222 4160/7667/4307 4268/7837/4415
f 4184/7712/4331 4247/7806/4394 4231/7787/4378
f 4161/7668/4308 4277/7850/4424 4218/7770/4365
f 4218/7851/4365 4278/7852/4425 4220/7853/4367
f 4220/7853/4367 4279/7854/4426 4280/7855/4427
f 4185/7713/4332 4233/7789/4380 4258/7822/4405
f 4212/7753/4359 4251/7811/4398 4281/7856/4428
f 4179/7702/4326 4043/7386/4173 4282/7857/4429
f 4044/7387/4174 4252/7812/4399 3990/7248/4108
f 4252/7812/4399 4165/7672/4312 3658/6553/3761
f 4165/7672/4312 4283/7858/4430 4198/7733/4345
f 4284/7859/4431 4201/7814/4348 4270/7841/4417
f 4271/7860/4418 4234/7816/4381 4272/7844/4419
f 4284/7859/4431 4224/7826/4371 4201/7814/4348
f 4254/7818/4401 4194/7724/4341 4275/7861/4422
f 4195/7726/4342 4216/7862/4363 4285/7863/4432
f 4169/7679/4316 4286/7864/4433 4265/7834/4412
f 4256/7820/4403 4175/7691/4322 4276/7849/4423
f 4287/7865/4434 4118/7573/4262 4241/7799/4388
f 4209/7750/4356 4288/7866/4435 4210/7751/4357
f 4289/7867/4436 4159/7665/4306 4243/7801/4390
f 4245/7803/4392 4247/7806/4394 4178/7698/4325
f 4290/7868/4437 4229/7785/4376 4230/7786/4377
f 4277/7850/4424 4161/7668/4308 4231/7787/4378
f 4278/7852/4425 4279/7854/4426 4220/7853/4367
f 4219/7769/4366 4248/7807/4395 4291/7869/4438
f 4248/7807/4395 4249/7808/4396 4291/7869/4438
f 4014/7319/4140 4269/7840/4416 4197/7732/4344
f 4187/7715/4334 4292/7870/4439 4087/7502/4228
f 4087/7502/4228 4292/7870/4439 4188/7716/4335
f 4146/7638/4293 4088/7503/4229 4259/7823/4406
f 3889/7009/3993 4293/7871/4440 4190/7718/4337
f 4260/7824/4407 4252/7812/4399 4044/7387/4174
f 3889/7009/3993 4129/7601/4276 4293/7871/4440
f 4294/7872/4441 4261/7825/4408 4198/7733/4345
f 4295/7873/4442 4253/7813/4400 4261/7825/4408
f 4237/7795/4384 4223/7775/4370 3851/6935/3955
f 4284/7859/4431 4273/7845/4420 4224/7826/4371
f 4148/7640/4295 4274/7847/4421 4275/7848/4422
f 4240/7798/4387 4195/7726/4342 4285/7863/4432
f 4286/7864/4433 4169/7679/4316 4255/7833/4402
f 4118/7573/4262 4287/7865/4434 4296/7874/4443
f 4296/7874/4443 4257/7821/4404 4118/7573/4262
f 4266/7835/4413 4209/7750/4356 4182/7710/4329
f 4177/7697/4324 4297/7875/4444 4267/7836/4414
f 4246/7805/4393 4229/7785/4376 4290/7868/4437
f 4218/7851/4365 4277/7876/4424 4278/7852/4425
f 4220/7771/4367 4280/7877/4427 4269/7840/4416
f 4085/7500/4226 4233/7789/4380 4185/7713/4332
f 4298/7878/4445 4164/7671/4311 4250/7810/4397
f 4250/7810/4397 4017/7328/4143 4212/7753/4359
f 4043/7386/4173 4299/7879/4446 4282/7857/4429
f 4043/7386/4173 4259/7823/4406 4299/7879/4446
f 4259/7823/4406 4088/7503/4229 4300/7880/4447
f 4283/7881/4430 4294/7882/4441 4198/7883/4345
f 4294/7872/4441 4295/7873/4442 4261/7825/4408
f 3992/7252/4110 4271/7843/4418 4301/7884/4448
f 4271/7843/4418 4272/7885/4419 4302/7886/4449
f 4215/7760/4362 4240/7798/4387 4303/7887/4450
f 4217/7762/4364 4304/7888/4451 4207/7748/4354
f 4208/7749/4355 4304/7888/4451 4217/7762/4364
f 4257/7821/4404 4305/7889/4452 4183/7711/4330
f 4209/7750/4356 4306/7890/4453 4288/7866/4435
f 4183/7711/4330 4305/7889/4452 4243/7801/4390
f 4177/7697/4324 4244/7802/4391 4297/7875/4444
f 4157/7663/4304 4158/7664/4305 4211/7752/4358
f 4219/7769/4366 4291/7869/4438 4307/7891/4454
f 4249/7808/4396 4308/7892/4455 4291/7869/4438
f 4249/7808/4396 4309/7893/4456 4308/7892/4455
f 4258/7822/4405 4309/7894/4456 4249/7809/4396
f 4269/7840/4416 4127/7599/4274 4197/7732/4344
f 4233/7789/4380 4164/7671/4311 4298/7878/4445
f 4187/7715/4334 4186/7714/4333 4310/7895/4457
f 4251/7811/4398 4179/7702/4326 4282/7857/4429
f 4188/7716/4335 4311/7896/4458 4189/7717/4336
f 4300/7880/4447 4088/7503/4229 4213/7754/4360
f 4270/7841/4417 4253/7813/4400 4295/7873/4442
f 4312/7897/4459 4301/7884/4448 4271/7843/4418
f 4312/7898/4459 4271/7899/4418 4302/7900/4449
f 3992/7252/4110 4313/7901/4460 4238/7796/4385
f 4262/7902/4409 4314/7903/4461 4272/7885/4419
f 4254/7818/4401 4315/7904/4462 4205/7746/4352
f 4276/7849/4423 4265/7834/4412 4316/7905/4463
f 4317/7906/4464 4208/7749/4355 4268/7837/4415
f 4308/7892/4455 4307/7891/4454 4291/7869/4438
f 4301/7884/4448 4313/7901/4460 3992/7252/4110
f 4273/7907/4420 4314/7903/4461 4262/7902/4409
f 4302/7886/4449 4272/7885/4419 4314/7903/4461
f 4227/7782/4374 4204/7744/4351 4318/7908/4465
f 3852/6936/3956 4228/7783/4375 4319/7909/4466
f 4227/7782/4374 4318/7908/4465 4274/7847/4421
f 4193/7723/4340 4320/7910/4467 4228/7783/4375
f 4321/7911/4468 4275/7848/4422 4274/7847/4421
f 4275/7861/4422 4322/7912/4469 4254/7818/4401
f 4263/7831/4410 4239/7797/4386 4264/7832/4411
f 4322/7912/4469 4323/7913/4470 4254/7818/4401
f 4264/7832/4411 4215/7760/4362 4303/7887/4450
f 4323/7913/4470 4315/7904/4462 4254/7818/4401
f 4303/7887/4450 4240/7798/4387 4285/7863/4432
f 4216/7761/4363 4206/7747/4353 4324/7914/4471
f 4286/7864/4433 4316/7905/4463 4265/7834/4412
f 4241/7799/4388 4325/7915/4472 4287/7865/4434
f 4208/7749/4355 4317/7906/4464 4304/7888/4451
f 4266/7835/4413 4306/7890/4453 4209/7750/4356
f 4296/7874/4443 4305/7889/4452 4257/7821/4404
f 3892/7666/3996 4326/7916/4473 4245/7803/4392
f 4280/7877/4427 4327/7917/4474 4269/7840/4416
f 4328/7918/4475 4327/7917/4474 4280/7877/4427
f 4269/7840/4416 4327/7917/4474 4329/7919/4476
f 4309/7894/4456 4258/7822/4405 4330/7920/4477
f 4189/7717/4336 4331/7921/4478 3989/7247/4107
f 4190/7718/4337 4293/7871/4440 4332/7922/4479
f 4283/7858/4430 4333/7923/4480 4294/7872/4441
f 4294/7872/4441 4333/7923/4480 4295/7873/4442
f 4301/7884/4448 4334/7924/4481 4313/7901/4460
f 4312/7897/4459 4302/7886/4449 4335/7925/4482
f 4302/7886/4449 4314/7903/4461 4335/7925/4482
f 3852/6936/3956 4319/7909/4466 4204/7744/4351
f 4193/7723/4340 4263/7926/4410 4320/7910/4467
f 4321/7911/4468 4322/7927/4469 4275/7848/4422
f 4263/7831/4410 4264/7832/4411 4336/7928/4483
f 4205/7746/4352 4315/7904/4462 4255/7819/4402
f 4207/7748/4354 4337/7929/4484 4266/7835/4413
f 4241/7799/4388 4267/7836/4414 4325/7915/4472
f 4266/7835/4413 4337/7929/4484 4306/7890/4453
f 4160/7667/4307 4211/7752/4358 4268/7837/4415
f 4159/7665/4306 4289/7867/4436 4176/7696/4323
f 4231/7787/4378 4338/7930/4485 4277/7850/4424
f 4232/7788/4379 4339/7931/4486 4230/7786/4377
f 4280/7877/4427 4340/7932/4487 4328/7918/4475
f 4308/7892/4455 4309/7893/4456 4341/7933/4488
f 4309/7893/4456 4330/7934/4477 4341/7933/4488
f 4328/7918/4475 4340/7932/4487 4327/7917/4474
f 4258/7822/4405 4233/7789/4380 4342/7935/4489
f 4250/7810/4397 4212/7753/4359 4343/7936/4490
f 4187/7715/4334 4310/7895/4457 4292/7870/4439
f 4213/7754/4360 4190/7718/4337 4344/7937/4491
f 4129/7601/4276 4018/7329/4144 4345/7938/4492
f 4018/7329/4144 4346/7939/4493 4345/7938/4492
f 4165/7672/4312 4347/7940/4494 4283/7858/4430
f 4333/7923/4480 4270/7841/4417 4295/7873/4442
f 4223/7775/4370 4237/7795/4384 4348/7941/4495
f 4301/7884/4448 4312/7897/4459 4334/7924/4481
f 4228/7783/4375 4320/7910/4467 4319/7909/4466
f 4320/7942/4467 4263/7831/4410 4349/7943/4496
f 4264/7832/4411 4303/7887/4450 4336/7928/4483
f 4286/7864/4433 4350/7944/4497 4316/7905/4463
f 4256/7945/4403 4324/7946/4471 4206/7947/4353
f 4287/7865/4434 4351/7948/4498 4296/7874/4443
f 4243/7801/4390 4305/7889/4452 4352/7949/4499
f 4210/7751/4357 4353/7950/4500 4244/7802/4391
f 3892/7012/3996 4196/7728/4343 4354/7951/4501
f 3892/7666/3996 4354/7952/4501 4326/7916/4473
f 4290/7868/4437 4355/7953/4502 4246/7805/4393
f 4247/7806/4394 4338/7930/4485 4231/7787/4378
f 4290/7868/4437 4230/7786/4377 4356/7954/4503
f 4230/7786/4377 4339/7931/4486 4356/7954/4503
f 4308/7892/4455 4341/7933/4488 4307/7891/4454
f 4340/7932/4487 4329/7919/4476 4327/7917/4474
f 4342/7935/4489 4233/7789/4380 4298/7878/4445
f 4269/7840/4416 4357/7955/4504 4127/7599/4274
f 4127/7599/4274 4357/7955/4504 3986/7244/4104
f 3986/7244/4104 4358/7956/4505 4108/7553/4250
f 4018/7329/4144 4147/7639/4294 4346/7939/4493
f 4334/7924/4481 4359/7957/4506 4313/7901/4460
f 4360/7958/4507 4334/7924/4481 4312/7897/4459
f 4314/7903/4461 4273/7907/4420 4335/7925/4482
f 4204/7744/4351 4319/7909/4466 4318/7908/4465
f 4263/7831/4410 4336/7928/4483 4349/7943/4496
f 4323/7913/4470 4322/7912/4469 4361/7959/4508
f 4361/7959/4508 4315/7904/4462 4323/7913/4470
f 4350/7960/4497 4255/7819/4402 4315/7904/4462
f 4255/7819/4402 4350/7960/4497 4286/7961/4433
f 4276/7849/4423 4362/7962/4509 4256/7820/4403
f 4276/7849/4423 4316/7905/4463 4363/7963/4510
f 4325/7915/4472 4351/7948/4498 4287/7865/4434
f 4207/7748/4354 4304/7888/4451 4337/7929/4484
f 4210/7751/4357 4288/7866/4435 4353/7950/4500
f 4289/7867/4436 4243/7801/4390 4352/7949/4499
f 4245/7803/4392 4326/7916/4473 4247/7806/4394
f 4279/7854/4426 4340/7964/4487 4280/7855/4427
f 4329/7919/4476 4364/7965/4511 4269/7840/4416
f 4292/7870/4439 4311/7896/4458 4188/7716/4335
f 4311/7896/4458 4331/7921/4478 4189/7717/4336
f 4300/7880/4447 4213/7754/4360 4365/7966/4512
f 4344/7937/4491 4190/7718/4337 4332/7922/4479
f 4293/7871/4440 4129/7601/4276 4345/7938/4492
f 4334/7924/4481 4360/7958/4507 4359/7957/4506
f 4366/7967/4513 4335/7925/4482 4273/7907/4420
f 4312/7897/4459 4335/7925/4482 4366/7967/4513
f 4274/7847/4421 4367/7968/4514 4321/7911/4468
f 4318/7908/4465 4367/7968/4514 4274/7847/4421
f 4303/7887/4450 4368/7969/4515 4336/7928/4483
f 4303/7887/4450 4285/7863/4432 4368/7969/4515
f 4285/7863/4432 4216/7862/4363 4368/7969/4515
f 4368/7969/4515 4216/7862/4363 4324/7946/4471
f 4350/7944/4497 4369/7970/4516 4316/7905/4463
f 4369/7971/4516 4363/7972/4510 4316/7973/4463
f 4276/7849/4423 4363/7963/4510 4362/7962/4509
f 4267/7836/4414 4297/7875/4444 4325/7915/4472
f 4305/7889/4452 4296/7874/4443 4370/7974/4517
f 4219/7769/4366 4307/7891/4454 4371/7975/4518
f 4340/7932/4487 4372/7976/4519 4329/7919/4476
f 4330/7934/4477 4373/7977/4520 4341/7933/4488
f 4329/7919/4476 4372/7976/4519 4364/7965/4511
f 4330/7934/4477 4374/7978/4521 4373/7977/4520
f 4258/7822/4405 4342/7935/4489 4375/7979/4522
f 4357/7955/4504 4358/7956/4505 3986/7244/4104
f 4283/7858/4430 4376/7980/4523 4333/7923/4480
f 4360/7958/4507 4312/7897/4459 4366/7967/4513
f 4320/7910/4467 4377/7981/4524 4319/7909/4466
f 4377/7982/4524 4320/7942/4467 4349/7943/4496
f 4321/7983/4468 4378/7984/4525 4322/7985/4469
f 4322/7985/4469 4378/7984/4525 4361/7986/4508
f 4362/7987/4509 4324/7946/4471 4256/7945/4403
f 4296/7874/4443 4351/7948/4498 4370/7974/4517
f 4306/7890/4453 4379/7988/4526 4288/7866/4435
f 4268/7837/4415 4380/7989/4527 4317/7906/4464
f 4268/7837/4415 4211/7752/4358 4380/7989/4527
f 4277/7876/4424 4381/7990/4528 4278/7852/4425
f 4219/7769/4366 4371/7975/4518 4382/7991/4529
f 4307/7891/4454 4341/7933/4488 4373/7977/4520
f 4330/7920/4477 4258/7822/4405 4374/7992/4521
f 4258/7822/4405 4375/7979/4522 4374/7992/4521
f 4298/7878/4445 4250/7810/4397 4343/7936/4490
f 4108/7553/4250 4358/7956/4505 4383/7993/4530
f 4383/7993/4530 4221/7772/4368 4108/7553/4250
f 4281/7856/4428 4384/7994/4531 4212/7753/4359
f 4259/7823/4406 4385/7995/4532 4299/7879/4446
f 4259/7823/4406 4300/7880/4447 4385/7995/4532
f 4386/7996/4533 4331/7921/4478 4311/7896/4458
f 4260/7824/4407 3989/7247/4107 4386/7996/4533
f 4332/7922/4479 4293/7871/4440 4387/7997/4534
f 4283/7858/4430 4347/7940/4494 4376/7980/4523
f 4270/7841/4417 4333/7923/4480 4388/7998/4535
f 4388/7998/4535 4284/7859/4431 4270/7841/4417
f 4360/7958/4507 4389/7999/4536 4359/7957/4506
f 4360/7958/4507 4366/7967/4513 4389/7999/4536
f 4388/7998/4535 4273/7845/4420 4284/7859/4431
f 4367/8000/4514 4378/7984/4525 4321/7983/4468
f 4361/7986/4508 4390/8001/4537 4315/8002/4462
f 4390/8001/4537 4391/8003/4538 4315/8002/4462
f 4350/7960/4497 4315/7904/4462 4391/8004/4538
f 4350/8005/4497 4391/8003/4538 4369/7971/4516
f 4297/7875/4444 4392/8006/4539 4325/7915/4472
f 4306/7890/4453 4337/7929/4484 4393/8007/4540
f 4380/7989/4527 4211/7752/4358 4394/8008/4541
f 4176/7696/4323 4289/7867/4436 4196/7728/4343
f 4246/8009/4393 4355/8010/4502 4242/7800/4389
f 4290/7868/4437 4356/7954/4503 4355/7953/4502
f 4338/7930/4485 4381/8011/4528 4277/7850/4424
f 4219/7769/4366 4382/7991/4529 4232/7788/4379
f 4279/7854/4426 4395/8012/4542 4340/7964/4487
f 4372/7976/4519 4396/8013/4543 4364/7965/4511
f 4374/7992/4521 4397/8014/4544 4373/8015/4520
f 4357/7955/4504 4398/8016/4545 4358/7956/4505
f 4343/7936/4490 4212/7753/4359 4384/7994/4531
f 4251/7811/4398 4399/8017/4546 4281/7856/4428
f 4213/7754/4360 4344/7937/4491 4365/7966/4512
f 4331/7921/4478 4386/7996/4533 3989/7247/4107
f 4260/7824/4407 4400/8018/4547 4252/7812/4399
f 4345/7938/4492 4387/7997/4534 4293/7871/4440
f 4376/7980/4523 4388/7998/4535 4333/7923/4480
f 4389/7999/4536 4366/7967/4513 4359/7957/4506
f 4318/7908/4465 4319/7909/4466 4377/7981/4524
f 4318/7908/4465 4401/8019/4548 4367/7968/4514
f 4318/7908/4465 4377/7981/4524 4401/8019/4548
f 4377/7982/4524 4349/7943/4496 4402/8020/4549
f 4349/7943/4496 4336/7928/4483 4402/8020/4549
f 4361/7986/4508 4378/7984/4525 4390/8001/4537
f 4402/8020/4549 4336/7928/4483 4403/8021/4550
f 4336/7928/4483 4368/7969/4515 4403/8021/4550
f 4403/8021/4550 4368/7969/4515 4324/7946/4471
f 4363/7972/4510 4369/7971/4516 4404/8022/4551
f 4362/7987/4509 4363/7972/4510 4404/8022/4551
f 4304/7888/4451 4405/8023/4552 4337/7929/4484
f 4305/7889/4452 4370/7974/4517 4352/7949/4499
f 4247/7806/4394 4406/8024/4553 4338/7930/4485
f 4232/7788/4379 4382/7991/4529 4339/7931/4486
f 4279/8025/4426 4278/8026/4425 4395/8027/4542
f 4307/7891/4454 4407/8028/4554 4371/7975/4518
f 4364/7965/4511 4396/8013/4543 4408/8029/4555
f 4409/8030/4556 4397/8014/4544 4374/7992/4521
f 4269/7840/4416 4364/7965/4511 4410/8031/4557
f 4342/7935/4489 4298/7878/4445 4411/8032/4558
f 4281/7856/4428 4399/8017/4546 4384/7994/4531
f 4251/7811/4398 4412/8033/4559 4399/8017/4546
f 4385/7995/4532 4300/7880/4447 4365/7966/4512
f 4273/7907/4420 4413/8034/4560 4366/7967/4513
f 4367/8000/4514 4401/8035/4548 4414/8036/4561
f 4367/8000/4514 4414/8036/4561 4378/7984/4525
f 4415/8037/4562 4402/8020/4549 4403/8021/4550
f 4324/7946/4471 4416/8038/4563 4403/8021/4550
f 4390/8001/4537 4404/8022/4551 4391/8003/4538
f 4391/8003/4538 4404/8022/4551 4369/7971/4516
f 4416/8038/4563 4362/7987/4509 4404/8022/4551
f 4362/7987/4509 4416/8038/4563 4324/7946/4471
f 4392/8006/4539 4351/7948/4498 4325/7915/4472
f 4317/7906/4464 4405/8023/4552 4304/7888/4451
f 4306/7890/4453 4393/8007/4540 4379/7988/4526
f 4288/7866/4435 4379/7988/4526 4353/7950/4500
f 4158/7664/4305 4417/8039/4564 4211/7752/4358
f 4371/7975/4518 4407/8028/4554 4418/8040/4565
f 4307/7891/4454 4419/8041/4566 4407/8028/4554
f 4340/8042/4487 4395/8043/4542 4372/8044/4519
f 4420/8045/4567 4397/8046/4544 4409/8047/4556
f 4374/7992/4521 4375/7979/4522 4409/8030/4556
f 4269/7840/4416 4410/8031/4557 4357/7955/4504
f 4342/7935/4489 4411/8032/4558 4375/7979/4522
f 4358/7956/4505 4398/8016/4545 4383/7993/4530
f 4221/7772/4368 4421/8048/4568 4186/7714/4333
f 4421/8048/4568 4310/7895/4457 4186/7714/4333
f 4251/7811/4398 4282/7857/4429 4412/8033/4559
f 4299/7879/4446 4385/7995/4532 4422/8049/4569
f 4147/7639/4294 4423/8050/4570 4346/7939/4493
f 4347/7940/4494 4424/8051/4571 4376/7980/4523
f 4424/8051/4571 4425/8052/4572 4388/7998/4535
f 4424/8051/4571 4388/7998/4535 4376/7980/4523
f 4426/8053/4573 4366/7967/4513 4413/8034/4560
f 4359/7957/4506 4366/7967/4513 4426/8053/4573
f 4413/8034/4560 4388/8054/4535 4425/8055/4572
f 4359/7957/4506 4427/8056/4574 4313/7901/4460
f 4273/7907/4420 4388/8054/4535 4413/8034/4560
f 4110/7555/4252 4428/8057/4575 4237/7795/4384
f 4401/8035/4548 4415/8037/4562 4414/8036/4561
f 4401/8035/4548 4377/7982/4524 4402/8020/4549
f 4402/8020/4549 4415/8037/4562 4401/8035/4548
f 4414/8036/4561 4390/8001/4537 4378/7984/4525
f 4414/8036/4561 4429/8058/4576 4390/8001/4537
f 4415/8037/4562 4403/8021/4550 4416/8038/4563
f 4390/8001/4537 4429/8058/4576 4404/8022/4551
f 4404/8022/4551 4430/8059/4577 4416/8038/4563
f 4351/7948/4498 4431/8060/4578 4370/7974/4517
f 4211/7752/4358 4417/8039/4564 4394/8008/4541
f 4326/7916/4473 4406/8024/4553 4247/7806/4394
f 4382/7991/4529 4371/7975/4518 4418/8040/4565
f 4307/7891/4454 4373/7977/4520 4419/8041/4566
f 4397/8046/4544 4420/8045/4567 4373/8061/4520
f 4396/8013/4543 4432/8062/4579 4408/8029/4555
f 4420/8063/4567 4409/8064/4556 4433/8065/4580
f 4409/8064/4556 4434/8066/4581 4433/8065/4580
f 4364/7965/4511 4408/8029/4555 4410/8031/4557
f 4409/8030/4556 4375/7979/4522 4434/8067/4581
f 4412/8033/4559 4282/7857/4429 4299/7879/4446
f 4347/7940/4494 4165/7672/4312 4252/7812/4399
f 4147/7639/4294 4223/7775/4370 4423/8050/4570
f 4237/7795/4384 4435/8068/4582 4348/7941/4495
f 4415/8037/4562 4429/8058/4576 4414/8036/4561
f 4415/8037/4562 4430/8059/4577 4429/8058/4576
f 4415/8037/4562 4416/8038/4563 4430/8059/4577
f 4430/8059/4577 4404/8022/4551 4429/8058/4576
f 4351/7948/4498 4392/8006/4539 4436/8069/4583
f 4317/7906/4464 4437/8070/4584 4405/8023/4552
f 4339/7931/4486 4382/7991/4529 4438/8071/4585
f 4381/8011/4528 4439/8072/4586 4278/8026/4425
f 4278/8026/4425 4439/8072/4586 4395/8027/4542
f 4395/8043/4542 4440/8073/4587 4372/8044/4519
f 4372/8044/4519 4440/8073/4587 4396/8074/4543
f 4410/8031/4557 4441/8075/4588 4357/7955/4504
f 4357/7955/4504 4441/8075/4588 4398/8016/4545
f 4384/7994/4531 4399/8017/4546 4442/8076/4589
f 4365/7966/4512 4344/7937/4491 4443/8077/4590
f 4344/7937/4491 4332/7922/4479 4443/8077/4590
f 4346/7939/4493 4423/8050/4570 4345/7938/4492
f 4347/7940/4494 4444/8078/4591 4424/8051/4571
f 4424/8079/4571 4444/8080/4591 4425/8055/4572
f 4444/8080/4591 4413/8034/4560 4425/8055/4572
f 4426/8053/4573 4413/8034/4560 4444/8080/4591
f 4238/7796/4385 4313/7901/4460 4428/8057/4575
f 4238/7796/4385 4428/8057/4575 4110/7555/4252
f 4351/7948/4498 4436/8069/4583 4431/8060/4578
f 4337/7929/4484 4405/8023/4552 4445/8081/4592
f 4446/8082/4593 4393/8007/4540 4337/7929/4484
f 4447/8083/4594 4392/8006/4539 4297/7875/4444
f 4437/8070/4584 4317/7906/4464 4380/7989/4527
f 4418/8040/4565 4407/8028/4554 4448/8084/4595
f 4448/8084/4595 4407/8028/4554 4419/8041/4566
f 4373/8085/4520 4420/8063/4567 4419/8086/4566
f 4449/8087/4596 4396/8074/4543 4440/8073/4587
f 4449/8087/4596 4432/8088/4579 4396/8074/4543
f 4450/8089/4597 4408/8029/4555 4432/8062/4579
f 4451/8090/4598 4292/7870/4439 4310/7895/4457
f 4452/8091/4599 4311/7896/4458 4292/7870/4439
f 4386/7996/4533 4400/8018/4547 4260/7824/4407
f 4426/8053/4573 4427/8056/4574 4359/7957/4506
f 4337/7929/4484 4445/8081/4592 4446/8082/4593
f 4405/8023/4552 4437/8070/4584 4453/8092/4600
f 4297/7875/4444 4244/7802/4391 4447/8083/4594
f 4353/7950/4500 4454/8093/4601 4244/7802/4391
f 4244/7802/4391 4454/8093/4601 4447/8083/4594
f 4382/7991/4529 4418/8040/4565 4455/8094/4602
f 4449/8087/4596 4450/8095/4597 4432/8088/4579
f 4433/8065/4580 4434/8066/4581 4456/8096/4603
f 4450/8089/4597 4457/8097/4604 4408/8029/4555
f 4456/8096/4603 4434/8066/4581 4458/8098/4605
f 4457/8097/4604 4459/8099/4606 4408/8029/4555
f 4458/8100/4605 4434/8067/4581 4375/7979/4522
f 4375/7979/4522 4411/8032/4558 4460/8101/4607
f 4343/7936/4490 4384/7994/4531 4442/8076/4589
f 4412/8033/4559 4299/7879/4446 4461/8102/4608
f 4292/7870/4439 4451/8090/4598 4452/8091/4599
f 4311/7896/4458 4452/8091/4599 4386/7996/4533
f 4379/7988/4526 4393/8007/4540 4446/8082/4593
f 4370/7974/4517 4462/8103/4609 4463/8104/4610
f 4379/7988/4526 4454/8093/4601 4353/7950/4500
f 4339/7931/4486 4438/8071/4585 4356/7954/4503
f 4464/8105/4611 4465/8106/4612 4466/8107/4613
f 4381/8011/4528 4467/8108/4614 4439/8072/4586
f 4418/8040/4565 4448/8084/4595 4455/8094/4602
f 4433/8065/4580 4456/8096/4603 4420/8063/4567
f 4408/8029/4555 4459/8099/4606 4410/8031/4557
f 4299/7879/4446 4422/8049/4569 4461/8102/4608
f 4468/8109/4615 4345/7938/4492 4423/8050/4570
f 4313/7901/4460 4427/8056/4574 4428/8057/4575
f 4435/8068/4582 4237/7795/4384 4428/8057/4575
f 4405/8023/4552 4453/8092/4600 4445/8081/4592
f 4431/8060/4578 4462/8103/4609 4370/7974/4517
f 4380/7989/4527 4469/8110/4616 4437/8070/4584
f 4352/7949/4499 4370/7974/4517 4463/8104/4610
f 4380/7989/4527 4394/8008/4541 4469/8110/4616
f 4289/7867/4436 4352/7949/4499 4196/7728/4343
f 4354/7951/4501 4196/7728/4343 4470/8111/4617
f 4354/7951/4501 4471/8112/4618 4326/8113/4473
f 4338/7930/4485 4467/8108/4614 4381/8011/4528
f 4438/8071/4585 4382/7991/4529 4472/8114/4619
f 4464/8105/4611 4466/8107/4613 4473/8115/4620
f 4474/8116/4621 4466/8107/4613 4465/8106/4612
f 4382/7991/4529 4455/8094/4602 4472/8114/4619
f 4474/8116/4621 4475/8117/4622 4466/8107/4613
f 4439/8072/4586 4476/8118/4623 4395/8027/4542
f 4419/8041/4566 4477/8119/4624 4448/8084/4595
f 4457/8097/4604 4478/8120/4625 4459/8099/4606
f 4411/8032/4558 4298/7878/4445 4479/8121/4626
f 4221/7772/4368 4383/7993/4530 4421/8048/4568
f 4387/7997/4534 4345/7938/4492 4468/8109/4615
f 4437/8070/4584 4469/8110/4616 4453/8092/4600
f 4463/8104/4610 4480/8122/4627 4352/7949/4499
f 4394/8008/4541 4417/8039/4564 4469/8110/4616
f 4326/7916/4473 4471/8123/4618 4406/8024/4553
f 4438/8071/4585 4481/8124/4628 4356/7954/4503
f 4406/8024/4553 4482/8125/4629 4338/7930/4485
f 4473/8115/4620 4483/8126/4630 4464/8105/4611
f 4474/8127/4621 4484/8128/4631 4475/8129/4622
f 4395/8027/4542 4485/8130/4632 4440/8131/4587
f 4450/8095/4597 4449/8087/4596 4486/8132/4633
f 4450/8095/4597 4486/8132/4633 4457/8133/4604
f 4457/8097/4604 4487/8134/4634 4478/8120/4625
f 4398/8016/4545 4488/8135/4635 4383/7993/4530
f 4383/7993/4530 4488/8135/4635 4421/8048/4568
f 4399/8017/4546 4412/8033/4559 4461/8102/4608
f 4422/8049/4569 4385/7995/4532 4365/7966/4512
f 4387/7997/4534 4489/8136/4636 4332/7922/4479
f 4347/7940/4494 4490/8137/4637 4444/8078/4591
f 4423/8050/4570 4223/7775/4370 4348/7941/4495
f 4431/8060/4578 4436/8069/4583 4491/8138/4638
f 4453/8139/4600 4469/8140/4616 4492/8141/4639
f 4482/8125/4629 4467/8108/4614 4338/7930/4485
f 4483/8142/4630 4493/8143/4640 4464/8144/4611
f 4473/8115/4620 4466/8107/4613 4494/8145/4641
f 4464/8144/4611 4495/8146/4642 4465/8147/4612
f 4465/8147/4612 4495/8146/4642 4474/8148/4621
f 4496/8149/4643 4497/8150/4644 4498/8151/4645
f 4498/8151/4645 4499/8152/4646 4496/8149/4643
f 4484/8128/4631 4500/8153/4647 4475/8129/4622
f 4476/8118/4623 4485/8130/4632 4395/8027/4542
f 4419/8086/4566 4501/8154/4648 4477/8155/4624
f 4420/8063/4567 4456/8096/4603 4501/8154/4648
f 4419/8086/4566 4420/8063/4567 4501/8154/4648
f 4457/8133/4604 4486/8132/4633 4487/8156/4634
f 4298/7878/4445 4343/7936/4490 4479/8121/4626
f 4399/8017/4546 4461/8102/4608 4502/8157/4649
f 4400/8018/4547 4503/8158/4650 4252/7812/4399
f 4491/8138/4638 4462/8103/4609 4431/8060/4578
f 4392/8006/4539 4447/8083/4594 4504/8159/4651
f 4505/8160/4652 4463/8161/4610 4462/8162/4609
f 4242/7800/4389 4506/8163/4653 4158/7664/4305
f 4356/7954/4503 4481/8124/4628 4507/8164/4654
f 4438/8071/4585 4472/8114/4619 4481/8124/4628
f 4483/8142/4630 4508/8165/4655 4493/8143/4640
f 4473/8166/4620 4509/8167/4656 4483/8142/4630
f 4473/8166/4620 4494/8168/4641 4509/8167/4656
f 4467/8108/4614 4510/8169/4657 4439/8072/4586
f 4494/8145/4641 4466/8107/4613 4511/8170/4658
f 4439/8072/4586 4510/8169/4657 4476/8118/4623
f 4496/8171/4659 4512/8172/4660 4499/8173/4661
f 4499/8174/4646 4513/8175/4662 4514/8176/4663
f 4475/8117/4622 4500/8177/4647 4466/8107/4613
f 4513/8178/4662 4515/8179/4664 4514/8180/4663
f 4499/8152/4646 4515/8179/4664 4513/8178/4662
f 4448/8084/4595 4477/8119/4624 4455/8094/4602
f 4487/8156/4634 4516/8181/4665 4478/8182/4625
f 4478/8120/4625 4516/8183/4665 4517/8184/4666
f 4478/8120/4625 4517/8184/4666 4459/8099/4606
f 4375/7979/4522 4460/8101/4607 4518/8185/4667
f 4410/8031/4557 4519/8186/4668 4441/8075/4588
f 4411/8032/4558 4479/8121/4626 4460/8101/4607
f 4442/8076/4589 4479/8121/4626 4343/7936/4490
f 4488/8135/4635 4520/8187/4669 4421/8048/4568
f 4442/8076/4589 4399/8017/4546 4521/8188/4670
f 4422/8049/4569 4365/7966/4512 4522/8189/4671
f 4452/8091/4599 4523/8190/4672 4386/7996/4533
f 4524/8191/4673 4400/8018/4547 4386/7996/4533
f 4252/7812/4399 4490/8137/4637 4347/7940/4494
f 4490/8137/4637 4426/8192/4573 4444/8078/4591
f 4436/8069/4583 4392/8006/4539 4504/8159/4651
f 4379/7988/4526 4446/8082/4593 4454/8093/4601
f 4525/8193/4674 4470/8111/4617 4196/7728/4343
f 4158/7664/4305 4506/8163/4653 4417/8039/4564
f 4242/7800/4389 4355/8010/4502 4506/8163/4653
f 4481/8124/4628 4472/8114/4619 4526/8194/4675
f 4464/8144/4611 4493/8143/4640 4495/8146/4642
f 4527/8195/4676 4467/8108/4614 4482/8125/4629
f 4509/8196/4656 4494/8197/4641 4528/8198/4677
f 4529/8199/4678 4484/8128/4631 4474/8127/4621
f 4530/8200/4679 4496/8149/4643 4499/8152/4646
f 4497/8201/4644 4531/8202/4680 4498/8203/4645
f 4499/8152/4646 4532/8204/4681 4515/8179/4664
f 4498/8151/4645 4532/8204/4681 4499/8152/4646
f 4533/8205/4682 4534/8206/4683 4500/8153/4647
f 4514/8180/4663 4515/8179/4664 4535/8207/4684
f 4536/8208/4685 4440/8073/4587 4485/8209/4632
f 4486/8132/4633 4449/8087/4596 4440/8073/4587
f 4486/8132/4633 4516/8181/4665 4487/8156/4634
f 4537/8210/4686 4538/8211/4687 4518/8212/4667
f 4538/8211/4687 4458/8098/4605 4518/8212/4667
f 4375/7979/4522 4518/8185/4667 4458/8100/4605
f 4410/8031/4557 4459/8099/4606 4539/8213/4688
f 4441/8075/4588 4519/8186/4668 4398/8016/4545
f 4421/8048/4568 4540/8214/4689 4310/7895/4457
f 4451/8090/4598 4310/7895/4457 4540/8214/4689
f 4541/8215/4690 4461/8102/4608 4422/8049/4569
f 4523/8190/4672 4524/8191/4673 4386/7996/4533
f 4542/8216/4691 4365/7966/4512 4443/8077/4590
f 4489/8136/4636 4443/8077/4590 4332/7922/4479
f 4543/8217/4692 4503/8158/4650 4400/8018/4547
f 4462/8103/4609 4491/8138/4638 4544/8218/4693
f 4492/8219/4639 4469/8110/4616 4545/8220/4694
f 4525/8193/4674 4196/7728/4343 4352/7949/4499
f 4546/8221/4695 4469/8110/4616 4417/8039/4564
f 4547/8222/4696 4471/8112/4618 4354/7951/4501
f 4548/8223/4697 4406/8024/4553 4471/8123/4618
f 4355/7953/4502 4356/7954/4503 4507/8164/4654
f 4549/8224/4698 4482/8125/4629 4406/8024/4553
f 4481/8124/4628 4526/8194/4675 4507/8164/4654
f 4509/8167/4656 4550/8225/4699 4483/8142/4630
f 4550/8225/4699 4508/8165/4655 4483/8142/4630
f 4495/8226/4642 4529/8199/4678 4474/8127/4621
f 4472/8114/4619 4455/8094/4602 4551/8227/4700
f 4467/8108/4614 4527/8195/4676 4510/8169/4657
f 4496/8149/4643 4552/8228/4701 4497/8150/4644
f 4530/8229/4679 4552/8230/4701 4496/8231/4643
f 4552/8232/4701 4531/8202/4680 4497/8201/4644
f 4484/8128/4631 4529/8199/4678 4500/8153/4647
f 4530/8200/4679 4499/8152/4646 4514/8180/4663
f 4514/8180/4663 4535/8207/4684 4553/8233/4702
f 4500/8177/4647 4534/8234/4683 4554/8235/4703
f 4477/8119/4624 4555/8236/4704 4455/8094/4602
f 4556/8237/4705 4557/8238/4706 4534/8206/4683
f 4477/8155/4624 4501/8154/4648 4558/8239/4707
f 4536/8208/4685 4486/8132/4633 4440/8073/4587
f 4456/8096/4603 4559/8240/4708 4501/8154/4648
f 4516/8181/4665 4560/8241/4709 4561/8242/4710
f 4538/8211/4687 4456/8096/4603 4458/8098/4605
f 4516/8243/4665 4561/8244/4710 4517/8245/4666
f 4518/8185/4667 4562/8246/4711 4537/8247/4686
f 4517/8184/4666 4539/8213/4688 4459/8099/4606
f 4410/8031/4557 4539/8213/4688 4519/8186/4668
f 4519/8186/4668 4488/8135/4635 4398/8016/4545
f 4520/8187/4669 4540/8214/4689 4421/8048/4568
f 4521/8188/4670 4399/8017/4546 4502/8157/4649
f 4451/8090/4598 4563/8248/4712 4452/8091/4599
f 4563/8248/4712 4523/8190/4672 4452/8091/4599
f 4489/8136/4636 4387/7997/4534 4564/8249/4713
f 4387/7997/4534 4468/8109/4615 4564/8249/4713
f 4252/7812/4399 4503/8158/4650 4490/8137/4637
f 4490/8137/4637 4565/8250/4714 4426/8192/4573
f 4566/8251/4715 4423/8050/4570 4348/7941/4495
f 4567/8252/4716 4435/8068/4582 4428/8057/4575
f 4480/8122/4627 4525/8193/4674 4352/7949/4499
f 4354/7951/4501 4470/8111/4617 4547/8222/4696
f 4547/8253/4696 4548/8223/4697 4471/8123/4618
f 4509/8167/4656 4528/8254/4677 4550/8225/4699
f 4494/8145/4641 4568/8255/4717 4528/8256/4677
f 4500/8153/4647 4529/8199/4678 4533/8205/4682
f 4533/8205/4682 4529/8199/4678 4534/8206/4683
f 4476/8118/4623 4569/8257/4718 4485/8130/4632
f 4534/8206/4683 4529/8199/4678 4556/8237/4705
f 4515/8179/4664 4532/8204/4681 4535/8207/4684
f 4534/8234/4683 4557/8258/4706 4554/8235/4703
f 4556/8237/4705 4570/8259/4719 4557/8238/4706
f 4477/8119/4624 4558/8260/4707 4555/8236/4704
f 4553/8233/4702 4535/8207/4684 4571/8261/4720
f 4535/8207/4684 4572/8262/4721 4571/8261/4720
f 4560/6748/4709 4573/8263/4722 4561/8264/4710
f 4573/8263/4722 4574/8265/4723 4561/8264/4710
f 4486/8132/4633 4575/8266/4724 4516/8181/4665
f 4576/8267/4725 4577/8268/4726 4562/8246/4711
f 4562/8246/4711 4577/8268/4726 4537/8247/4686
f 4561/8269/4710 4578/8270/4727 4517/8184/4666
f 4517/8184/4666 4578/8270/4727 4539/8213/4688
f 4518/8185/4667 4460/8101/4607 4579/8271/4728
f 4365/7966/4512 4542/8216/4691 4522/8189/4671
f 4400/8018/4547 4524/8191/4673 4543/8217/4692
f 4503/8158/4650 4580/8272/4729 4490/8137/4637
f 4426/8192/4573 4565/8250/4714 4427/8273/4574
f 4436/8069/4583 4504/8159/4651 4491/8138/4638
f 4453/8139/4600 4581/8274/4730 4582/8275/4731
f 4453/8139/4600 4492/8141/4639 4581/8274/4730
f 4462/8162/4609 4544/8276/4693 4505/8160/4652
f 4505/8160/4652 4583/8277/4732 4463/8161/4610
f 4472/8114/4619 4551/8227/4700 4526/8194/4675
f 4550/8225/4699 4528/8254/4677 4568/8278/4717
f 4584/8279/4733 4585/8280/4734 4552/8232/4701
f 4552/8232/4701 4585/8280/4734 4531/8202/4680
f 4527/8195/4676 4586/8281/4735 4510/8169/4657
f 4530/8200/4679 4514/8180/4663 4587/8282/4736
f 4510/8169/4657 4569/8257/4718 4476/8118/4623
f 4500/8177/4647 4554/8235/4703 4466/8107/4613
f 4570/8259/4719 4588/8283/4737 4557/8238/4706
f 4571/8261/4720 4572/8262/4721 4589/8284/4738
f 4570/8259/4719 4590/8285/4739 4588/8283/4737
f 4589/8286/4738 4574/8265/4723 4573/8263/4722
f 4589/8287/4738 4572/8288/4721 4574/8289/4723
f 4588/8283/4737 4590/8285/4739 4591/8290/4740
f 4590/8291/4739 4592/8292/4741 4591/8293/4740
f 4559/8240/4708 4456/8096/4603 4538/8211/4687
f 4576/8267/4725 4592/8292/4741 4577/8268/4726
f 4576/8267/4725 4591/8293/4740 4592/8292/4741
f 4577/8294/4726 4593/8295/4742 4537/8210/4686
f 4576/8267/4725 4562/8246/4711 4591/8293/4740
f 4593/8295/4742 4538/8211/4687 4537/8210/4686
f 4561/8269/4710 4574/8296/4723 4578/8270/4727
f 4479/8121/4626 4442/8076/4589 4594/8297/4743
f 4522/8189/4671 4541/8215/4690 4422/8049/4569
f 4469/8110/4616 4546/8221/4695 4545/8220/4694
f 4546/8221/4695 4417/8039/4564 4506/8163/4653
f 4595/8298/4744 4470/8111/4617 4525/8193/4674
f 4506/8163/4653 4355/8010/4502 4596/8299/4745
f 4355/8300/4502 4507/8301/4654 4597/8302/4746
f 4406/8024/4553 4548/8223/4697 4549/8224/4698
f 4507/8301/4654 4526/8303/4675 4598/8304/4747
f 4482/8125/4629 4549/8224/4698 4527/8195/4676
f 4495/8305/4642 4493/8306/4640 4599/8307/4748
f 4508/4663/4655 4550/624/4699 4600/8308/4749
f 4568/8309/4717 4601/8310/4750 4550/8311/4699
f 4568/8255/4717 4494/8145/4641 4601/8312/4750
f 4586/8281/4735 4569/8257/4718 4510/8169/4657
f 4494/8145/4641 4511/8170/4658 4601/8312/4750
f 4455/8094/4602 4602/8313/4751 4551/8227/4700
f 4531/8202/4680 4532/8314/4681 4498/8203/4645
f 4455/8094/4602 4555/8236/4704 4602/8313/4751
f 4569/8257/4718 4603/8315/4752 4485/8130/4632
f 4529/8199/4678 4570/8259/4719 4556/8237/4705
f 4603/8315/4752 4536/8316/4685 4485/8130/4632
f 4535/8207/4684 4532/8204/4681 4604/8317/4753
f 4604/8317/4753 4572/8262/4721 4535/8207/4684
f 4604/8317/4753 4574/8318/4723 4572/8262/4721
f 4516/8181/4665 4575/8266/4724 4560/8241/4709
f 4604/8319/4753 4578/8270/4727 4574/8296/4723
f 4518/8185/4667 4579/8271/4728 4562/8246/4711
f 4460/8101/4607 4479/8121/4626 4605/8320/4754
f 4442/8076/4589 4606/8321/4755 4594/8297/4743
f 4606/8321/4755 4442/8076/4589 4521/8188/4670
f 4502/8157/4649 4461/8102/4608 4541/8215/4690
f 4542/8216/4691 4443/8077/4590 4607/8322/4756
f 4608/8323/4757 4443/8077/4590 4489/8136/4636
f 4348/7941/4495 4435/8068/4582 4567/8252/4716
f 4567/8252/4716 4428/8057/4575 4609/8324/4758
f 4453/8092/4600 4582/8325/4731 4445/8081/4592
f 4492/8141/4639 4610/8326/4759 4611/8327/4760
f 4612/8328/4761 4583/8277/4732 4505/8160/4652
f 4492/8141/4639 4613/8329/4762 4610/8326/4759
f 4480/8330/4627 4463/8161/4610 4614/8331/4763
f 4545/8332/4694 4613/8329/4762 4492/8141/4639
f 4463/8161/4610 4583/8277/4732 4614/8331/4763
f 4507/8301/4654 4598/8304/4747 4597/8302/4746
f 4615/8333/4764 4599/8307/4748 4493/8306/4640
f 4493/8143/4640 4508/8165/4655 4600/8334/4749
f 4552/8232/4701 4616/8335/4765 4584/8279/4733
f 4495/8226/4642 4617/8336/4766 4529/8199/4678
f 4526/8194/4675 4551/8227/4700 4618/8337/4767
f 4466/8107/4613 4554/8235/4703 4511/8170/4658
f 4553/8233/4702 4619/8338/4768 4514/8180/4663
f 4553/8339/4702 4571/8340/4720 4619/8341/4768
f 4571/8340/4720 4589/8342/4738 4619/8341/4768
f 4558/8239/4707 4501/8154/4648 4559/8240/4708
f 4570/8259/4719 4620/8343/4769 4590/8285/4739
f 4536/8208/4685 4621/8344/4770 4486/8132/4633
f 4589/8342/4738 4573/8345/4722 4622/8346/4771
f 4538/8211/4687 4623/8347/4772 4559/8240/4708
f 4486/8132/4633 4624/8348/4773 4575/8266/4724
f 4557/8258/4706 4588/8349/4737 4625/8350/4774
f 4592/8351/4741 4590/8352/4739 4577/8294/4726
f 4626/8353/4775 4488/8135/4635 4519/8186/4668
f 4443/8077/4590 4608/8323/4757 4607/8322/4756
f 4489/8136/4636 4564/8249/4713 4608/8323/4757
f 4543/8217/4692 4627/8354/4776 4503/8158/4650
f 4468/8109/4615 4423/8050/4570 4628/8355/4777
f 4423/8050/4570 4566/8251/4715 4628/8355/4777
f 4581/8274/4730 4492/8141/4639 4611/8327/4760
f 4525/8193/4674 4480/8122/4627 4629/8356/4778
f 4525/8193/4674 4629/8356/4778 4595/8298/4744
f 4611/8327/4760 4610/8326/4759 4630/8357/4779
f 4545/8332/4694 4631/8358/4780 4613/8329/4762
f 4506/8163/4653 4596/8299/4745 4546/8221/4695
f 4470/8111/4617 4632/8359/4781 4547/8222/4696
f 4596/8299/4745 4355/8010/4502 4597/8360/4746
f 4633/8361/4782 4599/8307/4748 4615/8333/4764
f 4599/8362/4748 4634/8363/4783 4495/8226/4642
f 4530/8200/4679 4635/8364/4784 4552/8228/4701
f 4493/8306/4640 4600/8365/4749 4615/8333/4764
f 4530/8200/4679 4636/8366/4785 4635/8364/4784
f 4586/8281/4735 4527/8195/4676 4637/8367/4786
f 4495/8226/4642 4638/8368/4787 4617/8336/4766
f 4530/8200/4679 4587/8282/4736 4639/8369/4788
f 4640/8370/4789 4601/8312/4750 4511/8170/4658
f 4640/8370/4789 4511/8170/4658 4641/8371/4790
f 4642/8372/4791 4531/8202/4680 4643/8373/4792
f 4532/8314/4681 4531/8202/4680 4642/8372/4791
f 4602/8374/4751 4555/8375/4704 4558/8376/4707
f 4529/8199/4678 4620/8343/4769 4570/8259/4719
f 4558/8239/4707 4559/8240/4708 4644/8377/4793
f 4621/8344/4770 4624/8348/4773 4486/8132/4633
f 4573/8345/4722 4560/8241/4709 4645/8378/4794
f 4645/8378/4794 4560/8241/4709 4575/8266/4724
f 4646/8379/4795 4577/8294/4726 4590/8352/4739
f 4646/8379/4795 4593/8295/4742 4577/8294/4726
f 4623/8347/4772 4538/8211/4687 4593/8295/4742
f 4625/8350/4774 4588/8349/4737 4591/8293/4740
f 4591/8293/4740 4562/8246/4711 4579/8271/4728
f 4626/8353/4775 4519/8186/4668 4539/8213/4688
f 4579/8271/4728 4460/8101/4607 4605/8320/4754
f 4520/8187/4669 4488/8135/4635 4647/8380/4796
f 4541/8215/4690 4648/8381/4797 4502/8157/4649
f 4563/8248/4712 4451/8090/4598 4649/8382/4798
f 4523/8190/4672 4563/8248/4712 4649/8382/4798
f 4650/8383/4799 4543/8217/4692 4524/8191/4673
f 4627/8354/4776 4580/8272/4729 4503/8158/4650
f 4567/8252/4716 4566/8251/4715 4348/7941/4495
f 4565/8384/4714 4651/8385/4800 4427/8056/4574
f 4609/8324/4758 4427/8056/4574 4651/8385/4800
f 4427/8056/4574 4609/8324/4758 4428/8057/4575
f 4505/8386/4652 4544/8387/4693 4612/8388/4761
f 4614/8331/4763 4652/8389/4801 4480/8330/4627
f 4611/8327/4760 4630/8357/4779 4653/8390/4802
f 4632/8359/4781 4470/8111/4617 4595/8298/4744
f 4612/8328/4761 4654/8391/4803 4583/8277/4732
f 4632/8392/4781 4548/8223/4697 4547/8253/4696
f 4614/8331/4763 4583/8277/4732 4655/8393/4804
f 4583/8277/4732 4654/8391/4803 4655/8393/4804
f 4610/8326/4759 4613/8329/4762 4630/8357/4779
f 4653/8390/4802 4630/8357/4779 4633/8361/4782
f 4630/8357/4779 4599/8307/4748 4633/8361/4782
f 4630/8357/4779 4634/8394/4783 4599/8307/4748
f 4633/8361/4782 4615/8333/4764 4656/8395/4805
f 4616/8335/4765 4552/8232/4701 4655/8396/4804
f 4655/8393/4804 4552/8228/4701 4635/8364/4784
f 4598/8397/4747 4526/8398/4675 4657/8399/4806
f 4549/8224/4698 4637/8367/4786 4527/8195/4676
f 4495/8226/4642 4634/8363/4783 4638/8368/4787
f 4526/8303/4675 4618/8400/4767 4657/8401/4806
f 4550/8402/4699 4658/8403/4807 4600/8404/4749
f 4550/8405/4699 4601/8231/4750 4658/8406/4807
f 4618/8400/4767 4551/8407/4700 4602/8374/4751
f 4641/8371/4790 4659/8408/4808 4640/8370/4789
f 4641/8371/4790 4660/8409/4809 4659/8408/4808
f 4661/8410/4810 4587/8282/4736 4514/8180/4663
f 4619/8341/4768 4589/8342/4738 4662/8411/4811
f 4662/8411/4811 4589/8342/4738 4622/8346/4771
f 4644/8377/4793 4559/8240/4708 4623/8347/4772
f 4573/8345/4722 4645/8378/4794 4622/8346/4771
f 4479/8121/4626 4663/8412/4812 4605/8320/4754
f 4479/8121/4626 4594/8297/4743 4663/8412/4812
f 4606/8321/4755 4521/8188/4670 4664/8413/4813
f 4521/8188/4670 4502/8157/4649 4664/8413/4813
f 4523/8190/4672 4650/8383/4799 4524/8191/4673
f 4546/8221/4695 4665/8414/4814 4545/8220/4694
f 4666/8415/4815 4480/8330/4627 4652/8389/4801
f 4631/8358/4780 4545/8332/4694 4667/8416/4816
f 4613/8329/4762 4668/8417/4817 4630/8357/4779
f 4655/8393/4804 4635/8364/4784 4614/8331/4763
f 4616/8418/4765 4655/8393/4804 4654/8391/4803
f 4549/8224/4698 4548/8223/4697 4669/8419/4818
f 4615/8333/4764 4600/8365/4749 4656/8395/4805
f 4636/8366/4785 4530/8200/4679 4639/8369/4788
f 4514/8180/4663 4619/8338/4768 4661/8410/4810
f 4511/8170/4658 4660/8409/4809 4641/8371/4790
f 4603/8315/4752 4670/8420/4819 4536/8316/4685
f 4620/8343/4769 4529/8199/4678 4671/8421/4820
f 4620/8422/4769 4672/8423/4821 4590/8352/4739
f 4590/8352/4739 4672/8423/4821 4646/8379/4795
f 4624/8348/4773 4673/8424/4822 4575/8266/4724
f 4532/8204/4681 4674/8425/4823 4604/8317/4753
f 4557/8258/4706 4625/8350/4774 4554/8235/4703
f 4604/8319/4753 4675/8426/4824 4578/8270/4727
f 4579/8271/4728 4676/8427/4825 4591/8293/4740
f 4520/8187/4669 4647/8380/4796 4540/8214/4689
f 4541/8215/4690 4522/8189/4671 4677/8428/4826
f 4490/8137/4637 4678/8429/4827 4565/8250/4714
f 4446/8082/4593 4445/8081/4592 4679/8430/4828
f 4445/8081/4592 4582/8325/4731 4679/8430/4828
f 4582/8275/4731 4581/8274/4730 4680/8431/4829
f 4544/8387/4693 4681/8432/4830 4612/8388/4761
f 4480/8122/4627 4666/8433/4815 4629/8356/4778
f 4653/8390/4802 4682/8434/4831 4611/8327/4760
f 4612/8388/4761 4681/8432/4830 4654/8435/4803
f 4596/8436/4745 4597/8302/4746 4683/8437/4832
f 4613/8329/4762 4631/8358/4780 4668/8417/4817
f 4630/8438/4779 4668/8439/4817 4634/8363/4783
f 4684/8440/4833 4616/8335/4765 4654/8435/4803
f 4668/8439/4817 4638/8368/4787 4634/8363/4783
f 4635/8364/4784 4636/8366/4785 4685/8441/4834
f 4549/8224/4698 4669/8419/4818 4637/8367/4786
f 4636/8366/4785 4639/8369/4788 4685/8441/4834
f 4600/8365/4749 4658/8442/4807 4686/8443/4835
f 4637/8367/4786 4687/8444/4836 4586/8281/4735
f 4585/8280/4734 4688/8445/4837 4531/8202/4680
f 4586/8281/4735 4689/8446/4838 4569/8257/4718
f 4659/8408/4808 4690/8447/4839 4640/8370/4789
f 4660/8409/4809 4690/8447/4839 4659/8408/4808
f 4643/8373/4792 4691/8448/4840 4642/8372/4791
f 4617/8336/4766 4671/8421/4820 4529/8199/4678
f 4691/8448/4840 4692/8449/4841 4642/8372/4791
f 4660/8409/4809 4511/8170/4658 4693/8450/4842
f 4558/8376/4707 4644/8451/4793 4602/8374/4751
f 4536/8316/4685 4670/8420/4819 4621/8452/4770
f 4622/8346/4771 4694/8453/4843 4662/8411/4811
f 4695/8454/4844 4593/8295/4742 4646/8379/4795
f 4591/8293/4740 4676/8427/4825 4625/8350/4774
f 4578/8270/4727 4696/8455/4845 4539/8213/4688
f 4626/8353/4775 4539/8213/4688 4696/8455/4845
f 4594/8297/4743 4606/8321/4755 4663/8412/4812
f 4648/8381/4797 4664/8413/4813 4502/8157/4649
f 4697/8456/4846 4451/8090/4598 4540/8214/4689
f 4608/8323/4757 4564/8249/4713 4698/8457/4847
f 4543/8217/4692 4650/8383/4799 4627/8354/4776
f 4468/8109/4615 4628/8355/4777 4564/8249/4713
f 4567/8252/4716 4609/8324/4758 4699/8458/4848
f 4446/8082/4593 4679/8430/4828 4454/8093/4601
f 4629/8356/4778 4700/8459/4849 4595/8298/4744
f 4682/8434/4831 4653/8390/4802 4633/8361/4782
f 4546/8221/4695 4596/8299/4745 4683/8460/4832
f 4597/8302/4746 4598/8304/4747 4683/8437/4832
f 4614/8331/4763 4635/8364/4784 4685/8441/4834
f 4701/8461/4850 4669/8419/4818 4548/8223/4697
f 4656/8395/4805 4600/8365/4749 4702/8462/4851
f 4668/8439/4817 4703/8463/4852 4638/8368/4787
f 4704/8464/4853 4584/8279/4733 4616/8335/4765
f 4684/8440/4833 4704/8464/4853 4616/8335/4765
f 4531/8202/4680 4688/8445/4837 4643/8373/4792
f 4569/8257/4718 4689/8446/4838 4603/8315/4752
f 4690/8447/4839 4660/8409/4809 4705/8465/4854
f 4603/8315/4752 4706/8466/4855 4670/8420/4819
f 4511/8170/4658 4554/8235/4703 4693/8450/4842
f 4623/8467/4772 4707/8468/4856 4644/8451/4793
f 4622/8346/4771 4645/8378/4794 4694/8453/4843
f 4673/8424/4822 4645/8378/4794 4575/8266/4724
f 4672/8423/4821 4695/8454/4844 4646/8379/4795
f 4623/8347/4772 4593/8295/4742 4708/8469/4857
f 4579/8271/4728 4605/8320/4754 4676/8427/4825
f 4647/8380/4796 4697/8456/4846 4540/8214/4689
f 4697/8456/4846 4649/8382/4798 4451/8090/4598
f 4542/8216/4691 4607/8322/4756 4522/8189/4671
f 4522/8189/4671 4607/8322/4756 4709/8470/4858
f 4608/8323/4757 4698/8457/4847 4607/8322/4756
f 4580/8272/4729 4678/8429/4827 4490/8137/4637
f 4699/8458/4848 4609/8324/4758 4651/8385/4800
f 4679/8430/4828 4447/8083/4594 4454/8093/4601
f 4611/8327/4760 4682/8434/4831 4680/8431/4829
f 4611/8327/4760 4680/8431/4829 4581/8274/4730
f 4629/8356/4778 4666/8433/4815 4700/8459/4849
f 4545/8220/4694 4665/8414/4814 4667/8471/4816
f 4546/8221/4695 4710/8472/4859 4665/8414/4814
f 4656/8395/4805 4682/8434/4831 4633/8361/4782
f 4632/8392/4781 4595/8473/4744 4711/8474/4860
f 4632/8392/4781 4711/8474/4860 4548/8223/4697
f 4548/8223/4697 4711/8474/4860 4701/8461/4850
f 4600/8365/4749 4686/8443/4835 4702/8462/4851
f 4584/8279/4733 4688/8445/4837 4585/8280/4734
f 4587/8282/4736 4712/8475/4861 4639/8369/4788
f 4602/8374/4751 4713/8476/4862 4618/8400/4767
f 4587/8282/4736 4661/8410/4810 4712/8475/4861
f 4601/8477/4750 4640/8478/4789 4714/8479/4863
f 4619/8338/4768 4662/8480/4811 4661/8410/4810
f 4691/8448/4840 4715/8481/4864 4692/8449/4841
f 4660/8409/4809 4716/8482/4865 4705/8465/4854
f 4602/8374/4751 4644/8451/4793 4707/8468/4856
f 4715/8481/4864 4717/8483/4866 4692/8449/4841
f 4671/8421/4820 4672/8484/4821 4620/8343/4769
f 4624/8348/4773 4621/8344/4770 4673/8424/4822
f 4604/8317/4753 4674/8425/4823 4675/8485/4824
f 4578/8270/4727 4675/8426/4824 4696/8455/4845
f 4488/8135/4635 4626/8353/4775 4718/8486/4867
f 4488/8135/4635 4718/8486/4867 4647/8380/4796
f 4648/8381/4797 4541/8215/4690 4677/8428/4826
f 4698/8457/4847 4564/8249/4713 4719/8487/4868
f 4628/8355/4777 4719/8487/4868 4564/8249/4713
f 4504/8159/4651 4544/8218/4693 4491/8138/4638
f 4665/8488/4814 4710/8489/4859 4667/8416/4816
f 4546/8221/4695 4683/8460/4832 4710/8472/4859
f 4595/8473/4744 4720/8490/4869 4711/8474/4860
f 4654/8435/4803 4681/8432/4830 4684/8440/4833
f 4683/8437/4832 4598/8304/4747 4721/8491/4870
f 4598/8304/4747 4657/8401/4806 4722/8492/4871
f 4584/8279/4733 4723/8493/4872 4688/8445/4837
f 4687/8444/4836 4689/8446/4838 4586/8281/4735
f 4713/8476/4862 4724/8494/4873 4618/8400/4767
f 4689/8446/4838 4725/8495/4874 4706/8466/4855
f 4689/8446/4838 4706/8466/4855 4603/8315/4752
f 4640/8478/4789 4726/8496/4875 4714/8479/4863
f 4690/8497/4839 4726/8496/4875 4640/8478/4789
f 4602/8374/4751 4707/8468/4856 4713/8476/4862
f 4670/8420/4819 4706/8466/4855 4727/8498/4876
f 4715/8481/4864 4728/8499/4877 4717/8483/4866
f 4692/8449/4841 4717/8483/4866 4642/8372/4791
f 4670/8420/4819 4727/8498/4876 4621/8452/4770
f 4729/8500/4878 4694/8453/4843 4645/8378/4794
f 4623/8467/4772 4708/8501/4857 4707/8468/4856
f 4729/8500/4878 4645/8378/4794 4673/8424/4822
f 4695/8454/4844 4708/8469/4857 4593/8295/4742
f 4642/8372/4791 4730/8502/4879 4532/8314/4681
f 4676/8427/4825 4731/8503/4880 4625/8350/4774
f 4648/8381/4797 4677/8428/4826 4664/8413/4813
f 4649/8382/4798 4732/8504/4881 4523/8190/4672
f 4680/8505/4829 4733/8506/4882 4582/8325/4731
f 4595/8473/4744 4700/8507/4849 4720/8490/4869
f 4702/8462/4851 4734/8508/4883 4656/8395/4805
f 4598/8304/4747 4722/8492/4871 4721/8491/4870
f 4669/8419/4818 4701/8461/4850 4637/8367/4786
f 4722/8492/4871 4657/8401/4806 4724/8494/4873
f 4637/8367/4786 4701/8461/4850 4687/8444/4836
f 4657/8401/4806 4618/8400/4767 4724/8494/4873
f 4691/8448/4840 4643/8373/4792 4735/8509/4884
f 4705/8510/4854 4726/417/4875 4690/5890/4839
f 4662/8480/4811 4694/8511/4843 4661/8410/4810
f 4715/8512/4864 4691/8513/4840 4736/8514/4885
f 4715/8512/4864 4736/8514/4885 4728/8515/4877
f 4621/8516/4770 4727/8517/4876 4737/8518/4886
f 4728/8499/4877 4738/8519/4887 4717/8483/4866
f 4739/8520/4888 4738/8519/4887 4728/8499/4877
f 4621/8521/4770 4737/8522/4886 4673/8523/4822
f 4660/8409/4809 4693/8450/4842 4716/8482/4865
f 4532/8314/4681 4730/8502/4879 4674/8524/4823
f 4625/8350/4774 4731/8503/4880 4554/8235/4703
f 4674/8425/4823 4740/8525/4889 4675/8485/4824
f 4732/8504/4881 4650/8383/4799 4523/8190/4672
f 4607/8322/4756 4698/8457/4847 4741/8526/4890
f 4566/8251/4715 4742/8527/4891 4628/8355/4777
f 4678/8528/4827 4651/8385/4800 4565/8384/4714
f 4681/8432/4830 4743/8529/4892 4684/8440/4833
f 4682/8434/4831 4656/8395/4805 4734/8508/4883
f 4702/8462/4851 4686/8443/4835 4734/8508/4883
f 4721/8491/4870 4722/8492/4871 4744/8530/4893
f 4668/8439/4817 4745/8531/4894 4703/8463/4852
f 4584/8279/4733 4704/8464/4853 4723/8493/4872
f 4687/8444/4836 4725/8495/4874 4689/8446/4838
f 4691/8448/4840 4735/8509/4884 4736/8532/4885
f 4707/8468/4856 4746/8533/4895 4713/8476/4862
f 4661/8410/4810 4694/8511/4843 4747/8534/4896
f 4671/8421/4820 4748/8535/4897 4672/8484/4821
f 4672/8484/4821 4748/8535/4897 4695/8536/4844
f 4737/8537/4886 4729/8500/4878 4673/8424/4822
f 4739/8520/4888 4749/8538/4898 4738/8519/4887
f 4716/8539/4865 4750/8540/4899 4751/8541/4900
f 4749/8538/4898 4752/8542/4901 4738/8519/4887
f 4717/8543/4866 4753/8544/4902 4642/8545/4791
f 4675/8426/4824 4754/8546/4903 4696/8455/4845
f 4696/8455/4845 4754/8546/4903 4626/8353/4775
f 4649/8382/4798 4697/8456/4846 4755/8547/4904
f 4709/8470/4858 4607/8322/4756 4741/8526/4890
f 4650/8383/4799 4756/8548/4905 4627/8354/4776
f 4627/8354/4776 4757/8549/4906 4580/8272/4729
f 4628/8355/4777 4742/8527/4891 4719/8487/4868
f 4678/8528/4827 4758/8550/4907 4651/8385/4800
f 4544/8218/4693 4759/8551/4908 4760/8552/4909
f 4544/8387/4693 4760/8553/4909 4681/8432/4830
f 4666/8415/4815 4720/8554/4869 4700/8555/4849
f 4710/8489/4859 4761/8556/4910 4667/8416/4816
f 4710/8489/4859 4683/8437/4832 4721/8491/4870
f 4686/8443/4835 4762/8557/4911 4734/8508/4883
f 4701/8461/4850 4711/8474/4860 4763/8558/4912
f 4686/8443/4835 4658/8442/4807 4762/8557/4911
f 4639/8369/4788 4712/8475/4861 4764/8559/4913
f 4713/8476/4862 4765/8560/4914 4724/8494/4873
f 4712/8475/4861 4661/8410/4810 4747/8534/4896
f 4725/8495/4874 4766/8561/4915 4706/8466/4855
f 4617/8336/4766 4767/8562/4916 4671/8421/4820
f 4713/8476/4862 4746/8533/4895 4765/8560/4914
f 4751/8541/4900 4768/8563/4917 4716/8539/4865
f 4716/8564/4865 4768/8565/4917 4705/8566/4854
f 4728/8515/4877 4769/8567/4918 4739/8568/4888
f 4739/8568/4888 4769/8567/4918 4749/8569/4898
f 4751/8541/4900 4750/8540/4899 4770/8570/4919
f 4752/8542/4901 4749/8538/4898 4771/8571/4920
f 4717/8543/4866 4738/8572/4887 4753/8544/4902
f 4752/8573/4901 4753/8544/4902 4738/8572/4887
f 4771/8571/4920 4772/8574/4921 4752/8542/4901
f 4750/8575/4899 4773/8576/4922 4770/8577/4919
f 4642/8545/4791 4753/8544/4902 4730/8578/4879
f 4675/8426/4824 4740/8579/4889 4754/8546/4903
f 4676/8427/4825 4605/8320/4754 4774/8580/4923
f 4663/8412/4812 4775/8581/4924 4605/8320/4754
f 4718/8486/4867 4776/8582/4925 4647/8380/4796
f 4606/8321/4755 4664/8413/4813 4777/8583/4926
f 4522/8189/4671 4709/8470/4858 4677/8428/4826
f 4732/8504/4881 4778/8584/4927 4650/8383/4799
f 4698/8457/4847 4719/8487/4868 4779/8585/4928
f 4757/8549/4906 4678/8429/4827 4580/8272/4729
f 4679/8430/4828 4780/8586/4929 4447/8083/4594
f 4582/8325/4731 4733/8506/4882 4679/8430/4828
f 4760/8553/4909 4781/8587/4930 4681/8432/4830
f 4682/8434/4831 4782/8588/4931 4680/8431/4829
f 4682/8434/4831 4734/8508/4883 4782/8588/4931
f 4684/8440/4833 4743/8529/4892 4704/8464/4853
f 4666/8415/4815 4652/8389/4801 4783/8589/4932
f 4631/8358/4780 4667/8416/4816 4745/8590/4894
f 4710/8489/4859 4721/8491/4870 4761/8556/4910
f 4631/8591/4780 4745/8531/4894 4668/8439/4817
f 4711/8474/4860 4720/8490/4869 4763/8558/4912
f 4614/8331/4763 4784/8592/4933 4652/8389/4801
f 4614/8331/4763 4685/8441/4834 4784/8592/4933
f 4722/8492/4871 4724/8494/4873 4744/8530/4893
f 4685/8441/4834 4639/8369/4788 4764/8559/4913
f 4703/8463/4852 4785/8593/4934 4638/8368/4787
f 4601/8477/4750 4714/8479/4863 4658/8594/4807
f 4638/8368/4787 4785/8593/4934 4617/8336/4766
f 4617/8336/4766 4785/8593/4934 4767/8562/4916
f 4712/8475/4861 4747/8534/4896 4764/8559/4913
f 4706/8466/4855 4766/8561/4915 4727/8498/4876
f 4748/8535/4897 4671/8421/4820 4767/8562/4916
f 4694/8511/4843 4729/8595/4878 4747/8534/4896
f 4708/8501/4857 4786/8596/4935 4746/8533/4895
f 4708/8501/4857 4746/8533/4895 4707/8468/4856
f 4737/8597/4886 4787/8598/4936 4729/8595/4878
f 4695/8599/4844 4788/8600/4937 4708/8501/4857
f 4749/8569/4898 4769/8567/4918 4771/8601/4920
f 4773/8576/4922 4789/8602/4938 4770/8577/4919
f 4772/8603/4921 4753/8544/4902 4752/8573/4901
f 4772/8603/4921 4790/8604/4939 4753/8544/4902
f 4771/8571/4920 4790/8605/4939 4772/8574/4921
f 4771/8571/4920 4791/8606/4940 4790/8605/4939
f 4773/8576/4922 4792/8607/4941 4789/8602/4938
f 4773/8576/4922 4750/8575/4899 4792/8607/4941
f 4716/8482/4865 4792/8607/4941 4750/8575/4899
f 4716/8482/4865 4693/8450/4842 4792/8607/4941
f 4693/8450/4842 4554/8235/4703 4793/8608/4942
f 4731/8503/4880 4676/8427/4825 4774/8580/4923
f 4754/8546/4903 4718/8486/4867 4626/8353/4775
f 4663/8412/4812 4606/8321/4755 4775/8581/4924
f 4794/8609/4943 4719/8487/4868 4742/8527/4891
f 4567/8252/4716 4699/8458/4848 4795/8610/4944
f 4679/8430/4828 4733/8506/4882 4780/8586/4929
f 4504/8159/4651 4759/8551/4908 4544/8218/4693
f 4681/8432/4830 4781/8587/4930 4743/8529/4892
f 4666/8415/4815 4783/8589/4932 4720/8554/4869
f 4667/8416/4816 4796/8611/4945 4745/8590/4894
f 4761/8556/4910 4721/8491/4870 4797/8612/4946
f 4701/8461/4850 4763/8558/4912 4798/8613/4947
f 4701/8461/4850 4798/8613/4947 4687/8444/4836
f 4643/8373/4792 4688/8445/4837 4735/8509/4884
f 4737/8614/4886 4727/8498/4876 4766/8561/4915
f 4708/8501/4857 4788/8600/4937 4786/8596/4935
f 4751/8541/4900 4770/8570/4919 4768/8563/4917
f 4789/8615/4938 4799/8616/4948 4770/8570/4919
f 4791/8617/4940 4771/8601/4920 4800/8618/4949
f 4791/8606/4940 4800/8619/4949 4790/8605/4939
f 4800/8620/4949 4801/8621/4950 4790/7768/4939
f 4802/8622/4951 4799/8616/4948 4789/8615/4938
f 4789/8602/4938 4792/8607/4941 4803/8623/4952
f 4790/8604/4939 4804/8624/4953 4753/8544/4902
f 4801/8625/4950 4804/8626/4953 4790/8627/4939
f 4801/8621/4950 4800/8620/4949 4804/8628/4953
f 4802/8629/4951 4789/8602/4938 4803/8623/4952
f 4664/8413/4813 4805/8630/4954 4777/8583/4926
f 4677/8428/4826 4709/8470/4858 4806/8631/4955
f 4698/8457/4847 4779/8585/4928 4741/8526/4890
f 4566/8251/4715 4807/8632/4956 4742/8527/4891
f 4567/8252/4716 4795/8610/4944 4566/8251/4715
f 4758/8550/4907 4699/8458/4848 4651/8385/4800
f 4680/8431/4829 4782/8588/4931 4733/8633/4882
f 4720/8554/4869 4783/8589/4932 4763/8634/4912
f 4783/8589/4932 4652/8389/4801 4808/8635/4957
f 4808/8635/4957 4652/8389/4801 4784/8592/4933
f 4721/8491/4870 4744/8530/4893 4797/8612/4946
f 4745/8531/4894 4796/8636/4945 4703/8463/4852
f 4685/8441/4834 4764/8559/4913 4784/8592/4933
f 4687/8444/4836 4798/8613/4947 4725/8495/4874
f 4798/8613/4947 4766/8561/4915 4725/8495/4874
f 4724/8494/4873 4765/8560/4914 4809/8637/4958
f 4764/8559/4913 4747/8534/4896 4810/8638/4959
f 4811/8639/4960 4735/8509/4884 4688/8445/4837
f 4658/8594/4807 4714/8479/4863 4812/8640/4961
f 4767/8562/4916 4813/8641/4962 4748/8535/4897
f 4737/8614/4886 4766/8561/4915 4814/8642/4963
f 4787/8598/4936 4747/8534/4896 4729/8595/4878
f 4737/8597/4886 4814/8643/4963 4787/8598/4936
f 4748/8644/4897 4788/8600/4937 4695/8599/4844
f 4726/3189/4875 4705/8566/4854 4768/8565/4917
f 4800/8645/4949 4815/8646/4964 4804/8624/4953
f 4802/8629/4951 4803/8623/4952 4816/8647/4965
f 4815/8646/4964 4803/8623/4952 4804/8624/4953
f 4815/8648/4964 4816/8649/4965 4803/8650/4952
f 4753/8544/4902 4804/8624/4953 4817/8651/4966
f 4693/8450/4842 4793/8608/4942 4792/8607/4941
f 4731/8503/4880 4774/8580/4923 4818/8652/4967
f 4605/8320/4754 4775/8581/4924 4774/8580/4923
f 4647/8380/4796 4776/8582/4925 4697/8456/4846
f 4805/8630/4954 4664/8413/4813 4677/8428/4826
f 4732/8504/4881 4649/8382/4798 4755/8547/4904
f 4709/8470/4858 4741/8526/4890 4806/8631/4955
f 4778/8584/4927 4756/8548/4905 4650/8383/4799
f 4756/8548/4905 4757/8549/4906 4627/8354/4776
f 4779/8585/4928 4719/8487/4868 4794/8609/4943
f 4757/8549/4906 4819/8653/4968 4678/8429/4827
f 4566/8251/4715 4795/8610/4944 4807/8632/4956
f 4820/8654/4969 4704/8464/4853 4743/8529/4892
f 4667/8416/4816 4761/8556/4910 4796/8611/4945
f 4723/8493/4872 4704/8464/4853 4820/8654/4969
f 4784/8592/4933 4821/8655/4970 4808/8635/4957
f 4820/8654/4969 4688/8445/4837 4723/8493/4872
f 4744/8530/4893 4809/8637/4958 4797/8612/4946
f 4784/8592/4933 4764/8559/4913 4821/8655/4970
f 4744/8530/4893 4724/8494/4873 4809/8637/4958
f 4766/8561/4915 4798/8613/4947 4822/8656/4971
f 4785/8593/4934 4813/8641/4962 4767/8562/4916
f 4809/8637/4958 4765/8560/4914 4823/8657/4972
f 4765/8560/4914 4746/8533/4895 4823/8657/4972
f 4813/8641/4962 4788/8658/4937 4748/8535/4897
f 4770/8570/4919 4824/8659/4973 4768/8563/4917
f 4770/8570/4919 4799/8616/4948 4824/8659/4973
f 4799/8616/4948 4802/8622/4951 4824/8659/4973
f 4803/8623/4952 4792/8607/4941 4825/8660/4974
f 4554/8235/4703 4731/8503/4880 4793/8608/4942
f 4674/8661/4823 4730/8578/4879 4826/8662/4975
f 4827/8663/4976 4776/8582/4925 4718/8486/4867
f 4775/8581/4924 4606/8321/4755 4777/8583/4926
f 4806/8631/4955 4741/8526/4890 4828/8664/4977
f 4743/8529/4892 4781/8587/4930 4820/8654/4969
f 4763/8634/4912 4783/8589/4932 4829/8665/4978
f 4783/8589/4932 4808/8635/4957 4829/8665/4978
f 4761/8556/4910 4830/8666/4979 4796/8611/4945
f 4761/8556/4910 4797/8612/4946 4830/8666/4979
f 4808/8635/4957 4831/8667/4980 4829/8665/4978
f 4763/8558/4912 4829/8668/4978 4798/8613/4947
f 4796/8636/4945 4832/8669/4981 4703/8463/4852
f 4797/8612/4946 4809/8637/4958 4830/8666/4979
f 4821/8655/4970 4810/8638/4959 4808/8635/4957
f 4821/8655/4970 4764/8559/4913 4810/8638/4959
f 4832/8669/4981 4785/8593/4934 4703/8463/4852
f 4832/8669/4981 4813/8641/4962 4785/8593/4934
f 4766/8670/4915 4822/8671/4971 4814/8643/4963
f 4822/8671/4971 4787/8598/4936 4814/8643/4963
f 4833/8672/4982 4788/8600/4937 4813/8673/4962
f 4833/8672/4982 4823/8657/4972 4788/8600/4937
f 4747/8534/4896 4787/8598/4936 4810/8638/4959
f 4823/8657/4972 4786/8596/4935 4788/8600/4937
f 4746/8533/4895 4786/8596/4935 4823/8657/4972
f 4728/8515/4877 4736/8514/4885 4769/8567/4918
f 4753/8544/4902 4817/8651/4966 4730/8578/4879
f 4793/8608/4942 4825/8660/4974 4792/8607/4941
f 4674/8674/4823 4826/8675/4975 4740/8676/4889
f 4818/8652/4967 4793/8608/4942 4731/8503/4880
f 4776/8582/4925 4834/8677/4983 4697/8456/4846
f 4834/8677/4983 4755/8547/4904 4697/8456/4846
f 4805/8630/4954 4677/8428/4826 4835/8678/4984
f 4836/8679/4985 4732/8504/4881 4755/8547/4904
f 4677/8428/4826 4806/8631/4955 4835/8678/4984
f 4741/8526/4890 4779/8585/4928 4828/8664/4977
f 4778/8584/4927 4837/8680/4986 4756/8548/4905
f 4794/8609/4943 4742/8527/4891 4807/8632/4956
f 4796/8611/4945 4830/8666/4979 4832/8681/4981
f 4829/8665/4978 4822/8671/4971 4798/8682/4947
f 4831/8667/4980 4822/8671/4971 4829/8665/4978
f 4808/8635/4957 4810/8638/4959 4831/8667/4980
f 4658/8594/4807 4812/8640/4961 4762/8683/4911
f 4830/8666/4979 4833/8672/4982 4832/8681/4981
f 4809/8637/4958 4823/8657/4972 4830/8666/4979
f 4822/8671/4971 4831/8667/4980 4810/8638/4959
f 4830/8666/4979 4823/8657/4972 4833/8672/4982
f 4832/8681/4981 4833/8672/4982 4813/8673/4962
f 4810/8638/4959 4787/8598/4936 4822/8671/4971
f 4771/8601/4920 4769/8567/4918 4800/8618/4949
f 4816/8649/4965 4824/8659/4973 4802/8622/4951
f 4800/8618/4949 4838/8684/4987 4815/8648/4964
f 4815/8648/4964 4839/8685/4988 4816/8649/4965
f 4803/8623/4952 4817/8651/4966 4804/8624/4953
f 4793/8608/4942 4818/8652/4967 4840/8686/4989
f 4818/8652/4967 4774/8580/4923 4841/8687/4990
f 4841/8687/4990 4774/8580/4923 4842/8688/4991
f 4775/8581/4924 4842/8688/4991 4774/8580/4923
f 4842/8688/4991 4775/8581/4924 4777/8583/4926
f 4779/8585/4928 4843/8689/4992 4828/8664/4977
f 4678/8528/4827 4819/8690/4968 4758/8550/4907
f 4758/8550/4907 4844/8691/4993 4699/8458/4848
f 4504/8159/4651 4780/8586/4929 4759/8551/4908
f 4760/8552/4909 4759/8551/4908 4845/8692/4994
f 4760/8553/4909 4845/8693/4994 4781/8587/4930
f 4734/8508/4883 4762/8557/4911 4846/8694/4995
f 4812/8640/4961 4846/8695/4995 4762/8683/4911
f 4800/8618/4949 4769/8567/4918 4847/8696/4996
f 4800/8618/4949 4847/8696/4996 4838/8684/4987
f 4815/8648/4964 4838/8684/4987 4839/8685/4988
f 4824/8659/4973 4816/8649/4965 4839/8685/4988
f 4730/8578/4879 4817/8651/4966 4826/8662/4975
f 4755/8547/4904 4834/8677/4983 4836/8679/4985
f 4805/8630/4954 4835/8678/4984 4848/8697/4997
f 4779/8585/4928 4794/8609/4943 4843/8689/4992
f 4699/8458/4848 4844/8691/4993 4795/8610/4944
f 4504/8159/4651 4447/8083/4594 4780/8586/4929
f 4734/8508/4883 4849/8698/4998 4782/8588/4931
f 4782/8588/4931 4849/8698/4998 4850/8699/4999
f 4768/8563/4917 4851/8700/5000 4726/8701/4875
f 4736/8514/4885 4852/8702/5001 4769/8567/4918
f 4824/8659/4973 4853/8703/5002 4768/8563/4917
f 4825/8660/4974 4854/8704/5003 4803/8623/4952
f 4793/8608/4942 4840/8686/4989 4825/8660/4974
f 4836/8679/4985 4778/8584/4927 4732/8504/4881
f 4756/8548/4905 4837/8680/4986 4757/8549/4906
f 4844/8691/4993 4758/8550/4907 4819/8690/4968
f 4807/8632/4956 4795/8610/4944 4855/8705/5004
f 4856/8706/5005 4795/8610/4944 4844/8691/4993
f 4735/8509/4884 4811/8639/4960 4736/8532/4885
f 4838/8684/4987 4857/8707/5006 4839/8685/4988
f 4803/8623/4952 4858/8708/5007 4817/8651/4966
f 4803/8623/4952 4854/8704/5003 4858/8708/5007
f 4817/8651/4966 4859/8709/5008 4826/8662/4975
f 4754/8546/4903 4827/8663/4976 4718/8486/4867
f 4860/8710/5009 4834/8677/4983 4776/8582/4925
f 4835/8678/4984 4806/8631/4955 4861/8711/5010
f 4828/8664/4977 4862/8712/5011 4806/8631/4955
f 4837/8713/4986 4819/8690/4968 4757/8714/4906
f 4794/8609/4943 4807/8632/4956 4863/8715/5012
f 4795/8610/4944 4856/8706/5005 4855/8705/5004
f 4782/8588/4931 4850/8699/4999 4733/8633/4882
f 4845/8693/4994 4864/8716/5013 4781/8587/4930
f 4781/8587/4930 4865/8717/5014 4820/8654/4969
f 4849/8718/4998 4734/8719/4883 4846/4867/4995
f 4820/8654/4969 4811/8639/4960 4688/8445/4837
f 4768/8563/4917 4853/8703/5002 4851/8700/5000
f 4769/8567/4918 4852/8702/5001 4847/8696/4996
f 4847/8696/4996 4866/8720/5015 4838/8684/4987
f 4839/8685/4988 4853/8703/5002 4824/8659/4973
f 4840/8686/4989 4867/8721/5016 4825/8660/4974
f 4867/8721/5016 4840/8686/4989 4818/8652/4967
f 4754/8546/4903 4868/8722/5017 4827/8663/4976
f 4827/8663/4976 4860/8710/5009 4776/8582/4925
f 4777/8583/4926 4805/8630/4954 4842/8688/4991
f 4805/8630/4954 4869/8723/5018 4842/8688/4991
f 4834/8677/4983 4870/8724/5019 4836/8679/4985
f 4871/8725/5020 4837/8680/4986 4778/8584/4927
f 4828/8664/4977 4843/8689/4992 4862/8712/5011
f 4871/8725/5020 4872/8726/5021 4837/8680/4986
f 4794/8609/4943 4863/8715/5012 4843/8689/4992
f 4780/8586/4929 4873/8727/5022 4759/8551/4908
f 4811/8639/4960 4874/8728/5023 4736/8532/4885
f 4854/8704/5003 4875/8729/5024 4858/8708/5007
f 4825/8660/4974 4875/8729/5024 4854/8704/5003
f 4825/8660/4974 4867/8721/5016 4875/8729/5024
f 4826/8662/4975 4859/8709/5008 4740/8730/4889
f 4740/8730/4889 4859/8709/5008 4868/8731/5017
f 4740/8579/4889 4868/8722/5017 4754/8546/4903
f 4818/8652/4967 4841/8687/4990 4867/8721/5016
f 4860/8710/5009 4827/8663/4976 4868/8722/5017
f 4870/8724/5019 4834/8677/4983 4860/8710/5009
f 4848/8697/4997 4869/8723/5018 4805/8630/4954
f 4835/8678/4984 4861/8711/5010 4848/8697/4997
f 4806/8631/4955 4862/8712/5011 4861/8711/5010
f 4837/8713/4986 4872/8732/5021 4819/8690/4968
f 4863/8715/5012 4807/8632/4956 4855/8705/5004
f 4876/8733/5025 4780/8586/4929 4733/8506/4882
f 4877/8734/5026 4733/8633/4882 4850/8699/4999
f 4781/8587/4930 4864/8716/5013 4865/8717/5014
f 4878/8735/5027 4852/8736/5001 4736/8532/4885
f 4714/8479/4863 4726/8496/4875 4851/8737/5000
f 4866/8720/5015 4847/8696/4996 4852/8702/5001
f 4857/8707/5006 4838/8684/4987 4866/8720/5015
f 4879/8738/5028 4817/8651/4966 4858/8708/5007
f 4879/8738/5028 4859/8709/5008 4817/8651/4966
f 4842/8688/4991 4869/8723/5018 4841/8687/4990
f 4871/8725/5020 4836/8679/4985 4870/8724/5019
f 4836/8679/4985 4871/8725/5020 4778/8584/4927
f 4880/8739/5029 4819/8690/4968 4872/8732/5021
f 4880/8739/5029 4844/8691/4993 4819/8690/4968
f 4856/8706/5005 4844/8691/4993 4880/8739/5029
f 4820/8654/4969 4881/8740/5030 4811/8639/4960
f 4882/8741/5031 4867/8721/5016 4841/8687/4990
f 4843/8689/4992 4863/8715/5012 4883/8742/5032
f 4855/8705/5004 4856/8706/5005 4863/8715/5012
f 4873/8727/5022 4845/8692/4994 4759/8551/4908
f 4733/8506/4882 4877/8743/5026 4876/8733/5025
f 4820/8654/4969 4865/8717/5014 4881/8740/5030
f 4846/8695/4995 4812/8640/4961 4884/8744/5033
f 4874/8728/5023 4878/8735/5027 4736/8532/4885
f 4851/8700/5000 4885/8745/5034 4886/8746/5035
f 4853/8703/5002 4885/8745/5034 4851/8700/5000
f 4839/8685/4988 4885/8745/5034 4853/8703/5002
f 4879/8738/5028 4887/8747/5036 4859/8709/5008
f 4859/8709/5008 4887/8747/5036 4868/8731/5017
f 4841/8687/4990 4869/8723/5018 4882/8741/5031
f 4848/8697/4997 4861/8711/5010 4888/8748/5037
f 4888/8748/5037 4861/8711/5010 4889/8749/5038
f 4862/8712/5011 4889/8749/5038 4861/8711/5010
f 4871/8750/5020 4890/8751/5039 4872/8732/5021
f 4862/8712/5011 4843/8689/4992 4889/8749/5038
f 4891/8752/5040 4880/8739/5029 4872/8732/5021
f 4863/8715/5012 4892/8753/5041 4883/8742/5032
f 4856/8706/5005 4892/8753/5041 4863/8715/5012
f 4780/8586/4929 4893/8754/5042 4873/8727/5022
f 4714/8755/4863 4894/8756/5043 4812/8757/4961
f 4714/8755/4863 4851/8758/5000 4894/8756/5043
f 4878/8735/5027 4895/8759/5044 4852/8736/5001
f 4852/8702/5001 4895/8760/5044 4866/8720/5015
f 4857/8707/5006 4896/8761/5045 4839/8685/4988
f 4885/8745/5034 4839/8685/4988 4896/8761/5045
f 4858/8708/5007 4875/8729/5024 4879/8738/5028
f 4875/8729/5024 4897/8762/5046 4879/8738/5028
f 4875/8729/5024 4898/8763/5047 4897/8762/5046
f 4867/8721/5016 4898/8763/5047 4875/8729/5024
f 4882/8741/5031 4898/8763/5047 4867/8721/5016
f 4868/8731/5017 4899/8764/5048 4860/8765/5009
f 4869/8723/5018 4848/8697/4997 4888/8748/5037
f 4870/8724/5019 4890/8766/5039 4871/8725/5020
f 4890/8751/5039 4891/8752/5040 4872/8732/5021
f 4843/8689/4992 4883/8742/5032 4889/8749/5038
f 4856/8706/5005 4880/8739/5029 4892/8753/5041
f 4780/8586/4929 4900/8767/5049 4901/8768/5050
f 4876/8733/5025 4900/8767/5049 4780/8586/4929
f 4881/8740/5030 4865/8717/5014 4902/8769/5051
f 4881/8740/5030 4902/8769/5051 4811/8639/4960
f 4811/8639/4960 4902/8769/5051 4874/8728/5023
f 4812/8770/4961 4894/8771/5043 4903/8772/5052
f 4857/8707/5006 4904/8773/5053 4896/8761/5045
f 4879/8738/5028 4905/8774/5054 4887/8747/5036
f 4906/8775/5055 4882/8741/5031 4869/8723/5018
f 4860/8765/5009 4899/8764/5048 4907/8776/5056
f 4860/8765/5009 4907/8776/5056 4870/8777/5019
f 4869/8723/5018 4888/8748/5037 4906/8775/5055
f 4907/8776/5056 4890/8751/5039 4870/8777/5019
f 4908/8778/5057 4891/8752/5040 4890/8751/5039
f 4873/8727/5022 4893/8754/5042 4909/8779/5058
f 4873/8727/5022 4909/8779/5058 4845/8692/4994
f 4864/8716/5013 4910/8780/5059 4865/8717/5014
f 4846/8694/4995 4911/8781/5060 4849/8698/4998
f 4846/8694/4995 4884/8782/5033 4911/8781/5060
f 4878/8735/5027 4874/8728/5023 4912/8783/5061
f 4878/8735/5027 4912/8783/5061 4895/8759/5044
f 4851/8758/5000 4886/8784/5035 4894/8756/5043
f 4866/8720/5015 4904/8773/5053 4857/8707/5006
f 4866/8720/5015 4913/8785/5062 4904/8773/5053
f 4879/8738/5028 4897/8762/5046 4905/8774/5054
f 4887/8747/5036 4905/8774/5054 4868/8731/5017
f 4888/8748/5037 4889/8749/5038 4914/8786/5063
f 4914/8786/5063 4889/8749/5038 4883/8742/5032
f 4915/8787/5064 4880/8739/5029 4908/8778/5057
f 4908/8778/5057 4880/8739/5029 4891/8752/5040
f 4883/8742/5032 4892/8753/5041 4915/8787/5064
f 4915/8787/5064 4892/8753/5041 4880/8739/5029
f 4780/8586/4929 4901/8768/5050 4893/8754/5042
f 4876/8788/5025 4877/8789/5026 4900/8790/5049
f 4812/8757/4961 4903/8791/5052 4884/8782/5033
f 4905/8774/5054 4916/8792/5065 4868/8731/5017
f 4868/8731/5017 4916/8792/5065 4899/8764/5048
f 4916/8792/5065 4907/8776/5056 4899/8764/5048
f 4882/8741/5031 4906/8775/5055 4898/8763/5047
f 4906/8775/5055 4888/8748/5037 4917/8793/5066
f 4918/8794/5067 4890/8751/5039 4907/8776/5056
f 4888/8748/5037 4914/8786/5063 4917/8793/5066
f 4908/8778/5057 4890/8751/5039 4918/8794/5067
f 4919/8795/5068 4914/8786/5063 4883/8742/5032
f 4850/8699/4999 4920/8796/5069 4877/8734/5026
f 4850/8699/4999 4849/8698/4998 4920/8796/5069
f 4849/8698/4998 4911/8781/5060 4920/8796/5069
f 4865/8717/5014 4910/8780/5059 4902/8769/5051
f 4903/8791/5052 4921/8797/5070 4884/8782/5033
f 4903/8791/5052 4894/8756/5043 4922/8798/5071
f 4895/8760/5044 4913/8785/5062 4866/8720/5015
f 4896/8761/5045 4886/8746/5035 4885/8745/5034
f 4923/8799/5072 4904/8773/5053 4913/8785/5062
f 4897/8762/5046 4898/8763/5047 4924/8800/5073
f 4898/8763/5047 4917/8793/5066 4924/8800/5073
f 4906/8775/5055 4917/8793/5066 4898/8763/5047
f 4917/8793/5066 4914/8786/5063 4919/8795/5068
f 4925/8801/5074 4908/8778/5057 4918/8794/5067
f 4925/8801/5074 4915/8787/5064 4908/8778/5057
f 4915/8787/5064 4926/8802/5075 4919/8795/5068
f 4919/8795/5068 4883/8742/5032 4915/8787/5064
f 4893/8754/5042 4901/8768/5050 4909/8779/5058
f 4877/8803/5026 4927/8804/5076 4900/8805/5049
f 4845/8693/4994 4928/8806/5077 4864/8716/5013
f 4909/8807/5058 4928/8806/5077 4845/8693/4994
f 4903/8791/5052 4922/8798/5071 4921/8797/5070
f 4902/8769/5051 4929/8808/5078 4874/8728/5023
f 4874/8728/5023 4929/8808/5078 4912/8783/5061
f 4904/8773/5053 4923/8799/5072 4896/8761/5045
f 4905/8774/5054 4897/8762/5046 4930/8809/5079
f 4905/8774/5054 4930/8809/5079 4916/8792/5065
f 4897/8762/5046 4924/8800/5073 4930/8809/5079
f 4926/8802/5075 4925/8801/5074 4916/8792/5065
f 4916/8792/5065 4918/8794/5067 4907/8776/5056
f 4916/8792/5065 4925/8801/5074 4918/8794/5067
f 4926/8802/5075 4917/8793/5066 4919/8795/5068
f 4925/8801/5074 4926/8802/5075 4915/8787/5064
f 4877/8734/5026 4920/8796/5069 4927/8810/5076
f 4864/8716/5013 4931/8811/5080 4910/8780/5059
f 4910/8780/5059 4931/8811/5080 4902/8769/5051
f 4911/8781/5060 4884/8782/5033 4921/8797/5070
f 4911/8781/5060 4921/8797/5070 4932/8812/5081
f 4895/8759/5044 4933/8813/5082 4913/8814/5062
f 4886/8784/5035 4934/8815/5083 4894/8756/5043
f 4886/8784/5035 4896/8816/5045 4934/8815/5083
f 4930/8809/5079 4926/8802/5075 4916/8792/5065
f 4924/8800/5073 4926/8802/5075 4930/8809/5079
f 4917/8793/5066 4926/8802/5075 4924/8800/5073
f 4900/8767/5049 4935/8817/5084 4901/8768/5050
f 4900/8818/5049 4927/8810/5076 4935/8819/5084
f 4864/8716/5013 4928/8806/5077 4931/8811/5080
f 4902/8769/5051 4936/8820/5085 4929/8808/5078
f 4912/8783/5061 4933/8813/5082 4895/8759/5044
f 4901/8768/5050 4937/8821/5086 4909/8779/5058
f 4911/8781/5060 4932/8812/5081 4920/8796/5069
f 4931/8811/5080 4936/8820/5085 4902/8769/5051
f 4922/8798/5071 4938/8822/5087 4921/8797/5070
f 4912/8783/5061 4929/8808/5078 4933/8813/5082
f 4922/8798/5071 4894/8756/5043 4938/8822/5087
f 4896/8816/5045 4923/8823/5072 4939/8824/5088
f 4896/8816/5045 4939/8824/5088 4934/8815/5083
f 4913/8785/5062 4940/8825/5089 4923/8799/5072
f 4909/8807/5058 4937/8826/5086 4928/8806/5077
f 4920/8796/5069 4941/8827/5090 4927/8810/5076
f 4920/8796/5069 4932/8812/5081 4941/8827/5090
f 4894/8756/5043 4934/8815/5083 4938/8822/5087
f 4942/8828/5091 4913/8814/5062 4933/8813/5082
f 4901/8829/5050 4935/8819/5084 4937/8830/5086
f 4929/8808/5078 4942/8828/5091 4933/8813/5082
f 4913/8814/5062 4942/8828/5091 4940/8831/5089
f 4923/8823/5072 4943/8832/5092 4939/8824/5088
f 4935/8819/5084 4944/8833/5093 4937/8830/5086
f 4927/8810/5076 4941/8827/5090 4945/8834/5094
f 4936/8820/5085 4942/8828/5091 4929/8808/5078
f 4940/8835/5089 4943/8832/5092 4923/8823/5072
f 4935/8819/5084 4946/8836/5095 4944/8833/5093
f 4935/8819/5084 4927/8810/5076 4946/8836/5095
f 4927/8810/5076 4945/8834/5094 4946/8836/5095
f 4937/8826/5086 4944/8837/5093 4928/8806/5077
f 4928/8838/5077 4944/8833/5093 4947/8839/5096
f 4931/8811/5080 4928/8806/5077 4947/8840/5096
f 4931/8811/5080 4947/8840/5096 4948/8841/5097
f 4941/8827/5090 4932/8812/5081 4945/8834/5094
f 4948/8841/5097 4936/8820/5085 4931/8811/5080
f 4932/8812/5081 4921/8797/5070 4949/8842/5098
f 4938/8822/5087 4949/8842/5098 4921/8797/5070
f 4938/8822/5087 4950/8843/5099 4949/8842/5098
f 4938/8822/5087 4934/8815/5083 4950/8843/5099
f 4950/8843/5099 4939/8824/5088 4943/8832/5092
f 4939/8824/5088 4950/8843/5099 4934/8815/5083
f 4932/8812/5081 4949/8842/5098 4945/8834/5094
f 4936/8820/5085 4951/8844/5100 4942/8828/5091
f 4940/8835/5089 4942/8845/5091 4951/8846/5100
f 4940/8835/5089 4951/8846/5100 4943/8832/5092
f 4947/8839/5096 4944/8833/5093 4952/8847/5101
f 4944/8833/5093 4946/8836/5095 4952/8847/5101
f 4947/8839/5096 4952/8847/5101 4948/8848/5097
f 4948/8841/5097 4951/8844/5100 4936/8820/5085
f 4949/8842/5098 4950/8843/5099 4953/8849/5102
f 4943/8832/5092 4953/8849/5102 4950/8843/5099
f 4953/8849/5102 4943/8832/5092 4951/8846/5100
f 4946/8836/5095 4954/8850/5103 4952/8847/5101
f 4946/8836/5095 4955/8851/5104 4954/8850/5103
f 4945/8834/5094 4955/8851/5104 4946/8836/5095
f 4954/8850/5103 4948/8848/5097 4952/8847/5101
f 4945/8834/5094 4949/8842/5098 4955/8851/5104
f 4955/8851/5104 4953/8849/5102 4954/8850/5103
f 4954/8850/5103 4951/8846/5100 4948/8848/5097
f 4949/8842/5098 4953/8849/5102 4955/8851/5104
f 4954/8850/5103 4953/8849/5102 4951/8846/5100
