# Blender 4.4.0
# www.blender.org
mtllib base.mtl
o Meshy_AI_ice_cube_squishy_0803111452_image-to-3d-texture
v 0.495132 -0.729440 -0.945404
v 0.459547 -0.706111 -0.948947
v 0.586039 -0.721711 -0.947110
v 0.068218 -0.725510 -0.945461
v -0.042466 -0.698255 -0.949361
v 0.214472 -0.698254 -0.949388
v 0.352812 -0.725485 -0.945590
v 0.510915 -0.678776 -0.950528
v 0.131464 -0.686585 -0.950227
v -0.655002 -0.698128 -0.948431
v -0.477249 -0.682651 -0.950187
v -0.473331 -0.713826 -0.947289
v -0.378448 -0.702165 -0.948906
v -0.188724 -0.678727 -0.950408
v -0.196615 -0.713821 -0.947472
v 0.637304 -0.706080 -0.948911
v 0.645175 -0.729478 -0.945152
v 0.676671 -0.694288 -0.948547
v -0.706010 -0.682495 -0.946541
v -0.674717 -0.670782 -0.949622
v 0.676739 -0.666863 -0.949926
v -0.666908 -0.651121 -0.950407
v -0.702134 -0.647154 -0.948591
v 0.696261 -0.655046 -0.948850
v -0.323106 -0.299402 -0.950663
v -0.721653 -0.504921 -0.946740
v -0.706106 -0.516769 -0.948846
v 0.715757 -0.611621 -0.946577
v -0.050361 -0.133393 -0.950663
v 0.704134 -0.441681 -0.948548
v -0.674816 0.119581 -0.950528
v 0.688541 -0.338904 -0.949988
v 0.419999 -0.224304 -0.950649
v -0.706019 -0.228262 -0.948552
v 0.700260 -0.078064 -0.949026
v -0.291484 0.242098 -0.950649
v 0.024733 0.242108 -0.950663
v 0.680738 0.163059 -0.950287
v -0.706067 -0.018737 -0.948546
v 0.329085 0.400205 -0.950649
v -0.706030 0.178847 -0.948597
v -0.729389 0.044497 -0.944612
v 0.680725 0.510891 -0.950348
v 0.723605 0.234198 -0.945398
v -0.686561 0.352785 -0.950167
v 0.704142 0.451608 -0.948594
v -0.030593 0.672883 -0.950589
v -0.725520 0.352775 -0.945493
v -0.706043 0.502998 -0.948488
v 0.700238 0.645255 -0.948785
v 0.727554 0.649138 -0.944461
v 0.735345 0.554355 -0.943014
v 0.657116 0.688582 -0.950105
v -0.678667 0.680676 -0.949866
v -0.548404 0.696442 -0.949890
v -0.709913 0.672811 -0.947407
v 0.700249 0.684585 -0.947877
v -0.228242 0.700388 -0.949682
v -0.070133 0.704296 -0.949441
v -0.662937 0.727654 -0.946382
v 0.107729 0.708155 -0.949145
v -0.698191 0.700273 -0.947341
v -0.232186 0.723801 -0.947339
v 0.664903 0.719888 -0.947276
v -0.125467 0.727678 -0.946727
v -0.465398 0.731556 -0.945963
v 0.060328 0.747193 -0.943183
v 0.329091 0.723831 -0.947274
v 0.487196 0.735501 -0.945356
v 0.617607 -0.741130 -0.943085
v -0.658924 -0.749004 -0.938907
v -0.583968 -0.741112 -0.941584
v -0.410102 -0.733297 -0.943765
v -0.433766 -0.752795 -0.938496
v -0.204573 -0.733288 -0.943767
v 0.392334 -0.752789 -0.938794
v -0.670747 -0.713825 -0.945895
v 0.688411 -0.741216 -0.940008
v 0.684460 -0.713859 -0.945629
v 0.719728 -0.713856 -0.940854
v 0.707985 -0.682507 -0.946201
v -0.721665 -0.694277 -0.943228
v 0.731422 -0.655041 -0.942947
v -0.748995 -0.666824 -0.939096
v 0.723606 -0.469368 -0.945432
v 0.731403 -0.192676 -0.943760
v 0.746578 -0.346789 -0.939843
v -0.737270 -0.346858 -0.943012
v -0.725522 -0.188740 -0.945459
v 0.739181 -0.050387 -0.941839
v 0.727486 0.056353 -0.944548
v -0.741091 -0.089930 -0.941903
v -0.725506 0.218372 -0.945400
v -0.748471 0.178864 -0.939841
v 0.762606 0.313242 -0.934565
v -0.729458 0.660986 -0.944281
v -0.717674 0.708070 -0.943750
v 0.727537 0.700238 -0.942208
v 0.688398 0.735471 -0.943369
v -0.698168 0.739381 -0.941777
v 0.664903 0.739401 -0.944098
v -0.500960 0.751092 -0.942216
v -0.295430 0.743699 -0.943831
v -0.101746 0.754985 -0.941242
v 0.609708 0.739365 -0.944719
v -0.682495 0.758890 -0.938842
v 0.423917 0.755014 -0.941257
v -0.658974 0.758925 -0.939833
v 0.297452 0.770599 -0.936928
v 0.621565 -0.776233 -0.931745
v -0.228178 -0.760582 -0.935970
v 0.190741 -0.752802 -0.938599
v -0.018737 -0.748936 -0.939856
v 0.660942 -0.748934 -0.939861
v 0.313301 -0.752758 -0.938633
v -0.702115 -0.733360 -0.939824
v 0.723650 -0.741187 -0.935030
v 0.735346 -0.709990 -0.938138
v 0.743122 -0.686501 -0.938525
v 0.747028 -0.651091 -0.939095
v 0.747036 -0.536552 -0.939852
v -0.756748 -0.469387 -0.937932
v 0.778197 -0.113655 -0.928600
v 0.754742 0.064215 -0.937165
v -0.772281 0.317197 -0.931805
v -0.752805 0.459485 -0.938535
v 0.750900 0.546460 -0.938659
v -0.748940 0.676753 -0.939035
v 0.750896 0.676684 -0.937965
v 0.715786 0.735483 -0.939699
v 0.735300 0.727631 -0.936981
v -0.721600 0.743268 -0.937537
v 0.680615 0.758873 -0.938781
v -0.453561 0.770624 -0.936872
v 0.024737 0.774130 -0.935926
v 0.660939 0.762796 -0.938784
v -0.216377 0.774548 -0.935674
v -0.643232 0.778419 -0.934421
v 0.562287 0.786270 -0.931762
v 0.072167 -0.776240 -0.930217
v -0.690378 -0.760674 -0.933751
v -0.678656 -0.784075 -0.926236
v -0.101775 -0.768409 -0.933204
v 0.503038 -0.787883 -0.925965
v -0.729540 -0.737325 -0.934878
v -0.713914 -0.752935 -0.933559
v -0.760741 -0.713886 -0.931488
v -0.768470 -0.686415 -0.932039
v 0.758715 -0.674682 -0.934678
v -0.772400 -0.655016 -0.932034
v -0.787959 -0.615555 -0.926262
v 0.774268 -0.461493 -0.930311
v -0.787866 -0.477285 -0.925668
v -0.756620 -0.358716 -0.937433
v -0.776257 -0.066188 -0.930148
v -0.768427 0.601816 -0.933846
v 0.778220 0.664937 -0.928929
v 0.774372 0.605751 -0.930558
v 0.750923 0.708123 -0.935617
v -0.752851 0.719822 -0.934065
v -0.705988 0.754986 -0.937348
v 0.711924 0.770095 -0.931860
v -0.666818 0.790109 -0.929730
v -0.374515 0.785725 -0.931828
v 0.313264 0.794015 -0.928708
v -0.619552 -0.776268 -0.930540
v -0.417939 -0.787867 -0.924985
v 0.321201 -0.791740 -0.923412
v 0.151202 -0.791724 -0.923420
v 0.696321 -0.784080 -0.925437
v -0.764698 -0.753076 -0.922794
v 0.770485 -0.713928 -0.927198
v 0.774428 -0.733558 -0.922815
v 0.786084 -0.655059 -0.925059
v 0.778169 -0.295421 -0.928612
v -0.780083 -0.184774 -0.928620
v -0.772278 0.127468 -0.931746
v 0.789820 0.064238 -0.923143
v -0.787835 0.285581 -0.925147
v 0.785923 0.273714 -0.925145
v 0.774241 0.447655 -0.930256
v 0.797716 0.657057 -0.920362
v -0.764510 0.688478 -0.933583
v -0.784105 0.680647 -0.926645
v 0.774349 0.704197 -0.928130
v -0.780153 0.719841 -0.924544
v 0.750943 0.758922 -0.926184
v -0.748951 0.751105 -0.929323
v -0.733389 0.782324 -0.924204
v -0.698177 0.778434 -0.931572
v 0.653143 0.794066 -0.928488
v -0.508853 0.805644 -0.923795
v 0.131465 0.797889 -0.927169
v -0.635346 0.801774 -0.925486
v -0.263824 0.805659 -0.923652
v -0.014792 0.801802 -0.925518
v -0.220356 -0.795675 -0.921292
v -0.054299 -0.791772 -0.923479
v -0.717891 -0.780244 -0.924180
v 0.743321 -0.764702 -0.924649
v 0.754994 -0.760821 -0.922932
v -0.780266 -0.725694 -0.923014
v -0.788005 -0.682544 -0.924597
v 0.782159 -0.678666 -0.925879
v -0.796383 0.155150 -0.920787
v -0.795653 0.503010 -0.921594
v -0.791877 0.645194 -0.924243
v -0.776305 0.755028 -0.919047
v 0.696271 0.790141 -0.927082
v -0.706009 0.805694 -0.919596
v -0.686439 0.805693 -0.921918
v 0.558363 0.801774 -0.925618
v -0.631424 -0.807414 -0.916117
v 0.657038 -0.795718 -0.922680
v -0.717958 -0.799699 -0.915846
v -0.757035 -0.772557 -0.919437
v -0.799707 -0.713988 -0.916398
v 0.793768 -0.524768 -0.921424
v -0.803480 -0.117556 -0.917069
v 0.801524 0.451591 -0.917091
v 0.797756 0.688506 -0.919069
v 0.766551 0.758932 -0.921077
v -0.764563 0.770607 -0.918983
v 0.743121 0.778439 -0.922550
v 0.723646 0.794020 -0.921211
v -0.662928 0.812739 -0.919976
v 0.313281 0.817390 -0.917718
v -0.473377 -0.815162 -0.910344
v 0.609795 -0.815170 -0.912606
v 0.700312 -0.799648 -0.917839
v -0.674720 -0.807464 -0.915401
v 0.747350 -0.795896 -0.912428
v 0.790000 -0.717912 -0.918888
v -0.819133 -0.682583 -0.908655
v -0.815151 -0.544511 -0.911317
v -0.811223 -0.323118 -0.912603
v 0.813194 -0.006925 -0.910167
v -0.811244 0.016865 -0.912591
v -0.811207 0.388295 -0.912614
v 0.793850 0.708086 -0.919246
v -0.795706 0.704189 -0.919541
v -0.810952 0.727705 -0.908420
v 0.789980 0.735500 -0.916922
v -0.799679 0.751143 -0.909615
v 0.782196 0.774585 -0.910177
v 0.692340 0.813501 -0.917351
v -0.093846 0.825179 -0.913712
v 0.099861 0.829016 -0.911541
v 0.657092 0.817416 -0.917773
v -0.611650 0.828168 -0.912041
v 0.443739 0.832951 -0.908870
v -0.540551 -0.819428 -0.908730
v 0.483258 -0.818958 -0.908311
v -0.133394 -0.818961 -0.907870
v 0.348782 -0.811467 -0.912648
v 0.727813 -0.811429 -0.908569
v -0.753207 -0.799832 -0.909773
v 0.770754 -0.792131 -0.908136
v 0.782347 -0.772668 -0.910802
v 0.797896 -0.760968 -0.907499
v -0.803671 -0.745308 -0.909552
v 0.801706 -0.737531 -0.910540
v 0.801640 -0.670806 -0.917236
v -0.807410 -0.651110 -0.916476
v 0.817253 -0.670904 -0.908627
v 0.813167 -0.248022 -0.910139
v -0.818982 0.127459 -0.907766
v 0.813187 0.218395 -0.910101
v -0.811213 0.443686 -0.912610
v -0.806951 0.609715 -0.916431
v 0.809400 0.601811 -0.913836
v -0.823017 0.676742 -0.906343
v -0.760701 0.786272 -0.915027
v 0.739309 0.809638 -0.910699
v -0.745079 0.817421 -0.905955
v -0.402212 0.832932 -0.908886
v -0.240089 0.832931 -0.908883
v 0.688431 0.829067 -0.909260
v 0.056350 0.840032 -0.904378
v -0.655087 -0.830761 -0.901615
v 0.036596 -0.819014 -0.907866
v -0.702330 -0.822903 -0.904661
v -0.792205 -0.796086 -0.900154
v -0.815258 -0.710119 -0.908620
v 0.824907 -0.386340 -0.902218
v 0.840484 -0.528709 -0.891092
v 0.809304 -0.402164 -0.912606
v -0.826801 -0.180853 -0.902258
v 0.824916 0.344889 -0.902333
v 0.825031 0.641321 -0.904753
v 0.817183 0.692449 -0.908106
v 0.821158 0.739449 -0.899303
v -0.776328 0.801937 -0.903103
v -0.725613 0.825185 -0.906313
v -0.702119 0.829092 -0.907785
v 0.684621 -0.819098 -0.908451
v -0.394257 -0.834588 -0.896642
v -0.749394 -0.819230 -0.900737
v 0.794186 -0.800762 -0.896750
v -0.799798 -0.768777 -0.905849
v 0.817287 -0.710109 -0.905984
v 0.813258 -0.560295 -0.910904
v -0.823176 -0.030692 -0.904832
v 0.832368 -0.050385 -0.896792
v -0.826811 0.431829 -0.902273
v 0.821008 0.530693 -0.905798
v 0.824936 0.416043 -0.902319
v -0.834651 0.629535 -0.899258
v -0.834693 0.712092 -0.895551
v 0.806318 0.766875 -0.901111
v 0.778413 0.821411 -0.891984
v 0.704131 0.840755 -0.899899
v -0.674678 0.840720 -0.903363
v 0.317235 0.832937 -0.908879
v -0.161034 0.844590 -0.900907
v 0.633467 0.840235 -0.904458
v 0.672772 0.840709 -0.903343
v -0.129420 -0.838986 -0.893164
v 0.578175 -0.842474 -0.893093
v -0.508965 -0.838486 -0.894275
v 0.759182 -0.815416 -0.900693
v 0.828957 -0.745458 -0.893688
v -0.827723 -0.757170 -0.893466
v 0.836045 -0.651174 -0.896547
v -0.826813 -0.319147 -0.902173
v 0.836608 0.159108 -0.893465
v -0.834182 0.301409 -0.896729
v 0.829268 0.578131 -0.900947
v 0.836697 0.684568 -0.895338
v 0.824984 0.714238 -0.900858
v -0.799772 0.794155 -0.895974
v -0.764668 0.813558 -0.901941
v 0.758931 0.832558 -0.892657
v -0.394263 0.850151 -0.896985
v -0.477313 0.860184 -0.889439
v 0.333051 0.844636 -0.900874
v 0.163097 0.848520 -0.898178
v 0.664969 -0.838547 -0.896182
v 0.495158 -0.838517 -0.894095
v 0.720065 -0.834748 -0.895168
v -0.714124 -0.838605 -0.893044
v -0.806717 -0.800054 -0.892410
v 0.817359 -0.765000 -0.896805
v 0.844493 -0.686558 -0.889163
v -0.834726 -0.682614 -0.898271
v -0.842440 -0.603815 -0.893123
v 0.848346 -0.615683 -0.886543
v 0.828817 -0.572207 -0.900760
v 0.841661 -0.212438 -0.889232
v -0.843118 0.131439 -0.889816
v 0.840491 0.514889 -0.891126
v -0.838647 0.751300 -0.885922
v 0.794013 0.805812 -0.892911
v -0.749090 0.840794 -0.890961
v -0.717812 0.848530 -0.892748
v -0.576066 0.860920 -0.889220
v 0.087979 0.864533 -0.885376
v 0.554413 0.856033 -0.893080
v 0.174933 -0.838487 -0.893653
v 0.743623 -0.850298 -0.880364
v 0.759173 -0.827033 -0.893997
v -0.776785 -0.827116 -0.889933
v -0.819280 -0.788371 -0.890088
v -0.852710 -0.647199 -0.885305
v -0.854162 -0.552447 -0.882015
v 0.851537 0.419995 -0.880796
v -0.846324 0.514916 -0.887900
v -0.819191 0.774675 -0.892443
v 0.809582 0.794186 -0.889906
v 0.821186 0.782505 -0.887413
v 0.735487 0.840762 -0.893886
v -0.674706 0.856287 -0.891903
v 0.506970 0.864615 -0.885799
v -0.670844 -0.850270 -0.886137
v -0.497080 -0.861932 -0.873593
v 0.794298 -0.827157 -0.883734
v -0.792263 -0.815523 -0.891518
v 0.805874 -0.819504 -0.883154
v -0.811660 -0.819500 -0.881154
v 0.813541 -0.792345 -0.890959
v 0.836744 -0.776835 -0.881244
v -0.842524 -0.741502 -0.886051
v 0.852281 -0.659045 -0.883632
v -0.842994 -0.362655 -0.889645
v 0.856129 -0.354738 -0.876656
v -0.861521 -0.200617 -0.873550
v 0.859492 0.044500 -0.873585
v 0.856124 0.538613 -0.878143
v 0.852274 0.617651 -0.883638
v -0.850290 0.661011 -0.887036
v 0.844516 0.743457 -0.881684
v 0.836393 0.770789 -0.880999
v -0.784327 0.837026 -0.881592
v 0.692420 0.860193 -0.886891
v -0.398172 0.868416 -0.881827
v -0.251960 0.852343 -0.895277
v -0.125442 0.864504 -0.885392
v -0.038509 0.860155 -0.888993
v -0.615549 0.870104 -0.881386
v 0.163076 0.872970 -0.877538
v 0.226284 0.864071 -0.885625
v 0.625479 0.856339 -0.893082
v -0.611684 -0.861298 -0.876853
v 0.503125 -0.866271 -0.870077
v 0.202606 -0.857236 -0.877492
v 0.712209 -0.850295 -0.884311
v -0.765116 -0.838665 -0.885156
v 0.848394 -0.729811 -0.881701
v 0.850326 -0.745496 -0.877418
v -0.850276 -0.710166 -0.884173
v 0.867856 -0.603827 -0.868498
v 0.863316 -0.208519 -0.869686
v -0.857134 -0.018795 -0.877490
v -0.858321 0.704277 -0.877485
v -0.854206 0.731713 -0.877430
v -0.811510 0.809833 -0.883216
v -0.799861 0.833169 -0.876961
v 0.809608 0.817659 -0.879443
v 0.731667 0.864173 -0.877387
v 0.570198 0.882299 -0.869785
v 0.672795 0.877077 -0.873611
v 0.637430 -0.865729 -0.873560
v 0.676809 -0.861998 -0.876324
v 0.020773 -0.869726 -0.865612
v -0.334983 -0.858044 -0.876734
v 0.767121 -0.846477 -0.878714
v 0.790448 -0.838756 -0.877611
v 0.832898 -0.804015 -0.874611
v -0.865862 -0.504985 -0.869666
v 0.864549 0.700356 -0.870255
v 0.852272 0.719977 -0.879355
v -0.842591 0.790437 -0.871210
v -0.760935 0.860290 -0.873459
v -0.729632 0.860255 -0.881311
v 0.755079 0.851972 -0.880881
v -0.188690 0.877042 -0.873668
v 0.068214 0.883553 -0.866867
v 0.333037 0.872970 -0.877537
v -0.113590 -0.865823 -0.869518
v -0.741599 -0.858053 -0.873565
v -0.792387 -0.838752 -0.877522
v -0.843450 -0.776800 -0.877408
v 0.874829 -0.429814 -0.857955
v 0.871744 -0.536634 -0.862580
v 0.875197 0.194653 -0.857475
v -0.834832 0.807062 -0.870001
v 0.813513 0.829318 -0.870982
v 0.774636 0.860320 -0.868008
v 0.696363 0.874927 -0.873581
v -0.717923 0.879728 -0.866141
v -0.714160 -0.865855 -0.869680
v -0.505019 -0.881388 -0.853964
v 0.720096 -0.869788 -0.865752
v 0.755371 -0.861954 -0.867826
v -0.811669 -0.831017 -0.874308
v 0.825905 -0.815632 -0.873937
v -0.842928 -0.800192 -0.869804
v 0.851554 -0.776817 -0.869007
v -0.854202 -0.749394 -0.875022
v -0.873372 0.131458 -0.861545
v -0.861899 0.269775 -0.873030
v -0.869790 0.641314 -0.869344
v 0.864460 0.731757 -0.866261
v -0.815457 0.840924 -0.863561
v 0.783131 0.848680 -0.873395
v -0.694358 0.887173 -0.861596
v -0.453565 0.881321 -0.869725
v 0.633432 0.886140 -0.865894
v -0.682703 -0.878286 -0.858678
v 0.668936 -0.877254 -0.861520
v 0.475423 -0.873672 -0.861854
v 0.817485 -0.832021 -0.869573
v -0.830977 -0.819529 -0.869546
v -0.877586 -0.674763 -0.860749
v 0.870956 -0.686548 -0.864974
v -0.873664 -0.647222 -0.865368
v 0.862938 0.601861 -0.873566
v 0.848459 0.770847 -0.871644
v -0.866295 0.778733 -0.854437
v 0.836840 0.805985 -0.867594
v -0.799895 0.848685 -0.866712
v -0.780471 0.864183 -0.863068
v -0.026650 0.891346 -0.858307
v 0.182868 0.888100 -0.862006
v 0.479318 0.881564 -0.869735
v 0.214446 -0.873380 -0.861614
v -0.827162 -0.835714 -0.861821
v 0.844483 -0.804086 -0.865536
v 0.867844 -0.741579 -0.861414
v -0.873635 -0.228243 -0.861346
v 0.878345 -0.251981 -0.854058
v -0.869776 0.510974 -0.866173
v 0.873109 0.554422 -0.861840
v 0.887923 0.645264 -0.847017
v -0.872911 0.684591 -0.865021
v 0.872201 0.731703 -0.858437
v -0.834747 0.840836 -0.850033
v 0.820686 0.837062 -0.861683
v 0.798035 0.852540 -0.863817
v -0.753131 0.871943 -0.865699
v -0.465423 0.898844 -0.849945
v -0.398203 0.895223 -0.853781
v -0.109644 0.897958 -0.850313
v 0.467473 0.895293 -0.854445
v -0.607720 0.887446 -0.864384
v -0.619554 -0.879875 -0.857984
v 0.558401 -0.890053 -0.846261
v -0.745542 -0.872992 -0.857943
v -0.780765 -0.868780 -0.854089
v -0.212402 -0.880854 -0.853376
v 0.798230 -0.861917 -0.854130
v 0.805990 -0.850321 -0.861849
v -0.807925 -0.846449 -0.864870
v -0.819479 -0.850741 -0.854490
v 0.835959 -0.834940 -0.854091
v -0.864384 -0.765118 -0.861853
v -0.877537 -0.710184 -0.858014
v 0.887405 -0.370550 -0.843488
v -0.873074 -0.022703 -0.861856
v 0.871740 -0.082062 -0.861251
v 0.883075 0.510910 -0.849698
v 0.852832 0.806457 -0.854195
v -0.846535 0.817688 -0.855535
v 0.840702 0.826104 -0.853937
v 0.719941 0.890751 -0.854049
v 0.664970 0.891829 -0.858562
v -0.800164 -0.861747 -0.853912
v -0.850269 -0.819535 -0.853551
v 0.867760 -0.792439 -0.846967
v -0.875981 -0.745524 -0.854077
v 0.883285 -0.729777 -0.846264
v -0.881507 -0.528740 -0.854029
v -0.893648 -0.105732 -0.838411
v 0.895173 0.080048 -0.834024
v -0.876744 0.396258 -0.857974
v 0.874745 0.352775 -0.857977
v 0.891943 0.526743 -0.839323
v -0.893212 0.499073 -0.839543
v 0.877311 0.688532 -0.858003
v -0.869760 0.755275 -0.857944
v 0.766851 0.882682 -0.850110
v -0.682622 0.900899 -0.846342
v -0.631385 0.899160 -0.850523
v -0.232200 0.900731 -0.846470
v 0.289560 0.906307 -0.838606
v -0.587984 -0.893208 -0.842347
v -0.718029 -0.895696 -0.834616
v 0.739649 -0.893105 -0.834636
v 0.825219 -0.848966 -0.850334
v -0.873562 -0.792412 -0.842441
v 0.897967 -0.639358 -0.834585
v 0.878250 -0.204536 -0.854074
v 0.888405 0.261866 -0.842298
v -0.884034 0.712115 -0.850180
v -0.885376 0.684610 -0.851107
v -0.859396 0.805982 -0.850076
v 0.817435 0.856442 -0.849245
v 0.805784 0.868119 -0.846160
v -0.753174 0.891349 -0.845710
v 0.739532 0.891412 -0.849211
v 0.068236 0.898577 -0.849593
v 0.680758 -0.889644 -0.846753
v -0.354757 -0.897096 -0.834007
v 0.774945 -0.877016 -0.846307
v 0.813663 -0.858005 -0.849227
v -0.838715 -0.846450 -0.842601
v -0.841834 -0.831066 -0.853482
v 0.852244 -0.815714 -0.852075
v -0.877479 -0.769013 -0.846318
v 0.879460 -0.765103 -0.842423
v -0.897132 -0.497096 -0.834486
v 0.894739 -0.089910 -0.834502
v -0.890336 0.641315 -0.846371
v 0.891903 0.700395 -0.839367
v 0.877864 0.770946 -0.842365
v 0.871433 0.790397 -0.842319
v -0.814472 0.864191 -0.845546
v -0.803853 0.875008 -0.841433
v -0.580051 0.902298 -0.846369
v -0.081981 0.906577 -0.838220
v -0.694445 -0.894812 -0.838480
v -0.034555 -0.897065 -0.834242
v -0.761197 -0.883260 -0.842461
v 0.856394 -0.827430 -0.838854
v 0.866073 -0.811718 -0.838644
v 0.898600 -0.702265 -0.830065
v -0.893191 -0.674753 -0.842379
v 0.895215 -0.493142 -0.834488
v -0.896753 0.174901 -0.834462
v 0.903047 0.388348 -0.823324
v 0.894713 0.609694 -0.837880
v 0.774708 0.893129 -0.834580
v -0.717924 0.906620 -0.834234
v 0.123542 0.908838 -0.834698
v -0.307290 0.906588 -0.838195
v 0.048473 0.911536 -0.830852
v 0.625543 0.899428 -0.850279
v 0.704293 -0.900936 -0.829749
v 0.107769 -0.896821 -0.834468
v 0.273736 -0.896817 -0.834464
v 0.798182 -0.873900 -0.839309
v -0.815604 -0.866696 -0.838717
v -0.852403 -0.831074 -0.842524
v -0.889213 -0.721929 -0.842440
v -0.900419 -0.643265 -0.833800
v -0.890367 -0.279621 -0.842309
v 0.903047 0.234195 -0.823222
v 0.908409 0.072143 -0.815065
v -0.897024 0.727842 -0.830719
v 0.884113 0.743538 -0.842385
v -0.885291 0.782653 -0.830706
v 0.859310 0.817669 -0.841523
v -0.834520 0.860040 -0.833987
v -0.788315 0.891616 -0.830725
v 0.735660 0.903400 -0.835108
v 0.582065 0.915168 -0.827716
v -0.453566 -0.904919 -0.823391
v -0.224253 -0.905307 -0.822841
v -0.800032 -0.882109 -0.827119
v 0.825225 -0.867178 -0.827165
v 0.849791 -0.846447 -0.827182
v -0.866506 -0.819458 -0.834789
v 0.875881 -0.788492 -0.838600
v 0.907181 -0.564303 -0.819458
v -0.901032 0.024705 -0.828712
v -0.896873 0.344846 -0.834204
v -0.901605 0.668862 -0.830712
v -0.893138 0.751351 -0.830673
v -0.882407 0.798175 -0.826881
v -0.848085 0.840919 -0.838431
v 0.840680 0.852579 -0.833557
v 0.801524 0.887326 -0.826708
v -0.319148 0.920410 -0.815299
v -0.200561 0.916040 -0.823062
v 0.708208 0.910164 -0.830779
v -0.512857 0.915221 -0.826968
v 0.661045 -0.902422 -0.830686
v 0.471438 -0.900039 -0.830614
v -0.784555 -0.885458 -0.830907
v -0.827088 -0.862120 -0.834944
v 0.877014 -0.800114 -0.830934
v 0.899095 -0.291485 -0.828694
v -0.905303 -0.172924 -0.822844
v -0.905679 0.503001 -0.822841
v 0.901089 0.696404 -0.826808
v 0.879247 0.794322 -0.830700
v -0.868070 0.821533 -0.830752
v 0.856618 0.840995 -0.826859
v 0.826014 0.868599 -0.830707
v -0.815468 0.875828 -0.832765
v -0.623527 0.913279 -0.830823
v 0.147242 0.918489 -0.818620
v 0.680723 0.919251 -0.819156
v -0.635338 -0.909405 -0.819911
v -0.838689 -0.855873 -0.831035
v -0.850429 -0.850425 -0.823315
v -0.893003 -0.772856 -0.823048
v -0.892548 -0.753335 -0.830765
v 0.898309 -0.753273 -0.819074
v -0.902471 -0.702255 -0.826862
v 0.906246 -0.477290 -0.818917
v 0.910768 0.621550 -0.814155
v 0.899000 0.739559 -0.822487
v 0.880986 0.813753 -0.815243
v -0.768798 0.903717 -0.822963
v -0.761007 0.910751 -0.815225
v -0.733648 0.914189 -0.819089
v -0.101723 0.916144 -0.823005
v 0.036551 0.918409 -0.819168
v -0.682658 -0.908773 -0.819304
v 0.076102 -0.910393 -0.815079
v 0.368588 -0.907909 -0.818963
v -0.815491 -0.874733 -0.827132
v 0.809710 -0.878709 -0.823277
v 0.860720 -0.839617 -0.819422
v 0.872446 -0.819409 -0.823217
v -0.887744 -0.796234 -0.819244
v 0.908249 -0.658997 -0.819005
v -0.908859 -0.548498 -0.819363
v 0.906026 -0.082050 -0.818898
v -0.912693 0.352840 -0.811130
v 0.909111 0.716035 -0.811225
v -0.866935 0.837005 -0.819202
v -0.849577 0.851756 -0.826880
v -0.850309 0.860668 -0.815358
v 0.813548 0.883408 -0.822818
v -0.772673 0.907276 -0.815226
v -0.690502 0.914056 -0.826919
v -0.651116 0.924093 -0.811419
v 0.115606 0.918251 -0.819212
v 0.226322 0.916040 -0.823062
v 0.297470 0.924204 -0.807589
v 0.372571 0.918546 -0.819185
v 0.479301 0.914901 -0.826920
v 0.755229 -0.899998 -0.819139
v -0.765028 -0.900006 -0.815307
v 0.908440 -0.698312 -0.815175
v 0.907334 -0.741439 -0.807460
v -0.907929 -0.433776 -0.818917
v -0.909191 0.633431 -0.819756
v 0.895485 0.766960 -0.819066
v 0.860017 0.847565 -0.815317
v 0.696501 -0.908755 -0.819011
v -0.725794 -0.909549 -0.811298
v -0.780614 -0.899712 -0.807576
v 0.794204 -0.888126 -0.819287
v 0.825379 -0.877545 -0.807791
v -0.873562 -0.830928 -0.811638
v -0.885171 -0.811639 -0.811568
v 0.893058 -0.788342 -0.811429
v 0.883248 -0.814952 -0.807693
v -0.909917 -0.745336 -0.803557
v -0.916331 -0.678658 -0.806975
v -0.912657 -0.639373 -0.815143
v -0.905338 0.739588 -0.815165
v -0.900844 0.770903 -0.811297
v -0.890380 0.790388 -0.819117
v 0.887239 0.786519 -0.822971
v -0.881308 0.821040 -0.811455
v -0.831692 0.871883 -0.823062
v -0.811539 0.891218 -0.814700
v 0.755123 0.910248 -0.818195
v -0.706239 0.921785 -0.811367
v 0.708225 0.919546 -0.815288
v -0.394289 0.928215 -0.799776
v -0.042439 0.924202 -0.807516
v 0.487224 0.923624 -0.811419
v 0.566322 -0.912705 -0.815055
v -0.702235 -0.916506 -0.803491
v -0.662929 -0.924326 -0.791781
v -0.564250 -0.912111 -0.815071
v -0.188705 -0.914992 -0.807204
v 0.774670 -0.902733 -0.803664
v -0.906185 -0.768825 -0.799738
v 0.913062 -0.311267 -0.807288
v -0.912665 0.186754 -0.811175
v 0.915052 0.451600 -0.803971
v 0.840577 0.873345 -0.807637
v 0.821236 0.885899 -0.811426
v 0.782401 0.905604 -0.811402
v 0.762919 0.914071 -0.807494
v -0.192649 0.924057 -0.807539
v 0.680735 0.931838 -0.791957
v 0.668884 -0.919165 -0.803449
v -0.858055 -0.859616 -0.792292
v -0.865518 -0.846404 -0.803288
v 0.854005 -0.854159 -0.807822
v 0.917529 -0.635351 -0.803443
v -0.918473 -0.560317 -0.803410
v 0.921185 -0.591932 -0.795629
v -0.921971 -0.473325 -0.795528
v 0.921578 0.412043 -0.791695
v 0.916600 0.653103 -0.803463
v -0.920451 0.653103 -0.799536
v -0.920423 0.700329 -0.795661
v 0.887453 0.813715 -0.803662
v 0.825073 0.891244 -0.796063
v -0.792155 0.902490 -0.811389
v -0.631404 0.934101 -0.788128
v -0.101751 0.926141 -0.803283
v 0.167044 0.925851 -0.803636
v 0.570206 0.926134 -0.807115
v 0.605803 -0.919859 -0.803441
v -0.449591 -0.917465 -0.803341
v 0.020812 -0.923420 -0.791695
v 0.801903 -0.893834 -0.799948
v -0.823160 -0.883831 -0.800038
v -0.839389 -0.874078 -0.796159
v 0.844486 -0.868378 -0.796182
v 0.906940 -0.761007 -0.799746
v 0.923552 -0.433783 -0.787777
v -0.921320 -0.145238 -0.795571
v 0.915264 -0.208462 -0.803366
v 0.913009 0.214435 -0.807261
v -0.917439 0.471367 -0.803370
v -0.891072 0.813677 -0.799780
v -0.882656 0.829187 -0.799840
v 0.868265 0.845493 -0.803781
v 0.794057 0.906781 -0.799523
v -0.737519 0.917869 -0.811338
v -0.678696 0.928917 -0.799757
v -0.461488 0.927104 -0.803633
v 0.392363 0.930015 -0.795376
v 0.439847 -0.925606 -0.787795
v 0.708184 -0.920393 -0.795729
v 0.723837 -0.921579 -0.787956
v -0.807681 -0.890619 -0.803825
v 0.869989 -0.842502 -0.796202
v 0.918047 -0.682567 -0.799557
v -0.921500 -0.338929 -0.795578
v -0.920482 0.574180 -0.799476
v 0.922431 0.641235 -0.791749
v 0.918167 0.735595 -0.787327
v -0.913085 0.743428 -0.799636
v 0.899272 0.794165 -0.795897
v -0.877402 0.840157 -0.796003
v -0.856329 0.864079 -0.800033
v 0.874164 0.844721 -0.792205
v 0.844463 0.871874 -0.803769
v -0.846348 0.875742 -0.796082
v -0.819261 0.895978 -0.796042
v 0.731717 0.920838 -0.807496
v 0.747335 0.917971 -0.807503
v -0.501011 0.927356 -0.803658
v -0.346814 0.931155 -0.791970
v 0.020781 0.926175 -0.803338
v 0.080090 0.929841 -0.794882
v 0.340979 0.933889 -0.784216
v 0.633451 0.932808 -0.792053
v 0.758974 -0.913956 -0.788085
v -0.757093 -0.909755 -0.799692
v 0.817349 -0.892836 -0.780532
v -0.887912 -0.819307 -0.796061
v 0.889622 -0.815416 -0.792166
v -0.920123 -0.729645 -0.787889
v -0.924328 -0.670791 -0.791794
v 0.913432 0.774651 -0.776408
v -0.903948 0.786396 -0.795829
v 0.856729 0.864135 -0.796057
v 0.837438 0.880254 -0.799892
v -0.811500 0.898785 -0.799875
v -0.776535 0.914584 -0.798220
v -0.757068 0.921120 -0.795876
v 0.762915 0.920899 -0.792067
v -0.255913 0.927691 -0.799789
v 0.451650 0.930246 -0.796380
v -0.682659 0.936066 -0.780336
v -0.631403 -0.931273 -0.776192
v -0.536602 -0.924534 -0.791741
v -0.220353 -0.923422 -0.791689
v 0.182842 -0.923423 -0.791687
v 0.770652 -0.913335 -0.780336
v -0.899440 -0.807666 -0.780441
v 0.895650 -0.796055 -0.799835
v 0.915445 -0.745312 -0.787989
v -0.925188 0.095841 -0.787811
v 0.921385 -0.026677 -0.791678
v 0.928441 0.301411 -0.776178
v 0.921369 0.143276 -0.791673
v -0.923349 0.301404 -0.791715
v -0.930468 0.333032 -0.776081
v 0.926994 0.431826 -0.779981
v -0.838581 0.886803 -0.784524
v 0.778509 0.914581 -0.795924
v -0.038508 0.933807 -0.784269
v -0.702303 0.933695 -0.784248
v 0.250042 0.933772 -0.784186
v 0.723886 0.931302 -0.784282
v 0.633395 -0.932140 -0.776184
v -0.733520 -0.924257 -0.776285
v -0.772614 -0.913193 -0.780323
v -0.795989 -0.903372 -0.784337
v 0.840618 -0.875885 -0.784500
v 0.868349 -0.850916 -0.780626
v 0.902776 -0.799842 -0.776528
v 0.922386 -0.694359 -0.787924
v -0.926029 -0.710005 -0.780094
v -0.930148 -0.631413 -0.780090
v -0.927349 -0.437767 -0.783886
v 0.925098 -0.224299 -0.783900
v 0.931383 -0.010839 -0.768299
v -0.930704 0.471401 -0.776148
v 0.924039 0.696395 -0.784021
v -0.904191 0.798032 -0.784286
v 0.883917 0.837895 -0.776648
v -0.799778 0.911730 -0.780596
v 0.813443 0.901484 -0.788364
v -0.792014 0.914074 -0.784384
v -0.729690 0.930774 -0.784305
v -0.512860 0.933976 -0.787737
v -0.461494 0.939657 -0.768629
v -0.299376 0.939738 -0.764735
v -0.200559 0.936284 -0.776391
v 0.352839 0.938833 -0.768657
v 0.483282 0.934110 -0.787054
v 0.538591 0.936749 -0.780287
v -0.682594 -0.928435 -0.780163
v -0.133372 -0.927002 -0.783910
v 0.688507 -0.930047 -0.776243
v 0.879675 -0.838617 -0.776709
v 0.910581 -0.779814 -0.776413
v 0.929916 -0.172921 -0.772192
v -0.929120 0.661004 -0.780072
v -0.928691 0.700324 -0.776226
v 0.906689 0.794061 -0.776477
v 0.883262 0.833033 -0.788310
v 0.782321 0.920433 -0.772777
v 0.751196 0.928907 -0.776580
v -0.093851 0.940762 -0.760813
v 0.103789 0.933688 -0.784242
v 0.301448 0.933773 -0.784181
v 0.554441 -0.930124 -0.780059
v 0.107722 -0.930390 -0.776094
v -0.861955 -0.861558 -0.776744
v -0.877496 -0.844252 -0.776656
v -0.892137 -0.827028 -0.768860
v -0.907475 -0.792139 -0.776487
v 0.934444 -0.421959 -0.760515
v 0.925863 0.558307 -0.783960
v 0.931838 0.649158 -0.768399
v -0.857994 0.870688 -0.780652
v 0.412150 0.934548 -0.784176
v 0.597874 0.936795 -0.780340
v 0.751078 -0.921683 -0.772448
v 0.790067 -0.911715 -0.760879
v -0.807569 -0.902705 -0.768792
v -0.830879 -0.887945 -0.772767
v 0.896014 -0.815360 -0.772763
v -0.926124 -0.741314 -0.764627
v -0.932115 -0.674713 -0.772327
v 0.934217 -0.619554 -0.764746
v -0.933453 -0.323125 -0.768344
v 0.936804 0.333018 -0.752669
v 0.928705 0.719865 -0.764575
v -0.922132 0.747284 -0.776292
v -0.918957 0.770693 -0.768624
v -0.875179 0.852432 -0.776728
v 0.862680 0.864097 -0.780694
v -0.846317 0.881620 -0.780665
v 0.813398 0.905902 -0.772873
v -0.768662 0.926597 -0.768857
v -0.366581 0.941880 -0.756934
v 0.380506 0.942063 -0.756915
v 0.329086 -0.933435 -0.768376
v -0.764746 -0.920323 -0.765511
v -0.850287 -0.877342 -0.757137
v -0.919221 -0.768659 -0.764694
v 0.932739 0.159115 -0.764420
v -0.892986 0.831067 -0.765005
v 0.873486 0.852432 -0.776766
v 0.847110 0.883453 -0.765180
v 0.832767 0.894123 -0.769059
v -0.749216 0.930677 -0.772714
v -0.741392 0.933211 -0.768815
v -0.603725 0.941269 -0.764782
v 0.463486 0.941757 -0.760856
v 0.645277 0.940274 -0.768666
v 0.668898 0.939791 -0.768727
v 0.704284 0.938732 -0.764858
v -0.469378 -0.933828 -0.768252
v -0.311245 -0.931809 -0.772215
v 0.400254 -0.938945 -0.752675
v 0.731593 -0.927197 -0.768534
v -0.784260 -0.912934 -0.768682
v 0.937372 -0.674660 -0.748942
v -0.939955 -0.244011 -0.748798
v 0.941297 0.554349 -0.737210
v -0.827239 0.899005 -0.769019
v -0.780315 0.921805 -0.772774
v 0.723833 0.937354 -0.761071
v -0.655048 0.943753 -0.753152
v 0.178891 0.943450 -0.749162
v -0.330968 -0.939812 -0.748819
v 0.844458 -0.880835 -0.753298
v 0.921582 -0.749213 -0.768592
v 0.927813 -0.729585 -0.760695
v -0.939293 -0.643245 -0.752846
v 0.938025 -0.295445 -0.748383
v 0.934142 -0.342883 -0.761007
v 0.931965 0.475317 -0.768300
v -0.916187 0.793893 -0.745328
v -0.816111 0.906771 -0.765120
v 0.782219 0.924547 -0.749475
v 0.762777 0.930002 -0.757185
v -0.465417 0.942725 -0.756993
v 0.664941 0.940946 -0.764791
v -0.631384 -0.939054 -0.752782
v 0.550451 -0.943087 -0.741090
v 0.692422 -0.935997 -0.756743
v -0.725640 -0.932801 -0.752899
v -0.830824 -0.892863 -0.753173
v 0.869643 -0.858023 -0.749439
v -0.916958 -0.791959 -0.737414
v 0.914680 -0.780917 -0.760842
v 0.938044 0.083966 -0.748345
v -0.937950 0.495077 -0.756672
v -0.936026 0.668865 -0.760586
v -0.931933 0.727687 -0.756797
v 0.921385 0.762899 -0.760838
v 0.877097 0.852398 -0.761210
v -0.788083 0.921287 -0.761122
v -0.153136 0.944112 -0.745304
v -0.662925 -0.941778 -0.741064
v -0.022677 -0.938754 -0.752672
v 0.731522 -0.933610 -0.745106
v -0.888495 -0.838633 -0.749345
v -0.896679 -0.826584 -0.749364
v -0.935692 -0.706009 -0.752812
v -0.938882 -0.374517 -0.752749
v 0.938241 -0.489129 -0.749606
v -0.936062 0.012798 -0.760992
v 0.940139 0.000999 -0.740988
v 0.936078 0.704145 -0.745078
v -0.934419 0.743250 -0.733393
v 0.911923 0.797864 -0.749264
v -0.905601 0.817304 -0.737655
v 0.886103 0.844586 -0.737759
v -0.866010 0.867921 -0.757337
v 0.821131 0.903575 -0.761250
v -0.749177 0.934016 -0.757162
v -0.706138 0.942450 -0.745386
v 0.091931 0.941752 -0.756926
v 0.147291 0.946007 -0.733544
v 0.605785 0.943148 -0.757036
v 0.668870 0.946115 -0.733672
v 0.708062 0.943136 -0.737522
v -0.445654 -0.942284 -0.741040
v 0.762756 -0.927047 -0.737388
v -0.760807 -0.927499 -0.741266
v -0.791966 -0.915501 -0.745238
v 0.809426 -0.906478 -0.741438
v 0.885848 -0.838582 -0.749404
v -0.907491 -0.807524 -0.749230
v 0.941908 -0.042481 -0.733326
v -0.942055 0.163071 -0.740983
v 0.938039 0.210483 -0.748361
v 0.943746 0.443714 -0.725458
v -0.942348 0.593864 -0.741064
v -0.850193 0.882774 -0.761239
v -0.834694 0.895914 -0.757371
v 0.813367 0.909215 -0.753484
v -0.034534 0.940829 -0.760796
v 0.277736 0.940834 -0.760844
v 0.447697 0.947440 -0.725876
v 0.534645 0.944629 -0.749231
v 0.376603 -0.943995 -0.733312
v -0.737298 -0.935028 -0.733387
v -0.940344 -0.678567 -0.745015
v 0.942099 -0.445681 -0.734112
v -0.943095 -0.334976 -0.737133
v 0.939027 -0.109684 -0.744877
v -0.942112 0.008903 -0.741006
v -0.939539 0.688493 -0.744990
v 0.902483 0.816678 -0.749340
v 0.872997 0.860128 -0.745625
v -0.879206 0.856249 -0.733856
v 0.874667 0.856243 -0.757365
v 0.839754 0.891251 -0.753500
v -0.764677 0.932915 -0.733805
v 0.657039 -0.943139 -0.737243
v 0.895518 -0.826891 -0.741500
v 0.906779 -0.812674 -0.725776
v 0.920085 -0.780283 -0.737393
v 0.928774 -0.745207 -0.745095
v 0.942515 -0.662855 -0.729408
v 0.941915 -0.224307 -0.733290
v -0.942173 0.388368 -0.741011
v -0.943829 0.653051 -0.733302
v 0.932450 0.735425 -0.741177
v -0.889748 0.841546 -0.741631
v -0.834705 0.896940 -0.749543
v 0.825000 0.903389 -0.737861
v -0.803614 0.916193 -0.745620
v -0.784129 0.924581 -0.749452
v -0.469355 0.947503 -0.725847
v 0.257943 0.947378 -0.721938
v 0.597874 0.946012 -0.741419
v -0.698204 -0.940462 -0.737187
v 0.715840 -0.941245 -0.721572
v -0.823087 -0.901355 -0.733566
v -0.874521 -0.858080 -0.737546
v 0.915565 -0.788045 -0.745260
v -0.943824 -0.662878 -0.733331
v 0.936710 -0.611657 -0.756720
v 0.946657 -0.504931 -0.709894
v -0.941675 -0.485180 -0.744947
v 0.940993 0.649167 -0.737192
v 0.943717 0.574114 -0.725462
v -0.943809 0.708046 -0.713804
v 0.870294 0.864027 -0.737802
v -0.864441 0.871817 -0.741701
v -0.849813 0.887005 -0.722143
v -0.631362 0.945276 -0.745363
v -0.299385 0.947377 -0.721948
v 0.790009 -0.916106 -0.741369
v -0.923565 -0.772545 -0.741333
v -0.933140 -0.737269 -0.741155
v 0.938540 -0.709948 -0.729412
v 0.945101 -0.587931 -0.721586
v 0.943986 -0.465415 -0.725494
v 0.943629 -0.354734 -0.725426
v 0.899224 0.825056 -0.737659
v -0.721861 0.942660 -0.725914
v 0.731621 0.940419 -0.729814
v -0.583985 0.947065 -0.733676
v -0.232189 0.947023 -0.725783
v -0.050372 0.947023 -0.725780
v 0.408162 0.945767 -0.737529
v -0.477246 -0.946321 -0.721573
v -0.117542 -0.946389 -0.721535
v -0.776310 -0.925794 -0.721782
v 0.832781 -0.893103 -0.732493
v 0.940144 -0.299407 -0.740969
v 0.944421 0.032617 -0.721525
v 0.942839 0.214450 -0.729318
v 0.941200 0.372537 -0.737102
v 0.946760 0.550403 -0.705974
v 0.940611 0.708060 -0.721563
v 0.919555 0.789998 -0.721831
v 0.877920 0.856233 -0.726016
v -0.795719 0.922134 -0.698481
v -0.089895 0.945405 -0.737461
v 0.119596 0.948221 -0.710202
v 0.700314 0.945438 -0.718114
v -0.666832 -0.946948 -0.713782
v 0.471408 -0.946689 -0.721587
v -0.838612 -0.893119 -0.717964
v -0.885329 -0.847325 -0.725857
v 0.888258 -0.842446 -0.706193
v 0.931326 -0.752962 -0.721669
v -0.943143 -0.686423 -0.729407
v 0.945032 -0.283604 -0.717682
v -0.944860 -0.240071 -0.729326
v 0.946233 0.589949 -0.709884
v -0.921858 0.786091 -0.729651
v 0.932573 0.758749 -0.706089
v 0.856072 0.878601 -0.737818
v 0.840552 0.892126 -0.737858
v -0.830766 0.901758 -0.718184
v 0.770156 0.930138 -0.737720
v -0.662948 0.947110 -0.725948
v 0.586016 0.948599 -0.706376
v -0.275660 -0.948621 -0.705982
v 0.206571 -0.948626 -0.705945
v 0.872211 -0.861973 -0.694363
v 0.918482 -0.791569 -0.717843
v -0.935992 -0.748991 -0.706020
v 0.945384 -0.658963 -0.713834
v -0.946456 -0.354744 -0.721545
v 0.945510 -0.030649 -0.713789
v 0.943622 0.091898 -0.725458
v -0.948628 0.170947 -0.705981
v 0.947068 0.301391 -0.702126
v -0.947736 0.570116 -0.713793
v -0.947732 0.657014 -0.709872
v -0.896987 0.834444 -0.714132
v 0.801646 0.918344 -0.694558
v -0.358687 0.946072 -0.733551
v -0.137325 0.947002 -0.725795
v 0.028678 0.947681 -0.717991
v -0.552356 0.948362 -0.714172
v -0.524688 0.948480 -0.710270
v 0.680624 -0.945698 -0.717704
v -0.752928 -0.933245 -0.721665
v 0.754847 -0.935561 -0.694260
v 0.850199 -0.881439 -0.714041
v -0.861422 -0.873655 -0.721902
v -0.885374 -0.850992 -0.686539
v 0.936019 -0.729507 -0.725528
v 0.945629 0.084001 -0.713808
v 0.943930 0.680657 -0.717581
v -0.919955 0.797703 -0.698319
v -0.737392 0.940673 -0.718124
v -0.721776 0.943639 -0.710181
v -0.694335 0.946410 -0.710195
v -0.354739 0.947060 -0.725819
v 0.645194 -0.947727 -0.713815
v -0.706038 -0.943804 -0.713798
v 0.774373 -0.927670 -0.706067
v -0.803581 -0.916495 -0.698261
v -0.909249 -0.815252 -0.706089
v 0.937928 -0.733080 -0.709845
v -0.941730 -0.721642 -0.709885
v -0.948090 -0.508879 -0.713818
v 0.899002 0.828887 -0.710216
v 0.758815 0.935474 -0.702424
v 0.574152 0.948362 -0.714179
v 0.676721 0.947798 -0.698443
v 0.743144 -0.938477 -0.698174
v -0.815216 -0.911429 -0.678589
v -0.901265 -0.830761 -0.674653
v -0.916494 -0.800186 -0.713981
v 0.944723 -0.694296 -0.702032
v -0.948089 -0.651095 -0.709874
v 0.948453 -0.283587 -0.682571
v 0.944973 -0.196631 -0.717675
v 0.944964 0.186751 -0.717729
v -0.948212 0.333037 -0.709857
v -0.869732 0.868372 -0.710290
v 0.838472 0.895164 -0.694567
v 0.723756 0.943522 -0.694490
v -0.354722 0.948643 -0.694518
v 0.423956 0.948703 -0.690595
v -0.725534 -0.942706 -0.698175
v 0.805536 -0.913410 -0.706162
v -0.949109 -0.287556 -0.702081
v 0.947795 -0.204536 -0.694250
v -0.948673 -0.109676 -0.705993
v 0.948117 0.159099 -0.690390
v 0.944192 0.672816 -0.717625
v 0.938281 0.731491 -0.713835
v 0.774956 0.930147 -0.686649
v -0.764620 0.934058 -0.710294
v -0.153141 0.948703 -0.690593
v 0.344906 0.948421 -0.706293
v 0.672821 -0.948619 -0.698129
v -0.933553 -0.764568 -0.682481
v 0.934958 -0.756815 -0.682443
v 0.938792 -0.741195 -0.686319
v 0.947972 0.641251 -0.690374
v 0.945270 0.653113 -0.713771
v 0.946287 0.680636 -0.698130
v -0.935986 0.751007 -0.709978
v -0.930577 0.770482 -0.706081
v 0.925008 0.782147 -0.698269
v -0.893139 0.842372 -0.658947
v 0.825005 0.904675 -0.702424
v -0.267757 0.948522 -0.702378
v -0.085940 0.948718 -0.686665
v 0.068207 0.948764 -0.682698
v -0.764599 -0.932525 -0.698185
v -0.850279 -0.885352 -0.702289
v 0.943945 -0.713838 -0.686361
v 0.947069 -0.085952 -0.702111
v 0.948471 -0.058292 -0.682602
v 0.948633 0.392303 -0.674779
v 0.947068 0.582023 -0.702126
v -0.950429 0.538538 -0.682566
v 0.871721 0.864219 -0.710280
v -0.678653 0.948124 -0.682667
v -0.544444 0.948582 -0.706390
v 0.250035 0.948643 -0.694520
v -0.113614 -0.950063 -0.690364
v -0.709929 -0.945909 -0.690296
v -0.659021 -0.949669 -0.690359
v 0.708076 -0.946746 -0.682483
v -0.921662 -0.795777 -0.670704
v 0.920144 -0.795710 -0.678559
v -0.946760 -0.702093 -0.690283
v 0.948155 -0.595833 -0.694318
v 0.948001 -0.469358 -0.694296
v 0.947492 -0.433818 -0.698197
v 0.948473 -0.327066 -0.682571
v -0.950388 0.182821 -0.682558
v -0.949524 0.676701 -0.682506
v 0.944722 0.708023 -0.690320
v -0.741297 0.940679 -0.694504
v -0.449600 -0.950422 -0.682564
v 0.645263 -0.950421 -0.678662
v -0.950310 -0.319161 -0.686467
v -0.544451 0.948659 -0.698479
v 0.364666 0.948764 -0.670862
v 0.948694 0.151177 -0.670837
v -0.946698 0.711924 -0.678557
v -0.912084 0.813283 -0.686512
v -0.255905 0.948778 -0.651099
v 0.048451 0.948718 -0.686642
v 0.786035 -0.924833 -0.682476
v -0.799690 -0.919999 -0.670741
v 0.821066 -0.905909 -0.682557
v 0.852502 -0.881707 -0.682570
v 0.905156 -0.822916 -0.658910
v 0.939709 0.739231 -0.682512
v 0.883411 0.851902 -0.670803
v 0.903440 0.825712 -0.647081
v 0.833252 0.899039 -0.694549
v 0.170984 0.948764 -0.678760
v -0.721652 -0.945555 -0.666758
v -0.780150 -0.928078 -0.682534
v 0.948513 -0.651116 -0.678679
v 0.946117 -0.709959 -0.654958
v -0.950548 -0.655096 -0.666853
v -0.940215 0.747082 -0.670688
v -0.929826 0.778214 -0.674637
v -0.866363 0.871740 -0.595864
v 0.833273 0.899033 -0.690595
v 0.824982 0.904906 -0.615622
v -0.745048 -0.940472 -0.662852
v 0.731445 -0.943266 -0.670676
v 0.928800 -0.776273 -0.674595
v -0.945207 -0.721594 -0.666762
v -0.949104 -0.690374 -0.670743
v 0.948452 0.329082 -0.682614
v 0.948650 0.593884 -0.674750
v -0.905872 0.824921 -0.643184
v 0.861187 0.875687 -0.662936
v -0.776221 0.930449 -0.615542
v 0.848940 -0.885881 -0.651039
v -0.869202 -0.869202 -0.599748
v -0.939300 -0.748952 -0.658883
v 0.948531 -0.220369 -0.678685
v 0.948769 0.012870 -0.639256
v 0.948514 0.281625 -0.682578
v 0.948769 0.285581 -0.651099
v 0.947430 0.696324 -0.651067
v 0.945815 0.708014 -0.670729
v -0.944368 0.731465 -0.654960
v -0.807545 0.916556 -0.647146
v 0.708098 0.946297 -0.627363
v -0.085940 0.948778 -0.583905
v 0.538590 0.948764 -0.623431
v -0.682597 -0.949846 -0.670738
v 0.680707 -0.949757 -0.674676
v 0.883879 -0.850752 -0.658917
v -0.414013 0.948764 -0.678744
v -0.410060 0.948764 -0.678744
v -0.406107 0.948764 -0.678744
v 0.420003 0.948764 -0.678744
v 0.427906 0.948764 -0.662952
v 0.801583 -0.918769 -0.635277
v -0.834680 -0.899566 -0.658948
v 0.928350 -0.780121 -0.639193
v 0.941116 -0.737286 -0.662787
v 0.948815 0.095858 -0.619455
v -0.877968 0.860466 -0.635318
v -0.760728 0.935788 -0.627383
v -0.386335 0.948778 -0.615530
v 0.645306 0.948778 -0.603668
v 0.696354 0.947475 -0.611553
v 0.948769 -0.461468 -0.643179
v -0.950549 0.672831 -0.647112
v -0.937472 0.758665 -0.603668
v 0.931670 0.770403 -0.651036
v -0.923884 0.793770 -0.643191
v 0.911165 0.813247 -0.615554
v 0.269801 0.948778 -0.583905
v 0.770442 -0.932433 -0.647088
v 0.948769 -0.172893 -0.635266
v 0.925415 0.785998 -0.643159
v 0.793858 0.922384 -0.627473
v -0.512823 0.948778 -0.370464
v -0.920439 -0.799634 -0.623428
v 0.948815 -0.580030 -0.635282
v 0.948332 -0.690546 -0.575996
v 0.948815 -0.564222 -0.635286
v -0.947735 0.711920 -0.651009
v 0.943370 0.727558 -0.647092
v 0.700293 -0.949136 -0.643147
v -0.733377 -0.943821 -0.587804
v 0.948694 0.668953 -0.635283
v 0.901143 0.828841 -0.607634
v -0.822991 0.907749 -0.647118
v -0.702233 0.947175 -0.595734
v 0.894692 -0.837899 -0.623426
v -0.909715 -0.819119 -0.615565
v 0.941927 -0.736445 -0.623439
v 0.948769 -0.414022 -0.603645
v 0.948815 0.538553 -0.623438
v 0.935562 0.758722 -0.643194
v 0.926735 0.782953 -0.635265
v 0.869159 0.867801 -0.647146
v -0.410055 0.948764 -0.572042
v 0.750863 -0.939510 -0.619440
v -0.772384 -0.932112 -0.639180
v 0.824906 -0.904605 -0.576030
v 0.948332 0.684631 -0.611573
v 0.879550 0.856408 -0.615545
v -0.705998 -0.948386 -0.639219
v -0.850742 -0.885413 -0.544458
v 0.922828 -0.792652 -0.619489
v 0.860567 0.875634 -0.599774
v -0.898234 -0.834671 -0.552327
v -0.950730 -0.279620 -0.125418
v 0.727622 0.943500 -0.591784
v 0.739245 -0.942775 -0.595737
v 0.867850 -0.868663 -0.623431
v -0.927377 -0.784047 -0.583909
v 0.719763 -0.946642 -0.619466
v 0.948829 -0.572127 -0.603665
v 0.778258 0.929024 -0.611632
v 0.943587 -0.729360 -0.560169
v 0.948769 0.135384 -0.627383
v 0.943466 0.727569 -0.591810
v 0.915513 0.805460 -0.587877
v 0.123544 0.948778 -0.627391
v -0.799631 -0.920436 -0.568151
v 0.948754 0.664998 -0.619478
v -0.717837 0.945456 -0.556236
v -0.901016 0.831667 -0.603721
v 0.751596 0.937975 -0.599772
v -0.291480 0.948778 -0.295365
v 0.771285 -0.932439 -0.520655
v 0.905363 -0.822937 -0.576119
v 0.935483 -0.760660 -0.583924
v 0.946893 0.704125 -0.615517
v 0.825016 0.904379 -0.595811
v 0.376526 0.948778 -0.524620
v -0.721638 -0.946102 -0.528578
v 0.790529 -0.924363 -0.560219
v 0.948815 0.344870 -0.552284
v 0.932978 0.766537 -0.611573
v 0.872323 0.863940 -0.595822
v 0.680782 0.948540 -0.540426
v 0.793759 0.920749 -0.516752
v 0.766498 0.932384 -0.508843
v -0.587926 0.948764 -0.409986
v -0.006882 -0.950723 -0.560184
v 0.856112 -0.879463 -0.568125
v -0.949647 -0.694354 -0.457412
v 0.948769 -0.362646 -0.587850
v -0.923355 0.793772 -0.572078
v -0.787914 0.924529 -0.532570
v 0.704212 0.946837 -0.568092
v 0.891011 -0.842008 -0.556293
v 0.948769 -0.078054 -0.528568
v 0.934135 0.763122 -0.595791
v 0.912608 -0.811263 -0.576041
v 0.727637 0.943472 -0.595738
v -0.678734 -0.950439 -0.180749
v -0.815148 -0.911250 -0.516736
v -0.881487 -0.854126 -0.512854
v -0.948570 0.708031 -0.524616
v -0.912866 0.813250 -0.583935
v 0.912846 0.809317 -0.560256
v 0.887389 0.846800 -0.595814
v 0.948815 -0.560274 -0.587857
v 0.566252 0.948778 -0.362559
v 0.947493 -0.702215 -0.528588
v 0.948769 -0.291493 -0.572069
v 0.828830 0.899965 -0.528663
v -0.772337 0.931070 -0.528607
v 0.754742 -0.938195 -0.504872
v 0.948769 -0.291478 -0.524631
v 0.879023 0.855540 -0.564253
v 0.944190 0.723649 -0.524626
v 0.899096 0.828747 -0.508887
v 0.875659 -0.857574 -0.481200
v -0.912734 -0.811458 -0.437726
v -0.945385 -0.725554 -0.532509
v 0.948769 -0.176868 -0.568094
v 0.863694 0.871723 -0.568226
v -0.853916 0.879544 -0.481218
v 0.754858 0.936900 -0.560189
v 0.712598 0.945856 -0.556233
v -0.834603 -0.897097 -0.477253
v 0.948769 -0.275683 -0.504853
v 0.948769 -0.176868 -0.548331
v -0.943847 0.734728 -0.500914
v 0.948573 0.676793 -0.500897
v 0.929521 0.774278 -0.528627
v 0.863462 0.871255 -0.548427
v 0.832710 -0.898136 -0.524658
v -0.937333 -0.756714 -0.390234
v 0.946494 0.707949 -0.485086
v 0.820176 0.906255 -0.548429
v 0.713063 0.945911 -0.544359
v 0.809316 -0.913018 -0.445618
v 0.860025 -0.873666 -0.497069
v 0.941919 -0.734445 -0.441649
v 0.948769 -0.663026 -0.516718
v 0.912616 0.809291 -0.544436
v -0.890650 0.840396 -0.461394
v 0.862191 0.871725 -0.528665
v 0.704213 0.946959 -0.532497
v 0.948815 0.297439 -0.524638
v -0.830709 0.899487 -0.512861
v 0.858181 0.875649 -0.532620
v 0.809334 0.912082 -0.504895
v 0.931688 -0.768424 -0.417915
v 0.924397 -0.787877 -0.524616
v -0.905172 0.821261 -0.453501
v -0.733277 -0.943844 -0.437611
v 0.948769 0.467414 -0.548346
v 0.828781 0.898824 -0.481205
v -0.748932 0.938405 -0.465382
v -0.729445 0.943147 -0.457441
v 0.723663 0.944206 -0.524643
v 0.711998 0.946060 -0.536473
v 0.711994 -0.947724 -0.457492
v 0.910426 0.812593 -0.532561
v -0.923481 -0.791763 -0.453484
v -0.930728 0.774204 -0.449544
v -0.915617 0.805347 -0.469325
v 0.711969 0.946064 -0.524616
v 0.873165 0.859988 -0.512878
v -0.666955 0.948703 -0.445564
v 0.898433 -0.829753 -0.441620
v -0.873683 0.859963 -0.481245
v 0.817135 0.907238 -0.500959
v 0.727564 0.943121 -0.453489
v -0.865845 -0.869758 -0.477247
v 0.948769 0.435786 -0.445548
v 0.863912 0.867816 -0.465327
v 0.824874 -0.903023 -0.481184
v 0.852189 -0.880688 -0.473295
v 0.898639 0.828748 -0.493069
v 0.589968 0.948778 -0.477184
v -0.811236 0.911339 -0.441670
v 0.704183 0.946901 -0.493013
v -0.950565 -0.674815 -0.232111
v 0.887397 0.843214 -0.497032
v 0.813231 0.909600 -0.493029
v 0.747017 0.938781 -0.496943
v 0.731420 -0.944371 -0.461399
v 0.948815 -0.655106 -0.492995
v -0.937535 0.754712 -0.366540
v 0.918230 0.797571 -0.489090
v 0.889248 0.840451 -0.481231
v 0.948412 0.680697 -0.429740
v 0.941315 0.735251 -0.429797
v 0.871767 0.859962 -0.473270
v 0.793756 0.920148 -0.465348
v -0.109656 0.948778 -0.074019
v -0.706077 0.946721 -0.445564
v 0.895219 0.832884 -0.481189
v -0.768413 -0.933195 -0.417891
v -0.889916 -0.843201 -0.370481
v 0.948815 -0.374519 -0.425801
v 0.948769 -0.429832 -0.465304
v 0.918060 -0.798555 -0.346764
v 0.945635 -0.713825 -0.402110
v 0.947193 0.700208 -0.421861
v 0.684591 -0.950123 -0.409979
v -0.942789 -0.737179 -0.402061
v 0.948815 -0.647223 -0.457421
v -0.944091 0.731316 -0.425839
v 0.910841 0.809561 -0.413942
v 0.820978 0.904025 -0.461419
v 0.684631 0.948244 -0.402082
v 0.789843 -0.923360 -0.287428
v 0.836572 0.891926 -0.378369
v -0.760630 0.934317 -0.413943
v -0.196615 0.948778 -0.295365
v -0.784000 -0.926931 -0.283484
v 0.930238 0.769819 -0.386293
v -0.453555 -0.950677 -0.311190
v 0.867821 0.863641 -0.453491
v 0.099836 0.948778 0.360767
v 0.589968 0.948764 -0.342796
v 0.948815 0.052380 -0.406038
v -0.917448 0.801470 -0.378369
v 0.860004 0.871210 -0.417915
v 0.746957 0.938174 -0.421847
v 0.680722 0.948342 -0.311175
v 0.715885 0.944975 -0.402089
v 0.948769 0.530625 -0.421856
v 0.921562 0.789845 -0.402085
v -0.826802 0.900762 -0.417900
v 0.762599 0.933002 -0.382322
v -0.950488 0.676795 -0.157015
v 0.903019 0.821286 -0.433708
v -0.811188 -0.912700 -0.350643
v 0.948769 0.412093 -0.413928
v -0.883723 0.848267 -0.374445
v 0.948815 0.416016 -0.429753
v 0.941924 0.731365 -0.386275
v 0.948650 -0.674826 -0.398121
v 0.803189 0.914589 -0.378377
v -0.843899 -0.889254 -0.311196
v 0.948815 0.277653 -0.382345
v -0.729403 0.942772 -0.370460
v -0.698302 0.947438 -0.323036
v -0.945550 -0.725474 -0.287460
v 0.879035 0.851559 -0.386270
v -0.869765 0.863353 -0.386304
v -0.795662 0.919683 -0.334893
v 0.935428 -0.756684 -0.299334
v -0.532593 0.948764 -0.105647
v -0.469350 0.948778 -0.295365
v 0.435814 0.948778 -0.121450
v 0.506962 0.948778 -0.354654
v -0.702174 -0.949019 -0.176796
v -0.733351 -0.943827 -0.259842
v 0.774284 -0.930313 -0.319100
v 0.924976 -0.783956 -0.291413
v 0.945509 0.711879 -0.378376
v -0.780115 0.926722 -0.279537
v 0.948590 0.672894 -0.303270
v -0.857655 -0.877244 -0.299317
v 0.863502 -0.869746 -0.295365
v 0.905966 0.817021 -0.370460
v -0.745039 0.938890 -0.303275
v 0.824896 0.900609 -0.327011
v 0.700243 -0.949021 -0.303287
v -0.914936 -0.807365 -0.315142
v -0.905223 0.820883 -0.338843
v 0.867825 0.863464 -0.338855
v 0.574151 0.948778 -0.386275
v -0.848650 0.883465 -0.362571
v 0.793729 0.919559 -0.323038
v 0.727520 0.942717 -0.346749
v 0.758715 0.934313 -0.350678
v 0.875237 -0.857585 -0.220265
v 0.938036 0.746491 -0.330887
v 0.914645 0.802877 -0.271628
v 0.948815 0.032595 -0.378369
v -0.948614 0.704109 -0.251857
v 0.885230 0.844390 -0.338854
v 0.844358 -0.887279 -0.255872
v 0.948769 -0.647216 -0.334891
v 0.750852 -0.938749 -0.271654
v 0.820984 -0.905101 -0.220262
v -0.827822 -0.901637 -0.283497
v -0.865875 -0.869728 -0.137313
v 0.903372 -0.822857 -0.267699
v 0.948769 0.578086 -0.334861
v 0.929902 0.770343 -0.346777
v 0.809327 -0.912667 -0.251825
v -0.921508 0.793714 -0.160984
v -0.815174 0.908312 -0.172827
v 0.680730 -0.950381 0.155218
v -0.807336 -0.915031 -0.216293
v 0.860010 0.871205 -0.299330
v -0.663002 0.948703 -0.295365
v -0.764470 -0.934658 -0.176784
v -0.896814 0.832205 -0.255820
v 0.747007 0.937843 -0.299318
v 0.633448 0.948778 -0.125403
v 0.941796 -0.733315 -0.295365
v 0.947762 -0.694356 -0.311175
v 0.836603 0.891889 -0.326967
v -0.717754 0.944861 -0.279565
v -0.928624 -0.780106 -0.200492
v 0.906882 0.815401 -0.307204
v 0.934111 0.758698 -0.311175
v 0.943525 0.723629 -0.303270
v -0.698264 0.947380 -0.247934
v 0.719743 -0.946159 -0.283507
v 0.948769 0.404181 -0.307223
v 0.899097 0.826653 -0.307223
v 0.704093 0.946547 -0.243981
v -0.899665 -0.830698 -0.176776
v 0.948769 -0.117580 -0.243981
v 0.948769 -0.334994 -0.255839
v -0.950684 0.068220 0.167104
v 0.947432 -0.698256 -0.208395
v 0.913315 -0.807246 -0.149119
v 0.948769 0.412033 -0.271664
v 0.903317 0.820959 -0.283498
v -0.748021 0.937975 -0.243981
v 0.948574 0.676764 -0.224215
v 0.863502 0.867787 -0.232140
v 0.813248 0.908389 -0.188651
v 0.778772 0.926480 -0.212360
v -0.737184 0.940948 -0.283502
v -0.481208 0.948778 -0.093782
v 0.938863 -0.745043 -0.251890
v -0.883620 0.848296 -0.287427
v 0.925101 0.782012 -0.240028
v 0.926764 -0.780114 -0.176787
v -0.936041 -0.760611 -0.188585
v 0.827033 0.899065 -0.279554
v 0.758683 0.934080 -0.232126
v 0.944894 -0.717772 -0.259806
v -0.733332 -0.943831 -0.097675
v 0.948769 -0.382402 -0.240051
v 0.948769 -0.651176 -0.247934
v 0.947071 0.700214 -0.232123
v -0.949051 -0.702134 -0.141223
v -0.930399 0.774205 -0.137260
v -0.910354 0.813201 -0.236070
v 0.797630 0.917404 -0.157024
v 0.948769 -0.014814 -0.212360
v 0.948815 0.336964 -0.247934
v 0.948815 0.356727 -0.240051
v 0.943527 0.723617 -0.157024
v -0.858008 0.874870 -0.208426
v 0.846639 0.883470 -0.240045
v 0.948815 0.064230 -0.200517
v 0.948815 0.336964 -0.180739
v -0.912889 -0.811217 -0.085878
v 0.934132 -0.760593 -0.208408
v -0.834605 0.894898 -0.109592
v -0.670886 0.948659 -0.236076
v 0.797607 -0.919395 -0.164944
v 0.840509 -0.890566 -0.200502
v 0.897683 -0.830688 -0.200510
v 0.727486 0.942711 -0.216313
v 0.948754 0.661045 -0.208408
v 0.903026 0.821277 -0.097735
v -0.764508 0.932749 -0.160970
v -0.709932 0.946064 -0.208408
v -0.787860 -0.925209 -0.093804
v -0.830676 -0.899781 -0.117499
v -0.936081 0.759206 -0.010778
v 0.908506 0.813207 -0.160961
v 0.735299 -0.942976 -0.172799
v 0.723633 -0.945466 0.012938
v 0.939991 0.739189 -0.200500
v 0.926836 0.778159 -0.141194
v 0.948815 0.443684 -0.180717
v 0.739208 0.939884 -0.208408
v 0.743112 0.938893 -0.208408
v 0.746982 0.937787 -0.125422
v 0.921503 0.789828 -0.200502
v -0.908301 0.816255 -0.141190
v -0.881009 -0.853625 -0.070063
v 0.948769 0.016807 -0.184715
v -0.942845 0.735316 -0.145166
v 0.856093 0.874955 -0.176769
v -0.721621 0.944389 -0.153061
v 0.550442 0.948778 0.056417
v 0.948815 -0.370544 -0.105640
v -0.948627 0.704108 -0.077972
v 0.871730 0.859288 -0.157024
v 0.940000 -0.741116 -0.160961
v 0.815773 0.906836 -0.168896
v -0.556309 0.948778 0.174995
v 0.948815 -0.469358 -0.093782
v 0.948769 0.139336 -0.113545
v 0.948815 0.416016 -0.157024
v 0.832293 0.895128 -0.133284
v 0.944849 -0.717762 -0.085868
v 0.945511 0.711866 -0.117498
v 0.700235 -0.949022 0.084072
v 0.785986 -0.925242 -0.133308
v -0.945548 -0.725482 -0.113555
v 0.875318 -0.857677 -0.101684
v 0.948573 0.676796 -0.070067
v 0.855304 0.875610 -0.149095
v 0.719701 0.944306 -0.125387
v -0.694355 0.947620 -0.085877
v 0.948211 -0.686583 -0.121450
v 0.948454 0.680670 -0.160976
v 0.942706 0.727478 -0.133304
v 0.934117 0.758678 -0.137255
v 0.910770 0.809259 -0.145166
v -0.804578 0.914626 -0.141201
v 0.782039 0.925125 -0.125417
v 0.688535 0.947948 -0.129343
v 0.934121 -0.760624 -0.141222
v -0.865862 0.867352 -0.077946
v 0.859673 -0.873655 -0.133308
v -0.899616 0.828669 -0.101675
v 0.841316 -0.889978 -0.089830
v 0.794747 0.918974 -0.129324
v -0.748611 0.937864 -0.137266
v -0.500969 0.948764 -0.074024
v 0.506955 0.948778 -0.089830
v 0.821398 0.902932 -0.042398
v 0.739187 0.939921 -0.034493
v -0.919392 0.797612 -0.121475
v 0.917593 0.797583 -0.089830
v -0.910394 0.813184 -0.062169
v 0.844363 0.885474 -0.117498
v 0.816343 -0.908341 0.040613
v -0.109656 0.948778 0.427968
v -0.950730 -0.477271 0.028733
v -0.950684 -0.315223 0.226348
v 0.940187 0.739160 -0.097746
v 0.782035 0.925106 -0.105640
v 0.750840 -0.938709 -0.038459
v 0.930044 -0.772262 -0.077946
v 0.947072 -0.702166 -0.066130
v 0.948815 0.447659 -0.109592
v -0.887377 0.844341 -0.006861
v 0.847468 0.882776 -0.081914
v -0.717787 0.944965 -0.014714
v -0.936150 -0.760806 0.001089
v 0.649259 0.948764 -0.109592
v 0.891300 0.836786 -0.081924
v 0.597874 0.948778 -0.030534
v 0.653189 0.948718 0.107800
v 0.680710 0.948362 -0.026582
v 0.903009 -0.823259 -0.081924
v 0.917643 -0.799451 -0.014730
v 0.948590 -0.674818 -0.018675
v 0.948694 -0.666959 -0.074024
v 0.649259 0.948764 -0.101687
v 0.672930 -0.950498 0.281708
v -0.917491 0.801515 -0.006831
v 0.948769 -0.315223 -0.058194
v 0.867831 0.863544 -0.081923
v 0.174930 0.948778 0.455629
v 0.940069 -0.741091 -0.014721
v -0.948575 -0.705999 0.127583
v 0.891287 -0.839066 -0.046383
v -0.950684 0.293471 0.257969
v 0.942769 0.727470 -0.054256
v 0.859512 0.871681 -0.085860
v -0.655104 0.948718 -0.022635
v 0.688530 0.947982 -0.081930
v -0.748904 -0.939807 -0.010784
v 0.923365 0.785904 -0.022628
v 0.774324 0.928239 -0.070096
v 0.731415 0.941872 0.016898
v -0.865797 -0.869624 -0.042347
v 0.948633 -0.674860 -0.066128
v 0.891283 0.836904 -0.054225
v -0.768387 -0.933268 0.084068
v 0.935524 0.754691 -0.046348
v -0.702196 -0.949017 0.024808
v -0.921632 -0.795692 -0.042367
v 0.945670 -0.712810 -0.026587
v -0.795650 0.919642 -0.030546
v 0.939083 0.743019 -0.046335
v -0.815152 0.908353 -0.002894
v -0.950368 0.680682 0.091997
v 0.903047 0.821338 -0.018683
v 0.842288 0.887332 -0.034495
v -0.745027 0.938831 -0.030541
v 0.948815 0.554355 -0.022635
v 0.942834 0.727454 -0.034493
v 0.832276 -0.897100 0.028749
v -0.564212 0.948764 0.064324
v -0.818263 -0.908338 0.068301
v -0.843278 -0.889957 0.048482
v 0.906054 0.816974 -0.042401
v 0.813235 0.908538 -0.038460
v 0.937841 0.746928 0.044529
v 0.820983 0.903289 0.024796
v 0.805381 0.913123 -0.014730
v -0.756723 0.935450 -0.006797
v -0.893736 -0.838484 0.044584
v 0.914646 0.803002 0.036654
v 0.750893 0.936671 0.020827
v -0.791755 -0.923412 0.008966
v -0.943839 0.731367 0.151220
v -0.729418 -0.944618 0.020864
v 0.908620 0.813138 -0.018662
v 0.945518 0.711853 -0.002879
v 0.948233 0.684631 0.016891
v 0.948815 -0.635366 0.012938
v 0.925093 0.782030 0.005060
v 0.867521 0.863854 0.036645
v 0.846730 0.883470 -0.002872
v 0.715867 0.944978 0.001094
v -0.702143 0.947084 -0.002872
v 0.692475 0.947649 0.008976
v 0.747021 -0.939931 0.143433
v 0.948769 0.649194 -0.014730
v 0.883448 0.846596 0.005033
v 0.786863 0.922858 0.012951
v 0.934128 -0.760604 -0.002863
v -0.846290 0.885501 0.044550
v -0.780137 0.926770 0.048509
v 0.782078 0.925154 0.020850
v 0.925164 -0.783976 0.099895
v -0.938626 0.750881 0.060350
v 0.805381 -0.915151 0.091990
v -0.949047 0.700211 0.186846
v -0.869775 0.863354 0.048483
v 0.805352 0.913209 0.020849
v 0.903019 0.821286 0.052497
v -0.921565 -0.795693 0.107819
v 0.941055 -0.737268 0.068255
v 0.948754 -0.666964 0.123611
v 0.802264 0.915003 0.052448
v 0.917606 0.797590 0.036649
v -0.910337 0.813160 0.111753
v -0.902413 0.824802 0.088064
v 0.887930 0.841060 0.060365
v 0.842300 0.887322 0.024796
v 0.782070 0.925176 0.123618
v 0.715876 0.944976 0.044553
v -0.607696 -0.950723 0.194755
v -0.865848 -0.869754 0.096013
v 0.900407 -0.826853 0.202668
v 0.928419 0.774278 0.044559
v 0.948815 0.400205 0.095943
v -0.733281 0.941884 0.139429
v 0.684624 0.948125 0.107800
v 0.844397 -0.887404 0.115706
v 0.735262 0.940949 0.020853
v -0.694375 0.947650 0.076160
v -0.670900 0.948599 0.044566
v 0.871236 -0.861950 0.111734
v 0.936763 -0.752808 0.080126
v 0.910796 0.809216 0.107800
v 0.875114 0.855515 0.151301
v 0.883501 -0.848392 0.064336
v -0.748240 -0.939923 0.198699
v 0.782063 -0.927007 0.068275
v 0.947433 -0.698245 0.080127
v 0.926558 0.778648 0.068261
v -0.834599 0.894833 0.143374
v 0.938025 0.746500 0.099895
v -0.923483 0.789832 0.135473
v -0.378439 0.948778 0.163137
v 0.637401 0.948764 0.174995
v 0.891312 0.836860 0.088010
v -0.943847 -0.733292 0.190749
v 0.824896 0.900609 0.080107
v 0.919065 -0.796712 0.084102
v -0.950368 -0.678709 0.637422
v 0.758636 0.934096 0.159184
v -0.682651 0.948341 0.147323
v 0.821323 -0.904870 0.202592
v 0.947111 0.700221 0.147306
v 0.945457 0.711853 0.143364
v 0.929837 0.770345 0.190798
v -0.783989 -0.926870 0.174987
v -0.815160 0.908493 0.202634
v 0.735246 0.940891 0.139421
v -0.826869 -0.902308 0.234284
v 0.797620 0.917497 0.099890
v 0.597874 0.948778 0.301478
v 0.653189 0.948718 0.103848
v 0.903274 0.820924 0.163152
v -0.702182 -0.949019 0.182900
v 0.934141 -0.760566 0.182894
v 0.846572 0.883450 0.174978
v -0.772314 0.929847 0.182898
v 0.661087 0.948703 0.178947
v -0.877187 -0.857619 0.206649
v 0.948694 0.668928 0.163151
v -0.907717 0.817052 0.210567
v -0.822913 0.903353 0.119661
v -0.752827 0.936665 0.163124
v -0.694367 0.947680 0.147346
v -0.259865 0.948764 0.218473
v -0.807327 -0.914965 0.258028
v 0.715835 -0.946820 0.257999
v 0.863568 -0.869765 0.127563
v 0.891575 -0.838501 0.305459
v -0.880835 0.851444 0.175000
v -0.936056 -0.760567 0.305480
v -0.865250 0.867782 0.143386
v -0.904943 -0.823232 0.198698
v 0.948769 -0.054339 0.143374
v 0.948769 0.364632 0.206616
v 0.948815 0.475297 0.159192
v -0.930365 0.774200 0.202652
v 0.770430 0.929841 0.147328
v -0.846283 -0.887389 0.226379
v 0.913242 0.805335 0.151279
v 0.774369 0.928351 0.155232
v 0.719779 0.944133 0.167089
v -0.659072 0.948718 0.174995
v -0.678728 -0.950421 0.261948
v 0.840438 -0.890571 0.206601
v 0.948769 -0.647201 0.171042
v 0.932847 0.762533 0.222426
v 0.891291 0.836519 0.182908
v 0.863902 0.867301 0.198685
v 0.510917 0.948778 0.273812
v 0.948815 -0.623485 0.182900
v 0.948769 0.004942 0.167097
v 0.948815 -0.141295 0.238236
v 0.948769 -0.583982 0.163137
v 0.948815 0.502995 0.178947
v 0.913160 0.805356 0.246142
v -0.733295 0.941880 0.182900
v 0.731415 0.941872 0.194765
v 0.948650 -0.674824 0.182900
v 0.923291 -0.787847 0.194762
v -0.950032 0.688509 0.467494
v -0.946336 0.719642 0.356814
v -0.733336 -0.943830 0.238186
v 0.948574 0.676770 0.218471
v -0.493060 0.948764 0.234284
v 0.625540 0.948764 0.293570
v 0.672885 0.948539 0.226379
v 0.940930 -0.737205 0.210568
v -0.678696 0.948421 0.190782
v -0.706009 0.946547 0.198710
v -0.791779 0.921510 0.305436
v 0.948815 0.044475 0.246142
v 0.944187 0.719718 0.198708
v 0.891473 0.836567 0.214521
v 0.860029 0.871033 0.198702
v 0.860019 0.871042 0.202673
v 0.851541 0.878977 0.198739
v 0.844377 0.885422 0.246171
v 0.948769 0.068175 0.269850
v -0.924739 0.786749 0.360750
v 0.856082 0.874797 0.202686
v 0.793735 0.919506 0.198706
v 0.809357 -0.912649 0.254052
v 0.948815 0.159099 0.242212
v 0.945911 0.708579 0.246134
v 0.696335 0.947260 0.226361
v -0.861705 -0.873459 0.352860
v -0.899523 0.828691 0.269886
v 0.766541 0.931284 0.218471
v 0.758638 -0.936239 0.416171
v 0.793722 -0.921521 0.337066
v 0.910771 -0.811217 0.301478
v 0.903012 0.821295 0.218467
v -0.865476 0.867477 0.242189
v -0.686578 0.948160 0.250106
v -0.756698 -0.937269 0.309390
v 0.859984 0.871145 0.238232
v -0.725561 0.943505 0.285683
v 0.926689 -0.780139 0.257999
v 0.945568 -0.713884 0.313336
v 0.809327 0.910707 0.226379
v -0.752840 0.936598 0.285697
v 0.719770 0.944109 0.273825
v 0.928267 0.774252 0.250094
v -0.876562 0.856090 0.341008
v 0.746972 0.937728 0.273791
v -0.342871 0.948778 0.309383
v -0.791755 -0.923276 0.340986
v -0.849369 0.882723 0.289625
v 0.348859 -0.950439 0.676869
v 0.871788 -0.861288 0.388435
v -0.926883 -0.783921 0.285673
v 0.935315 -0.756704 0.265911
v 0.645306 0.948764 0.329146
v 0.676806 0.948480 0.305428
v 0.946651 0.704116 0.392412
v -0.655104 0.948718 0.242189
v -0.655104 0.948718 0.238236
v -0.915070 -0.807323 0.388442
v -0.946949 -0.717749 0.293583
v -0.834618 0.894813 0.246142
v 0.809330 0.910706 0.265908
v 0.793743 0.919570 0.352901
v 0.948769 0.356727 0.297525
v 0.948769 0.566213 0.269857
v -0.947738 0.711889 0.487253
v -0.686569 0.948183 0.364719
v 0.943565 0.723555 0.317265
v 0.919484 0.793696 0.254047
v 0.891495 0.836544 0.289620
v -0.928715 0.778090 0.404228
v -0.822867 0.903384 0.400327
v 0.821514 -0.904884 0.368673
v -0.760580 0.934086 0.412147
v 0.948709 -0.666957 0.372625
v 0.940092 -0.741114 0.356834
v -0.815087 -0.910282 0.416145
v 0.770406 0.929845 0.340996
v 0.731408 0.941874 0.352862
v 0.704038 0.946372 0.273810
v 0.948815 0.194672 0.341004
v 0.948754 0.661040 0.277745
v 0.917400 0.797556 0.344956
v 0.934122 0.758664 0.325200
v -0.702158 -0.948980 0.376565
v -0.889316 -0.843850 0.471499
v 0.922020 -0.790856 0.325213
v 0.836964 0.891528 0.333102
v 0.704039 0.946433 0.396340
v 0.855203 0.875639 0.317281
v 0.846711 0.883455 0.293561
v 0.661094 0.948718 0.416111
v 0.704132 -0.948805 0.479355
v 0.948709 0.664997 0.372625
v -0.741074 0.939834 0.317288
v 0.948815 0.392323 0.305453
v -0.937558 0.754716 0.423988
v -0.912686 0.809257 0.368672
v 0.056356 0.948778 0.404246
v 0.024735 0.948764 0.364719
v 0.948769 -0.299398 0.337051
v 0.948769 0.325107 0.337051
v 0.932801 -0.764502 0.317311
v 0.908248 0.813168 0.380463
v 0.894522 0.832604 0.313364
v 0.948769 0.016807 0.313336
v 0.879584 0.850704 0.360720
v 0.586009 0.948764 0.325193
v 0.938025 -0.748926 0.356867
v -0.843244 0.888178 0.455669
v -0.733325 -0.943833 0.443714
v 0.948769 -0.101770 0.376577
v 0.926932 0.778089 0.443825
v 0.443719 0.948778 0.376577
v 0.731854 -0.943913 0.424095
v -0.830664 -0.900195 0.483357
v -0.902313 0.824837 0.408206
v 0.645306 0.948764 0.333099
v 0.851751 -0.881082 0.467523
v 0.816416 0.906407 0.348889
v 0.946655 -0.706038 0.356814
v 0.848244 0.882081 0.356808
v 0.888152 -0.843314 0.475441
v 0.910755 -0.811244 0.360752
v -0.807318 0.913110 0.360767
v 0.739152 0.939869 0.408198
v 0.867539 0.863585 0.404250
v 0.786987 0.922890 0.404252
v -0.702082 0.946864 0.392372
v 0.785961 -0.925939 0.483331
v 0.944894 -0.717773 0.368675
v 0.948650 0.672880 0.439842
v -0.694326 0.947622 0.467487
v -0.655104 0.948718 0.372625
v -0.950548 -0.374482 0.676892
v 0.948815 -0.006908 0.400293
v 0.948815 0.084001 0.384505
v -0.943224 0.735237 0.451683
v -0.587933 0.948764 0.427966
v 0.836962 0.891530 0.376582
v 0.946877 -0.706077 0.443811
v 0.932998 -0.764485 0.392409
v -0.893410 0.836540 0.404302
v 0.936045 0.754756 0.475419
v 0.802330 0.915035 0.431938
v -0.780119 0.926786 0.435886
v -0.910933 -0.815087 0.483338
v 0.897670 0.828709 0.447741
v 0.824868 0.900584 0.416103
v 0.948694 -0.666957 0.408198
v -0.950429 -0.026688 0.680775
v 0.948815 0.542498 0.376577
v -0.780920 -0.928538 0.455634
v -0.935148 -0.764543 0.530756
v 0.942289 -0.733320 0.451702
v 0.948769 -0.085960 0.424009
v 0.860020 0.871111 0.408201
v -0.655104 0.948764 0.483298
v 0.906487 -0.818943 0.479421
v 0.871750 0.859283 0.459627
v 0.948769 0.068205 0.423993
v 0.844355 0.885523 0.427946
v 0.762621 0.932846 0.475386
v -0.858028 0.876030 0.511018
v 0.860004 0.871126 0.431884
v -0.717777 0.944857 0.487245
v 0.692398 0.947624 0.459582
v 0.816629 -0.908517 0.463569
v 0.948271 -0.690542 0.467468
v 0.828778 0.898453 0.495220
v -0.922037 -0.795686 0.503082
v -0.904319 0.823996 0.542669
v -0.764566 -0.935134 0.503080
v 0.923832 -0.787867 0.459597
v 0.943858 0.723638 0.463551
v 0.910769 0.809261 0.427965
v 0.906836 0.816444 0.495181
v 0.723555 0.943523 0.451673
v -0.421914 0.948764 0.637447
v -0.129417 0.948764 0.431916
v -0.220339 -0.950723 0.487265
v -0.803478 0.915526 0.447729
v 0.837151 -0.893644 0.479371
v -0.850153 -0.885286 0.511063
v 0.948769 -0.054339 0.455629
v -0.889263 0.844113 0.554504
v 0.867840 0.863888 0.491203
v 0.932234 0.766477 0.538646
v 0.804629 0.914159 0.499136
v 0.948769 0.550418 0.518901
v 0.948769 0.222340 0.510966
v -0.925841 0.785940 0.503073
v 0.900674 0.824826 0.471475
v 0.946005 -0.713806 0.471443
v 0.875420 -0.858015 0.483349
v 0.941690 -0.737177 0.483357
v 0.948769 0.008902 0.471440
v 0.746348 0.937957 0.526776
v 0.918552 0.797623 0.542656
v -0.882965 -0.854142 0.554509
v 0.922437 -0.791812 0.526861
v 0.948754 -0.564219 0.475392
v 0.948769 -0.659081 0.546539
v 0.948815 0.601786 0.566302
v 0.848338 0.884191 0.566396
v -0.717742 0.944725 0.625557
v 0.475341 0.948778 0.558397
v 0.684624 0.948125 0.510966
v 0.883004 0.848244 0.526822
v -0.878082 0.856128 0.522904
v 0.774352 0.928357 0.483287
v 0.770394 -0.932845 0.546535
v -0.893196 -0.842445 0.570332
v 0.797691 0.918005 0.522830
v -0.784053 0.925463 0.526797
v -0.820581 -0.908754 0.546590
v 0.948709 0.664997 0.514918
v 0.940459 0.739169 0.510978
v -0.846346 0.887324 0.546617
v 0.743166 -0.941504 0.641322
v 0.793827 0.919979 0.554453
v -0.795751 -0.922573 0.550533
v 0.813249 0.909209 0.510992
v 0.423942 0.948479 0.684799
v 0.936223 -0.756656 0.522835
v 0.943475 -0.729483 0.601876
v 0.617630 0.948302 0.688669
v -0.271716 -0.949942 0.688565
v 0.700288 -0.949098 0.637430
v 0.948393 -0.686591 0.499128
v -0.920454 0.797646 0.562355
v 0.902055 0.824816 0.550551
v -0.651174 0.948778 0.609781
v 0.887682 -0.846340 0.550579
v -0.842392 -0.892685 0.542640
v 0.850317 -0.885396 0.590053
v -0.948748 -0.702128 0.641356
v 0.805471 0.913834 0.518897
v -0.733367 -0.943193 0.668891
v -0.919042 -0.803459 0.605815
v 0.897227 -0.834653 0.566358
v 0.886519 0.844353 0.534762
v -0.869211 0.867270 0.601879
v -0.745059 0.938822 0.597918
v -0.686500 -0.950062 0.637426
v 0.883469 0.847807 0.530795
v 0.817144 -0.910243 0.593978
v -0.950488 0.645240 0.672936
v 0.883477 0.847981 0.538693
v -0.556331 -0.950121 0.684669
v 0.932932 -0.768446 0.625555
v -0.939930 -0.748964 0.645283
v 0.946709 0.704137 0.566302
v 0.879952 0.852183 0.546606
v -0.678737 0.948480 0.582120
v 0.633448 0.948778 0.625591
v 0.688470 0.947865 0.578184
v 0.867357 -0.869254 0.574263
v 0.948769 -0.283588 0.570255
v -0.936900 0.758688 0.590018
v 0.186795 0.948778 0.510966
v 0.948815 0.182815 0.582113
v -0.705975 -0.948328 0.645302
v 0.727559 -0.945142 0.641348
v -0.776271 -0.931286 0.613719
v 0.946115 -0.709967 0.653073
v 0.817187 0.907421 0.582159
v -0.819550 0.906839 0.546598
v -0.861935 -0.876854 0.597943
v 0.948815 0.313249 0.554444
v 0.877029 0.856097 0.574267
v 0.750948 0.936591 0.590024
v 0.123552 0.948659 0.672971
v 0.948815 0.012854 0.625569
v -0.945500 0.723635 0.649229
v 0.930861 0.770377 0.586065
v -0.830772 0.899962 0.633475
v -0.799620 0.918202 0.597949
v 0.277707 0.948778 0.578160
v 0.668877 -0.949846 0.680740
v 0.910771 -0.814691 0.566361
v 0.948633 0.672873 0.633475
v -0.926079 0.785999 0.645257
v 0.840550 0.891438 0.605895
v 0.672894 0.948539 0.605814
v -0.236142 0.948361 0.688695
v -0.791862 -0.924325 0.661057
v 0.923482 -0.791816 0.625540
v 0.927013 -0.784091 0.613733
v 0.080081 -0.950242 0.684669
v 0.790787 -0.924839 0.629476
v 0.948815 0.467399 0.597923
v 0.770501 -0.933113 0.637420
v 0.836628 -0.896566 0.649219
v -0.950069 0.360686 0.688590
v 0.948815 0.289534 0.590018
v -0.493066 0.948718 0.665117
v -0.188710 0.948764 0.645332
v 0.206558 0.948718 0.665110
v -0.901893 -0.830792 0.653188
v -0.924317 -0.791891 0.657102
v -0.945444 -0.725565 0.629502
v 0.893993 0.836552 0.609788
v 0.887403 0.844345 0.582114
v -0.453553 0.948361 0.688701
v -0.819123 -0.909781 0.657133
v -0.682646 0.948341 0.601894
v -0.611647 0.948181 0.692656
v -0.854137 -0.884127 0.641362
v 0.948815 -0.607698 0.641379
v 0.797356 0.918438 0.633477
v 0.700238 0.946718 0.625571
v -0.904878 0.824683 0.629572
v -0.892709 0.840504 0.665015
v 0.926341 0.782056 0.601822
v -0.006886 0.948703 0.669040
v 0.028688 0.948703 0.669040
v 0.885336 -0.850261 0.649257
v -0.948727 0.700226 0.657128
v -0.764567 0.932665 0.649264
v 0.297470 0.948658 0.669048
v -0.884744 -0.853403 0.633462
v 0.948769 -0.141318 0.637449
v 0.907354 0.817852 0.605847
v 0.845028 0.887896 0.617702
v -0.764578 -0.935004 0.653148
v -0.932126 -0.772860 0.649226
v 0.938628 -0.748994 0.645233
v 0.947643 -0.690434 0.661033
v 0.948754 0.321154 0.661135
v -0.822959 0.905182 0.613753
v -0.771990 0.930034 0.653229
v 0.778240 0.926892 0.621646
v -0.034555 0.948718 0.657189
v 0.912802 -0.811287 0.653200
v 0.881264 0.852157 0.637429
v 0.857957 0.875654 0.665029
v 0.813313 0.909502 0.657141
v -0.795711 0.920195 0.629544
v -0.916411 0.805452 0.653154
v 0.727575 0.942459 0.633466
v -0.936395 0.758699 0.653192
v 0.938994 0.743133 0.660973
v 0.813294 -0.912513 0.645269
v -0.869781 -0.869164 0.657129
v 0.530672 0.948420 0.688717
v 0.844191 -0.889240 0.684689
v -0.889254 -0.846387 0.680775
v 0.934627 0.758665 0.657059
v -0.846341 0.887164 0.688665
v 0.707988 0.945522 0.645295
v -0.690347 0.946230 0.688538
v -0.948846 -0.694318 0.668902
v 0.948769 0.151202 0.641394
v 0.948754 0.186767 0.661135
v 0.918537 0.797373 0.657115
v 0.891289 0.839982 0.637421
v 0.692462 0.947132 0.649247
v 0.789962 -0.924320 0.664943
v 0.947730 0.091901 0.692509
v 0.948294 0.676724 0.657118
v 0.945620 0.700183 0.680719
v -0.876024 0.860037 0.668994
v -0.819112 0.907201 0.672904
v 0.782123 0.924431 0.676845
v 0.340947 0.948764 0.633494
v 0.364666 0.948242 0.692619
v 0.948769 -0.659076 0.633492
v 0.948754 0.419983 0.665095
v 0.948573 0.396239 0.676879
v -0.725559 0.941598 0.688592
v 0.948471 -0.655102 0.672908
v -0.868588 0.867821 0.665043
v -0.255905 0.948658 0.669040
v -0.694280 -0.948558 0.676755
v 0.774346 -0.930197 0.676728
v -0.854156 -0.882101 0.692578
v 0.918538 -0.797893 0.684662
v 0.937370 -0.741226 0.696325
v 0.948059 0.174909 0.688569
v 0.948650 0.617603 0.669025
v 0.940734 0.727525 0.688509
v -0.930079 0.774280 0.672825
v 0.895194 0.832922 0.684707
v 0.719736 0.943005 0.672884
v 0.754854 -0.936752 0.676744
v 0.828825 -0.901721 0.668987
v -0.908764 -0.819080 0.680749
v -0.946041 -0.713807 0.676762
v 0.944606 -0.709925 0.680650
v 0.947735 -0.085964 0.692450
v 0.948413 0.040525 0.680775
v -0.791853 0.920758 0.692592
v 0.805509 -0.915043 0.688599
v 0.887332 -0.844123 0.704367
v -0.929609 -0.776288 0.680682
v 0.948769 -0.504931 0.657205
v 0.948391 -0.552352 0.680808
v -0.922065 0.793732 0.664980
v -0.910751 0.813258 0.680711
v 0.875645 0.857877 0.661100
v 0.844411 0.886623 0.688682
v -0.752898 0.934769 0.696509
v 0.762632 0.932164 0.668919
v -0.666882 -0.949699 0.684629
v 0.708047 -0.946873 0.680662
v 0.865992 -0.869753 0.680755
v 0.946653 -0.698216 0.672780
v 0.948573 0.514830 0.676895
v 0.900052 0.824891 0.696502
v -0.560258 0.946834 0.712193
v -0.204521 0.948643 0.672993
v 0.510910 0.948643 0.676918
v -0.896164 -0.834663 0.708310
v 0.931646 -0.764554 0.688557
v -0.939350 -0.745065 0.680699
v 0.948354 -0.453548 0.684694
v -0.940707 0.735328 0.692462
v 0.928229 0.774280 0.672815
v 0.936333 0.750913 0.668840
v 0.921766 0.789847 0.668892
v 0.885712 0.844379 0.692589
v 0.817191 0.905650 0.692573
v -0.196615 0.948658 0.669040
v 0.645247 0.948301 0.680819
v -0.737258 -0.940585 0.692425
v -0.949768 -0.540504 0.692490
v 0.947127 -0.437750 0.700349
v 0.947731 -0.323113 0.692504
v 0.946176 -0.299398 0.708063
v 0.947068 0.000997 0.700334
v 0.947702 0.344841 0.692491
v -0.947058 0.704090 0.684604
v 0.921573 0.789831 0.672848
v -0.184757 0.948461 0.684782
v -0.026662 0.948065 0.696535
v 0.443719 0.948100 0.696543
v 0.653112 0.945022 0.723951
v 0.360723 -0.948977 0.700326
v 0.688432 -0.946156 0.708052
v 0.946714 -0.564203 0.704182
v 0.948031 0.360690 0.688614
v 0.947051 0.574104 0.700309
v 0.946578 0.637332 0.704204
v 0.809385 0.910531 0.688670
v -0.362637 0.947800 0.700427
v 0.060312 0.947589 0.704382
v -0.706010 -0.946002 0.692432
v -0.916491 -0.799680 0.716069
v 0.946713 0.127456 0.704192
v 0.937784 0.742240 0.684601
v 0.912381 0.805469 0.692549
v -0.857156 0.875619 0.716213
v 0.758780 0.930366 0.716092
v -0.161025 0.946541 0.716048
v 0.731487 -0.940319 0.704162
v -0.834110 -0.896613 0.708306
v -0.874938 -0.858053 0.727964
v -0.945091 -0.698166 0.708096
v 0.946712 -0.204536 0.704199
v -0.948676 0.060261 0.704174
v -0.948329 0.653100 0.704154
v -0.933423 0.754780 0.712081
v -0.895178 0.832782 0.716168
v 0.020789 -0.948682 0.704189
v 0.719763 -0.941477 0.711993
v 0.824982 -0.902010 0.704345
v 0.904268 -0.819078 0.712202
v -0.948326 0.601786 0.708125
v 0.943277 0.707981 0.696337
v -0.922592 0.785974 0.708183
v -0.826893 0.899763 0.712232
v -0.729507 0.937426 0.723895
v -0.698227 0.943850 0.708177
v 0.727506 0.937939 0.719988
v -0.078035 0.947318 0.708269
v 0.174931 0.947017 0.712195
v -0.433792 -0.946998 0.715909
v -0.768559 -0.928537 0.719871
v -0.932064 -0.760786 0.712076
v -0.948610 -0.658969 0.700291
v -0.949107 -0.271750 0.700306
v 0.945817 0.487152 0.712026
v -0.947417 0.684510 0.700283
v 0.918945 0.782171 0.731731
v 0.864946 0.863877 0.727983
v -0.772399 0.927948 0.704362
v 0.700315 0.944115 0.704260
v -0.449566 0.945670 0.723209
v -0.236142 0.946132 0.719870
v -0.066157 0.946666 0.716018
v 0.645237 0.947678 0.696492
v -0.631388 -0.946262 0.719765
v -0.803584 -0.913300 0.723883
v 0.940737 -0.702124 0.719751
v 0.946238 -0.658979 0.704110
v 0.944968 -0.662925 0.711968
v 0.946715 -0.121536 0.704172
v 0.945569 -0.066196 0.711980
v -0.948807 0.463453 0.704222
v 0.943804 0.617564 0.723685
v 0.942487 0.672775 0.723762
v 0.941906 0.704040 0.711974
v 0.899473 0.824886 0.704363
v -0.651078 0.946594 0.708226
v 0.617619 -0.946326 0.719750
v -0.678621 -0.946934 0.708072
v 0.789978 -0.918246 0.727825
v -0.948209 -0.556285 0.708093
v 0.945633 0.004914 0.711987
v -0.948211 0.210475 0.708078
v 0.945155 0.364636 0.715884
v 0.942288 0.455541 0.731454
v 0.944539 0.688477 0.704141
v -0.807449 0.911043 0.716146
v -0.819195 -0.903037 0.735718
v 0.852587 -0.877546 0.731884
v 0.914588 -0.799658 0.716056
v -0.940757 -0.717707 0.719827
v -0.947740 -0.441752 0.711974
v 0.944350 -0.196627 0.719786
v -0.947005 -0.137339 0.715908
v -0.941125 0.711899 0.723701
v 0.936171 0.727572 0.723740
v -0.932074 0.747067 0.735556
v -0.903478 0.817144 0.731829
v 0.447672 0.945776 0.722585
v 0.396287 -0.946386 0.719762
v 0.922149 -0.776347 0.731649
v 0.942508 -0.651108 0.727588
v 0.928529 0.751003 0.735541
v 0.913210 0.797713 0.723964
v 0.824982 0.899170 0.712239
v -0.303317 0.946595 0.716106
v 0.348855 0.945521 0.723845
v -0.717800 -0.937806 0.735456
v 0.770510 -0.926562 0.723837
v 0.751081 -0.931176 0.731619
v -0.788026 -0.919889 0.727839
v -0.943521 -0.655063 0.731467
v -0.943152 0.325152 0.735365
v -0.884615 0.844413 0.731916
v -0.867822 0.863862 0.727975
v -0.682509 0.941417 0.735540
v -0.639216 0.944622 0.727723
v 0.084018 0.944254 0.731685
v 0.672812 -0.943129 0.731555
v 0.727597 -0.936660 0.731543
v 0.930334 -0.741272 0.739369
v -0.947063 -0.220363 0.715864
v 0.939075 -0.200563 0.743137
v 0.944442 0.159112 0.719740
v -0.946330 0.008914 0.719768
v 0.941196 0.368585 0.735323
v 0.941747 0.495090 0.734543
v -0.944611 0.672762 0.723683
v 0.887250 0.831723 0.759335
v 0.786063 0.914514 0.751300
v -0.787946 0.917500 0.739621
v -0.453553 0.943074 0.739493
v 0.582053 0.941486 0.747311
v -0.694319 -0.940724 0.735478
v 0.696275 -0.940388 0.735418
v 0.828910 -0.895465 0.735761
v -0.857813 -0.873431 0.739775
v 0.884842 -0.842485 0.735798
v 0.902025 -0.815229 0.743594
v 0.939933 -0.674674 0.735335
v 0.941237 -0.410073 0.735364
v 0.942907 -0.342896 0.727495
v -0.943081 0.194681 0.735400
v 0.939007 0.186791 0.743157
v 0.941918 0.242103 0.731482
v 0.934504 0.711975 0.743223
v -0.913492 0.797745 0.735696
v 0.902836 0.809422 0.751415
v 0.876534 0.848309 0.747638
v 0.848360 0.876898 0.743621
v -0.807469 0.905447 0.751377
v -0.749017 0.934021 0.716073
v 0.711934 0.937923 0.738447
v -0.342869 0.942211 0.743410
v 0.864556 -0.862583 0.751490
v -0.894278 -0.830820 0.743663
v -0.918119 -0.788097 0.739508
v 0.940160 -0.568150 0.739223
v -0.942103 -0.267777 0.739248
v 0.938033 -0.093855 0.747029
v 0.937895 -0.054339 0.747047
v 0.941922 0.028657 0.731467
v 0.941107 0.072144 0.735384
v -0.944385 0.467445 0.731472
v -0.917353 0.786090 0.743436
v -0.834705 0.890842 0.739723
v -0.749040 0.931958 0.731737
v 0.739273 0.933144 0.735643
v -0.066177 0.941361 0.747280
v 0.218416 0.940446 0.751217
v 0.178883 0.946067 0.719901
v -0.414009 -0.943137 0.735449
v -0.089897 -0.943027 0.735391
v -0.764677 -0.925446 0.743395
v 0.809484 -0.905852 0.743542
v 0.936837 -0.611650 0.750907
v -0.939954 -0.109637 0.747008
v 0.939136 0.285587 0.743144
v 0.937419 0.487162 0.750883
v 0.840584 0.881789 0.751464
v 0.809419 0.901075 0.759169
v 0.119599 0.939532 0.755118
v 0.380442 0.941367 0.747293
v -0.540495 -0.943159 0.735396
v -0.216367 -0.939954 0.746570
v -0.002927 -0.939948 0.747008
v 0.400240 -0.938799 0.750942
v 0.206558 -0.943033 0.735363
v -0.907526 -0.807506 0.747451
v 0.913523 -0.788122 0.751232
v -0.937607 -0.709933 0.739313
v -0.937121 -0.682562 0.750997
v 0.938027 0.396260 0.747049
v 0.939492 0.605731 0.743224
v -0.938505 0.609644 0.754912
v -0.937804 0.696308 0.747097
v -0.658964 0.941060 0.743339
v -0.172899 0.942152 0.743425
v -0.109656 0.943597 0.735570
v 0.281667 0.939471 0.755114
v -0.674714 -0.940156 0.743196
v 0.758909 -0.924722 0.751184
v -0.803685 -0.907510 0.755198
v -0.842012 -0.885265 0.747606
v 0.840559 -0.884997 0.747562
v -0.941116 -0.378442 0.743135
v -0.942112 0.036569 0.739214
v 0.937416 0.518807 0.750923
v -0.922061 0.762755 0.758981
v -0.891547 0.832774 0.743661
v -0.854153 0.873942 0.747587
v 0.852230 0.871326 0.755430
v 0.821028 0.898761 0.735756
v -0.768576 0.924079 0.743433
v -0.247992 0.939536 0.755102
v -0.002934 0.941424 0.747281
v 0.664926 -0.936016 0.758806
v 0.782289 -0.917772 0.747359
v -0.916905 -0.768704 0.770708
v 0.923468 -0.764706 0.743374
v 0.926768 -0.706117 0.770532
v -0.936615 -0.489124 0.758720
v 0.932916 -0.295420 0.762615
v -0.933288 0.174909 0.766533
v 0.937400 0.617556 0.750979
v -0.928033 0.739384 0.758868
v -0.607616 0.937468 0.762834
v -0.050366 0.937402 0.762836
v 0.273749 0.935068 0.770661
v -0.635342 -0.937817 0.754884
v -0.449633 -0.938917 0.750973
v 0.123572 -0.938694 0.750871
v 0.562319 -0.937908 0.754889
v 0.715955 -0.927864 0.770509
v 0.821208 -0.893012 0.770943
v -0.873618 -0.852096 0.763243
v -0.926620 -0.737431 0.762837
v 0.932980 -0.327066 0.762616
v 0.934307 0.352786 0.758752
v -0.937919 0.459533 0.754875
v 0.933787 0.676704 0.757807
v -0.865827 0.858203 0.767154
v -0.729595 0.932329 0.751182
v -0.717153 0.930036 0.766729
v 0.704162 0.933459 0.762927
v 0.696274 0.939637 0.739503
v 0.317253 0.938531 0.758950
v -0.362601 -0.932115 0.770127
v 0.739375 -0.928641 0.755046
v -0.780332 -0.915295 0.762944
v -0.823088 -0.896939 0.755322
v 0.933480 -0.670739 0.758793
v -0.936041 -0.631330 0.758746
v 0.931634 -0.413981 0.766527
v 0.934126 0.016801 0.758741
v -0.931886 0.008928 0.770411
v 0.937907 0.214428 0.747007
v 0.921326 0.238150 0.789870
v 0.929456 0.605717 0.774400
v -0.930777 0.660957 0.774401
v 0.926735 0.727635 0.762831
v -0.901211 0.809508 0.767000
v -0.873700 0.848330 0.771499
v -0.815299 0.896320 0.770922
v -0.749077 0.925192 0.762905
v -0.248007 0.941301 0.747311
v -0.228232 0.942875 0.739483
v 0.668814 0.941053 0.743389
v -0.097779 -0.930404 0.774339
v -0.733151 -0.928088 0.762376
v 0.797947 -0.905333 0.770846
v 0.875565 -0.846403 0.767109
v 0.931869 -0.532646 0.766520
v -0.928775 -0.370549 0.778193
v 0.930042 0.008902 0.769922
v 0.917160 0.774501 0.755188
v -0.780282 0.912860 0.770773
v 0.754913 0.918422 0.777547
v -0.666807 0.933127 0.770567
v 0.222393 0.931074 0.782316
v 0.380498 0.932540 0.778501
v -0.678648 -0.931459 0.770523
v 0.364676 -0.932007 0.770428
v 0.692432 -0.934301 0.758796
v -0.713926 -0.929750 0.766643
v 0.887664 -0.826965 0.774872
v -0.893484 -0.819278 0.778749
v -0.908321 -0.795911 0.766944
v 0.905248 -0.795954 0.770827
v 0.924477 -0.698286 0.778330
v 0.932910 -0.643244 0.762688
v 0.931433 0.246050 0.766492
v -0.928438 0.562357 0.782167
v 0.928523 0.715910 0.762755
v 0.920384 0.747212 0.770673
v 0.922031 0.755025 0.759036
v -0.903991 0.790181 0.786376
v 0.862913 0.856064 0.774897
v 0.848359 0.874672 0.755409
v -0.414020 0.939671 0.755057
v 0.649145 0.938401 0.758967
v -0.764860 -0.915461 0.778516
v 0.786235 -0.907711 0.778578
v -0.845142 -0.877483 0.771034
v 0.856984 -0.862740 0.778737
v -0.927724 -0.713986 0.770551
v -0.931284 -0.670795 0.770479
v 0.934313 -0.386354 0.758735
v 0.934312 -0.382405 0.758738
v 0.931454 -0.236157 0.766490
v -0.925192 -0.200580 0.786009
v -0.936053 -0.188726 0.758708
v 0.931391 -0.149210 0.766485
v 0.926530 -0.097817 0.778817
v 0.932843 0.083998 0.762635
v 0.930028 0.364632 0.770442
v 0.891597 0.817276 0.778741
v -0.849738 0.871111 0.774995
v 0.840586 0.878115 0.767073
v 0.743183 0.927343 0.759039
v -0.441726 0.934077 0.774150
v 0.459544 0.932565 0.778361
v -0.481276 -0.930789 0.774349
v 0.668880 -0.927184 0.782163
v 0.915715 -0.760954 0.774557
v 0.920270 -0.721818 0.782237
v -0.929041 -0.623487 0.778313
v 0.932989 -0.374497 0.762644
v 0.933858 0.506929 0.761799
v 0.922452 0.514860 0.789488
v 0.932215 0.633366 0.766535
v -0.882574 0.832866 0.782693
v -0.220340 0.929545 0.786200
v -0.109652 0.937405 0.762858
v 0.649130 0.934927 0.770668
v -0.263811 0.935051 0.770663
v 0.597875 0.926420 0.794456
v 0.518790 -0.931111 0.774310
v 0.629478 -0.926186 0.786052
v 0.770757 -0.908832 0.790213
v -0.858031 -0.863589 0.778785
v -0.926947 -0.066197 0.782108
v 0.930042 0.012854 0.769922
v 0.929851 0.080030 0.770416
v 0.931399 0.151194 0.766464
v 0.925050 0.289528 0.782070
v -0.928690 0.317202 0.778238
v 0.923192 0.676671 0.786066
v -0.922556 0.692425 0.789986
v -0.913929 0.759033 0.786247
v 0.906209 0.790084 0.774701
v 0.879224 0.840235 0.767147
v -0.694358 0.927082 0.782279
v -0.690423 0.930331 0.774513
v -0.101751 0.930999 0.782341
v 0.317239 0.935114 0.770663
v 0.832878 -0.881496 0.783260
v -0.886144 -0.827042 0.786581
v 0.892186 -0.815377 0.782521
v -0.920517 -0.733557 0.782328
v 0.917464 -0.378483 0.797657
v 0.918951 -0.295438 0.794555
v -0.926044 0.514859 0.786018
v 0.727619 0.922135 0.786257
v 0.743194 0.924015 0.770680
v 0.692400 0.925476 0.790159
v -0.070129 0.935123 0.770637
v -0.631483 -0.924345 0.789946
v -0.741425 -0.914574 0.793994
v 0.809631 -0.890202 0.798203
v -0.903520 -0.788258 0.790244
v -0.925337 -0.453543 0.786017
v 0.922839 -0.129418 0.786668
v 0.917320 0.016816 0.797666
v 0.922820 0.076116 0.786694
v -0.923292 0.234184 0.789865
v -0.917872 0.719919 0.793901
v -0.912979 0.739498 0.797807
v 0.840653 0.873464 0.782713
v 0.817291 0.890775 0.778699
v 0.801770 0.893575 0.794223
v -0.795942 0.901094 0.786411
v -0.607596 0.920611 0.805672
v -0.394246 0.926311 0.794672
v -0.259876 0.924695 0.797972
v -0.022705 0.921094 0.805687
v 0.285612 0.924689 0.797985
v 0.546489 0.937662 0.762839
v 0.574158 0.932640 0.778397
v 0.562293 0.923219 0.801836
v 0.163053 -0.923485 0.789876
v 0.751281 -0.912240 0.794009
v -0.827061 -0.882932 0.794342
v -0.876418 -0.834754 0.798267
v -0.920398 -0.690463 0.793916
v 0.918517 -0.643268 0.797221
v -0.921449 -0.141310 0.793789
v -0.916967 0.404139 0.802179
v 0.923355 0.404197 0.786017
v 0.920925 0.629416 0.793875
v 0.903154 0.782412 0.791262
v 0.875923 0.837057 0.786640
v -0.869692 0.848994 0.782716
v -0.089892 0.926455 0.794057
v 0.151219 0.926332 0.794319
v 0.451625 0.926664 0.794036
v -0.686530 -0.926387 0.782186
v -0.334976 -0.923371 0.789900
v -0.232197 -0.914983 0.805477
v 0.730089 -0.912541 0.801743
v -0.796073 -0.894120 0.805893
v 0.909827 -0.761048 0.790166
v 0.909531 -0.721865 0.805580
v -0.920422 -0.587944 0.797241
v -0.920864 0.083994 0.794557
v 0.923248 0.151194 0.785960
v 0.925162 0.388355 0.782068
v 0.914975 0.352773 0.802072
v 0.914242 0.530699 0.805496
v -0.887348 0.821259 0.790381
v -0.823159 0.885449 0.790416
v 0.821169 0.887181 0.782618
v -0.753659 0.910754 0.797869
v -0.504949 -0.917150 0.802604
v 0.352847 -0.917185 0.801553
v 0.522816 -0.918042 0.801587
v -0.725798 -0.915263 0.797799
v -0.845641 -0.865769 0.802177
v 0.857808 -0.854131 0.798302
v -0.856184 -0.854173 0.806096
v -0.888846 -0.807710 0.805901
v 0.898832 -0.787531 0.798009
v 0.890409 -0.800001 0.805816
v 0.914480 -0.694403 0.801496
v 0.918178 -0.599802 0.797774
v 0.919617 -0.485186 0.793794
v -0.917165 -0.394259 0.801600
v 0.921326 0.131431 0.789870
v 0.922891 0.348853 0.786977
v 0.915228 0.265822 0.801533
v 0.909182 0.751231 0.797933
v 0.886870 0.801911 0.809721
v -0.869425 0.844101 0.794345
v -0.849394 0.863007 0.798294
v 0.829049 0.877526 0.794299
v -0.717882 0.917602 0.797792
v -0.690407 0.924137 0.790016
v -0.516791 0.924916 0.797919
v -0.228256 0.919201 0.809629
v -0.038501 -0.921423 0.793730
v 0.688555 -0.916659 0.802026
v -0.776586 -0.906007 0.794114
v 0.881680 -0.823211 0.798197
v -0.907305 -0.764885 0.797915
v -0.911252 -0.737587 0.801763
v 0.919687 -0.512842 0.793791
v 0.908359 -0.192673 0.813237
v -0.912660 0.068190 0.809393
v 0.919397 0.048428 0.793794
v 0.906422 0.095871 0.816403
v 0.921326 0.135384 0.789870
v -0.918160 0.668821 0.801638
v -0.896876 0.786373 0.805779
v 0.887171 0.812419 0.798071
v 0.886681 0.821182 0.786515
v 0.848410 0.859160 0.802127
v 0.829017 0.879116 0.790406
v 0.782787 0.898897 0.801899
v -0.776507 0.900269 0.805755
v 0.747168 0.908807 0.805740
v -0.477256 0.921264 0.805704
v -0.457496 0.922740 0.802581
v -0.113606 0.922887 0.801843
v -0.042461 0.926472 0.794022
v 0.246085 0.912960 0.821327
v 0.352814 0.917210 0.813459
v 0.562300 0.928248 0.790157
v 0.586015 0.921910 0.804644
v 0.688497 0.916872 0.809567
v -0.678665 -0.913315 0.809443
v 0.202586 -0.907776 0.817154
v 0.641343 -0.912004 0.813357
v 0.844012 -0.865345 0.802206
v 0.903009 -0.172916 0.821391
v -0.912704 0.269777 0.809320
v 0.910523 0.593911 0.813350
v -0.908367 0.716019 0.812751
v 0.917000 0.712124 0.793937
v 0.906376 0.755125 0.801781
v -0.889105 0.809599 0.801503
v -0.873551 0.829023 0.809796
v 0.708060 0.910482 0.817354
v -0.690404 0.914589 0.809250
v -0.508877 0.910680 0.825230
v -0.157083 0.910708 0.825181
v -0.038508 0.926472 0.794022
v -0.168927 -0.910275 0.813253
v 0.871631 -0.835597 0.802164
v 0.894735 -0.776721 0.813033
v 0.909252 -0.670797 0.813400
v -0.911396 -0.666883 0.813361
v 0.906868 -0.536612 0.816599
v 0.910750 0.170957 0.809384
v 0.903269 0.392300 0.821022
v 0.906893 0.510976 0.817139
v 0.915035 0.404182 0.802197
v -0.919523 0.601783 0.801600
v 0.914890 0.613706 0.805569
v 0.918784 0.633343 0.798296
v -0.912377 0.645169 0.813344
v 0.906778 0.723899 0.811671
v 0.868475 0.840515 0.798246
v 0.832970 0.869579 0.805960
v -0.799968 0.887146 0.813589
v -0.792100 0.898081 0.798025
v -0.713969 0.904957 0.821152
v -0.654968 0.916678 0.809531
v -0.572090 0.914854 0.817895
v -0.429829 0.914575 0.818560
v 0.503021 0.913031 0.821275
v 0.825162 -0.873978 0.813755
v -0.911164 -0.706208 0.809518
v -0.916955 -0.433796 0.802220
v -0.905170 -0.248015 0.821043
v 0.903197 -0.062245 0.821021
v 0.912620 0.633378 0.809432
v -0.899324 0.755281 0.817293
v -0.895631 0.770925 0.817329
v -0.873565 0.821822 0.817953
v 0.880849 0.817414 0.805941
v 0.852314 0.853602 0.806008
v 0.813515 0.877855 0.813597
v -0.295439 0.921105 0.805755
v -0.279622 0.917150 0.813487
v -0.560321 -0.906849 0.821097
v -0.714091 -0.908543 0.813141
v -0.666906 -0.904892 0.824033
v 0.467413 -0.908470 0.816643
v -0.745460 -0.904042 0.813420
v -0.768942 -0.896895 0.817382
v 0.778648 -0.895660 0.813601
v 0.871732 -0.827135 0.814005
v -0.871526 -0.830987 0.813741
v 0.891474 -0.792275 0.809656
v -0.897424 -0.772795 0.813534
v -0.904436 -0.651099 0.825000
v -0.906052 -0.560323 0.821038
v 0.903193 -0.445643 0.821028
v 0.902991 -0.259872 0.821322
v 0.903179 0.060285 0.821048
v 0.903187 0.269781 0.821036
v 0.903221 0.344849 0.820993
v 0.907192 0.668888 0.817219
v 0.888047 0.782542 0.821291
v -0.854695 0.840756 0.825272
v 0.758936 0.894406 0.825146
v -0.595757 0.902909 0.836873
v -0.066195 0.910663 0.824886
v 0.601810 0.915240 0.817442
v -0.619552 -0.904516 0.824980
v 0.321178 -0.902515 0.824912
v 0.767054 -0.896743 0.817375
v 0.805864 -0.880951 0.821457
v -0.803892 -0.884946 0.817525
v -0.834846 -0.866137 0.818383
v -0.849544 -0.854150 0.817689
v 0.859959 -0.838740 0.820013
v -0.873946 -0.819413 0.822091
v 0.888460 -0.800012 0.809682
v -0.899526 -0.362639 0.828779
v 0.903193 0.190720 0.821028
v 0.910748 0.348826 0.809387
v -0.904935 0.372556 0.821377
v 0.914685 0.625487 0.806047
v 0.905684 0.601786 0.821057
v 0.897592 0.621566 0.832795
v 0.864095 0.833060 0.817525
v -0.811620 0.883249 0.810264
v 0.747186 0.906742 0.809606
v -0.255881 0.905894 0.832957
v -0.006883 -0.905167 0.821032
v 0.688570 -0.903131 0.825031
v -0.823872 -0.869670 0.825373
v -0.887147 -0.784546 0.825157
v 0.903960 -0.714072 0.817296
v -0.903629 -0.682625 0.825008
v -0.902445 -0.066214 0.824887
v -0.899547 0.159099 0.828789
v 0.908429 0.336957 0.813263
v 0.905389 0.570200 0.821028
v 0.899093 0.514917 0.828311
v -0.903929 0.676736 0.824996
v 0.890660 0.743481 0.832007
v -0.873622 0.813903 0.825180
v 0.878631 0.805850 0.821327
v -0.830985 0.867545 0.817554
v 0.778482 0.894643 0.813518
v -0.469350 0.910692 0.825208
v -0.465398 0.917272 0.813513
v 0.060318 0.908289 0.829153
v 0.091931 0.908257 0.829088
v 0.178903 0.913002 0.821326
v 0.688472 0.906273 0.828206
v 0.692421 0.914593 0.813468
v -0.733746 -0.896268 0.828943
v 0.731816 -0.890613 0.836746
v 0.883486 -0.796204 0.821306
v -0.877578 -0.796232 0.833142
v -0.895809 -0.749396 0.825066
v -0.897019 -0.721945 0.829660
v 0.897164 -0.643257 0.832770
v 0.895166 -0.366590 0.832140
v 0.897656 -0.236181 0.828820
v 0.900488 0.083956 0.824909
v -0.899433 0.249987 0.828801
v -0.902282 0.313256 0.824973
v -0.907013 0.550497 0.821076
v 0.905603 0.589940 0.821071
v -0.905181 0.633347 0.824981
v 0.829148 0.863563 0.821321
v 0.825910 0.868007 0.817545
v -0.733599 0.899444 0.825020
v -0.764959 0.897339 0.817326
v 0.692402 0.910073 0.821262
v -0.449579 0.913123 0.821280
v -0.429829 0.906444 0.832432
v -0.378445 0.908438 0.829139
v -0.236121 0.914805 0.817875
v -0.097790 0.910700 0.825195
v 0.360720 0.902922 0.837694
v -0.694454 -0.897201 0.832991
v -0.437757 -0.893210 0.837167
v -0.358715 -0.905179 0.821023
v -0.030601 -0.893629 0.836635
v 0.798246 -0.877223 0.832765
v 0.832888 -0.856330 0.833124
v -0.856091 -0.834908 0.833084
v 0.857100 -0.831082 0.833044
v 0.896162 -0.682659 0.832818
v 0.899288 -0.662953 0.829292
v 0.892550 -0.540583 0.836644
v 0.897672 -0.469358 0.828798
v 0.891300 -0.070149 0.836974
v 0.891300 -0.062244 0.836974
v 0.902997 0.186740 0.821313
v 0.887406 0.261876 0.841694
v -0.885307 0.770914 0.832798
v -0.885322 0.794235 0.821439
v 0.837351 0.848306 0.832946
v 0.762865 0.893118 0.825170
v 0.739384 0.899765 0.825144
v -0.477256 0.913097 0.821280
v -0.469330 0.900899 0.840809
v 0.119593 0.895115 0.848572
v 0.578113 0.900884 0.840832
v 0.649160 0.910567 0.825170
v 0.676689 0.911047 0.821852
v -0.228237 -0.890393 0.840506
v 0.763201 -0.881362 0.841615
v -0.834827 -0.853440 0.836940
v 0.887909 -0.753322 0.832864
v -0.889252 -0.686596 0.844523
v -0.889257 -0.591897 0.844512
v -0.881453 -0.532678 0.851919
v 0.900566 -0.188717 0.824903
v 0.881748 -0.133390 0.848296
v 0.897600 0.226301 0.828833
v -0.893215 0.336964 0.836878
v 0.875235 0.431829 0.855719
v 0.894908 0.601821 0.836335
v 0.896469 0.676757 0.832805
v 0.852801 0.832933 0.832900
v -0.811755 0.865734 0.836732
v 0.774585 0.886578 0.829029
v -0.772752 0.884021 0.833694
v -0.670724 0.906704 0.824919
v 0.676699 0.909075 0.825147
v -0.504924 0.895346 0.848557
v -0.414012 0.898197 0.844676
v -0.216379 0.892228 0.852512
v -0.105718 0.910695 0.825203
v -0.105707 0.889252 0.856381
v 0.008922 0.903414 0.836870
v 0.566272 0.898273 0.844675
v 0.376524 -0.884643 0.847450
v 0.609736 -0.899359 0.832744
v -0.761238 -0.885631 0.837350
v -0.800158 -0.868587 0.844604
v 0.813657 -0.861369 0.844020
v -0.860522 -0.819474 0.840724
v 0.867753 -0.804034 0.839366
v 0.899682 -0.659002 0.828930
v -0.886997 -0.299413 0.844406
v 0.897686 0.083946 0.828817
v 0.894755 0.064239 0.832678
v 0.897924 0.479300 0.828798
v -0.887208 0.593927 0.848401
v -0.891629 0.692513 0.840633
v -0.899677 0.723866 0.825047
v 0.871472 0.770936 0.848076
v -0.860537 0.825247 0.832898
v -0.852814 0.821383 0.844478
v -0.835350 0.849213 0.837143
v 0.782416 0.875586 0.839668
v -0.670627 0.892028 0.845476
v -0.164974 0.905813 0.832999
v -0.149183 0.910713 0.825173
v -0.149184 0.902929 0.837364
v -0.105730 0.905890 0.832989
v 0.676687 0.899025 0.840739
v 0.546540 -0.892511 0.840543
v 0.514948 -0.881531 0.852553
v 0.680697 -0.885580 0.848590
v -0.516842 -0.884927 0.848322
v 0.871611 -0.792414 0.840480
v 0.882730 -0.501034 0.847453
v 0.891524 -0.331018 0.836600
v 0.874743 0.412081 0.856167
v 0.887897 0.570242 0.844487
v 0.871993 0.499124 0.860068
v 0.875373 0.641278 0.859799
v -0.893486 0.633379 0.840970
v -0.875574 0.759172 0.848376
v -0.869649 0.790210 0.844455
v -0.862379 0.805891 0.844508
v 0.798759 0.863875 0.844545
v -0.749356 0.879558 0.846771
v 0.715892 0.884660 0.852339
v -0.658866 0.902906 0.831933
v -0.635127 0.889247 0.852397
v -0.485179 0.900897 0.840812
v -0.263811 0.892228 0.852512
v 0.174927 0.895107 0.848583
v 0.269850 0.898133 0.844686
v 0.281659 0.900787 0.840811
v 0.495104 0.906223 0.832987
v 0.526722 0.895347 0.848556
v 0.578110 0.889241 0.856345
v 0.617608 0.898149 0.844640
v -0.674779 -0.885785 0.848869
v 0.234227 -0.873100 0.860033
v 0.487271 -0.877447 0.856112
v 0.844265 -0.834955 0.844343
v -0.846433 -0.834659 0.844347
v -0.873623 -0.776814 0.846411
v -0.877548 -0.710170 0.856211
v 0.881553 -0.666911 0.852289
v 0.871764 -0.639340 0.863385
v 0.885169 0.020748 0.844398
v 0.874744 0.143289 0.856186
v 0.881643 0.147247 0.848324
v -0.877598 0.111668 0.855164
v 0.888375 0.210494 0.840517
v 0.883503 0.400205 0.846297
v -0.881453 0.491213 0.851736
v 0.875661 0.668831 0.858705
v 0.887363 0.721906 0.840560
v 0.865494 0.809740 0.836762
v 0.840776 0.840627 0.837872
v 0.802008 0.865495 0.840675
v 0.778528 0.879451 0.836820
v 0.782424 0.877878 0.836785
v -0.473303 0.882799 0.864140
v -0.018745 -0.873253 0.860048
v 0.621605 -0.886870 0.848371
v 0.151221 -0.883775 0.848347
v 0.778830 -0.871957 0.848451
v 0.824451 -0.846512 0.851792
v -0.865799 -0.788547 0.851191
v 0.872134 -0.769035 0.848415
v 0.876068 -0.749393 0.848945
v -0.869938 -0.757262 0.856208
v 0.876160 -0.702327 0.856237
v -0.880089 -0.378422 0.852277
v 0.875183 -0.346824 0.855697
v 0.867339 -0.074102 0.863956
v 0.891319 0.068181 0.836942
v 0.888453 0.064211 0.840517
v 0.884253 0.198639 0.845332
v -0.881465 0.309305 0.850801
v -0.883240 0.716070 0.848391
v -0.842634 0.833071 0.845304
v 0.836933 0.836812 0.844781
v 0.848725 0.829080 0.840649
v 0.817762 0.856112 0.840865
v 0.805925 0.856498 0.848430
v -0.811828 0.850794 0.852138
v 0.762907 0.875637 0.848419
v 0.743343 0.881700 0.848416
v 0.170984 0.895102 0.848589
v 0.186795 0.889181 0.856375
v 0.356764 0.886073 0.860286
v -0.753426 -0.871413 0.856186
v -0.725923 -0.881936 0.848999
v 0.720060 -0.882128 0.849241
v -0.811817 -0.850322 0.857920
v 0.859993 -0.800186 0.850482
v 0.852253 -0.780700 0.865251
v 0.867811 -0.765113 0.854387
v 0.863674 -0.342828 0.867616
v -0.865216 -0.287540 0.867908
v 0.867602 -0.204536 0.863693
v 0.884993 -0.251934 0.844416
v -0.880180 -0.180821 0.852266
v 0.883506 -0.192689 0.846339
v -0.873332 0.044475 0.859707
v 0.867845 0.036578 0.863450
v -0.880734 0.668867 0.855405
v 0.863962 0.708202 0.867876
v -0.865860 0.774845 0.854166
v -0.847320 0.802044 0.860628
v 0.844670 0.832968 0.841268
v 0.817486 0.849215 0.848422
v -0.803977 0.859710 0.847944
v 0.774657 0.867821 0.852318
v -0.772835 0.860093 0.859965
v -0.587828 0.888023 0.857168
v -0.386316 0.879377 0.868040
v -0.006877 0.868222 0.879703
v 0.115631 0.882637 0.864140
v 0.499065 0.891734 0.853271
v -0.354689 -0.861930 0.871204
v -0.784675 -0.865784 0.854391
v 0.798292 -0.861896 0.852331
v -0.831007 -0.837963 0.855515
v -0.856630 -0.807893 0.852304
v 0.852497 -0.804067 0.856345
v 0.871725 -0.425874 0.859474
v -0.861911 -0.512925 0.871826
v 0.874820 -0.421912 0.856173
v 0.874730 -0.279635 0.856202
v 0.871457 0.016809 0.859753
v -0.865240 0.333001 0.867884
v 0.865916 0.554424 0.867913
v 0.821390 0.837128 0.856085
v -0.713991 0.884653 0.848367
v 0.715867 0.870133 0.867965
v 0.696263 0.877589 0.864093
v -0.109656 0.883441 0.863133
v -0.149181 0.895115 0.848572
v 0.147278 0.889167 0.856392
v 0.617644 0.883017 0.863706
v 0.660913 0.884175 0.861092
v -0.611666 -0.856258 0.879626
v -0.236142 -0.869746 0.863374
v -0.046413 -0.858052 0.874869
v 0.776968 -0.861902 0.860065
v 0.861968 -0.749442 0.863969
v -0.870669 -0.694459 0.864830
v -0.865847 -0.584051 0.869982
v 0.855065 -0.188720 0.875674
v 0.878290 0.597900 0.856191
v 0.840570 0.817453 0.856048
v -0.838189 0.816712 0.859926
v -0.830850 0.825244 0.859897
v -0.780620 0.840682 0.873347
v -0.650929 0.887353 0.853213
v -0.184757 0.867904 0.879918
v 0.475339 0.867866 0.880050
v -0.556379 -0.871572 0.864001
v 0.645272 -0.869209 0.867347
v 0.696518 -0.870243 0.864504
v -0.729873 -0.861987 0.869620
v -0.765172 -0.854176 0.870653
v 0.813691 -0.842630 0.862246
v -0.824323 -0.827225 0.867738
v 0.840667 -0.819533 0.858570
v -0.834838 -0.820556 0.864434
v -0.854168 -0.796330 0.860028
v -0.873101 -0.655073 0.863976
v 0.847657 -0.528724 0.883525
v 0.859342 0.178890 0.871769
v -0.850167 0.064238 0.881872
v 0.863320 0.226285 0.867889
v -0.861411 0.431854 0.871777
v -0.858019 0.514926 0.876804
v 0.837017 0.439740 0.891351
v 0.871168 0.582099 0.863394
v -0.877537 0.625493 0.859969
v -0.865894 0.692428 0.869444
v -0.862277 0.751328 0.864147
v 0.840744 0.798136 0.866177
v -0.800097 0.840667 0.866038
v -0.741474 0.864368 0.864203
v 0.747245 0.861016 0.868696
v -0.698187 0.859851 0.875628
v -0.702172 0.882823 0.852269
v -0.421898 0.867871 0.880039
v 0.273763 0.875586 0.872002
v -0.686630 -0.865834 0.869522
v 0.479335 -0.857978 0.875324
v 0.760305 -0.862100 0.864000
v -0.800199 -0.854192 0.860038
v 0.794385 -0.846791 0.868055
v -0.865075 -0.725883 0.867115
v 0.875235 -0.481219 0.855720
v 0.871715 -0.022735 0.859560
v 0.871271 0.174935 0.860024
v 0.851467 0.313249 0.878957
v -0.854235 0.778706 0.863867
v 0.856245 0.766992 0.864496
v -0.827206 0.813584 0.869273
v 0.813595 0.840745 0.858207
v 0.809490 0.825196 0.871492
v 0.774696 0.847652 0.871033
v -0.733565 0.852352 0.876034
v 0.095883 0.871754 0.876161
v 0.317233 0.868257 0.879677
v 0.336998 0.887359 0.858669
v 0.400240 0.868079 0.879751
v 0.510914 0.886724 0.859499
v 0.514872 0.886161 0.860246
v -0.501082 -0.854094 0.879059
v -0.776892 -0.846401 0.874493
v 0.828577 -0.826721 0.863897
v 0.836571 -0.429832 0.891632
v -0.861583 -0.307307 0.871456
v -0.865867 0.562322 0.870719
v 0.859372 0.586035 0.875090
v 0.877448 0.680700 0.856184
v -0.860113 0.719948 0.871722
v 0.851093 0.755303 0.871680
v -0.811753 0.829097 0.868710
v -0.666626 0.868180 0.872113
v -0.299403 0.872050 0.875931
v 0.159126 0.868114 0.879722
v 0.503009 0.871754 0.876076
v 0.546548 -0.865853 0.869888
v 0.167046 -0.848342 0.883551
v 0.352805 -0.843137 0.887968
v 0.751514 -0.846421 0.879869
v 0.832875 -0.800144 0.874250
v -0.827699 -0.807883 0.875874
v -0.838494 -0.800179 0.871626
v -0.854165 -0.745478 0.873900
v -0.848195 -0.327066 0.883562
v -0.852682 -0.299395 0.879614
v 0.863315 -0.196621 0.867893
v 0.859608 0.040548 0.871438
v 0.844354 0.119576 0.885336
v -0.848260 0.380443 0.883546
v -0.866116 0.625434 0.871827
v 0.867549 0.605800 0.867613
v 0.863933 0.605803 0.871230
v 0.856163 0.680633 0.877358
v -0.838740 0.782567 0.874878
v 0.832917 0.778632 0.879109
v -0.831280 0.794765 0.875449
v 0.786379 0.829080 0.879760
v -0.631187 0.875663 0.867977
v -0.623287 0.863985 0.880390
v -0.192642 0.860066 0.887103
v -0.267763 0.871769 0.876224
v 0.352808 0.879396 0.868016
v 0.352817 0.875627 0.871959
v 0.574156 0.879309 0.868021
v 0.586015 0.871953 0.875872
v 0.617639 0.879501 0.867806
v 0.700453 -0.849911 0.883223
v -0.220333 -0.838504 0.891685
v -0.792353 -0.831002 0.880828
v 0.805915 -0.822964 0.879337
v -0.815489 -0.811740 0.881285
v -0.846653 -0.780721 0.871881
v 0.848319 -0.733687 0.879193
v -0.850281 -0.670845 0.884813
v 0.852115 -0.706264 0.879461
v -0.842810 -0.631435 0.891334
v 0.836591 -0.465427 0.891839
v 0.837036 -0.232203 0.891336
v -0.838482 -0.188736 0.891791
v -0.852664 -0.129457 0.879631
v -0.834578 -0.109710 0.894853
v -0.850178 0.020764 0.881862
v 0.850206 0.593930 0.883504
v 0.849229 0.660977 0.884324
v -0.846460 0.747404 0.878468
v 0.813576 0.813595 0.875994
v -0.772787 0.840744 0.875823
v -0.741514 0.860154 0.867973
v -0.619282 0.852256 0.890923
v -0.583897 0.848924 0.895750
v -0.556257 0.875657 0.871927
v 0.218434 0.860068 0.887184
v 0.352798 0.872047 0.875869
v 0.605706 0.867820 0.879763
v -0.556390 -0.838505 0.893662
v 0.782711 -0.834872 0.880925
v -0.838895 -0.445643 0.891372
v 0.836930 -0.323082 0.891343
v -0.850184 0.277676 0.881857
v 0.860010 0.408102 0.871129
v -0.846826 0.558369 0.887804
v -0.854820 0.684588 0.880058
v -0.808340 0.813610 0.879331
v -0.788417 0.836803 0.873374
v -0.784511 0.829434 0.879542
v -0.776669 0.840663 0.874618
v 0.767207 0.844779 0.875840
v 0.727575 0.849235 0.884139
v 0.700122 0.860119 0.880659
v -0.603558 0.857665 0.887481
v 0.668758 0.860914 0.884282
v -0.113609 0.871988 0.875917
v 0.423952 0.856172 0.890705
v 0.538584 0.871754 0.876076
v 0.578110 0.871953 0.875872
v 0.582063 0.871953 0.875872
v -0.635336 -0.846349 0.888253
v 0.601850 -0.846950 0.887847
v 0.499122 -0.842408 0.889407
v -0.346818 -0.834550 0.894716
v -0.745509 -0.838630 0.887004
v -0.776779 -0.830975 0.885601
v 0.805844 -0.800055 0.890179
v 0.821217 -0.780684 0.888651
v -0.827027 -0.780674 0.886292
v 0.852209 -0.611720 0.881669
v 0.844444 -0.655042 0.888559
v 0.846459 -0.287540 0.883563
v -0.838895 0.155149 0.891372
v 0.828779 0.301414 0.897650
v -0.829346 0.447664 0.899164
v 0.848266 0.510952 0.883232
v -0.846376 0.609728 0.889319
v 0.845451 0.735663 0.880216
v -0.745346 0.832889 0.887729
v 0.107741 0.868114 0.879722
v 0.103783 0.849346 0.895977
v 0.127505 0.868114 0.879722
v 0.400246 0.855811 0.891007
v 0.368627 0.875612 0.871974
v 0.502981 0.860024 0.887389
v -0.457492 0.859844 0.887557
v -0.350770 0.860032 0.887304
v 0.526718 0.848390 0.897050
v -0.433797 -0.829687 0.898449
v -0.070124 -0.826773 0.900607
v -0.729812 -0.834712 0.892108
v 0.798137 -0.819449 0.884610
v -0.838610 -0.741525 0.887334
v 0.828704 -0.690491 0.898975
v -0.834218 -0.319135 0.894907
v 0.841832 -0.030624 0.887403
v 0.846355 -0.026671 0.883575
v 0.848239 0.000985 0.881931
v 0.848252 0.008902 0.881872
v 0.821244 0.032674 0.903052
v -0.833894 0.313249 0.895234
v -0.841784 0.719925 0.886750
v 0.832784 0.731731 0.890267
v -0.803839 0.786352 0.893342
v 0.778481 0.809637 0.893810
v 0.747177 0.840637 0.885286
v -0.599610 0.862271 0.883605
v 0.491151 0.852300 0.893984
v -0.172893 0.836760 0.905203
v 0.024740 0.859646 0.887480
v 0.273754 0.863969 0.883617
v -0.745492 -0.826995 0.894845
v 0.778639 -0.811605 0.895305
v -0.788362 -0.807755 0.894658
v -0.803765 -0.784459 0.897641
v -0.839448 -0.706212 0.891281
v -0.830801 -0.682649 0.899077
v 0.824878 -0.580057 0.902534
v 0.820951 -0.014733 0.903047
v 0.828753 -0.014814 0.897640
v -0.823144 0.060285 0.903062
v 0.821347 0.143321 0.903053
v 0.820952 0.202575 0.903046
v -0.815079 0.261866 0.908348
v 0.844458 0.566309 0.887766
v -0.834713 0.664839 0.896861
v -0.826932 0.676685 0.901486
v 0.821139 0.708139 0.901282
v 0.836728 0.723859 0.888702
v 0.813473 0.770745 0.893226
v 0.806776 0.786400 0.891563
v 0.751050 0.821237 0.896899
v -0.670534 0.828599 0.902767
v -0.548408 0.844518 0.899690
v -0.018743 0.840312 0.902834
v 0.167036 0.849305 0.895991
v 0.226318 0.840261 0.902806
v -0.026671 0.855607 0.890874
v 0.396309 0.832843 0.908301
v 0.408169 0.845143 0.899719
v 0.696464 -0.834693 0.895380
v 0.763049 -0.811540 0.899776
v 0.743586 -0.823086 0.897331
v -0.819195 -0.757157 0.897012
v 0.809503 -0.749303 0.902865
v 0.824867 -0.441720 0.900575
v 0.832669 -0.200577 0.894713
v 0.836923 -0.141269 0.891349
v 0.820993 -0.168971 0.903229
v -0.827480 0.629395 0.903025
v 0.817243 0.672762 0.906845
v 0.821130 0.692399 0.902942
v -0.819237 0.735543 0.899153
v -0.804137 0.755040 0.902812
v -0.788309 0.794035 0.896479
v -0.406125 0.840634 0.903070
v 0.127535 0.856220 0.890369
v 0.135403 0.849337 0.895938
v 0.139378 0.856198 0.890464
v 0.214471 0.849295 0.896012
v -0.682543 -0.811642 0.910921
v 0.111672 -0.818252 0.906477
v -0.761029 -0.803717 0.904282
v 0.817600 -0.721870 0.902913
v 0.813293 -0.655086 0.910502
v 0.813268 -0.595872 0.910376
v -0.819062 -0.552420 0.907386
v -0.819007 -0.204463 0.905903
v 0.832315 -0.192679 0.894975
v 0.832646 -0.176842 0.894788
v 0.832363 -0.145246 0.895004
v -0.818974 0.471446 0.906804
v 0.817146 0.534619 0.906901
v 0.809426 0.649127 0.912192
v 0.794048 0.790217 0.896067
v -0.784380 0.782318 0.902351
v -0.761022 0.813470 0.895367
v 0.683228 0.840594 0.899173
v 0.656999 0.840613 0.901514
v -0.267771 0.840253 0.902812
v -0.074054 0.828950 0.910347
v 0.455577 0.840612 0.903086
v 0.479269 0.832881 0.908420
v -0.643178 -0.831546 0.899685
v -0.623505 -0.815213 0.910285
v 0.416043 -0.818271 0.906464
v 0.538638 -0.815141 0.909575
v 0.641335 -0.811243 0.912385
v 0.190743 -0.811491 0.910845
v 0.727829 -0.823068 0.899777
v 0.770696 -0.780424 0.910602
v 0.801796 -0.765953 0.903080
v -0.816008 -0.733583 0.903301
v 0.813187 -0.327089 0.908334
v -0.803990 -0.279653 0.914995
v 0.809305 -0.232204 0.910814
v 0.801536 -0.184741 0.915304
v 0.809341 -0.074100 0.910792
v 0.816216 0.246039 0.906429
v -0.822902 0.309316 0.903301
v 0.820968 0.443713 0.903386
v 0.805410 0.463474 0.913337
v 0.804872 0.570221 0.914668
v 0.836618 0.593930 0.894403
v -0.827341 0.586054 0.902982
v 0.805495 0.617601 0.914684
v -0.819124 0.676656 0.906367
v -0.772706 0.790096 0.903147
v -0.702008 0.801754 0.912847
v -0.619301 0.836282 0.903059
v -0.591723 0.820710 0.914710
v -0.358695 0.840338 0.903044
v 0.048439 0.836758 0.905350
v 0.131447 0.840616 0.902635
v 0.174931 0.832865 0.907783
v 0.471378 0.840624 0.903077
v -0.465388 0.828950 0.910857
v -0.299387 0.840314 0.902843
v -0.334962 -0.818273 0.906463
v -0.725772 -0.799746 0.912780
v -0.791518 -0.757073 0.910630
v -0.815136 -0.433791 0.908456
v 0.805454 -0.580092 0.914707
v 0.805398 -0.165011 0.913107
v 0.820963 -0.137343 0.903249
v 0.821252 -0.010799 0.903046
v 0.805401 0.004969 0.913134
v 0.805392 0.044497 0.913181
v 0.820930 0.080048 0.903276
v 0.813208 0.293486 0.908248
v 0.802004 0.293488 0.914971
v -0.815245 0.664861 0.909355
v -0.815297 0.700287 0.906523
v 0.808838 0.719891 0.906788
v -0.807567 0.727671 0.906948
v 0.793925 0.731628 0.912170
v 0.766613 0.782380 0.909713
v 0.723559 0.801813 0.914815
v 0.735330 0.817336 0.903765
v 0.735334 0.821187 0.901539
v 0.696164 0.825671 0.907235
v -0.623240 0.825056 0.910117
v -0.504837 0.828835 0.910775
v -0.358670 0.813372 0.919640
v -0.267769 0.832885 0.907986
v 0.115638 0.821786 0.914763
v 0.589958 0.825090 0.912769
v -0.263861 -0.807332 0.913220
v -0.441689 -0.799578 0.917565
v 0.688538 -0.799702 0.916860
v -0.694395 -0.803593 0.914408
v 0.743371 -0.788085 0.914746
v -0.760964 -0.784238 0.912429
v 0.786171 -0.749186 0.913956
v -0.795113 -0.729676 0.914561
v -0.803584 -0.690446 0.914954
v 0.801642 -0.694335 0.915046
v -0.800248 -0.627426 0.918583
v 0.789804 -0.287534 0.921359
v 0.815448 -0.168979 0.906955
v 0.797678 -0.129467 0.917355
v -0.807339 -0.014814 0.913051
v 0.789866 0.159072 0.921397
v 0.805420 0.159099 0.913094
v -0.799532 0.439751 0.917920
v -0.803551 0.593925 0.917080
v 0.680470 0.825082 0.909834
v -0.556250 0.828297 0.910822
v -0.184752 0.809577 0.921217
v -0.034554 0.825093 0.912732
v 0.269785 0.817296 0.917271
v 0.147265 0.813450 0.919259
v 0.435813 0.821987 0.915233
v 0.095908 -0.803447 0.915566
v -0.764748 -0.753044 0.920953
v -0.771913 -0.737439 0.922163
v -0.783970 -0.121517 0.925078
v -0.818189 -0.078029 0.906385
v 0.782037 0.028665 0.925020
v -0.789527 0.068169 0.922485
v -0.811206 0.257913 0.910822
v 0.797648 0.202569 0.917370
v 0.789815 0.293486 0.921354
v -0.791762 0.289539 0.921358
v -0.792019 0.715869 0.915878
v -0.788201 0.735468 0.913911
v -0.741389 0.778376 0.915190
v 0.735242 0.790121 0.916796
v -0.398229 0.809505 0.921776
v 0.072167 0.809564 0.921223
v 0.530613 0.816424 0.918138
v -0.066145 -0.791792 0.921476
v -0.619532 -0.800267 0.918535
v 0.198662 -0.780115 0.926806
v 0.384429 -0.795685 0.919361
v -0.784164 -0.706148 0.922388
v 0.778341 -0.717844 0.922707
v 0.797733 -0.655077 0.919090
v -0.784100 -0.595840 0.926010
v -0.807408 -0.564238 0.914472
v -0.791774 -0.524706 0.922155
v -0.780128 -0.504937 0.927255
v 0.782038 -0.366591 0.925152
v 0.805398 -0.168963 0.913107
v 0.794534 -0.042480 0.918974
v 0.797654 0.008902 0.917435
v 0.795435 0.388348 0.918583
v 0.805451 0.506977 0.913730
v 0.793869 0.680552 0.918530
v 0.762667 0.755077 0.919418
v 0.758727 0.766739 0.917638
v -0.690179 0.762712 0.929892
v -0.698024 0.798606 0.914963
v -0.666531 0.805619 0.916292
v -0.646836 0.797382 0.922456
v -0.619295 0.817283 0.915045
v -0.062201 0.813445 0.919329
v -0.579943 0.786201 0.931399
v 0.660930 0.825723 0.911241
v -0.137348 -0.771811 0.930250
v 0.668845 -0.776285 0.927863
v -0.686504 -0.788009 0.922149
v -0.721833 -0.788035 0.918482
v 0.704232 -0.780258 0.923852
v 0.743383 -0.768625 0.921629
v -0.788040 -0.729663 0.917628
v -0.772294 -0.279645 0.929883
v 0.774315 -0.303331 0.928335
v 0.782074 -0.089892 0.924938
v 0.778192 -0.018721 0.926752
v 0.778188 0.163056 0.926747
v -0.772312 0.305362 0.930001
v 0.774275 0.344870 0.928351
v 0.774324 0.380443 0.928396
v -0.783999 0.431853 0.925395
v 0.766490 0.491134 0.931587
v -0.803584 0.566281 0.916654
v 0.789970 0.649132 0.921913
v -0.791935 0.660896 0.921170
v -0.795857 0.680563 0.918220
v 0.786108 0.727629 0.916265
v -0.776497 0.739366 0.917239
v -0.776482 0.743277 0.916410
v -0.741244 0.731426 0.928525
v 0.680491 0.793967 0.925715
v -0.141266 0.801748 0.924866
v 0.052396 0.782328 0.932835
v 0.325139 0.797860 0.926839
v 0.542552 0.797879 0.926962
v -0.587745 0.813704 0.918778
v -0.398247 0.801765 0.925477
v -0.220331 0.817325 0.917187
v 0.131445 0.817348 0.917175
v 0.609715 0.801790 0.925070
v -0.516806 -0.780107 0.927213
v 0.546489 -0.784058 0.925450
v -0.279648 -0.788635 0.922840
v 0.766649 -0.733482 0.924298
v -0.776314 -0.674716 0.927853
v 0.746550 -0.283614 0.938059
v 0.789867 -0.172916 0.921415
v 0.778209 -0.125490 0.926739
v -0.764515 -0.093872 0.932775
v -0.787872 -0.078044 0.923203
v -0.772312 -0.066197 0.929876
v -0.760631 0.060285 0.934162
v 0.766498 0.107702 0.931392
v 0.782070 0.455531 0.925203
v -0.772385 0.526685 0.930245
v -0.776298 0.566229 0.928891
v 0.789205 0.566238 0.922466
v -0.772455 0.629350 0.930222
v -0.771524 0.696231 0.925962
v -0.776401 0.719722 0.920964
v 0.743101 0.719794 0.932508
v 0.743040 0.743321 0.928294
v 0.719609 0.786192 0.922169
v 0.715717 0.786242 0.922988
v -0.081986 0.806302 0.922766
v 0.656898 0.786653 0.930468
v -0.524682 0.790068 0.930291
v -0.081970 0.801742 0.924869
v 0.593919 0.793956 0.928465
v -0.425871 0.797871 0.927361
v -0.560257 -0.764539 0.933213
v -0.651075 -0.764598 0.932557
v -0.694297 -0.764599 0.930221
v -0.402155 -0.760629 0.934162
v -0.358676 -0.776238 0.928331
v -0.271722 -0.780453 0.926533
v -0.263818 -0.764460 0.932771
v -0.030573 -0.776140 0.928470
v 0.704174 -0.752871 0.932858
v -0.725643 -0.741234 0.932600
v 0.762709 -0.678636 0.932362
v 0.770469 -0.651117 0.930813
v 0.770417 -0.457500 0.930449
v 0.782027 0.064230 0.925069
v -0.784025 0.226315 0.925011
v 0.758671 0.238150 0.934177
v -0.772270 0.392323 0.930087
v 0.754754 0.384382 0.935538
v 0.750891 0.364632 0.936806
v -0.787974 0.609691 0.924462
v 0.747073 0.672708 0.936105
v 0.770454 0.708067 0.925346
v 0.723512 0.755052 0.930895
v 0.711770 0.774554 0.927829
v -0.670491 0.782248 0.925930
v 0.684416 0.782325 0.929673
v 0.692200 0.789342 0.926068
v 0.692240 0.793940 0.924188
v 0.684421 0.790131 0.926783
v -0.650814 0.766663 0.933443
v -0.089893 0.797858 0.926642
v -0.081987 0.778459 0.934153
v 0.510910 0.770707 0.937112
v 0.641264 0.798334 0.926420
v 0.174917 0.782312 0.932819
v 0.420018 0.793977 0.928940
v 0.641334 -0.772371 0.930115
v 0.368622 -0.768435 0.931320
v 0.004962 -0.733353 0.941960
v 0.727603 -0.725583 0.935593
v -0.745126 -0.717755 0.933225
v 0.754974 -0.717772 0.930633
v 0.758836 -0.710011 0.930694
v -0.752924 -0.666828 0.935918
v 0.762695 -0.627460 0.933763
v 0.766489 -0.524683 0.932127
v -0.772953 -0.587936 0.930473
v -0.760622 -0.516789 0.934910
v 0.750896 -0.350774 0.936805
v 0.766489 -0.133390 0.931332
v 0.746558 -0.101770 0.937939
v 0.743089 -0.030640 0.938867
v 0.758694 0.127472 0.934169
v -0.745026 0.499000 0.939300
v -0.745072 0.582004 0.939100
v -0.764723 0.613595 0.933045
v 0.731363 0.700241 0.938042
v -0.705894 0.743198 0.932605
v -0.311253 0.774520 0.935522
v -0.485141 0.781370 0.933871
v -0.188710 0.786182 0.931405
v -0.093849 0.789563 0.930101
v -0.441682 0.778473 0.934779
v -0.168897 0.778384 0.934044
v 0.222373 -0.756730 0.935392
v -0.208490 -0.733283 0.941976
v -0.058271 -0.756680 0.935534
v 0.649170 -0.748961 0.937361
v -0.678553 -0.745056 0.936982
v -0.536585 -0.737162 0.940983
v -0.639242 -0.737245 0.940423
v 0.657042 -0.737264 0.939988
v 0.747117 -0.725609 0.931378
v 0.751021 -0.690371 0.935047
v 0.758771 -0.698218 0.932053
v -0.729496 -0.694279 0.939481
v 0.743164 -0.583997 0.939098
v -0.748915 -0.520749 0.938377
v 0.758689 -0.410070 0.934355
v -0.752829 -0.413989 0.936736
v -0.760609 -0.204533 0.934169
v 0.766489 -0.129438 0.931332
v -0.733266 -0.066197 0.941980
v -0.741130 0.111668 0.940007
v -0.760603 0.174909 0.934171
v -0.748248 0.222340 0.938065
v -0.761075 0.344816 0.934187
v 0.754926 0.633382 0.935171
v -0.729490 0.656908 0.940177
v -0.725568 0.664752 0.940456
v 0.719639 0.711992 0.939375
v -0.686209 0.739277 0.936538
v 0.735206 0.727671 0.933376
v -0.172938 0.778049 0.934157
v -0.168926 0.774544 0.935327
v -0.599618 0.778388 0.933472
v 0.680474 0.778420 0.931460
v -0.504905 0.759022 0.940109
v -0.327059 0.755046 0.940856
v -0.414017 0.762857 0.939088
v -0.133379 0.755038 0.940714
v -0.113616 0.778455 0.934155
v 0.202606 0.751233 0.941572
v 0.637325 0.770612 0.936679
v -0.176862 0.786224 0.931389
v -0.093837 0.758924 0.939790
v 0.321165 -0.748342 0.937913
v 0.388382 -0.721636 0.944114
v -0.694286 -0.741178 0.936678
v 0.704122 -0.721641 0.939946
v -0.678578 -0.737305 0.938874
v -0.717793 -0.713849 0.939108
v -0.706004 -0.674658 0.944992
v 0.739285 -0.639318 0.940175
v 0.743127 -0.532569 0.939400
v 0.723594 -0.489173 0.943917
v 0.743051 -0.437718 0.939254
v 0.719692 -0.184774 0.944339
v -0.737161 -0.172916 0.940938
v 0.731380 -0.165061 0.941843
v 0.723580 -0.105718 0.943585
v 0.739169 -0.062219 0.939925
v 0.758685 -0.030621 0.934172
v 0.731386 0.099764 0.941972
v 0.731391 0.155157 0.941970
v 0.723619 0.178854 0.943577
v -0.733351 0.420014 0.942262
v 0.731415 0.483157 0.941965
v -0.721648 0.526680 0.944355
v -0.709891 0.692296 0.940650
v -0.666625 0.731532 0.940275
v 0.672618 0.751141 0.939840
v -0.615372 0.755072 0.939189
v -0.603480 0.775105 0.934345
v -0.180800 0.766693 0.937694
v 0.633426 0.758961 0.939906
v -0.583850 0.758973 0.939629
v -0.303336 -0.721644 0.944295
v 0.459530 -0.721607 0.944030
v -0.666825 -0.694265 0.946508
v 0.720763 -0.686430 0.942083
v -0.732641 -0.639285 0.941800
v -0.717741 -0.572120 0.945016
v 0.735319 -0.489121 0.941467
v 0.711939 -0.410069 0.945675
v -0.741123 -0.295445 0.939977
v -0.721640 -0.188738 0.944235
v -0.713817 -0.121533 0.945616
v 0.723656 -0.054374 0.943570
v 0.735288 -0.062225 0.940973
v 0.731386 -0.030625 0.941841
v -0.717762 0.261872 0.945013
v 0.715864 0.115621 0.945010
v 0.719731 0.297439 0.944295
v 0.711936 0.396251 0.945673
v -0.729483 0.510877 0.942924
v 0.739270 0.653071 0.938945
v 0.723637 0.649091 0.942551
v -0.709960 0.656910 0.943423
v -0.654877 0.696303 0.946022
v 0.692238 0.704229 0.944707
v -0.690220 0.707995 0.941434
v -0.564195 0.739497 0.943830
v -0.607575 0.708149 0.947152
v -0.410067 0.743439 0.943276
v 0.589924 0.726867 0.945865
v -0.010835 0.735533 0.944532
v 0.024720 0.766069 0.938038
v 0.649081 0.762843 0.938673
v -0.196615 0.727736 0.945549
v -0.097817 0.743350 0.943044
v 0.589946 -0.706028 0.946212
v 0.617619 -0.709961 0.945728
v -0.465380 -0.725634 0.943585
v -0.220321 -0.706028 0.946698
v 0.340949 -0.702173 0.947052
v -0.508877 -0.698220 0.947393
v -0.141283 -0.698255 0.947474
v 0.680619 -0.713847 0.943374
v 0.159103 -0.709896 0.946044
v 0.099844 -0.698224 0.947477
v 0.653119 -0.694272 0.946975
v 0.491149 -0.698245 0.947232
v 0.676721 -0.682519 0.947109
v 0.684606 -0.662906 0.947710
v 0.715831 -0.623512 0.944833
v 0.727507 -0.520716 0.943245
v 0.688550 -0.528630 0.948195
v -0.721594 -0.461445 0.944426
v 0.704154 -0.441690 0.946754
v -0.694308 -0.441684 0.947960
v -0.713796 -0.319195 0.945619
v 0.688531 -0.279635 0.948220
v -0.698206 -0.157106 0.947540
v 0.688512 -0.125473 0.948198
v 0.696295 -0.050367 0.947514
v 0.676822 0.099815 0.948633
v 0.715812 0.159109 0.944944
v 0.711915 0.155151 0.945557
v 0.723637 0.167008 0.943574
v 0.704152 0.214435 0.946754
v 0.707988 0.317202 0.946222
v 0.692378 0.289545 0.947840
v -0.694308 0.451595 0.947899
v -0.713826 0.443684 0.945869
v 0.719700 0.522738 0.944057
v 0.688482 0.475315 0.948078
v 0.692407 0.538528 0.947655
v 0.719707 0.601776 0.943873
v -0.682616 0.558308 0.948336
v -0.706051 0.581990 0.946391
v -0.694298 0.621459 0.946807
v 0.684548 0.613655 0.948103
v 0.715842 0.645173 0.944013
v 0.653069 0.708207 0.947268
v 0.656988 0.731666 0.944462
v -0.188710 0.735568 0.944465
v -0.168922 0.723779 0.946097
v 0.637342 0.731659 0.944931
v -0.133383 0.704294 0.947954
v 0.329091 0.735589 0.944462
v 0.301423 0.716083 0.946925
v -0.465401 0.716061 0.946970
v -0.287527 0.719977 0.946566
v -0.382397 0.723832 0.946212
v 0.475341 0.739517 0.944040
v -0.441676 -0.702167 0.947113
v -0.449587 -0.670917 0.948796
v -0.259836 -0.674832 0.948692
v 0.044498 -0.678754 0.948615
v 0.546489 -0.655106 0.948811
v 0.238180 -0.678746 0.948633
v -0.595836 -0.682647 0.948395
v 0.080075 -0.663031 0.948811
v -0.141278 -0.659058 0.948857
v 0.103774 -0.655098 0.948857
v -0.437729 -0.655106 0.948857
v -0.690378 -0.639249 0.947747
v 0.143315 -0.631413 0.948857
v 0.680672 -0.662886 0.947921
v -0.070129 -0.615603 0.948871
v 0.692413 -0.639274 0.947533
v -0.354725 -0.639314 0.948857
v -0.018745 -0.647223 0.948857
v -0.038517 -0.647219 0.948857
v 0.103789 -0.647223 0.948857
v 0.127505 -0.639318 0.948857
v 0.510915 -0.599793 0.948871
v 0.317233 -0.635366 0.948857
v 0.593921 -0.639318 0.948857
v 0.566252 -0.643271 0.948857
v 0.068214 -0.639318 0.948857
v 0.167031 -0.639318 0.948857
v -0.014792 -0.631413 0.948857
v 0.329091 -0.603745 0.948857
v 0.684624 -0.587935 0.948255
v 0.016830 -0.619555 0.948857
v 0.068214 -0.603745 0.948857
v 0.107741 -0.599793 0.948857
v 0.032640 -0.595840 0.948857
v -0.014792 -0.595840 0.948857
v -0.682627 -0.548409 0.948496
v 0.032640 -0.583982 0.948857
v 0.068214 -0.560267 0.948857
v 0.384438 -0.536556 0.948871
v 0.538584 -0.583982 0.948857
v 0.589968 -0.560267 0.948857
v 0.127505 -0.556314 0.948857
v 0.554394 -0.552362 0.948857
v 0.210511 -0.520741 0.948857
v -0.014792 -0.544457 0.948857
v -0.078035 -0.540504 0.948857
v -0.078035 -0.536552 0.948857
v 0.127505 -0.532599 0.948857
v 0.214464 -0.473311 0.948857
v 0.645306 -0.469358 0.948857
v 0.139363 -0.508884 0.948857
v 0.016830 -0.516789 0.948857
v 0.143315 -0.516789 0.948857
v 0.210511 -0.504931 0.948857
v 0.336997 -0.508884 0.948857
v 0.601827 -0.477263 0.948857
v 0.016830 -0.512836 0.948857
v -0.647221 -0.516789 0.948871
v 0.068214 -0.504931 0.948857
v -0.078035 -0.485168 0.948857
v 0.068214 -0.500979 0.948857
v 0.139363 -0.493073 0.948857
v -0.682678 -0.445643 0.948573
v -0.216379 -0.453548 0.948871
v 0.210511 -0.485168 0.948857
v 0.605779 -0.481216 0.948857
v -0.176852 -0.500979 0.948857
v -0.078035 -0.481216 0.948857
v 0.317233 -0.473311 0.948857
v 0.483246 -0.481216 0.948857
v -0.014792 -0.477263 0.948857
v 0.127505 -0.485168 0.948857
v 0.510915 -0.469358 0.948857
v -0.074082 -0.465405 0.948857
v 0.127505 -0.473311 0.948857
v 0.336997 -0.461453 0.948857
v 0.016830 -0.469358 0.948857
v 0.605779 -0.461453 0.948857
v 0.016830 -0.465405 0.948857
v 0.139363 -0.465405 0.948857
v 0.230274 -0.461453 0.948857
v 0.127505 -0.449595 0.948857
v 0.253990 -0.449595 0.948857
v 0.495104 -0.461453 0.948857
v -0.236142 -0.437737 0.948857
v 0.222367 -0.453550 0.948857
v 0.483246 -0.453548 0.948857
v 0.601827 -0.453548 0.948857
v 0.139363 -0.441690 0.948857
v 0.277707 -0.433785 0.948857
v 0.483246 -0.441690 0.948857
v 0.688517 -0.445648 0.948137
v -0.074082 -0.441690 0.948857
v 0.178890 -0.433785 0.948857
v 0.253990 -0.433785 0.948857
v 0.617637 -0.429832 0.948857
v 0.680763 -0.378449 0.948513
v -0.299385 -0.417975 0.948857
v -0.686570 -0.417976 0.948435
v -0.137325 -0.433785 0.948857
v 0.384429 -0.433785 0.948857
v 0.601827 -0.421927 0.948857
v 0.645306 -0.414022 0.948857
v -0.176852 -0.417975 0.948857
v -0.074082 -0.425880 0.948857
v 0.269801 -0.417975 0.948857
v 0.459530 -0.429832 0.948857
v 0.495104 -0.417975 0.948857
v -0.248000 -0.410070 0.948857
v 0.633448 -0.414022 0.948857
v 0.372571 -0.402164 0.948871
v -0.248000 -0.394259 0.948857
v 0.032640 -0.414022 0.948857
v 0.483246 -0.410070 0.948857
v 0.253990 -0.398212 0.948857
v 0.250038 -0.410070 0.948857
v -0.686581 -0.319180 0.948435
v -0.327054 -0.386354 0.948857
v 0.617637 -0.398212 0.948857
v 0.253990 -0.374497 0.948857
v 0.352808 -0.366591 0.948857
v 0.637401 -0.386354 0.948857
v 0.483246 -0.390307 0.948857
v 0.301423 -0.386354 0.948857
v 0.526726 -0.378449 0.948857
v 0.534631 -0.382402 0.948857
v 0.483246 -0.374497 0.948857
v -0.497019 -0.350781 0.948857
v 0.412098 -0.374497 0.948857
v 0.586016 -0.374497 0.948857
v 0.368618 -0.358686 0.948857
v 0.522773 -0.370544 0.948857
v -0.481208 -0.370544 0.948857
v -0.532593 -0.334971 0.948857
v -0.508877 -0.311256 0.948857
v 0.253990 -0.350781 0.948857
v 0.530678 -0.346829 0.948857
v -0.477256 -0.350781 0.948857
v -0.074082 -0.350781 0.948857
v 0.633448 -0.346829 0.948857
v -0.078035 -0.338923 0.948857
v -0.327054 -0.319161 0.948857
v 0.372571 -0.319161 0.948857
v 0.586016 -0.327066 0.948857
v 0.613685 -0.323113 0.948857
v -0.137325 -0.327066 0.948857
v -0.437729 -0.291493 0.948857
v 0.510915 -0.311256 0.948857
v 0.483246 -0.303350 0.948857
v -0.327054 -0.307303 0.948857
v -0.216379 -0.307303 0.948857
v -0.255905 -0.323113 0.948857
v -0.663009 -0.291478 0.948811
v -0.698235 -0.303350 0.947537
v -0.398202 -0.303350 0.948857
v -0.248000 -0.303350 0.948857
v 0.514867 -0.303350 0.948857
v -0.666982 -0.263822 0.948811
v -0.078035 -0.291493 0.948857
v 0.372571 -0.279635 0.948857
v -0.548404 -0.291493 0.948857
v -0.248000 -0.291493 0.948857
v 0.368618 -0.291493 0.948857
v -0.176852 -0.275683 0.948857
v 0.483246 -0.283588 0.948857
v -0.516782 -0.279635 0.948857
v -0.437729 -0.283588 0.948857
v 0.653211 -0.248015 0.948857
v 0.554394 -0.275683 0.948857
v -0.508877 -0.236157 0.948857
v -0.461445 -0.275683 0.948857
v -0.319148 -0.271730 0.948857
v 0.483246 -0.271730 0.948857
v 0.483246 -0.255920 0.948857
v -0.358675 -0.259872 0.948857
v -0.315196 -0.263825 0.948857
v -0.417965 -0.228252 0.948857
v -0.196615 -0.255920 0.948857
v 0.586016 -0.259872 0.948857
v -0.208473 -0.240109 0.948857
v -0.078035 -0.255920 0.948857
v 0.554394 -0.248015 0.948857
v -0.196615 -0.248015 0.948857
v 0.178890 -0.248015 0.948857
v -0.291480 -0.248015 0.948857
v 0.016830 -0.244062 0.948857
v -0.248000 -0.196631 0.948857
v 0.250038 -0.240109 0.948857
v 0.459530 -0.236157 0.948857
v 0.368618 -0.248015 0.948857
v 0.570205 -0.244062 0.948857
v 0.625543 -0.224299 0.948857
v 0.368618 -0.240109 0.948857
v 0.586016 -0.240109 0.948857
v -0.078035 -0.236157 0.948857
v 0.368618 -0.212442 0.948857
v 0.518820 -0.236157 0.948857
v 0.368618 -0.232204 0.948857
v 0.601827 -0.224299 0.948857
v -0.078035 -0.212442 0.948857
v -0.406107 -0.208489 0.948857
v -0.196615 -0.224299 0.948857
v 0.372571 -0.224299 0.948857
v 0.510915 -0.224299 0.948857
v 0.653211 -0.204536 0.948857
v 0.368618 -0.220347 0.948857
v 0.483246 -0.220347 0.948857
v -0.524690 -0.192681 0.948857
v -0.105704 -0.204536 0.948857
v 0.483246 -0.208489 0.948857
v -0.303338 -0.200584 0.948857
v -0.153136 -0.212442 0.948857
v -0.105704 -0.165011 0.948857
v -0.196615 -0.200584 0.948857
v -0.133372 -0.196631 0.948857
v -0.014792 -0.196631 0.948857
v 0.483246 -0.196631 0.948857
v 0.633448 -0.161058 0.948871
v -0.248000 -0.188726 0.948857
v 0.510915 -0.184774 0.948857
v -0.224284 -0.145248 0.948857
v 0.139363 -0.184774 0.948857
v -0.248000 -0.176868 0.948857
v -0.137325 -0.161058 0.948857
v 0.495104 -0.168963 0.948857
v 0.321186 -0.165011 0.948857
v -0.255905 -0.153153 0.948857
v -0.512830 -0.145248 0.948871
v 0.526726 -0.157106 0.948857
v 0.396287 -0.153153 0.948857
v -0.014792 -0.153153 0.948857
v 0.459530 -0.141295 0.948857
v 0.068214 -0.141295 0.948857
v 0.396287 -0.149201 0.948857
v -0.014792 -0.145248 0.948857
v -0.248000 -0.141295 0.948857
v 0.253990 -0.141295 0.948857
v -0.686590 -0.145257 0.948395
v -0.263811 -0.129438 0.948857
v 0.016830 -0.137343 0.948857
v 0.281659 -0.129438 0.948857
v -0.497019 -0.121533 0.948857
v 0.016830 -0.125485 0.948857
v -0.161041 -0.133390 0.948857
v 0.107741 -0.133390 0.948857
v 0.091931 -0.113628 0.948857
v 0.412098 -0.121533 0.948857
v 0.139363 -0.121533 0.948857
v -0.141278 -0.121533 0.948857
v -0.133372 -0.125485 0.948857
v 0.321186 -0.117580 0.948857
v -0.497019 -0.097817 0.948857
v 0.107741 -0.101770 0.948857
v 0.510915 -0.113628 0.948857
v -0.666932 -0.066197 0.948811
v -0.164994 -0.105722 0.948857
v -0.674793 -0.026686 0.948737
v 0.016830 -0.097817 0.948857
v 0.412098 -0.093865 0.948857
v 0.439767 -0.105722 0.948857
v 0.625543 -0.070149 0.948857
v 0.321186 -0.105722 0.948857
v 0.253990 -0.097817 0.948857
v 0.510915 -0.105722 0.948857
v -0.556309 -0.089912 0.948857
v -0.149183 -0.089912 0.948857
v 0.340949 -0.101770 0.948857
v -0.548404 -0.097817 0.948857
v -0.014792 -0.089912 0.948857
v 0.210509 -0.101772 0.948857
v 0.139363 -0.093865 0.948857
v 0.250038 -0.089912 0.948857
v 0.250038 -0.085960 0.948857
v 0.396287 -0.070149 0.948857
v 0.147268 -0.089912 0.948857
v 0.321186 -0.038529 0.948857
v -0.014792 -0.074102 0.948857
v 0.297470 -0.018766 0.948857
v -0.153136 -0.074102 0.948857
v -0.074082 -0.078054 0.948857
v 0.155173 -0.050387 0.948857
v 0.250038 -0.050387 0.948857
v 0.427909 -0.074102 0.948857
v 0.518820 -0.062244 0.948857
v -0.133372 -0.050387 0.948857
v -0.078035 -0.070149 0.948857
v -0.014792 -0.070149 0.948857
v 0.032640 -0.062244 0.948857
v 0.483246 -0.030624 0.948857
v -0.713826 0.008902 0.945618
v 0.016830 -0.058292 0.948857
v -0.176852 -0.054339 0.948857
v 0.684680 0.024739 0.948335
v 0.143315 -0.046434 0.948857
v 0.483246 -0.034576 0.948857
v -0.196615 -0.022719 0.948857
v -0.164994 -0.058292 0.948857
v 0.253990 -0.034576 0.948857
v -0.196615 -0.038529 0.948857
v 0.127505 -0.034576 0.948857
v 0.139363 -0.038529 0.948857
v -0.117562 -0.022719 0.948857
v -0.078035 -0.038529 0.948857
v -0.014792 -0.034576 0.948857
v 0.459530 -0.026671 0.948857
v -0.010839 -0.022719 0.948857
v 0.127505 -0.030624 0.948857
v 0.526732 -0.002963 0.948857
v 0.016834 -0.010856 0.948871
v 0.032640 -0.018766 0.948857
v -0.694318 0.000993 0.947899
v -0.089893 -0.026671 0.948857
v -0.089893 -0.022719 0.948857
v 0.107741 -0.022719 0.948857
v 0.182842 -0.014814 0.948857
v -0.014792 -0.018766 0.948857
v 0.151221 -0.010861 0.948857
v 0.321186 -0.014814 0.948857
v 0.459530 -0.010861 0.948857
v 0.012882 -0.006904 0.948871
v 0.032634 0.016807 0.948871
v 0.522773 0.000997 0.948857
v -0.180804 0.004949 0.948857
v 0.068214 -0.002956 0.948857
v 0.253990 -0.002956 0.948857
v -0.176852 0.000997 0.948857
v -0.006886 0.000997 0.948857
v 0.127505 0.000997 0.948857
v 0.250038 0.000997 0.948857
v 0.360713 0.024712 0.948857
v 0.510915 0.000997 0.948857
v -0.070129 0.000997 0.948857
v 0.052404 0.016807 0.948857
v 0.483246 0.004949 0.948857
v -0.678737 0.044482 0.948676
v 0.538584 0.028665 0.948857
v 0.715837 0.052364 0.944954
v -0.074082 0.016807 0.948857
v 0.483246 0.016807 0.948857
v -0.078035 0.020760 0.948857
v 0.127505 0.012854 0.948857
v 0.281659 0.012854 0.948857
v 0.004972 0.024712 0.948857
v 0.253990 0.028665 0.948857
v 0.222369 0.052380 0.948857
v 0.210511 0.020760 0.948857
v 0.483246 0.024712 0.948857
v 0.052404 0.036570 0.948857
v 0.459530 0.036570 0.948857
v -0.109656 0.032617 0.948857
v 0.253990 0.036570 0.948857
v 0.269801 0.052380 0.948857
v 0.451627 0.056335 0.948857
v 0.696347 0.040516 0.947474
v -0.078035 0.040522 0.948857
v 0.348850 0.060287 0.948857
v 0.483246 0.040522 0.948857
v -0.070129 0.052380 0.948857
v 0.016830 0.048428 0.948857
v 0.510915 0.048428 0.948857
v -0.074082 0.080048 0.948857
v 0.127505 0.048428 0.948857
v 0.016830 0.052380 0.948857
v 0.127505 0.056333 0.948857
v 0.269801 0.064238 0.948857
v -0.706038 0.064238 0.946758
v 0.016830 0.060285 0.948857
v -0.686617 0.095872 0.948373
v -0.109656 0.064238 0.948857
v 0.016830 0.064238 0.948857
v 0.107741 0.068190 0.948857
v 0.483246 0.107716 0.948857
v 0.016830 0.072143 0.948857
v 0.127505 0.076095 0.948857
v 0.657164 0.084001 0.948857
v 0.253990 0.087953 0.948857
v 0.510915 0.076095 0.948857
v -0.074082 0.107716 0.948857
v 0.111694 0.084001 0.948857
v -0.006889 0.087958 0.948857
v 0.036593 0.091906 0.948857
v 0.250038 0.091906 0.948857
v 0.617637 0.091906 0.948857
v 0.250038 0.095858 0.948857
v 0.443719 0.119574 0.948857
v 0.072167 0.099811 0.948857
v -0.666937 0.131419 0.948796
v 0.159122 0.103766 0.948857
v 0.178890 0.119574 0.948857
v -0.014792 0.107716 0.948857
v 0.127505 0.123526 0.948857
v 0.285612 0.119574 0.948857
v 0.621590 0.119574 0.948857
v -0.078035 0.111668 0.948857
v 0.317233 0.139336 0.948857
v 0.696334 0.115621 0.947510
v 0.107741 0.163052 0.948857
v 0.143315 0.123526 0.948857
v 0.360713 0.111668 0.948871
v 0.127505 0.127479 0.948857
v 0.242133 0.139336 0.948857
v -0.078035 0.127479 0.948857
v -0.034555 0.131431 0.948857
v 0.459530 0.127479 0.948857
v 0.510915 0.131431 0.948857
v 0.625543 0.139336 0.948857
v 0.676801 0.127493 0.948677
v -0.686563 0.214442 0.948314
v 0.139363 0.135384 0.948857
v 0.372571 0.139336 0.948857
v 0.510915 0.135384 0.948857
v 0.483246 0.143289 0.948857
v -0.014792 0.143289 0.948857
v 0.210511 0.163052 0.948857
v 0.356760 0.139336 0.948857
v 0.376524 0.159099 0.948857
v -0.014792 0.147241 0.948857
v 0.107741 0.151194 0.948857
v 0.297465 0.151189 0.948857
v 0.483246 0.147241 0.948857
v 0.495104 0.151194 0.948857
v -0.137325 0.155147 0.948857
v 0.155173 0.167004 0.948857
v 0.348859 0.167009 0.948857
v 0.368618 0.194672 0.948857
v 0.483246 0.159099 0.948857
v -0.137325 0.163052 0.948857
v -0.014792 0.167004 0.948857
v 0.605779 0.167004 0.948857
v 0.115647 0.167004 0.948857
v 0.119599 0.170957 0.948857
v 0.123552 0.167004 0.948857
v 0.127505 0.167004 0.948857
v 0.253990 0.182815 0.948857
v 0.495104 0.167004 0.948857
v -0.137325 0.170957 0.948857
v -0.034555 0.170957 0.948857
v 0.483246 0.170957 0.948857
v 0.443719 0.167004 0.948857
v -0.133372 0.182815 0.948857
v -0.465398 0.182815 0.948857
v -0.018745 0.190720 0.948857
v 0.269801 0.178862 0.948857
v 0.495104 0.178862 0.948857
v 0.649259 0.178862 0.948857
v 0.226322 0.222340 0.948857
v 0.016830 0.198625 0.948857
v 0.637401 0.210483 0.948857
v -0.469350 0.198625 0.948857
v -0.058271 0.194672 0.948857
v 0.250038 0.186767 0.948857
v -0.137325 0.202577 0.948857
v 0.250038 0.198625 0.948857
v -0.137325 0.194672 0.948857
v 0.016830 0.210483 0.948857
v -0.050366 0.214442 0.948871
v -0.469350 0.206530 0.948857
v 0.250038 0.206530 0.948857
v 0.601827 0.198625 0.948857
v -0.497019 0.218388 0.948857
v -0.295432 0.261866 0.948857
v -0.105704 0.210483 0.948857
v -0.137325 0.218388 0.948857
v -0.295432 0.218388 0.948857
v -0.457492 0.253961 0.948857
v -0.686572 0.250008 0.948375
v -0.469350 0.230245 0.948857
v -0.176852 0.226293 0.948857
v -0.113609 0.253967 0.948857
v 0.008924 0.242103 0.948857
v -0.504924 0.230245 0.948857
v -0.453540 0.238150 0.948857
v -0.299385 0.234198 0.948857
v 0.198653 0.289534 0.948857
v 0.253990 0.250008 0.948857
v 0.250038 0.269771 0.948857
v 0.483246 0.250008 0.948857
v 0.605779 0.261866 0.948857
v -0.232189 0.253961 0.948857
v 0.447674 0.257909 0.948857
v -0.319148 0.261866 0.948857
v 0.570205 0.265818 0.948857
v 0.593921 0.269771 0.948857
v -0.220331 0.257913 0.948857
v 0.368618 0.261866 0.948857
v 0.510915 0.277676 0.948857
v 0.605779 0.265818 0.948857
v -0.275669 0.305344 0.948857
v -0.255905 0.269771 0.948857
v -0.006886 0.285581 0.948857
v 0.016830 0.273723 0.948857
v 0.562300 0.269771 0.948857
v -0.327054 0.293486 0.948857
v 0.016830 0.281629 0.948857
v 0.645306 0.305344 0.948857
v -0.267763 0.289534 0.948857
v 0.253990 0.281629 0.948857
v -0.058271 0.301391 0.948857
v 0.036593 0.297439 0.948857
v 0.253990 0.293486 0.948857
v 0.495104 0.289534 0.948857
v -0.303338 0.309296 0.948857
v -0.074084 0.305342 0.948857
v 0.194700 0.305344 0.948857
v 0.368618 0.301391 0.948857
v 0.586016 0.305344 0.948857
v -0.425871 0.293486 0.948857
v -0.366585 0.309299 0.948871
v 0.261896 0.301391 0.948857
v -0.465400 0.305342 0.948857
v 0.459530 0.305344 0.948857
v -0.299385 0.321154 0.948857
v -0.228237 0.309296 0.948857
v 0.099836 0.317202 0.948857
v 0.321186 0.305344 0.948857
v 0.692417 0.309302 0.947837
v 0.483246 0.313249 0.948857
v -0.457492 0.317202 0.948857
v 0.281659 0.313249 0.948857
v -0.481208 0.321154 0.948857
v -0.410060 0.317202 0.948857
v -0.255905 0.321154 0.948857
v -0.137325 0.333012 0.948857
v 0.052404 0.329059 0.948857
v 0.617637 0.325107 0.948857
v -0.603741 0.340917 0.948857
v -0.327054 0.325107 0.948857
v 0.182842 0.329059 0.948857
v 0.186795 0.333012 0.948857
v 0.396287 0.325107 0.948857
v 0.684645 0.336956 0.948337
v -0.255905 0.325107 0.948857
v -0.481208 0.329059 0.948857
v -0.248000 0.344870 0.948857
v -0.461445 0.344870 0.948857
v -0.070129 0.348822 0.948857
v 0.139363 0.333012 0.948857
v 0.182838 0.340919 0.948857
v 0.396287 0.333012 0.948857
v -0.137325 0.336964 0.948857
v 0.637401 0.348822 0.948857
v -0.386344 0.368585 0.948857
v -0.469350 0.348822 0.948857
v -0.319148 0.348822 0.948857
v 0.692433 0.376480 0.947835
v -0.469350 0.352775 0.948857
v 0.107741 0.348822 0.948857
v -0.548404 0.364632 0.948871
v 0.087978 0.360680 0.948857
v -0.255905 0.360680 0.948857
v 0.637401 0.372537 0.948857
v 0.605779 0.364632 0.948857
v -0.469350 0.360680 0.948857
v -0.137325 0.360680 0.948857
v -0.066177 0.396253 0.948857
v 0.036593 0.376490 0.948857
v -0.607694 0.384395 0.948857
v -0.196615 0.364632 0.948857
v 0.139363 0.372537 0.948857
v -0.437729 0.392300 0.948857
v -0.504924 0.372537 0.948857
v -0.137325 0.372537 0.948857
v -0.666955 0.408111 0.948857
v -0.508877 0.376490 0.948857
v 0.016830 0.396253 0.948857
v 0.139363 0.376490 0.948857
v 0.645306 0.400205 0.948857
v -0.469350 0.380443 0.948857
v -0.248000 0.380443 0.948857
v 0.032640 0.384395 0.948857
v 0.155173 0.380443 0.948857
v 0.253990 0.384395 0.948857
v 0.605779 0.392300 0.948857
v 0.253990 0.404158 0.948857
v 0.688540 0.447628 0.948074
v -0.516782 0.408111 0.948857
v -0.429823 0.423921 0.948857
v -0.583978 0.392300 0.948857
v -0.196615 0.404158 0.948857
v -0.070129 0.408111 0.948857
v 0.016830 0.404158 0.948857
v -0.572120 0.408111 0.948857
v -0.378439 0.408111 0.948857
v -0.014792 0.412063 0.948857
v 0.617637 0.404158 0.948857
v -0.445634 0.400205 0.948857
v -0.378439 0.412063 0.948857
v -0.248000 0.412063 0.948857
v 0.253990 0.416016 0.948857
v -0.655119 0.459487 0.948871
v -0.532593 0.416016 0.948857
v -0.255905 0.416016 0.948857
v -0.014792 0.416016 0.948857
v -0.378439 0.419968 0.948857
v -0.137325 0.423921 0.948857
v -0.038508 0.423921 0.948857
v 0.107741 0.423921 0.948857
v -0.417965 0.431826 0.948857
v -0.374486 0.443684 0.948857
v -0.327054 0.427873 0.948857
v 0.253990 0.423921 0.948857
v 0.617637 0.423921 0.948857
v 0.649259 0.427873 0.948857
v -0.607696 0.447641 0.948871
v -0.074082 0.431826 0.948857
v 0.139363 0.431826 0.948857
v -0.255905 0.431826 0.948857
v 0.321186 0.431826 0.948857
v 0.637401 0.431826 0.948857
v -0.414020 0.495067 0.948871
v -0.255905 0.439731 0.948857
v -0.137325 0.439731 0.948857
v 0.016830 0.435778 0.948857
v 0.032640 0.447636 0.948857
v 0.459530 0.439731 0.948857
v 0.617637 0.447636 0.948857
v -0.255905 0.443684 0.948857
v -0.161041 0.479257 0.948857
v -0.137325 0.443684 0.948857
v 0.032640 0.455541 0.948857
v -0.556309 0.459494 0.948857
v -0.374486 0.447636 0.948857
v 0.269801 0.447636 0.948857
v -0.196615 0.471351 0.948857
v 0.127505 0.455541 0.948857
v 0.459530 0.459494 0.948857
v -0.307290 0.463446 0.948857
v -0.137325 0.459494 0.948857
v 0.605779 0.455541 0.948857
v -0.370533 0.459494 0.948857
v 0.321186 0.459494 0.948857
v 0.637401 0.471351 0.948857
v -0.137325 0.463446 0.948857
v -0.034555 0.463446 0.948857
v 0.139363 0.463446 0.948857
v 0.459530 0.471351 0.948857
v -0.192663 0.483209 0.948857
v 0.530678 0.467399 0.948857
v 0.676786 0.506922 0.948556
v 0.554394 0.471351 0.948857
v -0.327054 0.479257 0.948857
v 0.147268 0.479257 0.948857
v 0.368618 0.479257 0.948857
v -0.568167 0.483209 0.948857
v -0.576073 0.491114 0.948857
v -0.034555 0.483209 0.948857
v 0.336997 0.491114 0.948857
v -0.168944 0.502974 0.948857
v -0.117562 0.491114 0.948857
v -0.105704 0.542498 0.948857
v 0.368618 0.483209 0.948857
v 0.483246 0.495067 0.948857
v -0.327054 0.491114 0.948857
v 0.605779 0.487162 0.948857
v -0.528641 0.499019 0.948857
v -0.192663 0.487162 0.948857
v 0.143315 0.502972 0.948857
v -0.196615 0.499019 0.948857
v -0.093846 0.499019 0.948857
v 0.281662 0.530642 0.948871
v 0.186795 0.495067 0.948857
v -0.591883 0.499019 0.948871
v -0.378439 0.499019 0.948857
v 0.273754 0.502972 0.948857
v 0.352808 0.499019 0.948857
v 0.495104 0.502972 0.948857
v -0.548404 0.570166 0.948857
v -0.398202 0.506925 0.948857
v -0.038508 0.491114 0.948857
v -0.548411 0.534593 0.948871
v -0.465398 0.542498 0.948857
v -0.386344 0.518782 0.948857
v 0.250038 0.506925 0.948857
v -0.457492 0.514830 0.948857
v 0.443719 0.510877 0.948857
v 0.372571 0.510877 0.948857
v 0.483246 0.510877 0.948857
v -0.437729 0.522735 0.948857
v -0.473303 0.574111 0.948871
v -0.216379 0.522735 0.948857
v 0.412098 0.546450 0.948857
v -0.327054 0.526687 0.948857
v -0.437729 0.542498 0.948857
v -0.327054 0.538545 0.948857
v -0.287527 0.538545 0.948857
v -0.192658 0.542502 0.948871
v 0.412098 0.530640 0.948857
v 0.649251 0.578063 0.948857
v -0.643268 0.542498 0.948857
v -0.378439 0.554355 0.948857
v 0.483246 0.538545 0.948857
v -0.524688 0.550403 0.948857
v -0.386344 0.582023 0.948857
v -0.327054 0.542498 0.948857
v -0.109656 0.554355 0.948857
v 0.483246 0.550403 0.948857
v -0.342864 0.554355 0.948857
v -0.299385 0.550403 0.948857
v 0.443719 0.578071 0.948857
v -0.421918 0.554355 0.948857
v 0.641353 0.605739 0.948857
v -0.327054 0.574118 0.948871
v -0.631410 0.585976 0.948857
v -0.666942 0.578054 0.948736
v -0.615604 0.574113 0.948857
v -0.532593 0.574118 0.948857
v -0.583978 0.574118 0.948857
v -0.327054 0.609691 0.948857
v 0.273754 0.625501 0.948871
v 0.443719 0.601786 0.948857
v -0.627458 0.597834 0.948857
v -0.548404 0.589928 0.948857
v 0.412098 0.601786 0.948857
v -0.398202 0.609691 0.948857
v -0.548404 0.613644 0.948857
v -0.615600 0.613644 0.948857
v -0.394252 0.665025 0.948811
v -0.374486 0.621549 0.948857
v 0.427909 0.617596 0.948857
v 0.664961 0.672862 0.948394
v -0.504924 0.621549 0.948857
v -0.627354 0.688550 0.947829
v -0.603741 0.621549 0.948857
v -0.516782 0.641312 0.948857
v -0.390299 0.633404 0.948857
v 0.372571 0.633407 0.948857
v -0.603729 0.664980 0.948751
v -0.307290 0.633407 0.948857
v 0.277707 0.641312 0.948857
v -0.085940 0.641305 0.948857
v 0.617639 0.653165 0.948857
v -0.599789 0.633407 0.948857
v -0.587931 0.637359 0.948857
v -0.504924 0.641312 0.948857
v 0.443719 0.637359 0.948857
v -0.311243 0.641312 0.948857
v 0.396287 0.637359 0.948857
v 0.506962 0.668972 0.948811
v -0.303338 0.641312 0.948857
v -0.212426 0.696548 0.948311
v 0.285625 0.692569 0.948373
v -0.014792 0.645257 0.948871
v -0.046413 0.649210 0.948857
v -0.038508 0.649210 0.948857
v 0.368613 0.676836 0.948736
v -0.504924 0.684730 0.948675
v -0.433776 0.653169 0.948857
v -0.030603 0.700421 0.948131
v 0.463499 0.704285 0.948015
v 0.084025 0.700421 0.948192
v 0.562293 0.688676 0.948614
v 0.609726 0.716068 0.947048
v -0.374491 0.712110 0.947413
v 0.095883 0.716054 0.946927
v 0.475327 0.716060 0.947048
vn -0.0042 -0.2257 -0.9742
vn -0.0079 -0.0969 -0.9953
vn 0.0031 -0.1630 -0.9866
vn 0.0003 -0.1892 -0.9819
vn -0.0006 -0.0985 -0.9951
vn 0.0008 -0.1082 -0.9941
vn -0.0049 -0.1754 -0.9845
vn -0.0018 -0.0306 -0.9995
vn -0.0001 -0.0404 -0.9992
vn -0.0289 -0.0956 -0.9950
vn -0.0024 -0.0482 -0.9988
vn -0.0064 -0.1435 -0.9896
vn -0.0003 -0.1139 -0.9935
vn -0.0003 -0.0420 -0.9991
vn -0.0003 -0.1579 -0.9875
vn 0.0135 -0.1047 -0.9944
vn 0.0393 -0.1811 -0.9827
vn 0.0683 -0.0887 -0.9937
vn -0.1361 -0.0641 -0.9886
vn -0.0417 -0.0486 -0.9979
vn 0.0454 -0.0147 -0.9989
vn -0.3763 0.0448 -0.9254
vn -0.1205 -0.0206 -0.9925
vn 0.0677 -0.0601 -0.9959
vn -0.0001 -0.0004 -1.0000
vn -0.3890 0.1784 -0.9038
vn 0.0076 0.9999 -0.0082
vn 0.1323 -0.0551 -0.9897
vn -0.0000 -0.0002 -1.0000
vn 0.1057 -0.0095 -0.9944
vn -0.0278 0.0001 -0.9996
vn 0.0404 -0.0006 -0.9992
vn 0.0010 -0.0002 -1.0000
vn -0.1171 -0.0003 -0.9931
vn 0.1251 -0.0514 -0.9908
vn -0.0003 0.0002 -1.0000
vn -0.0000 0.0001 -1.0000
vn 0.0627 -0.0001 -0.9980
vn -0.1228 0.0001 -0.9924
vn 0.0004 0.0005 -1.0000
vn -0.1228 -0.0004 -0.9924
vn -0.1987 0.0003 -0.9801
vn 0.0182 0.0047 -0.9998
vn 0.1871 -0.0700 -0.9799
vn -0.0432 0.0007 -0.9991
vn 0.1479 -0.0712 -0.9864
vn -0.0000 0.0172 -0.9999
vn -0.2178 -0.0000 -0.9760
vn -0.1182 0.0020 -0.9930
vn 0.0454 0.0799 -0.9958
vn 0.2089 -0.0258 -0.9776
vn 0.2347 -0.0134 -0.9720
vn 0.0143 0.0536 -0.9985
vn -0.0476 0.0355 -0.9982
vn -0.0019 0.0554 -0.9985
vn -0.1351 0.0349 -0.9902
vn 0.0915 0.0539 -0.9943
vn 0.0002 0.0768 -0.9970
vn 0.0034 0.1116 -0.9937
vn -0.0304 0.1521 -0.9879
vn -0.0003 0.0946 -0.9955
vn -0.0983 0.0953 -0.9906
vn -0.0002 0.1322 -0.9912
vn 0.0363 0.1217 -0.9919
vn 0.0056 0.1511 -0.9885
vn 0.0018 0.1727 -0.9850
vn -0.0009 0.2040 -0.9790
vn 0.0003 0.1482 -0.9890
vn -0.0001 0.1672 -0.9859
vn 0.0074 -0.2328 -0.9725
vn -0.0314 -0.2452 -0.9690
vn -0.0069 -0.2317 -0.9728
vn 0.0010 -0.2097 -0.9778
vn 0.0005 -0.2992 -0.9542
vn -0.0017 -0.2310 -0.9730
vn -0.0039 -0.3108 -0.9505
vn -0.0576 -0.1558 -0.9861
vn 0.0949 -0.2396 -0.9662
vn 0.1035 -0.1523 -0.9829
vn 0.1324 -0.1461 -0.9804
vn 0.1658 -0.1101 -0.9800
vn -0.1795 -0.1158 -0.9769
vn 0.2094 -0.0236 -0.9775
vn -0.2424 -0.0333 -0.9696
vn 0.1967 -0.0349 -0.9798
vn 0.2211 -0.0098 -0.9752
vn 0.2954 0.0013 -0.9554
vn -0.2469 -0.0008 -0.9690
vn -0.1848 -0.0003 -0.9828
vn 0.2514 -0.0012 -0.9679
vn 0.2186 -0.0002 -0.9758
vn -0.2745 0.0003 -0.9616
vn -0.1996 -0.0004 -0.9799
vn -0.2928 0.0001 -0.9562
vn 0.2974 -0.0011 -0.9547
vn -0.2055 0.0218 -0.9784
vn -0.1841 0.1034 -0.9775
vn 0.1934 0.0507 -0.9798
vn 0.1023 0.1582 -0.9821
vn -0.1102 0.1772 -0.9780
vn 0.0382 0.1973 -0.9796
vn 0.0020 0.2297 -0.9733
vn -0.0006 0.2141 -0.9768
vn 0.0036 0.2205 -0.9754
vn 0.0051 0.1923 -0.9813
vn -0.0680 0.2518 -0.9654
vn 0.0007 0.2391 -0.9710
vn -0.0260 0.2564 -0.9662
vn -0.0000 0.3021 -0.9533
vn 0.0087 -0.3558 -0.9345
vn -0.0016 -0.3298 -0.9440
vn -0.0000 -0.2805 -0.9599
vn 0.0001 -0.2893 -0.9572
vn 0.0452 -0.2833 -0.9580
vn 0.0001 -0.3233 -0.9463
vn -0.1025 -0.2058 -0.9732
vn 0.1192 -0.2294 -0.9660
vn 0.2512 -0.1374 -0.9581
vn 0.2516 -0.0712 -0.9652
vn 0.2976 -0.0192 -0.9545
vn 0.2745 -0.0030 -0.9616
vn -0.3123 0.0022 -0.9500
vn 0.3818 -0.0004 -0.9242
vn 0.3167 0.0007 -0.9485
vn -0.3393 -0.0011 -0.9407
vn -0.2979 -0.0012 -0.9546
vn 0.3008 0.0026 -0.9537
vn -0.2608 0.0438 -0.9644
vn 0.2828 0.0413 -0.9583
vn 0.2061 0.1659 -0.9644
vn 0.2355 0.1610 -0.9584
vn -0.1910 0.2012 -0.9608
vn 0.0870 0.2627 -0.9609
vn 0.0015 0.2840 -0.9588
vn -0.0001 0.3063 -0.9519
vn 0.0186 0.2644 -0.9642
vn -0.0002 0.3117 -0.9502
vn -0.0080 0.3175 -0.9482
vn 0.0017 0.3261 -0.9453
vn 0.0007 -0.3615 -0.9324
vn -0.0751 -0.3128 -0.9468
vn -0.0436 -0.3787 -0.9245
vn -0.0013 -0.3636 -0.9316
vn -0.0053 -0.4392 -0.8984
vn -0.1908 -0.1997 -0.9611
vn -0.1524 -0.2676 -0.9514
vn -0.2687 -0.1431 -0.9525
vn -0.3213 -0.0842 -0.9432
vn 0.3180 -0.0627 -0.9460
vn -0.3419 -0.0224 -0.9395
vn -0.3823 -0.0307 -0.9235
vn 0.3628 -0.0013 -0.9319
vn -0.3967 0.0013 -0.9179
vn -0.3054 -0.0059 -0.9522
vn -0.3867 -0.0001 -0.9222
vn -0.3417 0.0058 -0.9398
vn 0.3628 0.0261 -0.9315
vn 0.3792 -0.0012 -0.9253
vn 0.2881 0.1294 -0.9488
vn -0.2770 0.1381 -0.9509
vn -0.1402 0.2511 -0.9578
vn 0.1570 0.2406 -0.9578
vn -0.0427 0.3473 -0.9368
vn -0.0006 0.3508 -0.9365
vn 0.0011 0.3916 -0.9201
vn -0.0040 -0.3705 -0.9288
vn 0.0006 -0.4350 -0.9004
vn -0.0019 -0.4102 -0.9120
vn 0.0006 -0.4449 -0.8956
vn 0.0827 -0.3720 -0.9245
vn -0.2845 -0.2318 -0.9302
vn 0.3289 -0.1103 -0.9379
vn 0.3346 -0.1768 -0.9256
vn 0.4016 -0.0054 -0.9158
vn 0.4030 0.0010 -0.9152
vn -0.3934 0.0008 -0.9194
vn -0.3713 0.0008 -0.9285
vn 0.4385 -0.0002 -0.8987
vn -0.4128 -0.0014 -0.9108
vn 0.4353 -0.0003 -0.9003
vn 0.3829 -0.0006 -0.9238
vn 0.4556 0.0119 -0.8901
vn -0.3244 0.0631 -0.9438
vn -0.4258 0.0492 -0.9035
vn 0.3560 0.1027 -0.9288
vn -0.3789 0.1356 -0.9155
vn 0.2652 0.2420 -0.9333
vn -0.2687 0.2273 -0.9360
vn -0.2102 0.3176 -0.9246
vn -0.1123 0.3276 -0.9381
vn 0.0431 0.3557 -0.9336
vn -0.0001 0.4149 -0.9099
vn 0.0001 0.3920 -0.9200
vn -0.0061 0.4052 -0.9142
vn -0.0001 0.4184 -0.9083
vn -0.0010 0.4208 -0.9072
vn -0.0018 -0.4227 -0.9063
vn -0.0007 -0.4356 -0.9001
vn -0.1315 -0.3486 -0.9280
vn 0.1893 -0.3185 -0.9288
vn 0.2607 -0.2391 -0.9353
vn -0.3522 -0.1494 -0.9239
vn -0.4092 -0.0509 -0.9110
vn 0.3821 -0.0610 -0.9221
vn -0.4587 -0.0009 -0.8886
vn -0.4446 -0.0039 -0.8957
vn -0.4504 0.0199 -0.8926
vn -0.3589 0.2370 -0.9028
vn 0.1028 0.3522 -0.9303
vn -0.1459 0.4143 -0.8984
vn -0.0798 0.4292 -0.8997
vn -0.0005 0.4327 -0.9015
vn -0.0031 -0.4643 -0.8857
vn 0.0340 -0.4395 -0.8976
vn -0.1011 -0.4250 -0.8995
vn -0.2246 -0.3056 -0.9253
vn -0.4217 -0.1017 -0.9010
vn 0.4862 0.0041 -0.8738
vn -0.4899 0.0003 -0.8718
vn 0.4821 -0.0043 -0.8761
vn 0.4348 0.0578 -0.8987
vn 0.3301 0.2146 -0.9192
vn -0.3176 0.2853 -0.9043
vn 0.2629 0.3308 -0.9063
vn 0.1707 0.3555 -0.9189
vn -0.0320 0.4496 -0.8927
vn 0.0025 0.4576 -0.8892
vn 0.0056 -0.5118 -0.8591
vn -0.0001 -0.5105 -0.8599
vn 0.0832 -0.4480 -0.8901
vn -0.0411 -0.4752 -0.8789
vn 0.1665 -0.3743 -0.9122
vn 0.4188 -0.1015 -0.9024
vn -0.4845 -0.0451 -0.8736
vn -0.5356 0.0075 -0.8444
vn -0.5076 0.0018 -0.8616
vn 0.5259 -0.0010 -0.8505
vn -0.5172 0.0001 -0.8559
vn -0.5091 -0.0004 -0.8607
vn 0.4471 0.1105 -0.8876
vn -0.4458 0.0881 -0.8908
vn -0.4890 0.1375 -0.8614
vn 0.4099 0.1835 -0.8935
vn -0.4454 0.2144 -0.8693
vn 0.3577 0.3063 -0.8822
vn 0.1168 0.3968 -0.9104
vn 0.0010 0.5014 -0.8652
vn -0.0006 0.5279 -0.8493
vn 0.0303 0.4698 -0.8823
vn -0.0020 0.5159 -0.8567
vn -0.0005 0.5252 -0.8510
vn 0.0087 -0.5463 -0.8376
vn -0.0102 -0.5489 -0.8358
vn -0.0003 -0.5306 -0.8476
vn -0.0014 -0.5275 -0.8495
vn 0.0836 -0.4516 -0.8883
vn -0.1997 -0.3978 -0.8955
vn 0.2600 -0.3437 -0.9024
vn 0.3477 -0.2675 -0.8986
vn 0.3975 -0.2197 -0.8909
vn -0.4313 -0.1808 -0.8839
vn 0.4408 -0.1534 -0.8844
vn 0.4535 -0.0397 -0.8904
vn -0.3972 -0.0602 -0.9158
vn 0.5021 -0.0250 -0.8645
vn 0.5245 0.0006 -0.8514
vn -0.5570 -0.0011 -0.8305
vn 0.5244 0.0011 -0.8515
vn -0.5246 -0.0024 -0.8514
vn -0.5153 0.0159 -0.8569
vn 0.5131 -0.0070 -0.8583
vn -0.5235 0.0435 -0.8509
vn -0.2839 0.3518 -0.8920
vn 0.2225 0.4340 -0.8730
vn -0.2271 0.4308 -0.8734
vn -0.0241 0.5547 -0.8317
vn -0.0003 0.5300 -0.8480
vn 0.1045 0.4752 -0.8737
vn -0.0623 0.5444 -0.8365
vn -0.0312 -0.5508 -0.8340
vn -0.0001 -0.5509 -0.8346
vn -0.0749 -0.5214 -0.8500
vn -0.2904 -0.3553 -0.8885
vn -0.5134 -0.1052 -0.8517
vn 0.5863 -0.0017 -0.8101
vn 0.6256 0.0175 -0.7799
vn 0.5335 -0.0035 -0.8458
vn -0.5895 0.0004 -0.8078
vn 0.5808 0.0006 -0.8140
vn 0.5463 0.0071 -0.8375
vn 0.5075 0.0700 -0.8588
vn 0.5067 0.1613 -0.8469
vn -0.3575 0.3545 -0.8640
vn -0.1707 0.4921 -0.8536
vn -0.1082 0.5171 -0.8491
vn 0.0540 -0.5164 -0.8546
vn -0.0424 -0.6017 -0.7976
vn -0.1666 -0.4877 -0.8570
vn 0.3402 -0.3490 -0.8732
vn -0.3905 -0.2529 -0.8852
vn 0.5056 -0.0904 -0.8580
vn 0.5403 0.0106 -0.8414
vn -0.5787 -0.0002 -0.8155
vn 0.6201 -0.0002 -0.7845
vn -0.5782 -0.0037 -0.8159
vn 0.5724 -0.0051 -0.8200
vn 0.5963 -0.0060 -0.8027
vn -0.5657 -0.0037 -0.8246
vn -0.5845 0.0953 -0.8058
vn 0.4820 0.2390 -0.8430
vn 0.3311 0.4253 -0.8423
vn 0.1873 0.5085 -0.8404
vn -0.0408 0.5505 -0.8338
vn 0.0003 0.5301 -0.8479
vn 0.0165 0.5866 -0.8097
vn -0.0371 0.5386 -0.8418
vn 0.0923 0.5340 -0.8404
vn -0.0061 -0.5929 -0.8053
vn -0.0647 -0.6080 -0.7913
vn -0.0238 -0.5990 -0.8004
vn 0.2435 -0.4589 -0.8545
vn 0.5540 -0.1379 -0.8210
vn -0.5445 -0.1652 -0.8223
vn 0.5886 -0.0051 -0.8084
vn -0.5993 0.0028 -0.8005
vn 0.6124 0.0010 -0.7905
vn -0.6170 -0.0009 -0.7870
vn 0.5934 -0.0131 -0.8048
vn 0.6119 0.0384 -0.7900
vn 0.5644 0.1090 -0.8183
vn -0.4039 0.3303 -0.8531
vn -0.2989 0.4346 -0.8496
vn 0.2651 0.4934 -0.8284
vn -0.0124 0.6027 -0.7978
vn 0.0703 0.6169 -0.7839
vn -0.0382 0.5964 -0.8017
vn 0.0444 0.6027 -0.7967
vn -0.0201 -0.5795 -0.8147
vn -0.0623 -0.6196 -0.7824
vn 0.0647 -0.5397 -0.8394
vn -0.1244 -0.5734 -0.8098
vn -0.4158 -0.3404 -0.8434
vn 0.4548 -0.2274 -0.8611
vn 0.6075 -0.0568 -0.7923
vn -0.5717 -0.0664 -0.8177
vn -0.5972 0.0101 -0.8020
vn 0.6169 0.0047 -0.7870
vn 0.5650 0.0005 -0.8251
vn 0.6439 -0.0042 -0.7651
vn -0.6302 -0.0004 -0.7764
vn 0.6233 0.0017 -0.7820
vn -0.5728 0.1899 -0.7974
vn 0.3837 0.3714 -0.8455
vn -0.2274 0.5341 -0.8143
vn -0.1325 0.5865 -0.7991
vn -0.0268 0.5890 -0.8077
vn 0.0380 0.6385 -0.7687
vn 0.0548 0.6094 -0.7910
vn 0.0463 -0.6123 -0.7893
vn 0.0858 -0.5942 -0.7998
vn 0.1574 -0.4624 -0.8726
vn -0.2253 -0.4769 -0.8496
vn -0.5090 -0.2638 -0.8194
vn -0.6404 -0.0084 -0.7680
vn -0.6522 0.0145 -0.7579
vn 0.6772 -0.0056 -0.7358
vn -0.6539 -0.0091 -0.7565
vn -0.4982 0.2747 -0.8224
vn 0.4492 0.3252 -0.8322
vn 0.5119 0.2994 -0.8052
vn 0.2714 0.4529 -0.8493
vn -0.0495 0.5874 -0.8078
vn -0.0472 0.6248 -0.7793
vn -0.0633 -0.6415 -0.7645
vn 0.0090 -0.6778 -0.7352
vn 0.3034 -0.4725 -0.8275
vn -0.3139 -0.4398 -0.8415
vn 0.4055 -0.4207 -0.8115
vn -0.4246 -0.4289 -0.7974
vn 0.4565 -0.2974 -0.8385
vn 0.5697 -0.2204 -0.7917
vn -0.5879 -0.1543 -0.7941
vn 0.6597 -0.0095 -0.7515
vn -0.6511 0.0060 -0.7590
vn 0.6872 0.0023 -0.7265
vn -0.6636 0.0013 -0.7481
vn 0.6991 0.0006 -0.7150
vn 0.6720 -0.0146 -0.7404
vn 0.6646 0.0024 -0.7472
vn -0.6375 0.0231 -0.7701
vn 0.6015 0.1748 -0.7795
vn 0.5808 0.2232 -0.7829
vn -0.3106 0.5193 -0.7962
vn 0.0950 0.6221 -0.7771
vn -0.0059 0.6315 -0.7753
vn 0.0507 0.6108 -0.7902
vn 0.0682 0.6572 -0.7506
vn 0.0503 0.6384 -0.7681
vn -0.0585 0.6415 -0.7649
vn -0.0006 0.7122 -0.7020
vn -0.0347 0.6524 -0.7571
vn 0.0495 0.5809 -0.8125
vn 0.0049 -0.6942 -0.7197
vn -0.0224 -0.6873 -0.7260
vn -0.0007 -0.6777 -0.7353
vn 0.0684 -0.6350 -0.7695
vn -0.1726 -0.5945 -0.7853
vn 0.6605 -0.0904 -0.7453
vn 0.6395 -0.1522 -0.7535
vn -0.6591 -0.0782 -0.7480
vn 0.7060 0.0116 -0.7082
vn 0.6923 -0.0054 -0.7216
vn -0.6703 0.0002 -0.7421
vn -0.6762 0.0824 -0.7321
vn -0.6432 0.1474 -0.7514
vn -0.4548 0.3817 -0.8046
vn -0.3825 0.4466 -0.8088
vn 0.4786 0.3886 -0.7873
vn 0.1635 0.6468 -0.7449
vn 0.0046 0.6557 -0.7550
vn 0.0334 0.6747 -0.7374
vn -0.0025 -0.6862 -0.7274
vn 0.0324 -0.6733 -0.7387
vn -0.0000 -0.7110 -0.7032
vn 0.0007 -0.6835 -0.7299
vn 0.1336 -0.6176 -0.7751
vn 0.2361 -0.5364 -0.8103
vn 0.5453 -0.3292 -0.7709
vn -0.7111 0.0136 -0.7030
vn 0.6893 0.0415 -0.7233
vn 0.6534 0.0930 -0.7513
vn -0.5946 0.2836 -0.7523
vn -0.2411 0.5965 -0.7655
vn -0.1647 0.6221 -0.7654
vn 0.1962 0.5602 -0.8048
vn 0.0037 0.6833 -0.7301
vn -0.0075 0.7046 -0.7096
vn -0.0022 0.7038 -0.7104
vn -0.0000 -0.6937 -0.7202
vn -0.1537 -0.6406 -0.7523
vn -0.2718 -0.5789 -0.7687
vn -0.6015 -0.2145 -0.7696
vn 0.7416 0.0086 -0.6707
vn 0.7387 0.0138 -0.6739
vn 0.7504 -0.0012 -0.6610
vn -0.5236 0.3761 -0.7645
vn 0.4117 0.4681 -0.7819
vn 0.2450 0.5703 -0.7841
vn 0.0895 0.6924 -0.7160
vn -0.0767 0.6814 -0.7279
vn -0.0614 -0.7089 -0.7027
vn 0.0076 -0.7450 -0.6670
vn 0.0820 -0.7223 -0.6867
vn 0.1621 -0.7003 -0.6952
vn -0.3904 -0.5133 -0.7643
vn 0.5066 -0.4059 -0.7607
vn -0.6143 -0.2988 -0.7303
vn 0.6554 -0.2199 -0.7226
vn -0.6616 -0.1419 -0.7363
vn -0.7159 -0.0002 -0.6982
vn -0.6797 -0.0007 -0.7335
vn -0.7166 -0.0023 -0.6975
vn 0.6750 0.1533 -0.7217
vn -0.4625 0.4867 -0.7411
vn 0.3297 0.5218 -0.7868
vn -0.0554 0.7300 -0.6812
vn -0.0139 0.7205 -0.6933
vn -0.0056 0.7407 -0.6718
vn -0.0277 -0.7319 -0.6808
vn 0.0212 -0.7310 -0.6821
vn -0.0127 -0.7220 -0.6918
vn 0.4391 -0.5153 -0.7360
vn -0.5223 -0.3953 -0.7556
vn -0.7288 -0.0387 -0.6837
vn 0.7235 -0.0438 -0.6889
vn -0.7326 0.0063 -0.6806
vn 0.7050 -0.0067 -0.7092
vn 0.6438 0.2314 -0.7294
vn -0.6807 0.2394 -0.6923
vn 0.5583 0.3328 -0.7600
vn -0.3705 0.5651 -0.7372
vn -0.2928 0.6423 -0.7083
vn -0.0008 0.7603 -0.6496
vn -0.0064 0.7435 -0.6687
vn -0.0054 0.7136 -0.7006
vn -0.0004 -0.7352 -0.6778
vn -0.4916 -0.5141 -0.7028
vn 0.6378 -0.3298 -0.6960
vn 0.7122 -0.1407 -0.6877
vn -0.7325 0.0004 -0.6807
vn 0.7337 -0.0039 -0.6795
vn -0.7143 -0.0118 -0.6997
vn 0.7377 -0.0270 -0.6746
vn 0.7542 0.0066 -0.6567
vn -0.7134 0.0438 -0.6994
vn 0.7272 0.1076 -0.6780
vn -0.5256 0.4976 -0.6900
vn 0.5083 0.4719 -0.7204
vn 0.3841 0.5584 -0.7353
vn -0.1879 0.6630 -0.7246
vn -0.0059 0.7692 -0.6390
vn 0.0048 0.7720 -0.6356
vn -0.0013 0.7891 -0.6143
vn -0.0057 0.7831 -0.6219
vn -0.0030 0.7334 -0.6798
vn 0.0013 -0.7441 -0.6681
vn -0.0108 -0.7591 -0.6509
vn -0.1207 -0.7348 -0.6674
vn -0.1616 -0.7019 -0.6937
vn 0.0005 -0.7509 -0.6604
vn 0.2822 -0.6886 -0.6680
vn 0.3228 -0.6700 -0.6685
vn -0.3526 -0.6014 -0.7170
vn -0.4347 -0.6199 -0.6533
vn 0.5757 -0.4869 -0.6569
vn -0.6912 -0.2057 -0.6928
vn -0.7306 -0.0805 -0.6780
vn 0.7757 -0.0017 -0.6311
vn -0.7401 0.0005 -0.6725
vn 0.7379 0.0025 -0.6749
vn 0.7424 -0.0010 -0.6700
vn 0.6393 0.3292 -0.6949
vn -0.6028 0.4009 -0.6899
vn 0.5759 0.4370 -0.6909
vn 0.1079 0.7435 -0.6600
vn 0.0466 0.7578 -0.6508
vn -0.2886 -0.6598 -0.6939
vn -0.6473 -0.3964 -0.6511
vn 0.7183 -0.2537 -0.6479
vn -0.7283 -0.1277 -0.6732
vn 0.7633 -0.1025 -0.6379
vn -0.7457 0.0252 -0.6658
vn -0.7728 0.0008 -0.6347
vn 0.7863 -0.0004 -0.6178
vn -0.7324 -0.0019 -0.6809
vn 0.7276 -0.0088 -0.6859
vn 0.7863 -0.0132 -0.6177
vn -0.7681 -0.0089 -0.6402
vn 0.7384 0.0441 -0.6729
vn -0.7212 0.1595 -0.6741
vn 0.3005 0.6466 -0.7011
vn -0.0506 0.7925 -0.6078
vn -0.0204 0.7973 -0.6033
vn 0.0011 0.8108 -0.5853
vn -0.0007 0.8247 -0.5656
vn 0.0096 -0.7711 -0.6367
vn -0.0894 -0.8067 -0.5842
vn 0.1287 -0.7997 -0.5865
vn 0.5001 -0.6183 -0.6064
vn -0.7380 -0.2866 -0.6109
vn 0.7971 -0.0007 -0.6038
vn 0.7414 0.0006 -0.6711
vn 0.7493 -0.0067 -0.6622
vn -0.7526 0.0970 -0.6513
vn -0.7737 0.0383 -0.6324
vn -0.6723 0.3321 -0.6616
vn 0.4730 0.5730 -0.6693
vn 0.3693 0.6230 -0.6896
vn -0.1525 0.7361 -0.6595
vn 0.1754 0.7301 -0.6604
vn 0.0044 0.7990 -0.6013
vn 0.0359 -0.7747 -0.6313
vn 0.0012 -0.7894 -0.6139
vn 0.2174 -0.7693 -0.6008
vn 0.3860 -0.6995 -0.6014
vn -0.5528 -0.6050 -0.5731
vn -0.5818 -0.4919 -0.6477
vn 0.6568 -0.3982 -0.6403
vn -0.7689 -0.1876 -0.6112
vn 0.7780 -0.1940 -0.5976
vn -0.7768 0.0123 -0.6296
vn 0.7897 0.0005 -0.6135
vn -0.7813 -0.0002 -0.6241
vn 0.7958 0.0769 -0.6006
vn 0.7459 0.2085 -0.6326
vn 0.7082 0.2820 -0.6473
vn -0.4611 0.5274 -0.7136
vn -0.3354 0.6665 -0.6658
vn 0.0036 0.7997 -0.6004
vn -0.0005 0.8396 -0.5432
vn -0.0372 -0.7852 -0.6182
vn 0.0002 -0.7983 -0.6022
vn -0.1613 -0.7977 -0.5811
vn 0.6814 -0.4904 -0.5433
vn 0.7283 -0.3572 -0.5848
vn 0.8158 -0.0766 -0.5732
vn -0.7836 -0.0333 -0.6203
vn 0.7861 0.0120 -0.6180
vn -0.7897 -0.0002 -0.6135
vn 0.8183 0.0090 -0.5747
vn 0.8022 -0.0058 -0.5971
vn 0.3023 0.7701 -0.5618
vn -0.1197 0.7956 -0.5939
vn -0.0060 0.8156 -0.5786
vn 0.0004 0.8428 -0.5382
vn 0.0011 0.8350 -0.5502
vn 0.0015 0.7949 -0.6068
vn 0.0727 -0.8033 -0.5911
vn -0.0001 -0.7874 -0.6164
vn -0.0007 -0.7833 -0.6217
vn 0.3210 -0.7803 -0.5367
vn -0.4149 -0.6852 -0.5986
vn -0.6559 -0.5117 -0.5550
vn -0.7853 -0.0992 -0.6111
vn -0.8128 -0.0095 -0.5824
vn -0.7825 0.0004 -0.6226
vn 0.8201 -0.0008 -0.5722
vn 0.8675 0.0023 -0.4974
vn -0.8214 0.0882 -0.5635
vn 0.7824 0.1446 -0.6058
vn -0.7803 0.2344 -0.5798
vn 0.6925 0.3888 -0.6077
vn -0.3527 0.7323 -0.5825
vn -0.3048 0.7178 -0.6260
vn 0.1637 0.8002 -0.5769
vn -0.0052 0.8474 -0.5309
vn 0.0075 -0.8150 -0.5794
vn -0.0010 -0.8286 -0.5599
vn -0.3296 -0.7928 -0.5126
vn 0.4490 -0.7411 -0.4992
vn 0.5997 -0.6190 -0.5072
vn -0.7317 -0.4386 -0.5217
vn 0.7801 -0.2645 -0.5670
vn 0.8266 0.0114 -0.5627
vn -0.7968 0.0010 -0.6042
vn -0.7955 -0.0021 -0.6059
vn -0.8302 0.0296 -0.5567
vn -0.7978 0.1643 -0.5802
vn -0.7593 0.3240 -0.5644
vn -0.6206 0.4914 -0.6110
vn 0.5820 0.5627 -0.5871
vn 0.3841 0.7765 -0.4996
vn 0.0035 0.8923 -0.4515
vn -0.0008 0.8654 -0.5010
vn 0.0601 0.8328 -0.5502
vn 0.0062 0.8621 -0.5067
vn 0.0120 -0.8228 -0.5682
vn -0.0099 -0.7946 -0.6071
vn -0.2525 -0.8082 -0.5320
vn -0.5545 -0.6244 -0.5502
vn 0.7932 -0.3404 -0.5049
vn 0.8054 -0.0036 -0.5928
vn -0.8254 -0.0004 -0.5646
vn -0.8288 -0.0063 -0.5595
vn 0.8558 0.0568 -0.5142
vn 0.7646 0.3073 -0.5665
vn -0.7048 0.4135 -0.5764
vn 0.6906 0.4770 -0.5436
vn 0.5480 0.6151 -0.5669
vn -0.4067 0.6713 -0.6197
vn -0.0170 0.8351 -0.5498
vn 0.0008 0.8697 -0.4935
vn 0.0409 0.8689 -0.4932
vn -0.0009 -0.8467 -0.5321
vn -0.5726 -0.6367 -0.5165
vn -0.6459 -0.6044 -0.4664
vn -0.8301 -0.2255 -0.5099
vn -0.8230 -0.1541 -0.5468
vn 0.8330 -0.1776 -0.5240
vn -0.8372 -0.0821 -0.5407
vn 0.8309 0.0096 -0.5564
vn 0.8634 -0.0033 -0.5046
vn 0.8393 0.1391 -0.5256
vn 0.7729 0.3980 -0.4941
vn -0.2402 0.8046 -0.5431
vn -0.2063 0.8415 -0.4993
vn -0.1305 0.8457 -0.5175
vn -0.0008 0.8673 -0.4978
vn 0.0164 0.8769 -0.4803
vn -0.0439 -0.8499 -0.5252
vn -0.0001 -0.8486 -0.5291
vn -0.0030 -0.8402 -0.5423
vn -0.4695 -0.7663 -0.4386
vn 0.4174 -0.7922 -0.4452
vn 0.7211 -0.5555 -0.4141
vn 0.7606 -0.4464 -0.4714
vn -0.8302 -0.3211 -0.4558
vn 0.8504 -0.0272 -0.5255
vn -0.8407 0.0111 -0.5414
vn 0.8514 -0.0020 -0.5245
vn -0.8579 0.0009 -0.5139
vn 0.8723 0.0759 -0.4830
vn -0.7192 0.5040 -0.4783
vn -0.6323 0.5590 -0.5364
vn -0.5890 0.6853 -0.4284
vn 0.4440 0.7195 -0.5341
vn -0.2785 0.8319 -0.4799
vn -0.0512 0.8447 -0.5327
vn -0.0172 0.8893 -0.4569
vn 0.0009 0.8663 -0.4995
vn 0.0008 0.8857 -0.4643
vn -0.0022 0.9042 -0.4270
vn -0.0029 0.8877 -0.4605
vn -0.0066 0.8530 -0.5219
vn 0.1979 -0.8532 -0.4826
vn -0.1963 -0.8509 -0.4872
vn 0.8616 -0.0777 -0.5015
vn 0.8774 -0.1351 -0.4603
vn -0.8386 0.0037 -0.5447
vn -0.8521 0.0022 -0.5233
vn 0.8442 0.2103 -0.4930
vn 0.7536 0.5748 -0.3190
vn 0.0985 -0.8519 -0.5144
vn -0.1348 -0.8661 -0.4814
vn -0.2902 -0.8651 -0.4092
vn 0.3172 -0.8293 -0.4600
vn 0.4737 -0.7801 -0.4087
vn -0.7534 -0.5339 -0.3838
vn -0.8168 -0.4068 -0.4090
vn 0.8510 -0.2896 -0.4381
vn 0.8019 -0.4603 -0.3810
vn -0.8721 -0.1561 -0.4637
vn -0.8745 -0.0692 -0.4800
vn -0.8698 -0.0041 -0.4934
vn -0.8528 0.1371 -0.5040
vn -0.8479 0.2182 -0.4833
vn -0.8232 0.3066 -0.4779
vn 0.8169 0.2832 -0.5025
vn -0.7865 0.4085 -0.4632
vn -0.4045 0.6153 -0.6766
vn -0.4426 0.7745 -0.4520
vn 0.1919 0.8359 -0.5142
vn -0.0800 0.8927 -0.4435
vn 0.0836 0.8750 -0.4769
vn 0.0036 0.9140 -0.4057
vn 0.0042 0.8953 -0.4454
vn -0.0040 0.9036 -0.4283
vn -0.0084 -0.8424 -0.5388
vn -0.0816 -0.8862 -0.4561
vn -0.0213 -0.8986 -0.4383
vn 0.0032 -0.8655 -0.5008
vn -0.0024 -0.8588 -0.5124
vn 0.2697 -0.8637 -0.4258
vn -0.8867 -0.2614 -0.3813
vn 0.8667 0.0001 -0.4989
vn -0.8553 0.0002 -0.5181
vn 0.8629 -0.0097 -0.5052
vn 0.6270 0.6365 -0.4492
vn 0.4800 0.7352 -0.4786
vn 0.3178 0.8229 -0.4710
vn 0.2552 0.8554 -0.4508
vn -0.0000 0.9076 -0.4199
vn 0.0388 0.9194 -0.3915
vn 0.0320 -0.8886 -0.4576
vn -0.6846 -0.6476 -0.3346
vn -0.7312 -0.5974 -0.3293
vn 0.6365 -0.6551 -0.4071
vn 0.8913 -0.0109 -0.4533
vn -0.9026 0.0137 -0.4302
vn 0.8910 0.0077 -0.4539
vn -0.8796 0.0057 -0.4757
vn 0.8715 0.0211 -0.4900
vn 0.9031 0.0662 -0.4242
vn -0.8907 0.0173 -0.4542
vn -0.8865 0.0703 -0.4574
vn 0.8410 0.3986 -0.3659
vn 0.5186 0.7854 -0.3380
vn -0.3506 0.8295 -0.4348
vn -0.0041 0.9368 -0.3498
vn -0.0022 0.9232 -0.3843
vn 0.0021 0.9189 -0.3946
vn -0.0021 0.9065 -0.4223
vn -0.0006 -0.8850 -0.4656
vn 0.0058 -0.8605 -0.5094
vn 0.0005 -0.8940 -0.4481
vn 0.3919 -0.8530 -0.3447
vn -0.4848 -0.8139 -0.3203
vn -0.5854 -0.7490 -0.3104
vn 0.5567 -0.7525 -0.3518
vn 0.8822 -0.2287 -0.4116
vn 0.9118 0.0063 -0.4106
vn -0.8986 0.0008 -0.4387
vn 0.8705 0.0035 -0.4921
vn 0.8770 -0.0010 -0.4805
vn -0.8801 -0.0047 -0.4748
vn -0.8371 0.3889 -0.3846
vn -0.8164 0.4794 -0.3220
vn 0.7250 0.5769 -0.3763
vn 0.3988 0.8352 -0.3788
vn -0.1507 0.8864 -0.4376
vn -0.0332 0.9217 -0.3866
vn 0.0101 0.9165 -0.3999
vn -0.0201 0.9293 -0.3688
vn -0.0064 -0.9052 -0.4250
vn 0.1037 -0.8933 -0.4374
vn 0.1560 -0.9086 -0.3875
vn -0.3936 -0.8372 -0.3797
vn 0.7467 -0.5864 -0.3139
vn 0.9023 -0.0510 -0.4280
vn -0.8926 0.0027 -0.4508
vn -0.8813 -0.0053 -0.4726
vn 0.9182 0.0349 -0.3945
vn 0.9056 0.1638 -0.3912
vn -0.8950 0.1764 -0.4097
vn 0.8651 0.3037 -0.3991
vn -0.7614 0.5476 -0.3470
vn -0.7007 0.6302 -0.3345
vn 0.6765 0.6153 -0.4047
vn 0.6469 0.6579 -0.3856
vn -0.5988 0.7069 -0.3764
vn -0.5175 0.7841 -0.3427
vn 0.1437 0.8927 -0.4270
vn 0.1875 0.8917 -0.4120
vn -0.0024 0.9152 -0.4030
vn 0.0107 0.9390 -0.3437
vn -0.0112 0.9175 -0.3975
vn 0.0591 0.8750 -0.4805
vn 0.0175 0.9342 -0.3562
vn 0.0109 0.9331 -0.3594
vn 0.2290 -0.8984 -0.3748
vn -0.2049 -0.8923 -0.4022
vn 0.4921 -0.8347 -0.2473
vn -0.8178 -0.4798 -0.3178
vn 0.8250 -0.4523 -0.3388
vn -0.9072 -0.1574 -0.3902
vn -0.9069 -0.0403 -0.4193
vn 0.9075 0.2683 -0.3231
vn -0.8746 0.2859 -0.3916
vn 0.6957 0.6117 -0.3766
vn 0.5477 0.7683 -0.3312
vn -0.4260 0.8306 -0.3587
vn -0.2866 0.8816 -0.3751
vn -0.2190 0.9069 -0.3599
vn 0.2431 0.9070 -0.3438
vn -0.0231 0.9435 -0.3307
vn -0.0063 0.9232 -0.3843
vn -0.0299 0.9540 -0.2982
vn -0.0053 -0.9204 -0.3909
vn 0.0012 -0.8983 -0.4393
vn -0.0007 -0.8946 -0.4469
vn 0.0001 -0.8957 -0.4447
vn 0.3098 -0.9028 -0.2982
vn -0.8714 -0.3978 -0.2872
vn 0.8692 -0.3285 -0.3695
vn 0.9153 -0.1794 -0.3606
vn -0.9142 0.0004 -0.4052
vn 0.9232 -0.0778 -0.3763
vn 0.9180 -0.0005 -0.3966
vn 0.9090 -0.0022 -0.4168
vn -0.8909 0.0042 -0.4542
vn -0.9240 -0.0004 -0.3825
vn 0.9028 0.0071 -0.4301
vn -0.5637 0.7857 -0.2549
vn 0.3042 0.8956 -0.3245
vn -0.0049 0.9372 -0.3488
vn -0.0817 0.9492 -0.3039
vn -0.0048 0.9345 -0.3559
vn 0.1126 0.9400 -0.3221
vn 0.0159 -0.9389 -0.3438
vn -0.1641 -0.9221 -0.3504
vn -0.2746 -0.9043 -0.3268
vn -0.3758 -0.8739 -0.3083
vn 0.6121 -0.7544 -0.2370
vn 0.6786 -0.6913 -0.2483
vn 0.8900 -0.3699 -0.2667
vn 0.9235 -0.0916 -0.3725
vn -0.9238 -0.1097 -0.3668
vn -0.9256 0.0042 -0.3784
vn -0.9211 0.0009 -0.3894
vn 0.9187 0.0016 -0.3949
vn 0.9393 -0.0780 -0.3341
vn -0.9178 -0.0023 -0.3970
vn 0.9239 0.0625 -0.3776
vn -0.8757 0.3913 -0.2828
vn 0.8446 0.4786 -0.2400
vn -0.4464 0.8607 -0.2448
vn 0.4541 0.8434 -0.2871
vn -0.3470 0.8821 -0.3187
vn -0.1391 0.9321 -0.3346
vn -0.0011 0.9431 -0.3324
vn 0.0079 0.9539 -0.3001
vn 0.0047 0.9641 -0.2654
vn -0.0262 0.9628 -0.2691
vn -0.0047 0.9543 -0.2988
vn -0.0043 0.9430 -0.3327
vn -0.0036 0.9548 -0.2972
vn -0.0613 -0.9380 -0.3412
vn -0.0000 -0.9272 -0.3745
vn 0.0698 -0.9333 -0.3523
vn 0.7826 -0.5743 -0.2403
vn 0.9022 -0.2881 -0.3211
vn 0.9310 0.0037 -0.3650
vn -0.9305 0.0182 -0.3657
vn -0.9326 0.0910 -0.3492
vn 0.8802 0.3826 -0.2807
vn 0.8314 0.4733 -0.2912
vn 0.3619 0.9023 -0.2344
vn 0.2153 0.9357 -0.2794
vn 0.0006 0.9685 -0.2489
vn 0.0250 0.9339 -0.3566
vn 0.0308 0.9617 -0.2722
vn -0.0067 -0.9310 -0.3650
vn -0.0000 -0.9320 -0.3624
vn -0.6763 -0.6916 -0.2537
vn -0.7361 -0.6067 -0.3001
vn -0.8100 -0.5324 -0.2457
vn -0.8923 -0.3455 -0.2906
vn 0.9373 0.0029 -0.3484
vn 0.9227 0.0010 -0.3856
vn 0.9414 0.0184 -0.3368
vn -0.6673 0.6961 -0.2649
vn -0.0164 0.9455 -0.3251
vn -0.0105 0.9625 -0.2710
vn 0.2363 -0.9272 -0.2906
vn 0.3852 -0.8918 -0.2372
vn -0.4500 -0.8635 -0.2278
vn -0.5439 -0.8055 -0.2352
vn 0.8416 -0.4970 -0.2112
vn -0.9354 -0.2033 -0.2892
vn -0.9415 -0.0534 -0.3327
vn 0.9576 -0.0241 -0.2871
vn -0.9374 0.0035 -0.3482
vn 0.9531 0.0013 -0.3026
vn 0.9446 0.1375 -0.2980
vn -0.9282 0.1882 -0.3210
vn -0.9166 0.2723 -0.2928
vn -0.7793 0.5651 -0.2708
vn 0.7604 0.6055 -0.2349
vn -0.6433 0.7415 -0.1908
vn 0.4854 0.8516 -0.1977
vn -0.2777 0.9296 -0.2423
vn 0.0349 0.9718 -0.2332
vn -0.0110 0.9684 -0.2492
vn -0.0028 -0.9409 -0.3386
vn -0.2498 -0.9317 -0.2638
vn -0.6320 -0.7550 -0.1748
vn -0.9184 -0.2911 -0.2678
vn 0.9370 -0.0042 -0.3492
vn -0.8439 0.4965 -0.2033
vn 0.7855 0.5748 -0.2293
vn 0.6544 0.7308 -0.1943
vn 0.5798 0.7930 -0.1870
vn -0.2361 0.9415 -0.2403
vn -0.1457 0.9643 -0.2212
vn -0.0020 0.9647 -0.2633
vn 0.0014 0.9771 -0.2129
vn -0.0010 0.9725 -0.2327
vn 0.0414 0.9665 -0.2534
vn 0.0786 0.9684 -0.2368
vn 0.0024 -0.9408 -0.3389
vn 0.0022 -0.9338 -0.3579
vn -0.0051 -0.9553 -0.2957
vn 0.1648 -0.9411 -0.2953
vn -0.3411 -0.9064 -0.2490
vn 0.9515 -0.0555 -0.3025
vn -0.9536 0.0005 -0.3011
vn 0.9646 -0.0083 -0.2636
vn -0.6197 0.7832 -0.0505
vn -0.3356 0.9114 -0.2383
vn 0.1547 0.9700 -0.1877
vn -0.0238 0.9786 -0.2044
vn -0.0034 0.9695 -0.2450
vn 0.0019 -0.9548 -0.2973
vn 0.6046 -0.7800 -0.1613
vn 0.9331 -0.2351 -0.2721
vn 0.9465 -0.1439 -0.2888
vn -0.9519 -0.0030 -0.3064
vn 0.9585 0.0099 -0.2849
vn 0.9616 -0.0050 -0.2745
vn 0.9563 -0.0041 -0.2925
vn -0.9056 0.3857 -0.1765
vn -0.4857 0.8603 -0.1551
vn 0.3922 0.9125 -0.1160
vn 0.2561 0.9532 -0.1607
vn 0.0031 0.9770 -0.2132
vn 0.0330 0.9729 -0.2288
vn -0.0120 -0.9557 -0.2941
vn -0.0011 -0.9660 -0.2586
vn 0.0938 -0.9573 -0.2734
vn -0.1413 -0.9511 -0.2747
vn -0.5473 -0.8192 -0.1714
vn 0.6786 -0.7200 -0.1451
vn -0.9143 -0.3676 -0.1698
vn 0.9195 -0.3167 -0.2329
vn 0.9601 -0.0081 -0.2797
vn -0.9488 -0.0005 -0.3160
vn -0.9527 0.0303 -0.3025
vn -0.9550 0.1445 -0.2591
vn 0.9381 0.2444 -0.2453
vn 0.7784 0.6104 -0.1470
vn -0.3668 0.9159 -0.1630
vn -0.0192 0.9837 -0.1790
vn -0.0364 -0.9676 -0.2498
vn -0.0001 -0.9542 -0.2991
vn 0.2138 -0.9546 -0.2074
vn -0.7994 -0.5684 -0.1944
vn -0.8516 -0.5084 -0.1276
vn -0.9583 -0.1269 -0.2560
vn -0.9556 0.0010 -0.2947
vn 0.9576 0.0011 -0.2881
vn -0.9411 0.0008 -0.3381
vn 0.9692 -0.0576 -0.2393
vn 0.9632 0.0844 -0.2553
vn -0.9511 0.2431 -0.1906
vn 0.9059 0.3820 -0.1826
vn -0.8546 0.4995 -0.1420
vn 0.8080 0.5818 -0.0928
vn -0.7085 0.6257 -0.3264
vn 0.5142 0.8464 -0.1388
vn -0.2154 0.9635 -0.1588
vn -0.0920 0.9828 -0.1602
vn 0.0064 0.9729 -0.2312
vn -0.0131 0.9861 -0.1654
vn -0.0086 0.9736 -0.2282
vn 0.0258 0.9907 -0.1336
vn 0.1051 0.9883 -0.1102
vn 0.0004 -0.9715 -0.2369
vn 0.2995 -0.9348 -0.1911
vn -0.2902 -0.9359 -0.1995
vn -0.3965 -0.9015 -0.1735
vn 0.4894 -0.8559 -0.1672
vn 0.7924 -0.5917 -0.1484
vn -0.8759 -0.4531 -0.1659
vn 0.9784 -0.0029 -0.2066
vn -0.9608 0.0008 -0.2771
vn 0.9659 -0.0014 -0.2589
vn 0.9798 0.0056 -0.2000
vn -0.9653 0.0017 -0.2612
vn -0.4155 0.7315 -0.5406
vn -0.5883 0.7976 -0.1329
vn 0.4669 0.8783 -0.1028
vn 0.0012 0.9766 -0.2150
vn 0.0854 0.9823 -0.1668
vn -0.0011 0.9944 -0.1057
vn 0.0238 0.9787 -0.2041
vn -0.0023 -0.9694 -0.2457
vn -0.1986 -0.9609 -0.1931
vn -0.9650 -0.0608 -0.2550
vn 0.9690 0.0036 -0.2470
vn -0.9671 -0.0010 -0.2544
vn 0.9723 0.0090 -0.2334
vn -0.9736 0.0006 -0.2282
vn -0.9689 0.0747 -0.2360
vn 0.8542 0.4953 -0.1579
vn 0.7687 0.6341 -0.0840
vn -0.7609 0.6455 -0.0664
vn 0.7473 0.6588 -0.0872
vn 0.6297 0.7700 -0.1032
vn -0.2846 0.9519 -0.1133
vn 0.0385 -0.9747 -0.2200
vn 0.8243 -0.5501 -0.1336
vn 0.8635 -0.4895 -0.1214
vn 0.9331 -0.3092 -0.1837
vn 0.9524 -0.2196 -0.2114
vn 0.9784 -0.0462 -0.2013
vn 0.9776 0.0006 -0.2103
vn -0.9716 -0.0019 -0.2366
vn -0.9770 0.0227 -0.2122
vn 0.9594 0.1883 -0.2101
vn -0.7950 0.5902 -0.1405
vn -0.5692 0.8177 -0.0859
vn 0.5445 0.8368 -0.0574
vn -0.4644 0.8819 -0.0809
vn -0.3623 0.9272 -0.0955
vn 0.0027 0.9965 -0.0831
vn 0.0171 0.9934 -0.1136
vn -0.0167 0.9875 -0.1567
vn -0.1034 -0.9705 -0.2178
vn 0.1399 -0.9746 -0.1750
vn -0.5006 -0.8560 -0.1290
vn -0.7269 -0.6757 -0.1228
vn 0.8994 -0.3974 -0.1820
vn -0.9788 -0.0256 -0.2034
vn 0.9720 -0.0472 -0.2303
vn 0.9820 0.0152 -0.1884
vn -0.9711 0.0010 -0.2385
vn 0.9783 0.0094 -0.2071
vn 0.9818 -0.0021 -0.1897
vn -0.9815 0.1241 -0.1458
vn 0.7458 0.6579 -0.1048
vn -0.7095 0.7016 -0.0664
vn -0.6681 0.7434 -0.0319
vn -0.0050 0.9876 -0.1569
vn -0.0024 0.9956 -0.0933
vn 0.3960 -0.9045 -0.1582
vn -0.9382 -0.2894 -0.1897
vn -0.9566 -0.2119 -0.2001
vn 0.9716 -0.1302 -0.1974
vn 0.9860 -0.0411 -0.1615
vn 0.9840 0.0005 -0.1780
vn 0.9838 0.0039 -0.1791
vn 0.8541 0.5144 -0.0769
vn -0.1503 0.9840 -0.0952
vn 0.1739 0.9826 -0.0655
vn 0.0010 0.9929 -0.1188
vn 0.0022 0.9957 -0.0922
vn 0.0036 0.9917 -0.1285
vn -0.0027 0.9868 -0.1620
vn -0.0011 -0.9840 -0.1784
vn 0.0003 -0.9826 -0.1858
vn -0.3580 -0.9261 -0.1188
vn 0.5731 -0.8135 -0.0988
vn 0.9732 -0.0012 -0.2298
vn 0.9804 0.0013 -0.1969
vn 0.9825 0.0033 -0.1863
vn 0.9734 0.0025 -0.2291
vn 0.9881 -0.0078 -0.1539
vn 0.9793 0.1202 -0.1627
vn 0.9052 0.4132 -0.0995
vn 0.7938 0.6041 -0.0697
vn -0.4147 0.9096 -0.0260
vn 0.0050 0.9856 -0.1688
vn -0.0216 0.9966 -0.0792
vn 0.0889 0.9948 -0.0492
vn -0.0320 -0.9898 -0.1387
vn -0.0005 -0.9856 -0.1692
vn -0.5917 -0.8000 -0.0992
vn -0.7934 -0.5917 -0.1426
vn 0.7883 -0.6112 -0.0716
vn 0.9513 -0.2752 -0.1391
vn -0.9808 -0.0916 -0.1719
vn 0.9854 0.0032 -0.1700
vn -0.9804 0.0010 -0.1968
vn 0.9931 0.0061 -0.1174
vn -0.9263 0.3512 -0.1363
vn 0.9491 0.2865 -0.1311
vn 0.6903 0.7216 -0.0531
vn 0.6150 0.7872 -0.0460
vn -0.5524 0.8333 -0.0227
vn 0.3127 0.9473 -0.0697
vn -0.0286 0.9961 -0.0839
vn 0.0238 0.9972 -0.0708
vn -0.0002 -0.9915 -0.1303
vn -0.0004 -0.9917 -0.1282
vn 0.7225 -0.6860 -0.0858
vn 0.9171 -0.3818 -0.1149
vn -0.9556 -0.2501 -0.1556
vn 0.9918 -0.0319 -0.1236
vn -0.9841 -0.0013 -0.1776
vn 0.9877 -0.0124 -0.1557
vn 0.9789 -0.0175 -0.2036
vn -0.9893 0.0488 -0.1375
vn 0.9959 0.0048 -0.0900
vn -0.9883 0.0018 -0.1524
vn -0.9876 0.0512 -0.1482
vn -0.7980 0.5972 -0.0810
vn 0.4548 0.8902 -0.0267
vn 0.0943 0.9772 -0.1900
vn -0.0000 0.9955 -0.0946
vn 0.0009 0.9957 -0.0929
vn -0.0050 0.9995 -0.0305
vn 0.0025 0.9997 -0.0250
vn 0.0776 -0.9850 -0.1544
vn -0.2622 -0.9550 -0.1385
vn 0.2947 -0.9518 -0.0855
vn 0.6582 -0.7484 -0.0809
vn -0.6839 -0.7256 -0.0761
vn -0.7524 -0.6576 -0.0372
vn 0.9657 -0.1854 -0.1818
vn 0.9917 -0.0063 -0.1287
vn 0.9825 0.0625 -0.1753
vn -0.8914 0.4387 -0.1139
vn -0.2042 0.9769 -0.0637
vn -0.1326 0.9909 -0.0220
vn -0.0873 0.9956 -0.0339
vn 0.0580 0.9895 -0.1323
vn 0.0182 -0.9914 -0.1299
vn -0.1181 -0.9837 -0.1355
vn 0.3652 -0.9245 -0.1092
vn -0.4432 -0.8919 -0.0895
vn -0.8508 -0.5085 -0.1324
vn 0.9717 -0.1892 -0.1417
vn -0.9668 -0.1925 -0.1678
vn -0.9887 0.0647 -0.1355
vn 0.8349 0.5488 -0.0409
vn 0.2456 0.9692 -0.0161
vn 0.0603 0.9873 -0.1467
vn 0.0380 0.9990 -0.0214
vn 0.2322 -0.9658 -0.1150
vn -0.5229 -0.8513 -0.0438
vn -0.8220 -0.5616 -0.0939
vn -0.8960 -0.4265 -0.1236
vn 0.9893 -0.0910 -0.1137
vn -0.9864 -0.0461 -0.1578
vn 0.9978 -0.0006 -0.0662
vn 0.9892 0.0016 -0.1463
vn 0.9871 0.0059 -0.1602
vn -0.9851 0.0484 -0.1651
vn -0.7288 0.6841 -0.0285
vn 0.6202 0.7843 -0.0142
vn 0.1685 0.9850 -0.0374
vn 0.0015 0.9998 -0.0215
vn 0.0009 0.9999 -0.0143
vn -0.2015 -0.9739 -0.1042
vn 0.4697 -0.8785 -0.0875
vn -0.9920 0.0227 -0.1242
vn 0.9965 0.0030 -0.0837
vn -0.9906 0.0501 -0.1271
vn 0.9970 0.0062 -0.0768
vn 0.9874 0.0292 -0.1558
vn 0.9722 0.1915 -0.1345
vn 0.3627 0.9318 -0.0156
vn -0.3048 0.9521 -0.0254
vn -0.0011 0.9998 -0.0205
vn -0.0027 0.9998 -0.0181
vn 0.0530 -0.9953 -0.0815
vn -0.9358 -0.3404 -0.0923
vn 0.9484 -0.3079 -0.0758
vn 0.9698 -0.2264 -0.0910
vn 0.9982 0.0014 -0.0604
vn 0.9898 -0.0066 -0.1423
vn 0.9938 0.0556 -0.0966
vn -0.9686 0.2310 -0.0923
vn -0.9450 0.3030 -0.1233
vn 0.9110 0.4098 -0.0470
vn -0.7833 0.6204 -0.0400
vn 0.5500 0.8350 -0.0173
vn -0.0012 0.9997 -0.0234
vn -0.0003 0.9996 -0.0286
vn -0.0087 0.9995 -0.0287
vn -0.2834 -0.9554 -0.0826
vn -0.6383 -0.7690 -0.0360
vn 0.9851 -0.1573 -0.0694
vn 0.9926 0.0094 -0.1207
vn 0.9970 -0.0028 -0.0770
vn 0.9986 0.0006 -0.0522
vn 0.9955 0.0029 -0.0952
vn -0.9981 0.0355 -0.0512
vn 0.7599 0.6454 -0.0771
vn -0.0266 0.9996 -0.0127
vn -0.9954 0.0027 0.0962
vn -0.0051 0.9999 -0.0158
vn 0.8563 0.0744 0.5111
vn 0.0018 0.9998 -0.0214
vn 0.0003 -0.9977 -0.0676
vn -0.1146 -0.9898 -0.0841
vn -0.0458 -0.9955 -0.0832
vn 0.1189 -0.9888 -0.0900
vn -0.9126 -0.4079 -0.0278
vn 0.8989 -0.4328 -0.0687
vn -0.9867 -0.0995 -0.1285
vn 0.9986 -0.0035 -0.0534
vn 0.9979 0.0054 -0.0644
vn 0.9965 0.0037 -0.0839
vn 0.9983 -0.0005 -0.0588
vn -0.9987 0.0002 -0.0518
vn -0.9932 0.0755 -0.0886
vn 0.9895 0.1169 -0.0845
vn -0.1832 0.9831 -0.0052
vn -0.0012 -0.9992 -0.0393
vn 0.0193 -0.9987 -0.0465
vn -0.9968 0.0389 -0.0699
vn 0.5693 0.0108 0.8221
vn -0.0005 1.0000 -0.0098
vn 0.9997 -0.0036 -0.0235
vn -0.9829 0.1620 -0.0877
vn -0.8531 0.5187 -0.0565
vn -0.0007 1.0000 -0.0088
vn 0.0006 0.9999 -0.0142
vn 0.3956 -0.9169 -0.0524
vn -0.4238 -0.9049 -0.0383
vn 0.5623 -0.8259 -0.0408
vn 0.6418 -0.7656 -0.0436
vn 0.8338 -0.5514 -0.0282
vn 0.9693 0.2396 -0.0545
vn 0.7971 0.6037 0.0132
vn 0.8424 0.5385 -0.0180
vn 0.5858 0.8103 -0.0177
vn 0.0001 1.0000 -0.0060
vn -0.1798 -0.9827 -0.0445
vn -0.3613 -0.9309 -0.0543
vn 0.9985 -0.0325 -0.0450
vn 0.9930 -0.1143 -0.0287
vn -0.9995 -0.0157 -0.0263
vn -0.9628 0.2593 -0.0763
vn -0.9335 0.3569 -0.0355
vn -0.6938 0.7199 0.0168
vn 0.5815 0.8136 -0.0006
vn 0.5788 0.8154 0.0089
vn -0.2733 -0.9615 -0.0291
vn 0.2147 -0.9759 -0.0390
vn 0.9292 -0.3603 -0.0825
vn -0.9824 -0.1810 -0.0466
vn -0.9966 -0.0657 -0.0490
vn 0.9990 -0.0053 -0.0443
vn 0.9993 0.0093 -0.0365
vn -0.8256 0.5641 -0.0145
vn 0.6843 0.7292 -0.0048
vn -0.3643 0.9313 0.0047
vn 0.6508 -0.7591 -0.0138
vn -0.7248 -0.6890 0.0012
vn -0.9589 -0.2829 -0.0220
vn 0.9996 0.0068 -0.0257
vn 0.9999 -0.0005 -0.0170
vn 0.9992 0.0176 -0.0345
vn 0.9999 0.0050 -0.0115
vn 0.9973 0.0693 -0.0239
vn 0.9897 0.1413 -0.0229
vn -0.9795 0.2008 -0.0183
vn -0.4617 0.8870 -0.0004
vn 0.1316 0.9913 -0.0074
vn -0.0001 1.0000 -0.0002
vn 0.0013 1.0000 -0.0012
vn -0.0616 -0.9979 -0.0175
vn 0.0532 -0.9949 -0.0858
vn 0.7490 -0.6600 -0.0588
vn 0.0012 0.9999 -0.0154
vn -0.0000 0.9999 -0.0135
vn -0.0005 0.9999 -0.0123
vn -0.0004 1.0000 -0.0016
vn 0.0003 1.0000 -0.0016
vn 0.4672 -0.8840 -0.0175
vn -0.5773 -0.8165 -0.0071
vn 0.9361 -0.3513 -0.0151
vn 0.9758 -0.2156 -0.0378
vn 1.0000 0.0001 0.0001
vn -0.7363 0.6763 -0.0230
vn -0.2870 0.9579 0.0029
vn 0.0123 0.9999 -0.0043
vn 0.0717 0.9974 -0.0094
vn 1.0000 0.0012 -0.0096
vn -0.9995 0.0293 -0.0079
vn -0.9481 0.3180 -0.0004
vn 0.9428 0.3328 -0.0203
vn -0.9027 0.4302 -0.0098
vn 0.8686 0.4954 -0.0041
vn -0.0000 1.0000 -0.0003
vn 0.3619 -0.9320 -0.0193
vn 1.0000 0.0023 -0.0079
vn 0.9139 0.4060 -0.0042
vn 0.4309 0.9024 0.0083
vn -0.0010 1.0000 -0.0007
vn -0.8849 -0.4657 -0.0092
vn 1.0000 -0.0033 -0.0052
vn 0.9991 -0.0429 -0.0020
vn 1.0000 0.0002 -0.0075
vn -0.9936 0.1115 -0.0203
vn 0.9860 0.1653 -0.0215
vn 0.0976 -0.9951 -0.0139
vn -0.2049 -0.9788 -0.0036
vn 0.9997 0.0196 -0.0112
vn 0.8162 0.5776 -0.0108
vn -0.5678 0.8231 0.0100
vn -0.0756 0.9971 -0.0058
vn 0.7744 -0.6312 -0.0427
vn -0.8461 -0.5330 -0.0027
vn 0.9723 -0.2334 -0.0159
vn 1.0000 0.0006 -0.0016
vn 1.0000 0.0036 0.0001
vn 0.9541 0.2994 -0.0045
vn 0.9167 0.3995 0.0026
vn 0.7206 0.6933 -0.0011
vn -0.0009 1.0000 -0.0003
vn 0.2875 -0.9576 -0.0163
vn -0.3466 -0.9380 -0.0075
vn 0.5662 -0.8243 0.0027
vn 0.9983 0.0580 -0.0007
vn 0.7583 0.6519 -0.0044
vn -0.1249 -0.9921 -0.0078
vn -0.6576 -0.7533 0.0099
vn 0.8914 -0.4532 -0.0048
vn 0.6770 0.7358 0.0155
vn -0.7946 -0.6061 -0.0339
vn -1.0000 -0.0000 0.0001
vn 0.1834 0.9816 0.0525
vn 0.2408 -0.9706 -0.0039
vn 0.7226 -0.6913 -0.0015
vn -0.9287 -0.3709 -0.0032
vn 0.1734 -0.9848 -0.0105
vn 1.0000 -0.0030 -0.0008
vn 0.3636 0.9316 0.0038
vn 0.9840 -0.1784 -0.0010
vn 1.0000 0.0008 0.0002
vn 0.9779 0.2093 0.0009
vn 0.8949 0.4462 0.0116
vn -0.0000 1.0000 -0.0001
vn -0.4536 -0.8912 0.0007
vn 1.0000 0.0030 0.0020
vn -0.1453 0.9894 0.0001
vn -0.7596 0.6480 -0.0564
vn 0.2698 0.9628 0.0129
vn -0.0000 1.0000 -0.0000
vn 0.3438 -0.9390 0.0019
vn 0.8374 -0.5463 0.0167
vn 0.9491 -0.3150 0.0022
vn 0.9943 0.1061 -0.0112
vn 0.5484 0.8360 0.0184
vn -0.1041 -0.9945 0.0086
vn 0.4474 -0.8943 0.0018
vn 0.9313 0.3641 0.0101
vn 0.7571 0.6532 -0.0079
vn 0.0359 0.9993 0.0030
vn 0.4487 0.8932 0.0290
vn 0.3598 0.9325 0.0315
vn -0.0075 1.0000 -0.0024
vn -0.0000 -1.0000 -0.0022
vn 0.6712 -0.7412 0.0112
vn -0.9962 -0.0869 -0.0019
vn 1.0000 0.0001 -0.0001
vn -0.9119 0.4074 -0.0498
vn -0.4190 0.9079 0.0113
vn 0.1322 0.9912 0.0079
vn 0.7615 -0.6468 -0.0413
vn 1.0000 -0.0000 -0.0000
vn 0.9494 0.3139 0.0051
vn 0.8551 -0.5182 0.0188
vn 0.1962 0.9802 0.0265
vn 0.0647 0.9979 -0.0028
vn -0.1302 -0.9915 0.0065
vn -0.0311 -0.9995 -0.0005
vn -0.5258 -0.8506 0.0057
vn -0.7502 -0.6610 -0.0129
vn -0.9918 0.1278 0.0002
vn -0.8390 0.5213 -0.1558
vn 0.8523 0.5229 0.0124
vn 0.7925 0.6081 -0.0466
vn 1.0000 0.0001 0.0004
vn 0.0004 1.0000 -0.0001
vn 0.9973 -0.0733 0.0016
vn 1.0000 -0.0000 0.0002
vn 0.5994 0.8004 -0.0074
vn -0.3672 0.9300 0.0155
vn 0.3244 -0.9459 0.0011
vn 0.7646 0.6444 -0.0061
vn 0.9814 0.1917 0.0020
vn 0.8037 0.5944 -0.0260
vn 0.7416 -0.6706 0.0180
vn -0.8324 -0.5541 -0.0129
vn -0.9814 -0.1919 -0.0034
vn 1.0000 -0.0001 0.0004
vn 0.6945 0.7174 0.0556
vn -0.6755 0.7372 0.0141
vn 0.2655 0.9641 0.0021
vn 0.1772 0.9841 -0.0132
vn -0.6083 -0.7937 0.0083
vn -0.9747 0.2236 0.0031
vn 0.9991 0.0418 0.0006
vn 0.9172 0.3982 0.0108
vn 0.6441 0.7618 -0.0693
vn 0.6047 -0.7964 0.0132
vn -0.9510 -0.3092 -0.0000
vn 0.9936 0.1127 0.0024
vn 0.5208 0.8535 0.0171
vn 0.1445 0.9895 -0.0057
vn 0.5264 -0.8502 0.0048
vn 0.7043 -0.7096 0.0204
vn 0.9736 -0.2284 0.0027
vn 0.9999 -0.0155 -0.0040
vn 0.8587 0.5122 0.0151
vn -0.7683 0.6398 -0.0189
vn 0.6858 0.7254 0.0590
vn 0.1122 0.9937 0.0004
vn 1.0000 -0.0000 0.0001
vn -0.5812 0.8136 0.0142
vn 0.6518 0.7566 0.0527
vn 0.4768 0.8743 0.0909
vn 0.9382 -0.3461 0.0060
vn 0.9111 -0.4121 0.0058
vn -0.8196 0.5727 0.0146
vn -0.2069 -0.9784 0.0027
vn 1.0000 0.0033 0.0074
vn 0.6141 0.7890 0.0188
vn -0.4472 0.8921 -0.0653
vn -0.3868 0.9218 0.0269
vn 0.1943 0.9809 -0.0066
vn 0.1276 0.9918 0.0059
vn 0.1348 -0.9909 0.0009
vn 0.8572 0.5148 0.0152
vn -0.9037 -0.4282 0.0026
vn -0.9113 0.4117 0.0069
vn -0.8713 0.4906 0.0082
vn 0.1359 0.9907 -0.0051
vn 0.7156 0.6983 0.0164
vn -0.0374 0.9993 -0.0002
vn 0.8063 -0.5910 0.0245
vn -0.7272 0.6863 0.0154
vn 0.5013 0.8630 0.0631
vn 0.2025 0.9792 0.0127
vn -0.6908 -0.7230 0.0085
vn 1.0000 0.0007 -0.0002
vn 0.7069 0.7069 0.0251
vn 0.6058 -0.7956 0.0061
vn 0.6689 -0.7432 0.0154
vn 0.8269 0.5622 -0.0068
vn 0.0078 1.0000 0.0019
vn -0.5225 0.8526 0.0058
vn 0.0871 0.9962 0.0041
vn -0.9996 -0.0285 -0.0000
vn 0.8114 0.5843 -0.0118
vn 0.5058 0.8626 -0.0022
vn 0.2844 0.9587 0.0041
vn 0.2162 -0.9764 0.0039
vn 0.9998 -0.0171 0.0039
vn -0.9465 0.3227 0.0026
vn 0.8760 0.4821 0.0136
vn 0.8075 0.5869 0.0590
vn 0.9995 0.0331 -0.0014
vn 0.9716 0.2364 0.0066
vn 0.7292 0.6743 0.1161
vn 0.4552 0.8904 0.0043
vn -0.2834 0.9547 -0.0912
vn 0.8416 0.5400 0.0088
vn -0.3332 -0.9429 0.0019
vn -0.7719 -0.6335 -0.0530
vn 1.0000 -0.0001 -0.0002
vn 1.0000 0.0001 -0.0002
vn 0.8893 -0.4574 0.0013
vn 0.9933 -0.1156 -0.0030
vn 0.9924 0.1229 0.0020
vn 0.0588 -0.9983 -0.0029
vn -0.9671 -0.2543 -0.0005
vn 0.9998 -0.0182 -0.0014
vn -0.9757 0.2193 0.0030
vn 0.8516 0.5242 0.0032
vn 0.5492 0.8356 0.0091
vn 0.0573 0.9984 -0.0003
vn 0.4213 -0.9068 0.0152
vn 0.6396 0.7687 0.0017
vn -0.2837 0.9589 0.0024
vn -0.4084 -0.9128 0.0004
vn 0.9340 0.3571 0.0117
vn -0.0007 -1.0000 -0.0004
vn 0.7398 0.6728 0.0096
vn 0.0015 1.0000 0.0007
vn 1.0000 -0.0000 -0.0004
vn -0.8523 0.5230 0.0003
vn 0.7102 0.7039 0.0051
vn 0.2621 0.9650 0.0030
vn 0.0528 0.9986 0.0011
vn 0.1553 0.9878 0.0060
vn 1.0000 0.0011 -0.0021
vn 0.9022 0.4312 0.0065
vn -0.5925 0.8056 0.0021
vn 0.3715 0.9284 0.0039
vn -0.9990 0.0447 0.0001
vn 0.8131 0.5821 0.0046
vn -0.5236 -0.8520 0.0018
vn 1.0000 0.0014 0.0011
vn -0.7554 0.6534 -0.0498
vn 1.0000 0.0019 0.0011
vn 0.9749 0.2228 0.0019
vn 0.9994 -0.0339 -0.0063
vn 0.4782 0.8783 0.0041
vn -0.6412 -0.7674 0.0006
vn 1.0000 0.0001 0.0002
vn -0.1882 0.9821 -0.0038
vn -0.0701 0.9975 -0.0005
vn -0.9788 -0.2048 0.0004
vn 0.7614 0.6463 -0.0510
vn -0.6816 0.7316 0.0098
vn -0.4840 0.8751 0.0060
vn 0.9470 -0.3211 0.0006
vn -0.0002 1.0000 -0.0000
vn -0.0005 1.0000 -0.0001
vn -0.1248 -0.9922 -0.0007
vn -0.2559 -0.9667 -0.0008
vn 0.3904 -0.9206 0.0006
vn 0.9225 -0.3861 -0.0004
vn 0.9875 0.1578 0.0043
vn -0.3766 0.9264 0.0041
vn 0.9993 0.0367 0.0027
vn -0.6634 -0.7483 0.0001
vn 0.6815 -0.7318 0.0025
vn 0.8300 0.5578 0.0008
vn -0.2633 0.9647 -0.0029
vn 0.5846 0.8113 0.0023
vn 0.1186 -0.9929 0.0011
vn -0.8680 -0.4966 0.0009
vn -0.8071 0.5894 -0.0363
vn 0.7100 0.7042 0.0027
vn 0.0004 1.0000 0.0001
vn -0.0005 -1.0000 -0.0002
vn 0.0005 1.0000 0.0001
vn -0.6665 0.7455 0.0016
vn 0.4490 0.8935 0.0013
vn 0.1978 0.9802 0.0019
vn 0.3219 0.9468 0.0021
vn 0.7264 -0.6839 -0.0681
vn 0.9573 0.2892 0.0049
vn 0.8654 0.5006 0.0196
vn -0.9908 0.1354 0.0010
vn 0.7898 0.6127 -0.0298
vn 0.6563 -0.7544 0.0158
vn 1.0000 -0.0080 0.0009
vn 0.2768 -0.9609 0.0019
vn 0.5591 -0.8291 0.0066
vn -0.5750 -0.8181 0.0005
vn -0.7023 -0.7119 0.0001
vn 0.8174 -0.5760 -0.0012
vn 1.0000 0.0004 0.0029
vn 0.9313 0.3641 -0.0085
vn 0.4500 -0.8923 0.0370
vn -0.8946 0.4468 0.0096
vn -0.5092 0.8607 -0.0007
vn 0.0490 -0.9988 0.0003
vn -0.5028 -0.8644 -0.0007
vn 0.6941 0.7199 0.0013
vn -0.0136 0.9999 -0.0024
vn -0.3224 -0.9466 -0.0026
vn -0.7920 0.6096 -0.0343
vn 0.2680 0.9634 -0.0012
vn -0.0006 1.0000 0.0018
vn 0.9788 -0.2047 -0.0001
vn 0.9958 -0.0911 -0.0014
vn 0.6296 0.7769 0.0097
vn -0.1746 0.9846 -0.0024
vn -0.9135 -0.4069 -0.0008
vn 0.8282 0.5604 -0.0087
vn 0.9570 0.2900 0.0001
vn 0.9863 0.1647 -0.0011
vn -0.0710 0.9975 -0.0011
vn 0.1863 -0.9825 0.0013
vn 1.0000 0.0006 -0.0003
vn 0.8074 0.5898 -0.0126
vn 0.1414 0.9900 -0.0008
vn -0.7984 -0.5992 -0.0596
vn -1.0000 -0.0000 -0.0000
vn 0.9980 -0.0634 0.0038
vn 0.8786 -0.4775 0.0026
vn 1.0000 0.0006 -0.0002
vn 0.8228 0.5681 0.0168
vn -0.2674 0.9636 0.0031
vn 0.9994 0.0349 0.0042
vn 0.7282 0.6850 0.0224
vn 0.5326 0.8464 -0.0015
vn 0.3928 0.9196 -0.0017
vn -0.2173 0.9761 -0.0017
vn -0.0003 1.0000 -0.0000
vn 0.9536 -0.3010 -0.0009
vn -0.7404 0.6722 -0.0002
vn 0.8916 0.4526 0.0117
vn 0.9186 -0.3952 -0.0042
vn -0.9545 -0.2982 -0.0003
vn 0.6006 0.7995 0.0031
vn 0.2962 0.9551 -0.0106
vn 0.9827 -0.1854 0.0014
vn -0.2145 -0.9767 -0.0007
vn 1.0000 -0.0000 -0.0002
vn 0.9995 -0.0324 -0.0027
vn 0.9954 0.0961 0.0065
vn -0.9941 -0.1084 -0.0001
vn -0.9051 0.4252 0.0014
vn -0.8410 0.5410 -0.0007
vn 0.4873 0.8732 0.0094
vn 1.0000 -0.0003 0.0009
vn 1.0000 -0.0000 -0.0012
vn 1.0000 0.0004 -0.0002
vn 0.9824 0.1866 -0.0042
vn -0.6864 0.7273 -0.0003
vn 0.6343 0.7731 -0.0057
vn 1.0000 -0.0003 0.0002
vn 1.0000 -0.0000 -0.0017
vn -0.8545 -0.5195 -0.0009
vn 0.9511 -0.3087 -0.0074
vn -0.6068 0.7948 0.0053
vn -0.0333 0.9994 0.0032
vn 0.4681 -0.8837 0.0001
vn 0.6514 -0.7582 -0.0276
vn 0.7959 -0.6054 -0.0018
vn 0.2223 0.9750 -0.0058
vn 0.9997 0.0240 0.0092
vn 0.8061 0.5916 -0.0164
vn -0.3359 0.9419 -0.0047
vn -0.1257 0.9921 0.0001
vn -0.4109 -0.9117 -0.0003
vn -0.6093 -0.7929 -0.0002
vn -0.9431 0.3325 0.0010
vn 0.8651 0.5015 -0.0038
vn 0.2113 -0.9774 0.0010
vn 0.1981 -0.9802 0.0017
vn 0.9656 0.2600 -0.0069
vn 0.9239 0.2899 0.2498
vn 1.0000 0.0003 -0.0000
vn 0.2444 0.9696 -0.0150
vn 0.2622 0.9650 -0.0116
vn 0.2884 0.9575 0.0043
vn 0.8836 0.4682 -0.0037
vn -0.8541 0.5200 -0.0015
vn -0.7454 -0.6666 -0.0006
vn 1.0000 -0.0003 0.0003
vn -0.9743 0.2253 -0.0000
vn 0.6789 0.7343 0.0016
vn -0.1953 0.9807 -0.0040
vn -0.9924 0.1231 -0.0002
vn 0.7398 0.6703 -0.0585
vn 0.9666 -0.2564 -0.0005
vn 0.5325 0.8464 -0.0019
vn 0.0017 1.0000 -0.0054
vn 1.0000 -0.0005 0.0009
vn 1.0000 -0.0001 -0.0003
vn 1.0000 0.0002 0.0001
vn 0.6212 0.7837 -0.0016
vn 0.9895 -0.1443 -0.0040
vn 0.9860 0.1668 0.0084
vn 0.1367 -0.9906 0.0018
vn 0.4101 -0.9120 0.0001
vn -0.9781 -0.2081 -0.0002
vn 0.7290 -0.6825 -0.0521
vn 0.9992 0.0411 -0.0011
vn 0.6775 0.7355 -0.0031
vn 0.1497 0.9887 0.0053
vn -0.0868 0.9962 0.0042
vn 0.9984 -0.0560 -0.0084
vn 0.9983 0.0581 -0.0006
vn 0.9714 0.2356 0.0284
vn 0.9537 0.2586 -0.1535
vn 0.6962 0.7089 -0.1131
vn -0.4879 0.8729 -0.0071
vn 0.3928 0.9193 -0.0242
vn 0.0966 0.9953 0.0039
vn 0.9374 -0.3483 0.0066
vn -0.6962 0.7178 -0.0005
vn 0.6900 -0.7238 0.0020
vn -0.7854 0.6167 -0.0533
vn 0.6366 -0.7712 0.0042
vn 0.4574 0.8892 -0.0068
vn -0.2809 0.9597 -0.0001
vn -0.0007 1.0000 -0.0003
vn 0.5756 0.8177 0.0018
vn 0.2359 0.9718 -0.0003
vn -0.8880 0.4596 -0.0118
vn 0.8767 0.4810 -0.0030
vn -0.8468 0.5319 0.0057
vn 0.6424 0.7663 -0.0050
vn 0.5475 -0.8368 0.0005
vn -0.0001 1.0000 0.0001
vn -1.0000 -0.0005 0.0001
vn -1.0000 -0.0001 0.0003
vn 0.9634 0.2682 0.0007
vn 0.2899 0.9570 0.0021
vn 0.3397 0.9405 0.0010
vn 0.4219 0.9066 -0.0012
vn 0.2937 -0.9559 0.0005
vn 0.9351 -0.3543 -0.0023
vn 0.9950 -0.1000 0.0001
vn 1.0000 0.0005 -0.0004
vn -0.7566 0.6514 -0.0566
vn 0.6596 0.7512 0.0241
vn -0.1796 0.9837 -0.0013
vn -0.9441 -0.3298 0.0002
vn 0.0069 1.0000 -0.0003
vn 0.7912 0.6110 -0.0251
vn 0.0006 1.0000 -0.0001
vn 0.0116 0.9999 0.0004
vn 0.0264 0.9996 0.0024
vn 0.8286 -0.5598 0.0005
vn 0.8784 -0.4779 0.0011
vn 0.9995 -0.0315 0.0012
vn 1.0000 -0.0053 -0.0031
vn -0.0019 1.0000 0.0045
vn 0.0187 -0.9998 0.0006
vn -0.8667 0.4989 -0.0010
vn 0.7258 0.6877 0.0138
vn 0.9909 -0.1297 0.0370
vn -0.9928 -0.1196 0.0002
vn 0.7695 -0.6380 -0.0274
vn -1.0000 0.0008 0.0008
vn 0.9688 0.2477 0.0050
vn 0.6880 0.7255 0.0169
vn -0.0330 0.9994 -0.0126
vn 0.1298 0.9915 -0.0095
vn -0.2777 -0.9607 -0.0003
vn 0.9207 0.3902 -0.0011
vn 0.3779 0.9258 -0.0043
vn 0.2052 0.9787 -0.0048
vn -0.6975 -0.7166 0.0007
vn 0.9998 -0.0200 -0.0010
vn 0.7562 0.6534 -0.0340
vn -0.3558 -0.9346 0.0011
vn 0.9497 0.3127 0.0168
vn -0.1210 -0.9927 -0.0003
vn -0.9005 -0.4349 -0.0011
vn 0.9999 -0.0122 0.0056
vn -0.4302 0.9027 0.0002
vn 0.9646 0.2631 0.0157
vn -0.5571 0.8305 0.0004
vn -0.9996 0.0282 0.0002
vn 0.8061 0.5897 -0.0499
vn 0.6422 0.7664 -0.0133
vn -0.2425 0.9701 0.0024
vn 1.0000 0.0007 0.0023
vn 0.9798 0.1996 0.0109
vn 0.6280 -0.7782 0.0012
vn -0.0001 1.0000 -0.0001
vn -0.5430 -0.8397 0.0016
vn -0.6317 -0.7752 -0.0001
vn 0.8553 0.5181 0.0070
vn 0.5317 0.8469 -0.0103
vn 0.9578 0.2875 -0.0019
vn 0.7575 0.6224 0.1970
vn 0.4756 0.8796 0.0039
vn -0.3052 0.9523 0.0031
vn -0.7816 -0.6219 -0.0479
vn 0.8664 0.4993 -0.0007
vn 0.2979 0.9546 -0.0014
vn -0.4570 -0.8895 0.0006
vn -0.9741 0.2260 0.0018
vn -0.2027 -0.9792 -0.0000
vn 0.8395 0.5433 -0.0024
vn 0.9879 0.1550 -0.0023
vn 0.9993 0.0373 0.0024
vn 1.0000 -0.0012 -0.0013
vn 0.9164 0.4001 -0.0090
vn 0.7516 0.6583 0.0416
vn 0.6655 0.7455 0.0364
vn 0.1620 0.9868 0.0060
vn -0.0293 0.9989 -0.0379
vn 0.0967 0.9953 0.0107
vn 0.2706 -0.9627 0.0006
vn 1.0000 0.0041 0.0060
vn 0.8393 0.5437 0.0064
vn 0.4185 0.8939 -0.1607
vn 0.9761 -0.1827 -0.1176
vn -0.6491 0.7607 -0.0034
vn -0.3867 0.9222 0.0002
vn 0.4068 0.9135 0.0029
vn 0.8382 -0.4210 0.3466
vn -0.9502 0.3115 0.0012
vn 0.4835 -0.8753 0.0045
vn -0.9928 0.1196 -0.0007
vn -0.7333 0.6797 0.0145
vn 0.6705 0.7193 -0.1819
vn 0.8202 0.5721 -0.0006
vn -0.8963 -0.4435 0.0001
vn 0.9751 -0.2215 0.0031
vn 0.9999 -0.0167 0.0045
vn 0.5452 0.8380 0.0252
vn 0.8919 0.4522 0.0002
vn -0.8063 0.5888 -0.0570
vn -0.7863 0.6156 -0.0530
vn 0.7899 0.6131 -0.0152
vn 0.6231 0.7821 -0.0084
vn 0.4079 0.9129 0.0130
vn 0.1349 0.9909 -0.0024
vn -0.0011 -1.0000 -0.0000
vn -0.7039 -0.7103 -0.0006
vn 0.8158 -0.5586 0.1499
vn 0.9217 0.3878 -0.0003
vn 1.0000 0.0003 0.0001
vn -0.2154 0.9764 0.0128
vn 0.0548 0.9979 -0.0354
vn 0.6429 -0.7660 -0.0035
vn 0.2622 0.9650 -0.0000
vn -0.0779 0.9970 0.0025
vn 0.0245 0.9990 -0.0364
vn 0.7350 -0.6779 0.0171
vn 0.9515 -0.3078 -0.0000
vn 0.8750 0.4841 -0.0006
vn 0.7285 0.6850 0.0020
vn 0.7731 -0.6324 -0.0476
vn -0.2930 -0.9561 0.0010
vn 0.4241 -0.9056 0.0011
vn 0.9932 -0.1159 0.0057
vn 0.9153 0.4029 -0.0012
vn -0.6237 0.7816 -0.0006
vn 0.9603 0.2789 0.0003
vn -0.9035 0.4286 0.0061
vn 0.0018 1.0000 0.0004
vn 0.7895 0.6134 -0.0209
vn -0.9744 -0.2249 0.0011
vn 0.5552 0.8316 0.0146
vn 0.3205 0.5121 -0.7969
vn -0.9994 -0.0340 0.0113
vn 0.3046 0.9525 0.0048
vn -0.0286 0.9996 0.0028
vn 0.5480 -0.8365 0.0012
vn 0.9865 0.1625 0.0193
vn 0.9883 0.1032 0.1120
vn 0.9182 0.3962 -0.0026
vn -0.3923 -0.9199 0.0008
vn -0.5171 0.8559 0.0023
vn 0.2060 0.9785 0.0038
vn -0.5635 -0.8261 0.0008
vn 0.5202 0.8530 0.0429
vn 0.0002 1.0000 0.0003
vn -0.0189 -0.9998 -0.0000
vn 0.0977 0.9952 -0.0087
vn 0.0194 0.9998 -0.0020
vn 0.8567 0.5158 0.0055
vn -0.1116 -0.9937 0.0003
vn 0.9412 -0.3379 0.0019
vn 0.6702 0.7422 -0.0048
vn -0.3632 0.9317 0.0052
vn 0.0358 0.9994 0.0009
vn -0.7503 -0.6610 0.0010
vn 0.9867 0.1576 -0.0400
vn -0.8164 0.5740 -0.0635
vn -0.5759 0.8175 -0.0004
vn -0.2543 0.9671 0.0084
vn -0.1101 0.9939 0.0106
vn -0.0008 1.0000 0.0003
vn -0.4947 -0.8691 -0.0009
vn 0.1786 -0.9839 -0.0015
vn 0.7114 -0.7027 0.0111
vn 0.7866 -0.6166 -0.0322
vn -0.7544 0.6564 -0.0031
vn -0.9498 -0.3130 0.0003
vn -0.6914 0.7225 0.0019
vn -0.8186 -0.5710 -0.0625
vn 1.0000 0.0002 -0.0002
vn -0.9287 0.3708 0.0032
vn 0.3379 0.9411 -0.0122
vn -0.6309 -0.7759 0.0002
vn 0.8715 0.4853 -0.0706
vn 0.3938 0.9191 0.0132
vn 0.1516 0.9884 -0.0025
vn -0.0199 0.9998 0.0076
vn -0.0240 -0.9997 0.0009
vn 0.6639 -0.7478 0.0080
vn 0.9996 -0.0282 0.0085
vn 0.9564 0.2918 0.0154
vn 0.8312 0.5487 -0.0893
vn 0.7152 0.6989 -0.0005
vn 1.0000 -0.0010 -0.0002
vn 1.0000 -0.0000 -0.0003
vn 1.0000 0.0001 -0.0011
vn 1.0000 0.0005 0.0015
vn 0.8612 0.5083 -0.0030
vn -0.2046 0.9787 -0.0167
vn 0.2649 0.9642 0.0114
vn 0.9985 -0.0552 -0.0009
vn 0.8995 -0.4368 0.0058
vn -0.9981 0.0623 0.0013
vn -0.9754 0.2206 -0.0031
vn -0.2130 -0.9771 0.0013
vn 0.9994 0.0347 -0.0007
vn -0.0012 1.0000 0.0004
vn 0.0013 1.0000 -0.0001
vn 0.0503 0.9987 -0.0057
vn 0.9789 -0.2044 -0.0032
vn -0.0425 0.9990 -0.0099
vn -0.1122 0.9933 -0.0286
vn -0.4652 0.8852 -0.0078
vn 1.0000 -0.0000 0.0007
vn 0.9769 0.2137 0.0061
vn 0.7909 0.6107 -0.0393
vn 0.6879 0.7258 -0.0058
vn 0.6901 0.7237 -0.0011
vn 0.6801 0.7331 -0.0079
vn 0.6497 0.7602 0.0013
vn 1.0000 -0.0001 0.0008
vn -0.8869 0.4619 0.0014
vn 0.6856 0.7280 -0.0057
vn 0.4465 0.8948 0.0065
vn 0.5125 -0.8587 -0.0021
vn 0.9840 0.1781 0.0067
vn 0.0807 0.9967 0.0028
vn -0.6955 -0.7185 -0.0043
vn -0.7885 0.6139 -0.0391
vn 0.3678 0.9299 0.0041
vn 0.3192 -0.9477 -0.0037
vn 0.4541 -0.8910 -0.0008
vn 0.8530 -0.5220 -0.0012
vn 0.8117 0.5839 0.0145
vn -0.6957 0.7184 -0.0004
vn -0.0832 0.9965 0.0012
vn -0.3216 -0.9469 -0.0013
vn 0.7086 0.7056 -0.0009
vn -0.1688 0.9856 -0.0008
vn 0.9077 -0.4194 -0.0120
vn 0.9885 -0.1512 -0.0046
vn 0.5053 0.8629 0.0062
vn -0.2968 0.9549 -0.0010
vn 0.1571 0.9876 -0.0017
vn 0.9359 0.3522 -0.0095
vn -0.7341 0.6787 0.0200
vn 0.2493 0.9684 0.0038
vn 0.0030 1.0000 -0.0005
vn -0.4329 -0.9014 0.0001
vn -0.6563 0.7545 0.0001
vn 0.0006 -0.9996 0.0267
vn 0.7344 -0.6758 -0.0631
vn -0.9139 -0.4059 -0.0021
vn 0.9530 -0.3031 -0.0002
vn 0.0145 0.9999 0.0030
vn 0.0391 0.9992 0.0043
vn 0.9961 0.0886 0.0013
vn -0.0054 1.0000 0.0022
vn -0.0064 1.0000 -0.0011
vn -0.8733 -0.4871 -0.0023
vn -0.9827 -0.1854 0.0001
vn -0.5815 0.8135 0.0030
vn 0.5531 0.8331 0.0014
vn 0.4668 0.8839 -0.0291
vn 1.0000 -0.0003 -0.0005
vn 1.0000 0.0004 -0.0009
vn -0.9895 0.1442 0.0007
vn -0.0482 0.9988 -0.0010
vn 0.9748 0.2228 -0.0089
vn 0.8983 0.4384 -0.0298
vn 0.7863 0.6148 -0.0611
vn -0.9128 0.4085 0.0005
vn -0.5594 0.8288 -0.0108
vn 0.5560 -0.8312 -0.0001
vn -0.3040 0.9527 0.0032
vn 0.9994 -0.0355 0.0046
vn 0.9715 -0.2368 -0.0023
vn -0.5267 -0.8500 -0.0048
vn 0.3422 0.9396 0.0018
vn 0.2339 0.9723 0.0019
vn 0.1183 0.9928 -0.0164
vn 0.9998 0.0176 0.0004
vn 0.8842 0.4672 0.0008
vn 0.9419 0.3358 -0.0058
vn -0.1170 -0.9931 0.0002
vn -0.7746 -0.6323 -0.0107
vn 0.9132 -0.4075 0.0025
vn 0.5962 0.8025 -0.0244
vn 0.1082 0.9941 0.0006
vn 0.6849 0.7286 -0.0004
vn 0.6612 0.7502 0.0024
vn 0.0146 0.9999 -0.0006
vn 0.1334 -0.9911 -0.0013
vn 0.9998 0.0221 -0.0022
vn -0.2488 0.9686 0.0012
vn 1.0000 0.0001 -0.0000
vn -0.9502 0.3116 -0.0047
vn -0.8588 0.5123 -0.0005
vn -0.0007 1.0000 0.0004
vn -0.0002 1.0000 0.0001
vn 1.0000 -0.0001 0.0012
vn 0.9447 -0.3280 -0.0036
vn 0.8411 0.5409 -0.0047
vn 0.8069 0.5907 0.0001
vn 0.7841 0.6203 0.0199
vn -0.0020 1.0000 0.0007
vn 0.9515 -0.3077 0.0010
vn -0.6300 0.7766 -0.0041
vn -0.2185 -0.9758 0.0008
vn 1.0000 -0.0001 -0.0000
vn 0.9073 0.4205 -0.0021
vn -0.0000 1.0000 0.0002
vn 0.2253 -0.9743 -0.0028
vn -0.6095 -0.7927 -0.0124
vn -0.8163 0.5776 0.0086
vn 0.0268 0.9996 -0.0034
vn 0.6687 -0.7434 -0.0140
vn 0.5434 0.8390 -0.0298
vn 0.9957 -0.0909 0.0180
vn 0.6443 0.7647 0.0037
vn 0.7647 -0.6443 -0.0080
vn 0.8642 -0.5032 -0.0006
vn -0.5344 0.8451 -0.0129
vn 0.2652 0.9642 -0.0003
vn 0.7126 0.7016 -0.0025
vn 0.4172 0.9088 -0.0006
vn -0.1097 0.9940 -0.0025
vn 0.4358 -0.9000 -0.0070
vn 0.9899 -0.1414 0.0119
vn 0.9996 0.0294 0.0023
vn -0.0692 0.9976 0.0009
vn -0.0159 0.9999 -0.0010
vn -0.9993 -0.0003 0.0380
vn 1.0000 -0.0000 0.0010
vn 1.0000 0.0001 0.0005
vn -0.9728 0.2316 -0.0004
vn 0.0023 1.0000 -0.0006
vn 0.6411 0.7674 -0.0100
vn 0.9930 -0.1184 0.0013
vn 0.9412 -0.3378 -0.0010
vn -0.7660 0.6408 -0.0513
vn 0.9564 0.2921 -0.0043
vn 0.5121 0.8589 -0.0045
vn -0.3807 0.9247 -0.0057
vn -0.8400 -0.5391 -0.0617
vn 0.7821 0.6211 -0.0501
vn 0.5794 0.8150 -0.0015
vn 0.9996 -0.0268 -0.0023
vn -0.9993 0.0004 0.0369
vn 1.0000 0.0004 -0.0004
vn -0.4052 -0.9142 -0.0054
vn -0.9397 -0.3421 -0.0021
vn 0.9808 -0.1948 -0.0100
vn 1.0000 -0.0003 -0.0017
vn 0.6878 0.7258 -0.0133
vn -0.0116 0.9999 -0.0007
vn 0.8441 -0.5354 0.0299
vn 0.7573 0.6529 -0.0175
vn 0.6500 0.7599 0.0001
vn 0.3684 0.9271 -0.0690
vn -0.6980 0.7160 -0.0137
vn 0.6927 0.7212 0.0013
vn -0.1822 0.9833 0.0018
vn 0.0804 0.9968 -0.0011
vn 0.5685 -0.8225 -0.0185
vn 0.9988 -0.0486 -0.0072
vn 0.5973 0.8020 -0.0015
vn -0.8950 -0.4461 -0.0045
vn -0.8393 0.5433 -0.0212
vn -0.3028 -0.9531 -0.0010
vn 0.8965 -0.4429 -0.0088
vn 0.9880 0.1542 0.0003
vn 0.8685 0.4957 -0.0066
vn 0.8147 0.5782 -0.0450
vn 0.1867 0.9824 0.0024
vn -0.0016 1.0000 0.0060
vn -0.0004 1.0000 0.0001
vn -0.0009 -1.0000 0.0022
vn -0.5069 0.8620 -0.0106
vn 0.6441 -0.7648 -0.0120
vn -0.6615 -0.7497 -0.0172
vn -0.7677 0.6384 -0.0544
vn 0.6998 0.7143 -0.0096
vn 0.9305 0.3662 -0.0033
vn 0.4968 0.8652 -0.0687
vn -0.9056 0.4241 -0.0059
vn 0.7830 0.6210 -0.0354
vn 0.9894 -0.1449 -0.0021
vn 0.6993 -0.7122 -0.0617
vn 0.9755 -0.2200 0.0096
vn 1.0000 -0.0000 -0.0001
vn 0.3089 0.9511 0.0043
vn 0.8874 0.4609 -0.0098
vn -0.7372 -0.6755 -0.0156
vn 0.9004 -0.4347 -0.0162
vn 1.0000 -0.0020 -0.0093
vn 0.9999 -0.0154 -0.0006
vn 1.0000 0.0050 0.0006
vn 0.6718 0.7404 -0.0227
vn -0.1777 0.9841 0.0070
vn 0.0028 1.0000 0.0018
vn 0.0748 0.9972 0.0018
vn 0.7795 0.6243 -0.0512
vn -0.7372 0.6756 -0.0118
vn 0.4279 0.9000 -0.0833
vn 0.3399 -0.9404 -0.0044
vn -0.7929 -0.6072 -0.0522
vn 0.4494 0.8930 -0.0244
vn -0.3891 0.9212 0.0019
vn -0.5373 -0.8434 -0.0065
vn 0.9990 0.0454 0.0042
vn 0.9691 0.2465 0.0022
vn -0.6246 0.7809 -0.0117
vn 0.2644 -0.9643 0.0127
vn 0.4562 0.8898 0.0108
vn -0.4471 -0.8945 -0.0054
vn 0.5268 0.8500 -0.0051
vn 0.0005 0.9995 0.0306
vn 0.9608 -0.2773 0.0057
vn 0.9806 -0.1961 0.0009
vn -0.0004 0.9997 0.0230
vn -0.0007 -0.9988 0.0486
vn 0.0886 -0.9960 0.0133
vn 0.9975 -0.0709 0.0039
vn -0.8764 0.4816 -0.0075
vn 0.8341 0.5509 -0.0262
vn -0.0096 0.9999 0.0065
vn 0.7594 -0.6484 -0.0536
vn -0.6188 -0.7855 -0.0114
vn 0.6443 -0.7647 -0.0095
vn -0.9915 -0.1280 0.0235
vn 0.4794 0.8773 -0.0241
vn -0.2181 -0.9754 0.0317
vn -0.8831 -0.4691 0.0005
vn 0.8181 -0.5748 -0.0170
vn 0.8063 0.5914 -0.0086
vn -0.6896 0.7242 -0.0052
vn -0.2898 0.9571 -0.0025
vn -0.0476 -0.9988 0.0103
vn 0.7561 0.6542 -0.0159
vn 0.5352 -0.8447 -0.0075
vn -0.9992 0.0208 0.0353
vn 0.7428 0.6690 -0.0264
vn -0.0011 -0.9986 0.0531
vn 0.9441 -0.3290 0.0201
vn -0.9705 -0.2396 0.0255
vn 0.9948 0.1015 0.0043
vn 0.7545 0.6490 -0.0975
vn -0.0473 0.9989 0.0026
vn 0.0109 0.9999 0.0044
vn 0.0791 0.9969 -0.0034
vn 0.7095 -0.7047 -0.0055
vn -0.9484 0.3170 0.0011
vn 0.0003 1.0000 0.0002
vn -0.1344 -0.9904 0.0308
vn 0.1908 -0.9812 0.0274
vn -0.3662 -0.9305 0.0019
vn 0.9909 -0.1317 0.0260
vn 0.5347 0.8450 -0.0000
vn -0.5460 0.8377 -0.0104
vn -0.6916 -0.7222 -0.0112
vn 1.0000 0.0001 -0.0004
vn 0.7343 0.6773 -0.0463
vn 0.2816 0.9593 -0.0197
vn 0.0009 0.9997 0.0258
vn 1.0000 0.0008 0.0053
vn -0.9808 0.1935 0.0242
vn 0.9403 0.3403 -0.0001
vn -0.5784 0.8158 0.0037
vn -0.4172 0.9088 -0.0063
vn -0.0004 1.0000 0.0011
vn 0.0299 -0.9979 0.0566
vn 0.8547 -0.5186 -0.0222
vn 0.9998 0.0219 0.0002
vn -0.9176 0.3973 0.0122
vn 0.6250 0.7806 -0.0019
vn 0.0273 0.9996 0.0098
vn 0.0001 0.9997 0.0259
vn -0.4205 -0.9066 0.0348
vn 0.9028 -0.4298 0.0135
vn 0.9243 -0.3816 0.0011
vn 0.0001 -0.9991 0.0428
vn 0.4376 -0.8991 0.0058
vn 1.0000 -0.0023 0.0007
vn 0.3538 -0.9352 0.0141
vn 0.6006 -0.7995 0.0093
vn -0.9984 0.0003 0.0569
vn 1.0000 0.0003 0.0004
vn 0.0017 0.9999 0.0166
vn 0.0053 0.9999 0.0088
vn 0.0007 0.9998 0.0191
vn -0.8212 -0.5701 -0.0254
vn -0.9090 -0.4158 0.0281
vn -0.9827 -0.1834 0.0263
vn 0.8152 0.5345 -0.2230
vn 0.7720 0.6355 0.0120
vn -0.0001 0.9996 0.0276
vn -0.5447 -0.8380 0.0338
vn -0.0590 0.9982 0.0072
vn -0.0122 0.9990 0.0424
vn -0.6419 -0.7668 0.0103
vn 0.9421 0.3030 0.1439
vn 0.4293 0.9032 -0.0028
vn 0.1046 0.9945 0.0005
vn -0.8226 0.5669 -0.0435
vn -0.7883 0.6150 -0.0174
vn 0.8378 0.5055 -0.2062
vn -0.0013 1.0000 0.0084
vn -0.0001 0.9999 0.0112
vn 0.7633 -0.6430 -0.0632
vn -0.9954 0.0931 0.0205
vn -0.2892 0.9572 0.0078
vn -0.0004 1.0000 0.0090
vn -0.7750 -0.6305 -0.0422
vn 0.9997 0.0010 0.0233
vn 0.9482 0.3062 0.0843
vn 0.6166 0.7872 0.0124
vn -0.3083 -0.9506 0.0374
vn -0.9429 -0.3320 0.0253
vn 0.9667 -0.2534 0.0352
vn 0.9966 -0.0813 0.0092
vn 0.9999 -0.0001 0.0168
vn -0.5108 0.8597 0.0064
vn -0.3528 0.9356 0.0139
vn 0.3684 0.9296 0.0059
vn -0.0018 1.0000 0.0088
vn 0.8460 -0.5326 0.0250
vn 0.7527 0.6584 -0.0056
vn 0.5529 0.7447 0.3738
vn 0.5105 0.8594 0.0285
vn -0.4521 0.8919 0.0084
vn -0.8836 0.4617 0.0776
vn 0.2215 0.9751 0.0056
vn -0.9569 0.2888 0.0302
vn 0.9699 0.2426 0.0211
vn 0.5129 -0.8582 0.0187
vn -0.7130 -0.7006 0.0276
vn -0.0228 0.9959 0.0876
vn 0.6469 -0.7618 0.0350
vn -0.7758 -0.6310 -0.0094
vn 0.9539 0.2994 0.0195
vn -0.6270 0.7784 0.0311
vn 0.1354 0.9906 0.0198
vn -0.0772 0.9960 0.0452
vn -0.9954 -0.0803 0.0514
vn 0.9999 -0.0001 0.0172
vn 0.9999 -0.0076 0.0139
vn 0.8840 0.4673 0.0152
vn 0.8056 0.5925 -0.0054
vn 0.0713 0.9971 0.0261
vn 0.4199 -0.9063 0.0480
vn 0.9973 0.0038 0.0729
vn 0.9986 0.0396 0.0360
vn 0.9959 0.0773 0.0477
vn -0.7464 0.6647 0.0313
vn -0.5179 0.8549 0.0307
vn 0.3991 0.9155 0.0516
vn 0.0036 1.0000 0.0030
vn 0.0030 0.9993 0.0366
vn 0.9999 -0.0165 0.0045
vn 1.0000 -0.0026 0.0057
vn 0.9987 -0.0065 0.0514
vn -0.1846 0.9814 0.0535
vn 0.9975 -0.0499 0.0510
vn -0.6925 0.7210 0.0231
vn 0.0020 0.9998 0.0188
vn -0.0881 -0.9948 0.0518
vn 0.3398 -0.9374 0.0757
vn -0.6537 -0.7549 0.0531
vn 0.9063 -0.4177 0.0640
vn 0.9669 -0.2347 0.0998
vn 0.9953 0.0042 0.0965
vn 0.9991 -0.0001 0.0414
vn 0.9825 0.1861 0.0002
vn -0.9342 0.3567 0.0051
vn 0.7890 0.4948 0.3641
vn 0.1817 0.9820 0.0525
vn 0.2591 -0.9634 0.0693
vn 0.5638 -0.8250 0.0387
vn -0.8575 -0.5126 0.0453
vn -0.9828 -0.1697 0.0725
vn 0.9864 -0.1532 0.0599
vn 0.9981 -0.0006 0.0610
vn 0.9984 0.0054 0.0557
vn -0.4194 0.9066 0.0460
vn 0.4824 -0.8729 0.0732
vn 0.7749 -0.6320 0.0034
vn -0.9357 -0.3468 0.0646
vn 1.0000 0.0024 -0.0008
vn 0.9999 -0.0015 0.0129
vn 0.9994 -0.0017 0.0349
vn -0.8888 0.4534 -0.0673
vn -0.8557 0.5144 0.0559
vn -0.2740 0.4323 -0.8591
vn 0.6444 0.7625 0.0579
vn -0.2732 0.9598 0.0643
vn 0.3199 0.9463 0.0461
vn -0.0369 -0.9967 0.0726
vn 0.1463 -0.9867 0.0703
vn 0.7025 -0.7109 0.0345
vn 0.9935 -0.0972 0.0599
vn 0.9989 -0.0001 0.0476
vn 0.8457 0.5317 0.0464
vn -0.0017 0.9939 0.1104
vn -0.0091 0.9995 0.0303
vn -0.0164 0.9968 0.0788
vn -0.8164 -0.5752 0.0522
vn 0.9447 -0.3186 0.0780
vn -0.9635 -0.2592 0.0668
vn 0.0303 0.9623 -0.2703
vn -0.9730 0.2079 0.1006
vn 0.9300 0.3643 0.0490
vn 0.9648 0.2565 0.0578
vn 0.9119 0.4095 0.0274
vn 0.7940 0.6070 0.0320
vn 0.5417 0.8392 0.0478
vn 0.0036 1.0000 0.0070
vn 0.0639 0.9978 0.0196
vn -0.2121 -0.9714 0.1063
vn -0.9981 -0.0020 0.0624
vn 0.9305 -0.2317 0.2838
vn 0.9984 0.0039 0.0569
vn 0.9937 0.0018 0.1121
vn 0.9944 0.0052 0.1053
vn 0.9974 -0.0012 0.0718
vn -0.9925 0.1027 0.0662
vn 0.8769 0.4725 0.0879
vn 0.0105 0.9995 0.0289
vn -0.0002 0.9992 0.0410
vn -0.0003 0.9978 0.0661
vn 0.1079 0.9866 0.1225
vn 0.0007 -0.9954 0.0963
vn 0.0776 -0.9876 0.1362
vn 0.9968 0.0233 0.0769
vn 0.9547 0.1668 0.2464
vn 0.9961 0.0075 0.0876
vn 0.9951 0.0129 0.0983
vn 0.4678 0.8801 0.0808
vn 0.0001 0.9975 0.0701
vn 0.0001 0.9976 0.0689
vn -0.1271 -0.9872 0.0961
vn -0.8898 -0.4450 0.1013
vn 0.9938 -0.0575 0.0950
vn 0.8492 -0.1329 -0.5111
vn 0.8848 0.4608 0.0687
vn -0.6800 0.7306 0.0616
vn 0.2978 0.9498 0.0962
vn 0.0060 0.9967 0.0805
vn 0.2413 -0.9629 0.1211
vn -0.5881 -0.8046 0.0827
vn -0.7358 -0.6745 0.0600
vn -0.9842 -0.0911 0.1517
vn 0.9961 -0.0023 0.0882
vn -0.9935 -0.0000 0.1136
vn -0.9954 0.0286 0.0914
vn -0.9444 0.3067 0.1189
vn -0.8080 0.5887 0.0242
vn 0.0004 -0.9905 0.1373
vn 0.1529 -0.9771 0.1478
vn 0.5464 -0.8333 0.0842
vn 0.8438 -0.5294 0.0879
vn -0.9908 0.0049 0.1349
vn 0.9849 0.1394 0.1028
vn -0.9069 0.4104 0.0957
vn -0.5587 0.8246 0.0890
vn -0.0844 0.9915 0.0986
vn -0.1042 0.9886 0.1087
vn 0.1983 0.9721 0.1250
vn -0.0078 0.9942 0.1073
vn 0.0070 0.9934 0.1143
vn 0.0001 -0.9872 0.1592
vn -0.3337 -0.9373 0.1006
vn -0.9516 -0.2760 0.1349
vn -0.9949 -0.0286 0.0969
vn -0.9949 -0.0003 0.1004
vn 0.9946 0.0208 0.1021
vn -0.9887 0.0931 0.1175
vn 0.9487 0.3046 0.0852
vn 0.7063 0.7027 0.0861
vn -0.4147 0.9100 -0.0060
vn 0.1202 0.9889 0.0879
vn 0.0008 0.9929 0.1191
vn 0.0002 0.9929 0.1193
vn 0.0025 0.9919 0.1273
vn 0.0671 0.9960 0.0591
vn -0.0127 -0.9849 0.1726
vn -0.4418 -0.8919 0.0968
vn 0.9848 -0.1145 0.1308
vn 0.9923 -0.0617 0.1077
vn 0.9941 -0.0466 0.0977
vn 0.9885 -0.0550 0.1411
vn 0.9911 -0.0374 0.1279
vn -0.9913 -0.0009 0.1320
vn 0.9936 0.0082 0.1124
vn 0.9916 0.0560 0.1163
vn 0.9848 0.1215 0.1243
vn 0.8220 0.5678 0.0439
vn -0.0385 0.9946 0.0969
vn 0.0078 -0.9832 0.1825
vn -0.0743 -0.9874 0.1394
vn 0.4058 -0.9056 0.1233
vn -0.9920 -0.0015 0.1266
vn 0.9872 -0.0326 0.1560
vn -0.9891 -0.0000 0.1472
vn 0.9806 0.1944 0.0247
vn 0.9817 -0.0616 0.1802
vn 0.9972 0.0021 0.0747
vn -0.4623 0.8814 0.0972
vn -0.5126 -0.8495 0.1244
vn 0.6685 -0.7376 0.0952
vn 0.8935 -0.4313 0.1251
vn -0.9664 -0.1883 0.1748
vn -0.9857 -0.0014 0.1685
vn 0.9819 -0.0342 0.1861
vn -0.9841 0.0006 0.1775
vn -0.9762 0.1374 0.1679
vn 0.9772 0.1503 0.1500
vn -0.9559 0.2234 0.1908
vn -0.8573 0.5013 0.1176
vn 0.0005 0.9940 0.1098
vn 0.0003 -0.9827 0.1850
vn 0.9224 -0.3482 0.1672
vn 0.9837 -0.0272 0.1779
vn 0.9584 0.2512 0.1355
vn 0.9082 0.4068 0.0983
vn 0.5179 0.8508 0.0890
vn -0.0059 0.9913 0.1315
vn -0.0042 0.9876 0.1572
vn -0.1592 -0.9679 0.1944
vn 0.3173 -0.9372 0.1446
vn 0.2507 -0.9510 0.1810
vn -0.3785 -0.9142 0.1450
vn -0.9761 -0.0240 0.2160
vn -0.9741 -0.0009 0.2259
vn -0.7621 0.6444 0.0630
vn -0.7091 0.7046 0.0264
vn -0.1130 0.9739 0.1969
vn -0.0171 0.9886 0.1496
vn 0.0021 0.9874 0.1581
vn 0.0452 -0.9760 0.2130
vn 0.1786 -0.9622 0.2055
vn 0.9655 -0.2033 0.1629
vn -0.9858 0.0003 0.1679
vn 0.9646 0.0001 0.2637
vn 0.9768 -0.1198 0.1773
vn -0.9820 -0.0006 0.1891
vn 0.9863 -0.0992 -0.1315
vn 0.9822 -0.0492 0.1813
vn -0.9783 0.0424 0.2027
vn 0.8233 0.5607 0.0879
vn 0.3792 0.9113 0.1603
vn -0.3842 0.9084 0.1650
vn -0.0047 0.9795 0.2016
vn -0.0416 0.9760 0.2139
vn -0.0808 -0.9700 0.2292
vn 0.1071 -0.9677 0.2284
vn 0.5688 -0.8133 0.1225
vn -0.6682 -0.7321 0.1322
vn 0.7865 -0.6147 0.0600
vn 0.8567 -0.4970 0.1382
vn 0.9704 -0.0830 0.2270
vn 0.9820 -0.0376 0.1851
vn 0.9735 -0.0532 0.2222
vn -0.9715 0.0002 0.2371
vn 0.9728 -0.0297 0.2298
vn 0.9804 -0.0657 0.1859
vn 0.9643 0.1230 0.2347
vn -0.8773 0.4539 0.1561
vn 0.8852 0.4496 0.1198
vn 0.7622 0.6401 0.0963
vn 0.6587 0.7432 0.1173
vn -0.4816 0.8601 0.1682
vn -0.2051 0.9491 0.2391
vn -0.1263 -0.7548 0.6436
vn -0.3828 0.9028 0.1962
vn 0.1565 0.9746 0.1599
vn 0.0001 0.9822 0.1879
vn 0.7080 -0.6920 0.1413
vn -0.8148 -0.5598 0.1505
vn -0.9159 -0.3577 0.1820
vn 0.9848 -0.0012 0.1735
vn -0.9621 -0.0013 0.2726
vn 0.9630 0.0009 0.2694
vn 0.9616 -0.0008 0.2743
vn 0.9798 0.0413 0.1959
vn 0.9766 0.0353 0.2123
vn -0.9740 -0.0012 0.2265
vn -0.9124 0.3634 0.1881
vn -0.5754 0.8046 0.1465
vn -0.2691 0.9533 0.1372
vn 0.2722 0.9463 0.1747
vn -0.0043 0.9778 0.2095
vn 0.0258 0.9817 0.1888
vn 0.0148 0.9909 0.1335
vn 0.0026 -0.9710 0.2389
vn 0.0006 -0.9686 0.2486
vn -0.2800 -0.9376 0.2060
vn 0.4676 -0.8699 0.1570
vn 0.9318 0.0840 0.3531
vn -0.9556 -0.0000 0.2946
vn 0.9483 0.0036 0.3174
vn 0.9575 -0.0205 0.2878
vn 0.6027 0.7859 0.1382
vn 0.4586 0.8661 0.1989
vn -0.0047 0.9694 0.2454
vn -0.0151 0.9782 0.2069
vn -0.0017 -0.9712 0.2384
vn 0.0012 -0.9619 0.2733
vn -0.0006 -0.9649 0.2627
vn -0.0014 -0.9600 0.2799
vn -0.0006 -0.9680 0.2511
vn -0.8717 -0.4571 0.1767
vn 0.9085 -0.3811 0.1717
vn -0.9631 -0.1200 0.2409
vn -0.9608 -0.0635 0.2698
vn 0.9515 0.0070 0.3077
vn 0.9616 0.0411 0.2714
vn -0.9616 0.0088 0.2742
vn -0.9547 0.1045 0.2788
vn -0.0399 0.9729 0.2279
vn -0.0035 0.9780 0.2084
vn 0.0455 0.9795 0.1961
vn -0.0095 0.9738 0.2273
vn -0.0431 -0.9671 0.2507
vn 0.2804 -0.9291 0.2412
vn -0.4175 -0.8825 0.2165
vn -0.5950 -0.7910 0.1425
vn 0.6138 -0.7709 0.1699
vn -0.9616 0.0005 0.2745
vn -0.9625 -0.0001 0.2712
vn 0.9508 0.0081 0.3097
vn -0.9248 0.2936 0.2419
vn -0.8194 0.5511 0.1579
vn -0.6592 0.7388 0.1405
vn 0.6637 0.7322 0.1526
vn 0.4986 0.8574 0.1277
vn -0.2950 0.9360 0.1920
vn 0.0464 0.9592 0.2789
vn 0.0014 0.9693 0.2460
vn 0.0303 -0.9546 0.2962
vn 0.3607 -0.9095 0.2067
vn -0.9246 -0.2520 0.2858
vn 0.9383 -0.2856 0.1952
vn 0.9380 -0.1241 0.3236
vn -0.9512 -0.0006 0.3086
vn 0.9472 -0.0031 0.3205
vn -0.9329 0.0027 0.3601
vn 0.9644 -0.0247 0.2631
vn -0.9358 0.1798 0.3034
vn -0.0122 0.9551 0.2959
vn 0.0295 0.9573 0.2876
vn 0.0004 0.9558 0.2940
vn -0.0072 -0.9535 0.3012
vn 0.0032 -0.9583 0.2858
vn 0.0006 -0.9463 0.3234
vn 0.0030 -0.9545 0.2981
vn 0.1429 -0.9361 0.3213
vn 0.5083 -0.8319 0.2227
vn -0.7711 -0.6149 0.1652
vn -0.9441 -0.1848 0.2731
vn 0.9456 0.0026 0.3253
vn 0.9574 -0.0205 0.2881
vn -0.9383 -0.0055 0.3459
vn 0.9546 0.0578 0.2923
vn -0.6881 0.7096 0.1518
vn -0.1817 0.9603 0.2115
vn -0.1231 0.9520 0.2802
vn 0.1412 0.9613 0.2366
vn 0.0886 0.9822 0.1659
vn -0.0042 0.9639 0.2661
vn 0.0042 -0.9367 0.3502
vn 0.2071 -0.9411 0.2673
vn -0.3401 -0.9009 0.2695
vn -0.5225 -0.8288 0.2002
vn 0.9456 -0.0372 0.3233
vn -0.9519 -0.0135 0.3062
vn 0.8220 -0.0265 0.5689
vn 0.9415 0.0137 0.3367
vn -0.9241 -0.0025 0.3823
vn 0.9474 0.0135 0.3198
vn 0.9143 -0.0138 0.4047
vn 0.9303 -0.0088 0.3666
vn -0.9310 0.0249 0.3642
vn 0.9460 0.1746 0.2730
vn -0.8610 0.4594 0.2183
vn -0.7518 0.6358 0.1746
vn -0.4740 0.8487 0.2346
vn -0.2249 0.9284 0.2957
vn -0.0099 0.9784 0.2063
vn 0.0460 0.9623 0.2682
vn 0.0773 0.9812 0.1766
vn -0.0006 -0.9254 0.3791
vn -0.1887 -0.9383 0.2898
vn 0.4116 -0.8766 0.2493
vn 0.7372 -0.6526 0.1754
vn 0.9280 -0.0039 0.3726
vn -0.9253 0.0029 0.3793
vn 0.9169 -0.0035 0.3991
vn 0.9424 0.3071 0.1325
vn -0.3371 0.8972 0.2852
vn 0.3251 0.8997 0.2913
vn -0.0420 0.9294 0.3666
vn 0.0035 0.9380 0.3465
vn -0.0066 0.9477 0.3191
vn -0.0514 -0.9428 0.3292
vn -0.0017 -0.9328 0.3603
vn 0.0805 -0.9477 0.3090
vn -0.1171 -0.9381 0.3259
vn 0.8104 -0.5408 0.2253
vn -0.8488 -0.4589 0.2626
vn -0.8907 -0.3773 0.2534
vn 0.8885 -0.3758 0.2635
vn 0.9293 -0.0794 0.3607
vn 0.9338 -0.0025 0.3577
vn 0.9375 -0.0732 0.3401
vn -0.9240 -0.0028 0.3825
vn 0.9331 0.1191 0.3394
vn 0.9434 0.1645 0.2880
vn 0.8847 0.3468 0.3114
vn -0.8817 0.3558 0.3099
vn 0.7075 0.6651 0.2389
vn 0.6356 0.7563 0.1553
vn 0.0006 0.9591 0.2829
vn 0.1731 0.9497 0.2611
vn -0.2480 -0.9172 0.3118
vn 0.3339 -0.8952 0.2952
vn -0.6085 -0.7630 0.2182
vn 0.6669 -0.7088 0.2301
vn -0.9377 -0.1083 0.3301
vn -0.9362 -0.0428 0.3489
vn 0.9622 -0.0103 0.2720
vn 0.9537 0.0008 0.3007
vn 0.9301 -0.0000 0.3672
vn -0.9116 -0.0014 0.4110
vn -0.9379 -0.0035 0.3469
vn 0.9323 -0.0009 0.3616
vn 0.9277 0.0014 0.3734
vn 0.9395 0.0037 0.3424
vn 0.9297 0.0051 0.3683
vn 0.8453 0.4689 0.2561
vn -0.6184 0.7534 0.2235
vn 0.5999 0.7724 0.2086
vn 0.2486 0.9394 0.2359
vn -0.0248 0.9463 0.3224
vn 0.0021 0.9476 0.3196
vn 0.0018 -0.9195 0.3931
vn 0.0528 -0.9172 0.3949
vn 0.9207 -0.2533 0.2970
vn 0.9274 -0.1482 0.3434
vn -0.9197 -0.0091 0.3925
vn 0.9457 -0.0000 0.3251
vn 0.9340 0.0017 0.3573
vn 0.9016 0.0140 0.4323
vn 0.9378 0.0188 0.3466
vn -0.7915 0.5551 0.2558
vn -0.0141 0.9286 0.3707
vn 0.0723 0.9642 0.2550
vn 0.1377 0.9478 0.2876
vn 0.0307 0.9309 0.3639
vn 0.0134 0.9301 0.3670
vn -0.0026 -0.9245 0.3812
vn 0.0061 -0.9173 0.3982
vn 0.2766 -0.8965 0.3462
vn -0.7106 -0.6707 0.2125
vn -0.9152 0.0009 0.4031
vn 0.9212 0.0569 0.3850
vn 0.9251 0.0059 0.3797
vn 0.9393 -0.0438 0.3403
vn 0.9179 -0.0050 0.3967
vn -0.9148 0.0019 0.4039
vn 0.8715 0.0699 0.4854
vn -0.9104 0.0753 0.4069
vn -0.8955 0.2339 0.3787
vn 0.8877 0.3636 0.2825
vn 0.8275 0.5452 0.1339
vn -0.1346 0.9202 0.3675
vn -0.1752 0.9466 0.2708
vn 0.0185 0.9513 0.3076
vn -0.0252 0.9524 0.3038
vn 0.5689 -0.7784 0.2655
vn -0.8017 -0.5345 0.2675
vn 0.8514 -0.4398 0.2858
vn -0.9144 -0.1477 0.3768
vn 0.8871 0.0012 0.4615
vn 0.8914 -0.0006 0.4533
vn -0.8968 -0.0103 0.4424
vn 0.1763 0.9195 0.3513
vn 0.2257 0.9291 0.2931
vn 0.0868 0.9134 0.3978
vn 0.0022 0.9504 0.3110
vn -0.0059 -0.8977 0.4405
vn -0.1795 -0.9015 0.3938
vn 0.4398 -0.8323 0.3374
vn -0.8731 -0.3241 0.3641
vn -0.9011 0.0089 0.4335
vn 0.8880 0.0045 0.4598
vn 0.8873 0.0173 0.4608
vn 0.9101 -0.0026 0.4144
vn -0.8971 -0.0026 0.4418
vn -0.9113 0.1201 0.3938
vn -0.8922 0.1620 0.4217
vn 0.6660 0.6837 0.2984
vn 0.5125 0.8237 0.2425
vn 0.4442 0.8396 0.3127
vn -0.3877 0.8627 0.3246
vn -0.0305 0.9013 0.4321
vn 0.0004 0.9047 0.4261
vn 0.0067 0.9139 0.4058
vn 0.0187 0.9027 0.4298
vn -0.0168 0.9196 0.3925
vn 0.0086 0.9575 0.2884
vn -0.2154 0.9515 0.2199
vn -0.0650 0.9174 0.3927
vn -0.0000 -0.9024 0.4310
vn 0.2018 -0.8961 0.3954
vn -0.4955 -0.8079 0.3190
vn -0.7641 -0.5596 0.3209
vn -0.9075 -0.0632 0.4152
vn 0.9062 -0.0211 0.4224
vn -0.8759 -0.0012 0.4825
vn -0.8862 -0.0212 0.4628
vn 0.8993 -0.0235 0.4367
vn 0.9112 0.0042 0.4120
vn 0.8817 0.2915 0.3709
vn 0.7969 0.5442 0.2623
vn -0.7221 0.6612 0.2031
vn 0.0080 0.9204 0.3910
vn -0.0012 0.9105 0.4136
vn 0.0100 0.9200 0.3917
vn -0.0627 -0.9134 0.4023
vn 0.0057 -0.9072 0.4206
vn 0.0043 -0.8820 0.4713
vn 0.1235 -0.8853 0.4482
vn -0.3381 -0.8568 0.3893
vn 0.8959 -0.2044 0.3944
vn 0.8863 -0.1278 0.4451
vn -0.8810 0.0013 0.4732
vn -0.8848 0.0082 0.4660
vn 0.8948 0.0008 0.4465
vn 0.9135 -0.0037 0.4068
vn 0.8706 0.0385 0.4905
vn 0.8690 -0.0223 0.4942
vn -0.8246 0.4727 0.3108
vn -0.4916 0.8121 0.3143
vn 0.5166 0.7958 0.3161
vn -0.2105 0.8825 0.4205
vn 0.0040 -0.8672 0.4980
vn -0.0022 -0.8754 0.4834
vn -0.0048 -0.8804 0.4742
vn -0.1092 -0.8961 0.4303
vn -0.6154 -0.7262 0.3063
vn 0.6903 -0.6881 0.2236
vn -0.7013 -0.6229 0.3467
vn -0.8230 -0.4057 0.3976
vn 0.8788 -0.3149 0.3585
vn 0.8605 -0.3551 0.3652
vn 0.8972 -0.0568 0.4380
vn 0.8947 0.0055 0.4467
vn -0.0414 -0.9820 -0.1842
vn -0.8636 -0.0069 0.5041
vn 0.9214 -0.0670 0.3829
vn 0.8827 -0.0236 0.4694
vn 0.8577 -0.0237 0.5136
vn 0.9439 0.2151 0.2506
vn 0.8427 0.3882 0.3729
vn -0.7298 0.6038 0.3208
vn -0.6279 0.7308 0.2677
vn 0.5120 0.7666 0.3875
vn -0.1377 0.9005 0.4125
vn -0.0729 0.9044 0.4205
vn -0.0106 0.9043 0.4267
vn -0.0088 0.9016 0.4325
vn -0.0018 -0.8783 0.4781
vn 0.0701 -0.8760 0.4771
vn -0.2752 -0.8881 0.3682
vn 0.8347 -0.4684 0.2896
vn -0.8910 -0.2277 0.3929
vn -0.8827 -0.1592 0.4422
vn 0.8353 -0.1973 0.5132
vn 0.8298 -0.0040 0.5580
vn -0.8717 0.0025 0.4900
vn 0.8822 0.0056 0.4709
vn 0.8775 -0.0273 0.4787
vn 0.8758 0.0078 0.4827
vn -0.8843 0.0389 0.4653
vn -0.8401 0.3180 0.4394
vn 0.8106 0.4552 0.3684
vn 0.8080 0.5060 0.3019
vn 0.6298 0.7122 0.3101
vn 0.5131 0.8245 0.2388
vn 0.4147 0.8597 0.2983
vn -0.2731 0.8640 0.4229
vn 0.2412 0.8716 0.4267
vn -0.0393 0.9101 0.4125
vn 0.0260 0.8963 0.4426
vn -0.0187 0.8882 0.4590
vn -0.0037 0.9179 0.3968
vn -0.0029 0.8795 0.4759
vn -0.0052 0.8908 0.4544
vn -0.0520 -0.9172 -0.3950
vn -0.1447 0.9507 0.2743
vn 0.0025 0.9092 0.4163
vn 0.1076 0.8770 0.4683
vn -0.0462 -0.8794 0.4738
vn 0.0010 -0.8283 0.5603
vn 0.0114 -0.8663 0.4994
vn 0.5640 -0.7515 0.3423
vn 0.8069 -0.0170 0.5905
vn -0.8464 -0.0003 0.5326
vn 0.8613 -0.0092 0.5081
vn -0.8587 0.0952 0.5035
vn 0.9829 -0.1688 0.0739
vn 0.8613 0.2104 0.4624
vn -0.8188 0.4146 0.3971
vn -0.7574 0.5268 0.3857
vn 0.1414 0.8619 0.4870
vn -0.0901 0.8724 0.4804
vn -0.0294 0.8945 0.4460
vn 0.0001 0.8544 0.5197
vn 0.0361 0.9367 0.3482
vn -0.0004 -0.8462 0.5329
vn 0.6681 -0.7025 0.2453
vn 0.8437 -0.2403 0.4801
vn 0.8572 -0.0224 0.5144
vn -0.8761 -0.0251 0.4815
vn 0.8544 0.0220 0.5191
vn 0.8516 0.0023 0.5241
vn 0.8857 -0.3809 -0.2655
vn 0.8472 0.0700 0.5267
vn 0.7877 -0.3457 0.5100
vn -0.8806 -0.0006 0.4738
vn 0.8929 -0.0157 0.4500
vn 0.8882 0.0156 0.4592
vn -0.8725 0.0164 0.4883
vn 0.8626 0.1014 0.4956
vn 0.7640 0.5852 0.2717
vn 0.5403 0.7441 0.3930
vn -0.3764 0.8116 0.4469
vn -0.3530 0.8584 0.3723
vn -0.1090 0.8421 0.5282
vn -0.0406 0.8686 0.4938
vn 0.0022 0.8557 0.5174
vn 0.0227 0.8859 0.4633
vn 0.0047 0.8681 0.4963
vn 0.5008 -0.7598 0.4146
vn -0.8666 -0.0863 0.4915
vn -0.8519 0.0222 0.5233
vn -0.8160 0.0028 0.5781
vn 0.8455 0.0017 0.5340
vn 0.8515 0.0407 0.5228
vn -0.8352 0.1698 0.5231
vn -0.8374 0.2037 0.5073
vn -0.7287 0.4760 0.4924
vn 0.8060 0.4714 0.3581
vn 0.6910 0.6263 0.3610
vn 0.3938 0.8023 0.4486
vn -0.0174 0.8760 0.4821
vn -0.0091 0.8703 0.4924
vn 0.0075 -0.8234 0.5674
vn -0.0844 -0.8558 0.5103
vn -0.0248 -0.8366 0.5472
vn -0.0100 -0.8160 0.5780
vn -0.1485 -0.8633 0.4824
vn -0.2212 -0.8450 0.4868
vn 0.2691 -0.8439 0.4642
vn 0.7604 -0.4852 0.4316
vn -0.7394 -0.5340 0.4100
vn 0.8542 -0.2922 0.4301
vn -0.8563 -0.2324 0.4613
vn -0.8291 -0.0030 0.5590
vn -0.8318 0.0104 0.5550
vn 0.8370 -0.0016 0.5471
vn 0.8299 -0.0009 0.5579
vn 0.8366 -0.0005 0.5477
vn 0.8376 -0.0410 0.5447
vn 0.6419 -0.0811 0.7625
vn 0.8351 0.0047 0.5500
vn 0.8205 0.2700 0.5039
vn -0.6511 0.5785 0.4913
vn 0.2523 0.8218 0.5108
vn -0.0305 0.8492 0.5272
vn 0.0182 0.8624 0.5059
vn -0.0054 0.8598 0.5106
vn -0.0000 -0.8294 0.5586
vn -0.0027 -0.8078 0.5895
vn 0.1906 -0.8439 0.5016
vn 0.3858 -0.8107 0.4404
vn -0.3690 -0.8122 0.4519
vn -0.5789 -0.7285 0.3664
vn -0.6504 -0.6457 0.4002
vn 0.6780 -0.6016 0.4223
vn -0.7611 -0.4305 0.4852
vn 0.8078 -0.3659 0.4622
vn -0.8229 0.0056 0.5682
vn 0.8429 0.0028 0.5380
vn 0.8528 -0.0172 0.5220
vn -0.8573 -0.0350 0.5136
vn 0.8691 0.0050 0.4946
vn 0.8207 -0.0122 0.5713
vn 0.8165 0.0081 0.5773
vn 0.7120 0.5409 0.4477
vn -0.4286 0.8041 0.4120
vn 0.2186 0.8547 0.4709
vn -0.0207 0.8650 0.5014
vn 0.0075 -0.8114 0.5844
vn 0.0497 -0.8281 0.5583
vn -0.5314 -0.7263 0.4360
vn -0.8210 -0.2649 0.5057
vn 0.8392 -0.0889 0.5365
vn -0.8328 -0.0535 0.5510
vn -0.8039 -0.0008 0.5948
vn -0.8055 0.0004 0.5926
vn 0.8569 0.0192 0.5151
vn 0.8133 0.2971 0.5002
vn 0.8176 0.0105 0.5757
vn -0.8324 0.0434 0.5525
vn 0.8160 0.1470 0.5591
vn -0.7612 0.4019 0.5089
vn 0.7650 0.3929 0.5103
vn -0.5061 0.7678 0.3929
vn 0.5474 0.7999 0.2461
vn -0.0160 0.8616 0.5073
vn 0.0392 0.8729 0.4863
vn 0.0001 0.8696 0.4938
vn -0.0088 0.8435 0.5371
vn -0.0029 0.8520 0.5235
vn 0.0882 0.8439 0.5293
vn -0.0072 0.8861 0.4634
vn -0.1204 -0.8140 0.5682
vn 0.1068 -0.8186 0.5643
vn 0.7982 -0.3318 0.5029
vn -0.7721 -0.3168 0.5509
vn -0.8172 -0.1654 0.5522
vn -0.8153 -0.1068 0.5691
vn 0.8100 0.0056 0.5864
vn 0.7840 -0.0183 0.6205
vn 0.7888 -0.0041 0.6146
vn 0.8129 -0.0041 0.5824
vn -0.7954 0.0001 0.6060
vn -0.7964 0.0068 0.6048
vn -0.8149 -0.0116 0.5794
vn 0.8316 0.0068 0.5553
vn -0.8265 0.0020 0.5629
vn 0.5674 0.6898 0.4498
vn 0.4821 0.7550 0.4445
vn -0.1639 0.8333 0.5280
vn -0.2192 0.8444 0.4888
vn 0.0869 0.8568 0.5083
vn -0.0040 0.8678 0.4969
vn 0.0108 0.8374 0.5466
vn -0.0094 0.8559 0.5170
vn -0.0187 0.8815 0.4718
vn 0.0175 0.8541 0.5198
vn 0.0560 0.6942 0.7176
vn -0.0598 -0.8088 0.5851
vn 0.0049 -0.7830 0.6220
vn -0.0004 -0.8235 0.5673
vn -0.0005 -0.7723 0.6353
vn 0.2957 -0.7852 0.5441
vn 0.5751 -0.6844 0.4481
vn -0.6600 -0.5265 0.5359
vn 0.6875 -0.5091 0.5179
vn 0.8089 -0.0579 0.5851
vn 0.8168 -0.0276 0.5762
vn 0.7726 0.0347 0.6340
vn 0.7931 -0.0134 0.6089
vn 0.7760 0.0006 0.6307
vn 0.7809 0.0019 0.6247
vn 0.8084 -0.0023 0.5886
vn 0.7755 -0.0207 0.6310
vn -0.7979 0.2248 0.5593
vn -0.7978 0.3189 0.5117
vn 0.5783 0.6514 0.4912
vn 0.2730 0.8148 0.5115
vn 0.1860 0.8204 0.5407
vn 0.0689 0.8716 0.4854
vn 0.0064 0.8392 0.5438
vn -0.0122 0.8059 0.5920
vn 0.0213 0.8351 0.5497
vn 0.0293 0.8618 0.5064
vn 0.0656 0.8667 0.4945
vn 0.0014 -0.7729 0.6345
vn 0.1901 -0.7869 0.5871
vn -0.5563 -0.6521 0.5150
vn 0.8061 -0.1612 0.5694
vn -0.7870 -0.0428 0.6154
vn -0.7762 0.0129 0.6303
vn -0.7610 0.0103 0.6486
vn 0.8186 0.0183 0.5741
vn 0.7618 -0.0056 0.6478
vn 0.8098 -0.0031 0.5867
vn -0.8198 -0.0459 0.5708
vn 0.7660 0.0057 0.6428
vn 0.7959 -0.0151 0.6052
vn 0.8041 0.0373 0.5933
vn 0.6541 0.5453 0.5242
vn -0.3691 0.7671 0.5248
vn 0.2940 0.7269 0.6206
vn -0.2593 0.7715 0.5809
vn -0.0464 0.8304 0.5552
vn 0.0903 0.8460 0.5255
vn -0.0057 0.8058 0.5922
vn 0.0049 0.8210 0.5709
vn 0.0036 0.8035 0.5953
vn -0.0780 0.8609 0.5028
vn 0.0266 0.7898 0.6128
vn -0.0041 0.8133 0.5818
vn -0.0071 0.7964 0.6047
vn -0.0025 -0.7434 0.6689
vn 0.0044 -0.8061 0.5918
vn -0.1803 -0.7881 0.5885
vn -0.3077 -0.7641 0.5670
vn 0.3714 -0.7502 0.5471
vn -0.7033 -0.3994 0.5881
vn 0.7329 -0.3777 0.5658
vn 0.8212 -0.0172 0.5703
vn -0.7443 0.0104 0.6678
vn 0.7670 0.0339 0.6408
vn 0.8062 -0.0123 0.5915
vn 0.7860 -0.0185 0.6179
vn -0.7623 -0.0198 0.6470
vn -0.8001 0.0575 0.5971
vn -0.8171 0.1110 0.5658
vn 0.7279 0.2133 0.6516
vn -0.6869 0.4646 0.5588
vn -0.6142 0.4552 0.6447
vn -0.5099 0.6152 0.6013
vn 0.3329 0.7575 0.5615
vn -0.0952 0.8085 0.5808
vn 0.0747 0.7895 0.6091
vn 0.0215 0.8580 0.5132
vn -0.0217 0.8257 0.5636
vn -0.0334 0.8420 0.5384
vn 0.0700 0.8195 0.5688
vn -0.0124 -0.7931 0.6090
vn -0.0189 -0.7496 0.6616
vn 0.0359 -0.7710 0.6359
vn -0.0050 -0.7546 0.6562
vn 0.7589 -0.2529 0.6001
vn 0.7821 0.0038 0.6231
vn 0.7675 0.0098 0.6410
vn 0.7213 -0.0042 0.6926
vn 0.2912 0.8736 -0.3898
vn 0.7380 -0.0192 0.6745
vn 0.7383 0.0067 0.6744
vn -0.7880 0.0122 0.6155
vn -0.7639 0.1620 0.6246
vn -0.7251 0.2847 0.6271
vn -0.6804 0.4002 0.6139
vn 0.3717 0.7469 0.5513
vn -0.0828 0.7901 0.6074
vn 0.1410 0.7764 0.6143
vn -0.0772 0.8271 0.5568
vn -0.0225 0.7819 0.6230
vn -0.0007 0.8170 0.5766
vn 0.0006 0.7893 0.6140
vn -0.0008 0.8174 0.5761
vn 0.0050 0.8056 0.5925
vn 0.0091 0.8022 0.5970
vn -0.0238 0.8244 0.5656
vn -0.0948 0.7843 0.6132
vn 0.0185 0.7742 0.6326
vn -0.0306 0.8072 0.5895
vn -0.0150 -0.7641 0.6449
vn -0.0003 -0.7376 0.6752
vn -0.0101 -0.7298 0.6836
vn 0.6354 -0.4810 0.6041
vn -0.6110 -0.5021 0.6120
vn -0.7455 -0.2001 0.6357
vn -0.7500 -0.0888 0.6554
vn 0.7745 -0.0207 0.6323
vn 0.7185 -0.0014 0.6955
vn 0.7833 -0.0080 0.6216
vn 0.7450 0.0076 0.6670
vn 0.7541 -0.0011 0.6567
vn -0.7443 0.0002 0.6679
vn 0.7709 -0.0089 0.6369
vn 0.7730 -0.0028 0.6344
vn -0.7556 -0.0163 0.6549
vn 0.4517 0.0288 0.8917
vn 0.7687 0.0977 0.6321
vn 0.6869 0.3873 0.6150
vn 0.5668 0.5788 0.5862
vn 0.4241 0.8011 0.4224
vn 0.9812 -0.0679 0.1804
vn 0.2964 -0.2494 0.9219
vn 0.9613 -0.1991 -0.1905
vn 0.0005 0.7491 0.6624
vn 0.0008 -0.7446 0.6675
vn -0.0013 -0.7718 0.6359
vn 0.0017 -0.7428 0.6695
vn 0.2179 -0.7519 0.6222
vn 0.5069 -0.5785 0.6391
vn -0.7188 -0.2684 0.6413
vn 0.7556 -0.2133 0.6193
vn 0.7679 -0.1199 0.6292
vn -0.7269 -0.1605 0.6677
vn 0.7302 -0.0727 0.6793
vn -0.7208 0.0002 0.6931
vn 0.7284 -0.0314 0.6845
vn 0.6923 -0.0212 0.7213
vn 0.7772 0.0081 0.6292
vn 0.7457 0.0332 0.6655
vn 0.7739 -0.0093 0.6332
vn -0.7326 0.0079 0.6806
vn -0.7548 0.1059 0.6473
vn -0.5703 0.5208 0.6352
vn 0.2030 0.6655 0.7182
vn 0.7810 0.0529 0.6223
vn 0.2863 0.6425 0.7108
vn 0.4456 0.6385 0.6275
vn -0.4120 0.5989 0.6867
vn -0.2275 0.5519 -0.8023
vn 0.2584 0.7334 0.6288
vn 0.2015 0.7494 0.6307
vn -0.0106 0.8244 0.5659
vn 0.0014 0.7609 0.6489
vn 0.0181 0.7717 0.6357
vn -0.1470 -0.7503 0.6446
vn -0.0820 -0.7565 0.6488
vn 0.0995 -0.7391 0.6662
vn -0.4324 -0.6712 0.6021
vn 0.6985 -0.3221 0.6390
vn 0.6593 -0.2215 0.7185
vn 0.7280 -0.1782 0.6621
vn 0.7068 -0.0102 0.7073
vn -0.7132 -0.0055 0.7009
vn 0.7171 -0.0041 0.6969
vn 0.7697 -0.0033 0.6384
vn -0.7466 -0.0021 0.6653
vn 0.7394 0.0158 0.6731
vn -0.6976 -0.0104 0.7165
vn 0.7121 0.0231 0.7017
vn -0.7367 0.0308 0.6755
vn 0.5202 0.2108 0.8276
vn -0.6877 0.2368 0.6863
vn -0.6073 0.3342 0.7208
vn 0.3071 0.9516 0.0120
vn 0.5119 0.5896 0.6247
vn -0.2784 0.7142 0.6422
vn 0.3263 0.6817 0.6548
vn -0.1923 0.7013 0.6864
vn -0.0410 0.7608 0.6477
vn -0.0050 0.7420 0.6704
vn 0.0040 0.7364 0.6765
vn -0.0862 0.7789 0.6212
vn -0.1300 0.7186 0.6831
vn -0.0005 -0.6929 0.7210
vn -0.2140 -0.7143 0.6663
vn 0.2027 -0.7565 0.6218
vn -0.5181 -0.5403 0.6631
vn -0.6473 -0.3845 0.6582
vn 0.6493 -0.3442 0.6782
vn 0.7219 0.0152 0.6918
vn -0.6896 0.0148 0.7240
vn 0.7127 0.0102 0.7014
vn 0.7373 -0.0059 0.6755
vn 0.7296 0.0004 0.6839
vn -0.7117 0.0007 0.7025
vn 0.4557 -0.1640 0.8749
vn 0.4680 0.5201 0.7145
vn -0.1272 0.8026 0.5828
vn 0.1851 0.7062 0.6834
vn 0.1096 0.7415 0.6620
vn 0.0593 0.7674 0.6384
vn -0.0348 0.8013 0.5972
vn -0.0367 0.7884 0.6141
vn -0.0321 0.7820 0.6225
vn 0.0417 0.7490 0.6613
vn -0.0139 -0.7245 0.6891
vn 0.0004 -0.7126 0.7015
vn -0.0043 -0.6952 0.7188
vn 0.2224 -0.7400 0.6348
vn 0.6928 -0.1388 0.7076
vn -0.7090 -0.0471 0.7036
vn -0.7078 0.0154 0.7063
vn 0.6735 0.0495 0.7376
vn 0.7289 -0.0322 0.6838
vn 0.5333 0.4433 0.7205
vn -0.5518 0.4255 0.7173
vn -0.4960 0.5011 0.7091
vn -0.2682 0.5865 0.7643
vn -0.0628 0.7635 0.6427
vn 0.0258 0.7459 0.6655
vn -0.0139 0.7112 0.7029
vn -0.0104 -0.7406 0.6719
vn 0.0083 -0.7086 0.7056
vn 0.0607 -0.7089 0.7027
vn -0.0866 -0.6678 0.7393
vn -0.1778 -0.6704 0.7204
vn 0.3894 -0.6210 0.6802
vn -0.4503 -0.4752 0.7560
vn 0.5809 -0.4600 0.6716
vn -0.5649 -0.4191 0.7108
vn -0.6607 -0.2436 0.7100
vn -0.7147 -0.0047 0.6994
vn 0.6816 0.0154 0.7315
vn 0.6924 0.0604 0.7190
vn -0.6630 -0.0250 0.7482
vn 0.7069 0.0017 0.7073
vn -0.7075 -0.0230 0.7064
vn -0.6795 -0.0189 0.7334
vn 0.6517 0.0121 0.7584
vn 0.7321 -0.0012 0.6812
vn -0.7430 -0.0007 0.6693
vn -0.7014 0.0588 0.7104
vn -0.6827 0.1608 0.7128
vn 0.5968 0.3284 0.7321
vn -0.3183 0.5649 0.7613
vn 0.0726 0.8985 0.4329
vn 0.2407 0.6855 0.6871
vn -0.1277 0.6798 0.7222
vn -0.0898 0.7260 0.6818
vn -0.0014 0.7073 0.7069
vn -0.0191 0.7631 0.6460
vn -0.0369 -0.6948 0.7183
vn 0.0026 -0.6925 0.7214
vn 0.0997 -0.7197 0.6871
vn -0.3651 -0.6199 0.6945
vn 0.2402 -0.6842 0.6886
vn -0.6835 -0.0928 0.7240
vn 0.7094 0.0021 0.7048
vn 0.7094 -0.0155 0.7046
vn 0.7181 0.0814 0.6911
vn 0.6714 -0.0024 0.7411
vn -0.6348 0.2368 0.7355
vn 0.6469 0.2201 0.7301
vn -0.4824 0.4110 0.7735
vn 0.4018 0.5308 0.7462
vn 0.3851 0.5268 0.7578
vn 0.3063 0.6058 0.7343
vn -0.1791 0.6968 0.6945
vn -0.0039 0.7107 0.7035
vn -0.1121 0.5896 0.7999
vn -0.9116 0.3634 -0.1921
vn 0.0122 0.6956 0.7184
vn -0.0206 0.7548 0.6556
vn 0.0096 0.7515 0.6597
vn 0.0158 -0.6736 0.7389
vn -0.2437 -0.6213 0.7447
vn 0.5113 -0.4520 0.7309
vn 0.6432 0.0151 0.7656
vn -0.6868 0.0147 0.7267
vn -0.7063 -0.0213 0.7076
vn 0.6942 0.0154 0.7196
vn -0.2771 0.8673 0.4135
vn -0.6672 0.1060 0.7373
vn 0.6240 0.1623 0.7644
vn -0.4003 0.5047 0.7649
vn -0.0823 0.6938 0.7154
vn 0.0155 0.7384 0.6742
vn 0.0015 0.7064 0.7079
vn -0.2155 0.7811 0.5860
vn -0.0169 -0.6975 0.7164
vn -0.0670 -0.6531 0.7543
vn -0.0617 -0.6595 0.7492
vn 0.1029 -0.6658 0.7390
vn 0.5517 -0.3227 0.7691
vn -0.5023 -0.3281 0.8000
vn -0.5768 -0.3115 0.7552
vn -0.6401 -0.1486 0.7538
vn -0.6636 0.0028 0.7481
vn -0.6515 0.0021 0.7587
vn 0.7070 0.0244 0.7068
vn 0.6751 0.0026 0.7377
vn 0.6587 -0.0136 0.7522
vn -0.6885 -0.0135 0.7251
vn -0.6960 -0.0009 0.7181
vn 0.7131 -0.0233 0.7007
vn 0.6917 -0.0256 0.7217
vn 0.6461 0.0565 0.7611
vn -0.5400 0.2525 0.8029
vn 0.5387 0.2610 0.8010
vn -0.4907 0.3301 0.8064
vn 0.3260 0.5045 0.7995
vn 0.0741 0.8428 0.5330
vn -0.2271 0.7103 0.6663
vn -0.0203 0.7013 0.7126
vn 0.0043 0.7334 0.6798
vn 0.0268 0.7345 0.6781
vn 0.0272 0.7301 0.6828
vn -0.0040 0.7342 0.6790
vn 0.0119 0.7176 0.6964
vn 0.0081 0.7357 0.6772
vn 0.0367 -0.6570 0.7530
vn -0.0220 -0.6637 0.7476
vn -0.3158 -0.5191 0.7942
vn 0.3831 -0.4723 0.7938
vn -0.4088 -0.3969 0.8218
vn -0.6029 -0.2217 0.7664
vn 0.6218 -0.1322 0.7720
vn -0.6473 -0.0348 0.7615
vn 0.6543 -0.0456 0.7549
vn -0.6190 0.0034 0.7854
vn 0.6443 0.0108 0.7647
vn 0.6399 0.0021 0.7685
vn -0.6264 0.0057 0.7795
vn -0.6555 0.0044 0.7552
vn -0.5992 -0.0029 0.8006
vn -0.6610 0.0146 0.7503
vn 0.6420 -0.0001 0.7667
vn 0.6372 0.0170 0.7705
vn -0.5864 0.1806 0.7896
vn 0.4507 0.3916 0.8022
vn -0.2071 0.5527 0.8072
vn -0.1634 0.6697 0.7244
vn -0.1054 0.6862 0.7197
vn 0.0180 0.6671 0.7448
vn -0.0134 0.7252 0.6884
vn 0.0535 0.6832 0.7282
vn -0.0030 0.6801 0.7331
vn 0.0134 0.6927 0.7211
vn 0.0118 -0.6589 0.7521
vn 0.2467 -0.5401 0.8046
vn -0.6241 0.0068 0.7813
vn 0.6119 0.0021 0.7909
vn -0.6582 -0.0055 0.7528
vn 0.6935 0.0181 0.7202
vn -0.6403 -0.0193 0.7679
vn -0.6306 0.0881 0.7711
vn -0.3668 0.4348 0.8224
vn -0.3060 0.5268 0.7930
vn -0.2602 0.4970 0.8278
vn -0.2512 0.5744 0.7790
vn 0.2577 0.5653 0.7836
vn 0.1811 0.5903 0.7866
vn 0.1700 0.6423 0.7474
vn -0.0278 0.6951 0.7183
vn 0.0516 0.6996 0.7127
vn -0.0112 0.7235 0.6902
vn 0.0621 0.6509 0.7567
vn 0.0101 0.6863 0.7273
vn -0.0144 0.7061 0.7080
vn -0.0000 0.6997 0.7144
vn -0.0673 -0.6505 0.7565
vn -0.0672 -0.6218 0.7803
vn 0.0387 -0.6562 0.7536
vn -0.0397 -0.6315 0.7743
vn -0.1766 -0.6229 0.7621
vn -0.2190 -0.5076 0.8333
vn 0.4060 -0.3473 0.8453
vn 0.5229 -0.2288 0.8211
vn -0.5401 -0.2317 0.8091
vn 0.6375 0.0051 0.7704
vn 0.6243 -0.0137 0.7811
vn 0.6731 0.0046 0.7396
vn -0.6239 -0.0018 0.7815
vn 0.5883 0.0168 0.8085
vn -0.6006 -0.0065 0.7995
vn 0.6400 -0.0195 0.7681
vn -0.6054 0.0072 0.7959
vn 0.6208 0.1208 0.7746
vn -0.1568 0.5336 0.8311
vn 0.2865 0.7653 0.5764
vn 0.0267 0.6947 0.7188
vn -0.0474 0.7070 0.7056
vn 0.0200 0.6925 0.7211
vn 0.0026 0.7206 0.6933
vn -0.1167 0.7571 0.6428
vn 0.0506 0.6740 0.7370
vn -0.0466 0.6799 0.7318
vn 0.0265 0.6314 0.7750
vn -0.0501 -0.5837 0.8104
vn 0.0342 -0.6211 0.7830
vn -0.1463 -0.5918 0.7927
vn 0.3251 -0.4385 0.8379
vn -0.5779 -0.1488 0.8024
vn 0.6353 -0.0968 0.7662
vn -0.6177 0.0109 0.7864
vn 0.6240 -0.0500 0.7799
vn 0.6762 -0.0343 0.7359
vn 0.6358 0.0115 0.7718
vn 0.6409 0.0126 0.7675
vn 0.5646 0.0003 0.8253
vn -0.6242 -0.0057 0.7812
vn -0.5830 0.1042 0.8058
vn 0.5555 0.1608 0.8158
vn -0.4072 0.3084 0.8597
vn 0.3303 0.4337 0.8384
vn 0.2270 0.5622 0.7953
vn -0.0859 0.7115 0.6974
vn 0.0988 0.6455 0.7574
vn 0.0442 0.6255 0.7790
vn 0.0321 0.6529 0.7568
vn 0.0400 0.6745 0.7372
vn -0.1483 -0.5167 0.8432
vn 0.2815 -0.4117 0.8668
vn -0.2973 -0.4002 0.8668
vn -0.3896 -0.2910 0.8738
vn -0.5926 -0.0821 0.8013
vn -0.5555 -0.0343 0.8308
vn 0.5854 0.0083 0.8107
vn 0.5782 -0.0340 0.8152
vn 0.5913 -0.0112 0.8064
vn -0.5840 -0.0097 0.8117
vn 0.5644 -0.0097 0.8254
vn 0.5902 0.0359 0.8065
vn -0.5122 -0.0372 0.8581
vn 0.6034 -0.0112 0.7973
vn -0.5720 0.0348 0.8195
vn -0.5447 0.1669 0.8219
vn 0.5645 0.0914 0.8204
vn 0.6126 0.1076 0.7830
vn 0.4921 0.2403 0.8367
vn 0.4125 0.3086 0.8571
vn 0.2593 0.4794 0.8384
vn -0.1088 0.5922 0.7984
vn 0.0527 0.6314 0.7737
vn 0.0225 0.5993 0.8002
vn 0.0463 0.6204 0.7829
vn 0.0445 0.6128 0.7890
vn 0.0131 0.6204 0.7842
vn -0.0552 0.5964 0.8008
vn 0.0546 0.6497 0.7582
vn 0.0618 -0.5977 0.7993
vn 0.2121 -0.4566 0.8640
vn 0.1467 -0.5235 0.8393
vn -0.4761 -0.1929 0.8580
vn 0.5679 -0.1826 0.8026
vn 0.5851 0.0077 0.8109
vn 0.5984 -0.0014 0.8012
vn 0.6387 0.1967 0.7439
vn 0.6081 0.0527 0.7921
vn -0.5470 0.0054 0.8371
vn 0.5277 0.0549 0.8477
vn 0.5383 0.0751 0.8394
vn -0.5121 0.1656 0.8428
vn -0.4359 0.2297 0.8702
vn -0.2863 0.4043 0.8686
vn 0.0597 0.6014 0.7967
vn 0.0134 0.6547 0.7558
vn -0.0080 0.6368 0.7710
vn -0.0218 0.6682 0.7436
vn 0.0165 0.6094 0.7927
vn -0.1244 -0.5471 0.8277
vn 0.0011 -0.5637 0.8260
vn -0.2002 -0.4213 0.8845
vn 0.5576 -0.1541 0.8157
vn 0.5411 -0.0157 0.8408
vn 0.5565 0.0052 0.8308
vn -0.5493 -0.0049 0.8356
vn -0.5421 0.0030 0.8403
vn 0.5998 0.1102 0.7925
vn 0.6470 0.0761 0.7587
vn 0.6141 -0.0030 0.7892
vn -0.5233 -0.0033 0.8521
vn 0.5589 -0.0074 0.8292
vn 0.5133 0.0153 0.8581
vn 0.3769 0.3381 0.8624
vn -0.3008 0.2865 0.9096
vn -0.2271 0.4528 0.8622
vn 0.1119 0.5920 0.7982
vn 0.0744 0.5943 0.8008
vn 0.0410 0.6136 0.7885
vn 0.0182 0.5107 0.8595
vn 0.0133 0.6276 0.7784
vn 0.0321 0.5450 0.8378
vn -0.0975 -0.5616 0.8216
vn 0.0076 -0.5258 0.8506
vn -0.0037 -0.5614 0.8275
vn -0.0062 -0.5263 0.8503
vn 0.0118 -0.4803 0.8770
vn 0.0013 -0.5210 0.8536
vn 0.1138 -0.5036 0.8564
vn 0.2876 -0.3175 0.9036
vn 0.4053 -0.2461 0.8804
vn -0.4922 -0.1174 0.8625
vn 0.5476 0.0139 0.8366
vn -0.5232 0.0097 0.8521
vn 0.5034 0.0062 0.8641
vn 0.5331 -0.0000 0.8461
vn 0.4821 -0.0165 0.8760
vn 0.5235 -0.0037 0.8520
vn -0.5253 0.0104 0.8508
vn 0.5459 0.0157 0.8377
vn 0.4901 0.0027 0.8717
vn 0.4984 -0.0267 0.8665
vn 0.5982 -0.0079 0.8013
vn -0.5476 0.0023 0.8368
vn 0.5211 0.0298 0.8530
vn -0.5102 0.1069 0.8534
vn -0.2378 0.3716 0.8974
vn -0.1680 0.4169 0.8933
vn 0.1217 0.6197 0.7754
vn -0.1148 0.4441 0.8886
vn 0.0876 0.5232 0.8477
vn -0.0109 0.5355 0.8445
vn 0.0070 0.5617 0.8273
vn -0.0121 0.5588 0.8292
vn 0.0088 0.5897 0.8076
vn -0.0037 0.5112 0.8595
vn 0.0464 0.5967 0.8011
vn 0.0022 -0.5586 0.8294
vn -0.1262 -0.4304 0.8938
vn -0.3710 -0.2200 0.9022
vn -0.5296 0.0062 0.8482
vn 0.4639 0.0076 0.8859
vn 0.2104 0.0655 0.9754
vn 0.4877 0.1516 0.8597
vn 0.5692 0.0126 0.8221
vn 0.5167 0.0011 0.8562
vn 0.5271 -0.0221 0.8495
vn 0.5996 -0.0334 0.7996
vn 0.5298 0.0462 0.8469
vn 0.4912 0.0182 0.8709
vn -0.4773 0.0412 0.8778
vn -0.4859 0.0986 0.8684
vn 0.4625 0.1209 0.8783
vn -0.4342 0.1552 0.8873
vn 0.4131 0.2104 0.8860
vn 0.3341 0.3243 0.8850
vn 0.1970 0.4312 0.8805
vn 0.2258 0.4635 0.8568
vn 0.1736 0.5209 0.8358
vn 0.1544 0.5081 0.8474
vn -0.0495 0.5672 0.8221
vn -0.0059 0.4983 0.8670
vn 0.0072 0.5366 0.8438
vn 0.0070 0.5621 0.8271
vn -0.0014 0.5248 0.8512
vn 0.0051 0.5037 0.8639
vn 0.0024 -0.5122 0.8589
vn 0.0014 -0.4514 0.8923
vn 0.0738 -0.4481 0.8909
vn -0.1150 -0.4706 0.8748
vn 0.1629 -0.3854 0.9083
vn -0.2268 -0.3175 0.9207
vn 0.3629 -0.1977 0.9106
vn -0.4132 -0.1693 0.8948
vn -0.4680 -0.0661 0.8812
vn 0.4538 -0.0743 0.8880
vn -0.4514 -0.0080 0.8923
vn 0.4731 0.0184 0.8808
vn 0.5399 0.0157 0.8416
vn 0.5580 0.1391 0.8181
vn -0.4860 -0.0014 0.8740
vn 0.4510 0.0124 0.8924
vn 0.4828 0.0385 0.8749
vn -0.4667 -0.0004 0.8844
vn -0.4987 0.0393 0.8659
vn 0.0955 0.5146 0.8521
vn -0.0044 0.5028 0.8644
vn 0.0183 0.4606 0.8874
vn 0.0064 0.5003 0.8658
vn 0.0028 0.4466 0.8947
vn -0.0006 0.4760 0.8794
vn -0.0015 0.5133 0.8582
vn -0.0007 -0.4915 0.8709
vn -0.2736 -0.2523 0.9282
vn -0.3086 -0.1909 0.9318
vn -0.4194 0.0026 0.9078
vn -0.4962 -0.0051 0.8682
vn 0.4168 -0.0053 0.9090
vn -0.4319 -0.0031 0.9019
vn -0.5073 0.0096 0.8617
vn 0.4700 -0.0102 0.8826
vn 0.4188 -0.0055 0.9081
vn -0.3897 -0.0658 0.9186
vn -0.3994 0.1150 0.9095
vn -0.3529 0.1983 0.9144
vn -0.2085 0.3163 0.9255
vn 0.2477 0.3483 0.9040
vn 0.0187 0.4708 0.8820
vn -0.0195 0.4549 0.8903
vn -0.0061 0.4435 0.8962
vn -0.0011 -0.4495 0.8933
vn -0.0122 -0.4233 0.9059
vn -0.0000 -0.3928 0.9196
vn -0.0020 -0.4524 0.8918
vn -0.3643 -0.1026 0.9256
vn 0.3786 -0.1276 0.9167
vn 0.4281 -0.0283 0.9033
vn -0.4229 -0.0317 0.9056
vn -0.5442 -0.0692 0.8361
vn -0.4548 0.0289 0.8901
vn -0.3970 0.0569 0.9161
vn 0.4121 0.0021 0.9111
vn 0.5128 -0.0030 0.8585
vn 0.4080 -0.0333 0.9124
vn 0.4723 0.0104 0.8814
vn 0.4399 0.0156 0.8979
vn 0.4701 -0.0087 0.8826
vn 0.4103 0.0733 0.9090
vn 0.3439 0.2170 0.9136
vn 0.2922 0.2694 0.9176
vn -0.1656 0.3144 0.9347
vn -0.1492 0.4093 0.9001
vn -0.1341 0.4343 0.8907
vn 0.0100 0.4366 0.8996
vn -0.0849 0.4804 0.8729
vn 0.0033 0.4402 0.8979
vn 0.0535 0.4078 0.9115
vn 0.0479 0.4845 0.8735
vn -0.0013 -0.3766 0.9264
vn 0.0424 -0.3492 0.9361
vn -0.0820 -0.4241 0.9019
vn -0.1434 -0.3600 0.9219
vn 0.1040 -0.3568 0.9284
vn 0.2214 -0.2702 0.9370
vn -0.3694 -0.1780 0.9121
vn -0.3749 0.0032 0.9271
vn 0.3886 0.0062 0.9214
vn 0.4078 0.0031 0.9131
vn 0.3710 -0.0088 0.9286
vn 0.4123 0.0260 0.9107
vn -0.3729 -0.0163 0.9277
vn 0.3940 -0.0046 0.9191
vn 0.3954 0.0179 0.9183
vn -0.3961 0.0117 0.9181
vn 0.3791 -0.0012 0.9254
vn -0.4515 -0.0137 0.8922
vn 0.3981 0.0226 0.9171
vn -0.3955 0.0390 0.9176
vn -0.4098 0.0822 0.9085
vn 0.3725 0.1481 0.9161
vn -0.2931 0.1881 0.9374
vn -0.2924 0.2354 0.9269
vn -0.2206 0.2097 0.9526
vn 0.1013 0.4385 0.8930
vn 0.0006 0.3858 0.9226
vn 0.0110 0.3249 0.9457
vn -0.0099 0.4178 0.9085
vn -0.0067 0.4110 0.9116
vn -0.2564 0.5375 0.8034
vn 0.0147 0.3833 0.9235
vn 0.0065 0.4823 0.8760
vn 0.0088 0.5004 0.8657
vn 0.0008 0.4483 0.8939
vn 0.0069 -0.4114 0.9114
vn -0.0026 -0.3921 0.9199
vn 0.0012 -0.4333 0.9013
vn 0.2802 -0.2107 0.9365
vn -0.3607 -0.0411 0.9318
vn 0.1306 -0.3173 0.9393
vn -0.8190 0.3356 0.4655
vn 0.3829 -0.0102 0.9237
vn -0.3487 -0.0229 0.9369
vn -0.4524 -0.0179 0.8916
vn -0.3908 0.0225 0.9202
vn -0.3412 -0.0037 0.9400
vn 0.3668 0.0036 0.9303
vn 0.4265 -0.0077 0.9044
vn -0.3742 -0.0047 0.9273
vn -0.3723 -0.0055 0.9281
vn 0.4021 -0.0045 0.9156
vn -0.3924 0.0682 0.9173
vn -0.2875 0.1013 0.9524
vn -0.3039 0.1585 0.9394
vn 0.2909 0.1425 0.9461
vn 0.2484 0.2074 0.9462
vn 0.2128 0.3485 0.9128
vn 0.1810 0.3727 0.9101
vn 0.0715 0.4394 0.8954
vn 0.0655 0.3290 0.9420
vn -0.0059 0.3864 0.9223
vn 0.0394 0.4070 0.9126
vn -0.0027 0.3665 0.9304
vn -0.0036 0.3845 0.9231
vn -0.0029 -0.3277 0.9448
vn -0.0176 -0.3335 0.9426
vn -0.1227 -0.3228 0.9385
vn 0.0014 -0.3261 0.9453
vn 0.0012 -0.4001 0.9165
vn 0.0103 -0.3757 0.9267
vn 0.0060 -0.3250 0.9457
vn 0.0044 -0.3543 0.9351
vn 0.1154 -0.2744 0.9547
vn -0.1641 -0.2294 0.9594
vn 0.3521 -0.0670 0.9336
vn 0.3285 -0.0172 0.9443
vn 0.3224 0.0128 0.9465
vn 0.4374 0.0144 0.8992
vn -0.3941 0.0028 0.9191
vn 0.3185 0.0014 0.9479
vn -0.3583 -0.0026 0.9336
vn 0.3379 -0.0122 0.9411
vn 0.3098 0.0019 0.9508
vn -0.4176 0.0509 0.9072
vn 0.2871 0.0577 0.9562
vn 0.3154 0.1082 0.9428
vn 0.1967 0.2283 0.9535
vn 0.1955 0.2914 0.9364
vn -0.1175 0.3894 0.9135
vn 0.1513 0.2981 0.9425
vn 0.1525 0.3019 0.9411
vn 0.1332 0.4208 0.8973
vn 0.1085 0.3207 0.9410
vn -0.0417 0.3609 0.9317
vn 0.0070 0.3923 0.9198
vn 0.0052 0.3424 0.9395
vn -0.0038 0.2871 0.9579
vn 0.0297 0.4106 0.9113
vn 0.0114 0.3451 0.9385
vn 0.0037 0.3931 0.9195
vn 0.0555 -0.3550 0.9332
vn 0.0022 -0.3225 0.9466
vn 0.0004 -0.2203 0.9754
vn 0.1894 -0.2015 0.9610
vn -0.2419 -0.1396 0.9602
vn 0.2565 -0.1482 0.9551
vn 0.2985 -0.1201 0.9468
vn -0.2837 -0.0377 0.9582
vn 0.3242 -0.0018 0.9460
vn 0.3372 0.0010 0.9414
vn -0.3465 -0.0008 0.9380
vn -0.3069 0.0766 0.9487
vn 0.2733 0.0023 0.9619
vn 0.3651 -0.0212 0.9307
vn 0.2893 -0.0185 0.9571
vn 0.2823 0.0147 0.9592
vn 0.3102 0.0022 0.9507
vn -0.2518 0.0061 0.9678
vn -0.2408 0.0024 0.9706
vn -0.2962 0.0125 0.9550
vn 0.2256 0.0883 0.9702
vn -0.1711 0.2331 0.9573
vn 0.0057 0.2835 0.9590
vn 0.0015 0.3510 0.9364
vn -0.0034 0.3511 0.9363
vn 0.0111 0.3284 0.9445
vn -0.0048 0.3001 0.9539
vn 0.0277 0.3478 0.9372
vn -0.0021 -0.3169 0.9485
vn 0.0011 -0.2549 0.9670
vn 0.0040 -0.3054 0.9522
vn 0.0290 -0.2674 0.9632
vn -0.0801 -0.2806 0.9565
vn -0.0018 -0.2490 0.9685
vn -0.0186 -0.1996 0.9797
vn 0.0636 -0.2373 0.9694
vn 0.2208 -0.1752 0.9595
vn 0.2412 -0.0812 0.9671
vn 0.3294 -0.0950 0.9394
vn -0.1957 -0.0918 0.9764
vn 0.2499 -0.0001 0.9683
vn -0.2486 0.0398 0.9678
vn 0.3125 0.0005 0.9499
vn -0.2529 0.0066 0.9675
vn -0.2922 -0.0016 0.9564
vn 0.3447 0.0109 0.9387
vn -0.0538 -0.5540 0.8308
vn -0.2622 0.0020 0.9650
vn -0.3030 -0.0026 0.9530
vn -0.2794 -0.0021 0.9602
vn -0.2980 -0.0052 0.9546
vn 0.2590 0.0076 0.9658
vn -0.2142 0.0467 0.9757
vn -0.1725 0.0843 0.9814
vn 0.2058 0.1437 0.9680
vn -0.1705 0.2113 0.9624
vn 0.2090 0.1866 0.9599
vn -0.0025 0.3156 0.9489
vn 0.0125 0.3087 0.9511
vn 0.0665 0.4316 0.8996
vn 0.1126 0.2872 0.9512
vn -0.0034 0.2519 0.9678
vn 0.0073 0.2137 0.9769
vn 0.0009 0.2653 0.9642
vn 0.0076 0.2417 0.9703
vn 0.0075 0.2914 0.9566
vn -0.0016 0.2374 0.9714
vn 0.0329 0.2856 0.9578
vn 0.0427 0.3853 0.9218
vn -0.0064 0.2571 0.9664
vn 0.0014 -0.2483 0.9687
vn 0.0016 -0.2010 0.9796
vn -0.0992 -0.2280 0.9686
vn 0.1110 -0.1798 0.9774
vn -0.0529 -0.2220 0.9736
vn -0.1468 -0.1820 0.9723
vn -0.1691 -0.0578 0.9839
vn 0.2355 -0.0221 0.9716
vn 0.2615 -0.0020 0.9652
vn 0.2035 0.0053 0.9791
vn 0.2474 -0.0022 0.9689
vn 0.1484 0.0017 0.9889
vn -0.2647 -0.0021 0.9643
vn 0.1991 0.0107 0.9799
vn 0.2354 -0.0432 0.9709
vn 0.3028 -0.0133 0.9530
vn 0.3248 0.0142 0.9457
vn 0.2052 -0.0024 0.9787
vn 0.2183 -0.0127 0.9758
vn 0.1678 0.0090 0.9858
vn -0.1851 0.0274 0.9823
vn 0.2034 0.0011 0.9791
vn -0.1736 0.0152 0.9847
vn -0.1658 0.1192 0.9789
vn -0.0857 0.1993 0.9762
vn 0.0853 0.2177 0.9723
vn -0.0336 0.2230 0.9742
vn -0.0352 0.2760 0.9605
vn -0.0209 0.2348 0.9718
vn 0.0216 0.2369 0.9713
vn -0.0282 0.2243 0.9741
vn 0.0025 -0.1888 0.9820
vn 0.0008 -0.1976 0.9803
vn -0.0136 -0.1272 0.9918
vn 0.1521 -0.0823 0.9849
vn -0.1967 -0.0180 0.9803
vn -0.1670 -0.0114 0.9859
vn 0.2123 0.0136 0.9771
vn 0.1572 0.0035 0.9876
vn -0.2320 -0.0020 0.9727
vn -0.1890 -0.0087 0.9819
vn -0.1846 -0.0467 0.9817
vn 0.2091 0.0090 0.9779
vn 0.2464 0.0181 0.9690
vn 0.2379 -0.0038 0.9713
vn -0.1922 -0.0061 0.9813
vn 0.1612 0.0012 0.9869
vn 0.1836 0.0015 0.9830
vn 0.1737 0.0037 0.9848
vn -0.2048 -0.0029 0.9788
vn 0.2359 0.0279 0.9714
vn 0.1885 0.0137 0.9820
vn -0.1515 0.0744 0.9857
vn -0.1088 0.0894 0.9900
vn 0.1261 0.1002 0.9869
vn -0.1498 0.1174 0.9817
vn -0.0102 0.1412 0.9899
vn -0.0294 0.1097 0.9935
vn -0.0051 0.1825 0.9832
vn 0.0040 0.1552 0.9879
vn 0.0329 0.1365 0.9901
vn 0.0394 0.1720 0.9843
vn 0.0428 0.2650 0.9633
vn 0.0138 0.1896 0.9818
vn 0.0029 0.1916 0.9815
vn -0.0000 -0.1449 0.9894
vn 0.0046 -0.1709 0.9853
vn -0.0109 -0.1486 0.9888
vn -0.0072 -0.1301 0.9915
vn -0.0010 -0.1259 0.9920
vn -0.0053 -0.0881 0.9961
vn 0.0010 -0.0717 0.9974
vn 0.0698 -0.1401 0.9877
vn 0.0003 -0.1262 0.9920
vn 0.0022 -0.0664 0.9978
vn 0.0151 -0.1290 0.9915
vn 0.0016 -0.0962 0.9954
vn 0.0682 -0.0816 0.9943
vn 0.0717 -0.0376 0.9967
vn 0.1502 -0.0106 0.9886
vn 0.1788 0.0030 0.9839
vn 0.0736 -0.0043 0.9973
vn -0.1397 -0.0255 0.9899
vn 0.1247 -0.0302 0.9917
vn -0.1142 0.0427 0.9925
vn -0.1915 -0.0952 0.9769
vn 0.0644 0.0055 0.9979
vn -0.0930 -0.0511 0.9944
vn 0.0884 -0.0230 0.9958
vn 0.1184 -0.0033 0.9930
vn 0.0574 -0.0178 0.9982
vn 0.1706 -0.0067 0.9853
vn 0.1362 -0.0170 0.9905
vn 0.1865 -0.0041 0.9824
vn 0.1230 -0.0040 0.9924
vn 0.0982 0.0250 0.9948
vn 0.0571 -0.0022 0.9984
vn -0.1276 -0.0342 0.9912
vn -0.1644 -0.0813 0.9830
vn 0.1431 0.0051 0.9897
vn 0.0504 -0.0002 0.9987
vn 0.0992 -0.0036 0.9951
vn 0.1925 0.0117 0.9812
vn -0.1165 0.0240 0.9929
vn -0.1156 0.0557 0.9917
vn -0.1436 -0.0167 0.9895
vn 0.1005 -0.0063 0.9949
vn 0.1588 0.0051 0.9873
vn 0.0371 0.0836 0.9958
vn 0.0576 0.1455 0.9877
vn -0.0137 0.1657 0.9861
vn -0.0010 0.1289 0.9917
vn 0.0122 0.1654 0.9861
vn -0.0006 0.0984 0.9951
vn 0.0152 0.1181 0.9929
vn 0.0201 0.0875 0.9960
vn -0.0007 0.1209 0.9927
vn 0.0099 0.1422 0.9898
vn -0.0021 0.1187 0.9929
vn -0.0116 0.1465 0.9891
vn -0.0032 -0.0699 0.9975
vn -0.0091 -0.0487 0.9988
vn -0.0014 -0.0430 0.9991
vn 0.4201 0.0011 0.9075
vn 0.0032 -0.0224 0.9997
vn -0.0009 -0.0330 0.9995
vn -0.0074 -0.0443 0.9990
vn 0.0009 -0.0124 0.9999
vn 0.0004 -0.0206 0.9998
vn 0.0055 -0.0133 0.9999
vn 0.0034 -0.0124 0.9999
vn -0.0864 -0.0530 0.9949
vn 0.2185 0.1240 0.9679
vn -0.0770 -0.0533 0.9956
vn -0.0001 -0.0002 1.0000
vn 0.1663 -0.0034 0.9861
vn -0.0008 -0.0036 1.0000
vn 0.0009 -0.0157 0.9999
vn 0.0010 -0.0156 0.9999
vn -0.0025 0.0017 1.0000
vn -0.0000 -0.0000 1.0000
vn -0.0000 0.0001 1.0000
vn -0.0007 -0.0009 1.0000
vn 0.0051 -0.0074 1.0000
vn 0.0001 -0.0027 1.0000
vn 0.1719 0.9851 0.0071
vn -0.0013 -0.0062 1.0000
vn 0.0001 -0.0002 1.0000
vn -0.0002 -0.0003 1.0000
vn 0.0587 -0.0035 0.9983
vn -0.0001 0.0001 1.0000
vn 0.2269 -0.9236 -0.3090
vn 0.5553 0.0690 -0.8288
vn -0.0000 0.0002 1.0000
vn -0.0000 0.0004 1.0000
vn -0.1045 -0.0273 0.9942
vn -0.3813 0.3812 0.8422
vn 0.0001 0.0002 1.0000
vn 0.0019 0.0026 1.0000
vn 0.0011 0.0005 1.0000
vn 0.3786 0.1757 -0.9087
vn -0.7456 0.0256 -0.6659
vn -0.0006 0.3416 0.9399
vn -0.9975 0.0706 -0.0000
vn 0.0191 -0.0212 0.9996
vn 0.4973 0.0030 0.8676
vn -0.0013 -0.0005 1.0000
vn -0.0254 0.0250 0.9994
vn 0.8029 -0.3164 -0.5052
vn -0.5797 0.7636 -0.2845
vn 0.1619 -0.8507 0.5001
vn -0.0005 0.0001 1.0000
vn -0.7187 -0.4830 0.5001
vn -0.8544 -0.3031 0.4221
vn 0.0838 -0.0781 0.9934
vn 0.0327 0.0031 0.9995
vn -0.0005 0.0012 1.0000
vn -0.0120 -0.0009 0.9999
vn 0.7142 -0.4784 -0.5109
vn 0.0024 0.0024 1.0000
vn 0.3196 -0.0235 -0.9473
vn 0.4941 0.0761 0.8661
vn 0.0010 0.0008 1.0000
vn 0.1538 -0.3054 0.9397
vn -0.7175 0.5660 -0.4060
vn -0.9914 -0.1308 -0.0000
vn -0.0000 -0.0004 1.0000
vn 0.7010 -0.7132 0.0001
vn -0.0665 -0.0232 0.9975
vn -0.3315 0.0667 0.9411
vn 0.0001 -0.0000 1.0000
vn 0.0025 0.0037 1.0000
vn -0.9656 0.2600 -0.0000
vn -0.2220 0.7435 -0.6308
vn -0.5125 -0.8587 0.0001
vn -0.0014 -0.0036 1.0000
vn 0.0001 0.0004 1.0000
vn 0.0015 0.0026 1.0000
vn 0.3674 0.1055 -0.9241
vn 0.8201 0.5722 0.0001
vn -0.0007 -0.0015 1.0000
vn -0.0009 -0.0008 1.0000
vn -0.0005 -0.0011 1.0000
vn -0.0004 -0.0002 1.0000
vn 0.0033 0.0002 1.0000
vn -0.2566 -0.9665 -0.0000
vn 0.0008 0.0010 1.0000
vn 0.0007 0.0060 1.0000
vn -0.1459 -0.5694 0.8090
vn -0.6837 0.1805 0.7071
vn -0.0181 0.0155 0.9997
vn -0.3859 -0.1076 0.9162
vn 0.2147 -0.8791 -0.4255
vn 0.0580 0.1042 0.9929
vn -0.0003 0.0001 1.0000
vn -0.6190 -0.7854 -0.0000
vn -0.2621 -0.8078 -0.5279
vn -0.9902 0.1396 -0.0000
vn 0.0175 -0.0001 0.9998
vn -0.0001 -0.0000 1.0000
vn -0.0000 -0.0001 1.0000
vn 0.0047 0.0006 1.0000
vn -0.0025 0.0014 1.0000
vn -0.8681 -0.1774 -0.4635
vn -0.9742 -0.2258 -0.0000
vn 0.3887 -0.0701 0.9187
vn -0.7013 -0.5081 -0.5000
vn 0.0010 0.0018 1.0000
vn -0.0017 -0.0095 1.0000
vn 0.0007 0.0012 1.0000
vn -0.0265 -0.0077 0.9996
vn 0.0004 0.0002 1.0000
vn 0.3081 -0.7401 -0.5977
vn 0.1926 0.9813 -0.0001
vn 0.7405 -0.6721 -0.0001
vn -0.0365 0.0010 0.9993
vn -0.0684 -0.0556 0.9961
vn 0.0063 -0.0001 1.0000
vn 0.0003 0.0003 1.0000
vn -0.0010 -0.0006 1.0000
vn -0.0004 -0.0048 1.0000
vn 0.0001 0.0001 1.0000
vn 0.0008 0.0028 1.0000
vn -0.5407 0.8410 -0.0201
vn 0.0293 -0.0020 0.9996
vn 0.0022 -0.0031 1.0000
vn 0.3646 0.0689 0.9286
vn -0.9560 -0.2933 -0.0000
vn -0.9942 0.1074 -0.0000
vn -0.0003 -0.0000 1.0000
vn 0.0013 -0.0013 1.0000
vn 0.0001 -0.0005 1.0000
vn 0.0001 -0.0008 1.0000
vn -0.1474 0.0014 0.9891
vn -0.6366 -0.3079 0.7071
vn -0.0007 0.0004 1.0000
vn 0.0003 -0.0001 1.0000
vn 0.3046 0.0027 0.9525
vn 0.0001 0.0005 1.0000
vn 0.4046 -0.9075 -0.1131
vn 0.0003 -0.0000 1.0000
vn -0.4500 0.1228 0.8845
vn 0.0011 0.0006 1.0000
vn 0.1639 -0.0173 0.9863
vn -0.0001 0.0007 1.0000
vn 0.0740 -0.0031 0.9973
vn 0.0028 0.0037 1.0000
vn -0.2972 0.9548 0.0063
vn -0.1792 0.9822 0.0571
vn 0.0050 -0.0045 1.0000
vn 0.2199 0.2119 0.9522
vn 0.0012 0.0021 1.0000
vn 0.0840 0.2205 0.9718
vn 0.0018 -0.0004 1.0000
vn 0.4675 -0.0275 0.8836
vn 0.1042 0.0078 0.9945
vn -0.0000 -0.0002 1.0000
vn -0.9773 -0.2117 -0.0000
vn 0.0010 0.0003 1.0000
vn 0.0585 0.0062 0.9983
vn -0.1047 0.0286 0.9941
vn -0.2840 0.9588 -0.0000
vn -0.5944 0.2366 -0.7686
vn 0.9990 0.0450 -0.0000
vn 0.6248 0.3027 -0.7197
vn 0.1954 -0.1172 -0.9737
vn 0.0004 -0.0002 1.0000
vn 0.2188 0.4443 -0.8688
vn 0.7818 -0.0000 0.6236
vn -0.0008 0.0006 1.0000
vn 0.0045 0.0010 1.0000
vn 0.0044 0.0018 1.0000
vn -0.0014 -0.0002 1.0000
vn 0.0001 -0.0003 1.0000
vn 0.4189 -0.1125 0.9010
vn -0.5108 -0.8013 -0.3115
vn 0.0002 -0.0003 1.0000
vn -0.0008 -0.0004 1.0000
vn -0.0014 -0.0020 1.0000
vn -0.0002 0.0007 1.0000
vn -0.0010 0.0009 1.0000
vn -0.0551 -0.0372 0.9978
vn -0.0013 0.0011 1.0000
vn 0.0044 0.0013 1.0000
vn 0.0070 -0.0040 1.0000
vn 0.0118 0.0180 0.9998
vn 0.0013 -0.0001 1.0000
vn -0.0005 -0.0002 1.0000
vn -0.0008 -0.0019 1.0000
vn 0.0436 0.0637 0.9970
vn -0.0006 -0.0009 1.0000
vn -0.0000 0.0009 1.0000
vn 0.0033 -0.0042 1.0000
vn -0.0007 -0.0006 1.0000
vn -0.0000 0.0003 1.0000
vn 0.0285 -0.0083 0.9996
vn 0.4404 0.0330 0.8972
vn 0.0674 -0.0069 0.9977
vn -0.0002 -0.0000 1.0000
vn 0.3405 -0.0244 0.9399
vn 0.3842 -0.9226 -0.0356
vn -0.0015 -0.0008 1.0000
vn -0.9952 0.0983 -0.0000
vn -0.1501 0.7360 -0.6601
vn 0.0001 0.0003 1.0000
vn -0.0075 0.0004 1.0000
vn 0.0002 -0.0002 1.0000
vn 0.0083 0.0014 1.0000
vn -0.3484 -0.9373 0.0002
vn 0.0690 -0.0075 0.9976
vn -0.0001 0.0002 1.0000
vn 0.0089 -0.0094 0.9999
vn -0.0081 0.0050 1.0000
vn 0.0001 -0.0001 1.0000
vn 0.0169 -0.0135 0.9998
vn 0.0025 0.0045 1.0000
vn 0.0002 -0.0000 1.0000
vn 0.0029 0.0039 1.0000
vn 0.0005 0.0033 1.0000
vn 0.0081 -0.0087 0.9999
vn 0.0385 0.0087 0.9992
vn 0.0003 -0.0003 1.0000
vn 0.0089 -0.0030 1.0000
vn 0.7356 0.6726 -0.0801
vn -0.8654 0.0303 0.5001
vn -0.1138 -0.8585 0.5001
vn 0.5032 -0.4973 -0.7068
vn 0.0003 -0.0004 1.0000
vn 0.0001 0.0007 1.0000
vn -0.0034 0.0022 1.0000
vn 0.0008 -0.0005 1.0000
vn 0.8399 -0.2113 0.4998
vn 0.0001 -0.0004 1.0000
vn -0.0004 0.0006 1.0000
vn -0.0001 -0.0001 1.0000
vn 0.4115 0.7570 0.5076
vn 0.9984 -0.0557 -0.0000
vn -0.5012 0.4988 0.7071
vn 0.0083 -0.0021 1.0000
vn -0.0045 -0.0024 1.0000
vn 0.5331 0.3576 0.7668
vn 0.0046 0.0011 1.0000
vn -0.0021 -0.0018 1.0000
vn -0.0275 0.0249 0.9993
vn -0.1319 -0.1773 -0.9753
vn 0.0011 -0.0002 1.0000
vn 0.2668 0.0628 0.9617
vn 0.9061 0.0681 0.4175
vn -0.0002 0.0005 1.0000
vn -0.0012 0.0011 1.0000
vn -0.0009 0.0077 1.0000
vn 0.0008 -0.0006 1.0000
vn 0.0552 0.0336 0.9979
vn 0.0005 -0.0007 1.0000
vn -0.0309 0.0354 0.9989
vn -0.0014 0.0008 1.0000
vn -0.0001 0.0022 1.0000
vn -0.0004 0.0029 1.0000
vn 0.0010 0.0026 1.0000
vn -0.0063 0.0124 0.9999
vn 0.0043 -0.0030 1.0000
vn -0.0004 0.0049 1.0000
vn 0.3342 0.0500 0.9412
vn 0.0040 0.0136 0.9999
vn -0.0034 0.0018 1.0000
vn -0.0003 0.0020 1.0000
vn 0.0001 0.0082 1.0000
vn 0.0005 0.0002 1.0000
vn -0.0002 0.0046 1.0000
vn -0.0017 0.0083 1.0000
vn 0.0002 0.0052 1.0000
vn 0.0035 0.0023 1.0000
vn 0.0081 0.0358 0.9993
vn 0.0138 0.0365 0.9992
vn 0.9614 -0.2750 -0.0023
vn -0.0011 0.0085 1.0000
vn 0.0006 0.0106 0.9999
vn -0.0019 0.0484 0.9988
vn -0.0012 0.0405 0.9992
vn -0.0010 0.0605 0.9982
vn -0.0082 0.0601 0.9982
vn 0.5718 0.0385 0.8195
vn 0.0041 0.0195 0.9998
vn 0.0052 0.0687 0.9976
vn -0.0013 0.0578 0.9983
vn -0.0026 0.1133 0.9936
vn -0.0149 0.1111 0.9937
vt 0.256677 0.680492
vt 0.251621 0.675971
vt 0.270885 0.678728
vt 0.190929 0.680823
vt 0.174348 0.675721
vt 0.213925 0.675053
vt 0.234777 0.680079
vt 0.259711 0.670427
vt 0.201237 0.672959
vt 0.079891 0.677285
vt 0.107476 0.673762
vt 0.107740 0.679920
vt 0.122547 0.677367
vt 0.151939 0.672236
vt 0.150382 0.679200
vt 0.278994 0.675503
vt 0.279754 0.680109
vt 0.285004 0.673065
vt 0.071789 0.674318
vt 0.076984 0.671923
vt 0.285167 0.667635
vt 0.078271 0.668011
vt 0.072617 0.667313
vt 0.288032 0.665242
vt 0.131013 0.597458
vt 0.069282 0.639189
vt 0.071947 0.641500
vt 0.290722 0.656586
vt 0.172906 0.563870
vt 0.289060 0.622963
vt 0.076538 0.515390
vt 0.286767 0.602651
vt 0.341072 0.390549
vt 0.342953 0.387469
vt 0.342953 0.417933
vt 0.245410 0.580653
vt 0.071725 0.584359
vt 0.288273 0.550958
vt 0.135508 0.490129
vt 0.184213 0.489305
vt 0.285257 0.503255
vt 0.071573 0.542861
vt 0.230978 0.457202
vt 0.071449 0.503729
vt 0.067447 0.530390
vt 0.285023 0.434366
vt 0.291201 0.489044
vt 0.074523 0.469232
vt 0.288452 0.446042
vt 0.175386 0.404131
vt 0.067941 0.469326
vt 0.071210 0.439529
vt 0.287741 0.407700
vt 0.291407 0.406851
vt 0.292492 0.425600
vt 0.281234 0.399234
vt 0.075476 0.404271
vt 0.095531 0.400809
vt 0.070363 0.405904
vt 0.287603 0.399909
vt 0.144813 0.399196
vt 0.169132 0.398010
vt 0.077432 0.394918
vt 0.196486 0.396783
vt 0.072141 0.400435
vt 0.143897 0.394564
vt 0.282060 0.393007
vt 0.160255 0.393517
vt 0.107802 0.393631
vt 0.188416 0.389162
vt 0.230336 0.393099
vt 0.254440 0.390373
vt 0.275259 0.682484
vt 0.078136 0.687352
vt 0.090008 0.685600
vt 0.117053 0.683604
vt 0.112765 0.687517
vt 0.148708 0.683069
vt 0.240037 0.685369
vt 0.077161 0.680430
vt 0.285781 0.682310
vt 0.285854 0.676914
vt 0.290691 0.676812
vt 0.289527 0.670645
vt 0.068973 0.676685
vt 0.359445 0.665301
vt 0.364135 0.665279
vt 0.361132 0.670734
vt 0.064230 0.671310
vt 0.361863 0.656688
vt 0.362834 0.628505
vt 0.291690 0.628389
vt 0.292492 0.573565
vt 0.360254 0.623033
vt 0.359646 0.551009
vt 0.363844 0.573693
vt 0.366149 0.604211
vt 0.066304 0.607917
vt 0.068309 0.576575
vt 0.364938 0.545503
vt 0.363217 0.524366
vt 0.065400 0.557038
vt 0.362608 0.489141
vt 0.068024 0.495945
vt 0.063821 0.503817
vt 0.359952 0.446087
vt 0.368503 0.473460
vt 0.364137 0.425716
vt 0.066971 0.408290
vt 0.359445 0.407732
vt 0.068687 0.398933
vt 0.359586 0.399941
vt 0.363403 0.396824
vt 0.363043 0.406946
vt 0.285181 0.389852
vt 0.291089 0.396725
vt 0.071424 0.392677
vt 0.281650 0.389136
vt 0.101845 0.389846
vt 0.133706 0.390780
vt 0.163207 0.388036
vt 0.273227 0.389288
vt 0.073459 0.388766
vt 0.244170 0.386664
vt 0.077205 0.388700
vt 0.224142 0.383897
vt 0.274480 0.689402
vt 0.144120 0.688519
vt 0.208963 0.685895
vt 0.176854 0.685677
vt 0.281537 0.683910
vt 0.227844 0.685568
vt 0.071587 0.684368
vt 0.290588 0.682202
vt 0.363275 0.676936
vt 0.365373 0.676161
vt 0.366119 0.671504
vt 0.366422 0.664487
vt 0.366258 0.641799
vt 0.062755 0.632224
vt 0.371285 0.558012
vt 0.367321 0.522793
vt 0.059058 0.476464
vt 0.062798 0.448247
vt 0.366507 0.427271
vt 0.063306 0.405207
vt 0.366580 0.401475
vt 0.362576 0.389849
vt 0.365088 0.391393
vt 0.288942 0.389770
vt 0.067285 0.391959
vt 0.283395 0.385227
vt 0.108466 0.385843
vt 0.182012 0.383904
vt 0.280362 0.384501
vt 0.144844 0.384447
vt 0.078942 0.384787
vt 0.264277 0.380094
vt 0.189673 0.690828
vt 0.072657 0.689734
vt 0.073542 0.694322
vt 0.163250 0.689735
vt 0.255513 0.692005
vt 0.066750 0.685214
vt 0.069003 0.688262
vt 0.061506 0.680645
vt 0.364675 0.682348
vt 0.060365 0.675226
vt 0.368401 0.669153
vt 0.059738 0.669017
vt 0.056595 0.661230
vt 0.370700 0.626915
vt 0.056440 0.633843
vt 0.062637 0.610304
vt 0.058503 0.552403
vt 0.059710 0.420089
vt 0.370976 0.403786
vt 0.370317 0.415512
vt 0.366967 0.395248
vt 0.062055 0.396677
vt 0.069658 0.389597
vt 0.287347 0.382909
vt 0.074717 0.382523
vt 0.120002 0.382636
vt 0.225537 0.379200
vt 0.083176 0.692631
vt 0.113544 0.694393
vt 0.227192 0.693236
vt 0.201010 0.693674
vt 0.285214 0.690748
vt 0.059840 0.688399
vt 0.370908 0.676920
vt 0.372064 0.680806
vt 0.372888 0.665250
vt 0.371340 0.594016
vt 0.057806 0.575896
vt 0.059182 0.514041
vt 0.373365 0.522767
vt 0.055855 0.482752
vt 0.372550 0.481276
vt 0.370406 0.446828
vt 0.374467 0.405335
vt 0.060221 0.402914
vt 0.056344 0.404501
vt 0.370689 0.396011
vt 0.056664 0.396724
vt 0.368535 0.385185
vt 0.062043 0.390461
vt 0.063781 0.384226
vt 0.070125 0.384921
vt 0.277857 0.378307
vt 0.098297 0.379023
vt 0.197343 0.378902
vt 0.079028 0.380122
vt 0.136018 0.378383
vt 0.174608 0.378504
vt 0.143521 0.695418
vt 0.169366 0.694218
vt 0.067241 0.693661
vt 0.368494 0.686994
vt 0.370009 0.686218
vt 0.057451 0.683017
vt 0.056427 0.674494
vt 0.372345 0.669928
vt 0.054085 0.508598
vt 0.054059 0.439702
vt 0.054872 0.411538
vt 0.056548 0.389733
vt 0.363474 0.382995
vt 0.284327 0.378969
vt 0.067408 0.379517
vt 0.070712 0.379471
vt 0.262897 0.377020
vt 0.079573 0.698800
vt 0.278828 0.693150
vt 0.066206 0.697497
vt 0.292341 0.686786
vt 0.060616 0.692230
vt 0.053625 0.680735
vt 0.374264 0.639437
vt 0.052717 0.562619
vt 0.375485 0.446032
vt 0.374678 0.399105
vt 0.371035 0.385174
vt 0.058338 0.386617
vt 0.368316 0.381324
vt 0.287810 0.378117
vt 0.074086 0.378011
vt 0.224155 0.374548
vt 0.103201 0.699912
vt 0.270310 0.697103
vt 0.284893 0.693805
vt 0.072815 0.698921
vt 0.363423 0.690860
vt 0.370979 0.693170
vt 0.374357 0.677697
vt 0.049647 0.674549
vt 0.050497 0.647198
vt 0.051109 0.603343
vt 0.378026 0.536849
vt 0.050871 0.536007
vt 0.050624 0.462444
vt 0.374231 0.395229
vt 0.053656 0.399853
vt 0.049907 0.395212
vt 0.374205 0.389801
vt 0.051776 0.390543
vt 0.374505 0.382064
vt 0.366487 0.378249
vt 0.282494 0.374332
vt 0.160946 0.374054
vt 0.190507 0.372786
vt 0.277115 0.373649
vt 0.080985 0.374805
vt 0.243135 0.371108
vt 0.092657 0.700928
vt 0.250289 0.698173
vt 0.155259 0.699776
vt 0.230112 0.697049
vt 0.287982 0.696047
vt 0.060021 0.697602
vt 0.374161 0.692410
vt 0.374927 0.688548
vt 0.377113 0.686221
vt 0.052183 0.686934
vt 0.376996 0.681576
vt 0.375843 0.668359
vt 0.052405 0.668302
vt 0.378930 0.668369
vt 0.378107 0.584606
vt 0.049002 0.514114
vt 0.377962 0.492217
vt 0.050584 0.451473
vt 0.051602 0.418587
vt 0.376810 0.416271
vt 0.047825 0.405333
vt 0.058429 0.383496
vt 0.369894 0.375146
vt 0.059683 0.377267
vt 0.112846 0.373310
vt 0.137815 0.372889
vt 0.280873 0.371242
vt 0.182906 0.370703
vt 0.074138 0.703455
vt 0.181440 0.699344
vt 0.067236 0.702028
vt 0.291461 0.692928
vt 0.052813 0.696941
vt 0.050258 0.679992
vt 0.380718 0.611997
vt 0.384271 0.640189
vt 0.377338 0.615141
vt 0.047324 0.575185
vt 0.380458 0.467153
vt 0.379966 0.408435
vt 0.378561 0.398313
vt 0.380441 0.389000
vt 0.054526 0.380409
vt 0.062721 0.375679
vt 0.363834 0.374409
vt 0.066520 0.374848
vt 0.281320 0.697678
vt 0.113694 0.703525
vt 0.059496 0.701415
vt 0.378540 0.694106
vt 0.052335 0.691564
vt 0.379391 0.676135
vt 0.378092 0.646462
vt 0.048099 0.545441
vt 0.382302 0.545446
vt 0.046902 0.453840
vt 0.379404 0.430351
vt 0.380439 0.453059
vt 0.045183 0.414697
vt 0.044658 0.398339
vt 0.378567 0.383576
vt 0.377145 0.372790
vt 0.367995 0.369003
vt 0.070188 0.372464
vt 0.223652 0.371439
vt 0.148989 0.370358
vt 0.271802 0.369163
vt 0.277716 0.368964
vt 0.154053 0.703700
vt 0.263029 0.702552
vt 0.095734 0.704590
vt 0.374200 0.697029
vt 0.369577 0.696259
vt 0.382694 0.683130
vt 0.046483 0.689312
vt 0.382929 0.664450
vt 0.047406 0.602575
vt 0.383237 0.503946
vt 0.045166 0.479678
vt 0.381071 0.420950
vt 0.382759 0.399862
vt 0.380591 0.393992
vt 0.050033 0.381996
vt 0.056169 0.378074
vt 0.374978 0.370594
vt 0.364776 0.371328
vt 0.112576 0.369854
vt 0.098838 0.368067
vt 0.225083 0.369064
vt 0.198568 0.368731
vt 0.276778 0.701555
vt 0.250364 0.701986
vt 0.285135 0.700657
vt 0.063983 0.705144
vt 0.049616 0.697748
vt 0.380957 0.687008
vt 0.385068 0.671454
vt 0.045952 0.674574
vt 0.044068 0.658976
vt 0.385890 0.657412
vt 0.381435 0.648812
vt 0.384602 0.577540
vt 0.043046 0.513350
vt 0.383921 0.433470
vt 0.042823 0.390563
vt 0.378636 0.375871
vt 0.057182 0.372616
vt 0.062217 0.371007
vt 0.282117 0.368866
vt 0.083600 0.368177
vt 0.185393 0.365728
vt 0.258198 0.366215
vt 0.200989 0.702811
vt 0.320549 0.416213
vt 0.322402 0.411738
vt 0.322402 0.421749
vt 0.375327 0.699330
vt 0.053937 0.703025
vt 0.047384 0.695462
vt 0.041542 0.667579
vt 0.040844 0.648809
vt 0.386848 0.452260
vt 0.042049 0.437405
vt 0.046615 0.385897
vt 0.380782 0.378164
vt 0.382425 0.380471
vt 0.372303 0.368983
vt 0.068745 0.369357
vt 0.249978 0.364623
vt 0.069796 0.707327
vt 0.360941 0.279872
vt 0.360521 0.257145
vt 0.365006 0.277556
vt 0.349359 0.414265
vt 0.345954 0.419400
vt 0.345954 0.411730
vt 0.380745 0.699334
vt 0.051742 0.700772
vt 0.382058 0.697811
vt 0.047466 0.701589
vt 0.381545 0.692427
vt 0.385612 0.689340
vt 0.043269 0.686231
vt 0.386807 0.665999
vt 0.043384 0.611207
vt 0.388282 0.605718
vt 0.038414 0.579129
vt 0.389019 0.526634
vt 0.387737 0.428761
vt 0.386384 0.413107
vt 0.041230 0.408478
vt 0.385854 0.388192
vt 0.385105 0.382783
vt 0.050590 0.373434
vt 0.038753 0.001540
vt 0.041166 0.004050
vt 0.032550 0.002763
vt 0.110073 0.366214
vt 0.134279 0.369046
vt 0.152525 0.366288
vt 0.166366 0.366931
vt 0.044959 0.000826
vt 0.076537 0.366444
vt 0.145932 0.001312
vt 0.146059 0.005332
vt 0.133496 0.003819
vt 0.206726 0.365460
vt 0.269143 0.365970
vt 0.364319 0.300255
vt 0.362475 0.311955
vt 0.361574 0.064538
vt 0.366068 0.079444
vt 0.361350 0.080976
vt 0.359445 0.308803
vt 0.361319 0.144406
vt 0.364502 0.138956
vt 0.363351 0.038002
vt 0.361000 0.047340
vt 0.361227 0.036422
vt 0.055147 0.705272
vt 0.386745 0.680019
vt 0.387673 0.683125
vt 0.041820 0.680041
vt 0.390967 0.655052
vt 0.390160 0.576751
vt 0.039455 0.543115
vt 0.038774 0.399910
vt 0.039382 0.394465
vt 0.046625 0.378894
vt 0.047624 0.374229
vt 0.382533 0.373515
vt 0.033421 0.005961
vt 0.292375 0.002305
vt 0.300240 0.003791
vt 0.272815 0.002363
vt 0.068473 0.002697
vt 0.065481 0.007253
vt 0.052740 0.000567
vt 0.257709 0.360923
vt 0.054401 0.002767
vt 0.045137 0.006614
vt 0.365429 0.052839
vt 0.364902 0.045033
vt 0.361302 0.204693
vt 0.366768 0.174994
vt 0.364450 0.245442
vt 0.364144 0.031781
vt 0.361486 0.028666
vt 0.364486 0.027123
vt 0.381371 0.701634
vt 0.386329 0.694726
vt 0.037471 0.639414
vt 0.389894 0.396717
vt 0.387068 0.392838
vt 0.040356 0.382791
vt 0.053164 0.368749
vt 0.058964 0.368691
vt 0.028730 0.005327
vt 0.256318 0.000981
vt 0.257184 0.003928
vt 0.228148 0.001457
vt 0.215743 0.005732
vt 0.210103 0.000455
vt 0.185915 0.002895
vt 0.164901 0.007321
vt 0.167030 0.000000
vt 0.160888 0.003727
vt 0.141315 0.363944
vt 0.112401 0.005504
vt 0.112256 0.000961
vt 0.077912 0.004067
vt 0.365950 0.201602
vt 0.057338 0.709026
vt 0.049996 0.705344
vt 0.378735 0.703177
vt 0.042074 0.693206
vt 0.393413 0.620578
vt 0.392347 0.641740
vt 0.393326 0.496882
vt 0.041389 0.379476
vt 0.384360 0.371203
vt 0.376543 0.366751
vt 0.380759 0.365085
vt 0.040461 0.006650
vt 0.058864 0.364772
vt 0.365695 0.320562
vt 0.361109 0.320511
vt 0.368861 0.279162
vt 0.367000 0.036472
vt 0.366614 0.029474
vt 0.046620 0.703855
vt 0.385711 0.697032
vt 0.041224 0.697822
vt 0.389224 0.689328
vt 0.040102 0.687801
vt 0.034865 0.513365
vt 0.037967 0.485965
vt 0.036037 0.412392
vt 0.390545 0.390497
vt 0.043547 0.372705
vt 0.380752 0.367386
vt 0.315939 0.007584
vt 0.311887 0.001687
vt 0.320570 0.006680
vt 0.268220 0.006233
vt 0.052978 0.008078
vt 0.367866 0.314352
vt 0.367808 0.046618
vt 0.364927 0.325985
vt 0.367675 0.084944
vt 0.385563 0.700283
vt 0.043046 0.701620
vt 0.034671 0.673051
vt 0.391912 0.671435
vt 0.035832 0.667596
vt 0.389201 0.416229
vt 0.387945 0.382764
vt 0.034624 0.385135
vt 0.387390 0.375811
vt 0.046331 0.371134
vt 0.048858 0.368007
vt 0.203153 0.003509
vt 0.183729 0.008899
vt 0.142219 0.008387
vt 0.083475 0.007174
vt 0.367626 0.136637
vt 0.042682 0.704799
vt 0.389071 0.694734
vt 0.392200 0.682338
vt 0.035047 0.584606
vt 0.394378 0.585350
vt 0.035734 0.438200
vt 0.392255 0.425619
vt 0.396271 0.407616
vt 0.034988 0.403820
vt 0.392672 0.390503
vt 0.038891 0.372744
vt 0.386673 0.369664
vt 0.383926 0.366612
vt 0.053392 0.366404
vt 0.270662 0.010090
vt 0.257331 0.009408
vt 0.200201 0.010379
vt 0.085894 0.010152
vt 0.298780 0.007118
vt 0.368025 0.301845
vt 0.370769 0.068535
vt 0.367997 0.326792
vt 0.368754 0.333765
vt 0.369088 0.221200
vt 0.048888 0.711211
vt 0.364725 0.022492
vt 0.369343 0.020990
vt 0.367835 0.019435
vt 0.046032 0.706882
vt 0.042962 0.707740
vt 0.385656 0.703915
vt 0.390106 0.700850
vt 0.036905 0.690914
vt 0.034363 0.680060
vt 0.397145 0.608831
vt 0.035055 0.543897
vt 0.392420 0.551696
vt 0.395356 0.434232
vt 0.391322 0.375707
vt 0.037777 0.377371
vt 0.390082 0.371823
vt 0.035878 0.010498
vt 0.046764 0.009546
vt 0.045873 0.709868
vt 0.038082 0.701637
vt 0.394633 0.692412
vt 0.034136 0.687047
vt 0.396364 0.679991
vt 0.033130 0.644126
vt 0.029024 0.560345
vt 0.399402 0.519571
vt 0.033718 0.460921
vt 0.393142 0.465561
vt 0.398025 0.431090
vt 0.028815 0.440562
vt 0.393297 0.399052
vt 0.034543 0.389798
vt 0.026559 0.011348
vt 0.024905 0.007873
vt 0.313688 0.010579
vt 0.303530 0.009807
vt 0.224487 0.011009
vt 0.121190 0.013078
vt 0.371113 0.295615
vt 0.372592 0.321381
vt 0.373135 0.032642
vt 0.389611 0.703635
vt 0.033092 0.696302
vt 0.399839 0.662071
vt 0.394350 0.575953
vt 0.397241 0.483560
vt 0.031407 0.398366
vt 0.031335 0.403819
vt 0.035124 0.379711
vt 0.388412 0.365827
vt 0.387700 0.363521
vt 0.327621 0.010659
vt 0.327511 0.006754
vt 0.032006 0.011474
vt 0.164977 0.010700
vt 0.370718 0.044298
vt 0.372846 0.249426
vt 0.370861 0.025625
vt 0.370326 0.017930
vt 0.388584 0.705432
vt 0.038516 0.706915
vt 0.039380 0.703899
vt 0.392151 0.697032
vt 0.032955 0.691687
vt 0.396618 0.686990
vt 0.028267 0.637858
vt 0.399332 0.553237
vt 0.030011 0.412397
vt 0.397956 0.396693
vt 0.395952 0.382726
vt 0.395277 0.378877
vt 0.041439 0.368056
vt 0.042555 0.365878
vt 0.293381 0.010673
vt 0.194771 0.012779
vt 0.371837 0.316707
vt 0.372919 0.186001
vt 0.371042 0.329912
vt 0.394810 0.699350
vt 0.395859 0.696232
vt 0.400685 0.674532
vt 0.029980 0.673050
vt 0.399517 0.633110
vt 0.027860 0.504764
vt 0.401924 0.458497
vt 0.398531 0.414657
vt 0.357117 0.414310
vt 0.357117 0.422894
vt 0.355875 0.418121
vt 0.050882 0.362519
vt 0.320716 0.012925
vt 0.154083 0.013678
vt 0.239391 0.012556
vt 0.168965 0.014356
vt 0.054612 0.011125
vt 0.374078 0.039657
vt 0.372927 0.157809
vt 0.372990 0.124934
vt 0.372261 0.021021
vt 0.041606 0.710856
vt 0.036388 0.703905
vt 0.030633 0.682384
vt 0.027776 0.666815
vt 0.030134 0.594785
vt 0.401992 0.489032
vt 0.403978 0.521129
vt 0.026972 0.395244
vt 0.396615 0.388152
vt 0.028739 0.384358
vt 0.394126 0.373482
vt 0.036914 0.368906
vt 0.043603 0.362525
vt 0.025063 0.014403
vt 0.018792 0.012210
vt 0.032838 0.014230
vt 0.063312 0.015507
vt 0.374900 0.269013
vt 0.375094 0.223591
vt 0.368792 0.337598
vt 0.374068 0.337609
vt 0.371789 0.340669
vt 0.374686 0.015660
vt 0.393506 0.707242
vt 0.396081 0.703121
vt 0.033244 0.701624
vt 0.396891 0.691625
vt 0.403322 0.647198
vt 0.026588 0.534510
vt 0.027693 0.471105
vt 0.026306 0.406937
vt 0.027548 0.390578
vt 0.028696 0.381268
vt 0.035392 0.372738
vt 0.393492 0.366578
vt 0.019736 0.016005
vt 0.241821 0.017040
vt 0.218310 0.015635
vt 0.038307 0.015041
vt 0.280149 0.014548
vt 0.373874 0.048225
vt 0.373821 0.085780
vt 0.373318 0.334546
vt 0.039364 0.709972
vt 0.398300 0.693927
vt 0.400831 0.593163
vt 0.025336 0.573650
vt 0.024812 0.439781
vt 0.401031 0.397478
vt 0.398048 0.378095
vt 0.031371 0.376613
vt 0.396296 0.368863
vt 0.392422 0.363414
vt 0.039686 0.365727
vt 0.302053 0.013678
vt 0.149447 0.016859
vt 0.043800 0.017290
vt 0.375515 0.305025
vt 0.037086 0.708756
vt 0.034312 0.707691
vt 0.027668 0.692439
vt 0.028686 0.688588
vt 0.402516 0.684636
vt 0.026637 0.678488
vt 0.403286 0.629963
vt 0.404198 0.412299
vt 0.401523 0.388931
vt 0.400819 0.374245
vt 0.337595 0.011500
vt 0.339907 0.013203
vt 0.334598 0.013591
vt 0.330791 0.015114
vt 0.329286 0.016635
vt 0.323878 0.015888
vt 0.198737 0.015746
vt 0.171367 0.016639
vt 0.375618 0.314398
vt 0.376735 0.164107
vt 0.376078 0.106167
vt 0.374071 0.340661
vt 0.375433 0.018750
vt 0.372539 0.342939
vt 0.398531 0.701761
vt 0.399121 0.697751
vt 0.028021 0.697047
vt 0.403542 0.665955
vt 0.024613 0.648037
vt 0.403135 0.551673
vt 0.022376 0.469514
vt 0.404484 0.393584
vt 0.030096 0.373521
vt 0.033716 0.370571
vt 0.340276 0.398861
vt 0.341072 0.394089
vt 0.341072 0.403365
vt 0.032162 0.368783
vt 0.017343 0.016799
vt 0.014805 0.015290
vt 0.331581 0.016633
vt 0.315324 0.014381
vt 0.307582 0.017463
vt 0.155710 0.016711
vt 0.133771 0.016066
vt 0.119731 0.019180
vt 0.104823 0.016975
vt 0.083663 0.015561
vt 0.376199 0.029571
vt 0.376393 0.330703
vt 0.373318 0.345230
vt 0.404218 0.673742
vt 0.405410 0.682286
vt 0.024622 0.625312
vt 0.023797 0.413951
vt 0.401718 0.383505
vt 0.398589 0.367560
vt 0.376189 0.041215
vt 0.377187 0.322946
vt 0.377919 0.333793
vt 0.376203 0.021835
vt 0.378508 0.015651
vt 0.029281 0.703865
vt 0.027471 0.700075
vt 0.403258 0.691585
vt 0.402861 0.696862
vt 0.022617 0.686991
vt 0.022009 0.673809
vt 0.023565 0.666036
vt 0.023746 0.392906
vt 0.023934 0.386684
vt 0.026507 0.382815
vt 0.400189 0.379636
vt 0.026928 0.376704
vt 0.035981 0.366530
vt 0.339213 0.016742
vt 0.029030 0.017581
vt 0.318489 0.017424
vt 0.038359 0.018083
vt 0.256750 0.020017
vt 0.187046 0.018851
vt 0.082146 0.018615
vt 0.376919 0.067007
vt 0.378731 0.318291
vt 0.381053 0.310520
vt 0.376496 0.290949
vt 0.378189 0.216568
vt 0.379268 0.025729
vt 0.396777 0.709295
vt 0.022732 0.691625
vt 0.405900 0.597073
vt 0.022501 0.502409
vt 0.406414 0.445961
vt 0.397824 0.362465
vt 0.038030 0.362630
vt 0.015843 0.019056
vt 0.023616 0.018967
vt 0.027513 0.019697
vt 0.216793 0.018695
vt 0.043879 0.022642
vt 0.379246 0.046705
vt 0.029280 0.709466
vt 0.029491 0.706892
vt 0.380979 0.349086
vt 0.374851 0.347552
vt 0.399776 0.704646
vt 0.407122 0.661265
vt 0.021153 0.650369
vt 0.408804 0.652662
vt 0.019573 0.633132
vt 0.409174 0.453792
vt 0.406596 0.406045
vt 0.019531 0.410041
vt 0.019020 0.400680
vt 0.403443 0.374248
vt 0.395149 0.359989
vt 0.015122 0.022088
vt 0.335424 0.017386
vt 0.303745 0.022068
vt 0.198805 0.019624
vt 0.145572 0.019826
vt 0.065728 0.019544
vt 0.379223 0.059201
vt 0.378854 0.268249
vt 0.381326 0.175084
vt 0.380028 0.020325
vt 0.379421 0.342203
vt 0.380198 0.345406
vt 0.400733 0.707468
vt 0.322625 0.402648
vt 0.321147 0.399027
vt 0.322625 0.396447
vt 0.406670 0.686162
vt 0.410319 0.621334
vt 0.019453 0.568151
vt 0.406756 0.576707
vt 0.405725 0.492940
vt 0.020597 0.446035
vt 0.023976 0.378163
vt 0.025269 0.375069
vt 0.401394 0.367965
vt 0.021325 0.021328
vt 0.324668 0.017409
vt 0.313077 0.019731
vt 0.270050 0.019188
vt 0.100976 0.021679
vt 0.382251 0.092087
vt 0.380788 0.038925
vt 0.382331 0.035829
vt 0.378666 0.339144
vt 0.403404 0.702327
vt 0.407844 0.670618
vt 0.019559 0.606513
vt 0.019573 0.425672
vt 0.409179 0.408392
vt 0.409442 0.389704
vt 0.020615 0.392133
vt 0.405996 0.378114
vt 0.025592 0.372875
vt 0.029323 0.368091
vt 0.349479 0.392631
vt 0.349681 0.389820
vt 0.349681 0.395199
vt 0.398883 0.362754
vt 0.030360 0.365747
vt 0.343114 0.015119
vt 0.340781 0.020417
vt 0.033720 0.019647
vt 0.030615 0.019669
vt 0.277878 0.019143
vt 0.247369 0.021603
vt 0.174539 0.019737
vt 0.162818 0.021461
vt 0.111180 0.023826
vt 0.053247 0.022573
vt 0.382330 0.028859
vt 0.379474 0.329150
vt 0.383881 0.017271
vt 0.025123 0.701568
vt 0.406138 0.696950
vt 0.019082 0.683876
vt 0.018881 0.672239
vt 0.410763 0.381970
vt 0.021519 0.383591
vt 0.401470 0.364279
vt 0.398791 0.361098
vt 0.012623 0.021372
vt 0.011965 0.019861
vt 0.346062 0.020438
vt 0.339252 0.019657
vt 0.332395 0.019977
vt 0.328569 0.020443
vt 0.027559 0.022734
vt 0.229345 0.020156
vt 0.089235 0.021539
vt 0.313912 0.023554
vt 0.384142 0.304291
vt 0.381108 0.285498
vt 0.381238 0.222854
vt 0.381388 0.142990
vt 0.383871 0.026548
vt 0.021394 0.699259
vt 0.405479 0.693111
vt 0.409533 0.683048
vt 0.017724 0.520397
vt 0.409301 0.540695
vt 0.412537 0.475702
vt 0.409244 0.507030
vt 0.018352 0.479688
vt 0.015287 0.473409
vt 0.411703 0.449870
vt 0.403957 0.368114
vt 0.344582 0.022704
vt 0.024440 0.022003
vt 0.186332 0.023433
vt 0.317788 0.022766
vt 0.129188 0.023741
vt 0.035339 0.024208
vt 0.384613 0.053762
vt 0.384097 0.324509
vt 0.383299 0.332236
vt 0.382511 0.336852
vt 0.383130 0.012639
vt 0.380829 0.011858
vt 0.405848 0.703994
vt 0.410142 0.693857
vt 0.410257 0.672951
vt 0.017188 0.679986
vt 0.016499 0.664431
vt 0.017270 0.626079
vt 0.411063 0.579838
vt 0.414272 0.537551
vt 0.015163 0.446005
vt 0.410627 0.397465
vt 0.020036 0.381263
vt 0.407597 0.369460
vt 0.337005 0.023452
vt 0.017476 0.023572
vt 0.335473 0.022703
vt 0.323200 0.022735
vt 0.280269 0.022266
vt 0.270140 0.026086
vt 0.238039 0.027021
vt 0.218443 0.024822
vt 0.108868 0.026906
vt 0.082997 0.023408
vt 0.072061 0.024796
vt 0.383341 0.314425
vt 0.382805 0.205633
vt 0.384625 0.042843
vt 0.407693 0.701551
vt 0.410975 0.689885
vt 0.413518 0.569658
vt 0.015766 0.408458
vt 0.015326 0.400661
vt 0.410036 0.378129
vt 0.405572 0.370424
vt 0.023734 0.026576
vt 0.029929 0.025767
vt 0.197346 0.028003
vt 0.158152 0.023582
vt 0.119008 0.023794
vt 0.383819 0.069397
vt 0.384438 0.157884
vt 0.384055 0.349867
vt 0.024327 0.706440
vt 0.021090 0.703051
vt 0.019653 0.696197
vt 0.416036 0.618985
vt 0.410875 0.424817
vt 0.414085 0.406817
vt 0.026648 0.366745
vt 0.097088 0.023904
vt 0.060321 0.024846
vt 0.385413 0.030439
vt 0.387734 0.022708
vt 0.385587 0.339151
vt 0.384813 0.343747
vt 0.410067 0.696935
vt 0.015269 0.686154
vt 0.015259 0.672995
vt 0.415367 0.658126
vt 0.014315 0.603356
vt 0.417352 0.469436
vt 0.414374 0.392813
vt 0.016312 0.391343
vt 0.015830 0.386683
vt 0.023525 0.370397
vt 0.404674 0.364283
vt 0.348364 0.023496
vt 0.346096 0.023475
vt 0.007578 0.025245
vt 0.008740 0.022196
vt 0.017520 0.026628
vt 0.330917 0.025767
vt 0.251366 0.028493
vt 0.103415 0.029251
vt 0.386044 0.114044
vt 0.386225 0.330693
vt 0.387918 0.347584
vt 0.383946 0.007115
vt 0.026744 0.709828
vt 0.016359 0.691552
vt 0.415009 0.503886
vt 0.019337 0.374650
vt 0.406475 0.366587
vt 0.010758 0.028249
vt 0.013639 0.027436
vt 0.327078 0.025011
vt 0.325544 0.025785
vt 0.298318 0.026700
vt 0.086976 0.028555
vt 0.050961 0.027196
vt 0.046281 0.027209
vt 0.039273 0.028014
vt 0.385771 0.272203
vt 0.385048 0.240876
vt 0.389172 0.099960
vt 0.386172 0.034307
vt 0.385601 0.334547
vt 0.418370 0.669039
vt 0.010824 0.587663
vt 0.420346 0.425591
vt 0.342403 0.025752
vt 0.333200 0.024993
vt 0.035399 0.028788
vt 0.308505 0.028945
vt 0.143356 0.030579
vt 0.389663 0.244802
vt 0.389304 0.011896
vt 0.413435 0.683817
vt 0.415410 0.679925
vt 0.011705 0.666740
vt 0.418407 0.593923
vt 0.415896 0.603322
vt 0.414172 0.441252
vt 0.013338 0.382031
vt 0.340235 0.026514
vt 0.023796 0.031179
vt 0.027661 0.029617
vt 0.270942 0.028379
vt 0.047073 0.027982
vt 0.388767 0.304306
vt 0.391517 0.070219
vt 0.388480 0.042082
vt 0.388719 0.322968
vt 0.388687 0.343750
vt 0.390113 0.006879
vt 0.013326 0.696103
vt 0.414020 0.690100
vt 0.418290 0.518768
vt 0.011605 0.441294
vt 0.012270 0.406878
vt 0.012387 0.395209
vt 0.414217 0.384293
vt 0.409465 0.366591
vt 0.334749 0.027294
vt 0.209117 0.031006
vt 0.391073 0.310562
vt 0.389016 0.183734
vt 0.390803 0.034339
vt 0.411221 0.705401
vt 0.019228 0.705298
vt 0.017961 0.702933
vt 0.012299 0.679161
vt 0.011572 0.613516
vt 0.418289 0.632288
vt 0.012766 0.536816
vt 0.419773 0.535201
vt 0.418427 0.395922
vt 0.009078 0.392083
vt 0.415152 0.377373
vt 0.013997 0.377351
vt 0.414351 0.368133
vt 0.005394 0.026067
vt 0.349964 0.028113
vt 0.015991 0.028945
vt 0.327101 0.028082
vt 0.318625 0.030435
vt 0.160563 0.028958
vt 0.149642 0.033633
vt 0.058806 0.029452
vt 0.046350 0.034135
vt 0.038572 0.033420
vt 0.391157 0.267526
vt 0.392354 0.028146
vt 0.391018 0.329931
vt 0.390238 0.336086
vt 0.391601 0.018873
vt 0.389507 0.355105
vt 0.384093 0.352923
vt 0.412926 0.701540
vt 0.016266 0.699186
vt 0.421259 0.543812
vt 0.009247 0.507027
vt 0.418245 0.493707
vt 0.422613 0.447504
vt 0.008916 0.421707
vt 0.351696 0.024307
vt 0.332614 0.425861
vt 0.333015 0.420326
vt 0.333015 0.430005
vt 0.346889 0.027315
vt 0.343879 0.028061
vt 0.017560 0.030459
vt 0.185599 0.028066
vt 0.123758 0.028372
vt 0.090164 0.035452
vt 0.072909 0.030922
vt 0.392991 0.104659
vt 0.392576 0.325288
vt 0.010592 0.673722
vt 0.421281 0.623679
vt 0.008950 0.605662
vt 0.419040 0.557126
vt 0.009348 0.537561
vt 0.009772 0.402966
vt 0.414140 0.373652
vt 0.411647 0.365062
vt 0.352555 0.032783
vt 0.409854 0.365831
vt 0.405634 0.360458
vt 0.012260 0.030533
vt 0.330191 0.032696
vt 0.392318 0.049108
vt 0.415266 0.699218
vt 0.419085 0.696395
vt 0.418524 0.689972
vt 0.418134 0.683018
vt 0.422186 0.666697
vt 0.421326 0.579829
vt 0.009078 0.462406
vt 0.007680 0.409972
vt 0.418690 0.389728
vt 0.016917 0.372517
vt 0.354573 0.031273
vt 0.343894 0.029608
vt 0.015249 0.033582
vt 0.337820 0.030363
vt 0.333992 0.029600
vt 0.271775 0.034530
vt 0.127747 0.036040
vt 0.060401 0.032529
vt 0.391829 0.317550
vt 0.395447 0.037464
vt 0.392560 0.342237
vt 0.391820 0.352366
vt 0.416731 0.691512
vt 0.008590 0.670599
vt 0.416974 0.656560
vt 0.425844 0.635413
vt 0.010246 0.635424
vt 0.420286 0.406809
vt 0.422566 0.421674
vt 0.005217 0.399039
vt 0.005197 0.029900
vt 0.006116 0.033748
vt 0.005556 0.032213
vt 0.349687 0.031201
vt 0.346874 0.035047
vt 0.303829 0.030507
vt 0.238118 0.035475
vt 0.391592 0.022732
vt 0.012783 0.692283
vt 0.011262 0.685321
vt 0.421782 0.676028
vt 0.423746 0.651855
vt 0.422932 0.627587
vt 0.422869 0.605663
vt 0.415755 0.371994
vt 0.321761 0.034275
vt 0.033903 0.034978
vt 0.294466 0.032865
vt 0.224806 0.034784
vt 0.188799 0.034968
vt 0.097974 0.033108
vt 0.394995 0.273796
vt 0.395136 0.202546
vt 0.394874 0.333007
vt 0.393402 0.014233
vt 0.419876 0.594706
vt 0.423480 0.528935
vt 0.421945 0.492918
vt 0.420414 0.461605
vt 0.426165 0.426369
vt 0.422849 0.395144
vt 0.420562 0.378926
vt 0.412674 0.364292
vt 0.415457 0.365831
vt 0.336332 0.039691
vt 0.196607 0.032619
vt 0.155161 0.038222
vt 0.040137 0.037250
vt 0.396467 0.311353
vt 0.395345 0.085888
vt 0.395658 0.345307
vt 0.394148 0.354498
vt 0.420433 0.702303
vt 0.016795 0.706962
vt 0.422337 0.684553
vt 0.008222 0.675252
vt 0.424293 0.591573
vt 0.007641 0.586854
vt 0.425440 0.418536
vt 0.010518 0.383558
vt 0.424584 0.385108
vt 0.008993 0.033690
vt 0.012122 0.033629
vt 0.343167 0.035810
vt 0.026221 0.033480
vt 0.310112 0.034315
vt 0.062798 0.039450
vt 0.398155 0.233875
vt 0.398342 0.138355
vt 0.420736 0.706181
vt 0.421640 0.692208
vt 0.006454 0.687576
vt 0.425100 0.665924
vt 0.006505 0.609553
vt 0.424913 0.541466
vt 0.422716 0.517193
vt 0.003870 0.505410
vt 0.426925 0.475694
vt 0.004705 0.426367
vt 0.004158 0.409148
vt 0.356007 0.036732
vt 0.004586 0.036112
vt 0.019982 0.042093
vt 0.249845 0.033120
vt 0.206019 0.034877
vt 0.173155 0.036589
vt 0.288229 0.036756
vt 0.282754 0.037557
vt 0.396193 0.044447
vt 0.394895 0.328386
vt 0.400880 0.029741
vt 0.397081 0.010775
vt 0.394899 0.349798
vt 0.401930 0.354527
vt 0.422175 0.679904
vt 0.424885 0.518756
vt 0.423876 0.400570
vt 0.006900 0.381187
vt 0.012382 0.373884
vt 0.324837 0.035808
vt 0.321765 0.037389
vt 0.316342 0.037406
vt 0.249075 0.034653
vt 0.396947 0.051469
vt 0.396454 0.319115
vt 0.398561 0.025858
vt 0.399537 0.338406
vt 0.401017 0.006397
vt 0.010627 0.700630
vt 0.425009 0.680610
vt 0.006033 0.682182
vt 0.005397 0.640068
vt 0.420336 0.371235
vt 0.028527 0.040444
vt 0.065138 0.037894
vt 0.044840 0.041116
vt 0.400096 0.032061
vt 0.403437 0.340712
vt 0.007952 0.703614
vt 0.010484 0.697682
vt 0.427023 0.672924
vt 0.005003 0.668227
vt 0.430546 0.591567
vt 0.424259 0.574345
vt 0.424123 0.498403
vt 0.004305 0.473314
vt 0.350754 0.037427
vt 0.012593 0.042193
vt 0.035512 0.041958
vt 0.249112 0.040848
vt 0.094909 0.042412
vt 0.399543 0.322981
vt 0.398576 0.019667
vt 0.003625 0.596212
vt 0.428490 0.575909
vt 0.004057 0.560989
vt 0.429052 0.503878
vt 0.423899 0.402123
vt 0.423893 0.390504
vt 0.025325 0.043600
vt 0.330210 0.037349
vt 0.209196 0.041829
vt 0.110546 0.039223
vt 0.400063 0.046004
vt 0.351511 0.420896
vt 0.351511 0.406076
vt 0.353452 0.412171
vt 0.003908 0.690605
vt 0.429304 0.685313
vt 0.429052 0.682217
vt 0.428880 0.408372
vt 0.424665 0.406025
vt 0.427388 0.400572
vt 0.005915 0.390501
vt 0.006249 0.386622
vt 0.425093 0.380477
vt 0.355336 0.047644
vt 0.015291 0.040597
vt 0.231881 0.039379
vt 0.195892 0.042675
vt 0.165369 0.043616
vt 0.399542 0.330706
vt 0.398770 0.347614
vt 0.429578 0.676795
vt 0.427056 0.552420
vt 0.430468 0.546940
vt 0.431649 0.457684
vt 0.426832 0.420105
vt 0.000423 0.432562
vt 0.005863 0.039200
vt 0.313273 0.042869
vt 0.286671 0.038305
vt 0.129347 0.041459
vt 0.401307 0.201785
vt 0.401105 0.319897
vt 0.401105 0.309818
vt 0.403178 0.039024
vt 0.404310 0.357652
vt 0.995514 0.329731
vt 0.989802 0.328887
vt 0.993132 0.322717
vt 0.428410 0.693026
vt 0.002803 0.678282
vt 0.428646 0.653418
vt 0.428592 0.628365
vt 0.427872 0.621326
vt 0.430562 0.600179
vt 0.999218 0.137425
vt 0.995996 0.135087
vt 0.999845 0.105316
vt 0.000459 0.405195
vt 0.428526 0.395148
vt 0.351511 0.411730
vt 0.350652 0.406076
vt 0.417444 0.364252
vt 0.325635 0.040482
vt 0.402726 0.268340
vt 0.403906 0.051472
vt 0.993383 0.332708
vt 0.001517 0.602441
vt 0.999038 0.193010
vt 0.286681 0.039872
vt 0.106672 0.046260
vt 0.432397 0.505447
vt 0.996240 0.064628
vt 0.996205 0.037260
vt 1.000000 0.041143
vt 0.000378 0.398203
vt 0.351511 0.420862
vt 0.349416 0.418519
vt 0.229589 0.049547
vt 0.169277 0.042815
vt 0.403243 0.023553
vt 0.404985 0.337650
vt 0.403269 0.016590
vt 0.403315 0.010331
vt 0.430140 0.698424
vt 0.429298 0.388969
vt 0.425303 0.366684
vt 0.431400 0.371860
vt 0.013643 0.042181
vt 0.145020 0.044500
vt 0.405763 0.322228
vt 0.402643 0.333786
vt 0.431327 0.664368
vt 0.435075 0.676025
vt 0.999173 0.300250
vt 0.993136 0.301067
vt 0.999851 0.272079
vt 0.000373 0.391207
vt 0.998530 0.022507
vt 0.993277 0.023310
vt 0.997253 0.018643
vt 0.992512 0.017126
vt 0.994724 0.013239
vt 0.350223 0.060084
vt 0.013643 0.042964
vt 0.015389 0.057788
vt 0.322625 0.421155
vt 0.326097 0.416845
vt 0.326097 0.421403
vt 0.406536 0.326857
vt 0.405531 0.034395
vt 0.429979 0.689171
vt 0.998289 0.314214
vt 0.992374 0.314231
vt 0.996068 0.310359
vt 0.000000 0.675926
vt 0.996228 0.234516
vt 0.998399 0.228247
vt 0.430336 0.470207
vt 0.431590 0.417755
vt 0.994057 0.005918
vt 0.984735 0.007852
vt 0.985398 0.004368
vt 0.008048 0.048535
vt 0.332594 0.056114
vt 0.409553 0.011054
vt 0.419099 0.351380
vt 0.990412 0.319645
vt 0.996943 0.319624
vt 0.431185 0.579044
vt 0.437751 0.532843
vt 0.430365 0.479608
vt 0.435673 0.478824
vt 0.435402 0.397463
vt 0.431929 0.395149
vt 0.995272 0.030280
vt 0.991490 0.026418
vt 0.338706 0.049862
vt 0.038696 0.055229
vt 0.196002 0.063027
vt 0.072279 0.055830
vt 0.404983 0.314496
vt 0.404710 0.044452
vt 0.427909 0.703951
vt 0.993497 0.308051
vt 0.003540 0.047065
vt 0.260871 0.043912
vt 0.260088 0.043916
vt 0.259305 0.043920
vt 0.095705 0.044755
vt 0.094156 0.047891
vt 0.412607 0.020484
vt 0.407339 0.344559
vt 0.435875 0.689933
vt 0.433244 0.681441
vt 0.441052 0.516404
vt 0.991951 0.010146
vt 0.352432 0.052289
vt 0.329535 0.053770
vt 0.255457 0.056460
vt 0.051166 0.059852
vt 0.041043 0.058346
vt 0.437249 0.626801
vt 0.991105 0.038045
vt 0.983017 0.021044
vt 0.433725 0.382799
vt 0.987090 0.014050
vt 0.437508 0.374324
vt 0.125552 0.063387
vt 0.410235 0.026665
vt 0.438482 0.569639
vt 0.434384 0.379714
vt 0.021613 0.055361
vt 0.280769 0.104870
vt 0.987673 0.335783
vt 0.982650 0.329672
vt 0.438619 0.650286
vt 0.448554 0.672177
vt 0.438613 0.647155
vt 0.991336 0.030296
vt 0.435632 0.391279
vt 0.410963 0.040584
vt 0.421400 0.324578
vt 0.438193 0.402884
vt 0.437778 0.371241
vt 0.341728 0.049876
vt 0.318032 0.060066
vt 0.434999 0.701398
vt 0.980061 0.333518
vt 0.439933 0.681273
vt 0.443869 0.617402
vt 0.440237 0.428714
vt 0.435454 0.385110
vt 0.435848 0.380316
vt 0.006453 0.051692
vt 0.260201 0.065049
vt 0.415693 0.030563
vt 0.411228 0.332270
vt 0.424373 0.015868
vt 0.442129 0.399778
vt 0.004382 0.057993
vt 0.411220 0.319141
vt 0.430033 0.347766
vt 0.438605 0.692418
vt 0.979917 0.000772
vt 0.434169 0.365794
vt 0.008238 0.061044
vt 0.428535 0.357104
vt 0.913380 0.226956
vt 0.034856 0.062304
vt 0.420378 0.032878
vt 0.408060 0.004085
vt 0.415055 0.007297
vt 0.977734 0.326614
vt 0.415665 0.036733
vt 0.969189 0.336612
vt 0.443924 0.648720
vt 0.024747 0.058464
vt 0.450724 0.679868
vt 0.439703 0.508575
vt 0.444920 0.391276
vt 0.442614 0.375864
vt 0.154469 0.054626
vt 0.425305 0.337679
vt 0.440854 0.403667
vt 0.321157 0.067878
vt 0.357803 0.050802
vt 0.356911 0.058604
vt 0.030076 0.060761
vt 0.415113 0.001940
vt 0.237015 0.119968
vt 0.435278 0.026547
vt 0.444057 0.698427
vt 0.445895 0.686073
vt 0.441310 0.395918
vt 0.015402 0.061713
vt 0.104479 0.075237
vt 0.433133 0.322278
vt 0.427461 0.022709
vt 0.452243 0.467078
vt 0.440487 0.383563
vt 0.005866 0.061871
vt 0.000000 0.059659
vt 0.044207 0.072415
vt 0.021744 0.077295
vt 0.027199 0.078802
vt 0.295600 0.096967
vt 0.427131 0.180694
vt 0.425989 0.009657
vt 0.962033 0.308943
vt 0.446503 0.607225
vt 0.976509 0.014084
vt 0.334973 0.072553
vt 0.039531 0.066963
vt 0.428403 0.002700
vt 0.445880 0.702213
vt 0.456358 0.550852
vt 0.443258 0.384239
vt 0.444828 0.696110
vt 0.978266 0.006528
vt 0.319766 0.420227
vt 0.319766 0.427547
vt 0.319102 0.420643
vt 0.502039 0.313919
vt 0.435497 0.340760
vt 0.436330 0.353827
vt 0.972762 0.031129
vt 0.354122 0.426148
vt 0.353616 0.421236
vt 0.354122 0.415645
vt 0.446967 0.375101
vt 0.438309 0.367692
vt 0.436717 0.364306
vt 0.446571 0.646372
vt 0.067080 0.107527
vt 0.456427 0.674488
vt 0.449128 0.593131
vt 0.014700 0.075029
vt 0.331920 0.073335
vt 0.438389 0.029837
vt 0.457089 0.593127
vt 0.442723 0.365965
vt 0.004538 0.068154
vt 0.456273 0.392051
vt 0.454136 0.371260
vt 0.002811 0.061936
vt 0.443248 0.005790
vt 0.954177 0.332091
vt 0.972550 0.315080
vt 0.449757 0.570426
vt 0.007636 0.067307
vt 0.347913 0.082782
vt 0.029468 0.068608
vt 0.037879 0.069323
vt 0.443333 0.344610
vt 0.460404 0.589998
vt 0.453074 0.570426
vt 0.968653 0.025845
vt 0.460732 0.401329
vt 0.454042 0.382031
vt 0.007701 0.071229
vt 0.434561 0.014333
vt 0.950438 0.321309
vt 0.463157 0.395159
vt 0.016418 0.071088
vt 0.037800 0.071676
vt 0.450186 0.019017
vt 0.440074 0.008901
vt 0.470442 0.680875
vt 0.458540 0.666725
vt 0.449598 0.375106
vt 0.355047 0.086780
vt 0.007976 0.075141
vt 0.039569 0.074013
vt 0.456899 0.476473
vt 0.343366 0.076483
vt 0.008782 0.074343
vt 0.018636 0.079683
vt 0.473360 0.687611
vt 0.454692 0.691470
vt 0.976892 0.010203
vt 0.956603 0.008668
vt 0.451150 0.324616
vt 0.452859 0.442804
vt 0.014756 0.084432
vt 0.327383 0.085861
vt 0.323552 0.087440
vt 0.035714 0.075596
vt 0.038019 0.073236
vt 0.447744 0.038335
vt 0.451360 0.374453
vt 0.957937 0.328199
vt 0.959357 0.018030
vt 0.960309 0.011828
vt 0.038038 0.075584
vt 0.005771 0.078311
vt 0.311212 0.089840
vt 0.451139 0.001258
vt 0.465903 0.699779
vt 0.351746 0.082811
vt 0.000510 0.079215
vt 0.017075 0.080484
vt 0.035013 0.089696
vt 0.443364 0.350763
vt 0.470122 0.449068
vt 0.007687 0.087698
vt 0.443162 0.015909
vt 0.444769 0.010472
vt 0.456743 0.371259
vt 0.955867 0.004851
vt 0.062261 0.084848
vt 0.000618 0.082347
vt 0.339635 0.090570
vt 0.039617 0.081834
vt 0.451265 0.359989
vt 0.928865 0.305184
vt 0.450728 0.365087
vt 0.454890 0.368401
vt 0.017867 0.082044
vt 0.031096 0.081121
vt 0.446982 0.034481
vt 0.462524 0.665155
vt 0.947972 0.021942
vt 0.459482 0.377423
vt 0.457737 0.368947
vt 0.002900 0.081511
vt 0.002539 0.084650
vt 0.472657 0.400555
vt 0.471882 0.389753
vt 0.006090 0.086155
vt 0.021797 0.087478
vt 0.201243 0.163992
vt 0.318951 0.089806
vt 0.458375 0.370442
vt 0.455060 0.331569
vt 0.464544 0.355537
vt 0.333378 0.425693
vt 0.333654 0.420326
vt 0.333654 0.427453
vt 0.473709 0.609575
vt 0.467092 0.620532
vt 0.483878 0.693587
vt 0.477462 0.676787
vt 0.473844 0.396691
vt 0.457141 0.043784
vt 0.952918 0.317442
vt 0.468492 0.663593
vt 0.957586 0.026557
vt 0.471313 0.375051
vt 0.001325 0.084685
vt 0.016344 0.088328
vt 0.043592 0.099820
vt 0.481496 0.022948
vt 0.013294 0.104827
vt 0.329737 0.096049
vt 0.218228 0.120064
vt 0.481687 0.334700
vt 0.478007 0.382912
vt 0.356719 0.388347
vt 0.356719 0.379605
vt 0.356937 0.384491
vt 0.476285 0.269266
vt 0.006908 0.090058
vt 0.160221 0.250318
vt 0.062404 0.111465
vt 0.476885 0.525013
vt 0.947103 0.012643
vt 0.008525 0.097075
vt 0.031186 0.095996
vt 0.044464 0.117821
vt 0.037389 0.099859
vt 0.474067 0.430281
vt 0.474437 0.378950
vt 0.342699 0.095291
vt 0.028109 0.103855
vt 0.918658 0.037497
vt 0.467169 0.372734
vt 0.468396 0.340041
vt 0.475437 0.453760
vt 0.353800 0.103986
vt 0.472784 0.452984
vt 0.479252 0.390522
vt 0.478436 0.669060
vt 0.019999 0.104728
vt 0.476233 0.346505
vt 0.480787 0.480390
vt 0.942107 0.003324
vt 0.323635 0.104669
vt 0.317546 0.114080
vt 0.961133 0.340458
vt 0.941208 0.338376
vt 0.936351 0.315183
vt 0.004709 0.103417
vt 0.351086 0.101610
vt 0.336699 0.111711
vt 0.493652 0.685282
vt 0.284967 0.157301
vt 0.272240 0.119789
vt 0.093169 0.155149
vt 0.078830 0.109033
vt 0.502815 0.318561
vt 0.486362 0.324698
vt 0.475206 0.026027
vt 0.493890 0.690690
vt 0.480962 0.394379
vt 0.472597 0.366751
vt 0.333708 0.122671
vt 0.493904 0.402099
vt 0.478600 0.349218
vt 0.480034 0.008285
vt 0.478095 0.373576
vt 0.326787 0.117971
vt 0.015697 0.114963
vt 0.478282 0.040723
vt 0.936351 0.331343
vt 0.939662 0.008798
vt 0.007029 0.112764
vt 0.335690 0.416447
vt 0.332614 0.420326
vt 0.332614 0.411162
vt 0.347013 0.106276
vt 0.021952 0.115666
vt 0.035135 0.110838
vt 0.028918 0.110115
vt 0.456874 0.705305
vt 0.500623 0.705303
vt 0.488134 0.387527
vt 0.495600 0.376371
vt 0.481535 0.528932
vt 0.932448 0.032038
vt 0.481209 0.368167
vt 0.003503 0.112834
vt 0.487823 0.012115
vt 0.489052 0.663590
vt 0.484582 0.030698
vt 0.494840 0.016782
vt 0.481707 0.343347
vt 0.510697 0.350899
vt 0.495610 0.698408
vt 0.488652 0.420879
vt 0.484604 0.382808
vt 0.488572 0.019088
vt 0.915501 0.014291
vt 0.340689 0.143822
vt 0.569092 0.044766
vt 0.495005 0.339332
vt 0.008651 0.120563
vt 0.494933 0.005973
vt 0.310590 0.119593
vt 0.502817 0.330882
vt 0.357983 0.111092
vt 0.356453 0.127513
vt 0.031306 0.120266
vt 0.054026 0.154566
vt 0.494980 0.680649
vt 0.492941 0.672928
vt 0.013343 0.115008
vt 0.321434 0.122678
vt 0.921228 0.326021
vt 0.488809 0.373896
vt 0.491026 0.385111
vt 0.493354 0.392052
vt 0.317618 0.128955
vt 0.482212 0.036865
vt 0.493348 0.455326
vt 0.487983 0.371671
vt 0.039900 0.131158
vt 0.913870 0.336008
vt 0.504134 0.558677
vt 0.502216 0.601743
vt 0.870368 0.158198
vt 0.926289 0.006583
vt 0.510158 0.673699
vt 0.516553 0.695308
vt 0.499313 0.453770
vt 0.492410 0.372796
vt 0.327437 0.129714
vt 0.507169 0.401331
vt 0.008017 0.133883
vt 0.018184 0.142333
vt 0.025061 0.137552
vt 0.325261 0.121889
vt 0.274804 0.159702
vt 0.501972 0.682973
vt 0.353873 0.121221
vt 0.502011 0.380498
vt 0.513315 0.689926
vt 0.920459 0.322176
vt 0.015318 0.124369
vt 0.029050 0.133596
vt 0.501269 0.677567
vt 0.518484 0.324757
vt 0.504881 0.611134
vt 0.503647 0.664373
vt 0.505676 0.396687
vt 0.502928 0.357526
vt 0.915213 0.310636
vt 0.913154 0.018180
vt 0.925142 0.010377
vt 0.021348 0.148557
vt 0.509408 0.538320
vt 0.503326 0.468640
vt 0.504642 0.464725
vt 0.517900 0.392052
vt 0.348995 0.136820
vt 0.011413 0.132257
vt 0.511374 0.522663
vt 0.514603 0.468639
vt 0.902191 0.332214
vt 0.508777 0.686055
vt 0.344549 0.156363
vt 0.312214 0.131328
vt 0.505767 0.021452
vt 0.498784 0.012903
vt 0.506291 0.699962
vt 0.035281 0.136672
vt 0.509846 0.404444
vt 0.523557 0.372731
vt 0.330769 0.146153
vt 0.319966 0.136776
vt 0.519259 0.335534
vt 0.514589 0.343973
vt 0.895198 0.021221
vt 0.513525 0.374327
vt 0.000141 0.160673
vt 0.504151 0.033821
vt 0.540933 0.036207
vt 0.510226 0.388971
vt 0.518782 0.381258
vt 0.514572 0.447500
vt 0.032956 0.138258
vt 0.032179 0.138265
vt 0.031496 0.154708
vt 0.508263 0.378951
vt 0.910849 0.009815
vt 0.524037 0.353901
vt 0.514037 0.532057
vt 0.915938 0.025899
vt 0.009573 0.144823
vt 0.322333 0.147731
vt 0.070659 0.190494
vt 0.527441 0.608783
vt 0.906747 0.032122
vt 0.006433 0.148793
vt 0.517351 0.682193
vt 0.496825 0.363544
vt 0.510301 0.365221
vt 0.017699 0.146253
vt 0.289964 0.212861
vt 0.529464 0.628356
vt 0.525941 0.507785
vt 0.518557 0.452980
vt 0.014416 0.153355
vt 0.530457 0.677563
vt 0.524746 0.394378
vt 0.555009 0.040873
vt 0.512020 0.023774
vt 0.910645 0.315269
vt 0.520533 0.705320
vt 0.533040 0.401322
vt 0.009762 0.150301
vt 0.036926 0.154669
vt 0.317018 0.161056
vt 0.524828 0.671385
vt 0.517769 0.400557
vt 0.521793 0.391288
vt 0.520216 0.385113
vt 0.516415 0.375108
vt 0.338651 0.150078
vt 0.024501 0.154779
vt 0.043109 0.153844
vt 0.520052 0.686061
vt 0.350659 0.162676
vt 0.512127 0.009110
vt 0.518421 0.006003
vt 0.357158 0.158050
vt 0.520707 0.012784
vt 0.021955 0.154036
vt 0.327668 0.150850
vt 0.278738 0.163596
vt 0.079114 0.161484
vt 0.016704 0.171324
vt 0.033146 0.172704
vt 0.909385 0.013535
vt 0.333015 0.426862
vt 0.333378 0.420326
vt 0.333378 0.430792
vt 0.526424 0.377416
vt 0.899443 0.010465
vt 0.012003 0.156521
vt 0.546507 0.017805
vt 0.903871 0.007362
vt 0.201780 0.263417
vt 0.890463 0.266181
vt 0.861355 0.234178
vt 0.527492 0.388975
vt 0.024523 0.158697
vt 0.530773 0.030789
vt 0.530247 0.688367
vt 0.533998 0.674472
vt 0.526508 0.446711
vt 0.354901 0.176798
vt 0.011415 0.163580
vt 0.321724 0.175134
vt 0.892437 0.322307
vt 0.050912 0.157714
vt 0.524972 0.369666
vt 0.061172 0.173320
vt 0.050366 0.200775
vt 0.044770 0.174188
vt 0.526752 0.698485
vt 0.539561 0.693760
vt 0.542113 0.669053
vt 0.532832 0.667497
vt 0.050920 0.159279
vt 0.594144 0.046359
vt 0.892191 0.012814
vt 0.535381 0.597824
vt 0.007303 0.163652
vt 0.145451 0.269183
vt 0.541902 0.682186
vt 0.875415 0.311531
vt 0.002544 0.163750
vt 0.531488 0.701623
vt 0.857088 0.113625
vt 0.535066 0.391288
vt 0.008980 0.162841
vt 0.309317 0.173618
vt 0.043161 0.163234
vt 0.535695 0.327869
vt 0.538314 0.379725
vt 0.026101 0.165720
vt 0.034748 0.182869
vt 0.529508 0.350919
vt 0.534154 0.669062
vt 0.002578 0.169235
vt 0.554486 0.331756
vt 0.535622 0.385900
vt 0.542749 0.318643
vt 0.896922 0.329173
vt 0.540491 0.676581
vt 0.337022 0.171990
vt 0.536003 0.388210
vt 0.340867 0.177479
vt 0.881838 0.036847
vt 0.536827 0.372718
vt 0.012510 0.172954
vt 0.529619 0.369642
vt 0.327076 0.171989
vt 0.541067 0.425575
vt 0.538390 0.391291
vt 0.544180 0.014630
vt 0.291410 0.190933
vt 0.551383 0.341596
vt 0.547476 0.346520
vt 0.533164 0.373581
vt 0.018348 0.172080
vt 0.551121 0.387435
vt 0.016859 0.184631
vt 0.019947 0.176759
vt 0.329404 0.176689
vt 0.546765 0.356446
vt 0.880363 0.337649
vt 0.547340 0.376342
vt 0.030874 0.183681
vt 0.539617 0.336343
vt 0.872257 0.026826
vt 0.888253 0.004285
vt 0.541964 0.324027
vt 0.537419 0.374339
vt 0.000221 0.176330
vt 0.543983 0.394379
vt 0.547596 0.399770
vt 0.547430 0.661238
vt 0.543144 0.380491
vt 0.007492 0.187134
vt 0.011649 0.179232
vt 0.037823 0.179714
vt 0.318647 0.177490
vt 0.042475 0.181244
vt 0.566799 0.031617
vt 0.542357 0.406789
vt 0.320568 0.380790
vt 0.323965 0.364558
vt 0.328951 0.366483
vt 0.023685 0.182196
vt 0.543274 0.686055
vt 0.004233 0.180937
vt 0.346989 0.186907
vt 0.334064 0.187644
vt 0.024650 0.183749
vt 0.559585 0.690688
vt 0.885014 0.022909
vt 0.556669 0.020004
vt 0.867657 0.033023
vt 0.351552 0.187724
vt 0.317038 0.422532
vt 0.317443 0.416472
vt 0.317443 0.427055
vt 0.301430 0.412654
vt 0.301727 0.416428
vt 0.301430 0.419440
vt 0.548770 0.372727
vt 0.874714 0.329246
vt 0.555931 0.681427
vt 0.566008 0.667496
vt 0.320568 0.360923
vt 0.019991 0.183806
vt 0.020644 0.190056
vt 0.547653 0.377412
vt 0.873727 0.010554
vt 0.876192 0.008224
vt 0.548496 0.368819
vt 0.003381 0.191916
vt 0.012571 0.184697
vt 0.024762 0.204104
vt 0.037868 0.188322
vt 0.576444 0.299991
vt 0.556914 0.350982
vt 0.574243 0.699195
vt 0.550126 0.382024
vt 0.561019 0.456108
vt 0.324944 0.205657
vt 0.044138 0.200808
vt 0.561424 0.012249
vt 0.328951 0.410254
vt 0.331219 0.360923
vt 0.331219 0.421463
vt 0.033987 0.183659
vt 0.317196 0.193149
vt 0.312517 0.186913
vt 0.560686 0.006898
vt 0.557477 0.684507
vt 0.558874 0.375113
vt 0.006076 0.209874
vt 0.354397 0.430036
vt 0.354397 0.375978
vt 0.355816 0.401291
vt 0.577189 0.327817
vt 0.551944 0.024630
vt 0.551323 0.004433
vt 0.558582 0.673693
vt 0.553906 0.381159
vt 0.344818 0.206467
vt 0.560433 0.387519
vt 0.871939 0.015206
vt 0.357899 0.195638
vt 0.254726 0.210692
vt 0.053564 0.214068
vt 0.553493 0.369649
vt 0.578763 0.001109
vt 0.865436 0.316961
vt 0.016132 0.195597
vt 0.345954 0.391784
vt 0.349463 0.389820
vt 0.349463 0.406076
vt 0.800309 0.306375
vt 0.029477 0.211099
vt 0.314953 0.207254
vt 0.578598 0.016876
vt 0.569361 0.396680
vt 0.568522 0.394377
vt 0.574820 0.382800
vt 0.002724 0.197407
vt 0.572499 0.334873
vt 0.341088 0.218185
vt 0.034117 0.207143
vt 0.584267 0.343357
vt 0.021625 0.199441
vt 0.061527 0.239079
vt 0.319766 0.426453
vt 0.320548 0.420227
vt 0.320549 0.426453
vt 0.567369 0.372797
vt 0.359445 0.200354
vt 0.574063 0.318700
vt 0.574452 0.686044
vt 0.011870 0.214457
vt 0.332671 0.214261
vt 0.048877 0.214875
vt 0.578843 0.353255
vt 0.572197 0.402878
vt 0.359048 0.219917
vt 0.342514 0.201758
vt 0.328819 0.210345
vt 0.317270 0.207248
vt 0.231303 0.221772
vt 0.588958 0.339512
vt 0.589469 0.037846
vt 0.563807 0.008433
vt 0.590569 0.701506
vt 0.555924 0.706165
vt 0.353829 0.212804
vt 0.847432 0.322407
vt 0.000369 0.212346
vt 0.350776 0.206513
vt 0.859071 0.334719
vt 0.569125 0.546145
vt 0.579600 0.463153
vt 0.571609 0.441233
vt 0.862906 0.018346
vt 0.027111 0.208775
vt 0.582717 0.347180
vt 0.334505 0.429086
vt 0.334221 0.422637
vt 0.334505 0.420326
vt 0.566430 0.375879
vt 0.026334 0.210348
vt 0.037223 0.212598
vt 0.310314 0.212757
vt 0.589727 0.314086
vt 0.579422 0.013072
vt 0.573964 0.663580
vt 0.580447 0.384345
vt 0.326309 0.408891
vt 0.326309 0.416844
vt 0.322625 0.416491
vt 0.008396 0.219215
vt 0.078718 0.233512
vt 0.575951 0.658882
vt 0.573087 0.534402
vt 0.585079 0.563368
vt 0.572616 0.651058
vt 0.574916 0.435746
vt 0.582342 0.375874
vt 0.002828 0.216203
vt 0.324993 0.214267
vt 0.034938 0.218098
vt 0.556297 0.693215
vt 0.575951 0.669052
vt 0.575311 0.691455
vt 0.826296 0.035478
vt 0.842189 0.029252
vt 0.345993 0.424613
vt 0.346405 0.419400
vt 0.346405 0.428881
vt 0.585010 0.324886
vt 0.581466 0.401324
vt 0.277501 0.224668
vt 0.056040 0.237541
vt 0.046591 0.224281
vt 0.579803 0.681412
vt 0.314216 0.215865
vt 0.577311 0.358705
vt 0.319626 0.217413
vt 0.336622 0.238534
vt 0.586345 0.526570
vt 0.577674 0.392819
vt 0.569418 0.369715
vt 0.574743 0.369705
vt 0.009179 0.219204
vt 0.009185 0.219991
vt 0.010893 0.219181
vt 0.012389 0.228550
vt 0.590311 0.521875
vt 0.838804 0.015928
vt 0.858779 0.009827
vt 0.009980 0.219979
vt 0.022508 0.219003
vt 0.588775 0.019276
vt 0.585647 0.503865
vt 0.585819 0.395024
vt 0.002826 0.222465
vt 0.041942 0.224305
vt 0.607785 0.350265
vt 0.357537 0.231642
vt 0.027964 0.222858
vt 0.620832 0.029415
vt 0.605199 0.022416
vt 0.591912 0.696090
vt 0.576625 0.372723
vt 0.350925 0.226083
vt 0.315839 0.227608
vt 0.599116 0.329532
vt 0.009230 0.227033
vt 0.323578 0.234628
vt 0.586279 0.689925
vt 0.597531 0.676789
vt 0.019414 0.224524
vt 0.328952 0.234622
vt 0.037338 0.233738
vt 0.584605 0.382026
vt 0.353179 0.245676
vt 0.031925 0.233777
vt 0.247839 0.239694
vt 0.605383 0.336470
vt 0.347849 0.235452
vt 0.672296 0.110702
vt 0.599102 0.002913
vt 0.615496 0.006894
vt 0.849135 0.327009
vt 0.588507 0.685278
vt 0.052163 0.244607
vt 0.045899 0.239942
vt 0.610448 0.395906
vt 0.309600 0.226070
vt 0.309596 0.225287
vt 0.832371 0.331675
vt 0.850656 0.313936
vt 0.344932 0.226821
vt 0.019455 0.232354
vt 0.022672 0.249543
vt 0.594861 0.464717
vt 0.590148 0.423222
vt 0.823088 0.030853
vt 0.315960 0.250308
vt 0.597505 0.392058
vt 0.584338 0.378179
vt 0.002902 0.237339
vt 0.832896 0.017670
vt 0.342805 0.257347
vt 0.611495 0.016901
vt 0.587350 0.369708
vt 0.330610 0.259666
vt 0.607797 0.667491
vt 0.604264 0.682185
vt 0.620281 0.341103
vt 0.027323 0.247133
vt 0.035109 0.249410
vt 0.040463 0.233713
vt 0.602216 0.496817
vt 0.591439 0.404439
vt 0.599375 0.377415
vt 0.597832 0.385109
vt 0.612424 0.318769
vt 0.631321 0.355741
vt 0.597072 0.692050
vt 0.013975 0.245743
vt 0.040594 0.257982
vt 0.010280 0.242672
vt 0.011969 0.237944
vt 0.049129 0.261848
vt 0.633308 0.040252
vt 0.607357 0.403653
vt 0.326669 0.240882
vt 0.596184 0.457666
vt 0.831126 0.022323
vt 0.836059 0.011455
vt 0.848938 0.007537
vt 0.168878 0.258886
vt 0.175098 0.251025
vt 0.601711 0.594684
vt 0.601505 0.470980
vt 0.596872 0.686823
vt 0.604367 0.374327
vt 0.591655 0.370487
vt 0.602421 0.706030
vt 0.597626 0.532050
vt 0.598025 0.366910
vt 0.005395 0.251370
vt 0.063902 0.243764
vt 0.604055 0.683734
vt 0.346837 0.268330
vt 0.625721 0.324962
vt 0.608280 0.555537
vt 0.616978 0.381264
vt 0.092136 0.253798
vt 0.622380 0.034733
vt 0.633604 0.344201
vt 0.358221 0.259046
vt 0.052168 0.245390
vt 0.631123 0.010919
vt 0.018123 0.248808
vt 0.604940 0.675233
vt 0.011727 0.250476
vt 0.618740 0.702459
vt 0.601858 0.696094
vt 0.828858 0.008372
vt 0.339723 0.249501
vt 0.033626 0.260384
vt 0.007880 0.259944
vt 0.024078 0.259698
vt 0.319057 0.255773
vt 0.634161 0.024015
vt 0.606749 0.677559
vt 0.618629 0.402091
vt 0.317604 0.270656
vt 0.309740 0.251904
vt 0.794702 0.246134
vt 0.612233 0.536746
vt 0.609554 0.518739
vt 0.827766 0.026204
vt 0.296497 0.262933
vt 0.014022 0.254355
vt 0.619564 0.675240
vt 0.609496 0.686818
vt 0.835416 0.002109
vt 0.828269 0.006038
vt 0.623247 0.385880
vt 0.021037 0.265219
vt 0.334474 0.264368
vt 0.817793 0.333253
vt 0.001815 0.268685
vt 0.614540 0.371254
vt 0.016497 0.262145
vt 0.613765 0.667490
vt 0.794345 0.177246
vt 0.608072 0.427918
vt 0.628088 0.334374
vt 0.814011 0.323302
vt 0.620415 0.680639
vt 0.616235 0.552404
vt 0.009405 0.260698
vt 0.309858 0.273824
vt 0.621329 0.697620
vt 0.007088 0.270928
vt 0.616182 0.521867
vt 0.012588 0.264553
vt 0.029021 0.273734
vt 0.356502 0.258249
vt 0.349773 0.279311
vt 0.009433 0.265388
vt 0.322258 0.274553
vt 0.042972 0.270492
vt 0.630285 0.017910
vt 0.633702 0.359989
vt 0.623676 0.672161
vt 0.015798 0.277825
vt 0.816352 0.329437
vt 0.809247 0.008606
vt 0.637482 0.331161
vt 0.619816 0.691455
vt 0.622087 0.392039
vt 0.612605 0.375099
vt 0.623470 0.373678
vt 0.036776 0.268969
vt 0.263842 0.304591
vt 0.205698 0.264179
vt 0.634528 0.223376
vt 0.339066 0.266722
vt 0.633445 0.013832
vt 0.639108 0.348052
vt 0.621532 0.546140
vt 0.805525 0.004604
vt 0.007915 0.277165
vt 0.632763 0.003662
vt 0.633454 0.383559
vt 0.020650 0.278533
vt 0.631951 0.426347
vt 0.630727 0.491334
vt 0.817912 0.016159
vt 0.001230 0.273400
vt 0.624113 0.676771
vt 0.618841 0.372021
vt 0.634302 0.006206
vt 0.625666 0.681403
vt 0.624164 0.533613
vt 0.032320 0.283882
vt 0.632677 0.377398
vt 0.647750 0.354528
vt 0.630960 0.692236
vt 0.625015 0.647139
vt 0.636989 0.665928
vt 0.639894 0.416172
vt 0.000000 0.278124
vt 0.011942 0.291982
vt 0.322398 0.301948
vt 0.086068 0.289841
vt 0.044569 0.280660
vt 0.613798 0.365214
vt 0.626263 0.367392
vt 0.353675 0.281701
vt 0.026688 0.275324
vt 0.646664 0.027132
vt 0.650898 0.356545
vt 0.022065 0.283208
vt 0.355873 0.287981
vt 0.335345 0.282374
vt 0.646120 0.342239
vt 0.631238 0.403651
vt 0.629685 0.388964
vt 0.004885 0.284279
vt 0.347544 0.286343
vt 0.665415 0.032572
vt 0.022872 0.289462
vt 0.646889 0.337340
vt 0.018935 0.280903
vt 0.096381 0.314825
vt 0.631723 0.685264
vt 0.645742 0.679876
vt 0.058027 0.315788
vt 0.674383 0.233628
vt 0.664617 0.041074
vt 0.633596 0.000000
vt 0.629001 0.671378
vt 0.808447 0.013860
vt 0.632258 0.372021
vt 0.309215 0.298879
vt 0.631302 0.703058
vt 0.618732 0.705378
vt 0.645354 0.346537
vt 0.655386 0.011255
vt 0.799498 0.311013
vt 0.020503 0.282448
vt 0.670324 0.325056
vt 0.800767 0.331021
vt 0.634950 0.700736
vt 0.627967 0.368161
vt 0.352049 0.297321
vt 0.327754 0.296463
vt 0.664099 0.315769
vt 0.004795 0.285067
vt 0.004181 0.285866
vt 0.656113 0.017860
vt 0.795960 0.044148
vt 0.004803 0.286631
vt 0.673505 0.290003
vt 0.648620 0.687600
vt 0.797724 0.320279
vt 0.639639 0.395899
vt 0.001041 0.289063
vt 0.005527 0.288183
vt 0.314643 0.293374
vt 0.054829 0.303309
vt 0.043878 0.293978
vt 0.652290 0.007853
vt 0.640845 0.591549
vt 0.806501 0.021616
vt 0.628305 0.367444
vt 0.629261 0.366614
vt 0.143160 0.280155
vt 0.642686 0.499162
vt 0.665654 0.319627
vt 0.665409 0.035669
vt 0.659398 0.333517
vt 0.654606 0.676008
vt 0.018224 0.295008
vt 0.342319 0.286312
vt 0.656326 0.350408
vt 0.637999 0.473326
vt 0.006152 0.293648
vt 0.031471 0.296418
vt 0.155857 0.312178
vt 0.647642 0.003788
vt 0.650036 0.532828
vt 0.798859 0.028601
vt 0.641267 0.382787
vt 0.633595 0.365840
vt 0.344605 0.303527
vt 0.338474 0.296471
vt 0.125228 0.293556
vt 0.673183 0.047313
vt 0.636369 0.696774
vt 0.651126 0.402090
vt 0.796927 0.016216
vt 0.013556 0.299777
vt 0.046995 0.299433
vt 0.227106 0.314930
vt 0.668780 0.336614
vt 0.647631 0.692235
vt 0.646019 0.690703
vt 0.673741 0.163944
vt 0.663112 0.023113
vt 0.645246 0.442791
vt 0.664665 0.027145
vt 0.667084 0.014004
vt 0.793401 0.100519
vt 0.643978 0.478023
vt 0.277963 0.309999
vt 0.217668 0.306388
vt 0.139411 0.310705
vt 0.802577 0.338687
vt 0.791485 0.336432
vt 0.793889 0.328763
vt 0.800799 0.315645
vt 0.641348 0.369701
vt 0.636007 0.368161
vt 0.270161 0.314711
vt 0.668015 0.341994
vt 0.004057 0.295245
vt 0.002749 0.300755
vt 0.315438 0.297287
vt 0.301473 0.315335
vt 0.664918 0.348890
vt 0.652894 0.655749
vt 0.022251 0.305121
vt 0.041593 0.303379
vt 0.796475 0.008513
vt 0.789642 0.005378
vt 0.643432 0.380476
vt 0.181685 0.311268
vt 0.174640 0.311304
vt 0.647618 0.703834
vt 0.798101 0.033246
vt 0.356659 0.309876
vt 0.331647 0.306630
vt 0.121411 0.311577
vt 0.667181 0.004295
vt 0.663389 0.354909
vt 0.652076 0.563367
vt 0.642098 0.373397
vt 0.338531 0.394089
vt 0.340224 0.411216
vt 0.338531 0.418378
vt 0.012667 0.302130
vt 0.667207 0.331221
vt 0.796096 0.325002
vt 0.652516 0.683743
vt 0.656097 0.672138
vt 0.655897 0.471759
vt 0.343059 0.299614
vt 0.333110 0.307415
vt 0.026060 0.302735
vt 0.187152 0.308893
vt 0.651156 0.696098
vt 0.005364 0.306173
vt 0.010107 0.311551
vt 0.019080 0.309849
vt 0.337742 0.302727
vt 0.794498 0.012352
vt 0.036170 0.304982
vt 0.797096 0.021643
vt 0.654703 0.388178
vt 0.666268 0.018645
vt 0.668058 0.351975
vt 0.075248 0.315709
vt 0.674124 0.012510
vt 0.327279 0.407298
vt 0.328951 0.417846
vt 0.327279 0.424165
vt 0.653582 0.385104
vt 0.347695 0.314477
vt 0.307782 0.412702
vt 0.307782 0.390818
vt 0.310070 0.396343
vt 0.300949 0.417166
vt 0.301386 0.412654
vt 0.301386 0.425083
vt 0.040075 0.307296
vt 0.317047 0.314446
vt 0.795445 0.309480
vt 0.652641 0.505424
vt 0.655941 0.498378
vt 0.651886 0.377446
vt 0.644642 0.366617
vt 0.645700 0.369023
vt 0.043160 0.308059
vt 0.670138 0.023290
vt 0.661130 0.517170
vt 0.655057 0.401327
vt 0.658729 0.396681
vt 0.353440 0.310627
vt 0.342368 0.311328
vt 0.025339 0.313679
vt 0.112763 0.304579
vt 0.108127 0.316315
vt 0.651582 0.665926
vt 0.656529 0.452182
vt 0.658495 0.456886
vt 0.324001 0.314434
vt 0.658165 0.665138
vt 0.351995 0.309830
vt 0.231000 0.311016
vt 0.671888 0.317323
vt 0.672457 0.026395
vt 0.675065 0.348911
vt 0.657036 0.693440
vt 0.660956 0.682204
vt 0.660476 0.500727
vt 0.657112 0.413037
vt 0.659513 0.391268
vt 0.793372 0.018557
vt 0.002576 0.315605
vt 0.003328 0.306216
vt 0.037767 0.312780
vt 0.672443 0.030265
vt 0.670988 0.015564
vt 0.788325 0.334136
vt 0.793900 0.313339
vt 0.659076 0.676000
vt 0.661180 0.552402
vt 0.659250 0.527346
vt 0.337047 0.315217
vt 0.674844 0.020207
vt 0.657075 0.702616
vt 0.791112 0.325692
vt 0.655511 0.635392
vt 0.659449 0.644785
vt 0.343515 0.409893
vt 0.343002 0.405484
vt 0.343515 0.402238
vt 0.789683 0.010810
vt 0.359445 0.414310
vt 0.359445 0.422572
vt 0.357117 0.419863
vt 0.012860 0.316191
vt 0.329395 0.315993
vt 0.029223 0.312068
vt 0.673456 0.311901
vt 0.673186 0.039551
vt 0.673382 0.008165
vt 0.657967 0.673680
vt 0.658459 0.433395
vt 0.656542 0.372006
vt 0.291312 0.319261
vt 0.220828 0.311851
vt 0.079150 0.313352
vt 0.785730 0.339515
vt 0.782579 0.337216
vt 0.659057 0.686829
vt 0.792415 0.319523
vt 0.660064 0.625214
vt 0.791844 0.026298
vt 0.655548 0.382014
vt 0.655741 0.386638
vt 0.654204 0.378935
vt 0.654049 0.370418
vt 0.648022 0.365487
vt 0.654370 0.368154
vt 0.018334 0.316882
vt 0.219258 0.311076
vt 0.052549 0.314261
vt 0.674988 0.325832
vt 0.792183 0.279025
vt 0.332614 0.396325
vt 0.331222 0.427417
vt 0.331222 0.392766
vt 0.661267 0.599377
vt 0.663707 0.594680
vt 0.662404 0.535177
vt 0.661041 0.467067
vt 0.793823 0.032492
vt 0.654848 0.378938
vt 0.793488 0.014688
vt 0.216926 0.314207
vt 0.185628 0.316695
vt 0.092475 0.317172
vt 0.051024 0.322821
vt 0.676949 0.108359
vt 0.678605 0.043446
vt 0.672769 0.355812
vt 0.663199 0.647133
vt 0.660419 0.463927
vt 0.662209 0.421654
vt 0.662792 0.409130
vt 0.006526 0.310840
vt 0.019896 0.316087
vt 0.252167 0.317127
vt 0.168410 0.318339
vt 0.674993 0.319649
vt 0.784136 0.330322
vt 0.662972 0.510128
vt 0.658542 0.388355
vt 0.657182 0.375845
vt 0.004510 0.317124
vt 0.349818 0.319955
vt 0.030029 0.321412
vt 0.212252 0.320429
vt 0.677860 0.034908
vt 0.678166 0.344965
vt 0.682104 0.353009
vt 0.678107 0.003913
vt 0.789154 0.310255
vt 0.663083 0.575890
vt 0.790713 0.160031
vt 0.791067 0.042603
vt 0.787997 0.022443
vt 0.353452 0.409278
vt 0.354122 0.406076
vt 0.782402 0.006936
vt 0.677588 0.175694
vt 0.679405 0.037235
vt 0.677990 0.016339
vt 0.660164 0.697645
vt 0.790445 0.052769
vt 0.661101 0.395138
vt 0.787166 0.016246
vt 0.343921 0.319130
vt 0.324803 0.321434
vt 0.318618 0.318334
vt 0.036258 0.322131
vt 0.195811 0.318970
vt 0.145718 0.320004
vt 0.679743 0.265739
vt 0.680432 0.332027
vt 0.786806 0.322640
vt 0.790798 0.302493
vt 0.791120 0.225794
vt 0.664074 0.438878
vt 0.791539 0.036378
vt 0.664457 0.380456
vt 0.008741 0.324059
vt 0.333237 0.317548
vt 0.041651 0.318971
vt 0.269398 0.321558
vt 0.227130 0.321111
vt 0.193465 0.320518
vt 0.052565 0.317367
vt 0.680435 0.304879
vt 0.681237 0.338946
vt 0.665229 0.674456
vt 0.663168 0.665907
vt 0.664355 0.666690
vt 0.663051 0.559449
vt 0.664223 0.548487
vt 0.790993 0.080169
vt 0.665776 0.413047
vt 0.665632 0.402111
vt 0.663582 0.395919
vt 0.357170 0.320026
vt 0.657801 0.372007
vt 0.309292 0.318384
vt 0.680896 0.057477
vt 0.678100 0.314231
vt 0.682603 0.023303
vt 0.789660 0.282156
vt 0.662557 0.622085
vt 0.664207 0.534402
vt 0.790175 0.130279
vt 0.664692 0.463147
vt 0.666974 0.445142
vt 0.662550 0.399000
vt 0.340121 0.319893
vt 0.683591 0.342029
vt 0.683493 0.010849
vt 0.678239 0.357176
vt 0.661890 0.693792
vt 0.786835 0.314125
vt 0.789101 0.259471
vt 0.665448 0.574324
vt 0.788626 0.199175
vt 0.787267 0.030955
vt 0.664946 0.391261
vt 0.784344 0.023980
vt 0.781171 0.010054
vt 0.091711 0.322341
vt 0.680816 0.101318
vt 0.665295 0.689170
vt 0.666714 0.664350
vt 0.666115 0.386624
vt 0.662545 0.377381
vt 0.016785 0.320803
vt 0.240431 0.320296
vt 0.111280 0.322491
vt 0.683523 0.321990
vt 0.681793 0.027168
vt 0.683320 0.031026
vt 0.682016 0.335874
vt 0.785521 0.301726
vt 0.785551 0.107569
vt 0.355143 0.323124
vt 0.351894 0.322306
vt 0.315525 0.323776
vt 0.306956 0.322263
vt 0.163731 0.323780
vt 0.683260 0.046545
vt 0.683288 0.035684
vt 0.667440 0.682217
vt 0.788585 0.215620
vt 0.670841 0.556224
vt 0.676280 0.572112
vt 0.672698 0.571187
vt 0.665332 0.503858
vt 0.788064 0.170206
vt 0.356716 0.375689
vt 0.356937 0.370271
vt 0.356937 0.379605
vt 0.667537 0.462367
vt 0.667422 0.437308
vt 0.787703 0.038712
vt 0.315226 0.405672
vt 0.317967 0.403212
vt 0.317967 0.416472
vt 0.024598 0.328457
vt 0.336310 0.324545
vt 0.270194 0.324786
vt 0.065107 0.327386
vt 0.683532 0.317343
vt 0.684038 0.041895
vt 0.684224 0.015564
vt 0.684426 0.349642
vt 0.662088 0.702293
vt 0.665195 0.696883
vt 0.667751 0.669019
vt 0.667805 0.616606
vt 0.666638 0.603298
vt 0.785450 0.133413
vt 0.668682 0.498378
vt 0.667010 0.487420
vt 0.676557 0.392822
vt 0.678975 0.388242
vt 0.681469 0.391447
vt 0.781907 0.013914
vt 0.666056 0.375068
vt 0.006403 0.328007
vt 0.012096 0.327104
vt 0.340139 0.326887
vt 0.356745 0.388347
vt 0.356937 0.392512
vt 0.356745 0.397700
vt 0.039361 0.325771
vt 0.248275 0.325676
vt 0.687404 0.008467
vt 0.777107 0.336469
vt 0.780894 0.328042
vt 0.341072 0.385502
vt 0.345954 0.360923
vt 0.345954 0.387469
vt 0.784443 0.225015
vt 0.677426 0.551009
vt 0.672217 0.545315
vt 0.672555 0.531236
vt 0.677643 0.543186
vt 0.667079 0.529700
vt 0.676370 0.518070
vt 0.672059 0.506926
vt 0.678183 0.495420
vt 0.674414 0.500754
vt 0.786384 0.079384
vt 0.781264 0.016232
vt 0.345460 0.324591
vt 0.328657 0.322982
vt 0.033924 0.325257
vt 0.193480 0.326725
vt 0.137120 0.327795
vt 0.144939 0.321537
vt 0.683627 0.261823
vt 0.683736 0.197623
vt 0.685098 0.331263
vt 0.685742 0.019429
vt 0.684334 0.004416
vt 0.675548 0.653552
vt 0.671695 0.661218
vt 0.668682 0.643867
vt 0.783118 0.193692
vt 0.676609 0.484395
vt 0.674848 0.460038
vt 0.678643 0.475859
vt 0.677589 0.442136
vt 0.674884 0.435757
vt 0.680816 0.435998
vt 0.678234 0.434325
vt 0.310070 0.416253
vt 0.310070 0.404612
vt 0.312606 0.412524
vt 0.013665 0.328636
vt 0.019925 0.330076
vt 0.156690 0.328470
vt 0.105033 0.327179
vt 0.683569 0.286877
vt 0.685908 0.222674
vt 0.686074 0.180396
vt 0.687005 0.100537
vt 0.683841 0.138901
vt 0.776860 0.341826
vt 0.778310 0.331874
vt 0.667678 0.691507
vt 0.783545 0.312589
vt 0.781772 0.307173
vt 0.668392 0.647919
vt 0.679822 0.453972
vt 0.677796 0.459377
vt 0.677220 0.410009
vt 0.680159 0.412474
vt 0.782239 0.051220
vt 0.783360 0.034049
vt 0.310869 0.325346
vt 0.214614 0.325851
vt 0.202087 0.324355
vt 0.124594 0.328633
vt 0.685069 0.313462
vt 0.687208 0.029474
vt 0.687449 0.338970
vt 0.685965 0.346530
vt 0.686582 0.013248
vt 0.669398 0.663462
vt 0.672906 0.665934
vt 0.783664 0.246936
vt 0.784652 0.164731
vt 0.667636 0.521087
vt 0.680975 0.429733
vt 0.779572 0.020869
vt 0.665738 0.370659
vt 0.777859 0.006945
vt 0.778689 0.004623
vt 0.349250 0.326176
vt 0.011320 0.329462
vt 0.017591 0.325457
vt 0.332506 0.325301
vt 0.229487 0.328095
vt 0.180956 0.326789
vt 0.688666 0.048108
vt 0.686470 0.024833
vt 0.776135 0.324214
vt 0.667397 0.686863
vt 0.674582 0.679159
vt 0.670800 0.671275
vt 0.679008 0.672388
vt 0.349681 0.393938
vt 0.353424 0.397622
vt 0.349681 0.405553
vt 0.780693 0.268860
vt 0.679100 0.591017
vt 0.675565 0.526655
vt 0.779543 0.137329
vt 0.677707 0.399081
vt 0.681467 0.410182
vt 0.780360 0.025507
vt 0.682989 0.374395
vt 0.687942 0.372256
vt 0.682922 0.377509
vt 0.300706 0.329269
vt 0.190349 0.329833
vt 0.126161 0.331717
vt 0.687402 0.305665
vt 0.686695 0.268879
vt 0.686888 0.155339
vt 0.687849 0.068433
vt 0.691015 0.037994
vt 0.691194 0.017100
vt 0.771475 0.340661
vt 0.674797 0.686073
vt 0.676032 0.683834
vt 0.678427 0.688533
vt 0.778601 0.318030
vt 0.678935 0.597283
vt 0.681585 0.462655
vt 0.782067 0.080953
vt 0.683137 0.398518
vt 0.351517 0.330084
vt 0.324828 0.326852
vt 0.322372 0.329950
vt 0.040908 0.330624
vt 0.042471 0.325960
vt 0.117547 0.329431
vt 0.690532 0.251639
vt 0.687960 0.033350
vt 0.688980 0.334358
vt 0.687482 0.342800
vt 0.689102 0.352753
vt 0.676726 0.665303
vt 0.780518 0.297027
vt 0.673994 0.613543
vt 0.673125 0.600194
vt 0.679187 0.614516
vt 0.679973 0.529176
vt 0.778674 0.170205
vt 0.678949 0.489973
vt 0.686770 0.485556
vt 0.685442 0.412677
vt 0.778374 0.041054
vt 0.681699 0.383685
vt 0.685100 0.388475
vt 0.775668 0.011580
vt 0.353040 0.330964
vt 0.341673 0.330775
vt 0.328670 0.329174
vt 0.229489 0.326547
vt 0.225571 0.325012
vt 0.047919 0.326698
vt 0.691467 0.199182
vt 0.688865 0.325029
vt 0.691147 0.021724
vt 0.690527 0.006271
vt 0.673850 0.644866
vt 0.678570 0.638010
vt 0.776860 0.245370
vt 0.681906 0.530813
vt 0.685944 0.379168
vt 0.334807 0.330735
vt 0.030811 0.333613
vt 0.312418 0.330753
vt 0.136327 0.333984
vt 0.105018 0.333384
vt 0.690494 0.314240
vt 0.690862 0.107580
vt 0.688677 0.042657
vt 0.689715 0.321224
vt 0.680888 0.699255
vt 0.685140 0.696407
vt 0.686048 0.700231
vt 0.771824 0.334199
vt 0.775541 0.329588
vt 0.679216 0.693875
vt 0.682021 0.690214
vt 0.680333 0.670887
vt 0.677412 0.659883
vt 0.682437 0.483838
vt 0.776852 0.060584
vt 0.684750 0.390793
vt 0.687132 0.384656
vt 0.685531 0.383038
vt 0.773158 0.015422
vt 0.771402 0.003850
vt 0.771012 0.001880
vt 0.777070 0.000743
vt 0.009162 0.333371
vt 0.012100 0.329445
vt 0.262367 0.327918
vt 0.051820 0.329771
vt 0.692070 0.331299
vt 0.692671 0.024050
vt 0.690616 0.347149
vt 0.692798 0.009977
vt 0.777622 0.313392
vt 0.778131 0.304842
vt 0.677975 0.608996
vt 0.677995 0.608214
vt 0.680080 0.579309
vt 0.775346 0.211701
vt 0.780821 0.209357
vt 0.680513 0.562095
vt 0.682995 0.552000
vt 0.680965 0.515897
vt 0.683706 0.460385
vt 0.341314 0.417933
vt 0.342953 0.421634
vt 0.341314 0.427566
vt 0.691463 0.367914
vt 0.692999 0.370881
vt 0.348393 0.331617
vt 0.013666 0.331737
vt 0.033151 0.329911
vt 0.267851 0.331687
vt 0.089364 0.333437
vt 0.691326 0.275146
vt 0.693307 0.047322
vt 0.680972 0.683288
vt 0.681349 0.675576
vt 0.776708 0.295472
vt 0.678705 0.606674
vt 0.682770 0.432155
vt 0.687896 0.430766
vt 0.684208 0.407152
vt 0.770907 0.006932
vt 0.004224 0.330381
vt 0.224003 0.334310
vt 0.202090 0.329777
vt 0.051821 0.332098
vt 0.232618 0.331174
vt 0.061961 0.336781
vt 0.691690 0.077054
vt 0.694064 0.055127
vt 0.694968 0.027121
vt 0.692168 0.349687
vt 0.776244 0.185084
vt 0.681925 0.530030
vt 0.682342 0.516733
vt 0.681976 0.502618
vt 0.685506 0.475332
vt 0.777302 0.109142
vt 0.688163 0.398708
vt 0.775007 0.034815
vt 0.774467 0.021607
vt 0.690068 0.376216
vt 0.693703 0.366288
vt 0.005857 0.331896
vt 0.317862 0.333061
vt 0.317088 0.331518
vt 0.200520 0.333662
vt 0.117548 0.331761
vt 0.693656 0.014778
vt 0.769694 0.335729
vt 0.685384 0.694150
vt 0.774917 0.317263
vt 0.685295 0.607695
vt 0.685097 0.591232
vt 0.775935 0.069991
vt 0.036241 0.335300
vt 0.033147 0.332226
vt 0.043233 0.336028
vt 0.194262 0.331364
vt 0.694370 0.304896
vt 0.695146 0.326662
vt 0.696594 0.019400
vt 0.771469 0.328075
vt 0.775195 0.261808
vt 0.684356 0.558309
vt 0.687248 0.529431
vt 0.685366 0.517616
vt 0.774816 0.125584
vt 0.773829 0.029364
vt 0.772620 0.025480
vt 0.013650 0.334848
vt 0.018344 0.333981
vt 0.021446 0.337032
vt 0.337876 0.333849
vt 0.300678 0.337800
vt 0.258438 0.335821
vt 0.231825 0.336615
vt 0.184849 0.338393
vt 0.123798 0.337169
vt 0.072150 0.330436
vt 0.066667 0.333559
vt 0.069002 0.338216
vt 0.694652 0.147514
vt 0.695707 0.030985
vt 0.695231 0.343584
vt 0.766679 0.337247
vt 0.773217 0.308732
vt 0.683784 0.660115
vt 0.773742 0.199959
vt 0.772275 0.091915
vt 0.686802 0.452654
vt 0.689217 0.408114
vt 0.692476 0.377837
vt 0.696519 0.367037
vt 0.769216 0.003717
vt 0.198165 0.336007
vt 0.150416 0.336303
vt 0.090925 0.336549
vt 0.692809 0.315799
vt 0.694472 0.246163
vt 0.697609 0.225799
vt 0.697231 0.035186
vt 0.697514 0.337465
vt 0.683753 0.683408
vt 0.685816 0.675741
vt 0.772798 0.288428
vt 0.773702 0.155331
vt 0.685577 0.502746
vt 0.685970 0.455765
vt 0.689781 0.462944
vt 0.691171 0.427738
vt 0.770392 0.009242
vt 0.006519 0.335763
vt 0.352261 0.333188
vt 0.343205 0.334659
vt 0.017565 0.334771
vt 0.329555 0.336135
vt 0.696935 0.279828
vt 0.697046 0.109916
vt 0.697114 0.076250
vt 0.695904 0.323569
vt 0.696803 0.347244
vt 0.696687 0.009810
vt 0.767114 0.342921
vt 0.762840 0.341066
vt 0.767207 0.331914
vt 0.686298 0.688716
vt 0.688498 0.691245
vt 0.684681 0.670272
vt 0.684115 0.651513
vt 0.683975 0.628795
vt 0.771853 0.250060
vt 0.686249 0.506685
vt 0.686719 0.463618
vt 0.689253 0.480156
vt 0.692156 0.384040
vt 0.697341 0.374113
vt 0.767458 0.004692
vt 0.348316 0.336255
vt 0.326631 0.397229
vt 0.326631 0.406011
vt 0.325764 0.400426
vt 0.322498 0.336136
vt 0.317075 0.334606
vt 0.282705 0.336345
vt 0.225553 0.338971
vt 0.695344 0.187436
vt 0.697265 0.043419
vt 0.695169 0.333615
vt 0.688869 0.695811
vt 0.770850 0.323456
vt 0.770820 0.318056
vt 0.683828 0.634270
vt 0.689491 0.571014
vt 0.770417 0.158456
vt 0.686614 0.523145
vt 0.691582 0.513907
vt 0.686268 0.505903
vt 0.772689 0.039490
vt 0.769349 0.016174
vt 0.695966 0.371963
vt 0.694719 0.370161
vt 0.015977 0.337120
vt 0.012076 0.338741
vt 0.015986 0.336344
vt 0.025236 0.338519
vt 0.334044 0.337702
vt 0.032335 0.339216
vt 0.274868 0.337937
vt 0.270958 0.337334
vt 0.202855 0.337535
vt 0.188772 0.336048
vt 0.131602 0.341785
vt 0.110475 0.340323
vt 0.317967 0.420227
vt 0.319009 0.422284
vt 0.317967 0.425424
vt 0.064302 0.338800
vt 0.043991 0.339892
vt 0.698231 0.314235
vt 0.700095 0.139673
vt 0.699499 0.052769
vt 0.697438 0.012559
vt 0.697593 0.349319
vt 0.692521 0.701974
vt 0.691402 0.567159
vt 0.770568 0.118526
vt 0.693000 0.415275
vt 0.769787 0.030131
vt 0.343092 0.387469
vt 0.343515 0.395202
vt 0.343092 0.402238
vt 0.693076 0.383296
vt 0.768972 0.011560
vt 0.765708 0.007692
vt 0.764246 0.000918
vt 0.040099 0.341472
vt 0.317056 0.338442
vt 0.281107 0.341801
vt 0.211439 0.342147
vt 0.187989 0.336052
vt 0.699180 0.213264
vt 0.320584 0.403069
vt 0.320584 0.396447
vt 0.321147 0.398872
vt 0.688779 0.686671
vt 0.687035 0.665677
vt 0.769172 0.304057
vt 0.688447 0.639132
vt 0.305628 0.418161
vt 0.307057 0.403224
vt 0.307057 0.423448
vt 0.690430 0.498992
vt 0.694076 0.455250
vt 0.693620 0.431724
vt 0.690038 0.452767
vt 0.772830 0.052770
vt 0.691482 0.411303
vt 0.690099 0.407366
vt 0.770181 0.044171
vt 0.690251 0.391746
vt 0.694030 0.389536
vt 0.008021 0.338044
vt 0.015181 0.339455
vt 0.338644 0.339267
vt 0.337115 0.336162
vt 0.321695 0.340802
vt 0.310047 0.338528
vt 0.293635 0.340273
vt 0.265462 0.340549
vt 0.080719 0.342034
vt 0.699705 0.016308
vt 0.769683 0.311844
vt 0.771708 0.257891
vt 0.767496 0.221083
vt 0.691868 0.545245
vt 0.692396 0.407435
vt 0.767950 0.022342
vt 0.767468 0.019238
vt 0.764500 0.009123
vt 0.697925 0.371031
vt 0.699092 0.366434
vt 0.011284 0.339529
vt 0.019076 0.340925
vt 0.238861 0.338131
vt 0.235721 0.339689
vt 0.700593 0.290789
vt 0.698958 0.321247
vt 0.701138 0.311900
vt 0.700091 0.087217
vt 0.699008 0.327455
vt 0.699795 0.332099
vt 0.699624 0.025550
vt 0.690874 0.698304
vt 0.692300 0.696698
vt 0.763749 0.336501
vt 0.688821 0.689736
vt 0.767233 0.325015
vt 0.766544 0.300926
vt 0.767404 0.282946
vt 0.689999 0.621154
vt 0.690972 0.584375
vt 0.692473 0.520985
vt 0.693492 0.479507
vt 0.693848 0.464644
vt 0.694353 0.400459
vt 0.698429 0.378014
vt 0.760942 0.005347
vt 0.029965 0.343111
vt 0.298293 0.344041
vt 0.193439 0.342181
vt 0.061160 0.341369
vt 0.701344 0.302520
vt 0.701683 0.116179
vt 0.700365 0.027849
vt 0.701213 0.020143
vt 0.699829 0.339006
vt 0.700016 0.345113
vt 0.762021 0.343345
vt 0.760251 0.341057
vt 0.694824 0.699051
vt 0.695119 0.704241
vt 0.762841 0.334216
vt 0.689265 0.691274
vt 0.765531 0.243783
vt 0.693105 0.495161
vt 0.691299 0.463776
vt 0.767830 0.098162
vt 0.691629 0.408974
vt 0.694719 0.413770
vt 0.697489 0.409936
vt 0.702033 0.368030
vt 0.340932 0.338607
vt 0.032327 0.339987
vt 0.230993 0.343601
vt 0.700789 0.181163
vt 0.701843 0.043407
vt 0.701400 0.342946
vt 0.699892 0.348008
vt 0.764152 0.327332
vt 0.688125 0.674277
vt 0.766416 0.307169
vt 0.766690 0.185070
vt 0.765881 0.140438
vt 0.692068 0.466153
vt 0.694608 0.420024
vt 0.696200 0.431023
vt 0.767366 0.037911
vt 0.699092 0.385806
vt 0.763434 0.010695
vt 0.700042 0.373415
vt 0.702640 0.363916
vt 0.344710 0.340075
vt 0.026083 0.340828
vt 0.273280 0.341837
vt 0.272512 0.339506
vt 0.168380 0.343160
vt 0.162119 0.343180
vt 0.144907 0.341717
vt 0.043972 0.343613
vt 0.043209 0.340675
vt 0.702099 0.325130
vt 0.704199 0.034829
vt 0.691449 0.690596
vt 0.761702 0.329636
vt 0.765331 0.320383
vt 0.764830 0.314950
vt 0.691381 0.660359
vt 0.692974 0.605581
vt 0.692822 0.579738
vt 0.693472 0.516326
vt 0.765925 0.122435
vt 0.766909 0.109906
vt 0.768267 0.062919
vt 0.694675 0.416115
vt 0.767504 0.046507
vt 0.758974 0.000000
vt 0.015929 0.342511
vt 0.016584 0.341747
vt 0.325564 0.341564
vt 0.331757 0.340014
vt 0.043202 0.342232
vt 0.269370 0.341072
vt 0.265443 0.343320
vt 0.255272 0.342714
vt 0.227101 0.340609
vt 0.199697 0.342210
vt 0.108876 0.345171
vt 0.702914 0.317350
vt 0.703843 0.266500
vt 0.700656 0.250853
vt 0.703888 0.185852
vt 0.703456 0.021651
vt 0.700588 0.702657
vt 0.758852 0.337263
vt 0.696857 0.697616
vt 0.691353 0.668162
vt 0.690536 0.664234
vt 0.693073 0.640061
vt 0.691679 0.625904
vt 0.695607 0.546924
vt 0.695645 0.545359
vt 0.693150 0.495951
vt 0.698404 0.481221
vt 0.763820 0.019232
vt 0.765516 0.014607
vt 0.708179 0.362073
vt 0.708178 0.365148
vt 0.029182 0.343124
vt 0.033860 0.343076
vt 0.274851 0.341044
vt 0.273252 0.344954
vt 0.156607 0.347103
vt 0.065819 0.346017
vt 0.051772 0.342960
vt 0.046319 0.342330
vt 0.704587 0.224996
vt 0.705189 0.028602
vt 0.758202 0.343409
vt 0.755465 0.340903
vt 0.703572 0.014762
vt 0.692324 0.682166
vt 0.761633 0.307943
vt 0.761698 0.289185
vt 0.759614 0.277447
vt 0.692128 0.570312
vt 0.698155 0.559528
vt 0.695090 0.488171
vt 0.763969 0.105201
vt 0.322625 0.400032
vt 0.325763 0.396447
vt 0.325763 0.408891
vt 0.702826 0.447675
vt 0.698238 0.413871
vt 0.697938 0.399011
vt 0.705645 0.368165
vt 0.340915 0.343898
vt 0.026838 0.343918
vt 0.354382 0.404093
vt 0.354143 0.407033
vt 0.354143 0.401871
vt 0.333263 0.343285
vt 0.313142 0.341587
vt 0.046312 0.342988
vt 0.280286 0.346468
vt 0.262290 0.345784
vt 0.223135 0.347552
vt 0.201267 0.342204
vt 0.201209 0.348438
vt 0.178546 0.344650
vt 0.068157 0.346774
vt 0.706196 0.105201
vt 0.703347 0.059020
vt 0.703771 0.330565
vt 0.705219 0.338255
vt 0.705715 0.018582
vt 0.755720 0.344095
vt 0.758317 0.334217
vt 0.696046 0.692280
vt 0.690450 0.663449
vt 0.761611 0.231247
vt 0.694380 0.516356
vt 0.695206 0.520285
vt 0.696269 0.438080
vt 0.761646 0.054299
vt 0.763443 0.034775
vt 0.766829 0.028569
vt 0.704174 0.380497
vt 0.760575 0.008431
vt 0.757842 0.009190
vt 0.756642 0.003647
vt 0.753603 0.000338
vt 0.025253 0.346064
vt 0.313084 0.345700
vt 0.212990 0.343701
vt 0.209875 0.342154
vt 0.209856 0.344590
vt 0.201258 0.343759
vt 0.046290 0.346104
vt 0.704879 0.071532
vt 0.707263 0.077780
vt 0.706533 0.044952
vt 0.706036 0.282159
vt 0.695622 0.689979
vt 0.696104 0.632311
vt 0.694254 0.598571
vt 0.702861 0.451589
vt 0.700162 0.420183
vt 0.704184 0.434382
vt 0.704309 0.406230
vt 0.763598 0.046491
vt 0.760226 0.021550
vt 0.760045 0.015391
vt 0.759089 0.012274
vt 0.021973 0.347079
vt 0.328626 0.345911
vt 0.038478 0.348481
vt 0.310786 0.342999
vt 0.306050 0.347114
vt 0.276390 0.344939
vt 0.232528 0.347504
vt 0.145649 0.347161
vt 0.126859 0.346477
vt 0.124527 0.345714
vt 0.082271 0.344365
vt 0.075981 0.347511
vt 0.065788 0.349122
vt 0.057990 0.346819
vt 0.706084 0.313444
vt 0.708653 0.133377
vt 0.707964 0.083258
vt 0.700214 0.698471
vt 0.755913 0.337204
vt 0.759232 0.325790
vt 0.758346 0.312600
vt 0.696054 0.665183
vt 0.699056 0.659806
vt 0.697902 0.528981
vt 0.701551 0.504807
vt 0.699544 0.503965
vt 0.759057 0.149812
vt 0.697860 0.491385
vt 0.700244 0.453867
vt 0.760325 0.074637
vt 0.704268 0.400768
vt 0.700522 0.390133
vt 0.703973 0.372758
vt 0.708180 0.366691
vt 0.021332 0.346311
vt 0.334868 0.421032
vt 0.335174 0.420326
vt 0.335690 0.420563
vt 0.273989 0.349621
vt 0.708562 0.183485
vt 0.706466 0.056659
vt 0.706291 0.149828
vt 0.706563 0.025496
vt 0.704185 0.700837
vt 0.757486 0.328104
vt 0.696593 0.685396
vt 0.696126 0.681503
vt 0.757312 0.321916
vt 0.697205 0.672227
vt 0.759484 0.246890
vt 0.699031 0.601840
vt 0.702585 0.547906
vt 0.696275 0.519536
vt 0.697134 0.520348
vt 0.699027 0.493768
vt 0.760344 0.110669
vt 0.761206 0.030099
vt 0.756386 0.006860
vt 0.709589 0.367494
vt 0.707190 0.368981
vt 0.712263 0.363683
vt 0.715040 0.363671
vt 0.751325 0.003305
vt 0.025258 0.345486
vt 0.029126 0.347777
vt 0.026036 0.345485
vt 0.033026 0.347740
vt 0.146430 0.347158
vt 0.143283 0.348733
vt 0.109614 0.349688
vt 0.707526 0.329007
vt 0.706097 0.323570
vt 0.706682 0.037151
vt 0.301727 0.414863
vt 0.304592 0.412654
vt 0.304592 0.420104
vt 0.335708 0.418782
vt 0.335708 0.411870
vt 0.338531 0.417361
vt 0.698613 0.691596
vt 0.701685 0.687838
vt 0.698005 0.684662
vt 0.702288 0.601139
vt 0.755273 0.228873
vt 0.701875 0.573729
vt 0.696602 0.582970
vt 0.759630 0.207750
vt 0.697354 0.571254
vt 0.757778 0.163117
vt 0.702985 0.525989
vt 0.759807 0.039449
vt 0.707403 0.393047
vt 0.758099 0.018433
vt 0.754718 0.013020
vt 0.356680 0.397700
vt 0.356937 0.399477
vt 0.356680 0.400481
vt 0.713168 0.365093
vt 0.326097 0.423804
vt 0.327128 0.418922
vt 0.326459 0.414364
vt 0.326459 0.407298
vt 0.327279 0.409957
vt 0.714788 0.361851
vt 0.339361 0.346144
vt 0.026771 0.348583
vt 0.335690 0.424798
vt 0.333209 0.348555
vt 0.296683 0.348110
vt 0.256752 0.350491
vt 0.181575 0.353216
vt 0.157357 0.350217
vt 0.081449 0.348427
vt 0.710664 0.250019
vt 0.707168 0.335188
vt 0.707355 0.021630
vt 0.704906 0.703751
vt 0.752226 0.337840
vt 0.756100 0.331922
vt 0.700478 0.692412
vt 0.699641 0.617519
vt 0.754108 0.273514
vt 0.698778 0.616710
vt 0.699491 0.588541
vt 0.701877 0.529875
vt 0.755695 0.105958
vt 0.344469 0.423094
vt 0.343030 0.416210
vt 0.344469 0.410781
vt 0.706347 0.423490
vt 0.713396 0.367524
vt 0.750916 0.001525
vt 0.715754 0.362200
vt 0.321645 0.346249
vt 0.038440 0.351616
vt 0.042349 0.350809
vt 0.201974 0.349788
vt 0.209835 0.346831
vt 0.151108 0.348696
vt 0.057941 0.350638
vt 0.049374 0.350160
vt 0.712245 0.300916
vt 0.709145 0.226544
vt 0.711511 0.188952
vt 0.708879 0.025857
vt 0.749332 0.340260
vt 0.700143 0.681625
vt 0.756175 0.309481
vt 0.754852 0.287607
vt 0.705361 0.570689
vt 0.703207 0.414792
vt 0.710250 0.371387
vt 0.753627 0.010100
vt 0.752669 0.008399
vt 0.707926 0.368221
vt 0.744068 0.005270
vt 0.745033 0.001407
vt 0.720520 0.361506
vt 0.309172 0.347265
vt 0.216801 0.353080
vt 0.086077 0.353773
vt 0.709147 0.289979
vt 0.710261 0.051955
vt 0.709715 0.041805
vt 0.710211 0.324334
vt 0.710414 0.331316
vt 0.708326 0.703931
vt 0.707149 0.700148
vt 0.712627 0.704014
vt 0.749546 0.335709
vt 0.702544 0.695507
vt 0.751425 0.334403
vt 0.754641 0.329632
vt 0.756649 0.301683
vt 0.705807 0.638065
vt 0.706014 0.497876
vt 0.751460 0.159177
vt 0.705154 0.488463
vt 0.754680 0.086374
vt 0.753546 0.069916
vt 0.713149 0.446383
vt 0.705113 0.417975
vt 0.758682 0.048037
vt 0.755791 0.034766
vt 0.756136 0.023091
vt 0.711327 0.375271
vt 0.747717 0.005300
vt 0.327020 0.349414
vt 0.032189 0.351818
vt 0.318441 0.351733
vt 0.319301 0.347039
vt 0.263764 0.352864
vt 0.126020 0.351954
vt 0.710201 0.315773
vt 0.711797 0.084812
vt 0.709652 0.029159
vt 0.708299 0.338250
vt 0.707881 0.340546
vt 0.347789 0.423150
vt 0.346405 0.426714
vt 0.755079 0.315698
vt 0.698369 0.628449
vt 0.701621 0.537703
vt 0.702711 0.498569
vt 0.708771 0.471330
vt 0.755135 0.017655
vt 0.708515 0.381400
vt 0.750795 0.010708
vt 0.714902 0.366834
vt 0.717050 0.369998
vt 0.722630 0.365608
vt 0.325417 0.351799
vt 0.161235 0.352608
vt 0.117389 0.353538
vt 0.113531 0.349344
vt 0.100950 0.353637
vt 0.079088 0.349686
vt 0.078303 0.349840
vt 0.712178 0.279009
vt 0.711182 0.333629
vt 0.705059 0.696982
vt 0.709009 0.618552
vt 0.754257 0.232785
vt 0.755512 0.060537
vt 0.708389 0.417285
vt 0.337091 0.427116
vt 0.337091 0.418782
vt 0.338471 0.425128
vt 0.754710 0.029307
vt 0.710126 0.383766
vt 0.748851 0.007611
vt 0.312222 0.351046
vt 0.239518 0.352162
vt 0.148700 0.353388
vt 0.341072 0.411916
vt 0.341072 0.425670
vt 0.340621 0.418883
vt 0.080609 0.353003
vt 0.340621 0.415647
vt 0.340323 0.420369
vt 0.340323 0.411917
vt 0.710733 0.071507
vt 0.713325 0.146661
vt 0.714277 0.109861
vt 0.712816 0.030886
vt 0.705731 0.691774
vt 0.748801 0.331887
vt 0.750857 0.330376
vt 0.752624 0.319566
vt 0.750689 0.236684
vt 0.751882 0.231208
vt 0.703092 0.572193
vt 0.705257 0.525264
vt 0.709710 0.509724
vt 0.751172 0.096542
vt 0.755423 0.048037
vt 0.706303 0.413314
vt 0.707305 0.413340
vt 0.703744 0.398400
vt 0.709629 0.398574
vt 0.751467 0.016872
vt 0.714005 0.379221
vt 0.750407 0.014444
vt 0.721717 0.369317
vt 0.305230 0.350242
vt 0.303631 0.352741
vt 0.218337 0.354516
vt 0.233251 0.352253
vt 0.110378 0.351234
vt 0.110364 0.352025
vt 0.066542 0.351459
vt 0.064172 0.353046
vt 0.057931 0.351459
vt 0.713456 0.041006
vt 0.714807 0.223382
vt 0.715738 0.704105
vt 0.719088 0.701108
vt 0.747485 0.341010
vt 0.743392 0.336414
vt 0.710502 0.696368
vt 0.746388 0.332635
vt 0.751909 0.326534
vt 0.704189 0.678619
vt 0.750549 0.304782
vt 0.703752 0.673184
vt 0.748626 0.296968
vt 0.708857 0.625600
vt 0.709865 0.579421
vt 0.748284 0.209273
vt 0.751991 0.197547
vt 0.747369 0.193615
vt 0.751434 0.167789
vt 0.710879 0.415787
vt 0.711458 0.402519
vt 0.751931 0.023851
vt 0.716878 0.372314
vt 0.333136 0.351750
vt 0.327015 0.350172
vt 0.742669 0.005247
vt 0.737474 0.002887
vt 0.739719 0.001350
vt 0.726777 0.362996
vt 0.333929 0.427123
vt 0.333654 0.424009
vt 0.333929 0.420326
vt 0.295784 0.355864
vt 0.290395 0.351100
vt 0.136929 0.354948
vt 0.110358 0.352809
vt 0.060259 0.353848
vt 0.715074 0.289949
vt 0.714316 0.698775
vt 0.710881 0.701039
vt 0.742280 0.339437
vt 0.748229 0.260160
vt 0.709439 0.597414
vt 0.751607 0.116900
vt 0.706951 0.452489
vt 0.750473 0.061299
vt 0.752756 0.036307
vt 0.746821 0.010678
vt 0.745090 0.006050
vt 0.743658 0.007507
vt 0.743359 0.005268
vt 0.740274 0.000513
vt 0.724374 0.366218
vt 0.731670 0.365453
vt 0.731717 0.361240
vt 0.735670 0.363324
vt 0.299705 0.354182
vt 0.047748 0.354826
vt 0.202723 0.352348
vt 0.096216 0.355864
vt 0.073564 0.353039
vt 0.065737 0.353038
vt 0.064954 0.353042
vt 0.713961 0.305595
vt 0.714340 0.060535
vt 0.714617 0.080878
vt 0.715366 0.248433
vt 0.713684 0.327407
vt 0.741297 0.340957
vt 0.736297 0.337856
vt 0.740633 0.336387
vt 0.711908 0.691896
vt 0.709381 0.688026
vt 0.747191 0.326502
vt 0.704459 0.654478
vt 0.706296 0.663109
vt 0.707179 0.590315
vt 0.748630 0.141157
vt 0.714527 0.473821
vt 0.746415 0.083206
vt 0.710750 0.432217
vt 0.750224 0.051126
vt 0.711937 0.387714
vt 0.737286 0.006766
vt 0.732874 0.001347
vt 0.041530 0.354142
vt 0.302800 0.354863
vt 0.158876 0.353336
vt 0.322625 0.406868
vt 0.322142 0.411384
vt 0.322142 0.402648
vt 0.159599 0.356603
vt 0.154962 0.353356
vt 0.100910 0.355901
vt 0.107233 0.352044
vt 0.080578 0.355276
vt 0.270787 0.354339
vt 0.249653 0.354396
vt 0.075839 0.357246
vt 0.716081 0.265657
vt 0.716648 0.193617
vt 0.714707 0.324295
vt 0.712378 0.695716
vt 0.748590 0.318766
vt 0.709855 0.670216
vt 0.747174 0.235097
vt 0.709622 0.539479
vt 0.708470 0.538666
vt 0.708111 0.533178
vt 0.708141 0.531610
vt 0.715051 0.527074
vt 0.747506 0.109835
vt 0.750072 0.029290
vt 0.715118 0.388573
vt 0.744138 0.016077
vt 0.724539 0.373262
vt 0.728652 0.367128
vt 0.298938 0.353406
vt 0.082896 0.356592
vt 0.862276 0.359989
vt 0.876110 0.363293
vt 0.877066 0.369587
vt 0.214349 0.358186
vt 0.175286 0.354812
vt 0.125986 0.354286
vt 0.334221 0.428736
vt 0.333929 0.425882
vt 0.334221 0.420326
vt 0.735144 0.335555
vt 0.733476 0.337058
vt 0.716778 0.694259
vt 0.740837 0.331810
vt 0.742443 0.327221
vt 0.748141 0.311774
vt 0.745864 0.307097
vt 0.711422 0.648379
vt 0.714866 0.536460
vt 0.712987 0.536431
vt 0.744762 0.159929
vt 0.715575 0.505167
vt 0.715926 0.493436
vt 0.743052 0.119990
vt 0.712161 0.421290
vt 0.747608 0.040195
vt 0.745906 0.037839
vt 0.718155 0.393329
vt 0.714268 0.390116
vt 0.718724 0.380899
vt 0.719667 0.377801
vt 0.729316 0.371031
vt 0.312864 0.357223
vt 0.288742 0.356693
vt 0.183834 0.357863
vt 0.147073 0.356670
vt 0.812918 0.364197
vt 0.813418 0.368197
vt 0.802413 0.360941
vt 0.847844 0.362924
vt 0.852247 0.365521
vt 0.852330 0.368606
vt 0.135302 0.358105
vt 0.345954 0.418040
vt 0.344469 0.428788
vt 0.101613 0.359386
vt 0.099306 0.357664
vt 0.727575 0.701907
vt 0.729721 0.698972
vt 0.719783 0.694299
vt 0.722527 0.696604
vt 0.744589 0.321837
vt 0.713077 0.681916
vt 0.711868 0.620978
vt 0.711112 0.573187
vt 0.710328 0.561417
vt 0.714128 0.566999
vt 0.745719 0.047208
vt 0.719260 0.400372
vt 0.718276 0.396455
vt 0.745276 0.026168
vt 0.742757 0.022284
vt 0.741632 0.014533
vt 0.260552 0.357517
vt 0.154918 0.355498
vt 0.153337 0.356628
vt 0.152573 0.355528
vt 0.814539 0.366388
vt 0.320568 0.385294
vt 0.325763 0.380790
vt 0.823960 0.696782
vt 0.852087 0.698746
vt 0.812308 0.702510
vt 0.735813 0.330972
vt 0.711931 0.676471
vt 0.713839 0.663300
vt 0.714117 0.651576
vt 0.743175 0.281288
vt 0.743619 0.212364
vt 0.711238 0.571625
vt 0.711240 0.568488
vt 0.711465 0.562234
vt 0.743933 0.078483
vt 0.718607 0.427724
vt 0.721018 0.405096
vt 0.722240 0.377094
vt 0.740238 0.016850
vt 0.738211 0.010640
vt 0.725195 0.007507
vt 0.741082 0.363242
vt 0.740448 0.367327
vt 0.878174 0.364900
vt 0.744889 0.367382
vt 0.233151 0.357607
vt 0.861945 0.370994
vt 0.185455 0.355443
vt 0.825839 0.365117
vt 0.827084 0.366515
vt 0.822068 0.366467
vt 0.137679 0.356722
vt 0.322113 0.403212
vt 0.322113 0.411738
vt 0.317967 0.408416
vt 0.784205 0.366901
vt 0.787044 0.369407
vt 0.780686 0.364637
vt 0.089902 0.358391
vt 0.085184 0.359493
vt 0.050011 0.358284
vt 0.715886 0.041781
vt 0.337091 0.421164
vt 0.335708 0.429137
vt 0.928411 0.701860
vt 0.941147 0.697461
vt 0.940266 0.703516
vt 0.783364 0.701188
vt 0.775634 0.696265
vt 0.743791 0.701516
vt 0.756554 0.695454
vt 0.760308 0.700802
vt 0.740601 0.694523
vt 0.811956 0.695334
vt 0.725318 0.696642
vt 0.720002 0.688189
vt 0.714244 0.685227
vt 0.743255 0.317165
vt 0.715200 0.598348
vt 0.740245 0.227239
vt 0.716573 0.579583
vt 0.718569 0.570225
vt 0.717336 0.548280
vt 0.717291 0.484858
vt 0.744861 0.110601
vt 0.717141 0.445695
vt 0.720885 0.441867
vt 0.721649 0.420741
vt 0.714326 0.415874
vt 0.745678 0.055792
vt 0.721783 0.411360
vt 0.744155 0.037835
vt 0.738586 0.015292
vt 0.727837 0.012878
vt 0.946324 0.367199
vt 0.947685 0.370433
vt 0.943447 0.366081
vt 0.944610 0.373537
vt 0.936071 0.368661
vt 0.941261 0.367826
vt 0.906328 0.369184
vt 0.903303 0.365178
vt 0.913862 0.369206
vt 0.841944 0.369209
vt 0.843703 0.364614
vt 0.832109 0.366568
vt 0.828462 0.368288
vt 0.822130 0.369778
vt 0.770386 0.365308
vt 0.777054 0.367737
vt 0.774545 0.367707
vt 0.920276 0.365400
vt 0.924136 0.371667
vt 0.239412 0.357581
vt 0.767765 0.363720
vt 0.773887 0.369258
vt 0.950613 0.696859
vt 0.942937 0.700666
vt 0.909557 0.699933
vt 0.895282 0.700725
vt 0.894869 0.697551
vt 0.729911 0.330136
vt 0.738927 0.321784
vt 0.742578 0.257784
vt 0.715947 0.648490
vt 0.717792 0.566299
vt 0.714289 0.560737
vt 0.714837 0.535681
vt 0.718625 0.532645
vt 0.718825 0.524819
vt 0.715359 0.517696
vt 0.718215 0.475480
vt 0.720790 0.475538
vt 0.743194 0.040167
vt 0.743643 0.033149
vt 0.720817 0.391055
vt 0.742579 0.027713
vt 0.723879 0.388788
vt 0.728172 0.378773
vt 0.735707 0.375029
vt 0.732606 0.371870
vt 0.732361 0.371095
vt 0.302751 0.357311
vt 0.739275 0.370307
vt 0.949091 0.372704
vt 0.930389 0.371757
vt 0.908156 0.374620
vt 0.893860 0.362645
vt 0.251059 0.360923
vt 0.891864 0.369044
vt 0.896888 0.369086
vt 0.892440 0.370533
vt 0.832316 0.372114
vt 0.756789 0.370637
vt 0.765083 0.366039
vt 0.874822 0.701273
vt 0.884434 0.695302
vt 0.913219 0.694097
vt 0.733692 0.692184
vt 0.725530 0.330850
vt 0.724477 0.332424
vt 0.724793 0.689777
vt 0.734613 0.327118
vt 0.718094 0.681998
vt 0.738838 0.316364
vt 0.739923 0.308607
vt 0.716035 0.671118
vt 0.738989 0.296121
vt 0.720647 0.590633
vt 0.715449 0.567032
vt 0.356939 0.366327
vt 0.356716 0.370271
vt 0.356716 0.360923
vt 0.741151 0.174785
vt 0.722821 0.502210
vt 0.719369 0.502129
vt 0.739706 0.084736
vt 0.740463 0.054204
vt 0.742072 0.370466
vt 0.938555 0.371951
vt 0.880712 0.375083
vt 0.855937 0.371704
vt 0.808117 0.372754
vt 0.827786 0.373737
vt 0.781539 0.371529
vt 0.827611 0.693931
vt 0.733873 0.320949
vt 0.734650 0.317870
vt 0.736220 0.195890
vt 0.719694 0.559300
vt 0.743525 0.187320
vt 0.723856 0.528064
vt 0.737463 0.158325
vt 0.742173 0.120769
vt 0.721321 0.493561
vt 0.723480 0.475597
vt 0.738073 0.114479
vt 0.739201 0.030031
vt 0.739002 0.026142
vt 0.732668 0.017571
vt 0.734029 0.377335
vt 0.914671 0.375466
vt 0.839922 0.374646
vt 0.766805 0.372485
vt 0.854096 0.691936
vt 0.941566 0.694543
vt 0.812741 0.689202
vt 0.782290 0.691923
vt 0.736253 0.311691
vt 0.720526 0.675857
vt 0.717325 0.663375
vt 0.735783 0.289843
vt 0.740583 0.283614
vt 0.737412 0.275763
vt 0.735136 0.271832
vt 0.721943 0.606321
vt 0.717773 0.567082
vt 0.720810 0.542093
vt 0.720383 0.531905
vt 0.722723 0.456789
vt 0.721138 0.433256
vt 0.724392 0.398938
vt 0.729814 0.384242
vt 0.730286 0.381929
vt 0.723732 0.020602
vt 0.726997 0.013497
vt 0.722653 0.012060
vt 0.717870 0.008140
vt 0.303216 0.425773
vt 0.301650 0.421321
vt 0.303216 0.420104
vt 0.949010 0.374265
vt 0.955747 0.372040
vt 0.861050 0.374097
vt 0.944546 0.380447
vt 0.745344 0.370381
vt 0.952947 0.695306
vt 0.866536 0.688153
vt 0.738235 0.687645
vt 0.723356 0.327755
vt 0.728556 0.327813
vt 0.732123 0.688348
vt 0.725701 0.685965
vt 0.737452 0.316352
vt 0.733865 0.227196
vt 0.723854 0.593828
vt 0.723262 0.551536
vt 0.724441 0.537462
vt 0.725328 0.501472
vt 0.734241 0.111319
vt 0.727026 0.465491
vt 0.727198 0.458448
vt 0.736547 0.086280
vt 0.729359 0.436565
vt 0.740512 0.059679
vt 0.725258 0.405186
vt 0.738371 0.040922
vt 0.739338 0.037031
vt 0.725585 0.389618
vt 0.736969 0.025353
vt 0.737092 0.024578
vt 0.730647 0.026877
vt 0.320549 0.411738
vt 0.320549 0.420227
vt 0.317967 0.418832
vt 0.743796 0.376720
vt 0.874201 0.376580
vt 0.844303 0.380140
vt 0.800366 0.376564
vt 0.765863 0.376188
vt 0.354382 0.393938
vt 0.354382 0.401871
vt 0.354115 0.395704
vt 0.944426 0.374941
vt 0.915074 0.377020
vt 0.885922 0.373586
vt 0.830070 0.372980
vt 0.754995 0.375288
vt 0.926382 0.690427
vt 0.757338 0.689380
vt 0.888170 0.691684
vt 0.722494 0.678983
vt 0.734431 0.305455
vt 0.328951 0.407298
vt 0.326631 0.383764
vt 0.328951 0.380790
vt 0.721203 0.567940
vt 0.723915 0.558601
vt 0.732536 0.190388
vt 0.737041 0.187284
vt 0.734011 0.184916
vt 0.731922 0.159847
vt 0.727463 0.512479
vt 0.725956 0.443550
vt 0.734362 0.067480
vt 0.735105 0.059653
vt 0.725040 0.421602
vt 0.734443 0.047145
vt 0.734995 0.033894
vt 0.736393 0.029246
vt 0.734298 0.391338
vt 0.733923 0.386655
vt 0.737128 0.378171
vt 0.737843 0.378173
vt 0.864563 0.375565
vt 0.748069 0.378236
vt 0.935660 0.379581
vt 0.864787 0.376480
vt 0.757866 0.376886
vt 0.919664 0.377849
vt 0.934067 0.687454
vt 0.948408 0.687618
vt 0.952686 0.692252
vt 0.723206 0.323133
vt 0.909096 0.686415
vt 0.901427 0.689397
vt 0.887388 0.690072
vt 0.886950 0.686929
vt 0.849352 0.688817
vt 0.733332 0.682979
vt 0.727003 0.318555
vt 0.724342 0.668178
vt 0.723061 0.662707
vt 0.723971 0.624371
vt 0.729510 0.590029
vt 0.724037 0.521022
vt 0.736470 0.126992
vt 0.729672 0.486681
vt 0.734281 0.094094
vt 0.731169 0.457744
vt 0.731836 0.461668
vt 0.737328 0.051060
vt 0.733863 0.400675
vt 0.729050 0.393571
vt 0.737389 0.384381
vt 0.738985 0.380522
vt 0.721735 0.016700
vt 0.719139 0.013664
vt 0.743585 0.379041
vt 0.741956 0.377617
vt 0.741750 0.376696
vt 0.743280 0.377479
vt 0.954163 0.378296
vt 0.955945 0.384449
vt 0.866236 0.377273
vt 0.865775 0.381144
vt 0.771955 0.381682
vt 0.750129 0.375926
vt 0.824848 0.379934
vt 0.785532 0.377182
vt 0.742889 0.686931
vt 0.954993 0.687678
vt 0.786348 0.686625
vt 0.845516 0.680364
vt 0.730069 0.677552
vt 0.729496 0.313935
vt 0.725174 0.675929
vt 0.724606 0.674387
vt 0.730160 0.303861
vt 0.724760 0.658054
vt 0.724465 0.637689
vt 0.733658 0.288262
vt 0.731424 0.274153
vt 0.728343 0.603311
vt 0.726281 0.560212
vt 0.730382 0.554025
vt 0.731389 0.539953
vt 0.729127 0.508594
vt 0.729398 0.072926
vt 0.729489 0.056485
vt 0.732996 0.050255
vt 0.736721 0.395262
vt 0.725390 0.024492
vt 0.718019 0.019760
vt 0.958256 0.381353
vt 0.902318 0.382325
vt 0.929764 0.381256
vt 0.882432 0.379782
vt 0.867233 0.378942
vt 0.922957 0.381761
vt 0.879560 0.381307
vt 0.810107 0.684582
vt 0.879407 0.680716
vt 0.854681 0.685053
vt 0.742617 0.682325
vt 0.953389 0.683821
vt 0.931361 0.682039
vt 0.947593 0.682228
vt 0.741735 0.680011
vt 0.720143 0.319241
vt 0.726472 0.677499
vt 0.726458 0.670537
vt 0.724835 0.672060
vt 0.726525 0.309264
vt 0.728704 0.649513
vt 0.729365 0.274921
vt 0.726527 0.615023
vt 0.730195 0.253779
vt 0.731741 0.212302
vt 0.726300 0.559430
vt 0.727073 0.184862
vt 0.728520 0.149642
vt 0.731993 0.137143
vt 0.729820 0.127731
vt 0.732167 0.103489
vt 0.732314 0.408442
vt 0.727325 0.041625
vt 0.726772 0.040065
vt 0.738797 0.392963
vt 0.722210 0.025241
vt 0.735692 0.389797
vt 0.880214 0.381381
vt 0.879698 0.382075
vt 0.317443 0.419197
vt 0.317967 0.426340
vt 0.744403 0.379832
vt 0.933531 0.385751
vt 0.905364 0.386239
vt 0.918999 0.384830
vt 0.874597 0.385908
vt 0.870797 0.381199
vt 0.821337 0.386091
vt 0.751833 0.381482
vt 0.880549 0.379753
vt 0.868228 0.385065
vt 0.794761 0.682767
vt 0.784954 0.677401
vt 0.722266 0.318498
vt 0.734331 0.676837
vt 0.719872 0.317707
vt 0.953655 0.682298
vt 0.955870 0.683079
vt 0.725024 0.313122
vt 0.722626 0.305343
vt 0.729177 0.660479
vt 0.728997 0.639333
vt 0.732844 0.630801
vt 0.729454 0.620553
vt 0.734999 0.570542
vt 0.727669 0.206006
vt 0.732945 0.566605
vt 0.734679 0.554879
vt 0.731983 0.546218
vt 0.728358 0.539895
vt 0.734251 0.514173
vt 0.734521 0.503206
vt 0.736061 0.498537
vt 0.727367 0.088555
vt 0.736117 0.438265
vt 0.725586 0.067410
vt 0.724694 0.034585
vt 0.959092 0.391472
vt 0.961797 0.389950
vt 0.746509 0.385295
vt 0.950941 0.386717
vt 0.948578 0.382702
vt 0.947877 0.382040
vt 0.881825 0.383664
vt 0.752777 0.383814
vt 0.946007 0.385893
vt 0.894797 0.678587
vt 0.773648 0.677273
vt 0.952902 0.673801
vt 0.960023 0.677722
vt 0.732114 0.669850
vt 0.726634 0.298377
vt 0.724239 0.285051
vt 0.730693 0.630756
vt 0.735289 0.615169
vt 0.728252 0.230282
vt 0.725125 0.209118
vt 0.723934 0.195794
vt 0.734916 0.544713
vt 0.732723 0.546232
vt 0.733599 0.539988
vt 0.724800 0.119857
vt 0.737153 0.511078
vt 0.737342 0.475069
vt 0.739224 0.455527
vt 0.726820 0.070551
vt 0.735342 0.404593
vt 0.738231 0.405429
vt 0.724270 0.041596
vt 0.716648 0.033709
vt 0.743741 0.394578
vt 0.721995 0.031445
vt 0.300949 0.412654
vt 0.300949 0.403224
vt 0.304592 0.408387
vt 0.317024 0.426603
vt 0.315226 0.419454
vt 0.317024 0.416472
vt 0.943289 0.389740
vt 0.950417 0.396041
vt 0.918772 0.388693
vt 0.760232 0.390278
vt 0.855498 0.389582
vt 0.849233 0.383438
vt 0.750165 0.383012
vt 0.885076 0.391450
vt 0.869170 0.388175
vt 0.753276 0.673978
vt 0.748806 0.674707
vt 0.920421 0.679650
vt 0.881977 0.675367
vt 0.792927 0.673646
vt 0.927911 0.674319
vt 0.869559 0.673698
vt 0.738506 0.675354
vt 0.821641 0.675480
vt 0.831276 0.673279
vt 0.743394 0.671547
vt 0.769121 0.672612
vt 0.739720 0.669180
vt 0.738635 0.665287
vt 0.733529 0.657417
vt 0.731990 0.637035
vt 0.738722 0.638698
vt 0.724908 0.263135
vt 0.736498 0.621450
vt 0.720801 0.259180
vt 0.723799 0.234947
vt 0.739943 0.589400
vt 0.721567 0.202817
vt 0.740696 0.558877
vt 0.739746 0.543990
vt 0.743703 0.514295
vt 0.737365 0.502467
vt 0.738037 0.503261
vt 0.735999 0.500882
vt 0.739701 0.491544
vt 0.739531 0.471187
vt 0.742065 0.476699
vt 0.721407 0.082242
vt 0.313940 0.425111
vt 0.313940 0.416839
vt 0.315051 0.419878
vt 0.724276 0.083838
vt 0.738418 0.430461
vt 0.743619 0.439927
vt 0.743254 0.427402
vt 0.738781 0.414811
vt 0.719872 0.061087
vt 0.723265 0.056431
vt 0.721681 0.048595
vt 0.744921 0.412544
vt 0.739623 0.406226
vt 0.963721 0.413351
vt 0.957735 0.398460
vt 0.965981 0.406338
vt 0.750282 0.393873
vt 0.749442 0.389205
vt 0.883731 0.389879
vt 0.880724 0.392189
vt 0.752617 0.389243
vt 0.307057 0.420481
vt 0.307748 0.414339
vt 0.307748 0.422136
vt 0.875207 0.395997
vt 0.801521 0.388989
vt 0.806110 0.392913
vt 0.927861 0.394230
vt 0.899592 0.393148
vt 0.914631 0.392545
vt 0.778270 0.387959
vt 0.917189 0.674984
vt 0.918797 0.668820
vt 0.888639 0.669270
vt 0.840293 0.669525
vt 0.760732 0.663986
vt 0.809545 0.669193
vt 0.941912 0.671391
vt 0.834744 0.666353
vt 0.869913 0.665945
vt 0.831026 0.664742
vt 0.916999 0.665670
vt 0.959039 0.669977
vt 0.957057 0.662956
vt 0.824864 0.659985
vt 0.739285 0.665291
vt 0.858830 0.657220
vt 0.737490 0.660594
vt 0.903897 0.662401
vt 0.850516 0.663392
vt 0.853656 0.663425
vt 0.831062 0.663183
vt 0.720182 0.298307
vt 0.827335 0.661577
vt 0.766657 0.653095
vt 0.797232 0.660470
vt 0.753284 0.660779
vt 0.353424 0.398811
vt 0.354115 0.393938
vt 0.354115 0.406075
vt 0.757657 0.661609
vt 0.836749 0.661678
vt 0.821060 0.661509
vt 0.849966 0.660255
vt 0.349681 0.386680
vt 0.354397 0.393938
vt 0.795504 0.654189
vt 0.739063 0.650447
vt 0.845003 0.657853
vt 0.836922 0.654635
vt 0.830666 0.653785
vt 0.842609 0.653131
vt 0.850140 0.653212
vt 0.956358 0.644962
vt 0.961406 0.649696
vt 0.842667 0.650783
vt 0.341072 0.360923
vt 0.335644 0.374467
vt 0.787046 0.640792
vt 0.762340 0.649918
vt 0.837134 0.646027
vt 0.754297 0.645134
vt 0.827740 0.645143
vt 0.759984 0.643630
vt 0.719110 0.280302
vt 0.814735 0.637958
vt 0.850390 0.643039
vt 0.860451 0.642365
vt 0.860470 0.641582
vt 0.827856 0.640448
vt 0.355909 0.376128
vt 0.356677 0.375978
vt 0.356677 0.398929
vt 0.300949 0.360923
vt 0.307292 0.367889
vt 0.745955 0.627041
vt 0.826089 0.635732
vt 0.845505 0.637507
vt 0.825423 0.637290
vt 0.814813 0.634828
vt 0.794712 0.635394
vt 0.752820 0.628680
vt 0.845524 0.636724
vt 0.950936 0.638643
vt 0.814339 0.628560
vt 0.837405 0.635071
vt 0.860721 0.631409
vt 0.837424 0.634289
vt 0.826166 0.632602
vt 0.719174 0.259946
vt 0.882841 0.625385
vt 0.814909 0.630915
vt 0.752173 0.629456
vt 0.956877 0.624616
vt 0.307292 0.360923
vt 0.312394 0.375842
vt 0.307292 0.390818
vt 0.798023 0.628385
vt 0.876332 0.634708
vt 0.771627 0.629666
vt 0.313940 0.385503
vt 0.860740 0.630626
vt 0.850718 0.629735
vt 0.828088 0.631057
vt 0.767292 0.627271
vt 0.860189 0.627489
vt 0.828146 0.628709
vt 0.794943 0.626003
vt 0.845736 0.628116
vt 0.752269 0.625543
vt 0.845756 0.627333
vt 0.826302 0.627124
vt 0.811887 0.626186
vt 0.828261 0.624014
vt 0.808180 0.623797
vt 0.769841 0.625733
vt 0.962488 0.627787
vt 0.958671 0.623848
vt 0.886054 0.622288
vt 0.813181 0.624635
vt 0.771762 0.624188
vt 0.752935 0.623985
vt 0.826417 0.622428
vt 0.804491 0.620627
vt 0.771820 0.621840
vt 0.739125 0.622268
vt 0.860305 0.622794
vt 0.820180 0.620796
vt 0.340291 0.409624
vt 0.341072 0.411917
vt 0.808257 0.620667
vt 0.750541 0.619262
vt 0.740729 0.608979
vt 0.896192 0.618484
vt 0.957614 0.619144
vt 0.870385 0.621337
vt 0.338927 0.394089
vt 0.336118 0.378677
vt 0.341072 0.393133
vt 0.753090 0.617724
vt 0.746225 0.616085
vt 0.876737 0.618274
vt 0.860382 0.619663
vt 0.805824 0.617510
vt 0.775643 0.619533
vt 0.787547 0.620444
vt 0.770053 0.617124
vt 0.888072 0.616831
vt 0.748108 0.616105
vt 0.341072 0.374467
vt 0.888149 0.613700
vt 0.843496 0.617133
vt 0.789586 0.614204
vt 0.771974 0.615579
vt 0.808430 0.613624
vt 0.809000 0.615978
vt 0.334868 0.424894
vt 0.334505 0.428219
vt 0.958098 0.599584
vt 0.900739 0.612271
vt 0.750695 0.613002
vt 0.808546 0.608929
vt 0.792896 0.607194
vt 0.747615 0.610620
vt 0.719794 0.234903
vt 0.772071 0.611667
vt 0.800958 0.611195
vt 0.335513 0.409303
vt 0.335513 0.392766
vt 0.336118 0.401623
vt 0.765225 0.609245
vt 0.763951 0.610014
vt 0.356511 0.401317
vt 0.359445 0.413217
vt 0.356511 0.414310
vt 0.772148 0.608536
vt 0.927897 0.605518
vt 0.783444 0.608658
vt 0.755831 0.608361
vt 0.790424 0.605602
vt 0.765892 0.607686
vt 0.925291 0.609404
vt 0.933622 0.602449
vt 0.929973 0.597713
vt 0.808662 0.604233
vt 0.764752 0.602977
vt 0.924760 0.605484
vt 0.860749 0.604795
vt 0.748436 0.602801
vt 0.313940 0.414186
vt 0.315143 0.389110
vt 0.315143 0.416839
vt 0.861434 0.602454
vt 0.901067 0.598967
vt 0.789990 0.597770
vt 0.756063 0.598970
vt 0.751689 0.598140
vt 0.870906 0.600207
vt 0.918773 0.593678
vt 0.768064 0.595968
vt 0.772495 0.594450
vt 0.901125 0.596619
vt 0.883553 0.596430
vt 0.889751 0.599628
vt 0.716648 0.229380
vt 0.954535 0.594061
vt 0.959919 0.596464
vt 0.962085 0.599617
vt 0.313819 0.421904
vt 0.312606 0.410994
vt 0.313819 0.404612
vt 0.888593 0.595701
vt 0.912440 0.595958
vt 0.767475 0.594396
vt 0.335101 0.401725
vt 0.335472 0.392766
vt 0.335472 0.405632
vt 0.861666 0.593063
vt 0.790182 0.589944
vt 0.936345 0.593868
vt 0.888651 0.593354
vt 0.336118 0.411870
vt 0.336118 0.394089
vt 0.338531 0.394414
vt 0.955301 0.588592
vt 0.877432 0.590102
vt 0.790752 0.592299
vt 0.772592 0.590537
vt 0.931382 0.591466
vt 0.918812 0.592113
vt 0.745780 0.583203
vt 0.761334 0.588850
vt 0.930339 0.582844
vt 0.922616 0.590589
vt 0.900043 0.589563
vt 0.772649 0.588190
vt 0.772727 0.585059
vt 0.906377 0.587283
vt 0.899454 0.587991
vt 0.915944 0.581123
vt 0.880666 0.586223
vt 0.756391 0.585666
vt 0.882626 0.583113
vt 0.861839 0.586020
vt 0.761469 0.583373
vt 0.880705 0.584658
vt 0.821087 0.584015
vt 0.895766 0.584820
vt 0.846836 0.583510
vt 0.889114 0.574572
vt 0.809830 0.582328
vt 0.776588 0.581187
vt 0.790964 0.583690
vt 0.758978 0.582563
vt 0.750289 0.578555
vt 0.791003 0.582125
vt 0.756487 0.581753
vt 0.861936 0.582107
vt 0.791138 0.576647
vt 0.767175 0.581086
vt 0.791041 0.580560
vt 0.754054 0.578596
vt 0.862052 0.577412
vt 0.914158 0.577190
vt 0.880820 0.579962
vt 0.790453 0.578988
vt 0.768488 0.578752
vt 0.745993 0.574595
vt 0.791099 0.578212
vt 0.772900 0.578016
vt 0.933062 0.574263
vt 0.866483 0.575894
vt 0.772958 0.575669
vt 0.960629 0.567509
vt 0.897880 0.575449
vt 0.873975 0.577540
vt 0.866676 0.568068
vt 0.880936 0.575267
vt 0.870915 0.574376
vt 0.332614 0.392766
vt 0.335101 0.404483
vt 0.852088 0.574173
vt 0.773016 0.573321
vt 0.749344 0.566021
vt 0.889152 0.573007
vt 0.334661 0.400109
vt 0.768681 0.570926
vt 0.885599 0.564358
vt 0.827671 0.571562
vt 0.889210 0.570659
vt 0.871716 0.567340
vt 0.771268 0.567823
vt 0.798900 0.567338
vt 0.890581 0.565977
vt 0.931412 0.564852
vt 0.766306 0.565421
vt 0.787034 0.564862
vt 0.852300 0.565565
vt 0.777051 0.562406
vt 0.839179 0.563075
vt 0.787054 0.564079
vt 0.852339 0.564000
vt 0.889384 0.563616
vt 0.809684 0.562757
vt 0.958943 0.565148
vt 0.963053 0.560481
vt 0.891952 0.561296
vt 0.847357 0.562381
vt 0.805349 0.560362
vt 0.929016 0.560130
vt 0.847415 0.560033
vt 0.875616 0.561902
vt 0.832942 0.561442
vt 0.835549 0.557557
vt 0.784679 0.558574
vt 0.827980 0.559041
vt 0.355909 0.410616
vt 0.355909 0.398929
vt 0.356480 0.404335
vt 0.872536 0.559521
vt 0.871262 0.560290
vt 0.799132 0.557947
vt 0.929132 0.555434
vt 0.833097 0.555182
vt 0.769028 0.556840
vt 0.956258 0.549464
vt 0.876379 0.556431
vt 0.957690 0.541654
vt 0.847550 0.554555
vt 0.784814 0.553096
vt 0.780363 0.555396
vt 0.751041 0.548035
vt 0.799190 0.555599
vt 0.809897 0.554149
vt 0.769067 0.555275
vt 0.938584 0.553970
vt 0.873946 0.553274
vt 0.796071 0.554783
vt 0.937290 0.555522
vt 0.852609 0.553044
vt 0.816781 0.555007
vt 0.828115 0.553563
vt 0.810563 0.552591
vt 0.810582 0.551808
vt 0.787440 0.548428
vt 0.826879 0.552767
vt 0.799517 0.542296
vt 0.852686 0.549914
vt 0.803379 0.538423
vt 0.874650 0.550150
vt 0.862080 0.550798
vt 0.825817 0.544927
vt 0.810756 0.544765
vt 0.782400 0.549156
vt 0.768024 0.546653
vt 0.871628 0.545421
vt 0.862746 0.549239
vt 0.852705 0.549131
vt 0.845213 0.547485
vt 0.718390 0.176949
vt 0.773826 0.540453
vt 0.349681 0.366926
vt 0.356677 0.360923
vt 0.847743 0.546729
vt 0.878512 0.546278
vt 0.742054 0.529144
vt 0.827719 0.544165
vt 0.773807 0.541236
vt 0.881804 0.540051
vt 0.876610 0.547040
vt 0.810205 0.541628
vt 0.304592 0.427031
vt 0.303216 0.422917
vt 0.830287 0.541844
vt 0.828385 0.542607
vt 0.869253 0.539916
vt 0.862900 0.542979
vt 0.852879 0.542088
vt 0.777611 0.539711
vt 0.852309 0.539733
vt 0.830306 0.541062
vt 0.767057 0.534902
vt 0.847975 0.537338
vt 0.845425 0.538877
vt 0.315226 0.403212
vt 0.317718 0.397653
vt 0.320568 0.395997
vt 0.864841 0.540651
vt 0.864860 0.539869
vt 0.833483 0.539531
vt 0.960825 0.536203
vt 0.881727 0.543182
vt 0.325848 0.397229
vt 0.325848 0.380790
vt 0.326631 0.392978
vt 0.821598 0.537837
vt 0.852956 0.538958
vt 0.826637 0.537109
vt 0.799633 0.537600
vt 0.777688 0.536581
vt 0.848622 0.536562
vt 0.845602 0.531834
vt 0.767705 0.534125
vt 0.879429 0.534546
vt 0.839855 0.535685
vt 0.810360 0.535368
vt 0.307678 0.401931
vt 0.307292 0.391725
vt 0.307678 0.390818
vt 0.851797 0.535031
vt 0.830461 0.534801
vt 0.811006 0.534592
vt 0.793551 0.529707
vt 0.769588 0.534145
vt 0.861838 0.535140
vt 0.842461 0.531800
vt 0.774000 0.533410
vt 0.958656 0.527570
vt 0.765330 0.528620
vt 0.736842 0.523602
vt 0.862543 0.532016
vt 0.878782 0.535322
vt 0.774058 0.531062
vt 0.315226 0.389110
vt 0.863190 0.531240
vt 0.830518 0.532454
vt 0.806044 0.532190
vt 0.850031 0.530316
vt 0.810514 0.529107
vt 0.815650 0.524466
vt 0.817378 0.530747
vt 0.774096 0.529497
vt 0.842558 0.527887
vt 0.777920 0.527190
vt 0.868268 0.528947
vt 0.810552 0.527542
vt 0.808119 0.524385
vt 0.779271 0.523290
vt 0.740176 0.525996
vt 0.863286 0.527327
vt 0.795608 0.522684
vt 0.774173 0.526367
vt 0.862089 0.524966
vt 0.848264 0.525600
vt 0.769819 0.524755
vt 0.343515 0.395841
vt 0.345954 0.387470
vt 0.345954 0.410781
vt 0.862852 0.519495
vt 0.830692 0.525411
vt 0.848283 0.524817
vt 0.830731 0.523845
vt 0.808177 0.522037
vt 0.962860 0.523694
vt 0.965981 0.549537
vt 0.848321 0.523252
vt 0.356939 0.375287
vt 0.358190 0.368502
vt 0.359445 0.401317
vt 0.868423 0.522686
vt 0.848341 0.522470
vt 0.833926 0.521532
vt 0.774502 0.513063
vt 0.960122 0.517407
vt 0.848379 0.520905
vt 0.830827 0.519933
vt 0.746773 0.517461
vt 0.810803 0.517369
vt 0.769954 0.519277
vt 0.862987 0.514017
vt 0.833376 0.518395
vt 0.852222 0.517814
vt 0.845338 0.516958
vt 0.811450 0.516593
vt 0.753087 0.515964
vt 0.811469 0.515810
vt 0.780835 0.510783
vt 0.839729 0.515332
vt 0.957221 0.510338
vt 0.825942 0.514400
vt 0.822881 0.511236
vt 0.300949 0.425888
vt 0.292492 0.386622
vt 0.359445 0.360923
vt 0.853573 0.513916
vt 0.831059 0.510542
vt 0.805937 0.511054
vt 0.752595 0.510479
vt 0.863634 0.513241
vt 0.801013 0.507087
vt 0.740549 0.511126
vt 0.834389 0.502750
vt 0.828548 0.510515
vt 0.793977 0.512491
vt 0.831078 0.509759
vt 0.812937 0.507215
vt 0.863711 0.510111
vt 0.351511 0.424815
vt 0.351029 0.423956
vt 0.856827 0.509254
vt 0.778363 0.509191
vt 0.770224 0.508321
vt 0.752064 0.506559
vt 0.743847 0.508816
vt 0.717451 0.145620
vt 0.720166 0.129205
vt 0.829234 0.508174
vt 0.792227 0.506992
vt 0.770244 0.507538
vt 0.774675 0.506020
vt 0.853747 0.506873
vt 0.818073 0.502574
vt 0.794738 0.507019
vt 0.791696 0.503073
vt 0.853766 0.506090
vt 0.349359 0.426683
vt 0.347789 0.421146
vt 0.349359 0.419400
vt 0.834331 0.505098
vt 0.804209 0.504774
vt 0.774694 0.505238
vt 0.772831 0.504435
vt 0.873259 0.504734
vt 0.826878 0.501886
vt 0.796127 0.501554
vt 0.793125 0.496043
vt 0.774752 0.502890
vt 0.310070 0.394757
vt 0.311038 0.393526
vt 0.313940 0.404612
vt 0.853863 0.502177
vt 0.873298 0.503169
vt 0.755337 0.501115
vt 0.833153 0.501954
vt 0.832545 0.501165
vt 0.831898 0.501940
vt 0.831271 0.501934
vt 0.811266 0.498587
vt 0.772908 0.501305
vt 0.312005 0.392295
vt 0.873336 0.501604
vt 0.857020 0.501428
vt 0.774810 0.500542
vt 0.781066 0.501393
vt 0.872767 0.499250
vt 0.925481 0.499818
vt 0.313940 0.390818
vt 0.960685 0.493931
vt 0.854606 0.497488
vt 0.808737 0.499342
vt 0.772966 0.498957
vt 0.748491 0.498693
vt 0.815852 0.490809
vt 0.848997 0.495863
vt 0.750528 0.492453
vt 0.926186 0.496694
vt 0.860901 0.496774
vt 0.811913 0.497811
vt 0.873491 0.495344
vt 0.811971 0.495463
vt 0.335342 0.409585
vt 0.335101 0.407179
vt 0.335342 0.405632
vt 0.873452 0.496909
vt 0.849055 0.493515
vt 0.859744 0.492846
vt 0.926225 0.495129
vt 0.812010 0.493898
vt 0.756119 0.494862
vt 0.930675 0.492829
vt 0.898882 0.483876
vt 0.868509 0.493724
vt 0.873568 0.492213
vt 0.898670 0.492484
vt 0.924573 0.485718
vt 0.960867 0.486890
vt 0.926340 0.490434
vt 0.879882 0.490716
vt 0.869976 0.485128
vt 0.850464 0.487268
vt 0.720182 0.122160
vt 0.931988 0.490495
vt 0.923869 0.488842
vt 0.899375 0.489360
vt 0.820573 0.477552
vt 0.811594 0.485283
vt 0.812318 0.481377
vt 0.775196 0.484891
vt 0.755800 0.482334
vt 0.888803 0.485333
vt 0.780882 0.483388
vt 0.902648 0.483916
vt 0.761467 0.481612
vt 0.757721 0.480789
vt 0.886939 0.484530
vt 0.793453 0.482740
vt 0.770938 0.479366
vt 0.755819 0.481551
vt 0.895957 0.475234
vt 0.892645 0.482243
vt 0.853186 0.478687
vt 0.849363 0.480994
vt 0.762741 0.480843
vt 0.904057 0.477669
vt 0.849402 0.479429
vt 0.749736 0.473658
vt 0.894624 0.478350
vt 0.811749 0.479023
vt 0.861422 0.475644
vt 0.846341 0.476265
vt 0.811806 0.476675
vt 0.773506 0.477045
vt 0.900369 0.474499
vt 0.863952 0.474889
vt 0.821278 0.474429
vt 0.793646 0.474914
vt 0.759150 0.473759
vt 0.919746 0.477838
vt 0.910412 0.474606
vt 0.810590 0.475096
vt 0.926080 0.475559
vt 0.779231 0.473976
vt 0.899799 0.472144
vt 0.888445 0.474370
vt 0.836397 0.472244
vt 0.801196 0.474212
vt 0.742155 0.472788
vt 0.775505 0.472370
vt 0.924882 0.473197
vt 0.807510 0.472715
vt 0.928667 0.472455
vt 0.917351 0.473116
vt 0.892896 0.472070
vt 0.874127 0.469519
vt 0.843985 0.469977
vt 0.754226 0.469792
vt 0.948217 0.468752
vt 0.904211 0.471409
vt 0.823276 0.469754
vt 0.822668 0.468964
vt 0.789369 0.470171
vt 0.743583 0.467329
vt 0.892915 0.471287
vt 0.928705 0.470890
vt 0.891757 0.467361
vt 0.925645 0.467726
vt 0.863536 0.466274
vt 0.830198 0.469046
vt 0.823335 0.467406
vt 0.789407 0.468606
vt 0.874147 0.468736
vt 0.751204 0.465063
vt 0.913837 0.462902
vt 0.926919 0.466957
vt 0.903072 0.466700
vt 0.742480 0.459487
vt 0.926938 0.466174
vt 0.835296 0.465969
vt 0.939549 0.463962
vt 0.838492 0.463656
vt 0.893089 0.464244
vt 0.751319 0.460368
vt 0.307909 0.421123
vt 0.310975 0.416253
vt 0.312606 0.421123
vt 0.926977 0.464609
vt 0.874262 0.464041
vt 0.863140 0.456876
vt 0.846727 0.460613
vt 0.756301 0.461987
vt 0.949057 0.460151
vt 0.883695 0.463360
vt 0.830391 0.461220
vt 0.922111 0.458295
vt 0.932683 0.462322
vt 0.874320 0.461693
vt 0.963023 0.446988
vt 0.958581 0.455557
vt 0.933330 0.461547
vt 0.849961 0.456734
vt 0.830411 0.460437
vt 0.750199 0.454876
vt 0.927073 0.460696
vt 0.891930 0.460318
vt 0.847393 0.459055
vt 0.827920 0.459628
vt 0.307057 0.414339
vt 0.307657 0.406074
vt 0.812250 0.458676
vt 0.756436 0.456509
vt 0.812347 0.454763
vt 0.743474 0.445409
vt 0.934739 0.455300
vt 0.921010 0.452021
vt 0.945330 0.458545
vt 0.883888 0.455534
vt 0.863825 0.454535
vt 0.850000 0.455169
vt 0.943525 0.455394
vt 0.912775 0.455063
vt 0.855059 0.453658
vt 0.754611 0.454141
vt 0.923405 0.456743
vt 0.912794 0.454280
vt 0.892085 0.454057
vt 0.812404 0.452416
vt 0.956955 0.445364
vt 0.937288 0.453762
vt 0.893359 0.453288
vt 0.855078 0.452876
vt 0.912833 0.452715
vt 0.874571 0.451520
vt 0.858882 0.451351
vt 0.835663 0.451101
vt 0.919166 0.450435
vt 0.912321 0.448013
vt 0.904713 0.451062
vt 0.812443 0.450850
vt 0.754708 0.450228
vt 0.749707 0.449392
vt 0.949368 0.447629
vt 0.864569 0.449847
vt 0.830681 0.449481
vt 0.893436 0.450158
vt 0.801813 0.449170
vt 0.751609 0.448629
vt 0.918850 0.437907
vt 0.893475 0.448593
vt 0.874648 0.448390
vt 0.850154 0.448909
vt 0.847702 0.446534
vt 0.779887 0.447369
vt 0.754824 0.445533
vt 0.893494 0.447810
vt 0.878606 0.440605
vt 0.874667 0.447607
vt 0.847740 0.444969
vt 0.941265 0.445194
vt 0.912340 0.447230
vt 0.810049 0.446128
vt 0.884216 0.442231
vt 0.832679 0.444806
vt 0.779984 0.443456
vt 0.901749 0.443985
vt 0.874745 0.444477
vt 0.756745 0.443988
vt 0.911770 0.444876
vt 0.801948 0.443692
vt 0.751802 0.440804
vt 0.874764 0.443694
vt 0.858447 0.443519
vt 0.830835 0.443221
vt 0.780042 0.441108
vt 0.883646 0.439876
vt 0.768726 0.441769
vt 0.745686 0.433692
vt 0.764980 0.440946
vt 0.904964 0.440889
vt 0.829657 0.440077
vt 0.794514 0.439698
vt 0.943264 0.440519
vt 0.944558 0.438967
vt 0.858544 0.439606
vt 0.799592 0.437405
vt 0.879977 0.435922
vt 0.871761 0.438183
vt 0.870129 0.427989
vt 0.794533 0.438916
vt 0.776392 0.436372
vt 0.905022 0.438541
vt 0.756899 0.437728
vt 0.937065 0.437321
vt 0.883665 0.439094
vt 0.830400 0.435389
vt 0.884351 0.436753
vt 0.868034 0.436577
vt 0.808572 0.429674
vt 0.305628 0.433119
vt 0.304592 0.410003
vt 0.305628 0.403224
vt 0.947108 0.437429
vt 0.913218 0.437064
vt 0.809691 0.435165
vt 0.823459 0.436879
vt 0.797121 0.435813
vt 0.774548 0.434787
vt 0.940551 0.423269
vt 0.916395 0.435533
vt 0.859210 0.438047
vt 0.940380 0.430312
vt 0.927237 0.428604
vt 0.914570 0.433165
vt 0.313940 0.381978
vt 0.320568 0.389110
vt 0.813476 0.434423
vt 0.925847 0.434069
vt 0.782745 0.433309
vt 0.794041 0.433431
vt 0.776469 0.433242
vt 0.922747 0.432470
vt 0.928648 0.422359
vt 0.887604 0.432091
vt 0.787939 0.426320
vt 0.905195 0.431498
vt 0.922844 0.428557
vt 0.905253 0.429150
vt 0.898978 0.429083
vt 0.883936 0.428137
vt 0.338531 0.420946
vt 0.340322 0.418378
vt 0.340322 0.426889
vt 0.750441 0.419656
vt 0.955477 0.428909
vt 0.913488 0.426108
vt 0.776604 0.427764
vt 0.787862 0.429451
vt 0.936689 0.427141
vt 0.914879 0.420644
vt 0.905272 0.428368
vt 0.870815 0.425648
vt 0.776662 0.425416
vt 0.907840 0.426047
vt 0.900918 0.426755
vt 0.961739 0.425843
vt 0.783073 0.420006
vt 0.920392 0.426182
vt 0.751830 0.414190
vt 0.905428 0.422107
vt 0.953806 0.420280
vt 0.959395 0.421909
vt 0.965346 0.421183
vt 0.951239 0.422602
vt 0.938060 0.422459
vt 0.946218 0.422547
vt 0.905600 0.415064
vt 0.810291 0.410906
vt 0.783188 0.415310
vt 0.953237 0.417926
vt 0.940647 0.419356
vt 0.336118 0.385703
vt 0.334660 0.389364
vt 0.788209 0.415365
vt 0.331222 0.374467
vt 0.916896 0.415186
vt 0.940763 0.414660
vt 0.951431 0.414775
vt 0.916534 0.404223
vt 0.913189 0.412798
vt 0.785776 0.412207
vt 0.748355 0.400857
vt 0.933898 0.413021
vt 0.953541 0.399959
vt 0.949587 0.413190
vt 0.935877 0.409128
vt 0.915757 0.410477
vt 0.794639 0.409172
vt 0.949785 0.404590
vt 0.902578 0.410335
vt 0.809739 0.407769
vt 0.867474 0.408392
vt 0.755826 0.404840
vt 0.949017 0.410835
vt 0.947154 0.410033
vt 0.933995 0.409108
vt 0.783362 0.408267
vt 0.903244 0.408777
vt 0.790893 0.408349
vt 0.773470 0.401900
vt 0.901989 0.408763
vt 0.887761 0.397668
vt 0.808674 0.397604
vt 0.856199 0.407488
vt 0.861237 0.406760
vt 0.859982 0.406746
vt 0.795465 0.400579
vt 0.934185 0.400510
vt 0.922756 0.406639
vt 0.858891 0.396589
vt 0.780449 0.394978
vt 0.840699 0.396393
vt 0.764758 0.397903
vt 0.345954 0.389820
vt 0.349681 0.379475
vt 0.757176 0.392389
vt 0.913461 0.394859
vt 0.838743 0.393270
vt 0.778514 0.392621
s 1
usemtl Material
f 1/1/1 2/2/2 3/3/3
f 4/4/4 5/5/5 6/6/6
f 7/7/7 6/6/6 8/8/8
f 7/7/7 8/8/8 2/2/2
f 5/5/5 9/9/9 6/6/6
f 10/10/10 11/11/11 12/12/12
f 13/13/13 14/14/14 15/15/15
f 15/15/15 14/14/14 5/5/5
f 3/3/3 2/2/2 16/16/16
f 17/17/17 16/16/16 18/18/18
f 19/19/19 20/20/20 10/10/10
f 2/2/2 8/8/8 16/16/16
f 16/16/16 21/21/21 18/18/18
f 20/20/20 11/11/11 10/10/10
f 13/13/13 12/12/12 11/11/11
f 8/8/8 21/21/21 16/16/16
f 13/13/13 11/11/11 14/14/14
f 14/14/14 9/9/9 5/5/5
f 9/9/9 8/8/8 6/6/6
f 11/11/11 20/20/20 22/22/22
f 19/19/19 23/23/23 20/20/20
f 18/18/18 21/21/21 24/24/24
f 23/23/23 22/22/22 20/20/20
f 22/22/22 25/25/25 11/11/11
f 11/11/11 25/25/25 14/14/14
f 26/26/26 27/27/27 23/23/23
f 23/23/23 27/27/27 22/22/22
f 24/24/24 21/21/21 28/28/28
f 9/9/9 29/29/29 8/8/8
f 21/21/21 30/30/30 28/28/28
f 9/9/9 14/14/14 29/29/29
f 25/25/25 22/22/22 31/31/31
f 21/21/21 32/32/32 30/30/30
f 8/8/8 32/32/32 21/21/21
f 27/33/27 26/34/26 22/35/22
f 29/29/29 33/36/33 8/8/8
f 26/26/26 34/37/34 22/22/22
f 32/32/32 35/38/35 30/30/30
f 33/36/33 32/32/32 8/8/8
f 14/14/14 25/25/25 29/29/29
f 22/22/22 34/37/34 31/31/31
f 25/25/25 31/31/31 36/39/36
f 37/40/37 29/29/29 25/25/25
f 32/32/32 38/41/38 35/38/35
f 25/25/25 36/39/36 37/40/37
f 34/37/34 39/42/39 31/31/31
f 33/36/33 38/41/38 32/32/32
f 37/40/37 40/43/40 33/36/33
f 33/36/33 29/29/29 37/40/37
f 39/42/39 41/44/41 31/31/31
f 42/45/42 41/44/41 39/42/39
f 33/36/33 43/46/43 38/41/38
f 38/41/38 44/47/44 35/38/35
f 41/44/41 45/48/45 31/31/31
f 46/49/46 44/47/44 38/41/38
f 40/43/40 43/46/43 33/36/33
f 47/50/47 37/40/37 36/39/36
f 38/41/38 43/46/43 46/49/46
f 37/40/37 47/50/47 40/43/40
f 48/51/48 49/52/49 41/44/41
f 41/44/41 49/52/49 45/48/45
f 31/31/31 47/50/47 36/39/36
f 43/46/43 50/53/50 46/49/46
f 50/53/50 51/54/51 52/55/52
f 40/43/40 47/50/47 53/56/53
f 40/43/40 53/56/53 43/46/43
f 49/52/49 54/57/54 45/48/45
f 45/48/45 55/58/55 31/31/31
f 31/31/31 55/58/55 47/50/47
f 49/52/49 56/59/56 54/57/54
f 45/48/45 54/57/54 55/58/55
f 43/46/43 57/60/57 50/53/50
f 50/53/50 57/60/57 51/54/51
f 58/61/58 47/50/47 55/58/55
f 53/56/53 57/60/57 43/46/43
f 58/61/58 59/62/59 47/50/47
f 54/57/54 60/63/60 55/58/55
f 47/50/47 59/62/59 61/64/61
f 54/57/54 62/65/62 60/63/60
f 55/58/55 63/66/63 58/61/58
f 53/56/53 64/67/64 57/60/57
f 47/50/47 61/64/61 53/56/53
f 58/61/58 65/68/65 59/62/59
f 55/58/55 60/63/60 66/69/66
f 55/58/55 66/69/66 63/66/63
f 58/61/58 63/66/63 65/68/65
f 67/70/67 61/64/61 59/62/59
f 68/71/68 61/64/61 67/70/67
f 68/71/68 53/56/53 61/64/61
f 69/72/69 64/67/64 53/56/53
f 1/1/1 3/3/3 70/73/70
f 71/74/71 12/12/12 72/75/72
f 73/76/73 15/15/15 74/77/74
f 74/77/74 15/15/15 75/78/75
f 76/79/76 7/7/7 1/1/1
f 71/74/71 77/80/77 12/12/12
f 3/3/3 16/16/16 70/73/70
f 70/73/70 16/16/16 17/17/17
f 78/81/78 17/17/17 79/82/79
f 77/80/77 10/10/10 12/12/12
f 15/15/15 73/76/73 13/13/13
f 75/78/75 15/15/15 4/4/4
f 7/7/7 2/2/2 1/1/1
f 73/76/73 12/12/12 13/13/13
f 5/5/5 4/4/4 15/15/15
f 7/7/7 4/4/4 6/6/6
f 17/17/17 18/18/18 79/82/79
f 80/83/80 79/82/79 81/84/81
f 19/19/19 77/80/77 82/85/82
f 10/10/10 77/80/77 19/19/19
f 79/82/79 18/18/18 81/84/81
f 18/18/18 24/24/24 81/84/81
f 24/86/24 83/87/83 81/88/81
f 84/89/84 26/26/26 19/19/19
f 24/86/24 28/90/28 83/87/83
f 19/19/19 26/26/26 23/23/23
f 28/90/28 85/91/85 83/87/83
f 30/30/30 85/92/85 28/28/28
f 30/30/30 86/93/86 85/92/85
f 30/94/30 35/95/35 86/96/86
f 87/97/87 85/91/85 86/96/86
f 26/26/26 88/98/88 34/37/34
f 88/98/88 89/99/89 34/37/34
f 89/99/89 39/42/39 34/37/34
f 86/96/86 35/95/35 90/100/90
f 35/95/35 91/101/91 90/100/90
f 92/102/92 42/45/42 89/99/89
f 89/99/89 42/45/42 39/42/39
f 35/95/35 44/103/44 91/101/91
f 42/45/42 93/104/93 41/44/41
f 48/51/48 93/104/93 94/105/94
f 93/104/93 48/51/48 41/44/41
f 46/106/46 95/107/95 44/103/44
f 46/106/46 52/108/52 95/107/95
f 49/52/49 48/51/48 96/109/96
f 46/106/46 50/110/50 52/108/52
f 49/52/49 96/109/96 56/59/56
f 96/109/96 97/111/97 56/59/56
f 57/112/57 98/113/98 51/114/51
f 56/59/56 62/65/62 54/57/54
f 97/111/97 62/65/62 56/59/56
f 57/60/57 99/115/99 98/116/98
f 64/67/64 99/115/99 57/60/57
f 68/71/68 69/72/69 53/56/53
f 97/111/97 100/117/100 62/65/62
f 62/65/62 100/117/100 60/63/60
f 101/118/101 99/115/99 64/67/64
f 102/119/102 66/69/66 60/63/60
f 63/66/63 103/120/103 65/68/65
f 65/68/65 104/121/104 59/62/59
f 104/121/104 67/70/67 59/62/59
f 64/67/64 105/122/105 101/118/101
f 66/69/66 103/120/103 63/66/63
f 100/117/100 106/123/106 60/63/60
f 65/68/65 103/120/103 104/121/104
f 68/71/68 67/70/67 107/124/107
f 69/72/69 105/122/105 64/67/64
f 60/63/60 108/125/108 102/119/102
f 107/124/107 67/70/67 109/126/109
f 68/71/68 107/124/107 69/72/69
f 1/1/1 70/73/70 110/127/110
f 75/78/75 111/128/111 74/77/74
f 4/4/4 112/129/112 113/130/113
f 74/77/74 72/75/72 73/76/73
f 76/79/76 1/1/1 110/127/110
f 114/131/114 17/17/17 78/81/78
f 113/130/113 111/128/111 75/78/75
f 112/129/112 4/4/4 7/7/7
f 115/132/115 7/7/7 76/79/76
f 114/131/114 70/73/70 17/17/17
f 116/133/116 77/80/77 71/74/71
f 72/75/72 12/12/12 73/76/73
f 75/78/75 4/4/4 113/130/113
f 78/81/78 79/82/79 117/134/117
f 117/134/117 79/82/79 80/83/80
f 116/133/116 82/85/82 77/80/77
f 80/135/80 81/88/81 118/136/118
f 118/136/118 81/88/81 119/137/119
f 82/85/82 84/89/84 19/19/19
f 119/137/119 81/88/81 83/87/83
f 119/137/119 83/87/83 120/138/120
f 120/138/120 83/87/83 121/139/121
f 83/87/83 85/91/85 121/139/121
f 122/140/122 88/98/88 26/26/26
f 85/91/85 87/97/87 121/139/121
f 92/102/92 89/99/89 88/98/88
f 86/96/86 90/100/90 123/141/123
f 92/102/92 94/105/94 42/45/42
f 91/101/91 124/142/124 90/100/90
f 94/105/94 93/104/93 42/45/42
f 91/101/91 44/103/44 124/142/124
f 94/105/94 125/143/125 48/51/48
f 48/51/48 126/144/126 96/109/96
f 52/108/52 127/145/127 95/107/95
f 126/144/126 128/146/128 96/109/96
f 51/114/51 127/145/127 52/108/52
f 51/114/51 129/147/129 127/145/127
f 51/114/51 98/113/98 129/147/129
f 128/146/128 97/111/97 96/109/96
f 98/113/98 130/148/130 131/149/131
f 99/115/99 130/150/130 98/116/98
f 97/111/97 132/151/132 100/117/100
f 101/118/101 133/152/133 99/115/99
f 133/152/133 130/150/130 99/115/99
f 60/63/60 106/123/106 108/125/108
f 66/69/66 134/153/134 103/120/103
f 67/70/67 104/121/104 135/154/135
f 69/72/69 136/155/136 105/122/105
f 104/121/104 103/120/103 137/156/137
f 101/118/101 136/155/136 133/152/133
f 108/125/108 138/157/138 102/119/102
f 102/119/102 134/153/134 66/69/66
f 103/120/103 134/153/134 137/156/137
f 107/124/107 109/126/109 139/158/139
f 105/122/105 136/155/136 101/118/101
f 112/129/112 115/132/115 140/159/140
f 141/160/141 71/74/71 142/161/142
f 143/162/143 111/128/111 113/130/113
f 113/130/113 112/129/112 140/159/140
f 76/79/76 110/127/110 144/163/144
f 112/129/112 7/7/7 115/132/115
f 141/160/141 116/133/116 71/74/71
f 145/164/145 116/133/116 146/165/146
f 147/166/147 82/85/82 145/164/145
f 145/164/145 82/85/82 116/133/116
f 80/135/80 118/136/118 117/167/117
f 148/168/148 84/89/84 82/85/82
f 118/136/118 119/137/119 149/169/149
f 150/170/150 151/171/151 122/140/122
f 150/170/150 122/140/122 84/89/84
f 84/89/84 122/140/122 26/26/26
f 121/139/121 87/97/87 152/172/152
f 122/140/122 153/173/153 88/98/88
f 153/173/153 154/174/154 88/98/88
f 88/98/88 154/174/154 92/102/92
f 86/96/86 123/141/123 87/97/87
f 92/102/92 155/175/155 94/105/94
f 90/100/90 124/142/124 123/141/123
f 44/103/44 95/107/95 124/142/124
f 125/143/125 126/144/126 48/51/48
f 126/144/126 156/176/156 128/146/128
f 127/145/127 157/177/157 158/178/158
f 129/147/129 98/113/98 159/179/159
f 128/146/128 160/180/160 97/111/97
f 98/113/98 131/149/131 159/179/159
f 160/180/160 132/151/132 97/111/97
f 132/151/132 161/181/161 100/117/100
f 133/152/133 162/182/162 130/150/130
f 161/181/161 106/123/106 100/117/100
f 138/157/138 134/153/134 102/119/102
f 107/124/107 136/155/136 69/72/69
f 106/123/106 163/183/163 108/125/108
f 134/153/134 164/184/164 137/156/137
f 67/70/67 135/154/135 109/126/109
f 107/124/107 139/158/139 136/155/136
f 108/125/108 163/183/163 138/157/138
f 109/126/109 165/185/165 139/158/139
f 166/186/166 74/77/74 167/187/167
f 115/132/115 76/79/76 168/188/168
f 166/186/166 71/74/71 72/75/72
f 114/131/114 110/127/110 70/73/70
f 115/132/115 169/189/169 140/159/140
f 76/79/76 144/163/144 168/188/168
f 170/190/170 114/131/114 78/81/78
f 170/190/170 78/81/78 117/134/117
f 74/77/74 166/186/166 72/75/72
f 146/165/146 116/133/116 141/160/141
f 171/191/171 147/166/147 145/164/145
f 172/192/172 173/193/173 118/136/118
f 118/136/118 149/169/149 172/192/172
f 82/85/82 147/166/147 148/168/148
f 119/137/119 120/138/120 149/169/149
f 120/138/120 174/194/174 149/169/149
f 120/138/120 121/139/121 152/172/152
f 87/97/87 175/195/175 152/172/152
f 154/174/154 176/196/176 92/102/92
f 155/175/155 177/197/177 94/105/94
f 124/142/124 178/198/178 123/141/123
f 94/105/94 179/199/179 125/143/125
f 124/142/124 95/107/95 180/200/180
f 95/107/95 127/145/127 181/201/181
f 158/178/158 181/201/181 127/145/127
f 158/178/158 157/177/157 182/202/182
f 127/145/127 129/147/129 157/177/157
f 156/176/156 183/203/183 128/146/128
f 156/176/156 184/204/184 183/203/183
f 159/179/159 185/205/185 129/147/129
f 128/146/128 183/203/183 160/180/160
f 183/203/183 186/206/186 160/180/160
f 131/149/131 187/207/187 159/179/159
f 160/180/160 188/208/188 132/151/132
f 131/149/131 130/148/130 187/207/187
f 132/151/132 189/209/189 161/181/161
f 106/123/106 190/210/190 163/183/163
f 137/156/137 135/154/135 104/121/104
f 136/155/136 191/211/191 133/152/133
f 134/153/134 138/157/138 192/212/192
f 133/152/133 191/211/191 162/182/162
f 109/126/109 135/154/135 193/213/193
f 138/157/138 163/183/163 194/214/194
f 134/153/134 192/212/192 164/184/164
f 137/156/137 164/184/164 195/215/195
f 137/156/137 196/216/196 135/154/135
f 139/158/139 191/211/191 136/155/136
f 74/77/74 197/217/197 167/187/167
f 111/128/111 197/217/197 74/77/74
f 111/128/111 143/162/143 197/217/197
f 198/218/198 143/162/143 140/159/140
f 115/132/115 168/188/168 169/189/169
f 110/127/110 114/131/114 170/190/170
f 166/186/166 142/161/142 71/74/71
f 113/130/113 140/159/140 143/162/143
f 199/219/199 146/165/146 141/160/141
f 200/220/200 117/167/117 201/221/201
f 171/191/171 145/164/145 146/165/146
f 117/167/117 118/136/118 201/221/201
f 201/221/201 118/136/118 173/193/173
f 147/166/147 202/222/202 148/168/148
f 148/168/148 203/223/203 150/170/150
f 148/168/148 150/170/150 84/89/84
f 149/169/149 174/194/174 204/224/204
f 120/138/120 152/172/152 174/194/174
f 151/171/151 153/173/153 122/140/122
f 153/173/153 176/196/176 154/174/154
f 87/97/87 123/141/123 175/195/175
f 92/102/92 176/196/176 155/175/155
f 205/225/205 179/199/179 177/197/177
f 177/197/177 179/199/179 94/105/94
f 181/201/181 180/200/180 95/107/95
f 125/143/125 206/226/206 126/144/126
f 126/144/126 206/226/206 156/176/156
f 206/226/206 207/227/207 156/176/156
f 184/204/184 186/206/186 183/203/183
f 208/228/208 188/208/188 160/180/160
f 132/151/132 188/208/188 189/209/189
f 130/148/130 162/229/162 187/207/187
f 161/181/161 189/209/189 190/210/190
f 161/181/161 190/210/190 106/123/106
f 191/211/191 209/230/209 162/182/162
f 210/231/210 211/232/211 190/210/190
f 190/210/190 211/232/211 163/183/163
f 138/157/138 194/214/194 192/212/192
f 135/154/135 196/216/196 193/213/193
f 109/126/109 193/213/193 165/185/165
f 165/185/165 212/233/212 139/158/139
f 142/161/142 166/186/166 213/234/213
f 214/235/214 110/127/110 170/190/170
f 197/217/197 143/162/143 198/218/198
f 199/219/199 141/160/141 215/236/215
f 215/236/215 141/160/141 142/161/142
f 117/134/117 200/237/200 170/190/170
f 216/238/216 146/165/146 199/219/199
f 146/165/146 216/238/216 171/191/171
f 202/222/202 147/166/147 171/191/171
f 202/222/202 217/239/217 148/168/148
f 217/239/217 203/223/203 148/168/148
f 172/192/172 149/169/149 204/224/204
f 151/171/151 150/170/150 203/223/203
f 174/194/174 152/172/152 218/240/218
f 219/241/219 155/175/155 176/196/176
f 155/175/155 205/225/205 177/197/177
f 124/142/124 180/200/180 178/198/178
f 179/199/179 206/226/206 125/143/125
f 158/178/158 220/242/220 181/201/181
f 158/178/158 182/202/182 220/242/220
f 156/176/156 207/227/207 184/204/184
f 129/147/129 185/205/185 157/177/157
f 157/177/157 185/205/185 221/243/221
f 159/179/159 222/244/222 185/205/185
f 208/228/208 160/180/160 186/206/186
f 159/179/159 187/207/187 222/244/222
f 208/228/208 223/245/223 188/208/188
f 188/208/188 223/245/223 189/209/189
f 162/229/162 224/246/224 187/207/187
f 162/182/162 209/230/209 225/247/225
f 189/209/189 210/231/210 190/210/190
f 195/215/195 196/216/196 137/156/137
f 139/158/139 212/233/212 191/211/191
f 163/183/163 226/248/226 194/214/194
f 193/213/193 227/249/227 165/185/165
f 213/234/213 166/186/166 228/250/228
f 110/127/110 214/235/214 229/251/229
f 170/190/170 230/252/230 214/235/214
f 215/236/215 142/161/142 231/253/231
f 213/234/213 231/253/231 142/161/142
f 166/186/166 167/187/167 228/250/228
f 229/251/229 144/163/144 110/127/110
f 140/159/140 169/189/169 198/218/198
f 170/254/170 200/220/200 232/255/232
f 173/193/173 172/192/172 233/256/233
f 172/192/172 204/224/204 233/256/233
f 234/257/234 151/171/151 203/223/203
f 151/171/151 235/258/235 153/173/153
f 152/172/152 175/195/175 218/240/218
f 236/259/236 176/196/176 153/173/153
f 123/141/123 178/198/178 237/260/237
f 155/175/155 238/261/238 205/225/205
f 239/262/239 206/226/206 179/199/179
f 180/200/180 181/201/181 220/242/220
f 182/202/182 157/177/157 221/243/221
f 185/205/185 240/263/240 221/243/221
f 241/264/241 186/206/186 184/204/184
f 241/264/241 242/265/242 186/206/186
f 185/205/185 243/266/243 240/263/240
f 186/206/186 244/267/244 208/228/208
f 185/205/185 222/244/222 243/266/243
f 187/207/187 245/268/245 222/244/222
f 225/269/225 224/246/224 162/229/162
f 163/183/163 211/232/211 226/248/226
f 191/211/191 246/270/246 209/230/209
f 195/215/195 247/271/247 196/216/196
f 196/216/196 248/272/248 193/213/193
f 191/211/191 212/233/212 249/273/249
f 191/211/191 249/273/249 246/270/246
f 194/214/194 250/274/250 192/212/192
f 192/212/192 195/215/195 164/184/164
f 165/185/165 227/249/227 251/275/251
f 165/185/165 251/275/251 212/233/212
f 252/276/252 213/234/213 228/250/228
f 144/163/144 229/251/229 253/277/253
f 254/278/254 198/218/198 169/189/169
f 198/218/198 254/278/254 197/217/197
f 168/188/168 144/163/144 255/279/255
f 230/252/230 170/190/170 256/280/256
f 257/281/257 199/219/199 215/236/215
f 200/220/200 258/282/258 232/255/232
f 257/281/257 216/238/216 199/219/199
f 200/220/200 201/221/201 258/282/258
f 201/221/201 173/193/173 259/283/259
f 173/193/173 260/284/260 259/283/259
f 261/285/261 202/222/202 171/191/171
f 173/193/173 233/256/233 262/286/262
f 261/285/261 217/239/217 202/222/202
f 203/223/203 217/239/217 234/257/234
f 204/224/204 263/287/263 233/256/233
f 204/224/204 174/194/174 263/287/263
f 234/257/234 264/288/264 151/171/151
f 174/194/174 265/289/265 263/287/263
f 174/194/174 218/240/218 265/289/265
f 264/288/264 235/258/235 151/171/151
f 235/258/235 236/259/236 153/173/153
f 175/195/175 266/290/266 218/240/218
f 236/259/236 219/241/219 176/196/176
f 175/195/175 123/141/123 266/290/266
f 219/241/219 238/261/238 155/175/155
f 267/291/267 205/225/205 238/261/238
f 267/291/267 239/262/239 205/225/205
f 178/198/178 180/200/180 268/292/268
f 239/262/239 179/199/179 205/225/205
f 269/293/269 206/226/206 239/262/239
f 270/294/270 207/227/207 206/226/206
f 220/242/220 182/202/182 271/295/271
f 207/227/207 270/294/270 184/204/184
f 272/296/272 184/204/184 270/294/270
f 241/264/241 184/204/184 272/296/272
f 187/207/187 224/246/224 245/268/245
f 189/209/189 223/245/223 273/297/273
f 274/298/274 224/246/224 225/269/225
f 275/299/275 210/231/210 189/209/189
f 246/270/246 225/247/225 209/230/209
f 192/212/192 276/300/276 277/301/277
f 278/302/278 246/270/246 249/273/249
f 226/248/226 250/274/250 194/214/194
f 277/301/277 195/215/195 192/212/192
f 279/303/279 196/216/196 247/271/247
f 279/303/279 248/272/248 196/216/196
f 248/272/248 227/249/227 193/213/193
f 231/253/231 213/234/213 280/304/280
f 228/250/228 167/187/167 254/278/254
f 281/305/281 254/278/254 169/189/169
f 253/277/253 255/279/255 144/163/144
f 215/236/215 231/253/231 282/306/282
f 197/217/197 254/278/254 167/187/167
f 168/188/168 255/279/255 169/189/169
f 170/190/170 232/307/232 256/280/256
f 283/308/283 216/238/216 257/281/257
f 283/308/283 171/191/171 216/238/216
f 259/283/259 258/282/258 201/221/201
f 173/193/173 262/286/262 260/284/260
f 217/239/217 284/309/284 234/257/234
f 233/256/233 263/287/263 265/289/265
f 234/257/234 235/258/235 264/288/264
f 218/240/218 285/310/285 286/311/286
f 287/312/287 218/240/218 266/290/266
f 236/259/236 288/313/288 219/241/219
f 123/141/123 237/260/237 266/290/266
f 268/292/268 237/260/237 178/198/178
f 180/200/180 289/314/289 268/292/268
f 220/242/220 289/314/289 180/200/180
f 271/295/271 182/202/182 290/315/290
f 182/202/182 221/243/221 291/316/291
f 221/243/221 240/263/240 291/316/291
f 240/263/240 292/317/292 291/316/291
f 240/263/240 243/266/243 292/317/292
f 242/265/242 244/267/244 186/206/186
f 222/244/222 245/268/245 243/266/243
f 293/318/293 273/297/273 223/245/223
f 189/209/189 273/297/273 275/299/275
f 294/319/294 210/231/210 275/299/275
f 225/269/225 246/320/246 274/298/274
f 210/231/210 295/321/295 211/232/211
f 195/215/195 277/301/277 247/271/247
f 229/251/229 214/235/214 296/322/296
f 282/306/282 231/253/231 280/304/280
f 297/323/297 228/250/228 254/278/254
f 281/305/281 169/189/169 255/279/255
f 296/322/296 214/235/214 230/252/230
f 257/281/257 215/236/215 298/324/298
f 258/282/258 259/283/259 299/325/299
f 300/326/300 261/285/261 171/191/171
f 262/286/262 233/256/233 301/327/301
f 261/285/261 284/309/284 217/239/217
f 233/256/233 265/289/265 301/327/301
f 218/240/218 302/328/302 265/289/265
f 218/240/218 286/311/286 302/328/302
f 218/240/218 287/312/287 285/310/285
f 266/290/266 285/310/285 287/312/287
f 219/241/219 303/329/303 238/261/238
f 237/260/237 304/330/304 266/290/266
f 267/291/267 305/331/305 239/262/239
f 239/262/239 305/331/305 269/293/269
f 220/242/220 306/332/306 307/333/307
f 269/293/269 308/334/308 206/226/206
f 306/332/306 220/242/220 271/295/271
f 206/226/206 308/334/308 270/294/270
f 290/315/290 182/202/182 291/316/291
f 309/335/309 242/265/242 272/296/272
f 272/296/272 242/265/242 241/264/241
f 245/268/245 310/336/310 243/266/243
f 208/228/208 293/318/293 223/245/223
f 224/246/224 311/337/311 245/268/245
f 210/231/210 294/319/294 295/321/295
f 246/320/246 312/338/312 274/298/274
f 211/232/211 295/321/295 313/339/313
f 211/232/211 313/339/313 226/248/226
f 248/272/248 314/340/314 227/249/227
f 314/340/314 251/275/251 227/249/227
f 192/212/192 250/274/250 276/300/276
f 279/303/279 247/271/247 315/341/315
f 212/233/212 251/275/251 316/342/316
f 249/273/249 212/233/212 316/342/316
f 249/273/249 317/343/317 278/302/278
f 281/305/281 318/344/318 254/278/254
f 253/277/253 229/251/229 319/345/319
f 213/234/213 252/276/252 280/304/280
f 228/250/228 320/346/320 252/276/252
f 230/252/230 256/280/256 296/322/296
f 282/306/282 298/324/298 215/236/215
f 232/255/232 321/347/321 256/348/256
f 232/255/232 258/282/258 321/347/321
f 171/191/171 283/308/283 300/326/300
f 262/286/262 301/327/301 322/349/322
f 323/350/323 284/309/284 261/285/261
f 302/328/302 324/351/324 265/289/265
f 235/258/235 325/352/325 236/259/236
f 288/313/288 236/259/236 325/352/325
f 288/313/288 303/329/303 219/241/219
f 268/292/268 326/353/326 237/260/237
f 289/314/289 326/353/326 268/292/268
f 327/354/327 305/331/305 267/291/267
f 289/314/289 220/242/220 307/333/307
f 271/295/271 328/355/328 306/332/306
f 328/355/328 271/295/271 290/315/290
f 308/334/308 272/296/272 270/294/270
f 329/356/329 290/315/290 291/316/291
f 291/316/291 292/317/292 330/357/330
f 243/266/243 310/336/310 292/317/292
f 244/267/244 331/358/331 208/228/208
f 208/228/208 331/358/331 293/318/293
f 224/246/224 274/298/274 311/337/311
f 273/297/273 293/318/293 332/359/332
f 273/297/273 332/359/332 275/299/275
f 333/360/333 274/298/274 312/338/312
f 246/320/246 278/361/278 312/338/312
f 226/248/226 313/339/313 250/274/250
f 334/362/334 277/301/277 276/300/276
f 316/342/316 317/343/317 249/273/249
f 335/363/335 276/300/276 250/274/250
f 336/364/336 248/272/248 337/365/337
f 336/364/336 251/275/251 314/340/314
f 229/251/229 296/322/296 338/366/338
f 320/346/320 228/250/228 297/323/297
f 339/367/339 255/279/255 253/277/253
f 296/322/296 256/280/256 340/368/340
f 298/324/298 282/306/282 341/369/341
f 257/281/257 298/324/298 283/308/283
f 321/347/321 258/282/258 299/325/299
f 283/308/283 342/370/342 300/326/300
f 259/283/259 260/284/260 343/371/343
f 343/371/343 260/284/260 262/286/262
f 322/349/322 343/371/343 262/286/262
f 322/349/322 301/327/301 344/372/344
f 345/373/345 234/257/234 284/309/284
f 344/372/344 301/327/301 265/289/265
f 344/372/344 265/289/265 324/351/324
f 346/374/346 235/258/235 234/257/234
f 324/351/324 302/328/302 347/375/347
f 348/376/348 302/328/302 286/311/286
f 285/310/285 266/290/266 349/377/349
f 350/378/350 327/354/327 267/291/267
f 305/331/305 308/334/308 269/293/269
f 307/333/307 306/332/306 351/379/351
f 309/335/309 352/380/352 242/265/242
f 242/265/242 352/380/352 244/267/244
f 245/268/245 311/337/311 353/381/353
f 311/337/311 274/298/274 333/360/333
f 354/382/354 294/319/294 275/299/275
f 294/319/294 355/383/355 295/321/295
f 317/343/317 312/384/312 278/302/278
f 250/274/250 313/339/313 356/385/356
f 277/301/277 315/341/315 247/271/247
f 248/272/248 357/386/357 337/365/337
f 251/275/251 358/387/358 316/342/316
f 279/303/279 357/386/357 248/272/248
f 319/345/319 229/251/229 338/366/338
f 280/304/280 252/276/252 320/346/320
f 297/323/297 254/278/254 318/344/318
f 359/388/359 255/279/255 339/367/339
f 281/305/281 255/279/255 359/388/359
f 339/367/339 253/277/253 319/345/319
f 340/389/340 256/390/256 360/391/360
f 361/392/361 256/348/256 321/347/321
f 283/308/283 298/324/298 362/393/362
f 259/283/259 343/371/343 299/325/299
f 363/394/363 300/326/300 342/370/342
f 363/394/363 261/285/261 300/326/300
f 323/350/323 345/373/345 284/309/284
f 345/373/345 364/395/364 234/257/234
f 364/395/364 346/374/346 234/257/234
f 347/375/347 302/328/302 348/376/348
f 365/396/365 325/352/325 235/258/235
f 304/330/304 349/377/349 266/290/266
f 326/353/326 304/330/304 237/260/237
f 303/329/303 350/378/350 238/261/238
f 350/378/350 267/291/267 238/261/238
f 289/314/289 307/333/307 366/397/366
f 305/331/305 367/398/367 308/334/308
f 290/315/290 329/356/329 328/355/328
f 291/316/291 330/357/330 329/356/329
f 352/380/352 368/399/368 244/267/244
f 310/336/310 369/400/369 370/401/370
f 244/267/244 368/399/368 331/358/331
f 310/336/310 245/268/245 369/400/369
f 332/359/332 354/382/354 275/299/275
f 312/338/312 371/402/371 333/360/333
f 295/321/295 372/403/372 313/339/313
f 295/321/295 355/383/355 372/403/372
f 356/385/356 335/363/335 250/274/250
f 248/272/248 336/364/336 314/340/314
f 251/275/251 336/364/336 373/404/373
f 251/275/251 373/404/373 358/387/358
f 280/304/280 374/405/374 341/369/341
f 280/304/280 341/369/341 282/306/282
f 320/406/320 297/407/297 375/408/375
f 281/305/281 359/388/359 318/344/318
f 340/368/340 338/366/338 296/322/296
f 361/409/361 360/410/360 256/411/256
f 321/347/321 299/325/299 376/412/376
f 362/393/362 377/413/377 283/308/283
f 376/412/376 299/325/299 378/414/378
f 379/415/379 342/370/342 377/413/377
f 377/413/377 342/370/342 283/308/283
f 299/325/299 343/371/343 380/416/380
f 363/394/363 323/350/323 261/285/261
f 381/417/381 343/371/343 322/349/322
f 382/418/382 345/373/345 323/350/323
f 324/351/324 347/375/347 383/419/383
f 346/374/346 365/396/365 235/258/235
f 365/396/365 384/420/384 325/352/325
f 285/310/285 349/377/349 385/421/385
f 325/352/325 386/422/386 288/313/288
f 326/353/326 289/314/289 387/423/387
f 307/333/307 351/379/351 388/424/388
f 306/332/306 388/424/388 351/379/351
f 328/355/328 388/424/388 306/332/306
f 389/425/389 328/355/328 329/356/329
f 308/334/308 390/426/390 272/296/272
f 390/426/390 309/335/309 272/296/272
f 292/317/292 391/427/391 330/357/330
f 292/317/292 310/336/310 391/427/391
f 391/427/391 310/336/310 392/428/392
f 310/336/310 370/401/370 392/428/392
f 353/381/353 369/400/369 245/268/245
f 393/429/393 354/382/354 332/359/332
f 312/430/312 394/431/394 371/432/371
f 335/363/335 395/433/395 276/300/276
f 395/433/395 334/362/334 276/300/276
f 396/434/396 315/341/315 277/301/277
f 315/341/315 397/435/397 279/303/279
f 397/435/397 398/436/398 279/303/279
f 317/437/317 394/431/394 312/430/312
f 372/403/372 399/438/399 313/339/313
f 277/301/277 334/362/334 396/434/396
f 337/439/337 400/440/400 401/441/401
f 337/365/337 401/442/401 336/364/336
f 316/342/316 402/443/402 317/343/317
f 403/444/403 374/445/374 320/406/320
f 319/446/319 404/447/404 339/448/339
f 320/406/320 374/445/374 280/449/280
f 359/450/359 339/448/339 405/451/405
f 406/452/406 338/453/338 340/454/340
f 298/324/298 341/369/341 407/455/407
f 298/324/298 407/455/407 362/393/362
f 299/325/299 380/416/380 378/414/378
f 343/371/343 381/417/381 380/416/380
f 322/349/322 408/456/408 409/457/409
f 345/373/345 382/418/382 410/458/410
f 322/349/322 344/372/344 408/456/408
f 344/372/344 324/351/324 383/419/383
f 348/376/348 286/311/286 347/375/347
f 286/311/286 411/459/411 347/375/347
f 384/420/384 386/422/386 325/352/325
f 349/377/349 304/330/304 412/460/412
f 288/313/288 413/461/413 303/329/303
f 413/461/413 350/378/350 303/329/303
f 307/333/307 388/424/388 366/397/366
f 390/426/390 414/462/414 309/335/309
f 309/335/309 415/463/415 352/380/352
f 368/399/368 416/464/416 331/358/331
f 331/358/331 416/464/416 417/465/417
f 331/358/331 417/465/417 293/318/293
f 353/381/353 311/337/311 418/466/418
f 293/318/293 417/465/417 332/359/332
f 294/319/294 354/382/354 355/383/355
f 394/431/394 419/467/419 371/432/371
f 313/339/313 399/438/399 356/385/356
f 356/468/356 399/469/399 335/470/335
f 358/471/358 420/472/420 316/473/316
f 316/342/316 420/474/420 402/443/402
f 402/475/402 421/476/421 317/437/317
f 317/437/317 421/476/421 394/431/394
f 422/477/422 338/453/338 423/478/423
f 318/479/318 359/450/359 424/480/424
f 359/450/359 405/451/405 424/480/424
f 338/453/338 422/477/422 319/446/319
f 297/407/297 318/479/318 425/481/425
f 360/482/360 361/483/361 426/484/426
f 427/485/427 321/347/321 376/412/376
f 380/416/380 428/486/428 378/414/378
f 380/416/380 381/417/381 428/486/428
f 363/394/363 382/418/382 323/350/323
f 322/349/322 409/457/409 381/417/381
f 364/395/364 365/396/365 346/374/346
f 285/310/285 385/421/385 286/311/286
f 384/420/384 429/487/429 386/422/386
f 288/313/288 386/422/386 413/461/413
f 289/314/289 366/397/366 387/423/387
f 367/398/367 305/331/305 327/354/327
f 329/356/329 430/488/430 389/425/389
f 330/357/330 431/489/431 329/356/329
f 330/357/330 391/427/391 431/489/431
f 432/490/432 368/399/368 352/380/352
f 353/381/353 418/466/418 369/400/369
f 433/491/433 434/492/434 354/382/354
f 354/382/354 434/492/434 355/383/355
f 419/467/419 435/493/435 371/432/371
f 334/494/334 395/495/395 396/496/396
f 396/496/396 436/497/436 315/498/315
f 398/499/398 437/500/437 279/501/279
f 437/500/437 357/502/357 279/501/279
f 315/341/315 436/503/436 397/435/397
f 357/502/357 400/440/400 337/439/337
f 401/441/401 438/504/438 336/505/336
f 373/506/373 336/505/336 438/504/438
f 403/444/403 320/406/320 375/408/375
f 375/408/375 297/407/297 425/481/425
f 425/481/425 318/479/318 439/507/439
f 422/477/422 404/447/404 319/446/319
f 406/452/406 423/478/423 338/453/338
f 340/454/340 360/482/360 406/452/406
f 341/369/341 440/508/440 407/455/407
f 362/393/362 407/455/407 441/509/441
f 321/347/321 426/510/426 361/392/361
f 321/347/321 427/485/427 426/510/426
f 377/413/377 362/393/362 441/509/441
f 363/394/363 442/511/442 382/418/382
f 410/458/410 364/395/364 345/373/345
f 286/311/286 443/512/443 444/513/444
f 365/396/365 429/487/429 384/420/384
f 326/353/326 387/423/387 304/330/304
f 366/397/366 445/514/445 387/423/387
f 328/355/328 389/425/389 388/424/388
f 367/398/367 390/426/390 308/334/308
f 431/489/431 430/488/430 329/356/329
f 414/462/414 415/463/415 309/335/309
f 368/399/368 446/515/446 416/464/416
f 369/400/369 418/466/418 370/401/370
f 418/466/418 311/337/311 447/516/447
f 311/337/311 333/360/333 447/516/447
f 417/465/417 393/429/393 332/359/332
f 371/402/371 435/517/435 333/360/333
f 435/517/435 448/518/448 333/360/333
f 394/431/394 449/519/449 419/467/419
f 355/383/355 450/520/450 372/403/372
f 395/495/395 436/497/436 396/496/396
f 394/431/394 421/476/421 449/519/449
f 358/471/358 373/506/373 420/472/420
f 402/475/402 420/472/420 421/476/421
f 451/521/451 341/522/341 374/445/374
f 452/523/452 375/408/375 425/481/425
f 439/507/439 318/479/318 424/480/424
f 453/524/453 423/478/423 406/452/406
f 453/524/453 406/452/406 360/482/360
f 360/482/360 426/484/426 454/525/454
f 455/526/455 377/413/377 441/509/441
f 378/414/378 427/485/427 376/412/376
f 377/413/377 455/526/455 379/415/379
f 378/414/378 428/486/428 456/527/456
f 457/528/457 442/511/442 363/394/363
f 428/486/428 381/417/381 458/529/458
f 409/457/409 458/529/458 381/417/381
f 442/511/442 459/530/459 382/418/382
f 459/530/459 410/458/410 382/418/382
f 347/375/347 411/459/411 383/419/383
f 443/512/443 286/311/286 385/421/385
f 350/378/350 413/461/413 460/531/460
f 461/532/461 350/378/350 460/531/460
f 461/532/461 327/354/327 350/378/350
f 462/533/462 390/426/390 367/398/367
f 431/489/431 391/427/391 463/534/463
f 463/534/463 391/427/391 392/428/392
f 432/490/432 446/515/446 368/399/368
f 464/535/464 417/465/417 416/464/416
f 333/360/333 465/536/465 447/516/447
f 465/536/465 333/360/333 448/518/448
f 393/429/393 433/491/433 354/382/354
f 434/492/434 450/520/450 355/383/355
f 466/537/466 372/538/372 450/539/450
f 467/540/467 395/495/395 335/470/335
f 468/541/468 421/476/421 420/472/420
f 451/521/451 403/444/403 469/542/469
f 422/477/422 423/478/423 470/543/470
f 440/544/440 341/522/341 451/521/451
f 374/445/374 403/444/403 451/521/451
f 405/451/405 339/448/339 471/545/471
f 339/448/339 404/447/404 471/545/471
f 378/414/378 472/546/472 427/485/427
f 472/546/472 378/414/378 456/527/456
f 473/547/473 342/370/342 379/415/379
f 473/547/473 457/528/457 363/394/363
f 473/547/473 363/394/363 342/370/342
f 410/458/410 474/548/474 364/395/364
f 344/372/344 383/419/383 475/549/475
f 383/419/383 411/459/411 475/549/475
f 476/550/476 365/396/365 364/395/364
f 387/423/387 412/460/412 304/330/304
f 461/532/461 367/398/367 327/354/327
f 388/424/388 389/425/389 477/551/477
f 392/428/392 478/552/478 463/534/463
f 415/463/415 479/553/479 352/380/352
f 352/380/352 479/553/479 432/490/432
f 370/401/370 480/554/480 392/428/392
f 370/401/370 418/466/418 480/554/480
f 417/465/417 481/555/481 393/429/393
f 482/556/482 433/491/433 393/429/393
f 397/557/397 483/558/483 398/499/398
f 400/440/400 484/559/484 401/441/401
f 438/504/438 485/560/485 373/506/373
f 423/478/423 453/524/453 470/543/470
f 405/451/405 471/545/471 486/561/486
f 360/482/360 454/525/454 453/524/453
f 455/526/455 487/562/487 379/415/379
f 379/415/379 487/562/487 473/547/473
f 458/529/458 488/563/488 428/486/428
f 409/457/409 489/564/489 458/529/458
f 408/456/408 489/564/489 409/457/409
f 364/395/364 474/548/474 476/550/476
f 286/311/286 444/513/444 411/459/411
f 476/550/476 429/487/429 365/396/365
f 429/487/429 490/565/490 386/422/386
f 349/377/349 491/566/491 385/421/385
f 412/460/412 491/566/491 349/377/349
f 492/567/492 462/533/462 367/398/367
f 388/424/388 477/551/477 493/568/493
f 389/425/389 430/488/430 494/569/494
f 462/533/462 495/570/495 390/426/390
f 390/426/390 495/570/495 414/462/414
f 431/489/431 496/571/496 430/488/430
f 431/489/431 463/534/463 496/571/496
f 392/428/392 480/554/480 478/552/478
f 446/515/446 497/572/497 464/535/464
f 446/515/446 464/535/464 416/464/416
f 447/516/447 498/573/498 418/466/418
f 417/465/417 464/535/464 481/555/481
f 447/516/447 465/536/465 499/574/499
f 465/536/465 448/518/448 499/574/499
f 393/429/393 481/555/481 482/556/482
f 433/491/433 500/575/500 434/492/434
f 466/537/466 399/469/399 372/538/372
f 501/576/501 467/540/467 335/470/335
f 395/495/395 502/577/502 436/497/436
f 397/557/397 503/578/503 483/558/483
f 483/558/483 437/500/437 398/499/398
f 437/500/437 400/440/400 357/502/357
f 484/559/484 438/504/438 401/441/401
f 438/504/438 504/579/504 485/560/485
f 335/470/335 399/469/399 505/580/505
f 373/506/373 485/560/485 420/472/420
f 403/444/403 506/581/506 469/542/469
f 404/447/404 422/477/422 507/582/507
f 440/544/440 451/521/451 508/583/508
f 375/408/375 452/523/452 403/444/403
f 424/480/424 405/451/405 486/561/486
f 440/544/440 508/583/508 509/584/509
f 425/481/425 439/507/439 510/585/510
f 407/455/407 440/508/440 509/586/509
f 407/455/407 509/586/509 441/509/441
f 427/587/427 511/588/511 426/484/426
f 427/587/427 512/589/512 511/588/511
f 513/590/513 514/591/514 455/526/455
f 441/509/441 513/590/513 455/526/455
f 472/546/472 512/592/512 427/485/427
f 455/526/455 514/591/514 487/562/487
f 472/546/472 456/527/456 515/593/515
f 456/527/456 428/486/428 515/593/515
f 516/594/516 459/530/459 442/511/442
f 408/456/408 344/372/344 475/549/475
f 410/458/410 517/595/517 474/548/474
f 385/421/385 491/566/491 518/596/518
f 413/461/413 386/422/386 490/565/490
f 519/597/519 413/461/413 490/565/490
f 520/598/520 412/460/412 387/423/387
f 521/599/521 366/397/366 388/424/388
f 389/425/389 494/569/494 477/551/477
f 478/552/478 480/554/480 522/600/522
f 432/490/432 523/601/523 446/515/446
f 480/554/480 418/466/418 524/602/524
f 498/573/498 447/516/447 499/574/499
f 450/520/450 434/492/434 500/575/500
f 525/603/525 419/467/419 449/519/449
f 466/537/466 505/580/505 399/469/399
f 335/470/335 505/580/505 501/576/501
f 502/577/502 395/495/395 467/540/467
f 526/604/526 421/476/421 468/541/468
f 527/605/527 441/509/441 509/586/509
f 527/605/527 513/590/513 441/509/441
f 473/547/473 528/606/528 457/528/457
f 516/594/516 442/511/442 457/528/457
f 458/529/458 489/564/489 529/607/529
f 516/594/516 530/608/530 459/530/459
f 530/608/530 410/458/410 459/530/459
f 517/595/517 410/458/410 530/608/530
f 408/456/408 475/549/475 531/609/531
f 476/550/476 532/610/532 429/487/429
f 490/565/490 533/611/533 519/597/519
f 445/514/445 534/612/534 387/423/387
f 461/532/461 535/613/535 367/398/367
f 536/614/536 366/397/366 521/599/521
f 521/599/521 388/424/388 537/615/537
f 492/567/492 538/616/538 462/533/462
f 539/617/539 494/569/494 430/488/430
f 430/488/430 496/571/496 539/617/539
f 414/462/414 540/618/540 415/463/415
f 540/618/540 479/553/479 415/463/415
f 418/466/418 498/573/498 524/602/524
f 523/601/523 497/572/497 446/515/446
f 482/556/482 500/575/500 433/491/433
f 435/493/435 541/619/541 448/620/448
f 419/467/419 541/619/541 435/493/435
f 542/621/542 543/622/543 466/537/466
f 543/622/543 505/580/505 466/537/466
f 501/576/501 502/577/502 467/540/467
f 502/577/502 544/623/544 436/497/436
f 436/497/436 503/578/503 397/557/397
f 484/559/484 545/624/545 438/504/438
f 526/604/526 449/519/449 421/476/421
f 449/519/449 526/604/526 525/603/525
f 506/581/506 403/444/403 546/625/546
f 403/444/403 452/523/452 546/625/546
f 471/545/471 404/447/404 507/582/507
f 422/477/422 470/543/470 507/582/507
f 508/583/508 451/521/451 547/626/547
f 452/523/452 425/481/425 510/585/510
f 453/524/453 454/525/454 548/627/548
f 510/585/510 439/507/439 424/480/424
f 426/484/426 511/588/511 454/525/454
f 514/591/514 513/590/513 527/605/527
f 512/592/512 472/546/472 549/628/549
f 472/546/472 515/593/515 549/628/549
f 428/486/428 488/563/488 515/593/515
f 457/528/457 550/629/550 516/594/516
f 488/563/488 458/529/458 529/607/529
f 408/456/408 531/609/531 489/564/489
f 411/459/411 551/630/551 475/549/475
f 385/421/385 518/596/518 443/512/443
f 412/460/412 520/598/520 552/631/552
f 413/461/413 519/597/519 460/531/460
f 366/397/366 553/632/553 445/514/445
f 535/613/535 492/567/492 367/398/367
f 477/551/477 494/569/494 493/568/493
f 495/570/495 554/633/554 414/462/414
f 555/634/555 554/633/554 495/570/495
f 414/462/414 554/633/554 540/618/540
f 432/490/432 479/553/479 556/635/556
f 432/490/432 556/635/556 523/601/523
f 499/574/499 557/636/557 498/573/498
f 558/637/558 499/574/499 448/518/448
f 559/638/559 450/539/450 500/639/500
f 525/603/525 560/640/560 419/467/419
f 544/623/544 503/578/503 436/497/436
f 437/500/437 561/641/561 400/440/400
f 545/624/545 504/579/504 438/504/438
f 470/543/470 453/524/453 562/642/562
f 563/643/563 452/523/452 510/585/510
f 454/525/454 511/588/511 564/644/564
f 512/589/512 565/645/565 511/588/511
f 549/628/549 565/646/565 512/592/512
f 514/591/514 566/647/566 487/562/487
f 487/562/487 567/648/567 473/547/473
f 567/648/567 528/606/528 473/547/473
f 488/563/488 568/649/568 515/593/515
f 528/606/528 550/629/550 457/528/457
f 550/629/550 569/650/569 516/594/516
f 489/564/489 570/651/570 529/607/529
f 516/594/516 569/650/569 530/608/530
f 411/459/411 444/513/444 551/630/551
f 476/550/476 571/652/571 532/610/532
f 429/487/429 571/652/571 490/565/490
f 387/423/387 572/653/572 520/598/520
f 461/532/461 460/531/460 535/613/535
f 366/397/366 536/614/536 553/632/553
f 492/567/492 535/613/535 538/616/538
f 388/424/388 493/568/493 537/615/537
f 538/616/538 573/654/573 462/533/462
f 573/654/573 555/634/555 462/533/462
f 462/533/462 555/634/555 495/570/495
f 539/617/539 496/571/496 574/655/574
f 463/534/463 478/552/478 575/656/575
f 478/552/478 576/657/576 575/656/575
f 480/554/480 524/602/524 522/600/522
f 464/535/464 577/658/577 481/555/481
f 481/555/481 578/659/578 482/556/482
f 505/580/505 543/622/543 579/660/579
f 503/578/503 580/661/580 483/558/483
f 507/582/507 470/543/470 562/642/562
f 547/626/547 451/521/451 581/662/581
f 581/662/581 451/521/451 469/542/469
f 581/662/581 469/542/469 506/581/506
f 510/585/510 424/480/424 582/663/582
f 583/664/583 509/584/509 508/583/508
f 566/647/566 567/648/567 487/562/487
f 515/593/515 568/649/568 584/665/584
f 568/649/568 488/563/488 585/666/585
f 585/666/585 488/563/488 529/607/529
f 570/651/570 489/564/489 531/609/531
f 586/667/586 475/549/475 551/630/551
f 476/550/476 474/548/474 587/668/587
f 443/512/443 588/669/588 444/513/444
f 571/652/571 429/487/429 532/610/532
f 491/566/491 412/460/412 552/631/552
f 534/612/534 572/653/572 387/423/387
f 589/670/589 460/531/460 519/597/519
f 590/671/590 536/614/536 521/599/521
f 591/672/591 493/568/493 494/569/494
f 575/656/575 496/571/496 463/534/463
f 576/657/576 478/552/478 522/600/522
f 497/572/497 577/658/577 464/535/464
f 577/658/577 578/659/578 481/555/481
f 557/636/557 499/574/499 558/637/558
f 592/673/592 448/674/448 541/675/541
f 559/676/559 500/575/500 482/556/482
f 541/619/541 419/467/419 560/640/560
f 559/638/559 593/677/593 450/539/450
f 593/677/593 466/537/466 450/539/450
f 483/558/483 561/641/561 437/500/437
f 561/641/561 594/678/594 400/440/400
f 400/440/400 594/678/594 484/559/484
f 544/623/544 502/577/502 595/679/595
f 596/680/596 561/641/561 483/558/483
f 485/560/485 504/579/504 420/472/420
f 504/579/504 468/541/468 420/472/420
f 526/604/526 468/541/468 597/681/597
f 453/524/453 598/682/598 562/642/562
f 424/480/424 486/561/486 599/683/599
f 599/683/599 486/561/486 600/684/600
f 454/525/454 564/644/564 548/627/548
f 564/644/564 511/588/511 601/685/601
f 511/588/511 565/645/565 601/685/601
f 602/686/602 514/591/514 527/605/527
f 567/648/567 566/647/566 603/687/603
f 603/687/603 528/606/528 567/648/567
f 604/688/604 517/595/517 530/608/530
f 475/549/475 586/667/586 531/609/531
f 517/595/517 604/688/604 474/548/474
f 587/668/587 605/689/605 476/550/476
f 605/689/605 571/652/571 476/550/476
f 571/652/571 606/690/606 490/565/490
f 534/612/534 445/514/445 607/691/607
f 607/691/607 608/692/608 534/612/534
f 460/531/460 589/670/589 535/613/535
f 553/632/553 536/614/536 590/671/590
f 537/615/537 493/568/493 591/672/591
f 555/634/555 609/693/609 554/633/554
f 496/571/496 575/656/575 610/694/610
f 540/618/540 611/695/611 479/553/479
f 524/602/524 612/696/612 522/600/522
f 613/697/613 577/658/577 497/572/497
f 578/659/578 614/698/614 482/556/482
f 448/620/448 592/699/592 558/700/558
f 614/698/614 559/676/559 482/556/482
f 615/701/615 560/640/560 525/603/525
f 593/677/593 542/621/542 466/537/466
f 505/580/505 579/660/579 501/576/501
f 483/558/483 580/661/580 596/680/596
f 504/579/504 616/702/616 468/541/468
f 468/541/468 616/702/616 597/681/597
f 506/581/506 546/625/546 581/662/581
f 453/524/453 548/627/548 598/682/598
f 452/523/452 563/643/563 617/703/617
f 510/585/510 582/663/582 618/704/618
f 424/480/424 599/683/599 582/663/582
f 471/545/471 600/684/600 486/561/486
f 508/583/508 547/626/547 583/664/583
f 527/705/527 509/584/509 619/706/619
f 602/707/602 527/705/527 619/706/619
f 565/645/565 620/708/620 601/685/601
f 602/686/602 566/647/566 514/591/514
f 565/646/565 549/628/549 620/709/620
f 549/628/549 515/593/515 621/710/621
f 603/687/603 622/711/622 528/606/528
f 568/649/568 585/666/585 584/665/584
f 529/607/529 623/712/623 585/666/585
f 604/688/604 530/608/530 569/650/569
f 604/688/604 587/668/587 474/548/474
f 444/513/444 624/713/624 551/630/551
f 444/513/444 588/669/588 624/713/624
f 606/690/606 533/611/533 490/565/490
f 625/714/625 589/670/589 519/597/519
f 445/514/445 553/632/553 607/691/607
f 626/715/626 538/616/538 535/613/535
f 573/654/573 627/716/627 555/634/555
f 539/617/539 574/655/574 494/569/494
f 496/571/496 610/694/610 574/655/574
f 554/633/554 628/717/628 540/618/540
f 479/553/479 611/695/611 629/718/629
f 479/553/479 629/718/629 556/635/556
f 522/600/522 612/696/612 576/657/576
f 523/601/523 630/719/630 497/572/497
f 498/573/498 631/720/631 524/602/524
f 498/573/498 557/636/557 631/720/631
f 592/699/592 632/721/632 558/700/558
f 560/640/560 615/701/615 541/619/541
f 595/679/595 633/722/633 544/623/544
f 634/723/634 503/578/503 544/623/544
f 484/559/484 594/678/594 545/624/545
f 635/724/635 525/603/525 526/604/526
f 579/660/579 636/725/636 501/576/501
f 597/681/597 635/724/635 526/604/526
f 507/582/507 637/726/637 638/727/638
f 507/582/507 562/642/562 637/726/637
f 471/545/471 638/727/638 600/684/600
f 507/582/507 638/727/638 471/545/471
f 583/664/583 639/728/639 509/584/509
f 602/686/602 640/729/640 566/647/566
f 549/628/549 621/710/621 620/709/620
f 515/593/515 584/665/584 621/710/621
f 528/606/528 622/711/622 550/629/550
f 585/666/585 623/712/623 641/730/641
f 529/607/529 570/651/570 623/712/623
f 518/596/518 491/566/491 642/731/642
f 643/732/643 533/611/533 606/690/606
f 520/598/520 572/653/572 552/631/552
f 533/611/533 625/714/625 519/597/519
f 589/670/589 626/715/626 535/613/535
f 644/733/644 573/654/573 538/616/538
f 494/569/494 574/655/574 645/734/645
f 609/693/609 628/717/628 554/633/554
f 628/717/628 611/695/611 540/618/540
f 576/657/576 612/696/612 646/735/646
f 629/718/629 647/736/647 556/635/556
f 556/635/556 647/736/647 523/601/523
f 524/602/524 648/737/648 612/696/612
f 524/602/524 631/720/631 648/737/648
f 630/719/630 613/697/613 497/572/497
f 557/636/557 649/738/649 631/720/631
f 557/636/557 558/637/558 649/738/649
f 577/658/577 650/739/650 578/659/578
f 635/724/635 615/701/615 525/603/525
f 651/740/651 579/660/579 543/622/543
f 501/576/501 636/725/636 502/577/502
f 594/678/594 652/741/652 545/624/545
f 597/681/597 653/742/653 635/724/635
f 546/625/546 654/743/654 581/662/581
f 654/743/654 546/625/546 617/703/617
f 452/523/452 617/703/617 546/625/546
f 510/585/510 618/704/618 563/643/563
f 639/728/639 619/706/619 509/584/509
f 640/729/640 655/744/655 566/647/566
f 566/647/566 656/745/656 603/687/603
f 550/629/550 657/746/657 569/650/569
f 569/650/569 658/747/658 604/688/604
f 570/651/570 531/609/531 659/748/659
f 604/688/604 660/749/660 587/668/587
f 587/668/587 660/749/660 605/689/605
f 443/512/443 661/750/661 588/669/588
f 491/566/491 572/653/572 642/731/642
f 643/732/643 625/714/625 533/611/533
f 521/599/521 537/615/537 590/671/590
f 591/672/591 645/734/645 662/751/662
f 494/569/494 645/734/645 591/672/591
f 627/716/627 609/693/609 555/634/555
f 574/655/574 610/694/610 663/752/663
f 575/656/575 576/657/576 646/735/646
f 612/696/612 664/753/664 646/735/646
f 647/736/647 630/719/630 523/601/523
f 578/754/578 650/755/650 614/756/614
f 559/638/559 614/756/614 665/757/665
f 541/619/541 615/701/615 592/699/592
f 593/677/593 666/758/666 667/759/667
f 559/638/559 666/758/666 593/677/593
f 502/577/502 636/725/636 595/679/595
f 503/578/503 634/723/634 668/760/668
f 580/661/580 669/761/669 596/680/596
f 581/662/581 654/743/654 670/762/670
f 582/663/582 599/683/599 671/763/671
f 672/764/672 600/684/600 638/727/638
f 598/682/598 637/726/637 562/642/562
f 619/706/619 673/765/673 602/707/602
f 601/685/601 620/708/620 674/766/674
f 602/707/602 673/765/673 640/767/640
f 566/647/566 655/744/655 656/745/656
f 621/710/621 584/665/584 675/768/675
f 603/687/603 656/745/656 622/711/622
f 584/665/584 585/666/585 676/769/676
f 585/666/585 641/730/641 676/769/676
f 550/629/550 677/770/677 657/746/657
f 569/650/569 657/746/657 658/747/658
f 531/609/531 586/667/586 659/748/659
f 586/667/586 551/630/551 678/771/678
f 605/689/605 679/772/679 571/652/571
f 588/669/588 661/750/661 624/713/624
f 443/512/443 518/596/518 661/750/661
f 552/631/552 572/653/572 491/566/491
f 534/612/534 680/773/680 572/653/572
f 589/670/589 681/774/681 626/715/626
f 644/733/644 627/716/627 573/654/573
f 574/655/574 663/752/663 682/775/682
f 612/696/612 648/737/648 664/753/664
f 647/736/647 683/776/683 630/719/630
f 684/777/684 613/697/613 630/719/630
f 613/778/613 685/779/685 577/780/577
f 685/781/685 650/739/650 577/658/577
f 686/782/686 649/783/649 558/700/558
f 614/756/614 687/784/687 665/757/665
f 688/785/688 542/621/542 593/677/593
f 542/621/542 688/785/688 543/622/543
f 688/785/688 689/786/689 543/622/543
f 689/786/689 651/740/651 543/622/543
f 651/740/651 636/725/636 579/660/579
f 596/680/596 690/787/690 561/641/561
f 545/624/545 652/741/652 691/788/691
f 691/788/691 692/789/692 545/624/545
f 545/624/545 693/790/693 504/579/504
f 693/790/693 694/791/694 504/579/504
f 597/681/597 616/702/616 653/742/653
f 547/626/547 581/662/581 670/762/670
f 564/644/564 695/792/695 548/627/548
f 639/728/639 583/664/583 696/793/696
f 601/685/601 695/792/695 564/644/564
f 640/767/640 673/765/673 655/794/655
f 550/629/550 622/711/622 677/770/677
f 658/747/658 660/749/660 604/688/604
f 586/667/586 697/795/697 698/796/698
f 571/652/571 699/797/699 606/690/606
f 681/774/681 644/733/644 626/715/626
f 626/715/626 644/733/644 538/616/538
f 644/733/644 700/798/700 627/716/627
f 610/694/610 701/799/701 663/752/663
f 610/694/610 575/656/575 701/799/701
f 630/719/630 683/776/683 684/777/684
f 648/737/648 631/720/631 702/800/702
f 632/721/632 686/782/686 558/700/558
f 665/757/665 666/758/666 559/638/559
f 667/759/667 688/785/688 593/677/593
f 503/578/503 668/760/668 580/661/580
f 561/641/561 690/787/690 594/678/594
f 598/682/598 548/627/548 703/801/703
f 583/664/583 704/802/704 696/793/696
f 583/664/583 547/626/547 704/802/704
f 696/793/696 705/803/705 639/728/639
f 601/685/601 674/766/674 706/804/706
f 674/766/674 620/708/620 707/805/707
f 656/745/656 708/806/708 622/711/622
f 584/665/584 676/769/676 675/768/675
f 708/806/708 709/807/709 622/711/622
f 622/711/622 709/807/709 677/770/677
f 641/730/641 710/808/710 711/809/711
f 623/712/623 570/651/570 710/808/710
f 658/747/658 657/746/657 712/810/712
f 658/747/658 712/810/712 660/749/660
f 605/689/605 660/749/660 713/811/713
f 605/689/605 714/812/714 679/772/679
f 606/690/606 699/797/699 643/732/643
f 553/632/553 590/671/590 607/691/607
f 537/615/537 591/672/591 662/751/662
f 609/693/609 715/813/715 628/717/628
f 715/813/715 716/814/716 628/717/628
f 628/717/628 716/814/716 611/695/611
f 611/695/611 716/814/716 717/815/717
f 575/656/575 646/735/646 718/816/718
f 611/695/611 717/815/717 629/718/629
f 629/718/629 719/817/719 647/736/647
f 646/735/646 664/753/664 718/816/718
f 647/736/647 719/817/719 683/776/683
f 613/697/613 684/777/684 685/781/685
f 685/781/685 720/818/720 650/739/650
f 721/819/721 614/756/614 650/755/650
f 615/701/615 722/820/722 592/699/592
f 667/759/667 723/821/723 688/785/688
f 635/724/635 724/822/724 615/701/615
f 615/701/615 724/822/724 722/820/722
f 636/725/636 725/823/725 595/679/595
f 544/623/544 633/722/633 634/723/634
f 668/760/668 726/824/726 580/661/580
f 594/678/594 690/787/690 652/741/652
f 693/790/693 727/825/727 694/791/694
f 694/791/694 616/702/616 504/579/504
f 637/726/637 728/826/728 638/727/638
f 547/626/547 729/827/729 704/802/704
f 670/762/670 729/827/729 547/626/547
f 654/743/654 730/828/730 670/762/670
f 617/703/617 731/829/731 654/743/654
f 563/643/563 618/704/618 617/703/617
f 582/663/582 732/830/732 618/704/618
f 671/763/671 732/830/732 582/663/582
f 600/684/600 672/764/672 599/683/599
f 598/682/598 703/801/703 637/726/637
f 639/728/639 705/803/705 619/706/619
f 695/792/695 601/685/601 733/831/733
f 601/685/601 706/804/706 733/831/733
f 620/709/620 621/710/621 707/832/707
f 676/769/676 641/730/641 711/809/711
f 641/730/641 623/712/623 710/808/710
f 734/833/734 657/746/657 677/770/677
f 710/808/710 570/651/570 659/748/659
f 605/689/605 713/811/713 714/812/714
f 679/772/679 699/797/699 571/652/571
f 518/596/518 642/731/642 735/834/735
f 680/773/680 534/612/534 608/692/608
f 625/714/625 736/835/736 589/670/589
f 589/670/589 736/835/736 681/774/681
f 537/615/537 737/836/737 590/671/590
f 537/615/537 662/751/662 737/836/737
f 645/734/645 574/655/574 682/775/682
f 575/656/575 718/816/718 701/799/701
f 717/815/717 719/817/719 629/718/629
f 702/800/702 631/720/631 738/837/738
f 631/720/631 649/738/649 738/837/738
f 650/739/650 720/818/720 721/838/721
f 686/782/686 739/839/739 649/783/649
f 592/699/592 740/840/740 632/721/632
f 722/820/722 741/841/741 592/699/592
f 634/723/634 742/842/742 668/760/668
f 580/661/580 726/824/726 669/761/669
f 596/680/596 669/761/669 690/787/690
f 651/740/651 689/786/689 636/725/636
f 653/742/653 616/702/616 743/843/743
f 670/762/670 730/828/730 729/827/729
f 599/683/599 672/764/672 671/763/671
f 638/727/638 728/826/728 672/764/672
f 703/801/703 744/844/744 637/726/637
f 695/792/695 703/801/703 548/627/548
f 656/745/656 745/845/745 746/846/746
f 655/794/655 745/847/745 656/848/656
f 621/710/621 675/768/675 747/849/747
f 656/745/656 746/846/746 708/806/708
f 657/746/657 734/833/734 712/810/712
f 659/748/659 586/667/586 698/796/698
f 624/713/624 748/850/748 551/630/551
f 714/812/714 749/851/749 679/772/679
f 624/713/624 661/750/661 750/852/750
f 679/772/679 751/853/751 699/797/699
f 572/653/572 735/834/735 642/731/642
f 643/732/643 736/835/736 625/714/625
f 590/671/590 752/854/752 607/691/607
f 662/751/662 645/734/645 753/855/753
f 700/798/700 754/856/754 627/716/627
f 755/857/755 715/813/715 609/693/609
f 718/816/718 664/753/664 756/858/756
f 683/776/683 685/781/685 684/777/684
f 739/859/739 738/837/738 649/738/649
f 632/721/632 739/839/739 686/782/686
f 757/860/757 739/839/739 632/721/632
f 721/819/721 758/861/758 614/756/614
f 614/756/614 758/861/758 687/784/687
f 665/757/665 687/784/687 666/758/666
f 741/841/741 740/840/740 592/699/592
f 725/823/725 633/722/633 595/679/595
f 723/821/723 689/786/689 688/785/688
f 636/725/636 689/786/689 759/862/759
f 668/760/668 742/842/742 760/863/760
f 690/787/690 669/761/669 761/864/761
f 652/741/652 761/864/761 691/788/691
f 545/624/545 692/789/692 693/790/693
f 616/702/616 694/791/694 762/865/762
f 637/726/637 763/866/763 728/826/728
f 637/726/637 744/844/744 763/866/763
f 617/703/617 764/867/764 731/829/731
f 618/704/618 764/867/764 617/703/617
f 671/763/671 765/868/765 732/830/732
f 674/766/674 766/869/766 706/804/706
f 766/869/766 674/766/674 707/805/707
f 673/765/673 767/870/767 768/871/768
f 673/765/673 768/871/768 655/794/655
f 655/794/655 768/871/768 745/847/745
f 707/832/707 621/710/621 769/872/769
f 621/873/621 747/874/747 769/875/769
f 675/768/675 676/769/676 711/809/711
f 659/748/659 698/796/698 770/876/770
f 551/630/551 748/850/748 678/771/678
f 661/750/661 771/877/771 750/852/750
f 518/596/518 735/834/735 661/750/661
f 643/732/643 699/797/699 772/878/772
f 572/653/572 680/773/680 773/879/773
f 772/878/772 736/835/736 643/732/643
f 608/692/608 607/691/607 774/880/774
f 681/774/681 775/881/775 644/733/644
f 754/856/754 755/857/755 627/716/627
f 627/716/627 755/857/755 609/693/609
f 717/815/717 776/882/776 719/817/719
f 719/817/719 777/883/777 683/776/683
f 648/737/648 778/884/778 664/753/664
f 648/737/648 702/800/702 778/884/778
f 740/840/740 779/885/779 632/721/632
f 723/821/723 667/759/667 780/886/780
f 723/821/723 781/887/781 689/786/689
f 725/823/725 636/725/636 782/888/782
f 668/760/668 760/863/760 726/824/726
f 693/790/693 783/889/783 727/825/727
f 653/742/653 743/843/743 635/724/635
f 635/724/635 743/843/743 724/822/724
f 728/826/728 784/890/784 672/764/672
f 763/866/763 784/890/784 728/826/728
f 703/801/703 785/891/785 744/844/744
f 703/801/703 695/792/695 786/892/786
f 619/706/619 787/893/787 673/765/673
f 711/809/711 788/894/788 675/768/675
f 659/748/659 770/876/770 710/808/710
f 712/810/712 713/811/713 660/749/660
f 586/667/586 678/771/678 697/795/697
f 678/771/678 789/895/789 697/795/697
f 679/772/679 749/851/749 751/853/751
f 699/797/699 790/896/790 772/878/772
f 572/653/572 773/879/773 735/834/735
f 644/733/644 791/897/791 700/798/700
f 645/734/645 682/775/682 792/898/792
f 663/752/663 793/899/793 682/775/682
f 663/752/663 701/799/701 793/899/793
f 715/813/715 794/900/794 716/814/716
f 718/816/718 795/901/795 701/799/701
f 777/883/777 796/902/796 683/776/683
f 683/776/683 796/902/796 685/781/685
f 685/781/685 796/902/796 797/903/797
f 778/904/778 702/905/702 798/906/798
f 738/837/738 799/907/799 702/800/702
f 685/781/685 800/908/800 720/818/720
f 720/909/720 801/910/801 721/819/721
f 632/721/632 779/885/779 757/860/757
f 666/758/666 780/886/780 667/759/667
f 724/822/724 802/911/802 722/820/722
f 722/820/722 803/912/803 741/841/741
f 761/864/761 652/741/652 690/787/690
f 636/725/636 759/862/759 804/913/804
f 804/913/804 782/888/782 636/725/636
f 633/722/633 725/823/725 805/914/805
f 669/761/669 806/915/806 807/916/807
f 693/790/693 692/789/692 808/917/808
f 727/825/727 762/865/762 694/791/694
f 616/702/616 762/865/762 809/918/809
f 809/918/809 743/843/743 616/702/616
f 695/792/695 810/919/810 786/892/786
f 695/792/695 733/831/733 810/919/810
f 696/793/696 811/920/811 705/803/705
f 705/803/705 787/893/787 619/706/619
f 706/804/706 766/869/766 733/831/733
f 766/869/766 707/805/707 812/921/812
f 709/807/709 708/806/708 813/922/813
f 711/809/711 710/808/710 814/923/814
f 712/810/712 815/924/815 713/811/713
f 713/811/713 816/925/816 714/812/714
f 678/771/678 748/850/748 789/895/789
f 607/691/607 752/854/752 774/880/774
f 775/881/775 791/897/791 644/733/644
f 791/897/791 754/856/754 700/798/700
f 645/734/645 792/898/792 753/855/753
f 755/857/755 794/900/794 715/813/715
f 701/799/701 795/901/795 817/926/817
f 716/814/716 818/927/818 717/815/717
f 795/901/795 718/816/718 756/858/756
f 776/882/776 777/883/777 719/817/719
f 664/753/664 778/884/778 756/858/756
f 702/800/702 799/907/799 819/928/819
f 685/781/685 797/903/797 800/908/800
f 738/837/738 820/929/820 799/907/799
f 757/860/757 820/930/820 738/931/738
f 720/909/720 800/932/800 801/910/801
f 739/839/739 757/860/757 738/931/738
f 721/819/721 801/910/801 821/933/821
f 758/861/758 721/819/721 821/933/821
f 822/934/822 823/935/823 666/758/666
f 741/841/741 803/912/803 824/936/824
f 722/820/722 802/911/802 803/912/803
f 634/723/634 825/937/825 742/842/742
f 783/889/783 826/938/826 727/825/727
f 689/786/689 781/887/781 827/939/827
f 654/743/654 828/940/828 730/828/730
f 731/829/731 828/940/828 654/743/654
f 731/829/731 829/941/829 828/940/828
f 764/867/764 829/941/829 731/829/731
f 618/704/618 830/942/830 764/867/764
f 671/763/671 672/764/672 831/943/831
f 786/892/786 785/891/785 703/801/703
f 696/793/696 704/802/704 811/920/811
f 733/831/733 766/869/766 832/944/832
f 673/765/673 787/893/787 767/870/767
f 747/849/747 675/768/675 788/894/788
f 677/770/677 709/807/709 833/945/833
f 710/808/710 834/946/834 814/923/814
f 677/770/677 833/945/833 734/833/734
f 698/796/698 835/947/835 770/876/770
f 697/795/697 789/895/789 698/796/698
f 661/750/661 735/834/735 771/877/771
f 751/853/751 790/896/790 699/797/699
f 772/878/772 836/948/836 736/835/736
f 680/773/680 608/692/608 837/949/837
f 608/692/608 838/950/838 839/951/839
f 608/692/608 774/880/774 838/950/838
f 736/835/736 840/952/840 681/774/681
f 841/953/841 775/881/775 681/774/681
f 662/751/662 842/954/842 737/836/737
f 792/898/792 662/751/662 753/855/753
f 701/799/701 817/926/817 793/899/793
f 717/815/717 818/927/818 776/882/776
f 702/800/702 819/928/819 798/955/798
f 800/932/800 843/956/843 801/910/801
f 741/841/741 844/957/844 740/840/740
f 687/784/687 822/934/822 666/758/666
f 666/758/666 823/935/823 780/886/780
f 726/824/726 845/958/845 669/761/669
f 723/821/723 846/959/846 781/887/781
f 633/722/633 825/937/825 634/723/634
f 691/788/691 761/864/761 847/960/847
f 743/843/743 848/961/848 724/822/724
f 672/764/672 784/890/784 831/943/831
f 744/844/744 849/962/849 763/866/763
f 732/830/732 830/942/830 618/704/618
f 732/830/732 765/868/765 830/942/830
f 671/763/671 831/943/831 765/868/765
f 811/920/811 704/802/704 850/963/850
f 811/920/811 851/964/851 705/803/705
f 787/893/787 705/803/705 852/965/852
f 707/805/707 853/966/853 812/921/812
f 707/805/707 769/967/769 853/966/853
f 747/849/747 854/968/854 769/872/769
f 709/807/709 813/922/813 833/945/833
f 834/946/834 710/808/710 855/969/855
f 698/796/698 789/895/789 856/970/856
f 815/924/815 857/971/857 713/811/713
f 816/925/816 858/972/858 714/812/714
f 714/812/714 858/972/858 749/851/749
f 748/850/748 624/713/624 750/852/750
f 751/853/751 859/973/859 790/896/790
f 735/834/735 773/879/773 860/974/860
f 837/949/837 608/692/608 861/975/861
f 608/692/608 839/951/839 861/975/861
f 840/952/840 841/953/841 681/774/681
f 590/671/590 842/954/842 752/854/752
f 590/671/590 737/836/737 842/954/842
f 862/976/862 754/856/754 791/897/791
f 682/775/682 793/899/793 863/977/863
f 776/882/776 818/927/818 864/978/864
f 778/884/778 798/955/798 865/979/865
f 799/907/799 820/929/820 819/928/819
f 821/933/821 801/910/801 866/980/866
f 779/885/779 867/981/867 757/860/757
f 758/861/758 821/933/821 868/982/868
f 758/861/758 868/982/868 822/934/822
f 758/861/758 822/934/822 687/784/687
f 844/957/844 779/885/779 740/840/740
f 741/841/741 824/936/824 844/957/844
f 780/886/780 869/983/869 723/821/723
f 846/959/846 827/939/827 781/887/781
f 870/984/870 871/985/871 782/888/782
f 633/722/633 872/986/872 825/937/825
f 742/842/742 873/987/873 760/863/760
f 691/788/691 847/960/847 692/789/692
f 693/790/693 808/917/808 874/988/874
f 727/825/727 826/938/826 875/989/875
f 727/825/727 876/990/876 762/865/762
f 689/786/689 827/939/827 759/862/759
f 729/827/729 730/828/730 877/991/877
f 765/868/765 878/992/878 830/942/830
f 744/844/744 785/891/785 879/993/879
f 729/827/729 850/963/850 704/802/704
f 877/991/877 850/963/850 729/827/729
f 705/803/705 851/964/851 852/965/852
f 747/849/747 788/894/788 854/968/854
f 711/809/711 880/994/880 788/894/788
f 711/809/711 814/923/814 880/994/880
f 710/808/710 881/995/881 855/969/855
f 734/833/734 815/924/815 712/810/712
f 698/796/698 856/970/856 835/947/835
f 857/971/857 816/925/816 713/811/713
f 773/879/773 680/773/680 882/996/882
f 736/835/736 836/948/836 840/952/840
f 754/856/754 883/997/883 755/857/755
f 884/998/884 794/900/794 755/857/755
f 716/814/716 794/900/794 818/927/818
f 795/901/795 885/999/885 817/926/817
f 864/978/864 777/883/777 776/882/776
f 756/858/756 865/979/865 885/999/885
f 778/884/778 886/1000/886 756/858/756
f 778/884/778 865/979/865 886/1000/886
f 821/933/821 866/980/866 868/982/868
f 867/981/867 779/885/779 887/1001/887
f 780/886/780 823/935/823 869/983/869
f 802/911/802 888/1002/888 803/912/803
f 803/912/803 888/1002/888 824/936/824
f 805/914/805 872/986/872 633/722/633
f 825/937/825 873/987/873 742/842/742
f 889/1003/889 760/863/760 873/987/873
f 669/761/669 807/916/807 890/1004/890
f 692/789/692 847/960/847 891/1005/891
f 782/888/782 871/985/871 725/823/725
f 669/761/669 845/958/845 806/915/806
f 693/790/693 874/988/874 783/889/783
f 763/866/763 892/1006/892 784/890/784
f 744/844/744 879/993/879 849/962/849
f 831/943/831 893/1007/893 765/868/765
f 811/920/811 850/963/850 851/964/851
f 733/831/733 832/944/832 810/919/810
f 852/965/852 767/870/767 787/893/787
f 768/871/768 894/1008/894 745/847/745
f 746/846/746 745/845/745 895/1009/895
f 708/806/708 746/846/746 896/1010/896
f 708/806/708 896/1010/896 813/922/813
f 814/923/814 834/946/834 855/969/855
f 734/833/734 833/945/833 897/1011/897
f 710/808/710 770/876/770 881/995/881
f 860/974/860 898/1012/898 735/834/735
f 680/773/680 837/949/837 882/996/882
f 752/854/752 842/954/842 838/950/838
f 775/881/775 862/976/862 791/897/791
f 662/751/662 899/1013/899 842/954/842
f 662/751/662 792/898/792 899/1013/899
f 682/775/682 863/977/863 900/1014/900
f 792/898/792 682/775/682 900/1014/900
f 795/901/795 756/858/756 885/999/885
f 756/858/756 886/1000/886 865/979/865
f 797/903/797 901/1015/901 800/908/800
f 723/821/723 869/983/869 846/959/846
f 804/913/804 870/984/870 782/888/782
f 726/824/726 760/863/760 845/958/845
f 806/915/806 845/958/845 890/1004/890
f 806/915/806 890/1004/890 807/916/807
f 783/889/783 902/1016/902 826/938/826
f 727/825/727 875/989/875 876/990/876
f 876/990/876 903/1017/903 762/865/762
f 762/865/762 903/1017/903 809/918/809
f 724/822/724 848/961/848 802/911/802
f 764/867/764 830/942/830 829/941/829
f 810/919/810 904/1018/904 786/892/786
f 766/869/766 905/1019/905 832/944/832
f 766/869/766 812/921/812 905/1019/905
f 852/965/852 906/1020/906 767/870/767
f 767/870/767 907/1021/907 768/871/768
f 746/846/746 895/1009/895 896/1010/896
f 855/969/855 908/1022/908 814/923/814
f 770/876/770 835/947/835 881/995/881
f 734/833/734 909/1023/909 815/924/815
f 857/971/857 910/1024/910 816/925/816
f 748/850/748 750/852/750 911/1025/911
f 790/896/790 912/1026/912 772/878/772
f 860/974/860 773/879/773 882/996/882
f 842/954/842 913/1027/913 838/950/838
f 841/953/841 862/976/862 775/881/775
f 862/976/862 883/997/883 754/856/754
f 863/977/863 793/899/793 914/1028/914
f 915/1029/915 916/1030/916 794/900/794
f 794/900/794 916/1030/916 818/927/818
f 777/883/777 917/1031/917 796/902/796
f 797/903/797 796/902/796 917/1031/917
f 819/928/819 918/1032/918 798/955/798
f 797/903/797 917/1031/917 901/1015/901
f 800/932/800 901/1033/901 919/1034/919
f 820/930/820 918/1035/918 819/1036/819
f 800/932/800 919/1034/919 843/956/843
f 801/910/801 843/956/843 866/980/866
f 757/860/757 867/981/867 920/1037/920
f 779/885/779 844/957/844 887/1001/887
f 822/934/822 921/1038/921 823/935/823
f 824/936/824 888/1002/888 844/957/844
f 848/961/848 888/1002/888 802/911/802
f 725/823/725 922/1039/922 805/914/805
f 669/761/669 890/1004/890 761/864/761
f 891/1005/891 808/917/808 692/789/692
f 874/988/874 923/1040/923 783/889/783
f 923/1040/923 902/1016/902 783/889/783
f 902/1016/902 875/989/875 826/938/826
f 763/866/763 849/962/849 892/1006/892
f 831/943/831 784/890/784 924/1041/924
f 785/891/785 786/892/786 879/993/879
f 850/963/850 925/1042/925 851/964/851
f 767/870/767 906/1020/906 907/1021/907
f 768/871/768 926/1043/926 894/1008/894
f 769/967/769 854/1044/854 853/966/853
f 745/845/745 894/1045/894 895/1009/895
f 788/894/788 880/994/880 854/968/854
f 814/923/814 908/1022/908 880/994/880
f 734/833/734 897/1011/897 927/1046/927
f 927/1046/927 909/1023/909 734/833/734
f 909/1023/909 857/971/857 815/924/815
f 816/925/816 910/1024/910 858/972/858
f 750/852/750 771/877/771 911/1025/911
f 749/851/749 859/973/859 751/853/751
f 735/834/735 898/1012/898 771/877/771
f 790/896/790 859/973/859 912/1026/912
f 839/951/839 838/950/838 928/1047/928
f 774/880/774 752/854/752 838/950/838
f 755/857/755 883/997/883 884/998/884
f 884/998/884 915/1029/915 794/900/794
f 864/978/864 929/1048/929 777/883/777
f 929/1048/929 917/1031/917 777/883/777
f 798/955/798 930/1049/930 865/979/865
f 798/955/798 918/1032/918 930/1049/930
f 820/930/820 757/860/757 931/1050/931
f 757/860/757 932/1051/932 931/1050/931
f 757/860/757 920/1037/920 932/1051/932
f 887/1001/887 920/1037/920 867/981/867
f 822/934/822 868/982/868 921/1038/921
f 823/935/823 933/1052/933 869/983/869
f 869/983/869 934/1053/934 846/959/846
f 804/913/804 759/862/759 935/1054/935
f 804/913/804 935/1054/935 870/984/870
f 875/989/875 936/1055/936 876/990/876
f 809/918/809 903/1017/903 937/1056/937
f 743/843/743 809/918/809 938/1057/938
f 743/843/743 939/1058/939 848/961/848
f 730/828/730 828/940/828 877/991/877
f 828/940/828 829/941/829 940/1059/940
f 830/942/830 940/1059/940 829/941/829
f 830/942/830 878/992/878 941/1060/941
f 765/868/765 893/1007/893 878/992/878
f 892/1006/892 942/1061/942 784/890/784
f 786/892/786 904/1018/904 943/1062/943
f 851/964/851 944/1063/944 852/965/852
f 907/1021/907 926/1043/926 768/871/768
f 813/922/813 896/1010/896 833/945/833
f 789/895/789 748/850/748 945/1064/945
f 748/850/748 911/1025/911 945/1064/945
f 912/1026/912 946/1065/946 772/878/772
f 792/898/792 900/1014/900 947/1066/947
f 916/1030/916 864/978/864 818/927/818
f 918/1035/918 820/930/820 931/1050/931
f 843/956/843 948/1067/948 866/980/866
f 868/982/868 866/980/866 949/1068/949
f 921/1038/921 933/1052/933 823/935/823
f 848/961/848 950/1069/950 888/1002/888
f 951/1070/951 935/1054/935 759/862/759
f 922/1039/922 872/986/872 805/914/805
f 761/864/761 890/1004/890 952/1071/952
f 847/960/847 761/864/761 952/1071/952
f 830/942/830 941/1060/941 940/1059/940
f 941/1060/941 878/992/878 953/1072/953
f 924/1041/924 893/1007/893 831/943/831
f 942/1061/942 924/1041/924 784/890/784
f 810/919/810 832/944/832 904/1018/904
f 851/964/851 925/1042/925 944/1063/944
f 853/966/853 954/1073/954 812/921/812
f 835/947/835 955/1074/955 881/995/881
f 856/970/856 956/1075/956 835/947/835
f 858/972/858 910/1024/910 957/1076/957
f 858/972/858 957/1076/957 749/851/749
f 957/1076/957 859/973/859 749/851/749
f 860/974/860 958/1077/958 959/1078/959
f 860/974/860 882/996/882 958/1077/958
f 836/948/836 841/953/841 840/952/840
f 960/1079/960 842/954/842 899/1013/899
f 864/978/864 916/1030/916 961/1080/961
f 843/956/843 919/1034/919 948/1067/948
f 866/980/866 948/1067/948 962/1081/962
f 887/1001/887 963/1082/963 920/1037/920
f 844/957/844 964/1083/964 887/1001/887
f 844/957/844 888/1002/888 964/1083/964
f 725/823/725 871/985/871 922/1039/922
f 938/1057/938 939/1058/939 743/843/743
f 965/1084/965 870/984/870 935/1054/935
f 809/918/809 966/1085/966 938/1057/938
f 828/940/828 940/1059/940 967/1086/967
f 849/962/849 968/1087/968 892/1006/892
f 879/993/879 969/1088/969 849/962/849
f 877/991/877 970/1089/970 850/963/850
f 786/892/786 969/1088/969 879/993/879
f 907/1021/907 906/1020/906 971/1090/971
f 853/966/853 972/1091/972 954/1073/954
f 854/1044/854 972/1091/972 853/966/853
f 833/945/833 973/1092/973 897/1011/897
f 881/995/881 974/1093/974 855/969/855
f 789/895/789 945/1064/945 856/970/856
f 860/974/860 959/1078/959 898/1012/898
f 839/951/839 928/1047/928 975/1094/975
f 842/954/842 960/1079/960 913/1027/913
f 862/976/862 976/1095/976 883/997/883
f 883/997/883 977/1096/977 884/998/884
f 884/998/884 978/1097/978 915/1029/915
f 793/899/793 979/1098/979 914/1028/914
f 793/899/793 817/926/817 979/1098/979
f 930/1049/930 980/1099/980 865/979/865
f 866/980/866 981/1100/981 949/1068/949
f 949/1068/949 981/1100/981 921/1038/921
f 949/1068/949 921/1038/921 868/982/868
f 933/1052/933 934/1053/934 869/983/869
f 872/986/872 982/1101/982 825/937/825
f 848/961/848 939/1058/939 950/1069/950
f 889/1003/889 845/958/845 760/863/760
f 902/1016/902 923/1040/923 875/989/875
f 875/989/875 923/1040/923 936/1055/936
f 809/918/809 937/1056/937 966/1085/966
f 828/940/828 967/1086/967 877/991/877
f 877/991/877 967/1086/967 983/1102/983
f 941/1060/941 953/1072/953 940/1059/940
f 893/1007/893 984/1103/984 878/992/878
f 786/892/786 943/1062/943 969/1088/969
f 850/963/850 970/1089/970 925/1042/925
f 904/1018/904 985/1104/985 943/1062/943
f 944/1063/944 906/1020/906 852/965/852
f 880/994/880 972/1105/972 854/968/854
f 895/1009/895 986/1106/986 896/1010/896
f 896/1010/896 987/1107/987 833/945/833
f 881/995/881 955/1074/955 974/1093/974
f 955/1074/955 835/947/835 956/1075/956
f 909/1023/909 988/1108/988 857/971/857
f 857/971/857 988/1108/988 910/1024/910
f 859/973/859 957/1076/957 989/1109/989
f 771/877/771 898/1012/898 990/1110/990
f 859/973/859 989/1109/989 912/1026/912
f 946/1065/946 991/1111/991 772/878/772
f 772/878/772 991/1111/991 836/948/836
f 882/996/882 837/949/837 992/1112/992
f 837/949/837 861/975/861 992/1112/992
f 841/953/841 976/1095/976 862/976/862
f 899/1013/899 947/1066/947 960/1079/960
f 914/1028/914 993/1113/993 863/977/863
f 915/1029/915 994/1114/994 916/1030/916
f 885/999/885 995/1115/995 817/926/817
f 864/978/864 961/1080/961 929/1048/929
f 961/1080/961 996/1116/996 929/1048/929
f 885/999/885 865/979/865 995/1115/995
f 865/979/865 980/1099/980 997/1117/997
f 918/1035/918 931/1050/931 930/1118/930
f 901/1033/901 998/1119/998 919/1034/919
f 919/1034/919 998/1119/998 948/1067/948
f 963/1082/963 999/1120/999 920/1037/920
f 866/980/866 962/1081/962 981/1100/981
f 1000/1121/1000 934/1053/934 933/1052/933
f 934/1053/934 1001/1122/1001 846/959/846
f 827/939/827 951/1070/951 759/862/759
f 825/937/825 982/1101/982 873/987/873
f 845/958/845 1002/1123/1002 890/1004/890
f 952/1071/952 890/1004/890 1003/1124/1003
f 903/1017/903 1004/1125/1004 1005/1126/1005
f 939/1058/939 938/1057/938 1006/1127/1006
f 970/1089/970 877/991/877 983/1102/983
f 940/1059/940 1007/1128/1007 967/1086/967
f 984/1103/984 953/1072/953 878/992/878
f 904/1018/904 832/944/832 1008/1129/1008
f 1009/1130/1009 944/1063/944 925/1042/925
f 1008/1129/1008 832/944/832 905/1019/905
f 1010/1131/1010 906/1020/906 944/1063/944
f 1011/1132/1011 905/1019/905 812/921/812
f 1011/1132/1011 812/921/812 954/1073/954
f 986/1133/986 895/1134/895 894/1008/894
f 972/1105/972 880/994/880 1012/1135/1012
f 987/1107/987 1013/1136/1013 833/945/833
f 1014/1137/1014 882/996/882 992/1112/992
f 1015/1138/1015 836/948/836 991/1111/991
f 1016/1139/1016 838/950/838 913/1027/913
f 913/1027/913 960/1079/960 1017/1140/1017
f 899/1013/899 792/898/792 947/1066/947
f 1018/1141/1018 883/997/883 976/1095/976
f 978/1097/978 994/1114/994 915/1029/915
f 998/1119/998 901/1033/901 917/1142/917
f 1019/1143/1019 948/1144/948 998/1145/998
f 1019/1146/1019 1020/1147/1020 948/1067/948
f 999/1120/999 932/1051/932 920/1037/920
f 1021/1148/1021 999/1120/999 963/1082/963
f 963/1082/963 887/1001/887 964/1083/964
f 888/1002/888 950/1069/950 964/1083/964
f 1001/1122/1001 827/939/827 846/959/846
f 965/1084/965 871/985/871 870/984/870
f 965/1084/965 922/1039/922 871/985/871
f 1022/1149/1022 845/958/845 889/1003/889
f 952/1071/952 1023/1150/1023 891/1005/891
f 874/988/874 808/917/808 891/1005/891
f 1024/1151/1024 876/990/876 936/1055/936
f 1025/1152/1025 903/1017/903 876/990/876
f 937/1056/937 903/1017/903 1005/1126/1005
f 924/1041/924 1026/1153/1026 893/1007/893
f 942/1061/942 892/1006/892 968/1087/968
f 925/1042/925 970/1089/970 1027/1154/1027
f 986/1106/986 987/1107/987 896/1010/896
f 880/994/880 908/1022/908 1012/1135/1012
f 833/945/833 1013/1136/1013 973/1092/973
f 973/1092/973 927/1046/927 897/1011/897
f 956/1075/956 856/970/856 945/1064/945
f 988/1108/988 1028/1155/1028 910/1024/910
f 1028/1155/1028 957/1076/957 910/1024/910
f 911/1025/911 771/877/771 990/1110/990
f 990/1110/990 898/1012/898 1029/1156/1029
f 912/1026/912 1030/1157/1030 946/1065/946
f 882/996/882 1014/1137/1014 1031/1158/1031
f 839/951/839 975/1094/975 861/975/861
f 991/1111/991 1032/1159/1032 1015/1138/1015
f 836/948/836 1015/1138/1015 841/953/841
f 883/997/883 1018/1141/1018 977/1096/977
f 977/1096/977 1033/1160/1033 884/998/884
f 900/1014/900 863/977/863 993/1113/993
f 995/1115/995 865/979/865 1034/1161/1034
f 1034/1161/1034 865/979/865 997/1117/997
f 997/1117/997 980/1099/980 1035/1162/1035
f 917/1142/917 1036/1163/1036 998/1119/998
f 980/1099/980 1037/1164/1037 1035/1162/1035
f 980/1099/980 931/1165/931 1037/1164/1037
f 980/1099/980 930/1049/930 931/1165/931
f 932/1051/932 1038/1166/1038 931/1050/931
f 921/1038/921 1039/1167/1039 933/1052/933
f 933/1052/933 1039/1167/1039 1000/1121/1000
f 1001/1122/1001 951/1070/951 827/939/827
f 847/960/847 952/1071/952 891/1005/891
f 966/1085/966 1006/1127/1006 938/1057/938
f 950/1069/950 939/1058/939 1006/1127/1006
f 937/1056/937 1005/1126/1005 966/1085/966
f 924/1041/924 942/1061/942 1026/1153/1026
f 849/962/849 969/1088/969 1040/1168/1040
f 943/1062/943 985/1104/985 969/1088/969
f 925/1042/925 1027/1154/1027 1009/1130/1009
f 985/1104/985 904/1018/904 1008/1129/1008
f 907/1021/907 971/1090/971 926/1043/926
f 908/1022/908 1041/1169/1041 1012/1135/1012
f 908/1022/908 1042/1170/1042 1041/1169/1041
f 908/1022/908 855/969/855 1042/1170/1042
f 955/1074/955 1043/1171/1043 974/1093/974
f 955/1074/955 956/1075/956 1044/1172/1044
f 911/1025/911 1045/1173/1045 945/1064/945
f 882/996/882 1031/1158/1031 1046/1174/1046
f 838/950/838 1016/1139/1016 928/1047/928
f 841/953/841 1047/1175/1047 976/1095/976
f 1048/1176/1048 1033/1160/1033 977/1096/977
f 914/1028/914 1049/1177/1049 993/1113/993
f 979/1098/979 817/926/817 995/1115/995
f 994/1114/994 961/1080/961 916/1030/916
f 929/1048/929 1050/1178/1050 917/1031/917
f 917/1142/917 1050/1179/1050 1036/1163/1036
f 999/1120/999 1038/1166/1038 932/1051/932
f 1020/1147/1020 1051/1180/1051 948/1067/948
f 999/1120/999 1021/1148/1021 1052/1181/1052
f 1052/1181/1052 1038/1166/1038 999/1120/999
f 981/1100/981 962/1081/962 1053/1182/1053
f 981/1100/981 1053/1182/1053 1054/1183/1054
f 981/1100/981 1054/1183/1054 1039/1167/1039
f 981/1100/981 1039/1167/1039 921/1038/921
f 934/1053/934 1000/1121/1000 1001/1122/1001
f 1002/1123/1002 1003/1124/1003 890/1004/890
f 922/1039/922 965/1084/965 1055/1184/1055
f 1023/1150/1023 952/1071/952 1056/1185/1056
f 891/1005/891 1023/1150/1023 1056/1185/1056
f 891/1005/891 1056/1185/1056 874/988/874
f 1025/1152/1025 1057/1186/1057 903/1017/903
f 903/1017/903 1057/1186/1057 1004/1125/1004
f 970/1089/970 983/1102/983 1058/1187/1058
f 940/1059/940 953/1072/953 1007/1128/1007
f 1026/1153/1026 984/1103/984 893/1007/893
f 969/1088/969 985/1104/985 1059/1188/1059
f 1010/1131/1010 1060/1189/1060 906/1020/906
f 906/1020/906 1060/1189/1060 971/1090/971
f 894/1008/894 926/1043/926 1061/1190/1061
f 894/1008/894 1061/1190/1061 986/1133/986
f 855/969/855 1062/1191/1062 1042/1170/1042
f 855/969/855 974/1093/974 1062/1191/1062
f 1028/1155/1028 1063/1192/1063 957/1076/957
f 1064/1193/1064 911/1025/911 1065/1194/1065
f 989/1109/989 957/1076/957 1066/1195/1066
f 898/1012/898 959/1078/959 1029/1156/1029
f 989/1109/989 1030/1157/1030 912/1026/912
f 958/1077/958 882/996/882 1046/1174/1046
f 900/1014/900 1067/1196/1067 1068/1197/1068
f 1033/1160/1033 978/1097/978 884/998/884
f 978/1097/978 1069/1198/1069 994/1114/994
f 1037/1199/1037 1070/1200/1070 1035/1201/1035
f 931/1050/931 1070/1200/1070 1037/1199/1037
f 1019/1146/1019 998/1119/998 1071/1202/1071
f 1019/1146/1019 1071/1202/1071 1072/1203/1072
f 1020/1147/1020 1019/1146/1019 1051/1180/1051
f 1051/1180/1051 962/1081/962 948/1067/948
f 935/1054/935 951/1070/951 1073/1204/1073
f 872/986/872 922/1039/922 1074/1205/1074
f 873/987/873 982/1101/982 889/1003/889
f 1022/1149/1022 1002/1123/1002 845/958/845
f 876/990/876 1024/1151/1024 1025/1152/1025
f 1007/1128/1007 983/1102/983 967/1086/967
f 849/962/849 1040/1168/1040 968/1087/968
f 944/1063/944 1009/1130/1009 1010/1131/1010
f 905/1019/905 1011/1132/1011 1075/1206/1075
f 974/1093/974 1043/1171/1043 1062/1191/1062
f 927/1046/927 973/1092/973 1076/1207/1076
f 1043/1171/1043 955/1074/955 1044/1172/1044
f 927/1046/927 1076/1207/1076 909/1023/909
f 1076/1207/1076 1077/1208/1077 909/1023/909
f 909/1023/909 1077/1208/1077 988/1108/988
f 945/1064/945 1078/1209/1078 956/1075/956
f 911/1025/911 1064/1193/1064 1079/1210/1079
f 911/1025/911 1080/1211/1080 1065/1194/1065
f 959/1078/959 1081/1212/1081 1029/1156/1029
f 991/1111/991 946/1065/946 1032/1159/1032
f 861/975/861 975/1094/975 992/1112/992
f 1015/1138/1015 1047/1175/1047 841/953/841
f 1047/1175/1047 1018/1141/1018 976/1095/976
f 1018/1141/1018 1048/1176/1048 977/1096/977
f 947/1066/947 900/1014/900 1068/1197/1068
f 1067/1196/1067 900/1014/900 993/1113/993
f 914/1028/914 979/1098/979 1049/1177/1049
f 995/1115/995 1034/1161/1034 1082/1213/1082
f 1034/1161/1034 997/1117/997 1082/1213/1082
f 931/1050/931 1038/1166/1038 1070/1200/1070
f 1039/1167/1039 1083/1214/1083 1000/1121/1000
f 950/1069/950 1084/1215/1084 964/1083/964
f 935/1054/935 1073/1204/1073 1085/1216/1085
f 1085/1216/1085 965/1084/965 935/1054/935
f 965/1084/965 1085/1216/1085 1055/1184/1055
f 872/986/872 1086/1217/1086 982/1101/982
f 1022/1149/1022 889/1003/889 1087/1218/1087
f 923/1040/923 1056/1185/1056 1088/1219/1088
f 1005/1126/1005 1006/1127/1006 966/1085/966
f 1089/1220/1089 983/1102/983 1007/1128/1007
f 1090/1221/1090 1007/1128/1007 953/1072/953
f 984/1103/984 1090/1221/1090 953/1072/953
f 984/1103/984 1026/1153/1026 1090/1221/1090
f 1009/1130/1009 1091/1222/1091 1010/1131/1010
f 905/1019/905 1075/1206/1075 1008/1129/1008
f 1011/1132/1011 954/1073/954 1092/1223/1092
f 1078/1209/1078 1044/1172/1044 956/1075/956
f 911/1025/911 990/1110/990 1080/1211/1080
f 959/1078/959 958/1077/958 1093/1224/1093
f 975/1094/975 1094/1225/1094 992/1112/992
f 975/1094/975 928/1047/928 1016/1139/1016
f 1016/1139/1016 913/1027/913 1095/1226/1095
f 1096/1227/1096 913/1027/913 1017/1140/1017
f 960/1079/960 947/1066/947 1097/1228/1097
f 1033/1160/1033 1069/1198/1069 978/1097/978
f 993/1113/993 1049/1177/1049 1098/1229/1098
f 1082/1213/1082 1099/1230/1099 995/1115/995
f 996/1116/996 1050/1178/1050 929/1048/929
f 997/1117/997 1070/1231/1070 1100/1232/1100
f 997/1117/997 1035/1162/1035 1070/1231/1070
f 1051/1180/1051 1053/1182/1053 962/1081/962
f 1053/1182/1053 1101/1233/1101 1054/1183/1054
f 1001/1122/1001 1000/1121/1000 1083/1214/1083
f 950/1069/950 1006/1127/1006 1084/1215/1084
f 1074/1205/1074 1086/1217/1086 872/986/872
f 889/1003/889 982/1101/982 1102/1234/1102
f 889/1003/889 1102/1234/1102 1087/1218/1087
f 1056/1185/1056 1003/1124/1003 1103/1235/1103
f 1003/1124/1003 1056/1185/1056 952/1071/952
f 874/988/874 1056/1185/1056 923/1040/923
f 923/1040/923 1088/1219/1088 936/1055/936
f 1057/1186/1057 1005/1126/1005 1004/1125/1004
f 1005/1126/1005 1104/1236/1104 1006/1127/1006
f 983/1102/983 1105/1237/1105 1058/1187/1058
f 968/1087/968 1106/1238/1106 942/1061/942
f 969/1088/969 1059/1188/1059 1040/1168/1040
f 970/1089/970 1058/1187/1058 1027/1154/1027
f 971/1090/971 1107/1239/1107 926/1043/926
f 1061/1190/1061 1108/1240/1108 986/1133/986
f 1012/1135/1012 1109/1241/1109 972/1105/972
f 1012/1135/1012 1041/1169/1041 1109/1241/1109
f 986/1106/986 1108/1242/1108 987/1107/987
f 1044/1172/1044 1110/1243/1110 1043/1171/1043
f 988/1108/988 1111/1244/1111 1028/1155/1028
f 1028/1155/1028 1111/1244/1111 1063/1192/1063
f 911/1025/911 1079/1210/1079 1045/1173/1045
f 1063/1192/1063 1066/1195/1066 957/1076/957
f 1029/1156/1029 1081/1212/1081 1080/1211/1080
f 1112/1245/1112 959/1078/959 1093/1224/1093
f 1030/1157/1030 1113/1246/1113 946/1065/946
f 946/1065/946 1113/1246/1113 1032/1159/1032
f 913/1027/913 1096/1227/1096 1095/1226/1095
f 1068/1197/1068 1067/1196/1067 1114/1247/1114
f 994/1114/994 1115/1248/1115 961/1080/961
f 979/1098/979 995/1115/995 1116/1249/1116
f 1036/1163/1036 1071/1202/1071 998/1119/998
f 1070/1200/1070 1038/1166/1038 1117/1250/1117
f 1038/1166/1038 1118/1251/1118 1117/1250/1117
f 1019/1146/1019 1072/1203/1072 1051/1180/1051
f 1038/1166/1038 1052/1181/1052 1118/1251/1118
f 1051/1180/1051 1119/1252/1119 1053/1182/1053
f 964/1083/964 1120/1253/1120 963/1082/963
f 951/1070/951 1121/1254/1121 1073/1204/1073
f 1025/1152/1025 1122/1255/1122 1057/1186/1057
f 1090/1221/1090 1123/1256/1123 1007/1128/1007
f 1026/1153/1026 1124/1257/1124 1090/1221/1090
f 1109/1241/1109 1125/1258/1125 972/1105/972
f 1043/1171/1043 1126/1259/1126 1062/1191/1062
f 1076/1207/1076 1127/1260/1127 1077/1208/1077
f 1045/1173/1045 1079/1210/1079 1128/1261/1128
f 1064/1193/1064 1065/1194/1065 1079/1210/1079
f 989/1109/989 1066/1195/1066 1129/1262/1129
f 989/1109/989 1129/1262/1129 1030/1157/1030
f 959/1078/959 1112/1245/1112 1081/1212/1081
f 1014/1137/1014 992/1112/992 1130/1263/1130
f 975/1094/975 1016/1139/1016 1131/1264/1131
f 1132/1265/1132 1047/1175/1047 1015/1138/1015
f 1095/1226/1095 1096/1227/1096 1133/1266/1133
f 1018/1141/1018 1134/1267/1134 1048/1176/1048
f 1048/1176/1048 1135/1268/1135 1033/1160/1033
f 979/1098/979 1116/1249/1116 1049/1177/1049
f 1082/1213/1082 997/1117/997 1100/1232/1100
f 1050/1179/1050 1136/1269/1136 1036/1163/1036
f 1036/1163/1036 1072/1203/1072 1071/1202/1071
f 1070/1200/1070 1117/1250/1117 1100/1270/1100
f 963/1082/963 1137/1271/1137 1021/1148/1021
f 1101/1233/1101 1039/1167/1039 1054/1183/1054
f 1001/1122/1001 1121/1254/1121 951/1070/951
f 1138/1272/1138 922/1039/922 1055/1184/1055
f 1086/1217/1086 1139/1273/1139 982/1101/982
f 1139/1273/1139 1102/1234/1102 982/1101/982
f 1140/1274/1140 1022/1149/1022 1087/1218/1087
f 1085/1216/1085 1141/1275/1141 1142/1276/1142
f 942/1061/942 1106/1238/1106 1026/1153/1026
f 1040/1168/1040 1106/1238/1106 968/1087/968
f 1059/1188/1059 1143/1277/1143 1040/1168/1040
f 1009/1130/1009 1027/1154/1027 1144/1278/1144
f 1008/1129/1008 1145/1279/1145 985/1104/985
f 954/1073/954 1146/1280/1146 1092/1223/1092
f 972/1091/972 1146/1280/1146 954/1073/954
f 926/1043/926 1147/1281/1147 1061/1190/1061
f 1061/1190/1061 1147/1281/1147 1148/1282/1148
f 1062/1191/1062 1126/1259/1126 1042/1170/1042
f 1044/1172/1044 1078/1209/1078 1149/1283/1149
f 1078/1209/1078 945/1064/945 1045/1173/1045
f 1094/1225/1094 975/1094/975 1150/1284/1150
f 975/1094/975 1131/1264/1131 1150/1284/1150
f 1015/1138/1015 1032/1159/1032 1132/1265/1132
f 960/1079/960 1097/1228/1097 1017/1140/1017
f 1135/1268/1135 1069/1198/1069 1033/1160/1033
f 993/1113/993 1098/1229/1098 1151/1285/1151
f 1115/1248/1115 1152/1286/1152 961/1080/961
f 961/1080/961 1152/1286/1152 996/1116/996
f 1050/1178/1050 996/1116/996 1136/1287/1136
f 1053/1182/1053 1119/1252/1119 1101/1233/1101
f 1039/1167/1039 1153/1288/1153 1083/1214/1083
f 1153/1288/1153 1154/1289/1154 1083/1214/1083
f 1001/1122/1001 1155/1290/1155 1121/1254/1121
f 1055/1184/1055 1156/1291/1156 1138/1272/1138
f 1138/1272/1138 1156/1291/1156 922/1039/922
f 1024/1151/1024 936/1055/936 1088/1219/1088
f 1089/1220/1089 1007/1128/1007 1123/1256/1123
f 1157/1292/1157 1106/1238/1106 1040/1168/1040
f 1157/1292/1157 1040/1168/1040 1143/1277/1143
f 1027/1154/1027 1058/1187/1058 1158/1293/1158
f 1158/1293/1158 1058/1187/1058 1105/1237/1105
f 1091/1222/1091 1009/1130/1009 1144/1278/1144
f 1145/1279/1145 1008/1129/1008 1159/1294/1159
f 1159/1294/1159 1008/1129/1008 1075/1206/1075
f 1160/1295/1160 1060/1189/1060 1010/1131/1010
f 1107/1239/1107 971/1090/971 1060/1189/1060
f 1147/1281/1147 926/1043/926 1107/1239/1107
f 1146/1280/1146 972/1091/972 1125/1296/1125
f 1148/1282/1148 1108/1240/1108 1061/1190/1061
f 1161/1297/1161 1013/1136/1013 987/1107/987
f 1162/1298/1162 1110/1243/1110 1044/1172/1044
f 1127/1260/1127 1163/1299/1163 1077/1208/1077
f 990/1110/990 1029/1156/1029 1080/1211/1080
f 1164/1300/1164 1129/1262/1129 1066/1195/1066
f 1093/1224/1093 958/1077/958 1112/1245/1112
f 958/1077/958 1046/1174/1046 1112/1245/1112
f 1150/1284/1150 1131/1264/1131 1016/1139/1016
f 1134/1267/1134 1135/1268/1135 1048/1176/1048
f 1067/1196/1067 993/1113/993 1151/1285/1151
f 1165/1301/1165 1099/1230/1099 1082/1213/1082
f 1166/1302/1166 1120/1253/1120 964/1083/964
f 1084/1215/1084 1166/1302/1166 964/1083/964
f 1155/1290/1155 1001/1122/1001 1083/1214/1083
f 1121/1254/1121 1085/1216/1085 1073/1204/1073
f 1087/1218/1087 1102/1234/1102 1139/1273/1139
f 1024/1151/1024 1167/1303/1167 1025/1152/1025
f 1167/1303/1167 1122/1255/1122 1025/1152/1025
f 1005/1126/1005 1122/1255/1122 1168/1304/1168
f 983/1102/983 1089/1220/1089 1105/1237/1105
f 1026/1153/1026 1106/1238/1106 1124/1257/1124
f 1145/1279/1145 1169/1305/1169 985/1104/985
f 1160/1295/1160 1170/1306/1170 1060/1189/1060
f 1170/1306/1170 1107/1239/1107 1060/1189/1060
f 1108/1242/1108 1171/1307/1171 987/1107/987
f 1161/1297/1161 1172/1308/1172 1013/1136/1013
f 1172/1308/1172 973/1092/973 1013/1136/1013
f 1076/1207/1076 973/1092/973 1127/1260/1127
f 1162/1298/1162 1044/1172/1044 1149/1283/1149
f 1149/1283/1149 1078/1209/1078 1162/1298/1162
f 1077/1208/1077 1163/1299/1163 988/1108/988
f 988/1108/988 1163/1299/1163 1111/1244/1111
f 1078/1209/1078 1045/1173/1045 1173/1309/1173
f 1111/1244/1111 1174/1310/1174 1063/1192/1063
f 1063/1192/1063 1164/1300/1164 1066/1195/1066
f 1129/1262/1129 1113/1246/1113 1030/1157/1030
f 1175/1311/1175 1046/1174/1046 1176/1312/1176
f 1016/1139/1016 1095/1226/1095 1177/1313/1177
f 1132/1265/1132 1178/1314/1178 1047/1175/1047
f 1047/1175/1047 1134/1267/1134 1018/1141/1018
f 995/1115/995 1099/1230/1099 1116/1249/1116
f 1179/1315/1179 1072/1203/1072 1036/1163/1036
f 1118/1251/1118 1180/1316/1180 1117/1250/1117
f 1119/1252/1119 1051/1180/1051 1072/1203/1072
f 1021/1148/1021 1137/1271/1137 1052/1181/1052
f 1083/1214/1083 1154/1289/1154 1155/1290/1155
f 1006/1127/1006 1104/1236/1104 1181/1317/1181
f 1055/1184/1055 1182/1318/1182 1156/1291/1156
f 1156/1291/1156 1074/1205/1074 922/1039/922
f 1022/1149/1022 1140/1274/1140 1002/1123/1002
f 1002/1123/1002 1140/1274/1140 1003/1124/1003
f 1056/1185/1056 1024/1151/1024 1088/1219/1088
f 1183/1319/1183 1122/1255/1122 1024/1151/1024
f 1057/1186/1057 1122/1255/1122 1005/1126/1005
f 1027/1154/1027 1158/1293/1158 1184/1320/1184
f 1075/1206/1075 1011/1132/1011 1185/1321/1185
f 1041/1169/1041 1042/1170/1042 1109/1241/1109
f 1126/1259/1126 1043/1171/1043 1110/1243/1110
f 1174/1310/1174 1164/1300/1164 1063/1192/1063
f 1129/1262/1129 1186/1322/1186 1113/1246/1113
f 1031/1158/1031 1176/1312/1176 1046/1174/1046
f 1014/1137/1014 1187/1323/1187 1031/1158/1031
f 1032/1159/1032 1188/1324/1188 1132/1265/1132
f 1016/1139/1016 1177/1313/1177 1150/1284/1150
f 1095/1226/1095 1189/1325/1189 1177/1313/1177
f 947/1066/947 1068/1197/1068 1097/1228/1097
f 1067/1196/1067 1151/1285/1151 1190/1326/1190
f 1049/1177/1049 1191/1327/1191 1098/1229/1098
f 1049/1177/1049 1116/1249/1116 1191/1327/1191
f 1082/1213/1082 1100/1232/1100 1165/1301/1165
f 1120/1253/1120 1192/1328/1192 963/1082/963
f 1039/1167/1039 1193/1329/1193 1153/1288/1153
f 1084/1215/1084 1006/1127/1006 1166/1302/1166
f 1085/1216/1085 1142/1276/1142 1055/1184/1055
f 1156/1291/1156 1182/1318/1182 1074/1205/1074
f 1139/1273/1139 1086/1217/1086 1194/1330/1194
f 1195/1331/1195 1024/1151/1024 1056/1185/1056
f 1143/1277/1143 1196/1332/1196 1157/1292/1157
f 1011/1132/1011 1092/1223/1092 1185/1321/1185
f 987/1333/987 1171/1334/1171 1161/1335/1161
f 1172/1308/1172 1197/1336/1197 973/1092/973
f 1110/1243/1110 1198/1337/1198 1126/1259/1126
f 1110/1243/1110 1162/1298/1162 1199/1338/1199
f 1162/1298/1162 1078/1209/1078 1173/1309/1173
f 1045/1173/1045 1128/1261/1128 1173/1309/1173
f 1112/1245/1112 1046/1174/1046 1175/1311/1175
f 1176/1312/1176 1031/1158/1031 1187/1323/1187
f 1113/1246/1113 1188/1324/1188 1032/1159/1032
f 992/1112/992 1094/1225/1094 1130/1263/1130
f 1095/1226/1095 1133/1266/1133 1189/1325/1189
f 1178/1314/1178 1134/1267/1134 1047/1175/1047
f 1096/1227/1096 1017/1140/1017 1133/1266/1133
f 1114/1247/1114 1067/1196/1067 1200/1339/1200
f 1067/1196/1067 1190/1326/1190 1201/1340/1201
f 1190/1326/1190 1202/1341/1202 1201/1340/1201
f 1190/1326/1190 1151/1285/1151 1202/1341/1202
f 1151/1285/1151 1098/1229/1098 1202/1341/1202
f 994/1114/994 1203/1342/1203 1204/1343/1204
f 994/1114/994 1204/1343/1204 1115/1248/1115
f 1099/1230/1099 1205/1344/1205 1116/1249/1116
f 1204/1343/1204 1152/1286/1152 1115/1248/1115
f 1136/1269/1136 1206/1345/1206 1036/1163/1036
f 1118/1251/1118 1052/1181/1052 1207/1346/1207
f 963/1082/963 1192/1328/1192 1137/1271/1137
f 1006/1127/1006 1181/1317/1181 1166/1302/1166
f 1121/1254/1121 1141/1275/1141 1085/1216/1085
f 1074/1205/1074 1208/1347/1208 1086/1217/1086
f 1087/1218/1087 1139/1273/1139 1209/1348/1209
f 1140/1274/1140 1210/1349/1210 1003/1124/1003
f 1027/1154/1027 1184/1320/1184 1144/1278/1144
f 985/1104/985 1169/1305/1169 1059/1188/1059
f 1144/1278/1144 1211/1350/1211 1091/1222/1091
f 1010/1131/1010 1091/1222/1091 1160/1295/1160
f 1159/1294/1159 1075/1206/1075 1185/1321/1185
f 1107/1239/1107 1212/1351/1212 1147/1281/1147
f 973/1092/973 1197/1336/1197 1127/1260/1127
f 1110/1243/1110 1199/1338/1199 1198/1337/1198
f 1173/1309/1173 1213/1352/1213 1162/1298/1162
f 1113/1246/1113 1186/1322/1186 1188/1324/1188
f 1014/1137/1014 1214/1353/1214 1187/1323/1187
f 1014/1137/1014 1215/1354/1215 1214/1353/1214
f 1014/1137/1014 1130/1263/1130 1215/1354/1215
f 1097/1228/1097 1216/1355/1216 1017/1140/1017
f 1068/1197/1068 1114/1247/1114 1217/1356/1217
f 1134/1267/1134 1218/1357/1218 1135/1268/1135
f 1069/1198/1069 1203/1342/1203 994/1114/994
f 1100/1270/1100 1117/1250/1117 1219/1358/1219
f 1118/1251/1118 1207/1346/1207 1180/1316/1180
f 1120/1253/1120 1166/1302/1166 1192/1328/1192
f 1155/1290/1155 1220/1359/1220 1121/1254/1121
f 1141/1275/1221 1221/1360/1222 1142/1276/1223
f 1056/1185/1056 1103/1235/1103 1222/1361/1224
f 1005/1126/1005 1168/1304/1168 1104/1236/1104
f 1089/1220/1089 1123/1256/1123 1105/1237/1105
f 1223/1362/1225 1123/1256/1123 1090/1221/1090
f 1124/1257/1124 1223/1362/1225 1090/1221/1090
f 1158/1293/1158 1224/1363/1226 1184/1320/1184
f 1158/1293/1158 1105/1237/1105 1225/1364/1227
f 1059/1188/1059 1169/1305/1169 1226/1365/1228
f 1108/1240/1108 1148/1282/1148 1171/1366/1171
f 1172/1367/1172 1227/1368/1229 1197/1369/1197
f 1126/1259/1126 1198/1337/1198 1228/1370/1230
f 1162/1298/1162 1213/1352/1213 1199/1338/1199
f 1163/1299/1163 1229/1371/1231 1111/1244/1111
f 1111/1244/1111 1229/1371/1231 1174/1310/1174
f 1065/1194/1065 1230/1372/1232 1079/1210/1079
f 1080/1211/1080 1231/1373/1233 1065/1194/1065
f 1080/1211/1080 1232/1374/1234 1231/1373/1233
f 1081/1212/1081 1112/1245/1112 1233/1375/1235
f 1094/1225/1094 1150/1284/1150 1130/1263/1130
f 1132/1376/1132 1234/1377/1236 1178/1378/1178
f 1133/1266/1133 1017/1140/1017 1216/1355/1216
f 1201/1340/1201 1200/1339/1200 1067/1196/1067
f 1135/1268/1135 1235/1379/1237 1069/1198/1069
f 1098/1229/1098 1236/1380/1238 1202/1341/1202
f 1098/1229/1098 1191/1327/1191 1236/1380/1238
f 996/1381/996 1152/411/1152 1136/1382/1136
f 1100/1232/1100 1219/1383/1219 1165/1301/1165
f 1052/1181/1052 1137/1271/1137 1207/1346/1207
f 1193/1329/1193 1237/1384/1239 1153/1288/1153
f 1153/1288/1153 1237/1384/1239 1154/1289/1154
f 1003/1124/1003 1210/1349/1210 1103/1235/1103
f 1024/1151/1024 1122/1255/1122 1167/1303/1167
f 1105/1237/1105 1123/1256/1123 1238/1385/1240
f 1157/1292/1157 1239/1386/1241 1106/1238/1106
f 1059/1188/1059 1226/1365/1228 1143/1277/1143
f 1144/1278/1144 1184/1320/1184 1211/1350/1211
f 1161/1387/1161 1227/1368/1229 1172/1367/1172
f 1079/1210/1079 1230/1372/1232 1128/1261/1128
f 1129/1262/1129 1240/1388/1242 1186/1322/1186
f 1234/1377/1236 1132/1376/1132 1188/1389/1188
f 1141/1275/1221 1241/1390/1243 1221/1360/1222
f 1221/1360/1222 1241/1390/1243 1142/1276/1223
f 1139/1273/1139 1194/1330/1194 1209/1348/1209
f 1222/1361/1224 1242/1391/1244 1056/1185/1056
f 1106/1238/1106 1239/1386/1241 1124/1257/1124
f 1081/1212/1081 1232/1374/1234 1080/1211/1080
f 1081/1212/1081 1233/1375/1235 1232/1374/1234
f 1176/1312/1176 1187/1323/1187 1175/1311/1175
f 1243/1392/1245 1150/1284/1150 1189/1325/1189
f 1150/1284/1150 1177/1313/1177 1189/1325/1189
f 1178/1314/1178 1218/1357/1218 1134/1267/1134
f 1097/1228/1097 1068/1197/1068 1217/1356/1217
f 1218/1393/1218 1235/1394/1237 1135/1395/1135
f 1244/1396/1246 1203/1342/1203 1069/1198/1069
f 1152/1397/1152 1245/1398/1247 1136/1381/1136
f 1101/1233/1101 1193/1329/1193 1039/1167/1039
f 1086/1217/1086 1246/1399/1248 1194/1330/1194
f 1087/1218/1087 1209/1348/1209 1140/1274/1140
f 1140/1274/1140 1247/1400/1249 1210/1349/1210
f 1238/1385/1240 1225/1364/1227 1105/1237/1105
f 1157/1292/1157 1196/1332/1196 1239/1386/1241
f 1143/1277/1143 1226/1365/1228 1196/1332/1196
f 1158/1293/1158 1225/1364/1227 1224/1363/1226
f 1159/1294/1159 1248/1401/1250 1145/1279/1145
f 1160/1295/1160 1091/1222/1091 1249/1402/1251
f 1159/1294/1159 1185/1321/1185 1248/1401/1250
f 1092/1223/1092 1250/1403/1252 1185/1321/1185
f 1092/1223/1092 1251/1404/1253 1250/1403/1252
f 1146/1280/1146 1251/1404/1253 1092/1223/1092
f 1146/1280/1146 1125/1296/1125 1251/1404/1253
f 1042/1170/1042 1252/1405/1254 1109/1241/1109
f 1164/1300/1164 1240/1388/1242 1129/1262/1129
f 1233/1375/1235 1112/1245/1112 1175/1311/1175
f 1214/1353/1214 1215/1354/1215 1187/1323/1187
f 1234/1377/1236 1218/1393/1218 1178/1378/1178
f 1097/1228/1097 1217/1356/1217 1216/1355/1216
f 1201/1340/1201 1202/1341/1202 1200/1339/1200
f 1191/1327/1191 1116/1249/1116 1253/1406/1255
f 1165/1301/1165 1205/1344/1205 1099/1230/1099
f 1165/1301/1165 1254/1407/1256 1255/1408/1257
f 1206/1345/1206 1179/1315/1179 1036/1163/1036
f 1207/1346/1207 1256/1409/1258 1180/1316/1180
f 1208/1347/1208 1074/1205/1074 1246/1399/1248
f 1103/1235/1103 1257/1410/1259 1222/1361/1224
f 1195/1331/1195 1056/1185/1056 1242/1391/1244
f 1184/1320/1184 1258/1411/1260 1211/1350/1211
f 1258/1411/1260 1184/1320/1184 1224/1363/1226
f 1211/1350/1211 1259/1412/1261 1091/1222/1091
f 1107/1239/1107 1170/1306/1170 1212/1351/1212
f 1042/1170/1042 1228/1370/1230 1252/1405/1254
f 1042/1170/1042 1126/1259/1126 1228/1370/1230
f 1173/1309/1173 1260/1413/1262 1261/1414/1263
f 1173/1309/1173 1128/1261/1128 1260/1413/1262
f 1230/1372/1232 1260/1413/1262 1128/1261/1128
f 1174/1415/1174 1262/1416/1264 1164/1417/1164
f 1130/1263/1130 1150/1284/1150 1215/1354/1215
f 1235/1379/1237 1244/1396/1246 1069/1198/1069
f 1191/1327/1191 1253/1406/1255 1236/1380/1238
f 1244/1396/1246 1263/1418/1265 1203/1342/1203
f 1203/1419/1203 1263/1420/1265 1204/1421/1204
f 1204/1421/1204 1264/1422/1266 1152/1423/1152
f 1165/1301/1165 1219/1383/1219 1254/1407/1256
f 1072/1203/1072 1265/1424/1267 1119/1252/1119
f 1256/1409/1258 1266/1425/1268 1180/1316/1180
f 1267/1426/1269 1266/1425/1268 1207/1346/1207
f 1256/1409/1258 1207/1346/1207 1266/1425/1268
f 1220/1359/1220 1141/1275/1141 1121/1254/1121
f 1141/1427/1221 1142/1428/1223 1241/1429/1243
f 1086/1217/1086 1208/1347/1208 1246/1399/1248
f 1124/1257/1124 1239/1386/1241 1223/1362/1225
f 1211/1350/1211 1258/1411/1260 1268/1430/1270
f 1226/1365/1228 1169/1305/1169 1269/1431/1271
f 1211/1350/1211 1268/1430/1270 1259/1412/1261
f 1259/1412/1261 1249/1402/1251 1091/1222/1091
f 1198/1337/1198 1270/1432/1272 1228/1370/1230
f 1163/1433/1163 1271/1434/1273 1229/1435/1231
f 1229/1371/1231 1272/1436/1274 1174/1310/1174
f 1240/1437/1242 1188/1389/1188 1186/1438/1186
f 1216/1355/1216 1273/1439/1275 1133/1266/1133
f 1217/1356/1217 1114/1247/1114 1274/1440/1276
f 1263/1420/1265 1264/1422/1266 1204/1421/1204
f 1136/1441/1136 1275/1442/1277 1206/1443/1206
f 1180/1316/1180 1267/1426/1269 1276/1444/1278
f 1266/1425/1268 1267/1426/1269 1180/1316/1180
f 1193/1329/1193 1101/1233/1101 1277/1445/1279
f 1140/1274/1140 1209/1348/1209 1247/1400/1249
f 1123/1256/1123 1223/1362/1225 1238/1385/1240
f 1196/1332/1196 1226/1365/1228 1239/1386/1241
f 1160/1295/1160 1249/1402/1251 1170/1306/1170
f 1251/1404/1253 1278/1446/1280 1250/1403/1252
f 1147/1281/1147 1279/1447/1281 1148/1282/1148
f 1197/1369/1197 1280/1448/1282 1127/1449/1127
f 1164/1417/1164 1262/1416/1264 1240/1437/1242
f 1187/1323/1187 1281/1450/1283 1175/1311/1175
f 1187/1323/1187 1215/1354/1215 1282/1451/1284
f 1240/1437/1242 1234/1377/1236 1188/1389/1188
f 1189/1325/1189 1133/1266/1133 1243/1392/1245
f 1133/1266/1133 1283/1452/1285 1243/1392/1245
f 1283/1452/1285 1284/1453/1286 1243/1392/1245
f 1274/1440/1276 1114/1247/1114 1200/1339/1200
f 1202/1341/1202 1236/1380/1238 1285/1454/1287
f 1236/1380/1238 1253/1406/1255 1286/1455/1288
f 1244/1456/1246 1287/1457/1289 1263/1420/1265
f 1180/1316/1180 1276/1444/1278 1117/1250/1117
f 1119/1252/1119 1288/1458/1290 1101/1233/1101
f 1154/1289/1154 1237/1384/1239 1155/1290/1155
f 1104/1236/1104 1289/1459/1291 1181/1317/1181
f 1194/1330/1194 1290/1460/1292 1209/1348/1209
f 1122/1255/1122 1291/1461/1293 1168/1304/1168
f 1225/1364/1227 1292/1462/1294 1224/1363/1226
f 1226/1365/1228 1293/1463/1295 1239/1386/1241
f 1109/1241/1109 1294/1464/1296 1125/1258/1125
f 1109/1241/1109 1252/1405/1254 1294/1464/1296
f 1127/1449/1127 1271/1434/1273 1163/1433/1163
f 1272/1465/1274 1262/1416/1264 1174/1415/1174
f 1065/1194/1065 1231/1373/1233 1230/1372/1232
f 1283/1452/1285 1133/1266/1133 1284/1453/1286
f 1216/1355/1216 1217/1356/1217 1274/1440/1276
f 1116/1249/1116 1205/1344/1205 1253/1406/1255
f 1165/1301/1165 1255/1408/1257 1205/1344/1205
f 1219/1358/1219 1276/1444/1278 1254/1466/1256
f 1219/1358/1219 1117/1250/1117 1276/1444/1278
f 1101/1233/1101 1288/1458/1290 1277/1445/1279
f 1055/1184/1055 1295/1467/1297 1296/1468/1298
f 1055/1184/1055 1297/1469/1299 1182/1318/1182
f 1055/1184/1055 1296/1468/1298 1297/1469/1299
f 1074/1205/1074 1182/1318/1182 1246/1399/1248
f 1024/1151/1024 1195/1331/1195 1183/1319/1183
f 1183/1319/1183 1195/1331/1195 1298/1470/1300
f 1183/1319/1183 1298/1470/1300 1299/1471/1301
f 1183/1319/1183 1291/1461/1293 1122/1255/1122
f 1104/1236/1104 1168/1304/1168 1289/1459/1291
f 1169/1305/1169 1145/1279/1145 1269/1431/1271
f 1185/1321/1185 1250/1403/1252 1300/1472/1302
f 1170/1306/1170 1301/1473/1303 1212/1351/1212
f 1212/1351/1212 1279/1447/1281 1147/1281/1147
f 1228/1370/1230 1270/1432/1272 1302/1474/1304
f 1280/1448/1282 1271/1434/1273 1127/1449/1127
f 1213/1352/1213 1303/1475/1305 1199/1338/1199
f 1213/1352/1213 1173/1309/1173 1261/1414/1263
f 1150/1284/1150 1243/1392/1245 1282/1451/1284
f 1282/1451/1284 1243/1392/1245 1304/1476/1306
f 1133/1266/1133 1273/1439/1275 1284/1453/1286
f 1284/1453/1286 1273/1439/1275 1216/1355/1216
f 1245/1477/1247 1275/1442/1277 1136/1441/1136
f 1206/1345/1206 1305/1478/1307 1179/1315/1179
f 1237/1384/1239 1193/1329/1193 1306/1479/1308
f 1142/1276/1142 1295/1467/1297 1055/1184/1055
f 1307/1480/1292 1296/1468/1298 1295/1467/1297
f 1142/1276/1142 1307/1480/1292 1295/1467/1297
f 1307/1480/1292 1297/1469/1299 1296/1468/1298
f 1307/1480/1292 1182/1318/1182 1297/1469/1299
f 1242/1391/1244 1299/1471/1301 1195/1331/1195
f 1195/1331/1195 1299/1471/1301 1298/1470/1300
f 1308/1481/1309 1168/1304/1168 1291/1461/1293
f 1309/1482/1310 1289/1459/1291 1168/1304/1168
f 1292/1462/1294 1258/1411/1260 1224/1363/1226
f 1280/1448/1282 1197/1369/1197 1227/1368/1229
f 1231/1373/1233 1232/1374/1234 1310/1483/1311
f 1215/1354/1215 1150/1284/1150 1282/1451/1284
f 1218/1393/1218 1311/1484/1312 1235/1394/1237
f 1202/1341/1202 1285/1454/1287 1200/1339/1200
f 1263/1420/1265 1312/1485/1313 1264/1422/1266
f 1253/1406/1255 1205/1344/1205 1313/1486/1314
f 1264/1422/1266 1314/1487/1315 1152/1423/1152
f 1205/1344/1205 1255/1408/1257 1315/1488/1316
f 1072/1203/1072 1179/1315/1179 1305/1478/1307
f 1277/1445/1279 1306/1479/1308 1193/1329/1193
f 1210/1349/1210 1257/1410/1259 1103/1235/1103
f 1222/1361/1224 1316/1489/1317 1242/1391/1244
f 1145/1279/1145 1248/1401/1250 1317/1490/1318
f 1271/1434/1273 1272/1465/1274 1229/1435/1231
f 1232/1374/1234 1233/1375/1235 1310/1483/1311
f 1187/1323/1187 1318/1491/1319 1281/1450/1283
f 1236/1380/1238 1286/1455/1288 1285/1454/1287
f 1205/1344/1205 1315/1488/1316 1319/1492/1320
f 1245/1477/1247 1152/1423/1152 1275/1442/1277
f 1207/1346/1207 1137/1271/1137 1320/1493/1321
f 1220/1359/1220 1321/1494/1322 1141/1275/1141
f 1222/1361/1224 1257/1410/1259 1316/1489/1317
f 1185/1321/1185 1300/1472/1302 1248/1401/1250
f 1171/1495/1171 1322/1496/1323 1161/1387/1161
f 1161/1387/1161 1322/1496/1323 1227/1368/1229
f 1323/1497/1324 1324/1498/1325 1230/1372/1232
f 1231/1373/1233 1310/1483/1311 1325/1499/1326
f 1175/1311/1175 1281/1450/1283 1318/1491/1319
f 1235/1394/1237 1326/1500/1327 1244/1456/1246
f 1286/1455/1288 1253/1406/1255 1327/1501/1328
f 1326/1500/1327 1287/1457/1289 1244/1456/1246
f 1205/1344/1205 1319/1492/1320 1313/1486/1314
f 1192/1328/1192 1320/1493/1321 1137/1271/1137
f 1181/1317/1181 1289/1459/1291 1166/1302/1166
f 1226/1365/1228 1328/1502/1329 1293/1463/1295
f 1258/1411/1260 1329/1503/1330 1268/1430/1270
f 1199/1338/1199 1303/1475/1305 1198/1337/1198
f 1260/1413/1262 1230/1372/1232 1324/1498/1325
f 1231/1373/1233 1325/1499/1326 1230/1372/1232
f 1200/1339/1200 1285/1454/1287 1330/1504/1331
f 1152/1423/1152 1314/1487/1315 1275/1442/1277
f 1254/1407/1256 1331/1505/1332 1255/1408/1257
f 1119/1252/1119 1265/1424/1267 1332/1506/1333
f 1119/1252/1119 1332/1506/1333 1288/1458/1290
f 1320/1493/1321 1267/1426/1269 1207/1346/1207
f 1237/1384/1239 1333/1507/1334 1155/1290/1155
f 1328/1502/1329 1226/1365/1228 1269/1431/1271
f 1278/1446/1280 1251/1404/1253 1125/1296/1125
f 1334/1508/1335 1294/1464/1296 1252/1405/1254
f 1335/1509/1336 1322/1496/1323 1171/1495/1171
f 1270/1432/1272 1198/1337/1198 1302/1474/1304
f 1336/1510/1337 1213/1352/1213 1261/1414/1263
f 1260/1413/1262 1324/1498/1325 1261/1414/1263
f 1233/1375/1235 1175/1311/1175 1337/1511/1338
f 1338/1512/1339 1216/1355/1216 1274/1440/1276
f 1253/1406/1255 1313/1486/1314 1339/1513/1340
f 1319/1492/1320 1315/1488/1316 1340/1514/1341
f 1341/1515/1342 1254/1466/1256 1276/1444/1278
f 1142/1276/1142 1342/1516/1343 1307/1480/1292
f 1145/1279/1145 1343/1517/1344 1269/1431/1271
f 1259/1412/1261 1268/1430/1270 1344/1518/1345
f 1317/1490/1318 1343/1517/1344 1145/1279/1145
f 1317/1490/1318 1248/1401/1250 1300/1472/1302
f 1250/1403/1252 1345/1519/1346 1300/1472/1302
f 1278/1446/1280 1345/1519/1346 1250/1403/1252
f 1310/1483/1311 1233/1375/1235 1337/1511/1338
f 1318/1491/1319 1187/1323/1187 1282/1451/1284
f 1235/1394/1237 1311/1484/1312 1326/1500/1327
f 1286/1455/1288 1327/1501/1328 1346/1520/1347
f 1254/1466/1256 1341/1515/1342 1347/1521/1348
f 1305/1478/1307 1265/1424/1267 1072/1203/1072
f 1155/1290/1155 1333/1507/1334 1220/1359/1220
f 1258/1411/1260 1292/1462/1294 1348/1522/1349
f 1225/1364/1227 1238/1385/1240 1292/1462/1294
f 1301/1473/1303 1349/1523/1350 1212/1351/1212
f 1212/1351/1212 1349/1523/1350 1279/1447/1281
f 1148/1282/1148 1279/1447/1281 1171/1366/1171
f 1252/1405/1254 1228/1370/1230 1350/1524/1351
f 1198/1337/1198 1336/1510/1337 1302/1474/1304
f 1198/1337/1198 1303/1475/1305 1336/1510/1337
f 1213/1352/1213 1336/1510/1337 1303/1475/1305
f 1216/1355/1216 1338/1512/1339 1284/1453/1286
f 1274/1440/1276 1200/1339/1200 1338/1512/1339
f 1286/1455/1288 1346/1520/1347 1285/1454/1287
f 1327/1501/1328 1253/1406/1255 1339/1513/1340
f 1312/1485/1313 1314/1487/1315 1264/1422/1266
f 1206/1443/1206 1275/1442/1277 1305/1525/1307
f 1254/1407/1256 1347/1526/1348 1331/1505/1332
f 1276/1444/1278 1267/1426/1269 1351/1527/1352
f 1192/1328/1192 1166/1302/1166 1320/1493/1321
f 1293/1463/1295 1328/1502/1329 1239/1386/1241
f 1258/1411/1260 1348/1522/1349 1329/1503/1330
f 1259/1412/1261 1344/1518/1345 1249/1402/1251
f 1171/1366/1171 1279/1447/1281 1352/1528/1353
f 1228/1370/1230 1302/1474/1304 1350/1524/1351
f 1230/1372/1232 1325/1499/1326 1323/1497/1324
f 1353/1529/1354 1218/1393/1218 1234/1377/1236
f 1341/1515/1342 1276/1444/1278 1351/1527/1352
f 1289/1459/1291 1354/1530/1355 1166/1302/1166
f 1343/1517/1344 1355/1531/1356 1269/1431/1271
f 1125/1296/1125 1294/1532/1296 1356/1533/1357
f 1227/1368/1229 1357/1534/1358 1280/1448/1282
f 1319/1492/1320 1340/1514/1341 1339/1513/1340
f 1313/1486/1314 1319/1492/1320 1339/1513/1340
f 1269/1431/1271 1358/1535/1359 1328/1502/1329
f 1125/1296/1125 1356/1533/1357 1278/1446/1280
f 1171/1495/1171 1352/1536/1353 1335/1509/1336
f 1325/1499/1326 1359/1537/1360 1323/1497/1324
f 1285/1454/1287 1346/1520/1347 1330/1504/1331
f 1341/1515/1342 1351/1527/1352 1347/1521/1348
f 1320/1493/1321 1166/1302/1166 1360/1538/1361
f 1308/1481/1309 1309/1482/1310 1168/1304/1168
f 1227/1368/1229 1322/1496/1323 1357/1534/1358
f 1261/1414/1263 1361/1539/1362 1336/1510/1337
f 1304/1476/1306 1243/1392/1245 1362/1540/1363
f 1339/1513/1340 1363/1541/1364 1327/1501/1328
f 1340/1514/1341 1315/1488/1316 1364/1542/1365
f 1290/1460/1292 1247/1400/1249 1209/1348/1209
f 1210/1349/1210 1365/1543/1366 1257/1410/1259
f 1269/1431/1271 1355/1531/1356 1358/1535/1359
f 1249/1402/1251 1366/1544/1367 1170/1306/1170
f 1170/1306/1170 1366/1544/1367 1301/1473/1303
f 1325/1499/1326 1310/1483/1311 1359/1537/1360
f 1310/1483/1311 1337/1511/1338 1359/1537/1360
f 1200/1339/1200 1330/1504/1331 1367/1545/1368
f 1306/1479/1308 1368/1546/1369 1237/1384/1239
f 1330/1504/1331 1346/1520/1347 1367/1545/1368
f 1275/1547/1277 1369/1548/1370 1305/1478/1307
f 1166/1302/1166 1370/1549/1371 1360/1538/1361
f 1354/1530/1355 1370/1549/1371 1166/1302/1166
f 1368/1546/1369 1333/1507/1334 1237/1384/1239
f 1289/1459/1291 1309/1482/1310 1354/1530/1355
f 1356/1533/1357 1294/1532/1296 1334/1550/1335
f 1175/1311/1175 1318/1491/1319 1337/1511/1338
f 1318/1491/1319 1282/1451/1284 1304/1476/1306
f 1307/1480/1292 1371/1551/1372 1182/1318/1182
f 1343/1517/1344 1317/1490/1318 1372/1552/1373
f 1373/1553/1374 1252/1405/1254 1350/1524/1351
f 1374/1554/1375 1336/1510/1337 1361/1539/1362
f 1338/1512/1339 1200/1339/1200 1367/1545/1368
f 1346/1520/1347 1327/1501/1328 1375/1555/1376
f 1327/1501/1328 1363/1541/1364 1375/1555/1376
f 1287/1457/1289 1312/1485/1313 1263/1420/1265
f 1255/1408/1257 1331/1505/1332 1315/1488/1316
f 1267/1426/1269 1320/1493/1321 1376/1556/1377
f 1242/1391/1244 1377/1557/1372 1299/1471/1301
f 1348/1522/1349 1378/1558/1378 1329/1503/1330
f 1317/1490/1318 1379/1559/1379 1372/1552/1373
f 1300/1472/1302 1379/1559/1379 1317/1490/1318
f 1336/1510/1337 1374/1554/1375 1302/1474/1304
f 1338/1512/1339 1380/1560/1306 1284/1453/1286
f 1340/1514/1341 1381/1561/1380 1339/1513/1340
f 1347/1521/1348 1382/1562/1381 1331/1563/1332
f 1347/1521/1348 1351/1527/1352 1382/1562/1381
f 1308/1481/1309 1383/1564/1382 1309/1482/1310
f 1361/1539/1362 1261/1414/1263 1324/1498/1325
f 1380/1560/1306 1243/1392/1245 1284/1453/1286
f 1320/1493/1321 1384/1565/1383 1376/1556/1377
f 1320/1493/1321 1360/1538/1361 1384/1565/1383
f 1360/1538/1361 1370/1549/1371 1385/1566/1384
f 1220/1359/1220 1386/1567/1385 1321/1494/1322
f 1387/1568/1386 1238/1385/1240 1223/1362/1225
f 1249/1402/1251 1344/1518/1345 1366/1544/1367
f 1278/1446/1280 1388/1569/1387 1345/1519/1346
f 1252/1405/1254 1373/1553/1374 1334/1508/1335
f 1302/1474/1304 1374/1554/1375 1350/1524/1351
f 1272/1465/1274 1389/1570/1388 1262/1416/1264
f 1318/1491/1319 1304/1476/1306 1390/1571/1389
f 1312/1485/1313 1391/1572/1390 1314/1487/1315
f 1305/1478/1307 1369/1548/1370 1265/1424/1267
f 1332/1506/1333 1392/1573/1391 1288/1458/1290
f 1383/1564/1382 1393/1574/1392 1309/1482/1310
f 1388/1569/1387 1278/1446/1280 1356/1533/1357
f 1394/1575/1393 1356/1533/1357 1334/1550/1335
f 1394/1576/1393 1334/1508/1335 1373/1553/1374
f 1324/1498/1325 1323/1497/1324 1359/1537/1360
f 1359/1537/1360 1337/1511/1338 1390/1571/1389
f 1337/1511/1338 1318/1491/1319 1390/1571/1389
f 1395/1577/1394 1304/1476/1306 1362/1540/1363
f 1362/1540/1363 1243/1392/1245 1380/1560/1306
f 1396/1578/1395 1339/1513/1340 1381/1561/1380
f 1314/1487/1315 1391/1572/1390 1275/1442/1277
f 1392/1573/1391 1277/1445/1279 1288/1458/1290
f 1393/1574/1392 1354/1530/1355 1309/1482/1310
f 1373/1553/1374 1350/1524/1351 1397/1579/1396
f 1380/1560/1306 1338/1512/1339 1367/1545/1368
f 1340/1514/1341 1364/1542/1365 1381/1561/1380
f 1391/1572/1390 1369/1580/1370 1275/1442/1277
f 1267/1426/1269 1376/1556/1377 1351/1527/1352
f 1354/1581/1397 1309/1582/1398 1398/1583/1399
f 1238/1385/1240 1399/1584/1400 1292/1462/1294
f 1301/1473/1303 1366/1544/1367 1400/1585/1401
f 1279/1447/1281 1401/1586/1402 1352/1528/1353
f 1311/1484/1312 1402/1587/1403 1326/1500/1327
f 1391/1588/1390 1403/1589/1404 1369/1590/1370
f 1331/1505/1332 1404/1591/1405 1315/1488/1316
f 1405/1592/1406 1331/1505/1332 1382/1593/1381
f 1277/1445/1279 1392/1573/1391 1306/1479/1308
f 1220/1359/1220 1333/1507/1334 1386/1567/1385
f 1242/1391/1244 1316/1489/1317 1377/1557/1372
f 1343/1517/1344 1372/1552/1373 1355/1531/1356
f 1359/1537/1360 1390/1571/1389 1406/1594/1407
f 1363/1541/1364 1339/1513/1340 1396/1578/1395
f 1315/1488/1316 1404/1591/1405 1364/1542/1365
f 1321/1494/1322 1142/1276/1142 1141/1275/1141
f 1299/1471/1301 1377/1557/1372 1407/1595/1408
f 1291/1461/1293 1383/1564/1382 1308/1481/1309
f 1345/1519/1346 1379/1559/1379 1300/1472/1302
f 1361/1539/1362 1324/1498/1325 1408/1596/1409
f 1390/1571/1389 1304/1476/1306 1409/1597/1410
f 1362/1540/1363 1380/1560/1306 1395/1577/1394
f 1410/1598/1411 1351/1527/1352 1376/1556/1377
f 1411/1599/1412 1306/1479/1308 1392/1573/1391
f 1299/1471/1301 1291/1461/1293 1183/1319/1183
f 1412/1600/1413 1355/1531/1356 1372/1552/1373
f 1413/1601/1394 1390/1571/1389 1409/1597/1410
f 1381/1561/1380 1364/1542/1365 1396/1578/1395
f 1414/1602/1414 1331/1505/1332 1405/1592/1406
f 1351/1527/1352 1414/1603/1414 1382/1562/1381
f 1363/1541/1364 1415/1604/1415 1375/1555/1376
f 1331/1505/1332 1414/1602/1414 1416/1605/1416
f 1382/1562/1381 1414/1603/1414 1405/1606/1406
f 1354/1530/1355 1393/1574/1392 1370/1549/1371
f 1356/1533/1357 1394/1575/1393 1417/1607/1417
f 1335/1509/1336 1352/1536/1353 1418/1608/1418
f 1418/1608/1418 1322/1496/1323 1335/1509/1336
f 1280/1448/1282 1419/1609/1419 1271/1434/1273
f 1271/1434/1273 1419/1609/1419 1272/1465/1274
f 1409/1597/1410 1304/1476/1306 1420/1610/1420
f 1356/1533/1357 1417/1607/1417 1388/1569/1387
f 1351/1527/1352 1421/1611/1421 1414/1603/1414
f 1265/1424/1267 1422/1612/1422 1332/1506/1333
f 1351/1527/1352 1410/1598/1411 1421/1611/1421
f 1370/1549/1371 1423/1613/1423 1385/1566/1384
f 1393/1574/1392 1424/1614/1424 1370/1549/1371
f 1301/1473/1303 1425/1615/1425 1349/1523/1350
f 1390/1571/1389 1426/1616/1394 1406/1594/1407
f 1390/1571/1389 1413/1601/1394 1426/1616/1394
f 1413/1601/1394 1409/1597/1410 1427/1617/1394
f 1287/1457/1289 1428/1618/1426 1312/1485/1313
f 1421/1611/1421 1410/1598/1411 1414/1603/1414
f 1360/1538/1361 1385/1566/1384 1384/1565/1383
f 1394/1576/1393 1373/1553/1374 1397/1579/1396
f 1409/1597/1410 1420/1610/1420 1427/1617/1394
f 1346/1520/1347 1375/1555/1376 1429/1619/1427
f 1364/1542/1365 1430/1620/1428 1396/1578/1395
f 1410/1598/1411 1431/1621/1429 1414/1603/1414
f 1345/1519/1346 1388/1569/1387 1432/1622/1430
f 1357/1534/1358 1433/1623/1431 1280/1448/1282
f 1375/1555/1376 1415/1604/1415 1434/1624/1432
f 1410/1598/1411 1376/1556/1377 1435/1625/1433
f 1393/1574/1392 1436/1626/1434 1424/1614/1424
f 1345/1519/1346 1432/1622/1430 1437/1627/1435
f 1388/1569/1387 1417/1607/1417 1438/1628/1436
f 1361/1539/1362 1439/1629/1437 1374/1554/1375
f 1359/1537/1360 1406/1594/1407 1440/1630/1438
f 1420/1610/1420 1304/1476/1306 1427/1617/1394
f 1304/1476/1306 1395/1577/1394 1427/1617/1394
f 1363/1541/1364 1396/1578/1395 1415/1604/1415
f 1364/1542/1365 1441/1631/1439 1430/1620/1428
f 1364/1542/1365 1404/1591/1405 1441/1631/1439
f 1404/1591/1405 1331/1505/1332 1441/1631/1439
f 1265/1424/1267 1369/1548/1370 1442/1632/1440
f 1414/1603/1414 1431/1621/1429 1443/1633/1441
f 1371/1551/1372 1246/1399/1248 1182/1318/1182
f 1383/1564/1382 1444/1634/1442 1393/1574/1392
f 1239/1386/1241 1387/1568/1386 1223/1362/1225
f 1301/1473/1303 1400/1585/1401 1425/1615/1425
f 1361/1539/1362 1408/1596/1409 1439/1629/1437
f 1324/1498/1325 1359/1537/1360 1408/1596/1409
f 1367/1545/1368 1445/1635/1443 1380/1560/1306
f 1375/1555/1376 1434/1624/1432 1429/1619/1427
f 1422/1612/1422 1446/1636/1444 1332/1506/1333
f 1326/1500/1327 1402/1587/1403 1287/1457/1289
f 1287/1457/1289 1402/1587/1403 1428/1618/1426
f 1431/1621/1429 1410/1598/1411 1447/1637/1445
f 1435/1625/1433 1448/1638/1446 1410/1598/1411
f 1332/1506/1333 1446/1636/1444 1392/1573/1391
f 1374/1554/1375 1449/1639/1447 1450/1640/1448
f 1419/1609/1419 1389/1570/1388 1272/1465/1274
f 1369/1580/1370 1403/1641/1404 1451/1642/1449
f 1376/1556/1377 1384/1565/1383 1435/1625/1433
f 1435/1625/1433 1384/1565/1383 1448/1638/1446
f 1329/1503/1330 1452/1643/1450 1268/1430/1270
f 1350/1524/1351 1374/1554/1375 1450/1640/1448
f 1374/1554/1375 1439/1629/1437 1449/1639/1447
f 1413/1601/1394 1427/1617/1394 1395/1577/1394
f 1445/1635/1443 1367/1545/1368 1453/1644/1451
f 1331/1505/1332 1416/1605/1416 1441/1631/1439
f 1431/1621/1429 1447/1637/1445 1443/1633/1441
f 1410/1598/1411 1454/1645/1452 1447/1637/1445
f 1455/1646/1453 1456/1647/1454 1306/1479/1308
f 1436/1626/1434 1457/1648/1455 1424/1614/1424
f 1424/1614/1424 1423/1613/1423 1370/1549/1371
f 1393/1574/1392 1458/1649/1456 1436/1626/1434
f 1436/1626/1434 1458/1649/1456 1457/1648/1455
f 1328/1502/1329 1459/1650/1457 1239/1386/1241
f 1379/1559/1379 1345/1519/1346 1437/1627/1435
f 1280/1448/1282 1433/1623/1431 1419/1609/1419
f 1424/1614/1424 1457/1648/1455 1423/1613/1423
f 1393/1574/1392 1444/1634/1442 1458/1649/1456
f 1457/1648/1455 1458/1649/1456 1444/1634/1442
f 1395/1577/1394 1380/1560/1306 1445/1635/1443
f 1441/1631/1439 1416/1605/1416 1460/1651/1458
f 1306/1479/1308 1456/1647/1454 1368/1546/1369
f 1348/1522/1349 1292/1462/1294 1378/1558/1378
f 1268/1430/1270 1452/1643/1450 1344/1518/1345
f 1322/1496/1323 1461/1652/1459 1357/1534/1358
f 1391/1572/1390 1462/1653/1460 1403/1641/1404
f 1462/1653/1460 1463/1654/1461 1403/1641/1404
f 1444/1634/1442 1464/1655/1462 1457/1648/1455
f 1328/1502/1329 1358/1535/1359 1459/1650/1457
f 1441/1631/1439 1460/1651/1458 1430/1620/1428
f 1443/1633/1441 1465/1656/1463 1414/1603/1414
f 1411/1599/1412 1392/1573/1391 1455/1646/1453
f 1411/1599/1412 1455/1646/1453 1306/1479/1308
f 1333/1507/1334 1466/1657/1464 1386/1567/1385
f 1394/1575/1393 1467/1658/1465 1417/1607/1417
f 1394/1576/1393 1397/1579/1396 1467/1659/1465
f 1240/1437/1242 1353/1529/1354 1234/1377/1236
f 1443/1633/1441 1447/1637/1445 1465/1656/1463
f 1322/1496/1323 1418/1608/1418 1461/1652/1459
f 1408/1596/1409 1359/1537/1360 1440/1630/1438
f 1367/1545/1368 1346/1520/1347 1453/1644/1451
f 1462/1653/1460 1391/1572/1390 1312/1485/1313
f 1463/1654/1461 1451/1642/1449 1403/1641/1404
f 1442/1632/1440 1468/1660/1466 1265/1424/1267
f 1414/1603/1414 1465/1656/1463 1416/1661/1416
f 1447/1637/1445 1454/1645/1452 1465/1656/1463
f 1448/1638/1446 1469/1662/1467 1410/1598/1411
f 1464/1655/1462 1444/1634/1442 1470/1663/1468
f 1279/1447/1281 1349/1523/1350 1471/1664/1469
f 1279/1447/1281 1471/1664/1469 1401/1586/1402
f 1445/1635/1443 1453/1644/1451 1472/1665/1470
f 1346/1520/1347 1472/1665/1470 1453/1644/1451
f 1265/1424/1267 1468/1660/1466 1422/1612/1422
f 1454/1645/1452 1473/1666/1471 1465/1656/1463
f 1464/1655/1462 1470/1663/1468 1457/1648/1455
f 1299/1471/1301 1407/1595/1408 1291/1461/1293
f 1437/1627/1435 1432/1622/1430 1474/1667/1472
f 1432/1622/1430 1475/1668/1473 1474/1667/1472
f 1350/1524/1351 1450/1640/1448 1397/1579/1396
f 1413/1601/1394 1395/1577/1394 1426/1616/1394
f 1460/1651/1458 1416/1605/1416 1476/1669/1474
f 1369/1580/1370 1451/1642/1449 1442/1670/1440
f 1410/1598/1411 1469/1662/1467 1454/1645/1452
f 1423/1613/1423 1457/1648/1455 1385/1566/1384
f 1291/1461/1293 1477/1671/1475 1383/1564/1382
f 1432/1622/1430 1388/1569/1387 1475/1668/1473
f 1388/1569/1387 1438/1628/1436 1475/1668/1473
f 1346/1520/1347 1429/1619/1427 1472/1665/1470
f 1416/1661/1416 1465/1656/1463 1476/1672/1474
f 1448/1638/1446 1385/1566/1384 1469/1662/1467
f 1446/1636/1444 1478/1673/1476 1392/1573/1391
f 1448/1638/1446 1384/1565/1383 1385/1566/1384
f 1444/1634/1442 1479/1674/1477 1470/1663/1468
f 1355/1531/1356 1459/1650/1457 1358/1535/1359
f 1425/1615/1425 1471/1664/1469 1349/1523/1350
f 1401/1586/1402 1418/1675/1418 1352/1528/1353
f 1389/1570/1388 1480/1676/1478 1262/1416/1264
f 1465/1677/1463 1481/1678/1479 1476/1669/1474
f 1385/1566/1384 1482/1679/1480 1469/1662/1467
f 1457/1648/1455 1483/1680/1481 1385/1566/1384
f 1383/1564/1382 1479/1674/1477 1444/1634/1442
f 1355/1531/1356 1484/1681/1482 1459/1650/1457
f 1412/1600/1413 1484/1681/1482 1355/1531/1356
f 1406/1594/1407 1485/1682/1483 1440/1630/1438
f 1426/1616/1394 1395/1577/1394 1445/1635/1443
f 1428/1618/1426 1486/1683/1484 1312/1485/1313
f 1460/1651/1458 1476/1669/1474 1487/1684/1485
f 1476/1669/1474 1481/1678/1479 1488/1685/1486
f 1481/1686/1479 1465/1656/1463 1488/1687/1486
f 1457/1648/1455 1470/1663/1468 1483/1680/1481
f 1461/1652/1459 1433/1623/1431 1357/1534/1358
f 1429/1619/1427 1489/1688/1487 1472/1665/1470
f 1430/1620/1428 1490/1689/1488 1396/1578/1395
f 1460/1651/1458 1487/1684/1485 1430/1620/1428
f 1465/1656/1463 1473/1666/1471 1491/1690/1489
f 1469/1662/1467 1482/1679/1480 1454/1645/1452
f 1482/1679/1480 1385/1566/1384 1492/1691/1490
f 1290/1460/1292 1493/1692/1372 1247/1400/1249
f 1378/1558/1378 1452/1643/1450 1329/1503/1330
f 1415/1604/1415 1396/1578/1395 1490/1689/1488
f 1465/1656/1463 1491/1690/1489 1488/1687/1486
f 1456/1647/1454 1494/1693/1491 1368/1546/1369
f 1333/1507/1334 1368/1546/1369 1466/1657/1464
f 1429/1619/1427 1434/1624/1432 1489/1688/1487
f 1312/1485/1313 1486/1683/1484 1462/1653/1460
f 1476/1669/1474 1495/1694/1492 1487/1684/1485
f 1476/1669/1474 1488/1685/1486 1495/1694/1492
f 1344/1518/1345 1496/1695/1493 1366/1544/1367
f 1471/1664/1469 1497/1696/1494 1401/1586/1402
f 1440/1630/1438 1485/1682/1483 1408/1596/1409
f 1434/1624/1432 1415/1604/1415 1490/1689/1488
f 1488/1697/1486 1491/1698/1489 1495/1699/1492
f 1466/1657/1464 1368/1546/1369 1494/1693/1491
f 1142/1276/1142 1321/1494/1322 1342/1516/1343
f 1479/1674/1477 1383/1564/1382 1477/1671/1475
f 1426/1616/1394 1498/1700/1495 1499/1701/1496
f 1426/1616/1394 1445/1635/1443 1498/1700/1495
f 1371/1551/1372 1307/1480/1292 1342/1516/1343
f 1344/1518/1345 1452/1643/1450 1496/1695/1493
f 1500/1702/1497 1450/1640/1448 1449/1639/1447
f 1439/1629/1437 1408/1596/1409 1501/1703/1498
f 1498/1700/1495 1445/1635/1443 1472/1665/1470
f 1489/1688/1487 1434/1624/1432 1502/1704/1499
f 1502/1704/1499 1434/1624/1432 1490/1689/1488
f 1239/1386/1241 1459/1650/1457 1503/1705/1500
f 1438/1628/1436 1417/1607/1417 1475/1668/1473
f 1450/1640/1448 1500/1702/1497 1397/1579/1396
f 1433/1623/1431 1504/1706/1501 1419/1609/1419
f 1485/1682/1483 1406/1594/1407 1505/1707/1502
f 1406/1594/1407 1426/1616/1394 1505/1707/1502
f 1426/1616/1394 1499/1701/1496 1505/1707/1502
f 1402/1587/1403 1506/1708/1503 1428/1618/1426
f 1428/1618/1426 1506/1708/1503 1486/1683/1484
f 1487/1684/1485 1495/1694/1492 1507/1709/1504
f 1491/1690/1489 1473/1666/1471 1495/1710/1492
f 1454/1645/1452 1482/1679/1480 1508/1711/1505
f 1477/1671/1475 1509/1712/1506 1479/1674/1477
f 1412/1600/1413 1372/1552/1373 1510/1713/1507
f 1498/1700/1495 1505/1707/1502 1499/1701/1496
f 1511/1714/1508 1454/1645/1452 1508/1711/1505
f 1512/1715/1509 1455/1646/1453 1392/1573/1391
f 1513/1716/1372 1194/1330/1194 1246/1399/1248
f 1493/1692/1372 1210/1349/1210 1247/1400/1249
f 1366/1544/1367 1496/1695/1493 1514/1717/1510
f 1397/1579/1396 1500/1702/1497 1467/1659/1465
f 1430/1620/1428 1487/1684/1485 1515/1718/1511
f 1473/1666/1471 1454/1645/1452 1511/1714/1508
f 1483/1680/1481 1470/1663/1468 1385/1566/1384
f 1455/1719/1453 1494/1720/1491 1456/1721/1454
f 1238/1385/1240 1516/1722/1512 1399/1584/1400
f 1372/1552/1373 1379/1559/1379 1510/1713/1507
f 1408/1596/1409 1485/1682/1483 1505/1707/1502
f 1473/1666/1471 1517/1723/1513 1495/1710/1492
f 1482/1679/1480 1492/1691/1490 1508/1711/1505
f 1518/1724/1372 1257/1410/1259 1365/1543/1366
f 1407/1595/1408 1519/1725/1514 1291/1461/1293
f 1514/1717/1510 1400/1585/1401 1366/1544/1367
f 1498/1700/1495 1472/1665/1470 1520/1726/1515
f 1451/1642/1449 1463/1654/1461 1521/1727/1516
f 1517/1723/1513 1473/1666/1471 1522/1728/1517
f 1523/1729/1518 1385/1566/1384 1470/1663/1468
f 1477/1671/1475 1524/1730/1519 1509/1712/1506
f 1525/1731/1520 1470/1663/1468 1479/1674/1477
f 1378/1558/1378 1292/1462/1294 1452/1643/1450
f 1379/1559/1379 1437/1627/1435 1510/1713/1507
f 1490/1689/1488 1430/1620/1428 1515/1718/1511
f 1472/1665/1470 1489/1688/1487 1526/1732/1521
f 1487/1684/1485 1507/1709/1504 1527/1733/1522
f 1528/1734/1523 1478/1673/1476 1446/1636/1444
f 1529/1735/1524 1492/1691/1490 1385/1566/1384
f 1518/1724/1372 1365/1543/1366 1210/1349/1210
f 1311/1484/1312 1530/1736/1525 1402/1587/1403
f 1487/1684/1485 1527/1733/1522 1515/1718/1511
f 1507/1709/1504 1495/1694/1492 1531/1737/1526
f 1473/1666/1471 1511/1714/1508 1522/1728/1517
f 1477/1671/1475 1519/1725/1514 1524/1730/1519
f 1479/1674/1477 1509/1712/1506 1525/1731/1520
f 1400/1585/1401 1532/1738/1527 1425/1615/1425
f 1533/1739/1528 1472/1665/1470 1526/1732/1521
f 1442/1632/1440 1534/1740/1529 1468/1660/1466
f 1517/1723/1513 1522/1728/1517 1495/1710/1492
f 1523/1729/1518 1529/1735/1524 1385/1566/1384
f 1472/1665/1470 1533/1739/1528 1535/1741/1530
f 1502/1704/1499 1490/1689/1488 1536/1742/1531
f 1505/1707/1502 1498/1700/1495 1537/1743/1532
f 1472/1665/1470 1535/1741/1530 1520/1726/1515
f 1512/1715/1509 1494/1693/1491 1455/1646/1453
f 1408/1596/1409 1505/1707/1502 1501/1703/1498
f 1462/1653/1460 1521/1727/1516 1463/1654/1461
f 1468/1660/1466 1534/1740/1529 1422/1612/1422
f 1492/1691/1490 1538/1744/1533 1508/1711/1505
f 1425/1615/1425 1539/1745/1534 1471/1664/1469
f 1501/1703/1498 1505/1707/1502 1537/1743/1532
f 1540/1746/1535 1535/1741/1530 1533/1739/1528
f 1442/1670/1440 1451/1642/1449 1534/1747/1529
f 1512/1715/1509 1541/1748/1536 1494/1693/1491
f 1525/1731/1520 1523/1729/1518 1470/1663/1468
f 1535/1741/1530 1540/1746/1535 1520/1726/1515
f 1466/1657/1464 1494/1693/1491 1542/1749/1537
f 1466/1657/1464 1542/1749/1537 1386/1567/1385
f 1401/1750/1402 1497/1751/1494 1418/1608/1418
f 1504/1706/1501 1543/1752/1538 1419/1609/1419
f 1419/1609/1419 1543/1752/1538 1389/1570/1388
f 1490/1689/1488 1515/1718/1511 1536/1742/1531
f 1495/1710/1492 1522/1728/1517 1544/1753/1539
f 1422/1612/1422 1545/1754/1540 1446/1636/1444
f 1546/1755/1541 1392/1573/1391 1478/1673/1476
f 1400/1585/1401 1514/1717/1510 1532/1738/1527
f 1449/1639/1447 1439/1629/1437 1547/1756/1542
f 1548/1757/1543 1549/1758/1544 1342/1516/1343
f 1550/1759/1372 1377/1557/1372 1316/1489/1317
f 1377/1557/1372 1551/1760/1372 1407/1595/1408
f 1519/1725/1514 1477/1671/1475 1291/1461/1293
f 1552/1761/1545 1452/1643/1450 1292/1462/1294
f 1496/1695/1493 1452/1643/1450 1553/1762/1546
f 1554/1763/1547 1412/1600/1413 1510/1713/1507
f 1500/1702/1497 1547/1756/1542 1555/1764/1548
f 1500/1702/1497 1449/1639/1447 1547/1756/1542
f 1502/1704/1499 1536/1742/1531 1556/1765/1549
f 1531/1737/1526 1495/1694/1492 1544/1766/1539
f 1451/1642/1449 1521/1727/1516 1534/1747/1529
f 1446/1636/1444 1545/1754/1540 1528/1734/1523
f 1392/1573/1391 1557/1767/1550 1512/1715/1509
f 1262/1416/1264 1353/1529/1354 1240/1437/1242
f 1540/1746/1535 1533/1739/1528 1526/1732/1521
f 1526/1732/1521 1489/1688/1487 1558/1768/1551
f 1489/1688/1487 1502/1704/1499 1558/1768/1551
f 1534/1740/1529 1545/1754/1540 1422/1612/1422
f 1496/1695/1493 1553/1762/1546 1514/1717/1510
f 1539/1745/1534 1559/1769/1552 1471/1664/1469
f 1475/1668/1473 1417/1607/1417 1560/1770/1553
f 1531/1737/1526 1561/1771/1554 1507/1709/1504
f 1546/1755/1541 1557/1767/1550 1392/1573/1391
f 1541/1748/1536 1512/1715/1509 1562/1772/1555
f 1531/1737/1526 1544/1766/1539 1561/1771/1554
f 1511/1714/1508 1508/1711/1505 1563/1773/1556
f 1492/1691/1490 1529/1735/1524 1538/1744/1533
f 1459/1650/1457 1564/1774/1557 1503/1705/1500
f 1418/1608/1418 1565/1775/1558 1461/1652/1459
f 1507/1709/1504 1561/1771/1554 1527/1733/1522
f 1534/1747/1529 1521/1727/1516 1566/1776/1559
f 1511/1714/1508 1567/1777/1560 1522/1728/1517
f 1407/1778/1561 1568/1779/1562 1519/1780/1563
f 1522/1728/1517 1567/1777/1560 1544/1753/1539
f 1545/1754/1540 1569/1781/1564 1528/1734/1523
f 1529/1735/1524 1570/1782/1565 1538/1744/1533
f 1512/1715/1509 1557/1767/1550 1562/1772/1555
f 1523/1729/1518 1571/1783/1566 1572/1784/1567
f 1523/1729/1518 1572/1784/1567 1529/1735/1524
f 1541/1748/1536 1542/1749/1537 1494/1693/1491
f 1474/1667/1472 1475/1668/1473 1560/1770/1553
f 1417/1785/1417 1467/1659/1465 1573/1786/1568
f 1536/1742/1531 1515/1718/1511 1574/1787/1569
f 1527/1733/1522 1561/1771/1554 1575/1788/1570
f 1569/1781/1564 1545/1754/1540 1534/1740/1529
f 1528/1734/1523 1546/1755/1541 1478/1673/1476
f 1525/1731/1520 1571/1783/1566 1523/1729/1518
f 1342/1516/1343 1321/1494/1322 1548/1757/1543
f 1509/1712/1506 1524/1730/1519 1525/1731/1520
f 1549/1758/1544 1371/1551/1372 1342/1516/1343
f 1576/1789/1443 1520/1726/1515 1540/1746/1535
f 1515/1718/1511 1527/1733/1522 1574/1787/1569
f 1570/1782/1565 1563/1773/1556 1538/1744/1533
f 1563/1773/1556 1508/1711/1505 1538/1744/1533
f 1524/1730/1519 1571/1783/1566 1525/1731/1520
f 1402/1587/1403 1577/1790/1571 1506/1708/1503
f 1544/1766/1539 1578/1791/1572 1561/1771/1554
f 1544/1753/1539 1567/1777/1560 1578/1792/1572
f 1371/1551/1372 1513/1716/1372 1246/1399/1248
f 1452/1643/1450 1552/1761/1545 1553/1762/1546
f 1560/1770/1553 1579/1793/1573 1474/1667/1472
f 1537/1743/1532 1498/1700/1495 1580/1794/1574
f 1530/1736/1525 1577/1790/1571 1402/1587/1403
f 1529/1735/1524 1572/1784/1567 1570/1782/1565
f 1412/1600/1413 1581/1795/1575 1484/1681/1482
f 1474/1667/1472 1582/1796/1576 1437/1627/1435
f 1425/1615/1425 1583/1797/1577 1539/1745/1534
f 1471/1664/1469 1584/1798/1578 1497/1696/1494
f 1467/1659/1465 1500/1702/1497 1585/1799/1579
f 1540/1746/1535 1526/1732/1521 1586/1800/1580
f 1527/1733/1522 1587/1801/1581 1574/1787/1569
f 1587/1801/1581 1527/1733/1522 1575/1788/1570
f 1437/1627/1435 1588/1802/1582 1510/1713/1507
f 1498/1700/1495 1520/1726/1515 1580/1794/1574
f 1521/1727/1516 1462/1653/1460 1589/1803/1583
f 1569/1781/1564 1590/1804/1584 1528/1734/1523
f 1503/1705/1500 1591/1805/1585 1239/1386/1241
f 1484/1681/1482 1581/1795/1575 1459/1650/1457
f 1532/1738/1527 1514/1717/1510 1592/1806/1586
f 1532/1738/1527 1583/1797/1577 1425/1615/1425
f 1526/1732/1521 1558/1768/1551 1586/1800/1580
f 1567/1777/1560 1593/1807/1587 1578/1792/1572
f 1437/1627/1435 1582/1796/1576 1588/1802/1582
f 1417/1607/1417 1573/1808/1568 1560/1770/1553
f 1542/1749/1537 1594/1809/1588 1386/1567/1385
f 1292/1462/1294 1399/1584/1400 1552/1761/1545
f 1514/1717/1510 1553/1762/1546 1595/1810/1589
f 1467/1659/1465 1585/1799/1579 1573/1786/1568
f 1566/1811/1559 1596/1812/1590 1534/1740/1529
f 1571/1783/1566 1597/1813/1591 1572/1784/1567
f 1239/1386/1241 1591/1805/1585 1387/1568/1386
f 1532/1738/1527 1592/1806/1586 1583/1797/1577
f 1579/1793/1573 1582/1796/1576 1474/1667/1472
f 1536/1742/1531 1574/1787/1569 1556/1765/1549
f 1589/1803/1583 1462/1653/1460 1486/1683/1484
f 1546/1755/1541 1528/1734/1523 1590/1804/1584
f 1594/1809/1588 1321/1494/1322 1386/1567/1385
f 1513/1716/1372 1290/1460/1292 1194/1330/1194
f 1519/1725/1514 1598/1814/1592 1524/1730/1519
f 1547/1756/1542 1439/1629/1437 1599/1815/1593
f 1599/1815/1593 1439/1629/1437 1501/1703/1498
f 1600/1816/1594 1501/1703/1498 1537/1743/1532
f 1540/1746/1535 1586/1800/1580 1558/1768/1551
f 1593/1807/1587 1567/1777/1560 1511/1714/1508
f 1511/1714/1508 1563/1773/1556 1601/1817/1595
f 1541/1748/1536 1562/1772/1555 1602/1818/1596
f 1565/1775/1558 1603/1819/1597 1461/1652/1459
f 1603/1819/1597 1433/1623/1431 1461/1652/1459
f 1502/1704/1499 1556/1765/1549 1558/1768/1551
f 1561/1771/1554 1604/1820/1598 1575/1788/1570
f 1471/1664/1469 1559/1769/1552 1584/1798/1578
f 1574/1787/1569 1605/1821/1599 1606/1822/1600
f 1561/1771/1554 1578/1791/1572 1604/1820/1598
f 1541/1748/1536 1602/1818/1596 1607/1823/1601
f 1541/1748/1536 1607/1823/1601 1542/1749/1537
f 1459/1650/1457 1608/1824/1602 1564/1774/1557
f 1540/1746/1535 1558/1768/1551 1609/1825/1603
f 1556/1765/1549 1574/1787/1569 1606/1822/1600
f 1587/1801/1581 1605/1821/1599 1574/1787/1569
f 1604/1820/1598 1578/1791/1572 1610/1826/1604
f 1571/1783/1566 1524/1730/1519 1611/1827/1605
f 1497/1751/1494 1612/1828/1606 1418/1608/1418
f 1459/1650/1457 1581/1795/1575 1608/1824/1602
f 1433/1623/1431 1543/1752/1538 1504/1706/1501
f 1520/1726/1515 1576/1789/1443 1580/1794/1574
f 1576/1789/1443 1613/1829/1410 1614/1830/1443
f 1353/1529/1354 1615/1831/1607 1218/1393/1218
f 1521/1727/1516 1596/1832/1590 1566/1776/1559
f 1601/1817/1595 1593/1807/1587 1511/1714/1508
f 1580/1794/1574 1616/1833/1608 1600/1816/1594
f 1576/1789/1443 1614/1830/1443 1580/1794/1574
f 1585/1799/1579 1500/1702/1497 1617/1834/1609
f 1500/1702/1497 1555/1764/1548 1617/1834/1609
f 1537/1743/1532 1580/1794/1574 1600/1816/1594
f 1540/1746/1535 1609/1825/1603 1618/1835/1610
f 1558/1768/1551 1556/1765/1549 1606/1822/1600
f 1578/1791/1572 1619/1836/1611 1610/1826/1604
f 1557/1767/1550 1620/1837/1612 1562/1772/1555
f 1558/1768/1551 1606/1822/1600 1621/1838/1613
f 1601/1817/1595 1622/1839/1614 1593/1807/1587
f 1601/1817/1595 1563/1773/1556 1622/1839/1614
f 1570/1782/1565 1623/1840/1615 1563/1773/1556
f 1624/1841/1616 1572/1784/1567 1597/1813/1591
f 1620/1837/1612 1625/1842/1617 1562/1772/1555
f 1626/1843/1618 1371/1551/1372 1549/1758/1544
f 1513/1716/1372 1493/1692/1372 1290/1460/1292
f 1581/1795/1575 1412/1600/1413 1554/1763/1547
f 1604/1820/1598 1610/1826/1604 1619/1836/1611
f 1555/1764/1548 1547/1756/1542 1627/1844/1619
f 1596/1812/1590 1628/1845/1620 1534/1740/1529
f 1572/1784/1567 1624/1841/1616 1570/1782/1565
f 1562/1772/1555 1625/1842/1617 1602/1818/1596
f 1501/1703/1498 1600/1816/1594 1599/1815/1593
f 1587/1801/1581 1629/1846/1621 1605/1821/1599
f 1587/1801/1581 1575/1788/1570 1629/1846/1621
f 1555/1764/1548 1630/1847/1622 1617/1834/1609
f 1433/1623/1431 1631/1848/1623 1543/1752/1538
f 1609/1825/1603 1558/1768/1551 1618/1835/1610
f 1558/1768/1551 1621/1838/1613 1618/1835/1610
f 1604/1820/1598 1619/1836/1611 1575/1788/1570
f 1563/1773/1556 1623/1840/1615 1632/1849/1624
f 1570/1782/1565 1624/1841/1616 1623/1840/1615
f 1611/1827/1605 1597/1813/1591 1571/1783/1566
f 1542/1749/1537 1607/1823/1601 1594/1809/1588
f 1560/1770/1553 1573/1808/1568 1579/1793/1573
f 1555/1764/1548 1627/1844/1619 1630/1847/1622
f 1618/1835/1610 1613/1829/1410 1540/1746/1535
f 1597/1813/1591 1633/1850/1625 1624/1841/1616
f 1387/1568/1386 1516/1722/1512 1238/1385/1240
f 1503/1705/1500 1564/1774/1557 1591/1805/1585
f 1599/1815/1593 1600/1816/1594 1634/1851/1626
f 1553/1762/1546 1635/1852/1627 1595/1810/1589
f 1418/1608/1418 1612/1828/1606 1565/1775/1558
f 1433/1623/1431 1603/1819/1597 1631/1848/1623
f 1547/1756/1542 1599/1815/1593 1627/1844/1619
f 1599/1815/1593 1634/1851/1626 1627/1844/1619
f 1580/1794/1574 1636/1853/1628 1637/1854/1629
f 1621/1838/1613 1606/1822/1600 1638/1855/1630
f 1620/1837/1612 1602/1818/1596 1625/1842/1617
f 1497/1696/1494 1584/1798/1578 1612/1856/1606
f 1389/1570/1388 1639/1857/1631 1480/1676/1478
f 1486/1683/1484 1640/1858/1632 1589/1803/1583
f 1521/1727/1516 1589/1803/1583 1641/1859/1633
f 1521/1727/1516 1641/1859/1633 1596/1832/1590
f 1257/1410/1259 1518/1724/1372 1316/1489/1317
f 1576/1789/1443 1540/1746/1535 1613/1829/1410
f 1534/1740/1529 1628/1845/1620 1569/1781/1564
f 1624/1841/1616 1642/1860/1634 1623/1840/1615
f 1580/1794/1574 1614/1830/1443 1636/1853/1628
f 1578/1792/1572 1593/1807/1587 1622/1839/1614
f 1600/1816/1594 1616/1833/1608 1634/1851/1626
f 1613/1829/1410 1643/1861/1635 1614/1830/1443
f 1613/1829/1410 1618/1835/1610 1644/1862/1636
f 1618/1835/1610 1621/1838/1613 1645/1863/1637
f 1321/1494/1322 1594/1809/1588 1548/1757/1543
f 1552/1761/1545 1635/1852/1627 1553/1762/1546
f 1588/1802/1582 1582/1796/1576 1510/1713/1507
f 1579/1793/1573 1573/1808/1568 1582/1796/1576
f 1580/1794/1574 1637/1854/1629 1616/1833/1608
f 1606/1822/1600 1605/1821/1599 1646/1864/1638
f 1628/1845/1620 1647/1865/1639 1569/1781/1564
f 1632/1849/1624 1648/1866/1640 1563/1773/1556
f 1613/1829/1410 1644/1862/1636 1649/1867/1641
f 1621/1838/1613 1650/1868/1642 1645/1863/1637
f 1563/1773/1556 1648/1866/1640 1622/1839/1614
f 1480/1676/1478 1353/1529/1354 1262/1416/1264
f 1644/1862/1636 1645/1863/1637 1650/1868/1642
f 1644/1862/1636 1618/1835/1610 1645/1863/1637
f 1632/1849/1624 1623/1840/1615 1648/1866/1640
f 1612/1828/1606 1651/1869/1643 1565/1775/1558
f 1630/1847/1622 1627/1844/1619 1652/1870/1644
f 1614/1830/1443 1643/1861/1635 1636/1853/1628
f 1569/1781/1564 1653/1871/1645 1590/1804/1584
f 1607/1823/1601 1654/1872/1646 1594/1809/1588
f 1554/1763/1547 1510/1713/1507 1655/1873/1647
f 1573/1808/1568 1656/1874/1648 1582/1796/1576
f 1657/1875/1649 1585/1799/1579 1617/1834/1609
f 1389/1570/1388 1543/1752/1538 1639/1857/1631
f 1644/1862/1636 1650/1868/1642 1649/1867/1641
f 1575/1788/1570 1619/1836/1611 1629/1846/1621
f 1647/1865/1639 1653/1871/1645 1569/1781/1564
f 1597/1813/1591 1611/1827/1605 1658/1876/1650
f 1650/1868/1642 1621/1838/1613 1659/1877/1651
f 1578/1791/1572 1660/1878/1652 1619/1836/1611
f 1557/1767/1550 1661/1879/1653 1620/1837/1612
f 1602/1818/1596 1662/1880/1654 1607/1823/1601
f 1514/1717/1510 1595/1810/1589 1663/1881/1655
f 1514/1717/1510 1663/1881/1655 1592/1806/1586
f 1592/1806/1586 1664/1882/1656 1583/1797/1577
f 1565/1775/1558 1651/1869/1643 1603/1819/1597
f 1613/1829/1410 1649/1867/1641 1643/1861/1635
f 1606/1822/1600 1646/1864/1638 1638/1855/1630
f 1585/1799/1579 1657/1875/1649 1573/1786/1568
f 1506/1708/1503 1665/1883/1657 1486/1683/1484
f 1629/1846/1621 1619/1836/1611 1666/1884/1658
f 1660/1885/1652 1578/1792/1572 1622/1839/1614
f 1597/1813/1591 1658/1876/1650 1633/1850/1625
f 1608/1824/1602 1667/1886/1659 1564/1774/1557
f 1564/1774/1557 1667/1886/1659 1668/1887/1660
f 1605/1821/1599 1669/1888/1661 1646/1864/1638
f 1605/1821/1599 1670/1889/1662 1669/1888/1661
f 1605/1821/1599 1629/1846/1621 1670/1889/1662
f 1627/1844/1619 1634/1851/1626 1652/1870/1644
f 1671/1890/1663 1650/1868/1642 1659/1877/1651
f 1621/1838/1613 1638/1855/1630 1659/1877/1651
f 1619/1836/1611 1660/1878/1652 1666/1884/1658
f 1658/1876/1650 1672/1891/1664 1633/1850/1625
f 1608/1824/1602 1581/1795/1575 1667/1886/1659
f 1559/1769/1552 1539/1745/1534 1584/1798/1578
f 1672/1891/1664 1673/1892/1665 1633/1850/1625
f 1510/1713/1507 1582/1796/1576 1655/1873/1647
f 1664/1882/1656 1539/1745/1534 1583/1797/1577
f 1486/1683/1484 1665/1883/1657 1640/1858/1632
f 1672/1891/1664 1674/1893/1666 1673/1892/1665
f 1672/1891/1664 1658/1876/1650 1674/1893/1666
f 1633/1850/1625 1673/1892/1665 1674/1893/1666
f 1629/1846/1621 1675/1894/1667 1670/1889/1662
f 1629/1846/1621 1666/1884/1658 1675/1894/1667
f 1641/1859/1633 1676/1895/1668 1596/1832/1590
f 1612/1856/1606 1584/1798/1578 1677/1896/1669
f 1643/1861/1635 1649/1867/1641 1678/1897/1670
f 1577/1790/1571 1679/1898/1671 1506/1708/1503
f 1666/1884/1658 1670/1889/1662 1675/1894/1667
f 1641/1859/1633 1589/1803/1583 1676/1895/1668
f 1648/1866/1640 1680/1899/1672 1622/1839/1614
f 1620/1837/1612 1681/1900/1673 1602/1818/1596
f 1407/1595/1408 1682/1901/1372 1519/1725/1514
f 1643/1861/1635 1678/1897/1670 1683/1902/1410
f 1530/1736/1525 1684/1903/1674 1577/1790/1571
f 1679/1898/1671 1665/1883/1657 1506/1708/1503
f 1622/1839/1614 1680/1899/1672 1685/1904/1675
f 1546/1755/1541 1590/1804/1584 1557/1767/1550
f 1518/1724/1372 1550/1759/1372 1316/1489/1317
f 1634/1851/1626 1686/1905/1676 1652/1870/1644
f 1622/1906/1614 1685/1907/1675 1660/1878/1652
f 1648/1866/1640 1623/1840/1615 1687/1908/1677
f 1654/1872/1646 1607/1823/1601 1688/1909/1678
f 1689/1910/1679 1637/1854/1629 1636/1853/1628
f 1674/1893/1666 1624/1841/1616 1633/1850/1625
f 1649/1867/1641 1690/1911/1680 1678/1897/1670
f 1650/1868/1642 1671/1890/1663 1691/1912/1681
f 1648/1866/1640 1687/1908/1677 1692/1913/1682
f 1648/1866/1640 1692/1913/1682 1680/1899/1672
f 1616/1833/1608 1637/1854/1629 1693/1914/1683
f 1650/1868/1642 1690/1911/1680 1649/1867/1641
f 1646/1864/1638 1694/1915/1684 1638/1855/1630
f 1557/1767/1550 1590/1804/1584 1661/1879/1653
f 1564/1774/1557 1668/1887/1660 1695/1916/1685
f 1554/1763/1547 1696/1917/1686 1581/1795/1575
f 1631/1848/1623 1697/1918/1687 1543/1752/1538
f 1620/1837/1612 1661/1879/1653 1681/1900/1673
f 1573/1786/1568 1657/1875/1649 1698/1919/1688
f 1616/1833/1608 1693/1914/1683 1634/1851/1626
f 1650/1868/1642 1691/1912/1681 1690/1911/1680
f 1671/1890/1663 1659/1877/1651 1699/1920/1689
f 1577/1790/1571 1684/1903/1674 1679/1898/1671
f 1680/1899/1672 1692/1913/1682 1700/1921/1690
f 1697/1918/1687 1639/1857/1631 1543/1752/1538
f 1690/1911/1680 1683/1902/1410 1678/1897/1670
f 1671/1890/1663 1699/1920/1689 1691/1912/1681
f 1623/1840/1615 1642/1860/1634 1687/1908/1677
f 1658/1876/1650 1701/1922/1691 1674/1893/1666
f 1658/1876/1650 1611/1827/1605 1701/1922/1691
f 1662/1880/1654 1702/1923/1692 1607/1823/1601
f 1611/1827/1605 1524/1730/1519 1701/1922/1691
f 1664/1882/1656 1584/1798/1578 1539/1745/1534
f 1693/1914/1683 1637/1854/1629 1703/1924/1693
f 1637/1854/1629 1689/1910/1679 1703/1924/1693
f 1636/1853/1628 1643/1861/1635 1683/1902/1410
f 1659/1877/1651 1638/1855/1630 1704/1925/1694
f 1646/1864/1638 1669/1888/1661 1705/1926/1695
f 1705/1926/1695 1669/1888/1661 1706/1927/1696
f 1670/1889/1662 1666/1884/1658 1707/1928/1697
f 1653/1871/1645 1708/1929/1698 1590/1804/1584
f 1674/1893/1666 1709/1930/1699 1624/1841/1616
f 1551/1760/1372 1377/1557/1372 1550/1759/1372
f 1524/1730/1519 1710/1931/1700 1701/1922/1691
f 1554/1763/1547 1655/1873/1647 1696/1917/1686
f 1652/1870/1644 1711/1932/1701 1630/1847/1622
f 1628/1845/1620 1712/1933/1702 1647/1865/1639
f 1656/1874/1648 1573/1808/1568 1713/1934/1703
f 1713/1934/1703 1573/1808/1568 1698/1935/1688
f 1689/1910/1679 1636/1853/1628 1683/1902/1410
f 1638/1855/1630 1694/1915/1684 1704/1925/1694
f 1596/1812/1590 1714/1936/1704 1628/1845/1620
f 1642/1860/1634 1709/1930/1699 1687/1908/1677
f 1624/1841/1616 1709/1930/1699 1642/1860/1634
f 1681/1900/1673 1662/1880/1654 1602/1818/1596
f 1654/1872/1646 1688/1909/1678 1594/1809/1588
f 1551/1760/1372 1682/1901/1372 1407/1595/1408
f 1656/1874/1648 1715/1937/1705 1582/1796/1576
f 1711/1932/1701 1652/1870/1644 1686/1905/1676
f 1646/1864/1638 1705/1926/1695 1694/1915/1684
f 1706/1927/1696 1669/1888/1661 1670/1889/1662
f 1716/1938/1706 1687/1908/1677 1709/1930/1699
f 1717/1939/1707 1681/1900/1673 1661/1879/1653
f 1718/1940/1708 1549/1758/1544 1548/1757/1543
f 1550/1759/1372 1719/1941/1372 1551/1760/1372
f 1640/1858/1632 1676/1895/1668 1589/1803/1583
f 1687/1908/1677 1720/1942/1709 1692/1913/1682
f 1708/1929/1698 1661/1879/1653 1590/1804/1584
f 1721/1943/1710 1674/1893/1666 1701/1922/1691
f 1686/1905/1676 1634/1851/1626 1693/1914/1683
f 1659/1877/1651 1704/1925/1694 1699/1920/1689
f 1640/1858/1632 1722/1944/1711 1676/1895/1668
f 1680/1899/1672 1700/1921/1690 1685/1904/1675
f 1662/1880/1654 1681/1900/1673 1702/1923/1692
f 1670/1945/1662 1707/1946/1697 1706/1947/1696
f 1707/1928/1697 1660/1878/1652 1723/1948/1712
f 1666/1884/1658 1660/1878/1652 1707/1928/1697
f 1676/1895/1668 1724/1949/1713 1596/1832/1590
f 1628/1845/1620 1714/1936/1704 1712/1933/1702
f 1712/1933/1702 1653/1871/1645 1647/1865/1639
f 1707/1928/1697 1723/1948/1712 1706/1927/1696
f 1692/1913/1682 1725/1950/1714 1700/1921/1690
f 1687/1908/1677 1716/1938/1706 1720/1942/1709
f 1716/1938/1706 1709/1930/1699 1720/1942/1709
f 1582/1796/1576 1726/1951/1715 1655/1873/1647
f 1656/1874/1648 1713/1934/1703 1715/1937/1705
f 1705/1926/1695 1706/1927/1696 1694/1915/1684
f 1596/1832/1590 1724/1949/1713 1714/1952/1704
f 1371/1551/1372 1727/1953/1716 1513/1716/1372
f 1617/1834/1609 1630/1847/1622 1711/1932/1701
f 1728/1954/1717 1729/1955/1718 1353/1529/1354
f 1706/1927/1696 1730/1956/1719 1694/1915/1684
f 1676/1895/1668 1722/1944/1711 1724/1949/1713
f 1674/1893/1720 1731/1957/1721 1709/1930/1722
f 1701/1922/1691 1710/1931/1700 1721/1943/1710
f 1581/1795/1575 1732/1958/1723 1667/1886/1659
f 1655/1873/1647 1726/1951/1715 1696/1917/1686
f 1617/1834/1609 1711/1932/1701 1733/1959/1724
f 1703/1924/1693 1734/1960/1725 1693/1914/1683
f 1691/1912/1681 1735/1961/1726 1690/1911/1680
f 1712/1933/1702 1714/1936/1704 1736/1962/1727
f 1725/1950/1714 1692/1913/1682 1737/1963/1728
f 1717/1939/1707 1738/1964/1729 1681/1900/1673
f 1696/1917/1686 1732/1958/1723 1581/1795/1575
f 1582/1796/1576 1715/1937/1705 1726/1951/1715
f 1739/1965/1730 1697/1918/1687 1631/1848/1623
f 1735/1961/1726 1691/1912/1681 1699/1920/1689
f 1694/1915/1684 1699/1920/1689 1704/1925/1694
f 1692/1913/1682 1720/1942/1709 1737/1963/1728
f 1738/1964/1729 1702/1923/1692 1681/1900/1673
f 1728/1954/1717 1353/1529/1354 1480/1676/1478
f 1725/1950/1714 1737/1963/1728 1700/1921/1690
f 1598/1814/1592 1740/1966/1731 1524/1730/1519
f 1564/1774/1557 1695/1916/1685 1591/1805/1585
f 1711/1932/1701 1686/1905/1676 1733/1959/1724
f 1640/1858/1632 1724/1949/1713 1722/1944/1711
f 1660/1878/1652 1685/1907/1675 1741/1967/1732
f 1519/1725/1514 1742/1968/1733 1743/1969/1734
f 1519/1725/1514 1743/1969/1734 1598/1814/1592
f 1740/1966/1731 1744/1970/1735 1524/1730/1519
f 1657/1875/1649 1617/1834/1609 1745/1971/1736
f 1617/1834/1609 1733/1959/1724 1746/1972/1737
f 1689/1910/1679 1747/1973/1738 1748/1974/1739
f 1598/1814/1592 1749/1975/1740 1740/1966/1731
f 1740/1966/1731 1749/1975/1740 1744/1970/1735
f 1387/1568/1386 1750/1976/1741 1516/1722/1512
f 1640/1858/1632 1751/1977/1742 1724/1949/1713
f 1749/1975/1740 1598/1814/1592 1744/1970/1735
f 1631/1848/1623 1603/1819/1597 1739/1965/1730
f 1703/1924/1693 1689/1910/1679 1748/1974/1739
f 1689/1910/1679 1683/1902/1410 1752/1978/1443
f 1700/1921/1690 1753/1979/1743 1685/1904/1675
f 1518/1724/1372 1754/1980/1372 1550/1759/1372
f 1551/1760/1372 1719/1941/1372 1682/1901/1372
f 1617/1834/1609 1746/1972/1737 1745/1971/1736
f 1693/1914/1683 1755/1981/1744 1686/1905/1676
f 1697/1918/1687 1756/1982/1745 1639/1857/1631
f 1756/1982/1745 1480/1676/1478 1639/1857/1631
f 1689/1910/1679 1752/1978/1443 1747/1973/1738
f 1685/1904/1675 1753/1979/1743 1741/1983/1732
f 1657/1875/1649 1757/1984/1746 1698/1919/1688
f 1745/1971/1736 1757/1984/1746 1657/1875/1649
f 1752/1978/1443 1683/1902/1410 1690/1911/1680
f 1758/1985/1747 1530/1736/1525 1311/1484/1312
f 1759/1986/1748 1730/1956/1719 1706/1927/1696
f 1760/1987/1749 1700/1921/1690 1737/1963/1728
f 1738/1964/1729 1717/1939/1707 1661/1879/1653
f 1682/1901/1372 1742/1968/1733 1519/1725/1514
f 1744/1970/1735 1710/1931/1700 1524/1730/1519
f 1700/1921/1690 1760/1987/1749 1753/1979/1743
f 1753/1979/1743 1760/1987/1749 1737/1963/1728
f 1674/1893/1666 1721/1943/1710 1709/1930/1699
f 1702/1923/1692 1738/1964/1729 1761/1988/1750
f 1761/1988/1750 1607/1823/1601 1702/1923/1692
f 1744/1970/1735 1762/1989/1751 1710/1931/1700
f 1595/1810/1589 1635/1852/1627 1763/1990/1752
f 1733/1959/1724 1686/1905/1676 1755/1981/1744
f 1730/1956/1719 1759/1986/1748 1694/1915/1684
f 1706/1927/1696 1723/1948/1712 1764/1991/1753
f 1721/1943/1710 1765/1992/1754 1709/1930/1699
f 1762/1989/1751 1721/1943/1710 1710/1931/1700
f 1762/1989/1751 1766/1993/1755 1721/1943/1710
f 1718/1940/1708 1626/1843/1618 1549/1758/1544
f 1550/1759/1372 1682/1901/1372 1719/1941/1372
f 1767/1994/1756 1584/1798/1578 1664/1882/1656
f 1734/1960/1725 1703/1924/1693 1747/1973/1738
f 1703/1924/1693 1748/1974/1739 1768/1995/1757
f 1311/1484/1312 1218/1393/1218 1615/1831/1607
f 1665/1883/1657 1751/1977/1742 1640/1858/1632
f 1769/1996/1758 1741/1983/1732 1753/1979/1743
f 1763/1990/1752 1770/1997/1759 1595/1810/1589
f 1767/1994/1756 1677/1896/1669 1584/1798/1578
f 1706/1927/1696 1764/1991/1753 1771/1998/1760
f 1591/1805/1585 1750/1976/1741 1387/1568/1386
f 1552/1761/1545 1772/1999/1761 1635/1852/1627
f 1603/1819/1597 1651/1869/1643 1773/2000/1762
f 1755/1981/1744 1693/1914/1683 1774/2001/1763
f 1693/1914/1683 1734/1960/1725 1774/2001/1763
f 1748/1974/1739 1747/1973/1738 1768/1995/1757
f 1737/1963/1728 1720/1942/1709 1753/1979/1743
f 1708/1929/1698 1775/2002/1764 1661/1879/1653
f 1703/1924/1693 1768/1995/1757 1747/1973/1738
f 1759/1986/1748 1706/1927/1696 1776/2003/1765
f 1706/1927/1696 1771/1998/1760 1776/2003/1765
f 1653/1871/1645 1777/2004/1766 1708/1929/1698
f 1743/1969/1734 1744/1970/1735 1598/1814/1592
f 1595/1810/1589 1770/1997/1759 1663/1881/1655
f 1734/1960/1725 1747/1973/1738 1774/2001/1763
f 1729/1955/1718 1615/1831/1607 1353/1529/1354
f 1778/2005/1767 1684/1903/1674 1530/1736/1525
f 1660/1878/1652 1741/1967/1732 1779/2006/1768
f 1720/1942/1709 1780/2007/1769 1753/1979/1743
f 1603/1819/1597 1773/2000/1762 1739/1965/1730
f 1779/2006/1768 1741/1967/1732 1769/2008/1758
f 1661/1879/1653 1781/2009/1770 1738/1964/1729
f 1752/1978/1443 1690/1911/1680 1735/1961/1726
f 1735/1961/1726 1699/1920/1689 1782/2010/1771
f 1759/1986/1748 1776/2003/1765 1783/2011/1772
f 1761/1988/1750 1688/1909/1678 1607/1823/1601
f 1550/1759/1372 1754/1980/1372 1682/1901/1372
f 1726/1951/1715 1715/1937/1705 1784/2012/1773
f 1713/1934/1703 1698/1935/1688 1715/1937/1705
f 1694/1915/1684 1783/2011/1772 1699/1920/1689
f 1694/1915/1684 1759/1986/1748 1783/2011/1772
f 1776/2003/1765 1771/1998/1760 1783/2011/1772
f 1718/1940/1708 1785/2013/1774 1626/1843/1618
f 1786/2014/1775 1787/2015/1776 1664/1882/1656
f 1723/1948/1712 1660/1878/1652 1788/2016/1777
f 1788/2016/1777 1660/1878/1652 1779/2006/1768
f 1720/1942/1709 1709/1930/1699 1789/2017/1778
f 1668/1887/1660 1667/1886/1659 1732/1958/1723
f 1787/2015/1776 1767/1994/1756 1664/1882/1656
f 1783/2011/1772 1771/1998/1760 1790/2018/1779
f 1790/2018/1779 1771/1998/1760 1764/1991/1753
f 1779/2006/1768 1723/1948/1712 1788/2016/1777
f 1791/2019/1780 1720/1942/1709 1789/2017/1778
f 1792/2020/1781 1789/2017/1778 1709/1930/1699
f 1775/2002/1764 1708/1929/1698 1777/2004/1766
f 1709/1930/1699 1765/1992/1754 1792/2020/1781
f 1793/2021/1782 1661/1879/1653 1775/2002/1764
f 1785/2013/1774 1548/1757/1543 1594/1809/1588
f 1785/2013/1774 1718/1940/1708 1548/1757/1543
f 1664/1882/1656 1592/1806/1586 1786/2014/1775
f 1677/1896/1669 1794/2022/1783 1612/1856/1606
f 1612/1828/1606 1794/2023/1783 1651/1869/1643
f 1723/1948/1712 1795/2024/1784 1764/1991/1753
f 1789/2017/1778 1792/2020/1781 1791/2019/1780
f 1721/1943/1710 1796/2025/1785 1765/1992/1754
f 1663/1881/1655 1770/1997/1759 1797/2026/1786
f 1663/1881/1655 1797/2026/1786 1592/1806/1586
f 1684/1903/1674 1798/2027/1787 1679/1898/1671
f 1724/1949/1713 1736/2028/1727 1714/1952/1704
f 1635/1852/1627 1799/2029/1788 1763/1990/1752
f 1735/1961/1726 1782/2010/1771 1752/1978/1443
f 1723/1948/1712 1779/2006/1768 1800/2030/1789
f 1769/1996/1758 1753/1979/1743 1779/2031/1768
f 1653/1871/1645 1712/1933/1702 1777/2004/1766
f 1780/2007/1769 1720/1942/1709 1791/2019/1780
f 1699/1920/1689 1801/2032/1790 1802/2033/1791
f 1801/2032/1790 1699/1920/1689 1783/2011/1772
f 1635/1852/1627 1772/1999/1761 1799/2029/1788
f 1677/1896/1669 1767/1994/1756 1794/2022/1783
f 1747/1973/1738 1752/1978/1443 1803/2034/1792
f 1804/2035/1793 1764/1991/1753 1795/2024/1784
f 1723/1948/1712 1800/2030/1789 1795/2024/1784
f 1800/2030/1789 1779/2006/1768 1795/2024/1784
f 1805/2036/1794 1780/2007/1769 1806/2037/1795
f 1721/1943/1710 1766/1993/1755 1796/2025/1785
f 1766/1993/1755 1762/1989/1751 1807/2038/1796
f 1738/1964/1729 1808/2039/1797 1761/1988/1750
f 1744/1970/1735 1743/1969/1734 1809/2040/1798
f 1744/1970/1735 1809/2040/1798 1762/1989/1751
f 1552/1761/1545 1399/1584/1400 1772/1999/1761
f 1732/1958/1723 1810/2041/1799 1668/1887/1660
f 1699/1920/1689 1811/2042/1800 1782/2010/1771
f 1753/2043/1743 1812/2044/1801 1779/2045/1768
f 1780/2007/1769 1805/2036/1794 1753/1979/1743
f 1792/2020/1781 1765/1992/1754 1813/2046/1802
f 1661/1879/1653 1793/2021/1782 1781/2009/1770
f 1733/1959/1724 1755/1981/1744 1814/2047/1803
f 1753/1979/1743 1805/2036/1794 1812/2048/1801
f 1777/2004/1766 1712/1933/1702 1815/2049/1804
f 1792/2020/1781 1813/2046/1802 1791/2019/1780
f 1775/2002/1764 1816/2050/1805 1793/2021/1782
f 1765/1992/1754 1796/2025/1785 1817/2051/1806
f 1732/1958/1723 1696/1917/1686 1810/2041/1799
f 1818/2052/1807 1733/1959/1724 1814/2047/1803
f 1783/2011/1772 1790/2018/1779 1801/2032/1790
f 1762/1989/1751 1809/2040/1798 1807/2038/1796
f 1818/2052/1807 1746/1972/1737 1733/1959/1724
f 1778/2005/1767 1530/1736/1525 1758/1985/1747
f 1819/2053/1808 1665/1883/1657 1679/1898/1671
f 1806/2037/1795 1780/2007/1769 1791/2019/1780
f 1688/1909/1678 1785/2013/1774 1594/1809/1588
f 1727/1953/1716 1210/1349/1210 1493/1692/1372
f 1782/2010/1771 1803/2034/1792 1752/1978/1443
f 1764/1991/1753 1804/2035/1793 1790/2018/1779
f 1813/2046/1802 1765/1992/1754 1817/2051/1806
f 1696/1917/1686 1726/1951/1715 1820/2054/1809
f 1684/1903/1674 1821/2055/1810 1798/2027/1787
f 1736/1962/1727 1822/2056/1811 1712/1933/1702
f 1592/1806/1586 1797/2026/1786 1786/2014/1775
f 1755/2057/1744 1774/2058/1763 1814/2059/1803
f 1811/2042/1800 1699/1920/1689 1802/2033/1791
f 1751/1977/1742 1736/2028/1727 1724/1949/1713
f 1712/1933/1702 1822/2056/1811 1815/2049/1804
f 1813/2060/1802 1823/2061/1812 1791/2062/1780
f 1793/2021/1782 1738/1964/1729 1781/2009/1770
f 1778/2005/1767 1821/2055/1810 1684/1903/1674
f 1779/2006/1768 1824/2063/1813 1795/2024/1784
f 1715/1937/1705 1698/1935/1688 1784/2012/1773
f 1773/2000/1762 1651/1869/1643 1825/2064/1814
f 1814/2047/1803 1774/2001/1763 1826/2065/1815
f 1747/1973/1738 1803/2034/1792 1827/2066/1816
f 1811/2042/1800 1802/2033/1791 1782/2010/1771
f 1812/2044/1801 1805/2067/1794 1779/2045/1768
f 1813/2046/1802 1817/2051/1806 1823/2068/1812
f 1807/2038/1796 1809/2040/1798 1766/1993/1755
f 1791/2019/1780 1828/2069/1817 1806/2037/1795
f 1795/2024/1784 1829/2070/1818 1804/2035/1793
f 1751/1977/1742 1830/2071/1819 1831/2072/1820
f 1751/1977/1742 1831/2072/1820 1736/2028/1727
f 1824/2063/1813 1779/2006/1768 1832/2073/1821
f 1805/2036/1794 1832/2074/1821 1779/2031/1768
f 1828/2069/1817 1833/2075/1822 1806/2037/1795
f 1834/2076/1823 1823/2068/1812 1817/2051/1806
f 1809/2040/1798 1835/2077/1824 1766/1993/1755
f 1743/1969/1734 1835/2077/1824 1809/2040/1798
f 1399/1584/1400 1516/1722/1512 1836/2078/1825
f 1767/1994/1756 1787/2015/1776 1837/2079/1826
f 1757/1984/1746 1745/1971/1736 1838/2080/1827
f 1804/2035/1793 1839/2081/1828 1790/2018/1779
f 1791/2019/1780 1823/2068/1812 1828/2069/1817
f 1817/2051/1806 1796/2025/1785 1834/2076/1823
f 1782/2010/1771 1840/2082/1829 1803/2034/1792
f 1804/2035/1793 1829/2070/1818 1839/2081/1828
f 1793/2021/1782 1841/2083/1830 1738/1964/1729
f 1761/1988/1750 1808/2039/1797 1688/1909/1678
f 1743/1969/1734 1842/2084/1831 1835/2077/1824
f 1784/2012/1773 1698/1935/1688 1843/2085/1832
f 1757/2086/1746 1838/2087/1827 1698/2088/1688
f 1766/1993/1755 1835/2077/1824 1844/2089/1833
f 1808/2039/1797 1845/2090/1834 1846/2091/1835
f 1726/1951/1715 1784/2012/1773 1843/2085/1832
f 1698/1935/1688 1847/2092/1836 1843/2085/1832
f 1773/2000/1762 1825/2064/1814 1739/1965/1730
f 1814/2047/1803 1826/2065/1815 1848/2093/1837
f 1829/2070/1818 1849/2094/1838 1839/2081/1828
f 1829/2070/1818 1795/2024/1784 1849/2094/1838
f 1805/2036/1794 1850/2095/1839 1832/2074/1821
f 1738/1964/1729 1845/2090/1834 1808/2039/1797
f 1698/2096/1688 1838/2097/1827 1851/2098/1840
f 1805/2036/1794 1806/2037/1795 1850/2095/1839
f 1766/1993/1755 1844/2089/1833 1796/2025/1785
f 1796/2025/1785 1844/2089/1833 1834/2076/1823
f 1763/1990/1752 1852/2099/1841 1770/1997/1759
f 1696/1917/1686 1853/2100/1842 1810/2041/1799
f 1746/1972/1737 1818/2052/1807 1838/2080/1827
f 1679/1898/1671 1798/2027/1787 1819/2053/1808
f 1795/2024/1784 1824/2063/1813 1849/2094/1838
f 1806/2037/1795 1833/2075/1822 1850/2095/1839
f 1775/2002/1764 1777/2004/1766 1816/2050/1805
f 1738/1964/1729 1841/2083/1830 1845/2090/1834
f 1845/2090/1834 1688/1909/1678 1846/2091/1835
f 1846/2091/1835 1688/1909/1678 1808/2039/1797
f 1852/2099/1841 1763/1990/1752 1799/2029/1788
f 1698/1935/1688 1851/2101/1840 1847/2092/1836
f 1746/1972/1737 1838/2080/1827 1745/1971/1736
f 1814/2047/1803 1848/2093/1837 1818/2052/1807
f 1747/1973/1738 1854/2102/1843 1774/2001/1763
f 1823/2068/1812 1834/2076/1823 1828/2069/1817
f 1696/1917/1686 1820/2054/1809 1853/2100/1842
f 1839/2081/1828 1849/2094/1838 1855/2103/1844
f 1777/2004/1766 1815/2049/1804 1856/2104/1845
f 1626/1843/1618 1785/2013/1774 1371/1551/1372
f 1747/1973/1738 1827/2066/1816 1854/2102/1843
f 1782/2010/1771 1802/2033/1791 1840/2082/1829
f 1857/2105/1846 1790/2018/1779 1839/2081/1828
f 1858/2106/1847 1751/1977/1742 1665/1883/1657
f 1822/2056/1811 1736/1962/1727 1831/2107/1820
f 1785/2013/1774 1859/2108/1372 1371/1551/1372
f 1727/1953/1716 1493/1692/1372 1513/1716/1372
f 1743/1969/1734 1742/1968/1733 1860/2109/1848
f 1837/2079/1826 1794/2022/1783 1767/1994/1756
f 1824/2063/1813 1832/2073/1821 1861/2110/1849
f 1810/2041/1799 1695/1916/1685 1668/1887/1660
f 1851/2101/1840 1838/2111/1827 1847/2092/1836
f 1739/1965/1730 1862/2112/1850 1697/1918/1687
f 1828/2069/1817 1863/2113/1851 1833/2075/1822
f 1697/1918/1687 1862/2112/1850 1756/1982/1745
f 1790/2018/1779 1857/2105/1846 1801/2032/1790
f 1818/2114/1807 1864/2115/1852 1838/2116/1827
f 1774/2001/1763 1854/2102/1843 1826/2065/1815
f 1756/1982/1745 1865/2117/1853 1480/1676/1478
f 1839/2081/1828 1855/2103/1844 1857/2105/1846
f 1834/2076/1823 1844/2089/1833 1866/2118/1854
f 1845/2090/1834 1867/2119/1855 1688/1909/1678
f 1820/2054/1809 1726/1951/1715 1868/2120/1856
f 1802/2033/1791 1801/2032/1790 1869/2121/1857
f 1801/2032/1790 1857/2105/1846 1870/2122/1858
f 1857/2105/1846 1855/2103/1844 1871/2123/1859
f 1861/2124/1849 1832/2074/1821 1850/2095/1839
f 1770/1997/1759 1872/2125/1860 1797/2026/1786
f 1816/2050/1805 1777/2004/1766 1873/2126/1861
f 1835/2077/1824 1874/2127/1862 1844/2089/1833
f 1786/2014/1775 1875/2128/1863 1787/2015/1776
f 1834/2076/1823 1876/2129/1864 1828/2069/1817
f 1844/2089/1833 1874/2127/1862 1866/2118/1854
f 1819/2053/1808 1858/2106/1847 1665/1883/1657
f 1682/1901/1372 1877/2130/1865 1742/1968/1733
f 1878/2131/1866 1842/2132/1867 1743/2133/1868
f 1840/2082/1829 1827/2066/1816 1803/2034/1792
f 1801/2032/1790 1870/2122/1858 1869/2121/1857
f 1858/2106/1847 1830/2071/1819 1751/1977/1742
f 1879/2134/1869 1824/2063/1813 1861/2110/1849
f 1822/2056/1811 1831/2107/1820 1830/2135/1819
f 1772/1999/1761 1880/2136/1870 1799/2029/1788
f 1826/2065/1815 1854/2102/1843 1881/2137/1871
f 1849/2094/1838 1824/2063/1813 1879/2134/1869
f 1882/2138/1872 1833/2075/1822 1863/2113/1851
f 1873/2126/1861 1883/2139/1873 1816/2050/1805
f 1743/1969/1734 1884/2140/1874 1842/2084/1831
f 1399/1584/1400 1880/2136/1870 1772/1999/1761
f 1885/2141/1875 1794/2022/1783 1837/2079/1826
f 1869/2121/1857 1886/2142/1876 1802/2033/1791
f 1830/2135/1819 1887/2143/1877 1822/2056/1811
f 1888/2144/1878 1873/2126/1861 1777/2004/1766
f 1883/2139/1873 1889/2145/1879 1816/2050/1805
f 1835/2077/1824 1842/2084/1831 1874/2127/1862
f 1841/2083/1830 1890/2146/1880 1845/2090/1834
f 1848/2093/1837 1826/2065/1815 1881/2137/1871
f 1855/2103/1844 1849/2094/1838 1871/2123/1859
f 1777/2004/1766 1856/2104/1845 1888/2144/1878
f 1828/2069/1817 1876/2129/1864 1863/2113/1851
f 1891/2147/1881 1727/1953/1716 1371/1551/1372
f 1797/2026/1786 1892/2148/1882 1875/2128/1863
f 1797/2026/1786 1875/2128/1863 1786/2014/1775
f 1797/2026/1786 1872/2125/1860 1892/2148/1882
f 1886/2142/1876 1840/2082/1829 1802/2033/1791
f 1793/2021/1782 1816/2050/1805 1841/2083/1830
f 1742/1968/1733 1877/2130/1865 1860/2109/1848
f 1810/2041/1799 1893/2149/1883 1695/1916/1685
f 1852/2099/1841 1872/2125/1860 1770/1997/1759
f 1847/2092/1836 1894/2150/1884 1843/2085/1832
f 1838/2080/1827 1895/2151/1885 1847/2152/1836
f 1887/2143/1877 1896/2153/1886 1822/2056/1811
f 1816/2050/1805 1889/2145/1879 1841/2083/1830
f 1890/2146/1880 1867/2119/1855 1845/2090/1834
f 1897/2154/1887 1862/2112/1850 1739/1965/1730
f 1861/2124/1849 1850/2095/1839 1879/2155/1869
f 1822/2056/1811 1898/2156/1888 1815/2049/1804
f 1726/1951/1715 1843/2085/1832 1868/2120/1856
f 1794/2023/1783 1899/2157/1889 1651/1869/1643
f 1827/2066/1816 1840/2082/1829 1900/2158/1443
f 1900/2158/1443 1840/2082/1829 1901/2159/1410
f 1815/2049/1804 1898/2156/1888 1856/2104/1845
f 1888/2144/1878 1856/2104/1845 1873/2126/1861
f 1840/2082/1829 1902/2160/1890 1901/2159/1410
f 1840/2082/1829 1886/2142/1876 1902/2160/1890
f 1848/2093/1837 1881/2137/1871 1818/2052/1807
f 1903/2161/1891 1858/2106/1847 1819/2053/1808
f 1850/2095/1839 1833/2075/1822 1882/2138/1872
f 1904/2162/1892 1834/2076/1823 1866/2118/1854
f 1371/1551/1372 1859/2108/1372 1891/2147/1881
f 1875/2128/1863 1905/2163/1893 1787/2015/1776
f 1899/2157/1889 1825/2064/1814 1651/1869/1643
f 1886/2164/1876 1869/2165/1857 1870/2166/1858
f 1849/2094/1838 1879/2134/1869 1906/2167/1894
f 1904/2162/1892 1866/2118/1854 1907/2168/1895
f 1874/2127/1862 1842/2084/1831 1908/2169/1896
f 1787/2015/1776 1905/2163/1893 1837/2079/1826
f 1849/2094/1838 1906/2167/1894 1871/2123/1859
f 1822/2056/1811 1896/2153/1886 1898/2156/1888
f 1904/2162/1892 1907/2168/1895 1834/2076/1823
f 1890/2146/1880 1909/2170/1897 1867/2119/1855
f 1399/1584/1400 1910/2171/1898 1880/2136/1870
f 1894/2150/1884 1911/2172/1899 1843/2085/1832
f 1827/2066/1816 1912/2173/1900 1854/2102/1843
f 1857/2105/1846 1871/2123/1859 1913/2174/1901
f 1850/2175/1839 1914/2176/1902 1879/2177/1869
f 1850/2095/1839 1882/2138/1872 1915/2178/1903
f 1876/2129/1864 1834/2076/1823 1863/2113/1851
f 1866/2118/1854 1874/2127/1862 1908/2169/1896
f 1841/2083/1830 1889/2145/1879 1890/2146/1880
f 1867/2119/1855 1909/2170/1897 1688/1909/1678
f 1682/1901/1372 1916/2179/1372 1877/2130/1865
f 1825/2064/1814 1897/2154/1887 1739/1965/1730
f 1827/2066/1816 1917/2180/1904 1912/2173/1900
f 1900/2158/1443 1918/2181/1905 1919/2182/1443
f 1860/2109/1848 1884/2140/1874 1743/1969/1734
f 1820/2054/1809 1868/2120/1856 1853/2100/1842
f 1865/2117/1853 1728/1954/1717 1480/1676/1478
f 1917/2180/1904 1827/2066/1816 1920/2183/1906
f 1900/2158/1443 1919/2182/1443 1827/2066/1816
f 1902/2160/1890 1921/2184/1907 1901/2159/1410
f 1871/2123/1859 1906/2167/1894 1922/2185/1908
f 1850/2095/1839 1915/2178/1903 1914/2186/1902
f 1889/2145/1879 1923/2187/1909 1890/2146/1880
f 1919/2182/1443 1920/2183/1906 1827/2066/1816
f 1918/2181/1905 1900/2158/1443 1901/2159/1410
f 1908/2169/1896 1924/2188/1910 1866/2118/1854
f 1842/2084/1831 1884/2140/1874 1908/2169/1896
f 1818/2052/1807 1881/2137/1871 1864/2189/1852
f 1854/2102/1843 1912/2173/1900 1925/2190/1911
f 1902/2160/1890 1886/2142/1876 1921/2184/1907
f 1838/2080/1827 1864/2189/1852 1926/2191/1912
f 1912/2173/1900 1917/2180/1904 1925/2190/1911
f 1778/2005/1767 1927/2192/1913 1821/2055/1810
f 1821/2055/1810 1928/2193/1914 1798/2027/1787
f 1879/2194/1869 1914/2195/1902 1906/2196/1894
f 1799/2029/1788 1929/2197/1915 1852/2099/1841
f 1799/2029/1788 1880/2136/1870 1929/2197/1915
f 1930/2198/1916 1886/2142/1876 1870/2122/1858
f 1785/2013/1774 1688/1909/1678 1931/2199/1917
f 1932/2200/1918 1933/2201/1919 1860/2109/1848
f 1860/2109/1848 1933/2201/1919 1884/2140/1874
f 1894/2150/1884 1847/2092/1836 1911/2172/1899
f 1864/2189/1852 1881/2137/1871 1926/2191/1912
f 1854/2102/1843 1934/2202/1920 1881/2137/1871
f 1890/2146/1880 1935/2203/1921 1909/2170/1897
f 1399/1584/1400 1836/2078/1825 1910/2171/1898
f 1794/2022/1783 1885/2141/1875 1899/2204/1889
f 1886/2142/1876 1930/2198/1916 1921/2184/1907
f 1923/2187/1909 1936/2205/1922 1935/2203/1921
f 1923/2187/1909 1935/2203/1921 1890/2146/1880
f 1819/2053/1808 1798/2027/1787 1903/2161/1891
f 1873/2126/1861 1937/2206/1923 1883/2139/1873
f 1907/2168/1895 1863/2113/1851 1834/2076/1823
f 1918/2181/1905 1938/2207/1924 1919/2182/1443
f 1870/2122/1858 1857/2105/1846 1939/2208/1925
f 1857/2105/1846 1913/2174/1901 1939/2208/1925
f 1866/2118/1854 1924/2188/1910 1907/2168/1895
f 1877/2130/1865 1932/2200/1918 1860/2109/1848
f 1884/2140/1874 1933/2201/1919 1908/2169/1896
f 1858/2106/1847 1903/2161/1891 1830/2071/1819
f 1914/2209/1902 1940/2210/1926 1906/2167/1894
f 1882/2138/1872 1941/2211/1927 1915/2178/1903
f 1882/2138/1872 1942/2212/1928 1941/2211/1927
f 1882/2138/1872 1943/2213/1929 1942/2212/1928
f 1863/2113/1851 1944/2214/1930 1882/2138/1872
f 1919/2182/1443 1938/2207/1924 1945/2215/1931
f 1903/2161/1891 1946/2216/1932 1830/2071/1819
f 1830/2071/1819 1946/2216/1932 1887/2217/1877
f 1915/2178/1903 1941/2211/1927 1942/2212/1928
f 1942/2212/1928 1943/2213/1929 1947/2218/1933
f 1943/2213/1929 1944/2214/1930 1947/2218/1933
f 1943/2213/1929 1882/2138/1872 1944/2214/1930
f 1907/2168/1895 1948/2219/1934 1863/2113/1851
f 1889/2145/1879 1883/2139/1873 1923/2187/1909
f 1949/2220/1935 1853/2100/1842 1868/2120/1856
f 1938/2207/1924 1918/2181/1905 1950/2221/1410
f 1870/2122/1858 1939/2208/1925 1951/2222/1936
f 1914/2186/1902 1915/2178/1903 1940/2223/1926
f 1942/2212/1928 1944/2214/1930 1915/2178/1903
f 1942/2212/1928 1947/2218/1933 1944/2214/1930
f 1908/2169/1896 1933/2201/1919 1952/2224/1937
f 1953/2225/1938 1837/2079/1826 1905/2163/1893
f 1854/2102/1843 1925/2190/1911 1934/2202/1920
f 1887/2143/1877 1954/2226/1939 1896/2153/1886
f 1924/2188/1910 1955/2227/1940 1907/2168/1895
f 1935/2203/1921 1688/1909/1678 1909/2170/1897
f 1853/2100/1842 1956/2228/1941 1810/2041/1799
f 1949/2220/1935 1957/2229/1942 1853/2100/1842
f 1843/2085/1832 1911/2172/1899 1868/2120/1856
f 1838/2080/1827 1926/2191/1912 1958/2230/1943
f 1950/2221/1410 1918/2181/1905 1901/2159/1410
f 1959/2231/1944 1906/2167/1894 1940/2210/1926
f 1898/2156/1888 1896/2153/1886 1960/2232/1945
f 1754/1980/1372 1916/2179/1372 1682/1901/1372
f 1591/1805/1585 1695/1916/1685 1893/2149/1883
f 1870/2122/1858 1951/2222/1936 1930/2198/1916
f 1936/2205/1922 1961/2233/1946 1935/2203/1921
f 1852/2099/1841 1962/2234/1947 1872/2125/1860
f 1926/2191/1912 1881/2137/1871 1958/2230/1943
f 1758/1985/1747 1311/1484/1312 1615/1831/1607
f 1959/2231/1944 1922/2185/1908 1906/2167/1894
f 1915/2178/1903 1944/2214/1930 1963/2235/1948
f 1907/2168/1895 1955/2227/1940 1948/2219/1934
f 1923/2187/1909 1964/2236/1949 1936/2205/1922
f 1958/2230/1943 1881/2137/1871 1965/2237/1950
f 1934/2202/1920 1925/2190/1911 1966/2238/1951
f 1863/2113/1851 1967/2239/1952 1944/2214/1930
f 1863/2113/1851 1948/2219/1934 1967/2239/1952
f 1948/2219/1934 1955/2227/1940 1967/2239/1952
f 1937/2206/1923 1968/2240/1953 1883/2139/1873
f 1883/2139/1873 1968/2240/1953 1923/2187/1909
f 1908/2169/1896 1952/2224/1937 1969/2241/1954
f 1921/2184/1907 1930/2198/1916 1901/2159/1410
f 1951/2222/1936 1939/2208/1925 1913/2174/1901
f 1913/2174/1901 1871/2123/1859 1970/2242/1955
f 1871/2123/1859 1922/2185/1908 1970/2242/1955
f 1954/2226/1939 1971/2243/1956 1896/2153/1886
f 1896/2153/1886 1971/2243/1956 1960/2232/1945
f 1898/2156/1888 1960/2232/1945 1856/2104/1845
f 1908/2169/1896 1972/2244/1957 1924/2188/1910
f 1972/2244/1957 1908/2169/1896 1969/2241/1954
f 1785/2013/1774 1973/2245/1958 1859/2108/1372
f 1872/2125/1860 1974/2246/1959 1892/2148/1882
f 1959/2231/1944 1940/2210/1926 1922/2185/1908
f 1960/2232/1945 1975/2247/1960 1856/2104/1845
f 1976/2248/1961 1836/2078/1825 1516/1722/1512
f 1847/2092/1836 1895/2249/1885 1977/2250/1962
f 1825/2064/1814 1978/2251/1963 1897/2154/1887
f 1881/2137/1871 1934/2202/1920 1979/2252/1964
f 1933/2201/1919 1980/2253/1965 1981/2254/1966
f 1872/2125/1860 1962/2234/1947 1974/2246/1959
f 1934/2202/1920 1966/2238/1951 1979/2252/1964
f 1930/2198/1916 1951/2222/1936 1982/2255/1967
f 1798/2027/1787 1928/2193/1914 1903/2161/1891
f 1924/2188/1910 1972/2244/1957 1955/2227/1940
f 1968/2240/1953 1964/2236/1949 1923/2187/1909
f 1935/2203/1921 1983/2256/1968 1984/2257/1969
f 1984/2257/1969 1688/1909/1678 1935/2203/1921
f 1984/2257/1969 1983/2256/1968 1688/1909/1678
f 1932/2200/1918 1980/2253/1965 1933/2201/1919
f 1899/2157/1889 1985/2258/1970 1825/2064/1814
f 1862/2112/1850 1986/2259/1971 1756/1982/1745
f 1913/2174/1901 1970/2242/1955 1951/2222/1936
f 1975/2247/1960 1987/2260/1972 1856/2104/1845
f 1967/2239/1952 1988/2261/1973 1944/2214/1930
f 1955/2227/1940 1989/2262/1974 1967/2239/1952
f 1964/2236/1949 1961/2233/1946 1936/2205/1922
f 1825/2064/1814 1985/2258/1970 1978/2251/1963
f 1917/2180/1904 1920/2183/1906 1919/2182/1443
f 1901/2159/1410 1990/2263/1975 1950/2221/1410
f 1901/2159/1410 1930/2198/1916 1991/2264/1976
f 1992/2265/1977 1821/2055/1810 1927/2192/1913
f 1987/2260/1972 1873/2126/1861 1856/2104/1845
f 1967/2239/1952 1989/2262/1974 1988/2261/1973
f 1935/2203/1921 1993/2266/1978 1983/2256/1968
f 1983/2256/1968 1993/2266/1978 1688/1909/1678
f 1853/2100/1842 1957/2229/1942 1956/2228/1941
f 1847/2092/1836 1977/2250/1962 1911/2172/1899
f 1986/2259/1971 1865/2117/1853 1756/1982/1745
f 1951/2222/1936 1970/2242/1955 1994/2267/1979
f 1922/2185/1908 1995/2268/1980 1970/2242/1955
f 1940/2223/1926 1915/2178/1903 1996/2269/1981
f 1987/2260/1972 1937/2206/1923 1873/2126/1861
f 1785/2013/1774 1931/2199/1917 1973/2245/1958
f 1901/2159/1410 1991/2264/1976 1990/2263/1975
f 1903/2161/1891 1997/2270/1982 1946/2216/1932
f 1971/2243/1956 1975/2247/1960 1960/2232/1945
f 1937/2206/1923 1987/2260/1972 1998/2271/1983
f 1949/2220/1935 1868/2120/1856 1999/2272/1984
f 1911/2172/1899 1999/2272/1984 1868/2120/1856
f 1837/2079/1826 1953/2225/1938 1885/2141/1875
f 1979/2252/1964 1965/2237/1950 1881/2137/1871
f 1940/2210/1926 1996/2273/1981 1922/2185/1908
f 2000/2274/1985 1968/2240/1953 1937/2206/1923
f 1852/2099/1841 1929/2197/1915 1962/2234/1947
f 1917/2180/1904 2001/2275/1986 1925/2190/1911
f 1950/2221/1410 1945/2215/1931 1938/2207/1924
f 1821/2055/1810 1992/2265/1977 1928/2193/1914
f 1935/2203/1921 1961/2233/1946 1993/2266/1978
f 1999/2272/1984 1957/2229/1942 1949/2220/1935
f 1897/2154/1887 1986/2259/1971 1862/2112/1850
f 1966/2238/1951 2002/2276/1987 1979/2252/1964
f 1990/2263/1975 1945/2215/1931 1950/2221/1410
f 1952/2224/1937 1933/2201/1919 1969/2241/1954
f 1875/2128/1863 2003/2277/1988 1905/2163/1893
f 1955/2227/1940 1972/2244/1957 2004/2278/1989
f 1969/2241/1954 2005/2279/1990 1972/2244/1957
f 1933/2201/1919 2006/2280/1991 1969/2241/1954
f 1945/2215/1931 1990/2263/1975 2007/2281/1681
f 1930/2198/1916 2008/2282/1992 1991/2264/1976
f 1930/2198/1916 1982/2255/1967 2008/2282/1992
f 1995/2268/1980 2009/2283/1993 1970/2242/1955
f 1995/2268/1980 1922/2185/1908 2009/2283/1993
f 1955/2227/1940 2004/2278/1989 1989/2262/1974
f 1972/2244/1957 2005/2279/1990 2004/2278/1989
f 1893/2149/1883 1810/2041/1799 1956/2228/1941
f 1838/2080/1827 1958/2230/1943 1895/2151/1885
f 1970/2242/1955 2010/2284/1994 1994/2267/1979
f 1880/2136/1870 2011/2285/1995 1929/2197/1915
f 1892/2148/1882 2003/2277/1988 1875/2128/1863
f 1885/2141/1875 2012/2286/1996 1899/2204/1889
f 1958/2230/1943 1965/2237/1950 2013/2287/1997
f 1865/2117/1853 1729/1955/1718 1728/1954/1717
f 1944/2214/1930 1988/2261/1973 2014/2288/1998
f 2015/2289/1999 2006/2280/1991 1933/2201/1919
f 1966/2238/1951 1925/2190/1911 2001/2275/1986
f 2010/2284/1994 1970/2242/1955 2009/2283/1993
f 2016/2290/2000 1963/2235/1948 1944/2214/1930
f 2006/2280/1991 2015/2289/1999 1969/2241/1954
f 2013/2287/1997 1965/2237/1950 1979/2252/1964
f 1996/2269/1981 1915/2178/1903 1963/2235/1948
f 2016/2290/2000 1944/2214/1930 2017/2291/2001
f 1944/2214/1930 2014/2288/1998 2017/2291/2001
f 1932/2200/1918 1877/2130/1865 2018/2292/2002
f 1933/2201/1919 1981/2254/1966 2015/2289/1999
f 1893/2149/1883 2019/2293/2003 1591/1805/1585
f 2001/2275/1986 1917/2180/1904 1919/2182/1443
f 2008/2282/1992 1982/2255/1967 2020/2294/2004
f 2017/2291/2001 2014/2288/1998 2016/2290/2000
f 2000/2274/1985 2021/2295/2005 1968/2240/1953
f 1990/2263/1975 1991/2264/1976 2022/2296/2006
f 1951/2222/1936 1994/2267/1979 1982/2255/1967
f 1928/2193/1914 2023/2297/2007 1903/2161/1891
f 1922/2185/1908 1996/2273/1981 2009/2283/1993
f 1887/2217/1877 2024/2298/2008 1954/2299/1939
f 2025/2300/2009 1210/1349/1210 2026/2301/2010
f 1880/2136/1870 1910/2171/1898 2011/2285/1995
f 1945/2215/1931 2027/2302/2011 1919/2182/1443
f 1990/2263/1975 2022/2296/2006 2028/2303/2006
f 1997/2270/1982 1903/2161/1891 2023/2297/2007
f 1998/2271/1983 1987/2260/1972 1975/2247/1960
f 1979/2252/1964 2002/2276/1987 2029/2304/2012
f 2030/2305/2013 1996/2273/1981 2031/2306/2014
f 1989/2262/1974 2014/2288/1998 1988/2261/1973
f 2021/2295/2005 1964/2236/1949 1968/2240/1953
f 2015/2289/1999 2005/2279/1990 1969/2241/1954
f 1977/2307/1962 1895/2151/1885 1958/2230/1943
f 1945/2215/1931 2007/2281/1681 2032/2308/1680
f 1990/2263/1975 2028/2303/2006 2007/2281/1681
f 2022/2296/2006 1991/2264/1976 2028/2303/2006
f 2030/2305/2013 2031/2306/2014 2033/2309/2015
f 1996/2269/1981 1963/2235/1948 2033/2310/2015
f 1210/1349/1210 2025/2300/2009 1518/1724/1372
f 1916/2179/1372 2034/2311/2016 1877/2130/1865
f 1591/1805/1585 2019/2293/2003 1750/1976/1741
f 2013/2287/1997 1979/2252/1964 2029/2304/2012
f 2029/2304/2012 2002/2276/1987 2035/2312/2017
f 2008/2282/1992 2020/2294/2004 2028/2303/2006
f 1996/2273/1981 2033/2309/2015 2031/2306/2014
f 1975/2247/1960 2036/2313/2018 1998/2271/1983
f 1964/2236/1949 1993/2266/1978 1961/2233/1946
f 1929/2197/1915 2037/2314/2019 1962/2234/1947
f 1887/2217/1877 1946/2216/1932 2024/2298/2008
f 2038/2315/2020 1945/2215/1931 2032/2308/1680
f 2010/2284/1994 2009/2283/1993 2039/2316/2021
f 2009/2283/1993 1996/2273/1981 2030/2305/2013
f 1973/2245/1958 1891/2147/1881 1859/2108/1372
f 1754/1980/1372 2040/2317/2022 1916/2179/1372
f 1991/2264/1976 2008/2282/1992 2028/2303/2006
f 1963/2235/1948 2016/2290/2000 2033/2310/2015
f 1956/2228/1941 2041/2318/2023 1893/2149/1883
f 1905/2163/1893 2042/2319/2024 1953/2225/1938
f 2001/2275/1986 1919/2182/1443 2027/2302/2011
f 1954/2226/1939 2043/2320/2025 1971/2243/1956
f 1975/2247/1960 1971/2243/1956 2036/2313/2018
f 1932/2200/1918 2044/2321/2026 1980/2253/1965
f 2040/2317/2022 2034/2311/2016 1916/2179/1372
f 1893/2149/1883 2041/2318/2023 2019/2293/2003
f 1977/2250/1962 2045/2322/2027 1911/2172/1899
f 2027/2302/2011 1945/2215/1931 2038/2315/2020
f 2014/2288/1998 1989/2262/1974 2046/2323/2028
f 1929/2197/1915 2011/2285/1995 2037/2314/2019
f 1905/2163/1893 2003/2277/1988 2042/2319/2024
f 2035/2312/2017 2013/2287/1997 2029/2304/2012
f 1966/2238/1951 2001/2275/1986 2047/2324/2029
f 2014/2288/1998 2046/2323/2028 2048/2325/2030
f 1892/2148/1882 1974/2246/1959 2003/2277/1988
f 1977/2307/1962 1958/2230/1943 2049/2326/2031
f 1958/2230/1943 2013/2287/1997 2050/2327/2032
f 2043/2328/2025 1954/2299/1939 2024/2298/2008
f 2016/2290/2000 2014/2288/1998 2048/2325/2030
f 1937/2206/1923 1998/2271/1983 2051/2329/2033
f 2015/2289/1999 2052/2330/2034 2005/2279/1990
f 1932/2200/1918 2018/2292/2002 2044/2321/2026
f 1980/2253/1965 2015/2289/1999 1981/2254/1966
f 2016/2290/2000 2048/2325/2030 2053/2331/2035
f 2004/2278/1989 2054/2332/2036 1989/2262/1974
f 1993/2266/1978 1964/2236/1949 2055/2333/2037
f 1957/2229/1942 2056/2334/2038 1956/2228/1941
f 2047/2324/2029 2001/2275/1986 2057/2335/2039
f 2020/2294/2004 1982/2255/1967 2058/2336/2040
f 2016/2290/2000 2053/2331/2035 2033/2310/2015
f 2059/2337/2041 2060/2338/2042 1993/2266/1978
f 1999/2272/1984 1911/2172/1899 2045/2322/2027
f 1966/2238/1951 2057/2335/2039 2002/2276/1987
f 1966/2238/1951 2047/2324/2029 2057/2335/2039
f 2061/2339/2043 1615/1831/1607 1729/1955/1718
f 2062/2340/2044 2038/2315/2020 2032/2308/1680
f 2032/2308/1680 2007/2281/1681 2063/2341/2045
f 2064/2342/2046 2023/2297/2007 1928/2193/1914
f 2054/2332/2036 2046/2323/2028 1989/2262/1974
f 2052/2330/2034 2004/2278/1989 2005/2279/1990
f 2065/2343/2047 1931/2199/1917 1688/1909/1678
f 1976/2248/1961 1516/1722/1512 1750/1976/1741
f 1957/2229/1942 1999/2272/1984 2056/2334/2038
f 2048/2325/2030 2046/2323/2028 2066/2344/2048
f 2057/2335/2039 2001/2275/1986 2067/2345/2049
f 2060/2338/2042 1688/1909/1678 1993/2266/1978
f 2066/2344/2048 2053/2331/2035 2048/2325/2030
f 2055/2333/2037 2059/2337/2041 1993/2266/1978
f 2044/2321/2026 2015/2289/1999 1980/2253/1965
f 1958/2230/1943 2050/2327/2032 2049/2326/2031
f 2035/2312/2017 2068/2346/2050 2013/2287/1997
f 2009/2283/1993 2030/2305/2013 2039/2316/2021
f 1971/2347/1956 2043/2328/2025 2069/2348/2051
f 2063/2341/2045 2007/2281/1681 2028/2303/2006
f 1994/2267/1979 2010/2284/1994 2070/2349/2052
f 2010/2284/1994 2039/2316/2021 2070/2349/2052
f 2046/2323/2028 2054/2332/2036 2071/2350/2053
f 2051/2329/2033 2072/2351/2054 1937/2206/1923
f 2073/2352/2055 1985/2258/1970 1899/2157/1889
f 2002/2276/1987 2057/2335/2039 2067/2345/2049
f 2033/2310/2015 2053/2331/2035 2074/2353/2056
f 2030/2305/2013 2033/2309/2015 2074/2354/2056
f 2066/2344/2048 2046/2323/2028 2075/2355/2057
f 2027/2302/2011 2076/2356/2058 2001/2275/1986
f 2061/2339/2043 1758/1985/1747 1615/1831/1607
f 1758/1985/1747 2077/2357/2059 1778/2005/1767
f 2078/2358/2060 2020/2294/2004 2058/2336/2040
f 1946/2216/1932 1997/2270/1982 2024/2298/2008
f 2004/2278/1989 2052/2330/2034 2054/2332/2036
f 1962/2234/1947 2079/2359/2061 1974/2246/1959
f 2013/2287/1997 2068/2346/2050 2050/2327/2032
f 1978/2251/1963 2080/2360/2062 1897/2154/1887
f 2002/2276/1987 2067/2345/2049 2081/2361/2063
f 2027/2302/2011 2038/2315/2020 2082/2362/2064
f 2063/2341/2045 2062/2340/2044 2032/2308/1680
f 2083/2363/2065 2053/2331/2035 2066/2344/2048
f 2075/2355/2057 2046/2323/2028 2071/2350/2053
f 2000/2274/1985 1937/2206/1923 2072/2351/2054
f 2084/2364/2066 1688/1909/1678 2060/2338/2042
f 2049/2326/2031 2050/2327/2032 2085/2365/2067
f 2068/2346/2050 2035/2312/2017 2002/2276/1987
f 2053/2331/2035 2086/2366/2068 2074/2353/2056
f 2068/2346/2050 2002/2276/1987 2081/2361/2063
f 2038/2315/2020 2062/2340/2044 2082/2362/2064
f 2062/2340/2044 2063/2341/2045 2082/2362/2064
f 2028/2303/2006 2078/2358/2060 2087/2367/2045
f 2028/2303/2006 2020/2294/2004 2078/2358/2060
f 2066/2344/2048 2088/2368/2069 2083/2363/2065
f 2052/2330/2034 2089/2369/2070 2054/2332/2036
f 1953/2225/1938 2012/2286/1996 1885/2141/1875
f 2028/2303/2006 2087/2367/2045 2063/2341/2045
f 1971/2243/1956 2069/2370/2051 2090/2371/2071
f 2075/2355/2057 2088/2368/2069 2066/2344/2048
f 1974/2246/1959 2079/2359/2061 2003/2277/1988
f 2078/2358/2060 2058/2336/2040 2087/2367/2045
f 1992/2265/1977 2064/2342/2046 1928/2193/1914
f 1971/2243/1956 2090/2371/2071 2036/2313/2018
f 2083/2363/2065 2091/2372/2072 2053/2331/2035
f 2083/2363/2065 2088/2368/2069 2091/2372/2072
f 2021/2295/2005 2092/2373/2073 1964/2236/1949
f 2044/2321/2026 2093/2374/2074 2015/2289/1999
f 1999/2272/1984 2045/2322/2027 2094/2375/2075
f 1899/2204/1889 2012/2286/1996 2073/2376/2055
f 2027/2302/2011 2082/2362/2064 2095/2377/2076
f 2075/2355/2057 2071/2350/2053 2096/2378/2077
f 2044/2321/2026 2018/2292/2002 2093/2374/2074
f 1999/2272/1984 2094/2375/2075 2056/2334/2038
f 1985/2258/1970 2097/2379/2078 1978/2251/1963
f 2076/2356/2058 2027/2302/2011 2095/2377/2076
f 2082/2362/2064 2063/2341/2045 2087/2367/2045
f 2024/2298/2008 2098/2380/2079 2043/2328/2025
f 2088/2368/2069 2075/2355/2057 2096/2378/2077
f 2037/2314/2019 2099/2381/2080 1962/2234/1947
f 2050/2327/2032 2100/2382/2081 2085/2365/2067
f 2050/2327/2032 2068/2346/2050 2100/2382/2081
f 2001/2275/1986 2076/2356/2058 2067/2345/2049
f 1994/2267/1979 2070/2349/2052 2101/2383/2082
f 2043/2328/2025 2098/2380/2079 2069/2348/2051
f 2053/2331/2035 2091/2372/2072 2086/2366/2068
f 2060/2338/2042 2059/2337/2041 2084/2364/2066
f 1877/2130/1865 2034/2311/2016 2018/2292/2002
f 2076/2356/2058 2095/2377/2076 2067/2345/2049
f 2030/2305/2013 2102/2384/2083 2039/2316/2021
f 2030/2305/2013 2074/2354/2056 2102/2384/2083
f 2092/2373/2073 2055/2333/2037 1964/2236/1949
f 1518/1724/1372 2025/2300/2009 1754/1980/1372
f 1897/2154/1887 2080/2360/2062 1986/2259/1971
f 1982/2255/1967 1994/2267/1979 2101/2383/2082
f 2102/2384/2083 2074/2354/2056 2103/2385/2084
f 1688/1909/1678 2084/2364/2066 2065/2343/2047
f 2088/2368/2069 2096/2378/2077 2091/2372/2072
f 2051/2329/2033 1998/2271/1983 2072/2351/2054
f 2000/2274/1985 2092/2373/2073 2021/2295/2005
f 2092/2373/2073 2059/2337/2041 2055/2333/2037
f 2104/2386/2085 2052/2330/2034 2015/2289/1999
f 2105/2387/2086 1973/2245/1958 1931/2199/1917
f 2106/2388/2087 1727/1953/1716 1891/2147/1881
f 1836/2078/1825 2107/2389/2088 1910/2171/1898
f 2073/2352/2055 2097/2379/2078 1985/2258/1970
f 1998/2271/1983 2108/2390/2089 2072/2351/2054
f 1962/2234/1947 2099/2381/2080 2079/2359/2061
f 2094/2375/2075 2045/2322/2027 2109/2391/2090
f 2042/2319/2024 2110/2392/2091 1953/2225/1938
f 2052/2330/2034 2104/2386/2085 2089/2369/2070
f 2082/2362/2064 2087/2367/2045 2111/2393/1394
f 1982/2255/1967 2101/2383/2082 2058/2336/2040
f 2098/2380/2079 2112/2394/2092 2069/2348/2051
f 2091/2372/2072 2096/2378/2077 2113/2395/2093
f 2045/2322/2027 1977/2250/1962 2049/2396/2031
f 2039/2316/2021 2114/2397/2094 2070/2349/2052
f 2039/2316/2021 2102/2384/2083 2114/2397/2094
f 1998/2271/1983 2036/2313/2018 2108/2390/2089
f 2054/2332/2036 2115/2398/2095 2071/2350/2053
f 2089/2369/2070 2115/2398/2095 2054/2332/2036
f 1978/2251/1963 2097/2379/2078 2080/2360/2062
f 2087/2367/2045 2116/2399/1906 2117/2400/1515
f 1997/2270/1982 2118/2401/2096 2024/2298/2008
f 2074/2353/2056 2086/2366/2068 2119/2402/2097
f 2091/2372/2072 2113/2395/2093 2086/2366/2068
f 2071/2350/2053 2115/2398/2095 2096/2378/2077
f 2015/2289/1999 2093/2374/2074 2104/2386/2085
f 2067/2345/2049 2095/2377/2076 2081/2361/2063
f 2095/2377/2076 2120/2403/2098 2081/2361/2063
f 2074/2354/2056 2119/2404/2097 2103/2385/2084
f 2045/2322/2027 2049/2396/2031 2121/2405/2099
f 2081/2361/2063 2122/2406/2100 2068/2346/2050
f 2081/2361/2063 2120/2403/2098 2122/2406/2100
f 2087/2367/2045 2117/2400/1515 2123/2407/2101
f 2116/2399/1906 2087/2367/2045 2058/2336/2040
f 2104/2386/2085 2124/2408/2102 2089/2369/2070
f 2103/2385/2084 2125/2409/2103 2102/2384/2083
f 2110/2392/2091 2126/2410/2104 1953/2225/1938
f 1953/2225/1938 2126/2410/2104 2012/2286/1996
f 2100/2382/2081 2127/2411/2105 2085/2365/2067
f 2095/2377/2076 2082/2362/2064 2128/2412/2106
f 2082/2362/2064 2111/2393/1394 2129/2413/2107
f 2116/2399/1906 2058/2336/2040 2130/2414/2108
f 2023/2297/2007 2118/2401/2096 1997/2270/1982
f 2114/2397/2094 2102/2384/2083 2125/2409/2103
f 2119/2402/2097 2086/2366/2068 2103/2415/2084
f 2096/2378/2077 2131/2416/2109 2113/2395/2093
f 2000/2274/1985 2072/2351/2054 2132/2417/2110
f 2000/2274/1985 2132/2417/2110 2092/2373/2073
f 2040/2317/2022 2133/2418/2111 2034/2311/2016
f 2018/2292/2002 2134/2419/2112 2093/2374/2074
f 2086/2420/2068 2135/2421/2113 2103/2385/2084
f 2090/2371/2071 2069/2370/2051 2136/2422/2114
f 2089/2369/2070 2137/2423/2115 2115/2398/2095
f 1976/2248/1961 2107/2389/2088 1836/2078/1825
f 2056/2334/2038 2138/2424/2116 1956/2228/1941
f 2012/2286/1996 2126/2410/2104 2139/2425/2117
f 2087/2367/2045 2123/2407/2101 2111/2393/1394
f 2115/2398/2095 2137/2423/2115 2140/2426/2118
f 1727/1953/1716 2026/2301/2010 1210/1349/1210
f 2112/2427/2092 2136/2422/2114 2069/2370/2051
f 2072/2351/2054 2108/2390/2089 2141/2428/2119
f 2042/2319/2024 2003/2277/1988 2142/2429/2120
f 2095/2377/2076 2128/2412/2106 2129/2413/2107
f 2082/2362/2064 2129/2413/2107 2128/2412/2106
f 2058/2336/2040 2143/2430/2121 2130/2414/2108
f 2070/2349/2052 2144/2431/2122 2101/2383/2082
f 2118/2401/2096 2098/2380/2079 2024/2298/2008
f 2086/2366/2068 2113/2395/2093 2135/2432/2113
f 2145/2433/2123 2108/2390/2089 2036/2313/2018
f 2041/2318/2023 1956/2228/1941 2146/2434/2124
f 2045/2322/2027 2121/2405/2099 2109/2391/2090
f 2137/2423/2115 2147/2435/2125 2140/2426/2118
f 2132/2417/2110 2059/2337/2041 2092/2373/2073
f 2134/2419/2112 2104/2386/2085 2093/2374/2074
f 2079/2359/2061 2148/2436/2126 2003/2277/1988
f 2003/2277/1988 2148/2436/2126 2142/2429/2120
f 2070/2349/2052 2114/2397/2094 2144/2431/2122
f 2090/2371/2071 2145/2433/2123 2036/2313/2018
f 2115/2398/2095 2140/2426/2118 2149/2437/2127
f 2089/2369/2070 2124/2408/2102 2137/2423/2115
f 2040/2317/2022 2150/2438/2128 2133/2418/2111
f 2012/2286/1996 2139/2425/2117 2073/2376/2055
f 2122/2406/2100 2120/2403/2098 2151/2439/2129
f 2120/2403/2098 2152/2440/2130 2151/2439/2129
f 2034/2311/2016 2133/2418/2111 2153/2441/2131
f 2107/2389/2088 2154/2442/2132 1910/2171/1898
f 2019/2293/2003 2155/2443/2133 1750/1976/1741
f 2049/2396/2031 2085/2444/2067 2121/2405/2099
f 2095/2377/2076 2129/2413/2107 2156/2445/2134
f 2118/2401/2096 2157/2446/2135 2098/2380/2079
f 2103/2385/2084 2158/2447/2136 2125/2409/2103
f 2135/2421/2113 2158/2447/2136 2103/2385/2084
f 2096/2378/2077 2115/2398/2095 2149/2437/2127
f 2137/2423/2115 2124/2408/2102 2147/2435/2125
f 2084/2364/2066 2159/2448/2137 2065/2343/2047
f 2085/2365/2067 2160/2449/2138 2121/2450/2099
f 2100/2382/2081 2068/2346/2050 2127/2411/2105
f 2042/2319/2024 2161/2451/2139 2110/2392/2091
f 2121/2405/2099 2162/2452/2140 2109/2391/2090
f 2068/2346/2050 2122/2406/2100 2151/2439/2129
f 1986/2259/1971 2163/2453/2141 1865/2117/1853
f 2095/2377/2076 2156/2445/2134 2120/2403/2098
f 2135/2432/2113 2113/2395/2093 2131/2416/2109
f 2149/2437/2127 2140/2426/2118 2164/2454/2142
f 2037/2314/2019 2165/2455/2143 2099/2381/2080
f 2097/2379/2078 2073/2352/2055 2166/2456/2144
f 2068/2346/2050 2151/2439/2129 2127/2411/2105
f 2116/2399/1906 2130/2414/2108 2117/2400/1515
f 2101/2383/2082 2143/2430/2121 2058/2336/2040
f 2149/2437/2127 2164/2454/2142 2147/2435/2125
f 2164/2454/2142 2140/2426/2118 2147/2435/2125
f 2109/2391/2090 2162/2452/2140 2094/2375/2075
f 2085/2365/2067 2167/2457/2145 2160/2449/2138
f 1865/2117/1853 2061/2339/2043 1729/1955/1718
f 2135/2421/2113 2168/2458/2146 2158/2447/2136
f 2090/2371/2071 2136/2422/2114 2169/2459/2147
f 2072/2351/2054 2141/2428/2119 2170/2460/2148
f 1910/2171/1898 2171/2461/2149 2011/2285/1995
f 2085/2365/2067 2127/2411/2105 2167/2457/2145
f 2097/2379/2078 2166/2456/2144 2080/2360/2062
f 2135/2432/2113 2172/2462/2150 2168/2463/2146
f 2149/2437/2127 2147/2435/2125 2096/2378/2077
f 2041/2318/2023 2146/2434/2124 2019/2293/2003
f 2094/2375/2075 2173/2464/2151 2056/2334/2038
f 2094/2375/2075 2162/2452/2140 2173/2464/2151
f 2061/2339/2043 2077/2357/2059 1758/1985/1747
f 2174/2465/2152 1927/2192/1913 1778/2005/1767
f 2135/2432/2113 2175/2466/2153 2172/2462/2150
f 2172/2462/2150 2175/2466/2153 2168/2463/2146
f 2135/2432/2113 2131/2416/2109 2175/2466/2153
f 1910/2171/1898 2176/2467/2154 2171/2461/2149
f 2042/2319/2024 2142/2429/2120 2161/2451/2139
f 2127/2411/2105 2151/2439/2129 2177/2468/2155
f 2080/2360/2062 2178/2469/2156 1986/2259/1971
f 2120/2403/2098 2156/2445/2134 2152/2440/2130
f 2143/2430/2121 2101/2383/2082 2179/2470/2157
f 2168/2463/2146 2175/2466/2153 2158/2471/2136
f 2131/2416/2109 2180/2472/2158 2175/2466/2153
f 2170/2460/2148 2132/2417/2110 2072/2351/2054
f 2059/2337/2041 2181/2473/2159 2084/2364/2066
f 2182/2474/2160 2183/2475/2161 2018/2292/2002
f 2121/2405/2099 2184/2476/2162 2162/2452/2140
f 2111/2393/1394 2123/2407/2101 2185/2477/2101
f 2101/2383/2082 2144/2431/2122 2179/2470/2157
f 2023/2297/2007 2186/2478/2163 2118/2401/2096
f 2158/2447/2136 2175/2479/2153 2180/2480/2158
f 1754/1980/1372 2025/2300/2009 2187/2481/2164
f 2183/2475/2161 2134/2419/2112 2018/2292/2002
f 1956/2228/1941 2138/2424/2116 2146/2434/2124
f 2123/2407/2101 2117/2400/1515 2188/2482/1905
f 2023/2297/2007 2064/2342/2046 2186/2478/2163
f 2169/2459/2147 2145/2433/2123 2090/2371/2071
f 2034/2311/2016 2182/2474/2160 2018/2292/2002
f 2037/2314/2019 2189/2483/2165 2165/2455/2143
f 2146/2434/2124 2190/2484/2166 2019/2293/2003
f 2099/2381/2080 2191/2485/2167 2079/2359/2061
f 2079/2359/2061 2191/2485/2167 2148/2436/2126
f 2156/2445/2134 2192/2486/2168 2152/2440/2130
f 2143/2430/2121 2179/2470/2157 2130/2414/2108
f 2096/2378/2077 2147/2435/2125 2193/2487/2169
f 2145/2433/2123 2194/2488/2170 2108/2390/2089
f 2126/2410/2104 2110/2392/2091 2195/2489/2171
f 2196/2490/2172 2117/2400/1515 2130/2414/2108
f 2131/2416/2109 2197/2491/2173 2180/2472/2158
f 2147/2435/2125 2124/2408/2102 2198/2492/2174
f 2026/2301/2010 2199/2493/2175 2025/2300/2009
f 2037/2314/2019 2011/2285/1995 2189/2483/2165
f 2121/2405/2099 2160/2494/2138 2184/2476/2162
f 2151/2439/2129 2152/2440/2130 2177/2468/2155
f 2185/2477/2101 2123/2407/2101 2200/2495/2176
f 1992/2265/1977 2201/2496/2177 2064/2342/2046
f 2202/2497/2178 2114/2397/2094 2125/2409/2103
f 2158/2447/2136 2180/2480/2158 2197/2498/2173
f 2203/2499/2179 2194/2488/2170 2145/2433/2123
f 2194/2488/2170 2204/2500/2180 2108/2390/2089
f 2205/2501/2181 2040/2317/2022 1754/1980/1372
f 2183/2475/2161 2104/2386/2085 2134/2419/2112
f 2155/2443/2133 2206/2502/2182 1750/1976/1741
f 2207/2503/2183 2167/2457/2145 2127/2411/2105
f 2130/2414/2108 2179/2470/2157 2208/2504/2184
f 2118/2401/2096 2209/2505/2185 2157/2446/2135
f 2197/2491/2173 2131/2416/2109 2210/2506/2186
f 2131/2416/2109 2096/2378/2077 2193/2487/2169
f 2108/2390/2089 2204/2500/2180 2141/2428/2119
f 2182/2474/2160 2211/2507/2187 2183/2475/2161
f 2059/2337/2041 2132/2417/2110 2181/2473/2159
f 1973/2245/1958 2212/2508/2188 1891/2147/1881
f 2142/2429/2120 2148/2436/2126 2213/2509/2189
f 2207/2503/2183 2127/2411/2105 2214/2510/2190
f 2127/2411/2105 2177/2468/2155 2215/2511/2191
f 2114/2397/2094 2202/2497/2178 2144/2431/2122
f 2198/2492/2174 2124/2408/2102 2104/2386/2085
f 2011/2285/1995 2171/2461/2149 2189/2483/2165
f 1976/2248/1961 2216/2512/2192 2107/2389/2088
f 2173/2464/2151 2217/2513/2193 2056/2334/2038
f 2156/2445/2134 2129/2413/2107 2192/2486/2168
f 2188/2482/1905 2117/2400/1515 2196/2490/2172
f 2196/2490/2172 2130/2414/2108 2218/2514/2194
f 2056/2334/2038 2217/2513/2193 2219/2515/2195
f 2173/2464/2151 2162/2452/2140 2220/2516/2196
f 2215/2511/2191 2214/2510/2190 2127/2411/2105
f 2200/2495/2176 2123/2407/2101 2188/2482/1905
f 2221/2517/2197 1778/2005/1767 2077/2357/2059
f 2188/2482/1905 2196/2490/2172 2222/2518/2198
f 2210/2506/2186 2131/2416/2109 2193/2487/2169
f 2223/2519/2199 2065/2343/2047 2159/2448/2137
f 2212/2508/2188 2224/2520/2200 1891/2147/1881
f 2025/2300/2009 2225/2521/2201 2187/2481/2164
f 2190/2484/2166 2155/2443/2133 2019/2293/2003
f 2161/2451/2139 2195/2489/2171 2110/2392/2091
f 2139/2522/2117 2226/2523/2202 2073/2352/2055
f 2227/2524/2203 2080/2360/2062 2166/2456/2144
f 1986/2259/1971 2228/2525/2204 2163/2453/2141
f 2129/2413/2107 2111/2393/1394 2185/2477/2101
f 2130/2414/2108 2208/2504/2184 2218/2514/2194
f 2186/2478/2163 2209/2505/2185 2118/2401/2096
f 2229/2526/2205 2158/2447/2136 2230/2527/2206
f 2158/2447/2136 2197/2498/2173 2230/2527/2206
f 2183/2475/2161 2198/2492/2174 2104/2386/2085
f 1931/2199/1917 2231/2528/2207 2105/2387/2086
f 2146/2434/2124 2138/2424/2116 2219/2515/2195
f 2232/2529/2208 2161/2451/2139 2142/2429/2120
f 2178/2469/2156 2228/2525/2204 1986/2259/1971
f 2188/2482/1905 2222/2518/2198 2200/2495/2176
f 2230/2530/2206 2197/2491/2173 2229/2531/2205
f 2141/2428/2119 2204/2500/2180 2170/2460/2148
f 2181/2473/2159 2233/2532/2209 2234/2533/2210
f 2065/2343/2047 2231/2528/2207 1931/2199/1917
f 1910/2171/1898 2154/2442/2132 2176/2467/2154
f 2138/2424/2116 2056/2334/2038 2219/2515/2195
f 2161/2451/2139 2235/2534/2211 2195/2489/2171
f 2226/2523/2202 2166/2456/2144 2073/2352/2055
f 2129/2413/2107 2185/2477/2101 2236/2535/2212
f 2147/2435/2125 2198/2492/2174 2237/2536/2213
f 2183/2475/2161 2238/2537/2214 2198/2492/2174
f 2181/2473/2159 2132/2417/2110 2233/2532/2209
f 2157/2446/2135 2239/2538/2215 2098/2380/2079
f 2098/2380/2079 2240/2539/2216 2112/2394/2092
f 2237/2536/2213 2193/2487/2169 2147/2435/2125
f 2125/2409/2103 2241/2540/2217 2202/2497/2178
f 2026/2301/2010 2242/2541/2218 2243/2542/2219
f 2160/2449/2138 2167/2457/2145 2244/2543/2220
f 2221/2517/2197 2174/2465/2152 1778/2005/1767
f 1927/2192/1913 2245/2544/2221 1992/2265/1977
f 2112/2427/2092 2240/2545/2216 2136/2422/2114
f 2145/2433/2123 2169/2459/2147 2203/2499/2179
f 2246/2546/2222 2170/2460/2148 2204/2500/2180
f 2181/2473/2159 2159/2448/2137 2084/2364/2066
f 2242/2541/2218 2026/2301/2010 1727/1953/1716
f 1754/1980/1372 2247/2547/2223 2205/2501/2181
f 2182/2474/2160 2238/2537/2214 2211/2507/2187
f 2160/2494/2138 2244/2548/2220 2184/2476/2162
f 2126/2410/2104 2248/2549/2224 2139/2425/2117
f 2185/2477/2101 2249/2550/2225 2236/2535/2212
f 2245/2544/2221 2201/2496/2177 1992/2265/1977
f 2158/2447/2136 2250/2551/2226 2125/2409/2103
f 2098/2552/2079 2239/2553/2215 2240/2554/2216
f 2158/2447/2136 2229/2526/2205 2250/2551/2226
f 2210/2506/2186 2251/2555/2227 2197/2491/2173
f 2210/2506/2186 2193/2487/2169 2251/2555/2227
f 2099/2381/2080 2252/2556/2228 2191/2485/2167
f 2227/2524/2203 2253/2557/2229 2080/2360/2062
f 2152/2440/2130 2192/2486/2168 2254/2558/2230
f 2129/2413/2107 2255/2559/2231 2192/2486/2168
f 2196/2490/2172 2218/2514/2194 2256/2560/2232
f 2194/2488/2170 2203/2499/2179 2257/2561/2233
f 2194/2488/2170 2257/2561/2233 2204/2500/2180
f 2204/2500/2180 2258/2562/2234 2246/2546/2222
f 2198/2492/2174 2259/2563/2235 2237/2536/2213
f 1891/2147/1881 2224/2520/2200 2106/2388/2087
f 2224/2520/2200 1727/1953/1716 2106/2388/2087
f 1727/1953/1716 2260/2564/2236 2242/2541/2218
f 2243/2542/2219 2199/2493/2175 2026/2301/2010
f 2183/2475/2161 2211/2507/2187 2238/2537/2214
f 2207/2503/2183 2214/2510/2190 2261/2565/2237
f 2222/2518/2198 2196/2490/2172 2256/2560/2232
f 2229/2531/2205 2197/2491/2173 2262/2566/2238
f 2251/2555/2227 2263/2567/2239 2197/2491/2173
f 2193/2487/2169 2264/2568/2240 2251/2555/2227
f 2193/2487/2169 2237/2536/2213 2264/2568/2240
f 2257/2561/2233 2265/2569/2241 2204/2500/2180
f 2181/2473/2159 2234/2533/2210 2159/2448/2137
f 2099/2381/2080 2165/2455/2143 2252/2556/2228
f 2185/2477/2101 2200/2495/2176 2249/2550/2225
f 2157/2446/2135 2266/2570/2242 2239/2538/2215
f 2198/2492/2174 2238/2537/2214 2267/2571/2243
f 2247/2547/2223 2040/2317/2022 2205/2501/2181
f 2107/2389/2088 2216/2512/2192 2154/2442/2132
f 2148/2436/2126 2191/2485/2167 2213/2509/2189
f 2152/2440/2130 2254/2558/2230 2177/2468/2155
f 2186/2478/2163 2064/2342/2046 2268/2572/2244
f 2202/2497/2178 2269/2573/2245 2144/2431/2122
f 2202/2497/2178 2241/2540/2217 2269/2573/2245
f 2209/2505/2185 2266/2570/2242 2157/2446/2135
f 2246/2546/2222 2132/2417/2110 2170/2460/2148
f 2173/2464/2151 2270/2574/2246 2217/2513/2193
f 2173/2464/2151 2220/2516/2196 2270/2574/2246
f 2195/2489/2171 2271/2575/2247 2248/2549/2224
f 2195/2489/2171 2248/2549/2224 2126/2410/2104
f 2167/2457/2145 2261/2565/2237 2244/2543/2220
f 2207/2503/2183 2261/2565/2237 2167/2457/2145
f 2125/2409/2103 2250/2551/2226 2241/2540/2217
f 2197/2491/2173 2263/2567/2239 2262/2566/2238
f 2265/2569/2241 2258/2562/2234 2204/2500/2180
f 2133/2418/2111 2272/2576/2248 2153/2441/2131
f 2161/2451/2139 2232/2529/2208 2235/2534/2211
f 2162/2452/2140 2273/2577/2249 2220/2516/2196
f 2162/2452/2140 2184/2476/2162 2273/2577/2249
f 2139/2578/2117 2248/2579/2224 2274/2580/2250
f 2269/2573/2245 2241/2540/2217 2275/2581/2251
f 2203/2499/2179 2169/2459/2147 2276/2582/2252
f 2259/2563/2235 2264/2568/2240 2237/2536/2213
f 2206/2502/2182 1976/2248/1961 1750/1976/1741
f 2142/2429/2120 2213/2509/2189 2232/2529/2208
f 2235/2534/2211 2271/2575/2247 2195/2489/2171
f 2139/2583/2117 2274/2584/2250 2226/2585/2202
f 2215/2511/2191 2177/2468/2155 2214/2510/2190
f 2179/2470/2157 2144/2431/2122 2269/2573/2245
f 2064/2342/2046 2201/2496/2177 2268/2572/2244
f 2250/2586/2226 2229/2587/2205 2241/2588/2217
f 2238/2537/2214 2277/2589/2253 2267/2571/2243
f 2233/2532/2209 2278/2590/2254 2234/2533/2210
f 2187/2481/2164 2247/2547/2223 1754/1980/1372
f 2163/2453/2141 2279/2591/2255 1865/2117/1853
f 2200/2495/2176 2222/2518/2198 2280/2592/2256
f 2222/2518/2198 2281/2593/2257 2280/2592/2256
f 2229/2526/2205 2282/2594/2258 2241/2540/2217
f 2229/2526/2205 2262/2595/2238 2283/2596/2259
f 2257/2561/2233 2203/2499/2179 2265/2569/2241
f 2182/2474/2160 2284/2597/2260 2238/2537/2214
f 2217/2513/2193 2285/2598/2261 2219/2515/2195
f 2200/2495/2176 2280/2592/2256 2286/2599/2262
f 2208/2504/2184 2179/2470/2157 2287/2600/2263
f 1927/2192/1913 2174/2465/2152 2245/2544/2221
f 2179/2470/2157 2288/2601/2264 2287/2600/2263
f 2179/2470/2157 2269/2573/2245 2288/2601/2264
f 2240/2545/2216 2289/2602/2265 2136/2422/2114
f 2136/2422/2114 2289/2602/2265 2169/2459/2147
f 2203/2499/2179 2290/2603/2266 2265/2569/2241
f 2259/2563/2235 2291/2604/2267 2264/2568/2240
f 2132/2417/2110 2278/2590/2254 2233/2532/2209
f 2065/2343/2047 2223/2519/2199 2231/2528/2207
f 2292/2605/2268 2293/2606/2269 2040/2317/2022
f 2034/2311/2016 2153/2441/2131 2182/2474/2160
f 2284/2597/2260 2277/2589/2253 2238/2537/2214
f 2191/2485/2167 2252/2556/2228 2213/2509/2189
f 2080/2360/2062 2253/2557/2229 2178/2469/2156
f 2129/2413/2107 2294/2607/2270 2255/2559/2231
f 2129/2413/2107 2236/2535/2212 2294/2607/2270
f 2222/2518/2198 2256/2560/2232 2281/2593/2257
f 2218/2514/2194 2295/2608/2271 2296/2609/2272
f 2208/2504/2184 2287/2600/2263 2218/2514/2194
f 2186/2478/2163 2268/2572/2244 2209/2505/2185
f 2282/2594/2258 2229/2526/2205 2283/2596/2259
f 2198/2492/2174 2267/2571/2243 2259/2563/2235
f 2132/2417/2110 2246/2546/2222 2297/2610/2273
f 2159/2448/2137 2234/2533/2210 2223/2519/2199
f 2225/2521/2201 2247/2547/2223 2187/2481/2164
f 2270/2574/2246 2285/2598/2261 2217/2513/2193
f 2184/2476/2162 2244/2548/2220 2273/2577/2249
f 2228/2525/2204 2178/2469/2156 2163/2453/2141
f 2294/2607/2270 2236/2535/2212 2298/2611/2274
f 2169/2459/2147 2299/2612/2275 2276/2582/2252
f 1973/2245/1958 2300/2613/2276 2212/2508/2188
f 2224/2520/2200 2260/2564/2236 1727/1953/1716
f 2040/2317/2022 2293/2606/2269 2150/2438/2128
f 2182/2474/2160 2153/2441/2131 2284/2597/2260
f 2171/2461/2149 2301/2614/2277 2189/2483/2165
f 2219/2515/2195 2302/2615/2278 2146/2434/2124
f 2232/2529/2208 2303/2616/2279 2235/2534/2211
f 2214/2510/2190 2177/2468/2155 2304/2617/2280
f 2254/2558/2230 2192/2486/2168 2305/2618/2281
f 2281/2593/2257 2256/2560/2232 2306/2619/2282
f 2218/2514/2194 2307/2620/2283 2295/2608/2271
f 2269/2573/2245 2308/2621/2284 2288/2601/2264
f 2209/2505/2185 2268/2572/2244 2309/2622/2285
f 2275/2581/2251 2241/2540/2217 2282/2594/2258
f 2209/2505/2185 2309/2622/2285 2266/2570/2242
f 2262/2566/2238 2310/2623/2286 2283/2624/2259
f 2277/2589/2253 2311/2625/2287 2267/2571/2243
f 1973/2245/1958 2105/2387/2086 2300/2613/2276
f 2199/2493/2175 2225/2521/2201 2025/2300/2009
f 2146/2434/2124 2302/2615/2278 2312/2626/2288
f 2220/2516/2196 2313/2627/2289 2270/2574/2246
f 2166/2456/2144 2314/2628/2290 2227/2524/2203
f 2177/2468/2155 2254/2558/2230 2305/2618/2281
f 2178/2469/2156 2315/2629/2291 2163/2453/2141
f 2192/2486/2168 2255/2559/2231 2316/2630/2292
f 2298/2611/2274 2255/2559/2231 2294/2607/2270
f 2249/2550/2225 2200/2495/2176 2317/2631/2293
f 2318/2632/2294 2200/2495/2176 2286/2599/2262
f 2262/2566/2238 2263/2567/2239 2310/2623/2286
f 2289/2602/2265 2299/2612/2275 2169/2459/2147
f 2290/2603/2266 2319/2633/2295 2265/2569/2241
f 2040/2317/2022 2247/2547/2223 2292/2605/2268
f 2146/2434/2124 2312/2626/2288 2190/2484/2166
f 2219/2515/2195 2285/2598/2261 2302/2615/2278
f 2285/2598/2261 2270/2574/2246 2320/2634/2296
f 2220/2516/2196 2273/2577/2249 2313/2627/2289
f 2235/2534/2211 2303/2616/2279 2271/2575/2247
f 2244/2543/2220 2261/2565/2237 2321/2635/2297
f 2226/2523/2202 2314/2628/2290 2166/2456/2144
f 2227/2524/2203 2322/2636/2298 2253/2557/2229
f 2236/2535/2299 2323/2637/2300 2324/2638/2301
f 2200/2495/2176 2318/2632/2294 2317/2631/2293
f 2309/2639/2285 2325/2640/2302 2266/2641/2242
f 2266/2570/2242 2326/2642/2303 2239/2538/2215
f 2310/2643/2286 2263/2644/2239 2327/2645/2304
f 2264/2568/2240 2263/2567/2239 2251/2555/2227
f 2264/2568/2240 2328/2646/2305 2263/2567/2239
f 2258/2562/2234 2329/2647/2306 2246/2546/2222
f 2291/2604/2267 2259/2563/2235 2330/2648/2307
f 2259/2563/2235 2267/2571/2243 2330/2648/2307
f 2329/2647/2306 2297/2610/2273 2246/2546/2222
f 2171/2461/2149 2331/2649/2308 2301/2614/2277
f 2171/2461/2149 2176/2467/2154 2331/2649/2308
f 2155/2443/2133 2332/2650/2309 2206/2502/2182
f 2155/2443/2133 2190/2484/2166 2332/2650/2309
f 2190/2484/2166 2312/2626/2288 2332/2650/2309
f 2244/2548/2220 2333/2651/2310 2273/2577/2249
f 2192/2486/2168 2316/2630/2292 2305/2618/2281
f 2255/2559/2231 2298/2611/2274 2334/2652/2311
f 2296/2609/2272 2295/2608/2271 2335/2653/2312
f 2282/2594/2258 2283/2596/2259 2336/2654/2313
f 2223/2519/2199 2337/2655/2314 2231/2528/2207
f 2224/2520/2200 2212/2508/2188 2338/2656/2315
f 2133/2418/2111 2339/2657/2316 2272/2576/2248
f 2226/2523/2202 2274/2658/2250 2340/2659/2317
f 2226/2523/2202 2340/2659/2317 2314/2628/2290
f 2214/2510/2190 2304/2617/2280 2261/2565/2237
f 2177/2468/2155 2305/2618/2281 2341/2660/2318
f 2178/2469/2156 2253/2557/2229 2342/2661/2319
f 2236/2535/2212 2324/2638/2301 2298/2611/2274
f 2324/2638/2301 2236/2535/2212 2343/2662/2320
f 2344/2663/2321 2268/2572/2244 2201/2496/2177
f 2275/2581/2251 2345/2664/2322 2346/2665/2323
f 2282/2594/2258 2345/2664/2322 2275/2581/2251
f 2345/2664/2322 2282/2594/2258 2347/2666/2324
f 2239/2538/2215 2326/2642/2303 2240/2539/2216
f 2283/2596/2259 2310/2667/2286 2336/2654/2313
f 2310/2667/2286 2327/2668/2304 2348/2669/2325
f 2264/2568/2240 2349/2670/2326 2328/2646/2305
f 2265/2569/2241 2319/2633/2295 2258/2562/2234
f 2277/2589/2253 2284/2597/2260 2311/2625/2287
f 2338/2656/2315 2350/2671/2327 2224/2520/2200
f 2247/2547/2223 2293/2606/2269 2292/2605/2268
f 2153/2441/2131 2351/2672/2328 2284/2597/2260
f 2165/2455/2143 2189/2483/2165 2352/2673/2329
f 2253/2557/2229 2322/2636/2298 2342/2661/2319
f 2163/2453/2141 2315/2629/2291 2279/2591/2255
f 2316/2630/2292 2255/2559/2231 2334/2652/2311
f 1865/2117/1853 2353/2674/2330 2061/2339/2043
f 2343/2675/2320 2236/2676/2212 2354/2677/2331
f 2236/2535/2212 2249/2550/2225 2355/2678/2332
f 2355/2678/2332 2249/2550/2225 2356/2679/2333
f 2317/2631/2293 2318/2632/2294 2357/2680/2334
f 2306/2619/2282 2256/2560/2232 2358/2681/2335
f 2335/2653/2312 2295/2608/2271 2307/2620/2283
f 2245/2544/2221 2359/2682/2336 2201/2496/2177
f 2201/2496/2177 2359/2682/2336 2344/2663/2321
f 2269/2573/2245 2275/2581/2251 2308/2621/2284
f 2275/2581/2251 2346/2665/2323 2308/2621/2284
f 2345/2664/2322 2347/2666/2324 2360/2683/2337
f 2347/2666/2324 2282/2594/2258 2360/2683/2337
f 2266/2570/2242 2325/2684/2302 2326/2642/2303
f 2311/2625/2287 2330/2648/2307 2267/2571/2243
f 2297/2610/2273 2278/2590/2254 2132/2417/2110
f 2350/2671/2327 2361/2685/2338 2224/2520/2200
f 2350/2671/2327 2338/2656/2315 2361/2685/2338
f 2242/2541/2218 2362/2686/2339 2243/2542/2219
f 2133/2418/2111 2363/2687/2340 2339/2657/2316
f 2351/2672/2328 2364/2688/2341 2284/2597/2260
f 1976/2248/1961 2206/2502/2182 2365/2689/2342
f 2206/2502/2182 2332/2650/2309 2366/2690/2343
f 2248/2549/2224 2271/2575/2247 2274/2691/2250
f 2324/2638/2301 2343/2662/2320 2367/2692/2344
f 2256/2560/2232 2218/2514/2194 2368/2693/2345
f 2218/2514/2194 2296/2609/2272 2368/2693/2345
f 2307/2620/2283 2369/2694/2346 2335/2653/2312
f 2218/2514/2194 2287/2600/2263 2307/2620/2283
f 2287/2600/2263 2370/2695/2347 2307/2620/2283
f 2174/2465/2152 2359/2682/2336 2245/2544/2221
f 2346/2665/2323 2345/2664/2322 2308/2621/2284
f 2327/2696/2304 2263/2567/2239 2328/2646/2305
f 2264/2568/2240 2371/2697/2348 2349/2670/2326
f 2231/2528/2207 2372/2698/2349 2105/2387/2086
f 2242/2541/2218 2260/2564/2236 2362/2686/2339
f 2199/2493/2175 2373/2699/2350 2225/2521/2201
f 2189/2483/2165 2374/2700/2351 2352/2673/2329
f 2314/2628/2290 2375/2701/2352 2227/2524/2203
f 2227/2524/2203 2375/2701/2352 2322/2636/2298
f 2342/2661/2319 2315/2629/2291 2178/2469/2156
f 2286/2599/2262 2280/2592/2256 2376/2702/2353
f 2345/2664/2322 2377/2703/2354 2308/2621/2284
f 2282/2594/2258 2378/2704/2355 2360/2683/2337
f 2282/2594/2258 2336/2654/2313 2378/2704/2355
f 2328/2646/2305 2348/2705/2325 2327/2696/2304
f 2299/2612/2275 2289/2602/2265 2379/2706/2356
f 2276/2582/2252 2290/2603/2266 2203/2499/2179
f 2311/2625/2287 2380/2707/2357 2330/2648/2307
f 2361/2685/2338 2381/2708/2358 2224/2520/2200
f 2362/2686/2339 2199/2493/2175 2243/2542/2219
f 2189/2483/2165 2301/2614/2277 2374/2700/2351
f 2312/2626/2288 2382/2709/2359 2332/2650/2309
f 2313/2627/2289 2320/2634/2296 2270/2574/2246
f 2232/2529/2208 2383/2710/2360 2303/2616/2279
f 2303/2616/2279 2384/2711/2361 2271/2575/2247
f 2321/2712/2297 2333/2651/2310 2244/2548/2220
f 2177/2468/2155 2341/2660/2318 2304/2617/2280
f 2315/2629/2291 2385/2713/2362 2279/2591/2255
f 2249/2550/2225 2386/2714/2363 2356/2679/2333
f 2387/2715/2364 2221/2517/2197 2077/2357/2059
f 2256/2560/2232 2368/2693/2345 2358/2681/2335
f 2174/2465/2152 2388/2716/2365 2359/2682/2336
f 2268/2572/2244 2344/2663/2321 2389/2717/2366
f 2345/2718/2322 2360/2719/2337 2377/1590/2354
f 2240/2539/2216 2326/2642/2303 2390/2720/2367
f 2379/2706/2356 2276/2582/2252 2299/2612/2275
f 2372/2698/2349 2300/2613/2276 2105/2387/2086
f 2212/2508/2188 2381/2708/2358 2338/2656/2315
f 2374/2700/2351 2301/2614/2277 2331/2649/2308
f 2391/2721/2368 2216/2512/2192 1976/2248/1961
f 2392/2722/2369 2332/2650/2309 2382/2709/2359
f 2252/2556/2228 2165/2455/2143 2352/2673/2329
f 2393/2723/2370 2320/2634/2296 2313/2627/2289
f 2393/2723/2370 2313/2627/2289 2273/2577/2249
f 2394/2724/2371 2261/2565/2237 2304/2617/2280
f 2298/2611/2274 2324/2638/2301 2367/2692/2344
f 2376/2702/2353 2280/2592/2256 2281/2593/2257
f 2395/2725/2372 2388/2716/2365 2174/2465/2152
f 2288/2601/2264 2308/2621/2284 2396/2726/2373
f 2389/2717/2366 2309/2622/2285 2268/2572/2244
f 2325/2684/2302 2309/2622/2285 2397/2727/2374
f 2276/2582/2252 2398/2728/2375 2290/2603/2266
f 2297/2610/2273 2399/2729/2376 2400/2730/2377
f 2284/2597/2260 2401/2731/2378 2311/2625/2287
f 2224/2520/2200 2402/2732/2379 2362/2686/2339
f 2225/2521/2201 2373/2699/2350 2403/2733/2380
f 2154/2442/2132 2404/2734/2381 2176/2467/2154
f 2332/2650/2309 2392/2722/2369 2366/2690/2343
f 2252/2556/2228 2352/2673/2329 2405/2735/2382
f 2405/2735/2382 2213/2509/2189 2252/2556/2228
f 2321/2635/2297 2261/2565/2237 2394/2724/2371
f 2406/2736/2383 2342/2661/2319 2322/2636/2298
f 2279/2591/2255 2407/2737/2384 1865/2117/1853
f 2061/2339/2043 2408/2738/2385 2077/2357/2059
f 2249/2550/2225 2317/2631/2293 2386/2714/2363
f 2409/2739/2386 2335/2653/2312 2369/2694/2346
f 2221/2517/2197 2395/2725/2372 2174/2465/2152
f 2359/2682/2336 2410/2740/2387 2344/2663/2321
f 2360/2683/2337 2411/2741/2388 2377/2703/2354
f 2326/2642/2303 2325/2684/2302 2397/2727/2374
f 2348/2705/2325 2328/2646/2305 2412/2742/2389
f 2319/2633/2295 2413/2743/2390 2258/2562/2234
f 2284/2597/2260 2414/2744/2391 2401/2731/2378
f 2297/2610/2273 2400/2730/2377 2278/2590/2254
f 2223/2519/2199 2234/2533/2210 2337/2655/2314
f 2231/2528/2207 2337/2655/2314 2415/2745/2392
f 2212/2508/2188 2416/2746/2393 2381/2708/2358
f 2199/2493/2175 2417/2747/2394 2373/2699/2350
f 2150/2438/2128 2363/2687/2340 2133/2418/2111
f 2351/2672/2328 2153/2441/2131 2418/2748/2395
f 2331/2649/2308 2176/2467/2154 2419/2749/2396
f 2216/2512/2192 2391/2721/2368 2154/2442/2132
f 2213/2509/2189 2420/2750/2397 2232/2529/2208
f 2271/2575/2247 2384/2711/2361 2274/2691/2250
f 2298/2611/2274 2421/2751/2398 2334/2652/2311
f 2298/2611/2274 2422/2752/2399 2423/2753/2400
f 1865/2117/1853 2407/2737/2384 2353/2674/2330
f 2386/2714/2363 2317/2631/2293 2424/2754/2401
f 2317/2631/2293 2357/2680/2334 2425/2755/2402
f 2221/2517/2197 2426/2756/2403 2395/2725/2372
f 2335/2653/2312 2409/2739/2386 2296/2609/2272
f 2307/2620/2283 2370/2695/2347 2427/2757/2404
f 2287/2600/2263 2288/2601/2264 2428/2758/2405
f 2396/2726/2373 2429/2759/2406 2288/2601/2264
f 2240/2545/2216 2390/2760/2367 2289/2602/2265
f 2310/2667/2286 2348/2669/2325 2430/2761/2407
f 2264/2568/2240 2291/2604/2267 2371/2697/2348
f 2258/2562/2234 2413/2743/2390 2329/2647/2306
f 2401/2731/2378 2380/2707/2357 2311/2625/2287
f 2278/2590/2254 2431/2762/2408 2234/2533/2210
f 2338/2656/2315 2381/2708/2358 2361/2685/2338
f 2224/2520/2200 2362/2686/2339 2260/2564/2236
f 2199/2493/2175 2362/2686/2339 2417/2747/2394
f 1976/2248/1961 2365/2689/2342 2391/2721/2368
f 2206/2502/2182 2432/2763/2409 2365/2689/2342
f 2206/2502/2182 2366/2690/2343 2432/2763/2409
f 2331/2649/2308 2433/2764/2410 2374/2700/2351
f 2213/2509/2189 2405/2735/2382 2420/2750/2397
f 2285/2598/2261 2434/2765/2411 2302/2615/2278
f 2285/2598/2261 2320/2634/2296 2434/2765/2411
f 2314/2628/2290 2340/2659/2317 2375/2701/2352
f 2334/2652/2311 2421/2751/2398 2316/2630/2292
f 2298/2611/2274 2423/2753/2400 2421/2751/2398
f 2385/2713/2362 2407/2737/2384 2279/2591/2255
f 2353/2674/2330 2435/2766/2412 2061/2339/2043
f 2354/2767/2331 2236/2535/2212 2355/2678/2332
f 2408/2738/2385 2387/2715/2364 2077/2357/2059
f 2357/2680/2334 2436/2768/2413 2425/2755/2402
f 2357/2680/2334 2318/2632/2294 2436/2768/2413
f 2281/2593/2257 2306/2619/2282 2376/2702/2353
f 2387/2715/2364 2437/2769/2414 2221/2517/2197
f 2358/2681/2335 2438/2770/2415 2306/2619/2282
f 2437/2769/2414 2426/2756/2403 2221/2517/2197
f 2368/2693/2345 2296/2609/2272 2439/2771/2416
f 2359/2682/2336 2388/2716/2365 2410/2740/2387
f 2288/2601/2264 2429/2759/2406 2440/2772/2417
f 2360/2683/2337 2378/2704/2355 2411/2741/2388
f 2310/2667/2286 2430/2761/2407 2336/2654/2313
f 2290/2603/2266 2441/2773/2418 2319/2633/2295
f 2400/2730/2377 2431/2762/2408 2278/2590/2254
f 2381/2708/2358 2402/2732/2379 2224/2520/2200
f 2418/2748/2395 2364/2688/2341 2351/2672/2328
f 2414/2744/2391 2284/2597/2260 2364/2688/2341
f 2419/2749/2396 2433/2764/2410 2331/2649/2308
f 2154/2442/2132 2391/2721/2368 2404/2734/2381
f 2312/2626/2288 2302/2615/2278 2382/2709/2359
f 2232/2529/2208 2442/2774/2419 2383/2710/2360
f 2321/2712/2297 2443/2775/2420 2333/2651/2310
f 2274/2691/2250 2384/2711/2361 2340/2776/2317
f 2444/2777/2421 2394/2724/2371 2304/2617/2280
f 2375/2701/2352 2406/2736/2383 2322/2636/2298
f 2342/2661/2319 2406/2736/2383 2315/2629/2291
f 2406/2736/2383 2445/2778/2422 2315/2629/2291
f 2445/2778/2422 2385/2713/2362 2315/2629/2291
f 2305/2618/2281 2316/2630/2292 2421/2751/2398
f 2298/2611/2274 2367/2692/2344 2422/2752/2399
f 2407/2737/2384 2435/2766/2412 2353/2674/2330
f 2061/2339/2043 2446/2779/2423 2408/2738/2385
f 2356/2679/2333 2386/2714/2363 2447/2780/2424
f 2448/2781/2425 2387/2715/2364 2408/2738/2385
f 2287/2600/2263 2428/2758/2405 2370/2695/2347
f 2288/2601/2264 2440/2772/2417 2428/2758/2405
f 2410/2740/2387 2449/2782/2426 2344/2663/2321
f 2396/2726/2373 2308/2621/2284 2429/2759/2406
f 2308/2621/2284 2450/2783/2427 2429/2759/2406
f 2344/2663/2321 2451/2784/2428 2389/2717/2366
f 2389/2717/2366 2397/2727/2374 2309/2622/2285
f 2326/2642/2303 2452/2785/2429 2390/2720/2367
f 2231/2528/2207 2415/2745/2392 2372/2698/2349
f 2403/2733/2380 2293/2606/2269 2247/2547/2223
f 2363/2687/2340 2453/2786/2430 2339/2657/2316
f 2364/2688/2341 2153/2441/2131 2272/2576/2248
f 2391/2721/2368 2365/2689/2342 2454/2787/2431
f 2420/2750/2397 2442/2774/2419 2232/2529/2208
f 2304/2617/2280 2341/2660/2318 2455/2788/2432
f 2367/2692/2344 2456/2789/2433 2422/2752/2399
f 2435/2766/2412 2446/2779/2423 2061/2339/2043
f 2354/2767/2331 2355/2678/2332 2356/2679/2333
f 2386/2714/2363 2424/2754/2401 2447/2780/2424
f 2318/2632/2294 2286/2599/2262 2436/2768/2413
f 2368/2693/2345 2438/2770/2415 2358/2681/2335
f 2409/2739/2386 2369/2694/2346 2427/2757/2404
f 2307/2620/2283 2427/2757/2404 2369/2694/2346
f 2440/2772/2417 2429/2759/2406 2428/2758/2405
f 2377/2703/2354 2450/2783/2427 2308/2621/2284
f 2457/2790/2434 2377/2703/2354 2411/2741/2388
f 2397/2727/2374 2452/2785/2429 2326/2642/2303
f 2336/2654/2313 2430/2761/2407 2458/2791/2435
f 2328/2646/2305 2349/2670/2326 2459/2792/2436
f 2398/2728/2375 2441/2773/2418 2290/2603/2266
f 2441/2773/2418 2413/2743/2390 2319/2633/2295
f 2413/2743/2390 2399/2729/2376 2329/2647/2306
f 2300/2613/2276 2460/2793/2437 2212/2508/2188
f 2460/2793/2437 2416/2746/2393 2212/2508/2188
f 2402/2732/2379 2417/2747/2394 2362/2686/2339
f 2293/2606/2269 2403/2733/2380 2461/2794/2438
f 2404/2734/2381 2419/2749/2396 2176/2467/2154
f 2374/2700/2351 2462/2795/2439 2352/2673/2329
f 2382/2709/2359 2463/2796/2440 2464/2797/2441
f 2302/2615/2278 2463/2796/2440 2382/2709/2359
f 2405/2735/2382 2465/2798/2442 2420/2750/2397
f 2304/2617/2280 2455/2788/2432 2444/2777/2421
f 2341/2660/2318 2305/2618/2281 2455/2788/2432
f 2466/2799/2443 2435/2766/2412 2407/2737/2384
f 2367/2692/2344 2343/2662/2320 2354/2767/2331
f 2437/2769/2414 2467/2800/2444 2426/2756/2403
f 2390/2760/2367 2468/2801/2445 2289/2602/2265
f 2289/2602/2265 2468/2801/2445 2379/2706/2356
f 2379/2706/2356 2468/2801/2445 2469/2802/2446
f 2276/2582/2252 2379/2706/2356 2398/2728/2375
f 2349/2670/2326 2371/2697/2348 2459/2792/2436
f 2329/2647/2306 2399/2729/2376 2297/2610/2273
f 2400/2730/2377 2470/2803/2447 2431/2762/2408
f 2234/2533/2210 2471/2804/2448 2337/2655/2314
f 2417/2747/2394 2472/2805/2449 2373/2699/2350
f 2225/2521/2201 2403/2733/2380 2247/2547/2223
f 2293/2606/2269 2461/2794/2438 2150/2438/2128
f 2418/2748/2395 2153/2441/2131 2364/2688/2341
f 2432/2763/2409 2454/2787/2431 2365/2689/2342
f 2432/2763/2409 2366/2690/2343 2473/2806/2450
f 2382/2709/2359 2474/2807/2451 2392/2722/2369
f 2302/2615/2278 2434/2765/2411 2463/2796/2440
f 2305/2618/2281 2421/2751/2398 2475/2808/2452
f 2385/2713/2362 2466/2799/2443 2407/2737/2384
f 2408/2738/2385 2446/2779/2423 2476/2809/2453
f 2424/2810/2401 2477/2811/2454 2447/2812/2424
f 2476/2809/2453 2448/2781/2425 2408/2738/2385
f 2424/2754/2401 2317/2631/2293 2425/2755/2402
f 2306/2619/2282 2478/2813/2455 2376/2702/2353
f 2387/2715/2364 2479/2814/2456 2437/2769/2414
f 2438/2815/2415 2368/2816/2345 2480/2817/2457
f 2368/2693/2345 2439/2771/2416 2480/2818/2457
f 2427/2757/2404 2481/2819/2458 2409/2739/2386
f 2388/2716/2365 2482/2820/2459 2410/2740/2387
f 2336/2654/2313 2458/2791/2435 2378/2704/2355
f 2430/2821/2407 2348/2822/2325 2483/2823/2460
f 2291/2604/2267 2484/2824/2461 2371/2697/2348
f 2413/2743/2390 2441/2773/2418 2485/2825/2462
f 2380/2707/2357 2484/2824/2461 2330/2648/2307
f 2330/2648/2307 2484/2824/2461 2291/2604/2267
f 2234/2533/2210 2431/2762/2408 2471/2804/2448
f 2337/2655/2314 2486/2826/2463 2415/2745/2392
f 2372/2698/2349 2460/2793/2437 2300/2613/2276
f 2339/2657/2316 2487/2827/2464 2272/2576/2248
f 2272/2576/2248 2487/2827/2464 2364/2688/2341
f 2433/2764/2410 2419/2749/2396 2488/2828/2465
f 2374/2700/2351 2433/2764/2410 2462/2795/2439
f 2366/2690/2343 2392/2722/2369 2489/2829/2466
f 2273/2577/2249 2443/2775/2420 2490/2830/2467
f 2303/2616/2279 2383/2710/2360 2491/2831/2468
f 2273/2577/2249 2333/2651/2310 2443/2775/2420
f 2303/2616/2279 2491/2831/2468 2384/2711/2361
f 2321/2635/2297 2394/2724/2371 2492/2832/2469
f 2444/2777/2421 2493/2833/2470 2394/2724/2371
f 2305/2618/2281 2475/2808/2452 2455/2788/2432
f 2421/2751/2398 2423/2753/2400 2494/2834/2471
f 2423/2753/2400 2422/2752/2399 2456/2789/2433
f 2466/2799/2443 2446/2779/2423 2435/2766/2412
f 2495/2835/2472 2354/2767/2331 2496/2836/2473
f 2354/2767/2331 2356/2679/2333 2496/2836/2473
f 2448/2781/2425 2479/2814/2456 2387/2715/2364
f 2479/2814/2456 2497/2837/2474 2437/2769/2414
f 2478/2813/2455 2306/2619/2282 2498/2838/2475
f 2306/2619/2282 2438/2770/2415 2499/2839/2476
f 2395/2725/2372 2482/2820/2459 2388/2716/2365
f 2410/2740/2387 2482/2820/2459 2449/2782/2426
f 2429/2840/2406 2450/2841/2427 2500/2842/2477
f 2449/2782/2426 2451/2784/2428 2344/2663/2321
f 2452/2785/2429 2397/2727/2374 2501/2843/2478
f 2458/2791/2435 2430/2761/2407 2502/2844/2479
f 2503/2845/2480 2348/2705/2325 2412/2742/2389
f 2504/2846/2481 2412/2742/2389 2328/2646/2305
f 2505/2847/2482 2441/2773/2418 2398/2728/2375
f 2399/2848/2483 2506/2849/2484 2413/2850/2485
f 2507/2851/2486 2401/2731/2378 2414/2744/2391
f 2471/2804/2448 2431/2762/2408 2470/2803/2447
f 2508/2852/2487 2372/2698/2349 2415/2745/2392
f 2461/2794/2438 2363/2687/2340 2150/2438/2128
f 2474/2807/2451 2382/2709/2359 2464/2797/2441
f 2490/2830/2467 2393/2723/2370 2273/2577/2249
f 2509/2853/2488 2443/2775/2420 2321/2712/2297
f 2510/2854/2489 2375/2701/2352 2340/2659/2317
f 2511/2855/2490 2406/2736/2383 2375/2701/2352
f 2367/2856/2344 2354/2857/2331 2512/2858/2491
f 2513/2859/2492 2476/2809/2453 2446/2779/2423
f 2496/2836/2473 2356/2679/2333 2447/2780/2424
f 2514/2860/2493 2424/2810/2401 2425/2861/2402
f 2425/2861/2402 2436/2862/2413 2515/2863/2494
f 2286/2599/2262 2376/2702/2353 2516/2864/2495
f 2517/2865/2496 2376/2866/2353 2498/2867/2475
f 2498/2867/2475 2376/2866/2353 2478/2868/2455
f 2296/2609/2272 2409/2739/2386 2439/2771/2416
f 2518/2869/2497 2395/2725/2372 2426/2756/2403
f 2377/2703/2354 2457/2790/2434 2450/2783/2427
f 2397/2727/2374 2389/2717/2366 2519/2870/2498
f 2397/2727/2374 2519/2870/2498 2501/2843/2478
f 2398/2728/2375 2520/2871/2499 2505/2847/2482
f 2413/2743/2390 2485/2825/2462 2521/2872/2500
f 2401/2731/2378 2522/2873/2501 2380/2707/2357
f 2523/2874/2502 2417/2747/2394 2402/2732/2379
f 2364/2688/2341 2507/2851/2486 2414/2744/2391
f 2524/2875/2503 2403/2733/2380 2525/2876/2504
f 2487/2827/2464 2339/2657/2316 2453/2786/2430
f 2404/2734/2381 2526/2877/2505 2419/2749/2396
f 2391/2721/2368 2527/2878/2506 2404/2734/2381
f 2489/2829/2466 2392/2722/2369 2474/2807/2451
f 2352/2673/2329 2528/2879/2507 2405/2735/2382
f 2528/2879/2507 2352/2673/2329 2462/2795/2439
f 2434/2765/2411 2320/2634/2296 2529/2880/2508
f 2529/2880/2508 2320/2634/2296 2393/2723/2370
f 2393/2723/2370 2490/2830/2467 2529/2880/2508
f 2321/2712/2297 2492/2881/2469 2509/2853/2488
f 2530/2882/2509 2456/2883/2433 2367/2884/2344
f 2424/2810/2401 2514/2860/2493 2477/2811/2454
f 2448/2781/2425 2531/2885/2510 2479/2814/2456
f 2436/2768/2413 2286/2599/2262 2516/2864/2495
f 2306/2619/2282 2499/2839/2476 2498/2838/2475
f 2499/2886/2476 2438/2887/2415 2532/2888/2511
f 2467/2800/2444 2518/2869/2497 2426/2756/2403
f 2439/2889/2416 2409/2890/2386 2533/2891/2512
f 2533/2891/2512 2409/2890/2386 2481/2892/2458
f 2427/2757/2404 2370/2695/2347 2428/2758/2405
f 2411/2741/2388 2378/2704/2355 2458/2791/2435
f 2483/2893/2460 2348/2894/2325 2503/2895/2480
f 2328/2646/2305 2459/2792/2436 2534/2896/2513
f 2504/2846/2481 2328/2646/2305 2534/2896/2513
f 2371/2697/2348 2535/2897/2514 2459/2792/2436
f 2373/2699/2350 2472/2805/2449 2403/2733/2380
f 2403/2733/2380 2536/2898/2515 2525/2876/2504
f 2525/2876/2504 2536/2898/2515 2524/2875/2503
f 2363/2687/2340 2461/2794/2438 2537/2899/2516
f 2363/2687/2340 2537/2899/2516 2453/2786/2430
f 2419/2749/2396 2526/2877/2505 2538/2900/2517
f 2527/2878/2506 2539/2901/2518 2404/2734/2381
f 2391/2721/2368 2540/2902/2519 2527/2878/2506
f 2454/2787/2431 2541/2903/2520 2542/2904/2521
f 2454/2787/2431 2432/2763/2409 2541/2903/2520
f 2433/2764/2410 2488/2828/2465 2462/2795/2439
f 2366/2690/2343 2489/2829/2466 2473/2806/2450
f 2340/2659/2317 2384/2905/2361 2510/2854/2489
f 2375/2701/2352 2543/2906/2522 2511/2855/2490
f 2444/2777/2421 2455/2788/2432 2544/2907/2523
f 2545/2908/2524 2385/2713/2362 2445/2778/2422
f 2385/2713/2362 2546/2909/2525 2466/2799/2443
f 2354/2767/2331 2495/2835/2472 2512/2910/2491
f 2513/2859/2492 2448/2781/2425 2476/2809/2453
f 2439/2889/2416 2547/2911/2526 2480/2912/2457
f 2481/2892/2458 2427/2913/2404 2548/2914/2527
f 2395/2725/2372 2549/2915/2528 2482/2820/2459
f 2550/2916/2529 2449/2782/2426 2482/2820/2459
f 2412/2742/2389 2504/2846/2481 2503/2845/2480
f 2398/2728/2375 2379/2706/2356 2520/2871/2499
f 2413/2743/2390 2521/2872/2500 2399/2729/2376
f 2470/2803/2447 2551/2917/2530 2471/2804/2448
f 2381/2708/2358 2552/2918/2531 2402/2732/2379
f 2553/2919/2532 2523/2874/2502 2402/2732/2379
f 2403/2733/2380 2472/2805/2449 2536/2898/2515
f 2403/2733/2380 2554/2920/2533 2461/2794/2438
f 2419/2749/2396 2555/2921/2534 2488/2828/2465
f 2404/2734/2381 2539/2901/2518 2526/2877/2505
f 2391/2721/2368 2542/2904/2521 2540/2902/2519
f 2454/2787/2431 2542/2904/2521 2391/2721/2368
f 2465/2798/2442 2405/2735/2382 2528/2879/2507
f 2464/2797/2441 2463/2796/2440 2556/2922/2535
f 2465/2798/2442 2557/2923/2536 2420/2750/2397
f 2442/2774/2419 2558/2924/2537 2383/2710/2360
f 2383/2710/2360 2558/2924/2537 2491/2831/2468
f 2443/2775/2420 2559/2925/2538 2490/2830/2467
f 2492/2832/2469 2394/2724/2371 2493/2833/2470
f 2375/2701/2352 2510/2854/2489 2543/2906/2522
f 2493/2833/2470 2444/2777/2421 2544/2907/2523
f 2545/2908/2524 2546/2909/2525 2385/2713/2362
f 2423/2926/2400 2456/2883/2433 2494/2927/2471
f 2560/2928/2539 2513/2859/2492 2446/2779/2423
f 2515/2863/2494 2514/2860/2493 2425/2861/2402
f 2479/2814/2456 2531/2885/2510 2561/2929/2540
f 2376/2702/2353 2517/2930/2496 2516/2864/2495
f 2548/2914/2527 2562/2931/2541 2481/2892/2458
f 2518/2869/2497 2549/2915/2528 2395/2725/2372
f 2563/2932/2542 2389/2717/2366 2451/2784/2428
f 2430/2761/2407 2483/2933/2460 2502/2844/2479
f 2390/2720/2367 2452/2785/2429 2564/2934/2543
f 2390/2720/2367 2564/2934/2543 2468/2935/2445
f 2379/2706/2356 2469/2802/2446 2565/2936/2544
f 2504/2846/2481 2566/2937/2545 2503/2845/2480
f 2379/2706/2356 2565/2936/2544 2520/2871/2499
f 2459/2792/2436 2567/2938/2546 2534/2896/2513
f 2459/2792/2436 2535/2897/2514 2567/2938/2546
f 2371/2697/2348 2484/2824/2461 2535/2897/2514
f 2380/2707/2357 2522/2873/2501 2484/2824/2461
f 2485/2825/2462 2568/2939/2547 2521/2872/2500
f 2400/2730/2377 2399/2729/2376 2470/2803/2447
f 2372/2698/2349 2508/2852/2487 2460/2793/2437
f 2460/2793/2437 2508/2852/2487 2569/2940/2548
f 2416/2746/2393 2552/2918/2531 2381/2708/2358
f 2417/2747/2394 2570/2941/2549 2472/2805/2449
f 2453/2786/2430 2537/2899/2516 2487/2827/2464
f 2473/2806/2450 2571/2942/2550 2432/2763/2409
f 2465/2798/2442 2528/2879/2507 2557/2923/2536
f 2463/2796/2440 2434/2765/2411 2572/2943/2551
f 2420/2750/2397 2557/2923/2536 2442/2774/2419
f 2443/2775/2420 2509/2853/2488 2559/2925/2538
f 2511/2855/2490 2573/2944/2552 2406/2736/2383
f 2455/2788/2432 2475/2808/2452 2574/2945/2553
f 2475/2946/2452 2421/2947/2398 2575/2948/2554
f 2421/2947/2398 2494/2927/2471 2575/2948/2554
f 2367/2949/2344 2512/2950/2491 2530/2951/2509
f 2576/2952/2555 2446/2779/2423 2466/2799/2443
f 2576/2952/2555 2560/2928/2539 2446/2779/2423
f 2447/2812/2424 2477/2811/2454 2577/2953/2556
f 2436/2862/2413 2516/2954/2495 2515/2863/2494
f 2497/2837/2474 2467/2800/2444 2437/2769/2414
f 2578/2955/2557 2518/2869/2497 2467/2800/2444
f 2427/2913/2404 2428/2956/2405 2579/2957/2558
f 2449/2782/2426 2550/2916/2529 2451/2784/2428
f 2550/2916/2529 2580/2958/2559 2451/2784/2428
f 2458/2959/2435 2502/2960/2479 2411/2961/2388
f 2452/2785/2429 2501/2843/2478 2564/2934/2543
f 2567/2938/2546 2535/2897/2514 2534/2896/2513
f 2471/2804/2448 2581/2962/2560 2337/2655/2314
f 2337/2655/2314 2581/2962/2560 2486/2826/2463
f 2508/2852/2487 2415/2745/2392 2486/2826/2463
f 2416/2746/2393 2460/2793/2437 2552/2918/2531
f 2523/2874/2502 2582/2963/2561 2417/2747/2394
f 2417/2747/2394 2582/2963/2561 2570/2941/2549
f 2403/2733/2380 2583/2964/2562 2554/2920/2533
f 2555/2921/2534 2419/2749/2396 2584/2965/2563
f 2526/2877/2505 2585/2966/2564 2538/2900/2517
f 2542/2904/2521 2586/2967/2565 2540/2902/2519
f 2432/2763/2409 2587/2968/2566 2541/2903/2520
f 2474/2807/2451 2588/2969/2567 2489/2829/2466
f 2463/2796/2440 2572/2943/2551 2556/2922/2535
f 2490/2830/2467 2559/2925/2538 2589/2970/2568
f 2384/2905/2361 2590/2971/2569 2510/2854/2489
f 2455/2972/2432 2574/2973/2553 2544/2974/2523
f 2445/2778/2422 2591/2975/2570 2545/2908/2524
f 2447/2812/2424 2577/2953/2556 2592/2976/2571
f 2513/2859/2492 2531/2885/2510 2448/2781/2425
f 2479/2814/2456 2561/2929/2540 2497/2837/2474
f 2438/2887/2415 2480/2912/2457 2593/2977/2572
f 2480/2912/2457 2547/2911/2526 2593/2977/2572
f 2481/2892/2458 2562/2931/2541 2533/2891/2512
f 2594/2978/2573 2549/2915/2528 2518/2869/2497
f 2500/2842/2477 2595/2979/2574 2428/2956/2405
f 2500/2842/2477 2428/2956/2405 2429/2840/2406
f 2519/2870/2498 2389/2717/2366 2563/2932/2542
f 2469/2802/2446 2596/2980/2575 2565/2936/2544
f 2505/2847/2482 2485/2825/2462 2441/2773/2418
f 2568/2939/2547 2597/2981/2576 2521/2872/2500
f 2597/2981/2576 2598/2982/2577 2399/2729/2376
f 2507/2851/2486 2599/2983/2578 2401/2731/2378
f 2600/2984/2579 2364/2688/2341 2599/2983/2578
f 2600/2984/2579 2507/2851/2486 2364/2688/2341
f 2552/2918/2531 2553/2919/2532 2402/2732/2379
f 2554/2920/2533 2601/2985/2580 2461/2794/2438
f 2538/2900/2517 2584/2965/2563 2419/2749/2396
f 2526/2877/2505 2602/2986/2581 2585/2966/2564
f 2474/2807/2451 2603/2987/2582 2588/2969/2567
f 2474/2807/2451 2464/2797/2441 2603/2987/2582
f 2528/2879/2507 2604/2988/2583 2557/2923/2536
f 2434/2765/2411 2529/2880/2508 2572/2943/2551
f 2442/2774/2419 2557/2923/2536 2605/2989/2584
f 2529/2880/2508 2490/2830/2467 2589/2970/2568
f 2384/2711/2361 2491/2831/2468 2590/2990/2569
f 2406/2736/2383 2573/2944/2552 2445/2778/2422
f 2494/2927/2471 2456/2883/2433 2606/2991/2585
f 2546/2909/2525 2607/2992/2586 2466/2799/2443
f 2606/2991/2585 2456/2883/2433 2530/2882/2509
f 2495/2993/2472 2496/2994/2473 2608/2995/2587
f 2516/2954/2495 2609/2996/2588 2515/2863/2494
f 2531/2885/2510 2610/2997/2589 2561/2929/2540
f 2498/2867/2475 2499/2886/2476 2611/2998/2590
f 2611/2998/2590 2499/2886/2476 2612/2999/2591
f 2497/2837/2474 2578/2955/2557 2467/2800/2444
f 2532/2888/2511 2438/2887/2415 2593/2977/2572
f 2548/2914/2527 2427/2913/2404 2613/3000/2592
f 2427/2913/2404 2579/2957/2558 2613/3000/2592
f 2549/2915/2528 2614/3001/2593 2482/2820/2459
f 2482/2820/2459 2614/3001/2593 2550/2916/2529
f 2450/2841/2427 2457/3002/2434 2615/3003/2594
f 2451/2784/2428 2580/2958/2559 2563/2932/2542
f 2501/2843/2478 2616/3004/2595 2564/2934/2543
f 2469/2802/2446 2468/2801/2445 2617/3005/2596
f 2504/2846/2481 2534/2896/2513 2566/2937/2545
f 2520/2871/2499 2618/3006/2597 2505/2847/2482
f 2568/2939/2547 2619/3007/2598 2597/2981/2576
f 2399/2729/2376 2521/2872/2500 2597/2981/2576
f 2399/2729/2376 2598/2982/2577 2470/2803/2447
f 2507/2851/2486 2600/2984/2579 2599/2983/2578
f 2401/2731/2378 2599/2983/2578 2522/2873/2501
f 2460/2793/2437 2620/3008/2599 2621/3009/2600
f 2569/2940/2548 2620/3008/2599 2460/2793/2437
f 2621/3009/2600 2552/2918/2531 2460/2793/2437
f 2364/2688/2341 2622/3010/2601 2599/2983/2578
f 2587/2968/2566 2432/2763/2409 2571/2942/2550
f 2585/2966/2564 2584/2965/2563 2538/2900/2517
f 2527/2878/2506 2623/3011/2602 2539/2901/2518
f 2473/2806/2450 2489/2829/2466 2571/2942/2550
f 2462/2795/2439 2624/3012/2603 2528/2879/2507
f 2556/2922/2535 2603/2987/2582 2464/2797/2441
f 2529/2880/2508 2625/3013/2604 2572/2943/2551
f 2442/2774/2419 2605/2989/2584 2558/2924/2537
f 2492/2881/2469 2626/3014/2605 2509/2853/2488
f 2573/2944/2552 2591/2975/2570 2445/2778/2422
f 2607/2992/2586 2576/2952/2555 2466/2799/2443
f 2512/3015/2491 2495/2993/2472 2627/3016/2606
f 2560/2928/2539 2628/3017/2607 2513/2859/2492
f 2515/2863/2494 2609/2996/2588 2629/3018/2608
f 2517/2865/2496 2498/2867/2475 2609/2996/2588
f 2561/2929/2540 2578/2955/2557 2497/2837/2474
f 2498/2867/2475 2611/2998/2590 2612/2999/2591
f 2518/2869/2497 2578/2955/2557 2594/2978/2573
f 2579/2957/2558 2428/2956/2405 2595/2979/2574
f 2519/2870/2498 2616/3004/2595 2501/2843/2478
f 2502/2960/2479 2630/3019/2609 2411/2961/2388
f 2485/2825/2462 2631/3020/2610 2568/2939/2547
f 2484/2824/2461 2522/2873/2501 2632/3021/2611
f 2470/2803/2447 2633/3022/2612 2551/2917/2530
f 2569/2940/2548 2621/3009/2600 2620/3008/2599
f 2472/2805/2449 2570/2941/2549 2536/2898/2515
f 2524/2875/2503 2536/2898/2515 2634/3023/2613
f 2403/2733/2380 2524/2875/2503 2583/2964/2562
f 2461/2794/2438 2635/3024/2614 2537/2899/2516
f 2555/2921/2534 2636/3025/2615 2488/2828/2465
f 2527/2878/2506 2540/2902/2519 2623/3011/2602
f 2542/2904/2521 2541/2903/2520 2637/3026/2616
f 2489/2829/2466 2638/3027/2617 2571/2942/2550
f 2462/2795/2439 2488/2828/2465 2639/3028/2618
f 2489/2829/2466 2588/2969/2567 2638/3027/2617
f 2529/2880/2508 2589/2970/2568 2625/3013/2604
f 2492/3029/2469 2640/3030/2619 2626/3031/2605
f 2510/2854/2489 2641/3032/2620 2543/2906/2522
f 2543/2906/2522 2642/3033/2621 2511/2855/2490
f 2493/3034/2470 2544/2974/2523 2643/3035/2622
f 2494/2927/2471 2606/2991/2585 2644/3036/2623
f 2512/3015/2491 2645/3037/2624 2530/2882/2509
f 2516/2954/2495 2517/2865/2496 2609/2996/2588
f 2612/2999/2591 2499/2886/2476 2646/3038/2625
f 2647/3039/2626 2549/2915/2528 2594/2978/2573
f 2595/2979/2574 2500/2842/2477 2648/3040/2627
f 2615/3003/2594 2457/3002/2434 2649/3041/2628
f 2650/3042/2629 2457/3002/2434 2411/2961/2388
f 2651/3043/2630 2616/3004/2595 2519/2870/2498
f 2617/3044/2596 2468/2935/2445 2564/2934/2543
f 2596/3045/2575 2469/3046/2446 2617/3044/2596
f 2652/3047/2631 2503/2845/2480 2566/2937/2545
f 2653/3048/2632 2566/2937/2545 2534/2896/2513
f 2486/2826/2463 2654/3049/2633 2508/2852/2487
f 2601/2985/2580 2635/3024/2614 2461/2794/2438
f 2655/3050/2634 2364/2688/2341 2487/2827/2464
f 2636/3025/2615 2555/2921/2534 2584/2965/2563
f 2602/2986/2581 2584/2965/2563 2585/2966/2564
f 2624/3012/2603 2462/2795/2439 2639/3028/2618
f 2656/3051/2635 2528/2879/2507 2624/3012/2603
f 2657/3052/2636 2556/2922/2535 2572/2943/2551
f 2658/3053/2637 2491/2831/2468 2558/2924/2537
f 2559/2925/2538 2509/2853/2488 2659/3054/2638
f 2659/3054/2638 2509/2853/2488 2626/3014/2605
f 2640/3030/2619 2492/3029/2469 2493/3034/2470
f 2641/3032/2620 2642/3033/2621 2543/2906/2522
f 2591/2975/2570 2660/3055/2639 2545/2908/2524
f 2574/2973/2553 2475/2946/2452 2575/2948/2554
f 2660/3055/2639 2546/2909/2525 2545/2908/2524
f 2661/3056/2640 2607/2992/2586 2546/2909/2525
f 2608/2995/2587 2496/2994/2473 2662/3057/2641
f 2662/3057/2641 2496/2994/2473 2663/3058/2642
f 2496/2994/2473 2592/2976/2571 2663/3058/2642
f 2577/2953/2556 2477/2811/2454 2664/3059/2643
f 2665/3060/2644 2666/3061/2645 2513/2859/2492
f 2477/2811/2454 2667/3062/2646 2664/3059/2643
f 2666/3061/2645 2531/2885/2510 2513/2859/2492
f 2668/3063/2647 2514/2860/2493 2515/2863/2494
f 2609/2996/2588 2498/2867/2475 2669/3064/2648
f 2646/3038/2625 2499/2886/2476 2532/2888/2511
f 2670/3065/2649 2532/2888/2511 2593/2977/2572
f 2500/2842/2477 2450/2841/2427 2615/3003/2594
f 2649/3041/2628 2457/3002/2434 2650/3042/2629
f 2411/3066/2388 2630/3067/2609 2649/3068/2628
f 2563/2932/2542 2651/3043/2630 2519/2870/2498
f 2483/3069/2460 2671/3070/2650 2502/2960/2479
f 2596/2980/2575 2672/3071/2651 2565/2936/2544
f 2566/2937/2545 2653/3048/2632 2673/3072/2652
f 2653/3048/2632 2534/2896/2513 2673/3072/2652
f 2673/3072/2652 2534/2896/2513 2535/2897/2514
f 2505/2847/2482 2618/3006/2597 2485/2825/2462
f 2485/2825/2462 2618/3006/2597 2631/3020/2610
f 2631/3020/2610 2619/3007/2598 2568/2939/2547
f 2522/2873/2501 2674/3073/2653 2632/3021/2611
f 2522/2873/2501 2599/2983/2578 2674/3073/2653
f 2581/2962/2560 2675/3074/2654 2486/2826/2463
f 2537/2899/2516 2676/3075/2655 2487/2827/2464
f 2488/2828/2465 2636/3025/2615 2639/3028/2618
f 2602/2986/2581 2677/3076/2656 2584/2965/2563
f 2539/2901/2518 2602/2986/2581 2526/2877/2505
f 2623/3011/2602 2602/2986/2581 2539/2901/2518
f 2571/2942/2550 2638/3027/2617 2678/3077/2657
f 2528/2879/2507 2656/3051/2635 2604/2988/2583
f 2544/2974/2523 2574/2973/2553 2679/3078/2658
f 2679/3078/2658 2574/2973/2553 2680/3079/2659
f 2574/2973/2553 2575/2948/2554 2680/3079/2659
f 2575/2948/2554 2494/2927/2471 2644/3036/2623
f 2606/2991/2585 2530/2882/2509 2645/3037/2624
f 2607/2992/2586 2681/3080/2660 2576/2952/2555
f 2645/3037/2624 2512/3015/2491 2627/3016/2606
f 2495/2993/2472 2608/2995/2587 2627/3016/2606
f 2662/3057/2641 2663/3058/2642 2608/2995/2587
f 2663/3058/2642 2592/2976/2571 2682/3081/2661
f 2496/2994/2473 2447/2812/2424 2592/2976/2571
f 2477/2811/2454 2514/2860/2493 2667/3062/2646
f 2547/2911/2526 2439/2889/2416 2670/3065/2649
f 2533/2891/2512 2562/2931/2541 2683/3082/2662
f 2683/3082/2662 2562/2931/2541 2684/3083/2663
f 2579/2957/2558 2595/2979/2574 2685/3084/2664
f 2500/2842/2477 2615/3003/2594 2648/3040/2627
f 2650/3042/2629 2411/2961/2388 2649/3041/2628
f 2564/2934/2543 2616/3004/2595 2686/3085/2665
f 2503/2845/2480 2652/3047/2631 2483/3086/2460
f 2565/2936/2544 2672/3071/2651 2520/2871/2499
f 2633/3022/2612 2581/2962/2560 2551/2917/2530
f 2581/2962/2560 2471/2804/2448 2551/2917/2530
f 2621/3009/2600 2687/3087/2666 2552/2918/2531
f 2552/2918/2531 2688/3088/2667 2553/2919/2532
f 2364/2688/2341 2689/3089/2668 2622/3010/2601
f 2622/3010/2601 2689/3089/2668 2599/2983/2578
f 2654/3049/2633 2690/3090/2669 2508/2852/2487
f 2508/2852/2487 2690/3090/2669 2569/2940/2548
f 2537/2899/2516 2635/3024/2614 2676/3075/2655
f 2655/3050/2634 2487/2827/2464 2691/3091/2670
f 2586/2967/2565 2623/3011/2602 2540/2902/2519
f 2542/2904/2521 2637/3026/2616 2586/2967/2565
f 2541/2903/2520 2692/3092/2671 2637/3026/2616
f 2541/2903/2520 2587/2968/2566 2692/3092/2671
f 2571/2942/2550 2693/3093/2672 2587/2968/2566
f 2571/2942/2550 2678/3077/2657 2693/3093/2672
f 2556/2922/2535 2694/3094/2673 2603/2987/2582
f 2572/2943/2551 2625/3013/2604 2657/3052/2636
f 2605/2989/2584 2658/3053/2637 2558/2924/2537
f 2491/2831/2468 2695/3095/2674 2590/2990/2569
f 2642/3033/2621 2573/2944/2552 2511/2855/2490
f 2546/2909/2525 2660/3055/2639 2661/3056/2640
f 2663/3058/2642 2682/3081/2661 2608/2995/2587
f 2576/2952/2555 2628/3017/2607 2560/2928/2539
f 2666/3061/2645 2665/3060/2644 2531/2885/2510
f 2665/3060/2644 2696/3096/2675 2531/2885/2510
f 2696/3096/2675 2610/2997/2589 2531/2885/2510
f 2609/2996/2588 2697/3097/2676 2629/3018/2608
f 2609/2996/2588 2669/3064/2648 2698/3098/2677
f 2669/3064/2648 2498/2867/2475 2698/3098/2677
f 2699/3099/2678 2498/2867/2475 2612/2999/2591
f 2532/2888/2511 2670/3065/2649 2700/3100/2679
f 2701/3101/2680 2594/2978/2573 2578/2955/2557
f 2593/2977/2572 2547/2911/2526 2670/3065/2649
f 2439/2889/2416 2533/2891/2512 2670/3065/2649
f 2533/2891/2512 2683/3082/2662 2684/3083/2663
f 2549/2915/2528 2647/3039/2626 2614/3001/2593
f 2579/2957/2558 2685/3084/2664 2613/3000/2592
f 2595/2979/2574 2702/3102/2681 2685/3084/2664
f 2614/3001/2593 2703/3103/2682 2550/2916/2529
f 2563/2932/2542 2704/3104/2683 2651/3043/2630
f 2630/3019/2609 2502/2960/2479 2705/3105/2684
f 2502/2960/2479 2671/3070/2650 2705/3105/2684
f 2564/2934/2543 2686/3085/2665 2617/3044/2596
f 2483/3069/2460 2706/3106/2685 2671/3070/2650
f 2483/3086/2460 2652/3047/2631 2706/3107/2685
f 2566/2937/2545 2673/3072/2652 2652/3047/2631
f 2484/2824/2461 2632/3021/2611 2535/2897/2514
f 2470/2803/2447 2598/2982/2577 2707/3108/2686
f 2470/2803/2447 2708/3109/2687 2633/3022/2612
f 2486/2826/2463 2675/3074/2654 2654/3049/2633
f 2569/2940/2548 2690/3090/2669 2621/3009/2600
f 2621/3009/2600 2690/3090/2669 2687/3087/2666
f 2552/2918/2531 2709/3110/2688 2688/3088/2667
f 2688/3088/2667 2709/3110/2688 2553/2919/2532
f 2553/2919/2532 2709/3110/2688 2523/2874/2502
f 2554/2920/2533 2583/2964/2562 2601/2985/2580
f 2601/2985/2580 2710/3111/2689 2635/3024/2614
f 2655/3050/2634 2689/3089/2668 2364/2688/2341
f 2556/2922/2535 2657/3052/2636 2694/3094/2673
f 2559/2925/2538 2711/3112/2690 2589/2970/2568
f 2559/2925/2538 2659/3054/2638 2711/3112/2690
f 2658/3053/2637 2695/3095/2674 2491/2831/2468
f 2590/2971/2569 2712/3113/2691 2510/2854/2489
f 2640/3030/2619 2493/3034/2470 2713/3114/2692
f 2643/3035/2622 2713/3114/2692 2493/3034/2470
f 2544/2974/2523 2679/3078/2658 2643/3035/2622
f 2714/3115/2693 2660/3055/2639 2591/2975/2570
f 2608/2995/2587 2682/3081/2661 2592/2976/2571
f 2608/2995/2587 2592/2976/2571 2715/3116/2694
f 2592/2976/2571 2577/2953/2556 2715/3116/2694
f 2628/3017/2607 2665/3060/2644 2513/2859/2492
f 2664/3059/2643 2667/3062/2646 2716/3117/2695
f 2514/2860/2493 2668/3063/2647 2667/3062/2646
f 2533/2891/2512 2684/3083/2663 2670/3065/2649
f 2594/2978/2573 2717/3118/2696 2647/3039/2626
f 2580/2958/2559 2704/3104/2683 2563/2932/2542
f 2705/3105/2684 2649/3041/2628 2630/3019/2609
f 2674/3073/2653 2718/3119/2697 2719/3120/2698
f 2674/3073/2653 2719/3120/2698 2632/3021/2611
f 2689/3089/2668 2720/3121/2699 2599/2983/2578
f 2523/2874/2502 2709/3110/2688 2721/3122/2700
f 2584/2965/2563 2722/3123/2701 2636/3025/2615
f 2584/2965/2563 2677/3076/2656 2722/3123/2701
f 2587/2968/2566 2693/3093/2672 2692/3092/2671
f 2638/3027/2617 2588/2969/2567 2678/3077/2657
f 2624/3012/2603 2723/3124/2702 2656/3051/2635
f 2603/2987/2582 2694/3094/2673 2588/2969/2567
f 2589/2970/2568 2711/3112/2690 2724/3125/2703
f 2642/3033/2621 2725/3126/2704 2573/2944/2552
f 2573/2944/2552 2714/3115/2693 2591/2975/2570
f 2661/3056/2640 2681/3080/2660 2607/2992/2586
f 2681/3080/2660 2726/3127/2705 2576/2952/2555
f 2727/3128/2706 2667/3062/2646 2668/3063/2647
f 2668/3063/2647 2515/2863/2494 2629/3018/2608
f 2728/3129/2707 2629/3018/2608 2697/3097/2676
f 2610/2997/2589 2578/2955/2557 2561/2929/2540
f 2729/3130/2708 2698/3098/2677 2498/2867/2475
f 2646/3038/2625 2532/2888/2511 2612/2999/2591
f 2730/3131/2709 2701/3101/2680 2578/2955/2557
f 2562/2931/2541 2613/3000/2592 2684/3083/2663
f 2731/3132/2710 2580/2958/2559 2550/2916/2529
f 2731/3132/2710 2732/3133/2711 2580/2958/2559
f 2648/3040/2627 2615/3003/2594 2649/3041/2628
f 2652/3047/2631 2673/3072/2652 2733/3134/2712
f 2673/3072/2652 2734/3135/2713 2733/3134/2712
f 2734/3135/2713 2673/3072/2652 2535/2897/2514
f 2535/2897/2514 2735/3136/2714 2734/3135/2713
f 2618/3006/2597 2736/3137/2715 2631/3020/2610
f 2632/3021/2611 2719/3120/2698 2718/3119/2697
f 2708/3109/2687 2470/2803/2447 2707/3108/2686
f 2633/3022/2612 2737/3138/2716 2581/2962/2560
f 2675/3074/2654 2738/3139/2717 2654/3049/2633
f 2739/3140/2718 2654/3049/2633 2738/3139/2717
f 2582/2963/2561 2523/2874/2502 2721/3122/2700
f 2740/3141/2719 2570/2941/2549 2582/2963/2561
f 2741/3142/2720 2601/2985/2580 2583/2964/2562
f 2741/3142/2720 2710/3111/2689 2601/2985/2580
f 2741/3142/2720 2635/3024/2614 2710/3111/2689
f 2742/3143/2721 2487/2827/2464 2676/3075/2655
f 2743/3144/2722 2487/2827/2464 2744/3145/2723
f 2691/3091/2670 2487/2827/2464 2743/3144/2722
f 2691/3091/2670 2689/3089/2668 2655/3050/2634
f 2586/2967/2565 2745/3146/2724 2623/3011/2602
f 2586/2967/2565 2637/3026/2616 2745/3146/2724
f 2639/3028/2618 2723/3124/2702 2624/3012/2603
f 2588/2969/2567 2694/3094/2673 2746/3147/2725
f 2657/3052/2636 2625/3013/2604 2724/3125/2703
f 2557/2923/2536 2747/3148/2726 2605/2989/2584
f 2589/2970/2568 2724/3125/2703 2625/3013/2604
f 2605/2989/2584 2747/3148/2726 2658/3053/2637
f 2748/3149/2727 2712/3113/2691 2590/2971/2569
f 2712/3113/2691 2641/3032/2620 2510/2854/2489
f 2749/3150/2728 2661/3056/2640 2660/3055/2639
f 2750/3151/2729 2606/2991/2585 2645/3037/2624
f 2716/3117/2695 2667/3062/2646 2727/3128/2706
f 2665/3060/2644 2751/3152/2730 2696/3096/2675
f 2609/2996/2588 2698/3098/2677 2729/3130/2708
f 2701/3101/2680 2752/3153/2731 2594/2978/2573
f 2753/3154/2732 2670/3065/2649 2684/3083/2663
f 2752/3153/2731 2717/3118/2696 2594/2978/2573
f 2562/2931/2541 2548/2914/2527 2613/3000/2592
f 2685/3084/2664 2702/3102/2681 2754/3155/2733
f 2595/2979/2574 2648/3040/2627 2702/3102/2681
f 2703/3103/2682 2731/3132/2710 2550/2916/2529
f 2732/3133/2711 2704/3104/2683 2580/2958/2559
f 2705/3105/2684 2755/3156/2734 2649/3041/2628
f 2706/3106/2685 2756/3157/2735 2671/3070/2650
f 2617/3044/2596 2757/3158/2736 2596/3045/2575
f 2520/2871/2499 2672/3071/2651 2618/3006/2597
f 2597/2981/2576 2619/3007/2598 2598/2982/2577
f 2654/3049/2633 2739/3140/2718 2690/3090/2669
f 2687/3087/2666 2709/3110/2688 2552/2918/2531
f 2709/3110/2688 2758/3159/2737 2721/3122/2700
f 2721/3122/2700 2758/3159/2737 2582/2963/2561
f 2570/2941/2549 2740/3141/2719 2536/2898/2515
f 2536/2898/2515 2759/3160/2738 2634/3023/2613
f 2635/3024/2614 2760/3161/2739 2676/3075/2655
f 2691/3091/2670 2720/3121/2699 2689/3089/2668
f 2636/3025/2615 2722/3123/2701 2761/3162/2740
f 2636/3025/2615 2761/3162/2740 2639/3028/2618
f 2602/2986/2581 2762/3163/2741 2677/3076/2656
f 2602/2986/2581 2623/3011/2602 2763/3164/2742
f 2588/2969/2567 2764/3165/2743 2678/3077/2657
f 2604/2988/2583 2765/3166/2744 2557/2923/2536
f 2641/3032/2620 2725/3126/2704 2642/3033/2621
f 2680/3079/2659 2766/3167/2745 2679/3078/2658
f 2680/3079/2659 2575/2948/2554 2767/3168/2746
f 2575/2948/2554 2644/3036/2623 2767/3168/2746
f 2681/3080/2660 2768/3169/2747 2726/3127/2705
f 2668/3063/2647 2629/3018/2608 2727/3128/2706
f 2609/2996/2588 2728/3129/2707 2697/3097/2676
f 2609/2996/2588 2729/3130/2708 2728/3129/2707
f 2610/2997/2589 2769/3170/2748 2578/2955/2557
f 2498/2867/2475 2699/3099/2678 2729/3130/2708
f 2699/3099/2678 2612/2999/2591 2770/3171/2749
f 2532/2888/2511 2700/3100/2679 2612/2999/2591
f 2670/3065/2649 2771/3172/2750 2772/3173/2751
f 2670/3065/2649 2753/3154/2732 2771/3172/2750
f 2684/3083/2663 2613/3000/2592 2773/3174/2752
f 2613/3000/2592 2685/3084/2664 2754/3155/2733
f 2774/3175/2753 2686/3085/2665 2616/3004/2595
f 2706/3107/2685 2652/3047/2631 2756/3176/2735
f 2596/2980/2575 2757/3177/2736 2672/3071/2651
f 2672/3071/2651 2775/3178/2754 2618/3006/2597
f 2776/3179/2755 2733/3134/2712 2734/3135/2713
f 2775/3178/2754 2736/3137/2715 2618/3006/2597
f 2632/3021/2611 2735/3136/2714 2535/2897/2514
f 2631/3020/2610 2777/3180/2756 2619/3007/2598
f 2599/2983/2578 2718/3119/2697 2674/3073/2653
f 2599/2983/2578 2720/3121/2699 2718/3119/2697
f 2708/3109/2687 2707/3108/2686 2633/3022/2612
f 2524/2875/2503 2634/3023/2613 2583/2964/2562
f 2742/3143/2721 2744/3145/2723 2487/2827/2464
f 2778/3181/2757 2722/3123/2701 2677/3076/2656
f 2602/2986/2581 2763/3164/2742 2762/3163/2741
f 2637/3026/2616 2692/3092/2671 2779/3182/2758
f 2692/3092/2671 2693/3093/2672 2780/3183/2759
f 2639/3028/2618 2781/3184/2760 2723/3124/2702
f 2761/3162/2740 2781/3184/2760 2639/3028/2618
f 2658/3053/2637 2782/3185/2761 2695/3095/2674
f 2659/3054/2638 2626/3014/2605 2783/3186/2762
f 2695/3187/2674 2784/3188/2763 2590/2971/2569
f 2590/2971/2569 2784/3188/2763 2748/3149/2727
f 2712/3113/2691 2785/3189/2764 2641/3032/2620
f 2641/3032/2620 2785/3189/2764 2725/3126/2704
f 2643/3035/2622 2786/3190/2765 2713/3114/2692
f 2713/3114/2692 2786/3190/2765 2787/3191/2766
f 2643/3035/2622 2679/3078/2658 2786/3190/2765
f 2714/3115/2693 2749/3150/2728 2660/3055/2639
f 2644/3036/2623 2606/2991/2585 2788/3192/2767
f 2606/2991/2585 2750/3151/2729 2788/3192/2767
f 2645/3037/2624 2627/3016/2606 2789/3193/2768
f 2627/3016/2606 2608/2995/2587 2790/3194/2769
f 2726/3127/2705 2628/3017/2607 2576/2952/2555
f 2726/3127/2705 2791/3195/2770 2628/3017/2607
f 2699/3099/2678 2770/3171/2749 2792/3196/2771
f 2700/3100/2679 2793/3197/2772 2794/3198/2773
f 2752/3153/2731 2701/3101/2680 2730/3131/2709
f 2793/3197/2772 2700/3100/2679 2670/3065/2649
f 2772/3173/2751 2771/3172/2750 2753/3154/2732
f 2795/3199/2774 2648/3040/2627 2649/3041/2628
f 2795/3199/2774 2649/3041/2628 2755/3156/2734
f 2705/3105/2684 2671/3070/2650 2796/3200/2775
f 2651/3043/2630 2774/3175/2753 2616/3004/2595
f 2797/3201/2776 2617/3044/2596 2686/3085/2665
f 2797/3201/2776 2757/3158/2736 2617/3044/2596
f 2798/3202/2777 2672/3071/2651 2757/3177/2736
f 2799/3203/2778 2652/3204/2631 2733/3205/2712
f 2735/3136/2714 2733/3134/2712 2776/3179/2755
f 2735/3136/2714 2776/3179/2755 2734/3135/2713
f 2800/3206/2779 2598/2982/2577 2619/3007/2598
f 2800/3206/2779 2707/3108/2686 2598/2982/2577
f 2801/3207/2780 2633/3022/2612 2707/3108/2686
f 2802/3208/2781 2675/3074/2654 2581/2962/2560
f 2739/3140/2718 2803/3209/2782 2690/3090/2669
f 2677/3076/2656 2762/3163/2741 2778/3181/2757
f 2804/3210/2783 2623/3011/2602 2745/3146/2724
f 2779/3182/2758 2745/3146/2724 2637/3026/2616
f 2764/3165/2743 2805/3211/2784 2678/3077/2657
f 2723/3124/2702 2806/3212/2785 2656/3051/2635
f 2806/3212/2785 2604/2988/2583 2656/3051/2635
f 2657/3052/2636 2724/3125/2703 2694/3094/2673
f 2747/3148/2726 2557/2923/2536 2765/3166/2744
f 2782/3185/2761 2658/3053/2637 2747/3148/2726
f 2807/3213/2786 2640/3030/2619 2713/3114/2692
f 2626/3031/2605 2640/3030/2619 2807/3213/2786
f 2573/2944/2552 2725/3126/2704 2808/3214/2787
f 2809/3215/2788 2573/2944/2552 2808/3214/2787
f 2809/3215/2788 2714/3115/2693 2573/2944/2552
f 2767/3168/2746 2644/3036/2623 2788/3192/2767
f 2749/3150/2728 2681/3080/2660 2661/3056/2640
f 2810/3216/2789 2608/2995/2587 2715/3116/2694
f 2665/3060/2644 2628/3017/2607 2791/3195/2770
f 2715/3116/2694 2577/2953/2556 2664/3059/2643
f 2811/3217/2790 2716/3117/2695 2727/3128/2706
f 2812/3218/2791 2610/2997/2589 2696/3096/2675
f 2728/3129/2707 2729/3130/2708 2813/3219/2792
f 2814/3220/2793 2729/3130/2708 2699/3099/2678
f 2792/3196/2771 2814/3220/2793 2699/3099/2678
f 2730/3131/2709 2578/2955/2557 2812/3218/2791
f 2815/3221/2794 2792/3196/2771 2770/3171/2749
f 2612/2999/2591 2700/3100/2679 2794/3198/2773
f 2793/3197/2772 2670/3065/2649 2772/3173/2751
f 2703/3103/2682 2614/3001/2593 2816/3222/2795
f 2704/3104/2683 2817/3223/2796 2651/3043/2630
f 2755/3156/2734 2705/3105/2684 2796/3200/2775
f 2671/3070/2650 2818/3224/2797 2796/3200/2775
f 2819/3225/2798 2671/3070/2650 2756/3157/2735
f 2652/3047/2631 2799/3226/2778 2820/3227/2799
f 2798/3202/2777 2775/3178/2754 2672/3071/2651
f 2799/3226/2778 2733/3134/2712 2821/3228/2800
f 2821/3228/2800 2733/3134/2712 2735/3136/2714
f 2735/3136/2714 2632/3021/2611 2822/3229/2801
f 2736/3137/2715 2823/3230/2802 2631/3020/2610
f 2823/3230/2802 2777/3180/2756 2631/3020/2610
f 2632/3021/2611 2718/3119/2697 2824/3231/2803
f 2675/3074/2654 2825/3232/2804 2826/3233/2805
f 2687/3087/2666 2827/3234/2806 2709/3110/2688
f 2582/2963/2561 2758/3159/2737 2828/3235/2807
f 2536/2898/2515 2740/3141/2719 2759/3160/2738
f 2583/2964/2562 2634/3023/2613 2829/3236/2808
f 2635/3024/2614 2830/3237/2809 2760/3161/2739
f 2742/3143/2721 2676/3075/2655 2744/3145/2723
f 2744/3238/2723 2831/3239/2810 2743/3240/2811
f 2743/3144/2722 2832/3241/2812 2691/3091/2670
f 2691/3091/2670 2833/3242/2813 2720/3121/2699
f 2781/3184/2760 2761/3162/2740 2834/3243/2814
f 2745/3146/2724 2835/3244/2815 2804/3210/2783
f 2780/3183/2759 2779/3182/2758 2692/3092/2671
f 2780/3183/2759 2693/3093/2672 2836/3245/2816
f 2604/2988/2583 2806/3212/2785 2765/3166/2744
f 2724/3125/2703 2711/3112/2690 2837/3246/2817
f 2711/3112/2690 2659/3054/2638 2837/3246/2817
f 2782/3185/2761 2784/3247/2763 2695/3095/2674
f 2783/3248/2762 2626/3031/2605 2807/3213/2786
f 2766/3167/2745 2786/3190/2765 2679/3078/2658
f 2680/3079/2659 2767/3168/2746 2766/3167/2745
f 2810/3216/2789 2627/3016/2606 2790/3194/2769
f 2838/3249/2818 2811/3217/2790 2727/3128/2706
f 2751/3152/2730 2812/3218/2791 2696/3096/2675
f 2610/2997/2589 2812/3218/2791 2769/3170/2748
f 2769/3170/2748 2812/3218/2791 2578/2955/2557
f 2792/3196/2771 2815/3221/2794 2814/3220/2793
f 2815/3221/2794 2770/3171/2749 2814/3220/2793
f 2812/3218/2791 2839/3250/2819 2730/3131/2709
f 2773/3174/2752 2613/3000/2592 2840/3251/2820
f 2703/3103/2682 2841/3252/2821 2731/3132/2710
f 2795/3199/2774 2702/3102/2681 2648/3040/2627
f 2795/3253/2774 2842/3254/2822 2702/3255/2681
f 2755/3156/2734 2843/3256/2823 2795/3199/2774
f 2651/3043/2630 2844/3257/2824 2774/3175/2753
f 2671/3070/2650 2819/3225/2798 2818/3224/2797
f 2686/3085/2665 2774/3175/2753 2845/3258/2825
f 2797/3201/2776 2798/3259/2777 2757/3158/2736
f 2821/3228/2800 2735/3136/2714 2799/3226/2778
f 2619/3007/2598 2777/3180/2756 2800/3206/2779
f 2846/3260/2826 2718/3119/2697 2720/3121/2699
f 2801/3207/2780 2847/3261/2827 2633/3022/2612
f 2581/2962/2560 2848/3262/2828 2802/3208/2781
f 2687/3087/2666 2690/3090/2669 2849/3263/2829
f 2709/3110/2688 2827/3234/2806 2758/3159/2737
f 2582/2963/2561 2828/3235/2807 2850/3264/2830
f 2761/3162/2740 2722/3123/2701 2834/3243/2814
f 2693/3093/2672 2678/3077/2657 2836/3245/2816
f 2623/3011/2602 2851/3265/2831 2763/3164/2742
f 2804/3210/2783 2851/3265/2831 2623/3011/2602
f 2659/3054/2638 2783/3186/2762 2837/3246/2817
f 2783/3266/2762 2807/3267/2786 2852/3268/2832
f 2712/3113/2691 2748/3149/2727 2785/3189/2764
f 2786/3190/2765 2766/3167/2745 2853/3269/2833
f 2788/3192/2767 2750/3151/2729 2854/3270/2834
f 2749/3150/2728 2855/3271/2835 2681/3080/2660
f 2750/3151/2729 2789/3193/2768 2854/3270/2834
f 2750/3151/2729 2645/3037/2624 2789/3193/2768
f 2789/3193/2768 2627/3016/2606 2856/3272/2836
f 2790/3273/2769 2608/3274/2587 2810/3275/2789
f 2716/3117/2695 2715/3116/2694 2664/3059/2643
f 2814/3220/2793 2770/3171/2749 2857/3276/2837
f 2612/2999/2591 2857/3276/2837 2770/3171/2749
f 2858/3277/2838 2772/3173/2751 2753/3154/2732
f 2684/3083/2663 2859/3278/2839 2860/3279/2840
f 2717/3118/2696 2861/3280/2841 2647/3039/2626
f 2647/3039/2626 2861/3280/2841 2614/3001/2593
f 2754/3155/2733 2862/3281/2842 2613/3000/2592
f 2754/3155/2733 2702/3102/2681 2863/3282/2843
f 2861/3280/2841 2864/3283/2844 2614/3001/2593
f 2864/3283/2844 2816/3222/2795 2614/3001/2593
f 2702/3102/2681 2842/3284/2822 2865/3285/2845
f 2842/3284/2822 2795/3199/2774 2865/3285/2845
f 2817/3223/2796 2844/3257/2824 2651/3043/2630
f 2756/3157/2735 2796/3200/2775 2818/3224/2797
f 2819/3225/2798 2756/3157/2735 2818/3224/2797
f 2774/3175/2753 2844/3257/2824 2845/3258/2825
f 2686/3085/2665 2845/3258/2825 2797/3201/2776
f 2756/3176/2735 2652/3047/2631 2866/3286/2846
f 2652/3047/2631 2820/3227/2799 2866/3286/2846
f 2867/3287/2847 2820/3227/2799 2799/3226/2778
f 2775/3178/2754 2868/3288/2848 2736/3137/2715
f 2869/3289/2849 2823/3230/2802 2736/3137/2715
f 2822/3229/2801 2632/3021/2611 2824/3231/2803
f 2707/3108/2686 2870/3290/2850 2847/3261/2827
f 2707/3108/2686 2847/3261/2827 2801/3207/2780
f 2633/3022/2612 2847/3261/2827 2871/3291/2851
f 2737/3138/2716 2872/3292/2852 2848/3262/2828
f 2873/3293/2853 2738/3139/2717 2675/3074/2654
f 2803/3209/2782 2849/3263/2829 2690/3090/2669
f 2874/3294/2854 2676/3075/2655 2760/3161/2739
f 2581/2962/2560 2737/3138/2716 2848/3262/2828
f 2828/3235/2807 2740/3141/2719 2850/3264/2830
f 2850/3264/2830 2740/3141/2719 2582/2963/2561
f 2635/3024/2614 2741/3142/2720 2830/3237/2809
f 2763/3164/2742 2778/3181/2757 2762/3163/2741
f 2678/3077/2657 2805/3211/2784 2836/3245/2816
f 2588/2969/2567 2746/3147/2725 2764/3165/2743
f 2837/3246/2817 2875/3295/2855 2724/3125/2703
f 2807/3213/2786 2713/3114/2692 2787/3191/2766
f 2786/3190/2765 2853/3269/2833 2787/3191/2766
f 2714/3115/2693 2876/3296/2856 2749/3150/2728
f 2876/3296/2856 2855/3271/2835 2749/3150/2728
f 2681/3080/2660 2855/3271/2835 2768/3169/2747
f 2627/3016/2606 2810/3216/2789 2856/3272/2836
f 2768/3169/2747 2877/3297/2857 2726/3127/2705
f 2878/3298/2858 2751/3152/2730 2665/3060/2644
f 2629/3018/2608 2728/3129/2707 2879/3299/2859
f 2753/3154/2732 2860/3279/2840 2858/3277/2838
f 2753/3154/2732 2684/3083/2663 2860/3279/2840
f 2613/3000/2592 2862/3281/2842 2840/3251/2820
f 2754/3155/2733 2863/3282/2843 2862/3281/2842
f 2863/3282/2843 2702/3102/2681 2880/3300/2860
f 2732/3133/2711 2881/3301/2861 2704/3104/2683
f 2882/3302/2862 2817/3223/2796 2704/3104/2683
f 2844/3257/2824 2883/3303/2863 2845/3258/2825
f 2756/3157/2735 2884/3304/2864 2796/3200/2775
f 2756/3157/2735 2866/3305/2846 2884/3304/2864
f 2820/3227/2799 2885/3306/2865 2866/3286/2846
f 2735/3136/2714 2886/3307/2866 2799/3226/2778
f 2736/3137/2715 2868/3288/2848 2869/3289/2849
f 2800/3206/2779 2870/3290/2850 2707/3108/2686
f 2826/3233/2805 2873/3293/2853 2675/3074/2654
f 2739/3140/2718 2887/3308/2867 2888/3309/2868
f 2829/3236/2808 2741/3142/2720 2583/2964/2562
f 2676/3075/2655 2874/3294/2854 2744/3145/2723
f 2743/3144/2722 2744/3145/2723 2832/3241/2812
f 2722/3123/2701 2778/3181/2757 2889/3310/2869
f 2834/3243/2814 2890/3311/2870 2781/3184/2760
f 2834/3243/2814 2722/3123/2701 2891/3312/2871
f 2745/3146/2724 2779/3182/2758 2835/3244/2815
f 2780/3183/2759 2892/3313/2872 2779/3182/2758
f 2836/3245/2816 2892/3313/2872 2780/3183/2759
f 2723/3124/2702 2781/3184/2760 2893/3314/2873
f 2806/3212/2785 2723/3124/2702 2894/3315/2874
f 2694/3094/2673 2895/3316/2875 2746/3147/2725
f 2783/3248/2762 2852/3317/2832 2896/3318/2876
f 2748/3149/2727 2897/3319/2877 2785/3189/2764
f 2807/3213/2786 2896/3318/2876 2852/3317/2832
f 2787/3191/2766 2853/3269/2833 2898/3320/2878
f 2899/3321/2879 2809/3215/2788 2808/3214/2787
f 2853/3269/2833 2766/3167/2745 2767/3168/2746
f 2809/3215/2788 2876/3296/2856 2714/3115/2693
f 2768/3169/2747 2900/3322/2880 2901/3323/2881
f 2789/3193/2768 2856/3272/2836 2854/3270/2834
f 2810/3216/2789 2715/3116/2694 2902/3324/2882
f 2715/3116/2694 2716/3117/2695 2903/3325/2883
f 2629/3018/2608 2879/3299/2859 2727/3128/2706
f 2814/3220/2793 2904/3326/2884 2729/3130/2708
f 2793/3197/2772 2905/3327/2885 2794/3198/2773
f 2772/3173/2751 2858/3277/2838 2906/3328/2886
f 2703/3103/2682 2816/3222/2795 2841/3252/2821
f 2702/3102/2681 2865/3285/2845 2907/3329/2887
f 2795/3199/2774 2843/3256/2823 2865/3285/2845
f 2843/3256/2823 2755/3156/2734 2908/3330/2888
f 2796/3200/2775 2908/3330/2888 2755/3156/2734
f 2797/3201/2776 2909/3331/2889 2798/3259/2777
f 2869/3289/2849 2868/3288/2848 2823/3230/2802
f 2910/3332/2890 2822/3229/2801 2824/3231/2803
f 2718/3119/2697 2846/3260/2826 2824/3231/2803
f 2871/3291/2851 2911/3333/2891 2633/3022/2612
f 2633/3022/2612 2911/3333/2891 2737/3138/2716
f 2802/3208/2781 2848/3262/2828 2675/3074/2654
f 2738/3139/2717 2887/3308/2867 2739/3140/2718
f 2827/3234/2806 2912/3334/2892 2758/3159/2737
f 2758/3159/2737 2912/3334/2892 2828/3235/2807
f 2691/3091/2670 2832/3241/2812 2913/3335/2893
f 2722/3123/2701 2889/3310/2869 2914/3336/2894
f 2779/3182/2758 2915/3337/2895 2835/3244/2815
f 2746/3147/2725 2895/3316/2875 2916/3338/2896
f 2694/3094/2673 2917/3339/2897 2895/3316/2875
f 2724/3125/2703 2917/3339/2897 2694/3094/2673
f 2765/3166/2744 2918/3340/2898 2747/3148/2726
f 2747/3148/2726 2919/3341/2899 2782/3185/2761
f 2782/3342/2761 2920/3343/2900 2784/3188/2763
f 2783/3248/2762 2921/3344/2901 2837/3345/2817
f 2784/3188/2763 2897/3319/2877 2748/3149/2727
f 2783/3248/2762 2896/3318/2876 2921/3344/2901
f 2897/3319/2877 2922/3346/2902 2785/3189/2764
f 2807/3213/2786 2923/3347/2903 2896/3318/2876
f 2787/3191/2766 2923/3347/2903 2807/3213/2786
f 2853/3269/2833 2923/3347/2903 2898/3320/2878
f 2877/3297/2857 2924/3348/2904 2726/3127/2705
f 2726/3127/2705 2924/3348/2904 2791/3195/2770
f 2791/3195/2770 2878/3298/2858 2665/3060/2644
f 2716/3117/2695 2811/3217/2790 2903/3325/2883
f 2838/3249/2818 2727/3128/2706 2879/3299/2859
f 2728/3129/2707 2813/3219/2792 2904/3326/2884
f 2729/3130/2708 2904/3326/2884 2813/3219/2792
f 2857/3276/2837 2612/2999/2591 2925/3349/2905
f 2730/3131/2709 2839/3250/2819 2752/3153/2731
f 2793/3197/2772 2772/3173/2751 2926/3350/2906
f 2752/3153/2731 2927/3351/2907 2717/3118/2696
f 2862/3281/2842 2863/3282/2843 2928/3352/2908
f 2862/3281/2842 2928/3352/2908 2840/3251/2820
f 2863/3282/2843 2880/3300/2860 2928/3352/2908
f 2928/3352/2908 2880/3300/2860 2929/3353/2909
f 2702/3102/2681 2930/3354/2910 2880/3300/2860
f 2841/3252/2821 2732/3133/2711 2731/3132/2710
f 2704/3104/2683 2881/3301/2861 2882/3302/2862
f 2884/3304/2864 2866/3305/2846 2931/3355/2911
f 2845/3258/2825 2909/3331/2889 2797/3201/2776
f 2820/3227/2799 2867/3287/2847 2885/3306/2865
f 2775/3178/2754 2932/3356/2912 2868/3288/2848
f 2735/3136/2714 2822/3229/2801 2886/3307/2866
f 2777/3180/2756 2870/3290/2850 2800/3206/2779
f 2910/3332/2890 2824/3231/2803 2933/3357/2913
f 2675/3074/2654 2848/3262/2828 2825/3232/2804
f 2803/3209/2782 2739/3140/2718 2934/3358/2914
f 2634/3023/2613 2759/3160/2738 2829/3236/2808
f 2830/3237/2809 2874/3294/2854 2760/3161/2739
f 2835/3244/2815 2935/3359/2915 2804/3210/2783
f 2779/3182/2758 2892/3313/2872 2915/3337/2895
f 2805/3211/2784 2936/3360/2916 2836/3245/2816
f 2890/3311/2870 2893/3314/2873 2781/3184/2760
f 2723/3124/2702 2893/3314/2873 2894/3315/2874
f 2724/3125/2703 2875/3295/2855 2917/3339/2897
f 2747/3148/2726 2937/3361/2917 2919/3341/2899
f 2782/3185/2761 2919/3341/2899 2920/3362/2900
f 2898/3320/2878 2923/3347/2903 2787/3191/2766
f 2725/3126/2704 2938/3363/2918 2899/3321/2879
f 2725/3126/2704 2899/3321/2879 2808/3214/2787
f 2767/3168/2746 2788/3192/2767 2939/3364/2919
f 2788/3192/2767 2854/3270/2834 2939/3364/2919
f 2876/3296/2856 2940/3365/2920 2855/3271/2835
f 2768/3169/2747 2855/3271/2835 2900/3322/2880
f 2941/3366/2921 2812/3218/2791 2751/3152/2730
f 2812/3218/2791 2942/3367/2922 2839/3250/2819
f 2612/2999/2591 2794/3198/2773 2925/3349/2905
f 2905/3327/2885 2793/3197/2772 2943/3368/2923
f 2793/3197/2772 2906/3328/2886 2943/3368/2923
f 2793/3197/2772 2926/3350/2906 2906/3328/2886
f 2772/3173/2751 2906/3328/2886 2926/3350/2906
f 2717/3118/2696 2927/3351/2907 2861/3280/2841
f 2773/3174/2752 2944/3369/2924 2945/3370/2925
f 2773/3174/2752 2840/3251/2820 2944/3369/2924
f 2840/3251/2820 2928/3352/2908 2929/3353/2909
f 2864/3283/2844 2946/3371/2926 2816/3222/2795
f 2841/3252/2821 2881/3301/2861 2732/3133/2711
f 2843/3256/2823 2947/3372/2927 2865/3285/2845
f 2844/3257/2824 2817/3223/2796 2948/3373/2928
f 2796/3200/2775 2949/3374/2929 2908/3330/2888
f 2796/3200/2775 2884/3304/2864 2949/3374/2929
f 2844/3257/2824 2948/3373/2928 2883/3303/2863
f 2866/3305/2846 2885/3375/2865 2931/3355/2911
f 2775/3178/2754 2798/3202/2777 2950/3376/2930
f 2799/3226/2778 2886/3307/2866 2867/3287/2847
f 2775/3178/2754 2950/3376/2930 2932/3356/2912
f 2822/3229/2801 2910/3332/2890 2951/3377/2931
f 2824/3231/2803 2846/3260/2826 2933/3357/2913
f 2952/3378/2932 2953/3379/2933 2825/3232/2804
f 2953/3379/2933 2826/3233/2805 2825/3232/2804
f 2934/3358/2914 2887/3308/2867 2738/3139/2717
f 2888/3309/2868 2934/3358/2914 2739/3140/2718
f 2849/3263/2829 2827/3234/2806 2687/3087/2666
f 2912/3334/2892 2740/3141/2719 2828/3235/2807
f 2954/3380/2934 2955/3381/2935 2759/3160/2738
f 2955/3381/2935 2956/3382/2936 2759/3160/2738
f 2956/3382/2936 2829/3236/2808 2759/3160/2738
f 2720/3121/2699 2957/3383/2937 2958/3384/2938
f 2833/3242/2813 2957/3383/2937 2720/3121/2699
f 2720/3121/2699 2958/3384/2938 2846/3260/2826
f 2890/3311/2870 2834/3243/2814 2891/3312/2871
f 2722/3123/2701 2914/3336/2894 2891/3312/2871
f 2804/3210/2783 2935/3359/2915 2851/3265/2831
f 2890/3311/2870 2959/3385/2939 2893/3314/2873
f 2805/3211/2784 2764/3165/2743 2960/3386/2940
f 2746/3147/2725 2916/3338/2896 2764/3165/2743
f 2806/3212/2785 2894/3315/2874 2765/3166/2744
f 2747/3148/2726 2918/3340/2898 2937/3361/2917
f 2923/3347/2903 2961/3387/2941 2896/3318/2876
f 2785/3189/2764 2938/3363/2918 2725/3126/2704
f 2962/3388/2942 2938/3363/2918 2785/3189/2764
f 2899/3321/2879 2963/3389/2943 2809/3215/2788
f 2963/3389/2943 2964/3390/2944 2809/3215/2788
f 2854/3270/2834 2856/3272/2836 2965/3391/2945
f 2901/3323/2881 2877/3297/2857 2768/3169/2747
f 2715/3116/2694 2966/3392/2946 2902/3324/2882
f 2715/3116/2694 2903/3325/2883 2966/3392/2946
f 2924/3348/2904 2878/3298/2858 2791/3195/2770
f 2903/3325/2883 2811/3217/2790 2967/3393/2947
f 2968/3394/2948 2904/3326/2884 2814/3220/2793
f 2942/3367/2922 2812/3218/2791 2941/3366/2921
f 2942/3367/2922 2969/3395/2949 2839/3250/2819
f 2970/3396/2950 2752/3153/2731 2839/3250/2819
f 2905/3327/2885 2943/3368/2923 2906/3328/2886
f 2971/3397/2951 2861/3280/2841 2927/3351/2907
f 2684/3083/2663 2773/3174/2752 2945/3370/2925
f 2840/3251/2820 2972/3398/2952 2944/3369/2924
f 2971/3397/2951 2973/3399/2953 2861/3280/2841
f 2973/3399/2953 2864/3283/2844 2861/3280/2841
f 2929/3353/2909 2880/3300/2860 2930/3354/2910
f 2973/3399/2953 2946/3371/2926 2864/3283/2844
f 2930/3354/2910 2702/3102/2681 2907/3329/2887
f 2946/3371/2926 2841/3252/2821 2816/3222/2795
f 2883/3303/2863 2909/3331/2889 2845/3258/2825
f 2909/3331/2889 2950/3400/2930 2798/3259/2777
f 2974/3401/2954 2885/3306/2865 2867/3287/2847
f 2975/3402/2955 2867/3287/2847 2886/3307/2866
f 2976/3403/2956 2823/3230/2802 2977/3404/2957
f 2976/3403/2956 2777/3180/2756 2823/3230/2802
f 2957/3383/2937 2978/3405/2958 2958/3384/2938
f 2978/3405/2958 2846/3260/2826 2958/3384/2938
f 2952/3378/2932 2826/3233/2805 2953/3379/2933
f 2952/3378/2932 2979/3406/2959 2826/3233/2805
f 2873/3293/2853 2826/3233/2805 2979/3406/2959
f 2980/3407/2960 2873/3293/2853 2979/3406/2959
f 2981/3408/2961 2934/3358/2914 2738/3139/2717
f 2887/3308/2867 2934/3358/2914 2888/3309/2868
f 2982/3409/2962 2803/3209/2782 2934/3358/2914
f 2983/3410/2963 2912/3334/2892 2827/3234/2806
f 2984/3411/2964 2830/3237/2809 2741/3142/2720
f 2913/3335/2893 2832/3241/2812 2744/3145/2723
f 2913/3335/2893 2833/3242/2813 2691/3091/2670
f 2985/3412/2965 2890/3311/2870 2891/3312/2871
f 2986/3413/2966 2778/3181/2757 2987/3414/2967
f 2987/3414/2967 2778/3181/2757 2763/3164/2742
f 2987/3414/2967 2763/3164/2742 2851/3265/2831
f 2988/3415/2968 2851/3265/2831 2935/3359/2915
f 2959/3385/2939 2894/3315/2874 2893/3314/2873
f 2989/3416/2969 2895/3316/2875 2917/3339/2897
f 2990/3417/2970 2837/3345/2817 2921/3344/2901
f 2920/3343/2900 2897/3319/2877 2784/3188/2763
f 2920/3343/2900 2991/3418/2971 2897/3319/2877
f 2921/3344/2901 2896/3318/2876 2992/3419/2972
f 2991/3418/2971 2922/3346/2902 2897/3319/2877
f 2785/3189/2764 2922/3346/2902 2962/3388/2942
f 2964/3390/2944 2876/3296/2856 2809/3215/2788
f 2993/3420/2973 2854/3270/2834 2994/3421/2974
f 2856/3272/2836 2810/3216/2789 2995/3422/2975
f 2996/3423/2976 2810/3216/2789 2902/3324/2882
f 2838/3249/2818 2879/3299/2859 2997/3424/2977
f 2998/3425/2978 2879/3299/2859 2728/3129/2707
f 2814/3220/2793 2857/3276/2837 2968/3394/2948
f 2999/3426/2979 2857/3276/2837 2925/3349/2905
f 3000/3427/2980 2794/3198/2773 2905/3327/2885
f 2970/3396/2950 2839/3250/2819 2969/3395/2949
f 2860/3279/2840 2859/3278/2839 2945/3370/2925
f 2859/3278/2839 2684/3083/2663 2945/3370/2925
f 2908/3330/2888 2947/3372/2927 2843/3256/2823
f 2882/3302/2862 3001/3428/2981 2817/3223/2796
f 3001/3428/2981 3002/3429/2982 2817/3223/2796
f 3002/3429/2982 2948/3373/2928 2817/3223/2796
f 2884/3304/2864 2931/3355/2911 2949/3374/2929
f 2885/3375/2865 2974/3430/2954 3003/3431/2983
f 2974/3401/2954 2867/3287/2847 2975/3402/2955
f 2886/3307/2866 2974/3401/2954 2975/3402/2955
f 2950/3376/2930 2868/3288/2848 2932/3356/2912
f 3004/3432/2984 2951/3377/2931 2910/3332/2890
f 2976/3403/2956 2870/3290/2850 2777/3180/2756
f 3005/3433/2985 2933/3357/2913 2846/3260/2826
f 2737/3138/2716 2911/3333/2891 2872/3292/2852
f 2848/3262/2828 3006/3434/2986 2825/3232/2804
f 3007/3435/2987 3006/3434/2986 2848/3262/2828
f 2955/3381/2935 3008/3436/2988 2956/3382/2936
f 2829/3236/2808 2984/3411/2964 2741/3142/2720
f 2874/3294/2854 3009/3437/2989 2744/3145/2723
f 2913/3335/2893 3010/3438/2990 2833/3242/2813
f 3010/3438/2990 3011/3439/2991 2833/3242/2813
f 2954/3380/2934 2759/3160/2738 2740/3141/2719
f 2987/3414/2967 3012/3440/2992 2986/3413/2966
f 2778/3181/2757 2986/3413/2966 2889/3310/2869
f 2805/3211/2784 2960/3386/2940 2936/3360/2916
f 2764/3165/2743 2916/3338/2896 2960/3386/2940
f 3013/3441/2993 2895/3316/2875 2989/3416/2969
f 2916/3338/2896 2895/3316/2875 3013/3441/2993
f 2919/3442/2899 3014/3443/2994 2920/3343/2900
f 2875/3295/2855 2837/3246/2817 2990/3444/2970
f 2853/3269/2833 2767/3168/2746 3015/3445/2995
f 2767/3168/2746 2939/3364/2919 3015/3445/2995
f 2964/3390/2944 3016/3446/2996 2876/3296/2856
f 2876/3296/2856 3016/3446/2996 2940/3365/2920
f 3017/3447/2997 3018/3448/2998 2877/3297/2857
f 3018/3448/2998 2924/3348/2904 2877/3297/2857
f 3019/3449/2999 2811/3217/2790 3020/3450/3000
f 2811/3217/2790 2838/3249/2818 3020/3450/3000
f 2941/3366/2921 2751/3152/2730 2878/3298/2858
f 2997/3424/2977 2879/3299/2859 2998/3425/2978
f 2728/3129/2707 2904/3326/2884 2998/3425/2978
f 2857/3276/2837 2999/3426/2979 2968/3394/2948
f 2794/3198/2773 3021/3451/3001 2925/3349/2905
f 2794/3198/2773 3000/3427/2980 3021/3451/3001
f 2905/3327/2885 2906/3328/2886 3000/3427/2980
f 2970/3396/2950 3022/3452/3002 2752/3153/2731
f 3022/3452/3002 2927/3351/2907 2752/3153/2731
f 2858/3453/2838 2860/3454/2840 2906/3455/2886
f 2906/3328/2886 2860/3279/2840 3023/3456/3003
f 2840/3251/2820 2929/3353/2909 3024/3457/3004
f 2907/3329/2887 2865/3285/2845 3025/3458/3005
f 3026/3459/3006 2931/3355/2911 2885/3375/2865
f 2885/3375/2865 3003/3431/2983 3026/3459/3006
f 2950/3376/2930 3027/3460/3007 2868/3288/2848
f 3004/3432/2984 3028/3461/3008 2951/3377/2931
f 2951/3462/2931 3028/3463/3008 2822/3464/2801
f 2977/3404/2957 3029/3465/3009 2976/3403/2956
f 2933/3357/2913 3005/3433/2985 2910/3332/2890
f 3030/3466/3010 2871/3291/2851 2847/3261/2827
f 3010/3438/2990 3031/3467/3011 3011/3439/2991
f 3031/3467/3011 2833/3242/2813 3011/3439/2991
f 2872/3292/2852 3032/3468/3012 2848/3262/2828
f 3006/3434/2986 3007/3435/2987 2825/3232/2804
f 2979/3406/2959 3007/3435/2987 2980/3407/2960
f 2873/3293/2853 3033/3469/3013 2738/3139/2717
f 2738/3139/2717 3033/3469/3013 2981/3408/2961
f 2849/3263/2829 2803/3209/2782 3034/3470/3014
f 2983/3410/2963 2827/3234/2806 3035/3471/3015
f 2983/3410/2963 3036/3472/3016 2912/3334/2892
f 2740/3141/2719 3037/3473/3017 2954/3380/2934
f 2984/3411/2964 2874/3294/2854 2830/3237/2809
f 2874/3294/2854 3038/3474/3018 3009/3437/2989
f 2744/3145/2723 3009/3437/2989 2913/3335/2893
f 2890/3311/2870 2985/3412/2965 2959/3385/2939
f 2892/3313/2872 3039/3475/3019 2915/3337/2895
f 2892/3313/2872 2836/3245/2816 3040/3476/3020
f 2836/3245/2816 2936/3360/2916 3040/3476/3020
f 3041/3477/3021 2894/3315/2874 2959/3385/2939
f 2916/3338/2896 3013/3441/2993 2960/3386/2940
f 2918/3340/2898 2765/3166/2744 3042/3478/3022
f 2765/3166/2744 2894/3315/2874 3042/3478/3022
f 2918/3340/2898 3042/3478/3022 2937/3361/2917
f 2917/3339/2897 3043/3479/3023 2989/3416/2969
f 2917/3339/2897 2875/3295/2855 3043/3479/3023
f 2937/3480/2917 3014/3443/2994 2919/3442/2899
f 3014/3443/2994 2991/3418/2971 2920/3343/2900
f 2991/3418/2971 3044/3481/3024 2922/3346/2902
f 2922/3346/2902 3044/3481/3024 2962/3388/2942
f 2961/3387/2941 3045/3482/3025 2896/3318/2876
f 2923/3347/2903 2853/3269/2833 2961/3387/2941
f 2938/3363/2918 2963/3389/2943 2899/3321/2879
f 2854/3270/2834 2993/3420/2973 2939/3364/2919
f 2940/3365/2920 2900/3322/2880 2855/3271/2835
f 2854/3270/2834 3046/3483/3026 2994/3421/2974
f 2854/3270/2834 2965/3391/2945 3046/3483/3026
f 2900/3322/2880 3017/3447/2997 2901/3323/2881
f 2924/3348/2904 3047/3484/3027 2878/3298/2858
f 3019/3449/2999 2967/3393/2947 2811/3217/2790
f 2968/3394/2948 3048/3485/3028 3049/3486/3029
f 2925/3349/2905 3021/3451/3001 2999/3426/2979
f 2860/3279/2840 3050/3487/3030 3023/3456/3003
f 2971/3397/2951 3051/3488/3031 2973/3399/2953
f 2946/3371/2926 3052/3489/3032 2841/3252/2821
f 2841/3252/2821 3052/3489/3032 3053/3490/3033
f 2841/3252/2821 3053/3490/3033 2881/3301/2861
f 2908/3330/2888 2949/3374/2929 3054/3491/3034
f 2883/3303/2863 3055/3492/3035 2909/3331/2889
f 2909/3331/2889 3055/3492/3035 3056/3493/3036
f 2950/3400/2930 3057/3494/3037 3027/3495/3007
f 3028/3461/3008 3058/3496/3038 2822/3229/2801
f 3029/3465/3009 2823/3230/2802 2868/3288/2848
f 2910/3332/2890 3028/3461/3008 3004/3432/2984
f 3030/3466/3010 3059/3497/3039 2871/3291/2851
f 2957/3383/2937 2846/3260/2826 2978/3405/2958
f 2825/3232/2804 3007/3435/2987 2952/3378/2932
f 2952/3378/2932 3007/3435/2987 2979/3406/2959
f 2934/3358/2914 3034/3470/3014 2982/3409/2962
f 2803/3209/2782 2982/3409/2962 3034/3470/3014
f 2849/3263/2829 3034/3470/3014 3060/3498/3040
f 2827/3234/2806 2849/3263/2829 3061/3499/3041
f 3061/3499/3041 2849/3263/2829 3062/3500/3042
f 3061/3499/3041 3062/3500/3042 2827/3234/2806
f 2827/3234/2806 3063/3501/3043 3035/3471/3015
f 3035/3471/3015 3063/3501/3043 2983/3410/2963
f 2983/3410/2963 3063/3501/3043 3036/3472/3016
f 2740/3141/2719 2912/3334/2892 3036/3472/3016
f 2740/3141/2719 3036/3472/3016 3037/3473/3017
f 3010/3438/2990 3064/3502/3044 3031/3467/3011
f 2987/3414/2967 2851/3265/2831 3012/3440/2992
f 3012/3440/2992 2851/3265/2831 2988/3415/2968
f 2892/3313/2872 3065/3503/3045 3066/3504/3046
f 2960/3386/2940 3067/3505/3047 2936/3360/2916
f 2889/3310/2869 2986/3413/2966 3068/3506/3048
f 2875/3295/2855 2990/3444/2970 3043/3479/3023
f 2990/3417/2970 2921/3344/2901 2992/3419/2972
f 2896/3318/2876 3045/3482/3025 2992/3419/2972
f 3045/3482/3025 2961/3387/2941 3069/3507/3049
f 2940/3365/2920 3016/3446/2996 2900/3322/2880
f 3016/3446/2996 3017/3447/2997 2900/3322/2880
f 2901/3323/2881 3017/3447/2997 2877/3297/2857
f 2810/3216/2789 3070/3508/3050 2995/3422/2975
f 2810/3216/2789 2996/3423/2976 3070/3508/3050
f 2966/3392/2946 2903/3325/2883 3071/3509/3051
f 3071/3509/3051 2903/3325/2883 2967/3393/2947
f 3020/3450/3000 2967/3393/2947 3019/3449/2999
f 2906/3328/2886 3072/3510/3052 3000/3427/2980
f 2860/3279/2840 2945/3370/2925 3050/3487/3030
f 2944/3369/2924 3073/3511/3053 3074/3512/3054
f 2972/3398/2952 3024/3457/3004 2944/3369/2924
f 2972/3398/2952 2840/3251/2820 3024/3457/3004
f 2929/3353/2909 3075/3513/3055 3024/3457/3004
f 2929/3353/2909 2930/3354/2910 3075/3513/3055
f 2973/3399/2953 3076/3514/3056 2946/3371/2926
f 3025/3458/3005 2865/3285/2845 2947/3372/2927
f 2881/3301/2861 3077/3515/3057 2882/3302/2862
f 2882/3302/2862 3077/3515/3057 3001/3428/2981
f 3001/3428/2981 3078/3516/3058 3002/3429/2982
f 2948/3373/2928 3079/3517/3059 2883/3303/2863
f 2931/3355/2911 3026/3459/3006 2949/3374/2929
f 2909/3331/2889 3057/3494/3037 2950/3400/2930
f 2822/3229/2801 3080/3518/3060 2886/3307/2866
f 2868/3288/2848 3027/3460/3007 3029/3465/3009
f 3058/3496/3038 3080/3518/3060 2822/3229/2801
f 3029/3465/3009 2977/3404/2957 2823/3230/2802
f 2870/3290/2850 2976/3403/2956 3081/3519/3061
f 2957/3383/2937 3082/3520/3062 2846/3260/2826
f 3083/3521/3063 3084/3522/3064 2871/3291/2851
f 3031/3467/3011 3064/3502/3044 2833/3242/2813
f 3007/3435/2987 2848/3262/2828 3085/3523/3065
f 2873/3293/2853 2980/3407/2960 3033/3469/3013
f 2981/3408/2961 3086/3524/3066 2934/3358/2914
f 2827/3234/2806 3062/3500/3042 3063/3501/3043
f 2954/3380/2934 3037/3473/3017 2955/3381/2935
f 2956/3382/2936 3087/3525/3067 2829/3236/2808
f 2829/3236/2808 3087/3525/3067 3088/3526/3068
f 2829/3236/2808 3089/3527/3069 2984/3411/2964
f 3090/3528/3070 3091/3529/3071 2874/3294/2854
f 2874/3294/2854 3091/3529/3071 3038/3474/3018
f 3009/3437/2989 3092/3530/3072 2913/3335/2893
f 2913/3335/2893 3093/3531/3073 3010/3438/2990
f 3040/3476/3020 2936/3360/2916 3067/3505/3047
f 2891/3312/2871 3094/3532/3074 2985/3412/2965
f 2915/3337/2895 3095/3533/3075 2835/3244/2815
f 2892/3313/2872 3066/3504/3046 3096/3534/3076
f 2894/3315/2874 3041/3477/3021 3042/3478/3022
f 2990/3417/2970 2992/3419/2972 3097/3535/3077
f 2991/3418/2971 3014/3443/2994 3098/3536/3078
f 2992/3419/2972 3045/3482/3025 3097/3535/3077
f 2962/3388/2942 3099/3537/3079 2938/3363/2918
f 2961/3387/2941 2853/3269/2833 3069/3507/3049
f 2963/3389/2943 2938/3363/2918 3099/3537/3079
f 3100/3538/3080 3016/3446/2996 2964/3390/2944
f 2994/3421/2974 3046/3483/3026 3101/3539/3081
f 3046/3483/3026 2965/3391/2945 3101/3539/3081
f 2965/3391/2945 3102/3540/3082 3101/3539/3081
f 2902/3324/2882 2966/3392/2946 2996/3423/2976
f 2838/3249/2818 2997/3424/2977 3020/3450/3000
f 3103/3541/3083 2904/3326/2884 2968/3394/2948
f 3048/3485/3028 2968/3394/2948 3104/3542/3084
f 2968/3394/2948 2999/3426/2979 3105/3543/3085
f 2942/3367/2922 3106/3544/3086 2969/3395/2949
f 3021/3451/3001 3000/3427/2980 3107/3545/3087
f 3072/3510/3052 2906/3328/2886 3108/3546/3088
f 3109/3547/3089 2971/3397/2951 2927/3351/2907
f 2944/3369/2924 3074/3512/3054 2945/3370/2925
f 2946/3371/2926 3076/3514/3056 3052/3489/3032
f 2907/3329/2887 3025/3458/3005 3110/3548/3090
f 2947/3372/2927 3111/3549/3091 3025/3458/3005
f 3002/3429/2982 3078/3516/3058 2948/3373/2928
f 2948/3373/2928 3078/3516/3058 3079/3517/3059
f 2949/3374/2929 3026/3459/3006 3112/3550/3092
f 2883/3303/2863 3079/3517/3059 3055/3492/3035
f 3026/3459/3006 3003/3431/2983 3113/3551/3093
f 2886/3307/2866 3114/3552/3094 2974/3401/2954
f 2886/3307/2866 3080/3518/3060 3114/3552/3094
f 3115/3553/3095 3116/3554/3096 3058/3555/3097
f 2846/3260/2826 3082/3520/3062 3005/3433/2985
f 2870/3290/2850 3059/3497/3039 2847/3261/2827
f 2847/3261/2827 3059/3497/3039 3030/3466/3010
f 3059/3497/3039 3083/3521/3063 2871/3291/2851
f 3084/3522/3064 2911/3333/2891 2871/3291/2851
f 3007/3435/2987 3117/3556/3098 2980/3407/2960
f 2957/3383/2937 2833/3242/2813 3064/3502/3044
f 2891/3312/2871 2914/3336/2894 3094/3532/3074
f 2914/3336/2894 2889/3310/2869 3094/3532/3074
f 2988/3415/2968 2935/3359/2915 3118/3557/3099
f 2892/3313/2872 3040/3476/3020 3119/3558/3100
f 2889/3310/2869 3068/3506/3048 3094/3532/3074
f 2835/3244/2815 3120/3559/3101 2935/3359/2915
f 2835/3244/2815 3095/3533/3075 3120/3559/3101
f 2892/3313/2872 3096/3534/3076 3039/3475/3019
f 3013/3441/2993 2989/3416/2969 3121/3560/3102
f 2989/3416/2969 3043/3479/3023 3121/3560/3102
f 2990/3417/2970 3097/3535/3077 3122/3561/3103
f 3044/3481/3024 3123/3562/3104 2962/3388/2942
f 2962/3388/2942 3123/3562/3104 3099/3537/3079
f 3069/3507/3049 2853/3269/2833 3124/3563/3105
f 2853/3269/2833 3015/3445/2995 3124/3563/3105
f 3015/3445/2995 2939/3364/2919 3125/3564/3106
f 2939/3364/2919 2993/3420/2973 3125/3564/3106
f 3126/3565/3107 3100/3538/3080 2964/3390/2944
f 2963/3389/2943 3126/3565/3107 2964/3390/2944
f 2993/3420/2973 3127/3566/3108 3125/3564/3106
f 2993/3420/2973 2994/3421/2974 3101/3539/3081
f 2965/3391/2945 2856/3272/2836 2995/3422/2975
f 3018/3448/2998 3128/3567/3109 2924/3348/2904
f 2966/3392/2946 3071/3509/3051 3129/3568/3110
f 2997/3424/2977 2998/3425/2978 3130/3569/3111
f 2904/3326/2884 3103/3541/3083 2998/3425/2978
f 2968/3394/2948 3049/3486/3029 3103/3541/3083
f 3049/3486/3029 3131/3570/3112 3132/3571/3113
f 3132/3571/3113 3131/3570/3112 3048/3485/3028
f 3049/3486/3029 3048/3485/3028 3131/3570/3112
f 2941/3366/2921 3106/3544/3086 2942/3367/2922
f 3105/3543/3085 2999/3426/2979 3133/3572/3114
f 2999/3426/2979 3021/3451/3001 3133/3572/3114
f 2969/3395/2949 3134/3573/3115 2970/3396/2950
f 3022/3452/3002 3109/3547/3089 2927/3351/2907
f 2906/3328/2886 3023/3456/3003 3108/3546/3088
f 3051/3488/3031 3076/3514/3056 2973/3399/2953
f 2930/3354/2910 2907/3329/2887 3075/3513/3055
f 3053/3490/3033 3135/3574/3116 2881/3301/2861
f 3135/3574/3116 3077/3515/3057 2881/3301/2861
f 2908/3330/2888 3054/3491/3034 2947/3372/2927
f 3077/3515/3057 3078/3516/3058 3001/3428/2981
f 3056/3493/3036 3136/3575/3117 2909/3331/2889
f 3113/3551/3093 3137/3576/3118 3138/3577/3119
f 3026/3459/3006 3113/3551/3093 3138/3577/3119
f 3136/3575/3117 3057/3494/3037 2909/3331/2889
f 3003/3431/2983 3137/3576/3118 3113/3551/3093
f 3003/3431/2983 3139/3578/3120 3140/3579/3121
f 3057/3494/3037 3141/3580/3122 3027/3495/3007
f 3003/3431/2983 2974/3430/2954 3139/3578/3120
f 3116/3581/3096 3142/3582/3123 3058/3496/3097
f 3115/3583/3095 3142/3582/3123 3116/3581/3096
f 3081/3519/3061 2976/3403/2956 3029/3465/3009
f 3028/3461/3008 2910/3332/2890 3142/3582/3124
f 3082/3520/3062 3143/3584/3125 3005/3433/2985
f 3005/3433/2985 3143/3584/3125 2910/3332/2890
f 3032/3468/3012 3085/3523/3065 2848/3262/2828
f 3033/3469/3013 3086/3524/3066 2981/3408/2961
f 3144/3585/3126 3087/3525/3067 2956/3382/2936
f 3087/3525/3067 3145/3586/3127 3088/3526/3068
f 3088/3526/3068 3089/3527/3069 2829/3236/2808
f 2874/3294/2854 2984/3411/2964 3146/3587/3128
f 2874/3294/2854 3146/3587/3128 3090/3528/3070
f 3010/3438/2990 3093/3531/3073 3064/3502/3044
f 3119/3558/3100 3065/3503/3045 2892/3313/2872
f 3040/3476/3020 3067/3505/3047 3119/3558/3100
f 3041/3477/3021 2959/3385/2939 3147/3588/3129
f 2959/3385/2939 2985/3412/2965 3148/3589/3130
f 2935/3359/2915 3120/3559/3101 3118/3557/3099
f 2915/3337/2895 3039/3475/3019 3095/3533/3075
f 2960/3386/2940 3149/3590/3131 3067/3505/3047
f 2960/3386/2940 3013/3441/2993 3149/3590/3131
f 3042/3591/3022 3150/3592/3132 2937/3593/2917
f 2937/3594/2917 3150/3595/3132 3014/3596/2994
f 3045/3482/3025 3151/3597/3133 3097/3535/3077
f 3069/3507/3049 3151/3597/3133 3045/3482/3025
f 3069/3507/3049 3152/3598/3134 3151/3597/3133
f 3069/3507/3049 3124/3563/3105 3152/3598/3134
f 3015/3445/2995 3153/3599/3135 3124/3563/3105
f 3153/3599/3135 3015/3445/2995 3125/3564/3106
f 3154/3600/3136 2966/3392/2946 3129/3568/3110
f 3047/3484/3027 3155/3601/3137 2878/3298/2858
f 2967/3393/2947 3156/3602/3138 3157/3603/3139
f 2878/3298/2858 3158/3604/3140 2941/3366/2921
f 2967/3393/2947 3020/3450/3000 3159/3605/3141
f 3158/3604/3140 3160/3606/3142 2941/3366/2921
f 2997/3424/2977 3130/3569/3111 3020/3450/3000
f 3103/3541/3083 3049/3486/3029 3132/3571/3113
f 3048/3485/3028 3161/3607/3143 3132/3571/3113
f 3048/3485/3028 3104/3542/3084 3161/3607/3143
f 2968/3394/2948 3105/3543/3085 3104/3542/3084
f 3133/3572/3114 3021/3451/3001 3107/3545/3087
f 3106/3544/3086 3134/3573/3115 2969/3395/2949
f 2945/3370/2925 3074/3512/3054 3050/3487/3030
f 2907/3329/2887 3110/3548/3090 3075/3513/3055
f 3052/3489/3032 3162/3608/3144 3135/3574/3116
f 3111/3549/3091 3163/3609/3145 3025/3458/3005
f 3052/3489/3032 3135/3574/3116 3053/3490/3033
f 3078/3516/3058 3077/3515/3057 3164/3610/3146
f 3078/3516/3058 3165/3611/3147 3079/3517/3059
f 3079/3517/3059 3056/3493/3036 3055/3492/3035
f 3026/3459/3006 3138/3577/3119 3112/3550/3092
f 3137/3612/3118 3166/3613/3148 3138/3614/3119
f 3003/3431/2983 3167/3615/3149 3137/3576/3118
f 3003/3616/2983 3140/1428/3121 3167/3617/3149
f 2974/3618/2954 3140/3619/3121 3139/3620/3120
f 3114/3621/3094 3140/3579/3121 2974/3430/2954
f 3027/3460/3007 3168/3622/3150 3029/3465/3009
f 3080/3518/3060 3058/3496/3038 3169/3623/3151
f 3058/3496/3038 3142/3582/3124 3169/3623/3151
f 3142/3624/3123 3115/3553/3095 3058/3555/3097
f 3170/3625/3152 3081/3519/3061 3029/3465/3009
f 3142/3582/3124 2910/3332/2890 3143/3584/3125
f 3081/3519/3061 3059/3497/3039 2870/3290/2850
f 2911/3333/2891 3171/3626/3153 2872/3292/2852
f 3117/3556/3098 3033/3469/3013 2980/3407/2960
f 3172/3627/3154 3086/3524/3066 3033/3469/3013
f 3036/3472/3016 3063/3501/3043 3062/3500/3042
f 3036/3472/3016 3173/3628/3155 3037/3473/3017
f 3174/3629/3156 3008/3436/2988 2955/3381/2935
f 3175/3630/3157 3091/3529/3071 3090/3528/3070
f 3092/3530/3072 3009/3437/2989 3038/3474/3018
f 3119/3558/3100 3066/3504/3046 3065/3503/3045
f 3094/3532/3074 3148/3589/3130 2985/3412/2965
f 3068/3506/3048 2986/3413/2966 3176/3631/3158
f 3147/3588/3129 2959/3385/2939 3148/3589/3130
f 3147/3588/3129 3042/3478/3022 3041/3477/3021
f 3147/3588/3129 3177/3632/3159 3042/3478/3022
f 3121/3560/3102 3043/3479/3023 3178/3633/3160
f 3122/3561/3103 3043/3634/3023 2990/3417/2970
f 3179/3635/3161 3098/3536/3078 3014/3443/2994
f 3098/3536/3078 3180/3636/3162 2991/3418/2971
f 3180/3636/3162 3044/3481/3024 2991/3418/2971
f 3097/3535/3077 3151/3597/3133 3181/3637/3163
f 3180/3636/3162 3123/3562/3104 3044/3481/3024
f 3126/3565/3107 2963/3389/2943 3099/3537/3079
f 3102/3540/3082 2965/3391/2945 2995/3422/2975
f 3070/3508/3050 2996/3423/2976 3182/3638/3164
f 3018/3448/2998 3183/3639/3165 3128/3567/3109
f 2966/3392/2946 3184/3640/3166 2996/3423/2976
f 3184/3640/3166 2966/3392/2946 3154/3600/3136
f 2967/3393/2947 3157/3603/3139 3185/3641/3167
f 2878/3298/2858 3155/3601/3137 3158/3604/3140
f 3159/3605/3141 3156/3602/3138 2967/3393/2947
f 3186/3642/3168 2998/3425/2978 3103/3541/3083
f 3106/3544/3086 2941/3366/2921 3160/3606/3142
f 3103/3541/3083 3132/3571/3113 3161/3607/3143
f 2970/3396/2950 3187/3643/3169 3022/3452/3002
f 3187/3643/3169 3109/3547/3089 3022/3452/3002
f 3188/3644/3170 3073/3645/3053 2944/3646/2924
f 3188/3647/3170 2944/3369/2924 3024/3457/3004
f 3162/3608/3144 3052/3489/3032 3076/3514/3056
f 3110/3548/3090 3025/3458/3005 3163/3609/3145
f 3111/3549/3091 2947/3372/2927 3054/3491/3034
f 3164/3610/3146 3165/3611/3147 3078/3516/3058
f 3054/3491/3034 2949/3374/2929 3112/3550/3092
f 3167/3615/3149 3189/3648/3171 3137/3576/3118
f 3141/3580/3122 3168/3649/3150 3027/3495/3007
f 3140/3579/3121 3114/3621/3094 3080/3650/3060
f 3170/3625/3152 3029/3465/3009 3168/3622/3150
f 3142/3582/3124 3058/3496/3038 3028/3461/3008
f 3081/3519/3061 3190/3651/3172 3059/3497/3039
f 3191/3652/3173 3143/3584/3125 3082/3520/3062
f 3192/3653/3174 2957/3383/2937 3064/3502/3044
f 3192/3653/3174 3082/3520/3062 2957/3383/2937
f 3171/3626/3153 2911/3333/2891 3084/3522/3064
f 3171/3626/3153 3032/3468/3012 2872/3292/2852
f 3086/3524/3066 3034/3470/3014 2934/3358/2914
f 3193/3654/3175 3062/3500/3042 3194/3655/3176
f 3195/3656/3177 2956/3382/2936 3008/3436/2988
f 2956/3382/2936 3195/3656/3177 3144/3585/3126
f 2913/3335/2893 3196/3657/3178 3093/3531/3073
f 2913/3335/2893 3092/3530/3072 3196/3657/3178
f 3093/3531/3073 3196/3657/3178 3197/3658/3179
f 3197/3658/3179 3064/3502/3044 3093/3531/3073
f 3094/3532/3074 3068/3506/3048 3198/3659/3180
f 3012/3440/2992 3199/3660/3181 2986/3413/2966
f 3012/3440/2992 2988/3415/2968 3200/3661/3182
f 2988/3415/2968 3118/3557/3099 3200/3661/3182
f 3013/3441/2993 3121/3560/3102 3149/3590/3131
f 3178/3633/3160 3201/3662/3183 3121/3560/3102
f 3150/3663/3132 3179/3635/3161 3014/3443/2994
f 3125/3564/3106 3202/3664/3184 3153/3599/3135
f 3100/3538/3080 3203/3665/3185 3016/3446/2996
f 2993/3420/2973 3101/3539/3081 3127/3566/3108
f 3204/3666/3186 3018/3448/2998 3017/3447/2997
f 2996/3423/2976 3184/3640/3166 3182/3638/3164
f 3071/3509/3051 2967/3393/2947 3185/3641/3167
f 3185/3641/3167 3157/3603/3139 3156/3602/3138
f 3130/3569/3111 3205/3667/3187 3020/3450/3000
f 3187/3643/3169 2970/3396/2950 3134/3573/3115
f 3023/3456/3003 3050/3487/3030 3074/3512/3054
f 3109/3547/3089 3051/3488/3031 2971/3397/2951
f 3206/3668/3188 3024/3457/3004 3075/3513/3055
f 3165/3611/3147 3056/3493/3036 3079/3517/3059
f 3112/3550/3092 3138/3577/3119 3207/3669/3189
f 3208/3670/3190 3209/3671/3191 3056/3493/3036
f 3138/3577/3119 3166/3672/3148 3207/3669/3189
f 3209/3671/3191 3136/3575/3117 3056/3493/3036
f 3166/3672/3148 3137/3576/3118 3189/3648/3171
f 3209/3671/3191 3057/3494/3037 3136/3575/3117
f 3209/3671/3191 3141/3580/3122 3057/3494/3037
f 3189/3648/3171 3167/3615/3149 3140/3579/3121
f 3210/3673/3192 3170/3674/3152 3168/3649/3150
f 3140/3579/3121 3080/3650/3060 3169/3675/3151
f 3059/3497/3039 3211/3676/3193 3083/3521/3063
f 3211/3676/3193 3084/3522/3064 3083/3521/3063
f 3060/3498/3040 3212/3677/3194 2849/3263/2829
f 2849/3263/2829 3212/3677/3194 3062/3500/3042
f 3062/3500/3042 3193/3654/3175 3036/3472/3016
f 3037/3473/3017 3174/3629/3156 2955/3381/2935
f 3195/3656/3177 3087/3525/3067 3144/3585/3126
f 3146/3587/3128 3213/3678/3195 3090/3528/3070
f 3007/3435/2987 3085/3523/3065 3117/3556/3098
f 3068/3506/3048 3214/3679/3196 3198/3659/3180
f 3012/3440/2992 3200/3661/3182 3199/3660/3181
f 3119/3558/3100 3215/3680/3197 3066/3504/3046
f 3149/3590/3131 3216/3681/3198 3067/3505/3047
f 3148/3589/3130 3217/3682/3199 3147/3588/3129
f 3147/3588/3129 3218/3683/3200 3177/3632/3159
f 3178/3684/3160 3219/3685/3201 3201/3686/3183
f 3178/3684/3160 3043/3634/3023 3219/3685/3201
f 3043/3634/3023 3122/3561/3103 3219/3685/3201
f 3150/3663/3132 3220/3687/3202 3179/3635/3161
f 3097/3535/3077 3221/3688/3203 3122/3561/3103
f 3098/3536/3078 3222/3689/3204 3180/3636/3162
f 3097/3535/3077 3181/3637/3163 3221/3688/3203
f 3180/3636/3162 3223/3690/3205 3123/3562/3104
f 3123/3562/3104 3223/3690/3205 3099/3537/3079
f 3124/3563/3105 3153/3599/3135 3152/3598/3134
f 3016/3446/2996 3224/3691/3206 3017/3447/2997
f 2995/3422/2975 3225/3692/3207 3102/3540/3082
f 2924/3348/2904 3128/3567/3109 3047/3484/3027
f 3105/3543/3085 3226/3693/3208 3104/3542/3084
f 3227/3694/3209 3134/3573/3115 3106/3544/3086
f 3105/3543/3085 3133/3572/3114 3228/3695/3210
f 3107/3545/3087 3228/3695/3210 3133/3572/3114
f 3108/3546/3088 3023/3456/3003 3072/3510/3052
f 3109/3547/3089 3229/3696/3211 3230/3697/3212
f 3023/3456/3003 3074/3512/3054 3231/3698/3213
f 3024/3457/3004 3206/3668/3188 3232/3699/3214
f 3051/3488/3031 3233/3700/3215 3076/3514/3056
f 3233/3700/3215 3162/3608/3144 3076/3514/3056
f 3162/3608/3144 3234/3701/3216 3135/3574/3116
f 3135/3574/3116 3235/3702/3217 3077/3515/3057
f 3077/3515/3057 3235/3702/3217 3164/3610/3146
f 3054/3491/3034 3112/3550/3092 3236/3703/3218
f 3112/3550/3092 3207/3669/3189 3236/3703/3218
f 3056/3493/3036 3165/3611/3147 3208/3670/3190
f 3166/3672/3148 3189/3648/3171 3207/3669/3189
f 3237/3704/3219 3210/3673/3192 3168/3649/3150
f 3170/3625/3152 3238/3705/3220 3081/3519/3061
f 3239/3706/3221 3142/3582/3124 3143/3584/3125
f 3240/3707/3222 3190/3651/3172 3081/3519/3061
f 3059/3497/3039 3190/3651/3172 3241/3708/3223
f 3117/3556/3098 3242/3709/3224 3033/3469/3013
f 3033/3469/3013 3242/3709/3224 3172/3627/3154
f 3034/3470/3014 3212/3677/3194 3060/3498/3040
f 3212/3677/3194 3194/3655/3176 3062/3500/3042
f 3174/3629/3156 3195/3656/3177 3008/3436/2988
f 3195/3656/3177 3145/3586/3127 3087/3525/3067
f 3243/3710/3225 3089/3527/3069 3088/3526/3068
f 3064/3502/3044 3197/3658/3179 3192/3653/3174
f 3067/3505/3047 3216/3681/3198 3215/3680/3197
f 3094/3532/3074 3244/3711/3226 3148/3589/3130
f 3094/3532/3074 3198/3659/3180 3244/3711/3226
f 3039/3475/3019 3096/3534/3076 3245/3712/3227
f 3067/3505/3047 3215/3680/3197 3119/3558/3100
f 3149/3590/3131 3121/3560/3102 3246/3713/3228
f 3121/3560/3102 3201/3662/3183 3246/3713/3228
f 3042/3478/3022 3247/3714/3229 3150/3715/3132
f 3042/3478/3022 3177/3632/3159 3247/3714/3229
f 3219/2195/3201 3248/3716/3230 3201/3717/3183
f 3122/3561/3103 3221/3688/3203 3219/3685/3201
f 3098/3536/3078 3179/3635/3161 3222/3689/3204
f 3181/3637/3163 3151/3597/3133 3152/3598/3134
f 3099/3537/3079 3223/3690/3205 3126/3565/3107
f 3152/3598/3134 3153/3599/3135 3202/3664/3184
f 3125/3564/3106 3127/3566/3108 3202/3664/3184
f 3126/3565/3107 3249/3718/3231 3100/3538/3080
f 3101/3539/3081 3102/3540/3082 3127/3566/3108
f 3203/3665/3185 3224/3691/3206 3016/3446/2996
f 3204/3666/3186 3183/3639/3165 3018/3448/2998
f 3250/3719/3232 3070/3508/3050 3182/3638/3164
f 3071/3509/3051 3154/3600/3136 3129/3568/3110
f 3071/3509/3051 3185/3641/3167 3154/3600/3136
f 3159/3605/3141 3020/3450/3000 3205/3667/3187
f 3251/3720/3233 2998/3425/2978 3186/3642/3168
f 3186/3642/3168 3103/3541/3083 3161/3607/3143
f 3105/3543/3085 3228/3695/3210 3252/3721/3234
f 3107/3545/3087 3000/3427/2980 3228/3695/3210
f 3000/3427/2980 3253/3722/3235 3228/3695/3210
f 3024/3457/3004 3232/3699/3214 3188/3647/3170
f 3164/3610/3146 3235/3702/3217 3254/3723/3236
f 3054/3491/3034 3236/3703/3218 3255/3724/3237
f 3256/3725/3238 3209/3671/3191 3208/3670/3190
f 3189/3648/3171 3257/3726/3239 3207/3669/3189
f 3140/3579/3121 3258/3727/3240 3257/3726/3239
f 3189/3648/3171 3140/3579/3121 3257/3726/3239
f 3169/3675/3151 3259/3728/3241 3140/3579/3121
f 3142/3582/3124 3239/3706/3221 3169/3623/3151
f 3081/3519/3061 3238/3705/3220 3260/3729/3242
f 3260/3729/3242 3240/3707/3222 3081/3519/3061
f 3143/3584/3125 3191/3652/3173 3239/3706/3221
f 3190/3651/3172 3240/3707/3222 3241/3708/3223
f 3085/3523/3065 3032/3468/3012 3117/3556/3098
f 3212/3677/3194 3193/3654/3175 3194/3655/3176
f 3261/3730/3243 3174/3629/3156 3037/3473/3017
f 2984/3411/2964 3089/3527/3069 3262/3731/3244
f 3263/3732/3245 3146/3587/3128 2984/3411/2964
f 3146/3587/3128 3264/3733/3246 3213/3678/3195
f 3175/3630/3157 3265/3734/3247 3266/3735/3248
f 3175/3630/3157 3266/3735/3248 3091/3529/3071
f 3068/3506/3048 3267/3736/3249 3214/3679/3196
f 3147/3588/3129 3217/3682/3199 3218/3683/3200
f 3120/3559/3101 3200/3661/3182 3118/3557/3099
f 3177/3632/3159 3268/3737/3250 3247/3714/3229
f 3177/3632/3159 3218/3683/3200 3268/3737/3250
f 3179/3635/3161 3220/3687/3202 3222/3689/3204
f 3219/3685/3201 3221/3688/3203 3269/3738/3251
f 3224/3691/3206 3204/3666/3186 3017/3447/2997
f 2995/3422/2975 3070/3508/3050 3250/3719/3232
f 3250/3719/3232 3182/3638/3164 3270/3739/3252
f 3128/3567/3109 3271/3740/3253 3047/3484/3027
f 2998/3425/2978 3251/3720/3233 3130/3569/3111
f 3160/3606/3142 3227/3694/3209 3106/3544/3086
f 3109/3547/3089 3230/3697/3212 3051/3488/3031
f 3230/3697/3212 3272/3741/3254 3051/3488/3031
f 3073/3511/3053 3188/3647/3170 3074/3512/3054
f 3188/3647/3170 3232/3699/3214 3273/3742/3255
f 3110/3743/3090 3163/3744/3145 3274/3745/3256
f 3135/3574/3116 3234/3701/3216 3275/3746/3257
f 3135/3574/3116 3275/3746/3257 3235/3702/3217
f 3111/3549/3091 3054/3491/3034 3163/3609/3145
f 3054/3491/3034 3276/3747/3258 3163/3609/3145
f 3164/3610/3146 3254/3723/3236 3165/3611/3147
f 3165/3611/3147 3256/3725/3238 3208/3670/3190
f 3277/3748/3259 3209/3671/3191 3256/3725/3238
f 3257/3726/3239 3258/3727/3240 3207/3669/3189
f 3141/3580/3122 3237/3704/3219 3168/3649/3150
f 3278/3749/3260 3211/3676/3193 3059/3497/3039
f 3082/3520/3062 3192/3653/3174 3191/3652/3173
f 3084/3522/3064 3211/3676/3193 3278/3749/3260
f 3172/3627/3154 3279/3750/3261 3086/3524/3066
f 3195/3656/3177 3280/3751/3262 3145/3586/3127
f 2984/3752/2964 3262/3753/3244 3263/3754/3245
f 3090/3528/3070 3213/3678/3195 3175/3630/3157
f 3265/3734/3247 3175/3630/3157 3281/3755/3263
f 3265/3734/3247 3281/3755/3263 3266/3735/3248
f 3266/3756/3248 3281/3757/3263 3091/3758/3071
f 3066/3504/3046 3215/3680/3197 3282/3759/3264
f 3244/3711/3226 3217/3682/3199 3148/3589/3130
f 3120/3559/3101 3283/3760/3265 3200/3661/3182
f 3095/3533/3075 3283/3760/3265 3120/3559/3101
f 3095/3533/3075 3039/3475/3019 3284/3761/3266
f 3245/3712/3227 3284/3761/3266 3039/3475/3019
f 3149/3590/3131 3246/3713/3228 3285/3762/3267
f 3269/3738/3251 3221/3688/3203 3286/3763/3268
f 3220/3687/3202 3287/3764/3269 3222/3689/3204
f 3221/3688/3203 3181/3637/3163 3286/3763/3268
f 3180/3636/3162 3222/3689/3204 3288/3765/3270
f 3180/3636/3162 3288/3765/3270 3223/3690/3205
f 3289/3766/3271 3249/3718/3231 3126/3565/3107
f 3100/3538/3080 3249/3718/3231 3203/3665/3185
f 3290/3767/3272 3271/3740/3253 3128/3567/3109
f 3047/3484/3027 3291/3768/3273 3155/3601/3137
f 3156/3602/3138 3159/3605/3141 3292/3769/3274
f 3156/3602/3138 3292/3769/3274 3205/3667/3187
f 3186/3642/3168 3161/3607/3143 3293/3770/3275
f 3104/3542/3084 3226/3693/3208 3294/3771/3276
f 3105/3543/3085 3252/3721/3234 3226/3693/3208
f 3000/3427/2980 3072/3510/3052 3253/3722/3235
f 3295/3772/3277 3109/3547/3089 3187/3643/3169
f 3023/3456/3003 3231/3698/3213 3072/3510/3052
f 3272/3741/3254 3296/3773/3278 3051/3488/3031
f 3051/3488/3031 3296/3773/3278 3233/3700/3215
f 3206/3668/3188 3297/3774/3279 3298/3775/3280
f 3297/3774/3279 3206/3668/3188 3075/3513/3055
f 3233/3700/3215 3296/3773/3278 3162/3608/3144
f 3110/3548/3090 3274/3776/3256 3299/3777/3281
f 3274/3776/3256 3163/3609/3145 3299/3777/3281
f 3255/3724/3237 3276/3747/3258 3054/3491/3034
f 3254/3723/3236 3300/3778/3282 3165/3611/3147
f 3236/3703/3218 3301/3779/3283 3255/3724/3237
f 3302/3780/3284 3256/3725/3238 3165/3611/3147
f 3209/3671/3191 3277/3748/3259 3141/3580/3122
f 3259/3728/3241 3303/3781/3285 3258/3727/3240
f 3259/3728/3241 3258/3727/3240 3140/3579/3121
f 3304/3782/3286 3305/3783/3287 3084/3522/3064
f 3305/3783/3287 3171/3626/3153 3084/3522/3064
f 3306/3784/3288 3034/3470/3014 3307/3785/3289
f 3263/3732/3245 3308/3786/3290 3146/3587/3128
f 3308/3786/3290 3309/3787/3291 3146/3587/3128
f 3038/3474/3018 3281/3755/3263 3310/3788/3292
f 3092/3530/3072 3310/3788/3292 3311/3789/3293
f 3034/3470/3014 3086/3524/3066 3307/3785/3289
f 3088/3526/3068 3145/3586/3127 3243/3710/3225
f 3089/3527/3069 3243/3710/3225 3262/3731/3244
f 3091/3529/3071 3281/3755/3263 3038/3474/3018
f 3038/3474/3018 3310/3788/3292 3092/3530/3072
f 3196/3657/3178 3092/3530/3072 3312/3790/3294
f 3196/3657/3178 3312/3790/3294 3197/3658/3179
f 3215/3680/3197 3216/3681/3198 3313/3791/3295
f 2986/3413/2966 3199/3660/3181 3176/3631/3158
f 3199/3660/3181 3200/3661/3182 3314/3792/3296
f 3066/3504/3046 3282/3759/3264 3096/3534/3076
f 3216/3681/3198 3149/3590/3131 3285/3762/3267
f 3246/3793/3228 3201/3686/3183 3285/3794/3267
f 3247/3795/3229 3315/3796/3297 3150/3663/3132
f 3219/3685/3201 3269/3738/3251 3316/3797/3298
f 3315/3796/3297 3220/3687/3202 3150/3663/3132
f 3220/3687/3202 3317/3798/3299 3287/3764/3269
f 3222/3689/3204 3287/3764/3269 3288/3765/3270
f 3181/3637/3163 3152/3598/3134 3286/3763/3268
f 3223/3690/3205 3318/3799/3300 3126/3565/3107
f 3126/3565/3107 3318/3799/3300 3289/3766/3271
f 3152/3598/3134 3202/3664/3184 3319/3800/3301
f 3202/3664/3184 3127/3566/3108 3319/3800/3301
f 3203/3665/3185 3320/3801/3302 3224/3691/3206
f 3127/3566/3108 3102/3540/3082 3321/3802/3303
f 3224/3691/3206 3322/3803/3304 3204/3666/3186
f 3250/3719/3232 3225/3692/3207 2995/3422/2975
f 3270/3739/3252 3323/3804/3305 3250/3719/3232
f 3271/3740/3253 3291/3768/3273 3047/3484/3027
f 3156/3602/3138 3205/3667/3187 3324/3805/3306
f 3291/3768/3273 3325/3806/3307 3155/3601/3137
f 3292/3769/3274 3159/3605/3141 3205/3667/3187
f 3158/3604/3140 3326/3807/3308 3160/3606/3142
f 3160/3606/3142 3327/3808/3309 3328/3809/3310
f 3251/3720/3233 3186/3642/3168 3293/3770/3275
f 3109/3547/3089 3295/3772/3277 3229/3696/3211
f 3206/3668/3188 3329/3810/3311 3232/3699/3214
f 3206/3668/3188 3298/3775/3280 3329/3810/3311
f 3298/3775/3280 3075/3513/3055 3329/3810/3311
f 3297/3774/3279 3075/3513/3055 3298/3775/3280
f 3075/3513/3055 3110/3548/3090 3330/3811/3312
f 3235/3702/3217 3275/3746/3257 3331/3812/3313
f 3276/3747/3258 3255/3724/3237 3301/3779/3283
f 3165/3611/3147 3300/3778/3282 3302/3780/3284
f 3207/3669/3189 3332/3813/3314 3236/3703/3218
f 3277/3748/3259 3237/3704/3219 3141/3580/3122
f 3238/3705/3220 3333/3814/3315 3334/3815/3316
f 3333/3816/3315 3260/3817/3242 3334/3818/3316
f 3239/3819/3221 3259/3728/3241 3169/3675/3151
f 3334/3815/3316 3260/3729/3242 3238/3705/3220
f 3084/3522/3064 3278/3749/3260 3304/3782/3286
f 3335/3820/3317 3305/3821/3287 3304/3822/3286
f 3171/3626/3153 3336/3823/3318 3337/3824/3319
f 3171/3626/3153 3337/3824/3319 3032/3468/3012
f 3337/3824/3319 3117/3556/3098 3032/3468/3012
f 3243/3710/3225 3145/3586/3127 3338/3825/3320
f 3262/3731/3244 3339/3826/3321 3263/3732/3245
f 3263/3732/3245 3309/3787/3291 3308/3786/3290
f 3312/3790/3294 3340/3827/3322 3197/3658/3179
f 3267/3736/3249 3341/3828/3323 3214/3679/3196
f 3201/3686/3183 3342/3829/3324 3285/3794/3267
f 3201/3686/3183 3248/3830/3230 3342/3829/3324
f 3268/3831/3250 3315/3796/3297 3247/3795/3229
f 3219/3685/3201 3316/3797/3298 3248/3830/3230
f 3315/3796/3297 3317/3798/3299 3220/3687/3202
f 3223/3690/3205 3288/3765/3270 3318/3799/3300
f 3127/3566/3108 3321/3802/3303 3319/3800/3301
f 3322/3803/3304 3183/3639/3165 3204/3666/3186
f 3128/3567/3109 3343/3832/3325 3290/3767/3272
f 3184/3640/3166 3154/3600/3136 3344/3833/3326
f 3154/3600/3136 3185/3641/3167 3324/3805/3306
f 3345/3834/3327 3187/3643/3169 3134/3573/3115
f 3072/3510/3052 3231/3698/3213 3346/3835/3328
f 3188/3647/3170 3273/3742/3255 3329/3810/3311
f 3232/3699/3214 3329/3810/3311 3273/3742/3255
f 3272/3741/3254 3347/3836/3329 3296/3773/3278
f 3296/3773/3278 3348/3837/3330 3162/3608/3144
f 3162/3608/3144 3348/3837/3330 3234/3701/3216
f 3235/3702/3217 3331/3812/3313 3254/3723/3236
f 3331/3812/3313 3300/3778/3282 3254/3723/3236
f 3302/3780/3284 3349/3838/3331 3256/3725/3238
f 3207/3669/3189 3258/3727/3240 3332/3813/3314
f 3256/3725/3238 3349/3838/3331 3277/3748/3259
f 3237/3704/3219 3350/3839/3332 3210/3673/3192
f 3351/3840/3333 3210/3673/3192 3350/3839/3332
f 3351/3840/3333 3352/3841/3334 3210/3673/3192
f 3170/3674/3152 3210/3673/3192 3352/3841/3334
f 3170/3674/3152 3352/3841/3334 3333/3816/3315
f 3333/3816/3315 3238/3842/3220 3170/3674/3152
f 3303/3781/3285 3259/3728/3241 3353/3843/3335
f 3259/3728/3241 3239/3819/3221 3353/3843/3335
f 3239/3819/3221 3354/3844/3336 3353/3843/3335
f 3191/3845/3173 3354/3844/3336 3239/3819/3221
f 3355/3846/3337 3354/3844/3336 3191/3845/3173
f 3241/3708/3223 3240/3707/3222 3059/3497/3039
f 3059/3497/3039 3240/3707/3222 3278/3749/3260
f 3305/3783/3287 3356/3847/3338 3171/3626/3153
f 3340/3827/3322 3357/3848/3339 3197/3658/3179
f 3306/3784/3288 3212/3677/3194 3034/3470/3014
f 3193/3654/3175 3358/3849/3340 3036/3472/3016
f 3173/3628/3155 3261/3730/3243 3037/3473/3017
f 3280/3751/3262 3338/3825/3320 3145/3586/3127
f 3263/3732/3245 3339/3826/3321 3309/3787/3291
f 3339/3826/3321 3146/3587/3128 3309/3787/3291
f 3264/3733/3246 3359/3850/3341 3213/3678/3195
f 3281/3755/3263 3360/3851/3342 3310/3788/3292
f 3361/3852/3343 3362/3853/3344 3310/3788/3292
f 3362/3853/3344 3311/3789/3293 3310/3788/3292
f 3092/3530/3072 3340/3827/3322 3312/3790/3294
f 3197/3658/3179 3357/3848/3339 3192/3653/3174
f 3244/3711/3226 3198/3659/3180 3363/3854/3345
f 3282/3759/3264 3364/3855/3346 3365/3856/3347
f 3282/3759/3264 3215/3680/3197 3364/3855/3346
f 3214/3679/3196 3341/3828/3323 3198/3659/3180
f 3068/3506/3048 3176/3631/3158 3366/3857/3348
f 3176/3631/3158 3199/3660/3181 3314/3792/3296
f 3095/3533/3075 3284/3761/3266 3283/3760/3265
f 3096/3534/3076 3365/3856/3347 3245/3712/3227
f 3096/3534/3076 3282/3759/3264 3365/3856/3347
f 3217/3682/3199 3367/3858/3349 3218/3683/3200
f 3218/3859/3200 3367/3860/3349 3268/3831/3250
f 3368/3861/3350 3315/3796/3297 3268/3831/3250
f 3342/3829/3324 3248/3830/3230 3316/3797/3298
f 3316/3797/3298 3269/3738/3251 3369/3862/3351
f 3286/3763/3268 3369/3862/3351 3269/3738/3251
f 3288/3765/3270 3287/3764/3269 3318/3799/3300
f 3286/3763/3268 3152/3598/3134 3370/3863/3352
f 3318/3799/3300 3371/3864/3353 3289/3766/3271
f 3102/3540/3082 3372/3865/3354 3373/3866/3355
f 3102/3540/3082 3225/3692/3207 3372/3865/3354
f 3250/3719/3232 3323/3804/3305 3225/3692/3207
f 3183/3639/3165 3343/3832/3325 3128/3567/3109
f 3154/3600/3136 3374/3867/3356 3344/3833/3326
f 3185/3641/3167 3156/3602/3138 3324/3805/3306
f 3155/3601/3137 3326/3807/3308 3158/3604/3140
f 3326/3807/3308 3327/3808/3309 3160/3606/3142
f 3227/3694/3209 3375/3868/3357 3134/3573/3115
f 3134/3573/3115 3375/3868/3357 3345/3834/3327
f 3228/3695/3210 3253/3722/3235 3376/3869/3358
f 3295/3772/3277 3377/3870/3359 3229/3696/3211
f 3074/3512/3054 3378/3871/3360 3231/3698/3213
f 3188/3647/3170 3378/3871/3360 3074/3512/3054
f 3188/3647/3170 3329/3810/3311 3378/3871/3360
f 3075/3513/3055 3330/3811/3312 3329/3810/3311
f 3296/3773/3278 3379/3872/3361 3348/3837/3330
f 3234/3701/3216 3348/3837/3330 3275/3746/3257
f 3380/3873/3362 3163/3609/3145 3276/3747/3258
f 3236/3703/3218 3332/3813/3314 3301/3779/3283
f 3277/3748/3259 3349/3838/3331 3237/3704/3219
f 3258/3727/3240 3303/3781/3285 3332/3813/3314
f 3349/3838/3331 3350/3839/3332 3237/3704/3219
f 3351/3840/3333 3333/3816/3315 3352/3841/3334
f 3381/3874/3363 3240/3875/3222 3260/3817/3242
f 3192/3653/3174 3355/3876/3337 3191/3652/3173
f 3304/3782/3286 3278/3749/3260 3335/3877/3317
f 3305/3783/3287 3335/3877/3317 3356/3847/3338
f 3279/3750/3261 3306/3784/3288 3307/3785/3289
f 3261/3730/3243 3382/3878/3364 3174/3629/3156
f 3382/3879/3364 3383/3880/3365 3174/3881/3156
f 3383/3882/3365 3384/3883/3366 3195/3656/3177
f 3385/3884/3367 3264/3733/3246 3386/3885/3368
f 3387/3886/3369 3175/3630/3157 3213/3678/3195
f 3311/3789/3293 3340/3827/3322 3092/3530/3072
f 3242/3709/3224 3117/3556/3098 3388/3887/3370
f 3242/3709/3224 3389/3888/3371 3172/3627/3154
f 3172/3627/3154 3389/3888/3371 3279/3750/3261
f 3279/3750/3261 3307/3785/3289 3086/3524/3066
f 3358/3849/3340 3173/3628/3155 3036/3472/3016
f 3195/3656/3177 3174/3629/3156 3383/3882/3365
f 3146/3587/3128 3339/3826/3321 3386/3885/3368
f 3146/3587/3128 3386/3885/3368 3264/3733/3246
f 3362/3853/3344 3361/3852/3343 3390/3889/3372
f 3362/3853/3344 3390/3889/3372 3311/3789/3293
f 3244/3711/3226 3363/3854/3345 3217/3682/3199
f 3341/3828/3323 3267/3736/3249 3391/3890/3373
f 3245/3712/3227 3365/3856/3347 3284/3761/3266
f 3216/3681/3198 3285/3762/3267 3313/3791/3295
f 3366/3857/3348 3267/3736/3249 3068/3506/3048
f 3283/3760/3265 3392/3891/3374 3200/3661/3182
f 3393/3892/3375 3367/3858/3349 3217/3682/3199
f 3342/3829/3324 3316/3797/3298 3394/3893/3376
f 3286/3763/3268 3370/3863/3352 3369/3862/3351
f 3318/3799/3300 3287/3764/3269 3371/3864/3353
f 3371/3864/3353 3395/3894/3377 3289/3766/3271
f 3396/3895/3378 3319/3800/3301 3321/3802/3303
f 3249/3718/3231 3320/3801/3302 3203/3665/3185
f 3321/3802/3303 3102/3540/3082 3373/3866/3355
f 3224/3691/3206 3320/3801/3302 3322/3803/3304
f 3184/3640/3166 3270/3739/3252 3182/3638/3164
f 3184/3640/3166 3344/3833/3326 3270/3739/3252
f 3271/3740/3253 3290/3767/3272 3397/3896/3379
f 3271/3740/3253 3397/3896/3379 3291/3768/3273
f 3154/3600/3136 3324/3805/3306 3374/3867/3356
f 3155/3601/3137 3325/3806/3307 3326/3807/3308
f 3398/3897/3380 3251/3720/3233 3399/3898/3381
f 3399/3898/3381 3251/3720/3233 3400/3899/3382
f 3251/3720/3233 3293/3770/3275 3400/3899/3382
f 3400/3899/3382 3401/3900/3383 3402/3901/3384
f 3293/3770/3275 3401/3900/3383 3400/3899/3382
f 3293/3770/3275 3402/3901/3384 3401/3900/3383
f 3161/3607/3143 3104/3542/3084 3294/3771/3276
f 3345/3834/3327 3403/3902/3385 3187/3643/3169
f 3187/3643/3169 3403/3902/3385 3295/3772/3277
f 3072/3510/3052 3346/3835/3328 3253/3722/3235
f 3110/3548/3090 3299/3777/3281 3330/3811/3312
f 3348/3837/3330 3404/3903/3386 3275/3746/3257
f 3380/3873/3362 3405/3904/3387 3163/3609/3145
f 3404/3903/3386 3331/3812/3313 3275/3746/3257
f 3276/3747/3258 3405/3904/3387 3380/3873/3362
f 3406/3905/3388 3302/3780/3284 3300/3778/3282
f 3303/3781/3285 3407/3906/3389 3332/3813/3314
f 3407/3906/3389 3303/3781/3285 3353/3843/3335
f 3354/3844/3336 3408/3907/3390 3353/3843/3335
f 3357/3848/3339 3355/3876/3337 3192/3653/3174
f 3171/3626/3153 3356/3847/3338 3409/3908/3391
f 3171/3626/3153 3409/3908/3391 3336/3823/3318
f 3213/3678/3195 3410/3909/3392 3387/3886/3369
f 3387/3886/3369 3390/3889/3372 3281/3755/3263
f 3360/3851/3342 3390/3889/3372 3310/3788/3292
f 3310/3788/3292 3390/3889/3372 3361/3852/3343
f 3193/3910/3175 3212/3911/3194 3411/3912/3393
f 3193/3654/3175 3411/3913/3393 3358/3849/3340
f 3173/3628/3155 3412/3914/3394 3261/3730/3243
f 3382/3878/3364 3261/3730/3243 3383/3882/3365
f 3195/3656/3177 3384/3883/3366 3280/3751/3262
f 3243/3710/3225 3413/3915/3395 3262/3731/3244
f 3387/3916/3369 3281/3917/3263 3175/3918/3157
f 3311/3789/3293 3390/3889/3372 3340/3827/3322
f 3217/3682/3199 3363/3854/3345 3393/3892/3375
f 3176/3631/3158 3314/3792/3296 3366/3857/3348
f 3314/3792/3296 3200/3661/3182 3392/3891/3374
f 3313/3791/3295 3364/3855/3346 3215/3680/3197
f 3367/3860/3349 3414/3919/3396 3268/3831/3250
f 3367/3860/3349 3393/3920/3375 3414/3919/3396
f 3342/3829/3324 3394/3893/3376 3415/3921/3397
f 3368/3861/3350 3416/3922/3398 3315/3796/3297
f 3315/3796/3297 3416/3922/3398 3317/3798/3299
f 3394/3893/3376 3316/3797/3298 3369/3862/3351
f 3317/3798/3299 3417/3923/3399 3287/3764/3269
f 3287/3764/3269 3417/3923/3399 3371/3864/3353
f 3152/3598/3134 3319/3800/3301 3370/3863/3352
f 3395/3894/3377 3418/3924/3400 3289/3766/3271
f 3289/3766/3271 3418/3924/3400 3249/3718/3231
f 3249/3718/3231 3418/3924/3400 3320/3801/3302
f 3419/3925/3401 3322/3803/3304 3320/3801/3302
f 3225/3692/3207 3420/3926/3402 3372/3865/3354
f 3183/3639/3165 3322/3803/3304 3343/3832/3325
f 3205/3667/3187 3130/3569/3111 3421/3927/3403
f 3421/3927/3403 3130/3569/3111 3398/3897/3380
f 3130/3569/3111 3251/3720/3233 3398/3897/3380
f 3398/3897/3380 3400/3899/3382 3422/3928/3404
f 3399/3898/3381 3400/3899/3382 3398/3897/3380
f 3328/3809/3310 3423/3929/3405 3160/3606/3142
f 3160/3606/3142 3423/3929/3405 3227/3694/3209
f 3402/3901/3384 3293/3770/3275 3294/3771/3276
f 3293/3770/3275 3161/3607/3143 3294/3771/3276
f 3294/3771/3276 3226/3693/3208 3424/3930/3406
f 3226/3693/3208 3425/3931/3407 3424/3930/3406
f 3375/3868/3357 3426/3932/3408 3345/3834/3327
f 3228/3695/3210 3376/3869/3358 3425/3931/3407
f 3229/3696/3211 3377/3870/3359 3230/3697/3212
f 3230/3697/3212 3347/3836/3329 3272/3741/3254
f 3378/3871/3360 3329/3810/3311 3427/3933/3409
f 3347/3836/3329 3379/3872/3361 3296/3773/3278
f 3379/3872/3361 3428/3934/3410 3348/3837/3330
f 3348/3837/3330 3428/3934/3410 3429/3935/3411
f 3299/3777/3281 3163/3609/3145 3430/3936/3412
f 3430/3936/3412 3163/3609/3145 3431/3937/3413
f 3301/3779/3283 3432/3938/3414 3276/3747/3258
f 3301/3779/3283 3332/3813/3314 3432/3938/3414
f 3302/3780/3284 3406/3905/3388 3349/3838/3331
f 3332/3813/3314 3407/3906/3389 3433/3939/3415
f 3350/3839/3332 3349/3838/3331 3351/3840/3333
f 3381/3874/3363 3260/3817/3242 3333/3816/3315
f 3353/3843/3335 3408/3907/3390 3434/3940/3416
f 3240/3707/3222 3435/3941/3417 3278/3749/3260
f 3117/3556/3098 3436/3942/3418 3388/3887/3370
f 3437/3943/3419 3412/3914/3394 3173/3628/3155
f 3438/3944/3420 3338/3825/3320 3280/3751/3262
f 3338/3945/3320 3439/3946/3421 3243/3947/3225
f 3409/3908/3391 3356/3847/3338 3336/3823/3318
f 3117/3556/3098 3336/3823/3318 3436/3942/3418
f 3173/3948/3155 3440/3949/3422 3437/3950/3419
f 3280/3751/3262 3384/3883/3366 3438/3944/3420
f 3243/3710/3225 3439/3951/3421 3413/3915/3395
f 3413/3952/3395 3439/3953/3421 3262/3646/3244
f 3339/3826/3321 3262/3731/3244 3441/3954/3423
f 3339/3826/3321 3385/3884/3367 3386/3885/3368
f 3385/3884/3367 3442/3955/3424 3264/3733/3246
f 3281/3755/3263 3390/3889/3372 3360/3851/3342
f 3198/3659/3180 3341/3828/3323 3363/3854/3345
f 3267/3736/3249 3366/3857/3348 3391/3890/3373
f 3313/3956/3295 3285/3794/3267 3443/3957/3425
f 3268/3831/3250 3414/3919/3396 3368/3861/3350
f 3285/3794/3267 3342/3829/3324 3444/3958/3426
f 3285/3794/3267 3444/3958/3426 3445/3959/3427
f 3342/3829/3324 3415/3921/3397 3444/3958/3426
f 3317/3798/3299 3416/3922/3398 3417/3923/3399
f 3371/3864/3353 3446/3960/3428 3395/3894/3377
f 3319/3800/3301 3396/3895/3378 3447/3961/3429
f 3323/3804/3305 3270/3739/3252 3448/3962/3430
f 3324/3805/3306 3344/3833/3326 3374/3867/3356
f 3205/3667/3187 3449/3963/3431 3324/3805/3306
f 3450/3964/3432 3451/3965/3433 3205/3667/3187
f 3205/3667/3187 3421/3927/3403 3450/3964/3432
f 3327/3808/3309 3423/3929/3405 3328/3809/3310
f 3252/3721/3234 3425/3931/3407 3226/3693/3208
f 3252/3721/3234 3228/3695/3210 3425/3931/3407
f 3379/3872/3361 3452/3966/3434 3428/3934/3410
f 3330/3811/3312 3299/3777/3281 3453/3967/3435
f 3299/3777/3281 3454/3968/3436 3453/3967/3435
f 3299/3777/3281 3430/3936/3412 3454/3968/3436
f 3431/3937/3413 3405/3904/3387 3430/3936/3412
f 3163/3609/3145 3405/3904/3387 3431/3937/3413
f 3404/3903/3386 3455/3969/3437 3331/3812/3313
f 3455/3969/3437 3456/3970/3438 3331/3812/3313
f 3331/3812/3313 3456/3970/3438 3300/3778/3282
f 3300/3778/3282 3456/3970/3438 3406/3905/3388
f 3432/3938/3414 3332/3813/3314 3433/3939/3415
f 3406/3905/3388 3457/3971/3439 3349/3838/3331
f 3349/3838/3331 3457/3971/3439 3351/3840/3333
f 3457/3971/3439 3333/3816/3315 3351/3840/3333
f 3353/3843/3335 3434/3940/3416 3407/3906/3389
f 3278/3749/3260 3435/3941/3417 3335/3877/3317
f 3337/3824/3319 3336/3823/3318 3117/3556/3098
f 3242/3709/3224 3458/3972/3440 3389/3888/3371
f 3384/3883/3366 3459/3973/3441 3460/3974/3442
f 3384/3883/3366 3460/3974/3442 3461/3975/3443
f 3384/3883/3366 3461/3975/3443 3438/3944/3420
f 3338/3945/3320 3462/3976/3444 3439/3946/3421
f 3439/3951/3421 3441/3954/3423 3262/3731/3244
f 3264/3733/3246 3442/3955/3424 3359/3850/3341
f 3363/3454/3345 3463/3977/3445 3393/3978/3375
f 3464/3979/3446 3392/3980/3374 3283/3981/3265
f 3285/3794/3267 3445/3959/3427 3443/3957/3425
f 3414/3919/3396 3465/3982/3447 3368/3861/3350
f 3394/3893/3376 3369/3862/3351 3415/3921/3397
f 3319/3800/3301 3447/3961/3429 3370/3863/3352
f 3396/3895/3378 3466/3983/3448 3447/3961/3429
f 3321/3802/3303 3467/3984/3449 3396/3895/3378
f 3321/3802/3303 3373/3866/3355 3467/3984/3449
f 3373/3866/3355 3372/3865/3354 3468/3985/3450
f 3322/3803/3304 3469/3986/3451 3343/3832/3325
f 3323/3804/3305 3448/3962/3430 3420/3926/3402
f 3470/3987/3452 3325/3806/3307 3291/3768/3273
f 3449/3963/3431 3205/3667/3187 3471/3988/3453
f 3472/3989/3454 3205/3667/3187 3451/3965/3433
f 3450/3964/3432 3473/3990/3455 3451/3965/3433
f 3423/3929/3405 3375/3868/3357 3227/3694/3209
f 3403/3902/3385 3377/3870/3359 3295/3772/3277
f 3346/3835/3328 3231/3698/3213 3253/3722/3235
f 3347/3836/3329 3230/3697/3212 3474/3991/3456
f 3427/3933/3409 3475/3992/3457 3378/3871/3360
f 3330/3811/3312 3476/3993/3458 3329/3810/3311
f 3276/3747/3258 3432/3938/3414 3405/3904/3387
f 3433/3939/3415 3407/3906/3389 3477/3994/3459
f 3406/3905/3388 3478/3995/3460 3457/3971/3439
f 3333/3816/3315 3457/3971/3439 3479/3996/3461
f 3240/3875/3222 3381/3874/3363 3435/3997/3417
f 3357/3998/3339 3480/3999/3462 3355/3846/3337
f 3480/3999/3462 3354/3844/3336 3355/3846/3337
f 3306/4000/3288 3411/3912/3393 3212/3911/3194
f 3481/4001/3463 3480/3999/3462 3357/3998/3339
f 3279/3750/3261 3482/4002/3464 3306/3784/3288
f 3358/3849/3340 3411/3913/3393 3173/3628/3155
f 3411/3912/3393 3483/4003/3465 3440/3949/3422
f 3411/3913/3393 3440/4004/3422 3173/3628/3155
f 3261/3730/3243 3412/3914/3394 3383/3882/3365
f 3384/3883/3366 3383/3882/3365 3459/3973/3441
f 3459/3973/3441 3383/3882/3365 3460/3974/3442
f 3461/4005/3443 3460/4006/3442 3438/4007/3420
f 3438/3944/3420 3462/4008/3444 3338/3825/3320
f 3339/4009/3321 3441/4010/3423 3385/4011/3367
f 3442/4012/3424 3441/4013/3423 3359/4014/3341
f 3359/3850/3341 3484/4015/3466 3213/3678/3195
f 3387/3886/3369 3485/4016/3467 3390/3889/3372
f 3390/3889/3372 3481/4017/3463 3340/3827/3322
f 3340/3827/3322 3481/4017/3463 3357/3848/3339
f 3364/3855/3346 3313/3791/3295 3443/4018/3425
f 3486/4019/3468 3463/4020/3445 3363/3594/3345
f 3341/4021/3323 3487/4022/3469 3363/4023/3345
f 3283/3981/3265 3284/4024/3266 3488/4025/3470
f 3364/4026/3346 3489/4027/3471 3365/4028/3347
f 3364/4026/3346 3443/3957/3425 3490/4029/3472
f 3283/3981/3265 3488/4025/3470 3491/4030/3473
f 3443/3957/3425 3445/3959/3427 3492/4031/3474
f 3415/3921/3397 3493/4032/3475 3444/3958/3426
f 3416/3922/3398 3368/3861/3350 3465/3982/3447
f 3415/3921/3397 3369/3862/3351 3493/4032/3475
f 3370/3863/3352 3494/4033/3476 3369/3862/3351
f 3417/3923/3399 3446/3960/3428 3371/3864/3353
f 3395/3894/3377 3446/3960/3428 3495/4034/3477
f 3320/3801/3302 3418/3924/3400 3419/3925/3401
f 3372/3865/3354 3420/3926/3402 3468/3985/3450
f 3225/3692/3207 3323/3804/3305 3420/3926/3402
f 3270/3739/3252 3344/3833/3326 3496/4035/3478
f 3290/3767/3272 3343/3832/3325 3397/3896/3379
f 3397/3896/3379 3497/4036/3479 3291/3768/3273
f 3291/3768/3273 3497/4036/3479 3470/3987/3452
f 3344/3833/3326 3324/3805/3306 3498/4037/3480
f 3449/3963/3431 3499/4038/3481 3324/3805/3306
f 3449/3963/3431 3471/3988/3453 3499/4038/3481
f 3471/3988/3453 3205/3667/3187 3499/4038/3481
f 3205/3667/3187 3472/3989/3454 3499/4038/3481
f 3325/3806/3307 3470/3987/3452 3326/3807/3308
f 3326/3807/3308 3470/3987/3452 3327/3808/3309
f 3450/3964/3432 3421/3927/3403 3500/4039/3482
f 3398/3897/3380 3422/3928/3404 3421/3927/3403
f 3425/3931/3407 3376/3869/3358 3501/4040/3483
f 3345/3834/3327 3426/3932/3408 3403/3902/3385
f 3502/4041/3484 3403/3902/3385 3426/3932/3408
f 3376/3869/3358 3253/3722/3235 3503/4042/3485
f 3253/3722/3235 3231/3698/3213 3503/4042/3485
f 3474/3991/3456 3230/3697/3212 3377/3870/3359
f 3378/3871/3360 3504/4043/3486 3231/3698/3213
f 3427/3933/3409 3329/3810/3311 3475/3992/3457
f 3505/4044/3487 3329/3810/3311 3506/4045/3488
f 3507/4046/3489 3379/3872/3361 3347/3836/3329
f 3506/4045/3488 3329/3810/3311 3508/4047/3490
f 3329/3810/3311 3476/3993/3458 3508/4047/3490
f 3404/3903/3386 3348/3837/3330 3509/4048/3491
f 3478/3995/3460 3510/4049/3492 3457/3971/3439
f 3457/3971/3439 3510/4049/3492 3479/3996/3461
f 3333/3816/3315 3479/3996/3461 3381/3874/3363
f 3511/4050/3493 3381/3874/3363 3479/3996/3461
f 3434/3940/3416 3408/3907/3390 3354/3844/3336
f 3511/4050/3493 3435/3997/3417 3381/3874/3363
f 3335/4051/3317 3512/4052/3494 3356/4053/3338
f 3513/4054/3495 3436/4055/3418 3336/4056/3318
f 3514/4057/3496 3389/4058/3371 3458/4059/3440
f 3437/3950/3419 3515/4060/3497 3412/4061/3394
f 3412/4061/3394 3515/4060/3497 3383/4062/3365
f 3516/4063/3498 3438/4007/3420 3460/4006/3442
f 3383/4062/3365 3516/4063/3498 3460/4006/3442
f 3517/4064/3499 3462/3976/3444 3438/4007/3420
f 3410/4065/3392 3484/4066/3466 3518/4067/3500
f 3388/4068/3370 3436/4055/3418 3519/4069/3501
f 3388/3887/3370 3458/3972/3440 3242/3709/3224
f 3279/3750/3261 3520/4070/3502 3482/4002/3464
f 3385/3884/3367 3441/3954/3423 3442/3955/3424
f 3213/3678/3195 3484/4015/3466 3410/3909/3392
f 3387/4071/3369 3410/4065/3392 3485/4072/3467
f 3463/4073/3445 3486/4074/3468 3487/4022/3469
f 3487/4022/3469 3486/4074/3468 3363/4023/3345
f 3391/4075/3373 3366/4076/3348 3521/4077/3503
f 3284/4024/3266 3365/4028/3347 3488/4025/3470
f 3414/3919/3396 3522/4078/3504 3465/3982/3447
f 3369/3862/3351 3494/4033/3476 3493/4032/3475
f 3417/3923/3399 3523/4079/3505 3446/3960/3428
f 3370/3863/3352 3447/3961/3429 3494/4033/3476
f 3418/3924/3400 3395/3894/3377 3495/4034/3477
f 3524/4080/3506 3343/3832/3325 3469/3986/3451
f 3525/4081/3507 3420/3926/3402 3448/3962/3430
f 3499/4038/3481 3472/3989/3454 3451/3965/3433
f 3526/4082/3508 3451/3965/3433 3527/4083/3509
f 3451/3965/3433 3473/3990/3455 3527/4083/3509
f 3421/3927/3403 3422/3928/3404 3528/4084/3510
f 3422/3928/3404 3400/3899/3382 3528/4084/3510
f 3400/3899/3382 3402/3901/3384 3529/4085/3511
f 3402/3901/3384 3294/3771/3276 3530/4086/3512
f 3531/4087/3513 3294/3771/3276 3424/3930/3406
f 3532/4088/3514 3376/3869/3358 3533/4089/3515
f 3403/3902/3385 3502/4041/3484 3377/3870/3359
f 3504/4043/3486 3378/3871/3360 3475/3992/3457
f 3452/3966/3434 3534/4090/3516 3428/3934/3410
f 3330/3811/3312 3453/3967/3435 3476/3993/3458
f 3428/3934/3410 3509/4048/3491 3429/3935/3411
f 3429/3935/3411 3509/4048/3491 3348/3837/3330
f 3509/4048/3491 3535/4091/3517 3404/3903/3386
f 3536/4092/3518 3430/3936/3412 3405/3904/3387
f 3404/3903/3386 3535/4091/3517 3455/3969/3437
f 3535/4091/3517 3537/4093/3519 3455/3969/3437
f 3536/4092/3518 3405/3904/3387 3538/4094/3520
f 3405/3904/3387 3432/3938/3414 3538/4094/3520
f 3432/3938/3414 3433/3939/3415 3538/4094/3520
f 3433/3939/3415 3477/3994/3459 3539/4095/3521
f 3511/4050/3493 3479/3996/3461 3510/4049/3492
f 3540/4096/3522 3541/4097/3523 3542/4098/3524
f 3434/3940/3416 3542/4098/3524 3541/4097/3523
f 3542/4098/3524 3354/3844/3336 3540/4096/3522
f 3434/3940/3416 3354/3844/3336 3542/4098/3524
f 3435/3941/3417 3512/4099/3494 3335/3877/3317
f 3543/4100/3525 3354/3844/3336 3480/3999/3462
f 3544/4101/3526 3356/4053/3338 3512/4052/3494
f 3544/4101/3526 3336/4056/3318 3356/4053/3338
f 3513/4054/3495 3336/4056/3318 3544/4101/3526
f 3519/4069/3501 3436/4055/3418 3545/4102/3527
f 3546/4103/3528 3389/4058/3371 3514/4057/3496
f 3546/4103/3528 3279/4104/3261 3389/4058/3371
f 3520/4070/3502 3279/3750/3261 3546/4105/3528
f 3546/4103/3528 3482/4106/3464 3520/4107/3502
f 3306/4000/3288 3482/4106/3464 3547/4108/3529
f 3547/4108/3529 3411/3912/3393 3306/4000/3288
f 3548/4109/3530 3383/4062/3365 3515/4060/3497
f 3549/4110/3531 3481/4001/3463 3390/4111/3372
f 3391/4075/3373 3487/4022/3469 3341/4021/3323
f 3366/4076/3348 3314/4112/3296 3550/4113/3532
f 3314/4112/3296 3392/3980/3374 3550/4113/3532
f 3488/4025/3470 3365/4028/3347 3489/4027/3471
f 3489/4027/3471 3364/4026/3346 3490/4029/3472
f 3391/4075/3373 3521/4077/3503 3551/4114/3533
f 3366/4076/3348 3550/4113/3532 3521/4077/3503
f 3283/3981/3265 3491/4030/3473 3464/3979/3446
f 3443/3957/3425 3552/4115/3534 3490/4029/3472
f 3414/3919/3396 3393/3920/3375 3553/4116/3535
f 3463/4117/3445 3553/4116/3535 3393/3920/3375
f 3443/3957/3425 3492/4031/3474 3552/4115/3534
f 3445/3959/3427 3444/3958/3426 3554/4118/3536
f 3465/3982/3447 3555/4119/3537 3416/3922/3398
f 3416/3922/3398 3555/4119/3537 3417/3923/3399
f 3554/4118/3536 3444/3958/3426 3493/4032/3475
f 3494/4033/3476 3447/3961/3429 3556/4120/3538
f 3523/4079/3505 3557/4121/3539 3446/3960/3428
f 3447/3961/3429 3466/3983/3448 3556/4120/3538
f 3495/4034/3477 3558/4122/3540 3418/3924/3400
f 3558/4122/3540 3419/3925/3401 3418/3924/3400
f 3559/4123/3541 3396/3895/3378 3467/3984/3449
f 3419/3925/3401 3560/4124/3542 3322/3803/3304
f 3560/4124/3542 3469/3986/3451 3322/3803/3304
f 3524/4080/3506 3497/4036/3479 3343/3832/3325
f 3448/3962/3430 3270/3739/3252 3496/4035/3478
f 3344/3833/3326 3561/4125/3543 3496/4035/3478
f 3324/3805/3306 3499/4038/3481 3498/4037/3480
f 3499/4038/3481 3451/3965/3433 3562/4126/3544
f 3451/3965/3433 3526/4082/3508 3562/4126/3544
f 3473/3990/3455 3450/3964/3432 3527/4083/3509
f 3527/4127/3509 3450/4128/3432 3563/4129/3545
f 3528/4084/3510 3400/3899/3382 3529/4085/3511
f 3528/4084/3510 3529/4085/3511 3421/3927/3403
f 3564/4130/3546 3423/3929/3405 3327/3808/3309
f 3294/3771/3276 3531/4087/3513 3530/4086/3512
f 3531/4087/3513 3424/3930/3406 3565/4131/3547
f 3424/3930/3406 3566/4132/3548 3565/4131/3547
f 3424/3930/3406 3425/3931/3407 3566/4132/3548
f 3501/4040/3483 3376/3869/3358 3532/4088/3514
f 3502/4041/3484 3567/4133/3549 3377/3870/3359
f 3231/3698/3213 3504/4043/3486 3503/4042/3485
f 3475/3992/3457 3329/3810/3311 3505/4044/3487
f 3507/4046/3489 3568/4134/3550 3379/3872/3361
f 3568/4134/3550 3452/3966/3434 3379/3872/3361
f 3506/4045/3488 3508/4047/3490 3505/4044/3487
f 3430/3936/3412 3536/4092/3518 3454/3968/3436
f 3537/4093/3519 3456/3970/3438 3455/3969/3437
f 3456/3970/3438 3478/3995/3460 3406/3905/3388
f 3477/3994/3459 3407/3906/3389 3539/4095/3521
f 3434/3940/3416 3539/4095/3521 3407/3906/3389
f 3434/3940/3416 3540/4096/3522 3539/4095/3521
f 3434/3940/3416 3541/4097/3523 3540/4096/3522
f 3354/3844/3336 3543/4100/3525 3540/4096/3522
f 3543/4100/3525 3480/3999/3462 3569/4135/3551
f 3570/4136/3552 3545/4102/3527 3436/4055/3418
f 3547/4108/3529 3571/4137/3553 3411/3912/3393
f 3571/4137/3553 3483/4003/3465 3411/3912/3393
f 3572/4138/3554 3437/3950/3419 3483/4003/3465
f 3439/3946/3421 3573/4139/3555 3441/4013/3423
f 3436/4055/3418 3513/4054/3495 3570/4136/3552
f 3440/3949/3422 3483/4003/3465 3437/3950/3419
f 3437/3950/3419 3572/4138/3554 3515/4060/3497
f 3516/4063/3498 3574/4140/3556 3438/4007/3420
f 3438/4007/3420 3574/4140/3556 3517/4064/3499
f 3462/3976/3444 3517/4064/3499 3439/3946/3421
f 3441/4013/3423 3575/4141/3557 3359/4014/3341
f 3359/4014/3341 3575/4141/3557 3484/4066/3466
f 3485/4072/3467 3549/4110/3531 3390/4111/3372
f 3391/4075/3373 3551/4114/3533 3487/4022/3469
f 3491/4030/3473 3576/4142/3558 3464/3979/3446
f 3414/3919/3396 3553/4116/3535 3522/4078/3504
f 3445/3959/3427 3554/4118/3536 3492/4031/3474
f 3555/4119/3537 3577/4143/3559 3417/3923/3399
f 3494/4033/3476 3556/4120/3538 3493/4032/3475
f 3417/3923/3399 3577/4143/3559 3523/4079/3505
f 3523/4079/3505 3578/4144/3560 3557/4121/3539
f 3557/4121/3539 3495/4034/3477 3446/3960/3428
f 3373/3866/3355 3468/3985/3450 3467/3984/3449
f 3448/3962/3430 3496/4035/3478 3525/4081/3507
f 3344/3833/3326 3498/4037/3480 3561/4125/3543
f 3579/4145/3561 3327/3808/3309 3470/3987/3452
f 3450/3964/3432 3500/4039/3482 3563/4146/3545
f 3421/3927/3403 3529/4085/3511 3500/4039/3482
f 3580/4147/3562 3564/4130/3546 3327/3808/3309
f 3402/3901/3384 3530/4086/3512 3581/4148/3563
f 3564/4130/3546 3582/4149/3564 3423/3929/3405
f 3423/3929/3405 3583/4150/3565 3375/3868/3357
f 3375/3868/3357 3583/4150/3565 3426/3932/3408
f 3425/3931/3407 3501/4040/3483 3584/4151/3566
f 3585/4152/3567 3501/4040/3483 3533/4089/3515
f 3501/4040/3483 3532/4088/3514 3533/4089/3515
f 3426/3932/3408 3586/4153/3568 3502/4041/3484
f 3376/3869/3358 3503/4042/3485 3533/4089/3515
f 3347/3836/3329 3474/3991/3456 3507/4046/3489
f 3568/4134/3550 3534/4090/3516 3452/3966/3434
f 3428/3934/3410 3534/4090/3516 3509/4048/3491
f 3535/4091/3517 3587/4154/3569 3537/4093/3519
f 3587/4154/3569 3588/4155/3570 3537/4093/3519
f 3537/4093/3519 3588/4155/3570 3456/3970/3438
f 3433/3939/3415 3539/4095/3521 3538/4094/3520
f 3589/4156/3571 3510/4049/3492 3478/3995/3460
f 3539/4095/3521 3540/4096/3522 3590/4157/3572
f 3591/4158/3573 3458/4059/3440 3519/4069/3501
f 3514/4057/3496 3458/4059/3440 3591/4158/3573
f 3482/4106/3464 3546/4103/3528 3547/4108/3529
f 3548/4109/3530 3515/4060/3497 3592/4159/3574
f 3549/4110/3531 3485/4072/3467 3593/4160/3575
f 3481/4001/3463 3569/4135/3551 3480/3999/3462
f 3388/4068/3370 3519/4069/3501 3458/4059/3440
f 3518/4067/3500 3484/4066/3466 3485/4072/3467
f 3518/4067/3500 3485/4072/3467 3410/4065/3392
f 3550/4113/3532 3392/3980/3374 3594/4161/3576
f 3487/4022/3469 3595/4162/3577 3463/4073/3445
f 3576/4142/3558 3392/3980/3374 3464/3979/3446
f 3576/4142/3558 3594/4161/3576 3392/3980/3374
f 3576/4142/3558 3491/4030/3473 3596/4163/3578
f 3597/4164/3579 3491/4030/3473 3488/4025/3470
f 3489/4027/3471 3597/4164/3579 3488/4025/3470
f 3492/4031/3474 3554/4118/3536 3552/4115/3534
f 3495/4034/3477 3557/4121/3539 3598/4165/3580
f 3466/3983/3448 3599/4166/3581 3556/4120/3538
f 3466/3983/3448 3396/3895/3378 3559/4123/3541
f 3559/4123/3541 3467/3984/3449 3600/4167/3582
f 3467/3984/3449 3525/4081/3507 3600/4167/3582
f 3468/3985/3450 3525/4081/3507 3467/3984/3449
f 3560/4124/3542 3601/4168/3583 3469/3986/3451
f 3468/3985/3450 3420/3926/3402 3525/4081/3507
f 3601/4168/3583 3602/4169/3584 3469/3986/3451
f 3602/4169/3584 3603/4170/3585 3469/3986/3451
f 3469/3986/3451 3604/4171/3586 3524/4080/3506
f 3605/4172/3587 3525/4081/3507 3496/4035/3478
f 3524/4080/3506 3604/4171/3586 3497/4036/3479
f 3343/3832/3325 3497/4036/3479 3397/3896/3379
f 3499/4038/3481 3562/4126/3544 3606/4173/3588
f 3606/4173/3588 3526/4082/3508 3499/4038/3481
f 3562/4126/3544 3526/4082/3508 3606/4173/3588
f 3527/4083/3509 3563/4146/3545 3526/4082/3508
f 3327/3808/3309 3579/4145/3561 3580/4147/3562
f 3500/4039/3482 3529/4085/3511 3607/4174/3589
f 3529/4085/3511 3402/3901/3384 3608/4175/3590
f 3608/4175/3590 3402/3901/3384 3581/4148/3563
f 3531/4087/3513 3565/4131/3547 3530/4086/3512
f 3584/4151/3566 3501/4040/3483 3585/4152/3567
f 3503/4042/3485 3609/4176/3591 3533/4089/3515
f 3567/4133/3549 3474/3991/3456 3377/3870/3359
f 3475/3992/3457 3610/4177/3592 3504/4043/3486
f 3505/4044/3487 3610/4177/3592 3475/3992/3457
f 3476/3993/3458 3453/3967/3435 3611/4178/3593
f 3454/3968/3436 3536/4092/3518 3453/3967/3435
f 3588/4155/3570 3478/3995/3460 3456/3970/3438
f 3538/4094/3520 3539/4095/3521 3612/4179/3594
f 3539/4095/3521 3613/4180/3595 3612/4179/3594
f 3510/4049/3492 3589/4156/3571 3511/4050/3493
f 3589/4156/3571 3614/4181/3596 3511/4050/3493
f 3615/4182/3597 3435/3997/3417 3511/4050/3493
f 3435/3997/3417 3616/4183/3598 3544/4184/3526
f 3617/4185/3599 3618/4186/3600 3544/4187/3526
f 3544/4101/3526 3618/4188/3600 3513/4054/3495
f 3435/4189/3417 3544/4101/3526 3512/4052/3494
f 3619/4190/3601 3572/4138/3554 3483/4003/3465
f 3570/4136/3552 3620/4191/3602 3545/4102/3527
f 3383/4062/3365 3548/4109/3530 3516/4063/3498
f 3484/4066/3466 3575/4141/3557 3485/4072/3467
f 3481/4001/3463 3549/4110/3531 3621/4192/3603
f 3621/4192/3603 3569/4135/3551 3481/4001/3463
f 3463/4073/3445 3595/4162/3577 3553/4193/3535
f 3550/4113/3532 3594/4161/3576 3622/4194/3604
f 3491/4030/3473 3597/4164/3579 3596/4163/3578
f 3552/4115/3534 3623/4195/3605 3490/4029/3472
f 3553/4116/3535 3624/4196/3606 3522/4078/3504
f 3550/4113/3532 3551/4114/3533 3521/4077/3503
f 3465/3982/3447 3522/4078/3504 3625/4197/3607
f 3552/4115/3534 3554/4118/3536 3626/4198/3608
f 3625/4197/3607 3555/4119/3537 3465/3982/3447
f 3554/4118/3536 3493/4032/3475 3627/4199/3609
f 3523/4079/3505 3577/4143/3559 3578/4144/3560
f 3578/4144/3560 3628/4200/3610 3557/4121/3539
f 3557/4121/3539 3628/4200/3610 3598/4165/3580
f 3599/4166/3581 3466/3983/3448 3559/4123/3541
f 3419/3925/3401 3558/4122/3540 3560/4124/3542
f 3603/4170/3585 3604/4171/3586 3469/3986/3451
f 3497/4036/3479 3604/4171/3586 3629/4201/3611
f 3561/4125/3543 3498/4037/3480 3630/4202/3612
f 3497/4036/3479 3629/4201/3611 3470/3987/3452
f 3500/4039/3482 3631/4203/3613 3563/4146/3545
f 3607/4174/3589 3529/4085/3511 3632/4204/3614
f 3423/3929/3405 3582/4149/3564 3583/4150/3565
f 3425/3931/3407 3633/4205/3615 3566/4132/3548
f 3584/4151/3566 3633/4205/3615 3425/3931/3407
f 3583/4150/3565 3634/4206/3616 3426/3932/3408
f 3634/4206/3616 3586/4153/3568 3426/3932/3408
f 3533/4089/3515 3635/4207/3617 3585/4152/3567
f 3634/4206/3616 3567/4133/3549 3502/4041/3484
f 3503/4042/3485 3636/4208/3618 3609/4176/3591
f 3503/4042/3485 3504/4043/3486 3636/4208/3618
f 3567/4133/3549 3637/4209/3619 3474/3991/3456
f 3504/4043/3486 3610/4177/3592 3638/4210/3620
f 3474/3991/3456 3639/4211/3621 3507/4046/3489
f 3639/4211/3621 3568/4134/3550 3507/4046/3489
f 3505/4044/3487 3508/4047/3490 3640/4212/3622
f 3508/4047/3490 3476/3993/3458 3640/4212/3622
f 3641/4213/3623 3642/4214/3624 3534/4090/3516
f 3642/4214/3624 3587/4154/3569 3534/4090/3516
f 3534/4090/3516 3587/4154/3569 3509/4048/3491
f 3509/4048/3491 3587/4154/3569 3535/4091/3517
f 3453/3967/3435 3536/4092/3518 3611/4178/3593
f 3536/4092/3518 3643/4215/3625 3611/4178/3593
f 3536/4092/3518 3538/4094/3520 3643/4215/3625
f 3643/4215/3625 3538/4094/3520 3612/4179/3594
f 3644/4216/3626 3645/4217/3627 3588/4155/3570
f 3588/4155/3570 3645/4217/3627 3478/3995/3460
f 3646/4218/3628 3589/4156/3571 3478/3995/3460
f 3539/4095/3521 3590/4157/3572 3613/4180/3595
f 3511/4050/3493 3614/4181/3596 3615/4182/3597
f 3615/4182/3597 3616/4183/3598 3435/3997/3417
f 3544/4219/3526 3616/4220/3598 3617/4221/3599
f 3569/4135/3551 3647/4222/3629 3543/4100/3525
f 3618/4188/3600 3620/4191/3602 3513/4054/3495
f 3571/4137/3553 3648/4223/3630 3483/4003/3465
f 3572/4138/3554 3649/4224/3631 3515/4060/3497
f 3650/4225/3632 3441/4013/3423 3573/4139/3555
f 3651/4226/3633 3549/4110/3531 3593/4160/3575
f 3569/4135/3551 3621/4192/3603 3647/4222/3629
f 3513/4227/3495 3620/4228/3602 3652/4229/3634
f 3513/4054/3495 3652/4230/3634 3570/4136/3552
f 3514/4057/3496 3591/4158/3573 3653/4231/3635
f 3514/4057/3496 3653/4231/3635 3546/4103/3528
f 3546/4103/3528 3654/4232/3636 3547/4108/3529
f 3655/4233/3637 3592/4159/3574 3574/4140/3556
f 3655/4233/3637 3548/4109/3530 3592/4159/3574
f 3573/4139/3555 3517/4064/3499 3574/4140/3556
f 3621/4192/3603 3549/4110/3531 3656/4234/3638
f 3547/4108/3529 3654/4232/3636 3571/4137/3553
f 3516/4063/3498 3548/4109/3530 3655/4233/3637
f 3516/4063/3498 3655/4233/3637 3574/4140/3556
f 3573/4139/3555 3439/3946/3421 3517/4064/3499
f 3595/4162/3577 3487/4022/3469 3657/4235/3639
f 3487/4022/3469 3551/4114/3533 3657/4235/3639
f 3489/4027/3471 3658/4236/3640 3597/4164/3579
f 3552/4115/3534 3626/4198/3608 3623/4195/3605
f 3522/4078/3504 3624/4196/3606 3625/4197/3607
f 3550/4113/3532 3659/4237/3641 3551/4114/3533
f 3628/4200/3610 3578/4144/3560 3598/4165/3580
f 3556/4120/3538 3599/4166/3581 3660/4238/3642
f 3495/4034/3477 3598/4165/3580 3558/4122/3540
f 3558/4122/3540 3598/4165/3580 3661/4239/3643
f 3470/3987/3452 3629/4201/3611 3579/4145/3561
f 3662/4240/3644 3663/4241/3645 3526/4242/3508
f 3499/4038/3481 3526/4082/3508 3663/4243/3645
f 3563/4146/3545 3631/4203/3613 3664/4244/3646
f 3580/4147/3562 3579/4145/3561 3665/4245/3647
f 3580/4147/3562 3665/4245/3647 3666/4246/3648
f 3631/4203/3613 3500/4039/3482 3632/4204/3614
f 3500/4039/3482 3607/4174/3589 3632/4204/3614
f 3666/4246/3648 3667/4247/3649 3580/4147/3562
f 3667/4247/3649 3564/4130/3546 3580/4147/3562
f 3608/4175/3590 3632/4204/3614 3529/4085/3511
f 3564/4130/3546 3668/4248/3650 3582/4149/3564
f 3565/4131/3547 3669/4249/3651 3530/4086/3512
f 3566/4132/3548 3633/4205/3615 3565/4131/3547
f 3586/4153/3568 3634/4206/3616 3502/4041/3484
f 3504/4043/3486 3638/4210/3620 3670/4250/3652
f 3474/3991/3456 3637/4209/3619 3671/4251/3653
f 3474/3991/3456 3671/4251/3653 3639/4211/3621
f 3672/4252/3654 3568/4134/3550 3639/4211/3621
f 3505/4044/3487 3640/4212/3622 3673/4253/3655
f 3568/4134/3550 3674/4254/3656 3534/4090/3516
f 3476/3993/3458 3611/4178/3593 3640/4212/3622
f 3641/4213/3623 3675/4255/3657 3642/4214/3624
f 3642/4214/3624 3675/4255/3657 3587/4154/3569
f 3587/4154/3569 3676/4256/3658 3588/4155/3570
f 3676/4256/3658 3644/4216/3626 3588/4155/3570
f 3643/4215/3625 3612/4179/3594 3677/4257/3659
f 3478/3995/3460 3645/4217/3627 3646/4218/3628
f 3678/4258/3660 3612/4179/3594 3613/4180/3595
f 3679/4259/3661 3590/4157/3572 3680/4260/3662
f 3680/4260/3662 3590/4157/3572 3540/4096/3522
f 3543/4100/3525 3647/4222/3629 3540/4096/3522
f 3648/4223/3630 3681/4261/3663 3483/4003/3465
f 3621/4192/3603 3682/4262/3664 3647/4222/3629
f 3652/4230/3634 3620/4191/3602 3570/4136/3552
f 3545/4102/3527 3620/4191/3602 3683/4263/3665
f 3483/4003/3465 3684/4264/3666 3619/4190/3601
f 3619/4190/3601 3649/4224/3631 3572/4138/3554
f 3649/4224/3631 3592/4159/3574 3515/4060/3497
f 3549/4110/3531 3685/4265/3667 3656/4234/3638
f 3519/4069/3501 3686/4266/3668 3591/4158/3573
f 3595/4162/3577 3657/4235/3639 3687/4267/3669
f 3489/4027/3471 3490/4029/3472 3658/4236/3640
f 3553/4193/3535 3688/4268/3670 3624/4269/3606
f 3595/4162/3577 3688/4268/3670 3553/4193/3535
f 3595/4162/3577 3687/4267/3669 3688/4268/3670
f 3550/4113/3532 3622/4194/3604 3659/4237/3641
f 3576/4142/3558 3596/4163/3578 3594/4161/3576
f 3624/4196/3606 3689/4270/3671 3625/4197/3607
f 3551/4114/3533 3690/4271/3672 3657/4235/3639
f 3691/4272/3673 3690/4271/3672 3551/4114/3533
f 3551/4114/3533 3692/4273/3674 3693/4274/3675
f 3659/4237/3641 3692/4273/3674 3551/4114/3533
f 3622/4194/3604 3692/4273/3674 3659/4237/3641
f 3594/4161/3576 3596/4163/3578 3694/4275/3676
f 3554/4118/3536 3695/4276/3677 3626/4198/3608
f 3625/4197/3607 3689/4270/3671 3555/4119/3537
f 3554/4118/3536 3627/4199/3609 3695/4276/3677
f 3555/4119/3537 3689/4270/3671 3696/4277/3678
f 3555/4119/3537 3696/4277/3678 3577/4143/3559
f 3493/4032/3475 3556/4120/3538 3627/4199/3609
f 3556/4120/3538 3660/4238/3642 3627/4199/3609
f 3577/4143/3559 3696/4277/3678 3578/4144/3560
f 3559/4123/3541 3697/4278/3679 3599/4166/3581
f 3697/4278/3679 3559/4123/3541 3600/4167/3582
f 3558/4122/3540 3661/4239/3643 3560/4124/3542
f 3697/4278/3679 3600/4167/3582 3698/4279/3680
f 3698/4279/3680 3600/4167/3582 3525/4081/3507
f 3525/4081/3507 3605/4172/3587 3699/4280/3681
f 3605/4172/3587 3561/4125/3543 3630/4202/3612
f 3605/4172/3587 3496/4035/3478 3561/4125/3543
f 3499/4038/3481 3630/4202/3612 3498/4037/3480
f 3526/4082/3508 3563/4146/3545 3662/4281/3644
f 3564/4130/3546 3667/4247/3649 3668/4248/3650
f 3581/4148/3563 3632/4204/3614 3608/4175/3590
f 3581/4148/3563 3700/4282/3682 3669/4249/3651
f 3700/4282/3682 3530/4086/3512 3669/4249/3651
f 3530/4086/3512 3700/4282/3682 3581/4148/3563
f 3582/4149/3564 3701/4283/3683 3583/4150/3565
f 3584/4151/3566 3585/4152/3567 3702/4284/3684
f 3701/4283/3683 3634/4206/3616 3583/4150/3565
f 3533/4089/3515 3609/4176/3591 3635/4207/3617
f 3635/4207/3617 3609/4176/3591 3636/4208/3618
f 3703/4285/3685 3637/4209/3619 3567/4133/3549
f 3504/4043/3486 3704/4286/3686 3705/4287/3687
f 3504/4043/3486 3670/4250/3652 3704/4286/3686
f 3610/4177/3592 3505/4044/3487 3638/4210/3620
f 3671/4251/3653 3672/4252/3654 3639/4211/3621
f 3706/4288/3688 3674/4254/3656 3568/4134/3550
f 3534/4090/3516 3674/4254/3656 3641/4213/3623
f 3611/4178/3593 3707/4289/3689 3640/4212/3622
f 3675/4255/3657 3676/4256/3658 3587/4154/3569
f 3611/4178/3593 3643/4215/3625 3708/4290/3690
f 3643/4215/3625 3677/4257/3659 3708/4290/3690
f 3676/4256/3658 3646/4218/3628 3644/4216/3626
f 3677/4257/3659 3612/4179/3594 3678/4258/3660
f 3644/4216/3626 3646/4218/3628 3645/4217/3627
f 3709/4291/3691 3590/4157/3572 3710/4292/3692
f 3613/4180/3595 3590/4157/3572 3709/4291/3691
f 3615/4182/3597 3614/4181/3596 3616/4183/3598
f 3679/4259/3661 3680/4260/3662 3710/4292/3692
f 3679/4259/3661 3710/4292/3692 3590/4157/3572
f 3711/4293/3693 3617/4294/3599 3616/4183/3598
f 3680/4260/3662 3540/4096/3522 3712/4295/3694
f 3713/4296/3695 3714/4297/3696 3715/4298/3697
f 3712/4295/3694 3540/4096/3522 3713/4296/3695
f 3713/4296/3695 3540/4096/3522 3714/4297/3696
f 3647/4222/3629 3715/4298/3697 3714/4297/3696
f 3647/4222/3629 3714/4297/3696 3540/4096/3522
f 3618/4188/3600 3617/4299/3599 3716/4300/3698
f 3648/4223/3630 3717/4301/3699 3684/4264/3666
f 3619/4190/3601 3718/4302/3700 3649/4224/3631
f 3719/4303/3701 3651/4226/3633 3593/4160/3575
f 3685/4265/3667 3549/4110/3531 3651/4226/3633
f 3720/4304/3702 3682/4262/3664 3621/4192/3603
f 3683/4263/3665 3519/4069/3501 3545/4102/3527
f 3653/4231/3635 3591/4158/3573 3686/4266/3668
f 3648/4223/3630 3684/4264/3666 3681/4261/3663
f 3681/4261/3663 3684/4264/3666 3483/4003/3465
f 3574/4140/3556 3721/4305/3703 3573/4139/3555
f 3656/4234/3638 3720/4304/3702 3621/4192/3603
f 3441/4013/3423 3650/4225/3632 3575/4141/3557
f 3575/4141/3557 3650/4225/3632 3722/4306/3704
f 3485/4072/3467 3722/4306/3704 3593/4160/3575
f 3693/4274/3675 3691/4272/3673 3551/4114/3533
f 3490/4029/3472 3623/4195/3605 3723/4307/3705
f 3624/4269/3606 3688/4268/3670 3689/4308/3671
f 3694/4275/3676 3622/4194/3604 3594/4161/3576
f 3597/4164/3579 3724/4309/3706 3596/4163/3578
f 3490/4029/3472 3723/4307/3705 3658/4236/3640
f 3596/4163/3578 3725/4310/3707 3694/4275/3676
f 3695/4276/3677 3623/4195/3605 3626/4198/3608
f 3627/4199/3609 3726/4311/3708 3695/4276/3677
f 3627/4199/3609 3660/4238/3642 3726/4311/3708
f 3578/4144/3560 3696/4277/3678 3727/4312/3709
f 3578/4144/3560 3727/4312/3709 3598/4165/3580
f 3728/4313/3710 3660/4238/3642 3729/4314/3711
f 3599/4166/3581 3729/4314/3711 3660/4238/3642
f 3727/4312/3709 3730/4315/3712 3598/4165/3580
f 3598/4165/3580 3730/4315/3712 3661/4239/3643
f 3599/4166/3581 3697/4278/3679 3729/4314/3711
f 3560/4124/3542 3730/4315/3712 3601/4168/3583
f 3525/4081/3507 3731/4316/3713 3698/4279/3680
f 3525/4081/3507 3732/4317/3714 3731/4316/3713
f 3601/4168/3583 3730/4315/3712 3733/4318/3715
f 3601/4168/3583 3603/4170/3585 3602/4169/3584
f 3525/4081/3507 3699/4280/3681 3732/4317/3714
f 3603/4170/3585 3734/4319/3716 3604/4171/3586
f 3605/4172/3587 3735/4320/3717 3699/4280/3681
f 3605/4172/3587 3630/4202/3612 3735/4320/3717
f 3662/4281/3644 3630/4202/3612 3663/4243/3645
f 3735/4320/3717 3630/4202/3612 3662/4281/3644
f 3499/4038/3481 3663/4243/3645 3630/4202/3612
f 3563/4146/3545 3736/4321/3718 3662/4281/3644
f 3563/4146/3545 3664/4244/3646 3736/4321/3718
f 3632/4204/3614 3737/4322/3719 3631/4203/3613
f 3665/4245/3647 3667/4247/3649 3666/4246/3648
f 3581/4148/3563 3738/4323/3720 3632/4204/3614
f 3565/4131/3547 3633/4205/3615 3739/4324/3721
f 3584/4151/3566 3702/4284/3684 3633/4205/3615
f 3634/4206/3616 3703/4285/3685 3567/4133/3549
f 3636/4208/3618 3504/4043/3486 3705/4287/3687
f 3740/4325/3722 3671/4251/3653 3637/4209/3619
f 3505/4044/3487 3673/4253/3655 3638/4210/3620
f 3568/4134/3550 3672/4252/3654 3706/4288/3688
f 3672/4252/3654 3741/4326/3723 3706/4288/3688
f 3742/4327/3724 3674/4254/3656 3706/4288/3688
f 3641/4213/3623 3674/4254/3656 3675/4255/3657
f 3611/4178/3593 3708/4290/3690 3707/4289/3689
f 3707/4289/3689 3708/4290/3690 3743/4328/3725
f 3675/4255/3657 3646/4218/3628 3676/4256/3658
f 3744/4329/3726 3614/4181/3596 3646/4218/3628
f 3614/4181/3596 3589/4156/3571 3646/4218/3628
f 3613/4180/3595 3709/4291/3691 3678/4258/3660
f 3614/4181/3596 3716/4330/3698 3711/4293/3693
f 3616/4183/3598 3614/4181/3596 3711/4293/3693
f 3680/4260/3662 3712/4295/3694 3710/4292/3692
f 3711/4331/3693 3716/4300/3698 3617/4299/3599
f 3715/4298/3697 3647/4222/3629 3682/4262/3664
f 3715/4298/3697 3682/4262/3664 3713/4296/3695
f 3713/4296/3695 3682/4262/3664 3712/4295/3694
f 3745/4332/3727 3546/4103/3528 3653/4231/3635
f 3721/4305/3703 3574/4140/3556 3649/4224/3631
f 3722/4306/3704 3719/4303/3701 3593/4160/3575
f 3746/4333/3728 3519/4069/3501 3683/4263/3665
f 3747/4334/3729 3654/4232/3636 3546/4103/3528
f 3748/4335/3730 3717/4301/3699 3648/4223/3630
f 3684/4264/3666 3717/4301/3699 3748/4335/3730
f 3656/4234/3638 3685/4265/3667 3720/4304/3702
f 3519/4069/3501 3746/4333/3728 3686/4266/3668
f 3686/4266/3668 3749/4336/3731 3653/4231/3635
f 3654/4232/3636 3747/4334/3729 3571/4137/3553
f 3571/4137/3553 3750/4337/3732 3648/4223/3630
f 3592/4159/3574 3649/4224/3631 3574/4140/3556
f 3575/4141/3557 3722/4306/3704 3485/4072/3467
f 3657/4235/3639 3690/4271/3672 3687/4267/3669
f 3596/4163/3578 3724/4309/3706 3751/4338/3733
f 3597/4164/3579 3658/4236/3640 3724/4309/3706
f 3691/4272/3673 3693/4274/3675 3690/4271/3672
f 3692/4273/3674 3752/4339/3734 3693/4274/3675
f 3622/4194/3604 3752/4339/3734 3692/4273/3674
f 3694/4275/3676 3753/4340/3735 3622/4194/3604
f 3723/4307/3705 3754/4341/3736 3658/4236/3640
f 3689/4308/3671 3688/4268/3670 3755/4342/3737
f 3690/4271/3672 3756/4343/3738 3687/4267/3669
f 3751/4338/3733 3725/4310/3707 3596/4163/3578
f 3757/4344/3739 3755/4342/3737 3688/4268/3670
f 3623/4195/3605 3758/4345/3740 3723/4307/3705
f 3689/4270/3671 3755/4346/3737 3696/4277/3678
f 3623/4195/3605 3695/4276/3677 3758/4345/3740
f 3660/4238/3642 3759/4347/3741 3726/4311/3708
f 3660/4238/3642 3728/4313/3710 3759/4347/3741
f 3728/4313/3710 3729/4314/3711 3759/4347/3741
f 3729/4314/3711 3760/4348/3742 3759/4347/3741
f 3760/4348/3742 3729/4314/3711 3761/4349/3743
f 3727/4312/3709 3762/4350/3744 3730/4315/3712
f 3761/4349/3743 3697/4278/3679 3760/4348/3742
f 3729/4314/3711 3697/4278/3679 3761/4349/3743
f 3661/4239/3643 3730/4315/3712 3560/4124/3542
f 3731/4316/3713 3732/4317/3714 3763/4351/3745
f 3601/4168/3583 3733/4318/3715 3764/4352/3746
f 3603/4170/3585 3601/4168/3583 3734/4319/3716
f 3699/4280/3681 3735/4320/3717 3765/4353/3747
f 3604/4171/3586 3766/4354/3748 3629/4201/3611
f 3579/4145/3561 3629/4201/3611 3767/4355/3749
f 3662/4281/3644 3736/4321/3718 3737/4322/3719
f 3736/4321/3718 3768/4356/3750 3737/4322/3719
f 3736/4321/3718 3664/4244/3646 3768/4356/3750
f 3768/4356/3750 3664/4244/3646 3737/4322/3719
f 3631/4203/3613 3737/4322/3719 3664/4244/3646
f 3667/4247/3649 3769/4357/3751 3668/4248/3650
f 3738/4323/3720 3581/4148/3563 3669/4249/3651
f 3769/4357/3751 3770/4358/3752 3668/4248/3650
f 3668/4248/3650 3771/4359/3753 3582/4149/3564
f 3669/4249/3651 3565/4131/3547 3739/4324/3721
f 3582/4149/3564 3771/4359/3753 3701/4283/3683
f 3771/4359/3753 3772/4360/3754 3701/4283/3683
f 3772/4360/3754 3634/4206/3616 3701/4283/3683
f 3702/4284/3684 3585/4152/3567 3705/4287/3687
f 3585/4152/3567 3635/4207/3617 3705/4287/3687
f 3634/4206/3616 3773/4361/3755 3703/4285/3685
f 3635/4207/3617 3636/4208/3618 3705/4287/3687
f 3637/4209/3619 3703/4285/3685 3740/4325/3722
f 3670/4250/3652 3638/4210/3620 3704/4286/3686
f 3740/4325/3722 3741/4326/3723 3671/4251/3653
f 3638/4210/3620 3673/4253/3655 3774/4362/3756
f 3672/4252/3654 3671/4251/3653 3741/4326/3723
f 3673/4253/3655 3640/4212/3622 3774/4362/3756
f 3741/4326/3723 3742/4327/3724 3706/4288/3688
f 3774/4362/3756 3640/4212/3622 3707/4289/3689
f 3674/4254/3656 3775/4363/3757 3675/4255/3657
f 3675/4255/3657 3775/4363/3757 3776/4364/3758
f 3743/4328/3725 3708/4290/3690 3777/4365/3759
f 3708/4290/3690 3677/4257/3659 3777/4365/3759
f 3778/4366/3760 3744/4329/3726 3646/4218/3628
f 3777/4365/3759 3677/4257/3659 3779/4367/3761
f 3678/4258/3660 3779/4367/3761 3677/4257/3659
f 3778/4366/3760 3614/4181/3596 3744/4329/3726
f 3778/4366/3760 3716/4330/3698 3614/4181/3596
f 3710/4292/3692 3712/4295/3694 3709/4291/3691
f 3747/4334/3729 3780/4368/3762 3750/4337/3732
f 3780/4368/3762 3781/4369/3763 3750/4337/3732
f 3782/4370/3764 3620/2823/3602 3716/4371/3698
f 3682/4262/3664 3783/4372/3765 3712/4295/3694
f 3618/4188/3600 3716/4300/3698 3620/4191/3602
f 3686/4266/3668 3746/4333/3728 3784/4373/3766
f 3785/4374/3767 3653/4231/3635 3786/4375/3768
f 3648/4223/3630 3750/4337/3732 3781/4369/3763
f 3787/4376/3769 3648/4223/3630 3781/4369/3763
f 3787/4376/3769 3748/4335/3730 3788/4377/3770
f 3788/4377/3770 3748/4335/3730 3648/4223/3630
f 3721/4305/3703 3789/4378/3771 3573/4139/3555
f 3682/4262/3664 3685/4265/3667 3790/4379/3772
f 3571/4137/3553 3747/4334/3729 3791/4380/3773
f 3571/4137/3553 3791/4380/3773 3750/4337/3732
f 3684/4264/3666 3748/4335/3730 3718/4302/3700
f 3684/4264/3666 3718/4302/3700 3619/4190/3601
f 3718/4302/3700 3792/4381/3774 3649/4224/3631
f 3573/4139/3555 3789/4378/3771 3650/4225/3632
f 3651/4226/3633 3719/4303/3701 3685/4265/3667
f 3720/4304/3702 3685/4265/3667 3682/4262/3664
f 3687/4267/3669 3756/4343/3738 3688/4268/3670
f 3694/4275/3676 3725/4310/3707 3753/4340/3735
f 3724/4309/3706 3793/4382/3775 3751/4338/3733
f 3724/4309/3706 3794/4383/3776 3793/4382/3775
f 3658/4236/3640 3754/4341/3736 3724/4309/3706
f 3756/4343/3738 3757/4344/3739 3688/4268/3670
f 3753/4340/3735 3752/4339/3734 3622/4194/3604
f 3755/4346/3737 3795/4384/3777 3696/4277/3678
f 3754/4341/3736 3723/4307/3705 3758/4345/3740
f 3695/4276/3677 3796/4385/3778 3758/4345/3740
f 3795/4384/3777 3797/4386/3779 3696/4277/3678
f 3755/4342/3737 3797/4387/3779 3795/4388/3777
f 3695/4276/3677 3726/4311/3708 3796/4385/3778
f 3797/4386/3779 3798/4389/3780 3696/4277/3678
f 3696/4277/3678 3798/4389/3780 3727/4312/3709
f 3726/4311/3708 3759/4347/3741 3760/4348/3742
f 3798/4389/3780 3762/4350/3744 3727/4312/3709
f 3762/4350/3744 3799/4390/3781 3730/4315/3712
f 3697/4278/3679 3698/4279/3680 3760/4348/3742
f 3698/4279/3680 3800/4391/3782 3760/4348/3742
f 3800/4391/3782 3698/4279/3680 3731/4316/3713
f 3800/4391/3782 3731/4316/3713 3763/4351/3745
f 3730/4315/3712 3764/4352/3746 3733/4318/3715
f 3763/4351/3745 3732/4317/3714 3801/4392/3783
f 3699/4280/3681 3801/4392/3783 3732/4317/3714
f 3601/4168/3583 3764/4352/3746 3734/4319/3716
f 3734/4319/3716 3764/4352/3746 3604/4171/3586
f 3604/4171/3586 3764/4352/3746 3766/4354/3748
f 3802/4393/3784 3699/4280/3681 3803/4394/3785
f 3699/4280/3681 3765/4353/3747 3803/4394/3785
f 3804/4395/3786 3735/4320/3717 3662/4281/3644
f 3767/4355/3749 3805/4396/3787 3579/4145/3561
f 3662/4281/3644 3737/4322/3719 3806/4397/3788
f 3805/4396/3787 3665/4245/3647 3579/4145/3561
f 3665/4245/3647 3769/4357/3751 3667/4247/3649
f 3737/4322/3719 3632/4204/3614 3807/4398/3789
f 3807/4398/3789 3632/4204/3614 3808/4399/3790
f 3632/4204/3614 3809/4400/3791 3808/4399/3790
f 3809/4400/3791 3738/4323/3720 3808/4399/3790
f 3809/4400/3791 3632/4204/3614 3738/4323/3720
f 3669/4249/3651 3810/4401/3792 3738/4323/3720
f 3668/4248/3650 3770/4358/3752 3771/4359/3753
f 3739/4324/3721 3633/4205/3615 3811/4402/3793
f 3633/4205/3615 3702/4284/3684 3811/4402/3793
f 3811/4402/3793 3702/4284/3684 3812/4403/3794
f 3773/4361/3755 3813/4404/3795 3703/4285/3685
f 3704/4286/3686 3638/4210/3620 3814/4405/3796
f 3741/4326/3723 3740/4325/3722 3815/4406/3797
f 3775/4363/3757 3674/4254/3656 3742/4327/3724
f 3675/4255/3657 3816/4407/3798 3646/4218/3628
f 3675/4255/3657 3776/4364/3758 3816/4407/3798
f 3678/4258/3660 3709/4291/3691 3777/4365/3759
f 3779/4367/3761 3678/4258/3660 3777/4365/3759
f 3817/4408/3799 3716/4300/3698 3778/4409/3760
f 3712/4295/3694 3818/4410/3800 3709/4291/3691
f 3819/4411/3801 3820/4412/3802 3716/4300/3698
f 3620/4191/3602 3782/4413/3764 3819/4411/3801
f 3819/4411/3801 3782/4413/3764 3820/4412/3802
f 3620/4191/3602 3784/4373/3766 3683/4263/3665
f 3781/4369/3763 3747/4334/3729 3821/4414/3803
f 3748/4335/3730 3792/4381/3774 3718/4302/3700
f 3822/4415/3804 3685/4265/3667 3719/4303/3701
f 3783/4372/3765 3682/4262/3664 3818/4410/3800
f 3712/4295/3694 3783/4372/3765 3818/4410/3800
f 3716/4300/3698 3820/4412/3802 3782/4413/3764
f 3823/4416/3805 3620/4191/3602 3819/4411/3801
f 3821/4414/3803 3747/4334/3729 3745/4332/3727
f 3822/4415/3804 3790/4379/3772 3685/4265/3667
f 3682/4262/3664 3790/4379/3772 3822/4415/3804
f 3653/4231/3635 3749/4336/3731 3786/4375/3768
f 3546/4103/3528 3745/4332/3727 3747/4334/3729
f 3791/4380/3773 3747/4334/3729 3750/4337/3732
f 3747/4334/3729 3781/4369/3763 3780/4368/3762
f 3648/4223/3630 3787/4376/3769 3788/4377/3770
f 3719/4303/3701 3722/4306/3704 3789/4378/3771
f 3683/4263/3665 3784/4373/3766 3746/4333/3728
f 3686/4266/3668 3784/4373/3766 3749/4336/3731
f 3653/4231/3635 3785/4374/3767 3745/4332/3727
f 3650/4225/3632 3789/4378/3771 3722/4306/3704
f 3690/4271/3672 3693/4274/3675 3824/4417/3806
f 3724/4309/3706 3754/4341/3736 3825/4418/3807
f 3753/4340/3735 3725/4310/3707 3752/4339/3734
f 3793/4382/3775 3725/4310/3707 3751/4338/3733
f 3755/4342/3737 3826/4419/3808 3797/4387/3779
f 3825/4418/3807 3794/4383/3776 3724/4309/3706
f 3757/4344/3739 3826/4419/3808 3755/4342/3737
f 3797/4387/3779 3826/4419/3808 3798/4420/3780
f 3726/4311/3708 3760/4348/3742 3827/4421/3809
f 3827/4421/3809 3760/4348/3742 3800/4391/3782
f 3828/4422/3810 3829/4423/3811 3730/4315/3712
f 3730/4315/3712 3829/4423/3811 3764/4352/3746
f 3699/4280/3681 3830/4424/3812 3801/4392/3783
f 3699/4280/3681 3802/4393/3784 3830/4424/3812
f 3765/4353/3747 3735/4320/3717 3803/4394/3785
f 3803/4394/3785 3735/4320/3717 3831/4425/3813
f 3766/4354/3748 3832/4426/3814 3629/4201/3611
f 3832/4426/3814 3767/4355/3749 3629/4201/3611
f 3662/4281/3644 3806/4397/3788 3804/4395/3786
f 3833/4427/3815 3767/4355/3749 3832/4426/3814
f 3833/4427/3815 3805/4396/3787 3767/4355/3749
f 3833/4427/3815 3834/4428/3816 3805/4396/3787
f 3834/4428/3816 3665/4245/3647 3805/4396/3787
f 3834/4428/3816 3769/4357/3751 3665/4245/3647
f 3835/4429/3817 3807/4398/3789 3836/4430/3818
f 3835/4429/3817 3836/4430/3818 3808/4399/3790
f 3807/4398/3789 3808/4399/3790 3836/4430/3818
f 3738/4323/3720 3837/4431/3819 3835/4429/3817
f 3837/4431/3819 3738/4323/3720 3810/4401/3792
f 3838/4432/3820 3770/4358/3752 3769/4357/3751
f 3810/4401/3792 3669/4249/3651 3739/4324/3721
f 3838/4432/3820 3771/4359/3753 3770/4358/3752
f 3739/4324/3721 3811/4402/3793 3839/4433/3821
f 3771/4359/3753 3838/4432/3820 3772/4360/3754
f 3772/4360/3754 3838/4432/3820 3634/4206/3616
f 3634/4206/3616 3838/4432/3820 3773/4361/3755
f 3702/4284/3684 3705/4287/3687 3840/4434/3822
f 3773/4361/3755 3838/4432/3820 3813/4404/3795
f 3703/4285/3685 3813/4404/3795 3740/4325/3722
f 3841/4435/3823 3704/4286/3686 3814/4405/3796
f 3814/4405/3796 3638/4210/3620 3774/4362/3756
f 3842/4436/3824 3815/4406/3797 3740/4325/3722
f 3741/4326/3723 3775/4363/3757 3742/4327/3724
f 3774/4362/3756 3843/4437/3825 3844/4438/3826
f 3774/4362/3756 3707/4289/3689 3843/4437/3825
f 3707/4289/3689 3844/4438/3826 3843/4437/3825
f 3845/4439/3827 3776/4364/3758 3775/4363/3757
f 3707/4289/3689 3743/4328/3725 3844/4438/3826
f 3776/4364/3758 3846/4440/3828 3816/4407/3798
f 3743/4328/3725 3847/4441/3829 3844/4438/3826
f 3646/4218/3628 3816/4407/3798 3778/4366/3760
f 3846/4440/3828 3848/4442/3830 3816/4407/3798
f 3816/4407/3798 3848/4442/3830 3778/4366/3760
f 3743/4328/3725 3777/4365/3759 3847/4441/3829
f 3846/4443/3828 3778/4444/3760 3848/4445/3830
f 3846/4446/3828 3817/4447/3799 3778/4448/3760
f 3819/4411/3801 3716/4300/3698 3817/4408/3799
f 3847/4441/3829 3709/4291/3691 3818/4410/3800
f 3777/4365/3759 3709/4291/3691 3847/4441/3829
f 3849/4449/3831 3823/4416/3805 3850/4450/3832
f 3784/4373/3766 3823/4416/3805 3849/4449/3831
f 3786/4375/3768 3749/4336/3731 3851/4451/3833
f 3852/4452/3834 3822/4415/3804 3719/4303/3701
f 3853/4453/3835 3649/4224/3631 3854/4454/3836
f 3789/4378/3771 3721/4305/3703 3649/4224/3631
f 3818/4410/3800 3855/4455/3837 3822/4415/3804
f 3784/4373/3766 3620/4191/3602 3823/4416/3805
f 3749/4336/3731 3784/4373/3766 3851/4451/3833
f 3786/4375/3768 3851/4451/3833 3785/4374/3767
f 3745/4332/3727 3856/4456/3838 3821/4414/3803
f 3821/4414/3803 3787/4376/3769 3781/4369/3763
f 3748/4335/3730 3787/4376/3769 3792/4381/3774
f 3792/4381/3774 3857/4457/3839 3649/4224/3631
f 3649/4224/3631 3857/4457/3839 3854/4454/3836
f 3649/4224/3631 3853/4453/3835 3789/4378/3771
f 3682/4262/3664 3822/4415/3804 3855/4455/3837
f 3682/4262/3664 3855/4455/3837 3818/4410/3800
f 3754/4341/3736 3858/4458/3840 3825/4418/3807
f 3754/4341/3736 3859/4459/3841 3858/4458/3840
f 3860/4460/3842 3757/4344/3739 3756/4343/3738
f 3756/4343/3738 3824/4417/3806 3860/4460/3842
f 3690/4271/3672 3824/4417/3806 3756/4343/3738
f 3693/4274/3675 3861/4461/3843 3824/4417/3806
f 3693/4274/3675 3752/4339/3734 3861/4461/3843
f 3793/4382/3775 3862/4462/3844 3725/4310/3707
f 3860/4460/3842 3863/4463/3845 3757/4344/3739
f 3725/4310/3707 3864/4464/3846 3752/4339/3734
f 3754/4341/3736 3758/4345/3740 3859/4459/3841
f 3758/4345/3740 3796/4385/3778 3865/4465/3847
f 3757/4344/3739 3863/4463/3845 3826/4419/3808
f 3725/4310/3707 3866/4466/3848 3867/4467/3849
f 3725/4310/3707 3862/4462/3844 3866/4466/3848
f 3859/4459/3841 3758/4345/3740 3868/4468/3850
f 3758/4345/3740 3865/4465/3847 3868/4468/3850
f 3862/4462/3844 3793/4382/3775 3794/4383/3776
f 3794/4383/3776 3825/4418/3807 3869/4469/3851
f 3870/4470/3852 3868/4468/3850 3865/4465/3847
f 3796/4385/3778 3827/4421/3809 3865/4465/3847
f 3726/4311/3708 3827/4421/3809 3796/4385/3778
f 3827/4421/3809 3870/4470/3852 3865/4465/3847
f 3762/4350/3744 3798/4389/3780 3799/4390/3781
f 3870/4470/3852 3827/4421/3809 3871/4471/3853
f 3827/4421/3809 3872/4472/3854 3871/4471/3853
f 3799/4390/3781 3828/4422/3810 3730/4315/3712
f 3800/4391/3782 3872/4472/3854 3827/4421/3809
f 3872/4472/3854 3800/4391/3782 3763/4351/3745
f 3763/4351/3745 3801/4392/3783 3872/4472/3854
f 3872/4472/3854 3801/4392/3783 3873/4473/3855
f 3872/4472/3854 3873/4473/3855 3874/4474/3856
f 3873/4473/3855 3830/4424/3812 3874/4474/3856
f 3874/4474/3856 3830/4424/3812 3802/4393/3784
f 3873/4473/3855 3801/4392/3783 3830/4424/3812
f 3875/4475/3857 3766/4354/3748 3764/4352/3746
f 3802/4393/3784 3803/4394/3785 3876/4476/3858
f 3766/4354/3748 3877/4477/3859 3878/4478/3860
f 3876/4476/3858 3803/4394/3785 3831/4425/3813
f 3735/4320/3717 3879/4479/3861 3831/4425/3813
f 3878/4478/3860 3832/4426/3814 3766/4354/3748
f 3735/4320/3717 3804/4395/3786 3879/4479/3861
f 3832/4426/3814 3878/4478/3860 3880/4480/3862
f 3880/4480/3862 3833/4427/3815 3832/4426/3814
f 3880/4480/3862 3834/4428/3816 3833/4427/3815
f 3806/4397/3788 3737/4322/3719 3881/4481/3863
f 3737/4322/3719 3807/4398/3789 3881/4481/3863
f 3808/4399/3790 3738/4323/3720 3835/4429/3817
f 3835/4429/3817 3810/4401/3792 3882/4482/3864
f 3837/4431/3819 3810/4401/3792 3835/4429/3817
f 3810/4401/3792 3839/4433/3821 3883/4483/3865
f 3810/4401/3792 3739/4324/3721 3839/4433/3821
f 3811/4402/3793 3884/4484/3866 3885/4485/3867
f 3885/4485/3867 3884/4484/3866 3812/4403/3794
f 3811/4402/3793 3886/4486/3868 3884/4484/3866
f 3884/4484/3866 3886/4486/3868 3812/4403/3794
f 3811/4402/3793 3812/4403/3794 3886/4486/3868
f 3812/4403/3794 3840/4434/3822 3887/4487/3869
f 3702/4284/3684 3840/4434/3822 3812/4403/3794
f 3840/4434/3822 3888/4488/3870 3889/4489/3871
f 3838/4432/3820 3890/4490/3872 3813/4404/3795
f 3705/4287/3687 3841/4435/3823 3840/4434/3822
f 3705/4287/3687 3704/4286/3686 3841/4435/3823
f 3813/4491/3795 3890/4492/3872 3891/4493/3873
f 3740/4325/3722 3813/4404/3795 3891/4494/3873
f 3890/4490/3872 3740/4325/3722 3891/4494/3873
f 3740/4325/3722 3890/4490/3872 3842/4436/3824
f 3814/4405/3796 3892/4495/3874 3893/4496/3875
f 3814/4405/3796 3774/4362/3756 3892/4495/3874
f 3892/4495/3874 3774/4362/3756 3894/4497/3876
f 3774/4362/3756 3895/4498/3877 3894/4497/3876
f 3896/4499/3878 3741/4326/3723 3815/4406/3797
f 3897/4500/3879 3898/4501/3880 3741/4326/3723
f 3741/4326/3723 3898/4501/3880 3775/4363/3757
f 3895/4498/3877 3774/4362/3756 3899/4502/3881
f 3899/4502/3881 3774/4362/3756 3844/4438/3826
f 3844/4438/3826 3900/4503/3882 3899/4502/3881
f 3775/4363/3757 3898/4501/3880 3845/4439/3827
f 3898/4504/3880 3846/4505/3828 3845/4506/3827
f 3776/4364/3758 3845/4439/3827 3846/4440/3828
f 3850/4450/3832 3817/4408/3799 3846/4505/3828
f 3901/4507/3883 3847/4441/3829 3902/4508/3884
f 3903/4509/3885 3904/4510/3886 3787/4376/3769
f 3905/4511/3887 3818/4410/3800 3852/4452/3834
f 3817/4408/3799 3850/4450/3832 3819/4411/3801
f 3852/4452/3834 3818/4410/3800 3822/4415/3804
f 3905/4511/3887 3902/4508/3884 3818/4410/3800
f 3847/4441/3829 3818/4410/3800 3902/4508/3884
f 3903/4512/3885 3821/4513/3803 3856/4514/3838
f 3853/4453/3835 3854/4454/3836 3906/4515/3888
f 3907/4516/3889 3789/4378/3771 3908/4517/3890
f 3850/4450/3832 3823/4416/3805 3819/4411/3801
f 3909/4518/3891 3784/4373/3766 3849/4449/3831
f 3909/4518/3891 3851/4451/3833 3784/4373/3766
f 3856/4456/3838 3745/4332/3727 3910/4519/3892
f 3903/4509/3885 3787/4376/3769 3821/4414/3803
f 3857/4457/3839 3792/4381/3774 3787/4376/3769
f 3906/4515/3888 3854/4454/3836 3857/4457/3839
f 3910/4519/3892 3785/4374/3767 3911/4520/3893
f 3745/4332/3727 3785/4374/3767 3910/4519/3892
f 3907/4516/3889 3719/4303/3701 3789/4378/3771
f 3912/4521/3894 3719/4303/3701 3907/4516/3889
f 3719/4303/3701 3912/4521/3894 3852/4452/3834
f 3862/4462/3844 3794/4383/3776 3869/4469/3851
f 3752/4339/3734 3864/4464/3846 3861/4461/3843
f 3869/4469/3851 3825/4418/3807 3858/4458/3840
f 3860/4460/3842 3913/4522/3895 3914/4523/3896
f 3861/4461/3843 3915/4524/3897 3824/4417/3806
f 3725/4310/3707 3916/4525/3898 3864/4464/3846
f 3867/4467/3849 3916/4525/3898 3725/4310/3707
f 3860/4460/3842 3914/4523/3896 3863/4463/3845
f 3824/4417/3806 3913/4522/3895 3860/4460/3842
f 3859/4459/3841 3868/4468/3850 3858/4458/3840
f 3869/4469/3851 3917/4526/3899 3862/4462/3844
f 3862/4462/3844 3917/4526/3899 3918/4527/3900
f 3863/4463/3845 3919/4528/3901 3826/4419/3808
f 3915/4524/3897 3913/4522/3895 3824/4417/3806
f 3867/4467/3849 3920/4529/3902 3916/4525/3898
f 3866/4466/3848 3918/4527/3900 3867/4467/3849
f 3868/4468/3850 3869/4469/3851 3858/4458/3840
f 3861/4461/3843 3921/4530/3903 3915/4524/3897
f 3922/4531/3904 3920/4529/3902 3867/4467/3849
f 3866/4466/3848 3862/4462/3844 3918/4527/3900
f 3863/4463/3845 3923/4532/3905 3919/4528/3901
f 3914/4523/3896 3923/4532/3905 3863/4463/3845
f 3868/4468/3850 3917/4526/3899 3869/4469/3851
f 3870/4470/3852 3871/4471/3853 3868/4468/3850
f 3798/4420/3780 3826/4419/3808 3799/4533/3781
f 3826/4419/3808 3924/4534/3906 3799/4533/3781
f 3826/4419/3808 3919/4528/3901 3924/4534/3906
f 3867/4467/3849 3925/4535/3907 3922/4531/3904
f 3868/4468/3850 3871/4471/3853 3926/4536/3908
f 3921/4530/3903 3927/4537/3909 3915/4524/3897
f 3868/4468/3850 3928/4538/3910 3917/4526/3899
f 3913/4522/3895 3915/4524/3897 3929/4539/3911
f 3864/4464/3846 3921/4530/3903 3861/4461/3843
f 3930/4540/3912 3931/4541/3913 3864/4464/3846
f 3916/4525/3898 3925/4535/3907 3864/4464/3846
f 3918/4527/3900 3925/4535/3907 3867/4467/3849
f 3931/4541/3913 3921/4530/3903 3864/4464/3846
f 3922/4531/3904 3932/4542/3914 3920/4529/3902
f 3871/4471/3853 3872/4472/3854 3926/4536/3908
f 3799/4390/3781 3924/4543/3906 3828/4422/3810
f 3913/4522/3895 3923/4532/3905 3914/4523/3896
f 3925/4535/3907 3930/4540/3912 3864/4464/3846
f 3925/4535/3907 3933/4544/3915 3922/4531/3904
f 3917/4526/3899 3934/4545/3916 3935/4546/3917
f 3920/4529/3902 3932/4542/3914 3916/4525/3898
f 3933/4544/3915 3932/4542/3914 3922/4531/3904
f 3917/4526/3899 3935/4546/3917 3918/4527/3900
f 3928/4538/3910 3936/4547/3918 3917/4526/3899
f 3926/4548/3908 3928/4549/3910 3868/4550/3850
f 3917/4526/3899 3936/4547/3918 3937/4551/3919
f 3913/4522/3895 3929/4539/3911 3923/4532/3905
f 3932/4542/3914 3938/4552/3920 3916/4525/3898
f 3918/4527/3900 3939/4553/3921 3925/4535/3907
f 3927/4537/3909 3929/4539/3911 3915/4524/3897
f 3931/4541/3913 3940/4554/3922 3921/4530/3903
f 3938/4555/3920 3925/2097/3907 3916/4556/3898
f 3932/4542/3914 3925/4535/3907 3938/4552/3920
f 3933/4544/3915 3925/4535/3907 3932/4542/3914
f 3939/4553/3921 3941/4557/3923 3925/4535/3907
f 3918/4527/3900 3941/4557/3923 3939/4553/3921
f 3926/4536/3908 3872/4472/3854 3928/4538/3910
f 3924/4543/3906 3829/4423/3811 3828/4422/3810
f 3930/4540/3912 3940/4554/3922 3931/4541/3913
f 3918/4527/3900 3935/4546/3917 3941/4557/3923
f 3925/4535/3907 3940/4554/3922 3930/4540/3912
f 3925/4535/3907 3941/4557/3923 3940/4554/3922
f 3928/4538/3910 3942/4558/3924 3936/4547/3918
f 3923/4532/3905 3924/4534/3906 3919/4528/3901
f 3929/4539/3911 3924/4534/3906 3923/4532/3905
f 3940/4554/3922 3927/4537/3909 3921/4530/3903
f 3940/4554/3922 3941/4557/3923 3943/4559/3925
f 3937/4551/3919 3934/4545/3916 3917/4526/3899
f 3937/4551/3919 3936/4547/3918 3934/4545/3916
f 3943/4559/3925 3927/4537/3909 3940/4554/3922
f 3934/4545/3916 3941/4557/3923 3935/4546/3917
f 3943/4559/3925 3944/4560/3915 3927/4537/3909
f 3928/4538/3910 3872/4472/3854 3942/4558/3924
f 3943/4559/3926 3945/4561/3927 3944/4560/3915
f 3927/4537/3909 3946/4562/3928 3947/4563/3929
f 3944/4560/3915 3946/4562/3928 3927/4537/3909
f 3944/4560/3915 3945/4561/3927 3946/4562/3928
f 3924/4534/3906 3948/4564/3930 3829/4565/3811
f 3927/4537/3909 3947/4563/3929 3929/4539/3911
f 3946/4562/3928 3949/4566/3915 3947/4563/3929
f 3945/4567/3927 3943/4568/3926 3950/2087/3931
f 3941/4557/3923 3951/4569/3916 3943/4559/3925
f 3941/4557/3923 3934/4545/3916 3952/4570/3932
f 3924/4534/3906 3950/4571/3931 3948/4564/3930
f 3947/4563/3929 3950/4571/3931 3929/4539/3911
f 3949/4566/3915 3950/4571/3931 3947/4563/3929
f 3946/4562/3928 3945/4561/3927 3949/4566/3915
f 3934/4545/3916 3936/4547/3918 3952/4570/3932
f 3952/4570/3932 3953/4572/3933 3941/4557/3923
f 3950/4571/3931 3924/4534/3906 3929/4539/3911
f 3945/4561/3927 3950/4571/3931 3949/4566/3915
f 3936/4547/3918 3953/4572/3933 3952/4570/3932
f 3950/4571/3931 3943/4559/3926 3954/4573/3915
f 3942/4558/3924 3874/4474/3856 3936/4547/3918
f 3941/4557/3923 3953/4572/3933 3955/4574/3934
f 3936/4547/3918 3874/4474/3856 3953/4572/3933
f 3941/4557/3923 3955/4574/3934 3951/4569/3916
f 3874/4474/3856 3955/4574/3934 3953/4572/3933
f 3872/4472/3854 3874/4474/3856 3942/4558/3924
f 3829/4423/3811 3948/4575/3930 3764/4352/3746
f 3943/4559/3926 3956/4576/3935 3954/4573/3915
f 3764/4352/3746 3948/4575/3930 3875/4475/3857
f 3954/4573/3915 3957/4577/3915 3950/4571/3931
f 3957/4577/3915 3958/4578/3936 3950/4571/3931
f 3957/4577/3915 3959/4579/3937 3958/4578/3936
f 3957/4577/3915 3960/4580/3915 3959/4579/3937
f 3958/4581/3936 3959/4582/3937 3950/4583/3931
f 3957/4577/3915 3954/4573/3915 3960/4580/3915
f 3950/4571/3931 3959/4579/3937 3948/4564/3930
f 3943/4444/3926 3961/4584/3938 3956/4585/3935
f 3962/4586/3939 3955/4574/3934 3874/4474/3856
f 3959/4579/3937 3963/4587/3915 3964/4588/3915
f 3960/4580/3915 3965/4589/3915 3959/4579/3937
f 3960/4580/3915 3966/4590/3915 3965/4589/3915
f 3954/4573/3915 3956/4576/3935 3960/4580/3915
f 3951/4569/3916 3967/4591/3928 3943/4559/3925
f 3955/4574/3934 3968/4592/3915 3951/4569/3916
f 3969/4593/3940 3970/4594/3941 3948/4564/3930
f 3959/4579/3937 3969/4593/3940 3948/4564/3930
f 3964/4588/3915 3969/4593/3940 3959/4579/3937
f 3963/4587/3915 3969/4593/3940 3964/4588/3915
f 3965/4589/3915 3963/4587/3915 3959/4579/3937
f 3956/4576/3935 3966/4590/3915 3960/4580/3915
f 3956/4576/3935 3961/4595/3938 3966/4590/3915
f 3943/4559/3925 3967/4591/3928 3961/4595/3915
f 3874/4474/3856 3802/4393/3784 3876/4476/3858
f 3969/4593/3940 3971/4596/3915 3972/4597/3915
f 3963/4587/3915 3971/4596/3915 3969/4593/3940
f 3966/4590/3915 3963/4587/3915 3965/4589/3915
f 3963/4587/3915 3966/4590/3915 3971/4596/3915
f 3968/4592/3915 3967/4591/3928 3951/4569/3916
f 3874/4474/3856 3876/4476/3858 3962/4586/3939
f 3971/4596/3915 3973/4598/3915 3972/4597/3915
f 3966/4590/3915 3974/4599/3915 3971/4596/3915
f 3971/4596/3915 3974/4599/3915 3973/4598/3915
f 3973/4598/3915 3974/4599/3915 3972/4597/3915
f 3875/4475/3857 3948/4575/3930 3975/4600/3942
f 3969/4593/3940 3976/4601/3916 3970/4594/3941
f 3966/4590/3915 3977/4602/3915 3974/4599/3915
f 3955/4574/3934 3978/4603/3915 3968/4592/3915
f 3948/4564/3930 3970/4594/3941 3975/4604/3942
f 3979/4605/3943 3980/4606/3944 3969/4607/3940
f 3961/4595/3915 3977/4602/3915 3966/4590/3915
f 3967/4591/3928 3981/4608/3915 3961/4595/3915
f 3962/4586/3939 3978/4603/3915 3955/4574/3934
f 3969/4593/3940 3972/4597/3915 3979/4609/3943
f 3974/4599/3915 3977/4602/3915 3961/4595/3915
f 3968/4592/3915 3982/4610/3915 3967/4591/3928
f 3980/4606/3944 3983/4611/3945 3969/4607/3940
f 3972/4597/3915 3980/4612/3944 3979/4609/3943
f 3974/4599/3915 3983/4613/3915 3972/4597/3915
f 3984/4614/3915 3983/4613/3915 3974/4599/3915
f 3968/4592/3915 3985/4615/3915 3982/4610/3915
f 3972/4597/3915 3983/4613/3945 3980/4612/3944
f 3982/4610/3915 3981/4608/3915 3967/4591/3928
f 3983/4613/3945 3986/4616/3922 3969/4593/3940
f 3984/4614/3915 3987/4617/3915 3983/4613/3915
f 3981/4608/3915 3985/4615/3915 3988/4618/3915
f 3982/4610/3915 3985/4615/3915 3981/4608/3915
f 3978/4603/3915 3962/4586/3939 3968/4592/3915
f 3983/4613/3915 3989/4619/3915 3986/4616/3922
f 3987/4617/3915 3989/4619/3915 3983/4613/3915
f 3968/4592/3915 3962/4586/3939 3990/4620/3915
f 3969/4593/3940 3986/4616/3922 3976/4601/3916
f 3989/4619/3915 3991/4621/3915 3986/4616/3922
f 3987/4617/3915 3992/4622/3915 3989/4619/3915
f 3989/4619/3915 3992/4622/3915 3991/4621/3915
f 3961/4595/3915 3984/4614/3915 3974/4599/3915
f 3961/4595/3915 3993/4623/3915 3984/4614/3915
f 3981/4608/3915 3988/4618/3915 3961/4595/3915
f 3991/4621/3915 3994/4624/3915 3986/4616/3922
f 3992/4622/3915 3994/4624/3915 3991/4621/3915
f 3961/4595/3915 3995/4625/3915 3993/4623/3915
f 3988/4618/3915 3985/4615/3915 3996/4626/3915
f 3875/4627/3857 3975/4604/3942 3877/4628/3859
f 3997/4629/3946 3970/4594/3941 3976/4601/3916
f 3998/4630/3915 3987/4617/3915 3984/4614/3915
f 3968/4592/3915 3990/4620/3915 3985/4615/3915
f 3993/4623/3915 3998/4630/3915 3984/4614/3915
f 3988/4618/3915 3996/4626/3915 3999/4631/3915
f 3990/4620/3915 4000/4632/3915 3985/4615/3915
f 3875/4475/3857 3877/4477/3859 3766/4354/3748
f 3994/4624/3915 3976/4601/3916 3986/4616/3922
f 3998/4630/3915 3992/4622/3915 3987/4617/3915
f 3993/4623/3915 3995/4625/3915 3998/4630/3915
f 3988/4618/3915 3995/4625/3915 3961/4595/3915
f 3999/4631/3915 3995/4625/3915 3988/4618/3915
f 3996/4626/3915 3985/4615/3915 3999/4631/3915
f 3990/4620/3915 3962/4586/3939 4000/4632/3915
f 3994/4624/3915 3992/4622/3915 4001/4633/3915
f 3995/4625/3915 4002/4634/3915 3998/4630/3915
f 3999/4631/3947 4003/4635/3948 3995/4625/3915
f 3962/4586/3939 3876/4476/3858 4004/4636/3949
f 3994/4624/3915 4005/4637/3929 3976/4601/3916
f 3994/4624/3915 4006/4638/3915 4005/4637/3929
f 4001/4639/3915 4006/780/3915 3994/4640/3915
f 4007/4641/3915 4001/4633/3915 3992/4622/3915
f 4000/4632/3915 4008/4642/3915 3985/4615/3915
f 4000/4632/3915 3962/4586/3939 4008/4642/3915
f 3876/4476/3858 4009/4643/3950 4004/4636/3949
f 4004/4636/3949 4009/4643/3950 3962/4586/3939
f 3997/4629/3946 4010/4644/3951 3970/4594/3941
f 4007/4641/3915 4006/4638/3915 4001/4633/3915
f 4002/4634/3915 3992/4622/3915 3998/4630/3915
f 3985/4615/3915 4008/4642/3915 3999/4631/3915
f 3975/4604/3942 4011/4645/3952 3877/4628/3859
f 4005/4637/3929 4012/4646/3928 3976/4601/3916
f 4002/4634/3915 4007/4641/3915 3992/4622/3915
f 4003/4635/3948 4002/4634/3915 3995/4625/3915
f 3999/4647/3947 4013/4648/3953 4003/4649/3948
f 4008/4642/3915 4014/4650/3915 3999/4631/3915
f 3962/4586/3939 4015/4651/3954 4008/4642/3915
f 3962/4586/3939 4009/4643/3950 4015/4651/3954
f 3970/4594/3941 4011/4645/3952 3975/4604/3942
f 4010/4644/3951 4011/4645/3952 3970/4594/3941
f 3976/4601/3916 4012/4646/3928 4016/4652/3916
f 4005/4637/3929 4017/4653/3915 4012/4646/3928
f 4006/4638/3915 4017/4653/3915 4005/4637/3929
f 4006/4638/3915 4018/4654/3955 4017/4653/3915
f 3999/4631/3947 4019/4655/3915 4013/4656/3953
f 3999/4631/3915 4014/4650/3915 4019/4655/3915
f 4007/4641/3915 4018/4654/3955 4006/4638/3915
f 4019/4655/3915 4020/4657/3915 4013/4656/3953
f 3997/4629/3946 4021/4658/3956 4010/4644/3951
f 4017/4653/3915 4016/4652/3916 4012/4646/3928
f 4014/4650/3915 4020/4657/3915 4019/4655/3915
f 4008/4642/3915 4022/4659/3957 4014/4650/3915
f 4013/4648/3953 4023/4660/3958 4003/4649/3948
f 4014/4650/3915 4022/4659/3957 4020/4657/3915
f 4008/4642/3915 4015/4651/3954 4022/4659/3957
f 3876/4476/3858 3831/4425/3813 4009/4643/3950
f 4021/4658/3956 4024/4661/3959 4010/4644/3951
f 4017/4653/3915 4025/4662/3915 4016/4652/3916
f 4017/4653/3915 4018/4654/3955 4025/4662/3915
f 4007/4641/3915 4002/4634/3960 4018/4654/3955
f 4023/4663/3958 4002/4634/3915 4003/4635/3948
f 4013/4656/3953 4026/4664/3961 4023/4663/3958
f 4020/4657/3915 4026/4664/3961 4013/4656/3953
f 4024/4661/3959 4011/4645/3952 4010/4644/3951
f 4018/4654/3955 4027/4665/3962 4028/4666/3915
f 4018/4667/3955 4002/4668/3960 4027/2166/3962
f 4022/4659/3957 4026/4664/3961 4020/4657/3915
f 3877/4628/3859 4011/4645/3952 4029/4669/3963
f 3976/4601/3916 4021/4658/3956 3997/4629/3946
f 4016/4652/3916 4021/4658/3956 3976/4601/3916
f 4025/4662/3915 4030/4670/3964 4016/4652/3916
f 4028/4666/3915 4025/4662/3915 4018/4654/3955
f 4028/4666/3915 4027/4665/3915 4025/4662/3915
f 4026/4664/3961 4031/4671/3915 4023/4663/3958
f 4026/4664/3961 4022/4659/3957 4031/4671/3915
f 4030/4670/3964 4021/4658/3956 4016/4652/3916
f 4027/4665/3915 4032/4672/3915 4025/4662/3915
f 4023/4663/3958 4033/4673/3965 4002/4634/3915
f 4015/4651/3954 4009/4643/3950 4022/4659/3957
f 4025/4662/3915 4032/4672/3915 4030/4670/3964
f 4033/4673/3965 4027/4665/3915 4002/4634/3915
f 4031/4671/3915 4022/4659/3957 4034/4674/3966
f 3877/4477/3859 4029/4675/3963 3878/4478/3860
f 4024/4661/3959 4030/4670/3964 4011/4645/3952
f 4031/4671/3915 4035/4676/3965 4023/4663/3958
f 4027/4665/3967 4036/4677/3968 4032/4672/3915
f 4027/4678/3967 4033/4679/3969 4036/4680/3968
f 4035/4676/3965 4037/4681/3915 4023/4663/3958
f 4035/4676/3965 4038/4682/3915 4037/4681/3915
f 4031/4671/3915 4038/4682/3915 4035/4676/3965
f 4034/4674/3966 4038/4682/3915 4031/4671/3915
f 4030/4683/3964 4024/4684/3959 4021/4685/3956
f 4023/4663/3958 4037/4681/3915 4039/4686/3928
f 4040/4687/3970 4029/4669/3963 4011/4645/3952
f 4041/4688/3971 4033/4673/3971 4023/4663/3971
f 4023/4663/3958 4039/4686/3928 4041/4688/3928
f 4034/4674/3966 4042/4689/3972 4038/4682/3915
f 4036/4677/3968 4033/4673/3969 4032/4672/3915
f 4041/4688/3928 4043/4690/3973 4033/4673/3974
f 4039/4686/3928 4043/4690/3973 4041/4688/3928
f 4039/4686/3928 4044/4691/3915 4043/4690/3973
f 4037/4681/3915 4044/4691/3915 4039/4686/3928
f 4038/4682/3915 4042/4689/3972 4037/4681/3915
f 4034/4674/3966 4022/4659/3957 4009/4643/3950
f 4030/4670/3964 4045/4692/3975 4011/4645/3952
f 4034/4674/3966 4009/4643/3950 4042/4689/3972
f 4029/4669/3963 4046/4693/3976 4047/4694/3977
f 4032/4672/3915 4048/4695/3915 4030/4670/3964
f 4033/4673/3915 4048/4695/3915 4032/4672/3915
f 4037/4681/3915 4049/4696/3915 4044/4691/3915
f 4011/4645/3952 4050/4697/3978 4040/4687/3970
f 4045/4692/3975 4050/4697/3978 4011/4645/3952
f 4051/4698/3915 4045/4692/3975 4030/4670/3964
f 4033/4673/3915 4049/4696/3915 4048/4695/3915
f 4042/4689/3972 4009/4643/3950 4052/4699/3979
f 4043/4700/3973 4049/4701/3980 4033/4702/3974
f 4044/4691/3915 4049/4696/3980 4043/4690/3973
f 4051/4698/3915 4050/4697/3978 4045/4692/3975
f 4030/4670/3964 4048/4695/3915 4051/4698/3915
f 4029/4669/3963 4040/4687/3970 4046/4693/3976
f 4037/4681/3915 4052/4699/3979 4049/4696/3915
f 4040/4687/3970 4050/4697/3978 4046/4693/3976
f 4051/4698/3915 4053/4703/3915 4050/4697/3978
f 4048/4695/3915 4053/4703/3915 4051/4698/3915
f 4042/4689/3972 4052/4699/3979 4037/4681/3915
f 4050/4697/3978 4053/4703/3915 4054/4704/3915
f 4048/4695/3915 4055/4705/3915 4053/4703/3915
f 4048/4695/3915 4056/4706/3981 4055/4705/3915
f 4049/4696/3915 4056/4706/3981 4048/4695/3915
f 4052/4699/3979 4057/4707/3982 4049/4696/3915
f 4053/4703/3915 4058/4708/3915 4054/4704/3915
f 4053/4703/3915 4055/4705/3915 4058/4708/3915
f 4049/4696/3915 4057/4707/3982 4056/4706/3981
f 4009/4643/3950 3879/4479/3861 4052/4699/3979
f 4050/4697/3978 4054/4704/3915 4046/4693/3976
f 4046/4693/3976 4059/4709/3983 4047/4694/3977
f 4055/4705/3915 4060/4710/3915 4061/4711/3915
f 4055/4705/3915 4056/4706/3981 4060/4710/3915
f 4057/4707/3982 3879/4479/3861 4056/4706/3981
f 4052/4699/3979 3879/4479/3861 4057/4707/3982
f 4046/4693/3976 4062/4712/3984 4059/4709/3983
f 4054/4704/3915 4062/4712/3984 4046/4693/3976
f 4054/4704/3915 4063/4713/3915 4062/4712/3915
f 4064/4714/3915 4063/4713/3915 4054/4704/3915
f 4055/4705/3915 4063/4713/3915 4058/4708/3915
f 3831/4425/3813 3879/4479/3861 4009/4643/3950
f 4029/4675/3963 4065/4715/3985 3878/4478/3860
f 4065/4716/3985 4066/4717/3986 3878/4718/3860
f 4047/4694/3977 4065/4716/3985 4029/4669/3963
f 4062/4719/3984 4067/4720/3987 4059/4721/3983
f 4062/4712/3984 4068/4722/3915 4067/4723/3987
f 4062/4712/3915 4063/4713/3915 4068/4722/3915
f 4058/4708/3915 4063/4713/3915 4054/4704/3915
f 4060/4710/3915 4069/4724/3915 4061/4711/3915
f 4056/4706/3981 4069/4724/3915 4060/4710/3915
f 4066/4725/3986 4070/4726/3988 3878/4727/3860
f 4055/4705/3915 4071/4728/3915 4063/4713/3915
f 4055/4705/3915 4072/4729/3915 4071/4728/3915
f 4061/4711/3915 4072/4729/3915 4055/4705/3915
f 4047/4694/3977 4073/4730/3989 4065/4716/3985
f 4068/4722/3915 4059/4709/3983 4067/4723/3987
f 4068/4722/3915 4074/4731/3915 4059/4709/3915
f 4063/4713/3915 4074/4731/3915 4068/4722/3915
f 4061/4732/3990 4075/4733/3991 4072/4734/3992
f 4065/4716/3985 4070/4735/3988 4066/4717/3986
f 4063/4713/3915 4076/4736/3915 4074/4731/3915
f 4071/4728/3915 4076/4736/3915 4063/4713/3915
f 4075/4737/3991 4077/4738/3915 4072/4729/3992
f 4061/4711/3990 4077/4738/3915 4075/4737/3991
f 4073/4730/3989 4047/4694/3977 4078/4739/3925
f 4059/4709/3983 4079/4740/3915 4047/4694/3977
f 4074/4731/3915 4079/4740/3915 4059/4709/3915
f 4074/4731/3915 4076/4736/3915 4079/4740/3915
f 3879/4479/3861 4080/4741/3993 4056/4706/3981
f 4077/4738/3915 4081/4742/3915 4072/4729/3915
f 4078/4739/3925 4065/4716/3985 4073/4730/3989
f 4047/4694/3977 4082/4743/3994 4078/4739/3925
f 4079/4740/3915 4083/4744/3915 4047/4694/3977
f 4071/4728/3915 4072/4729/3915 4076/4736/3915
f 4061/4711/3915 4081/4742/3915 4077/4738/3915
f 4069/4724/3915 4081/4742/3915 4061/4711/3915
f 4080/4741/3993 4069/4724/3915 4056/4706/3981
f 4076/4736/3915 4084/4745/3915 4079/4740/3915
f 4081/4742/3915 4085/4746/3915 4072/4729/3915
f 4069/4724/3915 4080/4741/3993 4081/4742/3915
f 4085/4746/3915 4086/4747/3915 4072/4729/3915
f 4079/4740/3915 4087/4748/3915 4083/4744/3915
f 4084/4745/3915 4088/4749/3915 4079/4740/3915
f 4078/4739/3925 4082/4743/3994 4065/4716/3985
f 4087/4748/3915 4089/4750/3915 4083/4744/3915
f 4079/4740/3915 4088/4749/3915 4087/4748/3915
f 4084/4745/3915 4090/4751/3915 4088/4749/3915
f 4084/4745/3915 4076/4736/3915 4090/4751/3915
f 4072/4729/3915 4086/4747/3915 4076/4736/3915
f 4081/4742/3915 4091/4752/3915 4085/4746/3915
f 4090/4751/3915 4092/4753/3915 4088/4749/3915
f 4076/4736/3915 4093/4754/3915 4090/4751/3915
f 4085/4746/3915 4094/4755/3915 4086/4747/3915
f 4080/4741/3993 4091/4752/3915 4081/4742/3915
f 4047/4694/3977 4083/4744/3915 4082/4743/3994
f 4090/4751/3915 4095/4756/3915 4092/4753/3915
f 4090/4751/3915 4093/4754/3915 4095/4756/3915
f 4076/4736/3915 4096/4757/3915 4093/4754/3915
f 4091/4752/3915 4094/4755/3915 4085/4746/3915
f 4088/4749/3915 4097/4758/3915 4087/4748/3915
f 4088/4749/3915 4092/4753/3915 4097/4758/3915
f 4093/4754/3915 4098/4759/3915 4095/4756/3915
f 4096/4757/3915 4098/4759/3915 4093/4754/3915
f 4065/4716/3985 4082/4743/3994 4070/4735/3988
f 4097/4758/3915 4099/4760/3915 4087/4748/3915
f 4095/4756/3915 4098/4759/3915 4092/4753/3915
f 4096/4757/3915 4100/4761/3915 4098/4759/3915
f 4086/4747/3915 4100/4761/3915 4096/4757/3915
f 4086/4747/3915 4096/4757/3915 4076/4736/3915
f 4086/4747/3915 4101/4762/3915 4102/4763/3915
f 4094/4755/3915 4101/4762/3915 4086/4747/3915
f 4094/4755/3915 4091/4752/3915 4103/4764/3915
f 4080/4741/3993 4104/4765/3915 4091/4752/3915
f 4101/4762/3915 4105/4766/3915 4086/4747/3915
f 4094/4755/3915 4103/4764/3915 4101/4762/3915
f 4091/4752/3915 4106/4767/3915 4103/4764/3915
f 4098/4759/3915 4107/4768/3915 4092/4753/3915
f 4098/4759/3915 4108/4769/3915 4107/4768/3915
f 4098/4759/3915 4100/4761/3915 4108/4769/3915
f 4103/4764/3915 4109/4770/3915 4101/4762/3915
f 4103/4764/3915 4106/4767/3915 4109/4770/3915
f 4091/4752/3915 4104/4765/3915 4106/4767/3915
f 4083/4744/3915 4089/4750/3915 4082/4743/3994
f 4105/4766/3915 4100/4761/3915 4086/4747/3915
f 4105/4766/3915 4110/4771/3915 4100/4761/3915
f 4101/4762/3915 4110/4771/3915 4105/4766/3915
f 4104/4765/3915 4111/4772/3915 4106/4767/3915
f 4107/4768/3915 4112/4773/3915 4092/4753/3915
f 4089/4750/3915 4113/4774/3915 4082/4743/3994
f 4112/4773/3915 4114/4775/3915 4092/4753/3915
f 4110/4771/3915 4115/4776/3915 4100/4761/3915
f 4101/4762/3915 4115/4776/3915 4110/4771/3915
f 4109/4770/3915 4116/4777/3995 4101/4762/3915
f 4101/4762/3915 4116/4777/3995 4115/4776/3915
f 4111/4772/3915 4109/4770/3915 4106/4767/3915
f 4104/4765/3915 4080/4741/3993 4117/4778/3996
f 4115/4776/3915 4118/4779/3915 4100/4761/3915
f 4115/4776/3915 4119/4780/3915 4118/4779/3915
f 4116/4777/3995 4119/4780/3915 4115/4776/3915
f 4092/4753/3915 4099/4760/3915 4097/4758/3915
f 4118/4779/3915 4108/4769/3915 4100/4761/3915
f 4118/4779/3915 4119/4780/3915 4108/4769/3915
f 4082/4743/3994 4120/4781/3997 4070/4735/3988
f 4112/4773/3915 4121/4782/3915 4114/4775/3915
f 4108/4769/3915 4112/4773/3915 4107/4768/3915
f 4119/4780/3915 4122/4783/3915 4108/4769/3915
f 4070/4735/3988 3880/4784/3862 3878/4718/3860
f 4089/4750/3915 4123/4785/3915 4113/4774/3915
f 4123/4785/3915 4089/4750/3915 4087/4748/3915
f 4114/4775/3915 4099/4760/3915 4092/4753/3915
f 4124/4786/3998 4099/4760/3915 4114/4775/3999
f 4121/4782/3915 4125/4787/3915 4114/4775/3915
f 4113/4774/3915 4120/4781/3997 4082/4743/3994
f 4124/4786/3998 4126/4788/3915 4099/4760/3915
f 4124/4786/3998 4127/4789/4000 4126/4788/3915
f 4114/1780/3999 4125/4790/4001 4124/4791/3998
f 4112/4773/3915 4128/4792/3915 4121/4782/3915
f 4108/4769/3915 4128/4792/3915 4112/4773/3915
f 4122/4783/3915 4129/4793/3915 4108/4769/3915
f 4119/4780/3915 4130/4794/4002 4122/4783/3915
f 4116/4777/3995 4130/4794/4002 4119/4780/3915
f 4111/4772/3915 4117/4778/3996 4109/4770/3915
f 4080/4741/3993 3881/4481/3863 4117/4778/3996
f 4113/4774/3915 4123/4785/3915 4120/4781/3997
f 4099/4760/3915 4131/4795/3915 4087/4748/3915
f 4126/4788/3915 4131/4795/3915 4099/4760/3915
f 4124/4791/3998 4125/4790/4001 4127/4796/4000
f 4129/4793/3915 4132/4797/3995 4108/4769/3915
f 4104/4765/3915 4117/4778/3996 4111/4772/3915
f 4080/4741/3993 3879/4479/3861 3804/4395/3786
f 4126/4788/3915 4133/4798/3915 4131/4795/3915
f 4108/4769/3915 4134/4799/3915 4128/4792/3915
f 4132/4797/3995 4134/4799/3915 4108/4769/3915
f 4109/4770/3915 4130/4794/4002 4116/4777/3995
f 4131/4795/3915 4123/4785/3915 4087/4748/3915
f 4121/4782/3915 4128/4792/3915 4125/4787/3915
f 4120/4781/3997 3880/4784/3862 4070/4735/3988
f 4133/4798/3915 4135/4800/3915 4131/4795/3915
f 4127/4789/4000 4133/4798/3915 4126/4788/3915
f 4125/4787/4001 4136/4801/3915 4127/4789/4000
f 4127/4789/4000 4136/4801/3915 4133/4798/3915
f 4128/4792/3915 4134/4799/3915 4125/4787/3915
f 4122/4783/3915 4130/4794/4002 4129/4793/3915
f 3804/4395/3786 3881/4481/3863 4080/4741/3993
f 4131/4795/3915 4135/4800/3915 4123/4785/3915
f 4129/4793/3915 4130/4794/4002 4132/4797/3995
f 4117/4778/3996 4130/4794/4002 4109/4770/3915
f 4134/4799/3915 4137/4802/3915 4138/4803/3915
f 4132/4797/3995 4137/4802/3915 4134/4799/3915
f 4130/4794/4002 4137/4802/3915 4132/4797/3995
f 4130/4794/4002 4117/4778/3996 3881/4481/3863
f 4134/4799/3915 4138/4803/3915 4125/4787/3915
f 3804/4395/3786 3806/4397/3788 3881/4481/3863
f 4120/4781/3997 4139/4804/3915 4140/4805/4003
f 4123/4785/3915 4139/4804/3915 4120/4781/3997
f 4137/4802/3915 4141/4806/3909 4138/4803/3915
f 4130/4794/4002 4141/4806/3909 4137/4802/3915
f 4141/4806/3909 4142/4807/3915 4138/4803/3915
f 4136/4801/3915 4143/4808/3915 4133/4798/3915
f 4125/4787/3915 4143/4808/3915 4136/4801/3915
f 4125/4787/3915 4138/4803/3915 4143/4808/3915
f 4142/4807/3915 4141/4806/3909 4144/4809/4004
f 4123/4785/3915 4133/4798/3915 4139/4804/3915
f 4138/4803/3915 4145/4810/3915 4143/4808/3915
f 4142/4807/3915 4146/4811/3915 4138/4803/3915
f 4142/4807/3915 4144/4809/4004 4146/4811/3915
f 4143/4808/3915 4147/4812/3915 4133/4798/3915
f 4143/4808/3915 4145/4810/3915 4147/4812/3915
f 4130/4794/4002 4144/4809/4004 4141/4806/3909
f 4120/4781/3997 4140/4805/4003 3880/4784/3862
f 4140/4805/4003 4139/4804/3915 4148/4813/3915
f 4133/4798/3915 4148/4813/3915 4139/4804/3915
f 4135/4800/3915 4133/4798/3915 4123/4785/3915
f 4138/4803/3915 4149/4814/3915 4145/4810/3915
f 3880/4784/3862 4150/4815/4005 3834/4816/3816
f 3880/4784/3862 4140/4805/4003 4150/4815/4005
f 4133/4798/3915 4151/4817/3915 4148/4813/3915
f 4147/4812/3915 4152/4818/3915 4133/4798/3915
f 4147/4812/3915 4145/4810/3915 4152/4818/3915
f 4149/4814/3915 4153/4819/3915 4145/4810/3915
f 4130/4794/4002 3881/4481/3863 4144/4809/4004
f 4148/4813/3915 4154/4820/4006 4140/4805/4003
f 4133/4798/3915 4155/4821/3915 4156/4822/3915
f 4152/4818/3915 4155/4821/3915 4133/4798/3915
f 4157/4823/4007 4158/4824/3915 4145/4810/4008
f 4146/4811/3915 4159/4825/3915 4138/4803/3915
f 4157/4823/4007 4160/4826/4009 4158/4824/3915
f 4145/4827/4008 4160/4828/4009 4157/4829/4007
f 4144/4809/4004 4159/4825/3915 4146/4811/3915
f 4156/4822/3915 4161/4830/3915 4133/4798/3915
f 4155/4821/3915 4162/4831/3915 4156/4822/3915
f 4145/4810/3915 4158/4824/3915 4152/4818/3915
f 4145/4810/3915 4163/4832/3915 4160/4826/3915
f 4151/4817/3915 4164/4833/3978 4148/4813/3915
f 4152/4818/3915 4165/4834/3915 4155/4821/3915
f 4153/4819/3915 4163/4832/3915 4145/4810/3915
f 4149/4814/3915 4163/4832/3915 4153/4819/3915
f 4144/4809/4004 4166/4835/3915 4159/4825/3915
f 4155/4821/3915 4165/4834/3915 4162/4831/3915
f 4150/4815/4005 4167/4836/4010 3834/4816/3816
f 4154/4820/4006 4164/4833/3978 4140/4805/4003
f 4148/4813/3915 4164/4833/3978 4154/4820/4006
f 4133/4798/3915 4161/4830/3915 4168/4837/3915
f 4162/4831/3915 4161/4830/3915 4156/4822/3915
f 4163/4832/3915 4158/4824/3915 4160/4826/3915
f 4149/4814/3915 4138/4803/3915 4163/4832/3915
f 4167/4836/4010 4169/4838/4011 3834/4816/3816
f 4140/4805/4003 4164/4833/3978 4150/4815/4005
f 4162/4831/3915 4170/4839/3915 4161/4830/3915
f 4159/4825/3915 4171/4840/3915 4138/4803/3915
f 4159/4825/3915 4172/4841/3915 4171/4840/3915
f 4144/4809/4004 4173/4842/4012 4166/4835/3915
f 4165/4834/3915 4170/4839/3915 4162/4831/3915
f 4163/4832/3915 4174/4843/3915 4175/4844/3915
f 4166/4835/3915 4172/4841/3915 4159/4825/3915
f 4166/4835/3915 4176/4845/4013 4172/4841/3915
f 4150/4815/4005 4177/4846/4014 4167/4836/4010
f 4133/4798/3915 4178/4847/3915 4151/4817/3915
f 4168/4837/3915 4178/4847/3915 4133/4798/3915
f 4158/4824/3915 4165/4834/3915 4152/4818/3915
f 4174/4843/3915 4163/4832/3915 4179/4848/3915
f 4166/4835/3915 4173/4842/4012 4176/4845/4013
f 3807/4398/3789 3882/4482/3864 3881/4481/3863
f 4150/4815/4005 4180/4849/4015 4177/4846/4014
f 4150/4815/4005 4164/4833/3978 4180/4849/4015
f 4178/4847/3915 4164/4833/3978 4151/4817/3915
f 4170/4839/3915 4181/4850/3915 4161/4830/3915
f 4158/4824/3915 4182/4851/3915 4165/4834/3915
f 4165/4834/3915 4182/4851/3915 4183/4852/3915
f 4175/4844/3915 4182/4851/3915 4163/4832/3915
f 4174/4843/3915 4179/4848/3915 4175/4844/3915
f 4138/4803/3915 4171/4840/3915 4163/4832/3915
f 4181/4850/3915 4168/4837/3915 4161/4830/3915
f 4165/4834/3915 4183/4852/3915 4170/4839/3915
f 4158/4824/3915 4163/4832/3915 4182/4851/3915
f 4182/4851/3915 4184/4853/3915 4185/4854/3915
f 4175/4844/3915 4184/4853/3915 4182/4851/3915
f 4175/4844/3915 4179/4848/3915 4184/4853/3915
f 4163/4832/3915 4186/4855/3915 4179/4848/3915
f 4172/4841/3915 4176/4845/4013 4171/4840/3915
f 4183/4852/3915 4182/4851/3915 4187/4856/3915
f 4186/4855/3915 4188/4857/3915 4179/4848/3915
f 4144/4809/4004 3881/4481/3863 4173/4842/4012
f 4170/4839/3915 4189/4858/3915 4181/4850/3915
f 4184/4853/3915 4190/4859/3915 4185/4854/3915
f 4178/4847/3915 4191/4860/3915 4164/4833/3978
f 4181/4850/3915 4192/4861/3915 4168/4837/3915
f 4181/4850/3915 4189/4858/3915 4192/4861/3915
f 4183/4852/3915 4193/4862/3915 4170/4839/3915
f 4187/4856/3915 4193/4862/3915 4183/4852/3915
f 4185/4854/3915 4194/4863/3915 4182/4851/3915
f 4164/4833/3978 4177/4846/4014 4180/4849/4015
f 4192/4861/3915 4178/4847/3915 4168/4837/3915
f 4193/4862/3915 4189/4858/3915 4170/4839/3915
f 4171/4840/3915 4186/4855/3915 4163/4832/3915
f 4171/4840/3915 4195/4864/4016 4186/4855/3915
f 4171/4840/3915 4176/4845/4013 4195/4864/4016
f 4196/4865/4017 4195/4864/4016 4176/4845/4013
f 3807/4398/3789 3835/4429/3817 3882/4482/3864
f 4178/4847/3915 4197/4866/3915 4191/4860/3915
f 4192/4861/3915 4198/4867/3915 4178/4847/3915
f 4189/4858/3915 4199/4868/3915 4192/4861/3915
f 4192/4861/3915 4199/4868/3915 4198/4867/3915
f 4189/4858/3915 4193/4862/3915 4200/4869/3915
f 4178/4847/3915 4198/4867/3915 4197/4866/3915
f 4189/4858/3915 4200/4869/3915 4199/4868/3915
f 4179/4848/3915 4190/4859/3915 4184/4853/3915
f 3834/4428/3816 4169/4870/4011 3769/4357/3751
f 4182/4851/3915 4193/4862/3915 4187/4856/3915
f 4190/4859/3915 4194/4863/3915 4185/4854/3915
f 4186/4855/3915 4201/4871/3915 4188/4857/3915
f 3769/4582/3751 4169/4872/4011 4202/4873/4018
f 4199/4868/3915 4197/4866/3915 4198/4867/3915
f 4199/4868/3915 4203/4874/3915 4197/4866/3915
f 4200/4869/3915 4203/4874/3915 4199/4868/3915
f 4194/4863/3915 4193/4862/3915 4182/4851/3915
f 4191/4860/3915 4204/4875/3915 4164/4833/3978
f 4193/4862/3915 4203/4874/3915 4200/4869/3915
f 4179/4848/3915 4188/4857/3915 4190/4859/3915
f 4196/4865/4017 4205/4876/4019 4195/4864/4016
f 4203/4874/3915 4206/4877/3915 4197/4866/3915
f 4195/4864/4016 4207/4878/4020 4186/4855/3915
f 4176/4845/4013 4205/4876/4019 4196/4865/4017
f 4173/4842/4012 4205/4876/4019 4176/4845/4013
f 4177/4846/4014 4169/4838/4011 4167/4836/4010
f 4164/4833/3978 4208/4879/4021 4177/4846/4014
f 4204/4875/4022 4208/4879/4021 4164/4833/3978
f 4191/4860/3915 4209/4880/3915 4204/4875/3915
f 4191/4860/3915 4197/4866/3915 4209/4880/3915
f 4193/4862/3915 4206/4877/3915 4203/4874/3915
f 4190/4859/3915 4210/4881/3915 4194/4863/3915
f 4186/4855/3915 4207/4878/4020 4201/4871/3915
f 4195/4864/4016 4205/4876/4019 4207/4878/4020
f 4204/4882/4022 4211/4883/4023 4208/3593/4021
f 4209/4880/3915 4197/4866/3915 4204/4875/3915
f 4206/4877/3915 4212/4884/3915 4197/4866/3915
f 4193/4862/3915 4213/4885/3915 4206/4877/3915
f 4194/4863/3915 4210/4881/3915 4193/4862/3915
f 4177/4846/4014 4208/4879/4021 4169/4838/4011
f 4214/4886/3915 4204/4875/3915 4197/4866/3915
f 4214/4886/3915 4197/4866/3915 4215/4887/3915
f 4215/4887/3915 4197/4866/3915 4216/4888/3915
f 4216/4888/3915 4197/4866/3915 4212/4884/3915
f 4213/4885/3915 4212/4884/3915 4206/4877/3915
f 4213/4885/3915 4193/4862/3915 4210/4881/3915
f 4215/4887/3915 4216/4888/3915 4214/4886/3915
f 4213/4885/3915 4210/4881/3915 4212/4884/3915
f 4217/4889/3915 4188/4857/3915 4201/4871/3915
f 3881/4481/3863 3882/4482/3864 4173/4842/4012
f 4216/4888/3915 4218/4890/4024 4214/4886/3915
f 4212/4884/3915 4219/4891/3915 4216/4888/3915
f 4210/4881/3915 4219/4891/3915 4212/4884/3915
f 4220/4892/4025 4201/4871/3915 4207/4878/4020
f 4216/4888/3915 4221/4893/4026 4218/4890/4024
f 4216/4888/3915 4222/4894/4027 4221/4893/4026
f 4219/4891/3915 4222/4894/4027 4216/4888/3915
f 4220/4892/4025 4217/4889/3915 4201/4871/3915
f 4173/4842/4012 3882/4482/3864 4205/4876/4019
f 4169/4895/4011 4223/4896/4028 4202/4897/4018
f 4224/4898/3915 4225/4899/3915 4214/4886/3915
f 4219/4891/3915 4226/4900/3915 4222/4894/4027
f 4205/4876/4019 4220/4892/4025 4207/4878/4020
f 4169/4838/4011 4208/4879/4021 4223/4901/4028
f 4211/4902/4023 4214/4886/4029 4208/4879/4021
f 4211/4902/3915 4204/4875/3915 4214/4886/3915
f 4214/4903/3915 4218/4904/4024 4224/4905/3915
f 4226/4900/3915 4227/4906/3915 4222/4894/4027
f 4219/4891/3915 4227/4906/3915 4226/4900/3915
f 4219/4891/3915 4210/4881/3915 4227/4906/3915
f 4218/4890/4024 4225/4899/3915 4224/4898/3915
f 4228/4907/3994 4225/4899/3915 4218/4890/4024
f 4222/4894/4027 4229/4908/3915 4221/4893/4026
f 4227/4906/3915 4229/4908/3915 4222/4894/4027
f 4210/4881/3915 4190/4859/3915 4227/4906/3915
f 4188/4857/3915 4230/4909/3915 4190/4859/3915
f 4188/4857/3915 4217/4889/3915 4231/4910/3915
f 4232/4911/4030 4233/4912/4031 4218/4890/4024
f 4221/4893/4026 4232/4911/4030 4218/4890/4024
f 4220/4892/4025 4234/4913/3915 4217/4889/3915
f 4208/4879/4021 4235/4914/4032 4223/4901/4028
f 4208/4879/4021 4214/4886/4029 4235/4914/4032
f 4229/4908/3915 4236/4915/4033 4221/4893/4026
f 4190/4859/3915 4237/4916/3915 4227/4906/3915
f 4231/4910/3915 4230/4909/3915 4188/4857/3915
f 4217/4889/3915 4234/4913/3915 4231/4910/3915
f 4214/4917/4029 4238/4918/4034 4235/4919/4032
f 4228/4907/3994 4239/4920/3923 4225/4899/3915
f 4218/4890/4024 4233/4912/4031 4228/4907/3994
f 4229/4908/3915 4240/4921/3915 4236/4915/4033
f 4237/4916/3915 4241/4922/3915 4227/4906/3915
f 4190/4859/3915 4242/4923/3915 4237/4916/3915
f 4234/4913/3915 4243/4924/3915 4231/4910/3915
f 4225/4899/3915 4244/4925/3915 4214/4886/3915
f 4225/4899/3915 4239/4920/3923 4244/4925/3915
f 4221/4893/4026 4233/4912/4031 4232/4911/4030
f 4236/4915/4033 4245/4926/4035 4221/4893/4026
f 4236/4915/4033 4240/4921/3915 4245/4926/4035
f 4190/4859/3915 4230/4909/3915 4242/4923/3915
f 4231/4910/3915 4246/4927/3915 4230/4909/3915
f 4231/4910/3915 4243/4924/3915 4246/4927/3915
f 4235/4914/4032 4247/4928/4036 4223/4901/4028
f 4228/4907/3994 4233/4912/4031 4239/4920/3923
f 4221/4893/4026 4245/4926/4035 4233/4912/4031
f 4227/4906/3915 4241/4922/3915 4229/4908/3915
f 4237/4916/3915 4242/4923/3915 4241/4922/3915
f 4220/4892/4025 4248/4929/4037 4234/4913/3915
f 3810/4401/3792 4249/4930/4038 3882/4482/3864
f 4214/4886/4029 4250/4931/3915 4238/4932/4034
f 4244/4925/3915 4250/4931/3915 4214/4886/3915
f 4243/4924/3915 4251/4933/3915 4246/4927/3915
f 4248/4929/4037 4243/4924/3915 4234/4913/3915
f 4223/4896/4028 4247/4934/4036 4202/4897/4018
f 4238/4932/4034 4252/4935/3915 4235/4914/4032
f 4250/4931/3915 4252/4935/3915 4238/4932/4034
f 4233/4912/4031 4244/4925/3915 4239/4920/3923
f 4240/4921/3915 4253/4936/3915 4245/4926/4035
f 4242/4923/3915 4254/4937/3915 4241/4922/3915
f 4243/4924/3915 4248/4929/4037 4251/4933/3915
f 4220/4892/4025 4205/4876/4019 4248/4929/4037
f 4244/4925/3915 4233/4912/4031 4250/4931/3915
f 4250/4931/3915 4233/4912/4031 4255/4938/4039
f 4254/4937/3915 4256/4939/3915 4241/4922/3915
f 4246/4927/3915 4251/4933/3915 4230/4909/3915
f 4229/4908/3915 4257/4940/3915 4240/4921/3915
f 4241/4922/3915 4258/4941/3915 4229/4908/3915
f 4241/4922/3915 4256/4939/3915 4258/4941/3915
f 4250/4931/3915 4255/4938/4039 4252/4935/3915
f 4258/4941/3915 4257/4940/3915 4229/4908/3915
f 4258/4941/3915 4256/4939/3915 4257/4940/3915
f 4251/4933/3915 4259/4942/3915 4230/4909/3915
f 4251/4933/3915 4248/4929/4037 4259/4942/3915
f 4245/4926/4035 4260/4943/4016 4233/4912/4031
f 4259/4942/3915 4261/4944/3915 4230/4909/3915
f 3882/4482/3864 4249/4930/4038 4205/4876/4019
f 4255/4938/4039 4260/4943/4016 4252/4935/3915
f 4252/4935/3915 4260/4943/4016 4262/4945/3915
f 4233/4912/4031 4260/4943/4016 4255/4938/4039
f 4253/4936/3915 4257/4940/3915 4245/4926/4035
f 4245/4926/4035 4257/4940/3915 4260/4943/4016
f 4240/4921/3915 4257/4940/3915 4253/4936/3915
f 4252/4935/3915 4262/4945/3915 4235/4914/4032
f 4256/4939/3915 4263/4946/3915 4257/4940/3915
f 4254/4937/3915 4264/4947/3915 4256/4939/3915
f 4230/4909/3915 4265/4948/3915 4242/4923/3915
f 4249/4930/4038 4266/4949/4040 4205/4876/4019
f 4260/4943/4016 4267/4950/3915 4262/4945/3915
f 4256/4939/3915 4264/4947/3915 4263/4946/3915
f 4242/4923/3915 4268/4951/3915 4254/4937/3915
f 4230/4909/3915 4261/4944/3915 4265/4948/3915
f 4259/4942/3915 4269/4952/3915 4261/4944/3915
f 4267/4950/3915 4270/4953/3915 4262/4945/3915
f 4267/4950/3915 4271/4954/3915 4270/4953/3915
f 4267/4950/3915 4260/4943/4016 4271/4954/3915
f 4261/4944/3915 4269/4952/3915 4265/4948/3915
f 4259/4942/3915 4272/4955/4041 4269/4952/3915
f 4202/4956/4018 4247/4957/4036 3769/4958/3751
f 4270/4953/3915 4273/4959/3915 4262/4945/3915
f 4260/4943/4016 4274/4960/3915 4271/4954/3915
f 4242/4923/3915 4265/4948/3915 4268/4951/3915
f 4269/4952/3915 4272/4955/4041 4265/4948/3915
f 4259/4942/3915 4248/4929/4037 4272/4955/4041
f 4271/4954/3915 4275/4961/3915 4270/4953/3915
f 4271/4954/3915 4274/4960/3915 4275/4961/3915
f 4260/4943/4016 4257/4940/3915 4274/4960/3915
f 4263/4946/3915 4264/4947/3915 4257/4940/3915
f 4274/4960/3915 4276/4962/3915 4275/4961/3915
f 4264/4947/3915 4277/4963/3915 4257/4940/3915
f 4247/4928/4036 4278/4964/4042 3769/4965/3751
f 4275/4961/3915 4279/4966/3915 4270/4953/3915
f 4276/4962/3915 4279/4966/3915 4275/4961/3915
f 4205/4876/4019 4272/4955/4041 4248/4929/4037
f 4278/4967/4042 4280/4968/4043 3769/4969/3751
f 4262/4945/3915 4281/4970/3915 4235/4914/4032
f 4279/4966/3915 4282/4971/3915 4270/4953/3915
f 4279/4966/3915 4283/4972/3915 4282/4971/3915
f 4277/4963/3915 4274/4960/3915 4257/4940/3915
f 4268/4951/3915 4264/4947/3915 4254/4937/3915
f 4265/4948/3915 4284/4973/3915 4268/4951/3915
f 4205/4876/4019 4266/4949/4040 4272/4955/4041
f 3810/4401/3792 4266/4949/4040 4249/4930/4038
f 4277/4963/3915 4276/4962/3915 4274/4960/3915
f 4247/4928/4036 4280/4974/4043 4278/4964/4042
f 4235/4914/4032 4280/4974/4043 4247/4928/4036
f 4273/4959/3915 4281/4970/3915 4262/4945/3915
f 4282/4971/3915 4285/4975/3915 4270/4953/3915
f 4283/4972/3915 4285/4975/3915 4282/4971/3915
f 4283/4972/3915 4286/4976/3915 4285/4975/3915
f 4276/4962/3915 4283/4972/3915 4279/4966/3915
f 4272/4955/4041 4287/4977/4044 4265/4948/3915
f 4277/4963/3915 4288/4978/3915 4276/4962/3915
f 4265/4948/3915 4287/4977/4044 4289/4979/3915
f 4281/4970/3915 4290/4980/4045 4235/4914/4032
f 4286/4976/3915 4291/4981/3915 4285/4975/3915
f 4283/4972/3915 4288/4978/3915 4286/4976/3915
f 4276/4962/3915 4288/4978/3915 4283/4972/3915
f 4273/4959/3915 4290/4980/4045 4281/4970/3915
f 4273/4959/3915 4292/4982/3915 4290/4980/4045
f 4270/4953/3915 4292/4982/3915 4273/4959/3915
f 4285/4975/3915 4293/4983/3915 4270/4953/3915
f 4285/4975/3915 4291/4981/3915 4293/4983/3915
f 4288/4978/3915 4291/4981/3915 4286/4976/3915
f 4268/4951/3915 4284/4973/3915 4264/4947/3915
f 4293/4983/3915 4292/4982/3915 4270/4953/3915
f 4289/4979/3915 4284/4973/3915 4265/4948/3915
f 4272/4955/4041 4266/4949/4040 4287/4977/4044
f 4235/4914/4032 4290/4980/4045 4280/4974/4043
f 4288/4978/3915 4294/4984/3915 4291/4981/3915
f 4287/4977/4044 4295/4985/4046 4289/4979/3915
f 4294/4984/3915 4296/4986/3915 4291/4981/3915
f 4288/4978/3915 4296/4986/3915 4294/4984/3915
f 4264/4947/3915 4297/4987/3922 4277/4963/3915
f 4289/4979/3915 4295/4985/4046 4284/4973/3915
f 4287/4977/4044 3883/4483/3865 4295/4985/4046
f 4266/4949/4040 3883/4483/3865 4287/4977/4044
f 3810/4401/3792 3883/4483/3865 4266/4949/4040
f 4292/4982/3915 4293/4983/3915 4290/4980/4045
f 4291/4981/3915 4298/4988/3915 4293/4983/3915
f 4277/4963/3915 4297/4987/3922 4288/4978/3915
f 4290/4980/4045 4299/4989/4047 4280/4974/4043
f 4300/4990/3915 4301/4991/3915 4291/4981/3915
f 3769/4992/3751 4299/4993/4047 3838/4584/3820
f 4280/4968/4043 4299/4994/4047 3769/4969/3751
f 4293/4983/3915 4302/4995/3915 4290/4980/4045
f 4291/4981/3915 4303/4996/3915 4298/4988/3915
f 4288/4978/3915 4304/4997/3925 4296/4986/3915
f 3883/4483/3865 4305/4998/4048 4295/4985/4046
f 4302/4995/3915 4306/4999/4049 4290/4980/4045
f 4300/4990/3915 4307/5000/3915 4301/4991/3915
f 4291/4981/3915 4307/5000/3915 4300/4990/3915
f 4291/4981/3915 4304/4997/3925 4307/5000/3915
f 4296/4986/3915 4304/4997/3925 4291/4981/3915
f 4295/4985/4046 4305/4998/4048 4284/4973/3915
f 3839/4433/3821 4308/5001/4050 3883/4483/3865
f 4298/4988/3915 4309/5002/3915 4293/4983/3915
f 4301/4991/3915 4310/5003/3915 4291/4981/3915
f 4311/5004/4051 4304/4997/3925 4288/4978/3915
f 4284/4973/3915 4297/4987/3922 4264/4947/3915
f 4298/4988/3915 4312/5005/3915 4309/5002/3915
f 4303/4996/3915 4312/5005/3915 4298/4988/3915
f 4310/5003/3915 4303/4996/3915 4291/4981/3915
f 4307/5000/3915 4313/5006/3915 4301/4991/3915
f 4288/4978/3915 4297/4987/3922 4311/5004/4051
f 4284/4973/3915 4305/4998/4048 4297/4987/3922
f 4290/4980/4045 4314/5007/4052 4299/4989/4047
f 4290/5008/4045 4306/5009/4049 4314/1397/4052
f 4302/4995/3915 4315/5010/3915 4306/4999/4049
f 4301/4991/3915 4313/5006/3915 4310/5003/3915
f 4297/4987/3922 4316/5011/3915 4311/5004/4051
f 4305/4998/4048 4317/5012/3915 4297/4987/3922
f 4305/4998/4048 4318/5013/4053 4317/5012/3915
f 3883/4483/3865 4319/5014/4054 4305/4998/4048
f 4308/5001/4050 4319/5014/4054 3883/4483/3865
f 4308/5001/4050 3839/4433/3821 4319/5014/4054
f 4310/5003/3915 4312/5005/3915 4303/4996/3915
f 4313/5006/3915 4312/5005/3915 4310/5003/3915
f 4311/5004/4051 4316/5011/3915 4304/4997/3925
f 4299/5015/4047 4320/5016/4055 3838/4432/3820
f 4306/4999/4049 4315/5010/3915 4314/5007/4052
f 4313/5006/3915 4321/5017/3915 4312/5005/3915
f 4297/4987/3922 4317/5012/3915 4316/5011/3915
f 4293/4983/3915 4309/5002/3915 4302/4995/3915
f 4312/5005/3915 4321/5017/3915 4309/5002/3915
f 4316/5011/3915 4322/5018/3915 4304/4997/3925
f 4316/5011/3915 4323/5019/3915 4324/5020/3915
f 4317/5012/3915 4323/5019/3915 4316/5011/3915
f 4318/5013/4053 4323/5019/3915 4317/5012/3915
f 4305/4998/4048 4319/5014/4054 4318/5013/4053
f 4315/5010/3915 4325/5021/3915 4314/5007/3915
f 4315/5010/3915 4302/4995/3915 4325/5021/3915
f 4321/5017/3915 4313/5006/3915 4326/5022/3915
f 4304/4997/3925 4322/5018/3915 4327/5023/3915
f 4323/5019/3915 4318/5013/4053 4324/5020/3915
f 4327/5023/3915 4328/5024/3915 4304/4997/3925
f 4325/5021/3915 4329/5025/3915 4314/5007/3915
f 4321/5026/4056 4330/5027/4057 4309/5028/4058
f 4326/5022/3915 4330/5029/4057 4321/5017/4056
f 4307/5000/3915 4331/5030/3915 4313/5006/3915
f 4328/5024/3915 4307/5000/3915 4304/4997/3925
f 4322/5018/3915 4328/5024/3915 4327/5023/3915
f 4324/5020/3915 4332/5031/3915 4316/5011/3915
f 4318/5013/4053 4332/5031/3915 4324/5020/3915
f 3811/4402/3793 4319/5014/4054 3839/4433/3821
f 4325/5021/3915 4309/5002/3915 4329/5025/3915
f 4332/5031/3915 4318/5013/4053 4333/5032/3915
f 3811/4402/3793 3885/4485/3867 4319/5014/4054
f 4329/5025/3915 4334/5033/4059 4314/5007/4052
f 4302/4995/3915 4309/5002/3915 4325/5021/3915
f 4316/5011/3915 4332/5031/3915 4322/5018/3915
f 4330/5029/4057 4335/5034/3915 4309/5002/4058
f 4330/5029/4057 4326/5022/3915 4335/5034/3915
f 4307/5000/3915 4336/5035/3915 4337/5036/3915
f 4332/5031/3915 4338/5037/3915 4322/5018/3915
f 4333/5032/3915 4338/5037/3915 4332/5031/3915
f 3885/4485/3867 3812/4403/3794 4319/5014/4054
f 4334/5038/4059 4339/5039/4060 4314/5040/4052
f 4334/5033/4059 4340/5041/3915 4339/5042/4060
f 4329/5025/3915 4340/5041/3915 4334/5033/4059
f 4309/5002/3915 4340/5041/3915 4329/5025/3915
f 4337/5036/3915 4331/5030/3915 4307/5000/3915
f 4318/5013/4053 4341/5043/4061 4333/5032/3915
f 4309/5002/3915 4342/5044/3915 4343/5045/3915
f 4309/5002/3915 4344/5046/3915 4342/5044/3915
f 4335/5034/3915 4345/5047/3915 4309/5002/3915
f 4309/5002/3915 4345/5047/3915 4344/5046/3915
f 4326/5022/3915 4346/5048/3915 4335/5034/3915
f 4307/5000/3915 4328/5024/3915 4336/5035/3915
f 4338/5037/3915 4347/5049/3915 4322/5018/3915
f 4338/5037/3915 4341/5043/4061 4347/5049/3915
f 4333/5032/3915 4341/5043/4061 4338/5037/3915
f 4339/5039/4060 4348/5050/4062 4314/5040/4052
f 4340/5041/3915 4348/5051/4062 4339/5042/4060
f 4340/5041/3915 4349/5052/3915 4348/5051/4062
f 4344/5046/3915 4343/5045/3915 4342/5044/3915
f 4331/5030/3915 4337/5036/3915 4313/5006/3915
f 4336/5035/3915 4328/5024/3915 4337/5036/3915
f 4322/5018/3915 4350/5053/3915 4351/5054/3915
f 4347/5049/3915 4350/5053/3915 4322/5018/3915
f 4341/5043/4061 4350/5053/3915 4347/5049/3915
f 4319/5014/4054 4341/5043/4061 4318/5013/4053
f 4352/5055/4063 4353/5056/4064 4299/4989/4047
f 4314/5007/4052 4352/5055/4063 4299/4989/4047
f 4348/5050/4062 4352/5057/4063 4314/5040/4052
f 4299/4989/4047 4353/5056/4064 4320/5058/4055
f 4349/5052/3915 4354/5059/3915 4348/5051/4062
f 4335/5034/3915 4343/5045/3915 4345/5047/3915
f 4326/5022/3915 4355/5060/3915 4346/5048/3915
f 4313/5006/3915 4355/5060/3915 4326/5022/3915
f 4328/5024/3915 4356/5061/3915 4337/5036/3915
f 4322/5018/3915 4351/5054/3915 4328/5024/3915
f 4350/5053/3915 4356/5061/3915 4351/5054/3915
f 4350/5053/3915 4357/5062/4065 4356/5061/3915
f 4341/5043/4061 4357/5062/4065 4350/5053/3915
f 4349/5052/3915 4358/5063/3915 4359/5064/3915
f 4345/5047/3915 4343/5045/3915 4344/5046/3915
f 4337/5036/3915 4355/5060/3915 4313/5006/3915
f 4351/5054/3915 4356/5061/3915 4328/5024/3915
f 4357/5062/4065 4360/5065/4066 4356/5061/3915
f 4341/5043/4061 4319/5014/4054 4357/5062/4065
f 3812/4403/3794 3887/4487/3869 4319/5014/4054
f 4353/5056/4064 4361/5066/4067 4320/5058/4055
f 4348/5051/4062 4362/5067/4068 4352/5055/4063
f 4340/5041/3915 4358/5063/3915 4349/5052/3915
f 4309/5002/3915 4343/5045/3915 4340/5041/3915
f 4355/5060/3915 4363/5068/3915 4346/5048/3915
f 4355/5060/3915 4337/5036/3915 4363/5068/3915
f 4360/5065/4066 4337/5036/3915 4356/5061/3915
f 4357/5062/4065 4319/5014/4054 4360/5065/4066
f 4353/5056/4064 4352/5055/4063 4364/5069/4069
f 4348/5051/4062 4354/5059/3915 4362/5067/4068
f 4337/5036/3915 4365/5070/3915 4363/5068/3915
f 4352/5071/4063 4366/5072/4070 4364/5073/4069
f 4362/5067/4068 4366/5074/4070 4352/5055/4063
f 4362/5067/4068 4354/5059/3915 4367/5075/3915
f 4343/5045/3915 4358/5063/3915 4340/5041/3915
f 4346/5048/3915 4363/5068/3915 4335/5034/3915
f 4366/5074/4070 4368/5076/4071 4364/5069/4069
f 4366/5074/4070 4362/5067/4068 4368/5076/4071
f 4349/5052/3915 4367/5075/3915 4354/5059/3915
f 4363/5068/3915 4365/5070/3915 4335/5034/3915
f 4361/5066/4067 4369/5077/4072 4320/5058/4055
f 4353/5056/4064 4364/5069/4069 4361/5066/4067
f 4349/5052/3915 4359/5064/3915 4367/5075/3915
f 4365/5070/3915 4370/5078/3915 4335/5034/3915
f 4337/5036/3915 4370/5078/3915 4365/5070/3915
f 4370/5078/3915 4358/5063/3915 4335/5034/3915
f 4337/5036/3915 4360/5065/4066 4370/5078/3915
f 4371/5079/3915 4360/5065/4066 4337/5036/3915
f 4320/5058/4055 4369/5077/4072 4372/5080/4073
f 4361/5066/4067 4373/5081/3915 4369/5077/4072
f 4374/5082/4074 4375/5083/3915 4364/5069/4069
f 4364/5069/4069 4368/5076/4071 4374/5082/4074
f 4370/5078/3915 4360/5065/4066 4358/5063/3915
f 4375/5083/3915 4376/5084/3915 4364/5069/3915
f 4358/5063/3915 4367/5075/3915 4359/5064/3915
f 4335/5034/3915 4358/5063/3915 4343/5045/3915
f 4364/5069/4069 4376/5084/3915 4361/5066/4067
f 4320/5058/4055 4377/5085/4075 4378/5086/4076
f 4372/5080/4073 4369/5077/4072 4379/5087/3915
f 4375/5083/3915 4380/5088/3915 4376/5084/3915
f 4368/5076/4071 4381/5089/3915 4374/5082/4074
f 4367/5075/3915 4382/5090/3915 4362/5067/4068
f 4320/5016/4055 4378/5091/4076 3838/4432/3820
f 4372/5080/4073 4383/5092/4077 4320/5058/4055
f 4379/5087/3915 4383/5092/4077 4372/5080/4073
f 4360/5065/4066 4319/5014/4054 3889/4489/3871
f 4379/5087/3915 4384/5093/3915 4383/5092/4077
f 4369/5077/4072 4384/5093/3915 4379/5087/3915
f 4376/5084/3915 4385/5094/3915 4361/5066/4067
f 4358/5063/3915 4386/5095/3915 4367/5075/3915
f 4374/5082/4074 4381/5089/3915 4375/5083/3915
f 4375/5083/3915 4381/5089/3915 4380/5088/3915
f 4367/5075/3915 4386/5095/3915 4382/5090/3915
f 4383/5092/4077 4377/5085/4075 4320/5058/4055
f 4384/5093/3915 4377/5085/4075 4383/5092/4077
f 4385/5094/3915 4373/5081/3915 4361/5066/4067
f 4362/5067/4068 4382/5090/3915 4368/5076/4071
f 4358/5063/3915 4387/5096/3915 4388/5097/3915
f 4389/5098/3915 4387/5096/3915 4358/5063/3915
f 4360/5065/4066 4389/5098/3915 4358/5063/3915
f 4390/5099/4078 4389/5098/3915 4360/5065/4066
f 4319/5014/4054 3887/4487/3869 3889/4489/3871
f 4376/5084/3915 4391/5100/3915 4385/5094/3915
f 4380/5088/3915 4391/5100/3915 4376/5084/3915
f 4358/5063/3915 4388/5097/3915 4386/5095/3915
f 4385/5094/3915 4391/5100/3915 4373/5081/3915
f 4380/5088/3915 4381/5089/3915 4391/5100/3915
f 4382/5090/3915 4381/5089/3915 4368/5076/4071
f 4389/5098/3915 4392/5101/3915 4387/5096/3915
f 4373/5081/3915 4393/5102/3915 4369/5077/4072
f 4390/5099/4078 4394/5103/3915 4389/5098/3915
f 4394/5103/3915 4390/5099/4078 4395/5104/3915
f 4391/5100/3915 4396/5105/3915 4373/5081/3915
f 4381/5089/3915 4396/5105/3915 4391/5100/3915
f 4387/5096/3915 4397/5106/3915 4388/5097/3915
f 4392/5101/3915 4397/5106/3915 4387/5096/3915
f 4389/5098/3915 4394/5103/3915 4392/5101/3915
f 4397/5106/3915 4398/5107/3915 4388/5097/3915
f 4390/5099/4078 4399/5108/4079 4395/5104/3915
f 4360/5065/4066 3889/4489/3871 4390/5099/4078
f 4369/5077/4072 4393/5102/3915 4400/5109/3915
f 4401/5110/3915 4393/5102/3915 4373/5081/3915
f 4373/5081/3915 4396/5105/3915 4401/5110/3915
f 4382/5090/3915 4402/5111/3915 4381/5089/3915
f 4382/5090/3915 4403/5112/3915 4402/5111/3915
f 4392/5101/3915 4398/5107/3915 4397/5106/3915
f 4394/5103/3915 4404/5113/3915 4392/5101/3915
f 4395/5104/3915 4404/5113/3915 4394/5103/3915
f 4390/5099/4078 3889/4489/3871 4399/5108/4079
f 3887/4487/3869 3840/4434/3822 3889/4489/3871
f 4400/5109/3915 4405/5114/3915 4369/5077/4072
f 4369/5077/4072 4405/5114/3915 4384/5093/3915
f 4403/5112/3915 4406/5115/3915 4402/5111/3915
f 3889/4489/3871 4407/5116/4080 4399/5108/4079
f 4401/5110/3915 4408/5117/3915 4393/5102/3915
f 4401/5110/3915 4396/5105/3915 4408/5117/3915
f 4388/5097/3915 4409/5118/3915 4386/5095/3915
f 4398/5107/3915 4409/5118/3915 4388/5097/3915
f 4405/5114/3915 4377/5085/4075 4384/5093/3915
f 4402/5111/3915 4410/5119/3915 4381/5089/3915
f 4406/5115/3915 4403/5112/3915 4411/5120/3915
f 4409/5118/3915 4412/5121/3915 4386/5095/3915
f 4409/5118/3915 4413/5122/3915 4412/5121/3915
f 4400/5109/3915 4414/5123/3915 4405/5114/3915
f 4410/5119/3915 4415/5124/3915 4381/5089/3915
f 4382/5090/3915 4411/5120/3915 4403/5112/3915
f 4398/5107/3915 4413/5122/3915 4409/5118/3915
f 4396/5105/3915 4381/5089/3915 4415/5124/3915
f 4406/5115/3915 4411/5120/3915 4402/5111/3915
f 4382/5090/3915 4416/5125/3915 4411/5120/3915
f 4413/5122/3915 4417/5126/3915 4412/5121/3915
f 4398/5107/3915 4418/5127/4081 4413/5122/3915
f 4398/5107/3915 4404/5113/3915 4418/5127/4081
f 4392/5101/3915 4404/5113/3915 4398/5107/3915
f 4395/5104/3915 4407/5116/4080 4404/5113/3915
f 4399/5108/4079 4407/5116/4080 4395/5104/3915
f 4377/5085/4075 4419/5128/4082 4378/5086/4076
f 4377/5085/4075 4420/5129/3932 4419/5128/4082
f 4417/5126/3915 4421/5130/3915 4412/5121/3915
f 4378/5086/4076 4419/5128/4082 4422/5131/4083
f 4408/5117/3915 4400/5109/3915 4393/5102/3915
f 4396/5105/3915 4415/5124/3915 4408/5117/3915
f 4412/5121/3915 4421/5130/3915 4386/5095/3915
f 4413/5122/3915 4423/5132/3915 4417/5126/3915
f 4419/5128/4082 4420/5129/3932 4422/5131/4083
f 4424/5133/3915 4377/5085/4075 4405/5114/3915
f 4408/5117/3915 4425/5134/3915 4400/5109/3915
f 4408/5117/3915 4415/5124/3915 4425/5134/3915
f 4416/5125/3915 4426/5135/3915 4411/5120/3915
f 4386/5095/3915 4416/5125/3915 4382/5090/3915
f 4386/5095/3915 4421/5130/3915 4416/5125/3915
f 4417/5126/3915 4427/5136/3915 4421/5130/3915
f 4417/5126/3915 4423/5132/3915 4427/5136/3915
f 4404/5113/3915 4407/5116/4080 4418/5127/4081
f 4407/5116/4080 3889/4489/3871 4428/5137/4084
f 4424/5133/3915 4420/5129/3932 4377/5085/4075
f 4423/5132/3915 4429/5138/3915 4427/5136/3915
f 4418/5127/4081 4423/5132/3915 4413/5122/3915
f 4420/5129/3932 4430/5139/3916 4422/5131/4083
f 4414/5123/3915 4424/5133/3915 4405/5114/3915
f 4425/5134/3915 4414/5123/3915 4400/5109/3915
f 4427/5136/3915 4431/5140/3915 4421/5130/3915
f 4429/5138/3915 4431/5140/3915 4427/5136/3915
f 4423/5132/3915 4418/5127/4081 4429/5138/3915
f 3889/4489/3871 3888/4488/3870 4428/5137/4084
f 4422/5131/4083 4432/5141/4085 4378/5086/4076
f 4422/5131/4083 4430/5139/3916 4432/5141/4085
f 4420/5129/3932 4433/5142/4086 4430/5139/3916
f 4425/5134/3915 4434/5143/3915 4414/5123/3915
f 4415/5124/3915 4410/5119/3915 4435/5144/3915
f 4411/5120/3915 4426/5135/3915 4436/5145/3915
f 4418/5127/4081 4437/5146/4087 4429/5138/3915
f 4378/5086/4076 4432/5141/4085 4438/5147/4088
f 4424/5133/3915 4439/5148/4089 4420/5129/3932
f 4414/5123/3915 4434/5143/3915 4424/5133/3915
f 4411/5120/3915 4436/5145/3915 4402/5111/3915
f 4416/5125/3915 4440/5149/3915 4426/5135/3915
f 4441/5150/3915 4440/5149/3915 4416/5125/3915
f 4421/5130/3915 4441/5150/3915 4416/5125/3915
f 4421/5130/3915 4431/5140/3915 4441/5150/3915
f 4429/5138/3915 4442/5151/3915 4431/5140/3915
f 4407/5116/4080 4443/5152/4090 4418/5127/4081
f 3838/4432/3820 4378/5091/4076 3890/4490/3872
f 4439/5148/4089 4433/5142/4086 4420/5129/3932
f 4434/5143/3915 4444/5153/3915 4424/5133/3915
f 4402/5111/3915 4436/5145/3915 4410/5119/3915
f 4431/5140/3915 4442/5151/3915 4441/5150/3915
f 4429/5138/3915 4437/5146/4087 4442/5151/3915
f 4418/5127/4081 4443/5152/4090 4437/5146/4087
f 4428/5137/4084 3888/4488/3870 4407/5116/4080
f 4432/5141/4085 4445/5154/3915 4438/5147/4088
f 4434/5143/3915 4446/5155/3915 4444/5153/3915
f 4415/5124/3915 4434/5143/3915 4425/5134/3915
f 4430/5139/3916 4447/5156/3915 4432/5141/4085
f 4439/5148/4089 4446/5155/3915 4433/5142/4086
f 4444/5153/3915 4439/5148/4089 4424/5133/3915
f 4444/5153/3915 4446/5155/3915 4439/5148/4089
f 4410/5119/3915 4448/5157/3915 4435/5144/3915
f 4426/5135/3915 4449/5158/3915 4436/5145/3915
f 4426/5135/3915 4441/5150/3915 4450/5159/3915
f 4440/5149/3915 4441/5150/3915 4426/5135/3915
f 4442/5151/3915 4451/5160/3915 4441/5150/3915
f 4437/5146/4087 4451/5160/3915 4442/5151/3915
f 3888/4488/3870 4443/5152/4090 4407/5116/4080
f 4432/5141/4085 4447/5156/3915 4445/5154/3915
f 4435/5144/3915 4434/5143/3915 4415/5124/3915
f 4435/5144/3915 4452/5161/3915 4434/5143/3915
f 4437/5146/4087 4453/5162/4091 4451/5160/3915
f 4437/5146/4087 4443/5152/4090 4453/5162/4091
f 4433/5142/4086 4454/5163/3915 4430/5139/3916
f 4452/5161/3915 4446/5155/3915 4434/5143/3915
f 4449/5158/3915 4450/5159/3915 4436/5145/3915
f 4450/5159/3915 4449/5158/3915 4426/5135/3915
f 4451/5160/3915 4450/5159/3915 4441/5150/3915
f 4453/5162/4091 4450/5159/3915 4451/5160/3915
f 4455/5164/3915 4438/5147/4088 4445/5154/3915
f 4455/5164/3915 4445/5154/3915 4447/5156/3915
f 4456/5165/3915 4433/5142/4086 4446/5155/3915
f 3888/4488/3870 4457/5166/4092 4443/5152/4090
f 4455/5164/3915 4458/5167/3915 4438/5147/4088
f 4430/5139/3916 4454/5163/3915 4447/5156/3915
f 4433/5142/4086 4456/5165/3915 4454/5163/3915
f 4452/5161/3915 4448/5157/3915 4446/5155/3915
f 4435/5144/3915 4448/5157/3915 4452/5161/3915
f 4450/5159/3915 4459/5168/3915 4436/5145/3915
f 3840/4434/3822 4457/5166/4092 3888/4488/3870
f 4458/5167/3915 4460/5169/4093 4438/5147/4088
f 4447/5156/3915 4458/5167/3915 4455/5164/3915
f 4459/5168/3915 4461/5170/3915 4436/5145/3915
f 4450/5159/3915 4461/5170/3915 4459/5168/3915
f 4446/5155/3915 4462/5171/3915 4456/5165/3915
f 4456/5165/3915 4462/5171/3915 4454/5163/3915
f 4446/5155/3915 4448/5157/3915 4462/5171/3915
f 4453/5162/4091 4463/5172/4094 4450/5159/3915
f 4453/5173/4091 4464/5174/4095 4463/5175/4094
f 4443/5152/4090 4457/5166/4092 4453/5162/4091
f 4447/5156/3915 4465/5176/3965 4458/5167/3915
f 4448/5157/3915 4466/5177/3915 4462/5171/3915
f 4448/5157/3915 4467/5178/3915 4466/5177/3915
f 4461/5170/3915 4468/5179/3915 4436/5145/3915
f 4453/5162/4091 4457/5166/4092 4464/5180/4095
f 4378/5086/4076 4438/5147/4088 4469/5181/4096
f 4458/5167/3915 4465/5176/3965 4460/5169/4093
f 4462/5171/3915 4470/5182/3915 4454/5163/3915
f 4466/5177/3915 4470/5182/3915 4462/5171/3915
f 4410/5119/3915 4436/5145/3915 4448/5157/3915
f 4461/5170/4097 4471/5183/4098 4468/5179/3915
f 4450/5159/3915 4463/5172/4094 4461/5170/3915
f 4447/5156/3915 4472/5184/3915 4465/5176/3965
f 4464/5180/4095 4457/5166/4092 4463/5172/4094
f 4460/5169/4093 4465/5176/3965 4473/5185/4099
f 4470/5182/3915 4474/5186/3915 4454/5163/3915
f 4466/5177/3915 4474/5186/3915 4470/5182/3915
f 4467/5178/3915 4474/5186/3915 4466/5177/3915
f 4448/5157/3915 4468/5179/3915 4467/5178/3915
f 4436/5145/3915 4468/5179/3915 4448/5157/3915
f 3890/5187/3872 4378/5086/4076 4475/5188/4100
f 4469/5181/4096 4475/5188/4100 4378/5086/4076
f 4473/5185/4099 4476/5189/4101 4460/5169/4093
f 4454/5163/3915 4472/5184/3915 4447/5156/3915
f 4468/5179/3915 4477/5190/3915 4467/5178/3915
f 4471/5183/4098 4478/5191/3915 4468/5179/3915
f 4463/5172/4094 4457/5166/4092 4479/5192/4102
f 4465/5176/3965 4476/5189/4101 4473/5185/4099
f 4465/5176/3965 4480/5193/3915 4476/5189/4101
f 4465/5176/3965 4472/5184/3915 4480/5193/3915
f 4454/5163/3915 4481/5194/3915 4472/5184/3915
f 4474/5186/3915 4481/5194/3915 4454/5163/3915
f 4474/5186/3915 4467/5178/3915 4481/5194/3915
f 4468/5179/3915 4482/5195/3915 4477/5190/3915
f 4471/5183/4098 4483/5196/4103 4478/5191/3915
f 4478/5191/3915 4483/5196/3915 4468/5179/3915
f 4461/5197/4097 4483/3274/4103 4471/5198/4098
f 4483/5196/3915 4482/5195/3915 4468/5179/3915
f 4461/5170/3915 4484/5199/3915 4483/5196/3915
f 4463/5172/4094 4484/5199/3915 4461/5170/3915
f 3840/4434/3822 3841/4435/3823 4457/5166/4092
f 4480/5193/3915 4472/5184/3915 4476/5189/4101
f 4481/5194/3915 4467/5178/3915 4472/5184/3915
f 4463/5172/4094 4485/5200/3915 4484/5199/3915
f 4463/5172/4094 4479/5192/4102 4485/5200/3915
f 4484/5199/3915 4486/5201/3915 4483/5196/3915
f 4457/5166/4092 4487/5202/4104 4479/5192/4102
f 4460/5169/4093 4488/5203/4105 4438/5147/4088
f 4476/5189/4101 4489/5204/3995 4460/5169/4093
f 4482/5195/3915 4486/5201/3915 4477/5190/3915
f 4483/5196/3915 4486/5201/3915 4482/5195/3915
f 4484/5199/3915 4485/5200/3915 4486/5201/3915
f 4490/5205/3915 4475/5188/4100 4469/5181/4096
f 4469/5181/4096 4438/5147/4088 4490/5205/3915
f 4467/5178/3915 4491/5206/3915 4472/5184/3915
f 4467/5178/3915 4492/5207/3915 4491/5206/3915
f 4477/5190/3915 4493/5208/3915 4467/5178/3915
f 4457/5166/4092 3841/4435/3823 4487/5202/4104
f 4490/5205/3915 4494/5209/3915 4475/5188/4100
f 4438/5147/4088 4494/5209/3915 4490/5205/3915
f 4491/5206/3915 4495/5210/3915 4472/5184/3915
f 4467/5178/3915 4493/5208/3915 4496/5211/3915
f 4477/5190/3915 4486/5201/3915 4493/5208/3915
f 4479/5192/4102 4497/5212/4106 4485/5200/3915
f 4438/5147/4088 4488/5203/4105 4494/5209/3915
f 4460/5169/4093 4489/5204/3995 4488/5203/4105
f 4472/5184/3915 4498/5213/3915 4476/5189/4101
f 4493/5208/3915 4486/5201/3915 4496/5211/3915
f 4497/5212/4106 4486/5201/3915 4485/5200/3915
f 4498/5213/3915 4489/5204/3995 4476/5189/4101
f 4495/5210/3915 4499/5214/3915 4472/5184/3915
f 4491/5206/3915 4500/5215/3915 4495/5210/3915
f 4495/5210/3915 4500/5215/3915 4499/5214/3915
f 4492/5207/3915 4500/5215/3915 4491/5206/3915
f 4486/5201/3915 4501/5216/3915 4496/5211/3915
f 4475/5188/4100 4502/5217/4107 3890/5187/3872
f 4494/5209/3915 4503/5218/3915 4475/5188/4100
f 4494/5209/3915 4488/5203/4105 4503/5218/3915
f 4500/5215/3915 4504/5219/3915 4499/5214/3915
f 4496/5211/3915 4505/5220/3915 4467/5178/3915
f 4486/5201/3915 4497/5212/4106 4501/5216/3915
f 4499/5214/3915 4506/5221/3915 4472/5184/3915
f 4499/5214/3915 4504/5219/3915 4506/5221/3915
f 4500/5215/3915 4507/5222/3915 4504/5219/3915
f 4492/5207/3915 4508/5223/3915 4500/5215/3915
f 4500/5215/3915 4508/5223/3915 4507/5222/3915
f 4505/5220/3915 4492/5207/3915 4467/5178/3915
f 4505/5220/3915 4508/5223/3915 4492/5207/3915
f 4496/5211/3915 4509/5224/3915 4505/5220/3915
f 4501/5216/3915 4509/5224/3915 4496/5211/3915
f 4479/5192/4102 4487/5202/4104 4497/5212/4106
f 4510/5225/4108 4489/5204/3995 4498/5213/3915
f 4506/5221/3915 4498/5213/3915 4472/5184/3915
f 4506/5221/3915 4511/5226/3915 4498/5213/3915
f 4506/5221/3915 4512/5227/3915 4511/5226/3915
f 4504/5219/3915 4512/5227/3915 4506/5221/3915
f 4504/5219/3915 4507/5222/3915 4512/5227/3915
f 4505/5220/3915 4509/5224/3915 4508/5223/3915
f 4501/5216/3915 4513/5228/3915 4509/5224/3915
f 4497/5212/4106 4514/5229/3915 4501/5216/3915
f 4497/5212/4106 4487/5202/4104 4515/5230/4109
f 4503/5218/3915 4516/5231/4108 4475/5188/4100
f 4508/5223/3915 4517/5232/3915 4507/5222/3915
f 4509/5224/3915 4518/5233/3915 4508/5223/3915
f 4513/5228/3915 4518/5233/3915 4509/5224/3915
f 4497/5212/4106 4515/5230/4109 4514/5229/3915
f 4512/5227/3915 4519/5234/3915 4511/5226/3915
f 4507/5222/3915 4519/5234/3915 4512/5227/3915
f 4513/5228/3915 4520/5235/3915 4518/5233/3915
f 4501/5216/3915 4520/5235/3915 4513/5228/3915
f 4501/5216/3915 4514/5229/3915 4520/5235/3915
f 4514/5229/3915 4515/5230/4109 4521/5236/4110
f 3841/4435/3823 3814/4405/3796 4487/5202/4104
f 4516/5231/4108 4502/5217/4107 4475/5188/4100
f 4510/5225/4108 4522/5237/4111 4489/5204/3995
f 4511/5226/3915 4510/5225/4108 4498/5213/3915
f 4507/5222/3915 4523/5238/3915 4519/5234/3915
f 4517/5232/3915 4524/5239/3915 4507/5222/3915
f 4518/5233/3915 4525/5240/3915 4508/5223/3915
f 4518/5233/3915 4526/5241/3915 4525/5240/3915
f 4518/5233/3915 4520/5235/3915 4526/5241/3915
f 4514/5229/3915 4527/5242/3915 4520/5235/3915
f 4514/5229/3915 4521/5236/4110 4527/5242/3915
f 4523/5238/3915 4511/5226/3915 4519/5234/3915
f 4524/5239/3915 4523/5238/3915 4507/5222/3915
f 4525/5240/3915 4517/5232/3915 4508/5223/3915
f 4528/5243/4112 4527/5242/3915 4521/5236/4110
f 3893/4496/3875 4521/5236/4110 4515/5230/4109
f 4523/5238/3915 4529/5244/3915 4511/5226/3915
f 4524/5239/3915 4529/5244/3915 4523/5238/3915
f 4524/5239/3915 4530/5245/3915 4529/5244/3915
f 4524/5239/3915 4531/5246/3915 4530/5245/3915
f 4517/5232/3915 4531/5246/3915 4524/5239/3915
f 4517/5232/3915 4532/5247/3915 4531/5246/3915
f 4503/5218/3915 4533/5248/3965 4516/5231/4108
f 4511/5226/3915 4534/5249/4108 4510/5225/4108
f 4520/5235/3915 4535/5250/3915 4526/5241/3915
f 4488/5203/4105 4533/5248/3965 4503/5218/3915
f 4510/5225/4108 4534/5249/4108 4522/5237/4111
f 4529/5244/3915 4536/5251/3915 4511/5226/3915
f 4526/5241/3915 4517/5232/3915 4525/5240/3915
f 4526/5241/3915 4532/5247/3915 4517/5232/3915
f 4526/5241/3915 4537/5252/3915 4532/5247/3915
f 4526/5241/3915 4535/5250/3915 4537/5252/3915
f 4527/5242/3915 4538/5253/3915 4520/5235/3915
f 4527/5242/3915 4528/5243/4112 4538/5253/3915
f 4521/5236/4110 3893/4496/3875 4528/5243/4112
f 4489/5204/3995 4533/5248/3965 4488/5203/4105
f 4511/5226/3915 4539/5254/3915 4534/5249/4108
f 4511/5226/3915 4536/5251/3915 4539/5254/3915
f 4529/5244/3915 4530/5245/3915 4536/5251/3915
f 4531/5246/3915 4540/5255/3915 4530/5245/3915
f 4528/5243/4112 4541/5256/4113 4538/5253/3915
f 3893/4496/3875 4541/5256/4113 4528/5243/4112
f 4515/5230/4109 4487/5202/4104 3893/4496/3875
f 4534/5249/4108 4542/5257/3922 4522/5237/4111
f 4539/5254/3915 4542/5257/3922 4534/5249/4108
f 4535/5250/3915 4543/5258/3915 4537/5252/3915
f 4520/5235/3915 4543/5258/3915 4535/5250/3915
f 4541/5256/4113 3893/4496/3875 4544/5259/4114
f 4540/5255/3915 4545/5260/3915 4530/5245/3915
f 4540/5255/3915 4546/5261/3915 4545/5260/3915
f 4531/5246/3915 4546/5261/3915 4540/5255/3915
f 4532/5247/3915 4546/5261/3915 4531/5246/3915
f 4543/5258/3915 4547/5262/3915 4537/5252/3915
f 4538/5253/3915 4543/5258/3915 4520/5235/3915
f 4538/5253/3915 4548/5263/3915 4543/5258/3915
f 4538/5253/3915 4541/5256/4113 4548/5263/3915
f 4489/5204/3995 4522/5237/4111 4533/5248/3965
f 4542/5257/3922 4539/5254/3915 4522/5237/4111
f 4549/5264/3915 4539/5254/3915 4536/5251/3915
f 4543/5258/3915 4548/5263/3915 4547/5262/3915
f 4548/5263/3915 4541/5256/4113 4550/5265/3915
f 3893/4496/3875 4551/5266/4115 4544/5259/4114
f 4541/5256/4113 4552/5267/3915 4550/5265/3915
f 4539/5254/3915 4553/5268/4016 4522/5237/4111
f 4539/5254/3915 4549/5264/3915 4553/5268/4016
f 4546/5261/3915 4530/5245/3915 4545/5260/3915
f 4532/5247/3915 4537/5252/3915 4546/5261/3915
f 4547/5262/3915 4554/5269/3915 4537/5252/3915
f 4548/5263/3915 4555/5270/3915 4547/5262/3915
f 4556/5271/4016 4557/5272/4116 4516/5231/4108
f 4516/5231/4108 4557/5272/4116 4502/5217/4107
f 4533/5248/3965 4556/5271/4016 4516/5231/4108
f 4530/5245/3915 4549/5264/3915 4536/5251/3915
f 4546/5261/3915 4558/5273/3915 4530/5245/3915
f 4555/5270/3915 4559/5274/3915 4547/5262/3915
f 4487/5202/4104 3814/4405/3796 3893/4496/3875
f 4530/5245/3915 4560/5275/3915 4549/5264/3915
f 4530/5245/3915 4561/5276/3915 4562/5277/3915
f 4530/5245/3915 4558/5273/3915 4561/5276/3915
f 4559/5274/3915 4554/5269/3915 4547/5262/3915
f 4555/5270/3915 4563/5278/3915 4559/5274/3915
f 4548/5263/3915 4563/5278/3915 4555/5270/3915
f 4548/5263/3915 4564/5279/3915 4563/5278/3915
f 4548/5263/3915 4550/5265/3915 4564/5279/3915
f 4553/5268/4016 4565/5280/3915 4522/5237/4111
f 4553/5268/4016 4549/5264/3915 4565/5280/3915
f 4563/5278/3915 4564/5279/3915 4559/5274/3915
f 4552/5267/3915 4566/5281/4117 4550/5265/3915
f 4552/5267/3915 4541/5256/4113 4566/5281/4117
f 4556/5271/4016 4567/5282/3915 4557/5272/4116
f 4549/5264/3915 4560/5275/3915 4568/5283/3915
f 4554/5269/3915 4569/5284/4118 4537/5252/4119
f 4559/5274/4120 4569/5284/4118 4554/5269/3915
f 4549/5264/3915 4570/5285/3995 4565/5280/3915
f 4568/5283/3915 4570/5285/3995 4549/5264/3915
f 4568/5283/3915 4560/5275/3915 4570/5285/3995
f 4561/5276/3915 4558/5273/3915 4571/5286/3915
f 4572/5287/4068 4558/5273/3915 4546/5261/3915
f 4559/5288/4120 4573/5289/4121 4569/5290/4118
f 4502/5217/4107 4557/5272/4116 4574/5291/4122
f 4533/5248/3965 4522/5237/4111 4556/5271/4016
f 4565/5280/3915 4575/5292/4123 4522/5237/4111
f 4565/5280/3915 4570/5285/3995 4575/5292/4123
f 4562/5277/3915 4560/5275/3915 4530/5245/3915
f 4559/5274/4120 4576/5293/4051 4573/5294/4121
f 4559/5274/3915 4577/5295/3915 4576/5293/4051
f 4564/5279/3915 4577/5295/3915 4559/5274/3915
f 4564/5279/3915 4578/5296/3915 4577/5295/3915
f 4566/5281/4117 4578/5296/3915 4550/5265/3915
f 3892/4495/3874 4551/5266/4115 3893/4496/3875
f 3890/5187/3872 4502/5217/4107 4579/5297/4124
f 4575/5292/4123 4580/5298/4125 4522/5237/4111
f 4570/5285/3995 4580/5298/4125 4575/5292/4123
f 4561/5276/3915 4571/5286/3915 4562/5277/3915
f 4572/5287/4068 4581/5299/3915 4558/5273/3915
f 4564/5279/3915 4550/5265/3915 4578/5296/3915
f 4544/5259/4114 4551/5266/4115 4541/5256/4113
f 4574/5291/4122 4582/5300/3915 4502/5217/4107
f 4557/5272/4116 4582/5300/3915 4574/5291/4122
f 4567/5282/3915 4583/5301/3922 4557/5272/4116
f 4556/5271/4016 4522/5237/4111 4584/5302/3915
f 4546/5261/3928 4537/5252/4119 4572/5287/4126
f 4569/5303/4118 4572/2067/4126 4537/5304/4119
f 4576/5293/4051 4585/5305/4127 4573/5294/4121
f 4541/5256/4113 3894/4497/3876 4566/5281/4117
f 4583/5301/3922 4582/5300/3915 4557/5272/4116
f 4556/5271/4016 4584/5302/3915 4586/5306/3915
f 4569/5284/4118 4573/5294/4121 4572/5287/4126
f 4577/5295/3915 4587/5307/3915 4588/5308/3915
f 4577/5295/3915 4589/5309/3915 4587/5307/3915
f 4578/5296/3915 4589/5309/3915 4577/5295/3915
f 4556/5271/4016 4586/5306/3915 4567/5282/3915
f 4580/5298/4125 4584/5302/3915 4522/5237/4111
f 4558/5273/3915 4581/5299/3915 4571/5286/3915
f 4585/5305/4127 4572/5287/4068 4573/5294/4027
f 4586/5306/3915 4590/5310/3915 4567/5282/3915
f 4571/5286/3915 4581/5299/3915 4562/5277/3915
f 4578/5296/3915 4566/5281/4117 4589/5309/3915
f 4502/5217/4107 4582/5300/3915 4579/5297/4124
f 4583/5301/3922 4591/5311/4128 4582/5300/3915
f 4584/5302/3915 4590/5310/3915 4586/5306/3915
f 4580/5298/4125 4592/5312/3915 4584/5302/3915
f 4570/5285/3995 4592/5312/3915 4580/5298/4125
f 4576/5293/4051 4572/5287/4068 4585/5305/4127
f 4588/5308/3915 4593/5313/3915 4577/5295/3915
f 4588/5308/3915 4587/5307/3915 4593/5313/3915
f 4551/5266/4115 3894/4497/3876 4541/5256/4113
f 3842/4436/3824 3890/4490/3872 3815/4406/3797
f 4590/5310/3915 4583/5301/3922 4567/5282/3915
f 4584/5302/3915 4594/5314/3915 4590/5310/3915
f 4584/5302/3915 4592/5312/3915 4594/5314/3915
f 3892/4495/3874 3894/4497/3876 4551/5266/4115
f 4590/5310/3915 4595/5315/3915 4583/5301/3922
f 4590/5310/3915 4596/5316/3915 4595/5315/3915
f 4594/5314/3915 4596/5316/3915 4590/5310/3915
f 4594/5314/3915 4597/5317/4129 4596/5316/3915
f 4592/5312/3915 4597/5317/4129 4594/5314/3915
f 4598/5318/3929 4597/5317/4129 4592/5312/3915
f 4570/5285/3995 4560/5275/3915 4562/5277/3915
f 4599/5319/4130 4593/5320/4131 4587/5321/4132
f 4600/5322/4133 4587/5307/4132 4589/5309/3915
f 4601/5323/4134 3890/5187/3872 4579/5297/4124
f 4583/5301/3922 4595/5315/3915 4602/5324/3961
f 4592/5312/3915 4570/5285/3995 4598/5318/3929
f 4587/5307/4132 4603/5325/3915 4599/5326/4130
f 4566/5281/4117 4600/5322/4133 4589/5309/3915
f 4591/5311/4128 4604/5327/4135 4582/5300/3915
f 4583/5301/3922 4605/5328/3922 4591/5311/4128
f 4596/5316/3915 4606/5329/3915 4595/5315/3915
f 4596/5316/3915 4597/5317/4129 4606/5329/3915
f 4562/5277/3915 4607/5330/3995 4570/5285/3995
f 4587/5307/4132 4600/5322/4133 4603/5325/3915
f 3896/4499/3878 3815/4406/3797 3890/4490/3872
f 4595/5315/3915 4606/5329/3915 4602/5324/3961
f 4570/5285/3995 4607/5330/3995 4598/5318/3929
f 4603/5325/3915 4593/5313/4131 4599/5326/4130
f 4603/5325/3915 4608/5331/3915 4593/5313/3915
f 4606/5329/3915 4609/5332/3961 4602/5324/3961
f 4597/5317/4129 4610/5333/3928 4606/5329/3915
f 4603/5325/3915 4600/5322/4133 4608/5331/3915
f 3890/5187/3872 4601/5323/4134 3896/5334/3878
f 4598/5318/3929 4610/5333/3928 4597/5317/4129
f 4576/5293/4051 4611/5335/3915 4572/5287/4068
f 4576/5293/4051 4577/5295/3915 4611/5335/3915
f 4593/5313/3915 4611/5335/3915 4577/5295/3915
f 4612/5336/3915 4583/5301/3922 4602/5324/3961
f 4606/5329/3915 4610/5333/3928 4609/5332/3961
f 4593/5313/3915 4608/5331/3915 4613/5337/4136
f 4566/5281/4117 3899/4502/3881 4600/5322/4133
f 4582/5300/3915 4604/5327/4135 4579/5297/4124
f 4581/5299/3915 4607/5330/3995 4562/5277/3915
f 4608/5331/3915 4600/5322/4133 4613/5337/4136
f 4566/5281/4117 3894/4497/3876 3899/4502/3881
f 4610/5333/3928 4614/5338/4129 4609/5332/3961
f 4598/5318/3929 4607/5330/3995 4610/5333/3928
f 3896/5334/3878 4601/5323/4134 4615/5339/4137
f 4609/5332/3961 4614/5338/4129 4602/5324/3961
f 3896/4499/3878 3897/4500/3879 3741/4326/3723
f 4616/5340/4138 3897/5341/3879 3896/5334/3878
f 4579/5297/4124 4617/5342/3915 4601/5323/4134
f 4604/5327/4135 4618/5343/4139 4579/5297/4124
f 4579/5297/4124 4618/5343/4139 4619/5344/3915
f 4602/5324/3961 4614/5338/4129 4612/5336/3915
f 4619/5344/3915 4617/5342/3915 4579/5297/4124
f 4612/5336/3915 4605/5328/3922 4583/5301/3922
f 4612/5336/3915 4620/5345/4140 4605/5328/3922
f 4610/5333/3928 4621/5346/3929 4614/5338/4129
f 4607/5330/3995 4621/5346/3929 4610/5333/3928
f 4615/5339/4137 4616/5340/4138 3896/5334/3878
f 4581/5299/3915 4572/5287/4068 4621/5346/3929
f 4593/5313/3915 4613/5337/4136 4611/5335/3915
f 4617/5342/3915 4615/5339/4137 4601/5323/4134
f 4619/5344/3915 4615/5339/4137 4617/5342/3915
f 4614/5338/4129 4620/5345/4140 4612/5336/3915
f 4621/5346/3929 4607/5330/3995 4581/5299/3915
f 4611/5335/3915 4622/5347/3915 4572/5287/4068
f 4611/5335/3915 4613/5337/4136 4622/5347/3915
f 3894/4497/3876 3895/4498/3877 3899/4502/3881
f 4616/5340/4138 4623/5348/4141 3897/5341/3879
f 4615/5339/4137 4623/5348/4141 4616/5340/4138
f 4619/5344/3915 4624/5349/4142 4615/5339/4137
f 4618/5343/4139 4624/5349/4142 4619/5344/3915
f 4615/5339/4137 4624/5349/4142 4623/5348/4141
f 4604/2677/4135 4624/5350/4142 4618/5351/4139
f 4605/5328/3922 4620/5345/4140 4591/5311/4128
f 4621/5346/3929 4620/5345/4140 4614/5338/4129
f 4572/5287/4068 4625/5352/4051 4621/5346/3929
f 4622/5347/3915 4625/5352/4051 4572/5287/4068
f 4624/5350/4142 4604/2677/4135 4623/5353/4141
f 4625/5352/4051 4622/5347/3915 4621/5346/3929
f 4620/5345/4140 4626/5354/4143 4591/5311/4128
f 3899/4502/3881 4613/5337/4136 4600/5322/4133
f 4623/5348/4141 4627/5355/3915 4628/5356/4144
f 4604/5327/4135 4627/5355/3915 4623/5348/4141
f 4591/5311/4128 4629/5357/4145 4604/5327/4135
f 4620/5345/4140 4630/5358/3915 4626/5354/4143
f 4622/5347/3915 4631/5359/4146 4621/5346/3929
f 4622/5347/3915 4613/5337/4136 4631/5359/4146
f 3899/4502/3881 4632/5360/4147 4613/5337/4136
f 3897/5341/3879 4623/5348/4141 3898/4504/3880
f 4627/5355/3915 4633/5361/4148 4628/5356/4144
f 4604/5327/4135 4633/5361/4148 4627/5355/3915
f 4626/5354/4143 4629/5357/4145 4591/5311/4128
f 4623/5348/4141 4634/5362/4149 3898/4504/3880
f 4633/5361/4148 4635/5363/4150 4628/5356/4144
f 4633/5361/4148 4636/5364/4151 4635/5363/4150
f 4626/5354/4143 4637/5365/4152 4629/5357/4145
f 4630/5358/3915 4637/5365/4152 4626/5354/4143
f 4631/5359/4146 4638/5366/4153 4621/5346/3929
f 4628/5356/4144 4639/5367/4154 4623/5348/4141
f 4635/5363/4150 4639/5367/4154 4628/5356/4144
f 4620/5345/4140 4640/5368/4155 4630/5358/3915
f 4620/5345/4140 4641/5369/4156 4642/5370/4157
f 4631/5359/4146 4613/5337/4136 4643/5371/4158
f 4639/5367/4154 4634/5362/4149 4623/5348/4141
f 4644/5372/4159 4639/5367/4154 4635/5363/4150
f 4644/5372/4159 4635/5363/4150 4645/5373/4160
f 4645/5373/4160 4635/5363/4150 4636/5364/4151
f 4646/5374/4161 4636/5364/4151 4633/5361/4148
f 4621/5346/3929 4641/5369/4156 4620/5345/4140
f 4638/5366/4153 4631/5359/4146 4647/5375/4162
f 4629/5357/4145 4633/5361/4148 4604/5327/4135
f 4630/5358/3915 4648/5376/4163 4637/5365/4152
f 4640/5368/4155 4648/5376/4163 4630/5358/3915
f 4647/5375/4162 4649/5377/4164 4638/5366/4153
f 4647/5375/4162 4650/5378/4165 4649/5377/4164
f 4613/5337/4136 4632/5360/4147 4643/5371/4158
f 4640/5368/4155 4651/5379/4166 4648/5376/4163
f 4620/5345/4140 4652/5380/4167 4640/5368/4155
f 4638/5366/4153 4641/5369/4156 4621/5346/3929
f 3899/4502/3881 3900/4503/3882 4632/5360/4147
f 4641/5369/4156 4653/5381/4168 4642/5370/4157
f 4631/5359/4146 4650/5378/4165 4647/5375/4162
f 4648/5376/4163 4652/5380/4167 4637/5365/4152
f 4642/5370/4157 4652/5380/4167 4620/5345/4140
f 4654/5382/4169 4655/5383/4170 4642/5370/4157
f 4654/5382/4169 4656/5384/4171 4655/5383/4170
f 4657/5385/4172 4653/5381/4168 4641/5369/4156
f 4644/5372/4159 4645/5373/4160 4639/5367/4154
f 4658/5386/4173 4645/5373/4160 4636/5364/4151
f 4633/5361/4148 4629/5357/4145 4659/5387/4053
f 4637/5365/4152 4652/5380/4167 4629/5357/4145
f 4655/5383/4170 4660/5388/4174 4642/5370/4157
f 4656/5384/4171 4660/5388/4174 4655/5383/4170
f 4654/5382/4169 4660/5388/4174 4656/5384/4171
f 3900/4503/3882 3844/4438/3826 4632/5360/4147
f 4659/5387/4053 4646/5374/4161 4633/5361/4148
f 4640/5368/4155 4652/5380/4167 4651/5379/4166
f 4649/5377/4164 4661/5389/4175 4638/5366/4153
f 4636/5364/4151 4646/5374/4161 4658/5386/4173
f 4651/5379/4166 4652/5380/4167 4648/5376/4163
f 4654/5382/4169 4662/5390/4176 4660/5388/4174
f 4659/5387/4053 4629/5357/4145 4646/5374/4161
f 4638/5366/4153 4657/5385/4172 4641/5369/4156
f 3844/4438/3826 3847/4441/3829 4632/5360/4147
f 4634/5362/4149 3846/4505/3828 3898/4504/3880
f 4653/5381/4168 4662/5390/4176 4642/5370/4157
f 4631/5359/4146 4643/5371/4158 4663/5391/4177
f 4645/5373/4160 4658/5386/4173 4639/5367/4154
f 4642/5370/4157 4660/5388/4174 3906/4515/3888
f 4642/5392/4157 4662/2857/4176 4654/5393/4169
f 4643/5371/4158 4632/5360/4147 4664/5394/4178
f 4629/5357/4145 4665/5395/4179 4646/5374/4161
f 4653/5381/4168 4666/5396/4180 4662/5390/4176
f 4650/5378/4165 4661/5389/4175 4649/5377/4164
f 4634/5362/4149 4639/5367/4154 3850/4450/3832
f 4646/5374/4161 4665/5395/4179 4658/5386/4173
f 3906/4515/3888 4652/5380/4167 4642/5370/4157
f 4663/5391/4177 4650/5378/4165 4631/5359/4146
f 4638/5366/4153 4661/5389/4175 4657/5385/4172
f 4665/5395/4179 3911/4520/3893 4658/5386/4173
f 3906/4515/3888 3904/4510/3886 4652/5380/4167
f 4650/5378/4165 4663/5391/4177 4661/5389/4175
f 4634/5362/4149 3850/4450/3832 3846/4505/3828
f 3911/4520/3893 3909/4518/3891 4658/5386/4173
f 4653/5381/4168 3908/4517/3890 4666/5396/4180
f 4643/5371/4158 4664/5394/4178 4663/5391/4177
f 4658/5386/4173 3850/4450/3832 4639/5367/4154
f 4632/5360/4147 3901/4507/3883 4664/5394/4178
f 4658/5386/4173 3849/4449/3831 3850/4450/3832
f 4665/5395/4179 3910/4519/3892 3911/4520/3893
f 4629/5357/4145 4652/5380/4167 4665/5395/4179
f 4657/5385/4172 3907/4516/3889 4653/5381/4168
f 4661/5389/4175 4664/5394/4178 3852/4452/3834
f 4663/5391/4177 4664/5394/4178 4661/5389/4175
f 3847/4441/3829 3901/4507/3883 4632/5360/4147
f 3906/4515/3888 4660/5388/4174 3853/4453/3835
f 4662/5390/4176 4666/5396/4180 4660/5388/4174
f 4661/5389/4175 3912/4521/3894 4657/5385/4172
f 4658/5386/4173 3909/4518/3891 3849/4449/3831
f 4652/5380/4167 3910/4519/3892 4665/5395/4179
f 4653/5381/4168 3907/4516/3889 3908/4517/3890
f 4657/5385/4172 3912/4521/3894 3907/4516/3889
f 3904/4510/3886 3906/4515/3888 3857/4457/3839
f 4667/5397/4181 3912/4521/3894 4661/5389/4175
f 4661/5389/4175 3852/4452/3834 4667/5397/4181
f 4667/5397/4181 3852/4452/3834 3912/4521/3894
f 4664/5394/4178 3901/4507/3883 3905/4511/3887
f 3903/4509/3885 3856/4456/3838 4652/5380/4167
f 3904/4510/3886 3903/4509/3885 4652/5380/4167
f 4660/5388/4174 3789/4378/3771 3853/4453/3835
f 3902/4508/3884 3905/4511/3887 3901/4507/3883
f 3851/4451/3833 3909/4518/3891 3785/4374/3767
f 3785/4374/3767 3909/4518/3891 3911/4520/3893
f 3910/4519/3892 4652/5380/4167 3856/4456/3838
f 3787/4376/3769 3904/4510/3886 3857/4457/3839
f 4660/5388/4174 4666/5396/4180 3789/4378/3771
f 3789/4378/3771 4666/5396/4180 3908/4517/3890
f 3852/4452/3834 4664/5394/4178 3905/4511/3887
