# Blender 4.4.0
# www.blender.org
mtllib base.mtl
o Meshy_AI_Banana_Arc_0730083055_texture
v -0.465212 -0.259189 -0.231040
v -0.449811 -0.259696 -0.231806
v -0.457232 -0.270657 -0.229418
v -0.461751 -0.248002 -0.232225
v -0.406620 -0.275815 -0.230250
v -0.481210 -0.247484 -0.231912
v -0.493160 -0.235859 -0.232826
v -0.528214 -0.219658 -0.231396
v -0.496431 -0.250690 -0.228696
v -0.497391 -0.220509 -0.233256
v -0.508847 -0.223996 -0.233039
v -0.469985 -0.209027 -0.229966
v -0.520762 -0.212295 -0.233145
v -0.539888 -0.215530 -0.230133
v -0.536468 -0.200488 -0.232786
v -0.563812 -0.188317 -0.230735
v -0.524867 -0.200754 -0.233224
v -0.501494 -0.200982 -0.232409
v -0.564158 -0.176844 -0.231631
v -0.544700 -0.173290 -0.232156
v -0.521291 -0.165614 -0.230205
v -0.579836 -0.164956 -0.230856
v -0.576150 -0.157308 -0.231264
v -0.556603 -0.153581 -0.231083
v -0.224694 -0.366337 -0.227800
v -0.208992 -0.366583 -0.227330
v -0.216753 -0.373761 -0.227064
v -0.263959 -0.361872 -0.227748
v -0.264140 -0.354487 -0.228516
v -0.216993 -0.359127 -0.227180
v -0.275865 -0.354222 -0.228315
v -0.291308 -0.357405 -0.226298
v -0.307333 -0.346041 -0.227582
v -0.291735 -0.342761 -0.228653
v -0.252573 -0.343392 -0.227187
v -0.276138 -0.343092 -0.228542
v -0.342866 -0.326469 -0.227987
v -0.311502 -0.334770 -0.228655
v -0.311689 -0.327272 -0.228540
v -0.339210 -0.319111 -0.228631
v -0.303941 -0.319712 -0.227188
v -0.370498 -0.314480 -0.227766
v -0.370239 -0.321858 -0.225885
v -0.374663 -0.306804 -0.228804
v -0.335584 -0.303862 -0.227374
v -0.401941 -0.302154 -0.227544
v -0.367056 -0.299504 -0.229054
v -0.402191 -0.294810 -0.229195
v -0.413608 -0.301968 -0.225761
v -0.417856 -0.290629 -0.228728
v -0.382866 -0.291603 -0.229532
v -0.422097 -0.279202 -0.230434
v -0.445622 -0.271002 -0.230600
v -0.433229 -0.293923 -0.225053
v -0.402847 -0.264275 -0.228937
v -0.476838 -0.262589 -0.228291
v -0.488733 -0.250863 -0.230127
v -0.516216 -0.235140 -0.229723
v -0.539638 -0.226954 -0.226308
v -0.399050 -0.236817 -0.224761
v -0.587093 -0.183869 -0.226620
v -0.579479 -0.180310 -0.229229
v -0.485901 -0.173627 -0.227400
v -0.607077 -0.156645 -0.227700
v -0.603488 -0.145211 -0.229409
v -0.529289 -0.138138 -0.227148
v -0.505717 -0.134299 -0.223498
v -0.619167 -0.137136 -0.227986
v -0.592188 -0.118081 -0.229240
v -0.572653 -0.110385 -0.227371
v -0.623361 -0.117700 -0.228586
v -0.603912 -0.117971 -0.229382
v -0.638951 -0.109630 -0.227372
v -0.631527 -0.094181 -0.228155
v -0.623868 -0.078605 -0.227341
v -0.651112 -0.078306 -0.227205
v -0.185005 -0.392608 -0.222255
v -0.185190 -0.381526 -0.225612
v -0.149689 -0.385635 -0.224293
v -0.228393 -0.377213 -0.225895
v -0.137879 -0.378455 -0.224357
v -0.121851 -0.389526 -0.223623
v -0.086458 -0.389708 -0.223596
v -0.074597 -0.378774 -0.223415
v -0.007498 -0.386084 -0.222541
v -0.173461 -0.374471 -0.225931
v -0.102262 -0.374974 -0.223434
v -0.240110 -0.380781 -0.223713
v -0.259883 -0.369247 -0.226104
v -0.181449 -0.367004 -0.225786
v -0.122051 -0.367334 -0.222307
v -0.267586 -0.372818 -0.223765
v -0.299043 -0.364832 -0.221891
v -0.310958 -0.353271 -0.224872
v -0.201275 -0.351538 -0.224470
v -0.334554 -0.345260 -0.223766
v -0.260653 -0.300244 -0.219575
v -0.397704 -0.317563 -0.222171
v -0.339705 -0.276376 -0.223479
v -0.460790 -0.281918 -0.223892
v -0.496273 -0.258298 -0.225434
v -0.523760 -0.246394 -0.222739
v -0.563176 -0.215003 -0.223406
v -0.594689 -0.195302 -0.219990
v -0.438592 -0.189500 -0.222870
v -0.622435 -0.160154 -0.222477
v -0.630654 -0.136838 -0.225622
v -0.646436 -0.121020 -0.224586
v -0.541232 -0.098778 -0.221862
v -0.658442 -0.097586 -0.225093
v -0.576691 -0.090718 -0.224923
v -0.662636 -0.081978 -0.225916
v -0.612236 -0.059054 -0.224524
v -0.678055 -0.081668 -0.222982
v -0.635755 -0.058881 -0.226308
v -0.698051 -0.042428 -0.223955
v -0.701774 -0.046203 -0.222706
v -0.690495 -0.034762 -0.225548
v -0.682929 -0.015253 -0.225711
v -0.647768 -0.023400 -0.224373
v -0.616395 -0.019621 -0.219963
v -0.721633 -0.014765 -0.221952
v -0.702334 -0.015056 -0.224915
v -0.667426 0.000353 -0.224374
v -0.718308 0.032142 -0.223396
v -0.710535 0.039937 -0.223395
v -0.683190 0.035892 -0.222805
v -0.133718 -0.396790 -0.221511
v -0.153447 -0.412145 -0.213984
v -0.094274 -0.404389 -0.218987
v -0.070633 -0.396890 -0.221857
v -0.015374 -0.393331 -0.221870
v 0.012215 -0.396962 -0.220047
v -0.019295 -0.400624 -0.219719
v -0.220331 -0.408115 -0.212052
v -0.196774 -0.404221 -0.215947
v 0.024084 -0.389704 -0.221177
v 0.051775 -0.382463 -0.220289
v 0.051757 -0.393337 -0.219540
v -0.019284 -0.378790 -0.222562
v 0.008334 -0.371241 -0.220453
v 0.067594 -0.375098 -0.218960
v -0.039040 -0.363635 -0.219609
v -0.145853 -0.363421 -0.222688
v -0.134044 -0.351785 -0.218921
v -0.173704 -0.332017 -0.216865
v -0.205403 -0.316177 -0.216374
v -0.327953 -0.248851 -0.216435
v -0.375436 -0.213354 -0.216592
v -0.462401 -0.134433 -0.216046
v -0.619819 -0.179542 -0.216099
v -0.634132 -0.156042 -0.219370
v -0.649915 -0.136441 -0.219545
v -0.525632 -0.071250 -0.213484
v -0.666245 -0.112897 -0.219968
v -0.689429 -0.093125 -0.216580
v -0.568940 -0.063221 -0.219307
v -0.713285 -0.049876 -0.218566
v -0.729050 -0.030162 -0.217239
v -0.733162 -0.010669 -0.219466
v -0.647976 0.027874 -0.219760
v -0.725644 -0.003051 -0.222113
v -0.745006 0.012831 -0.218685
v -0.741285 0.020601 -0.220241
v -0.737648 0.036209 -0.221493
v -0.663720 0.051564 -0.219512
v -0.714692 0.103001 -0.219468
v -0.691183 0.075330 -0.220263
v -0.734195 0.099092 -0.219696
v -0.748788 0.083459 -0.219387
v 0.004361 -0.404392 -0.217427
v -0.023221 -0.408935 -0.215944
v 0.122901 -0.408265 -0.212148
v 0.047838 -0.408211 -0.214148
v 0.142556 -0.397006 -0.216039
v 0.111079 -0.389723 -0.218508
v 0.150478 -0.389675 -0.217307
v -0.263564 -0.404136 -0.208165
v 0.146543 -0.382524 -0.217730
v 0.111089 -0.378812 -0.218326
v 0.174078 -0.378824 -0.215735
v 0.185921 -0.386152 -0.215283
v 0.126818 -0.367471 -0.215645
v 0.166199 -0.371412 -0.214831
v 0.087341 -0.359594 -0.214704
v -0.326599 -0.415863 -0.188590
v 0.039908 -0.343934 -0.212118
v 0.004418 -0.328268 -0.207853
v -0.078576 -0.347951 -0.215255
v -0.308220 -0.241100 -0.211611
v -0.237041 -0.288515 -0.213641
v -0.578894 -0.218842 -0.215394
v -0.411098 -0.162096 -0.212388
v -0.666081 -0.136272 -0.212438
v -0.752512 -0.006557 -0.212882
v -0.744820 -0.002728 -0.216697
v -0.600456 0.015836 -0.211817
v -0.644289 0.090919 -0.211714
v -0.757153 0.059953 -0.218006
v -0.760869 0.052159 -0.216797
v -0.772727 0.083676 -0.214779
v -0.683458 0.122631 -0.215142
v -0.769359 0.142705 -0.215848
v -0.706943 0.126701 -0.217349
v -0.776991 0.150664 -0.214605
v -0.738252 0.142610 -0.217513
v -0.718818 0.166232 -0.215538
v -0.769468 0.174245 -0.215540
v -0.746246 0.193928 -0.215523
v -0.707057 0.475360 -0.211415
v -0.710726 0.498596 -0.217792
v -0.699520 0.491162 -0.214820
v -0.721865 0.491013 -0.215659
v -0.718069 0.502247 -0.217966
v -0.725542 0.498590 -0.216280
v -0.732993 0.498470 -0.214084
v -0.725474 0.505919 -0.216749
v -0.703253 0.506015 -0.217733
v -0.695641 0.502278 -0.215984
v -0.733003 0.505979 -0.214509
v -0.710728 0.509787 -0.218319
v -0.733042 0.513504 -0.214060
v -0.721696 0.513497 -0.217116
v -0.695688 0.509773 -0.216110
v -0.714362 0.520871 -0.217030
v -0.721670 0.521021 -0.216090
v -0.706969 0.520856 -0.216878
v -0.699489 0.520946 -0.215675
v -0.718151 0.527863 -0.214224
v -0.706995 0.524290 -0.215797
v -0.098294 -0.439588 -0.200285
v 0.028113 -0.431767 -0.202136
v 0.170269 -0.404465 -0.211893
v 0.193801 -0.393452 -0.213900
v 0.197775 -0.400764 -0.211543
v 0.233147 -0.393598 -0.209738
v 0.221387 -0.382669 -0.211312
v 0.193725 -0.382584 -0.214514
v 0.189785 -0.367606 -0.211764
v 0.138572 -0.344073 -0.207865
v -0.389711 -0.368755 -0.198266
v 0.087285 -0.336127 -0.207844
v -0.086528 -0.320508 -0.205703
v -0.142065 -0.320370 -0.209831
v -0.181738 -0.300546 -0.208372
v -0.464659 -0.305581 -0.210144
v -0.520252 -0.313448 -0.188696
v -0.347835 -0.213451 -0.211759
v -0.383438 -0.181811 -0.211060
v -0.704942 -0.100748 -0.206476
v -0.744369 -0.061346 -0.200417
v -0.728791 -0.049674 -0.212254
v -0.557242 -0.039596 -0.212720
v -0.764156 -0.002497 -0.208160
v -0.588908 0.000010 -0.211716
v -0.768288 0.028786 -0.211810
v -0.772402 0.052280 -0.212933
v -0.784242 0.103425 -0.211854
v -0.784521 0.146786 -0.212623
v -0.691624 0.185786 -0.210078
v -0.784617 0.190034 -0.212408
v -0.718984 0.217417 -0.211630
v -0.777110 0.193930 -0.213996
v -0.734562 0.201705 -0.214501
v -0.761944 0.237212 -0.212900
v -0.788325 0.201804 -0.210815
v -0.754205 0.253008 -0.211597
v -0.773317 0.245115 -0.211625
v -0.729661 0.463010 -0.208420
v -0.714686 0.471271 -0.211058
v -0.737073 0.474994 -0.208263
v -0.684070 0.498655 -0.212490
v -0.680114 0.513569 -0.211759
v -0.687846 0.517274 -0.213543
v -0.733148 0.524746 -0.212070
v -0.687833 0.524287 -0.211970
v -0.725534 0.528138 -0.212917
v -0.703180 0.527719 -0.213775
v -0.687749 0.527588 -0.210305
v -0.725754 0.531542 -0.210981
v -0.710787 0.530841 -0.212364
v -0.161284 -0.439607 -0.199164
v -0.145537 -0.431762 -0.204183
v 0.099212 -0.447537 -0.192384
v 0.217506 -0.412260 -0.205138
v 0.233178 -0.400939 -0.208079
v 0.280656 -0.393752 -0.203925
v 0.256826 -0.382756 -0.206842
v 0.241007 -0.375294 -0.207533
v 0.217359 -0.359880 -0.205950
v 0.154337 -0.336299 -0.203976
v 0.047824 -0.320474 -0.203954
v -0.050841 -0.320555 -0.205073
v -0.118290 -0.316556 -0.206163
v -0.245071 -0.257100 -0.206092
v -0.284524 -0.225477 -0.203341
v -0.748373 -0.037772 -0.206456
v -0.775949 0.013164 -0.205324
v -0.612764 0.055392 -0.209102
v -0.787808 0.044596 -0.204664
v -0.791866 0.087801 -0.207500
v -0.660236 0.165907 -0.205017
v -0.795850 0.138923 -0.208023
v -0.795966 0.170400 -0.208542
v -0.795964 0.197882 -0.207973
v -0.703479 0.237131 -0.207308
v -0.784587 0.249082 -0.208944
v -0.726877 0.284730 -0.207310
v -0.750292 0.292646 -0.209040
v -0.761905 0.292629 -0.209218
v -0.769260 0.316289 -0.207698
v -0.734746 0.324342 -0.207545
v -0.750048 0.347950 -0.208299
v -0.738467 0.363747 -0.207655
v -0.761309 0.347821 -0.207333
v -0.746000 0.371505 -0.207469
v -0.726275 0.443066 -0.206805
v -0.714905 0.455247 -0.207891
v -0.684053 0.467314 -0.203970
v -0.680196 0.491135 -0.209471
v -0.668497 0.498648 -0.207108
v -0.672395 0.506126 -0.209354
v -0.748394 0.502319 -0.207914
v -0.756494 0.513704 -0.204193
v -0.664635 0.513677 -0.206504
v -0.744739 0.524954 -0.207990
v -0.744923 0.532148 -0.205893
v -0.672096 0.527756 -0.205889
v -0.699371 0.531036 -0.210418
v -0.687631 0.530465 -0.208088
v -0.718468 0.534626 -0.208763
v -0.703181 0.533917 -0.208174
v 0.158427 -0.439720 -0.194847
v 0.245116 -0.420185 -0.198945
v 0.264831 -0.408519 -0.201733
v 0.268769 -0.400979 -0.203881
v 0.288603 -0.382662 -0.203132
v 0.114902 -0.324468 -0.202162
v -0.062729 -0.297768 -0.195830
v -0.496196 -0.321340 -0.192480
v -0.126325 -0.285068 -0.194574
v -0.571017 -0.285805 -0.184699
v -0.614381 -0.238606 -0.190724
v -0.653722 -0.195898 -0.192834
v -0.712820 -0.128335 -0.191460
v -0.445521 -0.067545 -0.196126
v -0.470382 -0.047680 -0.197032
v -0.521964 0.011635 -0.193868
v -0.803587 0.099513 -0.202265
v -0.672081 0.193564 -0.204494
v -0.811538 0.256977 -0.196281
v -0.795923 0.241174 -0.205236
v -0.695636 0.264886 -0.203068
v -0.711280 0.280729 -0.205247
v -0.788244 0.288481 -0.204614
v -0.776576 0.324022 -0.205404
v -0.715254 0.320345 -0.204739
v -0.788063 0.331803 -0.200126
v -0.768513 0.367242 -0.203263
v -0.761012 0.363435 -0.206092
v -0.726674 0.411245 -0.205592
v -0.745458 0.406998 -0.204699
v -0.703520 0.403382 -0.201949
v -0.703476 0.419325 -0.202561
v -0.737684 0.422976 -0.205322
v -0.718868 0.435174 -0.206034
v -0.733744 0.442946 -0.206134
v -0.737263 0.454861 -0.205998
v -0.695666 0.447228 -0.203399
v -0.664698 0.471287 -0.198146
v -0.660881 0.494943 -0.203133
v -0.657157 0.506141 -0.203083
v -0.664448 0.524464 -0.204715
v -0.756338 0.525018 -0.202720
v -0.664267 0.531273 -0.200732
v -0.741410 0.535883 -0.204841
v -0.729943 0.534973 -0.207667
v -0.695296 0.540369 -0.197736
v -0.667902 0.535269 -0.197898
v -0.734318 0.543583 -0.197459
v -0.707009 0.542112 -0.197738
v -0.023200 -0.455396 -0.190287
v -0.184885 -0.447961 -0.192767
v 0.209691 -0.431878 -0.196257
v -0.232085 -0.431683 -0.197553
v -0.271415 -0.423784 -0.195708
v 0.308359 -0.401109 -0.200387
v 0.344009 -0.390004 -0.199789
v -0.362081 -0.404116 -0.186469
v 0.367640 -0.379097 -0.197335
v 0.292573 -0.375264 -0.201541
v 0.280606 -0.367643 -0.200716
v 0.233133 -0.336378 -0.194684
v 0.197594 -0.324581 -0.194595
v 0.146403 -0.312787 -0.195037
v 0.020180 -0.304756 -0.198661
v 0.075404 -0.300921 -0.195038
v -0.154149 -0.278042 -0.195804
v -0.181937 -0.269131 -0.197690
v -0.217493 -0.241418 -0.195468
v -0.320283 -0.162272 -0.191751
v -0.387540 -0.118821 -0.196090
v -0.498205 -0.016216 -0.194792
v -0.787714 0.005388 -0.196985
v -0.565422 0.063128 -0.195455
v -0.811428 0.079967 -0.196350
v -0.601050 0.142095 -0.192680
v -0.827221 0.154701 -0.191841
v -0.831139 0.170368 -0.189786
v -0.668273 0.260896 -0.196021
v -0.695789 0.304507 -0.200962
v -0.684060 0.316372 -0.197435
v -0.691925 0.359818 -0.198986
v -0.780132 0.406687 -0.191611
v -0.752894 0.410860 -0.202502
v -0.752710 0.426745 -0.201244
v -0.683988 0.431246 -0.198675
v -0.691857 0.403464 -0.199157
v -0.761150 0.454639 -0.196596
v -0.680113 0.447217 -0.199077
v -0.760182 0.474701 -0.198042
v -0.653526 0.498699 -0.199902
v -0.771825 0.478563 -0.192098
v -0.763776 0.513781 -0.200189
v -0.657137 0.517369 -0.202818
v -0.656917 0.527869 -0.199830
v -0.110076 -0.471014 -0.181550
v -0.208480 -0.451308 -0.188571
v 0.249098 -0.435797 -0.191116
v 0.280724 -0.427962 -0.191905
v 0.363710 -0.400984 -0.196666
v 0.375502 -0.390011 -0.197610
v 0.403106 -0.397303 -0.193844
v 0.371618 -0.382735 -0.197626
v 0.394551 -0.386306 -0.195796
v 0.312369 -0.367738 -0.197887
v 0.351886 -0.367774 -0.195219
v -0.452805 -0.361034 -0.184745
v 0.170006 -0.293254 -0.183387
v 0.099039 -0.281365 -0.184442
v -0.098487 -0.285611 -0.192035
v -0.645832 -0.214952 -0.187757
v -0.300471 -0.174152 -0.191033
v -0.685195 -0.175589 -0.186028
v -0.360032 -0.126880 -0.191056
v -0.745412 -0.100730 -0.184707
v -0.771048 -0.053454 -0.188128
v -0.787897 -0.022455 -0.188932
v -0.502441 -0.000526 -0.191153
v -0.577553 0.102568 -0.192192
v -0.613111 0.181558 -0.188833
v -0.636778 0.237083 -0.188198
v -0.827341 0.331821 -0.181090
v -0.811635 0.363274 -0.184460
v -0.664533 0.411353 -0.190829
v -0.783840 0.430548 -0.186740
v -0.664666 0.451167 -0.194223
v -0.653510 0.471181 -0.192205
v -0.649731 0.509927 -0.198401
v -0.645995 0.517519 -0.194995
v -0.649624 0.524671 -0.196718
v -0.764193 0.536353 -0.195945
v -0.653065 0.531539 -0.195144
v -0.660361 0.533821 -0.196980
v -0.756723 0.539802 -0.197817
v -0.753355 0.542888 -0.196616
v -0.745990 0.546350 -0.193645
v -0.703144 0.543332 -0.194309
v -0.141587 -0.474918 -0.178288
v 0.063686 -0.462739 -0.184286
v 0.134774 -0.463245 -0.182618
v -0.235999 -0.455244 -0.182435
v 0.348015 -0.428035 -0.186658
v 0.383403 -0.412441 -0.190943
v 0.410972 -0.389893 -0.193964
v -0.397554 -0.404053 -0.176805
v 0.454320 -0.378894 -0.188049
v 0.410982 -0.375304 -0.192655
v 0.387415 -0.363911 -0.191187
v 0.320267 -0.356118 -0.192903
v 0.284549 -0.328627 -0.184407
v 0.016311 -0.289126 -0.191971
v -0.551639 -0.313682 -0.177110
v -0.268944 -0.182310 -0.186858
v -0.403618 -0.091544 -0.191738
v -0.435122 -0.071590 -0.194468
v -0.419569 -0.071980 -0.189117
v -0.454905 -0.051885 -0.193936
v -0.819207 0.036828 -0.185152
v -0.518273 0.015386 -0.191852
v -0.541980 0.047183 -0.191494
v -0.819264 0.064297 -0.189859
v -0.550060 0.066776 -0.189663
v -0.589605 0.137980 -0.189486
v -0.624969 0.209258 -0.187910
v -0.835132 0.237334 -0.184527
v -0.640874 0.292445 -0.184750
v -0.648777 0.336026 -0.185127
v -0.656690 0.383602 -0.186998
v -0.646141 0.475067 -0.187261
v -0.644049 0.506301 -0.193146
v -0.779411 0.517811 -0.189901
v -0.775614 0.528978 -0.191225
v -0.642001 0.524843 -0.189607
v -0.768617 0.543954 -0.189669
v -0.679238 0.542067 -0.190313
v -0.760687 0.543383 -0.193913
v -0.726837 0.547560 -0.190431
v -0.726601 0.545823 -0.193801
v 0.024174 -0.467202 -0.182367
v -0.279303 -0.439458 -0.184686
v 0.296578 -0.443660 -0.182543
v 0.418863 -0.404843 -0.189937
v 0.438520 -0.397228 -0.189328
v 0.450343 -0.386171 -0.189113
v 0.474023 -0.389747 -0.185268
v 0.438632 -0.367724 -0.187282
v 0.391388 -0.340563 -0.180498
v 0.213365 -0.312880 -0.187165
v -0.241448 -0.190332 -0.182938
v -0.316601 -0.146898 -0.185654
v -0.704912 -0.163777 -0.180795
v -0.395767 -0.091711 -0.189004
v -0.463197 -0.032597 -0.188673
v -0.791575 -0.041600 -0.180020
v -0.811282 0.013292 -0.184708
v -0.506853 0.015082 -0.187060
v -0.531027 0.059182 -0.181428
v -0.550580 0.082364 -0.184779
v -0.846741 0.095713 -0.176815
v -0.835644 0.111428 -0.184985
v -0.609460 0.189352 -0.185716
v -0.633152 0.276671 -0.182903
v -0.653309 0.435136 -0.187076
v -0.649702 0.455079 -0.186571
v -0.779768 0.458425 -0.187009
v -0.639270 0.498633 -0.185674
v -0.641352 0.474870 -0.181659
v -0.787301 0.494220 -0.182263
v -0.637702 0.517633 -0.185697
v -0.775558 0.536279 -0.188908
v -0.645413 0.535274 -0.186306
v -0.649007 0.538703 -0.185514
v -0.687129 0.542494 -0.190524
v -0.663704 0.542001 -0.186833
v -0.760953 0.546821 -0.190795
v -0.695158 0.544521 -0.186499
v -0.753950 0.551893 -0.185796
v -0.738457 0.549089 -0.189780
v -0.192725 -0.471701 -0.177245
v 0.229414 -0.467157 -0.175376
v -0.314748 -0.439470 -0.176832
v 0.347945 -0.439731 -0.180931
v 0.411074 -0.435857 -0.177832
v 0.434700 -0.428099 -0.178910
v -0.354138 -0.429752 -0.172930
v 0.462225 -0.412626 -0.181290
v 0.481888 -0.397244 -0.182549
v 0.489778 -0.382387 -0.182915
v 0.513499 -0.382268 -0.178812
v 0.485891 -0.371251 -0.182004
v 0.454427 -0.356093 -0.181103
v 0.450538 -0.340524 -0.174715
v 0.308306 -0.320789 -0.177950
v -0.507994 -0.336490 -0.180387
v 0.067497 -0.265603 -0.178677
v -0.042990 -0.250062 -0.172778
v 0.024171 -0.257772 -0.176609
v -0.086641 -0.253698 -0.176555
v -0.114504 -0.241878 -0.174112
v -0.150405 -0.229984 -0.175195
v -0.637970 -0.259020 -0.169402
v -0.174163 -0.225823 -0.179139
v -0.681244 -0.203142 -0.175472
v -0.336449 -0.131166 -0.185352
v -0.364612 -0.107971 -0.184481
v -0.396146 -0.080189 -0.182706
v -0.451667 -0.032883 -0.182617
v -0.416581 -0.060612 -0.180821
v -0.487352 0.003482 -0.181580
v -0.511188 0.031556 -0.181514
v -0.566577 0.114046 -0.183628
v -0.590070 0.156920 -0.184529
v -0.854630 0.154700 -0.175154
v -0.846889 0.261007 -0.176711
v -0.625235 0.240974 -0.183464
v -0.839090 0.316080 -0.176669
v -0.645234 0.375600 -0.182093
v -0.795711 0.414554 -0.182757
v -0.649276 0.407262 -0.184033
v -0.786725 0.528747 -0.181538
v -0.785032 0.517711 -0.185109
v -0.635953 0.525039 -0.181830
v -0.638300 0.531925 -0.181478
v -0.775139 0.543261 -0.185215
v -0.652087 0.542410 -0.182153
v -0.768293 0.548839 -0.185484
v -0.764920 0.550424 -0.185530
v -0.761333 0.550837 -0.186194
v -0.727045 0.549696 -0.182763
v -0.169132 -0.478843 -0.174328
v -0.027144 -0.482851 -0.173969
v 0.146605 -0.478938 -0.172812
v -0.279280 -0.459087 -0.171854
v 0.454351 -0.420382 -0.179663
v 0.517357 -0.393414 -0.176793
v -0.448815 -0.388280 -0.170547
v 0.485920 -0.363791 -0.179701
v -0.484302 -0.364635 -0.172660
v 0.225212 -0.269695 -0.163288
v 0.122717 -0.269555 -0.176590
v -0.614357 -0.285786 -0.166093
v -0.134507 -0.233989 -0.173641
v -0.265302 -0.170922 -0.180738
v -0.748246 -0.132227 -0.169944
v -0.320329 -0.135055 -0.181192
v -0.356206 -0.103834 -0.177652
v -0.775825 -0.088925 -0.171453
v -0.388352 -0.079674 -0.177862
v -0.459771 -0.017790 -0.177072
v -0.854500 0.068271 -0.167500
v -0.538652 0.078953 -0.177338
v -0.551495 0.094107 -0.180626
v -0.562920 0.121688 -0.177342
v -0.578644 0.144795 -0.180823
v -0.601162 0.189239 -0.181243
v -0.606081 0.209019 -0.179113
v -0.858543 0.178220 -0.172897
v -0.613646 0.217059 -0.181632
v -0.610773 0.232877 -0.176486
v -0.625739 0.292403 -0.177186
v -0.637344 0.328048 -0.180554
v -0.645178 0.422973 -0.181317
v -0.646016 0.446990 -0.182732
v -0.633208 0.510192 -0.178295
v -0.786477 0.536069 -0.177887
v -0.781253 0.539800 -0.181638
v -0.675482 0.544699 -0.182414
v -0.694998 0.546328 -0.183122
v -0.663451 0.545737 -0.176421
v -0.772044 0.552922 -0.177961
v -0.706723 0.547968 -0.181694
v -0.702793 0.548257 -0.181308
v -0.698679 0.549042 -0.180756
v -0.690878 0.551483 -0.179997
v -0.679703 0.547475 -0.179961
v -0.743059 0.555016 -0.178649
v -0.738988 0.552648 -0.182677
v -0.735142 0.551505 -0.182877
v -0.730880 0.551744 -0.178483
v -0.686217 0.576864 -0.180160
v -0.679892 0.583834 -0.179449
v -0.679930 0.576950 -0.180365
v -0.682853 0.583918 -0.179776
v -0.038950 -0.506492 -0.158541
v 0.024188 -0.495575 -0.164967
v 0.209698 -0.475028 -0.172014
v 0.300525 -0.474981 -0.164089
v -0.397547 -0.423684 -0.164693
v 0.501592 -0.412663 -0.174736
v 0.517470 -0.371247 -0.177088
v 0.434791 -0.324851 -0.168736
v 0.260792 -0.297754 -0.172689
v 0.177847 -0.274160 -0.172400
v 0.091117 -0.254021 -0.170713
v -0.198084 -0.206406 -0.177037
v -0.221937 -0.190848 -0.176563
v -0.268648 -0.163293 -0.177360
v -0.289277 -0.147648 -0.175374
v -0.325005 -0.123901 -0.175882
v -0.799422 -0.077115 -0.161224
v -0.452004 -0.017457 -0.169910
v -0.830875 -0.002329 -0.166953
v -0.487688 0.014804 -0.173663
v -0.839072 0.025131 -0.169229
v -0.511436 0.042357 -0.175288
v -0.849663 0.111421 -0.176159
v -0.580606 0.165317 -0.173508
v -0.597350 0.204942 -0.173367
v -0.630035 0.327956 -0.176059
v -0.850829 0.339720 -0.166963
v -0.633991 0.359603 -0.175665
v -0.827263 0.363229 -0.176403
v -0.634278 0.387300 -0.173738
v -0.846963 0.374973 -0.163025
v -0.641652 0.434865 -0.177983
v -0.638192 0.458819 -0.174680
v -0.799662 0.474156 -0.173421
v -0.632590 0.466655 -0.166364
v -0.794892 0.497907 -0.175942
v -0.633259 0.521453 -0.178206
v -0.790442 0.524990 -0.177839
v -0.637920 0.539216 -0.174484
v -0.644955 0.542382 -0.177530
v -0.781692 0.547132 -0.174270
v -0.668546 0.546426 -0.176240
v -0.651757 0.545971 -0.174980
v -0.722375 0.551928 -0.177387
v -0.714456 0.550769 -0.178824
v -0.706340 0.551368 -0.178733
v -0.698421 0.552059 -0.179318
v -0.683485 0.553151 -0.179334
v -0.676649 0.552876 -0.177465
v -0.772114 0.555008 -0.175016
v -0.735117 0.552629 -0.178847
v -0.738863 0.556522 -0.170534
v -0.726577 0.551349 -0.177981
v -0.721737 0.555275 -0.174957
v -0.710147 0.555955 -0.176604
v -0.694284 0.556809 -0.178923
v -0.710024 0.560591 -0.175635
v -0.683055 0.565412 -0.180108
v -0.697881 0.572895 -0.176263
v -0.676769 0.576943 -0.179071
v -0.673882 0.573283 -0.176885
v -0.693858 0.584280 -0.177072
v -0.676637 0.584019 -0.178267
v -0.673455 0.584065 -0.176251
v -0.701637 0.587639 -0.174800
v -0.682790 0.587182 -0.178471
v -0.676431 0.587368 -0.176993
v -0.679545 0.590384 -0.176228
v -0.137625 -0.494523 -0.165078
v 0.150567 -0.494701 -0.162588
v 0.205743 -0.498549 -0.157159
v 0.430786 -0.443627 -0.171731
v 0.379547 -0.467142 -0.163015
v 0.478005 -0.435900 -0.169237
v 0.505651 -0.428168 -0.168106
v 0.548944 -0.408827 -0.166550
v 0.556787 -0.389509 -0.169699
v 0.544972 -0.382071 -0.173164
v 0.549058 -0.371120 -0.171769
v 0.545136 -0.363609 -0.170637
v 0.541248 -0.348264 -0.165825
v 0.478093 -0.340466 -0.171088
v -0.590670 -0.317283 -0.158802
v 0.316201 -0.293297 -0.162880
v 0.150268 -0.257918 -0.167038
v 0.063610 -0.253980 -0.172762
v 0.035919 -0.246314 -0.169324
v -0.086811 -0.238399 -0.168382
v -0.122545 -0.234170 -0.171246
v -0.165929 -0.218112 -0.173127
v -0.708840 -0.195225 -0.164210
v -0.204795 -0.191223 -0.169389
v -0.740342 -0.163087 -0.160892
v -0.278026 -0.147859 -0.169554
v -0.305366 -0.126266 -0.165839
v -0.340857 -0.108984 -0.172839
v -0.348122 -0.096630 -0.165875
v -0.416227 -0.049110 -0.170662
v -0.463961 -0.001619 -0.165592
v -0.551214 0.109794 -0.172222
v -0.862456 0.135017 -0.168990
v -0.567269 0.145353 -0.169691
v -0.612767 0.256651 -0.173169
v -0.614330 0.280363 -0.169661
v -0.858552 0.264929 -0.168961
v -0.636553 0.414858 -0.173593
v -0.819031 0.446091 -0.163377
v -0.807544 0.477736 -0.166355
v -0.798427 0.505436 -0.170831
v -0.630763 0.528886 -0.171290
v -0.791668 0.528639 -0.174233
v -0.632795 0.535891 -0.170367
v -0.789130 0.539761 -0.170506
v -0.641433 0.542622 -0.173988
v -0.673465 0.552565 -0.175371
v -0.669019 0.548080 -0.174131
v -0.775767 0.558119 -0.166485
v -0.734630 0.554058 -0.174392
v -0.730203 0.554036 -0.173969
v -0.725741 0.554695 -0.174429
v -0.768893 0.559178 -0.170376
v -0.754203 0.558151 -0.175030
v -0.721109 0.559682 -0.173005
v -0.672236 0.561244 -0.173735
v -0.701832 0.584347 -0.175482
v -0.716652 0.568190 -0.172821
v -0.705323 0.587395 -0.173340
v -0.663477 0.584718 -0.165833
v -0.673252 0.587451 -0.174917
v -0.701461 0.591032 -0.173276
v -0.669420 0.590683 -0.169639
v -0.694366 0.593760 -0.172812
v -0.686807 0.594023 -0.173346
v -0.679805 0.593282 -0.173514
v -0.212398 -0.486628 -0.164721
v -0.236003 -0.481919 -0.164538
v 0.525320 -0.420463 -0.167521
v 0.608268 -0.366760 -0.160489
v -0.540760 -0.348810 -0.161155
v 0.359674 -0.289499 -0.155970
v 0.106883 -0.246552 -0.164037
v -0.043038 -0.238614 -0.165179
v 0.020223 -0.242480 -0.167001
v -0.138591 -0.226342 -0.170399
v -0.158340 -0.210792 -0.165590
v -0.779725 -0.128284 -0.152290
v -0.376631 -0.075716 -0.165943
v -0.495761 0.030317 -0.168923
v -0.849002 0.036847 -0.165145
v -0.521762 0.069999 -0.165945
v -0.870215 0.087902 -0.158741
v -0.536962 0.105682 -0.158226
v -0.600269 0.236706 -0.165704
v -0.874251 0.225534 -0.160036
v -0.625845 0.343711 -0.170075
v -0.629186 0.426754 -0.162282
v -0.811354 0.465915 -0.165332
v -0.629335 0.498476 -0.166693
v -0.805514 0.489514 -0.165822
v -0.626910 0.525330 -0.163075
v -0.799730 0.513126 -0.166406
v -0.634006 0.543312 -0.163109
v -0.644711 0.546090 -0.170548
v -0.665750 0.551723 -0.167472
v -0.664600 0.548328 -0.170298
v -0.644359 0.549327 -0.162978
v -0.666119 0.556491 -0.165810
v -0.734086 0.556385 -0.170200
v -0.729042 0.558723 -0.169503
v -0.747114 0.559242 -0.170657
v -0.724437 0.563216 -0.169187
v -0.708312 0.587163 -0.171109
v -0.667673 0.577588 -0.169766
v -0.665995 0.587775 -0.167879
v -0.706782 0.590615 -0.169958
v -0.701385 0.594517 -0.169995
v -0.672707 0.595495 -0.166433
v -0.697903 0.595803 -0.169844
v -0.694411 0.596668 -0.169731
v -0.683476 0.598745 -0.166440
v -0.180936 -0.490586 -0.165079
v 0.260954 -0.486775 -0.160334
v -0.302923 -0.466932 -0.161198
v -0.338446 -0.455141 -0.160270
v 0.450518 -0.459308 -0.160603
v 0.493863 -0.455090 -0.156965
v 0.541092 -0.439882 -0.156224
v 0.572531 -0.424293 -0.155851
v 0.588321 -0.398225 -0.160653
v 0.623977 -0.370211 -0.157472
v -0.484095 -0.384082 -0.161100
v -0.519712 -0.376335 -0.152435
v 0.497863 -0.317056 -0.156784
v 0.201568 -0.258053 -0.160162
v -0.657660 -0.277918 -0.149398
v -0.677292 -0.258271 -0.149630
v 0.063537 -0.242679 -0.165113
v 0.035966 -0.240922 -0.165245
v -0.074909 -0.235280 -0.164725
v -0.114669 -0.227330 -0.165196
v -0.130841 -0.214420 -0.158510
v -0.181746 -0.195076 -0.161752
v -0.222211 -0.173623 -0.161903
v -0.483921 0.023483 -0.162132
v -0.507773 0.054502 -0.162135
v -0.562625 0.153151 -0.159148
v -0.878138 0.146859 -0.158079
v -0.591084 0.216813 -0.161974
v -0.870407 0.312253 -0.157434
v -0.610851 0.292198 -0.163202
v -0.874336 0.331830 -0.152799
v -0.628898 0.398997 -0.165954
v -0.830912 0.430111 -0.159055
v -0.628397 0.454607 -0.158471
v -0.625216 0.513898 -0.159166
v -0.794148 0.532356 -0.166738
v -0.628289 0.532590 -0.163022
v -0.660005 0.548618 -0.166719
v -0.783017 0.553989 -0.162752
v -0.772916 0.565942 -0.154778
v -0.733562 0.558185 -0.167888
v -0.738458 0.558775 -0.166200
v -0.666624 0.565417 -0.165262
v -0.743126 0.559691 -0.166514
v -0.728415 0.563019 -0.166161
v -0.727873 0.567940 -0.162707
v -0.712456 0.586795 -0.166455
v -0.666034 0.590705 -0.166072
v -0.704758 0.594736 -0.166600
v -0.697768 0.598176 -0.166497
v -0.676827 0.597377 -0.166082
v -0.690684 0.601113 -0.162700
v -0.113866 -0.537899 -0.134833
v 0.418965 -0.471029 -0.157095
v 0.592228 -0.408777 -0.156774
v -0.421171 -0.431528 -0.152121
v 0.623912 -0.381633 -0.155878
v 0.624194 -0.359192 -0.156932
v 0.616433 -0.351843 -0.156289
v 0.588751 -0.316983 -0.143988
v 0.462323 -0.316479 -0.161218
v 0.419003 -0.308539 -0.161303
v 0.268721 -0.269642 -0.156554
v 0.158124 -0.250445 -0.161100
v 0.067435 -0.235320 -0.157762
v -0.039132 -0.227286 -0.154213
v 0.016246 -0.231656 -0.157233
v -0.696984 -0.222490 -0.157288
v -0.058985 -0.231020 -0.159450
v -0.075722 -0.227246 -0.157639
v -0.094885 -0.223675 -0.157679
v -0.113969 -0.219189 -0.157896
v -0.155700 -0.203616 -0.157610
v -0.280697 -0.135686 -0.158175
v -0.327319 -0.104657 -0.158212
v -0.372822 -0.069154 -0.154447
v -0.819859 -0.049467 -0.157945
v -0.411927 -0.044944 -0.162179
v -0.858379 0.017341 -0.152519
v -0.866240 0.060466 -0.157364
v -0.882359 0.127242 -0.153582
v -0.905634 0.186089 -0.137717
v -0.581288 0.196852 -0.158187
v -0.882140 0.276778 -0.151510
v -0.611379 0.315891 -0.158122
v -0.858684 0.359278 -0.159151
v -0.823099 0.461367 -0.154945
v -0.624444 0.470534 -0.150815
v -0.810471 0.500829 -0.151011
v -0.630280 0.543497 -0.155243
v -0.790364 0.547075 -0.158721
v -0.661248 0.550926 -0.163725
v -0.656158 0.549946 -0.162601
v -0.643946 0.551745 -0.155287
v -0.661679 0.553910 -0.161924
v -0.660614 0.561034 -0.158167
v -0.737711 0.561719 -0.161764
v -0.732101 0.566952 -0.158944
v -0.661219 0.577414 -0.162160
v -0.728615 0.570583 -0.158988
v -0.662256 0.587815 -0.162749
v -0.708044 0.593442 -0.163169
v -0.666998 0.594001 -0.162659
v -0.701148 0.602432 -0.151995
v -0.669101 0.595366 -0.162838
v -0.676223 0.598658 -0.162890
v -0.279267 -0.514249 -0.132761
v 0.355876 -0.482799 -0.154761
v -0.570977 -0.348777 -0.148414
v 0.367546 -0.265916 -0.141356
v 0.288468 -0.258031 -0.146944
v 0.162118 -0.239085 -0.149898
v 0.126632 -0.238035 -0.153835
v -0.198518 -0.174368 -0.146550
v -0.222305 -0.161715 -0.146583
v -0.439638 -0.009146 -0.146750
v -0.464394 0.021863 -0.138886
v -0.492950 0.053877 -0.142744
v -0.893666 0.056598 -0.133965
v -0.522322 0.085750 -0.154349
v -0.893602 0.095782 -0.141421
v -0.542153 0.125393 -0.150489
v -0.897868 0.213687 -0.143050
v -0.592537 0.240604 -0.154267
v -0.882046 0.316135 -0.148832
v -0.615057 0.355487 -0.154317
v -0.858454 0.386626 -0.153165
v -0.620727 0.410784 -0.150565
v -0.825804 0.449691 -0.156944
v -0.812985 0.489006 -0.154677
v -0.625000 0.494382 -0.155037
v -0.794201 0.542799 -0.155171
v -0.633867 0.548953 -0.151325
v -0.637427 0.548219 -0.158963
v -0.659819 0.555639 -0.158358
v -0.656922 0.552060 -0.158750
v -0.652255 0.552091 -0.155145
v -0.779394 0.566008 -0.147103
v -0.765411 0.573593 -0.143230
v -0.742647 0.563763 -0.158555
v -0.737139 0.564147 -0.158369
v -0.658521 0.560604 -0.154684
v -0.716122 0.586436 -0.159576
v -0.659649 0.580688 -0.159275
v -0.662660 0.590846 -0.159558
v -0.664621 0.594224 -0.155937
v -0.697678 0.601423 -0.159035
v -0.676245 0.601257 -0.155520
v -0.007405 -0.541918 -0.135201
v -0.054694 -0.545672 -0.131861
v 0.051807 -0.530257 -0.141327
v -0.228162 -0.529934 -0.130847
v 0.418997 -0.494577 -0.141440
v 0.470240 -0.471077 -0.150953
v -0.499950 -0.419680 -0.131406
v 0.667519 -0.365999 -0.149378
v 0.659701 -0.358617 -0.151379
v 0.652130 -0.340221 -0.148867
v 0.482079 -0.293523 -0.145279
v -0.649765 -0.312760 -0.133363
v 0.426857 -0.285611 -0.146867
v 0.260804 -0.250285 -0.145612
v 0.193798 -0.243101 -0.149584
v -0.007428 -0.224937 -0.150093
v -0.063017 -0.223428 -0.151707
v -0.094905 -0.217087 -0.150098
v -0.420446 -0.028806 -0.150645
v -0.506790 0.065894 -0.150509
v -0.560022 0.176905 -0.138202
v -0.594784 0.268330 -0.147422
v -0.606102 0.315888 -0.150436
v -0.871265 0.363129 -0.149571
v -0.846331 0.421801 -0.149837
v -0.623056 0.517675 -0.151520
v -0.801163 0.528443 -0.151332
v -0.625875 0.536391 -0.151640
v -0.792133 0.551335 -0.147425
v -0.783012 0.566564 -0.139445
v -0.656659 0.555147 -0.154395
v -0.727567 0.573446 -0.155446
v -0.659627 0.584111 -0.156021
v -0.658753 0.576837 -0.155778
v -0.662442 0.591399 -0.152828
v -0.707969 0.597864 -0.148212
v -0.672872 0.600522 -0.152223
v -0.694373 0.603962 -0.152089
v -0.690723 0.603619 -0.155545
v -0.679928 0.602338 -0.155455
v -0.161245 -0.514213 -0.149375
v -0.161220 -0.530178 -0.137797
v 0.111048 -0.538073 -0.135248
v 0.486053 -0.490680 -0.136308
v 0.513552 -0.467223 -0.146914
v -0.373851 -0.485677 -0.129071
v 0.592335 -0.451658 -0.138802
v -0.409381 -0.470392 -0.129404
v 0.596190 -0.424309 -0.150053
v -0.460559 -0.439429 -0.133677
v 0.643664 -0.389288 -0.149806
v 0.691361 -0.347028 -0.146318
v 0.612562 -0.332582 -0.148979
v -0.708482 -0.262209 -0.129825
v 0.063503 -0.223723 -0.142573
v 0.028015 -0.223639 -0.146374
v -0.138853 -0.201185 -0.146329
v -0.756100 -0.187350 -0.139885
v -0.301632 -0.111128 -0.142832
v -0.822968 -0.112515 -0.129905
v -0.326354 -0.096933 -0.146723
v -0.842817 -0.077078 -0.130093
v -0.446913 0.006077 -0.135097
v -0.893850 0.276759 -0.142521
v -0.881980 0.327921 -0.147607
v -0.866194 0.378712 -0.149608
v -0.862803 0.394275 -0.146662
v -0.837426 0.445234 -0.146426
v -0.823149 0.469074 -0.150573
v -0.821883 0.480845 -0.143115
v -0.622057 0.525168 -0.144031
v -0.799132 0.540020 -0.143647
v -0.629495 0.547192 -0.143769
v -0.653857 0.554515 -0.150769
v -0.647528 0.553191 -0.151327
v -0.640471 0.552367 -0.151303
v -0.736963 0.567997 -0.151126
v -0.732456 0.571310 -0.147670
v -0.657439 0.564558 -0.148145
v -0.719800 0.582419 -0.148258
v -0.664996 0.594431 -0.149304
v -0.668629 0.598027 -0.152306
v -0.690714 0.604186 -0.152067
v 0.075518 -0.546732 -0.130377
v -0.198547 -0.526044 -0.137591
v 0.237286 -0.534220 -0.129940
v 0.300524 -0.526089 -0.129678
v -0.330552 -0.498480 -0.131855
v 0.564746 -0.463356 -0.139138
v 0.639674 -0.408679 -0.144991
v 0.687086 -0.385210 -0.140985
v 0.710842 -0.361897 -0.140888
v 0.695046 -0.354266 -0.145455
v 0.723316 -0.324200 -0.138240
v 0.683869 -0.320845 -0.138335
v 0.612584 -0.309147 -0.137012
v 0.545301 -0.289591 -0.133830
v 0.426896 -0.258242 -0.129377
v 0.241094 -0.242924 -0.141918
v 0.130611 -0.229915 -0.142550
v 0.209590 -0.235579 -0.138218
v 0.016162 -0.217915 -0.138627
v -0.158826 -0.190566 -0.142579
v -0.254107 -0.138620 -0.138883
v -0.795505 -0.151906 -0.131267
v -0.871147 -0.006220 -0.134652
v -0.476866 0.033196 -0.142789
v -0.901634 0.119377 -0.137523
v -0.901674 0.237308 -0.138823
v -0.889763 0.316071 -0.142449
v -0.885962 0.339519 -0.141955
v -0.598017 0.331673 -0.131055
v -0.609152 0.386979 -0.135041
v -0.880637 0.359069 -0.142007
v -0.858082 0.405978 -0.146017
v -0.618936 0.434561 -0.142937
v -0.850866 0.425422 -0.142510
v -0.831254 0.468761 -0.135303
v -0.618546 0.482151 -0.135624
v -0.627292 0.543572 -0.143896
v -0.655535 0.559540 -0.144061
v -0.647814 0.556920 -0.139426
v -0.758095 0.582201 -0.127320
v -0.659364 0.580241 -0.149230
v -0.662713 0.590824 -0.149310
v -0.711841 0.594236 -0.144306
v -0.704360 0.600688 -0.148405
v -0.697867 0.603578 -0.148950
v -0.686990 0.604407 -0.148616
v -0.679973 0.603625 -0.148475
v 0.154462 -0.537975 -0.133576
v 0.407211 -0.517958 -0.125678
v 0.521532 -0.494644 -0.128582
v -0.555132 -0.387797 -0.129665
v 0.754457 -0.330909 -0.134981
v 0.723084 -0.331614 -0.140026
v 0.580896 -0.293511 -0.131553
v -0.692952 -0.285169 -0.126008
v 0.335917 -0.254327 -0.137597
v -0.047081 -0.215785 -0.139454
v -0.747283 -0.218805 -0.129302
v -0.067042 -0.213345 -0.138586
v -0.218428 -0.156346 -0.134310
v -0.412642 -0.020529 -0.127314
v -0.372879 -0.063716 -0.146777
v -0.878309 0.009483 -0.133959
v -0.524037 0.117744 -0.127248
v -0.905595 0.142993 -0.136223
v -0.909728 0.170521 -0.133960
v -0.617599 0.462329 -0.135296
v -0.618580 0.501735 -0.132219
v -0.625723 0.540033 -0.144010
v -0.652643 0.561104 -0.131414
v -0.640593 0.558977 -0.131575
v -0.656978 0.563890 -0.140485
v -0.658369 0.567521 -0.136862
v -0.737608 0.570817 -0.143381
v -0.727961 0.574959 -0.144087
v -0.723947 0.578525 -0.144063
v -0.664641 0.579111 -0.134254
v -0.708507 0.596670 -0.141621
v -0.669743 0.597893 -0.145845
v -0.701293 0.601675 -0.145552
v -0.679859 0.603241 -0.145144
v -0.676659 0.601346 -0.141907
v -0.690455 0.603776 -0.145465
v -0.683375 0.603868 -0.145202
v -0.184893 -0.537502 -0.129775
v -0.247792 -0.522081 -0.133458
v 0.336035 -0.530765 -0.122648
v 0.549024 -0.478989 -0.133490
v 0.623844 -0.447758 -0.132658
v 0.679093 -0.424222 -0.128818
v 0.738445 -0.361797 -0.134374
v -0.618195 -0.344726 -0.128994
v 0.652249 -0.301333 -0.129459
v 0.328026 -0.248219 -0.133866
v 0.264811 -0.239269 -0.133974
v -0.035189 -0.211912 -0.132109
v -0.102986 -0.199871 -0.127047
v -0.162831 -0.181684 -0.130988
v -0.433011 -0.002392 -0.127307
v -0.887855 0.036982 -0.133925
v -0.507865 0.090102 -0.127258
v -0.905986 0.249064 -0.134087
v -0.577564 0.236587 -0.131039
v -0.901435 0.284553 -0.134854
v -0.897487 0.315946 -0.134484
v -0.879884 0.370649 -0.138411
v -0.877693 0.382895 -0.134721
v -0.862694 0.413566 -0.134924
v -0.816302 0.504544 -0.131677
v -0.793262 0.555185 -0.135846
v -0.637421 0.557770 -0.131636
v -0.786754 0.567453 -0.127908
v -0.738686 0.573862 -0.135415
v -0.733234 0.573672 -0.136827
v -0.662523 0.575199 -0.133786
v -0.765353 0.581680 -0.127288
v -0.775776 0.577738 -0.127546
v -0.728755 0.576902 -0.128493
v -0.715646 0.589786 -0.137286
v -0.666152 0.591056 -0.142461
v -0.668674 0.594629 -0.142337
v -0.708902 0.595051 -0.138166
v -0.686628 0.601677 -0.138387
v -0.679862 0.602507 -0.141831
v -0.216342 -0.537563 -0.126063
v 0.478162 -0.510267 -0.123577
v 0.619924 -0.467308 -0.123458
v -0.444433 -0.458999 -0.125802
v 0.698925 -0.392938 -0.135720
v 0.754126 -0.377189 -0.126486
v 0.770151 -0.334522 -0.131734
v 0.766479 -0.319387 -0.132912
v 0.751011 -0.312391 -0.133051
v 0.778548 -0.304429 -0.128908
v 0.739366 -0.304355 -0.129754
v 0.703748 -0.301336 -0.127622
v -0.665484 -0.301542 -0.131834
v 0.486033 -0.265067 -0.126283
v 0.332057 -0.238882 -0.123232
v 0.193754 -0.231403 -0.134702
v -0.292869 -0.112276 -0.135077
v -0.325455 -0.084405 -0.123514
v -0.882571 0.001700 -0.127149
v -0.901382 0.072332 -0.130201
v -0.542531 0.153039 -0.127228
v -0.913723 0.182226 -0.130209
v -0.567994 0.212702 -0.127122
v -0.583089 0.264296 -0.128176
v -0.891547 0.343299 -0.134445
v -0.602607 0.379085 -0.123450
v -0.886637 0.366667 -0.130837
v -0.861122 0.420414 -0.131171
v -0.843738 0.452808 -0.127444
v -0.619455 0.517400 -0.128591
v -0.622432 0.532695 -0.136388
v -0.656349 0.563323 -0.136275
v -0.677052 0.594435 -0.131916
v -0.676730 0.599700 -0.138512
v 0.024164 -0.553290 -0.126094
v -0.105884 -0.549113 -0.126056
v 0.170215 -0.545907 -0.126337
v 0.584484 -0.482950 -0.123334
v 0.718603 -0.408454 -0.124547
v 0.770014 -0.361625 -0.126805
v 0.789684 -0.342141 -0.125946
v 0.793861 -0.311446 -0.127782
v -0.673172 -0.309165 -0.122240
v 0.668093 -0.289554 -0.121624
v 0.371568 -0.246642 -0.126339
v 0.260910 -0.233758 -0.126754
v -0.732131 -0.242355 -0.125912
v 0.181958 -0.222254 -0.119408
v 0.083187 -0.216831 -0.127162
v 0.031856 -0.210345 -0.123182
v -0.130919 -0.194066 -0.130954
v -0.166835 -0.170234 -0.111681
v -0.865831 -0.041139 -0.125810
v -0.897053 0.040955 -0.125969
v -0.486793 0.061716 -0.123351
v -0.909110 0.091981 -0.126047
v -0.913104 0.119460 -0.126361
v -0.913205 0.150868 -0.129542
v -0.915555 0.217517 -0.126425
v -0.910297 0.268745 -0.126593
v -0.899939 0.319776 -0.130527
v -0.896863 0.342660 -0.126899
v -0.873358 0.401703 -0.126995
v -0.613415 0.446331 -0.127530
v -0.615388 0.477927 -0.124225
v -0.624109 0.544176 -0.109074
v -0.626680 0.547779 -0.124580
v -0.796240 0.555487 -0.120540
v -0.633853 0.555435 -0.131904
v -0.655077 0.562652 -0.132118
v -0.779436 0.575067 -0.127713
v -0.661667 0.570990 -0.125622
v -0.733895 0.574782 -0.131811
v -0.716119 0.588372 -0.133811
v -0.689987 0.599044 -0.134841
v -0.680171 0.598474 -0.134208
v -0.015189 -0.553263 -0.126120
v -0.066480 -0.552402 -0.125330
v 0.111011 -0.550529 -0.126008
v 0.091316 -0.555181 -0.122319
v -0.180897 -0.545553 -0.122521
v 0.221483 -0.541559 -0.125593
v 0.276781 -0.537727 -0.122984
v -0.255594 -0.533560 -0.122230
v -0.294990 -0.521887 -0.122746
v 0.537304 -0.506286 -0.117953
v -0.350157 -0.502248 -0.123331
v -0.472194 -0.450944 -0.120411
v -0.590486 -0.373104 -0.122997
v 0.797514 -0.349825 -0.122023
v -0.633846 -0.340683 -0.123188
v 0.801566 -0.318895 -0.125935
v 0.817175 -0.322625 -0.121270
v 0.817278 -0.307387 -0.122018
v 0.801842 -0.303902 -0.125409
v 0.778669 -0.296952 -0.126204
v 0.794311 -0.296632 -0.124943
v 0.806161 -0.285180 -0.119473
v 0.592853 -0.246340 -0.099536
v 0.557174 -0.250313 -0.106345
v -0.696712 -0.285580 -0.122989
v 0.411148 -0.247038 -0.122108
v 0.332108 -0.233387 -0.115077
v 0.241197 -0.229480 -0.123080
v 0.130588 -0.217444 -0.119395
v -0.760251 -0.214724 -0.122284
v 0.000415 -0.204218 -0.115446
v -0.083017 -0.198074 -0.115412
v -0.779408 -0.191054 -0.121881
v -0.254112 -0.132102 -0.127319
v -0.270004 -0.118670 -0.119567
v -0.281903 -0.109475 -0.115678
v -0.834551 -0.108454 -0.122318
v -0.854750 -0.076978 -0.119201
v -0.389323 -0.033784 -0.115696
v -0.365086 -0.056250 -0.123525
v -0.896966 0.021339 -0.118430
v -0.906038 0.052763 -0.118827
v -0.487317 0.073582 -0.107827
v -0.919247 0.150862 -0.122555
v -0.920551 0.174378 -0.122236
v -0.551618 0.188766 -0.112343
v -0.908698 0.300173 -0.122853
v -0.588116 0.307860 -0.119404
v -0.905242 0.327459 -0.119270
v -0.893912 0.358698 -0.123234
v -0.885166 0.380830 -0.123279
v -0.607553 0.422526 -0.119719
v -0.826146 0.488560 -0.123716
v -0.807461 0.531923 -0.120454
v -0.630951 0.554702 -0.124258
v -0.637563 0.562576 -0.116359
v -0.640883 0.562231 -0.123715
v -0.657834 0.566505 -0.128267
v -0.734627 0.575993 -0.127708
v -0.772304 0.579660 -0.127417
v -0.768769 0.583807 -0.119938
v -0.743448 0.581117 -0.123448
v -0.720449 0.581796 -0.126093
v -0.712921 0.588816 -0.130621
v -0.709148 0.593104 -0.134610
v -0.690618 0.590348 -0.123351
v -0.683729 0.594016 -0.128117
v -0.042828 -0.557012 -0.121197
v 0.051875 -0.559399 -0.118627
v 0.154389 -0.554612 -0.118592
v 0.174143 -0.549757 -0.122323
v -0.161206 -0.551199 -0.118475
v -0.224159 -0.543751 -0.118426
v 0.497885 -0.514068 -0.118028
v -0.413146 -0.482302 -0.118394
v 0.572664 -0.498539 -0.115945
v 0.643521 -0.471176 -0.114637
v -0.491887 -0.439175 -0.120720
v -0.551009 -0.403673 -0.119690
v 0.769841 -0.380989 -0.120713
v -0.630100 -0.352479 -0.115289
v -0.653417 -0.329591 -0.119235
v 0.813434 -0.303661 -0.122877
v 0.817521 -0.292413 -0.120159
v 0.778834 -0.289328 -0.122622
v 0.648275 -0.281750 -0.117749
v 0.759287 -0.273853 -0.112588
v 0.490007 -0.250419 -0.115442
v 0.446673 -0.246994 -0.118129
v 0.371572 -0.239498 -0.118312
v 0.154260 -0.213391 -0.103931
v 0.039682 -0.205440 -0.111568
v -0.047091 -0.200493 -0.111559
v -0.115015 -0.187267 -0.107702
v -0.803080 -0.158787 -0.121800
v -0.146948 -0.178401 -0.111615
v -0.207153 -0.152536 -0.115560
v -0.810801 -0.155586 -0.116548
v -0.333433 -0.073595 -0.111887
v -0.408509 -0.013961 -0.107888
v -0.886256 -0.006156 -0.119619
v -0.877491 -0.029718 -0.118624
v -0.436644 0.014181 -0.104013
v -0.468462 0.045730 -0.111736
v -0.913950 0.088065 -0.118845
v -0.509945 0.109351 -0.107824
v -0.920493 0.225380 -0.118843
v -0.863256 0.429091 -0.115705
v -0.608260 0.434336 -0.116027
v -0.610985 0.457986 -0.112472
v -0.615246 0.485763 -0.116682
v -0.790741 0.563480 -0.124247
v -0.657171 0.566553 -0.124197
v -0.652240 0.564794 -0.123400
v -0.783493 0.574994 -0.116446
v -0.665340 0.573077 -0.121971
v -0.729524 0.577040 -0.124234
v -0.668567 0.578553 -0.126691
v -0.772346 0.581259 -0.123645
v -0.747013 0.583633 -0.119749
v -0.724811 0.578903 -0.125190
v -0.761759 0.583549 -0.123545
v -0.680483 0.594307 -0.129561
v 0.004461 -0.562677 -0.114895
v -0.070440 -0.557492 -0.119344
v 0.182020 -0.555483 -0.114761
v -0.188756 -0.551813 -0.114617
v 0.272808 -0.545962 -0.115391
v -0.318897 -0.521700 -0.114862
v 0.351776 -0.537807 -0.114665
v 0.422907 -0.525777 -0.117712
v 0.478178 -0.521759 -0.114266
v -0.354010 -0.509752 -0.114602
v -0.385473 -0.497450 -0.114591
v 0.615967 -0.486762 -0.112821
v 0.671176 -0.458678 -0.113408
v -0.480023 -0.452659 -0.114579
v 0.722438 -0.435772 -0.109867
v 0.757933 -0.412152 -0.110618
v -0.594197 -0.379630 -0.114688
v 0.805254 -0.357506 -0.117497
v 0.821039 -0.334213 -0.118095
v 0.840617 -0.318791 -0.113214
v 0.829027 -0.299671 -0.118135
v 0.841607 -0.307124 -0.113792
v 0.833123 -0.284706 -0.114069
v 0.825527 -0.281086 -0.114628
v 0.739484 -0.262109 -0.103592
v 0.782885 -0.273832 -0.113795
v 0.652188 -0.250260 -0.096789
v 0.802427 -0.273742 -0.113740
v -0.735337 -0.249257 -0.118503
v 0.110843 -0.210770 -0.107772
v -0.775264 -0.206611 -0.114308
v -0.452569 0.029316 -0.107842
v -0.920418 0.111613 -0.114706
v -0.924556 0.150815 -0.115083
v -0.538887 0.160956 -0.111704
v -0.924406 0.205712 -0.115089
v -0.567622 0.228931 -0.115718
v -0.920155 0.248954 -0.115134
v -0.564301 0.240427 -0.099967
v -0.596165 0.375030 -0.108000
v -0.886560 0.389935 -0.111661
v -0.820179 0.508225 -0.112360
v -0.619932 0.525119 -0.109070
v -0.627389 0.551519 -0.112845
v -0.630095 0.555926 -0.112924
v -0.790445 0.567307 -0.109028
v -0.656468 0.567303 -0.119960
v -0.775672 0.581673 -0.115544
v -0.668938 0.573794 -0.118262
v -0.735461 0.579816 -0.119301
v -0.730328 0.578222 -0.119833
v -0.722016 0.579146 -0.116755
v -0.721006 0.580029 -0.121793
v -0.754377 0.584783 -0.119847
v -0.709982 0.580815 -0.114120
v -0.705748 0.586198 -0.122949
v -0.680698 0.583247 -0.119556
v -0.034969 -0.564647 -0.111430
v -0.074404 -0.563454 -0.110949
v 0.079453 -0.563794 -0.111121
v -0.243723 -0.548914 -0.107012
v -0.283104 -0.536233 -0.110827
v 0.304409 -0.546408 -0.110756
v 0.403169 -0.535747 -0.110524
v 0.572652 -0.506172 -0.110218
v 0.596283 -0.498411 -0.110129
v -0.444940 -0.474356 -0.110927
v 0.789414 -0.388644 -0.110646
v -0.551089 -0.415114 -0.107437
v 0.809025 -0.381562 -0.105956
v 0.848369 -0.330187 -0.107907
v -0.676851 -0.314174 -0.114871
v -0.702514 -0.293140 -0.111065
v 0.840717 -0.292144 -0.113346
v 0.707677 -0.242457 -0.089437
v 0.813997 -0.273634 -0.112794
v 0.837288 -0.265795 -0.104441
v 0.474261 -0.246777 -0.114265
v 0.458526 -0.241060 -0.110612
v 0.213590 -0.220109 -0.107837
v -0.067059 -0.196894 -0.107716
v -0.793270 -0.190779 -0.107258
v -0.186728 -0.160827 -0.111047
v -0.830893 -0.131884 -0.110993
v -0.851404 -0.096519 -0.111048
v -0.353244 -0.056408 -0.104113
v -0.861208 -0.072932 -0.114034
v -0.917053 0.080293 -0.111284
v -0.531093 0.160920 -0.092235
v -0.925441 0.178302 -0.115090
v -0.549589 0.196714 -0.099966
v -0.913374 0.307883 -0.111533
v -0.895185 0.374302 -0.107788
v -0.644841 0.567261 -0.112309
v -0.660527 0.569643 -0.116474
v -0.664668 0.571380 -0.117195
v -0.680047 0.578611 -0.115078
v -0.735368 0.581569 -0.116043
v -0.739410 0.581496 -0.119051
v -0.722995 0.580631 -0.111592
v -0.714222 0.580011 -0.113370
v -0.765279 0.585424 -0.116259
v -0.734252 0.588950 -0.093010
v -0.735110 0.583660 -0.111547
v -0.761727 0.585880 -0.116183
v -0.698162 0.583371 -0.115030
v -0.684360 0.581549 -0.115325
v -0.687664 0.586340 -0.119118
v -0.109811 -0.563863 -0.107092
v 0.114962 -0.564456 -0.107298
v 0.170213 -0.563570 -0.103329
v -0.184851 -0.560657 -0.103134
v 0.233322 -0.558426 -0.103311
v -0.310557 -0.530608 -0.107071
v 0.501776 -0.525197 -0.106480
v 0.521528 -0.517944 -0.110630
v -0.338172 -0.521370 -0.107030
v 0.710566 -0.451444 -0.104905
v -0.543002 -0.418324 -0.109982
v 0.785939 -0.408158 -0.102070
v 0.828764 -0.357295 -0.108221
v 0.832703 -0.345704 -0.110618
v -0.645333 -0.344223 -0.111035
v 0.852266 -0.322478 -0.107657
v 0.860138 -0.295669 -0.105701
v 0.856384 -0.284465 -0.105438
v -0.731749 -0.265532 -0.106820
v 0.821923 -0.262056 -0.104833
v 0.810238 -0.262068 -0.105980
v -0.755428 -0.237981 -0.107297
v 0.434885 -0.236578 -0.107038
v 0.288649 -0.226019 -0.107629
v -0.771788 -0.218332 -0.107261
v -0.821194 -0.151476 -0.107227
v -0.226957 -0.136951 -0.103626
v -0.250242 -0.123777 -0.103985
v -0.870973 -0.057224 -0.111060
v -0.882957 -0.029676 -0.111107
v -0.893717 -0.002169 -0.111175
v -0.907490 0.033196 -0.107430
v -0.520215 0.127683 -0.107840
v -0.924436 0.111698 -0.107499
v -0.929035 0.158707 -0.107478
v -0.929179 0.189997 -0.107539
v -0.924342 0.260750 -0.103743
v -0.873571 0.417585 -0.107830
v -0.853623 0.452304 -0.104114
v -0.842401 0.468578 -0.108091
v -0.809979 0.535556 -0.085551
v -0.635063 0.561526 -0.109089
v -0.671731 0.573692 -0.113551
v -0.668138 0.572450 -0.112885
v -0.660049 0.570766 -0.112094
v -0.782906 0.576331 -0.109166
v -0.676642 0.576258 -0.114368
v -0.772182 0.584170 -0.109116
v -0.768726 0.585521 -0.109117
v -0.730840 0.586219 -0.103897
v -0.694922 0.581171 -0.110803
v -0.757912 0.587179 -0.108782
v 0.189897 -0.566447 -0.095585
v 0.300432 -0.552317 -0.103141
v 0.343947 -0.548200 -0.103075
v 0.434650 -0.537442 -0.103394
v 0.533308 -0.521480 -0.104275
v 0.572651 -0.513874 -0.102859
v -0.385309 -0.508358 -0.099503
v -0.420894 -0.488254 -0.107132
v 0.623826 -0.498241 -0.102175
v 0.651364 -0.486670 -0.102252
v 0.679031 -0.472055 -0.102784
v -0.460192 -0.472080 -0.103338
v -0.483169 -0.462174 -0.099538
v -0.511290 -0.443411 -0.103322
v -0.590140 -0.391325 -0.103412
v -0.613793 -0.371699 -0.106986
v 0.863928 -0.322399 -0.101906
v 0.848287 -0.345564 -0.103576
v -0.668781 -0.332864 -0.099695
v 0.860383 -0.303320 -0.105831
v -0.696351 -0.302445 -0.107333
v 0.848719 -0.276141 -0.105799
v 0.537513 -0.242831 -0.102454
v 0.423035 -0.233460 -0.103321
v 0.395351 -0.231841 -0.103346
v 0.051535 -0.200377 -0.096065
v -0.023286 -0.196818 -0.099940
v -0.170806 -0.162260 -0.096191
v -0.194712 -0.149818 -0.092344
v -0.830732 -0.140540 -0.103433
v -0.860455 -0.088581 -0.103451
v -0.887598 -0.029613 -0.103491
v -0.900875 0.005723 -0.103578
v -0.916547 0.060659 -0.103649
v -0.932197 0.197842 -0.099865
v -0.556460 0.224508 -0.092166
v -0.575973 0.298645 -0.092389
v -0.923352 0.296063 -0.092220
v -0.912548 0.327426 -0.103800
v -0.901461 0.362550 -0.103915
v -0.610202 0.465707 -0.093245
v -0.627188 0.551374 -0.105429
v -0.798163 0.555236 -0.097480
v -0.641378 0.566168 -0.108805
v -0.652520 0.571689 -0.104415
v -0.675771 0.576172 -0.103944
v -0.656411 0.573840 -0.100519
v -0.656055 0.571521 -0.107988
v -0.687952 0.579943 -0.110829
v -0.680272 0.576367 -0.109490
v -0.676084 0.574730 -0.108812
v -0.775793 0.581815 -0.105819
v -0.711321 0.581539 -0.105298
v -0.710776 0.580104 -0.108574
v -0.706448 0.580192 -0.109525
v -0.702513 0.580539 -0.110041
v -0.082240 -0.574476 -0.091644
v -0.184785 -0.569983 -0.087660
v 0.399196 -0.544863 -0.099215
v 0.501754 -0.530663 -0.099219
v 0.600153 -0.509782 -0.098779
v 0.623827 -0.505794 -0.094900
v -0.440492 -0.481886 -0.103350
v -0.625547 -0.367711 -0.100040
v -0.649172 -0.346719 -0.103451
v 0.828646 -0.372146 -0.101745
v 0.864735 -0.333944 -0.098560
v -0.692377 -0.311527 -0.099703
v -0.719943 -0.281237 -0.103470
v 0.879524 -0.295502 -0.095365
v 0.860290 -0.288284 -0.104628
v 0.860374 -0.273151 -0.100030
v -0.735596 -0.269354 -0.095892
v 0.852730 -0.265684 -0.099461
v -0.759930 -0.238628 -0.099712
v 0.573183 -0.238404 -0.094728
v 0.525705 -0.238606 -0.099483
v 0.505983 -0.233658 -0.095268
v 0.355847 -0.227570 -0.099825
v 0.280753 -0.219824 -0.092341
v 0.000369 -0.194869 -0.092159
v -0.071129 -0.189204 -0.088309
v -0.810453 -0.173937 -0.099686
v -0.126989 -0.176321 -0.088315
v -0.849714 -0.116027 -0.095880
v -0.270057 -0.107787 -0.092413
v -0.873993 -0.068920 -0.095876
v -0.889776 -0.033521 -0.095894
v -0.377140 -0.033869 -0.092482
v -0.913818 0.037164 -0.095991
v -0.456410 0.041970 -0.092315
v -0.920919 0.080292 -0.103686
v -0.492180 0.085800 -0.100054
v -0.930359 0.119526 -0.096035
v -0.931734 0.146937 -0.099857
v -0.929938 0.225316 -0.099858
v -0.598844 0.406578 -0.096663
v -0.615043 0.493454 -0.085574
v -0.842352 0.476388 -0.092693
v -0.622231 0.536566 -0.097655
v -0.640588 0.565895 -0.105165
v -0.786669 0.571947 -0.105494
v -0.683326 0.577324 -0.104708
v -0.703114 0.580465 -0.104251
v -0.687683 0.578206 -0.105151
v -0.699562 0.586197 -0.092137
v -0.764813 0.586115 -0.101910
v -0.038885 -0.576258 -0.091627
v -0.007431 -0.580128 -0.083908
v 0.107073 -0.580239 -0.076350
v 0.059675 -0.572446 -0.095677
v -0.204451 -0.565561 -0.091562
v -0.279059 -0.547485 -0.095492
v -0.298721 -0.541687 -0.095536
v 0.450502 -0.540854 -0.095386
v 0.482025 -0.536356 -0.095354
v 0.525404 -0.531307 -0.091580
v -0.346712 -0.525406 -0.095613
v 0.643480 -0.494725 -0.098554
v -0.456177 -0.478502 -0.095749
v 0.749905 -0.447349 -0.092959
v -0.514264 -0.450269 -0.088044
v -0.542747 -0.428289 -0.095716
v 0.797155 -0.408084 -0.097160
v 0.852918 -0.361057 -0.094658
v 0.859940 -0.353298 -0.094270
v 0.875496 -0.337789 -0.090381
v 0.875606 -0.307072 -0.097438
v 0.871994 -0.280657 -0.097338
v 0.845078 -0.258122 -0.097189
v 0.735433 -0.234623 -0.083721
v 0.798586 -0.250740 -0.098014
v 0.825805 -0.253948 -0.098542
v 0.821848 -0.243045 -0.090263
v -0.785322 -0.210317 -0.095875
v 0.387513 -0.226431 -0.092108
v 0.431010 -0.229930 -0.095723
v 0.138441 -0.205552 -0.084548
v -0.099091 -0.186678 -0.096059
v -0.470749 0.065527 -0.080585
v -0.934093 0.186105 -0.096022
v -0.585864 0.339396 -0.096329
v -0.908591 0.354690 -0.092310
v -0.889037 0.397685 -0.096208
v -0.599993 0.422262 -0.085114
v -0.631006 0.554609 -0.094382
v -0.634376 0.559784 -0.098000
v -0.649246 0.571220 -0.097290
v -0.783066 0.575007 -0.102124
v -0.772638 0.581856 -0.098737
v -0.757275 0.587264 -0.097864
v -0.749288 0.587590 -0.090327
v -0.235806 -0.564483 -0.083763
v 0.560883 -0.525055 -0.091530
v 0.584484 -0.519808 -0.091366
v 0.781361 -0.439373 -0.084272
v -0.586058 -0.403040 -0.088050
v 0.832525 -0.388427 -0.091074
v -0.657679 -0.348533 -0.088154
v -0.691742 -0.316487 -0.092056
v -0.704131 -0.304684 -0.092051
v 0.883601 -0.284191 -0.091806
v -0.723302 -0.285087 -0.092020
v 0.879889 -0.273131 -0.090716
v 0.860333 -0.262050 -0.094252
v 0.837380 -0.242720 -0.086682
v 0.845134 -0.250041 -0.090952
v 0.608686 -0.238798 -0.092194
v 0.276832 -0.216432 -0.080739
v 0.205698 -0.213275 -0.088512
v 0.043622 -0.195617 -0.084433
v -0.815632 -0.174882 -0.088204
v -0.828026 -0.151363 -0.095859
v -0.218205 -0.132800 -0.076816
v -0.855354 -0.112058 -0.088163
v -0.270098 -0.103346 -0.076908
v -0.321594 -0.073540 -0.088612
v -0.349368 -0.053962 -0.088625
v -0.428795 0.014823 -0.084579
v -0.920386 0.056767 -0.092141
v -0.926282 0.084234 -0.092194
v -0.507687 0.121196 -0.084463
v -0.932139 0.244957 -0.088275
v -0.927145 0.280378 -0.088316
v -0.877270 0.421132 -0.092409
v -0.827826 0.507810 -0.069592
v -0.624581 0.544026 -0.097806
v -0.788819 0.566493 -0.094454
v -0.641983 0.565880 -0.094015
v -0.779375 0.577023 -0.098571
v -0.653286 0.573439 -0.093432
v -0.683739 0.583647 -0.088653
v -0.675867 0.581059 -0.092431
v -0.672126 0.580945 -0.088983
v -0.764609 0.585356 -0.098432
v -0.760944 0.586447 -0.098190
v -0.718515 0.590037 -0.085128
v 0.158420 -0.581861 -0.068248
v 0.280765 -0.568273 -0.076085
v 0.367631 -0.557111 -0.083808
v 0.608056 -0.518193 -0.083785
v 0.663434 -0.494312 -0.090982
v 0.639537 -0.506466 -0.087358
v -0.433101 -0.493522 -0.088068
v -0.405038 -0.507726 -0.084174
v 0.694740 -0.484594 -0.086917
v 0.714423 -0.470799 -0.090563
v -0.479754 -0.468141 -0.091891
v 0.804967 -0.427554 -0.080851
v 0.816753 -0.411921 -0.085299
v -0.624628 -0.374850 -0.088111
v -0.673535 -0.336871 -0.084342
v 0.887139 -0.314622 -0.088492
v 0.887172 -0.306909 -0.089664
v 0.887308 -0.291546 -0.090225
v 0.898263 -0.287730 -0.082045
v 0.872152 -0.261850 -0.088699
v -0.762018 -0.245690 -0.084301
v 0.600973 -0.230067 -0.083310
v 0.608794 -0.233408 -0.086877
v 0.569436 -0.227216 -0.079830
v 0.502129 -0.227494 -0.084058
v -0.807496 -0.190604 -0.080445
v -0.138982 -0.171024 -0.084489
v -0.872939 -0.084544 -0.079658
v -0.879138 -0.064920 -0.088207
v -0.420855 0.008307 -0.080696
v -0.498224 0.109273 -0.076697
v -0.524347 0.157275 -0.077284
v -0.939464 0.170492 -0.080507
v -0.540942 0.200615 -0.068898
v -0.938085 0.213513 -0.080469
v -0.560115 0.248323 -0.080607
v -0.923897 0.311733 -0.080634
v -0.920292 0.327376 -0.080688
v -0.915856 0.342990 -0.080720
v -0.900310 0.385941 -0.076920
v -0.615585 0.493219 -0.070229
v -0.627836 0.547571 -0.090557
v -0.640704 0.562567 -0.086700
v -0.649453 0.570837 -0.090018
v -0.664711 0.578488 -0.085713
v -0.760539 0.584034 -0.091018
v -0.718747 0.588667 -0.092502
v -0.703309 0.589029 -0.084925
v 0.237290 -0.568306 -0.083889
v -0.278972 -0.557774 -0.076096
v -0.318280 -0.543284 -0.080097
v 0.509591 -0.538083 -0.083910
v 0.725266 -0.474427 -0.082563
v 0.742031 -0.460806 -0.086610
v 0.761632 -0.451130 -0.085096
v -0.534029 -0.437972 -0.088023
v 0.840288 -0.407348 -0.074867
v 0.863846 -0.372748 -0.081916
v 0.877447 -0.361051 -0.078806
v 0.871609 -0.349379 -0.088461
v 0.894946 -0.306853 -0.083646
v -0.743242 -0.269263 -0.080465
v 0.891342 -0.276770 -0.085269
v 0.892178 -0.265598 -0.079315
v 0.865259 -0.250424 -0.083221
v 0.856675 -0.242058 -0.079538
v 0.687888 -0.230910 -0.080911
v 0.664180 -0.230985 -0.081623
v 0.371747 -0.223105 -0.084523
v 0.423089 -0.223837 -0.080521
v 0.332196 -0.218197 -0.073023
v 0.094944 -0.200043 -0.080648
v -0.039136 -0.190848 -0.084451
v -0.194707 -0.143913 -0.072895
v -0.908776 0.001828 -0.080459
v -0.939477 0.190029 -0.080465
v -0.583224 0.347258 -0.077066
v -0.890711 0.401572 -0.084658
v -0.875855 0.428889 -0.080867
v -0.622829 0.532416 -0.086419
v -0.637739 0.559389 -0.086763
v -0.783536 0.567410 -0.087327
v -0.772015 0.578041 -0.091322
v -0.737912 0.588940 -0.089469
v -0.038910 -0.582080 -0.080004
v -0.078319 -0.580507 -0.079997
v 0.043908 -0.584018 -0.072229
v -0.176940 -0.574659 -0.079947
v 0.438601 -0.552501 -0.076087
v -0.318263 -0.548624 -0.068106
v 0.521394 -0.541080 -0.073154
v -0.357651 -0.533622 -0.068492
v 0.690680 -0.490017 -0.083214
v -0.475767 -0.477096 -0.076426
v -0.491496 -0.471448 -0.068634
v 0.777285 -0.448731 -0.078954
v -0.554495 -0.429865 -0.076434
v 0.867466 -0.380521 -0.074891
v 0.890994 -0.330006 -0.081246
v 0.887020 -0.345552 -0.078703
v -0.727638 -0.292836 -0.064947
v 0.845074 -0.232579 -0.075007
v 0.790637 -0.223051 -0.074848
v 0.636528 -0.227847 -0.079178
v 0.391515 -0.221882 -0.076761
v -0.794285 -0.213830 -0.068788
v -0.095117 -0.180161 -0.072776
v -0.837566 -0.146897 -0.080443
v -0.305740 -0.079624 -0.069305
v -0.901642 -0.021733 -0.076573
v -0.938029 0.111682 -0.068815
v -0.568629 0.287931 -0.073018
v -0.906247 0.374229 -0.073041
v -0.802039 0.546428 -0.082542
v -0.794787 0.556830 -0.086738
v -0.649762 0.567592 -0.079067
v -0.656809 0.574034 -0.082442
v -0.676194 0.582639 -0.081588
v -0.683933 0.584731 -0.081493
v -0.733231 0.586801 -0.075273
v -0.109823 -0.578692 -0.079990
v -0.212275 -0.576159 -0.068297
v 0.604113 -0.524926 -0.072202
v 0.643477 -0.509593 -0.080310
v 0.670956 -0.502626 -0.075894
v 0.766443 -0.458667 -0.075848
v -0.519031 -0.455493 -0.068624
v 0.804892 -0.435079 -0.075000
v -0.585312 -0.410417 -0.072520
v 0.832360 -0.419176 -0.071079
v -0.633267 -0.373411 -0.076503
v -0.664717 -0.347901 -0.076569
v 0.891015 -0.353886 -0.071416
v 0.903413 -0.326137 -0.071649
v 0.911008 -0.295227 -0.071369
v 0.906182 -0.302953 -0.074819
v 0.902039 -0.280294 -0.078072
v 0.904709 -0.276566 -0.074843
v 0.883819 -0.258046 -0.079733
v 0.879974 -0.241955 -0.067351
v 0.806211 -0.219186 -0.070492
v 0.759172 -0.227562 -0.078679
v 0.608966 -0.223205 -0.072074
v 0.221492 -0.209564 -0.065298
v 0.031791 -0.189629 -0.065164
v -0.063100 -0.185753 -0.072772
v -0.003571 -0.191057 -0.080576
v -0.150945 -0.160505 -0.061211
v -0.127004 -0.170557 -0.068926
v -0.859782 -0.112023 -0.076574
v -0.892105 -0.045272 -0.076559
v -0.433050 0.025681 -0.065130
v -0.449373 0.045572 -0.061183
v -0.930788 0.064605 -0.064873
v -0.943250 0.154779 -0.064945
v -0.940762 0.221306 -0.068824
v -0.583815 0.359902 -0.061563
v -0.887932 0.413266 -0.069214
v -0.602656 0.441758 -0.053952
v -0.617513 0.501037 -0.070480
v -0.628754 0.543727 -0.083099
v -0.637501 0.551349 -0.075477
v -0.795227 0.549475 -0.075532
v -0.783708 0.561794 -0.079730
v -0.760328 0.579751 -0.083572
v -0.062519 -0.588107 -0.064473
v 0.182024 -0.582176 -0.064357
v -0.231877 -0.571108 -0.072155
v -0.251502 -0.568437 -0.068615
v 0.387304 -0.564302 -0.064356
v 0.458283 -0.556368 -0.060555
v 0.635598 -0.516163 -0.072186
v 0.659182 -0.510502 -0.068293
v 0.710338 -0.489621 -0.071469
v 0.722172 -0.484393 -0.071896
v 0.758382 -0.466734 -0.071638
v 0.855590 -0.403570 -0.067250
v -0.706689 -0.312516 -0.068846
v 0.909706 -0.306747 -0.070996
v 0.906929 -0.265510 -0.067422
v 0.891570 -0.254273 -0.071208
v 0.817862 -0.217290 -0.067207
v 0.533905 -0.221307 -0.064900
v 0.537785 -0.223601 -0.072490
v 0.692029 -0.218922 -0.067696
v 0.731483 -0.220063 -0.070510
v 0.774985 -0.219009 -0.071056
v 0.142359 -0.203124 -0.072996
v -0.027281 -0.185567 -0.061211
v -0.059139 -0.181922 -0.053408
v -0.824509 -0.170959 -0.072704
v -0.174843 -0.152291 -0.068981
v -0.880360 -0.076690 -0.068801
v -0.369316 -0.033215 -0.065369
v -0.379027 -0.029905 -0.084675
v -0.486145 0.093373 -0.068932
v -0.935989 0.264600 -0.065062
v -0.912447 0.362482 -0.065304
v -0.830345 0.504441 -0.061985
v -0.622104 0.508511 -0.063326
v -0.816380 0.523190 -0.066701
v -0.798880 0.548327 -0.079140
v -0.760284 0.566419 -0.065747
v -0.665057 0.576448 -0.074943
v -0.657396 0.571644 -0.075157
v -0.680197 0.583297 -0.074339
v -0.680296 0.582409 -0.070891
v -0.721697 0.588171 -0.071137
v -0.707002 0.590149 -0.077700
v -0.699504 0.588848 -0.074297
v -0.714385 0.590061 -0.074366
v -0.015286 -0.590568 -0.060473
v 0.004387 -0.591858 -0.056621
v 0.095271 -0.587339 -0.060509
v -0.180904 -0.582911 -0.060562
v 0.268890 -0.574598 -0.064394
v 0.347879 -0.568249 -0.064338
v -0.286965 -0.560550 -0.064563
v 0.572629 -0.533975 -0.068295
v -0.393097 -0.522025 -0.060775
v -0.448208 -0.495579 -0.064702
v 0.777553 -0.458789 -0.068052
v 0.793021 -0.446850 -0.071343
v -0.548814 -0.442325 -0.053065
v -0.565423 -0.429938 -0.057007
v 0.836975 -0.419453 -0.067411
v 0.874116 -0.384354 -0.067255
v 0.887102 -0.361021 -0.071099
v 0.905678 -0.341635 -0.063320
v 0.905149 -0.333851 -0.067178
v 0.896858 -0.254233 -0.067359
v 0.883842 -0.246584 -0.069490
v 0.837229 -0.215073 -0.059923
v 0.660421 -0.219981 -0.067878
v 0.522046 -0.218933 -0.053520
v 0.336173 -0.216379 -0.061448
v 0.379657 -0.218500 -0.061360
v 0.798513 -0.212196 -0.063432
v 0.126571 -0.200002 -0.065241
v 0.004288 -0.187708 -0.065067
v -0.816036 -0.186675 -0.064880
v -0.087124 -0.177327 -0.053432
v -0.332671 -0.061097 -0.065461
v -0.357388 -0.042128 -0.061556
v -0.923113 0.033206 -0.064844
v -0.472741 0.079133 -0.053350
v -0.944295 0.201707 -0.061090
v -0.926683 0.307798 -0.072910
v -0.919633 0.339062 -0.069134
v -0.632788 0.539782 -0.071579
v -0.645970 0.558915 -0.071643
v -0.650918 0.566484 -0.075307
v 0.150494 -0.587204 -0.056595
v 0.670951 -0.508138 -0.064441
v 0.718222 -0.489915 -0.064438
v 0.749620 -0.475910 -0.064223
v 0.802990 -0.446599 -0.063893
v 0.816476 -0.437776 -0.063765
v 0.835877 -0.426951 -0.060012
v 0.867491 -0.399851 -0.060318
v 0.875178 -0.388194 -0.063314
v -0.637155 -0.376100 -0.060990
v 0.883819 -0.376585 -0.064115
v -0.652897 -0.363440 -0.060972
v 0.894736 -0.367093 -0.059672
v -0.687462 -0.336069 -0.053227
v 0.906029 -0.322232 -0.070452
v 0.921761 -0.295678 -0.059862
v 0.912649 -0.276645 -0.067346
v 0.912200 -0.269275 -0.063876
v 0.906699 -0.255782 -0.059938
v 0.867800 -0.230978 -0.063139
v 0.829570 -0.215963 -0.063336
v 0.435050 -0.219778 -0.061362
v 0.774980 -0.212500 -0.063548
v 0.810152 -0.212875 -0.063413
v 0.090956 -0.195437 -0.061341
v -0.035257 -0.184415 -0.057376
v -0.846399 -0.143461 -0.060982
v -0.222513 -0.126379 -0.057456
v -0.904438 -0.029544 -0.057060
v -0.914246 -0.006019 -0.053166
v -0.405033 -0.002175 -0.065265
v -0.915039 0.009662 -0.068767
v -0.936038 0.080295 -0.057096
v -0.520718 0.160861 -0.057230
v -0.549396 0.236316 -0.049523
v -0.568358 0.299758 -0.053642
v -0.576044 0.323412 -0.065340
v -0.610187 0.469408 -0.062053
v -0.841639 0.487535 -0.057748
v -0.806847 0.533669 -0.067340
v -0.661287 0.570286 -0.067659
v -0.728987 0.579399 -0.060174
v -0.706908 0.588138 -0.067206
v -0.691888 0.585341 -0.067157
v -0.078238 -0.591831 -0.052774
v -0.141495 -0.586784 -0.056681
v -0.263238 -0.570401 -0.056680
v -0.365491 -0.537554 -0.049039
v 0.619802 -0.527280 -0.056641
v 0.714257 -0.494625 -0.056733
v 0.729969 -0.489456 -0.053390
v 0.859605 -0.411023 -0.055991
v 0.918298 -0.326027 -0.056799
v 0.920872 -0.322151 -0.055495
v 0.924075 -0.310620 -0.055486
v 0.917753 -0.284176 -0.063597
v 0.916625 -0.280533 -0.063831
v -0.743535 -0.281187 -0.050092
v -0.770530 -0.249567 -0.053150
v 0.910349 -0.265453 -0.063754
v 0.887636 -0.232677 -0.051856
v 0.561622 -0.219158 -0.057141
v 0.605153 -0.217993 -0.057069
v 0.660470 -0.216098 -0.060431
v 0.735495 -0.215240 -0.064434
v 0.249158 -0.210101 -0.053685
v 0.146258 -0.200582 -0.053727
v -0.826604 -0.178805 -0.049262
v -0.254493 -0.109275 -0.061418
v -0.321620 -0.067832 -0.057740
v -0.902717 -0.041340 -0.045374
v -0.341542 -0.053421 -0.053853
v -0.509853 0.140987 -0.053342
v -0.942927 0.119506 -0.053264
v -0.936197 0.276320 -0.053535
v -0.905866 0.382010 -0.053716
v -0.877263 0.435279 -0.049702
v -0.787807 0.536498 -0.052211
v -0.672752 0.575653 -0.063878
v -0.710401 0.584621 -0.060057
v -0.034953 -0.596238 -0.044981
v -0.224035 -0.581673 -0.048941
v 0.324222 -0.578181 -0.044877
v 0.407011 -0.568166 -0.048836
v 0.564804 -0.540303 -0.056697
v 0.517469 -0.551336 -0.048892
v 0.604073 -0.534329 -0.048938
v 0.761402 -0.473651 -0.056642
v 0.786028 -0.458740 -0.060340
v -0.519010 -0.463370 -0.045239
v 0.804688 -0.451849 -0.052685
v 0.800763 -0.450374 -0.060225
v 0.871775 -0.399715 -0.056001
v 0.906013 -0.349200 -0.059003
v 0.910675 -0.338105 -0.059816
v -0.707944 -0.320343 -0.041546
v 0.921181 -0.291948 -0.060009
v 0.918899 -0.276788 -0.056026
v 0.899257 -0.244943 -0.055828
v 0.864265 -0.219457 -0.051850
v 0.719758 -0.211271 -0.056317
v 0.786864 -0.204882 -0.052312
v 0.829531 -0.209949 -0.055849
v -0.800367 -0.214176 -0.049256
v 0.047551 -0.188997 -0.049806
v -0.166896 -0.150691 -0.041821
v -0.190767 -0.142406 -0.057357
v -0.293565 -0.085384 -0.053855
v -0.425794 0.025770 -0.014591
v -0.939948 0.092053 -0.049335
v -0.946124 0.158708 -0.053293
v -0.930104 0.307749 -0.053618
v -0.822502 0.512389 -0.055136
v -0.633932 0.531983 -0.062879
v -0.638323 0.536004 -0.059925
v -0.764317 0.542668 -0.040549
v -0.653664 0.559020 -0.062131
v -0.752488 0.563160 -0.056382
v -0.684253 0.581001 -0.063768
v -0.721509 0.584701 -0.063789
v -0.703096 0.586225 -0.063593
v -0.695699 0.582705 -0.060014
v 0.012300 -0.597220 -0.041113
v 0.284725 -0.582376 -0.041043
v -0.330022 -0.550217 -0.052826
v 0.643409 -0.524813 -0.044038
v 0.678777 -0.511176 -0.048965
v -0.479839 -0.485698 -0.045211
v 0.825078 -0.439065 -0.052586
v -0.597719 -0.412386 -0.041398
v 0.882342 -0.388104 -0.055911
v 0.902277 -0.360651 -0.055657
v 0.917980 -0.337579 -0.051769
v 0.925753 -0.317185 -0.051651
v 0.930173 -0.303397 -0.048046
v 0.924686 -0.288425 -0.052217
v 0.922054 -0.288361 -0.056174
v 0.920881 -0.284462 -0.056459
v 0.913823 -0.268762 -0.060627
v 0.915949 -0.269326 -0.055958
v 0.914121 -0.266540 -0.056178
v 0.911707 -0.261605 -0.056761
v 0.909841 -0.257906 -0.056883
v 0.903422 -0.245646 -0.052285
v 0.656599 -0.213669 -0.052860
v 0.848829 -0.213049 -0.052023
v 0.296626 -0.212450 -0.045904
v 0.815843 -0.207840 -0.055885
v 0.201674 -0.206011 -0.049853
v 0.110727 -0.196107 -0.045972
v -0.115047 -0.169881 -0.049517
v -0.880353 -0.088491 -0.049219
v -0.292683 -0.085576 -0.046093
v -0.385294 -0.016984 -0.038272
v -0.365404 -0.034491 -0.046101
v -0.928171 0.033198 -0.045413
v -0.485432 0.101262 -0.045580
v -0.498944 0.121124 -0.053343
v -0.948721 0.174396 -0.041702
v -0.540339 0.212471 -0.045538
v -0.945734 0.213472 -0.049529
v -0.943585 0.236971 -0.045662
v -0.558049 0.264054 -0.049641
v -0.908678 0.378168 -0.038195
v -0.889635 0.417222 -0.038044
v -0.852138 0.472241 -0.049967
v -0.609918 0.465101 -0.046763
v -0.830285 0.503676 -0.054693
v -0.625713 0.500284 -0.047917
v -0.803444 0.528973 -0.055970
v -0.649370 0.551993 -0.060256
v -0.664024 0.566601 -0.060248
v -0.684222 0.575692 -0.056476
v -0.721291 0.579823 -0.056326
v -0.703094 0.578750 -0.052642
v 0.095241 -0.595967 -0.037177
v -0.188727 -0.587856 -0.045014
v -0.239695 -0.580006 -0.045063
v 0.387260 -0.575999 -0.033277
v -0.404875 -0.520865 -0.049066
v 0.745694 -0.484110 -0.048955
v 0.843881 -0.428090 -0.048652
v 0.860681 -0.415105 -0.048545
v 0.888374 -0.387951 -0.048420
v 0.891286 -0.380911 -0.052129
v 0.907749 -0.360759 -0.048232
v 0.924061 -0.341240 -0.040511
v 0.922878 -0.280354 -0.052210
v 0.921635 -0.268750 -0.048911
v 0.918415 -0.265613 -0.051232
v 0.914623 -0.258146 -0.048134
v 0.911019 -0.257789 -0.052526
v 0.910004 -0.256161 -0.052928
v 0.899017 -0.235571 -0.044429
v -0.783265 -0.238469 -0.041466
v 0.869635 -0.219446 -0.048129
v 0.844969 -0.207279 -0.044613
v 0.802402 -0.204793 -0.052228
v 0.004262 -0.184524 -0.041978
v -0.095108 -0.173672 -0.041737
v -0.186773 -0.141889 -0.041849
v -0.862907 -0.127739 -0.033718
v -0.917024 -0.006036 -0.041516
v -0.921125 0.342909 -0.049858
v -0.899566 0.397654 -0.041988
v -0.615523 0.484534 -0.054943
v -0.621033 0.484529 -0.039840
v -0.818772 0.514227 -0.051480
v -0.641997 0.507926 -0.032242
v -0.787819 0.534758 -0.049874
v -0.653592 0.551362 -0.055436
v -0.669070 0.562895 -0.052823
v -0.728815 0.566392 -0.044879
v -0.714052 0.578743 -0.052555
v -0.149438 -0.591777 -0.041114
v -0.070361 -0.596146 -0.041155
v 0.150459 -0.594198 -0.037159
v -0.294584 -0.565384 -0.045090
v 0.470078 -0.560259 -0.044994
v 0.556899 -0.548356 -0.036657
v -0.456034 -0.500400 -0.037462
v 0.808537 -0.452716 -0.045021
v 0.867365 -0.409442 -0.048520
v 0.877625 -0.399586 -0.048489
v 0.899576 -0.376267 -0.044649
v -0.658438 -0.363584 -0.045411
v 0.905122 -0.368488 -0.044497
v 0.914118 -0.361018 -0.036884
v -0.680383 -0.347619 -0.033730
v -0.738245 -0.292809 -0.029814
v 0.926574 -0.288725 -0.048834
v 0.929455 -0.296437 -0.047867
v 0.918170 -0.261919 -0.048217
v 0.910657 -0.254766 -0.048330
v 0.878624 -0.219548 -0.040606
v 0.545879 -0.216414 -0.026505
v 0.581465 -0.216154 -0.041861
v 0.371745 -0.216235 -0.042128
v 0.644871 -0.211783 -0.041608
v 0.731731 -0.204393 -0.041153
v 0.817981 -0.204133 -0.048926
v 0.833416 -0.204357 -0.044599
v 0.798570 -0.201250 -0.044714
v -0.123033 -0.164918 -0.030093
v -0.845675 -0.151735 -0.045400
v -0.154868 -0.153727 -0.026251
v -0.234370 -0.118487 -0.045847
v -0.947766 0.146960 -0.041690
v -0.517397 0.160831 -0.041633
v -0.584979 0.382559 -0.014701
v -0.844257 0.483912 -0.046424
v -0.684178 0.568018 -0.048990
v -0.710512 0.575089 -0.048033
v -0.706863 0.578627 -0.052020
v -0.695768 0.573881 -0.049404
v 0.189886 -0.590345 -0.041088
v 0.485880 -0.561197 -0.033372
v -0.329971 -0.556435 -0.033456
v 0.710269 -0.503939 -0.033393
v 0.788894 -0.465010 -0.041198
v 0.832134 -0.442284 -0.033444
v 0.847793 -0.428729 -0.041053
v 0.867310 -0.413626 -0.040973
v 0.925880 -0.337387 -0.040453
v 0.930372 -0.325899 -0.041345
v 0.933801 -0.307494 -0.041661
v 0.932308 -0.303707 -0.044614
v 0.929346 -0.292747 -0.044892
v 0.929900 -0.292563 -0.043718
v 0.926128 -0.284088 -0.044312
v 0.922784 -0.272540 -0.045695
v 0.921928 -0.268940 -0.045988
v 0.921124 -0.265775 -0.046015
v 0.919406 -0.261580 -0.045300
v 0.917950 -0.256985 -0.041678
v 0.909409 -0.246379 -0.040404
v 0.894364 -0.227270 -0.036837
v 0.561655 -0.216534 -0.038105
v 0.856556 -0.209393 -0.040778
v 0.308489 -0.212653 -0.034357
v 0.779124 -0.200396 -0.041002
v 0.079053 -0.192158 -0.038286
v -0.337585 -0.056083 -0.038425
v -0.301789 -0.080024 -0.034499
v -0.460878 0.068616 -0.029978
v -0.937186 0.064600 -0.037675
v -0.949124 0.197824 -0.034059
v -0.552795 0.252102 -0.037870
v -0.939885 0.264488 -0.041891
v -0.560220 0.279805 -0.026241
v -0.583990 0.374794 -0.026244
v -0.614254 0.460699 -0.023939
v -0.845745 0.479785 -0.035195
v -0.772127 0.535123 -0.036478
v -0.653487 0.527196 -0.037237
v -0.744782 0.546513 -0.032908
v -0.717746 0.574492 -0.048483
v -0.703231 0.574849 -0.048477
v 0.075508 -0.599606 -0.025597
v -0.204411 -0.590459 -0.029539
v 0.245162 -0.591145 -0.021689
v -0.259292 -0.580778 -0.025691
v 0.580491 -0.545558 -0.029550
v 0.627679 -0.533724 -0.029550
v -0.487533 -0.484766 -0.033625
v -0.542249 -0.454097 -0.025817
v -0.566236 -0.439132 -0.021951
v 0.855626 -0.422812 -0.040996
v 0.863425 -0.419967 -0.033362
v 0.887650 -0.395607 -0.037162
v -0.641053 -0.381615 -0.029821
v 0.923619 -0.348857 -0.033070
v 0.937416 -0.307626 -0.032576
v 0.933500 -0.299897 -0.038971
v 0.931710 -0.295870 -0.040667
v 0.932349 -0.291636 -0.039941
v 0.930547 -0.288295 -0.041229
v 0.930836 -0.284318 -0.040538
v 0.934402 -0.284252 -0.038472
v 0.931469 -0.280776 -0.039458
v 0.926633 -0.277244 -0.040960
v 0.930856 -0.277303 -0.038385
v 0.924247 -0.273240 -0.040395
v 0.927634 -0.269223 -0.036032
v 0.921832 -0.268587 -0.040798
v 0.904179 -0.234340 -0.033015
v -0.808572 -0.210215 -0.029796
v 0.446963 -0.218178 -0.045976
v 0.458801 -0.217739 -0.034363
v 0.625127 -0.212434 -0.030112
v 0.292611 -0.211864 -0.018836
v 0.680448 -0.206995 -0.033749
v 0.205563 -0.205712 -0.038266
v 0.841172 -0.203090 -0.037060
v 0.814089 -0.200173 -0.040913
v 0.829593 -0.199442 -0.033224
v 0.177934 -0.203043 -0.030526
v 0.016023 -0.185127 -0.034311
v -0.892797 -0.072741 -0.026029
v -0.904098 -0.045303 -0.029943
v -0.412586 0.010528 -0.018634
v -0.942041 0.084160 -0.030013
v -0.946404 0.119497 -0.033897
v -0.506198 0.144926 -0.022141
v -0.527401 0.188619 -0.026018
v -0.599001 0.429707 -0.030729
v -0.834585 0.489944 -0.031891
v -0.668735 0.535710 -0.033027
v -0.707128 0.562523 -0.037694
v -0.695743 0.566850 -0.043584
v -0.042838 -0.599635 -0.033359
v -0.105883 -0.597039 -0.029524
v -0.184826 -0.591744 -0.033388
v 0.339955 -0.584308 -0.021696
v 0.399035 -0.576660 -0.025515
v -0.381205 -0.536724 -0.029611
v 0.682701 -0.516651 -0.025648
v 0.900422 -0.380030 -0.037097
v 0.910839 -0.368329 -0.033188
v 0.935182 -0.325729 -0.032830
v 0.935784 -0.318271 -0.036554
v 0.939426 -0.318409 -0.029011
v 0.934605 -0.299328 -0.036407
v 0.934198 -0.295137 -0.037340
v 0.937939 -0.291000 -0.035517
v 0.939814 -0.288184 -0.032615
v 0.934889 -0.280978 -0.036940
v -0.770623 -0.257090 -0.029776
v 0.922058 -0.265822 -0.038920
v 0.926087 -0.266347 -0.035513
v 0.923008 -0.264965 -0.035956
v 0.919787 -0.261721 -0.037612
v 0.918185 -0.257312 -0.038535
v 0.916975 -0.253697 -0.038067
v 0.912291 -0.246334 -0.036745
v 0.899062 -0.230965 -0.037153
v 0.490452 -0.218036 -0.018823
v 0.798658 -0.198383 -0.037177
v 0.814188 -0.196556 -0.029533
v 0.150226 -0.200242 -0.026657
v 0.055405 -0.189128 -0.030531
v -0.027378 -0.181852 -0.030282
v -0.063217 -0.177930 -0.026256
v -0.851917 -0.147382 -0.029844
v -0.198629 -0.135067 -0.026360
v -0.879958 -0.096357 -0.033742
v -0.250198 -0.109100 -0.030409
v -0.921712 0.001849 -0.029904
v -0.935571 0.291922 -0.026472
v -0.930647 0.311540 -0.034305
v -0.576261 0.342538 -0.022316
v -0.877649 0.437266 -0.034218
v -0.811427 0.494641 -0.012670
v -0.823037 0.501930 -0.036114
v -0.634967 0.508075 -0.041162
v -0.815229 0.512632 -0.044019
v -0.684182 0.555189 -0.039519
v -0.721839 0.558717 -0.035012
v -0.710772 0.566680 -0.040586
v -0.165097 -0.596324 -0.021728
v 0.166208 -0.595697 -0.029419
v 0.339996 -0.580944 -0.033226
v -0.302474 -0.568196 -0.025685
v 0.489817 -0.564462 -0.017864
v 0.600138 -0.541956 -0.025705
v -0.420672 -0.519372 -0.029630
v 0.761383 -0.482716 -0.029553
v 0.800690 -0.464974 -0.017936
v 0.851392 -0.430367 -0.029587
v 0.863901 -0.422767 -0.021897
v 0.870270 -0.414207 -0.033426
v 0.886740 -0.399685 -0.029534
v 0.902224 -0.379820 -0.033302
v -0.659989 -0.366923 -0.025951
v 0.933060 -0.337162 -0.025428
v 0.937184 -0.303228 -0.032201
v 0.932146 -0.273528 -0.033167
v 0.930361 -0.268989 -0.033391
v 0.929924 -0.260195 -0.028536
v 0.923648 -0.262082 -0.033613
v 0.926906 -0.255685 -0.028137
v 0.918294 -0.258007 -0.032621
v 0.916634 -0.253524 -0.034128
v 0.913278 -0.245627 -0.030360
v 0.906876 -0.238133 -0.032970
v 0.891400 -0.223471 -0.033073
v 0.605262 -0.213916 -0.030214
v 0.879864 -0.215821 -0.030643
v 0.692358 -0.203984 -0.022166
v 0.845029 -0.200520 -0.025597
v -0.841539 -0.167022 -0.018161
v -0.087194 -0.172897 -0.018424
v -0.186682 -0.139851 -0.010759
v -0.218919 -0.125199 -0.022566
v -0.931923 0.033209 -0.022225
v -0.946651 0.111649 -0.022308
v -0.948946 0.143035 -0.030121
v -0.538651 0.216377 -0.026054
v -0.948943 0.209537 -0.026283
v -0.944604 0.244736 -0.022457
v -0.907574 0.382081 -0.018727
v -0.894640 0.409418 -0.026450
v -0.872741 0.444418 -0.026674
v -0.863658 0.456144 -0.027004
v -0.626853 0.484256 -0.028854
v -0.764611 0.520798 -0.013053
v -0.703726 0.539698 -0.021072
v 0.012293 -0.601663 -0.025615
v -0.066392 -0.602940 -0.014061
v -0.231838 -0.586930 -0.025665
v -0.278914 -0.576408 -0.021807
v -0.322114 -0.561316 -0.025699
v 0.663025 -0.524504 -0.021813
v -0.456017 -0.504121 -0.021922
v 0.773135 -0.478853 -0.021821
v 0.911996 -0.372113 -0.021739
v 0.936965 -0.325657 -0.029072
v 0.939683 -0.306734 -0.028575
v 0.941682 -0.302673 -0.027900
v 0.942983 -0.288236 -0.025672
v 0.941825 -0.295262 -0.028751
v 0.934715 -0.273873 -0.021398
v 0.932610 -0.273193 -0.029835
v 0.933058 -0.273095 -0.026042
v 0.930792 -0.264640 -0.029481
v 0.919483 -0.254028 -0.029025
v 0.915244 -0.249998 -0.029356
v 0.906038 -0.234443 -0.029108
v 0.379680 -0.216415 -0.022634
v 0.868191 -0.209822 -0.029294
v 0.735758 -0.200356 -0.025794
v 0.856605 -0.204040 -0.025540
v 0.790870 -0.195505 -0.025743
v 0.833414 -0.198033 -0.025626
v -0.871968 -0.115929 -0.018223
v -0.313651 -0.073684 -0.014992
v -0.369408 -0.031755 -0.018894
v -0.388632 -0.013999 -0.022710
v -0.488720 0.113173 -0.022099
v -0.484778 0.109219 -0.012004
v -0.950084 0.193917 -0.022397
v -0.923280 0.339005 -0.026552
v -0.917934 0.354704 -0.010954
v -0.888355 0.421045 -0.022661
v -0.604150 0.433234 -0.011929
v -0.857056 0.463006 -0.023437
v -0.684186 0.535302 -0.025511
v -0.121818 -0.598887 -0.017925
v 0.118955 -0.601466 -0.013992
v 0.426673 -0.575408 -0.013972
v 0.560844 -0.551251 -0.021821
v -0.349666 -0.552464 -0.017900
v 0.592286 -0.546797 -0.010229
v -0.385116 -0.538427 -0.014075
v -0.432417 -0.515722 -0.021858
v 0.729946 -0.498896 -0.021802
v -0.586300 -0.426843 -0.014143
v 0.875052 -0.412315 -0.025738
v 0.881704 -0.407195 -0.021849
v -0.605549 -0.411218 -0.021959
v -0.648889 -0.380162 -0.002571
v 0.925325 -0.352649 -0.021688
v 0.921664 -0.356519 -0.025533
v 0.936742 -0.329467 -0.025385
v -0.727586 -0.308542 -0.006450
v 0.941225 -0.310573 -0.024396
v 0.943827 -0.295886 -0.021808
v 0.941566 -0.284834 -0.025653
v 0.939770 -0.281863 -0.025078
v -0.757280 -0.277052 -0.006486
v 0.931902 -0.268463 -0.026107
v 0.930959 -0.260606 -0.025881
v 0.926728 -0.253169 -0.025124
v 0.930495 -0.257464 -0.022700
v 0.919202 -0.250319 -0.025352
v 0.923666 -0.250904 -0.024744
v 0.914533 -0.247310 -0.024515
v 0.909686 -0.238264 -0.025870
v 0.907553 -0.230229 -0.018015
v 0.443009 -0.217999 -0.018838
v 0.887585 -0.216824 -0.021625
v 0.821909 -0.194850 -0.018020
v 0.075120 -0.192336 -0.011020
v 0.023851 -0.186156 -0.014877
v -0.039415 -0.180091 -0.006830
v -0.162889 -0.149743 -0.010663
v -0.349509 -0.047823 -0.022817
v -0.916360 -0.017750 -0.018369
v -0.937981 0.056691 -0.018365
v -0.950461 0.154733 -0.014696
v -0.562856 0.295544 0.005030
v -0.634136 0.476201 -0.009804
v -0.729636 0.542175 -0.021331
v -0.718716 0.539211 -0.017238
v -0.011371 -0.603682 -0.017933
v 0.032031 -0.603494 -0.014073
v -0.196530 -0.595625 -0.010141
v -0.231798 -0.589885 -0.010236
v 0.682696 -0.519105 -0.014083
v -0.514692 -0.473519 -0.014112
v 0.897787 -0.390933 -0.017942
v -0.676462 -0.355694 -0.010381
v 0.926395 -0.352670 -0.017807
v 0.945832 -0.306061 -0.017848
v 0.945098 -0.299936 -0.021315
v 0.943438 -0.288227 -0.022365
v 0.942447 -0.284469 -0.019125
v 0.941487 -0.281500 -0.021667
v 0.938167 -0.277503 -0.021176
v 0.935018 -0.269643 -0.013846
v -0.770884 -0.260401 -0.014280
v 0.928689 -0.254453 -0.022271
v 0.925683 -0.251105 -0.021676
v 0.919687 -0.247155 -0.020622
v 0.910641 -0.238090 -0.017429
v 0.906314 -0.227166 -0.013984
v 0.561722 -0.216058 -0.014878
v 0.363830 -0.216405 -0.007112
v 0.249162 -0.209125 -0.022697
v 0.637004 -0.210243 -0.010786
v 0.181952 -0.204256 -0.011046
v 0.221411 -0.208071 -0.007198
v 0.860561 -0.202162 -0.010188
v 0.723877 -0.200284 -0.018195
v 0.841192 -0.197292 -0.014117
v -0.828900 -0.186632 -0.014202
v 0.775219 -0.194476 -0.014209
v 0.794789 -0.192709 -0.010419
v -0.258043 -0.105443 -0.010950
v -0.921785 -0.002094 -0.018372
v -0.940623 0.264382 -0.003096
v -0.900618 0.397537 -0.014916
v -0.601992 0.433387 -0.019484
v -0.869594 0.447204 -0.019251
v -0.862049 0.452901 -0.012081
v -0.846204 0.474757 -0.023812
v -0.834765 0.485379 -0.024210
v -0.664897 0.509537 -0.013335
v -0.668735 0.523416 -0.023298
v 0.174119 -0.599552 -0.010147
v -0.263209 -0.582919 -0.010183
v 0.367582 -0.583477 -0.013967
v 0.627683 -0.536399 -0.017938
v 0.663047 -0.527250 -0.006362
v -0.463908 -0.503010 -0.006334
v 0.729927 -0.501148 -0.010186
v -0.498255 -0.484947 -0.002445
v 0.839913 -0.441130 -0.018000
v 0.859444 -0.429333 -0.006475
v 0.875078 -0.414210 -0.018043
v 0.886722 -0.404982 -0.010275
v 0.916894 -0.368211 -0.014051
v 0.918666 -0.364369 -0.017834
v -0.707952 -0.326435 -0.014269
v 0.935408 -0.337118 -0.017801
v 0.938241 -0.333281 -0.013987
v 0.940721 -0.325581 -0.017786
v 0.941176 -0.321953 -0.021132
v 0.941231 -0.324250 -0.017760
v 0.942379 -0.325622 -0.010176
v 0.942891 -0.318593 -0.017823
v 0.943059 -0.314882 -0.017796
v 0.943831 -0.309989 -0.017854
v 0.946183 -0.300012 -0.017828
v 0.946975 -0.303059 -0.011062
v 0.939989 -0.277768 -0.018081
v 0.931825 -0.264808 -0.018224
v 0.930879 -0.261007 -0.018801
v 0.929396 -0.258319 -0.014301
v -0.794272 -0.233789 -0.006481
v 0.918781 -0.242041 -0.013322
v 0.925754 -0.250671 -0.018474
v 0.914210 -0.238922 -0.013090
v 0.609294 -0.213059 -0.014715
v 0.684570 -0.203934 -0.002913
v 0.879935 -0.209274 -0.006339
v -0.852606 -0.151311 -0.010433
v -0.902398 -0.053118 -0.018307
v -0.341501 -0.056127 0.000717
v -0.434841 0.037745 0.001168
v -0.456994 0.068332 0.001304
v -0.550997 0.259898 0.005240
v -0.571960 0.327382 -0.006733
v -0.585206 0.382504 -0.007120
v -0.594032 0.409810 -0.011408
v -0.879427 0.432630 -0.011557
v -0.623865 0.472355 -0.020423
v -0.846460 0.470317 -0.016284
v -0.638039 0.480122 -0.009142
v -0.792046 0.495443 0.003133
v -0.649598 0.507742 -0.024065
v -0.661072 0.502962 -0.009955
v -0.783401 0.514893 -0.017291
v -0.748991 0.517800 -0.001346
v -0.725974 0.538938 -0.017300
v -0.161185 -0.599534 -0.006326
v 0.328183 -0.587720 -0.010087
v 0.402984 -0.580458 -0.006172
v -0.302458 -0.572392 -0.002438
v -0.322120 -0.565058 -0.006319
v -0.566222 -0.442618 -0.002455
v 0.867849 -0.423166 -0.002616
v -0.626368 -0.399013 0.001381
v 0.934193 -0.341006 -0.014013
v 0.934935 -0.341008 -0.010174
v 0.946398 -0.305993 -0.014469
v 0.944439 -0.292724 -0.014417
v 0.942581 -0.289291 -0.011328
v 0.941598 -0.284594 -0.015502
v 0.940878 -0.280793 -0.015545
v 0.939748 -0.277018 -0.015310
v 0.932725 -0.265243 -0.013904
v 0.924617 -0.250125 -0.015300
v 0.922024 -0.246025 -0.014704
v 0.910336 -0.234040 -0.009843
v -0.816378 -0.206250 0.001267
v 0.904063 -0.223345 -0.006165
v 0.431090 -0.218623 -0.007176
v 0.296615 -0.212457 -0.011003
v 0.852758 -0.199030 -0.006380
v -0.885104 -0.092397 -0.010487
v -0.404850 0.001996 -0.003006
v -0.931848 0.029284 -0.006801
v -0.940025 0.063775 -0.006913
v -0.947734 0.115538 -0.010762
v -0.950385 0.182118 -0.003112
v -0.948936 0.213482 -0.010875
v -0.947074 0.229078 -0.010884
v -0.926089 0.327272 -0.010992
v -0.897825 0.401551 -0.007360
v -0.885122 0.425263 -0.015167
v -0.617211 0.452719 -0.008541
v -0.726120 0.534775 -0.013245
v 0.000478 -0.605494 -0.006373
v 0.079468 -0.603293 -0.006269
v -0.247529 -0.587762 -0.002476
v 0.264962 -0.593276 -0.002365
v 0.466106 -0.571938 0.001524
v 0.521365 -0.561515 -0.002413
v 0.552938 -0.556692 0.005295
v -0.357528 -0.552424 0.001449
v 0.627612 -0.539251 0.001389
v -0.416645 -0.526522 -0.002451
v 0.706305 -0.512919 0.005263
v 0.769228 -0.484327 -0.002507
v -0.534715 -0.463214 -0.002497
v -0.578990 -0.434382 0.001442
v 0.891291 -0.400145 -0.010289
v 0.897646 -0.394630 -0.002539
v 0.946097 -0.296474 -0.010797
v 0.940547 -0.284749 -0.011920
v 0.939487 -0.285225 -0.007631
v 0.938810 -0.276695 -0.011788
v 0.935064 -0.268415 -0.007002
v 0.937397 -0.273206 -0.011249
v 0.933426 -0.260986 -0.009359
v 0.932028 -0.257951 -0.009150
v 0.928298 -0.254472 -0.009664
v 0.924035 -0.250154 -0.010621
v 0.921904 -0.246153 -0.010722
v 0.915029 -0.237540 -0.009642
v 0.910077 -0.231848 -0.006105
v 0.625189 -0.212439 0.008667
v 0.739817 -0.196644 0.001168
v 0.786929 -0.192186 0.001256
v 0.806362 -0.192706 -0.010382
v 0.829695 -0.193725 -0.002617
v 0.035629 -0.189001 0.016578
v -0.059317 -0.177447 -0.002846
v -0.123043 -0.162936 -0.002828
v -0.087243 -0.171976 0.008932
v -0.873929 -0.115944 0.005069
v -0.945250 0.095918 -0.003013
v -0.950285 0.154720 -0.003113
v -0.550227 0.259862 0.016904
v -0.908260 0.378124 -0.003379
v -0.598321 0.409591 0.003640
v -0.611335 0.440215 -0.004490
v -0.834917 0.475351 -0.009181
v -0.776461 0.509321 -0.005133
v -0.050666 -0.605215 -0.002515
v 0.193824 -0.599216 -0.002474
v -0.216147 -0.594323 0.001373
v -0.456013 -0.509111 0.009160
v 0.796716 -0.469300 -0.006362
v 0.817187 -0.458424 0.001366
v 0.832055 -0.449861 0.012838
v 0.847991 -0.438522 0.001302
v 0.858929 -0.430545 0.001206
v 0.874295 -0.418214 0.004999
v 0.892703 -0.399376 -0.006425
v 0.913600 -0.375392 -0.002419
v -0.708806 -0.328157 0.005194
v 0.938127 -0.337094 -0.002533
v 0.941254 -0.329402 -0.006352
v 0.944975 -0.322075 0.001256
v 0.944965 -0.315354 -0.006966
v 0.945092 -0.311413 -0.002577
v 0.945343 -0.307615 -0.006857
v 0.944684 -0.293210 -0.007124
v 0.937761 -0.280632 -0.007781
v 0.937177 -0.276543 -0.007912
v 0.934640 -0.260716 -0.006341
v 0.933607 -0.257357 -0.003189
v 0.930667 -0.254316 -0.005693
v 0.926060 -0.250730 -0.006037
v 0.919629 -0.242213 -0.006942
v 0.914593 -0.235190 -0.001410
v 0.909844 -0.230571 -0.002473
v 0.474645 -0.220770 0.012363
v 0.154172 -0.203154 0.016577
v -0.833793 -0.182752 0.012871
v -0.170746 -0.146652 0.028383
v -0.202523 -0.132926 0.004904
v -0.238147 -0.117353 0.024400
v -0.258035 -0.105996 -0.003154
v -0.901864 -0.057039 0.001007
v -0.409376 0.006332 0.020573
v -0.488765 0.122714 0.017164
v -0.514945 0.172696 0.013273
v -0.945155 0.236896 0.004600
v -0.936833 0.280065 0.004579
v -0.893016 0.409264 -0.003704
v -0.878007 0.433094 -0.007937
v -0.866896 0.441132 -0.000646
v -0.718858 0.527172 -0.005497
v -0.109932 -0.602131 0.001350
v 0.146551 -0.603675 0.012972
v -0.263217 -0.584803 0.005206
v 0.320264 -0.591623 0.013205
v 0.371461 -0.586147 0.005389
v 0.580445 -0.551296 0.005312
v 0.682664 -0.522425 0.020728
v -0.515037 -0.475688 0.001402
v 0.890047 -0.402673 -0.002598
v 0.893288 -0.399363 -0.002611
v 0.927080 -0.356517 -0.002487
v 0.933681 -0.345285 -0.002539
v 0.936045 -0.340983 -0.002554
v 0.945497 -0.303206 -0.003475
v 0.945667 -0.303915 0.005518
v 0.939102 -0.285397 0.000975
v 0.937143 -0.280857 -0.003270
v 0.935092 -0.272532 -0.003398
v 0.934546 -0.268026 -0.003319
v 0.934626 -0.260500 -0.003454
v -0.792242 -0.237741 0.005155
v 0.922310 -0.246473 0.001162
v 0.917769 -0.238215 0.005450
v 0.907978 -0.226506 -0.002360
v 0.423156 -0.221626 0.024237
v 0.518215 -0.220831 0.020254
v 0.257066 -0.213353 0.028271
v 0.856708 -0.199365 0.001331
v 0.814151 -0.191937 0.005113
v -0.003828 -0.184811 0.020559
v -0.298572 -0.085602 0.016459
v -0.908366 -0.041116 0.000972
v -0.353492 -0.049925 0.036188
v -0.373026 -0.033355 0.040047
v -0.923353 0.001799 0.004770
v -0.473686 0.097337 0.020981
v -0.948638 0.131173 0.004632
v -0.502428 0.144934 0.005398
v -0.522971 0.192537 0.021055
v -0.574282 0.335234 0.008553
v -0.925917 0.323345 0.004500
v -0.916850 0.354684 0.000517
v -0.585654 0.378450 0.004147
v -0.899525 0.393683 0.003981
v -0.592504 0.401897 -0.003755
v -0.634207 0.468218 -0.001069
v -0.703883 0.517805 -0.001650
v -0.730102 0.523012 -0.001429
v -0.726533 0.511770 0.011049
v -0.062448 -0.605506 0.009079
v -0.007399 -0.606668 0.005200
v 0.059695 -0.605470 0.013025
v -0.137600 -0.601983 0.009139
v -0.200451 -0.597274 0.009114
v -0.176923 -0.599741 0.009039
v -0.282830 -0.579779 0.009116
v -0.318698 -0.568142 0.009195
v 0.608007 -0.544904 0.005232
v -0.404822 -0.532728 0.005330
v 0.752481 -0.492816 0.001382
v 0.769223 -0.485404 0.009035
v -0.550452 -0.454837 0.013038
v -0.601915 -0.418664 0.009188
v 0.890260 -0.402875 0.001240
v 0.898041 -0.395004 0.005130
v 0.929618 -0.353088 0.001343
v 0.933918 -0.345734 0.001362
v 0.945981 -0.315281 0.001331
v 0.945472 -0.311533 0.001349
v 0.943887 -0.296314 0.004694
v -0.759074 -0.277056 0.012913
v 0.937122 -0.280828 0.001191
v 0.933946 -0.268112 0.001132
v 0.930032 -0.252918 0.000488
v 0.915382 -0.234190 0.012712
v 0.912340 -0.230396 0.021047
v 0.908449 -0.226272 0.001435
v 0.906640 -0.223324 0.005255
v 0.557850 -0.219857 0.028169
v 0.899309 -0.219020 0.001411
v 0.883735 -0.210736 -0.002538
v 0.668771 -0.206480 0.008702
v 0.114654 -0.198906 0.028522
v 0.841293 -0.195130 0.008962
v -0.849212 -0.158750 0.016658
v -0.269882 -0.102586 0.032154
v -0.883749 -0.096352 0.008804
v -0.931228 0.029263 0.008571
v -0.940492 0.068460 0.004732
v -0.945162 0.099849 0.008539
v -0.536213 0.224206 0.020971
v -0.889222 0.408994 0.007472
v -0.881621 0.421992 0.003456
v -0.859117 0.448766 -0.000766
v -0.803671 0.488898 0.002936
v -0.664890 0.488215 0.006847
v -0.676508 0.483719 0.018116
v 0.213579 -0.599504 0.016933
v 0.257034 -0.595913 0.017008
v -0.235767 -0.591665 0.020631
v 0.422720 -0.580337 0.017015
v 0.473597 -0.571858 0.013139
v -0.373242 -0.546649 0.009176
v 0.655093 -0.531946 0.020744
v 0.741693 -0.498388 0.009095
v 0.886752 -0.406632 0.016674
v -0.656247 -0.375392 0.013007
v 0.910617 -0.380506 0.005190
v 0.914040 -0.375986 0.005190
v 0.925638 -0.360318 0.009041
v 0.929928 -0.353268 0.008975
v 0.934669 -0.344926 0.005115
v 0.936698 -0.341007 0.005124
v 0.936405 -0.341056 0.024367
v 0.945305 -0.321968 0.008975
v 0.946236 -0.315205 0.005218
v 0.945844 -0.307362 0.005517
v 0.943033 -0.292848 0.004820
v 0.938985 -0.285199 0.004920
v 0.939783 -0.284648 0.013570
v 0.936324 -0.276647 0.005438
v -0.782894 -0.249547 0.012912
v 0.934337 -0.264592 0.005298
v 0.933376 -0.261032 0.005059
v 0.929889 -0.254148 0.004700
v 0.879906 -0.208148 0.005159
v 0.864453 -0.201741 0.005165
v 0.767388 -0.193323 0.016715
v -0.067352 -0.176075 0.024550
v -0.309647 -0.077954 0.004673
v -0.325580 -0.068041 0.008599
v -0.908471 -0.037489 0.020264
v -0.384825 -0.021247 0.032312
v -0.921209 -0.002134 0.016359
v -0.428234 0.029849 0.012848
v -0.934867 0.044958 0.012422
v -0.453061 0.064926 0.024721
v -0.948811 0.189991 0.012369
v -0.948946 0.201699 0.004602
v -0.909967 0.366334 0.011789
v -0.594033 0.393903 0.011430
v -0.613414 0.432984 0.007102
v -0.621952 0.440793 0.011393
v -0.850556 0.431608 0.030475
v -0.645577 0.464240 0.014424
v -0.819233 0.475604 0.006955
v -0.653336 0.479748 0.006308
v -0.113929 -0.602945 0.020714
v -0.267148 -0.584502 0.016846
v 0.580487 -0.552204 0.016920
v 0.718099 -0.508780 0.016822
v -0.494531 -0.489009 0.016956
v 0.796701 -0.470874 0.009005
v 0.839879 -0.444745 0.016656
v 0.907922 -0.383715 0.020475
v 0.932591 -0.348779 0.008956
v -0.716586 -0.321108 0.012912
v 0.946476 -0.315118 0.009087
v 0.946599 -0.307172 0.009439
v 0.947204 -0.303878 0.013279
v 0.941034 -0.289323 0.009021
v 0.934660 -0.264493 0.011941
v 0.926732 -0.250008 0.009676
v 0.919106 -0.238102 0.016859
v -0.814153 -0.210225 0.016752
v 0.906959 -0.223142 0.020688
v 0.895509 -0.215949 0.012818
v 0.872160 -0.204275 0.012875
v 0.837440 -0.194559 0.024427
v -0.115987 -0.164950 0.024502
v -0.095137 -0.170393 0.028384
v -0.880946 -0.100329 0.024274
v -0.888815 -0.084596 0.018732
v -0.518627 0.184553 0.032614
v -0.943829 0.233061 0.020165
v -0.557495 0.279605 0.020586
v -0.932560 0.291855 0.016164
v -0.566539 0.307421 0.012667
v -0.926842 0.307516 0.023742
v -0.587538 0.366495 0.023186
v -0.603778 0.405564 0.018915
v -0.881716 0.416261 0.011122
v -0.799962 0.469991 0.030205
v -0.788223 0.491409 0.010811
v -0.745386 0.495603 0.026528
v -0.050646 -0.606304 0.016783
v 0.174153 -0.602478 0.024646
v 0.406920 -0.583236 0.028641
v 0.371452 -0.587248 0.017010
v -0.326040 -0.566065 0.020718
v 0.521298 -0.564029 0.028581
v 0.619764 -0.542412 0.024623
v -0.440298 -0.517669 0.028522
v 0.812281 -0.461795 0.024397
v 0.855485 -0.432822 0.024321
v 0.893957 -0.399350 0.016635
v -0.633074 -0.395084 0.024696
v 0.917691 -0.371704 0.012839
v 0.922585 -0.364334 0.024384
v 0.932447 -0.348792 0.020540
v -0.684302 -0.351439 0.020739
v 0.933061 -0.348064 0.012793
v 0.946272 -0.318427 0.012831
v 0.946657 -0.315023 0.012937
v 0.946723 -0.314898 0.016779
v 0.946951 -0.307029 0.013159
v 0.945559 -0.299715 0.013305
v 0.935191 -0.268539 0.012080
v 0.932756 -0.257487 0.012647
v 0.929557 -0.251392 0.013157
v 0.922896 -0.241975 0.017292
v 0.454822 -0.226666 0.067246
v 0.185832 -0.206829 0.020492
v 0.712245 -0.200579 0.016560
v 0.860638 -0.200132 0.020498
v 0.876003 -0.206305 0.024424
v 0.786954 -0.192061 0.024486
v -0.023572 -0.183117 0.040215
v -0.865219 -0.130964 0.020454
v -0.337562 -0.062157 0.036101
v -0.927239 0.021404 0.024069
v -0.948531 0.158628 0.016236
v -0.936555 0.272220 0.020065
v -0.917720 0.342840 0.015750
v -0.897124 0.390062 0.015274
v -0.637834 0.456394 0.014530
v -0.819293 0.463788 0.022602
v -0.653823 0.467670 0.018218
v -0.672663 0.475901 0.023371
v -0.760824 0.497100 0.018361
v -0.711618 0.511192 0.008213
v -0.011332 -0.606961 0.028426
v 0.130808 -0.604388 0.028495
v -0.141532 -0.602099 0.028424
v 0.351799 -0.589723 0.024787
v -0.278892 -0.581276 0.028395
v 0.769198 -0.485606 0.020633
v -0.522914 -0.472719 0.032441
v 0.788826 -0.475291 0.020586
v 0.871137 -0.420785 0.016622
v 0.886416 -0.406791 0.020486
v 0.927967 -0.356546 0.016631
v 0.945123 -0.322142 0.016612
v 0.947535 -0.303724 0.017067
v 0.944077 -0.288864 0.025543
v 0.933302 -0.269302 0.020323
v 0.938096 -0.277375 0.016761
v 0.933760 -0.268936 0.015913
v 0.931869 -0.257018 0.015965
v 0.930533 -0.253472 0.016391
v 0.926331 -0.246201 0.020033
v 0.915099 -0.234679 0.024678
v 0.868324 -0.203349 0.028317
v 0.810292 -0.191879 0.024418
v -0.941501 0.088042 0.023987
v -0.943342 0.107647 0.027890
v -0.501663 0.148921 0.028829
v -0.943867 0.205606 0.035592
v -0.571179 0.315199 0.027748
v -0.582029 0.350787 0.023383
v -0.903421 0.378046 0.015449
v -0.858372 0.420567 0.034344
v -0.807678 0.471614 0.022487
v -0.066392 -0.605297 0.032269
v 0.071582 -0.605374 0.028492
v -0.212200 -0.595406 0.032209
v 0.560739 -0.556150 0.040230
v -0.369378 -0.549026 0.028473
v -0.398380 -0.536631 0.028566
v -0.471760 -0.501894 0.028537
v -0.570125 -0.442260 0.024724
v 0.852443 -0.435148 0.024313
v -0.613422 -0.410794 0.032438
v -0.704556 -0.332693 0.028448
v 0.941599 -0.330179 0.024365
v -0.732309 -0.305329 0.028449
v 0.946608 -0.310966 0.024392
v 0.929944 -0.256721 0.024067
v 0.928961 -0.253581 0.023864
v 0.922897 -0.241794 0.020202
v 0.918455 -0.237537 0.020330
v 0.498404 -0.226381 0.067221
v 0.375621 -0.222054 0.055814
v -0.833787 -0.181996 0.028308
v -0.119009 -0.164927 0.039879
v -0.899693 -0.057119 0.028059
v -0.395624 -0.009881 0.032325
v -0.932625 0.044951 0.027914
v -0.490834 0.129072 0.032635
v -0.945685 0.150796 0.031734
v -0.534176 0.220170 0.036285
v -0.939949 0.244742 0.031710
v -0.928238 0.295717 0.031458
v -0.560048 0.281753 0.035753
v -0.893400 0.385717 0.026696
v -0.616564 0.417255 0.026373
v -0.630022 0.436802 0.024312
v -0.707931 0.475841 0.041618
v -0.749217 0.494853 0.026110
v -0.730521 0.487226 0.037647
v -0.034934 -0.606534 0.032273
v -0.180842 -0.599509 0.028384
v -0.243604 -0.589947 0.028382
v 0.332104 -0.591606 0.036321
v 0.379316 -0.586880 0.032536
v 0.592217 -0.549528 0.028475
v 0.707126 -0.512904 0.028367
v 0.741654 -0.498317 0.032331
v 0.835959 -0.446469 0.028223
v -0.593734 -0.425484 0.032467
v 0.904214 -0.387614 0.024349
v -0.648840 -0.381375 0.048007
v 0.914050 -0.375973 0.024383
v 0.910938 -0.379831 0.024358
v 0.914034 -0.375496 0.028254
v 0.937442 -0.337399 0.032035
v 0.947815 -0.303131 0.024488
v 0.947172 -0.295865 0.032209
v -0.751204 -0.284926 0.036201
v 0.941463 -0.283640 0.025409
v 0.940176 -0.281494 0.025084
v -0.765021 -0.269189 0.040054
v 0.937790 -0.277735 0.024538
v 0.935756 -0.273620 0.024314
v 0.932907 -0.269178 0.028832
v 0.930248 -0.260607 0.024143
v 0.926995 -0.249973 0.023701
v 0.925370 -0.246979 0.023500
v -0.786150 -0.245027 0.032294
v 0.921327 -0.243104 0.028374
v 0.918530 -0.238525 0.024184
v 0.912668 -0.230268 0.024953
v 0.899962 -0.219476 0.032060
v -0.819606 -0.202348 0.028388
v 0.043522 -0.190157 0.036462
v 0.817975 -0.193131 0.036102
v -0.845579 -0.163145 0.032150
v -0.190582 -0.139195 0.036065
v -0.240582 -0.117321 0.035980
v -0.912417 -0.021793 0.031875
v -0.921360 0.005706 0.031819
v -0.470885 0.093381 0.036332
v -0.918192 0.327017 0.031097
v -0.908880 0.346646 0.034755
v -0.592374 0.378211 0.023022
v -0.602446 0.398760 0.022791
v -0.761465 0.483395 0.034297
v 0.142627 -0.603620 0.040142
v 0.268970 -0.595547 0.040287
v 0.478979 -0.571907 0.036363
v 0.643390 -0.535343 0.032273
v 0.666927 -0.526492 0.043961
v 0.780958 -0.476353 0.051513
v 0.869941 -0.418817 0.039791
v 0.912697 -0.375947 0.035941
v 0.916601 -0.372096 0.028270
v 0.919399 -0.368195 0.028267
v 0.933887 -0.341982 0.039690
v 0.939837 -0.333321 0.028181
v 0.942627 -0.325618 0.031982
v 0.945564 -0.318318 0.028149
v 0.946427 -0.306863 0.027966
v 0.946176 -0.292531 0.029105
v 0.941472 -0.281797 0.029381
v 0.938078 -0.277636 0.032940
v 0.931365 -0.265031 0.028958
v 0.913167 -0.230375 0.028799
v 0.906954 -0.225464 0.039548
v 0.910424 -0.226709 0.028409
v 0.292637 -0.216046 0.036141
v 0.629140 -0.217277 0.067312
v 0.181827 -0.206984 0.040338
v 0.876563 -0.208147 0.039947
v 0.767367 -0.194886 0.043921
v 0.786895 -0.193077 0.039961
v 0.039630 -0.189735 0.051998
v -0.070635 -0.176732 0.043877
v -0.142907 -0.157690 0.039866
v -0.873097 -0.112115 0.039829
v -0.242110 -0.117791 0.043729
v -0.317638 -0.076924 0.043768
v -0.446986 0.053744 0.047660
v -0.933692 0.056690 0.035655
v -0.942755 0.127232 0.039484
v -0.944228 0.158646 0.039487
v -0.943872 0.189943 0.039471
v -0.601028 0.382010 0.034444
v -0.875823 0.401254 0.034280
v -0.668758 0.466150 0.029867
v -0.780512 0.468388 0.042637
v -0.723127 0.487462 0.036266
v -0.082260 -0.603455 0.043965
v 0.162362 -0.601930 0.051819
v -0.251477 -0.587313 0.039952
v 0.351807 -0.589782 0.044167
v 0.694516 -0.516640 0.043957
v 0.843755 -0.439977 0.035882
v 0.890970 -0.399382 0.039768
v 0.918203 -0.368634 0.035983
v 0.929616 -0.351947 0.032082
v 0.933464 -0.344941 0.032081
v -0.684283 -0.350578 0.044079
v 0.945276 -0.314671 0.035822
v 0.946677 -0.302764 0.031653
v 0.946460 -0.292307 0.032389
v 0.944082 -0.285224 0.032827
v 0.934708 -0.273567 0.032757
v 0.933719 -0.261330 0.037501
v 0.931572 -0.261017 0.033692
v 0.928919 -0.253863 0.032553
v 0.921727 -0.242919 0.032410
v -0.791018 -0.237752 0.043942
v 0.913411 -0.230567 0.032499
v 0.522135 -0.224289 0.055693
v 0.577668 -0.222986 0.071042
v 0.177834 -0.206613 0.052063
v 0.868278 -0.205097 0.043600
v 0.747731 -0.197603 0.047835
v 0.806376 -0.193018 0.039960
v -0.860599 -0.135672 0.039920
v -0.939499 0.095892 0.039494
v -0.493041 0.132998 0.040251
v -0.575665 0.314033 0.042945
v -0.589257 0.346645 0.042502
v -0.881981 0.393448 0.034461
v -0.622140 0.405451 0.041866
v -0.633807 0.428991 0.034579
v -0.641600 0.440710 0.031774
v -0.823522 0.448265 0.038192
v -0.807765 0.458805 0.038049
v -0.679767 0.464112 0.037988
v -0.745495 0.489019 0.033905
v -0.046723 -0.605246 0.043861
v 0.000492 -0.605461 0.047779
v -0.169018 -0.599531 0.039896
v -0.145424 -0.600077 0.047664
v -0.224015 -0.592714 0.039921
v -0.278918 -0.580473 0.039960
v -0.298582 -0.573201 0.051651
v -0.326075 -0.564018 0.051679
v -0.345747 -0.557554 0.043975
v 0.611846 -0.542538 0.055678
v -0.424572 -0.523641 0.051801
v 0.729917 -0.502497 0.043899
v 0.895529 -0.395419 0.035870
v 0.898486 -0.392311 0.035967
v 0.902395 -0.387973 0.035946
v 0.933044 -0.344960 0.035910
v -0.723667 -0.312450 0.047888
v 0.941961 -0.325712 0.035749
v 0.945184 -0.307268 0.035806
v 0.945139 -0.303036 0.035832
v 0.943969 -0.285130 0.036163
v 0.942351 -0.281556 0.036288
v 0.935304 -0.273169 0.037208
v 0.937863 -0.276856 0.036820
v 0.935791 -0.267985 0.040700
v 0.931435 -0.257726 0.037344
v 0.925883 -0.248625 0.036378
v 0.920622 -0.242531 0.036092
v 0.915762 -0.234169 0.036531
v -0.818094 -0.202383 0.043872
v 0.351948 -0.221190 0.063533
v 0.581558 -0.220530 0.055772
v 0.268909 -0.216567 0.063509
v 0.637128 -0.212419 0.028215
v 0.704329 -0.205056 0.055623
v 0.848990 -0.199689 0.047573
v 0.829592 -0.195789 0.047639
v 0.071154 -0.193191 0.052096
v -0.099094 -0.171312 0.047561
v -0.230172 -0.125171 0.051272
v -0.284933 -0.096994 0.047533
v -0.924482 0.029177 0.047297
v -0.445602 0.053731 0.036284
v -0.939343 0.236927 0.039365
v -0.934055 0.252515 0.046940
v -0.541318 0.236000 0.040009
v -0.614367 0.393677 0.042339
v 0.221510 -0.598825 0.040220
v 0.517352 -0.564518 0.052020
v -0.393022 -0.537890 0.047908
v -0.459927 -0.507047 0.047967
v -0.483577 -0.494402 0.051855
v -0.550465 -0.454899 0.048038
v 0.835958 -0.443890 0.043635
v 0.815811 -0.457724 0.039822
v -0.569356 -0.442271 0.048047
v -0.605547 -0.416164 0.048003
v 0.875943 -0.411811 0.047473
v -0.622098 -0.402972 0.051934
v 0.905877 -0.383207 0.039762
v 0.932482 -0.341262 0.047215
v 0.936231 -0.337232 0.039621
v 0.944059 -0.307388 0.043461
v 0.944132 -0.303412 0.039473
v 0.942828 -0.299796 0.043390
v 0.945309 -0.296912 0.038631
v 0.945395 -0.294987 0.039122
v 0.943652 -0.288353 0.042753
v 0.938663 -0.277584 0.043577
v 0.934725 -0.261518 0.043655
v 0.926646 -0.249728 0.039876
v 0.919551 -0.242122 0.039900
v 0.915823 -0.234378 0.040154
v 0.407278 -0.224115 0.059679
v 0.225326 -0.212205 0.055875
v 0.118575 -0.199263 0.055960
v 0.841288 -0.197807 0.047586
v -0.890672 -0.068911 0.051427
v -0.397333 -0.010778 0.051467
v -0.405301 -0.001878 0.051457
v -0.933640 0.084125 0.055000
v -0.508144 0.160787 0.047794
v -0.516875 0.179966 0.044003
v -0.561874 0.279390 0.047206
v -0.917755 0.303422 0.050391
v -0.889616 0.373901 0.042183
v -0.657124 0.444613 0.040314
v -0.796159 0.459089 0.044978
v -0.753257 0.475528 0.046396
v 0.091354 -0.603461 0.055674
v -0.208291 -0.594086 0.047603
v 0.316367 -0.592435 0.048046
v 0.395123 -0.583740 0.063682
v -0.267173 -0.582038 0.051565
v 0.438457 -0.578037 0.055877
v 0.576046 -0.552125 0.051896
v -0.515022 -0.476810 0.048003
v 0.800576 -0.464181 0.055373
v 0.839029 -0.437885 0.059088
v 0.864164 -0.419484 0.055182
v 0.904699 -0.379872 0.055090
v 0.902406 -0.386164 0.043642
v 0.923973 -0.356617 0.047409
v 0.941217 -0.322007 0.043158
v 0.943145 -0.307131 0.047123
v 0.941348 -0.296057 0.046937
v 0.943960 -0.291637 0.042460
v 0.936043 -0.272930 0.043956
v 0.935586 -0.264410 0.043537
v 0.923506 -0.250209 0.047346
v 0.924614 -0.253824 0.051247
v 0.917555 -0.239011 0.047334
v 0.906903 -0.227828 0.047055
v 0.875973 -0.210053 0.051133
v -0.828447 -0.186710 0.047754
v -0.845361 -0.158888 0.051579
v -0.134923 -0.162321 0.051267
v -0.182584 -0.145247 0.051216
v -0.904286 -0.033635 0.051349
v -0.911193 -0.010035 0.055194
v -0.928181 0.048835 0.051178
v -0.486838 0.117297 0.055354
v -0.940925 0.186027 0.051016
v -0.939733 0.217386 0.047109
v -0.935488 0.229061 0.054737
v -0.929838 0.264233 0.050690
v -0.923621 0.279879 0.054415
v -0.560202 0.263535 0.062570
v -0.902496 0.350527 0.042326
v -0.910899 0.315150 0.054149
v -0.601183 0.366233 0.046107
v -0.850579 0.405162 0.057968
v -0.680454 0.448446 0.051290
v -0.726848 0.483128 0.041161
v -0.058567 -0.603110 0.055539
v 0.036014 -0.603352 0.059452
v 0.197818 -0.599515 0.055742
v -0.184762 -0.595638 0.055342
v 0.237342 -0.595262 0.071419
v -0.239710 -0.588145 0.051513
v -0.286861 -0.575354 0.059362
v 0.662993 -0.526416 0.055531
v 0.710078 -0.508950 0.055454
v 0.729865 -0.500836 0.055449
v 0.757336 -0.489400 0.047749
v 0.816389 -0.454248 0.055323
v 0.824640 -0.446579 0.062968
v 0.892899 -0.395444 0.047451
v 0.917814 -0.364356 0.051218
v 0.932938 -0.337427 0.050863
v 0.935906 -0.333561 0.047086
v 0.935917 -0.329778 0.050824
v 0.941101 -0.318182 0.046922
v -0.741516 -0.292813 0.055658
v 0.943006 -0.303672 0.047340
v 0.941005 -0.287979 0.046332
v 0.940638 -0.284638 0.046296
v 0.938992 -0.280989 0.046657
v 0.933470 -0.268723 0.050538
v 0.933723 -0.261526 0.046638
v -0.779917 -0.245651 0.071232
v 0.914280 -0.234713 0.047190
v 0.864420 -0.205254 0.051160
v 0.790689 -0.195045 0.055428
v 0.806328 -0.196062 0.059068
v -0.031358 -0.184900 0.059097
v -0.023562 -0.183645 0.047821
v -0.309626 -0.083596 0.051390
v -0.349328 -0.057467 0.059127
v -0.357497 -0.048889 0.051593
v -0.377384 -0.032027 0.055280
v -0.430550 0.026032 0.058966
v -0.939671 0.150765 0.054948
v -0.513394 0.164810 0.062992
v -0.534329 0.216148 0.051441
v -0.588055 0.318860 0.061962
v -0.584200 0.334823 0.042671
v -0.614296 0.374034 0.055573
v -0.864731 0.393413 0.053862
v -0.649312 0.428939 0.046988
v -0.834985 0.428614 0.049844
v -0.819496 0.436605 0.053897
v -0.023103 -0.603502 0.059339
v -0.098063 -0.599567 0.063224
v -0.141400 -0.597374 0.063066
v 0.324225 -0.589866 0.075294
v -0.361520 -0.548224 0.067255
v -0.416677 -0.525303 0.067391
v 0.749506 -0.491060 0.059203
v 0.891216 -0.395965 0.051291
v -0.672462 -0.359679 0.059673
v 0.922914 -0.356676 0.051096
v 0.920253 -0.352980 0.062326
v 0.929618 -0.341342 0.054694
v 0.928960 -0.333713 0.062178
v 0.940569 -0.314370 0.050760
v 0.941183 -0.310631 0.050815
v 0.939065 -0.299493 0.058489
v 0.939501 -0.292459 0.055400
v 0.939779 -0.292423 0.051389
v 0.938445 -0.288688 0.050855
v 0.937174 -0.285108 0.050990
v 0.932226 -0.272882 0.054853
v 0.925741 -0.255973 0.051036
v 0.927551 -0.261568 0.054703
v 0.918604 -0.242265 0.051087
v 0.915809 -0.238477 0.050900
v 0.906908 -0.231051 0.053505
v 0.910661 -0.234787 0.054078
v 0.887607 -0.217986 0.054692
v 0.856708 -0.203584 0.055013
v -0.813938 -0.202398 0.067251
v 0.751649 -0.198627 0.059343
v 0.825716 -0.197796 0.058856
v 0.771248 -0.196070 0.055458
v 0.063356 -0.192688 0.059635
v 0.012102 -0.187537 0.055652
v -0.063285 -0.180047 0.055201
v -0.853079 -0.142919 0.059389
v -0.138832 -0.164716 0.062338
v -0.261890 -0.109820 0.051273
v -0.425072 0.017038 0.062754
v -0.451566 0.057814 0.055210
v -0.465092 0.077367 0.059017
v -0.535103 0.208311 0.066710
v -0.573998 0.299099 0.054592
v -0.901248 0.319054 0.065779
v -0.625988 0.401529 0.048148
v -0.637329 0.401494 0.057356
v -0.803940 0.438887 0.061399
v -0.772708 0.451186 0.064489
v -0.760992 0.466316 0.053531
v -0.753315 0.464426 0.057995
v -0.741932 0.467293 0.057265
v -0.734538 0.471513 0.053154
v -0.227995 -0.587815 0.063027
v 0.529105 -0.561104 0.067498
v 0.631492 -0.535479 0.063203
v 0.666959 -0.523489 0.063040
v -0.503234 -0.482618 0.059668
v 0.796693 -0.464396 0.062895
v -0.546522 -0.455988 0.063591
v -0.572359 -0.438331 0.067535
v -0.595535 -0.422611 0.059730
v 0.870913 -0.411094 0.062833
v 0.906340 -0.371379 0.066408
v -0.700020 -0.333398 0.063523
v 0.938919 -0.314313 0.054577
v 0.938221 -0.288810 0.055534
v 0.936609 -0.284931 0.055585
v 0.935004 -0.280965 0.055207
v 0.925582 -0.257607 0.055151
v 0.924564 -0.257545 0.058666
v 0.918172 -0.246153 0.057556
v 0.910718 -0.237830 0.058207
v 0.899198 -0.227790 0.058204
v 0.837357 -0.199851 0.058851
v 0.126551 -0.200888 0.063488
v 0.775104 -0.197368 0.063054
v -0.091076 -0.175998 0.058941
v -0.182549 -0.147681 0.058827
v -0.226156 -0.129072 0.058890
v -0.864674 -0.116111 0.071041
v -0.269079 -0.112742 0.070568
v -0.321583 -0.079090 0.062918
v -0.393302 -0.017747 0.059791
v -0.912475 0.009510 0.070660
v -0.936650 0.119464 0.058812
v -0.931892 0.099715 0.066594
v -0.931015 0.244665 0.058434
v -0.883853 0.346460 0.069584
v -0.873484 0.358165 0.072856
v -0.606479 0.346462 0.065467
v -0.842838 0.409030 0.061546
v -0.780559 0.447079 0.065296
v -0.711829 0.456264 0.060160
v 0.126835 -0.599797 0.075054
v 0.355703 -0.587976 0.067597
v -0.263304 -0.580639 0.063120
v -0.318248 -0.564863 0.063290
v 0.477907 -0.570210 0.071362
v 0.588227 -0.547949 0.063431
v 0.714208 -0.504500 0.066833
v -0.479641 -0.494074 0.071324
v 0.820238 -0.448191 0.066717
v -0.637020 -0.385895 0.087028
v 0.901364 -0.379977 0.062657
v 0.914087 -0.363847 0.061611
v 0.926097 -0.345272 0.058474
v 0.937205 -0.314310 0.058392
v 0.936159 -0.310489 0.062229
v -0.727606 -0.304603 0.071288
v 0.936007 -0.284858 0.059039
v 0.931447 -0.273153 0.059012
v -0.750872 -0.276719 0.083011
v 0.926692 -0.265334 0.062279
v 0.879830 -0.215162 0.058425
v 0.864378 -0.209696 0.062247
v 0.173887 -0.206599 0.059693
v 0.728013 -0.203428 0.066995
v 0.031887 -0.191982 0.070859
v -0.297671 -0.095452 0.066735
v -0.893540 -0.049404 0.070854
v -0.381297 -0.032492 0.066781
v -0.921090 0.033090 0.062880
v -0.935160 0.142911 0.066446
v -0.932341 0.197715 0.070107
v -0.912974 0.283722 0.069776
v -0.574018 0.287206 0.066164
v -0.862272 0.382651 0.065541
v -0.629957 0.373974 0.068903
v -0.827241 0.426989 0.057581
v -0.660364 0.413267 0.065037
v -0.664022 0.432843 0.053834
v -0.684392 0.427941 0.068205
v -0.807526 0.428373 0.069197
v -0.727132 0.456551 0.065357
v -0.062514 -0.598740 0.074788
v -0.192624 -0.589440 0.074608
v 0.635449 -0.530843 0.074403
v -0.448174 -0.509976 0.071301
v 0.753459 -0.485167 0.070426
v 0.796726 -0.462978 0.066659
v 0.839848 -0.434612 0.066689
v 0.863429 -0.415856 0.066711
v -0.652342 -0.375080 0.075269
v 0.921889 -0.345342 0.066111
v 0.935242 -0.314347 0.062210
v 0.934193 -0.292187 0.065818
v 0.935602 -0.288467 0.062165
v 0.934409 -0.284658 0.062369
v 0.918264 -0.250014 0.061626
v 0.911159 -0.249995 0.069976
v 0.900004 -0.238541 0.070253
v -0.793789 -0.225991 0.079040
v 0.891434 -0.223220 0.059845
v 0.872122 -0.213083 0.062211
v 0.217420 -0.212693 0.067187
v 0.276872 -0.219162 0.074765
v 0.672753 -0.211498 0.067189
v 0.852808 -0.205118 0.062340
v 0.802334 -0.198229 0.066518
v 0.825683 -0.200680 0.066272
v 0.059406 -0.194287 0.070889
v -0.067209 -0.183045 0.066585
v -0.831007 -0.171063 0.082770
v -0.087119 -0.179400 0.066541
v -0.174623 -0.157149 0.074302
v -0.872067 -0.096510 0.078720
v -0.317532 -0.087669 0.078482
v -0.357331 -0.058468 0.078436
v -0.924280 0.052694 0.066695
v -0.454175 0.050008 0.074300
v -0.481646 0.101517 0.066763
v -0.936796 0.182065 0.062509
v -0.930032 0.217266 0.070045
v -0.645362 0.398222 0.065072
v -0.827281 0.409419 0.073186
v -0.742031 0.459386 0.064555
v -0.086209 -0.595414 0.082433
v 0.174242 -0.598263 0.075035
v -0.251571 -0.580176 0.074670
v 0.391161 -0.583017 0.075277
v -0.279028 -0.572769 0.078640
v 0.544897 -0.557204 0.071224
v 0.576406 -0.549616 0.071054
v 0.611822 -0.540514 0.067114
v 0.690609 -0.512352 0.070547
v 0.740660 -0.492961 0.066714
v 0.781038 -0.470407 0.070359
v 0.875140 -0.401312 0.074211
v 0.879064 -0.394978 0.078000
v 0.894056 -0.383912 0.070287
v 0.902015 -0.368454 0.077192
v 0.922924 -0.337619 0.069925
v -0.709520 -0.320359 0.083044
v 0.933183 -0.314336 0.065980
v 0.929722 -0.284561 0.069416
v 0.929636 -0.276906 0.065508
v 0.927858 -0.273071 0.065893
v 0.538081 -0.225969 0.070990
v 0.883720 -0.226952 0.071473
v 0.887613 -0.227961 0.069601
v 0.875991 -0.219871 0.068932
v 0.312448 -0.221067 0.074857
v 0.601365 -0.222856 0.078508
v 0.856671 -0.214021 0.073535
v 0.158072 -0.206202 0.070976
v 0.841170 -0.206023 0.069850
v 0.102809 -0.200465 0.074780
v 0.747626 -0.203445 0.074365
v -0.119813 -0.176726 0.078128
v -0.845178 -0.150739 0.075022
v -0.226177 -0.136837 0.077933
v -0.887007 -0.069023 0.067029
v -0.900669 -0.021501 0.078098
v -0.407427 -0.005745 0.066665
v -0.432778 0.022417 0.070427
v -0.927357 0.087989 0.074312
v -0.932024 0.158525 0.074098
v -0.922981 0.252446 0.069913
v -0.590871 0.307802 0.074227
v -0.901276 0.299124 0.077328
v -0.624953 0.366092 0.069836
v -0.715739 0.444575 0.070713
v -0.027001 -0.599871 0.074753
v 0.004523 -0.600306 0.074776
v -0.165035 -0.592293 0.074623
v -0.235927 -0.579130 0.086198
v 0.438495 -0.576128 0.075216
v -0.298654 -0.568437 0.074817
v -0.330131 -0.556388 0.082667
v 0.572444 -0.548516 0.078435
v 0.710326 -0.503182 0.074298
v -0.471855 -0.493848 0.094685
v -0.508150 -0.474236 0.094756
v -0.556132 -0.446213 0.087020
v -0.596349 -0.418687 0.083153
v 0.839981 -0.428540 0.078008
v 0.843887 -0.425634 0.078009
v 0.902970 -0.372980 0.070248
v -0.667822 -0.359093 0.086990
v 0.914092 -0.356887 0.069437
v 0.915339 -0.349268 0.073886
v 0.919590 -0.345379 0.069985
v 0.928104 -0.329814 0.066046
v 0.928545 -0.322049 0.069867
v 0.930807 -0.314385 0.069809
v 0.932677 -0.303269 0.069681
v 0.922178 -0.280707 0.077302
v 0.917156 -0.257654 0.069573
v 0.921799 -0.265336 0.069171
v 0.355841 -0.224513 0.078562
v 0.383503 -0.226471 0.078548
v 0.415182 -0.227184 0.074713
v 0.233296 -0.217225 0.078490
v 0.201639 -0.212608 0.074668
v 0.652860 -0.217114 0.078531
v 0.806148 -0.202053 0.073944
v 0.829486 -0.205720 0.073704
v 0.098872 -0.200986 0.078543
v 0.778943 -0.201174 0.074056
v -0.043224 -0.190771 0.078124
v -0.154685 -0.164619 0.074321
v -0.138818 -0.175071 0.085953
v -0.412524 -0.009690 0.082746
v -0.466191 0.065883 0.078203
v -0.928676 0.119321 0.078051
v -0.517163 0.160890 0.078272
v -0.540007 0.212249 0.074351
v -0.561885 0.251680 0.077931
v -0.609869 0.314756 0.088913
v -0.854319 0.377704 0.077027
v -0.811891 0.420924 0.073203
v -0.753597 0.444208 0.076658
v -0.746056 0.448196 0.074075
v -0.734893 0.440499 0.079375
v 0.213704 -0.594648 0.082733
v 0.351808 -0.586267 0.082818
v 0.522163 -0.560413 0.078712
v -0.349802 -0.548372 0.086631
v 0.548826 -0.554512 0.078605
v 0.596062 -0.541697 0.078334
v -0.411378 -0.524870 0.082933
v 0.659126 -0.518618 0.081870
v 0.726063 -0.492299 0.081861
v 0.804656 -0.452456 0.077986
v 0.828237 -0.434637 0.081743
v 0.854166 -0.415177 0.081845
v 0.859531 -0.413206 0.078075
v 0.893117 -0.376226 0.081784
v 0.898391 -0.375973 0.074081
v 0.916396 -0.341530 0.077723
v 0.926315 -0.310766 0.077439
v 0.928577 -0.292131 0.073467
v -0.771381 -0.250281 0.090637
v 0.446889 -0.229509 0.078434
v 0.860524 -0.222617 0.081823
v 0.837201 -0.210380 0.077396
v 0.043750 -0.196604 0.082258
v 0.008288 -0.194841 0.082197
v -0.075129 -0.190431 0.085852
v -0.850360 -0.135779 0.086561
v -0.909127 0.013394 0.082223
v -0.920930 0.068327 0.082023
v -0.928093 0.201620 0.077128
v -0.641342 0.358226 0.085961
v -0.838961 0.385539 0.083709
v -0.654830 0.381865 0.080668
v -0.676572 0.409330 0.076387
v -0.704001 0.425016 0.078927
v -0.765032 0.448098 0.070381
v -0.784475 0.428533 0.080873
v 0.099287 -0.598231 0.082462
v -0.149250 -0.589643 0.086179
v 0.414805 -0.578201 0.082750
v 0.473919 -0.568608 0.082660
v -0.436411 -0.510956 0.094640
v 0.694624 -0.505405 0.081889
v 0.789017 -0.456734 0.085581
v 0.879601 -0.388449 0.085670
v 0.908851 -0.356960 0.077833
v 0.911036 -0.341582 0.085451
v 0.922128 -0.326014 0.077632
v 0.916611 -0.326130 0.085373
v -0.723673 -0.303853 0.090707
v 0.926968 -0.303317 0.077361
v 0.926830 -0.299735 0.077340
v 0.923398 -0.284499 0.077311
v 0.918350 -0.273051 0.077831
v 0.895378 -0.242047 0.077660
v 0.510257 -0.229276 0.078440
v 0.538091 -0.228039 0.078462
v 0.597405 -0.226450 0.085887
v 0.875931 -0.234752 0.085128
v 0.845039 -0.219434 0.085064
v 0.169935 -0.210045 0.078402
v 0.680538 -0.214922 0.082092
v 0.782744 -0.205422 0.081518
v -0.051133 -0.196232 0.090886
v -0.186482 -0.161665 0.093806
v -0.206312 -0.149500 0.086075
v -0.234042 -0.144639 0.101654
v -0.265841 -0.126698 0.097842
v -0.304955 -0.100710 0.090167
v -0.877608 -0.080809 0.082540
v -0.888350 -0.049490 0.086227
v -0.384535 -0.037293 0.082689
v -0.896248 -0.025909 0.086151
v -0.920612 0.095728 0.089568
v -0.925173 0.174170 0.085538
v -0.534384 0.188600 0.085972
v -0.540737 0.192534 0.093614
v -0.601972 0.315441 0.081192
v -0.815114 0.405049 0.084573
v -0.765152 0.432164 0.084436
v -0.015202 -0.596312 0.086181
v 0.040064 -0.598119 0.082422
v 0.146627 -0.596249 0.086354
v -0.200481 -0.584245 0.086191
v 0.300611 -0.588077 0.090367
v 0.379367 -0.582206 0.086548
v -0.314454 -0.560346 0.086437
v -0.385300 -0.531755 0.098363
v 0.572423 -0.545255 0.085967
v 0.603923 -0.535694 0.085709
v 0.623684 -0.529119 0.085670
v 0.757524 -0.471981 0.089509
v 0.773197 -0.470732 0.078021
v -0.539472 -0.454574 0.098669
v 0.808691 -0.442325 0.088819
v 0.871265 -0.396979 0.085678
v 0.867462 -0.395786 0.091367
v 0.886945 -0.372420 0.093049
v 0.919578 -0.314671 0.085167
v 0.922601 -0.295976 0.081657
v 0.914410 -0.284544 0.087031
v 0.917061 -0.276898 0.081154
v 0.914491 -0.273064 0.081937
v 0.910668 -0.261546 0.079112
v 0.899072 -0.261630 0.089827
v 0.898371 -0.253957 0.085046
v 0.899212 -0.246245 0.078180
v -0.790570 -0.226050 0.090586
v 0.494463 -0.231487 0.082954
v 0.288793 -0.225654 0.089875
v 0.347991 -0.228542 0.089821
v 0.257108 -0.222188 0.085996
v -0.809605 -0.201607 0.086699
v 0.173914 -0.215410 0.089858
v 0.719952 -0.210009 0.081872
v 0.813869 -0.208084 0.081322
v 0.755322 -0.208379 0.084664
v 0.798256 -0.211983 0.089089
v -0.821555 -0.182112 0.090457
v -0.273761 -0.117021 0.086159
v -0.857438 -0.116235 0.094121
v -0.462344 0.038192 0.101560
v -0.496410 0.109543 0.089301
v -0.925851 0.150689 0.085637
v -0.921829 0.209381 0.085460
v -0.916882 0.236746 0.085402
v -0.904555 0.260217 0.092312
v -0.585913 0.267410 0.097908
v -0.881886 0.311617 0.093159
v -0.846810 0.361977 0.094552
v -0.803928 0.407715 0.088739
v -0.696114 0.413292 0.082828
v -0.723573 0.425007 0.086914
v 0.130867 -0.593372 0.093795
v 0.213806 -0.592382 0.090240
v -0.094099 -0.590492 0.093810
v 0.391122 -0.579473 0.090279
v -0.267343 -0.570086 0.093900
v 0.521288 -0.556328 0.089823
v -0.357742 -0.542055 0.098262
v 0.544928 -0.548791 0.093527
v 0.730057 -0.482984 0.093384
v 0.765378 -0.467648 0.089533
v 0.761436 -0.461036 0.101089
v 0.902028 -0.341638 0.097007
v -0.690293 -0.336143 0.094682
v 0.914071 -0.333872 0.085430
v 0.918230 -0.299714 0.086974
v 0.910592 -0.269209 0.083856
v 0.534079 -0.233518 0.089589
v 0.656728 -0.221814 0.089611
v 0.856663 -0.230944 0.092410
v 0.118610 -0.209845 0.093847
v 0.071302 -0.204188 0.093822
v -0.833633 -0.162944 0.090463
v -0.863008 -0.100558 0.097834
v -0.356575 -0.069294 0.098781
v -0.881069 -0.065214 0.090061
v -0.374859 -0.061280 0.109447
v -0.902466 0.001554 0.089850
v -0.910162 0.032939 0.089754
v -0.912728 0.056454 0.093519
v -0.479964 0.066907 0.101536
v -0.916830 0.181937 0.097174
v -0.567264 0.242901 0.093380
v -0.897419 0.271915 0.095757
v -0.873991 0.338569 0.085502
v -0.874182 0.311827 0.100992
v -0.854559 0.349305 0.096729
v -0.649140 0.354250 0.092911
v -0.669338 0.381869 0.088444
v -0.761502 0.420769 0.094072
v -0.749902 0.435816 0.084016
v -0.738821 0.423934 0.091676
v 0.051939 -0.593338 0.093684
v -0.050667 -0.592232 0.093797
v 0.272992 -0.587962 0.093943
v -0.133509 -0.585912 0.097612
v -0.180821 -0.583273 0.093826
v 0.340000 -0.584014 0.093967
v 0.458151 -0.567386 0.093807
v 0.572421 -0.540972 0.093475
v 0.663165 -0.509853 0.093397
v 0.702525 -0.497665 0.089506
v 0.836804 -0.419533 0.093226
v -0.574126 -0.430507 0.102448
v -0.589829 -0.420220 0.098600
v 0.847713 -0.411407 0.093238
v -0.613407 -0.402387 0.098561
v 0.871404 -0.386065 0.097080
v 0.900642 -0.357034 0.089356
v 0.898557 -0.337812 0.102642
v 0.912463 -0.330021 0.089242
v 0.909857 -0.311263 0.096715
v -0.752582 -0.269335 0.098262
v 0.896147 -0.257799 0.089678
v 0.890627 -0.250155 0.088348
v 0.883633 -0.242427 0.087109
v 0.431053 -0.233993 0.089765
v 0.478550 -0.237240 0.093491
v 0.383491 -0.233286 0.093672
v 0.585516 -0.231937 0.093360
v 0.229360 -0.225877 0.097557
v 0.261075 -0.228267 0.097541
v 0.833264 -0.226748 0.097105
v 0.735645 -0.213004 0.089308
v 0.759223 -0.214296 0.093102
v 0.774900 -0.210897 0.089231
v -0.023268 -0.200700 0.096608
v 0.016235 -0.204140 0.101565
v -0.075071 -0.203422 0.109223
v -0.094996 -0.192688 0.097562
v -0.889002 -0.037754 0.093800
v -0.403930 -0.033472 0.105537
v -0.453044 0.017701 0.109358
v -0.920618 0.123211 0.092881
v -0.520022 0.137243 0.105401
v -0.621829 0.330545 0.088759
v -0.827329 0.369760 0.102976
v -0.823421 0.388615 0.092082
v -0.784524 0.409223 0.096490
v -0.011288 -0.588264 0.101669
v 0.182156 -0.590349 0.097569
v 0.229552 -0.588511 0.097687
v -0.232042 -0.574551 0.097653
v -0.283097 -0.562716 0.101629
v -0.302732 -0.559426 0.097907
v 0.525222 -0.551141 0.097364
v 0.596069 -0.527956 0.101149
v -0.405003 -0.521409 0.106036
v 0.741871 -0.468413 0.104971
v 0.851924 -0.400164 0.101265
v -0.652775 -0.369681 0.098501
v 0.881450 -0.364713 0.104819
v 0.879196 -0.368574 0.104172
v 0.887515 -0.361644 0.100928
v -0.711875 -0.311808 0.102128
v 0.911682 -0.322446 0.092999
v 0.909406 -0.303687 0.096705
v 0.902707 -0.299861 0.102382
v 0.905412 -0.276949 0.092784
v -0.770840 -0.245640 0.101986
v 0.407230 -0.247027 0.113596
v 0.312504 -0.230646 0.097544
v 0.629067 -0.230185 0.097230
v 0.205568 -0.225334 0.101465
v 0.817666 -0.225774 0.100702
v -0.818604 -0.179678 0.101874
v -0.832837 -0.159391 0.098027
v -0.847943 -0.131943 0.097929
v -0.328964 -0.088826 0.097907
v -0.309510 -0.103580 0.101751
v -0.875841 -0.069178 0.097719
v -0.428730 -0.005599 0.101581
v -0.905361 0.032948 0.098244
v -0.918464 0.146709 0.097272
v -0.559421 0.228361 0.093744
v -0.905191 0.221097 0.104831
v -0.577356 0.243797 0.104890
v -0.597638 0.279222 0.101439
v -0.700020 0.381869 0.102065
v -0.807851 0.397221 0.094742
v -0.727461 0.417200 0.093061
v -0.746226 0.424549 0.092300
v -0.735052 0.421426 0.092571
v 0.044027 -0.588762 0.101320
v -0.050751 -0.588174 0.101019
v 0.312385 -0.584267 0.097755
v -0.232061 -0.570354 0.105347
v 0.379374 -0.575887 0.101461
v 0.395130 -0.571423 0.105294
v 0.639515 -0.509799 0.105045
v -0.471896 -0.489527 0.110031
v 0.694687 -0.486680 0.108867
v 0.714363 -0.478176 0.108859
v 0.769318 -0.449534 0.108783
v 0.800877 -0.435039 0.102725
v 0.840337 -0.405615 0.104691
v 0.867575 -0.380998 0.104785
v 0.894688 -0.353141 0.098995
v 0.909001 -0.318729 0.096848
v 0.908224 -0.322485 0.096867
v 0.906510 -0.311203 0.099977
v 0.905994 -0.288431 0.096650
v 0.902815 -0.276923 0.095139
v 0.891290 -0.269371 0.100497
v 0.875043 -0.246950 0.096683
v 0.883608 -0.257843 0.098966
v 0.864274 -0.243371 0.099821
v 0.280886 -0.239066 0.113736
v 0.844976 -0.238705 0.104481
v 0.648800 -0.235861 0.108217
v 0.782575 -0.227855 0.108534
v 0.802021 -0.222666 0.100725
v -0.798570 -0.206565 0.105675
v 0.098846 -0.215931 0.110648
v -0.162592 -0.177216 0.105436
v -0.281706 -0.118081 0.097834
v -0.497529 0.089814 0.109289
v -0.912812 0.091763 0.101211
v -0.909133 0.115357 0.109292
v -0.502966 0.113557 0.097665
v -0.909003 0.166259 0.109250
v -0.905168 0.197544 0.109971
v -0.553365 0.196478 0.109030
v -0.881750 0.272804 0.112566
v -0.862299 0.325241 0.104624
v -0.835098 0.358012 0.105813
v -0.664769 0.355247 0.100795
v -0.753904 0.416878 0.097493
v -0.742793 0.405291 0.103995
v 0.107205 -0.588743 0.102019
v 0.217671 -0.584730 0.105286
v -0.113841 -0.580406 0.109066
v 0.257148 -0.580371 0.109119
v 0.296661 -0.580824 0.105233
v 0.340029 -0.580259 0.101442
v 0.422703 -0.564655 0.109072
v -0.306784 -0.552706 0.109336
v -0.334218 -0.548589 0.101937
v 0.544939 -0.541088 0.105040
v -0.515154 -0.465942 0.110049
v -0.566277 -0.433296 0.110023
v -0.592907 -0.414211 0.109931
v 0.867545 -0.388031 0.098872
v -0.637709 -0.380022 0.106067
v 0.867570 -0.385701 0.100882
v 0.895076 -0.341696 0.104742
v -0.681498 -0.340185 0.105971
v 0.891475 -0.326657 0.112717
v 0.906460 -0.315008 0.099935
v -0.723920 -0.297076 0.105777
v 0.902852 -0.292243 0.100629
v 0.898898 -0.284624 0.101816
v 0.872026 -0.257877 0.106247
v 0.537968 -0.255064 0.121194
v 0.359795 -0.237900 0.105308
v 0.731623 -0.228471 0.108736
v 0.071324 -0.211988 0.109373
v -0.061130 -0.207901 0.113078
v -0.214442 -0.160364 0.113065
v -0.847852 -0.124169 0.105447
v -0.881188 -0.041404 0.105217
v -0.892857 -0.001475 0.105187
v -0.511553 0.106591 0.117054
v -0.542242 0.164926 0.116917
v -0.892867 0.244505 0.111908
v -0.796210 0.380934 0.112127
v -0.769286 0.405090 0.103820
v -0.070476 -0.582474 0.109016
v -0.176919 -0.575152 0.109056
v -0.263566 -0.562489 0.109138
v 0.501609 -0.545251 0.113070
v -0.365766 -0.532964 0.113427
v -0.385342 -0.529150 0.105990
v -0.444330 -0.504132 0.106177
v 0.651410 -0.493274 0.119698
v 0.789050 -0.431259 0.114051
v 0.812791 -0.403868 0.121857
v 0.898918 -0.330251 0.104950
v 0.898717 -0.315113 0.107038
v 0.899638 -0.299889 0.105042
v 0.891130 -0.292296 0.110180
v -0.747402 -0.268805 0.109471
v 0.871997 -0.261742 0.108681
v 0.470604 -0.249759 0.112987
v 0.589439 -0.248168 0.116707
v 0.844901 -0.250166 0.113436
v 0.257115 -0.237335 0.113055
v 0.680354 -0.239190 0.116605
v 0.024136 -0.211438 0.114005
v -0.102986 -0.205229 0.120849
v -0.142739 -0.186421 0.109345
v -0.828971 -0.159465 0.105563
v -0.257833 -0.137108 0.109424
v -0.865927 -0.077123 0.109166
v -0.329214 -0.102509 0.121068
v -0.472317 0.030364 0.123766
v -0.899865 0.056432 0.112871
v -0.905672 0.174081 0.112784
v -0.610026 0.290815 0.104429
v -0.629506 0.302850 0.110719
v -0.838964 0.330609 0.120141
v -0.811738 0.361875 0.117388
v -0.784727 0.381255 0.115953
v 0.075643 -0.580497 0.113558
v 0.170364 -0.569852 0.128586
v -0.042893 -0.569037 0.128580
v -0.204466 -0.560805 0.124649
v 0.379401 -0.568637 0.112923
v 0.351819 -0.571741 0.112934
v 0.462120 -0.554096 0.112920
v -0.424760 -0.508203 0.117363
v 0.730084 -0.462559 0.117975
v -0.538767 -0.450049 0.113789
v 0.863756 -0.376321 0.111454
v 0.852044 -0.386187 0.112406
v 0.867612 -0.364682 0.117119
v -0.652959 -0.360063 0.117235
v 0.878790 -0.357013 0.112508
v -0.672645 -0.344210 0.113478
v -0.703587 -0.316121 0.109632
v 0.888843 -0.337983 0.112351
v 0.887287 -0.292303 0.113018
v -0.733392 -0.281333 0.113234
v 0.883527 -0.277068 0.109940
v 0.486477 -0.255154 0.120319
v -0.790854 -0.210589 0.113174
v -0.766894 -0.238159 0.116890
v 0.344064 -0.243726 0.116435
v 0.825359 -0.246369 0.116742
v 0.225390 -0.239597 0.120565
v 0.751221 -0.234746 0.116815
v -0.812124 -0.179218 0.113145
v -0.313365 -0.112728 0.121068
v -0.856285 -0.100690 0.109190
v -0.396788 -0.045549 0.113311
v -0.879715 -0.018235 0.116742
v -0.430548 -0.009551 0.109353
v -0.428539 -0.021405 0.121025
v -0.893228 0.024997 0.113550
v -0.456074 0.010454 0.121010
v -0.484822 0.058157 0.117098
v -0.901109 0.123124 0.120659
v -0.894040 0.209286 0.120490
v -0.571000 0.224072 0.111100
v -0.594294 0.244188 0.120538
v -0.606071 0.275261 0.111068
v -0.831170 0.342346 0.118318
v -0.731458 0.370071 0.119700
v -0.742867 0.391499 0.111820
v -0.758061 0.389518 0.114747
v -0.098086 -0.560864 0.136344
v 0.272987 -0.568734 0.123870
v -0.179229 -0.560807 0.128559
v -0.275379 -0.554886 0.116809
v -0.350081 -0.535914 0.117077
v 0.572484 -0.521587 0.118643
v -0.460180 -0.492081 0.117415
v -0.519135 -0.460378 0.117558
v 0.745809 -0.446987 0.124882
v -0.578189 -0.419021 0.121191
v 0.832524 -0.403736 0.111002
v -0.625439 -0.384444 0.117313
v 0.844296 -0.380276 0.121648
v 0.875325 -0.360842 0.113137
v -0.689025 -0.325277 0.117115
v 0.886329 -0.334231 0.115593
v 0.887390 -0.322904 0.116237
v 0.891004 -0.315296 0.113414
v 0.871918 -0.277105 0.116875
v 0.856468 -0.269474 0.120730
v 0.802047 -0.242839 0.119755
v -0.043064 -0.217242 0.124634
v -0.007377 -0.211859 0.115566
v -0.087031 -0.211692 0.124723
v -0.170532 -0.186323 0.124856
v -0.814826 -0.163975 0.121133
v -0.835897 -0.132147 0.116873
v -0.321195 -0.116565 0.132666
v -0.285492 -0.134953 0.128774
v -0.869763 -0.049697 0.116883
v -0.873425 0.283627 0.115890
v -0.862303 0.299287 0.118393
v -0.676394 0.338446 0.115141
v 0.213765 -0.571412 0.124628
v 0.324300 -0.571256 0.116802
v -0.251750 -0.549942 0.128457
v 0.446370 -0.551373 0.120624
v -0.326537 -0.542938 0.117028
v -0.381548 -0.525167 0.117200
v -0.409083 -0.514697 0.117291
v -0.491687 -0.474021 0.121201
v 0.698658 -0.471022 0.124325
v -0.550631 -0.438360 0.121168
v 0.781182 -0.430395 0.119533
v -0.593894 -0.409625 0.117475
v 0.886837 -0.330530 0.115929
v 0.883426 -0.303785 0.117914
v 0.879621 -0.292376 0.117913
v -0.728131 -0.274541 0.125097
v 0.837095 -0.265693 0.125690
v 0.423055 -0.252952 0.120787
v 0.625016 -0.251008 0.124443
v 0.312507 -0.247899 0.124616
v 0.158114 -0.233202 0.124790
v 0.735525 -0.238961 0.120612
v 0.782451 -0.239342 0.119612
v -0.775456 -0.222753 0.120702
v -0.134774 -0.198972 0.124799
v -0.233971 -0.159107 0.124852
v -0.845649 -0.104720 0.120631
v -0.358433 -0.084930 0.124929
v -0.897191 0.083880 0.121710
v -0.879476 0.236695 0.128142
v -0.629421 0.279763 0.123967
v -0.637895 0.302880 0.115732
v -0.660728 0.314742 0.120990
v -0.692034 0.326629 0.127609
v -0.746915 0.366088 0.126035
v -0.773477 0.365900 0.127523
v 0.103341 -0.560714 0.140260
v 0.403026 -0.556372 0.124465
v -0.334452 -0.535246 0.124611
v -0.361943 -0.526848 0.124646
v 0.533144 -0.528852 0.123681
v 0.580433 -0.506004 0.132103
v -0.456368 -0.489422 0.124818
v -0.522310 -0.453957 0.124892
v 0.745808 -0.439120 0.131860
v 0.847742 -0.368548 0.127701
v -0.629015 -0.375561 0.124693
v 0.859891 -0.368471 0.120108
v 0.874383 -0.338243 0.123788
v 0.868476 -0.349592 0.124556
v 0.883151 -0.330547 0.118775
v -0.689182 -0.317319 0.124757
v 0.446767 -0.266484 0.136243
v 0.379562 -0.255077 0.128526
v 0.288825 -0.250040 0.128498
v 0.751117 -0.242305 0.124128
v 0.102844 -0.227548 0.128693
v -0.046991 -0.223410 0.132712
v 0.032050 -0.221262 0.128605
v 0.055631 -0.219918 0.124784
v -0.795275 -0.183586 0.128773
v -0.214123 -0.174034 0.132561
v -0.825208 -0.140070 0.124526
v -0.258089 -0.152402 0.132134
v -0.834343 -0.116519 0.127377
v -0.396589 -0.061333 0.132639
v -0.412510 -0.047344 0.132663
v -0.897623 0.154418 0.124492
v -0.890473 0.189678 0.128289
v -0.586387 0.208318 0.134889
v -0.866182 0.256225 0.133793
v -0.617674 0.267386 0.123868
v -0.842819 0.311054 0.127982
v -0.796396 0.349952 0.131494
v -0.758250 0.373803 0.123576
v 0.280863 -0.561210 0.132275
v 0.351826 -0.556339 0.132225
v -0.318769 -0.536734 0.127714
v 0.489795 -0.531622 0.132157
v 0.537090 -0.519630 0.132117
v -0.413159 -0.505737 0.127959
v -0.436711 -0.495389 0.128546
v -0.502828 -0.462424 0.128690
v 0.671181 -0.478101 0.128018
v 0.784869 -0.395826 0.143565
v -0.609807 -0.391663 0.124759
v -0.641393 -0.360354 0.128437
v -0.661559 -0.340713 0.128803
v 0.875657 -0.319299 0.124011
v 0.863904 -0.330874 0.130670
v 0.860171 -0.292355 0.128168
v 0.867954 -0.299989 0.125988
v 0.518170 -0.266747 0.134595
v 0.813642 -0.257896 0.127469
v -0.747539 -0.242083 0.132013
v 0.340162 -0.255275 0.132291
v 0.801924 -0.254034 0.127643
v 0.245204 -0.250566 0.132344
v 0.668437 -0.254418 0.132091
v 0.696040 -0.247648 0.127340
v 0.762817 -0.246573 0.127419
v 0.177813 -0.239286 0.129147
v 0.071305 -0.219319 0.121618
v 0.059550 -0.225732 0.132553
v -0.130747 -0.205983 0.132532
v -0.802932 -0.165712 0.132250
v -0.842173 -0.077269 0.136868
v -0.869679 -0.014316 0.130268
v -0.416557 -0.037272 0.125562
v -0.879528 0.017142 0.128485
v -0.488764 0.046331 0.131839
v -0.884950 0.060311 0.132350
v -0.562935 0.172852 0.134727
v -0.887527 0.205348 0.128249
v -0.873927 0.213124 0.139733
v -0.609747 0.228742 0.140082
v -0.858429 0.267928 0.135864
v -0.648893 0.295005 0.126047
v -0.660573 0.283235 0.137552
v -0.129648 -0.561877 0.132464
v 0.233422 -0.564317 0.132332
v 0.430631 -0.545310 0.131131
v -0.385691 -0.512014 0.132202
v 0.734087 -0.440990 0.135992
v 0.714439 -0.450921 0.135987
v -0.539053 -0.436939 0.132366
v -0.574419 -0.415909 0.128628
v -0.594828 -0.396263 0.132317
v -0.625685 -0.370158 0.132250
v 0.848235 -0.357164 0.133811
v 0.861400 -0.353373 0.127796
v 0.863792 -0.342170 0.129643
v -0.720369 -0.273844 0.132137
v 0.860245 -0.280952 0.124351
v 0.852521 -0.277194 0.126110
v 0.844827 -0.273398 0.127297
v 0.829257 -0.269522 0.130000
v 0.462663 -0.270626 0.140042
v 0.403319 -0.263310 0.136194
v 0.553789 -0.263108 0.131946
v 0.778425 -0.254180 0.131641
v 0.340196 -0.262153 0.140104
v 0.735343 -0.254408 0.134473
v -0.779404 -0.195129 0.136101
v -0.348937 -0.100890 0.136257
v -0.376640 -0.084726 0.140350
v -0.449673 -0.013265 0.136539
v -0.462699 0.002605 0.136552
v -0.877445 0.037071 0.136197
v -0.508323 0.073714 0.136225
v -0.546975 0.149164 0.132718
v -0.886331 0.158324 0.136946
v -0.824385 0.318806 0.135684
v -0.811807 0.342281 0.129475
v -0.735785 0.322844 0.143074
v -0.781060 0.361948 0.128829
v -0.754489 0.369895 0.125361
v -0.769814 0.346253 0.138443
v 0.347908 -0.553248 0.136045
v -0.208374 -0.551042 0.136317
v 0.410902 -0.544763 0.135430
v -0.267585 -0.533194 0.143650
v -0.350267 -0.517901 0.137930
v -0.402194 -0.502088 0.136039
v -0.440830 -0.486351 0.136048
v -0.468353 -0.474097 0.135674
v 0.635693 -0.482384 0.136401
v -0.499819 -0.457905 0.135310
v 0.796951 -0.391377 0.139861
v 0.833414 -0.361034 0.139511
v -0.633685 -0.352694 0.139915
v 0.854371 -0.338532 0.135354
v -0.673070 -0.317248 0.137503
v 0.863974 -0.315475 0.129898
v 0.848268 -0.331021 0.138669
v 0.848345 -0.311683 0.137096
v 0.852470 -0.284824 0.129264
v 0.837015 -0.284926 0.134882
v 0.782153 -0.273435 0.141703
v 0.624935 -0.265950 0.139907
v 0.257133 -0.255029 0.136133
v 0.213485 -0.250615 0.136635
v -0.763741 -0.206923 0.141869
v -0.075031 -0.227256 0.141236
v -0.178346 -0.198538 0.144177
v -0.807126 -0.136867 0.144163
v -0.285432 -0.144331 0.140131
v -0.476153 0.018577 0.138374
v -0.888835 0.126998 0.135500
v -0.873939 0.189584 0.144696
v -0.576461 0.184643 0.139951
v -0.641081 0.278320 0.131248
v -0.811835 0.326605 0.138054
v -0.003445 -0.553892 0.148143
v 0.280863 -0.553956 0.140009
v -0.208374 -0.533525 0.155733
v -0.283283 -0.525731 0.147794
v 0.466191 -0.529651 0.139249
v 0.548893 -0.506809 0.140550
v 0.682992 -0.462687 0.138160
v -0.511663 -0.443206 0.141993
v -0.570653 -0.407694 0.138832
v 0.844323 -0.353470 0.137298
v 0.844632 -0.296338 0.135901
v 0.821482 -0.285005 0.138843
v 0.553753 -0.274389 0.143795
v 0.363777 -0.263487 0.140057
v 0.703829 -0.262222 0.140101
v 0.743085 -0.265899 0.142338
v 0.122540 -0.242597 0.144094
v 0.051734 -0.234812 0.144010
v -0.095004 -0.222732 0.140817
v -0.309234 -0.132239 0.142279
v -0.814753 -0.104749 0.152742
v -0.830759 -0.096905 0.140473
v -0.380599 -0.088922 0.147784
v -0.412395 -0.056936 0.142363
v -0.832258 -0.065466 0.151857
v -0.846152 -0.041850 0.146442
v -0.865796 0.017115 0.144340
v -0.490473 0.026618 0.148130
v -0.877656 0.079937 0.143999
v -0.883643 0.103491 0.140105
v -0.877730 0.126927 0.147325
v -0.835050 0.283575 0.146204
v -0.743123 0.334641 0.139810
v 0.158483 -0.557052 0.144579
v -0.054671 -0.556931 0.143608
v -0.172994 -0.541848 0.151905
v 0.383389 -0.537691 0.146060
v 0.430659 -0.532946 0.143089
v 0.517379 -0.510070 0.145757
v -0.369951 -0.502296 0.145864
v 0.619973 -0.462225 0.159117
v -0.444855 -0.470791 0.147631
v -0.480275 -0.453597 0.147634
v -0.531438 -0.423548 0.147670
v 0.745771 -0.414442 0.151664
v -0.606181 -0.360615 0.151611
v 0.800894 -0.376948 0.147606
v 0.836490 -0.346146 0.143165
v 0.844563 -0.300161 0.136817
v 0.833008 -0.304145 0.142031
v 0.510167 -0.279088 0.146996
v 0.324430 -0.274148 0.151678
v 0.719502 -0.269901 0.145587
v 0.075298 -0.233233 0.140216
v 0.102874 -0.239119 0.143270
v 0.020293 -0.238216 0.148513
v -0.098930 -0.227803 0.147205
v -0.217952 -0.185474 0.148066
v -0.456299 -0.028921 0.155869
v -0.515594 0.067507 0.148042
v -0.878458 0.162196 0.144538
v -0.861769 0.224957 0.147211
v -0.629214 0.235929 0.147405
v -0.644854 0.247778 0.148677
v -0.680022 0.267504 0.152153
v -0.699711 0.287277 0.148873
v -0.804130 0.330108 0.139474
v -0.754689 0.338523 0.140701
v -0.773722 0.334532 0.144134
v 0.186092 -0.549318 0.151757
v 0.225496 -0.546110 0.152359
v 0.340103 -0.541648 0.147619
v -0.397655 -0.474699 0.159237
v 0.734030 -0.411825 0.159378
v 0.824736 -0.353636 0.146466
v 0.836592 -0.331098 0.144093
v -0.661315 -0.308682 0.151202
v 0.840451 -0.323342 0.141928
v 0.832871 -0.315718 0.144153
v 0.825302 -0.296547 0.142120
v 0.809713 -0.288900 0.142940
v 0.793948 -0.281151 0.142991
v 0.486400 -0.286033 0.153414
v 0.446728 -0.281664 0.151603
v 0.766535 -0.273495 0.144163
v 0.352053 -0.274275 0.150926
v 0.261064 -0.271428 0.151539
v 0.205553 -0.260112 0.147772
v -0.732238 -0.222661 0.156142
v -0.779437 -0.163622 0.154073
v -0.237808 -0.175728 0.147516
v -0.432077 -0.056713 0.157891
v -0.475926 -0.001155 0.153134
v -0.865252 0.044577 0.151224
v -0.547126 0.129686 0.144143
v -0.567345 0.157082 0.147296
v -0.865710 0.193535 0.151219
v -0.594358 0.188226 0.151145
v -0.854391 0.244259 0.147481
v -0.847065 0.248267 0.151452
v -0.846721 0.271831 0.143007
v -0.815752 0.295252 0.151602
v -0.800359 0.303052 0.154309
v -0.785037 0.334042 0.143021
v -0.023117 -0.544421 0.158833
v -0.074407 -0.548848 0.151893
v 0.276889 -0.545855 0.148005
v 0.395240 -0.529160 0.151446
v 0.489896 -0.510234 0.151683
v -0.322679 -0.510148 0.151574
v 0.722263 -0.419548 0.158973
v 0.753657 -0.400125 0.157791
v -0.570381 -0.395892 0.147566
v 0.781225 -0.384473 0.153391
v 0.832729 -0.327274 0.145419
v 0.828899 -0.327298 0.146932
v 0.809680 -0.308177 0.148588
v 0.766362 -0.296542 0.153632
v 0.391454 -0.277935 0.151855
v 0.632758 -0.278023 0.150338
v 0.715467 -0.285329 0.154498
v 0.742919 -0.285115 0.152331
v 0.233271 -0.273704 0.155807
v 0.134433 -0.254591 0.154284
v -0.047000 -0.238922 0.149831
v 0.039966 -0.250535 0.159390
v 0.059643 -0.246719 0.155571
v -0.154517 -0.211112 0.148033
v -0.751917 -0.195112 0.158073
v -0.182272 -0.207278 0.154995
v -0.336904 -0.120290 0.148092
v -0.403771 -0.084439 0.160014
v -0.854443 -0.010382 0.148394
v -0.507575 0.038599 0.157208
v -0.862033 0.091656 0.160964
v -0.531366 0.093920 0.148720
v -0.743119 0.311004 0.150237
v -0.781344 0.314838 0.152802
v -0.766169 0.322802 0.149387
v 0.024193 -0.541359 0.161866
v 0.134896 -0.541478 0.161448
v 0.280828 -0.537783 0.154488
v 0.225444 -0.533838 0.162673
v -0.220143 -0.523029 0.163464
v 0.458353 -0.506329 0.160024
v 0.572702 -0.467319 0.167677
v 0.702658 -0.427439 0.160658
v -0.503862 -0.429617 0.155468
v -0.555092 -0.384296 0.163280
v 0.820955 -0.346335 0.149536
v 0.797433 -0.358113 0.155978
v 0.817615 -0.342619 0.151035
v 0.817322 -0.327405 0.150534
v 0.821268 -0.319722 0.148337
v 0.762459 -0.308070 0.157061
v 0.518075 -0.289204 0.155366
v -0.681082 -0.268661 0.163406
v 0.656379 -0.281740 0.153345
v 0.680038 -0.285098 0.155307
v 0.557693 -0.288920 0.155918
v 0.280883 -0.282464 0.158795
v -0.708612 -0.242357 0.161021
v -0.086926 -0.242718 0.158775
v -0.118774 -0.234846 0.159408
v -0.281370 -0.160642 0.155005
v -0.245662 -0.183793 0.159385
v -0.380439 -0.100306 0.157876
v -0.487842 0.014784 0.153469
v -0.865903 0.075982 0.155704
v -0.543199 0.093786 0.159406
v -0.562720 0.133446 0.155623
v -0.862128 0.138674 0.161298
v -0.858280 0.154306 0.163321
v -0.609641 0.199531 0.154888
v -0.858386 0.209176 0.153879
v -0.842861 0.232701 0.159054
v -0.680063 0.243760 0.162823
v -0.823500 0.283523 0.152908
v -0.789028 0.299146 0.158865
v -0.180903 -0.533570 0.159598
v 0.347928 -0.522263 0.161304
v 0.332179 -0.533217 0.154816
v -0.295096 -0.506285 0.161512
v -0.330622 -0.490641 0.164549
v 0.505628 -0.498376 0.158062
v -0.456714 -0.443329 0.163615
v 0.647575 -0.442961 0.166996
v -0.480339 -0.423703 0.168610
v 0.785486 -0.369530 0.157621
v 0.773438 -0.384682 0.156913
v -0.625914 -0.324562 0.163321
v 0.809256 -0.346509 0.153551
v 0.797656 -0.350602 0.156647
v 0.797974 -0.331491 0.155140
v 0.727176 -0.292919 0.156976
v 0.438919 -0.289832 0.158502
v 0.620858 -0.289581 0.157879
v 0.371812 -0.289672 0.161709
v 0.098986 -0.250670 0.155588
v -0.150494 -0.229840 0.164182
v -0.217883 -0.196236 0.158839
v -0.771124 -0.151842 0.167029
v -0.320928 -0.143829 0.160677
v -0.787335 -0.116535 0.171311
v -0.810869 -0.077309 0.167417
v -0.834402 -0.034049 0.160834
v -0.849802 0.013162 0.159642
v -0.854149 0.056354 0.164157
v -0.578354 0.161030 0.153745
v -0.590088 0.173415 0.155708
v -0.826533 0.263964 0.158707
v -0.808066 0.279626 0.161517
v -0.758575 0.303116 0.156978
v -0.781427 0.299148 0.159739
v -0.054630 -0.534189 0.167994
v 0.174222 -0.537667 0.163387
v -0.133630 -0.533617 0.163479
v 0.320367 -0.522436 0.163189
v -0.251695 -0.515804 0.163406
v 0.446655 -0.486807 0.174865
v 0.612110 -0.451169 0.170035
v 0.714534 -0.415884 0.164395
v -0.519668 -0.400061 0.168981
v 0.741969 -0.400399 0.162759
v -0.578647 -0.365703 0.163323
v 0.549731 -0.299817 0.162978
v 0.518055 -0.300834 0.163355
v 0.640533 -0.297150 0.162152
v 0.679962 -0.292591 0.159136
v 0.699528 -0.304454 0.162985
v 0.328391 -0.281882 0.157454
v 0.233296 -0.281872 0.161765
v 0.193718 -0.281777 0.166664
v 0.138409 -0.266118 0.163406
v -0.066987 -0.254408 0.165207
v -0.043022 -0.254456 0.163305
v -0.728325 -0.206959 0.168251
v -0.197983 -0.219100 0.170988
v -0.289084 -0.175324 0.171284
v -0.495469 -0.000911 0.169471
v -0.555189 0.105867 0.163093
v -0.625166 0.200509 0.162254
v -0.644733 0.208421 0.166900
v -0.831229 0.248289 0.161348
v -0.811860 0.267840 0.164459
v -0.015241 -0.536796 0.166765
v 0.071633 -0.525888 0.175993
v 0.363764 -0.498762 0.174571
v 0.478137 -0.486694 0.171228
v 0.549027 -0.470757 0.170460
v -0.374061 -0.463164 0.172962
v -0.417403 -0.447381 0.172484
v 0.706723 -0.416059 0.166948
v 0.730234 -0.408152 0.163285
v 0.758012 -0.381579 0.163606
v 0.765991 -0.373909 0.162602
v 0.758393 -0.370485 0.164435
v 0.742739 -0.323564 0.162511
v 0.727028 -0.315910 0.163269
v 0.703462 -0.312194 0.164880
v 0.478496 -0.305283 0.166901
v 0.671997 -0.304685 0.164487
v -0.660891 -0.270063 0.175098
v 0.356046 -0.297365 0.166887
v 0.261055 -0.293447 0.166912
v 0.095098 -0.270019 0.171015
v 0.016288 -0.262097 0.168617
v 0.063589 -0.256511 0.163243
v -0.098810 -0.254709 0.170787
v -0.225693 -0.210848 0.174058
v -0.372418 -0.116027 0.165899
v -0.388228 -0.107996 0.168671
v -0.818770 -0.045841 0.171315
v -0.451746 -0.056447 0.171337
v -0.415925 -0.092095 0.172975
v -0.516994 0.034745 0.167439
v -0.842205 0.060243 0.175110
v -0.850337 0.091572 0.171215
v -0.855821 0.111173 0.167274
v -0.850313 0.134689 0.170996
v -0.576491 0.129591 0.167163
v -0.846637 0.173855 0.169489
v -0.593821 0.149323 0.169017
v -0.609482 0.168992 0.168754
v -0.838915 0.201261 0.169441
v -0.664224 0.220249 0.168302
v -0.750833 0.271711 0.167838
v -0.792808 0.283462 0.164618
v -0.770076 0.283486 0.166119
v 0.130833 -0.525927 0.175106
v -0.169109 -0.521936 0.171213
v -0.204483 -0.517981 0.170522
v 0.249106 -0.513867 0.174582
v -0.228054 -0.511147 0.171871
v 0.517553 -0.471961 0.175421
v 0.683079 -0.427673 0.167062
v 0.734411 -0.397054 0.166643
v 0.734815 -0.382351 0.168350
v 0.726761 -0.393643 0.169175
v 0.734919 -0.374656 0.168042
v 0.727016 -0.350970 0.166952
v 0.695494 -0.339153 0.169428
v 0.687696 -0.312202 0.165950
v 0.644327 -0.308616 0.166928
v 0.541781 -0.312851 0.169872
v 0.411288 -0.301339 0.167380
v 0.288846 -0.293439 0.165443
v 0.233251 -0.293446 0.169167
v 0.051789 -0.266541 0.170935
v -0.130598 -0.254203 0.177352
v -0.265303 -0.191110 0.173680
v -0.795172 -0.096883 0.173084
v -0.466866 -0.028844 0.164286
v -0.826707 -0.006543 0.175478
v -0.499290 -0.012706 0.178323
v -0.831055 0.009186 0.175518
v -0.542745 0.050651 0.179026
v -0.842752 0.150290 0.175287
v -0.838890 0.185567 0.172644
v -0.632929 0.188687 0.170852
v -0.823403 0.209057 0.176834
v -0.679836 0.216353 0.174007
v -0.815720 0.236462 0.173199
v -0.804256 0.267861 0.167422
v -0.070425 -0.529748 0.171279
v -0.038853 -0.517643 0.182569
v 0.016328 -0.522021 0.179616
v 0.170233 -0.518207 0.178912
v 0.201771 -0.522118 0.173589
v 0.304452 -0.494799 0.181542
v 0.344009 -0.483211 0.184831
v 0.430920 -0.479204 0.180552
v 0.580610 -0.459144 0.171871
v 0.635857 -0.439735 0.171783
v -0.452894 -0.420481 0.179157
v 0.651824 -0.428505 0.173498
v 0.663744 -0.420915 0.173865
v 0.699100 -0.412670 0.170306
v 0.710962 -0.405031 0.170104
v -0.547579 -0.376920 0.171236
v 0.723121 -0.382494 0.169849
v 0.683717 -0.374623 0.172020
v -0.594529 -0.333149 0.175016
v 0.671823 -0.331422 0.170779
v 0.656132 -0.320005 0.169861
v -0.622122 -0.297682 0.180981
v 0.577276 -0.320442 0.172821
v 0.470539 -0.316800 0.173131
v 0.411294 -0.312887 0.173460
v 0.300703 -0.308857 0.173107
v 0.332390 -0.304303 0.170683
v 0.371809 -0.305074 0.170725
v 0.261059 -0.308908 0.174804
v 0.209515 -0.289575 0.169543
v 0.114818 -0.272821 0.170975
v 0.154203 -0.285570 0.174383
v 0.020257 -0.272773 0.175437
v -0.051050 -0.276852 0.179278
v -0.692960 -0.234574 0.175832
v -0.712672 -0.206111 0.179041
v -0.744105 -0.181521 0.171280
v -0.740246 -0.163715 0.182978
v -0.352512 -0.135702 0.170220
v -0.372264 -0.127692 0.174174
v -0.829761 0.040601 0.182223
v -0.562426 0.090142 0.175037
v -0.585898 0.113856 0.179105
v -0.711242 0.224328 0.177310
v -0.796597 0.263925 0.171010
v -0.789094 0.267811 0.171204
v -0.777698 0.259930 0.175024
v -0.192711 -0.506422 0.180510
v -0.239858 -0.498568 0.178895
v 0.497957 -0.471293 0.178646
v 0.553077 -0.459542 0.177000
v 0.600427 -0.447356 0.174638
v 0.620239 -0.440057 0.174575
v 0.699383 -0.401723 0.172312
v -0.492202 -0.404075 0.176600
v 0.616558 -0.390221 0.177342
v -0.539503 -0.364773 0.181424
v -0.567003 -0.345058 0.180962
v 0.652028 -0.346976 0.173843
v 0.628446 -0.339328 0.174945
v 0.616656 -0.331198 0.174406
v 0.604848 -0.324096 0.173320
v 0.399485 -0.320540 0.177066
v 0.470544 -0.328360 0.177901
v 0.209523 -0.305039 0.177983
v 0.099030 -0.285491 0.180173
v 0.039967 -0.285472 0.182603
v -0.090889 -0.281681 0.186453
v -0.031133 -0.273734 0.176540
v -0.178163 -0.246102 0.184000
v -0.771687 -0.120491 0.181216
v -0.791372 -0.065589 0.186855
v -0.814895 -0.030142 0.178931
v -0.838666 0.107194 0.180674
v -0.602428 0.125704 0.182662
v -0.628915 0.165571 0.178668
v -0.804207 0.224682 0.181212
v -0.754651 0.240259 0.179557
v -0.766235 0.259938 0.174471
v -0.082232 -0.514228 0.182871
v -0.141517 -0.510289 0.181816
v 0.189902 -0.503565 0.187251
v -0.200576 -0.498667 0.184799
v -0.271414 -0.482942 0.182734
v -0.314860 -0.467239 0.182684
v 0.462509 -0.475301 0.180065
v 0.553180 -0.452171 0.179952
v -0.413542 -0.431758 0.182675
v 0.584928 -0.433414 0.179831
v -0.496245 -0.376700 0.189876
v 0.612609 -0.362585 0.177645
v 0.592921 -0.343296 0.177670
v 0.573257 -0.335768 0.177291
v 0.529885 -0.332050 0.177394
v 0.324453 -0.332124 0.181400
v 0.280844 -0.328236 0.181551
v 0.249196 -0.324397 0.182162
v 0.142391 -0.297192 0.182210
v 0.083340 -0.288396 0.182595
v -0.666316 -0.242528 0.186806
v -0.700905 -0.207057 0.185557
v -0.221610 -0.230289 0.185973
v -0.261282 -0.198860 0.177770
v -0.380037 -0.136176 0.182826
v -0.767231 -0.104806 0.190372
v -0.411714 -0.115542 0.184823
v -0.471059 -0.056180 0.183103
v -0.451408 -0.083832 0.186593
v -0.815013 -0.002658 0.185321
v -0.510925 -0.020399 0.189129
v -0.830793 0.060171 0.184052
v -0.827132 0.146336 0.185771
v -0.660172 0.180904 0.182870
v -0.823340 0.177668 0.183386
v -0.789053 0.252059 0.176616
v -0.781446 0.244208 0.180089
v 0.142615 -0.514293 0.183325
v 0.067604 -0.506397 0.190903
v 0.103180 -0.502536 0.192738
v 0.225399 -0.502604 0.184514
v 0.426985 -0.471707 0.184277
v 0.474350 -0.464106 0.183654
v 0.513794 -0.460091 0.181681
v 0.541500 -0.448766 0.182185
v 0.553430 -0.433674 0.181999
v 0.541596 -0.413909 0.182126
v -0.468702 -0.400305 0.185811
v 0.533673 -0.378344 0.183270
v 0.525810 -0.358990 0.182803
v 0.506102 -0.351366 0.182664
v 0.411352 -0.336025 0.182282
v 0.442903 -0.351398 0.185190
v 0.466571 -0.339913 0.181816
v 0.510064 -0.343714 0.181034
v 0.324463 -0.347560 0.185406
v 0.185812 -0.320565 0.187615
v -0.051013 -0.297058 0.190145
v 0.004436 -0.292594 0.186747
v -0.146383 -0.265719 0.187939
v -0.304326 -0.190293 0.186815
v -0.356154 -0.162937 0.188567
v -0.427668 -0.098510 0.182893
v -0.811427 0.013039 0.190863
v -0.566126 0.058686 0.189650
v -0.823556 0.087593 0.190989
v -0.819208 0.118853 0.193036
v -0.811826 0.201173 0.184235
v -0.679720 0.184912 0.185811
v -0.699325 0.184967 0.189258
v -0.754548 0.212697 0.188152
v -0.792821 0.232527 0.182136
v -0.766242 0.228452 0.184781
v -0.015226 -0.498601 0.196483
v -0.070376 -0.502530 0.191635
v 0.166236 -0.490913 0.196822
v -0.176968 -0.498980 0.186880
v -0.113800 -0.486893 0.198419
v -0.231993 -0.490789 0.185316
v 0.253004 -0.483274 0.192512
v 0.324258 -0.479455 0.188039
v 0.359817 -0.475678 0.187065
v 0.415175 -0.468144 0.185939
v -0.291167 -0.454592 0.194416
v 0.458656 -0.456871 0.186084
v 0.490236 -0.452934 0.184927
v 0.450768 -0.429647 0.186598
v 0.478378 -0.409856 0.185698
v -0.429305 -0.404324 0.193497
v 0.470487 -0.374523 0.186474
v 0.458659 -0.390116 0.187144
v -0.519888 -0.360576 0.190328
v -0.575036 -0.313639 0.193475
v 0.403510 -0.351360 0.185923
v 0.264990 -0.347667 0.187851
v 0.193698 -0.335969 0.191965
v -0.598727 -0.282131 0.198781
v 0.126615 -0.308847 0.189345
v 0.099048 -0.297149 0.186253
v -0.074966 -0.289278 0.188383
v -0.114614 -0.281387 0.190103
v -0.677415 -0.211107 0.196128
v -0.261161 -0.213577 0.187237
v -0.435166 -0.107213 0.190560
v -0.467127 -0.079699 0.192054
v -0.783062 -0.042076 0.198120
v -0.597302 0.078522 0.196897
v -0.811676 0.095313 0.198409
v -0.613184 0.121783 0.188680
v -0.628791 0.125799 0.193018
v -0.811786 0.173761 0.189755
v -0.804154 0.197218 0.188091
v -0.797631 0.212897 0.186307
v -0.777622 0.220644 0.187389
v -0.176941 -0.483047 0.196356
v -0.232044 -0.467395 0.198105
v 0.332173 -0.472094 0.189997
v 0.355847 -0.468322 0.189405
v 0.407191 -0.464394 0.187250
v 0.415188 -0.453249 0.188083
v 0.367803 -0.457230 0.189996
v -0.354483 -0.427960 0.196528
v 0.332222 -0.429784 0.190468
v 0.415278 -0.417779 0.187840
v 0.352038 -0.405976 0.189503
v 0.411333 -0.386234 0.188594
v 0.332320 -0.374745 0.189048
v 0.312450 -0.386461 0.190481
v 0.292685 -0.378730 0.190918
v 0.391632 -0.366769 0.187997
v 0.438952 -0.366828 0.187276
v 0.332334 -0.366882 0.188309
v 0.264967 -0.359263 0.190058
v 0.197618 -0.343726 0.193557
v 0.063654 -0.312623 0.194186
v 0.087290 -0.324281 0.197797
v 0.036005 -0.297080 0.188480
v -0.634119 -0.250554 0.198438
v -0.205673 -0.245885 0.190702
v -0.268935 -0.222098 0.193781
v -0.720557 -0.163811 0.194540
v -0.324366 -0.186285 0.190624
v -0.391684 -0.147018 0.192536
v -0.744367 -0.116668 0.199766
v -0.411535 -0.131126 0.192281
v -0.771844 -0.082775 0.194594
v -0.538395 0.003455 0.194810
v -0.811770 0.040572 0.194921
v -0.815719 0.064045 0.194893
v -0.807685 0.130488 0.198271
v -0.663955 0.150157 0.194412
v -0.675677 0.153460 0.195670
v -0.722928 0.192925 0.189874
v -0.788906 0.197151 0.192150
v -0.769971 0.209801 0.190363
v -0.042750 -0.494521 0.198360
v 0.130758 -0.490906 0.198920
v 0.193815 -0.487156 0.196539
v -0.200587 -0.479134 0.196204
v 0.221428 -0.483392 0.195765
v 0.272756 -0.472301 0.194521
v 0.312370 -0.464841 0.192615
v 0.292633 -0.461212 0.194109
v 0.292580 -0.425843 0.192604
v -0.405724 -0.400417 0.200138
v 0.253006 -0.390448 0.194545
v -0.464817 -0.376792 0.198286
v 0.237198 -0.370937 0.194217
v 0.138454 -0.335975 0.198027
v 0.122708 -0.324325 0.195662
v -0.027200 -0.316494 0.197311
v 0.024154 -0.324246 0.199037
v -0.050968 -0.304828 0.193565
v -0.150181 -0.292817 0.200910
v -0.237252 -0.241748 0.195733
v -0.701055 -0.175643 0.199732
v -0.344123 -0.186432 0.195988
v -0.720751 -0.144170 0.202200
v -0.439167 -0.119088 0.196912
v -0.498823 -0.047984 0.193843
v -0.792336 -0.010547 0.198919
v -0.553992 0.003581 0.201797
v -0.656064 0.133785 0.197773
v -0.803929 0.146220 0.197725
v -0.788881 0.177495 0.196612
v 0.047921 -0.490021 0.201912
v 0.193775 -0.476003 0.201123
v 0.237252 -0.468657 0.198446
v 0.237169 -0.461163 0.198848
v -0.311008 -0.416220 0.209519
v 0.217433 -0.433771 0.199818
v -0.508195 -0.341590 0.202295
v 0.154250 -0.359202 0.201548
v 0.134550 -0.347531 0.201267
v -0.555410 -0.313664 0.200239
v 0.110892 -0.335967 0.200134
v -0.086796 -0.308591 0.197852
v -0.122421 -0.308474 0.202017
v -0.193681 -0.269279 0.199250
v -0.229190 -0.261205 0.202067
v -0.312245 -0.221713 0.202780
v -0.351908 -0.194170 0.201069
v -0.760082 -0.089207 0.199688
v -0.506380 -0.067521 0.203408
v -0.522346 -0.039867 0.201394
v -0.791581 0.005096 0.202157
v -0.807405 0.056193 0.199433
v -0.573757 0.039063 0.199576
v -0.593380 0.066671 0.199111
v -0.807635 0.114872 0.199628
v -0.640319 0.102272 0.203225
v -0.792516 0.146069 0.201799
v -0.777530 0.181374 0.197211
v -0.758239 0.177350 0.197986
v 0.063683 -0.483071 0.205788
v 0.091280 -0.483141 0.204946
v 0.107024 -0.479478 0.206044
v 0.181961 -0.479650 0.200992
v 0.201692 -0.468677 0.201842
v 0.209539 -0.453496 0.201451
v 0.189751 -0.406116 0.201825
v -0.401774 -0.357113 0.219928
v 0.174018 -0.374763 0.201523
v -0.437254 -0.372883 0.205978
v 0.055773 -0.347569 0.204706
v -0.015311 -0.328124 0.200935
v -0.062895 -0.324220 0.201145
v -0.062895 -0.339792 0.205471
v -0.039058 -0.335913 0.203460
v -0.110514 -0.327132 0.206094
v -0.579103 -0.278243 0.207186
v -0.185715 -0.284838 0.203780
v -0.193526 -0.292561 0.207282
v -0.614547 -0.242749 0.209299
v -0.661803 -0.183669 0.214077
v -0.391494 -0.166464 0.200292
v -0.427140 -0.142640 0.201524
v -0.486564 -0.095122 0.204602
v -0.764081 -0.065686 0.203649
v -0.787848 0.024745 0.206989
v -0.608995 0.074637 0.202102
v -0.799776 0.079656 0.204959
v -0.659849 0.102352 0.206952
v -0.683403 0.133889 0.202444
v -0.710924 0.146172 0.202062
v -0.781083 0.153804 0.202739
v -0.011348 -0.471604 0.212493
v -0.078228 -0.467312 0.212437
v -0.109892 -0.463361 0.212199
v -0.038875 -0.471367 0.212238
v 0.142541 -0.475832 0.205114
v 0.114854 -0.468368 0.209188
v 0.177968 -0.472244 0.203439
v -0.161117 -0.463401 0.208253
v 0.170039 -0.464851 0.205217
v -0.192657 -0.453245 0.210056
v 0.170110 -0.457308 0.205498
v 0.146331 -0.410049 0.206657
v -0.338681 -0.384807 0.218965
v -0.366285 -0.376815 0.217905
v 0.138454 -0.374819 0.205223
v 0.110945 -0.359223 0.205107
v 0.091281 -0.355227 0.205287
v -0.094545 -0.351403 0.209981
v -0.177668 -0.308228 0.209810
v -0.280517 -0.253059 0.207244
v -0.252845 -0.261068 0.205625
v -0.324054 -0.229436 0.207465
v -0.391333 -0.182099 0.205467
v -0.701192 -0.144258 0.211496
v -0.712987 -0.124619 0.212777
v -0.448111 -0.138577 0.206001
v -0.732682 -0.097125 0.211565
v -0.526012 -0.063346 0.208864
v -0.549833 -0.019977 0.206356
v -0.593334 0.047075 0.204746
v -0.597097 0.035320 0.208879
v -0.784434 0.040351 0.210176
v -0.799823 0.095249 0.204692
v -0.788146 0.067828 0.209958
v -0.796106 0.106932 0.205478
v -0.788432 0.114672 0.207375
v -0.683284 0.106439 0.209022
v -0.784829 0.133402 0.205863
v -0.773325 0.122426 0.209494
v -0.761978 0.145312 0.205808
v -0.734557 0.137947 0.205841
v 0.036033 -0.475480 0.209997
v 0.087277 -0.471999 0.209831
v -0.121720 -0.455692 0.215354
v 0.122759 -0.457250 0.209553
v -0.216299 -0.436045 0.215050
v -0.267654 -0.416395 0.216416
v 0.103084 -0.410027 0.209548
v 0.118781 -0.394345 0.208105
v 0.075446 -0.394351 0.210209
v 0.047879 -0.378725 0.209690
v 0.083375 -0.367013 0.207434
v -0.011418 -0.374932 0.210307
v 0.020262 -0.359281 0.207483
v -0.035098 -0.363165 0.209221
v -0.066828 -0.359280 0.209735
v -0.460851 -0.329547 0.219021
v -0.110373 -0.359223 0.212569
v -0.527882 -0.278283 0.222653
v -0.236944 -0.280604 0.209058
v -0.634229 -0.211234 0.214339
v -0.410993 -0.189801 0.211551
v -0.450579 -0.158119 0.211351
v -0.490238 -0.114600 0.210602
v -0.501947 -0.118469 0.213976
v -0.521916 -0.082964 0.211689
v -0.748425 -0.069643 0.210821
v -0.764189 -0.022504 0.212106
v -0.616655 0.047215 0.211371
v -0.780658 0.087252 0.212037
v -0.765685 0.118471 0.210807
v -0.702937 0.110421 0.209752
v -0.754098 0.114474 0.211656
v 0.024154 -0.468121 0.212862
v -0.050783 -0.463832 0.215330
v -0.011397 -0.464209 0.214999
v 0.055727 -0.464581 0.212850
v -0.098074 -0.455888 0.216669
v 0.032026 -0.464437 0.213554
v 0.083291 -0.464651 0.211585
v 0.020132 -0.453272 0.214975
v 0.075396 -0.457217 0.212532
v -0.169005 -0.444021 0.216857
v 0.000376 -0.410167 0.213372
v -0.031207 -0.390593 0.212775
v -0.078676 -0.374923 0.212779
v -0.165799 -0.327725 0.212331
v -0.244757 -0.296172 0.213377
v -0.315971 -0.276329 0.217058
v -0.367399 -0.229155 0.214223
v -0.458336 -0.185580 0.218315
v -0.688949 -0.140356 0.217973
v -0.462344 -0.169816 0.216054
v -0.553280 -0.078824 0.218004
v -0.740769 -0.050134 0.218043
v -0.577160 -0.027586 0.215779
v -0.577317 -0.007990 0.212354
v -0.768347 0.004963 0.213931
v -0.604695 0.003958 0.216976
v -0.780319 0.048188 0.212351
v -0.765019 0.044026 0.217075
v -0.773036 0.075453 0.214420
v -0.636173 0.055142 0.213736
v -0.780556 0.071665 0.212631
v -0.655733 0.070927 0.213334
v -0.769377 0.091124 0.213888
v -0.671459 0.078862 0.213505
v -0.777053 0.106796 0.211106
v -0.750040 0.083045 0.216235
v -0.046888 -0.456570 0.217301
v -0.070686 -0.448844 0.218788
v -0.019379 -0.449379 0.216942
v -0.141545 -0.440517 0.219818
v -0.043126 -0.449200 0.218023
v -0.165222 -0.436507 0.219745
v -0.224387 -0.416934 0.220783
v -0.066800 -0.437736 0.218914
v -0.122115 -0.422068 0.220699
v -0.141956 -0.366945 0.216032
v -0.362473 -0.365266 0.222861
v -0.181453 -0.347225 0.216421
v -0.205168 -0.331496 0.216126
v -0.280251 -0.331374 0.221018
v -0.276352 -0.311736 0.218443
v -0.492443 -0.301907 0.222647
v -0.343685 -0.256685 0.216824
v -0.583121 -0.231076 0.224240
v -0.622558 -0.195686 0.224151
v -0.430592 -0.213234 0.219566
v -0.665869 -0.156191 0.221852
v -0.705268 -0.112942 0.219475
v -0.521578 -0.126221 0.218851
v -0.725131 -0.065927 0.221465
v -0.713220 -0.093398 0.220789
v -0.580993 -0.039371 0.218326
v -0.744952 -0.018776 0.220341
v -0.753080 0.016490 0.219689
v -0.764831 0.032344 0.216939
v -0.636055 0.019790 0.219890
v -0.647854 0.039498 0.218167
v -0.753388 0.036080 0.219531
v -0.757696 0.079241 0.216292
v -0.738144 0.055454 0.219622
v -0.687099 0.067163 0.216724
v -0.110048 -0.444656 0.219586
v -0.090426 -0.441299 0.219867
v -0.129887 -0.433330 0.221118
v -0.161373 -0.429101 0.221519
v -0.149700 -0.421817 0.221836
v -0.185085 -0.417516 0.222258
v -0.259873 -0.408804 0.220191
v -0.260056 -0.397549 0.222661
v -0.165611 -0.378740 0.218772
v -0.299279 -0.396843 0.219764
v -0.299479 -0.385422 0.223127
v -0.331017 -0.373424 0.223759
v -0.169453 -0.413986 0.222200
v -0.205065 -0.394453 0.222092
v -0.236714 -0.362878 0.220953
v -0.441262 -0.325760 0.224777
v -0.472878 -0.302163 0.226875
v -0.327725 -0.299848 0.221756
v -0.371224 -0.280177 0.223678
v -0.391006 -0.256561 0.222387
v -0.618877 -0.188096 0.227138
v -0.505611 -0.169615 0.222317
v -0.681953 -0.121030 0.225609
v -0.697574 -0.105232 0.223978
v -0.561123 -0.086657 0.220462
v -0.612373 -0.023490 0.222088
v -0.721428 -0.054264 0.224061
v -0.612488 -0.007757 0.220330
v -0.737424 -0.007174 0.223074
v -0.655538 0.000240 0.224285
v -0.698863 0.043533 0.220601
v -0.733946 0.027949 0.222409
v -0.216646 -0.409502 0.222343
v -0.228745 -0.390363 0.222688
v -0.236495 -0.401680 0.222758
v -0.272065 -0.385975 0.223720
v -0.323363 -0.366112 0.225433
v -0.315691 -0.358616 0.225417
v -0.370545 -0.353721 0.225539
v -0.347093 -0.354215 0.226565
v -0.394058 -0.349453 0.224249
v -0.410021 -0.330127 0.227665
v -0.347471 -0.331225 0.226398
v -0.355338 -0.307593 0.225188
v -0.441487 -0.314271 0.228228
v -0.476929 -0.294463 0.228495
v -0.524067 -0.270582 0.226523
v -0.547691 -0.255029 0.225817
v -0.536036 -0.255026 0.228511
v -0.595225 -0.211598 0.226940
v -0.466077 -0.220955 0.224980
v -0.517419 -0.173499 0.224100
v -0.560860 -0.137795 0.225253
v -0.662247 -0.140776 0.226775
v -0.568838 -0.110231 0.223973
v -0.678375 -0.105600 0.228546
v -0.584638 -0.090469 0.224296
v -0.686228 -0.093763 0.228307
v -0.624059 -0.043050 0.225441
v -0.713907 -0.042696 0.226611
v -0.647646 -0.031221 0.226737
v -0.714166 -0.019220 0.226517
v -0.722387 0.027883 0.223004
v -0.370789 -0.342372 0.227430
v -0.378924 -0.327014 0.228378
v -0.406245 -0.326493 0.228643
v -0.410456 -0.314978 0.229647
v -0.429905 -0.310798 0.229740
v -0.402680 -0.307436 0.229231
v -0.461527 -0.291102 0.230618
v -0.418480 -0.299556 0.229958
v -0.442243 -0.279957 0.230274
v -0.492754 -0.282722 0.229165
v -0.508496 -0.270916 0.229358
v -0.461920 -0.268127 0.230633
v -0.528557 -0.247666 0.230828
v -0.567755 -0.227557 0.228907
v -0.489601 -0.248403 0.230575
v -0.525150 -0.212913 0.229246
v -0.575848 -0.212185 0.230168
v -0.591753 -0.196492 0.230040
v -0.607268 -0.192192 0.228700
v -0.552804 -0.204920 0.230570
v -0.634846 -0.164539 0.228286
v -0.592317 -0.165355 0.230020
v -0.576430 -0.185093 0.230258
v -0.631099 -0.160819 0.229400
v -0.647083 -0.133332 0.230088
v -0.608100 -0.149513 0.230198
v -0.662636 -0.125284 0.229033
v -0.666851 -0.101839 0.230143
v -0.635717 -0.110039 0.230257
v -0.612224 -0.090376 0.227281
v -0.643700 -0.078501 0.229234
v -0.678710 -0.078303 0.229776
v -0.698270 -0.058507 0.228403
v -0.705925 -0.062292 0.227079
v -0.675118 -0.054818 0.229354
v -0.702578 -0.019320 0.227263
v -0.682962 -0.035138 0.228381
v -0.485216 -0.275361 0.231031
v -0.477616 -0.267935 0.231313
v -0.504934 -0.263465 0.230943
v -0.524863 -0.240244 0.231251
v -0.540505 -0.235939 0.230811
v -0.521159 -0.228635 0.230611
v -0.552439 -0.224195 0.231018
v -0.564059 -0.220045 0.230589
v -0.603932 -0.169089 0.230432
v -0.615532 -0.168877 0.230144
v -0.663232 -0.078436 0.230131
vn -0.0907 -0.1903 -0.9775
vn -0.0292 -0.0923 -0.9953
vn -0.1392 -0.2697 -0.9528
vn 0.0167 -0.0230 -0.9996
vn 0.0458 0.0117 -0.9989
vn -0.0998 -0.1557 -0.9828
vn -0.0744 -0.1346 -0.9881
vn -0.1322 -0.1740 -0.9758
vn -0.1890 -0.2921 -0.9375
vn 0.0279 0.0146 -0.9995
vn -0.0643 -0.0890 -0.9940
vn 0.1048 0.1039 -0.9891
vn -0.0567 -0.0589 -0.9967
vn -0.2193 -0.2421 -0.9451
vn -0.0887 -0.0680 -0.9937
vn -0.1430 -0.1228 -0.9821
vn -0.0026 0.0194 -0.9998
vn 0.0716 0.0849 -0.9938
vn -0.0834 -0.0459 -0.9955
vn 0.0068 0.0465 -0.9989
vn 0.0866 0.1205 -0.9889
vn -0.1127 -0.0711 -0.9911
vn -0.0346 0.0145 -0.9993
vn 0.0336 0.0811 -0.9961
vn 0.0011 -0.0652 -0.9979
vn 0.0398 0.0165 -0.9991
vn -0.0030 -0.1566 -0.9877
vn -0.0500 -0.1825 -0.9819
vn 0.0120 -0.0095 -0.9999
vn 0.0530 0.1058 -0.9930
vn -0.0647 -0.1665 -0.9839
vn -0.1192 -0.3100 -0.9432
vn -0.0915 -0.2005 -0.9754
vn -0.0193 -0.0477 -0.9987
vn 0.0672 0.1380 -0.9882
vn 0.0321 0.0579 -0.9978
vn -0.0844 -0.1746 -0.9810
vn -0.0189 -0.0406 -0.9990
vn 0.0315 0.0684 -0.9972
vn -0.0053 -0.0240 -0.9997
vn 0.0738 0.1447 -0.9867
vn -0.1074 -0.1828 -0.9773
vn -0.1503 -0.2846 -0.9468
vn -0.0637 -0.1392 -0.9882
vn 0.0613 0.1119 -0.9918
vn -0.1289 -0.2781 -0.9519
vn 0.0519 0.0546 -0.9972
vn -0.0588 -0.1524 -0.9866
vn -0.1527 -0.3180 -0.9357
vn -0.1101 -0.2500 -0.9620
vn 0.0286 0.0001 -0.9996
vn -0.0208 -0.1071 -0.9940
vn -0.0888 -0.2005 -0.9757
vn -0.1860 -0.3744 -0.9084
vn 0.0963 0.1029 -0.9900
vn -0.1793 -0.3246 -0.9287
vn -0.1569 -0.2414 -0.9577
vn -0.2077 -0.3002 -0.9310
vn -0.2730 -0.3543 -0.8944
vn 0.1365 0.1611 -0.9775
vn -0.2641 -0.2612 -0.9284
vn -0.1757 -0.1525 -0.9726
vn 0.1525 0.1641 -0.9746
vn -0.2006 -0.1592 -0.9666
vn -0.1124 -0.0615 -0.9918
vn 0.1127 0.1526 -0.9818
vn 0.1640 0.1832 -0.9693
vn -0.1605 -0.1007 -0.9819
vn 0.0392 0.0878 -0.9954
vn 0.0693 0.1249 -0.9897
vn -0.0781 -0.0209 -0.9967
vn -0.0115 0.0380 -0.9992
vn -0.1294 -0.0640 -0.9895
vn -0.0325 0.0213 -0.9992
vn 0.0314 0.0726 -0.9969
vn -0.0477 -0.0021 -0.9989
vn -0.0302 -0.3587 -0.9330
vn 0.0065 -0.1899 -0.9818
vn 0.0094 -0.1835 -0.9830
vn -0.0465 -0.2583 -0.9650
vn 0.0258 0.0348 -0.9991
vn 0.0013 -0.1617 -0.9868
vn 0.0097 -0.1464 -0.9892
vn 0.0168 0.0881 -0.9960
vn 0.0251 -0.0313 -0.9992
vn 0.0372 -0.0254 -0.9990
vn 0.0183 0.1662 -0.9859
vn -0.0908 -0.4088 -0.9081
vn -0.0973 -0.3016 -0.9485
vn 0.0617 0.1362 -0.9888
vn 0.0386 0.2204 -0.9746
vn -0.1362 -0.4031 -0.9050
vn -0.1723 -0.4267 -0.8878
vn -0.1509 -0.3459 -0.9261
vn 0.0888 0.2075 -0.9742
vn -0.1787 -0.3785 -0.9082
vn 0.1114 0.2115 -0.9710
vn -0.2044 -0.4108 -0.8885
vn 0.1038 0.1577 -0.9820
vn -0.2342 -0.4164 -0.8785
vn -0.2539 -0.4186 -0.8720
vn -0.2879 -0.4150 -0.8631
vn -0.3089 -0.3755 -0.8738
vn -0.3347 -0.3559 -0.8725
vn 0.1553 0.1728 -0.9726
vn -0.3080 -0.2668 -0.9132
vn -0.2412 -0.1822 -0.9532
vn -0.2419 -0.1676 -0.9557
vn 0.1390 0.1813 -0.9736
vn -0.1894 -0.1112 -0.9756
vn 0.1036 0.1423 -0.9844
vn -0.1473 -0.0793 -0.9859
vn 0.0881 0.1067 -0.9904
vn -0.2488 -0.1604 -0.9552
vn 0.0440 0.0649 -0.9969
vn -0.1910 -0.0968 -0.9768
vn -0.2524 -0.1385 -0.9577
vn -0.0779 -0.0217 -0.9967
vn -0.0056 0.0308 -0.9995
vn 0.1092 0.0954 -0.9894
vn 0.1566 0.1391 -0.9778
vn -0.2166 -0.1094 -0.9701
vn -0.1142 -0.0294 -0.9930
vn 0.0749 0.0742 -0.9944
vn -0.0520 0.0247 -0.9983
vn 0.0086 0.0549 -0.9985
vn 0.0649 0.0749 -0.9951
vn -0.0118 -0.3304 -0.9438
vn -0.0322 -0.4433 -0.8958
vn -0.0039 -0.4232 -0.9060
vn 0.0068 -0.2888 -0.9574
vn 0.0234 -0.2064 -0.9782
vn 0.0323 -0.3056 -0.9516
vn 0.0142 -0.3518 -0.9360
vn -0.0889 -0.4718 -0.8772
vn -0.0588 -0.4501 -0.8910
vn 0.0374 -0.1276 -0.9911
vn 0.0343 0.0343 -0.9988
vn 0.0322 -0.2001 -0.9792
vn 0.0242 0.1269 -0.9916
vn 0.0309 0.2001 -0.9793
vn 0.0324 0.1699 -0.9849
vn 0.0192 0.2479 -0.9686
vn 0.0679 0.2363 -0.9693
vn 0.0666 0.2860 -0.9559
vn 0.0992 0.2673 -0.9585
vn 0.1256 0.2518 -0.9596
vn 0.1436 0.2095 -0.9672
vn 0.1699 0.2027 -0.9644
vn 0.1800 0.2104 -0.9609
vn -0.3790 -0.3624 -0.8515
vn -0.3704 -0.3244 -0.8704
vn -0.3492 -0.2745 -0.8959
vn 0.1913 0.2129 -0.9582
vn -0.3293 -0.2402 -0.9132
vn -0.3746 -0.2638 -0.8889
vn 0.1580 0.1778 -0.9713
vn -0.3232 -0.2078 -0.9232
vn -0.3309 -0.1885 -0.9246
vn -0.2948 -0.1430 -0.9448
vn 0.1496 0.1048 -0.9832
vn -0.1979 -0.0663 -0.9780
vn -0.3018 -0.0743 -0.9505
vn -0.2860 -0.0297 -0.9578
vn -0.1750 -0.0013 -0.9846
vn 0.1248 0.0952 -0.9876
vn 0.0445 0.0671 -0.9968
vn 0.0717 0.0810 -0.9941
vn -0.0429 0.0443 -0.9981
vn -0.1054 0.0209 -0.9942
vn 0.0292 -0.4187 -0.9077
vn 0.0119 -0.4522 -0.8918
vn 0.0297 -0.4010 -0.9156
vn 0.0257 -0.4342 -0.9005
vn 0.0391 -0.2807 -0.9590
vn 0.0272 -0.0810 -0.9963
vn 0.0526 -0.0970 -0.9939
vn -0.1489 -0.4689 -0.8706
vn 0.0413 0.0834 -0.9957
vn 0.0272 0.1292 -0.9912
vn 0.0738 0.1099 -0.9912
vn 0.0881 -0.0277 -0.9957
vn 0.0368 0.2410 -0.9698
vn 0.0602 0.2368 -0.9697
vn 0.0327 0.2448 -0.9690
vn -0.1963 -0.4849 -0.8522
vn 0.0297 0.2893 -0.9568
vn 0.0139 0.3299 -0.9439
vn 0.0225 0.3124 -0.9497
vn 0.1492 0.2450 -0.9580
vn 0.1398 0.2534 -0.9572
vn -0.3424 -0.4121 -0.8443
vn 0.1949 0.2209 -0.9556
vn -0.4054 -0.3292 -0.8528
vn -0.3958 -0.1870 -0.8991
vn -0.3506 -0.1476 -0.9248
vn 0.2171 0.1384 -0.9663
vn 0.1971 0.1233 -0.9726
vn -0.2027 -0.0179 -0.9791
vn -0.2774 -0.0544 -0.9592
vn -0.2794 -0.0351 -0.9595
vn 0.1403 0.0967 -0.9854
vn -0.1550 0.0055 -0.9879
vn 0.0851 0.0731 -0.9937
vn -0.2101 -0.0003 -0.9777
vn 0.0003 0.0487 -0.9988
vn 0.0864 0.0654 -0.9941
vn -0.0895 0.0285 -0.9956
vn 0.0160 0.0534 -0.9984
vn 0.1369 -0.2313 -0.9632
vn 0.0431 -0.1669 -0.9850
vn 0.1925 -0.2196 -0.9564
vn -0.1576 -0.1969 -0.9677
vn -0.1084 -0.0615 -0.9922
vn -0.2239 -0.1205 -0.9671
vn -0.3272 -0.1250 -0.9366
vn -0.2425 -0.0015 -0.9701
vn 0.1468 -0.0130 -0.9891
vn 0.2311 -0.0788 -0.9697
vn -0.3400 0.0002 -0.9404
vn 0.0041 0.0419 -0.9991
vn -0.3236 0.0962 -0.9413
vn -0.1610 0.0852 -0.9833
vn 0.2244 0.0480 -0.9733
vn -0.0487 0.2231 -0.9736
vn -0.1942 0.2292 -0.9538
vn 0.0942 0.1820 -0.9788
vn 0.1852 0.1988 -0.9624
vn -0.0575 0.4408 -0.8958
vn 0.1084 0.3697 -0.9228
vn -0.0014 -0.4751 -0.8799
vn 0.0203 -0.4786 -0.8778
vn 0.0511 -0.3775 -0.9246
vn 0.0737 -0.2105 -0.9748
vn 0.0800 -0.3044 -0.9492
vn 0.1100 -0.1438 -0.9835
vn 0.1181 0.0748 -0.9902
vn 0.1006 0.1085 -0.9890
vn 0.0982 0.2625 -0.9599
vn 0.0590 0.3173 -0.9465
vn -0.2271 -0.4526 -0.8623
vn 0.0415 0.3098 -0.9499
vn 0.0354 0.3548 -0.9343
vn 0.1055 0.3179 -0.9422
vn 0.1440 0.3049 -0.9414
vn -0.2429 -0.4533 -0.8576
vn -0.2854 -0.4490 -0.8467
vn 0.1779 0.2419 -0.9539
vn 0.2081 0.2366 -0.9491
vn -0.4320 -0.3142 -0.8454
vn -0.4450 -0.2996 -0.8439
vn -0.4005 -0.2540 -0.8804
vn 0.1868 0.1902 -0.9638
vn -0.4428 -0.2263 -0.8676
vn 0.2093 0.1648 -0.9639
vn -0.3968 -0.1333 -0.9082
vn -0.3663 -0.0846 -0.9266
vn -0.3549 -0.0376 -0.9342
vn -0.3128 -0.0092 -0.9498
vn 0.1874 0.0969 -0.9775
vn -0.2908 0.0188 -0.9566
vn 0.1236 0.0814 -0.9890
vn -0.1727 0.0435 -0.9840
vn 0.0724 0.0722 -0.9948
vn -0.0237 0.0588 -0.9980
vn -0.3108 0.0505 -0.9491
vn 0.0610 0.0699 -0.9957
vn -0.1378 0.0691 -0.9880
vn -0.1329 -0.1356 -0.9818
vn 0.0035 -0.2231 -0.9748
vn -0.3192 -0.1279 -0.9390
vn 0.2829 -0.1333 -0.9498
vn 0.2917 0.0718 -0.9538
vn 0.2557 0.1490 -0.9552
vn -0.2810 0.2885 -0.9153
vn 0.2472 0.3135 -0.9169
vn -0.2054 0.3928 -0.8964
vn 0.1104 0.5016 -0.8580
vn 0.1919 0.5093 -0.8389
vn -0.1464 0.5396 -0.8291
vn 0.0605 0.6257 -0.7777
vn -0.0480 -0.4888 -0.8711
vn -0.0211 -0.4875 -0.8728
vn 0.0200 -0.4768 -0.8788
vn 0.0712 -0.4115 -0.9086
vn 0.1003 -0.3144 -0.9440
vn 0.1013 -0.0757 -0.9920
vn 0.1174 0.1261 -0.9850
vn 0.1242 0.2531 -0.9594
vn 0.1206 0.3378 -0.9335
vn 0.0895 0.3626 -0.9276
vn 0.0343 0.3457 -0.9377
vn 0.0064 0.3661 -0.9306
vn 0.0778 0.3458 -0.9351
vn 0.1671 0.2905 -0.9422
vn 0.1776 0.2812 -0.9431
vn -0.4416 -0.2262 -0.8682
vn -0.4571 -0.1672 -0.8736
vn 0.2489 0.1444 -0.9577
vn -0.4617 -0.1287 -0.8777
vn -0.4374 -0.0769 -0.8960
vn 0.2401 0.1349 -0.9613
vn -0.4215 -0.0267 -0.9064
vn -0.4097 0.0011 -0.9122
vn -0.4245 0.0366 -0.9047
vn 0.1776 0.0856 -0.9804
vn -0.2461 0.0670 -0.9669
vn 0.1206 0.0490 -0.9915
vn 0.0393 0.0365 -0.9986
vn -0.0637 0.0674 -0.9957
vn -0.1121 0.0491 -0.9925
vn 0.1135 0.0120 -0.9935
vn -0.0356 0.0287 -0.9990
vn 0.0723 0.0185 -0.9972
vn -0.1539 0.0658 -0.9859
vn -0.0514 0.0562 -0.9971
vn -0.0328 -0.0752 -0.9966
vn 0.0500 -0.1521 -0.9871
vn 0.2787 -0.2158 -0.9358
vn 0.3014 -0.2436 -0.9219
vn 0.3552 -0.1715 -0.9189
vn 0.3367 -0.0466 -0.9405
vn -0.4279 -0.0519 -0.9023
vn -0.4430 0.0326 -0.8959
vn 0.3676 0.0603 -0.9280
vn -0.3685 0.1772 -0.9126
vn -0.3154 0.3465 -0.8834
vn 0.2678 0.4890 -0.8302
vn 0.1600 0.6743 -0.7209
vn 0.1963 0.6448 -0.7387
vn 0.0527 0.7077 -0.7046
vn 0.1111 0.7622 -0.6377
vn 0.0415 -0.4694 -0.8820
vn 0.0904 -0.4001 -0.9120
vn 0.0906 -0.3587 -0.9290
vn 0.1026 -0.2417 -0.9649
vn 0.0858 0.0830 -0.9929
vn 0.0565 0.3586 -0.9318
vn 0.0227 0.4022 -0.9153
vn -0.2685 -0.4523 -0.8505
vn 0.1207 0.3793 -0.9174
vn -0.3363 -0.4382 -0.8336
vn -0.3665 -0.4162 -0.8321
vn -0.4149 -0.3635 -0.8341
vn -0.4424 -0.3286 -0.8345
vn 0.2387 0.2650 -0.9342
vn 0.2265 0.2590 -0.9390
vn 0.2477 0.2199 -0.9436
vn -0.4661 -0.0508 -0.8833
vn 0.2722 0.1221 -0.9545
vn -0.4561 0.0720 -0.8870
vn -0.3932 0.0664 -0.9170
vn 0.2238 0.0771 -0.9716
vn 0.1834 0.0546 -0.9815
vn -0.3787 0.0842 -0.9217
vn -0.2896 0.0874 -0.9531
vn 0.1630 0.0171 -0.9865
vn -0.4056 0.1098 -0.9074
vn -0.3453 0.1426 -0.9276
vn -0.2607 0.1202 -0.9579
vn 0.0589 0.0007 -0.9983
vn -0.1431 0.0440 -0.9887
vn 0.2110 -0.0143 -0.9774
vn 0.1832 -0.0631 -0.9810
vn -0.0288 -0.0346 -0.9990
vn 0.0778 -0.0749 -0.9941
vn -0.0997 -0.0469 -0.9939
vn -0.2690 -0.0342 -0.9625
vn 0.2134 -0.1370 -0.9673
vn 0.3762 -0.2276 -0.8981
vn 0.4333 -0.2038 -0.8779
vn 0.4517 -0.0634 -0.8899
vn 0.3431 0.2534 -0.9045
vn -0.4429 0.1760 -0.8791
vn 0.2799 0.6027 -0.7473
vn -0.1549 0.6135 -0.7744
vn -0.0871 0.6882 -0.7202
vn 0.1161 0.7872 -0.6057
vn 0.1196 0.7434 -0.6580
vn 0.0617 0.7520 -0.6562
vn 0.1799 0.6625 -0.7271
vn -0.0071 -0.5012 -0.8653
vn -0.0649 -0.5126 -0.8562
vn 0.0577 -0.4575 -0.8873
vn -0.1139 -0.4993 -0.8589
vn -0.1577 -0.5011 -0.8509
vn 0.0773 -0.2570 -0.9633
vn 0.0656 -0.0354 -0.9972
vn -0.2215 -0.4831 -0.8471
vn 0.0698 0.2107 -0.9751
vn 0.0850 0.2204 -0.9717
vn 0.0990 0.3009 -0.9485
vn 0.1260 0.3665 -0.9219
vn 0.1107 0.3892 -0.9145
vn 0.0834 0.3989 -0.9132
vn 0.0175 0.3762 -0.9264
vn 0.0478 0.3981 -0.9161
vn 0.1539 0.3581 -0.9209
vn 0.1908 0.3376 -0.9217
vn 0.2028 0.3212 -0.9250
vn 0.2177 0.2788 -0.9354
vn 0.2396 0.2645 -0.9342
vn 0.2386 0.2559 -0.9368
vn -0.4816 -0.2020 -0.8528
vn 0.2739 0.1850 -0.9438
vn -0.4887 -0.0905 -0.8677
vn 0.2882 0.1674 -0.9428
vn -0.4892 -0.0250 -0.8718
vn -0.4983 0.0148 -0.8669
vn 0.2766 0.0871 -0.9570
vn 0.2515 0.0323 -0.9673
vn 0.2953 0.0226 -0.9551
vn 0.2930 0.0098 -0.9561
vn -0.3874 0.1373 -0.9116
vn -0.3105 0.1013 -0.9452
vn -0.3624 0.0637 -0.9298
vn 0.2721 -0.0756 -0.9593
vn 0.2810 -0.0349 -0.9591
vn -0.4119 -0.0106 -0.9112
vn 0.2966 -0.1328 -0.9457
vn -0.4359 -0.0905 -0.8954
vn 0.5744 -0.1623 -0.8023
vn -0.5370 -0.0619 -0.8413
vn -0.5104 0.0357 -0.8592
vn 0.4886 0.1195 -0.8643
vn 0.4095 0.4060 -0.8170
vn -0.0086 -0.5323 -0.8465
vn -0.0950 -0.5231 -0.8469
vn 0.0807 -0.4548 -0.8869
vn 0.0816 -0.4393 -0.8946
vn 0.0725 -0.2605 -0.9627
vn 0.0847 -0.0694 -0.9940
vn 0.1035 -0.1969 -0.9749
vn 0.0779 0.1034 -0.9916
vn 0.1042 0.0235 -0.9943
vn 0.0736 0.2997 -0.9512
vn 0.0680 0.3194 -0.9452
vn -0.2513 -0.4590 -0.8521
vn 0.1071 0.4349 -0.8941
vn 0.0703 0.4376 -0.8964
vn 0.0638 0.3899 -0.9187
vn -0.3886 -0.3839 -0.8376
vn 0.1987 0.2900 -0.9362
vn -0.4377 -0.3489 -0.8287
vn 0.2709 0.3246 -0.9062
vn -0.4525 -0.3285 -0.8290
vn -0.4667 -0.3028 -0.8310
vn -0.4865 -0.2506 -0.8370
vn 0.3356 0.3255 -0.8840
vn 0.3334 0.1909 -0.9233
vn 0.3134 0.1746 -0.9334
vn 0.3315 0.1018 -0.9380
vn -0.4549 0.1113 -0.8835
vn -0.4399 0.1538 -0.8848
vn 0.3474 -0.0594 -0.9358
vn -0.4594 0.0902 -0.8836
vn 0.3945 -0.1272 -0.9100
vn 0.5197 -0.1985 -0.8310
vn 0.5971 -0.0184 -0.8019
vn 0.6675 0.0745 -0.7409
vn 0.5722 0.2784 -0.7714
vn -0.4441 0.3074 -0.8416
vn 0.4675 0.5333 -0.7050
vn 0.2953 0.6817 -0.6694
vn -0.3202 0.4727 -0.8210
vn -0.1600 0.6753 -0.7200
vn -0.0097 0.7127 -0.7014
vn 0.2277 0.9651 -0.1291
vn -0.0309 -0.5355 -0.8440
vn 0.0156 -0.5096 -0.8603
vn 0.0145 -0.5136 -0.8579
vn -0.1326 -0.5358 -0.8339
vn 0.0687 -0.4075 -0.9106
vn 0.0851 -0.3620 -0.9283
vn 0.1168 -0.0493 -0.9919
vn -0.2412 -0.4855 -0.8403
vn 0.1292 0.1322 -0.9828
vn 0.1003 0.2112 -0.9723
vn 0.0832 0.3528 -0.9320
vn 0.0759 0.3823 -0.9209
vn 0.1105 0.4137 -0.9037
vn 0.0144 0.4155 -0.9095
vn -0.3179 -0.4592 -0.8295
vn 0.2197 0.3341 -0.9166
vn 0.2865 0.3320 -0.8987
vn 0.2846 0.3177 -0.9045
vn 0.3586 0.4174 -0.8350
vn 0.3010 0.3293 -0.8950
vn -0.5020 -0.1792 -0.8461
vn 0.3286 0.2655 -0.9064
vn 0.3788 0.2734 -0.8842
vn -0.5154 -0.1268 -0.8475
vn 0.4021 0.2444 -0.8824
vn 0.4031 0.2197 -0.8884
vn 0.3456 0.1521 -0.9260
vn -0.4846 0.0443 -0.8736
vn 0.3613 0.0678 -0.9300
vn 0.3591 0.0368 -0.9326
vn 0.3670 -0.0094 -0.9302
vn 0.6887 -0.1721 -0.7043
vn 0.7163 -0.0867 -0.6924
vn -0.5565 0.0255 -0.8304
vn -0.5271 0.1219 -0.8410
vn 0.6922 0.2823 -0.6641
vn -0.4340 0.5018 -0.7482
vn 0.0838 0.9210 -0.3804
vn -0.3045 0.5721 -0.7615
vn 0.1120 0.9381 -0.3277
vn 0.0253 0.8663 -0.4988
vn 0.0182 -0.5070 -0.8618
vn -0.1695 -0.5226 -0.8355
vn 0.0689 -0.4717 -0.8791
vn 0.1158 -0.3141 -0.9423
vn 0.1372 -0.1963 -0.9709
vn 0.1392 -0.0258 -0.9899
vn 0.1581 -0.1377 -0.9778
vn 0.1153 0.2974 -0.9478
vn 0.0791 0.4190 -0.9045
vn 0.1250 0.4265 -0.8958
vn 0.2694 0.4186 -0.8673
vn 0.2610 0.3602 -0.8956
vn -0.4482 -0.3467 -0.8240
vn 0.3377 0.4068 -0.8488
vn 0.3908 0.4225 -0.8178
vn -0.5233 -0.2856 -0.8029
vn -0.5039 -0.2225 -0.8346
vn 0.4346 0.3481 -0.8306
vn 0.5158 0.3491 -0.7823
vn 0.5125 0.2980 -0.8053
vn -0.5327 -0.0638 -0.8439
vn -0.5123 -0.0554 -0.8570
vn 0.4244 0.2107 -0.8806
vn 0.4094 0.1013 -0.9067
vn 0.4987 -0.0463 -0.8655
vn 0.5965 -0.1183 -0.7938
vn -0.5002 0.0196 -0.8657
vn 0.8025 -0.2153 -0.5565
vn 0.8074 -0.1045 -0.5807
vn -0.5900 -0.0463 -0.8061
vn 0.7833 -0.0052 -0.6216
vn -0.5156 0.3260 -0.7924
vn 0.5702 0.5301 -0.6275
vn 0.4048 0.7001 -0.5882
vn 0.0953 0.9329 -0.3474
vn 0.0701 0.8367 -0.5432
vn -0.2285 0.6883 -0.6885
vn -0.0708 0.8461 -0.5283
vn -0.0339 0.7749 -0.6312
vn 0.1471 0.8293 -0.5390
vn -0.0904 -0.5478 -0.8317
vn 0.0669 -0.5008 -0.8630
vn -0.1971 -0.5335 -0.8225
vn 0.0677 -0.4759 -0.8769
vn 0.0826 -0.4391 -0.8946
vn 0.1097 -0.4050 -0.9077
vn -0.2199 -0.5236 -0.8231
vn 0.1429 -0.2861 -0.9475
vn 0.1634 -0.2360 -0.9579
vn 0.1604 0.0531 -0.9856
vn 0.1729 -0.0074 -0.9849
vn 0.1466 0.2002 -0.9687
vn 0.1141 0.3748 -0.9201
vn 0.1003 0.4172 -0.9033
vn 0.0875 0.4456 -0.8910
vn -0.2940 -0.4660 -0.8345
vn 0.0503 0.4480 -0.8926
vn 0.0147 0.4907 -0.8712
vn 0.0215 0.4864 -0.8735
vn 0.0700 0.4505 -0.8900
vn 0.1303 0.4458 -0.8856
vn 0.1950 0.4089 -0.8915
vn -0.3971 -0.4123 -0.8199
vn 0.2355 0.3873 -0.8914
vn -0.4278 -0.3817 -0.8193
vn 0.3013 0.3976 -0.8667
vn 0.3420 0.4415 -0.8295
vn 0.3926 0.4912 -0.7776
vn 0.4704 0.5026 -0.7253
vn 0.4430 0.5303 -0.7229
vn 0.4942 0.4520 -0.7426
vn 0.5238 0.4100 -0.7467
vn 0.5471 0.2891 -0.7856
vn 0.4959 0.2552 -0.8300
vn -0.5331 -0.0229 -0.8458
vn -0.5162 0.0480 -0.8551
vn 0.4236 0.1272 -0.8969
vn -0.5005 0.0841 -0.8616
vn 0.4932 0.0313 -0.8693
vn -0.4719 0.1590 -0.8672
vn 0.4845 -0.0079 -0.8747
vn -0.7001 0.2099 -0.6825
vn -0.7053 0.0573 -0.7066
vn 0.8017 0.1504 -0.5785
vn 0.6919 0.3470 -0.6331
vn -0.4969 0.5168 -0.6971
vn 0.1672 0.7987 -0.5780
vn -0.3697 0.6452 -0.6686
vn -0.2091 0.7106 -0.6718
vn -0.1340 0.7343 -0.6655
vn 0.0915 0.9253 -0.3680
vn -0.0584 -0.5597 -0.8266
vn -0.0238 -0.5203 -0.8536
vn 0.0312 -0.5175 -0.8551
vn -0.1690 -0.5524 -0.8163
vn 0.1362 -0.3663 -0.9205
vn 0.1843 -0.1776 -0.9667
vn -0.2656 -0.4979 -0.8255
vn 0.1356 0.3142 -0.9396
vn -0.2859 -0.4789 -0.8300
vn 0.1280 0.4676 -0.8746
vn 0.0854 0.4651 -0.8811
vn -0.3716 -0.4306 -0.8225
vn 0.1768 0.4463 -0.8772
vn 0.2972 0.4584 -0.8376
vn -0.4745 -0.3473 -0.8088
vn 0.3424 0.4816 -0.8067
vn 0.4063 0.5544 -0.7263
vn -0.4957 -0.3269 -0.8046
vn 0.4467 0.5730 -0.6871
vn 0.5428 0.5417 -0.6418
vn -0.5512 -0.1380 -0.8229
vn 0.6001 0.3746 -0.7068
vn 0.5935 0.3372 -0.7308
vn 0.6159 0.3302 -0.7153
vn 0.6100 0.3048 -0.7314
vn 0.5507 0.2535 -0.7953
vn 0.5329 0.2074 -0.8204
vn -0.5529 0.0494 -0.8318
vn 0.4551 0.1785 -0.8724
vn 0.5852 0.1777 -0.7912
vn 0.5532 0.1131 -0.8253
vn 0.4780 0.0662 -0.8759
vn 0.6196 0.0060 -0.7849
vn 0.6751 -0.0557 -0.7356
vn 0.8653 -0.0988 -0.4913
vn -0.7513 0.3411 -0.5649
vn -0.6240 0.3822 -0.6816
vn 0.1829 0.9137 -0.3629
vn -0.0969 0.7834 -0.6139
vn 0.1458 0.9419 -0.3027
vn -0.4897 0.6796 -0.5462
vn -0.1071 0.8586 -0.5014
vn -0.0874 0.7367 -0.6706
vn -0.1546 0.6539 -0.7406
vn 0.0036 0.3299 -0.9440
vn 0.0949 0.5233 -0.8469
vn 0.1460 0.9011 -0.4083
vn 0.2256 0.9112 -0.3446
vn 0.2077 0.9257 -0.3162
vn 0.0736 0.9086 -0.4110
vn -0.1367 0.0557 -0.9890
vn 0.2042 0.2144 -0.9552
vn 0.1753 0.0152 -0.9844
vn -0.0562 0.2304 -0.9715
vn -0.0233 -0.5470 -0.8368
vn 0.0169 -0.5383 -0.8426
vn 0.0527 -0.5194 -0.8529
vn 0.0712 -0.5254 -0.8479
vn -0.2390 -0.5290 -0.8143
vn 0.1669 -0.3135 -0.9348
vn 0.1547 0.1990 -0.9677
vn 0.0945 0.4543 -0.8858
vn 0.1263 0.4520 -0.8830
vn 0.1170 0.4713 -0.8742
vn 0.0703 0.5207 -0.8508
vn 0.2896 0.4764 -0.8302
vn 0.3110 0.5027 -0.8066
vn 0.3298 0.5298 -0.7813
vn 0.3655 0.5619 -0.7421
vn 0.3988 0.5666 -0.7211
vn -0.5307 -0.3200 -0.7848
vn 0.5403 0.5970 -0.5930
vn -0.5617 -0.2617 -0.7849
vn 0.5714 0.5242 -0.6315
vn -0.5600 -0.2138 -0.8004
vn 0.6020 0.4430 -0.6643
vn -0.5349 -0.0620 -0.8427
vn 0.6587 0.3033 -0.6885
vn 0.6662 0.2419 -0.7054
vn 0.6010 0.0914 -0.7940
vn -0.5000 0.1191 -0.8578
vn 0.5964 0.0723 -0.7994
vn -0.4657 0.1629 -0.8698
vn 0.6739 0.0593 -0.7364
vn -0.4870 0.1867 -0.8532
vn 0.7395 0.0061 -0.6731
vn 0.8034 -0.1240 -0.5824
vn -0.5320 0.0736 -0.8435
vn 0.8840 -0.0786 -0.4608
vn -0.7065 0.0704 -0.7042
vn 0.8820 0.0651 -0.4667
vn -0.8037 0.1835 -0.5661
vn 0.6002 0.5582 -0.5729
vn 0.3547 0.7057 -0.6134
vn -0.6291 0.5898 -0.5064
vn -0.0237 0.6797 -0.7331
vn 0.1589 0.9095 -0.3842
vn -0.2283 0.7862 -0.5743
vn 0.2083 0.7141 -0.6683
vn -0.0654 0.4679 -0.8813
vn -0.0573 0.3505 -0.9348
vn 0.1615 0.0521 -0.9855
vn 0.4261 0.1479 -0.8925
vn -0.3511 0.7904 -0.5019
vn 0.2131 0.9228 -0.3210
vn 0.1403 0.8884 -0.4370
vn 0.0295 0.9400 -0.3400
vn -0.1366 0.5034 -0.8532
vn -0.1263 0.3268 -0.9366
vn -0.1224 0.1297 -0.9840
vn -0.1758 0.1820 -0.9675
vn -0.0011 -0.0427 -0.9991
vn -0.2275 0.0580 -0.9720
vn 0.4431 0.0168 -0.8963
vn 0.6910 0.0755 -0.7189
vn -0.2251 0.1710 -0.9592
vn 0.4261 0.1989 -0.8825
vn 0.6197 0.1511 -0.7702
vn -0.2559 0.2941 -0.9209
vn -0.0334 0.4389 -0.8979
vn 0.3749 0.4290 -0.8218
vn 0.2510 0.6189 -0.7443
vn -0.0356 -0.5760 -0.8167
vn 0.0191 -0.5434 -0.8393
vn 0.0582 -0.5488 -0.8339
vn 0.0947 -0.4748 -0.8750
vn 0.0708 -0.5201 -0.8512
vn 0.1321 -0.4350 -0.8907
vn 0.1594 -0.3919 -0.9061
vn 0.1971 -0.2746 -0.9411
vn 0.2014 -0.1730 -0.9641
vn 0.1882 -0.0317 -0.9816
vn 0.1706 0.1345 -0.9761
vn 0.1522 0.2514 -0.9558
vn 0.1321 0.3781 -0.9163
vn 0.1207 0.4277 -0.8958
vn -0.3499 -0.4586 -0.8169
vn 0.1097 0.4638 -0.8791
vn 0.1007 0.5113 -0.8535
vn 0.0510 0.5081 -0.8598
vn 0.0380 0.5639 -0.8250
vn 0.1080 0.5565 -0.8238
vn 0.1638 0.4999 -0.8505
vn 0.2536 0.4847 -0.8371
vn -0.4583 -0.3880 -0.7996
vn 0.3332 0.5862 -0.7385
vn -0.4801 -0.3656 -0.7974
vn 0.3965 0.6427 -0.6555
vn 0.4295 0.6335 -0.6436
vn 0.4220 0.6040 -0.6761
vn 0.4557 0.6387 -0.6200
vn 0.4931 0.6010 -0.6290
vn 0.5852 0.5772 -0.5695
vn 0.6558 0.3911 -0.6458
vn -0.5662 -0.0244 -0.8239
vn 0.6870 0.3416 -0.6413
vn 0.6666 0.1548 -0.7292
vn 0.6833 0.1425 -0.7161
vn -0.5531 0.0557 -0.8313
vn 0.7482 0.0598 -0.6608
vn -0.5733 0.1336 -0.8084
vn -0.6723 0.1166 -0.7310
vn -0.7827 0.1233 -0.6101
vn 0.8794 0.2027 -0.4308
vn -0.8349 0.2814 -0.4730
vn 0.7980 0.4055 -0.4459
vn -0.7757 0.4194 -0.4716
vn 0.4275 0.6941 -0.5791
vn 0.7305 0.0997 -0.6756
vn 0.5193 0.5032 -0.6908
vn -0.5355 0.7147 -0.4499
vn -0.0810 0.9279 -0.3639
vn -0.0395 0.9011 -0.4317
vn -0.2787 0.7142 -0.6421
vn -0.1921 0.8531 -0.4850
vn 0.0206 0.9157 -0.4014
vn -0.3537 0.3668 -0.8604
vn 0.8293 0.0446 -0.5570
vn -0.2714 0.1417 -0.9520
vn -0.4803 0.2647 -0.8362
vn -0.4753 0.3538 -0.8056
vn 0.7517 0.0074 -0.6594
vn 0.5744 0.3737 -0.7283
vn -0.3064 0.5298 -0.7909
vn 0.5211 0.5812 -0.6250
vn -0.1460 0.6458 -0.7494
vn 0.0540 0.6029 -0.7960
vn 0.2409 0.6406 -0.7291
vn -0.0970 -0.5748 -0.8125
vn -0.1371 -0.5656 -0.8132
vn 0.1848 -0.3473 -0.9194
vn 0.1809 0.0935 -0.9790
vn -0.3216 -0.4842 -0.8137
vn 0.0908 0.4806 -0.8722
vn 0.0865 0.6299 -0.7718
vn 0.0440 0.6158 -0.7867
vn 0.0154 0.6107 -0.7917
vn 0.2174 0.5237 -0.8237
vn 0.2894 0.6102 -0.7375
vn -0.5073 -0.3474 -0.7886
vn 0.4886 0.6370 -0.5962
vn 0.6201 0.4984 -0.6059
vn -0.5842 -0.1870 -0.7898
vn 0.6900 0.4029 -0.6013
vn -0.6050 -0.1077 -0.7889
vn 0.7008 0.4255 -0.5725
vn 0.7171 0.1930 -0.6697
vn -0.5745 0.0358 -0.8177
vn 0.7062 0.1037 -0.7004
vn 0.8085 0.0142 -0.5884
vn -0.6471 0.1718 -0.7428
vn 0.9068 -0.0886 -0.4121
vn -0.7684 0.1828 -0.6133
vn 0.9418 0.0949 -0.3226
vn -0.8532 0.2181 -0.4739
vn 0.6529 0.6430 -0.4004
vn 0.3464 0.8040 -0.4833
vn 0.6331 0.5708 -0.5229
vn 0.4939 0.8002 -0.3401
vn 0.2807 0.9110 -0.3022
vn 0.7494 0.2565 -0.6104
vn -0.1788 0.8841 -0.4318
vn -0.4399 0.6062 -0.6626
vn 0.1320 0.9546 -0.2672
vn -0.5667 0.4770 -0.6718
vn -0.5411 0.4308 -0.7222
vn 0.7707 -0.1354 -0.6226
vn 0.6716 0.2490 -0.6978
vn -0.5437 0.4883 -0.6826
vn -0.3504 0.6472 -0.6771
vn 0.3617 0.7330 -0.5761
vn -0.1633 0.7099 -0.6851
vn -0.0901 0.7405 -0.6660
vn 0.1311 0.8844 -0.4479
vn -0.0656 -0.5853 -0.8082
vn 0.0758 -0.5497 -0.8319
vn -0.1924 -0.5602 -0.8057
vn -0.2169 -0.5509 -0.8059
vn 0.1043 -0.5043 -0.8572
vn 0.1440 -0.4661 -0.8729
vn 0.1829 -0.4167 -0.8904
vn 0.2096 -0.3603 -0.9090
vn 0.2208 -0.2390 -0.9456
vn 0.1933 -0.0500 -0.9799
vn -0.2924 -0.5120 -0.8077
vn -0.3204 -0.5099 -0.7984
vn 0.1195 0.4684 -0.8754
vn 0.1221 0.5388 -0.8335
vn -0.4102 -0.4440 -0.7966
vn -0.4306 -0.4223 -0.7976
vn 0.0594 0.6222 -0.7806
vn 0.0357 0.6563 -0.7537
vn 0.0787 0.6563 -0.7504
vn 0.1776 0.6073 -0.7744
vn 0.2380 0.6686 -0.7045
vn 0.3460 0.6912 -0.6344
vn 0.3842 0.6959 -0.6066
vn 0.6600 0.5060 -0.5553
vn 0.6970 0.4339 -0.5709
vn 0.7652 0.3325 -0.5512
vn -0.6071 -0.0257 -0.7942
vn 0.7436 0.2360 -0.6256
vn -0.5587 0.0745 -0.8260
vn 0.7603 0.1015 -0.6415
vn -0.5792 0.1214 -0.8061
vn 0.8055 0.0258 -0.5920
vn -0.5491 0.2189 -0.8066
vn 0.8684 0.0130 -0.4958
vn 0.9493 -0.0152 -0.3139
vn -0.8707 0.3120 -0.3801
vn 0.8963 0.2905 -0.3352
vn -0.0343 0.9430 -0.3309
vn -0.6695 0.6325 -0.3896
vn -0.3499 0.8329 -0.4288
vn -0.2351 0.7008 -0.6735
vn 0.0021 0.8368 -0.5475
vn 0.7749 -0.0140 -0.6319
vn 0.2988 0.8770 -0.3764
vn -0.5386 0.5590 -0.6304
vn -0.6998 0.4510 -0.5540
vn -0.6119 0.5561 -0.5625
vn 0.6839 0.4483 -0.5756
vn -0.4782 0.7762 -0.4108
vn -0.2853 0.8451 -0.4520
vn 0.2510 0.8161 -0.5206
vn -0.0759 0.9137 -0.3993
vn -0.0589 -0.5769 -0.8147
vn 0.0880 -0.5265 -0.8456
vn 0.2230 -0.2875 -0.9315
vn -0.2646 -0.5307 -0.8052
vn 0.2166 -0.1902 -0.9576
vn 0.1517 0.1342 -0.9793
vn 0.1112 0.3252 -0.9391
vn 0.1078 0.4501 -0.8864
vn 0.1035 0.4835 -0.8692
vn 0.0862 0.4950 -0.8646
vn 0.1290 0.4827 -0.8663
vn 0.1032 0.6182 -0.7792
vn 0.0631 0.7374 -0.6725
vn 0.0368 0.7365 -0.6755
vn 0.0306 0.7322 -0.6804
vn -0.4484 -0.4065 -0.7960
vn 0.0663 0.6977 -0.7133
vn 0.1042 0.6875 -0.7187
vn 0.1378 0.6796 -0.7205
vn 0.1922 0.6783 -0.7092
vn 0.3031 0.7125 -0.6328
vn 0.4470 0.7001 -0.5568
vn 0.4756 0.6889 -0.5470
vn 0.5031 0.6777 -0.5364
vn -0.5533 -0.2946 -0.7791
vn 0.5246 0.6491 -0.5508
vn -0.6011 -0.2228 -0.7675
vn -0.6085 -0.1550 -0.7783
vn -0.6101 -0.0679 -0.7894
vn -0.6415 0.0104 -0.7671
vn 0.7693 0.2359 -0.5937
vn -0.5876 0.0668 -0.8064
vn 0.8004 0.1009 -0.5909
vn -0.5370 0.1547 -0.8293
vn -0.5949 0.1530 -0.7891
vn 0.9117 -0.0074 -0.4107
vn -0.8783 0.3045 -0.3685
vn 0.8052 0.5114 -0.3001
vn -0.7467 0.5210 -0.4135
vn 0.3695 0.4571 -0.8090
vn -0.0152 0.8367 -0.5475
vn 0.0672 0.9575 -0.2806
vn 0.6166 0.4582 -0.6402
vn 0.7676 -0.0169 -0.6407
vn -0.1676 0.8587 -0.4843
vn -0.5777 0.6530 -0.4897
vn 0.7829 -0.1920 -0.5918
vn -0.6515 0.6153 -0.4437
vn 0.8881 0.2672 -0.3740
vn -0.6568 0.6910 -0.3018
vn 0.6018 0.6376 -0.4810
vn -0.4520 0.8673 -0.2086
vn 0.5943 0.7299 -0.3377
vn 0.3347 0.8761 -0.3470
vn -0.1839 -0.5852 -0.7897
vn 0.0692 -0.5634 -0.8233
vn -0.3603 -0.4863 -0.7961
vn 0.0996 0.5271 -0.8439
vn 0.1179 0.5242 -0.8434
vn 0.0957 0.7300 -0.6767
vn 0.0848 0.7499 -0.6561
vn 0.3485 0.7690 -0.5359
vn 0.4188 0.7382 -0.5288
vn 0.5738 0.6248 -0.5295
vn 0.6624 0.5793 -0.4750
vn 0.6854 0.5244 -0.5052
vn -0.6587 -0.1756 -0.7316
vn 0.7211 0.4076 -0.5602
vn -0.6383 -0.1139 -0.7613
vn 0.7600 0.3961 -0.5153
vn -0.6082 0.0395 -0.7928
vn 0.8097 0.1595 -0.5647
vn -0.5775 0.0655 -0.8138
vn 0.8501 0.1315 -0.5100
vn -0.5695 0.2274 -0.7899
vn 0.8588 0.1018 -0.5022
vn -0.6045 0.2255 -0.7641
vn -0.8410 0.2838 -0.4606
vn 0.9336 -0.0529 -0.3544
vn -0.8555 0.4096 -0.3169
vn 0.5737 0.6898 -0.4416
vn 0.4482 0.6653 -0.5971
vn 0.6419 0.3234 -0.6953
vn 0.5921 0.7883 -0.1672
vn 0.0445 0.9331 -0.3569
vn -0.5078 0.7911 -0.3409
vn -0.1283 0.8841 -0.4493
vn 0.0281 0.8935 -0.4481
vn -0.2659 0.8302 -0.4900
vn 0.8826 0.1894 -0.4303
vn -0.7475 0.6322 -0.2038
vn 0.9444 0.0698 -0.3214
vn 0.8279 0.5148 -0.2225
vn 0.7372 0.6737 -0.0518
vn -0.2439 0.9145 -0.3229
vn 0.2975 0.9156 -0.2704
vn -0.0279 -0.5904 -0.8066
vn -0.0062 -0.5705 -0.8213
vn 0.0187 -0.5440 -0.8389
vn -0.1333 -0.5921 -0.7948
vn 0.0809 -0.5649 -0.8212
vn 0.1128 -0.5243 -0.8440
vn -0.3376 -0.5200 -0.7846
vn 0.1929 -0.1238 -0.9734
vn 0.1701 -0.0207 -0.9852
vn 0.0874 0.3100 -0.9467
vn 0.1104 0.5210 -0.8464
vn -0.4040 -0.4851 -0.7755
vn 0.0965 0.5194 -0.8491
vn 0.1149 0.6492 -0.7519
vn 0.1087 0.6859 -0.7195
vn 0.0709 0.7869 -0.6130
vn 0.0937 0.7599 -0.6432
vn 0.1646 0.7450 -0.6464
vn 0.5802 0.6372 -0.5073
vn 0.7042 0.4984 -0.5057
vn 0.8018 0.3619 -0.4756
vn 0.8273 0.2094 -0.5213
vn 0.8251 0.1386 -0.5477
vn -0.5717 0.1663 -0.8034
vn -0.5931 0.3938 -0.7022
vn 0.9688 0.0436 -0.2440
vn -0.8930 0.3269 -0.3095
vn 0.9288 0.2933 -0.2264
vn -0.7481 0.6150 -0.2492
vn -0.6117 0.7337 -0.2958
vn 0.6559 0.3839 -0.6499
vn -0.7037 0.6856 -0.1864
vn 0.9675 0.2501 -0.0361
vn 0.9941 0.0807 -0.0727
vn 0.8961 0.4438 0.0085
vn -0.6698 0.7415 -0.0391
vn 0.5425 0.8313 -0.1211
vn -0.1397 0.9772 -0.1602
vn 0.0422 0.9697 -0.2405
vn 0.2190 0.9482 -0.2300
vn -0.0537 -0.5856 -0.8088
vn -0.0709 -0.5964 -0.7996
vn 0.0160 -0.5528 -0.8331
vn 0.1003 -0.5525 -0.8274
vn 0.1461 -0.4971 -0.8553
vn -0.2559 -0.5625 -0.7862
vn 0.2139 -0.4268 -0.8787
vn -0.2634 -0.5418 -0.7982
vn 0.2266 -0.3700 -0.9010
vn -0.3064 -0.5157 -0.8001
vn 0.2157 -0.2302 -0.9489
vn 0.1410 0.0813 -0.9867
vn 0.0720 0.4030 -0.9124
vn -0.4783 -0.4315 -0.7649
vn 0.1336 0.8263 -0.5472
vn 0.0939 0.7992 -0.5937
vn 0.2684 0.7458 -0.6096
vn -0.5019 -0.3903 -0.7718
vn 0.5079 0.7099 -0.4880
vn -0.5656 -0.3512 -0.7461
vn 0.5011 0.6972 -0.5127
vn -0.5915 -0.3104 -0.7441
vn 0.6463 0.6378 -0.4189
vn -0.6431 0.0619 -0.7633
vn -0.6041 0.0875 -0.7921
vn -0.5675 0.3055 -0.7646
vn -0.6437 0.2394 -0.7268
vn -0.7395 0.3620 -0.5676
vn -0.2062 -0.0281 -0.9781
vn -0.7286 0.6349 -0.2571
vn 0.9758 0.1293 -0.1761
vn -0.8852 0.4038 -0.2311
vn 0.7745 0.5998 -0.2010
vn 0.5260 0.8486 -0.0567
vn 0.1348 0.9248 -0.3558
vn 0.2172 0.9252 -0.3112
vn -0.3012 0.8714 -0.3873
vn -0.4741 0.8413 -0.2599
vn 0.9751 0.2046 -0.0857
vn -0.7549 0.6507 -0.0824
vn 0.7566 0.6196 0.2089
vn 0.7001 0.7139 0.0138
vn -0.0101 0.9942 -0.1068
vn -0.0237 -0.5715 -0.8203
vn -0.1035 -0.6093 -0.7861
vn 0.0552 -0.5757 -0.8158
vn 0.0611 -0.5701 -0.8193
vn -0.1985 -0.5769 -0.7923
vn 0.1860 -0.4692 -0.8633
vn 0.2284 -0.3272 -0.9169
vn 0.2239 -0.2549 -0.9407
vn 0.2118 -0.1657 -0.9632
vn 0.1912 -0.0858 -0.9778
vn 0.0572 0.3104 -0.9489
vn 0.0419 0.4400 -0.8970
vn 0.0844 0.4933 -0.8658
vn 0.1173 0.5224 -0.8446
vn 0.0982 0.5836 -0.8061
vn 0.1116 0.7229 -0.6819
vn 0.0637 0.7968 -0.6009
vn 0.0420 0.7929 -0.6079
vn 0.0453 0.8527 -0.5204
vn 0.3682 0.7510 -0.5481
vn 0.4807 0.7407 -0.4694
vn -0.5440 -0.3669 -0.7546
vn -0.6117 -0.2690 -0.7439
vn 0.6774 0.5479 -0.4909
vn -0.6676 -0.0936 -0.7386
vn -0.6542 0.0385 -0.7553
vn -0.6750 0.0959 -0.7316
vn -0.6580 0.1418 -0.7396
vn 0.8858 0.1558 -0.4372
vn 0.8802 0.1241 -0.4581
vn -0.7120 0.2307 -0.6632
vn -0.6499 0.3874 -0.6538
vn 0.8956 0.0797 -0.4376
vn -0.7484 0.4100 -0.5213
vn -0.8100 0.4159 -0.4134
vn 0.9478 0.0198 -0.3184
vn 0.8890 0.4270 -0.1654
vn 0.8837 0.4251 -0.1961
vn 0.1528 0.9341 -0.3228
vn 0.0798 0.9040 -0.4199
vn 0.9391 0.2816 0.1968
vn 0.8844 0.3891 0.2579
vn -0.7163 0.6964 0.0435
vn -0.5062 0.8571 0.0957
vn -0.2299 0.9687 0.0938
vn 0.0317 0.9995 0.0091
vn 0.2229 0.9726 -0.0658
vn 0.0375 -0.5693 -0.8213
vn 0.0511 -0.5893 -0.8063
vn 0.1306 -0.5446 -0.8285
vn -0.3630 -0.5174 -0.7749
vn 0.1845 -0.0267 -0.9825
vn 0.1165 0.1526 -0.9814
vn 0.1071 0.5219 -0.8463
vn -0.4635 -0.4663 -0.7535
vn 0.1094 0.5963 -0.7953
vn 0.0742 0.8019 -0.5928
vn -0.4959 -0.4140 -0.7633
vn 0.1188 0.8115 -0.5721
vn 0.4225 0.7722 -0.4746
vn 0.5896 0.6860 -0.4263
vn 0.5278 0.6925 -0.4918
vn -0.6402 -0.2398 -0.7298
vn 0.7875 0.4457 -0.4256
vn -0.6579 -0.0553 -0.7511
vn -0.6934 -0.0256 -0.7201
vn 0.9201 0.0481 -0.3886
vn 0.9838 0.0563 -0.1700
vn 0.9254 0.3547 -0.1333
vn 0.2465 0.8155 -0.5237
vn 0.1725 0.9091 -0.3791
vn 0.7910 0.6112 -0.0273
vn 0.9192 0.3928 0.0277
vn -0.2195 0.9170 -0.3330
vn -0.5887 0.8000 -0.1157
vn -0.7086 0.6984 -0.1001
vn 0.7738 0.4803 0.4129
vn -0.5695 0.7972 0.2004
vn 0.6792 0.7024 0.2129
vn -0.3633 0.8787 0.3096
vn 0.2814 0.9528 0.1139
vn 0.5027 0.8504 0.1553
vn -0.0975 0.9609 0.2591
vn 0.0713 0.9775 0.1987
vn -0.1072 -0.6220 -0.7756
vn -0.1447 -0.5776 -0.8034
vn 0.0241 -0.6254 -0.7799
vn 0.1674 -0.5174 -0.8392
vn 0.2355 -0.4220 -0.8755
vn 0.2443 -0.3980 -0.8843
vn 0.2287 -0.2167 -0.9491
vn -0.3898 -0.5268 -0.7553
vn 0.0460 0.5077 -0.8603
vn 0.1038 0.6776 -0.7281
vn 0.0791 0.7069 -0.7029
vn 0.0466 0.8574 -0.5126
vn 0.2050 0.8487 -0.4876
vn 0.3432 0.8244 -0.4501
vn 0.6336 0.6574 -0.4078
vn -0.6588 -0.2146 -0.7210
vn 0.7680 0.4815 -0.4223
vn -0.7058 0.0513 -0.7066
vn 0.8516 0.2324 -0.4699
vn -0.7185 0.0855 -0.6903
vn -0.7606 0.1383 -0.6344
vn -0.7626 0.2597 -0.5924
vn -0.7732 0.3432 -0.5333
vn -0.7650 0.3967 -0.5074
vn -0.8873 0.3644 -0.2827
vn -0.8210 0.4820 -0.3060
vn 0.4421 0.8204 -0.3625
vn -0.6875 0.6901 -0.2261
vn 0.0691 0.9287 -0.3642
vn -0.2550 0.9374 -0.2371
vn 0.8279 0.4934 0.2666
vn -0.0219 0.9775 -0.2098
vn -0.3630 0.7513 -0.5511
vn -0.4658 0.8837 -0.0453
vn -0.6962 0.7164 0.0446
vn 0.7698 0.4695 0.4323
vn 0.6867 0.5563 0.4680
vn -0.4237 0.8211 0.3824
vn -0.0643 0.8897 0.4521
vn 0.2157 0.9105 0.3528
vn -0.1032 -0.6728 -0.7326
vn 0.0708 -0.5897 -0.8045
vn 0.2228 -0.4764 -0.8505
vn -0.3339 -0.5502 -0.7654
vn 0.2359 -0.3079 -0.9217
vn 0.2438 -0.2950 -0.9239
vn 0.2114 -0.1001 -0.9723
vn 0.1375 0.1067 -0.9847
vn 0.0615 0.2848 -0.9566
vn 0.0902 0.2561 -0.9624
vn -0.0050 0.4435 -0.8963
vn 0.0135 0.5011 -0.8653
vn -0.4292 -0.4731 -0.7694
vn 0.1121 0.5543 -0.8247
vn 0.0689 0.7347 -0.6749
vn 0.0867 0.8548 -0.5116
vn 0.4897 0.7692 -0.4106
vn 0.5163 0.7566 -0.4013
vn -0.6921 -0.2596 -0.6735
vn -0.7179 -0.1542 -0.6788
vn 0.8271 0.3811 -0.4131
vn -0.7182 0.0141 -0.6957
vn 0.8433 0.2972 -0.4478
vn 0.8802 0.2166 -0.4223
vn -0.7743 0.2054 -0.5986
vn 0.9138 0.1367 -0.3825
vn -0.8084 0.2952 -0.5093
vn -0.7865 0.4512 -0.4218
vn -0.8044 0.4612 -0.3746
vn 0.9892 0.1211 -0.0823
vn 0.9710 0.2239 -0.0840
vn 0.6145 0.7270 -0.3063
vn 0.5729 0.5974 0.5612
vn 0.4888 0.8210 0.2949
vn -0.0971 -0.6795 -0.7272
vn -0.0553 -0.6949 -0.7170
vn -0.0059 -0.6461 -0.7632
vn 0.2008 -0.5143 -0.8338
vn 0.2571 -0.3794 -0.8888
vn 0.2532 -0.2484 -0.9350
vn 0.2489 -0.1680 -0.9539
vn 0.1913 0.0405 -0.9807
vn -0.4824 -0.5332 -0.6950
vn 0.0276 0.5360 -0.8438
vn 0.0935 0.6886 -0.7191
vn 0.0812 0.8232 -0.5620
vn -0.5238 -0.4597 -0.7172
vn 0.0818 0.8997 -0.4287
vn 0.0794 0.8901 -0.4487
vn 0.0728 0.8840 -0.4619
vn 0.2496 0.8392 -0.4832
vn 0.3517 0.8624 -0.3640
vn -0.6640 -0.3003 -0.6848
vn -0.7257 -0.2186 -0.6524
vn 0.6964 0.5710 -0.4347
vn -0.7511 -0.1275 -0.6477
vn -0.7557 -0.0906 -0.6486
vn -0.7247 -0.0497 -0.6872
vn -0.7767 0.0518 -0.6278
vn -0.7928 0.0944 -0.6021
vn -0.8004 0.1723 -0.5741
vn -0.8084 0.2293 -0.5421
vn -0.8079 0.4094 -0.4238
vn 0.9398 0.0956 -0.3280
vn 0.9776 0.0717 -0.1978
vn 0.9412 0.3349 -0.0437
vn 0.9009 0.4236 -0.0946
vn -0.8687 0.4729 -0.1478
vn 0.6194 0.7507 -0.2298
vn 0.7338 0.6636 -0.1453
vn -0.6256 0.7280 -0.2804
vn 0.7539 0.6474 0.1118
vn -0.1052 0.9590 -0.2631
vn -0.5440 0.7767 0.3175
vn -0.1332 0.8231 0.5521
vn 0.2544 0.8730 0.4161
vn -0.0945 -0.6898 -0.7179
vn -0.0336 -0.7128 -0.7006
vn -0.0454 -0.6685 -0.7423
vn 0.0318 -0.7573 -0.6523
vn -0.0805 -0.7170 -0.6924
vn 0.0147 -0.6666 -0.7452
vn 0.0815 -0.6512 -0.7545
vn -0.1779 -0.7046 -0.6870
vn -0.1453 -0.6504 -0.7456
vn 0.0821 -0.6135 -0.7854
vn -0.2624 -0.6202 -0.7393
vn -0.3312 -0.6131 -0.7173
vn -0.4116 -0.5887 -0.6957
vn 0.2798 -0.2286 -0.9324
vn -0.4346 -0.5506 -0.7127
vn 0.2416 -0.0665 -0.9681
vn 0.2948 -0.1204 -0.9479
vn 0.2759 -0.0068 -0.9612
vn 0.1825 0.1348 -0.9739
vn 0.0397 0.3805 -0.9239
vn 0.1147 0.2909 -0.9499
vn 0.0917 0.3999 -0.9120
vn 0.0774 0.5694 -0.8184
vn 0.1005 0.5917 -0.7999
vn -0.5326 -0.5084 -0.6767
vn 0.0777 0.7110 -0.6989
vn 0.0783 0.8593 -0.5055
vn 0.0828 0.8663 -0.4926
vn 0.0847 0.9040 -0.4190
vn -0.5570 -0.4515 -0.6971
vn 0.0495 0.9022 -0.4285
vn 0.1487 0.8978 -0.4146
vn -0.5878 -0.4412 -0.6782
vn 0.4751 0.7743 -0.4180
vn 0.4988 0.7688 -0.4001
vn 0.5012 0.7877 -0.3582
vn -0.6443 -0.3757 -0.6661
vn -0.6821 -0.3472 -0.6436
vn 0.5870 0.7263 -0.3577
vn 0.5516 0.7541 -0.3565
vn -0.7778 -0.2554 -0.5742
vn -0.7907 -0.2034 -0.5774
vn 0.7577 0.5376 -0.3699
vn -0.7767 -0.0480 -0.6281
vn -0.7904 -0.0057 -0.6125
vn 0.8404 0.3644 -0.4011
vn -0.8356 0.1354 -0.5324
vn 0.8972 0.1754 -0.4052
vn -0.8633 0.2208 -0.4539
vn -0.8509 0.2971 -0.4333
vn -0.8287 0.3562 -0.4317
vn 0.9304 0.1323 -0.3418
vn -0.8482 0.4292 -0.3104
vn -0.8959 0.4113 -0.1680
vn 0.7607 0.6322 -0.1474
vn 0.5942 0.7411 -0.3125
vn 0.3851 0.8087 -0.4447
vn 0.7220 0.6832 -0.1090
vn 0.0787 0.9500 -0.3021
vn 0.2432 0.6556 -0.7149
vn -0.2754 0.9259 -0.2587
vn 0.2579 0.8879 -0.3809
vn -0.4720 0.8206 0.3221
vn -0.3666 0.8104 0.4570
vn -0.2947 0.8191 0.4921
vn -0.1084 0.6253 0.7728
vn 0.0978 0.7588 0.6440
vn -0.0205 -0.7696 -0.6382
vn 0.0165 -0.7908 -0.6119
vn 0.0490 -0.7811 -0.6225
vn 0.0647 -0.7252 -0.6855
vn -0.0658 -0.7719 -0.6323
vn -0.1277 -0.7444 -0.6554
vn 0.0737 -0.6265 -0.7759
vn -0.2905 -0.6595 -0.6933
vn 0.1838 -0.5584 -0.8090
vn 0.2475 -0.4930 -0.8341
vn -0.3596 -0.5995 -0.7150
vn -0.3975 -0.6132 -0.6826
vn 0.2864 -0.3347 -0.8977
vn -0.4669 -0.6159 -0.6345
vn -0.4883 -0.5895 -0.6434
vn 0.2386 0.0888 -0.9670
vn 0.2024 0.2367 -0.9503
vn -0.0014 0.4694 -0.8830
vn 0.0539 0.5329 -0.8444
vn -0.0499 0.5249 -0.8497
vn 0.1050 0.6475 -0.7548
vn 0.0903 0.6668 -0.7397
vn 0.0826 0.7453 -0.6616
vn 0.0863 0.9351 -0.3436
vn 0.0765 0.9134 -0.3998
vn 0.0691 0.8986 -0.4332
vn 0.2307 0.8949 -0.3821
vn -0.5991 -0.3902 -0.6992
vn 0.3244 0.8672 -0.3777
vn 0.4291 0.8343 -0.3461
vn -0.6397 -0.4217 -0.6426
vn 0.5372 0.7876 -0.3017
vn 0.6332 0.7055 -0.3182
vn -0.7440 -0.2896 -0.6021
vn -0.7284 -0.3223 -0.6046
vn 0.6720 0.6701 -0.3151
vn 0.7306 0.5811 -0.3585
vn -0.8050 -0.1588 -0.5717
vn 0.8033 0.4802 -0.3522
vn -0.8315 0.0787 -0.5499
vn -0.8023 0.4827 -0.3511
vn 0.9519 0.1514 -0.2665
vn 0.9720 0.1392 -0.1891
vn 0.9884 0.1253 -0.0862
vn -0.8145 0.5446 -0.2001
vn 0.3700 0.9130 -0.1720
vn 0.2719 0.8963 -0.3503
vn -0.6879 0.7067 -0.1655
vn 0.5064 0.8225 0.2589
vn -0.2463 0.9512 -0.1857
vn 0.5951 0.6433 0.4818
vn -0.4100 0.8596 -0.3049
vn 0.2063 0.9128 -0.3524
vn -0.3904 0.9205 0.0166
vn -0.0737 0.9420 -0.3273
vn 0.3429 0.7342 0.5860
vn 0.0023 -0.8212 -0.5707
vn -0.0450 -0.7805 -0.6235
vn 0.0696 -0.8146 -0.5759
vn -0.0895 -0.7720 -0.6293
vn 0.0804 -0.7530 -0.6531
vn -0.2360 -0.7273 -0.6444
vn 0.0802 -0.7023 -0.7074
vn 0.0878 -0.6538 -0.7516
vn 0.1058 -0.6920 -0.7141
vn -0.2665 -0.7219 -0.6387
vn -0.2953 -0.7326 -0.6132
vn 0.2280 -0.5356 -0.8131
vn 0.2583 -0.4682 -0.8450
vn -0.3933 -0.6852 -0.6130
vn 0.2765 -0.4562 -0.8458
vn 0.2961 -0.4345 -0.8506
vn -0.4613 -0.6545 -0.5991
vn 0.3224 -0.2991 -0.8981
vn 0.3325 -0.1975 -0.9222
vn 0.3592 -0.1139 -0.9263
vn 0.2929 0.1006 -0.9508
vn 0.3670 -0.0175 -0.9301
vn 0.2775 0.2834 -0.9180
vn 0.1841 0.3858 -0.9040
vn -0.0207 0.5519 -0.8336
vn -0.0238 0.5497 -0.8350
vn 0.0500 0.5805 -0.8127
vn 0.0414 0.5036 -0.8629
vn -0.5886 -0.5173 -0.6213
vn 0.0891 0.9296 -0.3576
vn -0.6287 -0.5026 -0.5934
vn 0.6823 0.6270 -0.3760
vn -0.8347 -0.1196 -0.5375
vn -0.8465 -0.0654 -0.5283
vn 0.8629 0.3629 -0.3517
vn -0.8682 0.0625 -0.4922
vn 0.8762 0.2676 -0.4008
vn -0.8702 0.1063 -0.4811
vn 0.9018 0.2520 -0.3512
vn 0.9402 0.1707 -0.2947
vn -0.8352 0.4058 -0.3711
vn -0.8747 0.4415 -0.2001
vn 0.9862 0.1651 -0.0110
vn 0.8861 0.4585 -0.0683
vn 0.7963 0.6049 -0.0074
vn -0.7910 0.6117 0.0112
vn 0.2936 0.9118 -0.2870
vn -0.5398 0.8296 -0.1430
vn 0.5756 0.8073 0.1305
vn 0.2785 0.8621 -0.4234
vn -0.0139 0.9574 -0.2884
vn -0.1039 0.9912 -0.0815
vn -0.2983 0.9341 0.1962
vn 0.0675 0.9576 -0.2800
vn -0.1863 0.9285 0.3212
vn -0.2046 0.8656 0.4570
vn 0.4970 0.5965 0.6302
vn -0.0235 -0.8318 -0.5546
vn -0.0413 -0.8339 -0.5504
vn 0.0291 -0.8550 -0.5179
vn -0.1669 -0.8082 -0.5647
vn -0.2207 -0.7786 -0.5874
vn 0.0793 -0.7582 -0.6472
vn 0.0926 -0.7495 -0.6555
vn 0.1335 -0.6386 -0.7579
vn 0.1687 -0.5941 -0.7865
vn -0.3736 -0.6921 -0.6176
vn 0.3244 -0.3944 -0.8598
vn -0.4584 -0.6873 -0.5635
vn 0.3523 -0.3911 -0.8502
vn 0.4090 -0.2197 -0.8857
vn -0.5538 -0.6169 -0.5593
vn -0.5858 -0.5706 -0.5756
vn 0.3443 0.1376 -0.9287
vn 0.0081 0.5818 -0.8133
vn 0.1133 0.4768 -0.8717
vn 0.2280 0.4573 -0.8596
vn 0.1067 0.7113 -0.6948
vn 0.0147 0.7342 -0.6788
vn 0.0761 0.9349 -0.3467
vn 0.1006 0.9324 -0.3472
vn -0.6839 -0.5079 -0.5238
vn 0.4031 0.8616 -0.3084
vn -0.7148 -0.4336 -0.5487
vn -0.7321 -0.4019 -0.5500
vn 0.5651 0.7693 -0.2981
vn -0.7375 -0.3620 -0.5701
vn -0.8581 -0.1787 -0.4814
vn 0.8522 0.3981 -0.3396
vn -0.8611 0.0007 -0.5085
vn 0.8743 0.3334 -0.3528
vn -0.8911 0.1609 -0.4244
vn -0.8660 0.3643 -0.3425
vn 0.3064 0.9113 -0.2750
vn 0.3007 0.9260 -0.2283
vn 0.5874 0.7982 0.1338
vn 0.5737 0.7699 0.2797
vn 0.2525 0.8826 -0.3965
vn 0.2515 0.9036 -0.3467
vn 0.1629 0.9037 -0.3960
vn -0.0261 0.9994 -0.0233
vn -0.1590 0.9688 -0.1900
vn 0.0140 0.9848 -0.1731
vn 0.1872 0.9086 -0.3733
vn -0.0501 0.9723 -0.2281
vn -0.0668 0.8519 0.5194
vn 0.1493 0.7350 0.6614
vn 0.7519 0.4120 0.5146
vn -0.0582 -0.8309 -0.5534
vn 0.0437 -0.8701 -0.4910
vn 0.0550 -0.8631 -0.5020
vn -0.0937 -0.8213 -0.5628
vn 0.0782 -0.8551 -0.5125
vn -0.2522 -0.7879 -0.5618
vn 0.1212 -0.7532 -0.6466
vn 0.1390 -0.6934 -0.7070
vn -0.2828 -0.7874 -0.5478
vn 0.2834 -0.4972 -0.8201
vn -0.4307 -0.6755 -0.5984
vn 0.3448 -0.4712 -0.8118
vn 0.3802 -0.3464 -0.8576
vn 0.3909 -0.2737 -0.8788
vn -0.5324 -0.6511 -0.5409
vn 0.4145 -0.1243 -0.9015
vn 0.4016 0.0845 -0.9119
vn 0.3619 0.2298 -0.9034
vn -0.6454 -0.5756 -0.5021
vn 0.1180 0.5448 -0.8302
vn 0.0442 0.5763 -0.8160
vn -0.6482 -0.5512 -0.5253
vn -0.0128 0.8114 -0.5844
vn 0.0719 0.9133 -0.4010
vn -0.6793 -0.5479 -0.4882
vn -0.7176 -0.4838 -0.5010
vn 0.4501 0.8405 -0.3015
vn 0.4704 0.8231 -0.3183
vn -0.7851 -0.3598 -0.5041
vn -0.7850 -0.3494 -0.5115
vn -0.8096 -0.2928 -0.5087
vn -0.8485 -0.2440 -0.4695
vn 0.8279 0.4457 -0.3405
vn -0.8905 -0.1200 -0.4389
vn -0.9016 -0.0494 -0.4298
vn -0.9045 0.0230 -0.4259
vn -0.9120 0.1196 -0.3923
vn -0.8157 0.4642 -0.3453
vn -0.8126 0.5018 -0.2964
vn -0.8295 0.4804 -0.2849
vn -0.8077 0.5781 -0.1156
vn 0.6678 0.7428 -0.0477
vn 0.5879 0.8075 -0.0479
vn 0.2619 0.9648 0.0248
vn 0.1960 0.9738 -0.1152
vn -0.6936 0.7204 0.0029
vn -0.0695 0.7792 0.6229
vn -0.4199 0.9071 0.0283
vn -0.2448 0.9686 -0.0432
vn 0.0977 0.9354 -0.3399
vn 0.0517 0.9276 0.3700
vn -0.0636 0.9946 -0.0822
vn 0.0675 -0.8798 -0.4705
vn 0.0772 -0.8428 -0.5326
vn 0.0846 -0.8115 -0.5782
vn 0.1082 -0.7875 -0.6067
vn 0.1507 -0.7805 -0.6067
vn 0.1784 -0.7273 -0.6627
vn -0.3304 -0.8071 -0.4894
vn -0.3332 -0.7597 -0.5583
vn 0.1728 -0.6361 -0.7520
vn 0.2148 -0.5721 -0.7915
vn 0.2370 -0.5637 -0.7912
vn -0.3975 -0.7612 -0.5123
vn -0.4288 -0.7701 -0.4722
vn -0.4484 -0.7354 -0.5081
vn -0.5042 -0.7180 -0.4799
vn -0.5131 -0.6829 -0.5200
vn 0.4652 -0.1934 -0.8638
vn 0.4235 -0.2928 -0.8573
vn -0.5910 -0.6796 -0.4345
vn 0.4417 -0.0383 -0.8964
vn -0.6078 -0.6280 -0.4859
vn 0.3136 0.3518 -0.8820
vn 0.0870 0.6777 -0.7302
vn 0.0598 0.8696 -0.4901
vn 0.0578 0.8839 -0.4642
vn 0.0878 0.9377 -0.3363
vn 0.0499 0.9289 -0.3669
vn 0.3786 0.8738 -0.3053
vn 0.4208 0.8571 -0.2971
vn -0.7537 -0.4683 -0.4611
vn -0.8012 -0.4086 -0.4372
vn -0.8158 -0.3563 -0.4556
vn -0.8619 -0.2958 -0.4119
vn -0.8827 -0.2147 -0.4181
vn -0.9252 0.0569 -0.3751
vn 0.8980 0.2919 -0.3291
vn 0.9322 0.2102 -0.2948
vn -0.9275 0.1673 -0.3342
vn -0.9072 0.2347 -0.3492
vn -0.8771 0.3053 -0.3709
vn 0.9785 0.1967 -0.0627
vn 0.9003 0.4329 0.0454
vn -0.7997 0.5998 -0.0259
vn 0.5688 0.8165 -0.0987
vn 0.3625 0.9190 -0.1552
vn 0.1958 0.9493 -0.2460
vn 0.2561 0.9415 -0.2193
vn 0.1812 0.9408 -0.2865
vn 0.1812 0.8666 0.4650
vn 0.3306 0.9231 0.1965
vn 0.2808 0.9590 -0.0378
vn -0.5885 0.7995 0.1202
vn 0.1278 0.9309 -0.3422
vn 0.0365 0.9907 -0.1307
vn -0.0217 0.9985 -0.0501
vn -0.0872 0.9734 0.2118
vn -0.0448 -0.8778 -0.4769
vn -0.0810 -0.8737 -0.4796
vn 0.0965 -0.8283 -0.5519
vn 0.1360 -0.8150 -0.5633
vn 0.2212 -0.7345 -0.6416
vn 0.2427 -0.7153 -0.6553
vn -0.3603 -0.8006 -0.4788
vn -0.5457 -0.7178 -0.4324
vn -0.5564 -0.6898 -0.4633
vn 0.3945 -0.4096 -0.8225
vn 0.4797 -0.2587 -0.8384
vn -0.6190 -0.6566 -0.4310
vn -0.6479 -0.6187 -0.4443
vn 0.5769 -0.2340 -0.7825
vn 0.4162 0.1489 -0.8970
vn 0.3602 0.3739 -0.8547
vn -0.6872 -0.6109 -0.3931
vn 0.2999 0.4600 -0.8358
vn -0.6929 -0.5857 -0.4205
vn 0.0647 0.6853 -0.7254
vn 0.0334 0.7639 -0.6445
vn -0.0195 0.8254 -0.5642
vn 0.0597 0.9333 -0.3542
vn 0.0659 0.9531 -0.2954
vn 0.0584 0.9440 -0.3248
vn 0.1294 0.9469 -0.2942
vn -0.7360 -0.5264 -0.4258
vn 0.2726 0.9101 -0.3120
vn -0.7883 -0.4668 -0.4008
vn 0.4860 0.8314 -0.2693
vn -0.8291 -0.3947 -0.3959
vn -0.8437 -0.3639 -0.3946
vn 0.6094 0.7455 -0.2699
vn -0.8969 -0.2536 -0.3624
vn 0.7364 0.6122 -0.2880
vn -0.9018 -0.1739 -0.3957
vn 0.8042 0.5075 -0.3094
vn -0.9196 -0.1211 -0.3738
vn -0.9355 -0.0666 -0.3470
vn -0.9199 0.0890 -0.3819
vn 0.9621 0.1727 -0.2109
vn 0.9835 0.1805 -0.0072
vn -0.8381 0.5007 -0.2166
vn 0.9655 0.2563 0.0461
vn 0.6395 0.7672 -0.0502
vn -0.5786 0.8073 0.1161
vn 0.0938 0.9834 -0.1551
vn 0.0862 0.9836 -0.1582
vn 0.1568 0.9770 0.1442
vn 0.1843 0.9190 -0.3486
vn -0.3092 0.9392 0.1496
vn -0.0122 -0.8771 -0.4802
vn 0.0148 -0.8971 -0.4415
vn 0.0329 -0.9062 -0.4215
vn 0.0277 -0.8954 -0.4444
vn -0.1280 -0.8626 -0.4894
vn -0.2225 -0.8387 -0.4971
vn -0.2631 -0.8328 -0.4871
vn 0.1153 -0.8604 -0.4964
vn 0.1269 -0.8363 -0.5334
vn 0.1520 -0.8572 -0.4921
vn -0.3145 -0.8446 -0.4332
vn 0.2638 -0.6460 -0.7163
vn -0.4102 -0.8172 -0.4048
vn 0.3167 -0.5166 -0.7955
vn -0.4757 -0.7922 -0.3822
vn -0.4908 -0.7524 -0.4394
vn 0.3745 -0.4665 -0.8014
vn 0.4476 -0.3893 -0.8051
vn 0.4865 -0.3419 -0.8040
vn 0.5428 -0.2739 -0.7939
vn 0.3472 -0.0593 -0.9359
vn 0.4346 0.2193 -0.8735
vn 0.2165 0.5701 -0.7926
vn -0.0072 0.5826 -0.8127
vn 0.0085 0.6110 -0.7916
vn 0.1317 0.6017 -0.7878
vn 0.0876 0.6455 -0.7587
vn -0.7278 -0.5690 -0.3828
vn 0.0460 0.9374 -0.3452
vn 0.0393 0.9162 -0.3987
vn 0.0929 0.9545 -0.2833
vn 0.2027 0.9332 -0.2968
vn 0.7853 0.5550 -0.2744
vn -0.9334 0.0027 -0.3589
vn 0.9528 0.2112 -0.2180
vn -0.9000 0.3340 -0.2802
vn -0.8531 0.4239 -0.3042
vn 0.9711 0.2131 -0.1076
vn 0.7823 0.5932 0.1902
vn 0.7169 0.6859 0.1250
vn 0.5679 0.8156 -0.1110
vn -0.4952 0.8152 0.3003
vn -0.4493 0.8429 0.2961
vn -0.1601 0.9846 0.0703
vn -0.1785 0.9717 0.1550
vn -0.1875 -0.8637 -0.4678
vn 0.1742 -0.8500 -0.4972
vn 0.2047 -0.8226 -0.5305
vn 0.3202 -0.5520 -0.7699
vn -0.5333 -0.7577 -0.3762
vn 0.4281 -0.4530 -0.7820
vn -0.5894 -0.7199 -0.3667
vn -0.6349 -0.6861 -0.3551
vn -0.6607 -0.6684 -0.3416
vn 0.6093 0.3249 -0.7233
vn -0.6801 -0.6436 -0.3511
vn 0.4509 0.3435 -0.8238
vn 0.3290 0.5230 -0.7863
vn 0.1742 0.6448 -0.7443
vn 0.2515 0.6187 -0.7443
vn 0.0584 0.6624 -0.7469
vn 0.0652 0.9738 -0.2178
vn 0.0865 0.9609 -0.2629
vn 0.0803 0.9498 -0.3023
vn -0.7662 -0.5411 -0.3466
vn -0.7690 -0.5033 -0.3941
vn 0.4682 0.8570 -0.2153
vn -0.8217 -0.4560 -0.3419
vn 0.4913 0.8477 -0.2003
vn 0.5421 0.8075 -0.2325
vn 0.5785 0.7880 -0.2109
vn 0.6615 0.7024 -0.2626
vn -0.9179 -0.2245 -0.3273
vn -0.9327 -0.1714 -0.3174
vn 0.8328 0.4690 -0.2942
vn -0.9415 0.1149 -0.3167
vn -0.9464 0.1431 -0.2896
vn -0.8279 0.4891 -0.2745
vn -0.8287 0.5466 -0.1202
vn 0.9236 0.3610 0.1288
vn -0.7033 0.6641 0.2536
vn 0.6203 0.7735 0.1302
vn -0.7221 0.5867 0.3665
vn 0.4412 0.8960 -0.0513
vn 0.1976 0.9560 -0.2166
vn 0.2147 0.7961 -0.5659
vn 0.3855 0.9181 -0.0919
vn -0.3418 0.8968 0.2811
vn -0.2692 0.9319 0.2432
vn 0.0052 0.9944 -0.1058
vn 0.0468 -0.9027 -0.4278
vn 0.0771 -0.8929 -0.4435
vn 0.0909 -0.8810 -0.4643
vn 0.2353 -0.8320 -0.5024
vn 0.2847 -0.6827 -0.6729
vn 0.2841 -0.7846 -0.5510
vn -0.3949 -0.8190 -0.4163
vn -0.3617 -0.8496 -0.3839
vn 0.2995 -0.6351 -0.7120
vn 0.2562 -0.6143 -0.7463
vn -0.4457 -0.8089 -0.3834
vn 0.3616 -0.5508 -0.7522
vn 0.4103 -0.4989 -0.7634
vn -0.5648 -0.7408 -0.3637
vn -0.6361 -0.7046 -0.3144
vn 0.6157 -0.1537 -0.7728
vn 0.6032 -0.0775 -0.7938
vn 0.5538 0.0232 -0.8323
vn 0.6093 0.0269 -0.7925
vn 0.3962 0.5046 -0.7671
vn -0.7235 -0.6132 -0.3169
vn -0.0423 0.7874 -0.6150
vn 0.0445 0.7323 -0.6795
vn 0.0371 0.8856 -0.4629
vn 0.0257 0.9147 -0.4033
vn -0.7631 -0.5676 -0.3090
vn 0.3226 0.9016 -0.2883
vn -0.8442 -0.4249 -0.3267
vn -0.8602 -0.3866 -0.3325
vn 0.6710 0.7068 -0.2239
vn 0.8369 0.4943 -0.2352
vn 0.8707 0.4138 -0.2658
vn -0.9615 -0.0125 -0.2744
vn 0.8983 0.3493 -0.2665
vn -0.9485 0.0766 -0.3075
vn 0.9268 0.2706 -0.2605
vn -0.9437 0.1859 -0.2737
vn -0.9382 0.2391 -0.2503
vn -0.9236 0.2896 -0.2512
vn -0.8874 0.4124 -0.2058
vn 0.9669 0.2361 0.0969
vn 0.8384 0.4701 0.2759
vn 0.6743 0.6927 0.2559
vn 0.5685 0.8146 0.1154
vn 0.4276 0.9040 0.0065
vn -0.3555 0.8417 0.4065
vn 0.0661 0.9673 -0.2450
vn 0.1557 0.9689 -0.1921
vn 0.0781 -0.8947 -0.4399
vn -0.2461 -0.8686 -0.4300
vn -0.2923 -0.8629 -0.4123
vn 0.1411 -0.8895 -0.4346
vn 0.3380 -0.6877 -0.6425
vn 0.2768 -0.6150 -0.7383
vn 0.3078 -0.5999 -0.7385
vn -0.5032 -0.7781 -0.3760
vn 0.4172 -0.5177 -0.7469
vn 0.4843 -0.4262 -0.7641
vn 0.5495 -0.3886 -0.7396
vn 0.5357 -0.3353 -0.7750
vn 0.6381 -0.1343 -0.7581
vn -0.7107 -0.6361 -0.3005
vn 0.5522 0.2462 -0.7965
vn 0.5133 0.4431 -0.7350
vn 0.3403 0.6033 -0.7212
vn 0.3033 0.6698 -0.6778
vn 0.0024 0.6600 -0.7513
vn 0.0316 0.6846 -0.7283
vn 0.0479 0.9576 -0.2842
vn 0.0248 0.9615 -0.2737
vn 0.0543 0.9732 -0.2235
vn 0.1010 0.9615 -0.2555
vn 0.0475 0.9554 -0.2914
vn 0.4326 0.8694 -0.2387
vn -0.9040 -0.2967 -0.3079
vn -0.9528 0.0309 -0.3021
vn 0.9620 0.2066 -0.1788
vn -0.8563 0.4605 -0.2339
vn -0.8018 0.5596 -0.2097
vn 0.9225 0.3101 0.2299
vn 0.7256 0.5938 0.3478
vn -0.5691 0.6984 0.4340
vn -0.4705 0.7414 0.4785
vn -0.1030 0.9938 0.0421
vn -0.0197 -0.9055 -0.4239
vn -0.0488 -0.9087 -0.4145
vn 0.0270 -0.9128 -0.4075
vn -0.0696 -0.9016 -0.4269
vn 0.1214 -0.8990 -0.4208
vn -0.3164 -0.8745 -0.3677
vn 0.1565 -0.9023 -0.4017
vn -0.3429 -0.8704 -0.3534
vn 0.3133 -0.7428 -0.5917
vn -0.4349 -0.8324 -0.3434
vn -0.4645 -0.8297 -0.3096
vn 0.3860 -0.6061 -0.6955
vn -0.5180 -0.7908 -0.3260
vn 0.4865 -0.4888 -0.7242
vn 0.6254 -0.2651 -0.7339
vn 0.5807 -0.3339 -0.7425
vn -0.6953 -0.6705 -0.2588
vn 0.2283 0.6755 -0.7011
vn 0.0195 0.6538 -0.7564
vn 0.0886 0.7750 -0.6257
vn 0.0387 0.9694 -0.2423
vn -0.7538 -0.5957 -0.2773
vn 0.2244 0.9379 -0.2647
vn -0.8025 -0.5071 -0.3144
vn 0.5558 0.8216 -0.1263
vn -0.8853 -0.3454 -0.3113
vn -0.9538 -0.1245 -0.2736
vn 0.9521 0.2417 -0.1872
vn -0.9163 0.3628 -0.1695
vn -0.7716 0.6045 0.1982
vn -0.6947 0.6500 0.3082
vn 0.6408 0.6840 0.3486
vn 0.5618 0.7797 0.2765
vn 0.3449 0.9380 -0.0339
vn 0.2349 0.9687 -0.0808
vn -0.2884 0.8670 0.4064
vn -0.0527 -0.9096 -0.4122
vn -0.1224 -0.9088 -0.3989
vn 0.2187 -0.8865 -0.4078
vn 0.2886 -0.8269 -0.4826
vn 0.3050 -0.8289 -0.4690
vn 0.3833 -0.6546 -0.6516
vn -0.4951 -0.8131 -0.3062
vn 0.4237 -0.6106 -0.6691
vn -0.5551 -0.7753 -0.3013
vn 0.3938 -0.6015 -0.6951
vn -0.5823 -0.7524 -0.3080
vn -0.6190 -0.7292 -0.2917
vn 0.6172 -0.3538 -0.7028
vn 0.6570 -0.2204 -0.7210
vn 0.6839 -0.0330 -0.7288
vn 0.6368 -0.0890 -0.7659
vn 0.6446 0.1331 -0.7528
vn 0.6277 0.2960 -0.7200
vn 0.4206 0.5653 -0.7096
vn 0.3809 0.6395 -0.6678
vn 0.0563 0.7016 -0.7103
vn -0.0027 0.6376 -0.7704
vn -0.0151 0.9047 -0.4257
vn 0.0867 0.9836 -0.1581
vn 0.0852 0.9749 -0.2059
vn 0.0664 0.9676 -0.2438
vn 0.0521 0.9644 -0.2591
vn 0.3396 0.9202 -0.1945
vn 0.2773 0.9299 -0.2418
vn -0.8355 -0.4731 -0.2796
vn -0.8800 -0.3770 -0.2891
vn 0.7159 0.6660 -0.2098
vn 0.7540 0.6200 -0.2171
vn -0.9409 -0.2096 -0.2661
vn -0.9632 -0.0663 -0.2605
vn -0.9633 0.1111 -0.2445
vn 0.9674 0.2246 -0.1171
vn -0.8486 0.5017 -0.1676
vn 0.9654 0.2595 -0.0248
vn 0.9390 0.2787 0.2014
vn 0.8265 0.4220 0.3726
vn 0.7338 0.5355 0.4181
vn -0.5550 0.6765 0.4841
vn -0.4909 0.6881 0.5343
vn -0.3994 0.7559 0.5187
vn -0.0341 -0.9257 -0.3766
vn 0.0682 -0.9202 -0.3855
vn -0.1712 -0.9012 -0.3982
vn -0.2168 -0.8916 -0.3976
vn 0.1003 -0.9175 -0.3848
vn 0.1540 -0.9149 -0.3732
vn 0.2589 -0.8750 -0.4091
vn 0.2966 -0.8663 -0.4019
vn 0.3294 -0.8192 -0.4694
vn 0.3639 -0.7947 -0.4858
vn 0.3849 -0.7374 -0.5550
vn 0.4702 -0.5591 -0.6829
vn -0.6695 -0.6927 -0.2682
vn 0.6774 -0.1497 -0.7202
vn 0.6180 0.4211 -0.6639
vn 0.4787 0.5628 -0.6739
vn 0.1327 0.6973 -0.7043
vn 0.0069 0.9589 -0.2838
vn 0.0021 0.9419 -0.3359
vn -0.1136 0.7725 -0.6248
vn -0.0014 0.7576 -0.6527
vn -0.0096 0.7194 -0.6945
vn 0.1013 0.9746 -0.1998
vn 0.0530 0.9782 -0.2009
vn 0.1083 0.9768 -0.1850
vn -0.7912 -0.5430 -0.2814
vn 0.4045 0.8877 -0.2198
vn -0.8699 -0.4127 -0.2701
vn 0.6334 0.7614 -0.1377
vn 0.6513 0.7325 -0.1979
vn 0.8202 0.5353 -0.2021
vn -0.9626 0.1491 -0.2264
vn -0.9247 0.3445 -0.1620
vn -0.8041 0.5914 0.0607
vn 0.8536 0.3741 0.3626
vn -0.7485 0.6275 0.2145
vn -0.6704 0.6508 0.3565
vn -0.4314 0.7007 0.5682
vn 0.5354 0.7993 0.2730
vn 0.4993 0.8183 0.2846
vn 0.4435 0.8936 0.0685
vn 0.3957 0.8586 0.3260
vn -0.1999 0.9216 0.3328
vn 0.0825 0.9957 0.0412
vn 0.2186 0.9690 0.1152
vn -0.0633 0.9787 0.1955
vn 0.0003 -0.9292 -0.3695
vn 0.0243 -0.9340 -0.3565
vn 0.0295 -0.9275 -0.3726
vn -0.0798 -0.9246 -0.3725
vn 0.0745 -0.9171 -0.3916
vn 0.0814 -0.9113 -0.4035
vn -0.2758 -0.8890 -0.3655
vn 0.1898 -0.8992 -0.3942
vn -0.3745 -0.8707 -0.3187
vn -0.4064 -0.8546 -0.3233
vn 0.4276 -0.7530 -0.5001
vn 0.4264 -0.6687 -0.6092
vn -0.5259 -0.8103 -0.2586
vn -0.5428 -0.7970 -0.2647
vn 0.4947 -0.6036 -0.6253
vn 0.5241 -0.4694 -0.7106
vn 0.6103 -0.4009 -0.6832
vn 0.6626 -0.3034 -0.6848
vn 0.6617 -0.2776 -0.6965
vn 0.5165 0.5624 -0.6457
vn 0.4431 0.6273 -0.6404
vn 0.2642 0.7245 -0.6366
vn -0.0190 0.8623 -0.5061
vn -0.0006 0.9867 -0.1628
vn 0.0546 0.9892 -0.1357
vn 0.0385 0.9879 -0.1503
vn -0.0204 0.7345 -0.6783
vn 0.1059 0.9818 -0.1575
vn 0.0560 0.9809 -0.1864
vn -0.7785 -0.5708 -0.2611
vn 0.2080 0.9592 -0.1917
vn 0.5720 0.8124 -0.1129
vn 0.6047 0.7889 -0.1091
vn -0.9260 -0.2516 -0.2815
vn 0.8002 0.5645 -0.2027
vn -0.9718 0.0420 -0.2322
vn -0.9583 0.2017 -0.2025
vn -0.9472 0.2712 -0.1713
vn 0.7566 0.4434 0.4805
vn 0.6691 0.5668 0.4807
vn 0.5940 0.6982 0.3996
vn 0.0399 -0.9296 -0.3664
vn 0.3188 -0.8709 -0.3740
vn 0.3556 -0.8504 -0.3877
vn 0.3970 -0.8100 -0.4316
vn 0.4729 -0.7304 -0.4929
vn 0.4726 -0.6857 -0.5536
vn 0.5029 -0.6819 -0.5312
vn 0.5497 -0.5545 -0.6248
vn 0.6144 -0.5154 -0.5974
vn -0.5948 -0.7649 -0.2472
vn 0.5559 -0.5398 -0.6321
vn -0.6233 -0.7417 -0.2477
vn 0.6363 -0.4177 -0.6485
vn -0.6511 -0.7210 -0.2372
vn 0.6666 -0.2051 -0.7166
vn 0.7080 -0.0563 -0.7039
vn 0.7124 0.1763 -0.6792
vn 0.7066 0.3085 -0.6368
vn 0.6822 0.3815 -0.6237
vn 0.3512 0.6890 -0.6340
vn 0.1654 0.7340 -0.6587
vn 0.0437 0.9853 -0.1650
vn -0.0269 0.7586 -0.6510
vn 0.0578 0.7464 -0.6630
vn 0.1100 0.9815 -0.1567
vn 0.0648 0.9812 -0.1820
vn -0.8221 -0.5101 -0.2530
vn 0.4638 0.8727 -0.1524
vn -0.9022 -0.3477 -0.2552
vn -0.9164 -0.3280 -0.2293
vn 0.6676 0.7280 -0.1559
vn -0.9239 -0.2830 -0.2575
vn -0.9521 -0.1845 -0.2440
vn 0.8755 0.4315 -0.2176
vn 0.9378 0.3046 -0.1668
vn 0.9596 0.2426 -0.1428
vn 0.9622 0.2266 -0.1513
vn 0.9687 0.2478 0.0153
vn -0.8231 0.5607 -0.0896
vn -0.6027 0.6850 0.4093
vn 0.5473 0.6955 0.4655
vn -0.2281 0.7893 0.5700
vn 0.1162 0.9513 0.2854
vn 0.2543 0.8880 0.3832
vn -0.0495 -0.9331 -0.3563
vn -0.0536 -0.9373 -0.3443
vn -0.2245 -0.9157 -0.3332
vn -0.3615 -0.8863 -0.2894
vn 0.2577 -0.9040 -0.3411
vn 0.3402 -0.8769 -0.3395
vn 0.3783 -0.8595 -0.3439
vn 0.5619 -0.6416 -0.5221
vn 0.6992 -0.2630 -0.6648
vn 0.7202 -0.2407 -0.6506
vn 0.7544 -0.1312 -0.6432
vn 0.8627 -0.0185 -0.5054
vn 0.8530 0.1465 -0.5009
vn -0.7225 -0.6499 -0.2360
vn -0.7372 -0.6341 -0.2334
vn 0.8477 0.2473 -0.4693
vn 0.4510 0.6965 -0.5581
vn -0.0254 0.9784 -0.2050
vn -0.0514 0.9723 -0.2280
vn -0.0417 0.9103 -0.4119
vn -0.0449 0.8385 -0.5431
vn 0.0675 0.9940 -0.0866
vn 0.1049 0.9895 -0.0996
vn -0.7996 -0.5578 -0.2227
vn 0.4876 0.8632 -0.1308
vn 0.5574 0.8285 -0.0545
vn -0.8990 -0.3806 -0.2167
vn 0.5956 0.8013 -0.0566
vn 0.8734 0.4535 -0.1776
vn -0.9717 -0.1034 -0.2122
vn -0.9722 0.1701 -0.1610
vn -0.9048 0.4096 -0.1162
vn -0.8380 0.5295 -0.1316
vn -0.4747 0.7117 0.5178
vn 0.4897 0.7662 0.4160
vn -0.0473 0.8672 0.4958
vn -0.0189 -0.9455 -0.3251
vn -0.1622 -0.9297 -0.3306
vn 0.0766 -0.9373 -0.3400
vn 0.1259 -0.9314 -0.3416
vn 0.1788 -0.9223 -0.3426
vn 0.1542 -0.9328 -0.3257
vn 0.2232 -0.9228 -0.3141
vn 0.4255 -0.8298 -0.3611
vn 0.4467 -0.7793 -0.4395
vn -0.4942 -0.8324 -0.2506
vn 0.4757 -0.7854 -0.3960
vn 0.4696 -0.7673 -0.4367
vn 0.6202 -0.5876 -0.5197
vn 0.6765 -0.4327 -0.5959
vn 0.6273 -0.3607 -0.6902
vn -0.6849 -0.7033 -0.1906
vn 0.8880 0.1511 -0.4344
vn 0.8237 0.3622 -0.4363
vn 0.5196 0.6824 -0.5141
vn 0.3338 0.7181 -0.6107
vn -0.0521 0.8949 -0.4431
vn -0.0332 0.8810 -0.4719
vn 0.1745 0.7776 -0.6041
vn -0.7725 -0.5921 -0.2293
vn 0.1041 0.9914 -0.0798
vn 0.3978 0.9050 -0.1506
vn 0.4252 0.8896 -0.1670
vn 0.5156 0.8548 -0.0590
vn 0.7426 0.6639 -0.0879
vn -0.9677 -0.1529 -0.2004
vn -0.9758 -0.0370 -0.2157
vn -0.9685 0.2203 -0.1159
vn -0.6912 0.6714 0.2674
vn 0.7565 0.4294 0.4932
vn 0.7145 0.4668 0.5212
vn -0.4338 0.7076 0.5577
vn 0.5922 0.5843 0.5549
vn -0.4025 0.7007 0.5890
vn 0.3227 0.8210 0.4709
vn -0.2370 0.8370 0.4933
vn 0.1661 0.8923 0.4198
vn 0.2606 0.8426 0.4712
vn 0.0163 -0.9515 -0.3071
vn 0.0740 -0.9437 -0.3225
vn -0.3272 -0.8899 -0.3179
vn 0.2923 -0.9106 -0.2921
vn 0.3209 -0.8967 -0.3049
vn -0.4589 -0.8480 -0.2653
vn 0.5047 -0.7654 -0.3993
vn -0.5749 -0.7875 -0.2220
vn 0.6402 -0.5436 -0.5427
vn 0.6636 -0.4666 -0.5848
vn 0.6137 -0.4367 -0.6577
vn 0.7525 -0.2350 -0.6152
vn 0.7645 -0.0751 -0.6402
vn 0.8432 0.1958 -0.5007
vn 0.8623 0.2019 -0.4644
vn 0.8177 0.2484 -0.5193
vn 0.7911 0.4713 -0.3899
vn 0.7129 0.5075 -0.4839
vn 0.6396 0.5589 -0.5277
vn 0.8256 0.2691 -0.4959
vn 0.8438 0.3737 -0.3852
vn 0.7907 0.3803 -0.4798
vn -0.0656 0.9562 -0.2853
vn 0.3422 0.7592 -0.5536
vn 0.0569 0.9960 -0.0687
vn 0.0692 0.8192 -0.5693
vn 0.0882 0.9934 -0.0727
vn 0.1113 0.9918 -0.0635
vn 0.2624 0.9512 -0.1623
vn -0.8721 -0.4344 -0.2251
vn 0.4914 0.8709 -0.0105
vn 0.6814 0.7309 -0.0377
vn 0.6258 0.7791 -0.0366
vn -0.9450 -0.2526 -0.2077
vn 0.8384 0.5161 -0.1751
vn 0.8530 0.4840 -0.1955
vn -0.9892 0.0001 -0.1469
vn 0.9121 0.3691 -0.1787
vn -0.9817 0.0808 -0.1727
vn -0.9806 0.1287 -0.1481
vn 0.9509 0.2831 -0.1253
vn -0.9263 0.3711 -0.0656
vn -0.8722 0.4787 -0.1009
vn -0.8185 0.5742 -0.0207
vn 0.9185 0.3562 0.1717
vn -0.7553 0.6327 0.1706
vn 0.7755 0.4467 0.4462
vn -0.5313 0.7223 0.4428
vn 0.6520 0.5072 0.5637
vn 0.5098 0.6247 0.5915
vn 0.3784 0.7177 0.5846
vn -0.3950 0.7892 0.4703
vn 0.1413 0.7571 0.6378
vn 0.0271 -0.9522 -0.3043
vn -0.0966 -0.9431 -0.3183
vn -0.1938 -0.9378 -0.2880
vn 0.1068 -0.9457 -0.3071
vn -0.3921 -0.8778 -0.2752
vn 0.4032 -0.8678 -0.2903
vn 0.5381 -0.7508 -0.3831
vn 0.5706 -0.7185 -0.3977
vn 0.6823 -0.5793 -0.4459
vn 0.6801 -0.5146 -0.5222
vn 0.7415 -0.4449 -0.5023
vn 0.7536 -0.4416 -0.4869
vn 0.8563 0.1300 -0.4998
vn 0.8497 0.1384 -0.5087
vn 0.6694 0.4017 -0.6249
vn 0.6429 0.5094 -0.5720
vn 0.7183 0.5785 -0.3864
vn 0.7910 0.4637 -0.3990
vn 0.6548 0.5454 -0.5232
vn -0.7599 -0.6178 -0.2023
vn 0.4454 0.7257 -0.5244
vn 0.3007 0.8443 -0.4435
vn 0.0257 0.8670 -0.4976
vn 0.0699 0.9920 -0.1056
vn 0.2086 0.9688 -0.1342
vn 0.4201 0.9018 -0.1018
vn -0.8522 -0.4850 -0.1960
vn -0.9292 -0.3107 -0.1999
vn -0.9483 0.3104 -0.0660
vn -0.8979 0.4351 -0.0663
vn 0.9062 0.3482 0.2398
vn 0.8132 0.4405 0.3804
vn -0.6119 0.6932 0.3808
vn 0.6553 0.4839 0.5800
vn -0.4590 0.7268 0.5110
vn 0.5469 0.5277 0.6500
vn 0.4306 0.5942 0.6793
vn -0.3299 0.6858 0.6487
vn -0.3304 0.7427 0.5824
vn -0.0513 -0.9572 -0.2850
vn -0.0507 -0.9582 -0.2815
vn 0.0468 -0.9500 -0.3087
vn -0.2867 -0.9138 -0.2877
vn 0.1669 -0.9292 -0.3297
vn 0.1768 -0.9463 -0.2708
vn -0.4302 -0.8651 -0.2580
vn 0.4806 -0.8236 -0.3012
vn 0.6067 -0.6709 -0.4263
vn 0.6403 -0.6404 -0.4242
vn 0.7299 -0.5509 -0.4046
vn -0.6269 -0.7511 -0.2069
vn 0.7469 -0.5135 -0.4224
vn 0.7725 -0.4967 -0.3956
vn -0.6538 -0.7347 -0.1813
vn -0.7167 -0.6742 -0.1782
vn 0.8474 0.1425 -0.5115
vn 0.7952 -0.2316 -0.5604
vn 0.6955 0.4538 -0.5570
vn 0.7081 0.5957 -0.3792
vn 0.4676 0.7455 -0.4750
vn -0.0232 0.9986 -0.0482
vn -0.0443 0.9912 -0.1245
vn 0.0363 0.9978 -0.0557
vn -0.0905 0.9801 -0.1764
vn -0.0730 0.9522 -0.2967
vn 0.1019 0.8930 -0.4384
vn 0.1765 0.8936 -0.4128
vn 0.0190 0.9154 -0.4021
vn 0.2731 0.9567 -0.1010
vn -0.8256 -0.5255 -0.2055
vn 0.3761 0.9228 -0.0837
vn 0.4710 0.8771 -0.0943
vn -0.9845 -0.0666 -0.1624
vn 0.8946 0.4150 -0.1657
vn 0.9692 0.2441 -0.0339
vn -0.8013 0.5951 0.0613
vn 0.3945 0.5918 0.7029
vn 0.0084 0.6996 0.7145
vn 0.0312 0.7650 0.6433
vn 0.2340 0.6849 0.6900
vn 0.0721 -0.9476 -0.3112
vn 0.1650 -0.9437 -0.2868
vn -0.3418 -0.9045 -0.2551
vn 0.3651 -0.8921 -0.2663
vn 0.4506 -0.8499 -0.2733
vn 0.5232 -0.8076 -0.2721
vn 0.5657 -0.7636 -0.3113
vn 0.6300 -0.7079 -0.3193
vn 0.7871 -0.4096 -0.4612
vn 0.7455 -0.3397 -0.5734
vn 0.8201 -0.1218 -0.5592
vn 0.8894 0.1574 -0.4291
vn 0.8538 0.2469 -0.4583
vn 0.8655 0.2166 -0.4517
vn 0.6826 0.4637 -0.5648
vn 0.9351 0.2592 -0.2416
vn 0.9568 0.2786 -0.0831
vn 0.9440 0.3124 -0.1066
vn 0.8428 0.4502 -0.2950
vn 0.8161 0.5098 -0.2721
vn 0.7546 0.6009 -0.2637
vn 0.5555 0.7017 -0.4461
vn -0.0500 0.9957 -0.0775
vn 0.3416 0.8540 -0.3924
vn 0.0546 0.9985 -0.0101
vn -0.0590 0.9443 -0.3237
vn 0.1177 0.9930 -0.0117
vn 0.5929 0.8049 0.0249
vn 0.5415 0.8403 0.0260
vn 0.8010 0.5852 -0.1261
vn -0.9638 -0.2053 -0.1700
vn -0.9918 0.0631 -0.1109
vn 0.9537 0.2808 -0.1081
vn -0.9813 0.1666 -0.0967
vn 0.9579 0.2733 -0.0877
vn 0.9711 0.2250 -0.0797
vn 0.8137 0.4618 0.3531
vn -0.7407 0.6412 0.2005
vn -0.4154 0.7334 0.5382
vn 0.5371 0.5340 0.6530
vn -0.3481 0.6962 0.6278
vn -0.1928 0.7077 0.6797
vn 0.1392 0.6832 0.7168
vn 0.0287 -0.9677 -0.2504
vn -0.1338 -0.9597 -0.2471
vn 0.0768 -0.9706 -0.2280
vn -0.2381 -0.9404 -0.2430
vn 0.2056 -0.9497 -0.2362
vn 0.2718 -0.9311 -0.2433
vn -0.4774 -0.8544 -0.2053
vn -0.5244 -0.8305 -0.1879
vn -0.5503 -0.8126 -0.1919
vn 0.5780 -0.7412 -0.3414
vn 0.6039 -0.7457 -0.2814
vn 0.6974 -0.6372 -0.3281
vn -0.6132 -0.7694 -0.1790
vn 0.8103 -0.4631 -0.3592
vn 0.9191 0.0055 -0.3939
vn 0.7699 0.1197 -0.6269
vn 0.9082 0.2240 -0.3535
vn 0.7064 0.1847 -0.6833
vn 0.5798 0.1882 -0.7927
vn 0.5615 0.1251 -0.8180
vn 0.6167 0.1130 -0.7790
vn 0.5471 0.2659 -0.7937
vn 0.6679 0.5317 -0.5208
vn 0.5458 0.3822 -0.7457
vn 0.6417 0.2678 -0.7187
vn 0.6467 0.4156 -0.6396
vn 0.7427 0.5720 -0.3481
vn 0.7312 0.5771 -0.3636
vn -0.7880 -0.5917 -0.1701
vn 0.0595 0.9945 -0.0856
vn 0.0393 0.9975 -0.0585
vn -0.0867 0.9916 -0.0964
vn 0.0601 0.9980 0.0174
vn -0.0873 0.9750 -0.2045
vn 0.0809 0.9967 0.0015
vn 0.2437 0.9123 -0.3291
vn 0.0706 0.9324 -0.3544
vn 0.1535 0.9377 -0.3118
vn 0.1016 0.9948 -0.0080
vn 0.0921 0.9957 -0.0109
vn -0.8963 -0.4188 -0.1460
vn -0.9177 -0.3644 -0.1584
vn 0.7239 0.6898 0.0072
vn -0.9825 -0.1587 -0.0978
vn -0.9836 -0.1136 -0.1400
vn 0.8777 0.4580 -0.1410
vn 0.9072 0.3994 -0.1325
vn 0.9470 0.3144 0.0664
vn -0.6513 0.6830 0.3308
vn 0.3837 0.5799 0.7187
vn 0.1488 0.6421 0.7520
vn 0.2161 0.6328 0.7435
vn -0.0188 -0.9660 -0.2580
vn -0.0519 -0.9646 -0.2585
vn -0.0871 -0.9605 -0.2642
vn 0.0769 -0.9621 -0.2618
vn 0.1358 -0.9565 -0.2581
vn -0.3781 -0.8961 -0.2324
vn 0.3442 -0.9119 -0.2235
vn 0.7453 -0.5794 -0.3298
vn 0.7804 -0.5579 -0.2823
vn 0.8181 -0.3805 -0.4312
vn 0.7985 -0.2623 -0.5418
vn 0.9301 -0.0864 -0.3571
vn 0.8607 -0.0050 -0.5091
vn 0.6261 0.0403 -0.7787
vn 0.6083 -0.2199 -0.7626
vn 0.7539 -0.0274 -0.6565
vn 0.7445 0.1042 -0.6595
vn -0.7439 -0.6457 -0.1720
vn 0.7562 0.2885 -0.5873
vn 0.4107 0.5273 -0.7438
vn 0.6492 0.6645 -0.3701
vn 0.8347 0.4385 -0.3330
vn 0.9441 0.3295 -0.0074
vn 0.8803 0.4519 -0.1443
vn 0.7774 0.5120 -0.3654
vn 0.6481 0.6748 -0.3530
vn -0.0156 0.9982 0.0583
vn 0.0019 0.9664 -0.2571
vn 0.0640 0.9697 -0.2356
vn 0.1079 0.9938 0.0259
vn 0.1144 0.9934 0.0092
vn 0.0812 0.9944 -0.0672
vn 0.1459 0.9864 -0.0754
vn -0.8436 -0.5151 -0.1518
vn 0.4232 0.9043 -0.0562
vn -0.8765 -0.4520 -0.1656
vn 0.4729 0.8811 -0.0098
vn -0.9399 -0.3101 -0.1430
vn -0.9758 0.2185 -0.0073
vn -0.9677 0.2487 -0.0416
vn 0.9690 0.2412 -0.0542
vn -0.8342 0.5492 -0.0501
vn -0.5022 0.7182 0.4817
vn -0.5406 0.7180 0.4385
vn 0.7126 0.4760 0.5154
vn -0.5417 0.6999 0.4656
vn 0.3654 0.5715 0.7348
vn -0.1818 0.6712 0.7186
vn -0.0092 0.6569 0.7539
vn -0.0719 -0.9725 -0.2215
vn 0.0610 -0.9646 -0.2564
vn 0.0785 -0.9495 -0.3038
vn -0.3100 -0.9265 -0.2132
vn 0.1708 -0.9658 -0.1949
vn 0.2347 -0.9459 -0.2240
vn -0.4034 -0.8871 -0.2243
vn 0.4139 -0.8794 -0.2354
vn 0.4905 -0.8499 -0.1924
vn 0.5733 -0.7920 -0.2100
vn 0.6220 -0.7555 -0.2056
vn 0.6461 -0.7163 -0.2634
vn 0.7206 -0.6481 -0.2464
vn 0.7511 -0.5975 -0.2808
vn -0.6349 -0.7568 -0.1551
vn 0.8412 -0.4538 -0.2940
vn 0.8291 -0.1136 -0.5475
vn 0.7377 0.5762 -0.3518
vn 0.8664 0.0343 -0.4981
vn 0.7301 0.2248 -0.6453
vn 0.2638 0.5788 -0.7716
vn 0.5059 0.4825 -0.7151
vn 0.5201 0.5772 -0.6296
vn 0.8999 0.4125 -0.1416
vn 0.8842 0.3763 -0.2767
vn 0.7686 0.5400 -0.3431
vn 0.5287 0.7744 -0.3476
vn -0.0675 0.9961 -0.0577
vn 0.4271 0.8360 -0.3444
vn -0.1094 0.9883 -0.1060
vn 0.2445 0.9415 -0.2318
vn -0.8226 -0.5497 -0.1452
vn 0.2048 0.9766 -0.0653
vn 0.4082 0.9128 -0.0147
vn 0.4399 0.8980 -0.0120
vn -0.9598 -0.2575 -0.1115
vn -0.9902 -0.1176 -0.0751
vn -0.9941 -0.0665 -0.0857
vn 0.9270 0.3530 -0.1267
vn -0.9921 0.1069 -0.0651
vn -0.9863 0.1637 -0.0209
vn -0.9246 0.3810 0.0009
vn -0.8869 0.4609 -0.0316
vn -0.8073 0.5879 0.0523
vn -0.7744 0.6212 0.1201
vn 0.7329 0.4976 0.4640
vn -0.3537 0.7336 0.5802
vn 0.2134 0.5711 0.7927
vn 0.0176 -0.9703 -0.2415
vn -0.0470 -0.9843 -0.1703
vn -0.1851 -0.9594 -0.2130
vn -0.2751 -0.9392 -0.2054
vn -0.3363 -0.9189 -0.2060
vn 0.3088 -0.9280 -0.2084
vn -0.4606 -0.8672 -0.1892
vn 0.4405 -0.8757 -0.1977
vn 0.7705 -0.5933 -0.2329
vn 0.8267 -0.3548 -0.4367
vn 0.8737 -0.1436 -0.4648
vn 0.7737 -0.3060 -0.5548
vn 0.9298 0.1367 -0.3417
vn 0.9187 -0.0261 -0.3941
vn 0.7557 0.5797 -0.3047
vn 0.8643 0.4806 -0.1483
vn 0.9117 0.3734 -0.1714
vn 0.9488 0.2041 -0.2412
vn 0.6199 0.6485 -0.4418
vn 0.6254 0.6425 -0.4428
vn 0.7626 0.5508 -0.3392
vn 0.0223 0.9995 0.0219
vn 0.3868 0.8831 -0.2656
vn -0.0898 0.9760 -0.1986
vn 0.3170 0.9104 -0.2659
vn -0.0402 0.9753 -0.2170
vn 0.1889 0.9560 -0.2244
vn -0.8724 -0.4758 -0.1121
vn 0.5434 0.8365 0.0708
vn 0.6504 0.7583 0.0442
vn 0.7020 0.7114 0.0328
vn 0.8596 0.4956 -0.1245
vn 0.8432 0.5246 -0.1176
vn -0.9988 0.0314 -0.0369
vn -0.9594 0.2819 0.0020
vn -0.9446 0.3253 0.0428
vn -0.8632 0.5045 -0.0189
vn 0.8510 0.4317 0.2990
vn -0.7237 0.6473 0.2395
vn 0.2837 0.5898 0.7561
vn -0.0464 -0.9791 -0.1981
vn 0.0312 -0.9789 -0.2019
vn 0.1486 -0.9659 -0.2118
vn 0.1830 -0.9648 -0.1891
vn -0.3638 -0.9127 -0.1859
vn 0.2148 -0.9652 -0.1493
vn -0.3912 -0.9042 -0.1713
vn -0.4222 -0.8895 -0.1749
vn 0.3732 -0.9059 -0.2002
vn -0.5759 -0.8045 -0.1453
vn 0.6548 -0.7293 -0.1985
vn 0.6813 -0.7047 -0.1979
vn -0.6020 -0.7830 -0.1564
vn -0.6307 -0.7674 -0.1150
vn 0.8136 -0.5381 -0.2201
vn 0.7976 -0.5590 -0.2265
vn 0.8315 -0.4788 -0.2816
vn -0.7086 -0.6984 -0.1003
vn 0.9665 -0.0374 -0.2538
vn 0.9650 0.1640 -0.2045
vn 0.8157 0.4939 -0.3011
vn 0.6851 0.5808 -0.4397
vn -0.7335 -0.6700 -0.1142
vn 0.9702 0.2153 -0.1113
vn 0.9549 0.2278 -0.1905
vn 0.6876 0.5774 -0.4403
vn 0.9334 0.3535 -0.0623
vn 0.1848 0.7972 -0.5747
vn 0.5058 0.5632 -0.6534
vn 0.4129 0.8884 -0.2007
vn 0.8485 0.4779 -0.2274
vn 0.8312 0.5105 -0.2201
vn 0.0063 0.9992 0.0396
vn 0.4990 0.8164 -0.2907
vn 0.0669 0.9820 -0.1767
vn 0.1189 0.9921 0.0403
vn 0.1008 0.9944 0.0323
vn 0.1039 0.9946 -0.0082
vn 0.4082 0.9126 -0.0222
vn 0.6266 0.7761 0.0705
vn -0.9359 -0.3438 -0.0769
vn -0.9735 -0.2136 -0.0816
vn -0.9992 -0.0274 -0.0284
vn 0.9577 0.2875 -0.0137
vn 0.6640 0.5142 0.5429
vn -0.2160 0.6981 0.6826
vn 0.1377 0.6828 0.7175
vn -0.0018 -0.9816 -0.1910
vn 0.0275 -0.9864 -0.1623
vn -0.1269 -0.9781 -0.1652
vn -0.1865 -0.9688 -0.1631
vn 0.3452 -0.9257 -0.1549
vn -0.5036 -0.8489 -0.1606
vn 0.7424 -0.6469 -0.1745
vn -0.6564 -0.7468 -0.1073
vn 0.7927 -0.5988 -0.1143
vn 0.8692 -0.3284 -0.3698
vn 0.9204 0.0698 -0.3847
vn 0.9721 0.2294 -0.0486
vn 0.9347 0.3538 0.0342
vn 0.8367 0.4772 -0.2686
vn 0.6844 0.6215 -0.3813
vn 0.8779 0.4499 -0.1638
vn -0.7540 -0.6491 -0.1010
vn 0.8022 0.5965 -0.0257
vn 0.6759 0.7174 0.1687
vn 0.3584 0.7842 -0.5065
vn 0.8365 0.5061 -0.2102
vn 0.7385 0.6429 -0.2032
vn -0.0535 0.9975 0.0467
vn 0.0435 0.9979 0.0476
vn 0.0615 0.9964 0.0583
vn -0.1135 0.9935 -0.0115
vn 0.1000 0.9937 0.0507
vn 0.0811 0.9952 0.0552
vn 0.3350 0.9266 -0.1710
vn -0.1004 0.9863 -0.1307
vn 0.2110 0.9622 -0.1723
vn -0.8122 -0.5718 -0.1156
vn -0.0852 0.9874 -0.1336
vn -0.0060 0.9866 -0.1628
vn 0.4555 0.8887 0.0529
vn -0.9505 -0.3045 -0.0622
vn -0.9806 0.1909 0.0449
vn -0.8968 0.4387 0.0571
vn 0.8996 0.3841 0.2078
vn -0.7563 0.6282 0.1826
vn -0.6998 0.6501 0.2960
vn -0.6751 0.6642 0.3212
vn -0.5624 0.7002 0.4398
vn 0.4717 0.6654 0.5785
vn 0.2468 0.6607 0.7089
vn 0.0632 -0.9833 -0.1708
vn -0.2456 -0.9567 -0.1561
vn 0.1040 -0.9747 -0.1978
vn 0.2691 -0.9467 -0.1773
vn 0.3117 -0.9406 -0.1342
vn -0.4477 -0.8790 -0.1640
vn 0.3980 -0.9043 -0.1544
vn -0.4815 -0.8664 -0.1325
vn 0.5449 -0.8258 -0.1456
vn 0.5971 -0.7911 -0.1329
vn 0.6585 -0.7377 -0.1488
vn 0.6889 -0.7155 -0.1163
vn 0.6957 -0.7098 0.1107
vn 0.8033 -0.5500 -0.2286
vn -0.6796 -0.7220 -0.1298
vn 0.8791 -0.3694 -0.3013
vn 0.8652 -0.4179 -0.2772
vn 0.8836 -0.4036 -0.2374
vn 0.9283 -0.1220 0.3512
vn 0.9388 -0.2941 -0.1791
vn 0.9628 -0.2530 -0.0945
vn 0.9681 -0.1278 -0.2154
vn 0.9724 -0.1325 -0.1923
vn 0.9802 -0.1888 -0.0592
vn 0.9687 0.2037 -0.1419
vn 0.9087 -0.2199 -0.3548
vn 0.8515 0.5011 -0.1545
vn 0.9493 0.3028 -0.0849
vn 0.9539 0.2978 0.0383
vn 0.8657 0.4983 -0.0477
vn -0.7735 -0.6216 -0.1238
vn 0.5922 0.7731 -0.2270
vn 0.9116 -0.3802 0.1562
vn 0.5178 0.7103 -0.4768
vn -0.0767 0.9970 -0.0057
vn -0.1316 0.9913 -0.0061
vn 0.4001 0.8941 -0.2011
vn -0.8514 -0.5183 -0.0809
vn -0.9179 -0.3885 -0.0810
vn 0.5902 0.8041 0.0705
vn 0.7948 0.6051 -0.0464
vn 0.8312 0.5516 -0.0695
vn 0.9573 0.2828 -0.0602
vn 0.9686 0.2486 0.0026
vn 0.9577 0.2804 0.0650
vn 0.9187 0.3555 0.1720
vn -0.8011 0.5838 0.1321
vn 0.7295 0.5128 0.4526
vn -0.6279 0.6708 0.3947
vn 0.5983 0.5541 0.5788
vn -0.4083 0.7376 0.5378
vn 0.5947 0.4902 0.6372
vn 0.5520 0.5476 0.6288
vn -0.3991 0.7421 0.5385
vn -0.2536 0.7323 0.6320
vn -0.1037 0.6860 0.7202
vn -0.0645 -0.9891 -0.1323
vn 0.0769 -0.9819 -0.1732
vn 0.1366 -0.9767 -0.1656
vn -0.3025 -0.9434 -0.1357
vn -0.3384 -0.9292 -0.1485
vn -0.5513 -0.8247 -0.1262
vn 0.6289 -0.7691 -0.1138
vn -0.6131 -0.7850 -0.0893
vn 0.8493 -0.4852 -0.2081
vn 0.8830 -0.4298 -0.1886
vn 0.5604 -0.8195 -0.1197
vn 0.9657 0.2466 -0.0808
vn 0.9030 0.4083 0.1337
vn 0.9208 0.2956 0.2543
vn 0.9529 0.2343 0.1926
vn 0.9213 0.3655 0.1327
vn 0.8749 0.3869 -0.2914
vn 0.6662 0.7426 0.0689
vn 0.8371 0.5447 0.0511
vn 0.7646 0.5951 -0.2474
vn -0.7984 -0.5973 -0.0762
vn 0.6443 0.7352 -0.2108
vn 0.0211 0.9964 0.0816
vn 0.0553 0.9961 0.0684
vn 0.2549 0.9562 -0.1437
vn -0.8979 -0.4353 -0.0652
vn 0.7300 0.6828 0.0290
vn -0.9652 -0.2612 -0.0152
vn -0.9796 -0.2008 -0.0004
vn -0.9948 -0.1014 -0.0105
vn -0.9989 0.0247 0.0408
vn -0.9953 0.0885 0.0384
vn -0.9907 0.1357 0.0062
vn -0.9639 0.2610 0.0528
vn -0.8750 0.4700 0.1160
vn -0.8564 0.5073 0.0959
vn 0.7103 0.5097 0.4854
vn -0.0899 0.6427 0.7608
vn 0.0048 -0.9915 -0.1298
vn 0.0219 -0.9906 -0.1351
vn -0.2104 -0.9719 -0.1056
vn 0.0737 -0.9879 -0.1366
vn 0.1603 -0.9771 -0.1397
vn 0.1815 -0.9744 -0.1324
vn 0.1873 -0.9766 -0.1059
vn -0.3748 -0.9204 -0.1115
vn 0.2746 -0.9569 -0.0945
vn -0.4086 -0.9033 -0.1306
vn 0.3663 -0.9227 -0.1204
vn 0.4423 -0.8863 -0.1376
vn -0.5292 -0.8396 -0.1226
vn -0.5771 -0.8106 -0.0992
vn 0.7219 -0.6769 -0.1438
vn 0.8216 -0.5502 -0.1489
vn 0.9756 0.2195 0.0033
vn 0.9157 0.2975 0.2701
vn 0.9068 0.3560 0.2256
vn 0.9180 0.3186 0.2362
vn 0.8864 0.4326 0.1649
vn 0.9758 0.2091 0.0637
vn 0.8693 0.3521 -0.3469
vn 0.7713 0.5088 -0.3824
vn 0.7103 0.6552 -0.2572
vn 0.8170 0.5732 -0.0633
vn 0.8544 0.5172 -0.0507
vn 0.5883 0.7498 -0.3029
vn 0.8103 0.5511 -0.1994
vn -0.1179 0.9911 0.0616
vn -0.1122 0.9925 -0.0486
vn -0.0476 0.9978 -0.0455
vn 0.0303 0.9932 -0.1127
vn 0.1378 0.9874 -0.0776
vn 0.1172 0.9927 0.0302
vn 0.1636 0.9864 -0.0170
vn 0.2833 0.9586 -0.0269
vn 0.2181 0.9758 -0.0179
vn -0.8797 -0.4754 -0.0155
vn -0.9893 -0.1455 0.0054
vn -0.9980 -0.0296 0.0551
vn 0.9460 0.3170 -0.0674
vn -0.9138 0.3873 0.1227
vn 0.8520 0.4138 0.3207
vn 0.7887 0.4660 0.4010
vn -0.5436 0.6796 0.4927
vn -0.3382 0.7431 0.5774
vn -0.0321 -0.9937 -0.1070
vn 0.0738 -0.9900 -0.1204
vn -0.1675 -0.9826 -0.0801
vn -0.4546 -0.8851 -0.1002
vn 0.4780 -0.8708 -0.1150
vn 0.5154 -0.8527 -0.0855
vn 0.5362 -0.8437 -0.0258
vn 0.5652 -0.8216 -0.0743
vn 0.6008 -0.7980 -0.0471
vn 0.6547 -0.7550 -0.0371
vn 0.7342 -0.6680 -0.1212
vn 0.7777 -0.6231 -0.0835
vn 0.8592 -0.5003 -0.1074
vn -0.6792 -0.7315 -0.0601
vn 0.8798 -0.4568 -0.1313
vn 0.8797 -0.4651 -0.0994
vn 0.9607 -0.2476 -0.1256
vn 0.9881 -0.0724 -0.1360
vn 0.9820 0.1308 0.1365
vn 0.7262 -0.2593 -0.6366
vn 0.9125 0.3999 0.0866
vn 0.9200 0.2994 0.2528
vn 0.9251 0.2321 0.3006
vn 0.9698 0.2074 -0.1280
vn 0.9121 0.4094 -0.0215
vn 0.6804 0.6949 -0.2328
vn 0.7145 0.6644 -0.2192
vn 0.8195 0.5714 -0.0432
vn 0.7136 0.6846 -0.1490
vn 0.8271 0.5344 -0.1740
vn -0.0032 0.9956 0.0935
vn 0.1124 0.9928 0.0420
vn -0.8269 -0.5617 -0.0271
vn 0.3595 0.9324 0.0366
vn 0.4108 0.9115 0.0213
vn 0.4231 0.9038 0.0635
vn 0.4349 0.8984 0.0616
vn -0.9177 -0.3970 0.0150
vn 0.7652 0.6436 0.0164
vn 0.8634 0.4928 -0.1078
vn 0.9013 0.4208 -0.1033
vn -0.9826 0.1634 0.0885
vn -0.9716 0.2199 0.0878
vn -0.8302 0.5245 0.1889
vn -0.7616 0.5842 0.2804
vn -0.6437 0.6269 0.4389
vn 0.1478 0.7022 0.6965
vn -0.0434 -0.9943 -0.0971
vn 0.0419 -0.9971 -0.0633
vn -0.2393 -0.9676 -0.0806
vn 0.0749 -0.9932 -0.0893
vn 0.1127 -0.9875 -0.1102
vn 0.2081 -0.9730 -0.1000
vn 0.3422 -0.9395 -0.0168
vn -0.5120 -0.8546 -0.0865
vn 0.7060 -0.7015 -0.0967
vn 0.7327 -0.6734 -0.0984
vn 0.8355 -0.5374 -0.1147
vn 0.8612 -0.4931 -0.1231
vn 0.8734 -0.4737 -0.1130
vn 0.9963 -0.0193 0.0837
vn 0.9915 0.1096 -0.0700
vn 0.8212 0.5547 0.1343
vn 0.9471 0.2939 0.1289
vn 0.9765 0.1999 0.0805
vn 0.9929 0.0518 0.1073
vn 0.9777 0.1345 0.1613
vn -0.7762 -0.6280 -0.0557
vn 0.7451 0.6650 -0.0506
vn 0.8120 0.5789 -0.0746
vn 0.8067 0.5411 -0.2377
vn 0.0384 0.9949 0.0932
vn -0.0341 0.9949 0.0951
vn 0.0719 0.9951 0.0681
vn 0.3043 0.9493 -0.0793
vn 0.0442 0.9988 -0.0215
vn 0.1022 0.9944 0.0257
vn 0.4749 0.8763 0.0812
vn -0.9354 -0.3534 0.0111
vn 0.6287 0.7733 0.0821
vn 0.7566 0.6412 0.1281
vn -0.9505 -0.3097 0.0249
vn 0.8594 0.5066 -0.0695
vn -0.9925 -0.0716 0.0989
vn 0.8845 0.4546 -0.1052
vn 0.9158 0.3929 -0.0837
vn 0.9563 0.2734 0.1039
vn -0.9553 0.2700 0.1207
vn -0.9341 0.3211 0.1559
vn 0.9269 0.3118 0.2088
vn -0.8528 0.4917 0.1760
vn 0.8961 0.3634 0.2548
vn 0.6401 0.5544 0.5319
vn 0.2795 0.6632 0.6943
vn -0.1278 0.7368 0.6639
vn 0.0510 0.7228 0.6891
vn -0.0506 -0.9973 -0.0528
vn -0.0050 -0.9985 -0.0552
vn 0.0224 -0.9983 -0.0531
vn -0.0402 -0.9979 -0.0505
vn -0.1235 -0.9903 -0.0641
vn -0.0866 -0.9957 -0.0329
vn -0.2846 -0.9560 -0.0704
vn -0.3280 -0.9423 -0.0669
vn 0.2432 -0.9669 -0.0776
vn -0.4061 -0.9106 -0.0769
vn 0.4177 -0.9026 -0.1038
vn 0.4509 -0.8911 -0.0515
vn -0.5474 -0.8347 -0.0611
vn -0.5900 -0.8053 -0.0585
vn 0.7171 -0.6961 -0.0349
vn 0.7466 -0.6644 -0.0351
vn 0.8685 -0.4888 -0.0823
vn 0.9963 -0.0146 -0.0845
vn 0.9904 0.1035 -0.0919
vn 0.9721 0.2339 0.0148
vn -0.7394 -0.6728 -0.0258
vn 0.9492 0.3117 -0.0431
vn 0.9886 0.1295 0.0770
vn 0.7660 0.6361 0.0934
vn 0.7544 0.6554 -0.0360
vn 0.8081 0.5858 -0.0622
vn 0.8495 0.5205 -0.0864
vn 0.6646 0.7420 -0.0878
vn -0.0680 0.9930 0.0965
vn 0.5238 0.8421 -0.1286
vn 0.5084 0.8547 -0.1051
vn -0.1412 0.9885 0.0534
vn 0.1206 0.9926 0.0134
vn 0.2123 0.9767 -0.0327
vn -0.8533 -0.5213 0.0103
vn 0.4460 0.8901 0.0938
vn -0.9010 -0.4336 0.0143
vn -0.9631 -0.2602 0.0690
vn -0.9813 -0.1765 0.0770
vn -0.9883 -0.1234 0.0891
vn 0.9260 0.3715 -0.0669
vn -0.7775 0.5184 0.3561
vn -0.7202 0.5813 0.3787
vn -0.5929 0.6544 0.4692
vn -0.4473 0.7237 0.5255
vn 0.4445 0.6158 0.6506
vn 0.3711 0.6571 0.6561
vn 0.0740 -0.9967 -0.0329
vn 0.0730 -0.9953 -0.0642
vn -0.1955 -0.9804 -0.0256
vn 0.1464 -0.9856 -0.0847
vn 0.1696 -0.9834 -0.0646
vn -0.3844 -0.9214 -0.0565
vn 0.3087 -0.9511 -0.0103
vn 0.4064 -0.9124 -0.0491
vn 0.7020 -0.7122 0.0005
vn -0.6484 -0.7600 -0.0444
vn 0.7754 -0.6292 -0.0540
vn 0.8001 -0.5981 -0.0457
vn 0.8369 -0.5468 -0.0254
vn 0.8573 -0.5138 -0.0316
vn 0.8750 -0.4818 -0.0467
vn 0.8895 -0.4567 -0.0146
vn 0.8961 -0.4438 0.0021
vn 0.9464 -0.3137 -0.0772
vn 0.9979 -0.0162 -0.0632
vn 0.9823 0.0690 -0.1744
vn 0.9184 0.3935 0.0408
vn 0.9983 -0.0106 0.0576
vn 0.8499 0.1080 -0.5157
vn 0.9714 0.2258 -0.0737
vn -0.7656 -0.6432 -0.0147
vn 0.9841 0.1694 -0.0542
vn 0.9154 0.3866 0.1127
vn 0.8254 0.5638 -0.0289
vn 0.4352 0.8992 -0.0455
vn 0.3290 0.9439 -0.0302
vn -0.0981 0.9949 0.0246
vn 0.1806 0.9832 0.0267
vn 0.5316 0.8435 0.0772
vn 0.5545 0.8290 0.0725
vn -0.9305 -0.3538 0.0952
vn 0.7185 0.6925 0.0649
vn -0.9462 -0.3075 0.1008
vn 0.8101 0.5862 0.0079
vn -0.9705 -0.2148 0.1092
vn 0.8190 0.5738 -0.0034
vn -0.9900 0.0284 0.1379
vn -0.9917 0.0781 0.1025
vn -0.8892 0.3690 0.2703
vn 0.8558 0.3803 0.3507
vn 0.7347 0.4861 0.4732
vn 0.6734 0.5193 0.5262
vn -0.5722 0.6302 0.5248
vn 0.5570 0.5720 0.6021
vn -0.4425 0.7473 0.4957
vn 0.5228 0.5963 0.6093
vn -0.0428 -0.9991 -0.0051
vn -0.2436 -0.9696 -0.0215
vn 0.2153 -0.9759 -0.0359
vn 0.3794 -0.9252 0.0021
vn -0.4913 -0.8692 -0.0550
vn 0.4882 -0.8717 -0.0411
vn 0.5782 -0.8158 0.0136
vn 0.7700 -0.6378 0.0141
vn 0.8610 -0.5085 -0.0055
vn -0.7052 -0.7085 -0.0263
vn 0.9976 -0.0284 -0.0626
vn 0.9896 -0.0035 -0.1435
vn 0.9873 0.0942 -0.1277
vn 0.9168 0.3918 -0.0777
vn 0.9683 0.2372 0.0781
vn 0.7133 0.6635 -0.2256
vn 0.7452 0.6607 -0.0905
vn -0.7919 -0.6104 0.0164
vn 0.7235 0.6901 -0.0173
vn 0.5186 0.8546 -0.0271
vn 0.3607 0.9325 -0.0176
vn 0.1622 0.9854 0.0520
vn 0.2833 0.9587 0.0257
vn 0.2302 0.9720 0.0472
vn -0.8933 -0.4424 0.0792
vn -0.9085 -0.4082 0.0898
vn 0.9080 0.4165 -0.0463
vn -0.9816 0.1211 0.1473
vn 0.9394 0.3427 0.0134
vn -0.9561 0.2423 0.1649
vn 0.9481 0.3081 0.0783
vn -0.9347 0.2807 0.2182
vn 0.8656 0.3434 0.3645
vn 0.7678 0.4397 0.4660
vn -0.6753 0.5622 0.4774
vn -0.3643 0.7443 0.5597
vn -0.3359 0.7319 0.5928
vn -0.1776 0.7529 0.6337
vn -0.0322 -0.9994 -0.0107
vn 0.0635 -0.9980 -0.0066
vn 0.1430 -0.9894 -0.0246
vn 0.1168 -0.9910 -0.0651
vn -0.3421 -0.9396 0.0051
vn 0.1856 -0.9820 -0.0348
vn 0.2649 -0.9643 0.0009
vn -0.4285 -0.9036 0.0013
vn 0.5132 -0.8557 0.0660
vn 0.6095 -0.7893 0.0741
vn 0.7250 -0.6883 0.0233
vn -0.6319 -0.7749 -0.0145
vn 0.7881 -0.6155 -0.0012
vn 0.8255 -0.5644 -0.0014
vn 0.8630 -0.5022 0.0556
vn -0.6649 -0.7469 -0.0068
vn 0.8536 -0.5140 0.0847
vn 0.9854 -0.1697 0.0156
vn 0.9999 -0.0060 0.0110
vn 0.9971 -0.0699 -0.0290
vn 0.9927 -0.0743 -0.0949
vn 0.9400 0.3306 -0.0839
vn 0.7763 0.6173 0.1275
vn 0.9506 0.2932 0.1023
vn 0.8334 0.5465 -0.0826
vn 0.7395 0.6600 -0.1327
vn 0.0159 0.9873 0.1579
vn 0.0976 0.9938 0.0529
vn -0.1344 0.9901 0.0406
vn 0.2964 0.9543 0.0388
vn 0.4000 0.9154 0.0451
vn -0.0353 0.9991 0.0231
vn 0.1018 0.9933 0.0538
vn -0.8736 -0.4823 0.0645
vn 0.5848 0.8052 0.0982
vn -0.9545 -0.2624 0.1419
vn -0.9899 -0.0158 0.1406
vn -0.9607 0.2105 0.1810
vn -0.9158 0.3166 0.2471
vn -0.8029 0.4488 0.3924
vn 0.5824 0.5450 0.6032
vn -0.4907 0.6858 0.5375
vn 0.4916 0.5803 0.6493
vn 0.4114 0.6439 0.6451
vn -0.2827 0.7399 0.6104
vn 0.2229 0.6915 0.6871
vn 0.0037 -0.9998 0.0194
vn 0.0244 -0.9995 0.0178
vn -0.0501 -0.9982 0.0339
vn 0.0939 -0.9946 -0.0434
vn -0.2801 -0.9595 0.0290
vn 0.4438 -0.8958 0.0220
vn -0.5159 -0.8566 -0.0008
vn 0.4765 -0.8788 0.0275
vn 0.6498 -0.7587 0.0462
vn 0.7079 -0.7023 0.0754
vn 0.8517 -0.5236 0.0205
vn 0.9049 -0.4257 0.0046
vn 0.9862 0.1458 -0.0779
vn 0.7754 0.5598 -0.2922
vn 0.9207 0.3749 -0.1081
vn 0.8783 0.4751 -0.0543
vn 0.5416 0.8123 -0.2163
vn 0.9456 0.2716 0.1792
vn 0.9172 0.3798 0.1201
vn 0.8350 0.5257 0.1627
vn 0.8045 0.5939 0.0066
vn 0.3601 0.9292 0.0827
vn 0.0359 0.9983 0.0458
vn -0.9751 -0.1581 0.1557
vn -0.9812 -0.0966 0.1673
vn 0.8921 0.4514 -0.0206
vn -0.9745 0.0834 0.2084
vn 0.9249 0.3221 0.2019
vn 0.9178 0.3055 0.2535
vn -0.8207 0.4778 0.3132
vn -0.6043 0.5870 0.5388
vn -0.3865 0.7650 0.5152
vn -0.0516 -0.9978 0.0419
vn 0.0169 -0.9988 0.0456
vn -0.1492 -0.9874 0.0523
vn 0.2019 -0.9792 0.0202
vn -0.3795 -0.9251 0.0159
vn -0.4025 -0.9154 0.0049
vn -0.4822 -0.8760 -0.0079
vn -0.5620 -0.8270 -0.0129
vn 0.5940 -0.7971 0.1083
vn -0.6155 -0.7881 0.0026
vn -0.6889 -0.7245 0.0212
vn 0.8904 -0.4552 0.0071
vn -0.7150 -0.6987 0.0247
vn 0.8780 -0.4641 0.1175
vn 0.9639 0.2213 0.1477
vn 0.9101 0.3864 0.1497
vn 0.7491 0.6445 0.1529
vn 0.6998 0.7120 0.0585
vn -0.0191 0.9842 0.1762
vn 0.0538 0.9955 0.0779
vn -0.8297 -0.5548 0.0610
vn 0.2764 0.9530 0.1238
vn -0.9157 -0.3809 0.1284
vn 0.7328 0.6780 0.0573
vn -0.9563 -0.2311 0.1793
vn 0.8736 0.4840 -0.0514
vn -0.9831 -0.0477 0.1767
vn 0.9225 0.3857 0.0147
vn -0.9632 0.1818 0.1981
vn -0.9193 0.2589 0.2963
vn 0.9104 0.3767 0.1712
vn -0.7336 0.4844 0.4767
vn 0.6864 0.4725 0.5528
vn 0.6215 0.5142 0.5910
vn 0.3177 0.6515 0.6889
vn -0.2472 0.7411 0.6242
vn -0.0163 0.7231 0.6905
vn -0.0227 -0.9982 0.0554
vn -0.0946 -0.9946 0.0415
vn -0.2115 -0.9764 0.0437
vn 0.0738 -0.9973 -0.0042
vn 0.1195 -0.9928 -0.0012
vn 0.2378 -0.9708 0.0321
vn 0.3671 -0.9290 0.0464
vn 0.4259 -0.9032 0.0542
vn 0.5564 -0.8230 0.1141
vn -0.5885 -0.8085 0.0060
vn 0.7262 -0.6844 0.0656
vn -0.6430 -0.7642 0.0508
vn 0.7802 -0.6244 0.0372
vn 0.7599 -0.6454 0.0780
vn 0.7821 -0.6189 0.0728
vn 0.8783 -0.4761 0.0434
vn 0.9890 -0.0471 0.1400
vn 0.8912 0.2273 0.3927
vn -0.7315 -0.6794 0.0574
vn 0.8910 0.2389 -0.3860
vn 0.8731 0.4174 -0.2518
vn -0.7521 -0.6542 0.0801
vn 0.8531 0.5217 -0.0013
vn 0.8831 0.4685 0.0260
vn 0.9276 0.3711 -0.0432
vn 0.9731 0.2082 0.0985
vn 0.8239 0.4658 0.3228
vn 0.8023 0.5126 0.3060
vn -0.7732 -0.6327 0.0433
vn 0.8344 0.5409 0.1056
vn 0.7674 0.6325 0.1046
vn 0.8374 0.5389 -0.0909
vn 0.5616 0.8258 0.0517
vn -0.8055 -0.5907 0.0480
vn 0.1177 0.9930 0.0057
vn 0.0824 0.9920 0.0960
vn -0.8504 -0.5186 0.0886
vn 0.3807 0.9190 0.1030
vn 0.4234 0.8966 0.1295
vn -0.9297 -0.3278 0.1681
vn -0.9423 -0.2788 0.1851
vn 0.8563 0.5131 0.0594
vn -0.8858 0.3177 0.3383
vn -0.8328 0.4024 0.3803
vn 0.8169 0.3803 0.4336
vn 0.7590 0.4215 0.4962
vn -0.2770 0.7271 0.6282
vn 0.0363 -0.9976 0.0594
vn 0.0652 -0.9976 0.0214
vn 0.1695 -0.9855 0.0075
vn 0.2956 -0.9535 0.0595
vn 0.3175 -0.9441 0.0889
vn 0.4703 -0.8679 0.1599
vn 0.6304 -0.7617 0.1495
vn 0.7635 -0.6346 0.1198
vn 0.8013 -0.5926 0.0822
vn 0.8104 -0.5789 0.0905
vn 0.8811 -0.4560 0.1252
vn 0.8208 -0.5606 0.1092
vn 0.9227 -0.3638 0.1274
vn 0.9776 -0.1957 0.0777
vn 0.9920 0.0424 0.1185
vn 0.7888 -0.5890 -0.1756
vn 0.8458 0.5128 -0.1473
vn 0.7868 0.6169 -0.0195
vn 0.9498 0.2836 -0.1323
vn 0.8388 0.5411 -0.0605
vn 0.6041 0.7861 0.1310
vn 0.7349 0.6775 0.0297
vn 0.0548 0.9957 0.0747
vn -0.1195 0.9810 0.1528
vn 0.1161 0.9930 0.0198
vn 0.4212 0.8959 0.1413
vn -0.0399 0.9953 0.0879
vn -0.0412 0.9953 0.0881
vn 0.1026 0.9930 0.0589
vn 0.1703 0.9752 0.1415
vn 0.2998 0.9362 0.1832
vn -0.8891 -0.4340 0.1452
vn 0.4376 0.8778 0.1947
vn 0.5347 0.8325 0.1449
vn 0.8086 0.5746 0.1262
vn -0.9608 -0.1891 0.2026
vn -0.9692 -0.0696 0.2364
vn -0.9746 -0.0078 0.2239
vn -0.9750 0.0335 0.2195
vn 0.7309 0.4154 0.5416
vn -0.6465 0.5442 0.5347
vn 0.4282 0.5911 0.6836
vn -0.3095 0.7129 0.6293
vn 0.1981 0.6892 0.6969
vn -0.0489 -0.9936 0.1017
vn 0.0519 -0.9956 0.0786
vn -0.2145 -0.9722 0.0940
vn 0.0953 -0.9948 0.0370
vn 0.3496 -0.9305 0.1096
vn 0.5861 -0.7963 0.1497
vn 0.7081 -0.6919 0.1408
vn 0.8058 -0.5734 0.1480
vn 0.8514 -0.5091 0.1263
vn 0.8668 -0.4884 0.1002
vn -0.6752 -0.7352 0.0598
vn 0.9616 -0.1649 0.2192
vn 0.9738 -0.0503 0.2216
vn 0.9772 0.1922 0.0906
vn 0.9043 0.4176 -0.0881
vn 0.8527 0.5221 0.0148
vn 0.8817 0.3712 -0.2912
vn 0.9040 0.3506 -0.2445
vn 0.8976 0.4237 -0.1219
vn 0.7956 0.6052 0.0281
vn -0.7802 -0.6166 0.1054
vn 0.8128 0.5825 0.0022
vn -0.0468 0.9903 0.1305
vn -0.0757 0.9765 0.2019
vn 0.1208 0.9917 0.0449
vn 0.3298 0.9318 0.1514
vn -0.1390 0.9848 0.1046
vn 0.0379 0.9900 0.1362
vn -0.8667 -0.4833 0.1232
vn -0.9624 -0.1256 0.2407
vn 0.8785 0.4750 0.0503
vn 0.8635 0.3660 0.3470
vn 0.8073 0.3608 0.4671
vn -0.6645 0.5006 0.5548
vn 0.5786 0.5482 0.6039
vn 0.5354 0.5669 0.6261
vn 0.4892 0.6030 0.6301
vn -0.4866 0.6616 0.5705
vn -0.4247 0.6820 0.5954
vn 0.4014 0.6101 0.6831
vn -0.1890 0.7251 0.6622
vn -0.0325 -0.9932 0.1120
vn 0.0025 -0.9942 0.1079
vn -0.0895 -0.9892 0.1157
vn -0.0577 -0.9871 0.1496
vn -0.1734 -0.9783 0.1137
vn -0.2660 -0.9581 0.1058
vn -0.3031 -0.9467 0.1092
vn -0.3322 -0.9365 0.1121
vn -0.3602 -0.9292 0.0827
vn 0.2722 -0.9538 0.1272
vn -0.4168 -0.9054 0.0808
vn 0.3883 -0.9170 0.0917
vn 0.6925 -0.7192 0.0566
vn 0.7265 -0.6741 0.1335
vn 0.7408 -0.6567 0.1413
vn 0.8495 -0.5143 0.1177
vn -0.7045 -0.7042 0.0883
vn 0.9095 -0.3178 0.2681
vn 0.9686 0.0109 0.2484
vn 0.9572 0.0239 0.2884
vn 0.9130 0.4031 0.0620
vn 0.8429 0.5367 0.0379
vn 0.9152 0.3815 -0.1299
vn 0.8362 0.5460 -0.0519
vn 0.9755 0.1337 -0.1748
vn 0.8858 0.3421 -0.3135
vn 0.7342 0.6503 0.1953
vn 0.8106 0.5773 0.0982
vn 0.8568 0.5149 -0.0266
vn -0.7997 -0.5925 0.0974
vn 0.0576 0.9907 0.1235
vn -0.0887 0.9877 0.1287
vn 0.0631 0.9902 0.1247
vn -0.1469 0.9851 0.0897
vn -0.1415 0.9826 0.1199
vn 0.2563 0.9527 0.1635
vn 0.1169 0.9804 0.1586
vn 0.1155 0.9932 0.0163
vn 0.2394 0.9540 0.1803
vn 0.4017 0.8925 0.2053
vn 0.4434 0.8738 0.1997
vn -0.9407 -0.2458 0.2340
vn 0.8183 0.5699 0.0741
vn -0.9564 0.1408 0.2559
vn -0.9310 0.2010 0.3048
vn 0.9128 0.3946 0.1052
vn 0.6640 0.4359 0.6075
vn 0.0664 -0.9968 0.0440
vn 0.1862 -0.9816 0.0430
vn -0.3884 -0.9174 0.0871
vn -0.4521 -0.8894 0.0669
vn -0.4877 -0.8705 0.0664
vn -0.5406 -0.8401 0.0438
vn 0.5498 -0.8191 0.1638
vn 0.5254 -0.8399 0.1358
vn -0.5694 -0.8203 0.0531
vn -0.5986 -0.7995 0.0496
vn 0.6632 -0.7234 0.1918
vn -0.6201 -0.7803 0.0812
vn 0.7547 -0.6301 0.1826
vn 0.8520 -0.4760 0.2181
vn 0.8509 -0.4407 0.2860
vn 0.9742 0.0801 0.2112
vn 0.9554 0.1671 0.2436
vn 0.9661 -0.0409 0.2549
vn 0.9578 -0.1289 0.2569
vn 0.9426 -0.0275 0.3329
vn 0.9114 0.2205 0.3476
vn 0.8597 0.4931 0.1330
vn 0.8939 0.4478 0.0197
vn 0.7456 0.6656 -0.0312
vn 0.7759 0.5828 0.2417
vn 0.8269 0.5516 0.1095
vn 0.0502 0.9880 0.1459
vn 0.0953 0.9922 0.0802
vn 0.1180 0.9905 0.0713
vn 0.1949 0.9634 0.1842
vn -0.9060 -0.3789 0.1885
vn 0.7134 0.6838 0.1529
vn 0.7427 0.6414 0.1923
vn -0.9460 -0.1525 0.2861
vn 0.8866 0.4505 0.1047
vn 0.9055 0.4143 0.0913
vn 0.8782 0.3946 0.2702
vn -0.8454 0.3051 0.4385
vn -0.6975 0.4307 0.5727
vn 0.4695 0.5483 0.6921
vn -0.3446 0.6899 0.6366
vn -0.2162 0.7184 0.6612
vn 0.0153 -0.9954 0.0946
vn -0.1382 -0.9779 0.1572
vn 0.0691 -0.9964 0.0495
vn 0.1302 -0.9892 0.0669
vn -0.2362 -0.9588 0.1577
vn 0.1538 -0.9864 0.0577
vn 0.2308 -0.9701 0.0753
vn -0.5099 -0.8582 0.0599
vn 0.5176 -0.8305 0.2061
vn 0.5757 -0.7833 0.2345
vn 0.6055 -0.7530 0.2576
vn 0.7411 -0.6269 0.2402
vn 0.7284 -0.6588 0.1885
vn 0.8121 -0.5625 0.1552
vn 0.9261 -0.2760 0.2572
vn 0.9643 -0.0519 0.2595
vn 0.9448 0.1002 0.3119
vn 0.8710 0.0221 0.4907
vn 0.9405 0.2389 0.2416
vn 0.9729 0.1746 0.1516
vn 0.7132 0.5795 0.3944
vn 0.8006 0.5139 0.3081
vn 0.8196 0.5370 0.1999
vn 0.5451 0.8002 0.2501
vn 0.4665 0.8458 0.2588
vn -0.8270 -0.5456 0.1352
vn -0.8458 -0.5101 0.1559
vn 0.2435 0.9447 0.2197
vn 0.3598 0.9036 0.2326
vn -0.9201 -0.3302 0.2107
vn -0.9258 -0.2911 0.2412
vn -0.9440 -0.2020 0.2608
vn 0.8670 0.4665 0.1753
vn -0.9446 0.0388 0.3258
vn -0.9485 0.1016 0.3001
vn -0.9203 0.1301 0.3689
vn -0.8959 0.2350 0.3771
vn -0.8583 0.2623 0.4410
vn 0.8319 0.4054 0.3789
vn -0.8070 0.3750 0.4562
vn -0.7903 0.3669 0.4907
vn 0.7246 0.3991 0.5618
vn -0.5846 0.5426 0.6032
vn 0.3843 0.5999 0.7017
vn 0.1740 0.6664 0.7250
vn -0.0430 -0.9840 0.1728
vn 0.0079 -0.9885 0.1512
vn 0.0619 -0.9934 0.0963
vn -0.1012 -0.9717 0.2133
vn 0.0612 -0.9916 0.1141
vn -0.1894 -0.9665 0.1734
vn -0.2657 -0.9456 0.1879
vn 0.3207 -0.9309 0.1748
vn 0.3609 -0.9166 0.1724
vn 0.4017 -0.9004 0.1669
vn 0.4407 -0.8901 0.1164
vn 0.5299 -0.8209 0.2129
vn 0.5430 -0.8022 0.2484
vn 0.7103 -0.6778 0.1899
vn 0.7880 -0.5584 0.2592
vn 0.8989 -0.2906 0.3278
vn 0.8862 -0.4632 -0.0083
vn 0.9006 -0.2771 0.3347
vn 0.9227 -0.2303 0.3091
vn -0.7291 -0.6751 0.1126
vn 0.9740 0.1253 0.1885
vn 0.8511 0.1199 0.5111
vn 0.8336 0.2481 0.4935
vn 0.7761 0.3871 0.4978
vn 0.9174 0.1307 0.3758
vn 0.7986 0.3611 0.4816
vn -0.7613 -0.6300 0.1533
vn 0.6950 0.6625 0.2793
vn 0.3657 0.8943 0.2577
vn -0.0225 0.9846 0.1736
vn 0.0394 0.9699 0.2402
vn 0.0725 0.9747 0.2116
vn 0.0436 0.9909 0.1274
vn 0.5144 0.8225 0.2427
vn 0.5835 0.7844 0.2103
vn 0.6257 0.7584 0.1824
vn 0.8385 0.4768 0.2637
vn 0.7631 0.5694 0.3058
vn -0.9516 -0.0295 0.3059
vn 0.8718 0.4298 0.2350
vn 0.8962 0.4030 0.1853
vn 0.7855 0.3861 0.4837
vn 0.8207 0.3554 0.4474
vn 0.6370 0.4260 0.6425
vn -0.6292 0.5159 0.5813
vn 0.5066 0.5066 0.6977
vn -0.5317 0.6029 0.5948
vn -0.4403 0.6277 0.6419
vn -0.0167 -0.9819 0.1889
vn -0.0510 -0.9785 0.1996
vn -0.0643 -0.9676 0.2441
vn 0.0669 -0.9898 0.1260
vn -0.3578 -0.9196 0.1623
vn -0.4022 -0.9046 0.1408
vn 0.4250 -0.8745 0.2337
vn 0.6877 -0.6692 0.2815
vn -0.6656 -0.7395 0.1006
vn 0.7951 -0.5298 0.2952
vn 0.8266 -0.4684 0.3120
vn 0.8513 -0.4232 0.3103
vn 0.8545 -0.3241 0.4059
vn 0.9064 -0.1806 0.3819
vn 0.9067 -0.1352 0.3996
vn 0.8925 0.0615 0.4469
vn 0.9413 0.2612 0.2137
vn 0.9307 0.2782 0.2375
vn 0.9050 0.2954 0.3061
vn 0.8763 0.3465 0.3347
vn 0.8999 0.2972 0.3193
vn 0.7994 0.4448 0.4039
vn 0.8381 0.4128 0.3565
vn 0.7826 0.5248 0.3349
vn 0.7261 0.5860 0.3596
vn 0.5862 0.7056 0.3980
vn 0.6661 0.6174 0.4185
vn 0.5301 0.7969 0.2898
vn 0.2956 0.9154 0.2731
vn -0.8042 -0.5683 0.1741
vn -0.1089 0.9747 0.1954
vn 0.1190 0.9567 0.2658
vn 0.0627 0.9921 0.1086
vn 0.1094 0.9865 0.1216
vn 0.0847 0.9874 0.1338
vn 0.1448 0.9523 0.2687
vn -0.8633 -0.4711 0.1812
vn 0.2761 0.9043 0.3255
vn 0.4509 0.8519 0.2665
vn 0.7333 0.5990 0.3217
vn 0.8071 0.5390 0.2408
vn 0.8275 0.4970 0.2612
vn 0.8518 0.4073 0.3295
vn 0.8095 0.4119 0.4184
vn -0.7402 0.3639 0.5654
vn 0.5852 0.4574 0.6696
vn 0.5334 0.4811 0.6957
vn -0.3815 0.6549 0.6524
vn -0.2759 0.6876 0.6716
vn -0.2575 0.7044 0.6615
vn -0.1635 0.6965 0.6987
vn -0.0797 0.6937 0.7158
vn 0.0638 0.6792 0.7312
vn -0.1576 -0.9560 0.2475
vn 0.2029 -0.9733 0.1074
vn 0.2861 -0.9377 0.1973
vn 0.3327 -0.9158 0.2250
vn -0.4971 -0.8609 0.1088
vn 0.4981 -0.8238 0.2707
vn -0.5302 -0.8410 0.1078
vn -0.5663 -0.8171 0.1079
vn -0.5931 -0.8004 0.0874
vn 0.6412 -0.7042 0.3049
vn 0.7431 -0.5582 0.3692
vn -0.6859 -0.7186 0.1148
vn 0.8947 -0.2068 0.3959
vn 0.8848 0.3244 0.3345
vn 0.9904 0.1112 0.0817
vn 0.9231 0.3560 0.1453
vn 0.8668 0.4440 0.2268
vn 0.8373 0.4491 0.3119
vn 0.7367 0.5325 0.4169
vn 0.6107 0.6105 0.5044
vn 0.5416 0.6948 0.4732
vn 0.2071 0.9230 0.3242
vn 0.1155 0.9854 0.1249
vn 0.0042 0.9717 0.2360
vn 0.1991 0.9380 0.2839
vn 0.3527 0.8693 0.3463
vn 0.3893 0.8676 0.3093
vn -0.8752 -0.4322 0.2173
vn 0.4353 0.8453 0.3099
vn 0.5588 0.7910 0.2491
vn 0.6985 0.6738 0.2411
vn -0.9159 -0.2505 0.3137
vn -0.9438 -0.0772 0.3213
vn -0.9289 -0.1002 0.3566
vn -0.8826 0.1955 0.4275
vn -0.6560 0.4496 0.6063
vn -0.6652 0.4580 0.5897
vn 0.6599 0.4152 0.6262
vn -0.5327 0.5566 0.6375
vn -0.3067 0.6661 0.6799
vn 0.3582 0.5916 0.7223
vn 0.0187 -0.9823 0.1866
vn 0.1009 -0.9899 0.0992
vn -0.2182 -0.9505 0.2214
vn -0.3118 -0.9321 0.1841
vn 0.1731 -0.9773 0.1219
vn 0.2554 -0.9529 0.1636
vn 0.3711 -0.8833 0.2864
vn -0.4674 -0.8761 0.1183
vn 0.5217 -0.7861 0.3315
vn -0.6297 -0.7621 0.1505
vn 0.7004 -0.6374 0.3213
vn 0.7728 -0.5067 0.3822
vn 0.7762 -0.4974 0.3874
vn 0.8741 -0.2393 0.4228
vn 0.8715 -0.1357 0.4712
vn -0.7133 -0.6859 0.1438
vn 0.9266 0.2785 0.2528
vn 0.7969 0.4326 0.4217
vn -0.7364 -0.6537 0.1744
vn 0.7989 0.4098 0.4403
vn 0.5200 0.7618 0.3863
vn 0.3516 0.8395 0.4142
vn 0.1232 0.9844 0.1256
vn -0.1319 0.9634 0.2332
vn 0.0634 0.9624 0.2641
vn 0.4999 0.8224 0.2716
vn -0.9069 -0.3304 0.2616
vn 0.7368 0.6043 0.3032
vn -0.9293 -0.2264 0.2917
vn -0.9253 -0.0266 0.3784
vn -0.8989 0.0751 0.4317
vn -0.7893 0.3232 0.5220
vn 0.7872 0.4127 0.4583
vn -0.6246 0.4928 0.6059
vn 0.5465 0.4386 0.7134
vn -0.4762 0.5988 0.6440
vn 0.4514 0.4933 0.7436
vn 0.4387 0.5276 0.7275
vn 0.3961 0.5291 0.7505
vn -0.3835 0.6109 0.6926
vn 0.2344 0.6292 0.7411
vn -0.0396 -0.9693 0.2427
vn -0.1204 -0.9457 0.3019
vn 0.2961 -0.8980 0.3254
vn -0.4318 -0.8909 0.1407
vn 0.4267 -0.8269 0.3663
vn 0.5063 -0.7973 0.3285
vn 0.5661 -0.7525 0.3367
vn 0.5839 -0.7388 0.3365
vn -0.6464 -0.7536 0.1197
vn 0.8115 -0.3503 0.4678
vn 0.8572 -0.2441 0.4535
vn 0.9248 0.1759 0.3372
vn 0.8027 -0.3529 0.4809
vn 0.7815 0.1120 0.6138
vn 0.7139 0.4750 0.5145
vn 0.6285 0.3828 0.6771
vn 0.5398 0.6016 0.5888
vn -0.7803 -0.5981 0.1829
vn 0.4766 0.7324 0.4862
vn 0.4404 0.7713 0.4595
vn 0.1020 0.9804 0.1688
vn 0.0667 0.9541 0.2920
vn -0.1343 0.9688 0.2083
vn 0.2800 0.8555 0.4355
vn 0.0476 0.9248 0.3775
vn 0.1692 0.8840 0.4357
vn 0.0926 0.9720 0.2160
vn 0.1475 0.9193 0.3648
vn -0.8265 -0.5228 0.2088
vn 0.1829 0.9147 0.3604
vn 0.3299 0.8594 0.3907
vn -0.8789 -0.3980 0.2631
vn 0.5312 0.7929 0.2984
vn 0.5838 0.7449 0.3229
vn -0.9228 -0.1892 0.3355
vn 0.7744 0.5159 0.3663
vn 0.8331 0.4525 0.3181
vn -0.9243 0.0322 0.3804
vn -0.8668 0.1419 0.4780
vn 0.4912 0.4607 0.7392
vn -0.4720 0.5741 0.6691
vn 0.0212 0.6565 0.7540
vn -0.0460 -0.9481 0.3148
vn 0.0442 -0.9825 0.1808
vn -0.1912 -0.9380 0.2890
vn 0.1266 -0.9798 0.1549
vn -0.2376 -0.9255 0.2949
vn 0.2183 -0.9604 0.1734
vn 0.2569 -0.9367 0.2378
vn 0.2823 -0.9314 0.2299
vn 0.3274 -0.8751 0.3564
vn 0.3957 -0.8558 0.3332
vn 0.4245 -0.8355 0.3490
vn 0.6352 -0.6539 0.4110
vn 0.6601 -0.6230 0.4196
vn 0.6935 -0.6059 0.3897
vn 0.7249 -0.5329 0.4365
vn 0.8095 -0.3142 0.4959
vn -0.6932 -0.7014 0.1661
vn 0.8383 -0.2440 0.4875
vn 0.8131 0.2446 0.5282
vn 0.8426 0.2820 0.4588
vn 0.7825 0.3334 0.5259
vn -0.0501 0.9724 0.2279
vn 0.4602 0.6582 0.5958
vn 0.4887 0.6635 0.5665
vn 0.4415 0.7156 0.5414
vn 0.0510 0.9597 0.2763
vn -0.1009 0.9582 0.2677
vn 0.3038 0.7634 0.5700
vn 0.1216 0.9661 0.2278
vn 0.2227 0.8335 0.5057
vn 0.1078 0.9739 0.1997
vn -0.0911 0.9254 0.3678
vn 0.2191 0.9048 0.3651
vn -0.8461 -0.4895 0.2111
vn 0.3888 0.8409 0.3764
vn -0.8990 -0.3681 0.2372
vn -0.9064 -0.2904 0.3066
vn 0.7010 0.6458 0.3026
vn 0.7283 0.5613 0.3932
vn -0.9154 -0.1265 0.3822
vn -0.9037 0.0031 0.4282
vn -0.8334 0.2718 0.4812
vn 0.7190 0.4196 0.5540
vn -0.7437 0.3157 0.5893
vn 0.5653 0.4300 0.7040
vn 0.2942 0.5579 0.7760
vn -0.0212 -0.9572 0.2887
vn -0.0033 -0.9698 0.2439
vn -0.0873 -0.9486 0.3042
vn -0.1472 -0.9208 0.3612
vn 0.1519 -0.9768 0.1510
vn -0.2786 -0.9307 0.2370
vn -0.3134 -0.9188 0.2401
vn 0.2573 -0.9104 0.3240
vn 0.3537 -0.8486 0.3933
vn -0.4531 -0.8721 0.1849
vn -0.4903 -0.8538 0.1751
vn -0.5461 -0.8207 0.1682
vn -0.5908 -0.7945 0.1404
vn 0.5220 -0.7157 0.4640
vn 0.5640 -0.7309 0.3844
vn 0.7436 -0.4908 0.4541
vn -0.6659 -0.7297 0.1553
vn 0.7326 -0.4753 0.4872
vn 0.7625 -0.4284 0.4848
vn 0.8006 -0.3572 0.4811
vn 0.8029 -0.2991 0.5157
vn 0.8307 -0.2656 0.4893
vn 0.8163 -0.2210 0.5337
vn 0.8329 0.0062 0.5534
vn 0.7435 0.2779 0.6083
vn 0.6786 -0.1960 0.7079
vn 0.7242 0.5482 0.4184
vn 0.0610 0.9607 0.2706
vn 0.0690 0.9377 0.3404
vn 0.0381 0.9766 0.2117
vn 0.0859 0.9330 0.3496
vn 0.1126 0.9559 0.2713
vn -0.1171 0.9381 0.3259
vn 0.0908 0.8547 0.5112
vn 0.1933 0.8324 0.5194
vn 0.1115 0.9456 0.3055
vn -0.0255 0.9037 0.4275
vn 0.0752 0.9246 0.3735
vn 0.3110 0.8663 0.3909
vn 0.2608 0.8625 0.4336
vn 0.6750 0.6283 0.3868
vn 0.7911 0.4696 0.3920
vn -0.9001 -0.0578 0.4319
vn 0.8275 0.4124 0.3810
vn 0.8367 0.3945 0.3798
vn 0.7926 0.4174 0.4445
vn 0.5766 0.4359 0.6910
vn -0.5784 0.5070 0.6391
vn -0.4142 0.5964 0.6876
vn -0.1316 0.6461 0.7518
vn -0.0330 0.6764 0.7358
vn 0.1473 0.6182 0.7721
vn 0.0476 -0.9679 0.2468
vn 0.0932 -0.9733 0.2097
vn 0.1939 -0.9488 0.2495
vn -0.3415 -0.9114 0.2298
vn 0.2234 -0.9230 0.3134
vn 0.2711 -0.8931 0.3590
vn -0.3798 -0.9027 0.2021
vn 0.3057 -0.8361 0.4556
vn 0.3726 -0.8126 0.4481
vn 0.4798 -0.6975 0.5323
vn 0.4977 -0.7233 0.4786
vn 0.5585 -0.6835 0.4701
vn 0.5968 -0.6902 0.4092
vn 0.6701 -0.5482 0.5005
vn 0.7063 -0.5531 0.4419
vn 0.7965 -0.3135 0.5171
vn 0.8032 -0.1323 0.5808
vn 0.7860 0.1726 0.5936
vn -0.7525 -0.6176 0.2287
vn 0.0172 0.9488 0.3154
vn 0.3534 0.7124 0.6063
vn 0.2205 0.7752 0.5919
vn 0.0714 0.9281 0.3654
vn 0.0400 0.9194 0.3914
vn 0.1752 0.8854 0.4306
vn -0.8488 -0.4541 0.2708
vn -0.8983 -0.2220 0.3792
vn -0.8932 -0.1584 0.4208
vn -0.8521 0.0908 0.5154
vn 0.4957 0.4373 0.7504
vn -0.5228 0.5328 0.6654
vn 0.4590 0.4645 0.7573
vn 0.4158 0.4826 0.7708
vn 0.3378 0.5121 0.7897
vn -0.2332 0.6614 0.7129
vn -0.3113 0.6263 0.7147
vn 0.0051 -0.9506 0.3103
vn -0.0772 -0.9321 0.3539
vn 0.1454 -0.9563 0.2535
vn 0.1706 -0.9459 0.2760
vn -0.4124 -0.8861 0.2114
vn 0.3177 -0.8161 0.4828
vn 0.4198 -0.7462 0.5167
vn 0.6282 -0.6326 0.4530
vn 0.7205 -0.5246 0.4535
vn 0.7648 -0.3048 0.5676
vn 0.7898 -0.2940 0.5383
vn 0.7736 -0.2406 0.5862
vn -0.7082 -0.6683 0.2277
vn 0.7661 -0.0081 0.6427
vn 0.7757 0.0779 0.6262
vn 0.7310 0.2157 0.6474
vn 0.7011 0.3440 0.6246
vn 0.5000 0.4933 0.7118
vn -0.0260 0.9500 0.3113
vn -0.0543 0.9404 0.3356
vn -0.0888 0.8946 0.4379
vn 0.4207 0.6474 0.6356
vn 0.2588 0.7134 0.6512
vn 0.1183 0.9285 0.3519
vn -0.1171 0.9133 0.3900
vn 0.0183 0.8474 0.5306
vn 0.0930 0.8853 0.4556
vn 0.3379 0.8420 0.4204
vn 0.3556 0.8532 0.3815
vn 0.3802 0.8170 0.4335
vn 0.4282 0.8207 0.3783
vn 0.4820 0.8037 0.3489
vn -0.8831 -0.3597 0.3014
vn -0.8833 -0.3123 0.3496
vn 0.6231 0.6824 0.3822
vn -0.8890 -0.2697 0.3701
vn -0.8748 -0.0856 0.4769
vn -0.8491 0.0437 0.5265
vn 0.8076 0.4097 0.4241
vn 0.7892 0.3974 0.4682
vn 0.6397 0.4296 0.6373
vn -0.4280 0.5752 0.6971
vn -0.1928 0.6069 0.7711
vn -0.0130 -0.9160 0.4010
vn -0.0053 -0.9362 0.3514
vn 0.0269 -0.9469 0.3203
vn -0.1111 -0.9231 0.3681
vn 0.0577 -0.9507 0.3048
vn 0.1188 -0.9576 0.2625
vn -0.2778 -0.9120 0.3018
vn -0.3514 -0.8990 0.2613
vn 0.2493 -0.8671 0.4312
vn 0.2713 -0.8402 0.4695
vn 0.2833 -0.8146 0.5061
vn 0.3732 -0.8036 0.4636
vn 0.4191 -0.7931 0.4420
vn -0.5208 -0.8280 0.2080
vn 0.4260 -0.7039 0.5684
vn 0.5875 -0.6293 0.5087
vn 0.5914 -0.5981 0.5408
vn 0.6678 -0.5339 0.5187
vn 0.7695 -0.1415 0.6227
vn 0.7346 0.1572 0.6600
vn 0.6908 0.2414 0.6816
vn 0.6889 0.3022 0.6589
vn 0.6694 0.3451 0.6579
vn 0.6413 0.4313 0.6346
vn 0.6775 0.4443 0.5862
vn 0.3528 0.7164 0.6020
vn 0.5564 0.5430 0.6290
vn -0.7681 -0.5814 0.2684
vn -0.0130 0.9086 0.4175
vn 0.0396 0.9042 0.4253
vn 0.0564 0.9069 0.4175
vn 0.0765 0.9042 0.4202
vn -0.7915 -0.5586 0.2482
vn 0.1107 0.9052 0.4103
vn -0.0939 0.8743 0.4762
vn 0.1441 0.7782 0.6113
vn -0.0515 0.8468 0.5294
vn 0.0721 0.7814 0.6199
vn -0.8026 -0.5313 0.2711
vn 0.4656 0.8071 0.3631
vn -0.8520 -0.4116 0.3235
vn 0.7437 0.4829 0.4622
vn 0.7962 0.4206 0.4349
vn -0.8687 -0.0162 0.4950
vn -0.8384 0.1406 0.5265
vn -0.8155 0.2266 0.5326
vn -0.7629 0.2586 0.5926
vn 0.6484 0.4241 0.6323
vn -0.6964 0.3503 0.6263
vn -0.5484 0.4781 0.6861
vn -0.3743 0.6000 0.7070
vn 0.3433 0.4813 0.8065
vn 0.2750 0.5238 0.8062
vn 0.0050 -0.8975 0.4409
vn 0.0404 -0.9356 0.3508
vn -0.0481 -0.8913 0.4509
vn 0.1317 -0.9197 0.3699
vn -0.1844 -0.8952 0.4058
vn 0.1952 -0.8922 0.4073
vn -0.3137 -0.8970 0.3115
vn 0.2208 -0.8580 0.4637
vn 0.3515 -0.7699 0.5326
vn 0.4429 -0.7142 0.5420
vn 0.4743 -0.6915 0.5449
vn 0.7576 -0.3671 0.5398
vn -0.6751 -0.7029 0.2240
vn 0.7817 -0.2790 0.5578
vn 0.7182 0.1227 0.6849
vn 0.6423 0.3687 0.6720
vn -0.0487 0.8614 0.5056
vn -0.0997 0.8558 0.5076
vn 0.3254 0.6810 0.6560
vn 0.1152 0.9022 0.4157
vn 0.0912 0.9013 0.4234
vn -0.8221 -0.4946 0.2819
vn -0.8357 -0.3661 0.4093
vn 0.5450 0.7411 0.3921
vn -0.8657 -0.3353 0.3718
vn 0.5624 0.7003 0.4397
vn -0.8630 -0.2297 0.4500
vn -0.8743 -0.1908 0.4463
vn -0.8494 -0.1418 0.5083
vn 0.7677 0.4435 0.4625
vn -0.8186 0.1031 0.5650
vn 0.7227 0.4175 0.5508
vn -0.7244 0.2853 0.6276
vn -0.6781 0.4327 0.5941
vn -0.6621 0.3586 0.6580
vn -0.5991 0.4430 0.6669
vn 0.4641 0.4562 0.7592
vn 0.3948 0.4387 0.8073
vn -0.1310 0.6040 0.7861
vn -0.0472 0.6823 0.7296
vn 0.1237 0.6403 0.7581
vn -0.0045 -0.8903 0.4554
vn -0.0245 -0.9030 0.4290
vn 0.0461 -0.9162 0.3981
vn -0.0787 -0.8795 0.4694
vn -0.1062 -0.8912 0.4411
vn 0.0888 -0.9242 0.3715
vn 0.1639 -0.8767 0.4522
vn 0.2485 -0.8155 0.5226
vn 0.2894 -0.7811 0.5532
vn 0.3164 -0.7929 0.5207
vn 0.4073 -0.7059 0.5795
vn -0.5579 -0.8000 0.2208
vn -0.5805 -0.7866 0.2103
vn 0.5147 -0.6475 0.5620
vn -0.6037 -0.7677 0.2150
vn 0.6247 -0.5409 0.5632
vn 0.6676 -0.4734 0.5746
vn 0.7399 -0.2993 0.6025
vn 0.8489 -0.1754 0.4985
vn 0.7978 -0.0098 0.6028
vn -0.7189 -0.6316 0.2902
vn 0.6213 0.5244 0.5822
vn 0.5604 0.5348 0.6324
vn 0.4729 0.5870 0.6571
vn 0.0241 0.8795 0.4753
vn 0.0016 0.8494 0.5278
vn 0.1002 0.8876 0.4496
vn -0.0739 0.8345 0.5460
vn 0.0806 0.8753 0.4768
vn 0.0611 0.8823 0.4667
vn 0.2213 0.7016 0.6773
vn -0.0736 0.8127 0.5781
vn -0.0259 0.7797 0.6256
vn 0.0047 0.7898 0.6133
vn 0.0334 0.8773 0.4787
vn 0.0444 0.8913 0.4513
vn 0.1482 0.8444 0.5148
vn 0.1856 0.8444 0.5025
vn -0.8536 -0.2719 0.4444
vn 0.6070 0.6396 0.4717
vn 0.6994 0.5362 0.4726
vn -0.8488 -0.0460 0.5267
vn 0.7867 0.4058 0.4652
vn 0.5341 0.4317 0.7269
vn -0.4638 0.5052 0.7278
vn -0.4763 0.5265 0.7042
vn -0.2818 0.5990 0.7495
vn -0.0084 -0.8550 0.5185
vn 0.0229 -0.8803 0.4738
vn 0.0424 -0.8901 0.4539
vn -0.1387 -0.8865 0.4415
vn -0.2121 -0.8793 0.4265
vn -0.2417 -0.8938 0.3778
vn 0.1862 -0.8267 0.5309
vn 0.2591 -0.7794 0.5705
vn -0.3669 -0.8777 0.3083
vn 0.3975 -0.7166 0.5732
vn 0.4859 -0.6389 0.5964
vn -0.6474 -0.7264 0.2307
vn 0.6130 -0.4816 0.6263
vn 0.6256 -0.5406 0.5625
vn 0.6451 -0.4616 0.6089
vn -0.6840 -0.6698 0.2890
vn 0.9388 -0.3444 0.0017
vn 0.7102 0.0658 0.7009
vn 0.6748 0.1253 0.7273
vn 0.6572 0.3052 0.6891
vn -0.7311 -0.5848 0.3515
vn 0.0697 0.8510 0.5206
vn 0.0416 0.8690 0.4931
vn -0.0865 0.8185 0.5679
vn 0.1125 0.8647 0.4895
vn 0.1817 0.6945 0.6962
vn -0.7808 -0.4986 0.3765
vn -0.8102 -0.4682 0.3526
vn -0.8176 -0.4222 0.3915
vn 0.5137 0.7604 0.3974
vn 0.4808 0.7667 0.4255
vn -0.8379 -0.3099 0.4493
vn 0.6690 0.5926 0.4486
vn -0.8353 -0.1801 0.5195
vn -0.8362 0.0115 0.5483
vn 0.7553 0.4063 0.5143
vn -0.7647 0.1617 0.6238
vn 0.6631 0.4136 0.6240
vn 0.6003 0.4305 0.6740
vn 0.3561 0.4626 0.8119
vn -0.3906 0.5613 0.7296
vn 0.1848 0.4611 0.8679
vn 0.0423 0.5333 0.8449
vn 0.4521 0.5547 0.6985
vn -0.0046 -0.8431 0.5378
vn -0.0160 -0.8556 0.5173
vn 0.0513 -0.8917 0.4498
vn -0.1317 -0.8577 0.4970
vn 0.1114 -0.8749 0.4712
vn 0.1322 -0.8607 0.4916
vn 0.2717 -0.7593 0.5913
vn -0.4345 -0.8580 0.2740
vn 0.2941 -0.7554 0.5856
vn 0.3439 -0.7321 0.5881
vn 0.3811 -0.6905 0.6148
vn 0.4193 -0.7283 0.5420
vn 0.4268 -0.6391 0.6398
vn 0.5872 -0.5588 0.5856
vn 0.6682 -0.4033 0.6252
vn 0.7527 -0.0732 0.6542
vn 0.7920 -0.2806 0.5422
vn 0.7260 0.0071 0.6876
vn 0.6756 0.2204 0.7035
vn 0.6209 0.3372 0.7077
vn 0.5355 0.4243 0.7302
vn 0.4418 0.5578 0.7026
vn 0.4899 0.4937 0.7185
vn 0.3978 0.6080 0.6871
vn 0.0388 0.8416 0.5387
vn 0.2928 0.6465 0.7045
vn -0.0840 0.7888 0.6089
vn 0.0539 0.7265 0.6850
vn 0.1190 0.7218 0.6818
vn -0.7476 -0.5360 0.3922
vn 0.1117 0.8664 0.4867
vn 0.3071 0.8212 0.4809
vn 0.4430 0.7955 0.4133
vn 0.7704 0.4285 0.4721
vn -0.8270 -0.0916 0.5547
vn -0.8221 -0.0432 0.5677
vn 0.7970 0.3903 0.4610
vn -0.8115 0.0474 0.5824
vn -0.7724 0.1143 0.6248
vn 0.7239 0.4014 0.5611
vn -0.6888 0.2997 0.6601
vn -0.6008 0.3951 0.6949
vn -0.4989 0.4707 0.7277
vn 0.4306 0.4672 0.7722
vn -0.0415 0.5600 0.8274
vn 0.1478 0.5049 0.8504
vn 0.0025 -0.8342 0.5514
vn 0.0296 -0.8429 0.5373
vn -0.0938 -0.8434 0.5290
vn 0.0430 -0.8474 0.5292
vn 0.0504 -0.8379 0.5434
vn 0.0787 -0.8601 0.5040
vn 0.1437 -0.8138 0.5631
vn -0.2054 -0.8650 0.4578
vn -0.2734 -0.8829 0.3817
vn 0.2147 -0.8024 0.5568
vn -0.4751 -0.8304 0.2911
vn -0.5358 -0.7854 0.3100
vn -0.5706 -0.7548 0.3236
vn 0.5125 -0.6180 0.5962
vn -0.6169 -0.7243 0.3079
vn 0.5479 -0.5423 0.6370
vn 0.6886 -0.3621 0.6282
vn -0.6474 -0.6838 0.3366
vn 0.6795 -0.0183 0.7334
vn 0.7034 -0.0527 0.7088
vn -0.6845 -0.6317 0.3640
vn 0.6493 0.1845 0.7378
vn 0.6048 0.2818 0.7448
vn 0.4517 0.4642 0.7619
vn -0.0299 0.7980 0.6019
vn 0.0625 0.8616 0.5037
vn -0.0479 0.7641 0.6433
vn 0.0733 0.8634 0.4991
vn 0.0871 0.8363 0.5413
vn 0.3450 0.7960 0.4974
vn -0.7875 -0.3887 0.4782
vn -0.8048 -0.2614 0.5329
vn -0.8195 -0.2184 0.5299
vn 0.7591 0.3962 0.5166
vn 0.7221 0.3957 0.5674
vn -0.7188 0.2289 0.6565
vn -0.3312 0.5347 0.7774
vn -0.1449 0.5480 0.8238
vn -0.0709 -0.8275 0.5569
vn -0.0220 -0.8683 0.4955
vn -0.2142 -0.8332 0.5099
vn 0.1400 -0.7988 0.5850
vn -0.2680 -0.8759 0.4012
vn -0.3292 -0.8713 0.3639
vn -0.3979 -0.8665 0.3014
vn 0.2753 -0.7427 0.6105
vn 0.4552 -0.6246 0.6346
vn 0.4069 -0.5765 0.7086
vn 0.7077 -0.1971 0.6785
vn 0.6153 -0.0444 0.7871
vn 0.6710 0.1273 0.7304
vn 0.6253 0.1702 0.7616
vn -0.7196 -0.5874 0.3702
vn 0.4227 0.5320 0.7337
vn 0.0300 0.8245 0.5651
vn -0.0659 0.8002 0.5961
vn 0.2863 0.5390 0.7922
vn 0.0573 0.8317 0.5523
vn -0.0687 0.7587 0.6478
vn 0.0296 0.8533 0.5206
vn 0.2096 0.8206 0.5316
vn 0.2674 0.8277 0.4934
vn -0.7663 -0.4347 0.4730
vn 0.3948 0.7810 0.4840
vn -0.8106 -0.2769 0.5160
vn 0.4920 0.7149 0.4968
vn 0.7021 0.4779 0.5278
vn -0.8207 -0.1358 0.5550
vn -0.7710 0.0777 0.6321
vn 0.5470 0.4474 0.7076
vn 0.4995 0.4408 0.7457
vn -0.5157 0.4212 0.7461
vn -0.4073 0.4976 0.7659
vn -0.2241 0.5288 0.8186
vn -0.0023 -0.8127 0.5827
vn -0.0194 -0.8114 0.5841
vn -0.0332 -0.8099 0.5856
vn -0.1261 -0.8035 0.5818
vn 0.0591 -0.8134 0.5786
vn 0.0491 -0.8377 0.5439
vn 0.1688 -0.8027 0.5720
vn -0.4373 -0.8062 0.3985
vn 0.3235 -0.6857 0.6520
vn -0.5065 -0.7936 0.3372
vn 0.5075 -0.5157 0.6903
vn 0.4561 -0.5360 0.7104
vn 0.5556 -0.4470 0.7011
vn -0.6771 -0.5880 0.4425
vn 0.6179 -0.3702 0.6936
vn -0.6236 -0.6475 0.4380
vn -0.6493 -0.6317 0.4236
vn 0.6328 -0.2786 0.7225
vn 0.6341 0.1686 0.7546
vn -0.6934 -0.5188 0.5000
vn 0.5355 0.3155 0.7834
vn 0.0102 0.7980 0.6026
vn -0.7480 -0.4750 0.4636
vn -0.7201 -0.4490 0.5290
vn 0.0516 0.8290 0.5569
vn 0.2681 0.6061 0.7488
vn 0.0966 0.8166 0.5690
vn 0.0082 0.7196 0.6944
vn -0.7521 -0.4622 0.4698
vn 0.4904 0.7379 0.4637
vn -0.7752 -0.3414 0.5315
vn 0.5546 0.6622 0.5038
vn -0.7858 -0.2029 0.5842
vn 0.6644 0.5626 0.4920
vn 0.6295 0.5997 0.4941
vn -0.8102 -0.1608 0.5637
vn 0.6727 0.5201 0.5262
vn 0.7403 0.4349 0.5127
vn -0.7964 -0.0124 0.6047
vn -0.7234 0.1650 0.6705
vn 0.6643 0.4033 0.6294
vn 0.5802 0.4197 0.6980
vn 0.5435 0.4318 0.7199
vn -0.4642 0.4579 0.7582
vn 0.2746 0.4338 0.8582
vn 0.1801 0.4721 0.8630
vn 0.0161 0.5133 0.8580
vn -0.0413 -0.7746 0.6311
vn 0.0265 -0.8046 0.5932
vn -0.0783 -0.7879 0.6108
vn -0.2082 -0.7906 0.5759
vn -0.3229 -0.8157 0.4800
vn 0.2024 -0.7518 0.6276
vn -0.4572 -0.8081 0.3713
vn -0.5085 -0.7628 0.3994
vn 0.3574 -0.6264 0.6927
vn -0.5874 -0.6932 0.4178
vn 0.4224 -0.5700 0.7048
vn -0.6521 -0.6595 0.3739
vn 0.3935 -0.5112 0.7641
vn 0.5871 -0.4432 0.6774
vn -0.6592 -0.5661 0.4950
vn 0.6317 -0.1808 0.7538
vn 0.5755 -0.0197 0.8176
vn 0.5916 0.0045 0.8062
vn 0.4685 0.3590 0.8072
vn 0.3529 0.4619 0.8137
vn 0.1497 0.6695 0.7276
vn 0.0234 0.8151 0.5788
vn 0.0096 0.8530 0.5218
vn 0.1578 0.7965 0.5837
vn 0.3047 0.7791 0.5479
vn -0.7277 -0.3946 0.5610
vn -0.7222 -0.4208 0.5489
vn 0.4533 0.7071 0.5428
vn 0.4090 0.7286 0.5494
vn -0.7689 -0.2442 0.5909
vn -0.6468 0.3157 0.6943
vn -0.6081 0.3521 0.7115
vn 0.3521 0.4398 0.8262
vn -0.0077 -0.7959 0.6054
vn 0.0122 -0.7980 0.6025
vn -0.1398 -0.7624 0.6318
vn 0.1264 -0.7794 0.6137
vn -0.1735 -0.8493 0.4986
vn -0.2309 -0.8495 0.4743
vn -0.2577 -0.8636 0.4332
vn -0.3051 -0.8503 0.4289
vn 0.3047 -0.6828 0.6641
vn -0.4290 -0.7906 0.4369
vn 0.4056 -0.5868 0.7009
vn -0.5433 -0.7472 0.3826
vn 0.6185 -0.1158 0.7772
vn 0.5760 0.0703 0.8144
vn 0.4890 0.2417 0.8381
vn -0.5943 -0.5159 0.6169
vn 0.2663 0.4845 0.8333
vn 0.0553 0.8015 0.5955
vn -0.0677 0.7657 0.6396
vn 0.0323 0.7913 0.6105
vn 0.1178 0.8193 0.5611
vn -0.0331 0.7110 0.7024
vn 0.1345 0.6505 0.7475
vn -0.6596 -0.4579 0.5960
vn 0.2582 0.7931 0.5517
vn 0.3731 0.7742 0.5112
vn -0.7485 -0.3063 0.5881
vn 0.5141 0.6705 0.5348
vn -0.8006 -0.0829 0.5934
vn -0.6765 0.2122 0.7052
vn 0.5062 0.4295 0.7479
vn 0.4506 0.4451 0.7738
vn 0.4162 0.4489 0.7907
vn 0.3011 0.4233 0.8545
vn 0.2078 0.4546 0.8661
vn -0.0908 0.5026 0.8597
vn -0.0442 -0.7793 0.6251
vn 0.0810 -0.7791 0.6216
vn -0.2175 -0.7578 0.6152
vn -0.2506 -0.7545 0.6065
vn 0.1892 -0.7431 0.6418
vn 0.2250 -0.6758 0.7019
vn -0.3751 -0.7634 0.5258
vn -0.4251 -0.7526 0.5029
vn 0.3789 -0.5927 0.7107
vn 0.3751 -0.5021 0.7792
vn -0.5758 -0.5948 0.5609
vn 0.4842 -0.4736 0.7357
vn 0.5650 -0.1661 0.8082
vn 0.5613 -0.3083 0.7680
vn 0.5750 -0.0930 0.8129
vn -0.5670 -0.5350 0.6264
vn 0.0369 0.7634 0.6449
vn 0.0613 0.7951 0.6034
vn 0.0384 0.7822 0.6218
vn 0.0075 0.6743 0.7384
vn 0.1043 0.8137 0.5718
vn 0.0627 0.7743 0.6297
vn 0.0294 0.8101 0.5855
vn 0.0676 0.8393 0.5395
vn -0.6411 -0.4266 0.6380
vn 0.3363 0.7496 0.5700
vn -0.6786 -0.3652 0.6372
vn 0.3713 0.7342 0.5684
vn -0.6868 -0.3313 0.6469
vn 0.5303 0.6352 0.5615
vn 0.5544 0.6130 0.5629
vn -0.7626 0.0359 0.6459
vn -0.7278 0.1109 0.6767
vn 0.5819 0.4047 0.7054
vn -0.6460 0.2597 0.7178
vn 0.5130 0.4482 0.7321
vn -0.5464 0.3755 0.7487
vn -0.2993 0.4802 0.8245
vn 0.0754 0.4946 0.8658
vn 0.0498 -0.7471 0.6628
vn 0.0870 -0.7531 0.6521
vn -0.1758 -0.7404 0.6488
vn 0.1667 -0.7118 0.6823
vn 0.1934 -0.6806 0.7067
vn -0.2902 -0.7414 0.6051
vn -0.3211 -0.7340 0.5985
vn -0.3848 -0.7162 0.5822
vn 0.2568 -0.6807 0.6860
vn 0.4148 -0.5377 0.7340
vn -0.3478 -0.6864 0.6387
vn -0.5299 -0.5660 0.6315
vn -0.5421 -0.5522 0.6334
vn 0.4813 0.0609 0.8744
vn 0.4931 0.0070 0.8699
vn 0.4285 0.2464 0.8693
vn 0.4778 0.1251 0.8695
vn -0.0119 0.7377 0.6750
vn 0.2084 0.4966 0.8426
vn -0.5657 -0.4698 0.6777
vn 0.0438 0.7748 0.6307
vn 0.1646 0.5030 0.8485
vn 0.0707 0.7683 0.6362
vn -0.0533 0.7018 0.7104
vn -0.0381 0.6915 0.7213
vn 0.0122 0.6647 0.7470
vn 0.1156 0.7866 0.6066
vn 0.0677 0.8438 0.5324
vn 0.0634 0.8076 0.5864
vn 0.2311 0.7546 0.6141
vn -0.6380 -0.3847 0.6670
vn -0.7096 -0.2707 0.6505
vn -0.7367 -0.2179 0.6401
vn 0.5973 0.5922 0.5408
vn -0.7570 -0.1852 0.6266
vn 0.6950 0.4310 0.5755
vn -0.7620 -0.1296 0.6345
vn 0.6389 0.3936 0.6610
vn -0.7015 0.1561 0.6954
vn -0.6712 0.1781 0.7195
vn 0.5080 0.4331 0.7445
vn -0.5883 0.3133 0.7455
vn 0.4050 0.4319 0.8059
vn 0.3410 0.4678 0.8154
vn -0.0588 -0.7809 0.6219
vn 0.0438 -0.7519 0.6579
vn 0.1428 -0.7151 0.6843
vn -0.2409 -0.6898 0.6828
vn 0.3343 -0.6203 0.7096
vn 0.3041 -0.6282 0.7162
vn -0.4228 -0.6447 0.6369
vn -0.4770 -0.6484 0.5933
vn -0.4876 -0.5374 0.6881
vn -0.4839 -0.5501 0.6806
vn 0.3935 -0.4166 0.8195
vn 0.4980 -0.3420 0.7969
vn 0.4960 -0.1783 0.8498
vn -0.5355 -0.4806 0.6944
vn 0.3967 0.3318 0.8559
vn 0.3726 0.3688 0.8515
vn 0.2862 0.4102 0.8659
vn 0.2075 0.4278 0.8797
vn 0.0270 0.7260 0.6871
vn 0.0595 0.7457 0.6636
vn -0.0448 0.7504 0.6595
vn 0.1001 0.5515 0.8281
vn 0.0311 0.7261 0.6868
vn 0.0066 0.6642 0.7475
vn -0.5846 -0.4210 0.6936
vn 0.4596 0.6715 0.5813
vn 0.4945 0.6456 0.5820
vn 0.6214 0.5432 0.5646
vn 0.6502 0.4965 0.5750
vn -0.7479 -0.1470 0.6473
vn 0.7085 0.3994 0.5818
vn 0.6887 0.3775 0.6190
vn -0.7337 0.0640 0.6765
vn -0.4481 0.4140 0.7924
vn -0.3984 0.4606 0.7932
vn 0.2474 0.4009 0.8821
vn -0.1515 0.4843 0.8617
vn 0.1399 0.4626 0.8755
vn -0.0007 0.4555 0.8902
vn 0.0712 -0.7132 0.6973
vn -0.1104 -0.7598 0.6407
vn 0.1140 -0.7018 0.7032
vn -0.1495 -0.7074 0.6908
vn -0.1996 -0.6770 0.7084
vn -0.2492 -0.6478 0.7199
vn -0.2834 -0.6577 0.6980
vn -0.3251 -0.6570 0.6802
vn 0.2387 -0.6617 0.7107
vn -0.3689 -0.6415 0.6726
vn 0.4149 -0.5252 0.7430
vn 0.4107 -0.3987 0.8200
vn -0.4809 -0.5077 0.7148
vn 0.4522 -0.1024 0.8860
vn -0.5113 -0.4912 0.7052
vn 0.4902 0.0715 0.8687
vn 0.4342 0.0402 0.8999
vn 0.4213 0.1359 0.8967
vn 0.3570 0.3239 0.8761
vn 0.2721 0.3237 0.9062
vn 0.1739 0.4412 0.8804
vn -0.0459 0.6893 0.7230
vn 0.0529 0.7087 0.7035
vn 0.1056 0.7585 0.6431
vn -0.5673 -0.4422 0.6947
vn 0.1174 0.7368 0.6658
vn 0.2854 0.7339 0.6164
vn -0.6320 -0.3542 0.6893
vn 0.3788 0.7055 0.5990
vn 0.6654 0.4611 0.5870
vn -0.7546 -0.0172 0.6559
vn -0.6748 0.1272 0.7269
vn 0.5713 0.3887 0.7229
vn 0.4536 0.5000 0.7378
vn -0.3815 0.4216 0.8226
vn -0.0037 -0.7628 0.6466
vn 0.0518 -0.7084 0.7039
vn -0.1209 -0.7099 0.6938
vn -0.1681 -0.6738 0.7195
vn 0.1512 -0.6748 0.7224
vn 0.1752 -0.6363 0.7513
vn 0.2640 -0.6404 0.7212
vn -0.3473 -0.5854 0.7326
vn -0.4222 -0.5718 0.7034
vn 0.4413 -0.2675 0.8565
vn 0.3781 0.2348 0.8955
vn 0.2158 0.3784 0.9001
vn -0.0275 0.6741 0.7382
vn 0.0522 0.7271 0.6846
vn -0.0343 0.6470 0.7617
vn 0.0573 0.5129 0.8565
vn 0.1144 0.7521 0.6490
vn 0.0374 0.7440 0.6671
vn 0.1806 0.7282 0.6611
vn 0.3908 0.6550 0.6467
vn -0.6512 -0.3097 0.6928
vn -0.6866 -0.2953 0.6644
vn 0.4659 0.6129 0.6382
vn 0.5057 0.6038 0.6162
vn -0.6810 -0.2612 0.6841
vn -0.7072 -0.2428 0.6640
vn -0.7250 -0.1789 0.6651
vn 0.6479 0.4298 0.6289
vn -0.7334 -0.0960 0.6730
vn -0.7369 -0.0534 0.6739
vn -0.6987 0.0044 0.7154
vn -0.4928 0.3516 0.7959
vn 0.2032 0.4069 0.8906
vn 0.0170 -0.7530 0.6578
vn -0.0259 -0.7629 0.6460
vn -0.0712 -0.7416 0.6671
vn 0.0995 -0.6564 0.7478
vn 0.1269 -0.6537 0.7461
vn 0.1740 -0.6498 0.7399
vn -0.2127 -0.6203 0.7550
vn 0.2143 -0.6314 0.7452
vn -0.2664 -0.5953 0.7580
vn -0.3056 -0.5796 0.7555
vn -0.3664 -0.5488 0.7514
vn 0.3891 -0.5572 0.7336
vn -0.4359 -0.5143 0.7386
vn 0.4054 -0.4414 0.8005
vn 0.4112 -0.1536 0.8985
vn 0.4099 0.1829 0.8936
vn 0.2901 0.2039 0.9350
vn -0.0101 0.6785 0.7345
vn 0.0565 0.6680 0.7420
vn 0.0124 0.5414 0.8407
vn 0.0752 0.7546 0.6519
vn 0.0923 0.7328 0.6741
vn 0.0139 0.7290 0.6844
vn 0.2037 0.7049 0.6794
vn 0.3112 0.6951 0.6481
vn 0.5589 0.5005 0.6612
vn 0.6698 0.3905 0.6316
vn -0.6880 0.0776 0.7216
vn -0.6231 0.2047 0.7549
vn 0.4098 0.4078 0.8159
vn 0.3499 0.4094 0.8426
vn 0.2907 0.4050 0.8669
vn 0.2602 0.4057 0.8762
vn -0.3020 0.4412 0.8450
vn 0.1490 0.4123 0.8988
vn -0.0304 0.4389 0.8980
vn 0.0365 -0.7141 0.6991
vn 0.0573 -0.6801 0.7309
vn 0.0672 -0.6405 0.7650
vn -0.2250 -0.5795 0.7833
vn 0.3514 -0.5496 0.7580
vn 0.3815 -0.2757 0.8823
vn 0.3885 -0.0081 0.9214
vn -0.4730 -0.4691 0.7458
vn 0.3945 0.0834 0.9151
vn 0.3251 0.1387 0.9355
vn 0.2303 0.2818 0.9314
vn 0.2080 0.3519 0.9126
vn 0.1966 0.4229 0.8846
vn 0.0742 0.6584 0.7490
vn 0.0403 0.6792 0.7329
vn 0.1146 0.4338 0.8937
vn 0.0674 0.6759 0.7339
vn 0.1082 0.6469 0.7549
vn 0.1091 0.6822 0.7230
vn -0.5338 -0.4438 0.7197
vn -0.5948 -0.3882 0.7039
vn 0.3426 0.6864 0.6415
vn 0.5007 0.5435 0.6737
vn 0.6131 0.4647 0.6388
vn -0.7124 -0.1348 0.6887
vn 0.6425 0.3634 0.6746
vn 0.5854 0.3844 0.7138
vn -0.6262 0.1505 0.7650
vn 0.5164 0.4061 0.7539
vn -0.5890 0.2450 0.7701
vn -0.5394 0.2757 0.7956
vn -0.5522 0.3163 0.7714
vn -0.4023 0.3866 0.8299
vn -0.2863 0.4021 0.8697
vn -0.1861 0.4428 0.8771
vn -0.0187 -0.7359 0.6768
vn -0.0399 -0.7366 0.6752
vn 0.0576 -0.6648 0.7448
vn 0.0961 -0.5992 0.7948
vn 0.1401 -0.6193 0.7726
vn -0.1870 -0.6264 0.7567
vn 0.3155 -0.5667 0.7611
vn 0.3796 -0.4946 0.7819
vn -0.4028 -0.5255 0.7494
vn 0.3932 -0.4345 0.8103
vn 0.3713 0.0736 0.9256
vn 0.3155 0.0907 0.9446
vn 0.1955 0.2242 0.9547
vn 0.1402 0.3100 0.9403
vn 0.0788 0.6934 0.7162
vn -0.0466 0.6351 0.7710
vn 0.0439 0.4370 0.8984
vn 0.0892 0.4022 0.9112
vn 0.1298 0.6264 0.7686
vn 0.1069 0.6794 0.7259
vn 0.0546 0.6882 0.7234
vn -0.0216 0.6485 0.7609
vn 0.0672 0.6892 0.7214
vn 0.2375 0.6945 0.6792
vn -0.5583 -0.4030 0.7252
vn 0.2709 0.6693 0.6918
vn 0.4247 0.6236 0.6563
vn 0.4543 0.5605 0.6924
vn -0.7040 -0.2104 0.6783
vn 0.6263 0.3920 0.6739
vn -0.6850 -0.0542 0.7266
vn 0.6427 0.3775 0.6666
vn 0.2140 0.3830 0.8986
vn -0.0772 0.4149 0.9066
vn 0.0475 0.4067 0.9123
vn 0.0031 -0.7229 0.6909
vn 0.0156 -0.6898 0.7238
vn 0.0591 -0.6152 0.7862
vn 0.0694 -0.6125 0.7874
vn -0.1413 -0.6606 0.7373
vn 0.1145 -0.5933 0.7968
vn 0.1771 -0.6129 0.7700
vn 0.2771 -0.5830 0.7638
vn -0.3145 -0.5538 0.7709
vn -0.3802 -0.5093 0.7721
vn 0.3575 -0.1198 0.9262
vn 0.3130 -0.1512 0.9376
vn 0.3256 -0.0412 0.9446
vn 0.2525 0.0829 0.9640
vn 0.2456 0.1653 0.9552
vn 0.1417 0.2094 0.9675
vn -0.0264 0.6311 0.7752
vn -0.4874 -0.4547 0.7455
vn -0.0053 0.5396 0.8419
vn 0.0131 0.4867 0.8735
vn 0.0278 0.5999 0.7996
vn 0.0181 0.5521 0.8336
vn -0.5114 -0.4472 0.7338
vn 0.1476 0.6684 0.7290
vn 0.2084 0.6480 0.7326
vn 0.3060 0.6655 0.6808
vn 0.3139 0.6364 0.7046
vn 0.4420 0.5867 0.6785
vn 0.6096 0.4220 0.6711
vn -0.6924 -0.0890 0.7160
vn 0.6119 0.3548 0.7069
vn 0.5910 0.3820 0.7105
vn -0.6553 0.0278 0.7549
vn -0.6291 0.0893 0.7722
vn 0.4645 0.3732 0.8031
vn -0.5913 0.1770 0.7868
vn -0.5408 0.2233 0.8110
vn 0.2494 0.3862 0.8881
vn -0.4268 0.3439 0.8364
vn -0.1619 0.4003 0.9020
vn -0.0819 -0.6881 0.7210
vn 0.0705 -0.5550 0.8289
vn 0.0610 -0.5928 0.8031
vn -0.1764 -0.6184 0.7658
vn -0.1881 -0.5624 0.8052
vn 0.1569 -0.6095 0.7771
vn -0.2566 -0.5460 0.7975
vn 0.2293 -0.5904 0.7739
vn -0.2870 -0.5339 0.7953
vn 0.3449 -0.2755 0.8973
vn 0.3564 -0.3575 0.8632
vn -0.4405 -0.4725 0.7634
vn 0.2905 -0.0440 0.9559
vn 0.2286 -0.0051 0.9735
vn 0.1760 0.1320 0.9755
vn 0.0846 0.3314 0.9397
vn 0.0634 0.6093 0.7904
vn -0.0124 0.5300 0.8479
vn 0.0318 0.5683 0.8222
vn 0.0957 0.7079 0.6998
vn 0.2381 0.6185 0.7488
vn 0.2899 0.6469 0.7053
vn -0.5654 -0.3772 0.7335
vn 0.3771 0.6463 0.6634
vn -0.5983 -0.3226 0.7335
vn -0.6326 -0.2769 0.7233
vn -0.6713 -0.2211 0.7075
vn -0.6783 -0.1746 0.7138
vn -0.6653 -0.1246 0.7361
vn 0.5642 0.3128 0.7641
vn 0.5369 0.3422 0.7711
vn -0.4534 0.2987 0.8398
vn -0.3352 0.3541 0.8731
vn 0.1266 0.3825 0.9153
vn -0.0351 0.3814 0.9237
vn -0.0319 -0.6891 0.7240
vn 0.0456 -0.6462 0.7618
vn -0.0525 -0.6951 0.7170
vn 0.0630 -0.5505 0.8324
vn -0.1572 -0.6374 0.7543
vn 0.0860 -0.5330 0.8417
vn 0.1918 -0.5552 0.8093
vn 0.2900 -0.5170 0.8054
vn -0.3209 -0.4974 0.8060
vn 0.3388 -0.3924 0.8551
vn -0.3958 -0.4843 0.7803
vn -0.0101 0.5158 0.8566
vn 0.0071 0.5224 0.8527
vn 0.0063 0.4472 0.8944
vn 0.0303 0.4075 0.9127
vn 0.0573 0.3277 0.9430
vn 0.0199 0.5780 0.8158
vn 0.0649 0.5604 0.8257
vn 0.1093 0.5876 0.8017
vn 0.1513 0.6039 0.7826
vn 0.1491 0.5952 0.7896
vn 0.0209 0.6566 0.7540
vn -0.5125 -0.4192 0.7494
vn 0.3033 0.5829 0.7538
vn 0.3379 0.6266 0.7023
vn 0.5442 0.3754 0.7503
vn 0.5668 0.3499 0.7459
vn 0.3886 0.3773 0.8406
vn 0.3242 0.3883 0.8626
vn -0.4877 0.2670 0.8312
vn -0.3834 0.3140 0.8686
vn -0.0065 -0.6799 0.7333
vn 0.0102 -0.6421 0.7665
vn 0.0625 -0.5080 0.8591
vn 0.1174 -0.5663 0.8158
vn 0.1638 -0.5748 0.8017
vn -0.1886 -0.5235 0.8309
vn -0.2185 -0.5238 0.8233
vn 0.2569 -0.4446 0.8581
vn 0.3038 -0.4468 0.8415
vn 0.2670 -0.1982 0.9431
vn 0.2445 -0.1074 0.9637
vn 0.1670 0.0217 0.9857
vn 0.1318 0.1205 0.9839
vn 0.1091 0.1588 0.9813
vn 0.0911 0.2313 0.9686
vn 0.0305 0.5213 0.8528
vn 0.0419 0.3351 0.9413
vn -0.4543 -0.4437 0.7725
vn 0.0166 0.5045 0.8633
vn 0.0425 0.4891 0.8712
vn 0.0666 0.5731 0.8168
vn 0.0178 0.5705 0.8211
vn 0.0616 0.6121 0.7883
vn 0.2159 0.5688 0.7936
vn 0.2890 0.6127 0.7356
vn 0.3941 0.5771 0.7153
vn 0.4273 0.5014 0.7523
vn -0.6342 -0.2313 0.7378
vn 0.4672 0.4690 0.7495
vn 0.4035 0.5380 0.7401
vn 0.5821 0.3747 0.7216
vn -0.6433 -0.0902 0.7603
vn -0.6246 -0.0452 0.7797
vn -0.6464 -0.0028 0.7630
vn -0.6014 0.0344 0.7982
vn 0.5340 0.3566 0.7666
vn -0.5800 0.1288 0.8044
vn 0.4575 0.3768 0.8054
vn 0.4133 0.3600 0.8364
vn -0.5346 0.1861 0.8244
vn 0.2699 0.3679 0.8898
vn 0.1743 0.3500 0.9204
vn -0.1785 0.3635 0.9143
vn 0.0651 0.3621 0.9299
vn 0.0255 -0.6200 0.7842
vn -0.0649 -0.6285 0.7751
vn -0.1120 -0.6192 0.7772
vn 0.0791 -0.5532 0.8293
vn -0.1422 -0.6072 0.7817
vn 0.1319 -0.5545 0.8217
vn 0.2175 -0.4589 0.8615
vn 0.2597 -0.2542 0.9316
vn 0.1560 -0.0378 0.9870
vn 0.1664 -0.0933 0.9816
vn 0.1268 0.0613 0.9900
vn 0.1067 0.0837 0.9908
vn 0.0934 0.1027 0.9903
vn 0.0653 0.2317 0.9706
vn 0.0339 0.3249 0.9451
vn 0.0088 0.4189 0.9080
vn 0.0338 0.4993 0.8658
vn 0.0230 0.4897 0.8716
vn 0.0967 0.4840 0.8697
vn 0.0120 0.5536 0.8327
vn 0.2231 0.5918 0.7746
vn 0.3281 0.5646 0.7574
vn -0.5936 -0.2882 0.7514
vn 0.5431 0.4834 0.6866
vn -0.6336 -0.1917 0.7495
vn 0.5170 0.4035 0.7550
vn -0.6245 -0.1534 0.7658
vn 0.5585 0.3114 0.7688
vn -0.5599 0.0898 0.8237
vn -0.5402 0.1496 0.8281
vn 0.3438 0.3593 0.8676
vn -0.4594 0.2122 0.8625
vn 0.2035 0.3521 0.9136
vn -0.3991 0.2695 0.8764
vn -0.2897 0.3256 0.9000
vn -0.0431 -0.6486 0.7599
vn -0.0246 -0.6127 0.7899
vn -0.0002 -0.6169 0.7870
vn 0.0530 -0.5812 0.8121
vn 0.0689 -0.5871 0.8066
vn 0.0723 -0.4961 0.8653
vn 0.0637 -0.4522 0.8897
vn 0.0567 -0.4456 0.8934
vn 0.1755 -0.5381 0.8244
vn 0.1851 -0.4590 0.8689
vn -0.2356 -0.4879 0.8405
vn 0.1705 -0.3459 0.9227
vn 0.1396 -0.2427 0.9600
vn 0.1822 -0.3057 0.9345
vn 0.1860 -0.2189 0.9579
vn -0.3533 -0.4757 0.8055
vn 0.0980 0.0435 0.9942
vn 0.0778 0.0459 0.9959
vn -0.3865 -0.4494 0.8054
vn 0.0796 0.1424 0.9866
vn 0.0546 0.2318 0.9712
vn -0.4112 -0.4315 0.8030
vn 0.0148 0.3375 0.9412
vn 0.0267 0.4408 0.8972
vn 0.0291 0.4210 0.9066
vn 0.0348 0.4075 0.9126
vn 0.0075 0.4124 0.9110
vn 0.0179 0.4420 0.8969
vn 0.0536 0.4513 0.8908
vn 0.1029 0.5004 0.8597
vn 0.0933 0.5381 0.8377
vn 0.1055 0.5078 0.8550
vn 0.0106 0.5166 0.8562
vn 0.0683 0.5178 0.8528
vn -0.4646 -0.4221 0.7784
vn -0.4879 -0.4106 0.7703
vn -0.5504 -0.3829 0.7420
vn -0.5135 -0.3674 0.7755
vn 0.3765 0.5320 0.7584
vn 0.3556 0.4923 0.7944
vn -0.6070 -0.1252 0.7848
vn 0.5296 0.2917 0.7965
vn 0.4404 0.3237 0.8374
vn 0.1672 0.3244 0.9310
vn -0.2027 0.3148 0.9273
vn -0.1632 0.3360 0.9276
vn -0.0468 0.3319 0.9422
vn -0.0833 -0.5744 0.8143
vn -0.1512 -0.5658 0.8105
vn 0.1018 -0.4618 0.8811
vn 0.1400 -0.4561 0.8789
vn 0.1548 -0.4168 0.8957
vn 0.1364 -0.3163 0.9388
vn 0.1057 -0.0585 0.9927
vn -0.2748 -0.4771 0.8348
vn 0.0692 0.0159 0.9975
vn -0.3108 -0.4451 0.8398
vn -0.3585 -0.4442 0.8211
vn 0.0825 0.0528 0.9952
vn 0.0588 0.1064 0.9926
vn 0.0533 0.1801 0.9822
vn 0.0366 0.2666 0.9631
vn 0.0141 0.3667 0.9303
vn 0.0297 0.3394 0.9402
vn 0.1066 0.4409 0.8912
vn 0.0639 0.4966 0.8656
vn 0.0204 0.4821 0.8759
vn 0.1200 0.5159 0.8482
vn 0.0165 0.5239 0.8516
vn 0.2138 0.5164 0.8292
vn -0.5318 -0.3310 0.7795
vn -0.5704 -0.2400 0.7855
vn -0.5890 -0.1994 0.7831
vn -0.5792 0.0104 0.8151
vn 0.3934 0.3253 0.8599
vn 0.3376 0.3375 0.8787
vn -0.3143 0.2635 0.9120
vn 0.1418 0.3117 0.9396
vn 0.0967 0.3284 0.9396
vn -0.0511 -0.5843 0.8100
vn -0.0569 -0.5652 0.8230
vn 0.0724 -0.5393 0.8390
vn -0.1056 -0.5370 0.8370
vn -0.1676 -0.5039 0.8474
vn -0.1739 -0.4834 0.8579
vn 0.0769 -0.4361 0.8966
vn 0.1217 -0.3155 0.9411
vn -0.1903 -0.4778 0.8576
vn 0.0958 -0.1475 0.9844
vn -0.2672 -0.4330 0.8609
vn 0.0679 0.0434 0.9967
vn 0.0580 0.1111 0.9921
vn 0.0331 0.2230 0.9743
vn 0.0310 0.2758 0.9607
vn 0.0145 0.3182 0.9479
vn 0.0425 0.3033 0.9519
vn 0.0808 0.3497 0.9334
vn 0.0940 0.4641 0.8808
vn 0.0356 0.4586 0.8879
vn -0.4328 -0.4129 0.8014
vn -0.4528 -0.3873 0.8031
vn 0.2322 0.5022 0.8330
vn 0.2710 0.5418 0.7956
vn 0.3416 0.4728 0.8123
vn -0.5318 -0.2848 0.7976
vn 0.3610 0.4436 0.8203
vn 0.4724 0.3647 0.8024
vn 0.4116 0.4007 0.8186
vn -0.5750 -0.1724 0.7998
vn 0.4891 0.3662 0.7916
vn -0.5903 -0.0781 0.8034
vn -0.5187 0.0929 0.8499
vn 0.2451 0.3370 0.9090
vn -0.4617 0.1504 0.8742
vn -0.1745 0.3166 0.9324
vn -0.0607 0.2998 0.9521
vn 0.0411 -0.5627 0.8256
vn 0.0107 -0.5793 0.8151
vn 0.0230 -0.5551 0.8315
vn 0.0907 -0.5174 0.8509
vn 0.0477 -0.3434 0.9380
vn 0.0694 -0.2932 0.9535
vn 0.0922 -0.3104 0.9461
vn 0.0822 -0.1630 0.9832
vn 0.0566 -0.0025 0.9984
vn 0.0581 -0.0034 0.9983
vn -0.2362 -0.4476 0.8625
vn 0.0594 0.0182 0.9981
vn 0.0494 0.0847 0.9952
vn 0.0425 0.1634 0.9856
vn 0.0157 0.2728 0.9619
vn 0.0325 0.1695 0.9850
vn 0.0344 0.2506 0.9675
vn 0.0464 0.2316 0.9717
vn 0.0201 0.2062 0.9783
vn 0.1018 0.3548 0.9294
vn 0.0489 0.4373 0.8980
vn 0.0121 0.4505 0.8927
vn 0.1848 0.4582 0.8694
vn 0.2652 0.4876 0.8318
vn 0.2897 0.4572 0.8408
vn 0.3880 0.4418 0.8089
vn -0.5611 -0.1429 0.8153
vn 0.4266 0.3025 0.8523
vn -0.5483 -0.0287 0.8358
vn -0.5175 0.0567 0.8538
vn -0.3947 0.2033 0.8960
vn 0.1854 0.3308 0.9253
vn 0.1489 0.3130 0.9380
vn 0.1183 0.2815 0.9523
vn -0.1867 0.2771 0.9425
vn 0.0613 0.2957 0.9533
vn -0.0121 -0.5504 0.8348
vn -0.0454 -0.5584 0.8283
vn 0.0592 -0.4953 0.8667
vn -0.0675 -0.5339 0.8429
vn -0.0584 -0.5209 0.8516
vn -0.1346 -0.5069 0.8514
vn 0.0868 -0.4347 0.8964
vn 0.0759 -0.4015 0.9127
vn 0.0609 -0.3372 0.9395
vn 0.0482 -0.2964 0.9538
vn -0.1631 -0.4478 0.8791
vn 0.0495 -0.1444 0.9883
vn 0.0567 -0.1100 0.9923
vn 0.0411 -0.0042 0.9991
vn 0.0550 -0.0184 0.9983
vn -0.1934 -0.4291 0.8823
vn 0.0453 0.0502 0.9977
vn 0.0410 -0.0104 0.9991
vn -0.2826 -0.4113 0.8666
vn -0.3169 -0.4025 0.8588
vn 0.0114 0.1673 0.9858
vn 0.0650 0.2303 0.9709
vn 0.1048 0.2640 0.9588
vn -0.3447 -0.3953 0.8514
vn 0.0838 0.3903 0.9168
vn 0.0562 0.4208 0.9054
vn 0.1050 0.4230 0.9000
vn 0.1530 0.4836 0.8618
vn -0.4108 -0.3771 0.8301
vn 0.2445 0.4894 0.8371
vn 0.3553 0.3953 0.8471
vn 0.3674 0.3507 0.8614
vn -0.5158 -0.1866 0.8361
vn 0.3654 0.2949 0.8829
vn -0.5035 0.0185 0.8638
vn 0.3312 0.2954 0.8961
vn 0.2796 0.2994 0.9122
vn -0.3647 0.1706 0.9154
vn -0.3031 0.2060 0.9304
vn -0.2220 0.2425 0.9444
vn -0.0720 0.2656 0.9614
vn -0.0725 -0.4907 0.8683
vn -0.1352 -0.4469 0.8843
vn 0.0676 -0.2562 0.9643
vn 0.0536 -0.1797 0.9823
vn 0.0500 -0.1635 0.9853
vn 0.0445 -0.0641 0.9970
vn 0.0490 -0.0542 0.9973
vn -0.1620 -0.4359 0.8853
vn 0.0419 0.0255 0.9988
vn 0.0284 -0.0104 0.9995
vn 0.0195 0.0102 0.9998
vn 0.0215 0.0156 0.9996
vn 0.0257 0.0504 0.9984
vn 0.0478 0.0344 0.9983
vn 0.0548 0.0777 0.9955
vn 0.0087 0.0981 0.9951
vn 0.0270 0.0882 0.9957
vn 0.0257 0.1200 0.9924
vn 0.0541 0.1589 0.9858
vn 0.1022 0.2292 0.9680
vn 0.0262 0.3718 0.9280
vn 0.0396 0.3231 0.9455
vn 0.0212 0.4129 0.9105
vn -0.3672 -0.3747 0.8513
vn 0.1993 0.4577 0.8665
vn 0.2124 0.4217 0.8815
vn -0.4565 -0.3482 0.8188
vn 0.2346 0.4104 0.8812
vn 0.2790 0.3906 0.8773
vn -0.4661 -0.3004 0.8322
vn 0.3083 0.3732 0.8750
vn -0.5128 -0.2364 0.8253
vn 0.4283 0.3031 0.8513
vn -0.5419 -0.1100 0.8332
vn -0.5441 -0.0650 0.8365
vn -0.4163 0.1050 0.9031
vn 0.2067 0.2961 0.9325
vn 0.1627 0.2972 0.9409
vn 0.1119 0.2736 0.9553
vn -0.1536 0.2325 0.9604
vn 0.0126 0.2539 0.9671
vn -0.0411 -0.5274 0.8486
vn 0.0460 -0.4849 0.8733
vn 0.0815 -0.4718 0.8779
vn -0.1025 -0.4734 0.8749
vn 0.0915 -0.3829 0.9192
vn 0.0857 -0.1948 0.9771
vn 0.0669 -0.1188 0.9907
vn 0.0669 -0.0236 0.9975
vn 0.0671 0.0372 0.9971
vn -0.1725 -0.4109 0.8952
vn 0.0891 0.0521 0.9947
vn -0.2169 -0.4021 0.8895
vn 0.0916 0.1317 0.9870
vn 0.0914 0.2839 0.9545
vn 0.0770 0.3292 0.9411
vn 0.0244 0.3392 0.9404
vn 0.0184 0.2993 0.9540
vn 0.0575 0.3767 0.9245
vn 0.1470 0.3613 0.9208
vn 0.1888 0.4128 0.8910
vn -0.4128 -0.3446 0.8431
vn 0.2424 0.3877 0.8893
vn -0.4274 -0.3151 0.8474
vn 0.3010 0.3294 0.8949
vn 0.4056 0.3198 0.8563
vn -0.5245 -0.1631 0.8356
vn 0.3591 0.2546 0.8979
vn 0.1895 0.2694 0.9442
vn -0.3868 0.1382 0.9118
vn -0.2206 0.1977 0.9551
vn 0.0073 -0.5173 0.8558
vn 0.0800 -0.2339 0.9690
vn 0.0960 -0.1197 0.9882
vn 0.0937 -0.0096 0.9956
vn -0.1568 -0.4268 0.8907
vn 0.1057 0.0374 0.9937
vn -0.2438 -0.3807 0.8920
vn 0.1002 0.1766 0.9792
vn 0.0845 0.2021 0.9757
vn -0.2793 -0.3792 0.8822
vn 0.0532 0.2486 0.9671
vn 0.0892 0.3423 0.9353
vn 0.1287 0.3131 0.9410
vn 0.1600 0.3727 0.9141
vn 0.1519 0.3255 0.9333
vn 0.1894 0.3448 0.9194
vn 0.2103 0.3397 0.9167
vn -0.4721 -0.2474 0.8461
vn 0.3261 0.2580 0.9094
vn 0.3562 0.2590 0.8978
vn -0.4886 -0.1438 0.8606
vn -0.4893 -0.0641 0.8697
vn 0.3706 0.2699 0.8887
vn 0.3494 0.2769 0.8951
vn -0.4305 0.0754 0.8994
vn 0.2300 0.2492 0.9407
vn -0.2869 0.1569 0.9450
vn -0.0623 0.2262 0.9721
vn 0.0641 0.2464 0.9670
vn 0.0208 -0.4660 0.8845
vn 0.0305 -0.4585 0.8882
vn 0.0524 -0.3800 0.9235
vn 0.0510 -0.3304 0.9424
vn 0.0882 -0.1088 0.9901
vn 0.1014 0.0127 0.9948
vn 0.1042 0.0520 0.9932
vn -0.1678 -0.3777 0.9106
vn 0.1056 0.0971 0.9897
vn -0.1895 -0.3882 0.9019
vn 0.0243 0.2040 0.9787
vn 0.0144 0.2827 0.9591
vn 0.0591 0.2904 0.9551
vn 0.0469 0.2445 0.9685
vn 0.0268 0.2442 0.9693
vn 0.0991 0.2422 0.9651
vn -0.2862 -0.3550 0.8900
vn 0.1313 0.3201 0.9382
vn 0.1281 0.3004 0.9452
vn -0.3163 -0.3514 0.8812
vn -0.3581 -0.3255 0.8751
vn 0.2364 0.3351 0.9120
vn 0.2471 0.3029 0.9204
vn 0.2736 0.2647 0.9247
vn -0.4626 -0.1938 0.8651
vn -0.4651 -0.1083 0.8786
vn 0.2861 0.2628 0.9215
vn -0.4665 -0.0205 0.8843
vn 0.1549 0.2378 0.9589
vn 0.1372 0.2594 0.9560
vn 0.0884 0.2457 0.9653
vn -0.1344 0.1921 0.9721
vn 0.0037 -0.4141 0.9102
vn -0.0527 -0.4674 0.8825
vn -0.0623 -0.4705 0.8802
vn -0.0209 -0.4443 0.8956
vn 0.0656 -0.3045 0.9503
vn 0.0699 -0.1868 0.9799
vn 0.0129 -0.2658 0.9639
vn -0.0813 -0.4516 0.8885
vn 0.0392 -0.1649 0.9855
vn -0.1031 -0.4309 0.8965
vn 0.0940 -0.0165 0.9954
vn 0.0905 0.0407 0.9951
vn -0.1362 -0.3693 0.9193
vn -0.1520 -0.3845 0.9105
vn 0.0869 0.1027 0.9909
vn 0.0563 0.1533 0.9866
vn 0.0361 0.1888 0.9814
vn 0.0639 0.2149 0.9745
vn 0.1028 0.2216 0.9697
vn 0.1361 0.2616 0.9555
vn 0.1412 0.2890 0.9469
vn 0.1695 0.2926 0.9411
vn 0.1943 0.2894 0.9373
vn -0.3887 -0.3085 0.8682
vn -0.4011 -0.2763 0.8734
vn 0.2542 0.2601 0.9315
vn -0.4152 -0.2283 0.8806
vn 0.2968 0.2169 0.9300
vn 0.2974 0.2104 0.9313
vn 0.3159 0.2472 0.9160
vn 0.2783 0.2182 0.9354
vn -0.4058 -0.0675 0.9115
vn -0.4127 0.0363 0.9102
vn -0.3801 -0.0068 0.9249
vn -0.3548 0.0724 0.9321
vn -0.2929 0.1135 0.9494
vn 0.1116 0.2237 0.9682
vn -0.2068 0.1522 0.9665
vn -0.1326 0.1592 0.9783
vn -0.0131 0.2058 0.9785
vn 0.0631 0.2180 0.9739
vn 0.0167 -0.4060 0.9137
vn 0.0373 -0.3141 0.9487
vn -0.0623 -0.4102 0.9099
vn 0.0707 -0.0192 0.9973
vn -0.1063 -0.3690 0.9233
vn -0.1272 -0.3842 0.9144
vn 0.0538 0.0341 0.9980
vn 0.0606 0.0625 0.9962
vn 0.0387 0.0649 0.9971
vn 0.0248 0.1022 0.9945
vn 0.0336 0.1271 0.9913
vn 0.0292 0.1292 0.9912
vn 0.0320 0.1265 0.9915
vn 0.0278 0.1770 0.9838
vn 0.0536 0.1866 0.9810
vn -0.2067 -0.3676 0.9067
vn 0.0724 0.1575 0.9849
vn -0.2546 -0.3505 0.9013
vn 0.1173 0.2614 0.9581
vn -0.3265 -0.3378 0.8828
vn 0.1730 0.2380 0.9557
vn 0.2067 0.2187 0.9537
vn 0.2134 0.2246 0.9508
vn 0.1985 0.1837 0.9627
vn 0.2530 0.1928 0.9481
vn -0.4161 -0.1922 0.8888
vn -0.4260 -0.1395 0.8939
vn 0.2213 0.2087 0.9526
vn -0.2697 0.0613 0.9610
vn -0.0575 0.1440 0.9879
vn 0.0670 0.2006 0.9774
vn -0.0007 0.1573 0.9876
vn 0.0263 -0.2891 0.9570
vn -0.0181 -0.3307 0.9436
vn 0.0138 -0.2803 0.9598
vn 0.0361 -0.1592 0.9866
vn -0.0377 -0.3486 0.9365
vn 0.0317 -0.1642 0.9859
vn 0.0538 -0.1271 0.9904
vn 0.0408 -0.0197 0.9990
vn 0.0515 -0.0280 0.9983
vn -0.0825 -0.3852 0.9191
vn 0.0336 0.0687 0.9971
vn 0.0346 0.0969 0.9947
vn 0.0461 0.1305 0.9904
vn 0.0884 0.1643 0.9824
vn 0.0955 0.1857 0.9780
vn 0.1169 0.1847 0.9758
vn 0.1433 0.2254 0.9637
vn 0.1503 0.1801 0.9721
vn -0.3524 -0.2753 0.8945
vn 0.1768 0.1814 0.9674
vn 0.1942 0.1397 0.9710
vn -0.3778 -0.1418 0.9150
vn 0.2360 0.1601 0.9585
vn 0.2631 0.1834 0.9472
vn -0.3566 -0.0803 0.9308
vn 0.2130 0.1583 0.9641
vn -0.3159 -0.0265 0.9484
vn -0.2482 0.0029 0.9687
vn -0.2015 0.0382 0.9787
vn 0.1657 0.1961 0.9665
vn -0.2866 0.0099 0.9580
vn 0.1268 0.1967 0.9722
vn -0.1183 0.1068 0.9872
vn 0.0860 0.1836 0.9792
vn -0.1465 0.1110 0.9830
vn -0.0228 0.1319 0.9910
vn 0.0236 -0.1550 0.9876
vn 0.0090 -0.1485 0.9889
vn 0.0461 0.0029 0.9989
vn -0.0351 -0.2540 0.9666
vn 0.0359 -0.0588 0.9976
vn -0.0632 -0.2743 0.9596
vn -0.0542 -0.2077 0.9767
vn 0.0453 0.0407 0.9981
vn 0.0517 0.0718 0.9961
vn 0.0719 0.1205 0.9901
vn -0.1240 -0.3305 0.9356
vn 0.0631 0.1128 0.9916
vn 0.0704 0.1321 0.9887
vn 0.0758 0.0924 0.9928
vn 0.0818 0.1378 0.9871
vn -0.2145 -0.3392 0.9159
vn 0.1206 0.1800 0.9762
vn -0.2771 -0.3206 0.9058
vn -0.2876 -0.2896 0.9129
vn 0.1296 0.1848 0.9742
vn -0.2955 -0.2538 0.9210
vn -0.3554 -0.2323 0.9054
vn 0.1572 0.1217 0.9800
vn -0.3425 -0.1610 0.9256
vn -0.3560 -0.1914 0.9147
vn 0.1937 0.1321 0.9721
vn -0.3218 -0.0889 0.9426
vn -0.2613 -0.0308 0.9648
vn -0.2915 -0.0373 0.9558
vn 0.1459 0.1544 0.9772
vn 0.1005 0.1606 0.9819
vn -0.1587 0.0338 0.9867
vn -0.0936 0.0869 0.9918
vn -0.0320 0.1065 0.9938
vn 0.0536 0.1550 0.9865
vn -0.0075 -0.1892 0.9819
vn 0.0260 -0.0483 0.9985
vn 0.0109 -0.0790 0.9968
vn -0.0162 -0.1190 0.9928
vn 0.0288 0.0178 0.9994
vn -0.0218 -0.1006 0.9947
vn -0.0861 -0.2844 0.9548
vn -0.0399 -0.1629 0.9858
vn 0.0522 0.0964 0.9940
vn -0.1096 -0.3202 0.9410
vn -0.0559 -0.2038 0.9774
vn -0.0795 -0.2510 0.9647
vn 0.0265 0.0279 0.9993
vn 0.0447 0.0857 0.9953
vn 0.0517 0.0768 0.9957
vn -0.1656 -0.3301 0.9293
vn -0.1817 -0.3142 0.9318
vn 0.0948 0.1264 0.9874
vn 0.0992 0.1276 0.9868
vn 0.1076 0.1537 0.9822
vn -0.2320 -0.2199 0.9475
vn 0.1304 0.1353 0.9822
vn -0.2807 -0.2018 0.9384
vn -0.2787 -0.1555 0.9477
vn 0.1574 0.1099 0.9814
vn 0.1672 0.1102 0.9797
vn -0.2640 -0.0971 0.9596
vn 0.1419 0.1181 0.9828
vn -0.2247 -0.0265 0.9741
vn 0.0590 0.1141 0.9917
vn 0.0116 0.1451 0.9893
vn -0.0682 0.1011 0.9925
vn -0.0518 -0.0918 0.9944
vn 0.0139 0.0048 0.9999
vn 0.0147 -0.0838 0.9964
vn 0.0091 -0.0444 0.9990
vn -0.0116 -0.1118 0.9937
vn 0.0489 0.0206 0.9986
vn -0.0773 -0.2205 0.9723
vn -0.0044 -0.0909 0.9959
vn -0.1157 -0.2810 0.9527
vn -0.0922 -0.2092 0.9735
vn 0.0643 0.0340 0.9973
vn 0.0867 0.0962 0.9916
vn -0.1000 -0.2276 0.9686
vn -0.1484 -0.2540 0.9558
vn -0.2205 -0.3062 0.9261
vn -0.2367 -0.2995 0.9243
vn -0.1683 -0.2140 0.9622
vn -0.2031 -0.2245 0.9531
vn 0.1031 0.1396 0.9848
vn 0.0969 0.1007 0.9902
vn 0.1080 0.0870 0.9903
vn -0.2092 -0.1701 0.9630
vn 0.1356 0.0916 0.9865
vn -0.1848 -0.1128 0.9763
vn 0.1181 0.0824 0.9896
vn -0.1738 -0.0804 0.9815
vn 0.1040 0.0843 0.9910
vn -0.1741 -0.0323 0.9842
vn 0.0710 0.0801 0.9943
vn -0.0931 0.0295 0.9952
vn -0.0230 0.1127 0.9934
vn -0.0208 -0.1204 0.9925
vn 0.0375 -0.0246 0.9990
vn -0.0422 -0.1195 0.9919
vn -0.0179 -0.0871 0.9960
vn -0.0296 -0.1186 0.9925
vn 0.0741 0.0617 0.9953
vn -0.0389 -0.0962 0.9946
vn 0.0340 0.0118 0.9994
vn 0.0657 0.0696 0.9954
vn -0.1438 -0.2310 0.9623
vn -0.1331 -0.1923 0.9723
vn 0.0729 0.0974 0.9926
vn -0.0928 -0.1129 0.9893
vn -0.1522 -0.1856 0.9708
vn 0.0580 0.0872 0.9945
vn 0.0857 0.1122 0.9900
vn -0.0806 -0.0675 0.9945
vn -0.0756 -0.0799 0.9939
vn -0.1521 -0.1533 0.9764
vn 0.0306 0.0530 0.9981
vn -0.1832 -0.1632 0.9694
vn 0.0513 0.0510 0.9974
vn -0.0030 0.0028 1.0000
vn -0.1287 -0.1199 0.9844
vn -0.0955 -0.0768 0.9925
vn 0.0523 0.0389 0.9979
vn -0.1431 -0.1065 0.9840
vn -0.0681 -0.0331 0.9971
vn 0.0275 0.0202 0.9994
vn 0.0942 0.0715 0.9930
vn 0.0723 0.0636 0.9954
vn -0.0626 -0.0062 0.9980
vn -0.1017 -0.0123 0.9947
vn -0.1927 -0.0692 0.9788
vn -0.0089 0.0377 0.9992
vn -0.0218 0.0618 0.9979
vn 0.0183 0.0723 0.9972
vn -0.0622 -0.1046 0.9926
vn 0.0151 0.0100 0.9998
vn -0.0558 -0.0817 0.9951
vn -0.0075 -0.0028 1.0000
vn -0.0916 -0.1056 0.9902
vn 0.0420 0.0654 0.9970
vn -0.0399 -0.0390 0.9984
vn -0.0910 -0.1096 0.9898
vn 0.0004 0.0032 1.0000
vn -0.0634 -0.0584 0.9963
vn 0.0086 0.0253 0.9996
vt 0.057537 0.257549
vt 0.059892 0.263118
vt 0.054979 0.262540
vt 0.061971 0.256717
vt 0.061639 0.281538
vt 0.058891 0.249678
vt 0.060898 0.243266
vt 0.060830 0.227857
vt 0.055477 0.244940
vt 0.065572 0.238960
vt 0.062421 0.235503
vt 0.074569 0.246808
vt 0.064534 0.229121
vt 0.060431 0.222985
vt 0.066087 0.221384
vt 0.065954 0.209483
vt 0.067915 0.225563
vt 0.071862 0.233992
vt 0.069871 0.207249
vt 0.074372 0.213543
vt 0.081225 0.220599
vt 0.071495 0.199523
vt 0.074786 0.199441
vt 0.079427 0.205763
vt 0.060617 0.363057
vt 0.063229 0.368734
vt 0.059402 0.367269
vt 0.055560 0.348213
vt 0.058071 0.346782
vt 0.064526 0.364530
vt 0.056200 0.342550
vt 0.052646 0.337682
vt 0.053838 0.329846
vt 0.057538 0.334789
vt 0.064073 0.348961
vt 0.060069 0.340429
vt 0.054713 0.313585
vt 0.057021 0.326275
vt 0.059652 0.324856
vt 0.057875 0.313536
vt 0.063760 0.326310
vt 0.054300 0.301544
vt 0.051906 0.303044
vt 0.056216 0.298626
vt 0.063997 0.312121
vt 0.053362 0.288080
vt 0.060061 0.300016
vt 0.055766 0.286598
vt 0.051617 0.283944
vt 0.054638 0.280259
vt 0.060138 0.292915
vt 0.057806 0.276609
vt 0.056712 0.266708
vt 0.051208 0.275500
vt 0.066479 0.280849
vt 0.054619 0.254113
vt 0.056587 0.247668
vt 0.057536 0.235012
vt 0.056782 0.225288
vt 0.077214 0.277399
vt 0.063966 0.200513
vt 0.066274 0.202491
vt 0.084633 0.234811
vt 0.070116 0.188401
vt 0.074611 0.187549
vt 0.089869 0.212886
vt 0.095548 0.220760
vt 0.074945 0.180537
vt 0.086133 0.186687
vt 0.092330 0.192351
vt 0.081055 0.175497
vt 0.084176 0.182470
vt 0.081383 0.168510
vt 0.088031 0.168339
vt 0.094911 0.168290
vt 0.090420 0.158500
vt 0.058545 0.382215
vt 0.062127 0.380015
vt 0.066799 0.393502
vt 0.056319 0.363776
vt 0.071330 0.396423
vt 0.070192 0.404185
vt 0.076117 0.416874
vt 0.082007 0.419143
vt 0.090850 0.444491
vt 0.066577 0.382920
vt 0.078670 0.408564
vt 0.053274 0.360317
vt 0.053791 0.351068
vt 0.067880 0.378718
vt 0.078128 0.400149
vt 0.051439 0.349050
vt 0.049114 0.336430
vt 0.050916 0.329963
vt 0.070117 0.368882
vt 0.049859 0.320119
vt 0.078663 0.338559
vt 0.049120 0.292590
vt 0.073378 0.305825
vt 0.050899 0.263518
vt 0.053111 0.246498
vt 0.052918 0.234620
vt 0.057293 0.214822
vt 0.059243 0.200121
vt 0.087434 0.254772
vt 0.066755 0.183745
vt 0.073324 0.176467
vt 0.076343 0.168002
vt 0.102254 0.201698
vt 0.082555 0.159449
vt 0.098827 0.187443
vt 0.087290 0.155094
vt 0.104051 0.169020
vt 0.085060 0.149638
vt 0.099970 0.160511
vt 0.095468 0.135351
vt 0.093617 0.134751
vt 0.099312 0.136604
vt 0.107477 0.135773
vt 0.110665 0.149870
vt 0.117711 0.160574
vt 0.101446 0.121991
vt 0.104337 0.128830
vt 0.115741 0.138544
vt 0.118468 0.114637
vt 0.122539 0.116006
vt 0.125788 0.126538
vt 0.065809 0.401338
vt 0.057729 0.397352
vt 0.070024 0.416913
vt 0.076412 0.423899
vt 0.087016 0.443012
vt 0.090565 0.453604
vt 0.083970 0.443012
vt 0.048018 0.372783
vt 0.053024 0.380352
vt 0.095036 0.456490
vt 0.102363 0.465115
vt 0.098582 0.467105
vt 0.091435 0.438956
vt 0.098969 0.447546
vt 0.107764 0.469490
vt 0.093723 0.429264
vt 0.075451 0.390916
vt 0.081908 0.393178
vt 0.082380 0.375500
vt 0.082665 0.361319
vt 0.085744 0.305318
vt 0.090254 0.281911
vt 0.103508 0.236559
vt 0.060923 0.188434
vt 0.066514 0.178939
vt 0.070762 0.169742
vt 0.115394 0.202617
vt 0.076288 0.159627
vt 0.079670 0.147891
vt 0.110377 0.185455
vt 0.090750 0.131459
vt 0.095177 0.122307
vt 0.101173 0.117224
vt 0.129186 0.140696
vt 0.104897 0.118431
vt 0.107552 0.108767
vt 0.110788 0.108632
vt 0.116809 0.107059
vt 0.134925 0.130790
vt 0.144500 0.103260
vt 0.138617 0.116642
vt 0.139798 0.096985
vt 0.131829 0.094608
vt 0.086848 0.452241
vt 0.080712 0.443258
vt 0.106011 0.495528
vt 0.093151 0.468603
vt 0.112962 0.500369
vt 0.109988 0.487701
vt 0.116779 0.501826
vt 0.042468 0.356755
vt 0.118604 0.499109
vt 0.113866 0.485738
vt 0.124752 0.508361
vt 0.124205 0.513939
vt 0.120782 0.489413
vt 0.126124 0.504238
vt 0.116977 0.473909
vt 0.029448 0.337093
vt 0.114730 0.454216
vt 0.114658 0.438856
vt 0.092982 0.412458
vt 0.092264 0.311157
vt 0.087348 0.345107
vt 0.054009 0.210205
vt 0.102736 0.260048
vt 0.068736 0.164205
vt 0.099956 0.109814
vt 0.102262 0.111725
vt 0.133692 0.160171
vt 0.152844 0.130917
vt 0.122227 0.095924
vt 0.118952 0.096052
vt 0.128278 0.086187
vt 0.157122 0.111043
vt 0.149628 0.076669
vt 0.154387 0.101824
vt 0.151266 0.072549
vt 0.154703 0.087745
vt 0.166526 0.090495
vt 0.160793 0.070936
vt 0.171684 0.075678
vt 0.278228 0.038926
vt 0.285243 0.033165
vt 0.284780 0.038630
vt 0.280872 0.030636
vt 0.285276 0.029872
vt 0.282873 0.027926
vt 0.281771 0.025369
vt 0.285434 0.026607
vt 0.289136 0.034496
vt 0.289262 0.037961
vt 0.284386 0.023990
vt 0.289152 0.031118
vt 0.287082 0.022632
vt 0.288720 0.026572
vt 0.291893 0.036583
vt 0.292576 0.027863
vt 0.291479 0.025259
vt 0.293835 0.030515
vt 0.295242 0.033220
vt 0.294665 0.025352
vt 0.295144 0.029926
vt 0.058604 0.422565
vt 0.082581 0.466275
vt 0.115390 0.511787
vt 0.123082 0.518130
vt 0.121384 0.520965
vt 0.130066 0.532385
vt 0.131798 0.526142
vt 0.126857 0.516113
vt 0.131740 0.512100
vt 0.131757 0.489682
vt 0.034551 0.305631
vt 0.125895 0.469907
vt 0.102216 0.405017
vt 0.092494 0.384976
vt 0.092928 0.367261
vt 0.043132 0.266946
vt 0.032907 0.249318
vt 0.095330 0.291984
vt 0.100562 0.273556
vt 0.075273 0.144112
vt 0.083094 0.123120
vt 0.088776 0.126122
vt 0.121313 0.185617
vt 0.099854 0.105099
vt 0.130057 0.167167
vt 0.109886 0.097820
vt 0.117397 0.092055
vt 0.133582 0.078609
vt 0.148802 0.070634
vt 0.178541 0.096891
vt 0.164101 0.062783
vt 0.184959 0.081325
vt 0.166604 0.064701
vt 0.176504 0.078488
vt 0.184578 0.062334
vt 0.167783 0.059389
vt 0.191593 0.062294
vt 0.185566 0.056887
vt 0.270310 0.033194
vt 0.275524 0.036952
vt 0.273310 0.028382
vt 0.290257 0.042888
vt 0.296268 0.041633
vt 0.296107 0.038129
vt 0.291222 0.020636
vt 0.298734 0.036925
vt 0.293632 0.022712
vt 0.297187 0.030748
vt 0.300068 0.036422
vt 0.294976 0.022092
vt 0.297134 0.027517
vt 0.048045 0.400090
vt 0.053025 0.404107
vt 0.089921 0.494925
vt 0.121240 0.530347
vt 0.127627 0.533789
vt 0.138579 0.549624
vt 0.138170 0.539002
vt 0.138071 0.531969
vt 0.139668 0.520785
vt 0.137529 0.494061
vt 0.125112 0.453115
vt 0.108293 0.417810
vt 0.098199 0.392928
vt 0.097791 0.336843
vt 0.102554 0.317121
vt 0.090203 0.117190
vt 0.103658 0.098158
vt 0.145849 0.148718
vt 0.112829 0.088256
vt 0.127165 0.078878
vt 0.177282 0.111905
vt 0.144525 0.068184
vt 0.155591 0.062427
vt 0.165363 0.057477
vt 0.194949 0.083468
vt 0.185308 0.052243
vt 0.207827 0.066490
vt 0.206508 0.056619
vt 0.204521 0.052463
vt 0.211784 0.045611
vt 0.220484 0.056500
vt 0.226178 0.046728
vt 0.233782 0.048035
vt 0.224315 0.042762
vt 0.235269 0.043946
vt 0.263977 0.038076
vt 0.270109 0.039895
vt 0.279954 0.048894
vt 0.288528 0.045751
vt 0.293380 0.048665
vt 0.295161 0.045832
vt 0.281091 0.019403
vt 0.284088 0.014590
vt 0.299404 0.047350
vt 0.289708 0.016611
vt 0.292413 0.015325
vt 0.303178 0.042159
vt 0.299311 0.031639
vt 0.301308 0.036029
vt 0.297502 0.024225
vt 0.299891 0.029841
vt 0.102476 0.514588
vt 0.123673 0.541891
vt 0.130879 0.546722
vt 0.134016 0.546683
vt 0.143918 0.550489
vt 0.135209 0.477890
vt 0.115186 0.409792
vt 0.033839 0.259202
vt 0.109037 0.384804
vt 0.034463 0.226320
vt 0.043272 0.202043
vt 0.051530 0.180168
vt 0.065556 0.146866
vt 0.131841 0.231258
vt 0.134580 0.218740
vt 0.147124 0.189687
vt 0.129804 0.072770
vt 0.185108 0.102686
vt 0.184699 0.041666
vt 0.180932 0.049764
vt 0.206480 0.081414
vt 0.209238 0.072870
vt 0.199020 0.043973
vt 0.213492 0.041684
vt 0.222624 0.064301
vt 0.214784 0.036372
vt 0.230338 0.036829
vt 0.230002 0.040091
vt 0.252765 0.043737
vt 0.248167 0.037824
vt 0.254233 0.053579
vt 0.259824 0.050686
vt 0.255077 0.037689
vt 0.262509 0.042181
vt 0.262732 0.035453
vt 0.266364 0.032044
vt 0.270937 0.048398
vt 0.285165 0.055319
vt 0.293722 0.052212
vt 0.298317 0.051519
vt 0.303415 0.045534
vt 0.288251 0.012656
vt 0.306218 0.044520
vt 0.294425 0.015946
vt 0.295784 0.020101
vt 0.304461 0.031895
vt 0.307275 0.042606
vt 0.299022 0.017373
vt 0.303096 0.027392
vt 0.066628 0.452660
vt 0.041683 0.393409
vt 0.113791 0.531444
vt 0.039020 0.373403
vt 0.035330 0.357983
vt 0.140986 0.560996
vt 0.150998 0.571756
vt 0.027795 0.322363
vt 0.159077 0.578327
vt 0.147351 0.550631
vt 0.148098 0.545005
vt 0.151678 0.522606
vt 0.149847 0.507769
vt 0.145320 0.487315
vt 0.126480 0.440591
vt 0.137508 0.459782
vt 0.106703 0.373537
vt 0.104982 0.361917
vt 0.108973 0.344275
vt 0.119920 0.293345
vt 0.123516 0.261268
vt 0.141207 0.203186
vt 0.099680 0.095679
vt 0.157840 0.164770
vt 0.122104 0.073731
vt 0.179998 0.137851
vt 0.146278 0.054735
vt 0.151345 0.050579
vt 0.210341 0.092191
vt 0.220660 0.074271
vt 0.227163 0.076454
vt 0.241057 0.065721
vt 0.243389 0.025987
vt 0.248477 0.034551
vt 0.254241 0.031791
vt 0.267692 0.055647
vt 0.256490 0.057842
vt 0.263104 0.023905
vt 0.273959 0.054127
vt 0.270232 0.020566
vt 0.296589 0.054286
vt 0.270172 0.015933
vt 0.283250 0.012127
vt 0.302315 0.049505
vt 0.306340 0.047799
vt 0.662315 0.477737
vt 0.666524 0.483330
vt 0.656248 0.480093
vt 0.047208 0.424760
vt 0.036892 0.385740
vt 0.119541 0.546441
vt 0.127589 0.556301
vt 0.150732 0.580907
vt 0.156522 0.583102
vt 0.158956 0.594436
vt 0.158436 0.580396
vt 0.161220 0.589312
vt 0.153695 0.556488
vt 0.160611 0.570726
vt 0.027845 0.282196
vt 0.157286 0.492668
vt 0.149391 0.465102
vt 0.113785 0.394953
vt 0.046589 0.186632
vt 0.119135 0.302606
vt 0.054012 0.165502
vt 0.125779 0.272756
vt 0.070424 0.130478
vt 0.991124 0.237016
vt 0.997520 0.243555
vt 0.990672 0.258445
vt 0.090537 0.100962
vt 0.146372 0.198972
vt 0.170037 0.153423
vt 0.192267 0.126546
vt 0.207961 0.108062
vt 0.209886 0.023059
vt 0.223360 0.022853
vt 0.264664 0.066504
vt 0.251647 0.020531
vt 0.278413 0.059123
vt 0.287563 0.059568
vt 0.301340 0.053670
vt 0.304968 0.053763
vt 0.306726 0.051105
vt 0.291550 0.008057
vt 0.308717 0.048692
vt 0.308123 0.045600
vt 0.293863 0.010032
vt 0.295634 0.010724
vt 0.298375 0.012845
vt 0.654295 0.480860
vt 0.651874 0.478821
vt 0.040796 0.414325
vt 0.079275 0.485286
vt 0.091272 0.510859
vt 0.031406 0.376849
vt 0.139425 0.580576
vt 0.150534 0.590242
vt 0.162896 0.595903
vt 0.022701 0.310040
vt 0.174659 0.609640
vt 0.168177 0.593318
vt 0.168355 0.582886
vt 0.159597 0.557401
vt 0.164055 0.539984
vt 0.131965 0.436637
vt 0.028574 0.238584
vt 0.121964 0.315515
vt 0.130842 0.250752
vt 0.132321 0.235773
vt 0.135303 0.241610
vt 0.135993 0.225154
vt 0.082496 0.112626
vt 0.106555 0.079186
vt 0.149259 0.190405
vt 0.156528 0.176190
vt 0.115830 0.074014
vt 0.162258 0.169826
vt 0.180770 0.142810
vt 0.200143 0.117330
vt 0.174835 0.037237
vt 0.227164 0.096713
vt 0.241207 0.085987
vt 0.256525 0.074477
vt 0.290635 0.061690
vt 0.301499 0.056560
vt 0.282971 0.006204
vt 0.287442 0.005490
vt 0.308727 0.054073
vt 0.294064 0.005342
vt 0.644766 0.479634
vt 0.641710 0.475848
vt 0.294816 0.008117
vt 0.662624 0.484862
vt 0.663034 0.483665
vt 0.071189 0.472040
vt 0.029459 0.358423
vt 0.125574 0.565170
vt 0.159311 0.601584
vt 0.165385 0.607258
vt 0.171315 0.609493
vt 0.174407 0.618755
vt 0.176026 0.602039
vt 0.178262 0.580494
vt 0.157333 0.511577
vt 0.124136 0.326949
vt 0.126538 0.292115
vt 0.055333 0.156517
vt 0.132361 0.253695
vt 0.141894 0.218902
vt 0.986817 0.229785
vt 0.990845 0.222971
vt 1.000000 0.234036
vt 0.988235 0.206274
vt 0.994438 0.212393
vt 0.151521 0.194728
vt 0.163545 0.178322
vt 0.168130 0.167008
vt 0.123487 0.059008
vt 0.130175 0.059817
vt 0.195926 0.126561
vt 0.223060 0.102399
vt 0.275317 0.066359
vt 0.283027 0.064060
vt 0.262171 0.016933
vt 0.300278 0.059943
vt 0.291888 0.063653
vt 0.995255 0.027520
vt 0.999092 0.019609
vt 0.999891 0.035486
vt 0.307261 0.057065
vt 0.290245 0.004278
vt 0.312141 0.051093
vt 0.312818 0.049218
vt 0.647772 0.480458
vt 0.638430 0.479124
vt 0.296272 0.007520
vt 0.704822 0.644189
vt 0.704822 0.638742
vt 0.704980 0.642378
vt 0.299707 0.009299
vt 0.670358 0.485981
vt 0.693851 0.704333
vt 0.692799 0.700995
vt 0.693851 0.696504
vt 0.650228 0.482806
vt 0.033379 0.395499
vt 0.106559 0.545683
vt 0.024178 0.346055
vt 0.135800 0.582888
vt 0.148131 0.604877
vt 0.154772 0.611880
vt 0.021309 0.330363
vt 0.164683 0.618830
vt 0.173334 0.623029
vt 0.179890 0.623147
vt 0.184319 0.631765
vt 0.183254 0.619778
vt 0.183376 0.605820
vt 0.188809 0.601859
vt 0.171436 0.547308
vt 0.027590 0.258190
vt 0.150158 0.451195
vt 0.137506 0.409106
vt 0.145788 0.434366
vt 0.128491 0.394011
vt 0.128182 0.382004
vt 0.126218 0.366974
vt 0.034010 0.198123
vt 0.123311 0.357574
vt 0.708706 0.701682
vt 0.705884 0.709726
vt 0.705884 0.689297
vt 0.699598 0.655806
vt 0.704996 0.646698
vt 0.704996 0.669093
vt 0.128773 0.282183
vt 0.132293 0.267951
vt 0.136947 0.251717
vt 0.083958 0.103454
vt 0.144296 0.223310
vt 0.140588 0.240941
vt 0.151217 0.204011
vt 0.099611 0.086295
vt 0.157121 0.190411
vt 0.176735 0.155600
vt 0.187843 0.139408
vt 0.143167 0.045578
vt 0.181934 0.029051
vt 0.211722 0.111667
vt 0.202736 0.021876
vt 0.256081 0.080211
vt 0.244346 0.019334
vt 0.266418 0.072962
vt 0.995471 0.014534
vt 1.000000 0.015890
vt 0.996844 0.018915
vt 0.310530 0.056500
vt 0.999181 0.013152
vt 0.312601 0.054428
vt 0.293123 0.003307
vt 0.311378 0.043316
vt 0.313915 0.047575
vt 0.296230 0.004735
vt 0.633410 0.479503
vt 0.297356 0.005652
vt 0.298048 0.006834
vt 0.661646 0.487661
vt 0.672153 0.489548
vt 0.666890 0.486384
vt 0.035111 0.405339
vt 0.057742 0.456846
vt 0.088620 0.518306
vt 0.023694 0.362477
vt 0.160757 0.617480
vt 0.181214 0.635239
vt 0.020181 0.289099
vt 0.186108 0.618527
vt 0.022349 0.272051
vt 0.176793 0.508918
vt 0.158291 0.471734
vt 0.028840 0.211537
vt 0.127632 0.373443
vt 0.127167 0.314993
vt 0.990711 0.287881
vt 0.984200 0.270097
vt 0.994956 0.273299
vt 0.130504 0.288811
vt 0.135802 0.270471
vt 0.983720 0.249922
vt 0.138891 0.254597
vt 0.148771 0.217895
vt 0.113320 0.061557
vt 0.169622 0.172176
vt 0.172508 0.164716
vt 0.180631 0.155767
vt 0.185827 0.145830
vt 0.197699 0.129721
vt 0.204058 0.124465
vt 0.151031 0.040010
vt 0.205391 0.120209
vt 0.211942 0.118572
vt 0.230401 0.102423
vt 0.240737 0.091695
vt 0.272917 0.071689
vt 0.281140 0.066989
vt 0.306066 0.060304
vt 0.994133 0.011825
vt 0.995993 0.011098
vt 0.291192 0.001885
vt 0.642231 0.482021
vt 0.649663 0.483954
vt 0.636861 0.482809
vt 0.677697 0.491554
vt 0.680510 0.492820
vt 0.677999 0.494593
vt 0.676352 0.491038
vt 0.653867 0.485776
vt 0.652312 0.485440
vt 0.701858 0.632233
vt 0.699842 0.634776
vt 0.699614 0.633097
vt 0.650645 0.485114
vt 0.700940 0.631875
vt 0.698822 0.629920
vt 0.700730 0.625574
vt 0.666980 0.490775
vt 0.666043 0.488916
vt 0.664657 0.488459
vt 0.662476 0.489608
vt 0.688890 0.627677
vt 0.686261 0.625012
vt 0.689048 0.625212
vt 0.686163 0.626204
vt 0.048793 0.457497
vt 0.062747 0.477849
vt 0.100747 0.540188
vt 0.116851 0.572959
vt 0.016866 0.314061
vt 0.171927 0.633164
vt 0.189046 0.631257
vt 0.192235 0.593622
vt 0.172028 0.526355
vt 0.166369 0.492440
vt 0.158977 0.457851
vt 0.996362 0.315277
vt 0.988937 0.333179
vt 0.989491 0.306061
vt 0.126324 0.345589
vt 0.127836 0.334264
vt 0.129608 0.312546
vt 0.131834 0.302416
vt 0.134143 0.285325
vt 0.978383 0.242304
vt 0.150857 0.220888
vt 0.979774 0.209648
vt 0.155888 0.202147
vt 0.980556 0.198114
vt 0.988252 0.196277
vt 0.161469 0.188608
vt 0.128608 0.055146
vt 0.193422 0.141697
vt 0.204617 0.128546
vt 0.242352 0.094498
vt 0.209999 0.013775
vt 0.252912 0.087372
vt 0.221437 0.017584
vt 0.262836 0.082333
vt 0.223481 0.008931
vt 0.278024 0.070926
vt 0.287383 0.067956
vt 0.265612 0.007496
vt 0.273991 0.007945
vt 0.291862 0.068861
vt 0.992332 0.025136
vt 0.754032 0.594650
vt 0.754014 0.598892
vt 0.751274 0.595330
vt 0.993724 0.015477
vt 0.752716 0.592857
vt 0.315883 0.053514
vt 0.315534 0.050309
vt 0.681455 0.497502
vt 0.682536 0.495119
vt 0.702102 0.624147
vt 0.638744 0.483435
vt 0.643405 0.483274
vt 0.632227 0.481960
vt 0.630121 0.480417
vt 0.659099 0.489008
vt 0.656321 0.487601
vt 0.698360 0.639141
vt 0.698349 0.635922
vt 0.699868 0.636361
vt 0.698337 0.632833
vt 0.698331 0.626924
vt 0.698522 0.624085
vt 0.701240 0.620898
vt 0.677564 0.495587
vt 0.675055 0.490336
vt 0.664093 0.489914
vt 0.664301 0.493265
vt 0.660795 0.489316
vt 0.696129 0.641636
vt 0.696291 0.637182
vt 0.696545 0.631092
vt 0.694395 0.636981
vt 0.693523 0.626614
vt 0.689896 0.632038
vt 0.689063 0.623863
vt 0.690466 0.622613
vt 0.685541 0.630327
vt 0.686209 0.623632
vt 0.686160 0.622217
vt 0.683848 0.633163
vt 0.684790 0.626023
vt 0.684808 0.623396
vt 0.683476 0.624514
vt 0.035739 0.419798
vt 0.084649 0.522968
vt 0.093117 0.543602
vt 0.149274 0.613566
vt 0.133087 0.599836
vt 0.160222 0.629147
vt 0.167736 0.637676
vt 0.182042 0.649716
vt 0.189913 0.648904
vt 0.190228 0.643200
vt 0.194920 0.642733
vt 0.197017 0.640015
vt 0.202227 0.636034
vt 0.193822 0.611840
vt 0.022372 0.225986
vt 0.183873 0.545737
vt 0.167940 0.479847
vt 0.154152 0.447929
vt 0.152494 0.436774
vt 0.134620 0.391497
vt 0.129811 0.377845
vt 0.127980 0.359355
vt 0.983449 0.299379
vt 0.993826 0.295007
vt 0.131259 0.340737
vt 0.980659 0.282931
vt 0.134194 0.306701
vt 0.137547 0.293162
vt 0.137016 0.277076
vt 0.140794 0.272511
vt 0.145644 0.239378
vt 0.154831 0.213913
vt 0.178872 0.162302
vt 0.135445 0.046579
vt 0.188966 0.150225
vt 0.220317 0.113685
vt 0.228760 0.108971
vt 0.182057 0.024470
vt 0.272211 0.076538
vt 0.253327 0.006036
vt 0.753148 0.610965
vt 0.758824 0.615555
vt 0.755802 0.617568
vt 0.987478 0.031117
vt 0.990717 0.033494
vt 0.990187 0.021843
vt 0.756653 0.592323
vt 0.992265 0.013957
vt 0.752964 0.589939
vt 0.757113 0.589414
vt 0.991087 0.010123
vt 0.755724 0.587365
vt 0.316539 0.051661
vt 0.993135 0.008321
vt 0.698610 0.622669
vt 0.676146 0.701412
vt 0.676867 0.703655
vt 0.676146 0.704464
vt 0.656816 0.702142
vt 0.657498 0.701726
vt 0.657498 0.704055
vt 0.677743 0.499059
vt 0.663285 0.491457
vt 0.661551 0.491096
vt 0.697483 0.645577
vt 0.696213 0.643183
vt 0.697733 0.643847
vt 0.659884 0.490352
vt 0.697587 0.642133
vt 0.675574 0.496703
vt 0.670622 0.493266
vt 0.694280 0.641162
vt 0.671668 0.690392
vt 0.669058 0.694611
vt 0.666464 0.696339
vt 0.685190 0.633347
vt 0.691018 0.639250
vt 0.683751 0.634506
vt 0.685554 0.617453
vt 0.684741 0.621977
vt 0.682413 0.632918
vt 0.683247 0.619998
vt 0.681505 0.630038
vt 0.681649 0.627094
vt 0.682154 0.624356
vt 0.025917 0.391648
vt 0.023607 0.382364
vt 0.173842 0.643338
vt 0.207509 0.663549
vt 0.019448 0.249445
vt 0.193201 0.560860
vt 0.164896 0.462394
vt 0.142241 0.407310
vt 0.151407 0.430558
vt 0.129943 0.370724
vt 0.132542 0.361034
vt 0.975326 0.264438
vt 0.143363 0.258531
vt 0.160443 0.196636
vt 0.978490 0.192353
vt 0.979521 0.179687
vt 0.170353 0.180274
vt 0.975353 0.170176
vt 0.984069 0.170287
vt 0.980540 0.153321
vt 0.983845 0.163946
vt 0.181108 0.168680
vt 0.216059 0.122050
vt 0.166284 0.026328
vt 0.249180 0.093376
vt 0.278699 0.077456
vt 0.986679 0.035078
vt 0.751397 0.602255
vt 0.758470 0.604042
vt 0.987549 0.026940
vt 0.759743 0.594345
vt 0.988452 0.018788
vt 0.756096 0.585592
vt 0.760060 0.586570
vt 0.628988 0.482802
vt 0.628327 0.481330
vt 0.700442 0.620892
vt 0.698686 0.619019
vt 0.700237 0.618844
vt 0.638586 0.484187
vt 0.636415 0.485104
vt 0.627762 0.485428
vt 0.696681 0.618957
vt 0.662450 0.492836
vt 0.696210 0.646698
vt 0.694221 0.644033
vt 0.696319 0.644919
vt 0.660343 0.492356
vt 0.695100 0.621914
vt 0.667332 0.494020
vt 0.692550 0.642118
vt 0.683622 0.635514
vt 0.688503 0.619534
vt 0.684392 0.618556
vt 0.682225 0.634763
vt 0.680833 0.632573
vt 0.681048 0.620964
vt 0.680413 0.631167
vt 0.680162 0.629766
vt 0.643227 0.483665
vt 0.645546 0.485767
vt 0.640887 0.485593
vt 0.640620 0.482821
vt 0.029806 0.403600
vt 0.106330 0.561090
vt 0.017894 0.355854
vt 0.016141 0.341055
vt 0.148083 0.623887
vt 0.157239 0.638762
vt 0.170674 0.652925
vt 0.181539 0.661360
vt 0.192991 0.662104
vt 0.209221 0.669906
vt 0.016562 0.276089
vt 0.014070 0.262286
vt 0.206753 0.615223
vt 0.177197 0.498478
vt 0.979531 0.337798
vt 0.978702 0.327674
vt 0.158836 0.446153
vt 0.154782 0.435972
vt 0.138071 0.395329
vt 0.134115 0.379656
vt 0.136557 0.371795
vt 0.134492 0.349969
vt 0.135222 0.331614
vt 0.160649 0.202367
vt 0.167586 0.188227
vt 0.193473 0.150880
vt 0.624110 0.707304
vt 0.618340 0.702124
vt 0.624110 0.690392
vt 0.677958 0.706419
vt 0.677958 0.690392
vt 0.680162 0.699587
vt 0.210917 0.129077
vt 0.197844 0.012112
vt 0.234125 0.108322
vt 0.204527 0.007344
vt 0.268594 0.082439
vt 0.246061 0.004846
vt 0.761783 0.620815
vt 0.985167 0.041548
vt 0.761238 0.598951
vt 0.989184 0.012270
vt 0.759822 0.591419
vt 0.700036 0.616745
vt 0.634207 0.485901
vt 0.653445 0.703236
vt 0.652777 0.701034
vt 0.653445 0.697930
vt 0.680211 0.501594
vt 0.674846 0.502668
vt 0.683029 0.704136
vt 0.683029 0.701716
vt 0.683721 0.702349
vt 0.663503 0.494719
vt 0.661881 0.493537
vt 0.693090 0.618966
vt 0.665276 0.495092
vt 0.692331 0.643453
vt 0.694207 0.645698
vt 0.671668 0.696381
vt 0.662582 0.697680
vt 0.663490 0.691055
vt 0.666085 0.697748
vt 0.661587 0.692042
vt 0.662570 0.690392
vt 0.683119 0.618382
vt 0.649169 0.488301
vt 0.648323 0.486628
vt 0.650541 0.487527
vt 0.646349 0.487295
vt 0.646925 0.486192
vt 0.638375 0.485031
vt 0.680162 0.622531
vt 0.643052 0.487713
vt 0.027181 0.437306
vt 0.138921 0.614861
vt 0.190274 0.665560
vt 0.011245 0.307518
vt 0.205316 0.672011
vt 0.213204 0.668011
vt 0.214549 0.663931
vt 0.223322 0.648200
vt 0.200540 0.602241
vt 0.196014 0.585312
vt 0.184786 0.524724
vt 0.988687 0.346567
vt 0.172454 0.481532
vt 0.162770 0.446499
vt 0.147911 0.407079
vt 0.155456 0.427554
vt 0.981043 0.311376
vt 0.142754 0.400455
vt 0.141423 0.393857
vt 0.139441 0.386358
vt 0.137780 0.378714
vt 0.136256 0.360987
vt 0.139088 0.303982
vt 0.142174 0.281697
vt 0.147379 0.259148
vt 0.976217 0.229069
vt 0.148620 0.240488
vt 0.972635 0.198554
vt 0.974672 0.181116
vt 0.973100 0.153664
vt 0.966181 0.128329
vt 0.982919 0.137471
vt 0.975412 0.146780
vt 0.205860 0.136337
vt 0.183854 0.014564
vt 0.242880 0.104042
vt 0.216302 0.007729
vt 0.760350 0.631118
vt 0.981775 0.035276
vt 0.764610 0.615513
vt 0.981511 0.022095
vt 0.763010 0.587161
vt 0.682800 0.504431
vt 0.684132 0.500278
vt 0.702101 0.646600
vt 0.702101 0.644602
vt 0.703363 0.645613
vt 0.634202 0.487038
vt 0.632170 0.486926
vt 0.626532 0.488145
vt 0.672779 0.703801
vt 0.672779 0.700917
vt 0.673737 0.702823
vt 0.698903 0.616962
vt 0.697597 0.616942
vt 0.699370 0.614882
vt 0.694572 0.616110
vt 0.673737 0.703627
vt 0.673737 0.700917
vt 0.674826 0.702056
vt 0.659818 0.496202
vt 0.662533 0.496127
vt 0.659496 0.493277
vt 0.690227 0.644276
vt 0.690184 0.642887
vt 0.688295 0.616393
vt 0.660749 0.697748
vt 0.685076 0.669039
vt 0.684538 0.667644
vt 0.688473 0.668701
vt 0.683395 0.669227
vt 0.652425 0.489770
vt 0.650044 0.490073
vt 0.682589 0.668213
vt 0.681576 0.618440
vt 0.645625 0.492929
vt 0.680985 0.619261
vt 0.637689 0.486089
vt 0.636937 0.484530
vt 0.007759 0.373968
vt 0.124300 0.594524
vt 0.015514 0.239125
vt 0.204209 0.559970
vt 0.193112 0.530054
vt 0.178172 0.481336
vt 0.172181 0.468307
vt 0.140369 0.340811
vt 0.140818 0.330016
vt 0.158005 0.224697
vt 0.165504 0.210538
vt 0.751592 0.799139
vt 0.754872 0.788443
vt 0.761860 0.791109
vt 0.171645 0.194387
vt 0.963652 0.179014
vt 0.702102 0.634180
vt 0.702102 0.614882
vt 0.707049 0.628633
vt 0.176889 0.177671
vt 0.967155 0.164131
vt 0.758689 0.743572
vt 0.761152 0.757073
vt 0.757832 0.765099
vt 0.159652 0.020682
vt 0.219791 0.124550
vt 0.198034 0.007580
vt 0.758919 0.641540
vt 0.762936 0.660071
vt 0.761299 0.675427
vt 0.226561 0.003094
vt 0.764626 0.638523
vt 0.254043 0.003211
vt 0.261459 0.005119
vt 0.982248 0.039310
vt 0.982657 0.026198
vt 0.762910 0.606393
vt 0.984722 0.008400
vt 0.986425 0.007278
vt 0.764748 0.584662
vt 0.624672 0.486204
vt 0.761881 0.584305
vt 0.696748 0.615900
vt 0.657394 0.701726
vt 0.656158 0.698777
vt 0.657498 0.699946
vt 0.631884 0.488343
vt 0.629656 0.489158
vt 0.676341 0.506342
vt 0.670208 0.505679
vt 0.663916 0.497798
vt 0.661783 0.497194
vt 0.658640 0.494212
vt 0.658339 0.495543
vt 0.695858 0.668057
vt 0.694972 0.669121
vt 0.652969 0.492836
vt 0.687886 0.667391
vt 0.683843 0.666065
vt 0.681763 0.666469
vt 0.682897 0.664142
vt 0.680997 0.666187
vt 0.645235 0.489911
vt 0.636657 0.488724
vt 0.635121 0.485477
vt 0.043733 0.476084
vt 0.034712 0.459984
vt 0.057312 0.494909
vt 0.011030 0.395153
vt 0.132028 0.619736
vt 0.148138 0.633440
vt 0.004004 0.278005
vt 0.218815 0.685024
vt 0.219921 0.680816
vt 0.225376 0.674877
vt 0.213458 0.605765
vt 0.986793 0.361787
vt 0.973158 0.352193
vt 0.206771 0.584528
vt 0.191294 0.518813
vt 0.182138 0.493402
vt 0.154481 0.418148
vt 0.145464 0.397937
vt 0.142461 0.385451
vt 0.153942 0.234966
vt 0.754037 0.780559
vt 0.759444 0.784490
vt 0.766879 0.735353
vt 0.759286 0.684331
vt 0.764809 0.695859
vt 0.762010 0.706496
vt 0.764099 0.676307
vt 0.216412 0.002903
vt 0.241356 0.001192
vt 0.764174 0.597964
vt 0.982578 0.012913
vt 0.764237 0.590521
vt 0.622328 0.488636
vt 0.681866 0.508657
vt 0.676729 0.509641
vt 0.657498 0.697930
vt 0.651444 0.700528
vt 0.650648 0.702511
vt 0.649881 0.700528
vt 0.696975 0.669879
vt 0.646489 0.702709
vt 0.647308 0.700528
vt 0.648039 0.702709
vt 0.657370 0.496582
vt 0.687111 0.665784
vt 0.689857 0.666600
vt 0.684601 0.663499
vt 0.647942 0.495461
vt 0.680162 0.661273
vt 0.634994 0.489624
vt 0.642995 0.491995
vt 0.642058 0.490275
vt 0.638001 0.489115
vt 0.026216 0.415520
vt 0.021631 0.418864
vt 0.065124 0.517739
vt 0.145218 0.643205
vt 0.157196 0.648384
vt 0.002204 0.335123
vt 0.176768 0.674049
vt 0.001570 0.319640
vt 0.186065 0.670045
vt 0.003474 0.295575
vt 0.206504 0.680693
vt 0.229837 0.690234
vt 0.221375 0.659344
vt 0.968882 0.325055
vt 0.167595 0.443579
vt 0.161275 0.430729
vt 0.140996 0.367005
vt 0.971019 0.290126
vt 0.145636 0.292644
vt 0.964018 0.252732
vt 0.146119 0.281086
vt 0.963373 0.236601
vt 0.762649 0.815771
vt 0.757651 0.822341
vt 0.762000 0.807282
vt 0.751355 0.815736
vt 0.753711 0.803508
vt 0.646490 0.695387
vt 0.651444 0.690392
vt 0.969148 0.118902
vt 0.702019 0.679055
vt 0.707244 0.669879
vt 0.707244 0.689298
vt 0.973799 0.082240
vt 0.974323 0.097104
vt 0.970038 0.095581
vt 0.202326 0.005518
vt 0.222777 0.001895
vt 0.229125 0.000405
vt 0.977798 0.047116
vt 0.977299 0.039491
vt 0.980138 0.032386
vt 0.662892 0.697748
vt 0.662892 0.706338
vt 0.662663 0.702990
vt 0.977408 0.028162
vt 0.767100 0.595412
vt 0.979802 0.008869
vt 0.981882 0.005513
vt 0.767546 0.586072
vt 0.699142 0.667710
vt 0.699598 0.669775
vt 0.698078 0.668740
vt 0.629609 0.490855
vt 0.627332 0.489979
vt 0.624685 0.489207
vt 0.660637 0.499677
vt 0.658345 0.500246
vt 0.695473 0.665255
vt 0.653122 0.497822
vt 0.683694 0.661597
vt 0.681554 0.661979
vt 0.684485 0.703436
vt 0.685150 0.701716
vt 0.685150 0.704823
vt 0.641592 0.491557
vt 0.056497 0.506790
vt 0.016799 0.404777
vt 0.088324 0.562382
vt 0.101919 0.583532
vt 0.004745 0.352813
vt 0.167934 0.666288
vt 0.199411 0.682960
vt 0.216097 0.695820
vt 0.228370 0.700099
vt 0.227980 0.692895
vt 0.244055 0.697840
vt 0.238560 0.683126
vt 0.230762 0.655572
vt 0.226589 0.628099
vt 0.218057 0.580263
vt 0.190901 0.510576
vt 0.176758 0.468695
vt 0.188509 0.498125
vt 0.751274 0.363639
vt 0.747160 0.353686
vt 0.750043 0.349413
vt 0.141717 0.358087
vt 0.144311 0.314763
vt 0.965687 0.271388
vt 0.964435 0.205868
vt 0.761058 0.801178
vt 0.965439 0.154132
vt 0.967557 0.109473
vt 0.970792 0.081258
vt 0.973476 0.077797
vt 0.206271 0.002213
vt 0.771398 0.671840
vt 0.770276 0.649383
vt 0.975385 0.065919
vt 0.971753 0.066233
vt 0.975918 0.060713
vt 0.234122 0.000000
vt 0.767538 0.629960
vt 0.974659 0.045183
vt 0.973569 0.031516
vt 0.770354 0.612233
vt 0.767389 0.587745
vt 0.698065 0.664469
vt 0.625783 0.494293
vt 0.665052 0.510306
vt 0.689468 0.663702
vt 0.685261 0.662220
vt 0.649082 0.497631
vt 0.646471 0.494782
vt 0.643945 0.493624
vt 0.639735 0.492413
vt 0.637085 0.491688
vt 0.072654 0.533308
vt 0.123206 0.620360
vt 0.150523 0.656905
vt 0.006107 0.252573
vt 0.247247 0.710314
vt 0.241230 0.699030
vt 0.231431 0.641623
vt 0.967992 0.335900
vt 0.203302 0.546709
vt 0.151983 0.402724
vt 0.966915 0.303322
vt 0.149549 0.395179
vt 0.144495 0.330903
vt 0.160322 0.237157
vt 0.149993 0.258439
vt 0.751274 0.854301
vt 0.755151 0.832405
vt 0.764055 0.830788
vt 0.963939 0.198949
vt 0.758668 0.774745
vt 0.769521 0.762913
vt 0.187909 0.163556
vt 0.965003 0.144660
vt 0.964227 0.133692
vt 0.759948 0.724491
vt 0.971145 0.072906
vt 0.975163 0.055308
vt 0.975352 0.051529
vt 0.770472 0.619830
vt 0.771681 0.604917
vt 0.767269 0.589298
vt 0.699598 0.659815
vt 0.626427 0.497639
vt 0.621963 0.496289
vt 0.696826 0.662500
vt 0.695858 0.660600
vt 0.659786 0.502514
vt 0.656027 0.500844
vt 0.654342 0.500152
vt 0.691310 0.657727
vt 0.647371 0.498101
vt 0.682362 0.659469
vt 0.644904 0.495439
vt 0.636640 0.492963
vt 0.635101 0.493935
vt 0.662663 0.697748
vt 0.662663 0.702698
vt 0.661464 0.700078
vt 0.664807 0.701921
vt 0.666085 0.702816
vt 0.640683 0.494059
vt 0.637956 0.493317
vt 0.015770 0.412034
vt 0.010249 0.386613
vt 0.106915 0.597345
vt 0.160262 0.663713
vt 0.184039 0.684846
vt 0.202059 0.700489
vt 0.233669 0.710201
vt 0.983425 0.376483
vt 0.972897 0.368645
vt 0.240925 0.668631
vt 0.204469 0.542926
vt 0.196932 0.518701
vt 0.744569 0.373671
vt 0.747251 0.378729
vt 0.742762 0.399855
vt 0.746915 0.386512
vt 0.751182 0.397968
vt 0.750209 0.414448
vt 0.744894 0.422619
vt 0.749117 0.421708
vt 0.751274 0.436574
vt 0.765065 0.821066
vt 0.963721 0.187235
vt 0.768741 0.775614
vt 0.965572 0.104471
vt 0.770529 0.710522
vt 0.966636 0.091653
vt 0.967154 0.080312
vt 0.970526 0.061981
vt 0.969358 0.057674
vt 0.970764 0.048113
vt 0.973518 0.020044
vt 0.977261 0.003992
vt 0.620819 0.495969
vt 0.676663 0.514405
vt 0.659061 0.505471
vt 0.657175 0.504304
vt 0.693031 0.658191
vt 0.667828 0.511209
vt 0.671994 0.512592
vt 0.654285 0.506733
vt 0.649842 0.501028
vt 0.685712 0.659308
vt 0.684145 0.658622
vt 0.647159 0.499563
vt 0.638433 0.496427
vt 0.636258 0.494268
vt 0.754969 0.461597
vt 0.751274 0.451785
vt 0.752493 0.434258
vt 0.756666 0.473700
vt 0.754487 0.477525
vt 0.751418 0.465768
vt 0.138119 0.644418
vt 0.177302 0.687336
vt 0.000000 0.305185
vt 0.215847 0.701654
vt 0.231599 0.718897
vt 0.248920 0.716704
vt 0.253545 0.712607
vt 0.253390 0.705806
vt 0.261243 0.714370
vt 0.254564 0.700315
vt 0.249802 0.687116
vt 0.971750 0.345809
vt 0.225928 0.602762
vt 0.209425 0.543088
vt 0.745900 0.283794
vt 0.747188 0.277790
vt 0.748766 0.308925
vt 0.748712 0.335251
vt 0.752354 0.880419
vt 0.755005 0.882226
vt 0.751554 0.897592
vt 0.752037 0.871495
vt 0.754330 0.852374
vt 0.761236 0.867293
vt 0.960866 0.201367
vt 0.961902 0.172032
vt 0.770410 0.747003
vt 0.962652 0.128745
vt 0.771646 0.720935
vt 0.771905 0.699359
vt 0.967870 0.070771
vt 0.774585 0.653476
vt 0.967050 0.062625
vt 0.969459 0.045766
vt 0.969470 0.035910
vt 0.773147 0.598960
vt 0.770158 0.592653
vt 0.680672 0.512941
vt 0.683721 0.705809
vt 0.683721 0.701716
vt 0.684172 0.703383
vt 0.697687 0.661044
vt 0.684650 0.653964
vt 0.634774 0.495336
vt 0.681889 0.655869
vt 0.680839 0.656961
vt 0.708138 0.669093
vt 0.704996 0.650627
vt 0.708138 0.639239
vt 0.045882 0.489780
vt 0.756456 0.432237
vt 0.753639 0.412165
vt 0.709318 0.637357
vt 0.707049 0.620669
vt 0.709318 0.614883
vt 0.073175 0.540655
vt 0.165787 0.677499
vt 0.214709 0.711927
vt 0.239762 0.721749
vt 0.976396 0.393569
vt 0.250059 0.725290
vt 0.261454 0.721158
vt 0.967365 0.347719
vt 0.248487 0.672466
vt 0.213079 0.558499
vt 0.745613 0.255989
vt 0.742974 0.257118
vt 0.741704 0.229076
vt 0.966164 0.314336
vt 0.740168 0.287742
vt 0.742995 0.326810
vt 0.741440 0.346790
vt 0.744453 0.410668
vt 0.146262 0.369146
vt 0.737712 0.423278
vt 0.150378 0.352734
vt 0.960765 0.219883
vt 0.960054 0.184535
vt 0.769276 0.789357
vt 0.960049 0.163570
vt 0.960306 0.152619
vt 0.961992 0.140691
vt 0.961516 0.115165
vt 0.962598 0.096490
vt 0.965484 0.078558
vt 0.964538 0.070345
vt 0.966803 0.051208
vt 0.773388 0.626573
vt 0.774752 0.614460
vt 0.781130 0.588547
vt 0.775063 0.586569
vt 0.970996 0.003591
vt 0.772491 0.582547
vt 0.772776 0.581165
vt 0.698654 0.659679
vt 0.673523 0.513131
vt 0.695772 0.655687
vt 0.656747 0.506215
vt 0.649647 0.502492
vt 0.639379 0.498337
vt 0.635595 0.497454
vt 0.682511 0.654076
vt 0.756015 0.397608
vt 0.756633 0.417341
vt 0.753417 0.361880
vt 0.755100 0.348485
vt 0.755766 0.382387
vt 0.756915 0.356545
vt 0.709423 0.639239
vt 0.709423 0.671060
vt 0.708138 0.655546
vt 0.061556 0.520335
vt 0.758207 0.460798
vt 0.083452 0.558227
vt 0.751955 0.297918
vt 0.754633 0.282894
vt 0.754129 0.304755
vt 0.751274 0.272557
vt 0.758279 0.488373
vt 0.753219 0.484305
vt 0.757809 0.502342
vt 0.753354 0.495609
vt 0.003314 0.370114
vt 0.150045 0.665060
vt 0.000875 0.346813
vt 0.976879 0.428888
vt 0.979996 0.413171
vt 0.983016 0.426016
vt 0.971803 0.383224
vt 0.249024 0.729631
vt 0.969695 0.365020
vt 0.260291 0.725332
vt 0.262038 0.731768
vt 0.267377 0.729019
vt 0.265689 0.722738
vt 0.264155 0.713165
vt 0.267029 0.718748
vt 0.273584 0.721124
vt 0.253064 0.638596
vt 0.245002 0.626296
vt 0.966558 0.335565
vt 0.220021 0.572885
vt 0.738712 0.228621
vt 0.741606 0.264656
vt 0.740118 0.307890
vt 0.963394 0.300059
vt 0.738476 0.358832
vt 0.738308 0.391654
vt 0.962396 0.288482
vt 0.747149 0.443255
vt 0.749642 0.456441
vt 0.745337 0.455904
vt 0.760043 0.888143
vt 0.762187 0.883055
vt 0.960354 0.249670
vt 0.958319 0.235017
vt 0.767528 0.839287
vt 0.763205 0.851059
vt 0.956794 0.192032
vt 0.956830 0.178893
vt 0.775480 0.785075
vt 0.958847 0.139922
vt 0.958961 0.130844
vt 0.776755 0.732515
vt 0.961635 0.084841
vt 0.775587 0.682400
vt 0.960790 0.075013
vt 0.963477 0.064706
vt 0.964326 0.057524
vt 0.776250 0.636492
vt 0.969539 0.024811
vt 0.969962 0.010977
vt 0.775398 0.583362
vt 0.778875 0.579589
vt 0.620943 0.499100
vt 0.618742 0.501479
vt 0.652218 0.697930
vt 0.652218 0.703883
vt 0.651444 0.700627
vt 0.697474 0.657542
vt 0.656457 0.507782
vt 0.706388 0.638875
vt 0.706158 0.637329
vt 0.706388 0.634486
vt 0.670574 0.512109
vt 0.668110 0.514267
vt 0.659048 0.510115
vt 0.650612 0.506352
vt 0.648012 0.503298
vt 0.646891 0.501065
vt 0.638558 0.503325
vt 0.636378 0.500470
vt 0.758336 0.408619
vt 0.758844 0.372197
vt 0.754367 0.325080
vt 0.757962 0.332013
vt 0.756120 0.323908
vt 0.759949 0.453725
vt 0.760051 0.477260
vt 0.754061 0.259200
vt 0.753347 0.513700
vt 0.757056 0.521538
vt 0.140618 0.652371
vt 0.758551 0.543623
vt 0.753585 0.541066
vt 0.754171 0.528993
vt 0.158949 0.676379
vt 0.754746 0.553307
vt 0.980594 0.435691
vt 0.979225 0.448850
vt 0.180732 0.696812
vt 0.975969 0.421737
vt 0.972462 0.400221
vt 0.233440 0.725425
vt 0.966619 0.370060
vt 0.967088 0.358176
vt 0.267966 0.726937
vt 0.272884 0.726468
vt 0.267207 0.711982
vt 0.248250 0.664118
vt 0.270291 0.702580
vt 0.232772 0.601950
vt 0.226409 0.585732
vt 0.216340 0.557517
vt 0.734263 0.298032
vt 0.737080 0.343234
vt 0.736845 0.377458
vt 0.735578 0.403636
vt 0.961369 0.273031
vt 0.737398 0.415857
vt 0.739902 0.438302
vt 0.958856 0.270805
vt 0.742805 0.461319
vt 0.766267 0.862283
vt 0.771589 0.829227
vt 0.957541 0.203896
vt 0.957356 0.214021
vt 0.774523 0.814698
vt 0.773007 0.798173
vt 0.956838 0.164447
vt 0.776573 0.768398
vt 0.958308 0.111573
vt 0.963296 0.042311
vt 0.777739 0.632009
vt 0.779256 0.622783
vt 0.777744 0.611657
vt 0.972913 0.001288
vt 0.677892 0.516518
vt 0.627002 0.500566
vt 0.625106 0.500398
vt 0.698099 0.656072
vt 0.673653 0.517891
vt 0.695087 0.653742
vt 0.654036 0.508431
vt 0.692085 0.654592
vt 0.670046 0.513444
vt 0.659828 0.511780
vt 0.652283 0.507393
vt 0.665911 0.512086
vt 0.635313 0.499520
vt 0.684610 0.652778
vt 0.760799 0.390829
vt 0.759283 0.419319
vt 0.759350 0.321347
vt 0.761703 0.464377
vt 0.758067 0.285192
vt 0.761112 0.511422
vt 0.757466 0.253734
vt 0.751800 0.230317
vt 0.755234 0.224953
vt 0.751823 0.201985
vt 0.754083 0.194668
vt 0.756065 0.203066
vt 0.760911 0.523689
vt 0.760570 0.534509
vt 0.170724 0.689851
vt 0.189942 0.704486
vt 0.974062 0.428512
vt 0.207038 0.718807
vt 0.221327 0.727195
vt 0.968185 0.385253
vt 0.248030 0.733962
vt 0.258884 0.735368
vt 0.268096 0.739766
vt 0.272448 0.731973
vt 0.272337 0.737987
vt 0.278806 0.730886
vt 0.278750 0.727494
vt 0.271917 0.693721
vt 0.274179 0.710967
vt 0.261965 0.660626
vt 0.277522 0.717940
vt 0.962929 0.316569
vt 0.735690 0.315196
vt 0.959423 0.294998
vt 0.773780 0.806674
vt 0.955120 0.154681
vt 0.955553 0.139273
vt 0.776410 0.744800
vt 0.956311 0.118512
vt 0.776153 0.715071
vt 0.957174 0.102724
vt 0.782252 0.711480
vt 0.780432 0.656174
vt 0.959745 0.053978
vt 0.965651 0.018273
vt 0.780952 0.596311
vt 0.779779 0.585255
vt 0.779878 0.583210
vt 0.679868 0.519083
vt 0.675701 0.522017
vt 0.626170 0.502044
vt 0.670275 0.516886
vt 0.694911 0.651937
vt 0.655550 0.510828
vt 0.653737 0.510122
vt 0.650152 0.510249
vt 0.650362 0.508162
vt 0.662587 0.512540
vt 0.645175 0.509722
vt 0.644438 0.505529
vt 0.689933 0.650264
vt 0.762535 0.406234
vt 0.762935 0.421349
vt 0.761861 0.361870
vt 0.764979 0.485181
vt 0.763143 0.499095
vt 0.759732 0.272929
vt 0.758689 0.233549
vt 0.156771 0.677976
vt 0.163521 0.685024
vt 0.974438 0.441552
vt 0.234964 0.734197
vt 0.967428 0.404638
vt 0.241215 0.740108
vt 0.265861 0.744804
vt 0.964143 0.349170
vt 0.961361 0.337728
vt 0.277526 0.734975
vt 0.274782 0.679338
vt 0.279603 0.722093
vt 0.287079 0.729325
vt 0.231505 0.595706
vt 0.231199 0.589186
vt 0.739922 0.213330
vt 0.735820 0.274882
vt 0.735376 0.385137
vt 0.955744 0.286598
vt 0.737807 0.430618
vt 0.955752 0.259129
vt 0.955013 0.242936
vt 0.770352 0.853126
vt 0.955928 0.232643
vt 0.953537 0.167025
vt 0.783786 0.746245
vt 0.955876 0.128747
vt 0.781580 0.730018
vt 0.956954 0.081373
vt 0.957469 0.058747
vt 0.620793 0.503578
vt 0.627171 0.503698
vt 0.630409 0.503749
vt 0.628759 0.503803
vt 0.629540 0.501962
vt 0.697655 0.652515
vt 0.692292 0.649172
vt 0.655028 0.511943
vt 0.656945 0.511283
vt 0.649810 0.512230
vt 0.646727 0.510559
vt 0.666251 0.515148
vt 0.651387 0.520084
vt 0.654274 0.513486
vt 0.664872 0.514729
vt 0.640686 0.507818
vt 0.670669 0.701596
vt 0.670669 0.696381
vt 0.670842 0.698902
vt 0.635559 0.506192
vt 0.690688 0.648533
vt 0.764732 0.435019
vt 0.763184 0.348134
vt 0.764365 0.326588
vt 0.766668 0.463623
vt 0.763722 0.301609
vt 0.764574 0.509027
vt 0.759177 0.194168
vt 0.757060 0.185808
vt 0.764358 0.518695
vt 0.753501 0.178563
vt 0.199940 0.717589
vt 0.968886 0.406938
vt 0.228258 0.736815
vt 0.252929 0.742687
vt 0.257476 0.741906
vt 0.964117 0.364885
vt 0.269270 0.744812
vt 0.280263 0.742851
vt 0.283614 0.739492
vt 0.958278 0.323312
vt 0.285767 0.723139
vt 0.283681 0.718919
vt 0.957409 0.309641
vt 0.229113 0.580060
vt 0.735857 0.245373
vt 0.956671 0.299966
vt 0.954575 0.267901
vt 0.735781 0.445092
vt 0.637727 0.696072
vt 0.643598 0.690392
vt 0.643598 0.704310
vt 0.765266 0.893135
vt 0.954368 0.225385
vt 0.954035 0.213317
vt 0.953785 0.201433
vt 0.951943 0.186191
vt 0.777059 0.760039
vt 0.952012 0.154157
vt 0.952364 0.135733
vt 0.952805 0.123868
vt 0.952550 0.097776
vt 0.959383 0.045318
vt 0.959585 0.034932
vt 0.962068 0.030275
vt 0.955976 0.009533
vt 0.966929 0.000000
vt 0.781653 0.580460
vt 0.630883 0.505873
vt 0.629489 0.505781
vt 0.675622 0.701412
vt 0.675622 0.704628
vt 0.674827 0.702740
vt 0.626390 0.505233
vt 0.672457 0.520500
vt 0.701865 0.701524
vt 0.701976 0.703191
vt 0.701865 0.705429
vt 0.634018 0.505963
vt 0.668032 0.518755
vt 0.666659 0.518260
vt 0.651579 0.515722
vt 0.637080 0.504838
vt 0.639021 0.509180
vt 0.662436 0.517005
vt 0.767462 0.319144
vt 0.763070 0.274973
vt 0.762622 0.257686
vt 0.761408 0.221422
vt 0.759683 0.181520
vt 0.759646 0.165439
vt 0.756355 0.164731
vt 0.767096 0.535361
vt 0.763375 0.547063
vt 0.755885 0.154735
vt 0.758876 0.143912
vt 0.168967 0.695148
vt 0.761391 0.554910
vt 0.177710 0.702897
vt 0.187510 0.710124
vt 0.970527 0.438665
vt 0.967759 0.431803
vt 0.967817 0.420824
vt 0.963786 0.390323
vt 0.964042 0.379631
vt 0.271796 0.749189
vt 0.260805 0.747724
vt 0.958341 0.357468
vt 0.277586 0.744318
vt 0.960124 0.342122
vt 0.285229 0.735231
vt 0.244679 0.618063
vt 0.734503 0.192302
vt 0.735901 0.187822
vt 0.734442 0.203219
vt 0.731194 0.338017
vt 0.732510 0.367619
vt 0.731888 0.424181
vt 0.730824 0.432894
vt 0.952637 0.262487
vt 0.951552 0.238753
vt 0.950726 0.212719
vt 0.950437 0.197526
vt 0.950264 0.174586
vt 0.949677 0.120546
vt 0.784996 0.718713
vt 0.785771 0.688042
vt 0.948507 0.084634
vt 0.954194 0.074149
vt 0.955388 0.062368
vt 0.786880 0.620308
vt 0.782730 0.585461
vt 0.961704 0.003605
vt 0.782080 0.577819
vt 0.619085 0.504568
vt 0.622525 0.507199
vt 0.631103 0.509839
vt 0.623419 0.509001
vt 0.624324 0.506271
vt 0.636430 0.508425
vt 0.633501 0.508254
vt 0.649819 0.700528
vt 0.649819 0.702950
vt 0.648580 0.701150
vt 0.631896 0.508120
vt 0.632739 0.505980
vt 0.669093 0.520582
vt 0.644544 0.513183
vt 0.644812 0.511966
vt 0.643283 0.511088
vt 0.641837 0.510406
vt 0.691454 0.646698
vt 0.771205 0.425228
vt 0.773277 0.464330
vt 0.763650 0.235874
vt 0.762328 0.194640
vt 0.760911 0.154273
vt 0.762126 0.144604
vt 0.764731 0.553874
vt 0.971591 0.445071
vt 0.960622 0.376569
vt 0.960834 0.365364
vt 0.248248 0.745581
vt 0.268155 0.751695
vt 0.957206 0.346164
vt 0.957447 0.330898
vt 0.284545 0.750151
vt 0.282998 0.741611
vt 0.288785 0.739080
vt 0.953647 0.324319
vt 0.290185 0.735018
vt 0.954111 0.309330
vt 0.252984 0.630313
vt 0.244447 0.613190
vt 0.737240 0.178732
vt 0.731725 0.159211
vt 0.243246 0.605406
vt 0.733027 0.218633
vt 0.730005 0.247947
vt 0.729623 0.357992
vt 0.727972 0.386047
vt 0.951921 0.277932
vt 0.728296 0.407495
vt 0.736437 0.453567
vt 0.948817 0.250671
vt 0.770870 0.884491
vt 0.947986 0.229519
vt 0.947519 0.213960
vt 0.776176 0.841437
vt 0.947063 0.183914
vt 0.780153 0.801624
vt 0.950280 0.166556
vt 0.778811 0.779915
vt 0.947199 0.150474
vt 0.949009 0.139879
vt 0.950184 0.110455
vt 0.785040 0.644112
vt 0.790141 0.609307
vt 0.956052 0.027447
vt 0.785608 0.591866
vt 0.783494 0.578095
vt 0.677713 0.528079
vt 0.673618 0.522617
vt 0.618340 0.505874
vt 0.634018 0.510368
vt 0.641342 0.512679
vt 0.635691 0.510659
vt 0.638219 0.516494
vt 0.664241 0.520496
vt 0.771005 0.408652
vt 0.774058 0.396763
vt 0.776326 0.352337
vt 0.768559 0.370181
vt 0.771648 0.471526
vt 0.769756 0.498477
vt 0.769608 0.505448
vt 0.764660 0.215514
vt 0.764261 0.202825
vt 0.765256 0.185418
vt 0.769163 0.522228
vt 0.758141 0.131990
vt 0.760035 0.135855
vt 0.967664 0.441705
vt 0.209134 0.731373
vt 0.961466 0.423134
vt 0.963092 0.410858
vt 0.230630 0.741001
vt 0.256924 0.752526
vt 0.260891 0.753648
vt 0.269363 0.756554
vt 0.279601 0.750763
vt 0.288342 0.744696
vt 0.291773 0.731001
vt 0.282770 0.688065
vt 0.286445 0.713010
vt 0.289866 0.723302
vt 0.293810 0.720234
vt 0.951432 0.295170
vt 0.730170 0.205869
vt 0.731681 0.188820
vt 0.726812 0.303607
vt 0.731040 0.397118
vt 0.785528 0.790915
vt 0.947873 0.124760
vt 0.784630 0.671239
vt 0.950234 0.064459
vt 0.953553 0.050828
vt 0.789683 0.638239
vt 0.787330 0.583883
vt 0.786049 0.581396
vt 0.620407 0.509547
vt 0.671691 0.523276
vt 0.667003 0.522895
vt 0.660819 0.521068
vt 0.656823 0.522965
vt 0.774927 0.483391
vt 0.764759 0.171006
vt 0.764431 0.161297
vt 0.218070 0.741512
vt 0.957764 0.395437
vt 0.244122 0.750325
vt 0.954210 0.365008
vt 0.954135 0.348188
vt 0.953543 0.342026
vt 0.666387 0.697985
vt 0.666085 0.694188
vt 0.666387 0.690392
vt 0.952637 0.331986
vt 0.289561 0.749699
vt 0.292945 0.746412
vt 0.293233 0.737279
vt 0.296879 0.725866
vt 0.295211 0.729799
vt 0.259081 0.643176
vt 0.725512 0.249156
vt 0.728386 0.277365
vt 0.726734 0.340731
vt 0.947027 0.277672
vt 0.949641 0.267014
vt 0.725317 0.441019
vt 0.945460 0.248458
vt 0.777055 0.883070
vt 0.774957 0.864333
vt 0.776334 0.853013
vt 0.781881 0.815896
vt 0.945401 0.175625
vt 0.945439 0.164421
vt 0.785765 0.764650
vt 0.945711 0.102810
vt 0.946511 0.090084
vt 0.953074 0.043591
vt 0.948171 0.017721
vt 0.785654 0.588722
vt 0.673288 0.527408
vt 0.788017 0.578086
vt 0.787071 0.574989
vt 0.670192 0.706033
vt 0.670192 0.702040
vt 0.670369 0.703934
vt 0.669755 0.524061
vt 0.621360 0.511347
vt 0.631881 0.516109
vt 0.629479 0.513910
vt 0.627629 0.514784
vt 0.648580 0.706603
vt 0.648039 0.702187
vt 0.648580 0.700528
vt 0.663760 0.521840
vt 0.662290 0.521430
vt 0.644371 0.521148
vt 0.779299 0.332500
vt 0.774741 0.283825
vt 0.770573 0.249141
vt 0.767235 0.151858
vt 0.762913 0.127948
vt 0.765068 0.138459
vt 0.771318 0.552005
vt 0.773329 0.542636
vt 0.763894 0.114694
vt 0.767723 0.559428
vt 0.757087 0.119692
vt 0.761683 0.105634
vt 0.964843 0.434589
vt 0.195058 0.723022
vt 0.226556 0.747945
vt 0.233672 0.749160
vt 0.955836 0.379491
vt 0.951892 0.358455
vt 0.279699 0.756597
vt 0.282326 0.755168
vt 0.287731 0.752416
vt 0.291681 0.755957
vt 0.295810 0.741682
vt 0.947758 0.311839
vt 0.261677 0.639180
vt 0.261492 0.642444
vt 0.257669 0.627522
vt 0.727523 0.160231
vt 0.944220 0.284797
vt 0.726959 0.411899
vt 0.774496 0.901540
vt 0.941387 0.235705
vt 0.944679 0.227361
vt 0.783038 0.819541
vt 0.788405 0.770610
vt 0.789418 0.748824
vt 0.941165 0.130058
vt 0.793537 0.730295
vt 0.941818 0.113961
vt 0.789756 0.709425
vt 0.944079 0.078720
vt 0.944531 0.073291
vt 0.945025 0.067986
vt 0.945039 0.053883
vt 0.796297 0.609572
vt 0.788709 0.587045
vt 0.790879 0.579635
vt 0.788814 0.573643
vt 0.789986 0.575224
vt 0.624509 0.515306
vt 0.661341 0.524257
vt 0.645445 0.518464
vt 0.638612 0.519494
vt 0.771909 0.300794
vt 0.777978 0.499209
vt 0.775986 0.512900
vt 0.768733 0.192136
vt 0.764975 0.101687
vt 0.203623 0.731237
vt 0.210499 0.736553
vt 0.960428 0.415776
vt 0.240224 0.757149
vt 0.255802 0.759039
vt 0.262524 0.761906
vt 0.264782 0.757335
vt 0.284210 0.758170
vt 0.947049 0.323360
vt 0.294092 0.751375
vt 0.298730 0.749882
vt 0.299186 0.737361
vt 0.301030 0.732920
vt 0.276299 0.670501
vt 0.272197 0.662011
vt 0.726212 0.133384
vt 0.727215 0.211845
vt 0.725859 0.191412
vt 0.722643 0.227138
vt 0.725285 0.320531
vt 0.726524 0.373369
vt 0.723338 0.432290
vt 0.940710 0.198102
vt 0.941413 0.122661
vt 0.792174 0.668975
vt 0.948910 0.049218
vt 0.948674 0.040939
vt 0.790132 0.593527
vt 0.790708 0.581252
vt 0.670346 0.529431
vt 0.666003 0.525879
vt 0.652334 0.521861
vt 0.775916 0.409082
vt 0.776110 0.424155
vt 0.778564 0.377110
vt 0.776520 0.461664
vt 0.772983 0.221034
vt 0.781022 0.513254
vt 0.773092 0.187697
vt 0.780453 0.526852
vt 0.765646 0.116790
vt 0.958811 0.438646
vt 0.762631 0.093782
vt 0.954836 0.434418
vt 0.762671 0.085109
vt 0.762341 0.076170
vt 0.764916 0.078675
vt 0.954690 0.410000
vt 0.254307 0.762011
vt 0.275572 0.761039
vt 0.269634 0.762528
vt 0.941500 0.334540
vt 0.302835 0.727232
vt 0.297012 0.706050
vt 0.733276 0.151717
vt 0.727635 0.121053
vt 0.268853 0.651650
vt 0.724280 0.203808
vt 0.940067 0.295488
vt 0.722073 0.394849
vt 0.942993 0.264140
vt 0.781868 0.869197
vt 0.939276 0.208027
vt 0.935801 0.152608
vt 0.793151 0.693438
vt 0.942977 0.057535
vt 0.681570 0.535253
vt 0.677697 0.534766
vt 0.675012 0.531656
vt 0.794380 0.576582
vt 0.793381 0.573099
vt 0.619589 0.512356
vt 0.621292 0.515897
vt 0.628172 0.517964
vt 0.631008 0.518781
vt 0.648866 0.526833
vt 0.776240 0.436143
vt 0.781483 0.475279
vt 0.772197 0.153905
vt 0.768002 0.137146
vt 0.769273 0.125668
vt 0.965802 0.450607
vt 0.766678 0.083901
vt 0.953382 0.424612
vt 0.765700 0.066421
vt 0.763020 0.065676
vt 0.951531 0.398454
vt 0.235046 0.756600
vt 0.950715 0.377856
vt 0.949184 0.363898
vt 0.268028 0.765745
vt 0.279919 0.765148
vt 0.292161 0.762282
vt 0.288297 0.761822
vt 0.295313 0.756115
vt 0.297378 0.756520
vt 0.299949 0.745511
vt 0.306121 0.741702
vt 0.301411 0.711087
vt 0.289744 0.695469
vt 0.723521 0.117317
vt 0.719375 0.270563
vt 0.719260 0.344833
vt 0.721974 0.382448
vt 0.725158 0.359183
vt 0.718102 0.415730
vt 0.720828 0.406908
vt 0.940583 0.247931
vt 0.939528 0.218242
vt 0.789846 0.811527
vt 0.792219 0.801785
vt 0.934031 0.171450
vt 0.934532 0.135611
vt 0.937130 0.110737
vt 0.798372 0.664391
vt 0.943095 0.045293
vt 0.802228 0.631041
vt 0.796281 0.606352
vt 0.791740 0.588484
vt 0.795217 0.584497
vt 0.674095 0.536429
vt 0.669704 0.532692
vt 0.660514 0.527331
vt 0.782556 0.418585
vt 0.780713 0.323330
vt 0.779842 0.482380
vt 0.781268 0.489613
vt 0.778547 0.241954
vt 0.779239 0.213553
vt 0.771600 0.140763
vt 0.772746 0.130944
vt 0.770195 0.108922
vt 0.769711 0.103778
vt 0.768779 0.087826
vt 0.244844 0.762230
vt 0.944052 0.344824
vt 0.287901 0.763915
vt 0.302343 0.755599
vt 0.303373 0.747928
vt 0.304352 0.715036
vt 0.720340 0.146974
vt 0.723283 0.145665
vt 0.726284 0.106721
vt 0.282447 0.670322
vt 0.288459 0.684526
vt 0.296141 0.699869
vt 0.722335 0.301756
vt 0.717557 0.368039
vt 0.714443 0.380395
vt 0.940378 0.275095
vt 0.721476 0.424842
vt 0.732481 0.460341
vt 0.726500 0.459893
vt 0.936726 0.231802
vt 0.786602 0.842753
vt 0.779383 0.839806
vt 0.790917 0.778440
vt 0.936512 0.095031
vt 0.939365 0.061195
vt 0.687716 0.548581
vt 0.687566 0.545182
vt 0.799359 0.603005
vt 0.682178 0.543950
vt 0.675986 0.535564
vt 0.658845 0.534939
vt 0.796792 0.571141
vt 0.796324 0.574035
vt 0.792470 0.570244
vt 0.620705 0.518884
vt 0.623378 0.519564
vt 0.628753 0.521146
vt 0.705859 0.638673
vt 0.705384 0.635533
vt 0.705859 0.634180
vt 0.643905 0.526953
vt 0.639059 0.522601
vt 0.635840 0.523089
vt 0.641449 0.524744
vt 0.783954 0.400508
vt 0.785422 0.392967
vt 0.783060 0.357385
vt 0.784672 0.463739
vt 0.779781 0.288894
vt 0.778993 0.257639
vt 0.782769 0.502389
vt 0.774376 0.167005
vt 0.783253 0.539146
vt 0.780857 0.557637
vt 0.955565 0.449503
vt 0.769728 0.079470
vt 0.767771 0.072238
vt 0.945569 0.415677
vt 0.946300 0.408686
vt 0.766370 0.053976
vt 0.764270 0.049681
vt 0.767819 0.052152
vt 0.254774 0.765376
vt 0.264872 0.765649
vt 0.275581 0.769083
vt 0.277892 0.767337
vt 0.304634 0.749960
vt 0.304943 0.743840
vt 0.309078 0.721840
vt 0.722280 0.096599
vt 0.715843 0.151405
vt 0.718128 0.225300
vt 0.718225 0.208127
vt 0.303227 0.707342
vt 0.719302 0.307751
vt 0.719165 0.355658
vt 0.937565 0.282264
vt 0.714524 0.391253
vt 0.784745 0.858457
vt 0.787532 0.847867
vt 0.934058 0.184386
vt 0.796481 0.785962
vt 0.933574 0.117733
vt 0.940784 0.079889
vt 0.940135 0.069048
vt 0.796554 0.589584
vt 0.797167 0.580508
vt 0.795943 0.576896
vt 0.628397 0.522523
vt 0.784254 0.335933
vt 0.774102 0.126060
vt 0.772969 0.105772
vt 0.772216 0.092084
vt 0.770674 0.068214
vt 0.770238 0.062025
vt 0.771123 0.053261
vt 0.767045 0.043204
vt 0.762871 0.036223
vt 0.769571 0.038062
vt 0.766054 0.033928
vt 0.767796 0.033865
vt 0.944273 0.378464
vt 0.259450 0.767561
vt 0.943485 0.371519
vt 0.265060 0.769918
vt 0.938684 0.356492
vt 0.281852 0.765423
vt 0.294872 0.766651
vt 0.299379 0.759661
vt 0.302227 0.758301
vt 0.306429 0.754044
vt 0.308330 0.735525
vt 0.307156 0.719132
vt 0.718464 0.186166
vt 0.722429 0.083958
vt 0.299128 0.698978
vt 0.304957 0.711627
vt 0.717772 0.321596
vt 0.716038 0.371095
vt 0.934764 0.261784
vt 0.717868 0.442101
vt 0.931239 0.210755
vt 0.929416 0.200539
vt 0.788411 0.825992
vt 0.935787 0.194372
vt 0.930834 0.164854
vt 0.797235 0.748323
vt 0.801642 0.715982
vt 0.800853 0.689348
vt 0.796532 0.679162
vt 0.799328 0.619433
vt 0.942347 0.023600
vt 0.678176 0.541916
vt 0.799519 0.574116
vt 0.645683 0.532533
vt 0.637794 0.526701
vt 0.632204 0.525123
vt 0.787508 0.424856
vt 0.786138 0.448846
vt 0.786208 0.494144
vt 0.788463 0.529952
vt 0.778423 0.147802
vt 0.776289 0.107678
vt 0.777289 0.100970
vt 0.771857 0.042258
vt 0.766896 0.029262
vt 0.283832 0.771022
vt 0.285758 0.771292
vt 0.290379 0.770351
vt 0.297921 0.762994
vt 0.298998 0.761922
vt 0.645339 0.614882
vt 0.648284 0.615881
vt 0.643439 0.616367
vt 0.934788 0.328073
vt 0.934799 0.312388
vt 0.303277 0.756952
vt 0.312115 0.743359
vt 0.717493 0.135719
vt 0.717757 0.118330
vt 0.719492 0.096251
vt 0.291399 0.685322
vt 0.714858 0.259441
vt 0.723712 0.068366
vt 0.721540 0.066402
vt 0.721533 0.050517
vt 0.714779 0.299807
vt 0.930820 0.277963
vt 0.782455 0.887778
vt 0.787276 0.862692
vt 0.926535 0.215548
vt 0.789819 0.854498
vt 0.798268 0.757410
vt 0.929426 0.149099
vt 0.932074 0.090656
vt 0.935419 0.054794
vt 0.714511 0.558434
vt 0.707039 0.563181
vt 0.710699 0.551592
vt 0.692218 0.552598
vt 0.668917 0.545230
vt 0.624947 0.524724
vt 0.638377 0.530050
vt 0.790536 0.408448
vt 0.789551 0.480070
vt 0.787382 0.267516
vt 0.784798 0.234463
vt 0.779352 0.170509
vt 0.783285 0.189886
vt 0.781926 0.154516
vt 0.775068 0.087136
vt 0.772754 0.076042
vt 0.943975 0.427781
vt 0.775382 0.067923
vt 0.772326 0.069421
vt 0.771263 0.036309
vt 0.273357 0.770738
vt 0.277995 0.770366
vt 0.933011 0.347830
vt 0.637194 0.618601
vt 0.641925 0.616621
vt 0.638662 0.618360
vt 0.644800 0.619200
vt 0.649986 0.615781
vt 0.654275 0.616892
vt 0.309379 0.749581
vt 0.312838 0.732611
vt 0.718404 0.072321
vt 0.717477 0.045188
vt 0.309961 0.718318
vt 0.931925 0.294941
vt 0.713239 0.338330
vt 0.710743 0.421239
vt 0.717224 0.430434
vt 0.787427 0.873353
vt 0.809656 0.813362
vt 0.927670 0.159930
vt 0.929777 0.133822
vt 0.932903 0.079591
vt 0.697367 0.540127
vt 0.683526 0.549750
vt 0.800100 0.592499
vt 0.801496 0.590410
vt 0.658257 0.546489
vt 0.801357 0.579531
vt 0.654850 0.537780
vt 0.801605 0.570527
vt 0.629068 0.525783
vt 0.643063 0.529941
vt 0.635975 0.527744
vt 0.632870 0.528452
vt 0.791814 0.390203
vt 0.789366 0.283184
vt 0.787284 0.517691
vt 0.783196 0.138162
vt 0.780377 0.123075
vt 0.946032 0.441591
vt 0.774711 0.058629
vt 0.938374 0.397748
vt 0.770706 0.030944
vt 0.768173 0.023913
vt 0.268981 0.771603
vt 0.280153 0.773193
vt 0.288691 0.772286
vt 0.294645 0.771511
vt 0.639758 0.621162
vt 0.633533 0.623457
vt 0.640018 0.619666
vt 0.641632 0.619379
vt 0.648361 0.617095
vt 0.648017 0.618917
vt 0.649317 0.618736
vt 0.676867 0.701412
vt 0.677281 0.704490
vt 0.676867 0.706645
vt 0.653138 0.618124
vt 0.651489 0.618314
vt 0.659572 0.618174
vt 0.310159 0.751333
vt 0.306488 0.755670
vt 0.716564 0.097549
vt 0.312478 0.725926
vt 0.711892 0.240599
vt 0.721629 0.041135
vt 0.718918 0.033882
vt 0.721651 0.036545
vt 0.308388 0.713041
vt 0.713268 0.278038
vt 0.711705 0.313575
vt 0.713169 0.401864
vt 0.720107 0.453845
vt 0.928777 0.236425
vt 0.790481 0.873679
vt 0.724419 0.472548
vt 0.714925 0.467417
vt 0.718032 0.467856
vt 0.798209 0.834820
vt 0.794099 0.844108
vt 0.926022 0.183850
vt 0.800192 0.775959
vt 0.797746 0.766436
vt 0.925222 0.127619
vt 0.802814 0.726307
vt 0.929048 0.113174
vt 0.927960 0.104603
vt 0.801988 0.704313
vt 0.929023 0.055986
vt 0.930647 0.043808
vt 0.936279 0.038573
vt 0.695902 0.557764
vt 0.805428 0.621344
vt 0.686811 0.551391
vt 0.805711 0.605841
vt 0.675661 0.546128
vt 0.801899 0.582816
vt 0.802624 0.575235
vt 0.628374 0.528885
vt 0.642257 0.533058
vt 0.634928 0.532375
vt 0.792781 0.357906
vt 0.791166 0.467016
vt 0.791131 0.485873
vt 0.791505 0.242672
vt 0.787963 0.543356
vt 0.778718 0.094216
vt 0.775665 0.050076
vt 0.775012 0.042150
vt 0.773655 0.028453
vt 0.771836 0.026623
vt 0.772378 0.017969
vt 0.769439 0.020213
vt 0.774479 0.009371
vt 0.766705 0.014568
vt 0.769851 0.011533
vt 0.643031 0.620787
vt 0.676518 0.700031
vt 0.674827 0.701412
vt 0.675190 0.698242
vt 0.675136 0.695021
vt 0.677958 0.695408
vt 0.674827 0.693720
vt 0.676990 0.693841
vt 0.652680 0.621469
vt 0.676910 0.690392
vt 0.653176 0.619815
vt 0.653917 0.619598
vt 0.658832 0.619492
vt 0.313695 0.748238
vt 0.929532 0.306537
vt 0.314091 0.734672
vt 0.314544 0.723787
vt 0.717301 0.021024
vt 0.720297 0.025861
vt 0.714599 0.022118
vt 0.717531 0.039000
vt 0.710093 0.355183
vt 0.709985 0.394061
vt 0.711074 0.428617
vt 0.923134 0.253790
vt 0.924614 0.200257
vt 0.932429 0.067539
vt 0.931349 0.049826
vt 0.802413 0.613100
vt 0.808725 0.612568
vt 0.681569 0.550580
vt 0.812788 0.600907
vt 0.668705 0.546229
vt 0.804041 0.582532
vt 0.805853 0.576033
vt 0.644269 0.539145
vt 0.639081 0.533703
vt 0.792641 0.452175
vt 0.792297 0.422064
vt 0.792343 0.336350
vt 0.790826 0.505502
vt 0.785560 0.209125
vt 0.787783 0.174075
vt 0.792022 0.560682
vt 0.944191 0.450473
vt 0.778461 0.066385
vt 0.774723 0.038942
vt 0.774223 0.033890
vt 0.774563 0.022766
vt 0.936958 0.370939
vt 0.774237 0.019764
vt 0.776886 0.015320
vt 0.767560 0.017574
vt 0.931200 0.361986
vt 0.926884 0.333356
vt 0.639498 0.622466
vt 0.677533 0.707421
vt 0.677533 0.701412
vt 0.677958 0.704654
vt 0.677687 0.692326
vt 0.649218 0.620521
vt 0.650747 0.621530
vt 0.647664 0.621514
vt 0.666464 0.702611
vt 0.666976 0.702040
vt 0.666976 0.704296
vt 0.654518 0.621332
vt 0.663540 0.622212
vt 0.316263 0.738194
vt 0.705299 0.141428
vt 0.711641 0.127450
vt 0.710607 0.210894
vt 0.712095 0.101958
vt 0.717005 0.015266
vt 0.715547 0.013082
vt 0.712742 0.066951
vt 0.716328 0.032721
vt 0.718875 0.028563
vt 0.714672 0.026538
vt 0.714680 0.040216
vt 0.705605 0.404496
vt 0.928497 0.265138
vt 0.704439 0.416439
vt 0.713548 0.446196
vt 0.787662 0.894366
vt 0.924902 0.138136
vt 0.803293 0.749065
vt 0.817104 0.656476
vt 0.691950 0.557436
vt 0.805145 0.569001
vt 0.808146 0.572019
vt 0.707244 0.676063
vt 0.707244 0.669751
vt 0.707544 0.672811
vt 0.637328 0.535233
vt 0.636287 0.533064
vt 0.631952 0.533048
vt 0.790336 0.320748
vt 0.790146 0.202897
vt 0.795311 0.517991
vt 0.786070 0.109806
vt 0.780674 0.075262
vt 0.782465 0.055893
vt 0.778708 0.048491
vt 0.777930 0.039281
vt 0.774316 0.008243
vt 0.287333 0.775911
vt 0.294393 0.773795
vt 0.633234 0.624772
vt 0.631718 0.626104
vt 0.636237 0.623176
vt 0.637743 0.624164
vt 0.637775 0.624604
vt 0.641466 0.624029
vt 0.646207 0.622961
vt 0.647663 0.622678
vt 0.648959 0.622522
vt 0.650803 0.622633
vt 0.652871 0.623872
vt 0.658134 0.624073
vt 0.316539 0.745365
vt 0.710014 0.135307
vt 0.713026 0.017587
vt 0.707333 0.235745
vt 0.713133 0.047854
vt 0.708653 0.325841
vt 0.795783 0.856318
vt 0.795566 0.870486
vt 0.805227 0.791994
vt 0.922826 0.170791
vt 0.922477 0.118756
vt 0.806441 0.709752
vt 0.927058 0.094722
vt 0.811415 0.698465
vt 0.812458 0.659347
vt 0.814771 0.622760
vt 0.691286 0.562136
vt 0.661044 0.549437
vt 0.811345 0.591939
vt 0.649706 0.546838
vt 0.627754 0.532209
vt 0.640160 0.535955
vt 0.634628 0.534220
vt 0.797708 0.365722
vt 0.797577 0.473079
vt 0.797765 0.299088
vt 0.799044 0.493175
vt 0.790343 0.164508
vt 0.789497 0.144953
vt 0.940970 0.440277
vt 0.934968 0.421246
vt 0.932182 0.412331
vt 0.778412 0.044810
vt 0.781286 0.041337
vt 0.778508 0.029363
vt 0.931564 0.380264
vt 0.777801 0.010238
vt 0.282591 0.776419
vt 0.666464 0.696381
vt 0.670655 0.697138
vt 0.666464 0.702040
vt 0.631486 0.629614
vt 0.634695 0.626775
vt 0.636394 0.625940
vt 0.637904 0.625981
vt 0.639365 0.625345
vt 0.696321 0.689744
vt 0.698398 0.690298
vt 0.697755 0.691795
vt 0.696443 0.693467
vt 0.699928 0.690657
vt 0.698150 0.693246
vt 0.699154 0.688996
vt 0.644070 0.624979
vt 0.697629 0.687087
vt 0.699436 0.687559
vt 0.697264 0.685237
vt 0.699406 0.683987
vt 0.645936 0.625062
vt 0.648010 0.624726
vt 0.663677 0.626526
vt 0.923742 0.292472
vt 0.712458 0.181135
vt 0.707903 0.176251
vt 0.707363 0.109706
vt 0.712585 0.009416
vt 0.701083 0.241818
vt 0.709380 0.087416
vt 0.708674 0.276325
vt 0.711763 0.023281
vt 0.713297 0.033929
vt 0.710344 0.027619
vt 0.705560 0.287059
vt 0.707064 0.350443
vt 0.919014 0.228943
vt 0.920259 0.216980
vt 0.807395 0.820909
vt 0.919750 0.162784
vt 0.921512 0.148779
vt 0.810534 0.756964
vt 0.809990 0.737445
vt 0.811336 0.636478
vt 0.686185 0.561426
vt 0.813789 0.586635
vt 0.635297 0.539557
vt 0.631520 0.535702
vt 0.795390 0.411653
vt 0.797225 0.435685
vt 0.795965 0.465716
vt 0.796825 0.261667
vt 0.794561 0.238043
vt 0.796301 0.535574
vt 0.789924 0.121720
vt 0.777748 0.022710
vt 0.778716 0.017322
vt 0.776779 0.003221
vt 0.773413 0.005261
vt 0.699993 0.703862
vt 0.699993 0.696491
vt 0.701864 0.700193
vt 0.627312 0.631549
vt 0.634844 0.627731
vt 0.697342 0.694796
vt 0.698663 0.694714
vt 0.697688 0.696491
vt 0.637485 0.627534
vt 0.700719 0.693561
vt 0.702019 0.692626
vt 0.700638 0.689420
vt 0.925395 0.315407
vt 0.696878 0.683175
vt 0.649079 0.625318
vt 0.697462 0.682084
vt 0.699217 0.682676
vt 0.649372 0.626421
vt 0.650993 0.625688
vt 0.656816 0.701726
vt 0.656816 0.703841
vt 0.656249 0.702749
vt 0.652836 0.625133
vt 0.654379 0.625162
vt 0.657865 0.625437
vt 0.665531 0.624857
vt 0.667614 0.624929
vt 0.701850 0.163480
vt 0.711807 0.039913
vt 0.708926 0.033527
vt 0.704000 0.297864
vt 0.705573 0.334968
vt 0.705378 0.367462
vt 0.703765 0.381433
vt 0.921991 0.262759
vt 0.705151 0.432727
vt 0.922538 0.239578
vt 0.707748 0.451732
vt 0.919818 0.196723
vt 0.921559 0.085049
vt 0.925240 0.078234
vt 0.813689 0.672647
vt 0.705154 0.568978
vt 0.711069 0.570215
vt 0.674765 0.565688
vt 0.681801 0.557698
vt 0.808867 0.601704
vt 0.679356 0.553095
vt 0.811951 0.577001
vt 0.640716 0.542554
vt 0.636862 0.538625
vt 0.800705 0.458368
vt 0.795402 0.330277
vt 0.792062 0.261498
vt 0.798767 0.508498
vt 0.796470 0.201441
vt 0.791588 0.156439
vt 0.795774 0.548938
vt 0.786312 0.087630
vt 0.789899 0.070258
vt 0.783344 0.047063
vt 0.785995 0.041245
vt 0.780955 0.038058
vt 0.781749 0.030019
vt 0.779244 0.021919
vt 0.929078 0.372144
vt 0.780268 0.005159
vt 0.625067 0.630554
vt 0.625385 0.627325
vt 0.627610 0.628654
vt 0.680887 0.700647
vt 0.680263 0.698879
vt 0.682970 0.696504
vt 0.633173 0.629533
vt 0.641613 0.626523
vt 0.647099 0.626477
vt 0.644940 0.627708
vt 0.700695 0.684151
vt 0.700843 0.686095
vt 0.702019 0.680574
vt 0.698190 0.681769
vt 0.697220 0.680185
vt 0.698986 0.680670
vt 0.701463 0.678458
vt 0.697560 0.678392
vt 0.652791 0.627519
vt 0.650442 0.627178
vt 0.654647 0.626730
vt 0.658230 0.627908
vt 0.676146 0.705722
vt 0.675622 0.703212
vt 0.661867 0.626665
vt 0.669614 0.626314
vt 0.672674 0.623501
vt 0.707224 0.117700
vt 0.708791 0.008572
vt 0.709454 0.004474
vt 0.704961 0.082350
vt 0.707328 0.021446
vt 0.917705 0.271705
vt 0.700749 0.390570
vt 0.698749 0.428064
vt 0.704003 0.440157
vt 0.916572 0.183516
vt 0.916780 0.151808
vt 0.920176 0.139552
vt 0.810501 0.725400
vt 0.919554 0.114408
vt 0.918774 0.101707
vt 0.921400 0.054809
vt 0.925627 0.046169
vt 0.702027 0.570807
vt 0.698103 0.568863
vt 0.813410 0.612023
vt 0.655877 0.558351
vt 0.684238 0.681716
vt 0.681980 0.675531
vt 0.691648 0.677254
vt 0.680162 0.679528
vt 0.684898 0.672104
vt 0.798213 0.390403
vt 0.803414 0.420766
vt 0.799150 0.483229
vt 0.800531 0.500213
vt 0.798581 0.515342
vt 0.791942 0.130122
vt 0.937960 0.452006
vt 0.789153 0.082514
vt 0.783458 0.017075
vt 0.624975 0.631990
vt 0.631638 0.631087
vt 0.632880 0.631076
vt 0.682970 0.701179
vt 0.680162 0.702268
vt 0.638150 0.631146
vt 0.635586 0.630335
vt 0.638369 0.628479
vt 0.644887 0.632329
vt 0.645125 0.629002
vt 0.646885 0.627431
vt 0.645242 0.630491
vt 0.650413 0.628903
vt 0.648592 0.628739
vt 0.654235 0.628699
vt 0.698805 0.676900
vt 0.656351 0.628482
vt 0.663515 0.628029
vt 0.702851 0.207500
vt 0.708480 0.012838
vt 0.706822 0.064911
vt 0.707197 0.017052
vt 0.707336 0.042692
vt 0.707397 0.025917
vt 0.916582 0.248202
vt 0.803949 0.866735
vt 0.805163 0.842959
vt 0.804588 0.833479
vt 0.809715 0.771399
vt 0.813552 0.773614
vt 0.917727 0.120196
vt 0.922975 0.068906
vt 0.917309 0.063817
vt 0.924658 0.042657
vt 0.708483 0.575660
vt 0.819100 0.634729
vt 0.694845 0.569002
vt 0.690600 0.685094
vt 0.802054 0.441835
vt 0.802146 0.348901
vt 0.798939 0.226998
vt 0.793821 0.172588
vt 0.801485 0.524882
vt 0.798049 0.159718
vt 0.802618 0.536983
vt 0.798796 0.552935
vt 0.790349 0.101422
vt 0.928028 0.404997
vt 0.783913 0.035856
vt 0.785194 0.032647
vt 0.930184 0.396388
vt 0.920271 0.378857
vt 0.782513 0.009781
vt 0.781174 0.011694
vt 0.779915 0.002889
vt 0.778267 0.002453
vt 0.918022 0.340953
vt 0.671890 0.702524
vt 0.672779 0.703828
vt 0.630142 0.632908
vt 0.635326 0.633068
vt 0.639627 0.631014
vt 0.641021 0.631139
vt 0.916667 0.324971
vt 0.647135 0.630252
vt 0.650209 0.629949
vt 0.652554 0.628912
vt 0.653634 0.629981
vt 0.651571 0.631060
vt 0.697669 0.674834
vt 0.699477 0.675317
vt 0.701131 0.676095
vt 0.701971 0.677365
vt 0.697362 0.672960
vt 0.657645 0.630285
vt 0.655801 0.629970
vt 0.661678 0.629409
vt 0.665290 0.632168
vt 0.701601 0.182352
vt 0.674264 0.627225
vt 0.673098 0.630628
vt 0.705181 0.005446
vt 0.704450 0.030207
vt 0.697728 0.327070
vt 0.699291 0.347144
vt 0.696027 0.371847
vt 0.698360 0.419192
vt 0.802609 0.851771
vt 0.915288 0.204965
vt 0.914990 0.173829
vt 0.914108 0.135037
vt 0.824008 0.692686
vt 0.821402 0.614331
vt 0.642688 0.549719
vt 0.638155 0.550172
vt 0.801534 0.399635
vt 0.802781 0.382751
vt 0.805516 0.470233
vt 0.805454 0.483249
vt 0.794660 0.121775
vt 0.798405 0.560792
vt 0.931717 0.432459
vt 0.785918 0.024567
vt 0.922040 0.365763
vt 0.784059 0.009296
vt 0.631395 0.635128
vt 0.633649 0.633442
vt 0.638214 0.632447
vt 0.639886 0.633564
vt 0.641034 0.632423
vt 0.643033 0.632506
vt 0.646711 0.635096
vt 0.919170 0.316746
vt 0.652977 0.631124
vt 0.654946 0.630105
vt 0.654691 0.631274
vt 0.698166 0.673538
vt 0.700466 0.673999
vt 0.661929 0.632728
vt 0.666771 0.633645
vt 0.700756 0.134956
vt 0.696564 0.213608
vt 0.702523 0.258988
vt 0.699811 0.104604
vt 0.697739 0.285286
vt 0.696230 0.269768
vt 0.701175 0.015170
vt 0.703725 0.069537
vt 0.702876 0.022632
vt 0.916629 0.280888
vt 0.702692 0.048711
vt 0.701369 0.040771
vt 0.700107 0.454386
vt 0.915173 0.198296
vt 0.911581 0.094967
vt 0.920516 0.049940
vt 0.815973 0.634854
vt 0.699777 0.573076
vt 0.695759 0.574544
vt 0.690252 0.566830
vt 0.685489 0.564653
vt 0.821503 0.597353
vt 0.692475 0.692719
vt 0.817696 0.591421
vt 0.693839 0.671851
vt 0.803231 0.327278
vt 0.805369 0.494634
vt 0.799696 0.250743
vt 0.794262 0.145028
vt 0.798246 0.130125
vt 0.804642 0.563430
vt 0.795097 0.101458
vt 0.927916 0.439125
vt 0.788539 0.052468
vt 0.792488 0.043400
vt 0.787077 0.035909
vt 0.789691 0.030246
vt 0.786325 0.014608
vt 0.784627 0.013571
vt 0.922078 0.350350
vt 0.783302 0.004102
vt 0.652777 0.697930
vt 0.652777 0.704752
vt 0.652218 0.699941
vt 0.685150 0.696504
vt 0.686866 0.700974
vt 0.685150 0.702873
vt 0.655639 0.702800
vt 0.654885 0.699181
vt 0.655639 0.697930
vt 0.625307 0.636283
vt 0.624886 0.636359
vt 0.626039 0.634820
vt 0.624920 0.639338
vt 0.627165 0.635902
vt 0.628523 0.635708
vt 0.630228 0.635399
vt 0.664000 0.703648
vt 0.663779 0.700271
vt 0.664807 0.700928
vt 0.633596 0.634800
vt 0.632606 0.637631
vt 0.642785 0.633695
vt 0.648814 0.633194
vt 0.650347 0.632789
vt 0.651742 0.634480
vt 0.915013 0.303535
vt 0.654885 0.699732
vt 0.654069 0.702279
vt 0.654069 0.697930
vt 0.666976 0.703478
vt 0.667326 0.702040
vt 0.667326 0.704690
vt 0.659412 0.634323
vt 0.654967 0.632522
vt 0.661259 0.634389
vt 0.700087 0.669879
vt 0.701094 0.115848
vt 0.697228 0.085201
vt 0.699397 0.007841
vt 0.914175 0.264305
vt 0.802782 0.886666
vt 0.915628 0.220263
vt 0.811612 0.856424
vt 0.816389 0.807829
vt 0.817520 0.793171
vt 0.823550 0.707787
vt 0.819719 0.679218
vt 0.820143 0.656590
vt 0.818833 0.644990
vt 0.703187 0.578084
vt 0.816645 0.617065
vt 0.689599 0.570000
vt 0.821859 0.612311
vt 0.665382 0.569347
vt 0.816441 0.600029
vt 0.822669 0.600427
vt 0.663807 0.559337
vt 0.661464 0.702217
vt 0.660749 0.706867
vt 0.709121 0.689297
vt 0.707244 0.682503
vt 0.709121 0.676063
vt 0.648603 0.561140
vt 0.640933 0.551023
vt 0.806983 0.456917
vt 0.801700 0.266377
vt 0.802443 0.236570
vt 0.808254 0.508516
vt 0.806502 0.515391
vt 0.924381 0.413806
vt 0.793698 0.039399
vt 0.919806 0.389104
vt 0.785000 0.004928
vt 0.786531 0.004569
vt 0.784636 0.002513
vt 0.655639 0.702092
vt 0.656158 0.697930
vt 0.656158 0.705485
vt 0.622534 0.638361
vt 0.664452 0.699071
vt 0.631467 0.636451
vt 0.636700 0.635819
vt 0.638373 0.636920
vt 0.640105 0.635038
vt 0.641625 0.634839
vt 0.643208 0.634765
vt 0.648686 0.634908
vt 0.655461 0.633790
vt 0.670192 0.703288
vt 0.669965 0.704561
vt 0.669965 0.702040
vt 0.657395 0.633887
vt 0.657091 0.631666
vt 0.663777 0.635537
vt 0.910968 0.290149
vt 0.668830 0.636619
vt 0.696846 0.186984
vt 0.697946 0.240161
vt 0.699763 0.018037
vt 0.913030 0.237559
vt 0.813256 0.825478
vt 0.910388 0.185133
vt 0.910407 0.170958
vt 0.912175 0.150278
vt 0.909877 0.124773
vt 0.913479 0.113037
vt 0.913808 0.107388
vt 0.916457 0.073086
vt 0.917734 0.048862
vt 0.921931 0.041562
vt 0.706128 0.577855
vt 0.821085 0.625596
vt 0.696321 0.696504
vt 0.640662 0.552844
vt 0.806161 0.395033
vt 0.805579 0.364232
vt 0.808566 0.488955
vt 0.805459 0.291300
vt 0.804719 0.211070
vt 0.802308 0.188623
vt 0.804965 0.175735
vt 0.809275 0.527556
vt 0.802121 0.145005
vt 0.806941 0.547655
vt 0.801963 0.111599
vt 0.797150 0.084264
vt 0.926025 0.425911
vt 0.922169 0.408973
vt 0.789437 0.027947
vt 0.792247 0.024738
vt 0.709121 0.680042
vt 0.709880 0.675119
vt 0.709880 0.689297
vt 0.785788 0.000000
vt 0.664807 0.697748
vt 0.635198 0.637409
vt 0.640342 0.636504
vt 0.640489 0.638268
vt 0.643604 0.636177
vt 0.645133 0.636248
vt 0.647427 0.637752
vt 0.650344 0.636465
vt 0.651689 0.636428
vt 0.653517 0.636152
vt 0.655718 0.635671
vt 0.657520 0.635481
vt 0.661786 0.635661
vt 0.664776 0.636914
vt 0.677635 0.636539
vt 0.691867 0.109190
vt 0.696250 0.062731
vt 0.696686 0.043718
vt 0.701417 0.036166
vt 0.698391 0.026846
vt 0.686647 0.342230
vt 0.694454 0.379555
vt 0.694806 0.404034
vt 0.689862 0.390186
vt 0.907199 0.248123
vt 0.908976 0.158106
vt 0.909511 0.135158
vt 0.828168 0.708104
vt 0.915200 0.056334
vt 0.825061 0.644710
vt 0.822425 0.631203
vt 0.684100 0.571013
vt 0.659888 0.563486
vt 0.808031 0.414715
vt 0.806155 0.319474
vt 0.810193 0.477463
vt 0.811062 0.560755
vt 0.931297 0.450629
vt 0.794749 0.072053
vt 0.797215 0.062794
vt 0.801319 0.055887
vt 0.796089 0.048694
vt 0.795619 0.043589
vt 0.796479 0.036219
vt 0.790939 0.027244
vt 0.791322 0.016452
vt 0.791717 0.007736
vt 0.914261 0.351038
vt 0.789390 0.002761
vt 0.787495 0.000779
vt 0.626300 0.643614
vt 0.628485 0.639983
vt 0.630104 0.641513
vt 0.631315 0.639598
vt 0.636766 0.638739
vt 0.642449 0.638015
vt 0.644052 0.637761
vt 0.650382 0.637614
vt 0.651908 0.638719
vt 0.653378 0.637650
vt 0.655382 0.637463
vt 0.659470 0.636843
vt 0.663046 0.638822
vt 0.665427 0.638297
vt 0.689170 0.169537
vt 0.686604 0.295921
vt 0.905617 0.278963
vt 0.682864 0.421636
vt 0.692740 0.433750
vt 0.685511 0.446738
vt 0.696965 0.454317
vt 0.907924 0.221972
vt 0.822894 0.823592
vt 0.825379 0.768452
vt 0.825072 0.745858
vt 0.907872 0.104812
vt 0.908971 0.089609
vt 0.708391 0.584155
vt 0.711016 0.583825
vt 0.702173 0.579261
vt 0.696682 0.580205
vt 0.696321 0.669879
vt 0.632920 0.546915
vt 0.637264 0.555410
vt 0.809831 0.437231
vt 0.812847 0.337961
vt 0.811610 0.494555
vt 0.811245 0.269432
vt 0.807533 0.249172
vt 0.804546 0.164501
vt 0.808734 0.121498
vt 0.925496 0.433355
vt 0.792636 0.028562
vt 0.792460 0.026945
vt 0.790356 0.009166
vt 0.789785 0.005380
vt 0.789570 0.003994
vt 0.623828 0.641096
vt 0.670369 0.704192
vt 0.670655 0.702040
vt 0.670655 0.706105
vt 0.633065 0.640702
vt 0.633125 0.644312
vt 0.640816 0.641713
vt 0.642631 0.639841
vt 0.646030 0.639406
vt 0.647791 0.639211
vt 0.650577 0.638751
vt 0.910454 0.305401
vt 0.657802 0.640213
vt 0.661715 0.641615
vt 0.667221 0.638181
vt 0.684105 0.189922
vt 0.686250 0.152106
vt 0.681994 0.255451
vt 0.696686 0.016388
vt 0.695305 0.032824
vt 0.685046 0.357625
vt 0.710512 0.470559
vt 0.689896 0.468968
vt 0.815760 0.873884
vt 0.907761 0.215056
vt 0.826377 0.852970
vt 0.828886 0.844019
vt 0.905927 0.196790
vt 0.826178 0.780208
vt 0.906210 0.144358
vt 0.821338 0.757953
vt 0.828554 0.737380
vt 0.825928 0.676187
vt 0.910252 0.074718
vt 0.912811 0.064063
vt 0.824673 0.658237
vt 0.913013 0.051697
vt 0.821825 0.648311
vt 0.824908 0.617469
vt 0.631503 0.555697
vt 0.641208 0.558547
vt 0.638779 0.563576
vt 0.812759 0.419087
vt 0.810895 0.397992
vt 0.813526 0.371758
vt 0.813123 0.447772
vt 0.813318 0.471570
vt 0.813243 0.462740
vt 0.813078 0.501518
vt 0.812823 0.514114
vt 0.804043 0.153138
vt 0.810254 0.543616
vt 0.925530 0.454140
vt 0.799199 0.091602
vt 0.801815 0.084168
vt 0.919007 0.420710
vt 0.917914 0.399949
vt 0.794178 0.028430
vt 0.795328 0.024482
vt 0.791364 0.005265
vt 0.621575 0.643125
vt 0.628684 0.643248
vt 0.630156 0.643069
vt 0.636186 0.643631
vt 0.908842 0.324881
vt 0.642818 0.641614
vt 0.648021 0.641005
vt 0.654232 0.640053
vt 0.663849 0.644361
vt 0.666036 0.647567
vt 0.667386 0.639664
vt 0.668900 0.641081
vt 0.683349 0.136179
vt 0.671439 0.639547
vt 0.676676 0.638011
vt 0.692378 0.091492
vt 0.681823 0.311235
vt 0.693759 0.022169
vt 0.903504 0.267799
vt 0.682957 0.458376
vt 0.905385 0.239393
vt 0.904311 0.185347
vt 0.905810 0.169212
vt 0.904440 0.156721
vt 0.829141 0.723579
vt 0.916676 0.046629
vt 0.705558 0.587966
vt 0.702603 0.584718
vt 0.693406 0.578755
vt 0.670111 0.571061
vt 0.829600 0.605708
vt 0.618521 0.547183
vt 0.620118 0.562133
vt 0.813799 0.311499
vt 0.813379 0.294292
vt 0.817906 0.484400
vt 0.811581 0.228486
vt 0.809312 0.207946
vt 0.812210 0.532856
vt 0.809352 0.133209
vt 0.802607 0.096242
vt 0.800544 0.029909
vt 0.913694 0.376168
vt 0.794616 0.018024
vt 0.794390 0.016204
vt 0.795148 0.009925
vt 0.794775 0.007492
vt 0.792824 0.004815
vt 0.792638 0.003600
vt 0.621399 0.654091
vt 0.626591 0.646669
vt 0.628825 0.644782
vt 0.631815 0.644491
vt 0.637609 0.643521
vt 0.641060 0.643275
vt 0.641482 0.646661
vt 0.701996 0.696491
vt 0.701996 0.701524
vt 0.701864 0.698056
vt 0.644658 0.643103
vt 0.907774 0.311209
vt 0.649435 0.642461
vt 0.650894 0.642204
vt 0.653959 0.641799
vt 0.697828 0.006369
vt 0.694857 0.007639
vt 0.695081 0.013401
vt 0.690348 0.051364
vt 0.683530 0.382321
vt 0.811605 0.869236
vt 0.813969 0.863303
vt 0.900131 0.213820
vt 0.826378 0.837657
vt 0.901393 0.198664
vt 0.820730 0.811933
vt 0.902773 0.178938
vt 0.826676 0.795399
vt 0.903922 0.122130
vt 0.907162 0.117618
vt 0.908903 0.060683
vt 0.710584 0.588831
vt 0.827981 0.651351
vt 0.827172 0.633819
vt 0.829308 0.629737
vt 0.686984 0.590693
vt 0.831682 0.617602
vt 0.676103 0.575269
vt 0.828810 0.610530
vt 0.834700 0.605932
vt 0.817639 0.438503
vt 0.816278 0.495824
vt 0.809230 0.164366
vt 0.806322 0.106365
vt 0.920370 0.441324
vt 0.800967 0.071943
vt 0.802564 0.052227
vt 0.800892 0.019132
vt 0.794548 0.005970
vt 0.620627 0.646426
vt 0.910816 0.347367
vt 0.628973 0.646309
vt 0.631926 0.646018
vt 0.633212 0.647350
vt 0.639380 0.645064
vt 0.649682 0.645088
vt 0.656161 0.643653
vt 0.662002 0.646106
vt 0.904889 0.292080
vt 0.669520 0.647200
vt 0.673588 0.644037
vt 0.691919 0.010390
vt 0.687586 0.023471
vt 0.683825 0.401001
vt 0.682123 0.392985
vt 0.899348 0.241404
vt 0.901290 0.234328
vt 0.832963 0.741193
vt 0.901709 0.106568
vt 0.829975 0.699703
vt 0.904782 0.085822
vt 0.827225 0.687820
vt 0.902327 0.080735
vt 0.832392 0.662781
vt 0.831446 0.645701
vt 0.701928 0.588003
vt 0.666108 0.582175
vt 0.663142 0.572066
vt 0.644708 0.572706
vt 0.815799 0.414465
vt 0.817280 0.326932
vt 0.816467 0.234698
vt 0.812231 0.249078
vt 0.817388 0.516510
vt 0.814819 0.188343
vt 0.811609 0.147952
vt 0.819088 0.555251
vt 0.806611 0.064630
vt 0.804990 0.044737
vt 0.800153 0.026323
vt 0.910180 0.386884
vt 0.797232 0.014178
vt 0.670842 0.706892
vt 0.670842 0.696381
vt 0.671668 0.701047
vt 0.801486 0.011259
vt 0.799183 0.005809
vt 0.909245 0.363325
vt 0.796047 0.005637
vt 0.627916 0.647982
vt 0.629130 0.647829
vt 0.629316 0.649349
vt 0.632072 0.647479
vt 0.635007 0.647187
vt 0.648102 0.645344
vt 0.652600 0.645051
vt 0.655363 0.645025
vt 0.660016 0.646370
vt 0.666846 0.177081
vt 0.695933 0.000621
vt 0.691502 0.001804
vt 0.685033 0.283496
vt 0.689759 0.073741
vt 0.689011 0.014628
vt 0.687226 0.008836
vt 0.687410 0.043405
vt 0.677166 0.365129
vt 0.901403 0.255121
vt 0.825552 0.859838
vt 0.898282 0.188990
vt 0.901974 0.134071
vt 0.902721 0.092739
vt 0.906539 0.068548
vt 0.708413 0.593064
vt 0.831343 0.621658
vt 0.674680 0.581967
vt 0.833612 0.615201
vt 0.836616 0.609507
vt 0.651534 0.571334
vt 0.633494 0.560775
vt 0.820224 0.399109
vt 0.819193 0.343838
vt 0.820868 0.448944
vt 0.815583 0.256806
vt 0.820830 0.499797
vt 0.806464 0.083981
vt 0.912714 0.431398
vt 0.805850 0.075257
vt 0.801264 0.037505
vt 0.802078 0.029985
vt 0.797998 0.008467
vt 0.662901 0.701619
vt 0.663779 0.697748
vt 0.663779 0.704636
vt 0.698384 0.696491
vt 0.699993 0.699133
vt 0.698384 0.707795
vt 0.626850 0.649721
vt 0.633368 0.648838
vt 0.639742 0.651518
vt 0.648418 0.648723
vt 0.644564 0.647592
vt 0.667543 0.703677
vt 0.667326 0.705453
vt 0.648315 0.646935
vt 0.653035 0.646373
vt 0.654569 0.646393
vt 0.658040 0.647581
vt 0.664173 0.649156
vt 0.685772 0.011664
vt 0.687572 0.034111
vt 0.898357 0.161813
vt 0.896960 0.154171
vt 0.830649 0.756950
vt 0.895197 0.117077
vt 0.833470 0.684482
vt 0.832218 0.669478
vt 0.908003 0.057174
vt 0.711312 0.594638
vt 0.689953 0.593786
vt 0.669938 0.580054
vt 0.822052 0.420155
vt 0.819629 0.366858
vt 0.822550 0.475476
vt 0.818862 0.172001
vt 0.820010 0.531259
vt 0.819681 0.541116
vt 0.916967 0.449407
vt 0.913339 0.413351
vt 0.805111 0.046169
vt 0.908077 0.395579
vt 0.800339 0.003357
vt 0.905207 0.353520
vt 0.624680 0.653346
vt 0.903899 0.339366
vt 0.631093 0.652170
vt 0.653745 0.649639
vt 0.655052 0.649420
vt 0.660196 0.647517
vt 0.662444 0.647476
vt 0.667106 0.159726
vt 0.671208 0.208458
vt 0.899488 0.278800
vt 0.677665 0.402007
vt 0.897295 0.222513
vt 0.826914 0.831844
vt 0.896746 0.179370
vt 0.831651 0.766021
vt 0.895876 0.137547
vt 0.835159 0.725641
vt 0.897510 0.102768
vt 0.899013 0.085071
vt 0.836158 0.698782
vt 0.705754 0.597236
vt 0.835056 0.639606
vt 0.834885 0.630302
vt 0.629451 0.575266
vt 0.646250 0.573047
vt 0.638032 0.575703
vt 0.821900 0.408121
vt 0.820997 0.463868
vt 0.820981 0.487098
vt 0.820412 0.264416
vt 0.818372 0.245704
vt 0.813653 0.159318
vt 0.811199 0.110846
vt 0.818592 0.565690
vt 0.811898 0.095813
vt 0.807294 0.053715
vt 0.909057 0.403833
vt 0.802642 0.020922
vt 0.900140 0.379722
vt 0.802066 0.015838
vt 0.802250 0.017466
vt 0.803593 0.015719
vt 0.622905 0.656913
vt 0.633835 0.651749
vt 0.636936 0.654450
vt 0.899949 0.329119
vt 0.666458 0.691391
vt 0.666387 0.693734
vt 0.897794 0.321303
vt 0.643046 0.651059
vt 0.644777 0.650714
vt 0.646602 0.650466
vt 0.648853 0.652113
vt 0.652256 0.649869
vt 0.656680 0.649222
vt 0.658027 0.649031
vt 0.899930 0.309206
vt 0.660258 0.650887
vt 0.662214 0.649060
vt 0.666186 0.649103
vt 0.672362 0.651743
vt 0.683666 0.000000
vt 0.900038 0.288444
vt 0.678688 0.338907
vt 0.682884 0.030981
vt 0.897502 0.270081
vt 0.680049 0.428982
vt 0.680872 0.447558
vt 0.895487 0.207430
vt 0.895342 0.195797
vt 0.832172 0.782349
vt 0.900190 0.074594
vt 0.899566 0.068466
vt 0.712341 0.604606
vt 0.832553 0.657682
vt 0.832938 0.648514
vt 0.650378 0.578330
vt 0.618340 0.564171
vt 0.823739 0.338963
vt 0.822595 0.289197
vt 0.818567 0.205433
vt 0.814194 0.137893
vt 0.818315 0.127596
vt 0.818321 0.077836
vt 0.810451 0.037316
vt 0.806697 0.016142
vt 0.803429 0.014353
vt 0.803234 0.012842
vt 0.688968 0.702742
vt 0.688968 0.696504
vt 0.690273 0.699257
vt 0.653599 0.699857
vt 0.653471 0.702027
vt 0.653471 0.697930
vt 0.626522 0.656099
vt 0.628656 0.654091
vt 0.632786 0.653376
vt 0.671699 0.702740
vt 0.671890 0.700917
vt 0.671890 0.707694
vt 0.667543 0.705053
vt 0.667543 0.702040
vt 0.667721 0.703677
vt 0.638204 0.653067
vt 0.642908 0.652745
vt 0.642069 0.651264
vt 0.645098 0.654042
vt 0.650630 0.651988
vt 0.666222 0.650624
vt 0.669388 0.654827
vt 0.667978 0.650356
vt 0.678911 0.241361
vt 0.668219 0.107165
vt 0.677073 0.284847
vt 0.680937 0.008527
vt 0.679401 0.051122
vt 0.681176 0.043294
vt 0.672479 0.340233
vt 0.675757 0.383421
vt 0.677892 0.411079
vt 0.893475 0.247061
vt 0.677745 0.448096
vt 0.827623 0.868357
vt 0.835546 0.800850
vt 0.893762 0.174841
vt 0.892650 0.146928
vt 0.892987 0.134835
vt 0.893441 0.123037
vt 0.837549 0.655210
vt 0.697441 0.597051
vt 0.839028 0.613839
vt 0.657228 0.584699
vt 0.635386 0.574291
vt 0.826752 0.425871
vt 0.828202 0.330924
vt 0.825543 0.489637
vt 0.823337 0.256446
vt 0.817686 0.115841
vt 0.810014 0.049843
vt 0.809427 0.027048
vt 0.806348 0.013208
vt 0.803961 0.007034
vt 0.803619 0.004777
vt 0.899975 0.363185
vt 0.691617 0.696504
vt 0.691617 0.702758
vt 0.690573 0.699785
vt 0.623919 0.655087
vt 0.630354 0.656956
vt 0.634418 0.654615
vt 0.638373 0.654352
vt 0.641379 0.654219
vt 0.647105 0.653854
vt 0.651991 0.655114
vt 0.652278 0.653648
vt 0.655290 0.652893
vt 0.660424 0.652470
vt 0.895101 0.305878
vt 0.666258 0.652098
vt 0.671942 0.150305
vt 0.666173 0.127939
vt 0.672384 0.286265
vt 0.679581 0.011593
vt 0.677598 0.059047
vt 0.681285 0.035540
vt 0.893875 0.257688
vt 0.892417 0.159238
vt 0.834798 0.764356
vt 0.839769 0.684534
vt 0.840228 0.670323
vt 0.700101 0.598343
vt 0.841548 0.643508
vt 0.839192 0.632872
vt 0.838449 0.627307
vt 0.675012 0.589370
vt 0.668579 0.586785
vt 0.842837 0.613173
vt 0.619722 0.571307
vt 0.644113 0.575937
vt 0.826556 0.412322
vt 0.827819 0.394007
vt 0.825524 0.459079
vt 0.828499 0.449866
vt 0.825592 0.479607
vt 0.825420 0.499501
vt 0.829899 0.506090
vt 0.829680 0.515717
vt 0.826437 0.522763
vt 0.824089 0.150446
vt 0.828564 0.549386
vt 0.816791 0.100595
vt 0.807659 0.024922
vt 0.807539 0.023435
vt 0.807309 0.021447
vt 0.805154 0.004869
vt 0.690623 0.701334
vt 0.622022 0.660314
vt 0.896593 0.343396
vt 0.626731 0.657623
vt 0.633124 0.656555
vt 0.634707 0.656339
vt 0.641560 0.655545
vt 0.643135 0.655452
vt 0.647337 0.655585
vt 0.645570 0.655550
vt 0.649331 0.656680
vt 0.653665 0.654929
vt 0.657838 0.654226
vt 0.660875 0.653947
vt 0.664726 0.653823
vt 0.893970 0.288786
vt 0.668037 0.217727
vt 0.672415 0.126437
vt 0.667821 0.250485
vt 0.684121 0.104190
vt 0.673890 0.076664
vt 0.678151 0.018891
vt 0.678208 0.026373
vt 0.672443 0.327898
vt 0.674394 0.394371
vt 0.674437 0.443695
vt 0.677001 0.463833
vt 0.889315 0.186607
vt 0.830933 0.800864
vt 0.894396 0.105870
vt 0.891915 0.100751
vt 0.836982 0.718730
vt 0.841361 0.649052
vt 0.823031 0.307919
vt 0.824243 0.189483
vt 0.827439 0.538818
vt 0.826518 0.561314
vt 0.907078 0.445139
vt 0.905084 0.421007
vt 0.813343 0.053143
vt 0.812574 0.062528
vt 0.904108 0.413644
vt 0.902289 0.398812
vt 0.813168 0.034081
vt 0.899903 0.391585
vt 0.808598 0.019505
vt 0.809513 0.004468
vt 0.806526 0.004145
vt 0.623441 0.659959
vt 0.633543 0.659641
vt 0.634858 0.657839
vt 0.636549 0.659243
vt 0.637071 0.657118
vt 0.637794 0.657207
vt 0.640663 0.658349
vt 0.645443 0.658252
vt 0.652011 0.657541
vt 0.657450 0.655653
vt 0.661334 0.655473
vt 0.664779 0.655273
vt 0.669735 0.195939
vt 0.670847 0.267659
vt 0.670862 0.309348
vt 0.678195 0.021842
vt 0.827493 0.880625
vt 0.888386 0.228394
vt 0.834647 0.832254
vt 0.835034 0.827772
vt 0.886444 0.164615
vt 0.838531 0.751877
vt 0.837429 0.743356
vt 0.840828 0.699600
vt 0.892222 0.083737
vt 0.702891 0.603418
vt 0.842644 0.623770
vt 0.663287 0.588026
vt 0.646086 0.582453
vt 0.830284 0.358489
vt 0.828622 0.473530
vt 0.825244 0.270375
vt 0.830584 0.238659
vt 0.830055 0.494912
vt 0.826917 0.221416
vt 0.823245 0.165419
vt 0.909885 0.453129
vt 0.906946 0.434149
vt 0.819186 0.068838
vt 0.819233 0.051006
vt 0.816676 0.039335
vt 0.814586 0.019307
vt 0.810306 0.021100
vt 0.810339 0.009442
vt 0.622790 0.663312
vt 0.628509 0.660394
vt 0.633916 0.661112
vt 0.638298 0.660498
vt 0.639383 0.658400
vt 0.647579 0.658233
vt 0.650803 0.657623
vt 0.658026 0.658748
vt 0.705384 0.638742
vt 0.704822 0.635543
vt 0.705384 0.634180
vt 0.656668 0.660459
vt 0.663076 0.658325
vt 0.668807 0.657942
vt 0.680162 0.659563
vt 0.692799 0.703319
vt 0.691617 0.700436
vt 0.692799 0.696504
vt 0.676372 0.008735
vt 0.892012 0.281468
vt 0.889845 0.268653
vt 0.673154 0.408037
vt 0.673744 0.425971
vt 0.888072 0.213178
vt 0.886445 0.203331
vt 0.887815 0.178691
vt 0.840540 0.771395
vt 0.888973 0.125013
vt 0.891026 0.113274
vt 0.888408 0.109495
vt 0.890838 0.096922
vt 0.889946 0.091879
vt 0.846906 0.706056
vt 0.896994 0.067929
vt 0.891302 0.080265
vt 0.708794 0.606480
vt 0.842242 0.661316
vt 0.684703 0.602812
vt 0.709837 0.655167
vt 0.709423 0.644827
vt 0.709837 0.639239
vt 0.619001 0.577433
vt 0.636376 0.576863
vt 0.831209 0.416450
vt 0.832158 0.379814
vt 0.829427 0.316868
vt 0.831631 0.464453
vt 0.835244 0.300817
vt 0.830127 0.484959
vt 0.833003 0.501648
vt 0.822965 0.128892
vt 0.821835 0.108761
vt 0.821337 0.100216
vt 0.817560 0.088478
vt 0.818614 0.061631
vt 0.821272 0.057454
vt 0.812310 0.025725
vt 0.812251 0.012603
vt 0.624292 0.664543
vt 0.618340 0.664477
vt 0.625145 0.662741
vt 0.626697 0.664024
vt 0.630096 0.661689
vt 0.892689 0.333583
vt 0.635233 0.661017
vt 0.641333 0.659834
vt 0.642630 0.659652
vt 0.644246 0.659650
vt 0.649782 0.660705
vt 0.652273 0.658759
vt 0.884811 0.310601
vt 0.665156 0.658138
vt 0.676531 0.013042
vt 0.674921 0.041706
vt 0.673502 0.035500
vt 0.669492 0.368094
vt 0.674101 0.365060
vt 0.830269 0.872133
vt 0.835338 0.856779
vt 0.832732 0.852265
vt 0.835189 0.843151
vt 0.839271 0.813802
vt 0.887006 0.138564
vt 0.844861 0.749867
vt 0.841226 0.727382
vt 0.847987 0.681268
vt 0.840059 0.675493
vt 0.846677 0.656671
vt 0.691112 0.603672
vt 0.844939 0.630889
vt 0.678767 0.596396
vt 0.672022 0.595597
vt 0.848211 0.619188
vt 0.832511 0.402703
vt 0.834385 0.431196
vt 0.834511 0.447724
vt 0.835974 0.266541
vt 0.835434 0.527403
vt 0.834822 0.546222
vt 0.822267 0.091474
vt 0.813881 0.026361
vt 0.894364 0.368370
vt 0.811823 0.009789
vt 0.620824 0.670330
vt 0.618618 0.665980
vt 0.623475 0.666379
vt 0.626703 0.668967
vt 0.687942 0.696504
vt 0.688968 0.699167
vt 0.687942 0.705639
vt 0.631743 0.663027
vt 0.633046 0.662829
vt 0.637805 0.665348
vt 0.640240 0.663728
vt 0.640056 0.662122
vt 0.641624 0.661750
vt 0.643150 0.661651
vt 0.648585 0.662683
vt 0.655693 0.660456
vt 0.653484 0.662160
vt 0.661855 0.659960
vt 0.663672 0.659769
vt 0.667856 0.660680
vt 0.665932 0.660993
vt 0.675624 0.661046
vt 0.675031 0.015961
vt 0.884922 0.289544
vt 0.672971 0.057404
vt 0.673608 0.027893
vt 0.674754 0.049502
vt 0.669413 0.330874
vt 0.670976 0.351006
vt 0.671112 0.380553
vt 0.886488 0.261613
vt 0.668593 0.409596
vt 0.675009 0.455390
vt 0.840520 0.818027
vt 0.838787 0.798791
vt 0.840963 0.789573
vt 0.847376 0.730473
vt 0.844361 0.690582
vt 0.401713 0.002977
vt 0.397964 0.006076
vt 0.388318 0.000000
vt 0.844260 0.644540
vt 0.848516 0.643091
vt 0.665069 0.596462
vt 0.652274 0.593165
vt 0.648534 0.586660
vt 0.645140 0.587568
vt 0.640780 0.585764
vt 0.638302 0.583062
vt 0.834639 0.480174
vt 0.830202 0.184271
vt 0.826651 0.141930
vt 0.825810 0.126896
vt 0.902941 0.438051
vt 0.822231 0.070223
vt 0.899121 0.422082
vt 0.896228 0.411895
vt 0.898143 0.402714
vt 0.819313 0.035660
vt 0.818720 0.017527
vt 0.816166 0.010202
vt 0.891521 0.354683
vt 0.632157 0.664593
vt 0.641793 0.663625
vt 0.643478 0.663486
vt 0.645177 0.663173
vt 0.655268 0.662186
vt 0.655578 0.663612
vt 0.660723 0.662755
vt 0.664950 0.662797
vt 0.670394 0.662612
vt 0.673573 0.023386
vt 0.667818 0.306178
vt 0.671676 0.047950
vt 0.669663 0.391318
vt 0.670585 0.426007
vt 0.671226 0.442235
vt 0.881516 0.249971
vt 0.667118 0.458181
vt 0.835475 0.868926
vt 0.837777 0.835588
vt 0.880482 0.195878
vt 0.885226 0.150856
vt 0.882150 0.159044
vt 0.887420 0.104230
vt 0.377776 0.000855
vt 0.698466 0.614882
vt 0.693601 0.614156
vt 0.850278 0.668319
vt 0.681142 0.603010
vt 0.655336 0.594659
vt 0.637728 0.698715
vt 0.631427 0.704986
vt 0.631427 0.690392
vt 0.629464 0.584009
vt 0.837636 0.343997
vt 0.832602 0.254301
vt 0.834588 0.493044
vt 0.834310 0.512564
vt 0.832497 0.205004
vt 0.827590 0.160031
vt 0.826159 0.106461
vt 0.835406 0.567077
vt 0.827660 0.569002
vt 0.822874 0.059263
vt 0.885273 0.383356
vt 0.817640 0.020467
vt 0.816411 0.013794
vt 0.684485 0.704124
vt 0.684172 0.707705
vt 0.684172 0.701716
vt 0.632560 0.666164
vt 0.634286 0.667517
vt 0.887154 0.340071
vt 0.643729 0.664875
vt 0.648761 0.664376
vt 0.881462 0.326426
vt 0.652503 0.665402
vt 0.673231 0.007415
vt 0.674628 0.004538
vt 0.671885 0.013185
vt 0.669314 0.287737
vt 0.669553 0.066999
vt 0.664791 0.343209
vt 0.669333 0.468564
vt 0.880750 0.220771
vt 0.839982 0.842959
vt 0.883376 0.185712
vt 0.882599 0.142244
vt 0.882059 0.121913
vt 0.884533 0.092001
vt 0.849004 0.695244
vt 0.689184 0.608499
vt 0.852799 0.654684
vt 0.674925 0.598522
vt 0.852738 0.635509
vt 0.848416 0.627439
vt 0.855203 0.626620
vt 0.665915 0.600514
vt 0.634613 0.587770
vt 0.838738 0.417136
vt 0.839110 0.466452
vt 0.830895 0.139679
vt 0.835905 0.556650
vt 0.826465 0.089087
vt 0.823672 0.069984
vt 0.822121 0.050187
vt 0.821128 0.039005
vt 0.889169 0.377074
vt 0.622679 0.668203
vt 0.623573 0.671374
vt 0.632985 0.667745
vt 0.641531 0.668021
vt 0.705859 0.638875
vt 0.706158 0.637038
vt 0.642566 0.666325
vt 0.644169 0.666238
vt 0.659429 0.664579
vt 0.660812 0.668119
vt 0.666740 0.667958
vt 0.881132 0.301323
vt 0.673309 0.663259
vt 0.677972 0.662619
vt 0.680035 0.664251
vt 0.666260 0.270690
vt 0.663241 0.247330
vt 0.671777 0.010309
vt 0.668785 0.089467
vt 0.672007 0.017511
vt 0.670398 0.037124
vt 0.670504 0.027986
vt 0.664817 0.332399
vt 0.666396 0.382150
vt 0.878142 0.275470
vt 0.666482 0.389852
vt 0.663985 0.423228
vt 0.878281 0.241601
vt 0.664909 0.475848
vt 0.841498 0.872988
vt 0.843459 0.856336
vt 0.881932 0.177885
vt 0.846557 0.801672
vt 0.844859 0.778259
vt 0.884598 0.127168
vt 0.882489 0.114827
vt 0.384968 0.007990
vt 0.852013 0.643305
vt 0.673752 0.605566
vt 0.316539 0.065374
vt 0.318138 0.052735
vt 0.323475 0.067620
vt 0.640250 0.589046
vt 0.841803 0.425794
vt 0.837244 0.325489
vt 0.839109 0.488238
vt 0.835215 0.239895
vt 0.840546 0.497972
vt 0.831412 0.177664
vt 0.830793 0.164644
vt 0.828572 0.150018
vt 0.828154 0.116383
vt 0.825416 0.094963
vt 0.899577 0.445706
vt 0.825591 0.076799
vt 0.823396 0.032737
vt 0.824600 0.030453
vt 0.820917 0.023583
vt 0.822930 0.018677
vt 0.626443 0.672444
vt 0.883359 0.348602
vt 0.633440 0.669307
vt 0.654069 0.705305
vt 0.653599 0.702528
vt 0.645172 0.669181
vt 0.647884 0.667217
vt 0.649590 0.667219
vt 0.665834 0.143868
vt 0.673513 0.668323
vt 0.672488 0.667512
vt 0.677195 0.667170
vt 0.663304 0.233290
vt 0.663324 0.118408
vt 0.667123 0.016368
vt 0.664739 0.293862
vt 0.668899 0.022100
vt 0.663198 0.315454
vt 0.666713 0.059104
vt 0.661805 0.402551
vt 0.880642 0.265777
vt 0.663240 0.442469
vt 0.882400 0.229061
vt 0.877817 0.209290
vt 0.841222 0.829175
vt 0.843968 0.815034
vt 0.879195 0.164164
vt 0.879957 0.136823
vt 0.883447 0.102473
vt 0.853048 0.685230
vt 0.404426 0.009566
vt 0.852930 0.658377
vt 0.322298 0.053421
vt 0.320139 0.047169
vt 0.838539 0.403523
vt 0.838359 0.391375
vt 0.839062 0.456092
vt 0.843569 0.481854
vt 0.834566 0.220829
vt 0.838951 0.505160
vt 0.841758 0.515867
vt 0.833722 0.165918
vt 0.829111 0.107678
vt 0.844689 0.563602
vt 0.888801 0.434482
vt 0.889353 0.417252
vt 0.888831 0.401301
vt 0.826374 0.049256
vt 0.826217 0.047426
vt 0.820350 0.018935
vt 0.883787 0.368998
vt 0.819227 0.012881
vt 0.620558 0.673558
vt 0.623383 0.674880
vt 0.618340 0.677638
vt 0.624050 0.672988
vt 0.628432 0.670322
vt 0.631406 0.671411
vt 0.633922 0.670906
vt 0.637779 0.670200
vt 0.648030 0.672343
vt 0.657057 0.668185
vt 0.653494 0.668295
vt 0.661892 0.216187
vt 0.661952 0.205300
vt 0.663622 0.192788
vt 0.661610 0.264503
vt 0.663189 0.276868
vt 0.663872 0.097576
vt 0.667266 0.035743
vt 0.667310 0.026682
vt 0.661647 0.317004
vt 0.667116 0.046512
vt 0.661540 0.372926
vt 0.663724 0.415745
vt 0.658655 0.409913
vt 0.847910 0.830199
vt 0.848701 0.794054
vt 0.878055 0.152152
vt 0.851162 0.751057
vt 0.850671 0.728419
vt 0.853147 0.710530
vt 0.412403 0.007690
vt 0.859869 0.680152
vt 0.684937 0.612234
vt 0.667397 0.603024
vt 0.643791 0.595970
vt 0.641075 0.593845
vt 0.636507 0.595028
vt 0.839899 0.309682
vt 0.838639 0.255334
vt 0.834702 0.186670
vt 0.843113 0.522522
vt 0.834217 0.175710
vt 0.833218 0.156034
vt 0.840984 0.543832
vt 0.833175 0.129038
vt 0.831542 0.100254
vt 0.827676 0.065548
vt 0.828220 0.054399
vt 0.827213 0.042230
vt 0.825580 0.040009
vt 0.825176 0.022886
vt 0.822048 0.020963
vt 0.626256 0.675958
vt 0.636231 0.673886
vt 0.642680 0.671234
vt 0.877546 0.313674
vt 0.677309 0.705325
vt 0.677533 0.708934
vt 0.662194 0.180267
vt 0.663415 0.015247
vt 0.668783 0.009092
vt 0.665651 0.023846
vt 0.660077 0.338623
vt 0.659994 0.352626
vt 0.658296 0.385501
vt 0.875942 0.259497
vt 0.876138 0.194957
vt 0.876250 0.172546
vt 0.879576 0.121071
vt 0.860220 0.659269
vt 0.677918 0.612458
vt 0.858752 0.648369
vt 0.858104 0.634870
vt 0.326962 0.061104
vt 0.648754 0.594691
vt 0.655683 0.602213
vt 0.840711 0.354343
vt 0.843460 0.449478
vt 0.837831 0.230079
vt 0.836971 0.206159
vt 0.845206 0.551769
vt 0.832352 0.113854
vt 0.831011 0.071925
vt 0.827370 0.029384
vt 0.820656 0.011478
vt 0.822624 0.014759
vt 0.627330 0.679200
vt 0.631181 0.674911
vt 0.632255 0.678167
vt 0.879679 0.340478
vt 0.638905 0.673434
vt 0.640258 0.673238
vt 0.646438 0.672513
vt 0.651468 0.672260
vt 0.666406 0.671235
vt 0.662546 0.155042
vt 0.662748 0.143894
vt 0.660180 0.120106
vt 0.678963 0.672923
vt 0.672292 0.674414
vt 0.662190 0.021175
vt 0.661650 0.289279
vt 0.662706 0.086387
vt 0.663949 0.045160
vt 0.656133 0.376240
vt 0.655908 0.427970
vt 0.659480 0.435225
vt 0.653340 0.445767
vt 0.655561 0.457386
vt 0.845545 0.879877
vt 0.835808 0.878549
vt 0.876640 0.234930
vt 0.874948 0.221634
vt 0.846508 0.844567
vt 0.874821 0.211627
vt 0.873641 0.162277
vt 0.876035 0.131927
vt 0.855066 0.738309
vt 0.858435 0.736050
vt 0.856382 0.680891
vt 0.667892 0.608729
vt 0.647734 0.601053
vt 0.326268 0.047226
vt 0.842872 0.398353
vt 0.841083 0.377242
vt 0.841864 0.335738
vt 0.843561 0.468703
vt 0.842080 0.275197
vt 0.839765 0.244157
vt 0.843340 0.510166
vt 0.847293 0.534210
vt 0.836588 0.165427
vt 0.835845 0.152196
vt 0.835403 0.143830
vt 0.890760 0.446869
vt 0.833477 0.085708
vt 0.828722 0.079724
vt 0.885615 0.422787
vt 0.831526 0.062671
vt 0.827813 0.033545
vt 0.830060 0.034778
vt 0.686866 0.706649
vt 0.686866 0.696504
vt 0.687942 0.701648
vt 0.829552 0.024644
vt 0.636075 0.677377
vt 0.642452 0.674883
vt 0.648130 0.676659
vt 0.650356 0.673829
vt 0.652194 0.674013
vt 0.656939 0.672389
vt 0.659041 0.677013
vt 0.661816 0.674721
vt 0.664296 0.671549
vt 0.876734 0.301877
vt 0.660550 0.161401
vt 0.656952 0.242787
vt 0.657155 0.219409
vt 0.658499 0.255233
vt 0.877460 0.289990
vt 0.656833 0.287874
vt 0.663245 0.070413
vt 0.664067 0.032940
vt 0.662400 0.056208
vt 0.660690 0.039288
vt 0.875507 0.281006
vt 0.660655 0.460103
vt 0.872772 0.251190
vt 0.659676 0.471481
vt 0.857881 0.805405
vt 0.854597 0.773510
vt 0.875635 0.140724
vt 0.876747 0.119055
vt 0.877442 0.109372
vt 0.429031 0.014300
vt 0.418067 0.015062
vt 0.425353 0.009195
vt 0.862322 0.701522
vt 0.395714 0.014889
vt 0.368386 0.013783
vt 0.378835 0.009914
vt 0.371710 0.019447
vt 0.663001 0.608820
vt 0.329690 0.066003
vt 0.328426 0.073709
vt 0.329568 0.054071
vt 0.844815 0.341380
vt 0.842799 0.309253
vt 0.846184 0.428092
vt 0.841057 0.239239
vt 0.846451 0.492870
vt 0.838969 0.186352
vt 0.847533 0.524682
vt 0.839954 0.176309
vt 0.835705 0.097469
vt 0.833240 0.082194
vt 0.709820 0.620966
vt 0.709820 0.637357
vt 0.709318 0.626990
vt 0.837590 0.082776
vt 0.621633 0.677064
vt 0.629092 0.684078
vt 0.879679 0.357298
vt 0.629751 0.678684
vt 0.641913 0.677334
vt 0.654281 0.674690
vt 0.658015 0.145678
vt 0.659238 0.096179
vt 0.658760 0.017150
vt 0.655209 0.309490
vt 0.655237 0.327971
vt 0.875034 0.272098
vt 0.871171 0.244523
vt 0.851564 0.860852
vt 0.873650 0.228612
vt 0.856742 0.855410
vt 0.873347 0.200410
vt 0.873346 0.187476
vt 0.872013 0.178253
vt 0.858719 0.792093
vt 0.872017 0.130220
vt 0.859606 0.713322
vt 0.412444 0.015805
vt 0.385178 0.013191
vt 0.393874 0.017817
vt 0.660749 0.690392
vt 0.660749 0.706499
vt 0.658085 0.699358
vt 0.377407 0.018739
vt 0.863400 0.659770
vt 0.334619 0.086296
vt 0.336422 0.081115
vt 0.342907 0.093165
vt 0.645638 0.605003
vt 0.641832 0.598860
vt 0.332084 0.048743
vt 0.330064 0.042580
vt 0.325622 0.041767
vt 0.845293 0.371912
vt 0.845970 0.411482
vt 0.843688 0.285801
vt 0.847760 0.442764
vt 0.846441 0.460848
vt 0.843075 0.259445
vt 0.841479 0.211916
vt 0.839398 0.164816
vt 0.837364 0.126297
vt 0.834998 0.109805
vt 0.832077 0.049211
vt 0.882341 0.408967
vt 0.883061 0.402895
vt 0.831643 0.044098
vt 0.881891 0.392919
vt 0.831881 0.032079
vt 0.827291 0.017726
vt 0.623267 0.681905
vt 0.631249 0.686221
vt 0.631571 0.680043
vt 0.639231 0.682088
vt 0.875392 0.323518
vt 0.660894 0.676838
vt 0.664506 0.676069
vt 0.666085 0.702603
vt 0.666371 0.697985
vt 0.666371 0.705439
vt 0.668371 0.675377
vt 0.657363 0.186693
vt 0.655974 0.167945
vt 0.655578 0.205523
vt 0.656863 0.125071
vt 0.661590 0.009806
vt 0.653550 0.266347
vt 0.653612 0.253874
vt 0.656961 0.026147
vt 0.660213 0.064256
vt 0.658763 0.054905
vt 0.660559 0.048513
vt 0.653781 0.365350
vt 0.651847 0.349778
vt 0.648327 0.385963
vt 0.653399 0.393392
vt 0.872056 0.217162
vt 0.856615 0.840746
vt 0.860556 0.814566
vt 0.872697 0.151899
vt 0.862183 0.759994
vt 0.860390 0.672507
vt 0.362627 0.018237
vt 0.365192 0.025451
vt 0.358453 0.023574
vt 0.670827 0.613605
vt 0.654589 0.609374
vt 0.848678 0.395664
vt 0.845849 0.321136
vt 0.845499 0.302596
vt 0.847919 0.479634
vt 0.849315 0.498011
vt 0.847808 0.505315
vt 0.841725 0.184119
vt 0.841725 0.154095
vt 0.850027 0.540553
vt 0.839605 0.091082
vt 0.834319 0.041084
vt 0.879976 0.375154
vt 0.651444 0.697930
vt 0.652551 0.691092
vt 0.367698 0.776303
vt 0.360203 0.776476
vt 0.357495 0.773395
vt 0.832214 0.023093
vt 0.875742 0.345193
vt 0.634653 0.681154
vt 0.642118 0.681690
vt 0.644755 0.683950
vt 0.652513 0.678817
vt 0.873128 0.312080
vt 0.647079 0.196653
vt 0.653774 0.233556
vt 0.655637 0.107590
vt 0.651886 0.275730
vt 0.655486 0.032248
vt 0.871177 0.280578
vt 0.872122 0.270921
vt 0.871619 0.258464
vt 0.849840 0.872116
vt 0.850409 0.880500
vt 0.870867 0.230888
vt 0.856251 0.826664
vt 0.870260 0.188196
vt 0.871400 0.143333
vt 0.859377 0.719915
vt 0.439755 0.017012
vt 0.431528 0.021518
vt 0.864716 0.711739
vt 0.864310 0.695468
vt 0.340429 0.070107
vt 0.664199 0.612229
vt 0.332612 0.054046
vt 0.333809 0.037600
vt 0.344434 0.034505
vt 0.336711 0.040993
vt 0.682970 0.698436
vt 0.670842 0.705808
vt 0.670657 0.704385
vt 0.670842 0.701596
vt 0.848194 0.374327
vt 0.848676 0.410933
vt 0.844785 0.270085
vt 0.850808 0.479036
vt 0.845446 0.243180
vt 0.846673 0.236523
vt 0.842177 0.135221
vt 0.850633 0.562855
vt 0.842299 0.111268
vt 0.841782 0.102722
vt 0.840098 0.078320
vt 0.836813 0.064633
vt 0.836012 0.046101
vt 0.657498 0.707172
vt 0.658085 0.701892
vt 0.658085 0.693178
vt 0.355670 0.775042
vt 0.352669 0.778888
vt 0.351562 0.776232
vt 0.636583 0.682568
vt 0.635300 0.682802
vt 0.639875 0.683485
vt 0.648302 0.680954
vt 0.652999 0.679833
vt 0.657725 0.681914
vt 0.668330 0.679693
vt 0.663095 0.680922
vt 0.676845 0.677700
vt 0.671379 0.681082
vt 0.646724 0.246436
vt 0.653497 0.022114
vt 0.651079 0.099942
vt 0.652065 0.046235
vt 0.655543 0.038285
vt 0.870513 0.293525
vt 0.648094 0.317506
vt 0.650636 0.419253
vt 0.655896 0.463179
vt 0.847451 0.889849
vt 0.842382 0.890388
vt 0.862671 0.781103
vt 0.869429 0.164936
vt 0.866758 0.156571
vt 0.858265 0.771205
vt 0.867475 0.137320
vt 0.448127 0.023590
vt 0.439729 0.025512
vt 0.865228 0.733024
vt 0.408475 0.021700
vt 0.386854 0.020020
vt 0.370512 0.024595
vt 0.643598 0.708942
vt 0.646489 0.705296
vt 0.351660 0.023769
vt 0.352652 0.027906
vt 0.336674 0.044483
vt 0.338660 0.050587
vt 0.332329 0.050555
vt 0.333007 0.045937
vt 0.848054 0.349871
vt 0.848447 0.306635
vt 0.851963 0.434336
vt 0.849522 0.290812
vt 0.847726 0.275649
vt 0.845896 0.258881
vt 0.847697 0.225042
vt 0.852104 0.505930
vt 0.849141 0.516230
vt 0.844212 0.175243
vt 0.882406 0.430505
vt 0.879765 0.411156
vt 0.878449 0.400288
vt 0.832712 0.033754
vt 0.877738 0.381189
vt 0.375342 0.768369
vt 0.368592 0.772048
vt 0.367606 0.771707
vt 0.367379 0.773106
vt 0.365636 0.771001
vt 0.698385 0.701373
vt 0.696321 0.705565
vt 0.697738 0.696690
vt 0.875666 0.360120
vt 0.696321 0.696491
vt 0.694937 0.696504
vt 0.694937 0.704904
vt 0.693851 0.698388
vt 0.690273 0.696504
vt 0.690570 0.697700
vt 0.690273 0.703739
vt 0.636842 0.689847
vt 0.638465 0.683675
vt 0.873761 0.337998
vt 0.647502 0.682839
vt 0.650970 0.683023
vt 0.665080 0.684178
vt 0.644362 0.145027
vt 0.655237 0.014776
vt 0.650576 0.215080
vt 0.651678 0.066540
vt 0.648645 0.328235
vt 0.646645 0.380637
vt 0.648124 0.438770
vt 0.868740 0.255593
vt 0.867939 0.219702
vt 0.867787 0.202991
vt 0.866458 0.772924
vt 0.867866 0.746607
vt 0.420577 0.022291
vt 0.355526 0.035174
vt 0.348617 0.027503
vt 0.342996 0.040904
vt 0.851749 0.417788
vt 0.852141 0.458161
vt 0.852179 0.490289
vt 0.847899 0.192312
vt 0.853243 0.526503
vt 0.850226 0.533797
vt 0.849566 0.553867
vt 0.847215 0.128530
vt 0.884712 0.445349
vt 0.841251 0.068581
vt 0.385340 0.765886
vt 0.395858 0.750686
vt 0.396095 0.755446
vt 0.381579 0.754999
vt 0.378949 0.765083
vt 0.634100 0.686721
vt 0.639848 0.686745
vt 0.645302 0.685104
vt 0.649589 0.687002
vt 0.871255 0.324114
vt 0.320128 0.752301
vt 0.316539 0.746947
vt 0.321372 0.752973
vt 0.647533 0.171612
vt 0.646768 0.124191
vt 0.317628 0.739183
vt 0.321198 0.741209
vt 0.646952 0.255798
vt 0.647736 0.087482
vt 0.646565 0.346916
vt 0.643442 0.397030
vt 0.648736 0.411860
vt 0.869357 0.271538
vt 0.650471 0.454680
vt 0.866806 0.235341
vt 0.859126 0.877611
vt 0.867271 0.807297
vt 0.865094 0.180173
vt 0.448137 0.029256
vt 0.866115 0.689392
vt 0.869600 0.682195
vt 0.380116 0.027962
vt 0.364582 0.032726
vt 0.353309 0.039399
vt 0.852507 0.360959
vt 0.857410 0.322865
vt 0.858786 0.405275
vt 0.857915 0.466950
vt 0.849704 0.242159
vt 0.850031 0.253169
vt 0.848499 0.208562
vt 0.854094 0.546533
vt 0.844621 0.094755
vt 0.879705 0.421289
vt 0.364102 0.768945
vt 0.369499 0.766299
vt 0.359302 0.773196
vt 0.358876 0.768534
vt 0.872644 0.371636
vt 0.346958 0.774584
vt 0.354609 0.771283
vt 0.873162 0.362913
vt 0.873200 0.348018
vt 0.345131 0.775181
vt 0.346098 0.771820
vt 0.633000 0.690392
vt 0.702102 0.639292
vt 0.703607 0.634922
vt 0.704822 0.634180
vt 0.870436 0.330801
vt 0.656375 0.686323
vt 0.663739 0.685355
vt 0.644428 0.165529
vt 0.867943 0.296163
vt 0.867540 0.309905
vt 0.645762 0.221548
vt 0.648120 0.030224
vt 0.643669 0.268460
vt 0.648252 0.059018
vt 0.867093 0.281379
vt 0.646699 0.475157
vt 0.858335 0.883712
vt 0.867060 0.245582
vt 0.859376 0.846434
vt 0.863759 0.211224
vt 0.859454 0.828021
vt 0.864034 0.832959
vt 0.864798 0.192985
vt 0.865377 0.817053
vt 0.865197 0.794950
vt 0.862828 0.154818
vt 0.451749 0.029265
vt 0.432972 0.027836
vt 0.866906 0.720167
vt 0.871828 0.709439
vt 0.868592 0.695916
vt 0.374727 0.028847
vt 0.348569 0.060844
vt 0.343151 0.052979
vt 0.346112 0.047788
vt 0.589014 0.460478
vt 0.583760 0.447267
vt 0.595218 0.444239
vt 0.854793 0.283130
vt 0.597284 0.417371
vt 0.603433 0.420244
vt 0.854983 0.493880
vt 0.854732 0.520691
vt 0.848592 0.162191
vt 0.853624 0.558464
vt 0.879254 0.427914
vt 0.417527 0.739371
vt 0.411971 0.745256
vt 0.407777 0.737625
vt 0.874796 0.404211
vt 0.379096 0.762020
vt 0.873948 0.384629
vt 0.367974 0.762645
vt 0.356513 0.770657
vt 0.870981 0.353535
vt 0.342173 0.774104
vt 0.344921 0.770335
vt 0.341540 0.770918
vt 0.336569 0.771564
vt 0.340596 0.768862
vt 0.337444 0.768879
vt 0.704822 0.644602
vt 0.650265 0.688250
vt 0.658349 0.689442
vt 0.325859 0.748771
vt 0.322732 0.733475
vt 0.646960 0.039248
vt 0.641672 0.373866
vt 0.645750 0.359459
vt 0.641668 0.391022
vt 0.642392 0.422714
vt 0.863959 0.275302
vt 0.864811 0.260338
vt 0.863373 0.884232
vt 0.860029 0.896168
vt 0.846660 0.895349
vt 0.642694 0.465308
vt 0.863877 0.224496
vt 0.465373 0.039493
vt 0.461171 0.028817
vt 0.402987 0.023021
vt 0.395349 0.024554
vt 0.344522 0.087410
vt 0.351521 0.086180
vt 0.855609 0.306321
vt 0.851739 0.263689
vt 0.601596 0.408049
vt 0.611354 0.380933
vt 0.612735 0.386385
vt 0.604983 0.388985
vt 0.851562 0.214211
vt 0.615211 0.360206
vt 0.616105 0.368927
vt 0.854872 0.512355
vt 0.617576 0.337103
vt 0.618128 0.344111
vt 0.616436 0.350414
vt 0.854506 0.531682
vt 0.854253 0.541183
vt 0.854534 0.568599
vt 0.879282 0.436861
vt 0.425224 0.730969
vt 0.416418 0.734312
vt 0.424105 0.724302
vt 0.876211 0.415300
vt 0.846578 0.086832
vt 0.396438 0.747755
vt 0.406013 0.746380
vt 0.875451 0.398477
vt 0.343474 0.769915
vt 0.674827 0.693485
vt 0.674234 0.699211
vt 0.671668 0.700917
vt 0.325001 0.759756
vt 0.330648 0.760996
vt 0.329721 0.763708
vt 0.581677 0.168739
vt 0.583739 0.160449
vt 0.585785 0.167723
vt 0.575242 0.148367
vt 0.326410 0.755629
vt 0.327262 0.741132
vt 0.644004 0.190622
vt 0.643732 0.110110
vt 0.642120 0.234250
vt 0.641926 0.294787
vt 0.646445 0.065469
vt 0.647081 0.046835
vt 0.865715 0.302933
vt 0.641995 0.409250
vt 0.643369 0.446315
vt 0.863099 0.248652
vt 0.523335 0.079493
vt 0.533195 0.085297
vt 0.539187 0.097498
vt 0.862128 0.866902
vt 0.862113 0.170218
vt 0.420170 0.028779
vt 0.874927 0.691111
vt 0.872030 0.681073
vt 0.357217 0.109177
vt 0.357218 0.095946
vt 0.357481 0.082620
vt 0.352069 0.055948
vt 0.356299 0.046267
vt 0.578393 0.468715
vt 0.862113 0.347570
vt 0.610790 0.399169
vt 0.853611 0.231456
vt 0.613178 0.356167
vt 0.614539 0.344700
vt 0.851195 0.178113
vt 0.463091 0.686304
vt 0.440077 0.710578
vt 0.455252 0.686880
vt 0.856440 0.556559
vt 0.431468 0.725162
vt 0.847750 0.107722
vt 0.616110 0.275955
vt 0.616413 0.288338
vt 0.613795 0.273859
vt 0.876232 0.425107
vt 0.404452 0.736447
vt 0.362756 0.762076
vt 0.870916 0.380836
vt 0.361290 0.766383
vt 0.347743 0.766764
vt 0.352759 0.766488
vt 0.343880 0.768617
vt 0.334179 0.764278
vt 0.594357 0.191324
vt 0.590979 0.190086
vt 0.637300 0.181806
vt 0.640573 0.207955
vt 0.640337 0.243751
vt 0.644963 0.059422
vt 0.640341 0.316386
vt 0.638124 0.375697
vt 0.640297 0.344173
vt 0.642017 0.334760
vt 0.569329 0.134959
vt 0.559185 0.129149
vt 0.561356 0.121974
vt 0.555718 0.118604
vt 0.639672 0.439219
vt 0.548478 0.110906
vt 0.547832 0.105541
vt 0.640653 0.455414
vt 0.541202 0.103713
vt 0.867112 0.852720
vt 0.867909 0.845191
vt 0.453196 0.035665
vt 0.438993 0.032524
vt 0.877218 0.724296
vt 0.410567 0.030524
vt 0.874310 0.697438
vt 0.387305 0.029921
vt 0.875274 0.673446
vt 0.365499 0.040572
vt 0.351253 0.050473
vt 0.527912 0.584390
vt 0.521070 0.603495
vt 0.523351 0.586183
vt 0.517090 0.613595
vt 0.510199 0.611392
vt 0.511538 0.623194
vt 0.502518 0.630032
vt 0.610993 0.362217
vt 0.483429 0.664134
vt 0.479092 0.657887
vt 0.494007 0.645028
vt 0.475505 0.679189
vt 0.467152 0.673243
vt 0.471701 0.673172
vt 0.614870 0.322491
vt 0.618187 0.325278
vt 0.618340 0.318458
vt 0.614854 0.312156
vt 0.616093 0.303897
vt 0.618168 0.302808
vt 0.613486 0.282468
vt 0.430836 0.715465
vt 0.381679 0.743817
vt 0.609687 0.240153
vt 0.610328 0.247530
vt 0.605230 0.231478
vt 0.871835 0.389558
vt 0.601190 0.210300
vt 0.602472 0.221773
vt 0.598685 0.214787
vt 0.594766 0.204153
vt 0.340647 0.764102
vt 0.346286 0.761825
vt 0.333071 0.754044
vt 0.334740 0.758121
vt 0.638333 0.153436
vt 0.328075 0.731275
vt 0.572543 0.156380
vt 0.638845 0.223594
vt 0.324989 0.724398
vt 0.328542 0.726344
vt 0.638538 0.261088
vt 0.640745 0.092943
vt 0.643122 0.081615
vt 0.643504 0.054982
vt 0.639997 0.287261
vt 0.643397 0.328528
vt 0.638652 0.333452
vt 0.570767 0.142749
vt 0.638587 0.407971
vt 0.553691 0.123449
vt 0.527571 0.094521
vt 0.513520 0.070640
vt 0.509576 0.073911
vt 0.865262 0.840709
vt 0.499857 0.065067
vt 0.500209 0.058481
vt 0.871306 0.799082
vt 0.489908 0.050839
vt 0.484796 0.056010
vt 0.478920 0.047437
vt 0.470246 0.037635
vt 0.876020 0.740974
vt 0.432834 0.031012
vt 0.427056 0.034916
vt 0.880448 0.713372
vt 0.404935 0.031468
vt 0.358214 0.106185
vt 0.362143 0.103638
vt 0.364692 0.113260
vt 0.367516 0.101505
vt 0.589453 0.435794
vt 0.532088 0.569304
vt 0.538337 0.563134
vt 0.493624 0.638441
vt 0.612456 0.333675
vt 0.406733 0.732532
vt 0.413491 0.726971
vt 0.609800 0.265039
vt 0.612928 0.260831
vt 0.608093 0.248530
vt 0.603988 0.237864
vt 0.605619 0.224422
vt 0.599467 0.222234
vt 0.358133 0.760483
vt 0.355049 0.764576
vt 0.350474 0.763634
vt 0.579704 0.171594
vt 0.329176 0.752118
vt 0.328933 0.748696
vt 0.328710 0.745268
vt 0.329619 0.738967
vt 0.635668 0.175683
vt 0.637238 0.198901
vt 0.639761 0.139080
vt 0.332096 0.717823
vt 0.635390 0.223895
vt 0.640157 0.066295
vt 0.326873 0.716633
vt 0.332123 0.710769
vt 0.560336 0.137006
vt 0.866195 0.874445
vt 0.869214 0.864488
vt 0.871293 0.827144
vt 0.871935 0.819320
vt 0.491769 0.062672
vt 0.874006 0.786068
vt 0.874445 0.752124
vt 0.449128 0.039380
vt 0.381015 0.035534
vt 0.370892 0.036154
vt 0.364834 0.067480
vt 0.358863 0.044163
vt 0.351948 0.052530
vt 0.362109 0.051052
vt 0.509449 0.609513
vt 0.597894 0.405208
vt 0.496302 0.631194
vt 0.600422 0.380679
vt 0.608523 0.347736
vt 0.611242 0.326051
vt 0.611729 0.309284
vt 0.611722 0.297161
vt 0.437521 0.703311
vt 0.610918 0.282942
vt 0.378375 0.747445
vt 0.361532 0.755790
vt 0.593895 0.216549
vt 0.350281 0.759679
vt 0.587510 0.196206
vt 0.340737 0.759291
vt 0.348310 0.756259
vt 0.341384 0.753062
vt 0.331499 0.749994
vt 0.333638 0.744445
vt 0.337810 0.722552
vt 0.636828 0.110845
vt 0.636872 0.256563
vt 0.338902 0.702117
vt 0.636649 0.273656
vt 0.561715 0.144801
vt 0.634380 0.386975
vt 0.634037 0.426312
vt 0.543091 0.117353
vt 0.637701 0.465705
vt 0.873320 0.811426
vt 0.460999 0.043616
vt 0.435270 0.038892
vt 0.878775 0.734699
vt 0.367306 0.119611
vt 0.378972 0.129194
vt 0.694937 0.705423
vt 0.696321 0.702053
vt 0.376010 0.038888
vt 0.551120 0.521158
vt 0.565248 0.481020
vt 0.520198 0.585120
vt 0.590228 0.402656
vt 0.599953 0.373763
vt 0.481687 0.649033
vt 0.460037 0.675600
vt 0.422662 0.717426
vt 0.607032 0.276287
vt 0.603819 0.248733
vt 0.357185 0.758500
vt 0.336490 0.749142
vt 0.335892 0.738833
vt 0.634479 0.139623
vt 0.635472 0.214595
vt 0.637358 0.079231
vt 0.341301 0.706994
vt 0.633564 0.309260
vt 0.633591 0.336962
vt 0.634658 0.394654
vt 0.866628 0.891990
vt 0.532078 0.109398
vt 0.532625 0.102016
vt 0.872392 0.865626
vt 0.871793 0.848976
vt 0.520686 0.096469
vt 0.514707 0.087375
vt 0.496596 0.070387
vt 0.877933 0.806523
vt 0.475717 0.055645
vt 0.468389 0.049487
vt 0.458446 0.047908
vt 0.394807 0.037635
vt 0.361949 0.062781
vt 0.544468 0.547035
vt 0.540651 0.540846
vt 0.574877 0.462662
vt 0.587829 0.416935
vt 0.497434 0.620126
vt 0.488326 0.636619
vt 0.465927 0.664677
vt 0.605483 0.338080
vt 0.431196 0.694616
vt 0.605946 0.305441
vt 0.605388 0.289613
vt 0.602687 0.265887
vt 0.394166 0.732704
vt 0.591570 0.228149
vt 0.371983 0.746642
vt 0.355388 0.754521
vt 0.337827 0.749765
vt 0.340776 0.746280
vt 0.632736 0.157206
vt 0.630098 0.230743
vt 0.346416 0.691955
vt 0.346319 0.699067
vt 0.635312 0.327541
vt 0.633955 0.316886
vt 0.631457 0.349619
vt 0.631838 0.396440
vt 0.632901 0.441234
vt 0.879378 0.832410
vt 0.879107 0.787563
vt 0.445947 0.041760
vt 0.420306 0.037549
vt 0.378993 0.120998
vt 0.366597 0.109353
vt 0.377116 0.113328
vt 0.375365 0.097234
vt 0.371567 0.086689
vt 0.373406 0.041158
vt 0.362336 0.057915
vt 0.366607 0.051658
vt 0.532930 0.549816
vt 0.525402 0.563743
vt 0.505711 0.604938
vt 0.599010 0.323597
vt 0.394580 0.728103
vt 0.359771 0.751508
vt 0.349847 0.752087
vt 0.581592 0.199342
vt 0.346557 0.752181
vt 0.344856 0.748181
vt 0.339249 0.742200
vt 0.338919 0.735235
vt 0.338632 0.728175
vt 0.629706 0.166997
vt 0.630426 0.182541
vt 0.340173 0.716880
vt 0.630542 0.219770
vt 0.629942 0.255790
vt 0.631695 0.277242
vt 0.561413 0.159205
vt 0.547693 0.132103
vt 0.633486 0.448554
vt 0.864578 0.899892
vt 0.878998 0.846347
vt 0.879238 0.819125
vt 0.486076 0.066167
vt 0.879049 0.759619
vt 0.881292 0.746486
vt 0.432076 0.041371
vt 0.884152 0.730988
vt 0.412097 0.037068
vt 0.409199 0.039161
vt 0.401159 0.035242
vt 0.387109 0.042875
vt 0.381625 0.047277
vt 0.368676 0.047571
vt 0.564247 0.472431
vt 0.574551 0.454236
vt 0.517356 0.582465
vt 0.492073 0.623156
vt 0.469998 0.654733
vt 0.600363 0.356810
vt 0.399299 0.725059
vt 0.387291 0.733336
vt 0.598903 0.247036
vt 0.377481 0.740778
vt 0.348989 0.750062
vt 0.349511 0.748688
vt 0.345542 0.738510
vt 0.347930 0.720794
vt 0.630207 0.204303
vt 0.632116 0.108327
vt 0.351967 0.700296
vt 0.347631 0.710287
vt 0.627976 0.266930
vt 0.628975 0.305121
vt 0.630531 0.376416
vt 0.626620 0.342395
vt 0.628437 0.334386
vt 0.632015 0.417540
vt 0.554440 0.147470
vt 0.629268 0.428263
vt 0.870341 0.883652
vt 0.878450 0.860842
vt 0.504483 0.079167
vt 0.882409 0.799732
vt 0.467813 0.059736
vt 0.880136 0.775393
vt 0.369827 0.066875
vt 0.374396 0.052273
vt 0.369300 0.056459
vt 0.555340 0.489324
vt 0.537647 0.529922
vt 0.513357 0.582689
vt 0.520261 0.561877
vt 0.587785 0.396743
vt 0.473080 0.642671
vt 0.440055 0.678279
vt 0.405197 0.719206
vt 0.599940 0.277139
vt 0.591183 0.251002
vt 0.357521 0.748969
vt 0.365137 0.742407
vt 0.356607 0.747157
vt 0.351164 0.744525
vt 0.347890 0.744663
vt 0.352510 0.721330
vt 0.628944 0.154562
vt 0.569414 0.185694
vt 0.360224 0.678020
vt 0.357514 0.687284
vt 0.628952 0.138776
vt 0.420036 0.531352
vt 0.420374 0.540571
vt 0.410846 0.555036
vt 0.564443 0.171210
vt 0.626557 0.392415
vt 0.626513 0.404604
vt 0.630988 0.464881
vt 0.628310 0.452013
vt 0.870339 0.906853
vt 0.876434 0.870098
vt 0.879951 0.811438
vt 0.474478 0.060815
vt 0.885007 0.773935
vt 0.884423 0.756174
vt 0.450738 0.051933
vt 0.444309 0.050795
vt 0.886407 0.724621
vt 0.425043 0.041517
vt 0.388562 0.134324
vt 0.413664 0.043411
vt 0.383272 0.101334
vt 0.392522 0.041997
vt 0.380918 0.052157
vt 0.585576 0.412803
vt 0.496498 0.604844
vt 0.503438 0.600766
vt 0.593866 0.366460
vt 0.593683 0.350903
vt 0.462739 0.658653
vt 0.596804 0.296836
vt 0.419244 0.701690
vt 0.593134 0.285018
vt 0.371088 0.739944
vt 0.378569 0.738020
vt 0.580860 0.215161
vt 0.359191 0.744780
vt 0.362330 0.741259
vt 0.355442 0.738189
vt 0.352677 0.705888
vt 0.627231 0.186051
vt 0.368465 0.666374
vt 0.362868 0.668692
vt 0.378493 0.643072
vt 0.406510 0.565171
vt 0.408203 0.575151
vt 0.401454 0.580238
vt 0.628452 0.318971
vt 0.624676 0.416862
vt 0.628075 0.441717
vt 0.541211 0.133433
vt 0.874593 0.894989
vt 0.530707 0.121727
vt 0.520506 0.106544
vt 0.509021 0.090648
vt 0.494434 0.077175
vt 0.479149 0.068520
vt 0.884422 0.743540
vt 0.885782 0.737243
vt 0.399718 0.044222
vt 0.390880 0.048452
vt 0.374717 0.062632
vt 0.379638 0.054959
vt 0.564973 0.459348
vt 0.529823 0.543744
vt 0.577746 0.430211
vt 0.500856 0.594802
vt 0.590229 0.383979
vt 0.466871 0.635417
vt 0.427710 0.690099
vt 0.398845 0.721715
vt 0.590838 0.266696
vt 0.388931 0.729184
vt 0.588210 0.239293
vt 0.384990 0.628585
vt 0.383251 0.642080
vt 0.389053 0.616413
vt 0.388678 0.630642
vt 0.367768 0.674914
vt 0.359989 0.688562
vt 0.360896 0.697765
vt 0.397709 0.599724
vt 0.412629 0.557869
vt 0.425035 0.521615
vt 0.427595 0.523080
vt 0.705884 0.696340
vt 0.702019 0.708209
vt 0.702019 0.689297
vt 0.433581 0.508641
vt 0.624793 0.304117
vt 0.425089 0.509063
vt 0.436991 0.485716
vt 0.623032 0.283014
vt 0.623528 0.385105
vt 0.624415 0.375597
vt 0.554270 0.158258
vt 0.622220 0.435022
vt 0.637300 0.474419
vt 0.623730 0.468628
vt 0.877259 0.911546
vt 0.886758 0.816521
vt 0.887070 0.767744
vt 0.708706 0.696119
vt 0.709642 0.689297
vt 0.709642 0.708775
vt 0.390465 0.141731
vt 0.394850 0.145826
vt 0.390202 0.128601
vt 0.390157 0.120202
vt 0.405984 0.045138
vt 0.395569 0.049062
vt 0.559681 0.474198
vt 0.541160 0.504408
vt 0.484532 0.606999
vt 0.462023 0.646876
vt 0.444914 0.670217
vt 0.590112 0.330583
vt 0.591370 0.312075
vt 0.399990 0.718926
vt 0.393593 0.726174
vt 0.379468 0.731969
vt 0.375471 0.733609
vt 0.375324 0.730289
vt 0.360932 0.716758
vt 0.360624 0.709747
vt 0.362948 0.700521
vt 0.396402 0.616937
vt 0.365297 0.687737
vt 0.565895 0.193536
vt 0.413177 0.570735
vt 0.426996 0.535262
vt 0.444845 0.470617
vt 0.438236 0.468570
vt 0.447401 0.446977
vt 0.454777 0.440372
vt 0.443116 0.453493
vt 0.624918 0.333308
vt 0.621111 0.397713
vt 0.621243 0.445511
vt 0.879256 0.877286
vt 0.881156 0.872060
vt 0.510088 0.098514
vt 0.885370 0.843669
vt 0.884260 0.862206
vt 0.886982 0.800010
vt 0.475083 0.072450
vt 0.465277 0.064219
vt 0.459307 0.058898
vt 0.449636 0.057095
vt 0.889740 0.755854
vt 0.434930 0.051940
vt 0.403299 0.148676
vt 0.398689 0.139677
vt 0.423745 0.050239
vt 0.388897 0.111125
vt 0.384144 0.070856
vt 0.386831 0.053467
vt 0.383073 0.061823
vt 0.531734 0.526103
vt 0.578678 0.415409
vt 0.582965 0.401774
vt 0.508413 0.567461
vt 0.584175 0.392026
vt 0.450068 0.658965
vt 0.407992 0.712180
vt 0.388668 0.725929
vt 0.383151 0.723677
vt 0.388487 0.722606
vt 0.380362 0.722437
vt 0.373105 0.715604
vt 0.373707 0.702137
vt 0.365408 0.694761
vt 0.371000 0.678285
vt 0.388794 0.641442
vt 0.405722 0.591653
vt 0.422632 0.545423
vt 0.431305 0.525108
vt 0.445521 0.456694
vt 0.461878 0.417270
vt 0.450538 0.454163
vt 0.621294 0.338508
vt 0.624110 0.703111
vt 0.631427 0.700526
vt 0.622136 0.460086
vt 0.524711 0.115636
vt 0.883277 0.831016
vt 0.496816 0.089181
vt 0.890509 0.820561
vt 0.491801 0.084987
vt 0.892895 0.790551
vt 0.891330 0.745995
vt 0.442470 0.057364
vt 0.429222 0.052900
vt 0.395161 0.127862
vt 0.417928 0.054768
vt 0.392432 0.106147
vt 0.406991 0.052989
vt 0.394142 0.051899
vt 0.565674 0.452881
vt 0.555454 0.462655
vt 0.548387 0.483557
vt 0.522354 0.539339
vt 0.519071 0.551453
vt 0.492142 0.584722
vt 0.481366 0.597367
vt 0.466253 0.628492
vt 0.435535 0.679901
vt 0.419630 0.696945
vt 0.586851 0.294734
vt 0.412876 0.700973
vt 0.408184 0.704095
vt 0.399757 0.715630
vt 0.395094 0.718713
vt 0.586764 0.252678
vt 0.384978 0.719440
vt 0.388298 0.703730
vt 0.578153 0.228295
vt 0.374607 0.692205
vt 0.373043 0.684548
vt 0.569305 0.212420
vt 0.385656 0.655763
vt 0.401440 0.616034
vt 0.409504 0.593672
vt 0.425811 0.552455
vt 0.419236 0.563276
vt 0.413188 0.577856
vt 0.432077 0.537959
vt 0.433683 0.515772
vt 0.442701 0.478310
vt 0.440780 0.494917
vt 0.457557 0.443713
vt 0.470221 0.418313
vt 0.465578 0.408510
vt 0.558109 0.175924
vt 0.618340 0.410245
vt 0.550724 0.164047
vt 0.547363 0.148321
vt 0.539493 0.146998
vt 0.880001 0.887593
vt 0.466489 0.297046
vt 0.464308 0.273665
vt 0.467965 0.284292
vt 0.882574 0.881833
vt 0.479737 0.080385
vt 0.892237 0.772827
vt 0.414223 0.157623
vt 0.407806 0.158259
vt 0.394354 0.093372
vt 0.394100 0.055421
vt 0.391473 0.057533
vt 0.392248 0.063082
vt 0.576207 0.404355
vt 0.581030 0.385743
vt 0.452752 0.651728
vt 0.439753 0.669964
vt 0.427890 0.685266
vt 0.422066 0.691322
vt 0.395602 0.713959
vt 0.587374 0.277565
vt 0.404379 0.681782
vt 0.580373 0.253810
vt 0.577660 0.240460
vt 0.383224 0.687574
vt 0.384158 0.677683
vt 0.383134 0.672007
vt 0.382524 0.666484
vt 0.413934 0.590672
vt 0.405315 0.618032
vt 0.438728 0.518481
vt 0.449214 0.474779
vt 0.458521 0.453165
vt 0.477884 0.404632
vt 0.466078 0.425051
vt 0.470418 0.396991
vt 0.479138 0.366709
vt 0.474893 0.385370
vt 0.473392 0.354749
vt 0.528965 0.128294
vt 0.467960 0.275796
vt 0.511814 0.112099
vt 0.503255 0.097474
vt 0.457096 0.066083
vt 0.412335 0.149667
vt 0.402382 0.133294
vt 0.408881 0.059300
vt 0.395386 0.074864
vt 0.390443 0.067273
vt 0.561154 0.446192
vt 0.569308 0.423787
vt 0.513321 0.544277
vt 0.574365 0.400266
vt 0.580163 0.371658
vt 0.581438 0.353133
vt 0.459800 0.639419
vt 0.436862 0.668835
vt 0.584393 0.311088
vt 0.424967 0.677371
vt 0.577192 0.271791
vt 0.394960 0.675770
vt 0.391115 0.665363
vt 0.391563 0.656902
vt 0.397166 0.640388
vt 0.429888 0.565156
vt 0.435464 0.548528
vt 0.439108 0.536301
vt 0.446367 0.492647
vt 0.452623 0.469550
vt 0.555983 0.187201
vt 0.548741 0.168633
vt 0.474636 0.343279
vt 0.480236 0.348201
vt 0.473852 0.325487
vt 0.475745 0.328315
vt 0.472099 0.314116
vt 0.471705 0.274503
vt 0.463742 0.266589
vt 0.521940 0.127496
vt 0.469163 0.259513
vt 0.462125 0.253882
vt 0.891054 0.841013
vt 0.891493 0.854271
vt 0.492866 0.093000
vt 0.442023 0.209582
vt 0.450255 0.207485
vt 0.446323 0.210287
vt 0.472676 0.076803
vt 0.419339 0.170077
vt 0.440693 0.063930
vt 0.401549 0.119374
vt 0.428871 0.060097
vt 0.396820 0.060248
vt 0.398216 0.064397
vt 0.525067 0.528644
vt 0.533727 0.499972
vt 0.526493 0.512409
vt 0.507460 0.557083
vt 0.463912 0.625876
vt 0.453595 0.641973
vt 0.445940 0.655735
vt 0.437350 0.664029
vt 0.429969 0.665904
vt 0.424685 0.658300
vt 0.581615 0.285720
vt 0.412968 0.649536
vt 0.407236 0.643444
vt 0.407640 0.634956
vt 0.417301 0.597676
vt 0.417622 0.611836
vt 0.409883 0.618555
vt 0.404336 0.635115
vt 0.435220 0.567783
vt 0.447520 0.512526
vt 0.476819 0.421859
vt 0.466529 0.441390
vt 0.480894 0.381674
vt 0.478933 0.311278
vt 0.477201 0.287785
vt 0.465670 0.250813
vt 0.463902 0.239749
vt 0.455043 0.234827
vt 0.895431 0.821977
vt 0.486220 0.091817
vt 0.430369 0.174181
vt 0.430248 0.183893
vt 0.461093 0.075046
vt 0.448909 0.071507
vt 0.418434 0.060447
vt 0.403032 0.111597
vt 0.405926 0.104461
vt 0.404796 0.079611
vt 0.404144 0.062194
vt 0.401180 0.072659
vt 0.543813 0.468415
vt 0.554415 0.448759
vt 0.511881 0.533678
vt 0.570551 0.409010
vt 0.555250 0.430374
vt 0.576512 0.387454
vt 0.495475 0.564149
vt 0.482956 0.589562
vt 0.475944 0.601957
vt 0.464402 0.620987
vt 0.572255 0.359936
vt 0.453323 0.635066
vt 0.446904 0.645972
vt 0.444671 0.627682
vt 0.433117 0.634516
vt 0.576235 0.300964
vt 0.421505 0.625795
vt 0.429018 0.624049
vt 0.575102 0.260465
vt 0.566701 0.232542
vt 0.423881 0.597401
vt 0.444638 0.546040
vt 0.451554 0.518041
vt 0.558707 0.218741
vt 0.452649 0.488916
vt 0.453034 0.476821
vt 0.477956 0.411760
vt 0.481338 0.395950
vt 0.545730 0.178102
vt 0.480431 0.330960
vt 0.469517 0.249639
vt 0.457252 0.227910
vt 0.464557 0.233399
vt 0.501187 0.111457
vt 0.427683 0.159599
vt 0.455885 0.078256
vt 0.415080 0.146478
vt 0.415834 0.140170
vt 0.428007 0.065092
vt 0.418379 0.063982
vt 0.411761 0.063750
vt 0.405665 0.069824
vt 0.564125 0.406553
vt 0.567167 0.383794
vt 0.478882 0.591281
vt 0.473754 0.599326
vt 0.464234 0.617462
vt 0.458849 0.618567
vt 0.467769 0.601886
vt 0.572605 0.332357
vt 0.463483 0.584312
vt 0.445974 0.612730
vt 0.451726 0.587623
vt 0.435105 0.606082
vt 0.443583 0.575222
vt 0.450928 0.569900
vt 0.451263 0.561383
vt 0.431241 0.595630
vt 0.423718 0.612975
vt 0.440776 0.573914
vt 0.448702 0.547988
vt 0.453634 0.520789
vt 0.463797 0.466543
vt 0.463993 0.477200
vt 0.462975 0.453736
vt 0.552946 0.200538
vt 0.483022 0.356707
vt 0.484331 0.329635
vt 0.535590 0.154437
vt 0.480438 0.303336
vt 0.476856 0.272197
vt 0.521945 0.138006
vt 0.474290 0.262287
vt 0.514399 0.122237
vt 0.445621 0.193570
vt 0.476006 0.087211
vt 0.468121 0.081881
vt 0.442484 0.073901
vt 0.412540 0.123275
vt 0.413138 0.118454
vt 0.406783 0.094503
vt 0.415683 0.069655
vt 0.408173 0.074474
vt 0.546622 0.457683
vt 0.517430 0.520707
vt 0.506111 0.543162
vt 0.566509 0.397234
vt 0.500366 0.552650
vt 0.488187 0.569612
vt 0.479250 0.582868
vt 0.480999 0.575058
vt 0.468270 0.569164
vt 0.570585 0.309081
vt 0.461641 0.548838
vt 0.571616 0.283478
vt 0.457116 0.539810
vt 0.460013 0.497896
vt 0.458469 0.490155
vt 0.479571 0.433930
vt 0.474028 0.454070
vt 0.479402 0.423221
vt 0.490467 0.384991
vt 0.486249 0.344534
vt 0.536406 0.163635
vt 0.483300 0.296212
vt 0.527975 0.151254
vt 0.474042 0.250248
vt 0.458010 0.216566
vt 0.491176 0.102858
vt 0.447608 0.187955
vt 0.416991 0.128934
vt 0.436207 0.072667
vt 0.422514 0.072993
vt 0.530200 0.490243
vt 0.501760 0.541385
vt 0.492297 0.556062
vt 0.489563 0.554800
vt 0.560492 0.346585
vt 0.482721 0.543052
vt 0.565528 0.261825
vt 0.465673 0.507590
vt 0.464616 0.498433
vt 0.563105 0.239861
vt 0.464291 0.487827
vt 0.486228 0.410784
vt 0.491622 0.397777
vt 0.489015 0.365122
vt 0.491592 0.350819
vt 0.490535 0.313852
vt 0.487016 0.294727
vt 0.514504 0.127703
vt 0.465670 0.217195
vt 0.458329 0.206734
vt 0.485158 0.100606
vt 0.469331 0.086308
vt 0.438048 0.174803
vt 0.431206 0.163036
vt 0.448054 0.076525
vt 0.425537 0.140014
vt 0.434157 0.076948
vt 0.419245 0.076524
vt 0.417558 0.084276
vt 0.524887 0.494942
vt 0.520541 0.505056
vt 0.516611 0.510241
vt 0.504988 0.537654
vt 0.497782 0.543088
vt 0.491038 0.543449
vt 0.476988 0.528367
vt 0.552900 0.303720
vt 0.468151 0.517409
vt 0.565257 0.293072
vt 0.477040 0.469618
vt 0.481641 0.440276
vt 0.487845 0.422189
vt 0.493207 0.424840
vt 0.488109 0.432902
vt 0.496210 0.405300
vt 0.553581 0.225441
vt 0.493080 0.370695
vt 0.496901 0.369171
vt 0.546241 0.206616
vt 0.532056 0.179607
vt 0.483363 0.275619
vt 0.480351 0.258633
vt 0.472430 0.229045
vt 0.506340 0.122418
vt 0.477101 0.098811
vt 0.430619 0.156047
vt 0.459218 0.085323
vt 0.428391 0.132906
vt 0.421026 0.118977
vt 0.421009 0.106849
vt 0.429451 0.079878
vt 0.532312 0.465656
vt 0.541490 0.440426
vt 0.545153 0.428160
vt 0.536661 0.455521
vt 0.509651 0.522644
vt 0.511109 0.511331
vt 0.502776 0.535009
vt 0.553653 0.409317
vt 0.501245 0.530911
vt 0.554906 0.396106
vt 0.498476 0.529695
vt 0.485058 0.513184
vt 0.552893 0.331413
vt 0.554493 0.319952
vt 0.473630 0.504445
vt 0.472390 0.491780
vt 0.474083 0.483913
vt 0.502197 0.415236
vt 0.499873 0.377620
vt 0.496523 0.330746
vt 0.495099 0.342187
vt 0.494918 0.310883
vt 0.488664 0.278355
vt 0.524243 0.158604
vt 0.518920 0.151055
vt 0.481940 0.250352
vt 0.512182 0.139267
vt 0.466938 0.209404
vt 0.455185 0.193456
vt 0.437933 0.166393
vt 0.442526 0.167030
vt 0.470673 0.097539
vt 0.453583 0.082723
vt 0.461309 0.091631
vt 0.448692 0.082168
vt 0.444523 0.083736
vt 0.430529 0.123676
vt 0.437248 0.081933
vt 0.439142 0.088030
vt 0.429261 0.088341
vt 0.427533 0.099612
vt 0.526285 0.483624
vt 0.516809 0.501832
vt 0.544055 0.422611
vt 0.505780 0.512397
vt 0.552119 0.384683
vt 0.553135 0.362630
vt 0.491795 0.497376
vt 0.483680 0.500513
vt 0.490495 0.484663
vt 0.489281 0.471964
vt 0.479485 0.483001
vt 0.497377 0.449608
vt 0.486803 0.458585
vt 0.496979 0.438962
vt 0.500625 0.426696
vt 0.552433 0.277487
vt 0.507401 0.410772
vt 0.544335 0.244500
vt 0.499408 0.351307
vt 0.537620 0.194278
vt 0.494206 0.272528
vt 0.489070 0.252773
vt 0.479686 0.231025
vt 0.482743 0.227432
vt 0.473212 0.214199
vt 0.504781 0.128939
vt 0.490112 0.115388
vt 0.441179 0.157937
vt 0.452916 0.091202
vt 0.439263 0.091508
vt 0.432188 0.115825
vt 0.438798 0.096432
vt 0.525326 0.478103
vt 0.535628 0.449964
vt 0.529467 0.464460
vt 0.518976 0.489093
vt 0.540243 0.431336
vt 0.522680 0.480392
vt 0.514663 0.499187
vt 0.520439 0.474211
vt 0.513168 0.495080
vt 0.547304 0.403373
vt 0.508070 0.459812
vt 0.506072 0.444986
vt 0.508000 0.424992
vt 0.504877 0.385239
vt 0.506022 0.351093
vt 0.509998 0.321769
vt 0.501317 0.295064
vt 0.499815 0.254593
vt 0.520426 0.162562
vt 0.494888 0.250477
vt 0.476317 0.202128
vt 0.495985 0.128648
vt 0.461698 0.184862
vt 0.454840 0.181504
vt 0.480685 0.109355
vt 0.454585 0.169573
vt 0.467022 0.097791
vt 0.465759 0.104172
vt 0.455816 0.095989
vt 0.441273 0.149512
vt 0.458518 0.093827
vt 0.438709 0.139724
vt 0.449576 0.094730
vt 0.438341 0.132650
vt 0.445306 0.089275
vt 0.449248 0.103197
vt 0.532234 0.450226
vt 0.533148 0.440250
vt 0.525234 0.459116
vt 0.541426 0.412913
vt 0.528906 0.450399
vt 0.543775 0.403568
vt 0.546094 0.378659
vt 0.528484 0.439840
vt 0.531552 0.417002
vt 0.515039 0.400531
vt 0.549355 0.319528
vt 0.514193 0.382797
vt 0.512308 0.371497
vt 0.523982 0.344036
vt 0.516401 0.342173
vt 0.547225 0.261399
vt 0.507330 0.308356
vt 0.535955 0.216471
vt 0.529442 0.196160
vt 0.505318 0.269359
vt 0.522210 0.173710
vt 0.512992 0.152073
vt 0.488379 0.221602
vt 0.498978 0.137053
vt 0.507084 0.145950
vt 0.466420 0.185450
vt 0.485118 0.121970
vt 0.473664 0.113148
vt 0.469979 0.106170
vt 0.453674 0.155510
vt 0.448529 0.147895
vt 0.466612 0.109793
vt 0.451853 0.101020
vt 0.457127 0.112180
vt 0.444880 0.128907
vt 0.537890 0.425141
vt 0.533504 0.431784
vt 0.536859 0.416022
vt 0.540349 0.403786
vt 0.535811 0.406867
vt 0.539899 0.393190
vt 0.548876 0.364295
vt 0.544654 0.362410
vt 0.522932 0.393857
vt 0.550886 0.347863
vt 0.546546 0.345960
vt 0.547209 0.332425
vt 0.536113 0.398337
vt 0.534744 0.382049
vt 0.528437 0.365205
vt 0.547528 0.284144
vt 0.543894 0.268689
vt 0.520106 0.321432
vt 0.519816 0.302266
vt 0.514504 0.291086
vt 0.525896 0.196308
vt 0.501336 0.234692
vt 0.511774 0.162067
vt 0.508655 0.153699
vt 0.480253 0.200591
vt 0.465437 0.171387
vt 0.493975 0.136528
vt 0.459863 0.168712
vt 0.479514 0.122860
vt 0.463601 0.151677
vt 0.455085 0.128570
vt 0.466251 0.118316
vt 0.542049 0.380296
vt 0.537019 0.372702
vt 0.542366 0.371733
vt 0.542308 0.356113
vt 0.543213 0.334052
vt 0.539262 0.335625
vt 0.546279 0.314707
vt 0.542626 0.323405
vt 0.548590 0.305358
vt 0.543906 0.296371
vt 0.534352 0.319462
vt 0.527117 0.312649
vt 0.543161 0.282223
vt 0.541640 0.265959
vt 0.540667 0.244694
vt 0.538859 0.233449
vt 0.536807 0.237769
vt 0.530645 0.208861
vt 0.513450 0.257722
vt 0.504521 0.231037
vt 0.498452 0.209228
vt 0.515701 0.172577
vt 0.489813 0.201723
vt 0.505401 0.160879
vt 0.485153 0.192668
vt 0.502380 0.156039
vt 0.474187 0.170396
vt 0.488397 0.137418
vt 0.473591 0.159815
vt 0.479923 0.133440
vt 0.464379 0.122575
vt 0.542071 0.312775
vt 0.537737 0.307270
vt 0.541915 0.297172
vt 0.538343 0.293742
vt 0.539940 0.285922
vt 0.534385 0.295338
vt 0.537805 0.271088
vt 0.534011 0.288256
vt 0.530688 0.276309
vt 0.539872 0.258228
vt 0.538099 0.250508
vt 0.529527 0.267145
vt 0.532779 0.239335
vt 0.531898 0.221606
vt 0.526813 0.253735
vt 0.519723 0.234810
vt 0.527532 0.216119
vt 0.524396 0.207691
vt 0.525414 0.201269
vt 0.521169 0.223374
vt 0.519829 0.186578
vt 0.513184 0.202336
vt 0.517784 0.211428
vt 0.517802 0.187357
vt 0.510342 0.176964
vt 0.509954 0.193933
vt 0.509988 0.169913
vt 0.502079 0.164511
vt 0.500052 0.177283
vt 0.489344 0.182592
vt 0.489953 0.169124
vt 0.495462 0.156265
vt 0.491507 0.145797
vt 0.494198 0.143592
vt 0.486389 0.153692
vt 0.478050 0.137718
vt 0.480569 0.147545
vt 0.535864 0.259808
vt 0.531930 0.261371
vt 0.534716 0.250610
vt 0.529463 0.239470
vt 0.530440 0.233016
vt 0.524698 0.238897
vt 0.528078 0.226702
vt 0.528465 0.221748
vt 0.516376 0.198702
vt 0.518180 0.194409
vt 0.493003 0.161968
s 1
usemtl Material.009
f 1/1/1 2/2/2 3/3/3
f 2/2/2 4/4/4 5/5/5
f 1/1/1 4/4/4 2/2/2
f 1/1/1 6/6/6 4/4/4
f 6/6/6 7/7/7 4/4/4
f 8/8/8 7/7/7 9/9/9
f 7/7/7 10/10/10 4/4/4
f 8/8/8 11/11/11 7/7/7
f 7/7/7 11/11/11 10/10/10
f 10/10/10 12/12/12 4/4/4
f 8/8/8 13/13/13 11/11/11
f 11/11/11 13/13/13 10/10/10
f 14/14/14 15/15/15 8/8/8
f 15/15/15 13/13/13 8/8/8
f 14/14/14 16/16/16 15/15/15
f 13/13/13 17/17/17 10/10/10
f 18/18/18 12/12/12 10/10/10
f 15/15/15 17/17/17 13/13/13
f 17/17/17 18/18/18 10/10/10
f 16/16/16 19/19/19 15/15/15
f 17/17/17 20/20/20 18/18/18
f 15/15/15 20/20/20 17/17/17
f 19/19/19 20/20/20 15/15/15
f 20/20/20 21/21/21 18/18/18
f 19/19/19 22/22/22 23/23/23
f 19/19/19 23/23/23 20/20/20
f 20/20/20 23/23/23 24/24/24
f 25/25/25 26/26/26 27/27/27
f 28/28/28 29/29/29 25/25/25
f 25/25/25 29/29/29 30/30/30
f 25/25/25 30/30/30 26/26/26
f 31/31/31 29/29/29 28/28/28
f 32/32/32 33/33/33 31/31/31
f 33/33/33 34/34/34 31/31/31
f 31/31/31 34/34/34 29/29/29
f 29/29/29 35/35/35 30/30/30
f 34/34/34 36/36/36 29/29/29
f 33/33/33 37/37/37 38/38/38
f 33/33/33 38/38/38 34/34/34
f 36/36/36 35/35/35 29/29/29
f 38/38/38 36/36/36 34/34/34
f 38/38/38 39/39/39 36/36/36
f 37/37/37 40/40/40 38/38/38
f 38/38/38 40/40/40 39/39/39
f 39/39/39 41/41/41 36/36/36
f 42/42/42 40/40/40 37/37/37
f 42/42/42 43/43/43 44/44/44
f 44/44/44 40/40/40 42/42/42
f 40/40/40 45/45/45 39/39/39
f 43/43/43 46/46/46 44/44/44
f 44/44/44 47/47/47 40/40/40
f 40/40/40 47/47/47 45/45/45
f 46/46/46 48/48/48 44/44/44
f 49/49/49 50/50/50 48/48/48
f 49/49/49 48/48/48 46/46/46
f 48/48/48 51/51/51 44/44/44
f 44/44/44 51/51/51 47/47/47
f 50/50/50 52/52/52 48/48/48
f 48/48/48 5/5/5 51/51/51
f 3/3/3 53/53/53 54/54/54
f 54/54/54 53/53/53 50/50/50
f 48/48/48 52/52/52 5/5/5
f 53/53/53 52/52/52 50/50/50
f 51/51/51 55/55/55 47/47/47
f 52/52/52 2/2/2 5/5/5
f 5/5/5 55/55/55 51/51/51
f 2/2/2 52/52/52 53/53/53
f 2/2/2 53/53/53 3/3/3
f 56/56/56 1/1/1 3/3/3
f 9/9/9 57/57/57 56/56/56
f 56/56/56 57/57/57 1/1/1
f 1/1/1 57/57/57 6/6/6
f 57/57/57 9/9/9 6/6/6
f 6/6/6 9/9/9 7/7/7
f 5/5/5 4/4/4 12/12/12
f 5/5/5 12/12/12 55/55/55
f 8/8/8 9/9/9 58/58/58
f 58/58/58 59/59/59 14/14/14
f 58/58/58 14/14/14 8/8/8
f 55/55/55 12/12/12 60/60/60
f 61/61/61 62/62/62 14/14/14
f 14/14/14 62/62/62 16/16/16
f 18/18/18 63/63/63 12/12/12
f 19/19/19 16/16/16 62/62/62
f 18/18/18 21/21/21 63/63/63
f 61/61/61 64/64/64 62/62/62
f 19/19/19 62/62/62 22/22/22
f 62/62/62 64/64/64 22/22/22
f 24/24/24 21/21/21 20/20/20
f 64/64/64 65/65/65 22/22/22
f 66/66/66 67/67/67 21/21/21
f 65/65/65 23/23/23 22/22/22
f 64/64/64 68/68/68 65/65/65
f 23/23/23 69/69/69 24/24/24
f 70/70/70 66/66/66 21/21/21
f 69/69/69 70/70/70 24/24/24
f 24/24/24 70/70/70 21/21/21
f 68/68/68 71/71/71 65/65/65
f 65/65/65 71/71/71 23/23/23
f 72/72/72 69/69/69 23/23/23
f 71/71/71 72/72/72 23/23/23
f 68/68/68 73/73/73 71/71/71
f 71/71/71 74/74/74 72/72/72
f 72/72/72 75/75/75 69/69/69
f 73/73/73 74/74/74 71/71/71
f 74/74/74 75/75/75 72/72/72
f 73/73/73 76/76/76 74/74/74
f 77/77/77 78/78/78 79/79/79
f 80/80/80 27/27/27 77/77/77
f 77/77/77 27/27/27 78/78/78
f 79/79/79 81/81/81 82/82/82
f 82/82/82 81/81/81 83/83/83
f 83/83/83 81/81/81 84/84/84
f 83/83/83 84/84/84 85/85/85
f 78/78/78 86/86/86 79/79/79
f 79/79/79 86/86/86 81/81/81
f 81/81/81 87/87/87 84/84/84
f 88/88/88 89/89/89 80/80/80
f 27/27/27 86/86/86 78/78/78
f 86/86/86 90/90/90 81/81/81
f 81/81/81 90/90/90 91/91/91
f 81/81/81 91/91/91 87/87/87
f 28/28/28 80/80/80 89/89/89
f 25/25/25 80/80/80 28/28/28
f 25/25/25 27/27/27 80/80/80
f 27/27/27 26/26/26 86/86/86
f 32/32/32 89/89/89 92/92/92
f 86/86/86 26/26/26 90/90/90
f 26/26/26 30/30/30 90/90/90
f 93/93/93 94/94/94 32/32/32
f 31/31/31 89/89/89 32/32/32
f 28/28/28 89/89/89 31/31/31
f 30/30/30 95/95/95 90/90/90
f 33/33/33 32/32/32 94/94/94
f 96/96/96 33/33/33 94/94/94
f 35/35/35 95/95/95 30/30/30
f 37/37/37 33/33/33 96/96/96
f 35/35/35 97/97/97 95/95/95
f 96/96/96 43/43/43 37/37/37
f 36/36/36 41/41/41 35/35/35
f 42/42/42 37/37/37 43/43/43
f 98/98/98 46/46/46 43/43/43
f 41/41/41 97/97/97 35/35/35
f 45/45/45 41/41/41 39/39/39
f 41/41/41 99/99/99 97/97/97
f 45/45/45 99/99/99 41/41/41
f 50/50/50 49/49/49 54/54/54
f 47/47/47 99/99/99 45/45/45
f 3/3/3 54/54/54 100/100/100
f 47/47/47 55/55/55 99/99/99
f 56/56/56 3/3/3 100/100/100
f 101/101/101 9/9/9 100/100/100
f 100/100/100 9/9/9 56/56/56
f 55/55/55 60/60/60 99/99/99
f 9/9/9 101/101/101 102/102/102
f 58/58/58 9/9/9 102/102/102
f 102/102/102 59/59/59 58/58/58
f 103/103/103 14/14/14 59/59/59
f 103/103/103 104/104/104 14/14/14
f 12/12/12 105/105/105 60/60/60
f 61/61/61 14/14/14 104/104/104
f 12/12/12 63/63/63 105/105/105
f 106/106/106 64/64/64 61/61/61
f 21/21/21 67/67/67 63/63/63
f 106/106/106 107/107/107 64/64/64
f 64/64/64 107/107/107 68/68/68
f 106/106/106 108/108/108 107/107/107
f 107/107/107 108/108/108 68/68/68
f 66/66/66 109/109/109 67/67/67
f 73/73/73 68/68/68 108/108/108
f 73/73/73 108/108/108 110/110/110
f 70/70/70 111/111/111 66/66/66
f 66/66/66 111/111/111 109/109/109
f 110/110/110 112/112/112 73/73/73
f 69/69/69 111/111/111 70/70/70
f 112/112/112 76/76/76 73/73/73
f 75/75/75 113/113/113 69/69/69
f 69/69/69 113/113/113 111/111/111
f 110/110/110 114/114/114 112/112/112
f 74/74/74 115/115/115 75/75/75
f 114/114/114 116/116/116 112/112/112
f 74/74/74 76/76/76 115/115/115
f 75/75/75 115/115/115 113/113/113
f 114/114/114 117/117/117 116/116/116
f 116/116/116 118/118/118 112/112/112
f 112/112/112 118/118/118 76/76/76
f 118/118/118 119/119/119 76/76/76
f 113/113/113 120/120/120 121/121/121
f 115/115/115 120/120/120 113/113/113
f 119/119/119 115/115/115 76/76/76
f 122/122/122 123/123/123 116/116/116
f 116/116/116 123/123/123 118/118/118
f 124/124/124 120/120/120 115/115/115
f 119/119/119 124/124/124 115/115/115
f 123/123/123 125/125/125 118/118/118
f 118/118/118 125/125/125 119/119/119
f 119/119/119 125/125/125 126/126/126
f 119/119/119 126/126/126 124/124/124
f 126/126/126 127/127/127 124/124/124
f 77/77/77 128/128/128 129/129/129
f 130/130/130 128/128/128 131/131/131
f 132/132/132 133/133/133 134/134/134
f 77/77/77 79/79/79 128/128/128
f 128/128/128 82/82/82 83/83/83
f 128/128/128 83/83/83 131/131/131
f 131/131/131 83/83/83 134/134/134
f 134/134/134 83/83/83 132/132/132
f 135/135/135 88/88/88 136/136/136
f 136/136/136 88/88/88 77/77/77
f 82/82/82 128/128/128 79/79/79
f 133/133/133 132/132/132 137/137/137
f 137/137/137 138/138/138 139/139/139
f 80/80/80 77/77/77 88/88/88
f 83/83/83 85/85/85 132/132/132
f 132/132/132 85/85/85 137/137/137
f 137/137/137 85/85/85 138/138/138
f 88/88/88 92/92/92 89/89/89
f 84/84/84 140/140/140 85/85/85
f 85/85/85 140/140/140 138/138/138
f 140/140/140 141/141/141 138/138/138
f 138/138/138 141/141/141 142/142/142
f 32/32/32 92/92/92 93/93/93
f 87/87/87 143/143/143 84/84/84
f 84/84/84 143/143/143 140/140/140
f 140/140/140 143/143/143 141/141/141
f 90/90/90 144/144/144 91/91/91
f 87/87/87 91/91/91 143/143/143
f 94/94/94 93/93/93 96/96/96
f 144/144/144 145/145/145 91/91/91
f 90/90/90 95/95/95 144/144/144
f 95/95/95 146/146/146 144/144/144
f 96/96/96 98/98/98 43/43/43
f 97/97/97 147/147/147 95/95/95
f 95/95/95 147/147/147 146/146/146
f 46/46/46 98/98/98 49/49/49
f 54/54/54 49/49/49 98/98/98
f 99/99/99 148/148/148 97/97/97
f 59/59/59 102/102/102 103/103/103
f 60/60/60 105/105/105 149/149/149
f 63/63/63 150/150/150 105/105/105
f 151/151/151 106/106/106 104/104/104
f 61/61/61 104/104/104 106/106/106
f 151/151/151 152/152/152 106/106/106
f 152/152/152 153/153/153 106/106/106
f 67/67/67 154/154/154 63/63/63
f 106/106/106 155/155/155 108/108/108
f 153/153/153 155/155/155 106/106/106
f 109/109/109 154/154/154 67/67/67
f 108/108/108 155/155/155 114/114/114
f 108/108/108 114/114/114 110/110/110
f 155/155/155 156/156/156 114/114/114
f 111/111/111 157/157/157 109/109/109
f 113/113/113 121/121/121 111/111/111
f 114/114/114 158/158/158 117/117/117
f 111/111/111 121/121/121 157/157/157
f 117/117/117 159/159/159 116/116/116
f 159/159/159 122/122/122 116/116/116
f 159/159/159 160/160/160 122/122/122
f 120/120/120 161/161/161 121/121/121
f 160/160/160 162/162/162 122/122/122
f 123/123/123 122/122/122 162/162/162
f 160/160/160 163/163/163 162/162/162
f 120/120/120 124/124/124 161/161/161
f 163/163/163 164/164/164 162/162/162
f 162/162/162 164/164/164 165/165/165
f 162/162/162 165/165/165 123/123/123
f 123/123/123 165/165/165 125/125/125
f 124/124/124 166/166/166 161/161/161
f 164/164/164 163/163/163 165/165/165
f 124/124/124 127/127/127 166/166/166
f 167/167/167 168/168/168 126/126/126
f 126/126/126 168/168/168 127/127/127
f 127/127/127 168/168/168 166/166/166
f 165/165/165 169/169/169 125/125/125
f 165/165/165 170/170/170 169/169/169
f 125/125/125 169/169/169 126/126/126
f 126/126/126 169/169/169 167/167/167
f 136/136/136 77/77/77 129/129/129
f 128/128/128 130/130/130 129/129/129
f 131/131/131 134/134/134 130/130/130
f 134/134/134 171/171/171 172/172/172
f 134/134/134 133/133/133 171/171/171
f 133/133/133 173/173/173 174/174/174
f 133/133/133 139/139/139 173/173/173
f 173/173/173 139/139/139 175/175/175
f 139/139/139 133/133/133 137/137/137
f 175/175/175 139/139/139 176/176/176
f 175/175/175 176/176/176 177/177/177
f 139/139/139 138/138/138 176/176/176
f 92/92/92 88/88/88 178/178/178
f 176/176/176 179/179/179 177/177/177
f 142/142/142 180/180/180 138/138/138
f 138/138/138 180/180/180 176/176/176
f 176/176/176 180/180/180 179/179/179
f 177/177/177 179/179/179 181/181/181
f 177/177/177 181/181/181 182/182/182
f 180/180/180 183/183/183 179/179/179
f 179/179/179 183/183/183 184/184/184
f 179/179/179 184/184/184 181/181/181
f 141/141/141 185/185/185 142/142/142
f 142/142/142 185/185/185 180/180/180
f 180/180/180 185/185/185 183/183/183
f 93/93/93 186/186/186 96/96/96
f 143/143/143 187/187/187 141/141/141
f 141/141/141 187/187/187 185/185/185
f 143/143/143 188/188/188 187/187/187
f 91/91/91 189/189/189 143/143/143
f 91/91/91 145/145/145 189/189/189
f 144/144/144 146/146/146 145/145/145
f 97/97/97 190/190/190 191/191/191
f 148/148/148 190/190/190 97/97/97
f 60/60/60 148/148/148 99/99/99
f 60/60/60 149/149/149 148/148/148
f 103/103/103 192/192/192 104/104/104
f 105/105/105 193/193/193 149/149/149
f 105/105/105 150/150/150 193/193/193
f 154/154/154 150/150/150 63/63/63
f 155/155/155 153/153/153 194/194/194
f 194/194/194 156/156/156 155/155/155
f 114/114/114 156/156/156 158/158/158
f 157/157/157 154/154/154 109/109/109
f 117/117/117 158/158/158 159/159/159
f 195/195/195 160/160/160 159/159/159
f 195/195/195 196/196/196 160/160/160
f 196/196/196 163/163/163 160/160/160
f 121/121/121 161/161/161 197/197/197
f 161/161/161 198/198/198 197/197/197
f 165/165/165 163/163/163 199/199/199
f 200/200/200 199/199/199 163/163/163
f 166/166/166 198/198/198 161/161/161
f 201/201/201 199/199/199 200/200/200
f 165/165/165 199/199/199 170/170/170
f 168/168/168 202/202/202 166/166/166
f 199/199/199 203/203/203 170/170/170
f 167/167/167 202/202/202 168/168/168
f 167/167/167 204/204/204 202/202/202
f 199/199/199 205/205/205 203/203/203
f 167/167/167 169/169/169 206/206/206
f 170/170/170 206/206/206 169/169/169
f 167/167/167 206/206/206 204/204/204
f 206/206/206 207/207/207 204/204/204
f 203/203/203 208/208/208 170/170/170
f 170/170/170 208/208/208 206/206/206
f 209/209/209 207/207/207 206/206/206
f 208/208/208 209/209/209 206/206/206
f 210/210/210 211/211/211 212/212/212
f 213/213/213 214/214/214 211/211/211
f 213/213/213 215/215/215 214/214/214
f 216/216/216 217/217/217 215/215/215
f 215/215/215 217/217/217 214/214/214
f 211/211/211 218/218/218 212/212/212
f 212/212/212 218/218/218 219/219/219
f 220/220/220 217/217/217 216/216/216
f 214/214/214 221/221/221 211/211/211
f 211/211/211 221/221/221 218/218/218
f 222/222/222 217/217/217 220/220/220
f 217/217/217 223/223/223 214/214/214
f 214/214/214 223/223/223 221/221/221
f 219/219/219 218/218/218 224/224/224
f 222/222/222 223/223/223 217/217/217
f 223/223/223 225/225/225 221/221/221
f 226/226/226 223/223/223 222/222/222
f 221/221/221 227/227/227 218/218/218
f 221/221/221 225/225/225 227/227/227
f 218/218/218 228/228/228 224/224/224
f 218/218/218 227/227/227 228/228/228
f 226/226/226 225/225/225 223/223/223
f 229/229/229 225/225/225 226/226/226
f 225/225/225 229/229/229 230/230/230
f 225/225/225 230/230/230 227/227/227
f 230/230/230 228/228/228 227/227/227
f 231/231/231 130/130/130 134/134/134
f 172/172/172 171/171/171 232/232/232
f 232/232/232 171/171/171 174/174/174
f 133/133/133 174/174/174 171/171/171
f 233/233/233 175/175/175 234/234/234
f 233/233/233 234/234/234 235/235/235
f 175/175/175 177/177/177 234/234/234
f 177/177/177 182/182/182 234/234/234
f 234/234/234 182/182/182 236/236/236
f 178/178/178 93/93/93 92/92/92
f 236/236/236 182/182/182 237/237/237
f 182/182/182 181/181/181 238/238/238
f 182/182/182 238/238/238 237/237/237
f 238/238/238 239/239/239 237/237/237
f 181/181/181 239/239/239 238/238/238
f 181/181/181 184/184/184 239/239/239
f 240/240/240 184/184/184 183/183/183
f 96/96/96 241/241/241 98/98/98
f 242/242/242 183/183/183 185/185/185
f 185/185/185 187/187/187 242/242/242
f 143/143/143 189/189/189 188/188/188
f 145/145/145 243/243/243 189/189/189
f 146/146/146 244/244/244 145/145/145
f 245/245/245 244/244/244 146/146/146
f 54/54/54 98/98/98 246/246/246
f 100/100/100 54/54/54 246/246/246
f 147/147/147 245/245/245 146/146/146
f 97/97/97 191/191/191 147/147/147
f 147/147/147 191/191/191 245/245/245
f 247/247/247 102/102/102 101/101/101
f 248/248/248 190/190/190 148/148/148
f 149/149/149 248/248/248 148/148/148
f 248/248/248 149/149/149 249/249/249
f 149/149/149 193/193/193 249/249/249
f 153/153/153 152/152/152 194/194/194
f 194/194/194 250/250/250 156/156/156
f 156/156/156 251/251/251 252/252/252
f 252/252/252 158/158/158 156/156/156
f 154/154/154 157/157/157 253/253/253
f 252/252/252 159/159/159 158/158/158
f 121/121/121 253/253/253 157/157/157
f 252/252/252 254/254/254 159/159/159
f 254/254/254 195/195/195 159/159/159
f 121/121/121 255/255/255 253/253/253
f 121/121/121 197/197/197 255/255/255
f 195/195/195 256/256/256 196/196/196
f 196/196/196 256/256/256 163/163/163
f 256/256/256 257/257/257 163/163/163
f 257/257/257 200/200/200 163/163/163
f 258/258/258 201/201/201 257/257/257
f 257/257/257 201/201/201 200/200/200
f 166/166/166 202/202/202 198/198/198
f 201/201/201 205/205/205 199/199/199
f 258/258/258 205/205/205 201/201/201
f 258/258/258 259/259/259 205/205/205
f 204/204/204 260/260/260 202/202/202
f 205/205/205 208/208/208 203/203/203
f 204/204/204 207/207/207 260/260/260
f 259/259/259 261/261/261 205/205/205
f 207/207/207 262/262/262 260/260/260
f 261/261/261 263/263/263 205/205/205
f 205/205/205 263/263/263 208/208/208
f 207/207/207 209/209/209 264/264/264
f 207/207/207 264/264/264 262/262/262
f 263/263/263 265/265/265 208/208/208
f 208/208/208 265/265/265 209/209/209
f 261/261/261 266/266/266 263/263/263
f 209/209/209 265/265/265 267/267/267
f 209/209/209 267/267/267 264/264/264
f 264/264/264 267/267/267 262/262/262
f 263/263/263 268/268/268 265/265/265
f 269/269/269 213/213/213 270/270/270
f 213/213/213 211/211/211 270/270/270
f 270/270/270 211/211/211 210/210/210
f 271/271/271 216/216/216 213/213/213
f 216/216/216 215/215/215 213/213/213
f 212/212/212 219/219/219 272/272/272
f 219/219/219 273/273/273 272/272/272
f 219/219/219 224/224/224 273/273/273
f 224/224/224 274/274/274 273/273/273
f 228/228/228 274/274/274 224/224/224
f 222/222/222 275/275/275 226/226/226
f 274/274/274 276/276/276 273/273/273
f 230/230/230 276/276/276 228/228/228
f 228/228/228 276/276/276 274/274/274
f 275/275/275 277/277/277 226/226/226
f 226/226/226 277/277/277 229/229/229
f 229/229/229 278/278/278 230/230/230
f 230/230/230 279/279/279 276/276/276
f 230/230/230 278/278/278 279/279/279
f 277/277/277 280/280/280 229/229/229
f 229/229/229 281/281/281 278/278/278
f 278/278/278 281/281/281 279/279/279
f 136/136/136 129/129/129 282/282/282
f 283/283/283 130/130/130 231/231/231
f 283/283/283 129/129/129 130/130/130
f 172/172/172 231/231/231 134/134/134
f 284/284/284 174/174/174 173/173/173
f 178/178/178 88/88/88 135/135/135
f 173/173/173 175/175/175 233/233/233
f 285/285/285 233/233/233 235/235/235
f 285/285/285 235/235/235 286/286/286
f 235/235/235 236/236/236 286/286/286
f 235/235/235 234/234/234 236/236/236
f 236/236/236 237/237/237 287/287/287
f 287/287/287 237/237/237 288/288/288
f 237/237/237 289/289/289 288/288/288
f 239/239/239 289/289/289 237/237/237
f 239/239/239 290/290/290 289/289/289
f 184/184/184 240/240/240 239/239/239
f 183/183/183 242/242/242 240/240/240
f 239/239/239 240/240/240 291/291/291
f 187/187/187 292/292/292 242/242/242
f 189/189/189 243/243/243 293/293/293
f 189/189/189 293/293/293 188/188/188
f 244/244/244 294/294/294 145/145/145
f 145/145/145 294/294/294 243/243/243
f 100/100/100 247/247/247 101/101/101
f 191/191/191 295/295/295 245/245/245
f 190/190/190 295/295/295 191/191/191
f 190/190/190 296/296/296 295/295/295
f 190/190/190 248/248/248 296/296/296
f 151/151/151 194/194/194 152/152/152
f 250/250/250 251/251/251 156/156/156
f 252/252/252 251/251/251 297/297/297
f 252/252/252 297/297/297 254/254/254
f 254/254/254 298/298/298 195/195/195
f 298/298/298 256/256/256 195/195/195
f 197/197/197 198/198/198 299/299/299
f 300/300/300 257/257/257 256/256/256
f 300/300/300 301/301/301 257/257/257
f 257/257/257 301/301/301 258/258/258
f 198/198/198 202/202/202 302/302/302
f 259/259/259 258/258/258 303/303/303
f 260/260/260 302/302/302 202/202/202
f 303/303/303 304/304/304 259/259/259
f 259/259/259 304/304/304 261/261/261
f 304/304/304 305/305/305 261/261/261
f 305/305/305 266/266/266 261/261/261
f 262/262/262 306/306/306 260/260/260
f 266/266/266 307/307/307 263/263/263
f 263/263/263 307/307/307 268/268/268
f 267/267/267 308/308/308 262/262/262
f 262/262/262 308/308/308 306/306/306
f 265/265/265 309/309/309 267/267/267
f 267/267/267 309/309/309 308/308/308
f 268/268/268 310/310/310 265/265/265
f 265/265/265 310/310/310 309/309/309
f 307/307/307 310/310/310 268/268/268
f 307/307/307 311/311/311 310/310/310
f 309/309/309 312/312/312 308/308/308
f 310/310/310 311/311/311 309/309/309
f 309/309/309 311/311/311 313/313/313
f 309/309/309 313/313/313 314/314/314
f 311/311/311 315/315/315 313/313/313
f 309/309/309 314/314/314 312/312/312
f 315/315/315 316/316/316 313/313/313
f 313/313/313 316/316/316 314/314/314
f 317/317/317 269/269/269 318/318/318
f 269/269/269 270/270/270 318/318/318
f 270/270/270 210/210/210 318/318/318
f 213/213/213 269/269/269 271/271/271
f 210/210/210 212/212/212 319/319/319
f 212/212/212 320/320/320 319/319/319
f 212/212/212 272/272/272 320/320/320
f 320/320/320 272/272/272 321/321/321
f 272/272/272 322/322/322 321/321/321
f 220/220/220 216/216/216 323/323/323
f 273/273/273 322/322/322 272/272/272
f 220/220/220 323/323/323 222/222/222
f 323/323/323 324/324/324 222/222/222
f 322/322/322 273/273/273 325/325/325
f 222/222/222 326/326/326 275/275/275
f 326/326/326 327/327/327 275/275/275
f 276/276/276 279/279/279 328/328/328
f 327/327/327 280/280/280 275/275/275
f 275/275/275 280/280/280 277/277/277
f 280/280/280 281/281/281 229/229/229
f 281/281/281 329/329/329 279/279/279
f 279/279/279 329/329/329 330/330/330
f 280/280/280 331/331/331 281/281/281
f 281/281/281 332/332/332 329/329/329
f 282/282/282 129/129/129 283/283/283
f 136/136/136 282/282/282 135/135/135
f 333/333/333 173/173/173 233/233/233
f 233/233/233 285/285/285 333/333/333
f 286/286/286 334/334/334 285/285/285
f 334/334/334 286/286/286 335/335/335
f 286/286/286 336/336/336 335/335/335
f 286/286/286 236/236/236 336/336/336
f 236/236/236 287/287/287 336/336/336
f 287/287/287 288/288/288 337/337/337
f 239/239/239 291/291/291 290/290/290
f 242/242/242 338/338/338 240/240/240
f 240/240/240 338/338/338 291/291/291
f 188/188/188 292/292/292 187/187/187
f 293/293/293 243/243/243 339/339/339
f 340/340/340 100/100/100 246/246/246
f 244/244/244 341/341/341 294/294/294
f 247/247/247 100/100/100 340/340/340
f 244/244/244 245/245/245 341/341/341
f 103/103/103 342/342/342 192/192/192
f 192/192/192 343/343/343 104/104/104
f 344/344/344 194/194/194 151/151/151
f 345/345/345 250/250/250 194/194/194
f 193/193/193 150/150/150 346/346/346
f 150/150/150 154/154/154 347/347/347
f 154/154/154 253/253/253 348/348/348
f 253/253/253 255/255/255 348/348/348
f 256/256/256 298/298/298 300/300/300
f 198/198/198 302/302/302 299/299/299
f 301/301/301 349/349/349 258/258/258
f 258/258/258 349/349/349 303/303/303
f 350/350/350 302/302/302 260/260/260
f 351/351/351 352/352/352 305/305/305
f 305/305/305 352/352/352 266/266/266
f 352/352/352 307/307/307 266/266/266
f 306/306/306 353/353/353 260/260/260
f 306/306/306 308/308/308 354/354/354
f 306/306/306 354/354/354 353/353/353
f 352/352/352 355/355/355 307/307/307
f 355/355/355 356/356/356 307/307/307
f 307/307/307 356/356/356 311/311/311
f 308/308/308 357/357/357 354/354/354
f 308/308/308 312/312/312 357/357/357
f 356/356/356 315/315/315 311/311/311
f 356/356/356 358/358/358 359/359/359
f 356/356/356 360/360/360 315/315/315
f 356/356/356 359/359/359 360/360/360
f 312/312/312 314/314/314 357/357/357
f 314/314/314 361/361/361 357/357/357
f 360/360/360 362/362/362 315/315/315
f 315/315/315 362/362/362 316/316/316
f 357/357/357 361/361/361 363/363/363
f 314/314/314 316/316/316 361/361/361
f 362/362/362 361/361/361 316/316/316
f 361/361/361 364/364/364 363/363/363
f 362/362/362 365/365/365 361/361/361
f 361/361/361 365/365/365 366/366/366
f 361/361/361 366/366/366 364/364/364
f 362/362/362 367/367/367 365/365/365
f 368/368/368 367/367/367 362/362/362
f 366/366/366 365/365/365 317/317/317
f 365/365/365 367/367/367 317/317/317
f 317/317/317 318/318/318 366/366/366
f 366/366/366 318/318/318 369/369/369
f 269/269/269 317/317/317 367/367/367
f 269/269/269 367/367/367 368/368/368
f 318/318/318 210/210/210 369/369/369
f 369/369/369 210/210/210 319/319/319
f 269/269/269 368/368/368 271/271/271
f 319/319/319 320/320/320 370/370/370
f 370/370/370 320/320/320 321/321/321
f 370/370/370 321/321/321 371/371/371
f 371/371/371 321/321/321 372/372/372
f 321/321/321 322/322/322 372/372/372
f 325/325/325 372/372/372 322/322/322
f 324/324/324 326/326/326 222/222/222
f 273/273/273 276/276/276 373/373/373
f 273/273/273 373/373/373 325/325/325
f 374/374/374 326/326/326 324/324/324
f 374/374/374 327/327/327 326/326/326
f 328/328/328 373/373/373 276/276/276
f 330/330/330 328/328/328 279/279/279
f 375/375/375 328/328/328 330/330/330
f 280/280/280 327/327/327 376/376/376
f 376/376/376 377/377/377 280/280/280
f 377/377/377 331/331/331 280/280/280
f 331/331/331 332/332/332 281/281/281
f 378/378/378 329/329/329 332/332/332
f 379/379/379 330/330/330 329/329/329
f 380/380/380 331/331/331 377/377/377
f 332/332/332 331/331/331 381/381/381
f 231/231/231 172/172/172 382/382/382
f 174/174/174 284/284/284 232/232/232
f 282/282/282 383/383/383 135/135/135
f 333/333/333 285/285/285 384/384/384
f 178/178/178 385/385/385 386/386/386
f 135/135/135 385/385/385 178/178/178
f 335/335/335 336/336/336 387/387/387
f 178/178/178 186/186/186 93/93/93
f 336/336/336 287/287/287 387/387/387
f 287/287/287 388/388/388 387/387/387
f 96/96/96 186/186/186 389/389/389
f 287/287/287 337/337/337 388/388/388
f 388/388/388 337/337/337 390/390/390
f 337/337/337 391/391/391 390/390/390
f 288/288/288 391/391/391 337/337/337
f 391/391/391 288/288/288 392/392/392
f 289/289/289 392/392/392 288/288/288
f 289/289/289 393/393/393 392/392/392
f 289/289/289 290/290/290 393/393/393
f 290/290/290 291/291/291 394/394/394
f 395/395/395 291/291/291 338/338/338
f 242/242/242 292/292/292 338/338/338
f 293/293/293 396/396/396 188/188/188
f 188/188/188 396/396/396 292/292/292
f 396/396/396 397/397/397 292/292/292
f 245/245/245 398/398/398 341/341/341
f 295/295/295 399/399/399 245/245/245
f 102/102/102 342/342/342 103/103/103
f 296/296/296 400/400/400 295/295/295
f 342/342/342 343/343/343 192/192/192
f 249/249/249 401/401/401 248/248/248
f 193/193/193 402/402/402 249/249/249
f 347/347/347 346/346/346 150/150/150
f 403/403/403 347/347/347 154/154/154
f 348/348/348 403/403/403 154/154/154
f 404/404/404 298/298/298 254/254/254
f 255/255/255 405/405/405 348/348/348
f 405/405/405 255/255/255 197/197/197
f 300/300/300 406/406/406 301/301/301
f 299/299/299 302/302/302 407/407/407
f 408/408/408 304/304/304 303/303/303
f 304/304/304 409/409/409 305/305/305
f 350/350/350 260/260/260 410/410/410
f 410/410/410 260/260/260 353/353/353
f 351/351/351 355/355/355 352/352/352
f 351/351/351 358/358/358 355/355/355
f 354/354/354 411/411/411 353/353/353
f 355/355/355 358/358/358 356/356/356
f 354/354/354 357/357/357 411/411/411
f 412/412/412 411/411/411 413/413/413
f 357/357/357 363/363/363 411/411/411
f 411/411/411 363/363/363 413/413/413
f 359/359/359 414/414/414 360/360/360
f 414/414/414 415/415/415 360/360/360
f 360/360/360 415/415/415 362/362/362
f 414/414/414 416/416/416 415/415/415
f 364/364/364 417/417/417 363/363/363
f 363/363/363 417/417/417 418/418/418
f 415/415/415 416/416/416 362/362/362
f 362/362/362 416/416/416 368/368/368
f 366/366/366 369/369/369 364/364/364
f 364/364/364 369/369/369 417/417/417
f 416/416/416 419/419/419 368/368/368
f 417/417/417 369/369/369 420/420/420
f 420/420/420 369/369/369 319/319/319
f 419/419/419 271/271/271 368/368/368
f 419/419/419 421/421/421 271/271/271
f 271/271/271 421/421/421 216/216/216
f 421/421/421 323/323/323 216/216/216
f 371/371/371 372/372/372 422/422/422
f 423/423/423 324/324/324 323/323/323
f 423/423/423 424/424/424 324/324/324
f 372/372/372 325/325/325 425/425/425
f 325/325/325 373/373/373 425/425/425
f 373/373/373 426/426/426 425/425/425
f 328/328/328 426/426/426 373/373/373
f 328/328/328 375/375/375 426/426/426
f 375/375/375 330/330/330 379/379/379
f 332/332/332 381/381/381 378/378/378
f 329/329/329 378/378/378 379/379/379
f 376/376/376 380/380/380 377/377/377
f 331/427/331 380/428/380 381/429/381
f 283/283/283 231/231/231 427/430/427
f 382/382/382 172/172/172 232/232/232
f 284/284/284 173/173/173 333/333/333
f 428/431/428 385/385/385 383/383/383
f 385/385/385 135/135/135 383/383/383
f 384/384/384 285/285/285 429/432/429
f 386/386/386 186/186/186 178/178/178
f 334/334/334 335/335/335 430/433/430
f 387/387/387 388/388/388 431/434/431
f 431/434/431 388/388/388 432/435/432
f 431/434/431 432/435/432 433/436/433
f 388/388/388 434/437/434 432/435/432
f 432/435/432 434/437/434 435/438/435
f 96/96/96 389/389/389 241/241/241
f 388/388/388 390/390/390 434/437/434
f 391/391/391 436/439/436 390/390/390
f 390/390/390 436/439/436 437/440/437
f 391/391/391 392/392/392 436/439/436
f 438/441/438 246/246/246 98/98/98
f 394/394/394 393/393/393 290/290/290
f 291/291/291 439/442/439 394/394/394
f 397/397/397 338/338/338 292/292/292
f 338/338/338 397/397/397 395/395/395
f 397/397/397 440/443/440 395/395/395
f 294/294/294 341/341/341 441/444/441
f 294/294/294 441/444/441 243/243/243
f 399/399/399 398/398/398 245/245/245
f 400/400/400 399/399/399 295/295/295
f 104/104/104 442/445/442 151/151/151
f 442/445/442 104/104/104 343/343/343
f 443/446/443 296/296/296 248/248/248
f 401/401/401 443/446/443 248/248/248
f 444/447/444 345/345/345 194/194/194
f 445/448/445 401/401/401 249/249/249
f 402/402/402 445/448/445 249/249/249
f 193/193/193 346/346/346 402/402/402
f 345/345/345 446/449/446 250/250/250
f 446/449/446 251/251/251 250/250/250
f 447/450/447 251/451/251 446/452/446
f 297/297/297 448/453/448 254/254/254
f 448/453/448 404/404/404 254/254/254
f 403/403/403 348/348/348 449/454/449
f 299/299/299 405/405/405 197/197/197
f 299/299/299 450/455/450 405/405/405
f 406/406/406 349/349/349 301/301/301
f 299/299/299 407/407/407 450/455/450
f 349/349/349 408/408/408 303/303/303
f 407/407/407 302/302/302 451/456/451
f 350/350/350 410/410/410 452/457/452
f 353/353/353 411/411/411 410/410/410
f 351/351/351 453/458/453 358/358/358
f 358/358/358 454/459/454 359/359/359
f 413/413/413 363/363/363 418/418/418
f 418/418/418 417/417/417 455/460/455
f 456/461/456 416/416/416 414/414/414
f 417/417/417 457/462/457 455/460/455
f 417/417/417 420/420/420 457/462/457
f 420/420/420 319/319/319 457/462/457
f 319/319/319 370/370/370 457/462/457
f 370/370/370 371/371/371 458/463/458
f 371/371/371 422/422/422 458/463/458
f 421/421/421 423/423/423 323/323/323
f 372/372/372 459/464/459 422/422/422
f 425/425/425 460/465/460 459/464/459
f 372/372/372 425/425/425 459/464/459
f 425/425/425 461/466/461 460/465/460
f 424/424/424 374/374/374 324/324/324
f 425/425/425 426/426/426 461/466/461
f 374/374/374 462/467/462 327/327/327
f 375/375/375 463/468/463 426/426/426
f 379/379/379 464/469/464 375/375/375
f 375/375/375 464/469/464 463/468/463
f 462/467/462 465/470/465 327/327/327
f 327/327/327 465/470/465 376/376/376
f 465/470/465 466/471/466 376/376/376
f 466/471/466 467/472/467 376/376/376
f 467/472/467 380/380/380 376/376/376
f 381/429/381 468/473/468 378/474/378
f 469/475/469 383/383/383 282/282/282
f 232/232/232 284/284/284 470/476/470
f 284/284/284 333/333/333 471/477/471
f 386/386/386 385/385/385 472/478/472
f 334/334/334 429/432/429 285/285/285
f 429/432/429 334/334/334 430/433/430
f 335/335/335 473/479/473 430/433/430
f 387/387/387 473/479/473 335/335/335
f 387/387/387 431/434/431 473/479/473
f 473/479/473 431/434/431 474/480/474
f 474/480/474 431/434/431 433/436/433
f 432/435/432 435/438/435 433/436/433
f 433/436/433 435/438/435 475/481/475
f 476/482/476 241/241/241 389/389/389
f 475/481/475 435/438/435 477/483/477
f 434/437/434 478/484/478 435/438/435
f 435/438/435 478/484/478 477/483/477
f 434/437/434 390/390/390 478/484/478
f 390/390/390 479/485/479 478/484/478
f 241/241/241 438/441/438 98/98/98
f 437/440/437 479/485/479 390/390/390
f 437/440/437 436/439/436 480/486/480
f 480/486/480 479/485/479 437/440/437
f 392/392/392 480/486/480 436/439/436
f 392/392/392 481/487/481 480/486/480
f 395/395/395 439/442/439 291/291/291
f 441/444/441 339/339/339 243/243/243
f 339/339/339 482/488/482 293/293/293
f 396/396/396 293/293/293 482/488/482
f 342/342/342 102/102/102 483/489/483
f 442/445/442 344/344/344 151/151/151
f 296/296/296 484/490/484 400/400/400
f 344/344/344 444/447/444 194/194/194
f 346/346/346 485/491/485 402/402/402
f 402/402/402 485/491/485 445/448/445
f 346/346/346 486/492/486 485/491/485
f 485/491/485 486/492/486 487/493/487
f 488/494/488 486/492/486 346/346/346
f 251/251/251 447/495/447 297/297/297
f 347/347/347 488/494/488 346/346/346
f 347/347/347 449/454/449 488/494/488
f 403/403/403 449/454/449 347/347/347
f 404/404/404 489/496/489 298/298/298
f 348/348/348 405/405/405 490/497/490
f 405/405/405 491/498/491 490/497/490
f 489/496/489 300/300/300 298/298/298
f 300/300/300 492/499/492 406/406/406
f 405/405/405 493/500/493 491/498/491
f 493/500/493 405/405/405 450/455/450
f 450/455/450 407/407/407 494/501/494
f 408/408/408 409/409/409 304/304/304
f 302/302/302 350/350/350 451/456/451
f 350/350/350 495/502/495 451/456/451
f 409/409/409 496/503/496 305/305/305
f 496/503/496 351/351/351 305/305/305
f 350/350/350 452/457/452 495/502/495
f 411/411/411 412/412/412 497/504/497
f 412/412/412 413/413/413 498/505/498
f 454/459/454 414/414/414 359/359/359
f 413/413/413 418/418/418 499/506/499
f 418/418/418 455/460/455 499/506/499
f 416/416/416 456/461/456 419/419/419
f 370/370/370 458/463/458 457/462/457
f 422/422/422 500/507/500 458/463/458
f 422/422/422 501/508/501 500/507/500
f 422/422/422 459/464/459 501/508/501
f 423/423/423 502/509/502 424/424/424
f 459/464/459 460/465/460 501/508/501
f 424/424/424 502/509/502 503/510/503
f 424/424/424 503/510/503 374/374/374
f 374/374/374 503/510/503 462/467/462
f 426/426/426 463/468/463 461/466/461
f 461/466/461 463/468/463 504/511/504
f 462/467/462 505/512/505 465/470/465
f 378/474/378 506/513/506 379/514/379
f 505/512/505 507/515/507 465/470/465
f 465/470/465 507/515/507 466/471/466
f 380/428/380 508/516/508 509/517/509
f 380/428/380 509/517/509 381/429/381
f 283/283/283 427/430/427 469/475/469
f 427/430/427 231/231/231 382/382/382
f 232/232/232 510/518/510 382/382/382
f 283/283/283 469/475/469 282/282/282
f 510/518/510 232/232/232 470/476/470
f 385/385/385 428/431/428 472/478/472
f 386/386/386 472/478/472 511/519/511
f 186/186/186 386/386/386 511/519/511
f 512/520/512 430/433/430 473/479/473
f 513/521/513 474/480/474 433/436/433
f 513/521/513 433/436/433 514/522/514
f 433/436/433 475/481/475 514/522/514
f 514/522/514 475/481/475 515/523/515
f 514/522/514 515/523/515 516/524/516
f 475/481/475 477/483/477 515/523/515
f 241/241/241 476/482/476 438/441/438
f 478/484/478 517/525/517 477/483/477
f 478/484/478 479/485/479 517/525/517
f 480/486/480 518/526/518 479/485/479
f 246/246/246 438/441/438 340/340/340
f 393/393/393 481/487/481 392/392/392
f 394/394/394 519/527/519 393/393/393
f 102/102/102 247/247/247 483/489/483
f 482/488/482 397/397/397 396/396/396
f 400/400/400 484/490/484 520/528/520
f 443/446/443 484/490/484 296/296/296
f 443/446/443 521/529/521 484/490/484
f 522/530/522 345/345/345 444/447/444
f 401/401/401 521/529/521 443/446/443
f 445/448/445 521/529/521 401/401/401
f 485/491/485 523/531/523 445/448/445
f 485/491/485 487/493/487 523/531/523
f 488/494/488 487/493/487 486/492/486
f 488/494/488 524/532/524 487/493/487
f 525/533/525 448/534/448 297/535/297
f 488/494/488 449/454/449 524/532/524
f 448/534/448 526/536/526 404/537/404
f 348/348/348 490/497/490 449/454/449
f 449/454/449 490/497/490 527/538/527
f 527/538/527 491/498/491 528/539/528
f 490/497/490 491/498/491 527/538/527
f 300/300/300 489/496/489 492/499/492
f 493/500/493 450/455/450 529/540/529
f 406/406/406 530/541/530 531/542/531
f 349/349/349 406/406/406 531/542/531
f 408/408/408 349/349/349 531/542/531
f 407/407/407 451/456/451 494/501/494
f 494/501/494 451/456/451 532/543/532
f 410/410/410 497/504/497 452/457/452
f 452/457/452 497/504/497 533/544/533
f 411/411/411 497/504/497 410/410/410
f 497/504/497 412/412/412 498/505/498
f 358/358/358 453/458/453 454/459/454
f 498/505/498 413/413/413 499/506/499
f 455/460/455 457/462/457 534/545/534
f 457/462/457 535/546/535 534/545/534
f 457/462/457 458/463/458 535/546/535
f 536/547/536 421/421/421 419/419/419
f 458/463/458 500/507/500 535/546/535
f 536/547/536 423/423/423 421/421/421
f 500/507/500 537/548/537 538/549/538
f 500/507/500 501/508/501 537/548/537
f 539/550/539 502/551/502 423/552/423
f 460/465/460 540/553/540 501/508/501
f 460/465/460 461/466/461 504/511/504
f 460/465/460 504/511/504 540/553/540
f 503/510/503 541/554/541 462/467/462
f 463/468/463 542/555/542 504/511/504
f 541/554/541 505/512/505 462/467/462
f 464/469/464 543/556/543 463/468/463
f 379/379/379 543/556/543 464/469/464
f 463/468/463 543/556/543 542/555/542
f 378/474/378 544/557/544 506/513/506
f 468/473/468 544/557/544 378/474/378
f 506/513/506 545/558/545 379/514/379
f 505/512/505 546/559/546 507/515/507
f 507/515/507 546/559/546 466/471/466
f 381/560/381 547/561/547 468/562/468
f 466/471/466 546/559/546 548/563/548
f 466/471/466 548/563/548 467/472/467
f 380/428/380 467/564/467 508/516/508
f 467/565/467 549/566/549 508/567/508
f 509/517/509 508/516/508 381/429/381
f 381/429/381 508/516/508 547/568/547
f 383/383/383 550/569/550 428/431/428
f 284/284/284 471/477/471 470/476/470
f 384/384/384 551/570/551 333/333/333
f 429/432/429 551/570/551 384/384/384
f 430/433/430 551/570/551 429/432/429
f 186/186/186 511/519/511 552/571/552
f 473/479/473 553/572/553 512/520/512
f 473/479/473 474/480/474 554/573/554
f 554/573/554 474/480/474 555/574/555
f 389/389/389 186/186/186 556/575/556
f 474/480/474 513/521/513 555/574/555
f 513/521/513 514/522/514 557/576/557
f 514/522/514 516/524/516 557/576/557
f 557/576/557 516/524/516 558/577/558
f 516/524/516 515/523/515 559/578/559
f 516/524/516 559/578/559 560/579/560
f 515/523/515 477/483/477 559/578/559
f 477/483/477 517/525/517 561/580/561
f 479/485/479 562/581/562 517/525/517
f 479/485/479 563/582/563 562/581/562
f 518/526/518 480/486/480 564/583/564
f 481/487/481 564/583/564 480/486/480
f 247/247/247 340/340/340 565/584/565
f 519/527/519 481/487/481 393/393/393
f 394/394/394 439/442/439 519/527/519
f 440/443/440 439/442/439 395/395/395
f 397/397/397 566/585/566 440/443/440
f 482/488/482 339/339/339 567/586/567
f 482/488/482 568/587/568 566/585/566
f 482/488/482 566/585/566 397/397/397
f 341/341/341 569/588/569 441/444/441
f 341/341/341 570/589/570 569/588/569
f 398/398/398 571/590/571 341/341/341
f 398/398/398 399/399/399 571/590/571
f 572/591/572 442/445/442 343/343/343
f 400/400/400 573/592/573 399/399/399
f 400/400/400 520/528/520 573/592/573
f 344/593/344 442/594/442 444/595/444
f 574/596/574 444/597/444 442/598/442
f 445/448/445 575/599/575 521/529/521
f 445/448/445 576/600/576 575/599/575
f 523/531/523 576/600/576 445/448/445
f 523/531/523 577/601/577 576/600/576
f 487/493/487 577/601/577 523/531/523
f 447/495/447 525/602/525 297/297/297
f 524/532/524 578/603/578 487/493/487
f 487/493/487 578/603/578 579/604/579
f 449/454/449 580/605/580 524/532/524
f 524/532/524 580/605/580 578/603/578
f 449/454/449 527/538/527 580/605/580
f 526/606/526 489/496/489 404/404/404
f 527/538/527 528/539/528 581/607/581
f 491/498/491 493/500/493 528/539/528
f 493/500/493 529/540/529 528/539/528
f 530/541/530 406/406/406 492/499/492
f 494/501/494 529/540/529 450/455/450
f 494/501/494 582/608/582 529/540/529
f 494/501/494 583/609/583 582/608/582
f 531/542/531 584/610/584 408/408/408
f 494/501/494 532/543/532 583/609/583
f 451/456/451 495/502/495 532/543/532
f 409/409/409 585/611/585 496/503/496
f 495/502/495 452/457/452 586/612/586
f 452/457/452 533/544/533 586/612/586
f 587/613/587 453/458/453 351/351/351
f 499/506/499 588/614/588 498/505/498
f 454/459/454 589/615/589 414/414/414
f 499/506/499 590/616/590 588/614/588
f 414/414/414 589/615/589 456/461/456
f 455/460/455 534/545/534 499/506/499
f 534/545/534 590/616/590 499/506/499
f 419/419/419 456/461/456 536/547/536
f 501/508/501 540/553/540 537/548/537
f 502/551/502 591/617/591 503/618/503
f 592/619/592 591/617/591 502/551/502
f 504/511/504 593/620/593 540/553/540
f 591/617/591 541/621/541 503/618/503
f 542/555/542 594/622/594 504/511/504
f 505/512/505 541/554/541 595/623/595
f 545/624/545 596/625/596 379/379/379
f 379/379/379 596/625/596 543/556/543
f 505/512/505 597/626/597 546/559/546
f 468/473/468 547/568/547 544/557/544
f 544/557/544 547/568/547 506/513/506
f 545/558/545 506/513/506 596/627/596
f 546/559/546 597/626/597 598/628/598
f 598/628/598 599/629/599 546/559/546
f 546/559/546 599/629/599 548/563/548
f 508/516/508 600/630/600 547/568/547
f 467/564/467 548/631/548 549/632/549
f 383/383/383 601/633/601 550/569/550
f 469/475/469 601/633/601 383/383/383
f 510/518/510 602/634/602 382/382/382
f 428/431/428 550/569/550 472/478/472
f 333/333/333 603/635/603 471/477/471
f 551/570/551 603/635/603 333/333/333
f 430/433/430 512/520/512 551/570/551
f 604/636/604 552/571/552 511/519/511
f 554/573/554 553/572/553 473/479/473
f 552/571/552 556/575/556 186/186/186
f 513/521/513 605/637/605 555/574/555
f 605/637/605 513/521/513 557/576/557
f 558/577/558 516/524/516 606/638/606
f 516/524/516 560/579/560 606/638/606
f 438/441/438 476/482/476 607/639/607
f 477/483/477 561/580/561 559/578/559
f 517/525/517 608/640/608 561/580/561
f 517/525/517 562/581/562 608/640/608
f 609/641/609 340/340/340 438/441/438
f 479/485/479 518/526/518 563/582/563
f 483/489/483 247/247/247 565/584/565
f 439/442/439 610/642/610 519/527/519
f 440/443/440 611/643/611 439/442/439
f 482/488/482 567/586/567 568/587/568
f 339/339/339 441/444/441 569/588/569
f 342/342/342 612/644/612 343/343/343
f 571/590/571 613/645/613 341/341/341
f 399/399/399 573/592/573 571/590/571
f 484/490/484 614/646/614 520/528/520
f 484/490/484 521/529/521 614/646/614
f 522/647/522 615/648/615 345/649/345
f 575/599/575 616/650/616 521/529/521
f 345/649/345 615/648/615 446/452/446
f 576/600/576 616/650/616 575/599/575
f 576/600/576 617/651/617 616/650/616
f 577/601/577 617/651/617 576/600/576
f 446/452/446 618/652/618 447/450/447
f 577/601/577 579/604/579 619/653/619
f 577/601/577 487/493/487 579/604/579
f 580/605/580 620/654/620 578/603/578
f 527/538/527 581/607/581 580/605/580
f 621/655/621 492/499/492 489/496/489
f 529/540/529 622/656/622 528/539/528
f 529/540/529 623/657/623 622/656/622
f 529/540/529 582/608/582 624/658/624
f 529/540/529 624/658/624 623/657/623
f 582/608/582 625/659/625 624/658/624
f 583/609/583 625/659/625 582/608/582
f 584/610/584 409/409/409 408/408/408
f 532/543/532 626/660/626 583/609/583
f 583/609/583 626/660/626 625/659/625
f 532/543/532 627/661/627 626/660/626
f 409/409/409 628/662/628 585/611/585
f 532/543/532 629/663/629 627/661/627
f 495/502/495 629/663/629 532/543/532
f 495/502/495 586/612/586 629/663/629
f 586/612/586 630/664/630 629/663/629
f 585/611/585 351/351/351 496/503/496
f 497/504/497 631/665/631 533/544/533
f 632/666/632 631/665/631 497/504/497
f 498/505/498 632/666/632 497/504/497
f 498/505/498 588/614/588 632/666/632
f 590/616/590 633/667/633 588/614/588
f 534/545/534 633/667/633 590/616/590
f 534/545/534 634/668/634 633/667/633
f 534/545/534 535/546/535 634/668/634
f 535/546/535 538/549/538 634/668/634
f 535/546/535 500/507/500 538/549/538
f 539/550/539 592/619/592 502/551/502
f 537/548/537 540/553/540 635/669/635
f 504/511/504 594/622/594 593/620/593
f 591/617/591 636/670/636 541/621/541
f 541/621/541 636/670/636 637/671/637
f 541/554/541 637/672/637 595/623/595
f 505/512/505 595/623/595 597/626/597
f 547/568/547 638/673/638 506/513/506
f 547/568/547 639/674/639 638/673/638
f 506/513/506 638/673/638 640/675/640
f 597/676/597 595/677/595 641/678/641
f 597/676/597 641/678/641 598/679/598
f 547/568/547 600/630/600 642/680/642
f 547/568/547 642/680/642 643/681/643
f 547/682/547 643/683/643 644/684/644
f 547/568/547 644/685/644 639/674/639
f 639/686/639 644/684/644 645/687/645
f 639/686/639 645/687/645 646/688/646
f 647/689/647 648/690/648 549/632/549
f 549/632/549 649/691/649 508/516/508
f 549/632/549 648/690/648 649/691/649
f 508/516/508 649/691/649 650/692/650
f 508/516/508 650/692/650 600/630/600
f 549/632/549 548/631/548 647/689/647
f 651/693/651 652/694/652 653/695/653
f 651/693/651 654/696/654 652/694/652
f 427/430/427 382/382/382 655/697/655
f 382/382/382 602/634/602 655/697/655
f 510/518/510 470/476/470 656/698/656
f 551/570/551 657/699/657 603/635/603
f 553/572/553 658/700/658 512/520/512
f 659/701/659 389/389/389 556/575/556
f 605/637/605 557/576/557 660/702/660
f 558/577/558 660/702/660 557/576/557
f 559/578/559 561/580/561 560/579/560
f 560/579/560 561/580/561 661/703/661
f 561/580/561 608/640/608 661/703/661
f 609/641/609 565/584/565 340/340/340
f 518/526/518 662/704/662 563/582/563
f 663/705/663 481/487/481 519/527/519
f 439/442/439 664/706/664 610/642/610
f 566/585/566 665/707/665 440/443/440
f 569/588/569 567/586/567 339/339/339
f 343/343/343 612/644/612 572/591/572
f 613/645/613 570/589/570 341/341/341
f 442/708/442 572/709/572 574/710/574
f 573/592/573 520/528/520 666/711/666
f 666/711/666 520/528/520 667/712/667
f 667/712/667 520/528/520 668/713/668
f 668/713/668 520/528/520 614/646/614
f 521/529/521 616/650/616 614/646/614
f 669/714/669 614/646/614 616/650/616
f 669/714/669 668/713/668 614/646/614
f 669/714/669 616/650/616 670/715/670
f 617/651/617 670/715/670 616/650/616
f 619/653/619 617/651/617 577/601/577
f 671/716/671 525/533/525 618/652/618
f 618/652/618 525/533/525 447/450/447
f 579/604/579 578/603/578 672/717/672
f 448/534/448 673/718/673 526/536/526
f 674/719/674 620/654/620 580/605/580
f 675/720/675 489/721/489 526/536/526
f 676/722/676 581/607/581 528/539/528
f 530/541/530 492/499/492 621/655/621
f 530/541/530 677/723/677 531/542/531
f 531/542/531 677/723/677 584/610/584
f 628/662/628 409/409/409 584/610/584
f 678/724/678 625/659/625 626/660/626
f 678/724/678 626/660/626 679/725/679
f 626/660/626 627/661/627 679/725/679
f 627/661/627 629/663/629 630/664/630
f 533/544/533 631/665/631 586/612/586
f 630/664/630 586/612/586 631/665/631
f 585/611/585 587/613/587 351/351/351
f 680/726/680 631/665/631 632/666/632
f 587/613/587 681/727/681 453/458/453
f 680/726/680 632/666/632 682/728/682
f 453/458/453 681/727/681 454/459/454
f 683/729/683 454/459/454 681/727/681
f 632/666/632 588/614/588 682/728/682
f 682/728/682 588/614/588 684/730/684
f 685/731/685 454/459/454 683/729/683
f 685/731/685 589/615/589 454/459/454
f 684/730/684 588/614/588 633/667/633
f 633/667/633 634/668/634 686/732/686
f 686/732/686 634/668/634 687/733/687
f 688/734/688 423/423/423 536/547/536
f 687/733/687 634/668/634 538/549/538
f 423/423/423 688/734/688 539/735/539
f 689/736/689 538/549/538 537/548/537
f 690/737/690 592/619/592 539/550/539
f 691/738/691 635/739/635 540/740/540
f 692/741/692 591/617/591 592/619/592
f 540/740/540 593/742/593 691/738/691
f 692/741/692 636/670/636 591/617/591
f 693/743/693 542/555/542 543/556/543
f 693/743/693 594/622/594 542/555/542
f 596/625/596 694/744/694 543/556/543
f 695/745/695 641/678/641 595/677/595
f 695/745/695 595/677/595 637/746/637
f 639/686/639 646/688/646 638/747/638
f 696/748/696 638/673/638 646/749/646
f 696/748/696 640/675/640 638/673/638
f 506/513/506 697/750/697 596/627/596
f 694/751/694 596/627/596 697/750/697
f 698/752/698 699/753/699 600/630/600
f 600/630/600 699/753/699 642/680/642
f 699/754/699 700/755/700 642/756/642
f 642/756/642 700/755/700 643/683/643
f 643/683/643 701/757/701 644/684/644
f 700/755/700 701/757/701 643/683/643
f 701/757/701 645/687/645 644/684/644
f 645/687/645 702/758/702 646/688/646
f 703/759/703 646/688/646 702/758/702
f 696/760/696 646/688/646 703/759/703
f 641/678/641 704/761/704 598/679/598
f 704/761/704 599/762/599 598/679/598
f 705/763/705 648/690/648 706/764/706
f 705/763/705 649/691/649 648/690/648
f 705/763/705 650/692/650 649/691/649
f 600/630/600 650/692/650 707/765/707
f 698/752/698 600/630/600 707/765/707
f 708/766/708 709/767/709 699/754/699
f 699/754/699 709/767/709 700/755/700
f 700/755/700 710/768/710 701/757/701
f 700/755/700 709/767/709 710/768/710
f 701/757/701 710/768/710 645/687/645
f 645/687/645 710/768/710 702/758/702
f 706/764/706 648/690/648 647/689/647
f 709/767/709 711/769/711 710/768/710
f 710/768/710 712/770/712 702/758/702
f 711/769/711 713/771/713 710/768/710
f 713/771/713 651/693/651 710/768/710
f 710/768/710 651/693/651 712/770/712
f 712/770/712 653/695/653 702/758/702
f 702/758/702 714/772/714 703/759/703
f 702/758/702 653/695/653 714/772/714
f 703/759/703 714/772/714 715/773/715
f 653/695/653 712/770/712 651/693/651
f 713/771/713 716/774/716 651/693/651
f 652/694/652 714/772/714 653/695/653
f 652/694/652 717/775/717 714/772/714
f 715/773/715 714/772/714 718/776/718
f 718/776/718 714/772/714 717/775/717
f 716/774/716 654/696/654 651/693/651
f 719/777/719 720/778/720 716/774/716
f 720/778/720 654/696/654 716/774/716
f 654/696/654 720/778/720 652/694/652
f 652/694/652 721/779/721 717/775/717
f 652/694/652 720/778/720 721/779/721
f 722/780/722 721/779/721 720/778/720
f 427/430/427 723/781/723 469/475/469
f 470/476/470 471/477/471 724/782/724
f 724/782/724 471/477/471 603/635/603
f 725/783/725 603/635/603 657/699/657
f 472/478/472 604/636/604 511/519/511
f 726/784/726 727/785/727 553/572/553
f 554/573/554 726/784/726 553/572/553
f 555/574/555 726/784/726 554/573/554
f 726/784/726 555/574/555 728/786/728
f 555/574/555 605/637/605 728/786/728
f 605/637/605 660/702/660 729/787/729
f 659/701/659 476/482/476 389/389/389
f 607/639/607 476/482/476 659/701/659
f 660/702/660 558/577/558 730/788/730
f 558/577/558 606/638/606 730/788/730
f 606/638/606 731/789/731 730/788/730
f 606/638/606 560/579/560 731/789/731
f 560/579/560 732/790/732 731/789/731
f 607/639/607 609/641/609 438/441/438
f 560/579/560 661/703/661 733/791/733
f 560/579/560 733/791/733 732/790/732
f 661/703/661 734/792/734 733/791/733
f 734/792/734 661/703/661 608/640/608
f 608/640/608 562/581/562 735/793/735
f 736/794/736 735/793/735 562/581/562
f 562/581/562 563/582/563 736/794/736
f 564/583/564 662/704/662 518/526/518
f 737/795/737 342/342/342 483/489/483
f 738/796/738 564/583/564 481/487/481
f 738/796/738 481/487/481 663/705/663
f 610/642/610 663/705/663 519/527/519
f 611/643/611 739/797/739 439/442/439
f 665/707/665 611/643/611 440/443/440
f 611/643/611 665/707/665 739/797/739
f 568/587/568 740/798/740 566/585/566
f 566/585/566 740/798/740 665/707/665
f 568/587/568 741/799/741 740/798/740
f 569/588/569 570/589/570 742/800/742
f 613/645/613 743/801/743 570/589/570
f 573/592/573 744/802/744 571/590/571
f 666/711/666 744/802/744 573/592/573
f 574/710/574 745/803/745 444/804/444
f 667/712/667 746/805/746 666/711/666
f 745/803/745 747/806/747 522/647/522
f 745/803/745 522/647/522 444/804/444
f 669/714/669 748/807/748 668/713/668
f 522/647/522 747/806/747 615/648/615
f 749/808/749 669/714/669 670/715/670
f 750/809/750 749/808/749 670/715/670
f 615/648/615 618/652/618 446/452/446
f 670/715/670 617/651/617 750/809/750
f 619/653/619 751/810/751 617/651/617
f 619/653/619 579/604/579 752/811/752
f 579/604/579 672/717/672 752/811/752
f 620/654/620 672/717/672 578/603/578
f 620/654/620 674/719/674 753/812/753
f 673/718/673 675/720/675 526/536/526
f 581/607/581 676/722/676 580/605/580
f 528/539/528 622/656/622 676/722/676
f 623/657/623 754/813/754 622/656/622
f 623/657/623 624/658/624 754/813/754
f 677/723/677 755/814/755 584/610/584
f 625/659/625 756/815/756 624/658/624
f 678/724/678 756/815/756 625/659/625
f 627/661/627 630/664/630 679/725/679
f 630/664/630 631/665/631 757/816/757
f 631/665/631 758/817/758 757/816/757
f 759/818/759 587/613/587 585/611/585
f 684/730/684 633/667/633 760/819/760
f 633/667/633 686/732/686 760/819/760
f 589/615/589 761/820/761 456/461/456
f 761/820/761 688/734/688 536/547/536
f 538/821/538 689/822/689 687/823/687
f 762/824/762 539/550/539 688/825/688
f 762/824/762 690/737/690 539/550/539
f 690/737/690 763/826/763 592/619/592
f 763/826/763 692/741/692 592/619/592
f 691/738/691 593/742/593 764/827/764
f 692/741/692 765/828/765 636/670/636
f 593/742/593 594/829/594 766/830/766
f 593/742/593 766/830/766 764/827/764
f 636/670/636 765/828/765 767/831/767
f 636/670/636 767/831/767 637/671/637
f 594/829/594 693/832/693 766/830/766
f 543/556/543 694/744/694 768/833/768
f 768/833/768 693/743/693 543/556/543
f 637/671/637 767/831/767 695/834/695
f 640/675/640 697/750/697 506/513/506
f 696/760/696 703/759/703 769/835/769
f 769/836/769 770/837/770 696/838/696
f 696/839/696 770/840/770 640/841/640
f 695/745/695 771/842/771 641/678/641
f 771/842/771 704/761/704 641/678/641
f 705/763/705 706/764/706 772/843/772
f 705/763/705 773/844/773 650/692/650
f 772/843/772 773/844/773 705/763/705
f 650/845/650 774/846/774 707/847/707
f 773/844/773 774/848/774 650/692/650
f 707/847/707 708/766/708 698/849/698
f 774/846/774 708/766/708 707/847/707
f 698/849/698 708/766/708 699/754/699
f 704/761/704 775/850/775 599/762/599
f 776/851/776 548/631/548 775/850/775
f 599/762/599 775/850/775 548/631/548
f 776/851/776 647/689/647 548/631/548
f 774/846/774 777/852/777 708/766/708
f 708/766/708 777/852/777 711/769/711
f 708/766/708 711/769/711 709/767/709
f 769/835/769 703/759/703 715/773/715
f 715/853/715 778/854/778 769/855/769
f 777/852/777 779/856/779 711/769/711
f 777/852/777 780/857/780 779/856/779
f 711/769/711 779/856/779 713/771/713
f 781/858/781 779/856/779 780/857/780
f 713/771/713 779/856/779 716/774/716
f 718/776/718 782/859/782 715/773/715
f 779/856/779 781/858/781 719/777/719
f 779/856/779 719/777/719 716/774/716
f 718/776/718 721/779/721 783/860/783
f 717/775/717 721/779/721 718/776/718
f 781/858/781 784/861/784 719/777/719
f 719/777/719 784/861/784 720/778/720
f 721/779/721 722/780/722 785/862/785
f 721/779/721 785/862/785 783/860/783
f 784/861/784 786/863/786 720/778/720
f 720/778/720 786/863/786 787/864/787
f 720/778/720 787/864/787 722/780/722
f 722/780/722 787/864/787 788/865/788
f 510/518/510 656/698/656 602/634/602
f 550/569/550 601/633/601 789/866/789
f 656/698/656 470/476/470 724/782/724
f 472/478/472 550/569/550 790/867/790
f 551/570/551 512/520/512 658/700/658
f 658/700/658 553/572/553 727/785/727
f 728/786/728 605/637/605 729/787/729
f 729/787/729 660/702/660 791/868/791
f 791/868/791 660/702/660 730/788/730
f 733/791/733 792/869/792 732/790/732
f 735/793/735 734/792/734 608/640/608
f 609/641/609 793/870/793 565/584/565
f 793/870/793 483/489/483 565/584/565
f 793/870/793 737/795/737 483/489/483
f 564/583/564 794/871/794 662/704/662
f 739/797/739 664/706/664 439/442/439
f 665/707/665 795/872/795 739/797/739
f 569/588/569 796/873/796 567/586/567
f 567/586/567 797/874/797 568/587/568
f 568/587/568 797/874/797 741/799/741
f 740/798/740 741/799/741 665/707/665
f 569/588/569 742/800/742 796/873/796
f 743/801/743 742/800/742 570/589/570
f 613/645/613 798/875/798 743/801/743
f 798/875/798 613/645/613 571/590/571
f 744/802/744 798/875/798 571/590/571
f 744/802/744 799/876/799 798/875/798
f 666/711/666 746/805/746 744/802/744
f 668/713/668 746/805/746 667/712/667
f 668/713/668 748/807/748 746/805/746
f 669/714/669 749/808/749 748/807/748
f 800/877/800 618/652/618 615/648/615
f 617/651/617 751/810/751 750/809/750
f 619/653/619 801/878/801 751/810/751
f 752/811/752 801/878/801 619/653/619
f 448/534/448 525/533/525 673/718/673
f 620/654/620 753/812/753 672/717/672
f 580/605/580 802/879/802 674/719/674
f 580/605/580 676/722/676 802/879/802
f 489/721/489 803/880/803 621/881/621
f 622/656/622 804/882/804 676/722/676
f 621/881/621 805/883/805 530/884/530
f 622/656/622 754/813/754 804/882/804
f 805/883/805 755/885/755 530/884/530
f 530/884/530 755/885/755 677/886/677
f 754/813/754 756/815/756 806/887/806
f 754/813/754 624/658/624 756/815/756
f 630/664/630 807/888/807 679/725/679
f 628/662/628 808/889/808 585/611/585
f 808/889/808 759/818/759 585/611/585
f 630/664/630 757/816/757 807/888/807
f 757/816/757 758/817/758 807/888/807
f 631/665/631 809/890/809 758/817/758
f 631/665/631 680/726/680 809/890/809
f 682/728/682 809/890/809 680/726/680
f 682/728/682 684/730/684 809/890/809
f 760/819/760 686/732/686 810/891/810
f 456/461/456 761/820/761 536/547/536
f 686/732/686 687/733/687 810/891/810
f 811/892/811 762/824/762 688/825/688
f 537/893/537 812/894/812 689/822/689
f 762/824/762 813/895/813 690/737/690
f 537/893/537 635/739/635 812/894/812
f 690/737/690 813/895/813 763/826/763
f 691/738/691 814/896/814 635/739/635
f 763/826/763 815/897/815 692/741/692
f 764/827/764 814/896/814 691/738/691
f 692/741/692 815/897/815 765/828/765
f 768/898/768 816/899/816 693/832/693
f 697/750/697 817/900/817 694/751/694
f 768/901/768 694/751/694 817/900/817
f 770/902/770 769/835/769 818/903/818
f 818/903/818 819/904/819 770/902/770
f 770/905/770 819/906/819 640/675/640
f 697/750/697 640/675/640 820/907/820
f 697/750/697 820/907/820 817/900/817
f 769/835/769 821/908/821 818/903/818
f 772/843/772 706/764/706 822/909/822
f 772/910/772 823/911/823 773/912/773
f 772/843/772 822/909/822 823/913/823
f 774/846/774 823/911/823 777/852/777
f 773/912/773 823/911/823 774/846/774
f 769/835/769 778/914/778 821/908/821
f 647/689/647 776/851/776 824/915/824
f 647/689/647 824/915/824 706/764/706
f 823/911/823 825/916/825 777/852/777
f 777/852/777 825/916/825 780/857/780
f 780/857/780 825/916/825 781/858/781
f 825/916/825 826/917/826 781/858/781
f 715/773/715 782/859/782 827/918/827
f 783/860/783 828/919/828 718/776/718
f 718/776/718 828/919/828 782/859/782
f 781/858/781 826/917/826 829/920/829
f 781/858/781 829/920/829 784/861/784
f 783/860/783 785/862/785 828/919/828
f 784/861/784 829/920/829 830/921/830
f 784/861/784 830/921/830 786/863/786
f 722/780/722 788/865/788 831/922/831
f 722/780/722 831/922/831 785/862/785
f 830/921/830 832/923/832 786/863/786
f 786/863/786 832/923/832 833/924/833
f 786/863/786 833/924/833 787/864/787
f 787/925/787 833/926/833 834/927/834
f 787/925/787 834/927/834 788/928/788
f 427/430/427 655/697/655 723/781/723
f 789/866/789 601/633/601 835/929/835
f 601/633/601 723/781/723 835/929/835
f 469/475/469 723/781/723 601/633/601
f 725/783/725 724/782/724 603/635/603
f 550/569/550 789/866/789 790/867/790
f 551/570/551 725/783/725 657/699/657
f 472/478/472 790/867/790 604/636/604
f 551/570/551 658/700/658 836/930/836
f 837/931/837 552/571/552 604/636/604
f 837/931/837 838/932/838 552/571/552
f 726/784/726 728/786/728 839/933/839
f 552/571/552 838/932/838 556/575/556
f 728/786/728 729/787/729 840/934/840
f 729/787/729 791/868/791 841/935/841
f 791/868/791 730/788/730 842/936/842
f 730/788/730 731/789/731 843/937/843
f 731/789/731 732/790/732 844/938/844
f 609/641/609 607/639/607 845/939/845
f 844/938/844 732/790/732 792/869/792
f 733/791/733 734/792/734 792/869/792
f 846/940/846 793/870/793 609/641/609
f 563/582/563 662/704/662 736/794/736
f 662/704/662 847/941/847 736/794/736
f 612/644/612 342/342/342 737/795/737
f 564/583/564 738/796/738 794/871/794
f 848/942/848 610/642/610 664/706/664
f 664/706/664 739/797/739 848/942/848
f 849/943/849 850/944/850 572/709/572
f 665/707/665 851/945/851 795/872/795
f 796/873/796 797/874/797 567/586/567
f 852/946/852 851/945/851 741/799/741
f 741/799/741 851/945/851 665/707/665
f 572/709/572 850/944/850 574/710/574
f 742/800/742 853/947/853 796/873/796
f 741/799/741 797/874/797 852/946/852
f 854/948/854 742/800/742 743/801/743
f 798/875/798 854/948/854 743/801/743
f 798/875/798 799/876/799 855/949/855
f 746/805/746 799/876/799 744/802/744
f 746/805/746 856/950/856 799/876/799
f 748/807/748 857/951/857 746/805/746
f 750/809/750 751/810/751 749/808/749
f 674/719/674 858/952/858 753/812/753
f 802/879/802 858/952/858 674/719/674
f 675/720/675 803/880/803 489/721/489
f 676/722/676 859/953/859 802/879/802
f 756/815/756 860/954/860 806/887/806
f 755/955/755 861/956/861 628/957/628
f 755/958/755 628/959/628 584/960/584
f 679/725/679 807/888/807 862/961/862
f 759/818/759 863/962/863 587/613/587
f 864/963/864 758/817/758 809/890/809
f 587/613/587 863/962/863 681/727/681
f 865/964/865 681/727/681 863/962/863
f 681/727/681 685/731/685 683/729/683
f 866/965/866 809/890/809 684/730/684
f 866/965/866 684/730/684 760/819/760
f 866/965/866 760/819/760 810/891/810
f 867/966/867 589/615/589 685/731/685
f 868/967/868 687/823/687 689/822/689
f 811/892/811 688/825/688 761/968/761
f 815/897/815 763/826/763 813/895/813
f 812/894/812 635/739/635 869/969/869
f 635/739/635 814/896/814 869/969/869
f 870/970/870 765/828/765 815/897/815
f 871/971/871 764/827/764 766/830/766
f 767/831/767 765/828/765 870/970/870
f 816/899/816 766/830/766 693/832/693
f 872/972/872 819/904/819 818/903/818
f 872/973/872 640/675/640 819/906/819
f 768/974/768 817/975/817 820/976/820
f 695/745/695 873/977/873 771/842/771
f 771/842/771 874/978/874 704/761/704
f 706/979/706 875/980/875 822/981/822
f 876/982/876 875/983/875 706/764/706
f 822/909/822 875/983/875 823/913/823
f 821/908/821 778/914/778 877/984/877
f 874/978/874 775/850/775 704/761/704
f 878/985/878 824/915/824 776/851/776
f 706/764/706 824/915/824 878/985/878
f 876/982/876 706/764/706 878/985/878
f 879/986/879 823/911/823 875/987/875
f 879/986/879 825/916/825 823/911/823
f 778/854/778 715/853/715 877/988/877
f 877/984/877 715/773/715 827/918/827
f 880/989/880 826/990/826 825/991/825
f 880/989/880 881/992/881 826/990/826
f 881/992/881 829/993/829 826/990/826
f 828/919/828 785/862/785 882/994/882
f 883/995/883 830/996/830 829/997/829
f 883/995/883 884/998/884 832/999/832
f 883/995/883 832/999/832 830/996/830
f 884/998/884 833/926/833 832/999/832
f 885/1000/885 788/928/788 834/927/834
f 831/922/831 788/865/788 885/1001/885
f 886/1002/886 833/926/833 884/998/884
f 886/1002/886 834/927/834 833/926/833
f 723/781/723 655/697/655 887/1003/887
f 655/697/655 602/634/602 656/698/656
f 836/930/836 725/783/725 551/570/551
f 726/784/726 888/1004/888 727/785/727
f 726/784/726 839/933/839 888/1004/888
f 659/701/659 556/575/556 838/932/838
f 840/934/840 729/787/729 841/935/841
f 841/935/841 791/868/791 842/936/842
f 730/788/730 889/1005/889 842/936/842
f 607/639/607 659/701/659 890/1006/890
f 730/788/730 843/937/843 889/1005/889
f 843/937/843 731/789/731 891/1007/891
f 731/789/731 844/938/844 891/1007/891
f 846/940/846 609/641/609 845/939/845
f 792/869/792 734/792/734 892/1008/892
f 893/1009/893 892/1008/892 734/792/734
f 734/792/734 735/793/735 893/1009/893
f 894/1010/894 735/793/735 736/794/736
f 662/704/662 895/1011/895 847/941/847
f 662/704/662 896/1012/896 895/1011/895
f 662/704/662 794/871/794 896/1012/896
f 738/796/738 663/705/663 897/1013/897
f 572/709/572 612/1014/612 849/943/849
f 897/1013/897 663/705/663 610/642/610
f 739/797/739 898/1015/898 848/942/848
f 795/872/795 898/1015/898 739/797/739
f 852/946/852 899/1016/899 851/945/851
f 899/1016/899 795/872/795 851/945/851
f 900/1017/900 797/874/797 796/873/796
f 901/1018/901 797/874/797 900/1017/900
f 901/1018/901 852/946/852 797/874/797
f 850/944/850 902/1019/902 574/710/574
f 903/1020/903 853/947/853 904/1021/904
f 905/1022/905 742/800/742 854/948/854
f 905/1022/905 853/947/853 742/800/742
f 902/1019/902 745/803/745 574/710/574
f 855/949/855 854/948/854 798/875/798
f 906/1023/906 854/948/854 855/949/855
f 855/949/855 799/876/799 907/1024/907
f 856/950/856 746/805/746 857/951/857
f 748/807/748 749/808/749 908/1025/908
f 908/1025/908 749/808/749 909/1026/909
f 909/1026/909 749/808/749 751/810/751
f 800/877/800 671/716/671 618/652/618
f 751/810/751 801/878/801 910/1027/910
f 911/1028/911 525/533/525 671/716/671
f 525/533/525 911/1028/911 673/718/673
f 912/1029/912 752/811/752 672/717/672
f 913/1030/913 803/880/803 675/720/675
f 803/880/803 914/1031/914 621/881/621
f 859/953/859 676/722/676 804/882/804
f 915/1032/915 755/885/755 805/883/805
f 916/1033/916 628/1034/628 861/1035/861
f 678/724/678 679/725/679 917/1036/917
f 679/725/679 862/961/862 917/1036/917
f 758/817/758 864/963/864 807/888/807
f 918/1037/918 863/962/863 759/818/759
f 809/890/809 919/1038/919 864/963/864
f 809/890/809 866/965/866 919/1038/919
f 920/1039/920 685/731/685 681/727/681
f 867/966/867 761/820/761 589/615/589
f 810/1040/810 687/823/687 868/967/868
f 811/892/811 921/1041/921 762/824/762
f 689/822/689 812/894/812 922/1042/922
f 921/1041/921 813/895/813 762/824/762
f 815/897/815 923/1043/923 870/970/870
f 766/830/766 816/899/816 924/1044/924
f 766/830/766 924/1044/924 871/971/871
f 925/1045/925 695/745/695 767/1046/767
f 695/745/695 925/1045/925 873/977/873
f 872/1047/872 818/1048/818 926/1049/926
f 872/973/872 926/1050/926 927/1051/927
f 927/1051/927 640/675/640 872/973/872
f 640/675/640 928/1052/928 820/907/820
f 927/1051/927 928/1052/928 640/675/640
f 926/1053/926 821/1054/821 929/1055/929
f 818/903/818 821/908/821 926/1056/926
f 926/1056/926 929/1057/929 927/1058/927
f 821/908/821 877/984/877 930/1059/930
f 878/1060/878 931/1061/931 876/1062/876
f 932/1063/932 875/983/875 931/1064/931
f 876/982/876 931/1064/931 875/983/875
f 932/1063/932 879/1065/879 875/983/875
f 932/1066/932 880/1067/880 879/986/879
f 880/1067/880 825/916/825 879/986/879
f 877/984/877 827/918/827 933/1068/933
f 934/1069/934 881/992/881 880/989/880
f 827/918/827 782/859/782 933/1068/933
f 782/1070/782 935/1071/935 933/1072/933
f 782/1070/782 828/1073/828 935/1071/935
f 881/1074/881 936/1075/936 829/997/829
f 828/1073/828 882/1076/882 935/1071/935
f 936/1075/936 883/995/883 829/997/829
f 785/862/785 831/922/831 937/1077/937
f 882/994/882 785/862/785 937/1077/937
f 936/1075/936 938/1078/938 883/995/883
f 831/922/831 939/1079/939 937/1077/937
f 885/1000/885 834/927/834 940/1080/940
f 885/1000/885 940/1080/940 831/1081/831
f 604/636/604 941/1082/941 837/931/837
f 658/700/658 727/785/727 942/1083/942
f 839/933/839 728/786/728 840/934/840
f 943/1084/943 737/795/737 793/870/793
f 735/793/735 894/1010/894 893/1009/893
f 736/794/736 847/941/847 894/1010/894
f 794/871/794 944/1085/944 896/1012/896
f 738/796/738 945/1086/945 794/871/794
f 610/642/610 848/942/848 897/1013/897
f 848/942/848 945/1086/945 897/1013/897
f 898/1015/898 795/872/795 946/1087/946
f 899/1016/899 947/1088/947 795/872/795
f 901/1018/901 899/1016/899 852/946/852
f 853/947/853 903/1020/903 796/873/796
f 903/1020/903 900/1017/900 796/873/796
f 905/1022/905 904/1021/904 853/947/853
f 854/948/854 906/1023/906 905/1022/905
f 856/950/856 907/1024/907 799/876/799
f 857/951/857 948/1089/948 856/950/856
f 748/807/748 949/1090/949 857/951/857
f 748/807/748 908/1025/908 949/1090/949
f 753/812/753 950/1091/950 672/717/672
f 753/812/753 951/1092/951 950/1091/950
f 673/718/673 913/1030/913 675/720/675
f 802/1093/802 859/1094/859 952/1095/952
f 802/879/802 952/1096/952 858/952/858
f 914/1031/914 953/1097/953 805/883/805
f 914/1031/914 805/883/805 621/881/621
f 804/1098/804 754/1099/754 954/1100/954
f 754/813/754 806/887/806 954/1101/954
f 955/1102/955 915/1032/915 805/883/805
f 755/885/755 915/1032/915 861/1035/861
f 860/1103/860 956/1104/956 806/1105/806
f 678/724/678 917/1036/917 756/815/756
f 957/1106/957 808/889/808 628/662/628
f 807/888/807 958/1107/958 862/961/862
f 807/888/807 864/963/864 958/1107/958
f 808/889/808 918/1037/918 759/818/759
f 918/1037/918 959/1108/959 863/962/863
f 866/1109/866 960/1110/960 919/1111/919
f 681/727/681 865/964/865 920/1039/920
f 685/731/685 961/1112/961 867/966/867
f 866/1109/866 810/1040/810 962/1113/962
f 867/966/867 963/1114/963 761/820/761
f 761/820/761 963/1114/963 811/1115/811
f 811/892/811 963/1116/963 921/1041/921
f 921/1041/921 964/1117/964 813/895/813
f 812/894/812 965/1118/965 922/1042/922
f 813/895/813 964/1117/964 815/897/815
f 812/894/812 869/969/869 965/1118/965
f 764/827/764 871/971/871 814/896/814
f 870/970/870 966/1119/966 767/831/767
f 767/831/767 966/1119/966 925/1120/925
f 768/898/768 967/1121/967 816/899/816
f 816/899/816 967/1121/967 924/1044/924
f 768/901/768 820/907/820 968/1122/968
f 768/898/768 968/1123/968 967/1121/967
f 821/908/821 969/1124/969 929/1057/929
f 927/1058/927 929/1057/929 969/1124/969
f 927/1125/927 969/1126/969 970/1127/970
f 927/1051/927 970/1128/970 971/1129/971
f 927/1051/927 971/1129/971 928/1052/928
f 873/977/873 972/1130/972 771/842/771
f 821/908/821 930/1059/930 969/1124/969
f 771/842/771 972/1130/972 874/978/874
f 775/850/775 874/978/874 973/1131/973
f 973/1131/973 776/851/776 775/850/775
f 878/985/878 974/1132/974 931/1064/931
f 931/1064/931 974/1132/974 975/1133/975
f 931/1064/931 975/1133/975 932/1063/932
f 880/1134/880 932/1063/932 934/1135/934
f 877/984/877 933/1068/933 930/1059/930
f 933/1072/933 976/1136/976 930/1137/930
f 881/1074/881 934/1135/934 977/1138/977
f 933/1072/933 978/1139/978 976/1136/976
f 933/1072/933 935/1071/935 978/1139/978
f 881/1074/881 977/1138/977 936/1075/936
f 882/1076/882 979/1140/979 935/1071/935
f 937/1141/937 980/1142/980 882/1076/882
f 882/1076/882 980/1142/980 979/1140/979
f 937/1141/937 939/1143/939 980/1142/980
f 884/998/884 938/1078/938 981/1144/981
f 883/995/883 938/1078/938 884/998/884
f 884/998/884 981/1144/981 886/1002/886
f 834/927/834 982/1145/982 940/1080/940
f 831/1081/831 940/1080/940 939/1146/939
f 655/697/655 983/1147/983 984/1148/984
f 655/697/655 656/698/656 983/1147/983
f 656/698/656 724/782/724 985/1149/985
f 789/866/789 986/1150/986 790/867/790
f 790/867/790 941/1082/941 604/636/604
f 888/1004/888 987/1151/987 727/785/727
f 840/934/840 988/1152/988 839/933/839
f 607/639/607 890/1006/890 845/939/845
f 843/937/843 891/1007/891 889/1005/889
f 846/940/846 845/939/845 989/1153/989
f 844/938/844 990/1154/990 891/1007/891
f 892/1008/892 844/938/844 792/869/792
f 892/1008/892 991/1155/991 844/938/844
f 892/1008/892 893/1009/893 992/1156/992
f 895/1011/895 993/1157/993 847/941/847
f 737/1158/737 994/1159/994 612/1014/612
f 995/1160/995 993/1157/993 895/1011/895
f 896/1012/896 995/1160/995 895/1011/895
f 994/1159/994 849/943/849 612/1014/612
f 794/871/794 945/1086/945 944/1085/944
f 848/942/848 996/1161/996 945/1086/945
f 848/942/848 898/1015/898 997/1162/997
f 795/872/795 947/1088/947 946/1087/946
f 900/1017/900 998/1163/998 901/1018/901
f 999/1164/999 900/1017/900 903/1020/903
f 905/1022/905 999/1164/999 904/1021/904
f 904/1021/904 999/1164/999 903/1020/903
f 905/1022/905 906/1023/906 1000/1165/1000
f 857/951/857 949/1090/949 948/1089/948
f 615/648/615 747/806/747 800/877/800
f 910/1027/910 909/1026/909 751/810/751
f 752/811/752 912/1029/912 801/878/801
f 912/1029/912 672/717/672 1001/1166/1001
f 672/717/672 950/1091/950 1001/1166/1001
f 859/1094/859 804/1167/804 1002/1168/1002
f 860/1103/860 1003/1169/1003 956/1104/956
f 864/1170/864 1004/1171/1004 958/1172/958
f 864/1170/864 919/1111/919 1005/1173/1005
f 919/1111/919 960/1110/960 1005/1173/1005
f 1006/1174/1006 920/1039/920 865/964/865
f 920/1039/920 1006/1174/1006 961/1112/961
f 866/1109/866 962/1113/962 960/1110/960
f 920/1039/920 961/1112/961 685/731/685
f 867/966/867 1007/1175/1007 963/1114/963
f 689/822/689 922/1042/922 868/967/868
f 964/1117/964 923/1043/923 815/897/815
f 814/896/814 1008/1176/1008 869/969/869
f 923/1043/923 1009/1177/1009 870/970/870
f 871/971/871 1010/1178/1010 814/896/814
f 870/970/870 1009/1177/1009 966/1119/966
f 871/971/871 924/1044/924 1010/1178/1010
f 820/907/820 967/1179/967 968/1122/968
f 925/1045/925 1011/1180/1011 1012/1181/1012
f 873/977/873 925/1045/925 1012/1181/1012
f 970/1127/970 969/1126/969 1013/1182/1013
f 1013/1183/1013 971/1184/971 970/1185/970
f 873/977/873 1012/1181/1012 972/1130/972
f 930/1137/930 976/1136/976 969/1186/969
f 969/1187/969 976/1188/976 1013/1189/1013
f 776/851/776 974/1132/974 878/985/878
f 934/1135/934 932/1063/932 1014/1190/1014
f 934/1135/934 1014/1190/1014 977/1138/977
f 978/1139/978 1015/1191/1015 1016/1192/1016
f 976/1136/976 978/1139/978 1016/1192/1016
f 978/1139/978 935/1071/935 1015/1191/1015
f 979/1140/979 1017/1193/1017 935/1071/935
f 935/1071/935 1017/1193/1017 1015/1191/1015
f 936/1075/936 977/1138/977 1018/1194/1018
f 979/1140/979 980/1142/980 1017/1193/1017
f 936/1075/936 1018/1194/1018 938/1078/938
f 1019/1195/1019 980/1142/980 939/1143/939
f 982/1145/982 1019/1196/1019 940/1080/940
f 939/1146/939 940/1080/940 1019/1196/1019
f 981/1144/981 1020/1197/1020 886/1002/886
f 981/1144/981 938/1078/938 1020/1197/1020
f 886/1002/886 1020/1197/1020 1021/1198/1021
f 886/1002/886 1021/1198/1021 834/927/834
f 834/927/834 1021/1198/1021 1022/1199/1022
f 834/927/834 1022/1199/1022 982/1145/982
f 1023/1200/1023 1024/1201/1024 835/929/835
f 835/929/835 723/781/723 1023/1200/1023
f 724/782/724 1025/1202/1025 985/1149/985
f 727/785/727 987/1151/987 942/1083/942
f 888/1004/888 1026/1203/1026 987/1151/987
f 888/1004/888 839/933/839 1026/1203/1026
f 1026/1203/1026 839/933/839 988/1152/988
f 840/934/840 1027/1204/1027 988/1152/988
f 1028/1205/1028 659/701/659 838/932/838
f 842/936/842 1029/1206/1029 841/935/841
f 1030/1207/1030 890/1006/890 659/701/659
f 842/936/842 889/1005/889 1031/1208/1031
f 1032/1209/1032 845/939/845 890/1006/890
f 891/1007/891 1033/1210/1033 889/1005/889
f 891/1007/891 990/1154/990 1033/1210/1033
f 943/1084/943 793/870/793 846/940/846
f 844/938/844 991/1155/991 990/1154/990
f 990/1154/990 991/1155/991 1034/1211/1034
f 991/1155/991 892/1008/892 1034/1211/1034
f 992/1156/992 1034/1211/1034 892/1008/892
f 894/1010/894 1035/1212/1035 893/1009/893
f 995/1160/995 896/1012/896 944/1085/944
f 945/1086/945 738/796/738 897/1013/897
f 997/1162/997 996/1161/996 848/942/848
f 997/1162/997 898/1015/898 946/1087/946
f 850/944/850 1036/1213/1036 902/1019/902
f 1037/1214/1037 947/1088/947 899/1016/899
f 1038/1215/1038 899/1016/899 901/1018/901
f 1038/1215/1038 901/1018/901 998/1163/998
f 1000/1165/1000 906/1023/906 855/949/855
f 1039/1216/1039 1000/1165/1000 855/949/855
f 1039/1216/1039 855/949/855 907/1024/907
f 1040/1217/1040 747/806/747 745/803/745
f 908/1025/908 909/1026/909 1041/1218/1041
f 800/877/800 1042/1219/1042 671/716/671
f 909/1026/909 910/1027/910 1043/1220/1043
f 910/1027/910 801/878/801 912/1029/912
f 910/1027/910 912/1029/912 1001/1166/1001
f 1044/1221/1044 673/718/673 911/1028/911
f 1045/1222/1045 950/1223/950 951/1224/951
f 753/1225/753 858/1226/858 951/1224/951
f 1002/1168/1002 952/1095/952 859/1094/859
f 804/1227/804 954/1228/954 1002/1183/1002
f 805/883/805 953/1097/953 955/1102/955
f 628/1034/628 916/1033/916 957/1229/957
f 917/1036/917 862/961/862 958/1107/958
f 918/1037/918 808/889/808 957/1106/957
f 864/1230/864 1005/1231/1005 1004/1232/1004
f 959/1233/959 918/1234/918 1046/1235/1046
f 959/1108/959 1047/1236/1047 863/962/863
f 863/962/863 1047/1236/1047 865/964/865
f 1006/1174/1006 1048/1237/1048 961/1112/961
f 1048/1237/1048 1049/1238/1049 961/1112/961
f 1049/1238/1049 1007/1175/1007 961/1112/961
f 1007/1175/1007 867/966/867 961/1112/961
f 1007/1239/1007 1050/1240/1050 963/1116/963
f 1050/1240/1050 921/1041/921 963/1116/963
f 1050/1240/1050 1051/1241/1051 921/1041/921
f 1052/1242/1052 921/1243/921 1051/1244/1051
f 1052/1245/1052 964/1117/964 921/1041/921
f 1053/1246/1053 1008/1176/1008 814/896/814
f 1054/1247/1054 966/1119/966 1009/1177/1009
f 966/1119/966 1011/1248/1011 925/1120/925
f 1055/1249/1055 924/1044/924 967/1121/967
f 1056/1250/1056 971/1251/971 1013/1252/1013
f 1056/1253/1056 1057/1254/1057 971/1129/971
f 1058/1255/1058 928/1052/928 971/1129/971
f 1057/1254/1057 1058/1255/1058 971/1129/971
f 1058/1255/1058 820/907/820 928/1052/928
f 967/1179/967 820/907/820 1058/1255/1058
f 1013/1252/1013 976/1136/976 1056/1250/1056
f 974/1132/974 1059/1256/1059 975/1133/975
f 1060/1257/1060 932/1063/932 1059/1256/1059
f 1059/1256/1059 932/1063/932 975/1133/975
f 976/1136/976 1016/1192/1016 1061/1258/1061
f 1060/1257/1060 1014/1190/1014 932/1063/932
f 1062/1259/1062 1018/1194/1018 977/1138/977
f 1063/1260/1063 1017/1193/1017 980/1142/980
f 1063/1260/1063 980/1142/980 1064/1261/1064
f 1064/1262/1064 980/1263/980 1019/1264/1019
f 1065/1265/1065 1021/1198/1021 1020/1197/1020
f 982/1145/982 1022/1199/1022 1019/1196/1019
f 1066/1266/1066 985/1149/985 1025/1202/1025
f 1024/1201/1024 1023/1200/1023 723/781/723
f 1067/1267/1067 986/1150/986 789/866/789
f 725/783/725 836/930/836 1068/1268/1068
f 658/700/658 1069/1269/1069 836/930/836
f 658/700/658 942/1083/942 1069/1269/1069
f 1070/1270/1070 837/931/837 941/1082/941
f 1027/1204/1027 840/934/840 1071/1271/1071
f 840/934/840 841/935/841 1071/1271/1071
f 1030/1207/1030 659/701/659 1028/1205/1028
f 841/935/841 1029/1206/1029 1071/1271/1071
f 1029/1206/1029 842/936/842 1031/1208/1031
f 1031/1208/1031 889/1005/889 1072/1272/1072
f 989/1153/989 845/939/845 1032/1209/1032
f 889/1005/889 1033/1210/1033 1072/1272/1072
f 1072/1272/1072 1033/1210/1033 1073/1273/1073
f 1033/1210/1033 1074/1274/1074 1073/1273/1073
f 1033/1210/1033 990/1154/990 1074/1274/1074
f 990/1154/990 1075/1275/1075 1074/1274/1074
f 990/1154/990 1034/1211/1034 1075/1275/1075
f 992/1156/992 1076/1276/1076 1034/1211/1034
f 893/1009/893 1035/1212/1035 992/1156/992
f 992/1156/992 1077/1277/1077 1076/1276/1076
f 1035/1212/1035 894/1010/894 1078/1278/1078
f 993/1157/993 1079/1279/1079 847/941/847
f 995/1160/995 1080/1280/1080 993/1157/993
f 997/1162/997 1081/1281/1081 996/1161/996
f 1037/1214/1037 1082/1282/1082 947/1088/947
f 947/1088/947 1082/1282/1082 946/1087/946
f 1082/1282/1082 1083/1283/1083 946/1087/946
f 1036/1213/1036 745/803/745 902/1019/902
f 998/1284/998 1084/1285/1084 1038/1286/1038
f 1038/1215/1038 1037/1214/1037 899/1016/899
f 1000/1165/1000 999/1164/999 905/1022/905
f 1085/1287/1085 1039/1216/1039 907/1024/907
f 856/950/856 1085/1287/1085 907/1024/907
f 856/950/856 948/1089/948 1085/1287/1085
f 949/1090/949 908/1025/908 1086/1288/1086
f 908/1025/908 1041/1218/1041 1086/1288/1086
f 800/877/800 1087/1289/1087 1042/1219/1042
f 1044/1221/1044 911/1028/911 671/716/671
f 1088/1290/1088 913/1030/913 673/718/673
f 1089/1291/1089 951/1224/951 858/1226/858
f 803/880/803 953/1097/953 914/1031/914
f 955/1102/955 1090/1292/1090 915/1032/915
f 756/815/756 917/1036/917 860/954/860
f 957/1229/957 1091/1293/1091 918/1234/918
f 1092/1294/1092 1047/1295/1047 959/1233/959
f 1093/1296/1093 865/964/865 1047/1236/1047
f 865/964/865 1093/1296/1093 1006/1174/1006
f 1094/1297/1094 960/1110/960 1095/1298/1095
f 1006/1299/1006 1096/1300/1096 1048/1301/1048
f 960/1110/960 962/1113/962 1095/1298/1095
f 1097/1302/1097 1007/1175/1007 1049/1238/1049
f 962/1113/962 810/1040/810 1098/1303/1098
f 1099/1304/1099 1050/1240/1050 1007/1239/1007
f 868/967/868 1098/1303/1098 810/1040/810
f 868/967/868 922/1042/922 1098/1303/1098
f 1050/1240/1050 1100/1305/1100 1051/1241/1051
f 1100/1305/1100 1052/1245/1052 1051/1241/1051
f 1052/1245/1052 923/1043/923 964/1117/964
f 965/1118/965 869/969/869 1101/1306/1101
f 814/896/814 1010/1178/1010 1053/1246/1053
f 1010/1178/1010 924/1044/924 1102/1307/1102
f 924/1044/924 1055/1249/1055 1102/1307/1102
f 1056/1250/1056 976/1136/976 1103/1308/1103
f 1057/1254/1057 1056/1253/1056 1104/1309/1104
f 1057/1254/1057 1104/1309/1104 1058/1255/1058
f 1103/1308/1103 976/1136/976 1061/1258/1061
f 973/1131/973 1105/1310/1105 776/851/776
f 1016/1192/1016 1015/1191/1015 1106/1311/1106
f 1062/1259/1062 977/1138/977 1014/1190/1014
f 1106/1311/1106 1015/1191/1015 1107/1312/1107
f 1015/1191/1015 1017/1193/1017 1107/1312/1107
f 1062/1259/1062 1108/1313/1108 1018/1194/1018
f 1017/1193/1017 1063/1260/1063 1107/1312/1107
f 1018/1194/1018 1109/1314/1109 938/1078/938
f 1109/1314/1109 1110/1315/1110 938/1078/938
f 938/1078/938 1110/1315/1110 1020/1197/1020
f 1020/1197/1020 1111/1316/1111 1065/1265/1065
f 1020/1197/1020 1110/1315/1110 1111/1316/1111
f 1065/1265/1065 1111/1316/1111 1021/1198/1021
f 1021/1198/1021 1112/1317/1112 1022/1199/1022
f 1021/1198/1021 1111/1316/1111 1112/1317/1112
f 1022/1199/1022 1112/1317/1112 1019/1196/1019
f 887/1003/887 655/697/655 984/1148/984
f 983/1147/983 656/698/656 985/1149/985
f 1024/1201/1024 723/781/723 887/1003/887
f 1113/1318/1113 724/782/724 725/783/725
f 1067/1267/1067 789/866/789 835/929/835
f 1113/1318/1113 725/783/725 1068/1268/1068
f 1114/1319/1114 942/1083/942 987/1151/987
f 838/932/838 837/931/837 1070/1270/1070
f 988/1152/988 1027/1204/1027 1115/1320/1115
f 1028/1205/1028 838/932/838 1070/1270/1070
f 943/1084/943 846/940/846 1116/1321/1116
f 1075/1275/1075 1034/1211/1034 1117/1322/1117
f 1034/1211/1034 1118/1323/1118 1117/1322/1117
f 1034/1211/1034 1076/1276/1076 1118/1323/1118
f 992/1156/992 1035/1212/1035 1077/1277/1077
f 1035/1212/1035 1078/1278/1078 1077/1277/1077
f 847/941/847 1079/1279/1079 894/1010/894
f 894/1010/894 1079/1279/1079 1119/1324/1119
f 1120/1325/1120 850/944/850 849/943/849
f 944/1085/944 1080/1280/1080 995/1160/995
f 850/944/850 1120/1325/1120 1036/1213/1036
f 944/1085/944 945/1086/945 1121/1326/1121
f 945/1086/945 996/1161/996 1121/1326/1121
f 997/1162/997 1083/1283/1083 1081/1281/1081
f 946/1087/946 1083/1283/1083 997/1162/997
f 999/1164/999 1122/1327/1122 900/1017/900
f 900/1017/900 1122/1327/1122 998/1163/998
f 745/803/745 1123/1328/1123 1040/1217/1040
f 1000/1165/1000 1124/1329/1124 999/1164/999
f 1087/1289/1087 800/877/800 747/806/747
f 949/1090/949 1086/1288/1086 1125/1330/1125
f 909/1026/909 1043/1220/1043 1041/1218/1041
f 910/1027/910 1126/1331/1126 1127/1332/1127
f 910/1333/910 1001/1334/1001 1126/1335/1126
f 673/718/673 1044/1221/1044 1088/1290/1088
f 913/1030/913 1088/1290/1088 1128/1336/1128
f 913/1030/913 953/1097/953 803/880/803
f 858/1226/858 952/1095/952 1089/1291/1089
f 954/1337/954 1129/1338/1129 1002/1168/1002
f 806/887/806 956/1339/956 954/1101/954
f 915/1032/915 1090/1292/1090 1130/1340/1130
f 1130/1340/1130 861/1035/861 915/1032/915
f 861/1035/861 1131/1341/1131 916/1033/916
f 860/1103/860 917/1342/917 1003/1169/1003
f 1091/1293/1091 1046/1235/1046 918/1234/918
f 1046/1235/1046 1092/1294/1092 959/1233/959
f 1005/1173/1005 960/1110/960 1094/1297/1094
f 1047/1295/1047 1092/1294/1092 1093/1343/1093
f 1093/1343/1093 1096/1300/1096 1006/1299/1006
f 1096/1300/1096 1049/1344/1049 1048/1301/1048
f 1097/1345/1097 1099/1304/1099 1007/1239/1007
f 1098/1303/1098 922/1042/922 1132/1346/1132
f 965/1118/965 1101/1306/1101 922/1042/922
f 869/969/869 1008/1176/1008 1133/1347/1133
f 1008/1176/1008 1053/1246/1053 1133/1347/1133
f 1010/1178/1010 1102/1307/1102 1134/1348/1134
f 966/1119/966 1054/1247/1054 1011/1248/1011
f 1056/1250/1056 1103/1308/1103 1135/1349/1135
f 1056/1253/1056 1135/1350/1135 1104/1309/1104
f 1058/1255/1058 1104/1309/1104 1136/1351/1136
f 1061/1258/1061 1137/1352/1137 1103/1308/1103
f 1061/1258/1061 1138/1353/1138 1137/1352/1137
f 1061/1258/1061 1016/1192/1016 1138/1353/1138
f 1059/1256/1059 974/1132/974 1139/1354/1139
f 1059/1256/1059 1139/1354/1139 1060/1257/1060
f 1014/1190/1014 1060/1257/1060 1140/1355/1140
f 1106/1311/1106 1138/1353/1138 1016/1192/1016
f 1062/1259/1062 1140/1355/1140 1141/1356/1141
f 1014/1190/1014 1140/1355/1140 1062/1259/1062
f 1106/1311/1106 1107/1312/1107 1142/1357/1142
f 1018/1194/1018 1108/1313/1108 1143/1358/1143
f 1064/1261/1064 1144/1359/1144 1063/1260/1063
f 1018/1194/1018 1143/1358/1143 1145/1360/1145
f 1018/1194/1018 1145/1360/1145 1109/1314/1109
f 1019/1196/1019 1146/1361/1146 1147/1362/1147
f 1064/1363/1064 1147/1364/1147 1144/1365/1144
f 1019/1366/1019 1147/991/1147 1064/1367/1064
f 1109/1314/1109 1145/1360/1145 1110/1315/1110
f 1110/1315/1110 1148/1368/1148 1111/1316/1111
f 1110/1315/1110 1145/1360/1145 1148/1368/1148
f 1111/1316/1111 1146/1361/1146 1112/1317/1112
f 1111/1316/1111 1149/1369/1149 1146/1361/1146
f 1112/1317/1112 1146/1361/1146 1019/1196/1019
f 985/1149/985 1066/1266/1066 983/1147/983
f 724/782/724 1113/1318/1113 1025/1202/1025
f 835/929/835 1150/1370/1150 1067/1267/1067
f 835/929/835 1024/1201/1024 1150/1370/1150
f 986/1150/986 1151/1371/1151 790/867/790
f 942/1083/942 1152/1372/1152 1069/1269/1069
f 942/1083/942 1114/1319/1114 1152/1372/1152
f 988/1152/988 1115/1320/1115 1026/1203/1026
f 1027/1204/1027 1153/1373/1153 1115/1320/1115
f 1071/1271/1071 1153/1373/1153 1027/1204/1027
f 1029/1206/1029 1031/1208/1031 1154/1374/1154
f 1031/1208/1031 1072/1272/1072 1154/1374/1154
f 1154/1374/1154 1072/1272/1072 1155/1375/1155
f 1073/1273/1073 1074/1274/1074 1156/1376/1156
f 1074/1274/1074 1075/1275/1075 1117/1322/1117
f 943/1377/943 1157/1378/1157 737/1158/737
f 1157/1378/1157 994/1159/994 737/1158/737
f 1077/1277/1077 1078/1278/1078 1158/1379/1158
f 894/1010/894 1119/1324/1119 1078/1278/1078
f 996/1161/996 1159/1380/1159 1121/1326/1121
f 1081/1281/1081 1160/1381/1160 996/1161/996
f 745/803/745 1036/1213/1036 1123/1328/1123
f 1124/1329/1124 1122/1327/1122 999/1164/999
f 1161/1382/1161 998/1284/998 1122/1383/1122
f 1162/1384/1162 1124/1385/1124 1000/1386/1000
f 1162/1384/1162 1000/1386/1000 1039/1387/1039
f 1163/1388/1163 1085/1389/1085 948/1390/948
f 1040/1217/1040 1087/1289/1087 747/806/747
f 948/1089/948 949/1090/949 1125/1330/1125
f 1044/1221/1044 671/716/671 1042/1219/1042
f 1043/1220/1043 910/1027/910 1127/1332/1127
f 1164/1391/1164 950/1223/950 1045/1222/1045
f 1165/1392/1165 953/1097/953 913/1030/913
f 1166/1393/1166 1002/1168/1002 1129/1338/1129
f 1129/1338/1129 954/1337/954 956/1104/956
f 861/1035/861 1130/1340/1130 1131/1341/1131
f 1167/1394/1167 957/1229/957 916/1033/916
f 1167/1394/1167 1091/1293/1091 957/1229/957
f 1167/1394/1167 1046/1235/1046 1091/1293/1091
f 958/1172/958 1004/1171/1004 1168/1395/1168
f 1167/1394/1167 1169/1396/1169 1046/1235/1046
f 1169/1396/1169 1092/1294/1092 1046/1235/1046
f 1170/1397/1170 1093/1343/1093 1092/1294/1092
f 1093/1343/1093 1171/1398/1171 1096/1300/1096
f 1171/1398/1171 1049/1344/1049 1096/1300/1096
f 1172/1399/1172 1049/1344/1049 1171/1398/1171
f 1172/1399/1172 1097/1345/1097 1049/1344/1049
f 1172/1399/1172 1173/1400/1173 1097/1345/1097
f 1095/1298/1095 962/1113/962 1098/1303/1098
f 1173/1400/1173 1099/1304/1099 1097/1345/1097
f 1174/1401/1174 1009/1177/1009 923/1043/923
f 1175/1402/1175 1011/1248/1011 1054/1247/1054
f 967/1179/967 1058/1255/1058 1176/1403/1176
f 1177/1404/1177 1012/1181/1012 1011/1180/1011
f 1176/1403/1176 1058/1255/1058 1136/1351/1136
f 1135/1349/1135 1103/1308/1103 1137/1352/1137
f 1178/1405/1178 1139/1354/1139 974/1132/974
f 1179/1406/1179 1060/1257/1060 1139/1354/1139
f 1178/1405/1178 1179/1406/1179 1139/1354/1139
f 1179/1406/1179 1140/1355/1140 1060/1257/1060
f 1138/1353/1138 1106/1311/1106 1180/1407/1180
f 1181/1408/1181 874/978/874 1182/1409/1182
f 973/1131/973 874/978/874 1181/1408/1181
f 1181/1408/1181 1105/1310/1105 973/1131/973
f 974/1132/974 776/851/776 1105/1310/1105
f 1179/1406/1179 1183/1410/1183 1140/1355/1140
f 1183/1410/1183 1141/1356/1141 1140/1355/1140
f 1106/1311/1106 1142/1357/1142 1180/1407/1180
f 1183/1410/1183 1184/1411/1184 1141/1356/1141
f 1184/1411/1184 1062/1259/1062 1141/1356/1141
f 1184/1411/1184 1108/1313/1108 1062/1259/1062
f 1142/1357/1142 1107/1312/1107 1185/1412/1185
f 1185/1412/1185 1063/1260/1063 1186/1413/1186
f 1107/1312/1107 1063/1260/1063 1185/1412/1185
f 1186/1413/1186 1063/1260/1063 1144/1359/1144
f 1187/1414/1187 1145/1360/1145 1143/1358/1143
f 1187/1414/1187 1188/1415/1188 1145/1360/1145
f 1188/1415/1188 1148/1368/1148 1145/1360/1145
f 1149/1369/1149 1111/1316/1111 1148/1368/1148
f 1188/1415/1188 1149/1369/1149 1148/1368/1148
f 1189/1416/1189 1146/1361/1146 1149/1369/1149
f 1147/1362/1147 1146/1361/1146 1189/1416/1189
f 1150/1417/1150 1024/1418/1024 887/1419/887
f 1190/1420/1190 986/1421/986 1067/1422/1067
f 941/1082/941 790/867/790 1151/1371/1151
f 836/930/836 1069/1269/1069 1068/1268/1068
f 1026/1203/1026 1191/1423/1191 987/1151/987
f 1029/1206/1029 1192/1424/1192 1071/1271/1071
f 1032/1209/1032 890/1006/890 1193/1425/1193
f 1030/1207/1030 1193/1425/1193 890/1006/890
f 1073/1273/1073 1194/1426/1194 1072/1272/1072
f 989/1153/989 1116/1321/1116 846/940/846
f 1073/1273/1073 1156/1376/1156 1194/1426/1194
f 1194/1426/1194 1156/1376/1156 1195/1427/1195
f 1117/1322/1117 1196/1428/1196 1074/1274/1074
f 1118/1323/1118 1197/1429/1197 1117/1322/1117
f 1118/1323/1118 1076/1276/1076 1198/1430/1198
f 1118/1323/1118 1198/1430/1198 1197/1429/1197
f 1199/1431/1199 1197/1429/1197 1198/1430/1198
f 1200/1432/1200 1076/1276/1076 1077/1277/1077
f 1200/1432/1200 1198/1430/1198 1076/1276/1076
f 1201/1433/1201 1077/1277/1077 1158/1379/1158
f 1202/1434/1202 849/943/849 994/1159/994
f 1202/1434/1202 1120/1325/1120 849/943/849
f 1203/1435/1203 1079/1279/1079 993/1157/993
f 1080/1280/1080 944/1085/944 1121/1326/1121
f 1159/1380/1159 996/1161/996 1204/1436/1204
f 1204/1436/1204 996/1161/996 1160/1381/1160
f 1205/1437/1205 1083/1438/1083 1082/1439/1082
f 1084/1285/1084 1037/1440/1037 1038/1286/1038
f 1122/1383/1122 1124/1385/1124 1161/1382/1161
f 998/1284/998 1161/1382/1161 1084/1285/1084
f 1041/1441/1041 1206/1442/1206 1086/1443/1086
f 1043/1444/1043 1127/1445/1127 1207/1446/1207
f 1001/1334/1001 950/1223/950 1126/1335/1126
f 1088/1290/1088 1208/1447/1208 1128/1336/1128
f 1128/1336/1128 1165/1392/1165 913/1030/913
f 953/1097/953 1209/1448/1209 955/1102/955
f 1209/1448/1209 1090/1292/1090 955/1102/955
f 1129/1338/1129 956/1104/956 1210/1449/1210
f 1003/1169/1003 1210/1449/1210 956/1104/956
f 1131/1341/1131 1211/1450/1211 916/1033/916
f 1003/1169/1003 917/1342/917 1212/1451/1212
f 1211/1450/1211 1167/1394/1167 916/1033/916
f 958/1172/958 1212/1451/1212 917/1342/917
f 1004/1171/1004 1213/1452/1213 1168/1395/1168
f 1169/1396/1169 1170/1397/1170 1092/1294/1092
f 1005/1173/1005 1094/1297/1094 1004/1171/1004
f 1170/1397/1170 1214/1453/1214 1093/1343/1093
f 1214/1453/1214 1171/1398/1171 1093/1343/1093
f 1095/1298/1095 1215/1454/1215 1094/1297/1094
f 1216/1455/1216 1172/1399/1172 1171/1398/1171
f 1217/1456/1217 1099/1304/1099 1173/1400/1173
f 1099/1304/1099 1217/1456/1217 1218/1457/1218
f 1099/1304/1099 1100/1305/1100 1050/1240/1050
f 922/1042/922 1101/1306/1101 1132/1346/1132
f 1052/1245/1052 1174/1401/1174 923/1043/923
f 1219/1458/1219 1133/1347/1133 1053/1246/1053
f 1053/1246/1053 1010/1178/1010 1220/1459/1220
f 1010/1178/1010 1134/1348/1134 1220/1459/1220
f 1175/1460/1175 1177/1404/1177 1011/1180/1011
f 1135/1461/1135 1137/1462/1137 1221/1463/1221
f 1104/1309/1104 1135/1350/1135 1136/1351/1136
f 1137/1352/1137 1138/1353/1138 1221/1464/1221
f 1012/1181/1012 1177/1404/1177 972/1130/972
f 972/1130/972 1182/1409/1182 874/978/874
f 1105/1310/1105 1178/1405/1178 974/1132/974
f 1184/1411/1184 1187/1414/1187 1108/1313/1108
f 1186/1413/1186 1222/1465/1222 1142/1357/1142
f 1185/1412/1185 1186/1413/1186 1142/1357/1142
f 1108/1313/1108 1187/1414/1187 1143/1358/1143
f 1186/1413/1186 1144/1359/1144 1222/1465/1222
f 1189/1416/1189 1223/1466/1223 1147/1362/1147
f 1222/1465/1222 1144/1359/1144 1223/1467/1223
f 1144/1359/1144 1147/1468/1147 1223/1467/1223
f 1188/1415/1188 1189/1416/1189 1149/1369/1149
f 984/1469/984 983/1470/983 1224/1471/1224
f 983/1147/983 1066/1266/1066 1224/1472/1224
f 1225/1473/1225 887/1419/887 984/1474/984
f 1025/1475/1025 1113/1476/1113 1226/1477/1226
f 1150/1417/1150 887/1419/887 1225/1473/1225
f 1113/1318/1113 1068/1268/1068 1226/1478/1226
f 1190/1420/1190 1067/1422/1067 1150/1417/1150
f 1153/1373/1153 1071/1271/1071 1227/1479/1227
f 1029/1206/1029 1154/1374/1154 1192/1424/1192
f 1072/1272/1072 1194/1426/1194 1155/1375/1155
f 1155/1375/1155 1194/1426/1194 1228/1480/1228
f 1228/1480/1228 1194/1426/1194 1195/1427/1195
f 1195/1427/1195 1156/1376/1156 1229/1481/1229
f 1157/1378/1157 943/1377/943 1116/1482/1116
f 1074/1274/1074 1196/1428/1196 1156/1376/1156
f 1196/1428/1196 1230/1483/1230 1156/1376/1156
f 1117/1322/1117 1231/1484/1231 1196/1428/1196
f 1117/1322/1117 1197/1429/1197 1231/1484/1231
f 1197/1429/1197 1199/1431/1199 1231/1484/1231
f 1232/1485/1232 1202/1434/1202 994/1159/994
f 1077/1277/1077 1201/1433/1201 1200/1432/1200
f 1198/1430/1198 1200/1432/1200 1199/1431/1199
f 1158/1379/1158 1233/1486/1233 1201/1433/1201
f 1080/1280/1080 1203/1435/1203 993/1157/993
f 1121/1326/1121 1234/1487/1234 1080/1280/1080
f 1159/1380/1159 1234/1487/1234 1121/1326/1121
f 1160/1488/1160 1235/1489/1235 1204/1490/1204
f 1083/1283/1083 1160/1381/1160 1081/1281/1081
f 1036/1213/1036 1236/1491/1236 1123/1328/1123
f 1082/1439/1082 1237/1492/1237 1205/1437/1205
f 1037/1440/1037 1238/1493/1238 1082/1439/1082
f 1084/1285/1084 1239/1494/1239 1037/1440/1037
f 1039/1387/1039 1240/1495/1240 1162/1384/1162
f 1039/1216/1039 1085/1287/1085 1240/1496/1240
f 1085/1389/1085 1163/1388/1163 1240/1495/1240
f 1163/1388/1163 948/1390/948 1241/1497/1241
f 1125/1330/1125 1241/1498/1241 948/1089/948
f 1043/1444/1043 1207/1446/1207 1041/1441/1041
f 1044/1221/1044 1242/1499/1242 1088/1290/1088
f 950/1223/950 1164/1391/1164 1126/1335/1126
f 1242/1499/1242 1208/1447/1208 1088/1290/1088
f 1128/1336/1128 1208/1447/1208 1165/1392/1165
f 1165/1392/1165 1208/1447/1208 1243/1500/1243
f 1165/1392/1165 1243/1500/1243 953/1097/953
f 1089/1291/1089 952/1095/952 1244/1501/1244
f 1002/1168/1002 1166/1393/1166 952/1095/952
f 1209/1448/1209 1245/1502/1245 1090/1292/1090
f 1245/1502/1245 1246/1503/1246 1090/1292/1090
f 1090/1292/1090 1246/1503/1246 1130/1340/1130
f 1246/1503/1246 1247/1504/1247 1130/1340/1130
f 1130/1340/1130 1247/1504/1247 1131/1341/1131
f 1211/1450/1211 1248/1505/1248 1167/1394/1167
f 958/1172/958 1168/1395/1168 1212/1451/1212
f 1167/1394/1167 1249/1506/1249 1169/1396/1169
f 1169/1396/1169 1249/1506/1249 1170/1397/1170
f 1250/1507/1250 1251/1508/1251 1170/1397/1170
f 1170/1397/1170 1251/1508/1251 1214/1453/1214
f 1214/1453/1214 1251/1508/1251 1171/1398/1171
f 1251/1508/1251 1216/1455/1216 1171/1398/1171
f 1172/1399/1172 1252/1509/1252 1173/1400/1173
f 1218/1457/1218 1100/1305/1100 1099/1304/1099
f 1132/1346/1132 1101/1306/1101 1253/1510/1253
f 1101/1306/1101 869/969/869 1254/1511/1254
f 869/969/869 1133/1347/1133 1254/1511/1254
f 1174/1401/1174 1054/1247/1054 1009/1177/1009
f 1053/1246/1053 1220/1459/1220 1219/1458/1219
f 1220/1459/1220 1134/1348/1134 1255/1512/1255
f 1134/1348/1134 1102/1307/1102 1255/1512/1255
f 1102/1307/1102 1256/1513/1256 1255/1512/1255
f 1054/1247/1054 1257/1514/1257 1175/1402/1175
f 1102/1307/1102 1055/1249/1055 1256/1513/1256
f 967/1121/967 1258/1515/1258 1055/1249/1055
f 967/1121/967 1176/1516/1176 1258/1515/1258
f 1221/1464/1221 1259/1517/1259 1135/1349/1135
f 1221/1464/1221 1138/1353/1138 1259/1517/1259
f 1177/1404/1177 1260/1518/1260 972/1130/972
f 972/1130/972 1260/1518/1260 1182/1409/1182
f 1180/1407/1180 1261/1519/1261 1138/1353/1138
f 1178/1405/1178 1262/1520/1262 1179/1406/1179
f 1179/1406/1179 1262/1520/1262 1183/1410/1183
f 1184/1411/1184 1183/1410/1183 1263/1521/1263
f 1184/1411/1184 1263/1521/1263 1187/1414/1187
f 1188/1415/1188 1187/1414/1187 1264/1522/1264
f 1188/1415/1188 1265/1523/1265 1189/1416/1189
f 1223/1467/1223 1265/1524/1265 1222/1465/1222
f 1189/1416/1189 1265/1523/1265 1223/1466/1223
f 984/1474/984 1266/1525/1266 1267/1526/1267
f 1066/1527/1066 1268/1528/1268 1224/1529/1224
f 1268/1528/1268 1269/1530/1269 1224/1529/1224
f 984/1474/984 1267/1526/1267 1225/1473/1225
f 984/1531/984 1224/1532/1224 1266/1533/1266
f 1025/1202/1025 1268/1534/1268 1066/1266/1066
f 1025/1202/1025 1226/1478/1226 1268/1534/1268
f 1150/1417/1150 1225/1473/1225 1270/1535/1270
f 1068/1268/1068 1271/1536/1271 1226/1478/1226
f 1068/1537/1068 1272/1538/1272 1271/1539/1271
f 1068/1537/1068 1069/1540/1069 1272/1538/1272
f 986/1421/986 1273/1541/1273 1151/1542/1151
f 1151/1542/1151 1274/1543/1274 941/1544/941
f 941/1082/941 1274/1545/1274 1070/1270/1070
f 1114/1319/1114 987/1151/987 1191/1423/1191
f 1026/1203/1026 1115/1320/1115 1191/1423/1191
f 1115/1320/1115 1275/1546/1275 1191/1423/1191
f 1070/1270/1070 1276/1547/1276 1028/1205/1028
f 1115/1320/1115 1153/1373/1153 1275/1546/1275
f 1071/1271/1071 1192/1424/1192 1227/1479/1227
f 1277/1548/1277 989/1549/989 1032/1550/1032
f 1116/1482/1116 1278/1551/1278 1157/1378/1157
f 1229/1481/1229 1230/1483/1230 1279/1552/1279
f 1229/1481/1229 1156/1376/1156 1230/1483/1230
f 1157/1378/1157 1280/1553/1280 994/1159/994
f 1280/1553/1280 1232/1485/1232 994/1159/994
f 1230/1483/1230 1281/1554/1281 1282/1555/1282
f 1230/1483/1230 1196/1428/1196 1281/1554/1281
f 1196/1428/1196 1231/1484/1231 1281/1554/1281
f 1281/1554/1281 1231/1484/1231 1283/1556/1283
f 1199/1431/1199 1284/1557/1284 1231/1484/1231
f 1231/1484/1231 1284/1557/1284 1283/1556/1283
f 1232/1485/1232 1120/1325/1120 1202/1434/1202
f 1200/1432/1200 1285/1558/1285 1199/1431/1199
f 1199/1431/1199 1285/1558/1285 1286/1559/1286
f 1199/1431/1199 1286/1559/1286 1284/1557/1284
f 1286/1559/1286 1285/1558/1285 1287/1560/1287
f 1078/1278/1078 1119/1324/1119 1288/1561/1288
f 1119/1324/1119 1079/1279/1079 1289/1562/1289
f 1120/1325/1120 1290/1563/1290 1036/1213/1036
f 1234/1487/1234 1291/1564/1291 1080/1280/1080
f 1204/1436/1204 1234/1487/1234 1159/1380/1159
f 1204/1490/1204 1235/1489/1235 1292/1565/1292
f 1083/1438/1083 1293/1566/1293 1160/1488/1160
f 1160/1488/1160 1293/1566/1293 1235/1489/1235
f 1205/1437/1205 1293/1566/1293 1083/1438/1083
f 1082/1439/1082 1294/1567/1294 1237/1492/1237
f 1123/1328/1123 1295/1568/1295 1040/1217/1040
f 1161/1382/1161 1296/1569/1296 1084/1285/1084
f 1297/1570/1297 1124/1385/1124 1162/1384/1162
f 1040/1217/1040 1295/1568/1295 1298/1571/1298
f 1298/1571/1298 1087/1289/1087 1040/1217/1040
f 1125/1572/1125 1086/1573/1086 1299/1574/1299
f 1206/1442/1206 1300/1575/1300 1086/1443/1086
f 1206/1442/1206 1301/1576/1301 1300/1575/1300
f 1042/1219/1042 1302/1577/1302 1044/1221/1044
f 1302/1577/1302 1303/1578/1303 1044/1221/1044
f 1041/1441/1041 1207/1446/1207 1206/1442/1206
f 1127/1445/1127 1304/1579/1304 1305/1580/1305
f 1127/1445/1127 1126/1335/1126 1304/1579/1304
f 1243/1500/1243 1208/1447/1208 1306/1581/1306
f 1089/1291/1089 1244/1501/1244 951/1224/951
f 953/1097/953 1243/1500/1243 1307/1582/1307
f 953/1097/953 1307/1582/1307 1209/1448/1209
f 1166/1393/1166 1308/1583/1308 952/1095/952
f 1247/1504/1247 1246/1503/1246 1309/1584/1309
f 1247/1504/1247 1309/1584/1309 1131/1341/1131
f 1309/1584/1309 1310/1585/1310 1131/1341/1131
f 1210/1449/1210 1003/1169/1003 1311/1586/1311
f 1131/1341/1131 1310/1585/1310 1211/1450/1211
f 1248/1505/1248 1249/1506/1249 1167/1394/1167
f 1249/1506/1249 1312/1587/1312 1170/1397/1170
f 1004/1171/1004 1313/1588/1313 1213/1452/1213
f 1004/1171/1004 1094/1297/1094 1313/1588/1313
f 1250/1507/1250 1170/1397/1170 1312/1587/1312
f 1251/1508/1251 1250/1507/1250 1314/1589/1314
f 1251/1508/1251 1315/1590/1315 1216/1455/1216
f 1172/1399/1172 1216/1455/1216 1316/1591/1316
f 1217/1456/1217 1173/1400/1173 1252/1509/1252
f 1317/1592/1317 1098/1303/1098 1253/1510/1253
f 1098/1303/1098 1132/1346/1132 1253/1510/1253
f 1318/1593/1318 1052/1245/1052 1100/1305/1100
f 1318/1593/1318 1174/1401/1174 1052/1245/1052
f 1319/1594/1319 1257/1514/1257 1054/1247/1054
f 1320/1595/1320 1055/1249/1055 1258/1515/1258
f 1256/1513/1256 1055/1249/1055 1320/1595/1320
f 1321/1596/1321 1258/1515/1258 1176/1516/1176
f 1322/1597/1322 1136/1351/1136 1135/1350/1135
f 1321/1598/1321 1176/1403/1176 1136/1351/1136
f 1321/1599/1321 1136/1600/1136 1322/1601/1322
f 1323/1602/1323 1135/1349/1135 1259/1517/1259
f 1259/1517/1259 1138/1353/1138 1323/1602/1323
f 1323/1602/1323 1138/1353/1138 1261/1519/1261
f 1324/1603/1324 1262/1520/1262 1178/1405/1178
f 1324/1603/1324 1183/1410/1183 1262/1520/1262
f 1182/1604/1182 1325/1605/1325 1181/1606/1181
f 1325/1607/1325 1326/1608/1326 1181/1408/1181
f 1327/1609/1327 1178/1405/1178 1105/1310/1105
f 1328/1610/1328 1329/1611/1329 1263/1521/1263
f 1329/1611/1329 1187/1414/1187 1263/1521/1263
f 1329/1611/1329 1330/1612/1330 1187/1414/1187
f 1331/1613/1331 1187/1414/1187 1330/1612/1330
f 1329/1611/1329 1331/1613/1331 1330/1612/1330
f 1331/1613/1331 1264/1522/1264 1187/1414/1187
f 1264/1522/1264 1332/1614/1332 1188/1415/1188
f 1332/1614/1332 1265/1523/1265 1188/1415/1188
f 1267/1526/1267 1266/1525/1266 1333/1615/1333
f 1334/1616/1334 1224/1529/1224 1269/1530/1269
f 1268/1528/1268 1226/1617/1226 1335/1618/1335
f 1226/1617/1226 1336/1619/1336 1335/1618/1335
f 1270/1535/1270 1225/1473/1225 1337/1620/1337
f 1226/1617/1226 1271/1539/1271 1336/1619/1336
f 1190/1420/1190 1150/1417/1150 1270/1535/1270
f 1338/1621/1338 1190/1420/1190 1270/1535/1270
f 1338/1621/1338 1273/1541/1273 986/1421/986
f 1190/1420/1190 1338/1621/1338 986/1421/986
f 1069/1540/1069 1152/1622/1152 1272/1538/1272
f 1273/1541/1273 1274/1543/1274 1151/1542/1151
f 1070/1623/1070 1274/1543/1274 1276/1624/1276
f 1339/1625/1339 1191/1423/1191 1275/1546/1275
f 1340/1626/1340 1030/1627/1030 1276/1624/1276
f 1276/1624/1276 1030/1627/1030 1028/1628/1028
f 1341/1629/1341 1153/1373/1153 1227/1479/1227
f 1030/1627/1030 1340/1626/1340 1193/1630/1193
f 1277/1548/1277 1193/1631/1193 1340/1632/1340
f 1192/1424/1192 1154/1374/1154 1342/1633/1342
f 1193/1631/1193 1277/1548/1277 1032/1550/1032
f 1277/1548/1277 1343/1634/1343 989/1549/989
f 1344/1635/1344 989/1549/989 1343/1634/1343
f 989/1549/989 1344/1635/1344 1116/1482/1116
f 1228/1480/1228 1195/1427/1195 1345/1636/1345
f 1278/1551/1278 1116/1482/1116 1344/1635/1344
f 1195/1427/1195 1229/1481/1229 1345/1636/1345
f 1345/1636/1345 1229/1481/1229 1279/1552/1279
f 1346/1637/1346 1280/1553/1280 1157/1378/1157
f 1346/1637/1346 1157/1378/1157 1278/1551/1278
f 1279/1552/1279 1230/1483/1230 1282/1555/1282
f 1280/1553/1280 1347/1638/1347 1232/1485/1232
f 1281/1554/1281 1283/1556/1283 1282/1555/1282
f 1283/1556/1283 1284/1557/1284 1348/1639/1348
f 1232/1485/1232 1290/1563/1290 1120/1325/1120
f 1284/1557/1284 1286/1559/1286 1349/1640/1349
f 1284/1557/1284 1349/1640/1349 1348/1639/1348
f 1200/1432/1200 1350/1641/1350 1285/1558/1285
f 1288/1561/1288 1158/1379/1158 1078/1278/1078
f 1351/1642/1351 1233/1486/1233 1158/1379/1158
f 1350/1641/1350 1200/1432/1200 1352/1643/1352
f 1350/1641/1350 1287/1560/1287 1285/1558/1285
f 1287/1560/1287 1349/1640/1349 1286/1559/1286
f 1290/1563/1290 1236/1491/1236 1036/1213/1036
f 1289/1562/1289 1079/1279/1079 1203/1435/1203
f 1353/1644/1353 1203/1435/1203 1080/1280/1080
f 1291/1564/1291 1354/1645/1354 1080/1280/1080
f 1355/1646/1355 1234/1487/1234 1204/1436/1204
f 1295/1568/1295 1123/1328/1123 1236/1491/1236
f 1237/1492/1237 1293/1566/1293 1205/1437/1205
f 1294/1567/1294 1356/1647/1356 1237/1492/1237
f 1238/1493/1238 1294/1567/1294 1082/1439/1082
f 1239/1494/1239 1357/1648/1357 1037/1440/1037
f 1357/1648/1357 1238/1493/1238 1037/1440/1037
f 1296/1569/1296 1239/1494/1239 1084/1285/1084
f 1358/1649/1358 1161/1382/1161 1124/1385/1124
f 1358/1649/1358 1124/1385/1124 1297/1570/1297
f 1359/1650/1359 1162/1384/1162 1240/1495/1240
f 1298/1571/1298 1360/1651/1360 1087/1289/1087
f 1361/1652/1361 1163/1388/1163 1241/1497/1241
f 1362/1653/1362 1125/1572/1125 1299/1574/1299
f 1363/1654/1363 1087/1289/1087 1360/1651/1360
f 1087/1289/1087 1363/1654/1363 1042/1219/1042
f 1299/1574/1299 1086/1573/1086 1300/1655/1300
f 1302/1577/1302 1042/1219/1042 1363/1654/1363
f 1303/1578/1303 1242/1499/1242 1044/1221/1044
f 1207/1446/1207 1127/1445/1127 1305/1580/1305
f 1364/1656/1364 1207/1446/1207 1305/1580/1305
f 1304/1579/1304 1126/1335/1126 1365/1657/1365
f 1366/1658/1366 1242/1499/1242 1367/1659/1367
f 1366/1658/1366 1208/1447/1208 1242/1499/1242
f 1126/1335/1126 1164/1391/1164 1368/1660/1368
f 1369/1661/1369 951/1224/951 1244/1501/1244
f 1307/1582/1307 1370/1662/1370 1209/1448/1209
f 1370/1662/1370 1245/1502/1245 1209/1448/1209
f 1308/1583/1308 1166/1393/1166 1371/1663/1371
f 1003/1169/1003 1212/1451/1212 1311/1586/1311
f 1310/1585/1310 1248/1505/1248 1211/1450/1211
f 1372/1664/1372 1249/1506/1249 1248/1505/1248
f 1312/1587/1312 1314/1589/1314 1250/1507/1250
f 1315/1590/1315 1316/1591/1316 1216/1455/1216
f 1172/1399/1172 1316/1591/1316 1252/1509/1252
f 1095/1298/1095 1098/1303/1098 1215/1454/1215
f 1215/1454/1215 1098/1303/1098 1317/1592/1317
f 1217/1456/1217 1373/1665/1373 1218/1457/1218
f 1317/1592/1317 1253/1510/1253 1374/1666/1374
f 1101/1306/1101 1375/1667/1375 1253/1510/1253
f 1101/1306/1101 1254/1511/1254 1375/1667/1375
f 1254/1511/1254 1133/1347/1133 1376/1668/1376
f 1376/1668/1376 1133/1347/1133 1219/1458/1219
f 1319/1594/1319 1054/1247/1054 1174/1401/1174
f 1320/1595/1320 1258/1515/1258 1321/1596/1321
f 1257/1514/1257 1377/1669/1377 1175/1402/1175
f 1377/1670/1377 1177/1404/1177 1175/1460/1175
f 1135/1350/1135 1378/1671/1378 1379/1672/1379
f 1135/1349/1135 1323/1602/1323 1378/1673/1378
f 1135/1350/1135 1379/1672/1379 1322/1597/1322
f 1177/1404/1177 1380/1674/1380 1260/1518/1260
f 1323/1602/1323 1261/1519/1261 1378/1673/1378
f 1180/1407/1180 1381/1675/1381 1261/1519/1261
f 1380/1674/1380 1182/1409/1182 1260/1518/1260
f 1382/1676/1382 1183/1410/1183 1324/1603/1324
f 1142/1357/1142 1383/1677/1383 1381/1675/1381
f 1180/1407/1180 1142/1357/1142 1381/1675/1381
f 1182/1409/1182 1384/1678/1384 1325/1607/1325
f 1325/1607/1325 1384/1678/1384 1326/1608/1326
f 1327/1609/1327 1105/1310/1105 1385/1679/1385
f 1327/1609/1327 1324/1603/1324 1178/1405/1178
f 1382/1676/1382 1386/1680/1386 1183/1410/1183
f 1183/1410/1183 1328/1610/1328 1263/1521/1263
f 1386/1680/1386 1328/1610/1328 1183/1410/1183
f 1181/1408/1181 1326/1608/1326 1387/1681/1387
f 1181/1408/1181 1387/1681/1387 1105/1310/1105
f 1142/1357/1142 1222/1465/1222 1383/1677/1383
f 1331/1613/1331 1332/1614/1332 1264/1522/1264
f 1388/1682/1388 1265/1523/1265 1332/1614/1332
f 1222/1465/1222 1265/1524/1265 1388/1683/1388
f 1266/1525/1266 1389/1684/1389 1333/1615/1333
f 1224/1529/1224 1334/1616/1334 1389/1684/1389
f 1225/1473/1225 1390/1685/1390 1337/1620/1337
f 1390/1685/1390 1225/1473/1225 1267/1526/1267
f 1390/1685/1390 1267/1526/1267 1333/1615/1333
f 1389/1684/1389 1266/1525/1266 1224/1529/1224
f 1269/1530/1269 1268/1528/1268 1335/1618/1335
f 1335/1618/1335 1336/1619/1336 1391/1686/1391
f 1338/1621/1338 1270/1535/1270 1392/1687/1392
f 1392/1687/1392 1270/1535/1270 1337/1620/1337
f 1271/1539/1271 1393/1688/1393 1336/1619/1336
f 1393/1688/1393 1271/1539/1271 1272/1538/1272
f 1272/1538/1272 1152/1622/1152 1393/1688/1393
f 1273/1541/1273 1394/1689/1394 1274/1543/1274
f 1395/1690/1395 1152/1622/1152 1114/1691/1114
f 1395/1690/1395 1114/1691/1114 1396/1692/1396
f 1396/1692/1396 1114/1691/1114 1191/1693/1191
f 1191/1693/1191 1339/1694/1339 1397/1695/1397
f 1394/1689/1394 1398/1696/1398 1276/1624/1276
f 1394/1689/1394 1276/1624/1276 1274/1543/1274
f 1275/1546/1275 1153/1373/1153 1341/1629/1341
f 1399/1697/1399 1340/1626/1340 1276/1624/1276
f 1400/1698/1400 1227/1479/1227 1192/1424/1192
f 1342/1633/1342 1154/1374/1154 1401/1699/1401
f 1277/1548/1277 1402/1700/1402 1343/1634/1343
f 1154/1374/1154 1155/1375/1155 1401/1699/1401
f 1401/1699/1401 1155/1375/1155 1403/1701/1403
f 1402/1700/1402 1344/1635/1344 1343/1634/1343
f 1155/1375/1155 1228/1480/1228 1403/1701/1403
f 1403/1701/1403 1228/1480/1228 1404/1702/1404
f 1228/1480/1228 1345/1636/1345 1404/1702/1404
f 1405/1703/1405 1346/1637/1346 1278/1551/1278
f 1345/1636/1345 1279/1552/1279 1406/1704/1406
f 1279/1552/1279 1282/1555/1282 1407/1705/1407
f 1282/1555/1282 1283/1556/1283 1408/1706/1408
f 1283/1556/1283 1348/1639/1348 1409/1707/1409
f 1283/1556/1283 1409/1707/1409 1410/1708/1410
f 1348/1639/1348 1349/1640/1349 1409/1707/1409
f 1409/1707/1409 1349/1640/1349 1411/1709/1411
f 1349/1640/1349 1412/1710/1412 1411/1709/1411
f 1201/1433/1201 1233/1486/1233 1413/1711/1413
f 1201/1433/1201 1413/1711/1413 1200/1432/1200
f 1352/1643/1352 1414/1712/1414 1350/1641/1350
f 1349/1640/1349 1287/1560/1287 1412/1710/1412
f 1158/1379/1158 1288/1561/1288 1351/1642/1351
f 1351/1642/1351 1415/1713/1415 1233/1486/1233
f 1350/1641/1350 1414/1712/1414 1416/1714/1416
f 1350/1641/1350 1416/1714/1416 1287/1560/1287
f 1289/1562/1289 1288/1561/1288 1119/1324/1119
f 1417/1715/1417 1236/1491/1236 1290/1563/1290
f 1080/1280/1080 1354/1645/1354 1353/1644/1353
f 1417/1715/1417 1295/1568/1295 1236/1491/1236
f 1293/1566/1293 1292/1565/1292 1235/1489/1235
f 1418/1716/1418 1294/1567/1294 1238/1493/1238
f 1357/1648/1357 1418/1716/1418 1238/1493/1238
f 1295/1568/1295 1419/1717/1419 1298/1571/1298
f 1161/1382/1161 1358/1649/1358 1296/1569/1296
f 1359/1650/1359 1297/1570/1297 1162/1384/1162
f 1361/1652/1361 1359/1650/1359 1240/1495/1240
f 1363/1654/1363 1360/1651/1360 1298/1571/1298
f 1240/1495/1240 1163/1388/1163 1361/1652/1361
f 1362/1653/1362 1241/1497/1241 1125/1572/1125
f 1206/1442/1206 1207/1446/1207 1301/1576/1301
f 1303/1578/1303 1367/1659/1367 1242/1499/1242
f 1208/1447/1208 1366/1658/1366 1306/1581/1306
f 1045/1222/1045 951/1224/951 1420/1718/1420
f 1243/1500/1243 1306/1581/1306 1307/1582/1307
f 952/1095/952 1308/1583/1308 1244/1501/1244
f 1421/1719/1421 1246/1503/1246 1245/1502/1245
f 1421/1719/1421 1422/1720/1422 1246/1503/1246
f 1246/1503/1246 1422/1720/1422 1309/1584/1309
f 1210/1449/1210 1311/1586/1311 1423/1721/1423
f 1310/1585/1310 1424/1722/1424 1248/1505/1248
f 1424/1722/1424 1372/1664/1372 1248/1505/1248
f 1212/1451/1212 1168/1395/1168 1425/1723/1425
f 1168/1395/1168 1213/1452/1213 1425/1723/1425
f 1426/1724/1426 1249/1506/1249 1372/1664/1372
f 1425/1723/1425 1213/1452/1213 1427/1725/1427
f 1251/1508/1251 1314/1589/1314 1315/1590/1315
f 1094/1297/1094 1215/1454/1215 1428/1726/1428
f 1316/1591/1316 1429/1727/1429 1252/1509/1252
f 1215/1454/1215 1317/1592/1317 1428/1726/1428
f 1253/1510/1253 1375/1667/1375 1374/1666/1374
f 1318/1593/1318 1430/1728/1430 1174/1401/1174
f 1219/1458/1219 1431/1729/1431 1376/1668/1376
f 1320/1595/1320 1432/1730/1432 1256/1513/1256
f 1320/1595/1320 1433/1731/1433 1432/1730/1432
f 1257/1732/1257 1434/1733/1434 1377/1670/1377
f 1377/1670/1377 1434/1733/1434 1177/1404/1177
f 1378/1671/1378 1435/1734/1435 1379/1672/1379
f 1261/1519/1261 1381/1675/1381 1378/1673/1378
f 1182/1409/1182 1380/1674/1380 1436/1735/1436
f 1383/1677/1383 1437/1736/1437 1381/1675/1381
f 1182/1409/1182 1436/1735/1436 1384/1678/1384
f 1324/1603/1324 1327/1609/1327 1438/1737/1438
f 1324/1603/1324 1439/1738/1439 1382/1676/1382
f 1324/1603/1324 1438/1737/1438 1439/1738/1439
f 1382/1676/1382 1439/1738/1439 1386/1680/1386
f 1386/1680/1386 1439/1738/1439 1440/1739/1440
f 1386/1680/1386 1441/1740/1441 1328/1610/1328
f 1386/1680/1386 1440/1739/1440 1441/1740/1441
f 1105/1310/1105 1442/1741/1442 1385/1679/1385
f 1105/1310/1105 1387/1681/1387 1442/1741/1442
f 1328/1610/1328 1443/1742/1443 1329/1611/1329
f 1328/1610/1328 1441/1740/1441 1443/1742/1443
f 1329/1611/1329 1444/1743/1444 1331/1613/1331
f 1222/1465/1222 1388/1683/1388 1445/1744/1445
f 1383/1677/1383 1222/1465/1222 1445/1744/1445
f 1333/1615/1333 1389/1684/1389 1446/1745/1446
f 1390/1685/1390 1446/1745/1446 1447/1746/1447
f 1333/1615/1333 1446/1745/1446 1390/1685/1390
f 1269/1530/1269 1448/1747/1448 1334/1616/1334
f 1335/1618/1335 1448/1747/1448 1269/1530/1269
f 1336/1619/1336 1393/1688/1393 1391/1686/1391
f 1273/1541/1273 1449/1748/1449 1450/1749/1450
f 1338/1621/1338 1449/1748/1449 1273/1541/1273
f 1152/1622/1152 1451/1750/1451 1393/1688/1393
f 1395/1690/1395 1451/1750/1451 1152/1622/1152
f 1273/1541/1273 1450/1749/1450 1394/1689/1394
f 1396/1692/1396 1452/1751/1452 1395/1690/1395
f 1191/1693/1191 1397/1695/1397 1396/1692/1396
f 1341/1629/1341 1453/1752/1453 1275/1546/1275
f 1276/1624/1276 1398/1696/1398 1399/1697/1399
f 1341/1629/1341 1227/1479/1227 1454/1753/1454
f 1227/1479/1227 1400/1698/1400 1454/1753/1454
f 1400/1698/1400 1192/1424/1192 1342/1633/1342
f 1340/1632/1340 1455/1754/1455 1277/1548/1277
f 1277/1548/1277 1455/1754/1455 1402/1700/1402
f 1404/1702/1404 1345/1636/1345 1456/1755/1456
f 1344/1635/1344 1457/1756/1457 1278/1551/1278
f 1278/1551/1278 1457/1756/1457 1405/1703/1405
f 1345/1636/1345 1406/1704/1406 1458/1757/1458
f 1279/1552/1279 1407/1705/1407 1406/1704/1406
f 1346/1637/1346 1347/1638/1347 1280/1553/1280
f 1282/1555/1282 1408/1706/1408 1407/1705/1407
f 1407/1705/1407 1408/1706/1408 1459/1758/1459
f 1347/1638/1347 1460/1759/1460 1232/1485/1232
f 1408/1706/1408 1283/1556/1283 1410/1708/1410
f 1461/1760/1461 1290/1563/1290 1232/1485/1232
f 1460/1759/1460 1461/1760/1461 1232/1485/1232
f 1409/1707/1409 1462/1761/1462 1410/1708/1410
f 1409/1707/1409 1411/1709/1411 1462/1761/1462
f 1233/1486/1233 1463/1762/1463 1413/1711/1413
f 1200/1432/1200 1413/1711/1413 1352/1643/1352
f 1416/1714/1416 1464/1763/1464 1287/1560/1287
f 1412/1710/1412 1287/1560/1287 1464/1763/1464
f 1412/1710/1412 1464/1763/1464 1465/1764/1465
f 1461/1760/1461 1417/1715/1417 1290/1563/1290
f 1203/1435/1203 1353/1644/1353 1289/1562/1289
f 1354/1645/1354 1466/1765/1466 1353/1644/1353
f 1291/1564/1291 1467/1766/1467 1354/1645/1354
f 1234/1487/1234 1355/1646/1355 1291/1564/1291
f 1204/1490/1204 1292/1565/1292 1355/1767/1355
f 1295/1568/1295 1417/1715/1417 1419/1717/1419
f 1293/1566/1293 1237/1492/1237 1468/1768/1468
f 1296/1569/1296 1357/1648/1357 1239/1494/1239
f 1297/1570/1297 1469/1769/1469 1358/1649/1358
f 1298/1571/1298 1419/1717/1419 1470/1770/1470
f 1298/1571/1298 1470/1770/1470 1363/1654/1363
f 1362/1653/1362 1471/1771/1471 1241/1497/1241
f 1363/1654/1363 1472/1772/1472 1302/1577/1302
f 1302/1577/1302 1473/1773/1473 1303/1578/1303
f 1301/1576/1301 1207/1446/1207 1364/1656/1364
f 1305/1580/1305 1474/1774/1474 1364/1656/1364
f 1303/1578/1303 1475/1775/1475 1367/1659/1367
f 1045/1222/1045 1420/1718/1420 1164/1391/1164
f 951/1224/951 1369/1661/1369 1420/1718/1420
f 1307/1582/1307 1476/1776/1476 1370/1662/1370
f 1370/1662/1370 1421/1719/1421 1245/1502/1245
f 1476/1776/1476 1421/1719/1421 1370/1662/1370
f 1210/1449/1210 1477/1777/1477 1129/1338/1129
f 1309/1584/1309 1422/1720/1422 1310/1585/1310
f 1422/1720/1422 1478/1778/1478 1310/1585/1310
f 1478/1778/1478 1424/1722/1424 1310/1585/1310
f 1311/1586/1311 1212/1451/1212 1479/1779/1479
f 1249/1506/1249 1426/1724/1426 1312/1587/1312
f 1426/1724/1426 1480/1780/1480 1312/1587/1312
f 1312/1587/1312 1480/1780/1480 1314/1589/1314
f 1313/1588/1313 1094/1297/1094 1428/1726/1428
f 1315/1590/1315 1481/1781/1481 1316/1591/1316
f 1481/1781/1481 1429/1727/1429 1316/1591/1316
f 1317/1592/1317 1374/1666/1374 1428/1726/1428
f 1100/1305/1100 1218/1457/1218 1318/1593/1318
f 1430/1728/1430 1319/1594/1319 1174/1401/1174
f 1219/1458/1219 1220/1459/1220 1431/1729/1431
f 1434/1733/1434 1380/1674/1380 1177/1404/1177
f 1482/1782/1482 1321/1598/1321 1322/1597/1322
f 1378/1671/1378 1483/1783/1483 1435/1734/1435
f 1379/1672/1379 1482/1782/1482 1322/1597/1322
f 1379/1672/1379 1435/1734/1435 1482/1782/1482
f 1437/1784/1437 1484/1785/1484 1381/1786/1381
f 1378/1673/1378 1381/1675/1381 1483/1787/1483
f 1381/1786/1381 1484/1785/1484 1483/1783/1483
f 1383/1677/1383 1485/1788/1485 1437/1736/1437
f 1327/1609/1327 1486/1789/1486 1438/1737/1438
f 1487/1790/1487 1486/1789/1486 1327/1609/1327
f 1438/1737/1438 1486/1789/1486 1488/1791/1488
f 1438/1737/1438 1488/1791/1488 1439/1738/1439
f 1441/1740/1441 1440/1739/1440 1489/1792/1489
f 1489/1792/1489 1443/1742/1443 1441/1740/1441
f 1383/1677/1383 1445/1744/1445 1485/1788/1485
f 1384/1678/1384 1436/1735/1436 1326/1608/1326
f 1326/1608/1326 1490/1793/1490 1387/1681/1387
f 1442/1741/1442 1491/1794/1491 1385/1679/1385
f 1385/1679/1385 1491/1794/1491 1492/1795/1492
f 1327/1609/1327 1385/1679/1385 1487/1790/1487
f 1385/1679/1385 1492/1795/1492 1487/1790/1487
f 1487/1790/1487 1492/1795/1492 1486/1789/1486
f 1486/1789/1486 1492/1795/1492 1488/1791/1488
f 1329/1611/1329 1443/1742/1443 1444/1743/1444
f 1490/1793/1490 1493/1796/1493 1387/1681/1387
f 1387/1681/1387 1493/1796/1493 1442/1741/1442
f 1444/1743/1444 1443/1742/1443 1331/1613/1331
f 1443/1742/1443 1494/1797/1494 1331/1613/1331
f 1495/1798/1495 1331/1799/1331 1496/1800/1496
f 1332/1614/1332 1331/1613/1331 1495/1801/1495
f 1388/1682/1388 1332/1614/1332 1495/1801/1495
f 1388/1683/1388 1495/1802/1495 1445/1744/1445
f 1390/1685/1390 1447/1746/1447 1497/1803/1497
f 1334/1616/1334 1448/1747/1448 1389/1684/1389
f 1448/1747/1448 1335/1618/1335 1498/1804/1498
f 1390/1685/1390 1497/1803/1497 1337/1620/1337
f 1335/1618/1335 1499/1805/1499 1498/1804/1498
f 1335/1618/1335 1391/1686/1391 1499/1805/1499
f 1337/1620/1337 1500/1806/1500 1392/1687/1392
f 1391/1686/1391 1393/1688/1393 1501/1807/1501
f 1394/1689/1394 1450/1749/1450 1502/1808/1502
f 1396/1692/1396 1397/1695/1397 1452/1751/1452
f 1339/1694/1339 1503/1809/1503 1397/1695/1397
f 1339/1694/1339 1504/1810/1504 1503/1809/1503
f 1394/1689/1394 1505/1811/1505 1398/1696/1398
f 1275/1812/1275 1504/1810/1504 1339/1694/1339
f 1398/1696/1398 1505/1811/1505 1399/1697/1399
f 1341/1629/1341 1454/1753/1454 1453/1752/1453
f 1403/1701/1403 1506/1813/1506 1401/1699/1401
f 1402/1700/1402 1507/1814/1507 1344/1635/1344
f 1344/1635/1344 1507/1814/1507 1457/1756/1457
f 1404/1702/1404 1456/1755/1456 1508/1815/1508
f 1456/1755/1456 1345/1636/1345 1458/1757/1458
f 1458/1757/1458 1406/1704/1406 1509/1816/1509
f 1406/1704/1406 1510/1817/1510 1509/1816/1509
f 1346/1637/1346 1511/1818/1511 1347/1638/1347
f 1406/1704/1406 1407/1705/1407 1510/1817/1510
f 1407/1705/1407 1459/1758/1459 1510/1817/1510
f 1347/1638/1347 1511/1818/1511 1460/1759/1460
f 1459/1758/1459 1408/1706/1408 1512/1819/1512
f 1512/1819/1512 1408/1706/1408 1410/1708/1410
f 1462/1761/1462 1513/1820/1513 1410/1708/1410
f 1411/1709/1411 1514/1821/1514 1462/1761/1462
f 1412/1710/1412 1465/1764/1465 1411/1709/1411
f 1417/1715/1417 1461/1760/1461 1515/1822/1515
f 1464/1763/1464 1416/1714/1416 1516/1823/1516
f 1416/1714/1416 1414/1712/1414 1517/1824/1517
f 1515/1822/1515 1518/1825/1518 1417/1715/1417
f 1467/1766/1467 1466/1765/1466 1354/1645/1354
f 1466/1765/1466 1467/1766/1467 1353/1644/1353
f 1355/1646/1355 1519/1826/1519 1291/1564/1291
f 1291/1564/1291 1519/1826/1519 1467/1766/1467
f 1417/1715/1417 1518/1825/1518 1419/1717/1419
f 1520/1827/1520 1292/1565/1292 1293/1566/1293
f 1356/1647/1356 1468/1768/1468 1237/1492/1237
f 1294/1567/1294 1418/1716/1418 1356/1647/1356
f 1521/1828/1521 1470/1770/1470 1419/1717/1419
f 1470/1770/1470 1522/1829/1522 1363/1654/1363
f 1363/1654/1363 1522/1829/1522 1472/1772/1472
f 1299/1574/1299 1523/1830/1523 1362/1653/1362
f 1299/1831/1299 1300/1832/1300 1523/1833/1523
f 1472/1772/1472 1473/1773/1473 1302/1577/1302
f 1301/1576/1301 1524/1834/1524 1300/1575/1300
f 1303/1578/1303 1473/1773/1473 1475/1775/1475
f 1475/1775/1475 1525/1835/1525 1367/1659/1367
f 1525/1835/1525 1526/1836/1526 1367/1659/1367
f 1367/1659/1367 1526/1836/1526 1366/1658/1366
f 1366/1658/1366 1526/1836/1526 1527/1837/1527
f 1306/1581/1306 1527/1837/1527 1528/1838/1528
f 1366/1658/1366 1527/1837/1527 1306/1581/1306
f 1306/1581/1306 1528/1838/1528 1307/1582/1307
f 1307/1582/1307 1528/1838/1528 1476/1776/1476
f 1129/1338/1129 1371/1663/1371 1166/1393/1166
f 1129/1338/1129 1529/1839/1529 1371/1663/1371
f 1421/1719/1421 1530/1840/1530 1422/1720/1422
f 1210/1449/1210 1423/1721/1423 1477/1777/1477
f 1422/1720/1422 1531/1841/1531 1478/1778/1478
f 1531/1841/1531 1532/1842/1532 1478/1778/1478
f 1311/1586/1311 1479/1779/1479 1423/1721/1423
f 1478/1778/1478 1532/1842/1532 1424/1722/1424
f 1212/1451/1212 1425/1723/1425 1479/1779/1479
f 1372/1664/1372 1424/1722/1424 1426/1724/1426
f 1533/1843/1533 1480/1780/1480 1426/1724/1426
f 1252/1509/1252 1429/1727/1429 1534/1844/1534
f 1252/1509/1252 1534/1844/1534 1217/1456/1217
f 1373/1665/1373 1535/1845/1535 1218/1457/1218
f 1218/1457/1218 1535/1845/1535 1536/1846/1536
f 1254/1511/1254 1376/1668/1376 1375/1667/1375
f 1218/1457/1218 1536/1846/1536 1318/1593/1318
f 1319/1594/1319 1537/1847/1537 1257/1514/1257
f 1537/1847/1537 1434/1848/1434 1257/1514/1257
f 1320/1595/1320 1538/1849/1538 1433/1731/1433
f 1320/1595/1320 1321/1596/1321 1538/1849/1538
f 1435/1734/1435 1483/1783/1483 1482/1782/1482
f 1437/1784/1437 1539/1850/1539 1540/1851/1540
f 1437/1852/1437 1541/1853/1541 1484/1854/1484
f 1437/1784/1437 1540/1851/1540 1541/1855/1541
f 1484/1785/1484 1541/1855/1541 1483/1783/1483
f 1436/1735/1436 1380/1674/1380 1542/1856/1542
f 1485/1857/1485 1543/1858/1543 1539/1859/1539
f 1437/1784/1437 1485/1860/1485 1539/1850/1539
f 1439/1738/1439 1488/1791/1488 1440/1739/1440
f 1445/1744/1445 1495/1802/1495 1485/1788/1485
f 1326/1608/1326 1544/1861/1544 1545/1862/1545
f 1436/1735/1436 1544/1861/1544 1326/1608/1326
f 1326/1608/1326 1545/1862/1545 1490/1793/1490
f 1488/1791/1488 1492/1795/1492 1546/1863/1546
f 1494/1797/1494 1496/1864/1496 1331/1613/1331
f 1547/1865/1547 1496/1864/1496 1494/1797/1494
f 1490/1793/1490 1548/1866/1548 1493/1796/1493
f 1490/1793/1490 1545/1862/1545 1548/1866/1548
f 1493/1796/1493 1548/1866/1548 1442/1741/1442
f 1337/1620/1337 1497/1803/1497 1500/1806/1500
f 1391/1686/1391 1549/1867/1549 1499/1805/1499
f 1391/1686/1391 1501/1807/1501 1549/1867/1549
f 1338/1621/1338 1500/1806/1500 1449/1748/1449
f 1392/1687/1392 1500/1806/1500 1338/1621/1338
f 1393/1688/1393 1550/1868/1550 1501/1807/1501
f 1451/1750/1451 1550/1868/1550 1393/1688/1393
f 1395/1690/1395 1551/1869/1551 1451/1750/1451
f 1395/1690/1395 1452/1751/1452 1551/1869/1551
f 1397/1695/1397 1552/1870/1552 1452/1751/1452
f 1502/1808/1502 1505/1811/1505 1394/1689/1394
f 1504/1810/1504 1553/1871/1553 1503/1809/1503
f 1275/1812/1275 1554/1872/1554 1504/1810/1504
f 1453/1873/1453 1554/1872/1554 1275/1812/1275
f 1399/1697/1399 1505/1811/1505 1555/1874/1555
f 1399/1697/1399 1555/1874/1555 1556/1875/1556
f 1454/1876/1454 1557/1877/1557 1453/1873/1453
f 1400/1698/1400 1557/1878/1557 1454/1753/1454
f 1340/1626/1340 1556/1875/1556 1455/1879/1455
f 1399/1697/1399 1556/1875/1556 1340/1626/1340
f 1400/1698/1400 1342/1633/1342 1558/1880/1558
f 1342/1633/1342 1559/1881/1559 1558/1880/1558
f 1342/1633/1342 1401/1699/1401 1559/1881/1559
f 1402/1700/1402 1455/1754/1455 1560/1882/1560
f 1560/1882/1560 1561/1883/1561 1402/1700/1402
f 1401/1699/1401 1506/1813/1506 1559/1881/1559
f 1402/1700/1402 1562/1884/1562 1507/1814/1507
f 1507/1814/1507 1562/1884/1562 1457/1756/1457
f 1457/1756/1457 1563/1885/1563 1405/1703/1405
f 1405/1703/1405 1564/1886/1564 1346/1637/1346
f 1346/1637/1346 1564/1886/1564 1511/1818/1511
f 1510/1817/1510 1565/1887/1565 1566/1888/1566
f 1510/1817/1510 1459/1758/1459 1565/1887/1565
f 1511/1818/1511 1567/1889/1567 1460/1759/1460
f 1410/1708/1410 1568/1890/1568 1512/1819/1512
f 1460/1759/1460 1569/1891/1569 1461/1760/1461
f 1410/1708/1410 1513/1820/1513 1568/1890/1568
f 1514/1821/1514 1513/1820/1513 1462/1761/1462
f 1411/1709/1411 1570/1892/1570 1514/1821/1514
f 1411/1709/1411 1465/1764/1465 1570/1892/1570
f 1288/1561/1288 1415/1713/1415 1351/1642/1351
f 1517/1824/1517 1516/1823/1516 1416/1714/1416
f 1464/1763/1464 1516/1823/1516 1465/1764/1465
f 1353/1644/1353 1571/1893/1571 1289/1562/1289
f 1353/1644/1353 1467/1766/1467 1571/1893/1571
f 1355/1767/1355 1572/1894/1572 1519/1895/1519
f 1355/1767/1355 1292/1565/1292 1573/1896/1573
f 1355/1767/1355 1573/1896/1573 1572/1894/1572
f 1518/1825/1518 1521/1828/1521 1419/1717/1419
f 1293/1566/1293 1468/1768/1468 1520/1827/1520
f 1357/1648/1357 1574/1897/1574 1418/1716/1418
f 1358/1649/1358 1575/1898/1575 1296/1569/1296
f 1241/1497/1241 1471/1771/1471 1576/1899/1576
f 1471/1771/1471 1362/1653/1362 1577/1900/1577
f 1472/1772/1472 1522/1829/1522 1578/1901/1578
f 1473/1773/1473 1579/1902/1579 1475/1775/1475
f 1475/1775/1475 1579/1902/1579 1525/1835/1525
f 1526/1836/1526 1580/1903/1580 1527/1837/1527
f 1527/1837/1527 1581/1904/1581 1528/1838/1528
f 1528/1838/1528 1582/1905/1582 1476/1776/1476
f 1476/1776/1476 1530/1840/1530 1421/1719/1421
f 1529/1839/1529 1129/1338/1129 1477/1777/1477
f 1530/1840/1530 1531/1841/1531 1422/1720/1422
f 1532/1842/1532 1583/1906/1583 1424/1722/1424
f 1425/1723/1425 1584/1907/1584 1479/1779/1479
f 1424/1722/1424 1533/1843/1533 1426/1724/1426
f 1313/1588/1313 1585/1908/1585 1213/1452/1213
f 1213/1452/1213 1585/1908/1585 1427/1725/1427
f 1480/1780/1480 1533/1843/1533 1586/1909/1586
f 1480/1780/1480 1587/1910/1587 1314/1589/1314
f 1313/1588/1313 1428/1726/1428 1585/1908/1585
f 1314/1589/1314 1587/1910/1587 1588/1911/1588
f 1314/1589/1314 1588/1911/1588 1315/1590/1315
f 1588/1911/1588 1481/1781/1481 1315/1590/1315
f 1217/1456/1217 1534/1844/1534 1373/1665/1373
f 1375/1667/1375 1376/1668/1376 1589/1912/1589
f 1256/1513/1256 1590/1913/1590 1255/1512/1255
f 1256/1513/1256 1432/1730/1432 1590/1913/1590
f 1432/1730/1432 1433/1731/1433 1590/1913/1590
f 1537/1847/1537 1591/1914/1591 1434/1848/1434
f 1592/1915/1592 1538/1849/1538 1321/1596/1321
f 1380/1674/1380 1434/1733/1434 1542/1856/1542
f 1321/1598/1321 1482/1782/1482 1592/1916/1592
f 1482/1782/1482 1593/1917/1593 1592/1916/1592
f 1539/1850/1539 1594/1918/1594 1540/1851/1540
f 1540/1851/1540 1594/1918/1594 1541/1855/1541
f 1541/1855/1541 1594/1918/1594 1595/1919/1595
f 1541/1855/1541 1596/1920/1596 1483/1783/1483
f 1541/1855/1541 1595/1919/1595 1596/1920/1596
f 1483/1783/1483 1596/1920/1596 1482/1782/1482
f 1482/1782/1482 1596/1920/1596 1593/1917/1593
f 1485/1860/1485 1597/1921/1597 1598/1922/1598
f 1485/1923/1485 1598/1924/1598 1543/1925/1543
f 1598/1922/1598 1599/1926/1599 1543/1927/1543
f 1539/1850/1539 1543/1927/1543 1599/1926/1599
f 1539/1850/1539 1599/1926/1599 1594/1918/1594
f 1436/1735/1436 1542/1856/1542 1600/1928/1600
f 1488/1791/1488 1601/1929/1601 1440/1739/1440
f 1440/1739/1440 1601/1929/1601 1489/1792/1489
f 1489/1792/1489 1602/1930/1602 1443/1742/1443
f 1489/1792/1489 1601/1929/1601 1602/1930/1602
f 1443/1742/1443 1602/1930/1602 1603/1931/1603
f 1603/1931/1603 1604/1932/1604 1443/1742/1443
f 1547/1865/1547 1597/1921/1597 1496/1864/1496
f 1495/1801/1495 1496/1864/1496 1597/1921/1597
f 1495/1802/1495 1597/1933/1597 1485/1788/1485
f 1436/1735/1436 1600/1928/1600 1544/1861/1544
f 1488/1791/1488 1546/1863/1546 1601/1929/1601
f 1443/1742/1443 1604/1932/1604 1494/1797/1494
f 1494/1797/1494 1604/1932/1604 1547/1865/1547
f 1442/1741/1442 1548/1866/1548 1491/1794/1491
f 1447/1746/1447 1605/1934/1605 1497/1803/1497
f 1446/1745/1446 1605/1934/1605 1447/1746/1447
f 1500/1806/1500 1497/1803/1497 1606/1935/1606
f 1451/1750/1451 1551/1869/1551 1550/1868/1550
f 1452/1751/1452 1607/1936/1607 1551/1869/1551
f 1452/1751/1452 1552/1870/1552 1607/1936/1607
f 1397/1695/1397 1503/1809/1503 1552/1870/1552
f 1553/1871/1553 1608/1937/1608 1503/1809/1503
f 1504/1810/1504 1554/1872/1554 1553/1871/1553
f 1453/1873/1453 1609/1938/1609 1554/1872/1554
f 1453/1873/1453 1610/1939/1610 1609/1938/1609
f 1557/1877/1557 1610/1939/1610 1453/1873/1453
f 1556/1875/1556 1611/1940/1611 1455/1879/1455
f 1558/1880/1558 1557/1878/1557 1400/1698/1400
f 1455/1754/1455 1611/1941/1611 1560/1882/1560
f 1561/1883/1561 1562/1884/1562 1402/1700/1402
f 1508/1815/1508 1456/1755/1456 1458/1757/1458
f 1405/1703/1405 1563/1885/1563 1564/1886/1564
f 1564/1886/1564 1612/1942/1612 1613/1943/1613
f 1458/1757/1458 1509/1816/1509 1614/1944/1614
f 1511/1818/1511 1564/1886/1564 1613/1943/1613
f 1509/1816/1509 1510/1817/1510 1566/1888/1566
f 1565/1887/1565 1615/1945/1615 1566/1888/1566
f 1511/1818/1511 1613/1943/1613 1567/1889/1567
f 1460/1759/1460 1567/1889/1567 1616/1946/1616
f 1459/1758/1459 1512/1819/1512 1565/1887/1565
f 1460/1759/1460 1616/1946/1616 1569/1891/1569
f 1512/1819/1512 1568/1890/1568 1565/1887/1565
f 1569/1891/1569 1617/1947/1617 1461/1760/1461
f 1568/1890/1568 1513/1820/1513 1618/1948/1618
f 1513/1820/1513 1514/1821/1514 1619/1949/1619
f 1570/1892/1570 1620/1950/1620 1514/1821/1514
f 1515/1822/1515 1617/1947/1617 1621/1951/1621
f 1461/1760/1461 1617/1947/1617 1515/1822/1515
f 1620/1950/1620 1465/1764/1465 1622/1952/1622
f 1570/1892/1570 1465/1764/1465 1620/1950/1620
f 1515/1822/1515 1621/1951/1621 1623/1953/1623
f 1413/1711/1413 1414/1712/1414 1352/1643/1352
f 1515/1822/1515 1623/1953/1623 1518/1825/1518
f 1571/1893/1571 1624/1954/1624 1289/1562/1289
f 1518/1825/1518 1623/1953/1623 1521/1828/1521
f 1467/1766/1467 1625/1955/1625 1571/1893/1571
f 1467/1956/1467 1519/1895/1519 1572/1894/1572
f 1467/1956/1467 1572/1894/1572 1626/1957/1626
f 1467/1766/1467 1626/1958/1626 1625/1955/1625
f 1573/1896/1573 1292/1565/1292 1627/1959/1627
f 1520/1827/1520 1627/1959/1627 1292/1565/1292
f 1468/1768/1468 1628/1960/1628 1520/1827/1520
f 1629/1961/1629 1357/1648/1357 1296/1569/1296
f 1297/1570/1297 1630/1962/1630 1469/1769/1469
f 1470/1770/1470 1631/1963/1631 1522/1829/1522
f 1361/1652/1361 1632/1964/1632 1359/1650/1359
f 1524/1965/1524 1523/1830/1523 1300/1655/1300
f 1472/1772/1472 1633/1966/1633 1473/1773/1473
f 1524/1834/1524 1301/1576/1301 1634/1967/1634
f 1473/1773/1473 1633/1966/1633 1579/1902/1579
f 1579/1902/1579 1635/1968/1635 1525/1835/1525
f 1525/1835/1525 1636/1969/1636 1526/1836/1526
f 1526/1836/1526 1636/1969/1636 1580/1903/1580
f 1304/1579/1304 1365/1657/1365 1637/1970/1637
f 1527/1837/1527 1580/1903/1580 1581/1904/1581
f 1365/1657/1365 1126/1335/1126 1368/1660/1368
f 1581/1904/1581 1638/1971/1638 1528/1838/1528
f 1164/1391/1164 1420/1718/1420 1368/1660/1368
f 1369/1661/1369 1639/1972/1639 1420/1718/1420
f 1582/1905/1582 1640/1973/1640 1476/1776/1476
f 1244/1501/1244 1308/1583/1308 1369/1661/1369
f 1308/1583/1308 1371/1663/1371 1641/1974/1641
f 1640/1973/1640 1530/1840/1530 1476/1776/1476
f 1530/1840/1530 1642/1975/1642 1531/1841/1531
f 1642/1975/1642 1643/1976/1643 1531/1841/1531
f 1583/1906/1583 1644/1977/1644 1424/1722/1424
f 1424/1722/1424 1644/1977/1644 1533/1843/1533
f 1425/1723/1425 1427/1725/1427 1584/1907/1584
f 1480/1780/1480 1586/1909/1586 1587/1910/1587
f 1428/1726/1428 1374/1666/1374 1645/1978/1645
f 1534/1844/1534 1535/1845/1535 1373/1665/1373
f 1375/1667/1375 1645/1978/1645 1374/1666/1374
f 1376/1668/1376 1646/1979/1646 1589/1912/1589
f 1536/1846/1536 1647/1980/1647 1318/1593/1318
f 1318/1593/1318 1647/1980/1647 1430/1728/1430
f 1376/1668/1376 1431/1729/1431 1646/1979/1646
f 1220/1459/1220 1648/1981/1648 1431/1729/1431
f 1220/1459/1220 1255/1512/1255 1648/1981/1648
f 1592/1915/1592 1649/1982/1649 1538/1849/1538
f 1591/1983/1591 1650/1984/1650 1434/1733/1434
f 1434/1733/1434 1650/1984/1650 1542/1856/1542
f 1593/1917/1593 1649/1985/1649 1592/1916/1592
f 1595/1919/1595 1593/1917/1593 1596/1920/1596
f 1542/1856/1542 1650/1984/1650 1600/1928/1600
f 1597/1921/1597 1651/1986/1651 1598/1922/1598
f 1598/1922/1598 1594/1918/1594 1599/1926/1599
f 1598/1922/1598 1651/1986/1651 1594/1918/1594
f 1602/1930/1602 1601/1929/1601 1603/1931/1603
f 1601/1929/1601 1652/1987/1652 1603/1931/1603
f 1603/1931/1603 1652/1987/1652 1604/1932/1604
f 1604/1932/1604 1652/1987/1652 1547/1865/1547
f 1547/1865/1547 1652/1987/1652 1653/1988/1653
f 1547/1865/1547 1653/1988/1653 1597/1921/1597
f 1597/1921/1597 1653/1988/1653 1651/1986/1651
f 1601/1929/1601 1546/1863/1546 1654/1989/1654
f 1545/1862/1545 1544/1861/1544 1655/1990/1655
f 1492/1795/1492 1491/1794/1491 1546/1863/1546
f 1389/1684/1389 1656/1991/1656 1446/1745/1446
f 1389/1684/1389 1448/1747/1448 1657/1992/1657
f 1448/1747/1448 1658/1993/1658 1659/1994/1659
f 1448/1747/1448 1498/1804/1498 1658/1993/1658
f 1500/1806/1500 1660/1995/1660 1449/1748/1449
f 1450/1749/1450 1449/1748/1449 1661/1996/1661
f 1450/1749/1450 1662/1997/1662 1502/1808/1502
f 1450/1749/1450 1661/1996/1661 1662/1997/1662
f 1552/1870/1552 1663/1998/1663 1607/1936/1607
f 1552/1870/1552 1664/1999/1664 1663/1998/1663
f 1502/1808/1502 1662/1997/1662 1505/1811/1505
f 1552/1870/1552 1503/1809/1503 1664/1999/1664
f 1503/1809/1503 1608/1937/1608 1664/1999/1664
f 1553/1871/1553 1665/2000/1665 1608/1937/1608
f 1505/1811/1505 1666/2001/1666 1555/1874/1555
f 1557/1877/1557 1558/2002/1558 1667/2003/1667
f 1668/2004/1668 1560/1882/1560 1611/1941/1611
f 1668/2004/1668 1561/1883/1561 1560/1882/1560
f 1506/1813/1506 1669/2005/1669 1559/1881/1559
f 1561/1883/1561 1670/2006/1670 1562/1884/1562
f 1506/1813/1506 1403/1701/1403 1669/2005/1669
f 1562/1884/1562 1671/2007/1671 1457/1756/1457
f 1403/1701/1403 1404/1702/1404 1669/2005/1669
f 1404/1702/1404 1508/1815/1508 1669/2005/1669
f 1457/1756/1457 1671/2007/1671 1563/1885/1563
f 1458/1757/1458 1672/2008/1672 1508/1815/1508
f 1672/2008/1672 1458/1757/1458 1614/1944/1614
f 1563/1885/1563 1612/1942/1612 1564/1886/1564
f 1509/1816/1509 1673/2009/1673 1614/1944/1614
f 1509/1816/1509 1566/1888/1566 1673/2009/1673
f 1673/2009/1673 1566/1888/1566 1674/2010/1674
f 1566/1888/1566 1615/1945/1615 1674/2010/1674
f 1615/1945/1615 1675/2011/1675 1674/2010/1674
f 1565/1887/1565 1568/1890/1568 1676/2012/1676
f 1569/1891/1569 1616/1946/1616 1617/1947/1617
f 1618/1948/1618 1676/2012/1676 1568/1890/1568
f 1513/1820/1513 1619/1949/1619 1618/1948/1618
f 1619/1949/1619 1677/2013/1677 1618/1948/1618
f 1619/1949/1619 1514/1821/1514 1677/2013/1677
f 1620/1950/1620 1677/2013/1677 1514/1821/1514
f 1465/1764/1465 1678/2014/1678 1622/1952/1622
f 1516/1823/1516 1678/2014/1678 1465/1764/1465
f 1463/1762/1463 1679/2015/1679 1413/1711/1413
f 1413/1711/1413 1679/2015/1679 1414/1712/1414
f 1679/2015/1679 1680/2016/1680 1414/1712/1414
f 1414/1712/1414 1680/2016/1680 1517/1824/1517
f 1517/1824/1517 1681/2017/1681 1516/1823/1516
f 1516/1823/1516 1681/2017/1681 1678/2014/1678
f 1517/1824/1517 1680/2016/1680 1682/2018/1682
f 1517/1824/1517 1682/2018/1682 1681/2017/1681
f 1571/1893/1571 1625/1955/1625 1624/1954/1624
f 1521/1828/1521 1623/1953/1623 1683/2019/1683
f 1573/1896/1573 1627/1959/1627 1684/2020/1684
f 1573/1896/1573 1684/2020/1684 1685/2021/1685
f 1573/1896/1573 1685/2021/1685 1572/1894/1572
f 1520/1827/1520 1628/1960/1628 1627/1959/1627
f 1418/1716/1418 1686/2022/1686 1356/1647/1356
f 1521/1828/1521 1683/2019/1683 1470/1770/1470
f 1575/1898/1575 1629/1961/1629 1296/1569/1296
f 1470/1770/1470 1683/2019/1683 1631/1963/1631
f 1359/1650/1359 1630/1962/1630 1297/1570/1297
f 1359/1650/1359 1687/2023/1687 1630/1962/1630
f 1523/1830/1523 1577/1900/1577 1362/1653/1362
f 1578/1901/1578 1633/1966/1633 1472/1772/1472
f 1301/1576/1301 1364/1656/1364 1634/1967/1634
f 1525/1835/1525 1635/1968/1635 1636/1969/1636
f 1305/1580/1305 1637/1970/1637 1474/1774/1474
f 1304/1579/1304 1637/1970/1637 1305/1580/1305
f 1580/1903/1580 1636/1969/1636 1581/1904/1581
f 1528/1838/1528 1638/1971/1638 1582/1905/1582
f 1369/1661/1369 1308/1583/1308 1688/2024/1688
f 1530/1840/1530 1640/1973/1640 1642/1975/1642
f 1531/1841/1531 1689/2025/1689 1532/1842/1532
f 1428/1726/1428 1690/2026/1690 1585/1908/1585
f 1588/1911/1588 1587/1910/1587 1691/2027/1691
f 1692/2028/1692 1429/1727/1429 1481/1781/1481
f 1692/2028/1692 1534/1844/1534 1429/1727/1429
f 1693/2029/1693 1375/1667/1375 1589/1912/1589
f 1535/1845/1535 1647/1980/1647 1536/1846/1536
f 1537/1847/1537 1319/1594/1319 1430/1728/1430
f 1648/1981/1648 1255/1512/1255 1590/1913/1590
f 1590/1913/1590 1433/1731/1433 1694/2030/1694
f 1694/2030/1694 1433/1731/1433 1695/2031/1695
f 1695/2031/1695 1433/1731/1433 1538/1849/1538
f 1695/2031/1695 1538/1849/1538 1649/1982/1649
f 1649/1985/1649 1593/1917/1593 1696/2032/1696
f 1697/2033/1697 1600/1928/1600 1650/1984/1650
f 1601/1929/1601 1654/1989/1654 1652/1987/1652
f 1651/1986/1651 1653/1988/1653 1652/1987/1652
f 1698/2034/1698 1544/1861/1544 1600/1928/1600
f 1698/2034/1698 1655/1990/1655 1544/1861/1544
f 1699/2035/1699 1545/1862/1545 1655/1990/1655
f 1699/2035/1699 1548/1866/1548 1545/1862/1545
f 1699/2035/1699 1700/2036/1700 1548/1866/1548
f 1605/1934/1605 1446/1745/1446 1656/1991/1656
f 1606/1935/1606 1497/1803/1497 1605/1934/1605
f 1449/1748/1449 1660/1995/1660 1701/2037/1701
f 1666/2001/1666 1505/1811/1505 1662/1997/1662
f 1702/2038/1702 1665/2000/1665 1553/1871/1553
f 1702/2038/1702 1553/1871/1553 1554/1872/1554
f 1702/2038/1702 1554/1872/1554 1703/2039/1703
f 1703/2039/1703 1554/1872/1554 1609/1938/1609
f 1611/1940/1611 1556/1875/1556 1555/1874/1555
f 1667/2003/1667 1610/1939/1610 1557/1877/1557
f 1671/2007/1671 1562/1884/1562 1670/2006/1670
f 1669/2005/1669 1508/1815/1508 1704/2040/1704
f 1705/2041/1705 1563/1885/1563 1671/2007/1671
f 1672/2008/1672 1614/1944/1614 1706/2042/1706
f 1705/2041/1705 1612/1942/1612 1563/1885/1563
f 1706/2042/1706 1614/1944/1614 1673/2009/1673
f 1612/1942/1612 1707/2043/1707 1613/1943/1613
f 1565/1887/1565 1675/2011/1675 1615/1945/1615
f 1708/2044/1708 1616/1946/1616 1567/1889/1567
f 1565/1887/1565 1676/2012/1676 1675/2011/1675
f 1709/2045/1709 1617/1947/1617 1616/1946/1616
f 1676/2046/1676 1618/2047/1618 1710/2048/1710
f 1711/2049/1711 1621/1951/1621 1617/1947/1617
f 1710/2050/1710 1618/1948/1618 1677/2013/1677
f 1710/2050/1710 1677/2013/1677 1712/2051/1712
f 1713/2052/1713 1620/1950/1620 1622/1952/1622
f 1678/2014/1678 1713/2052/1713 1622/1952/1622
f 1415/1713/1415 1463/1762/1463 1233/1486/1233
f 1714/2053/1714 1678/2014/1678 1681/2017/1681
f 1714/2053/1714 1715/2054/1715 1678/2014/1678
f 1716/2055/1716 1415/1713/1415 1288/1561/1288
f 1624/1954/1624 1288/1561/1288 1289/1562/1289
f 1716/2055/1716 1288/1561/1288 1624/1954/1624
f 1717/2056/1717 1628/1960/1628 1468/1768/1468
f 1718/2057/1718 1468/1768/1468 1356/1647/1356
f 1717/2056/1717 1468/1768/1468 1718/2057/1718
f 1574/1897/1574 1357/1648/1357 1719/2058/1719
f 1469/1769/1469 1575/1898/1575 1358/1649/1358
f 1720/2059/1720 1631/1963/1631 1683/2019/1683
f 1631/1963/1631 1721/2060/1721 1522/1829/1522
f 1576/1899/1576 1361/1652/1361 1241/1497/1241
f 1721/2060/1721 1578/1901/1578 1522/1829/1522
f 1721/2060/1721 1633/1966/1633 1578/1901/1578
f 1523/1830/1523 1524/1965/1524 1722/2061/1722
f 1723/2062/1723 1579/1902/1579 1633/1966/1633
f 1634/1967/1634 1364/1656/1364 1724/2063/1724
f 1725/2064/1725 1364/1656/1364 1726/2065/1726
f 1726/2065/1726 1474/1774/1474 1637/1970/1637
f 1365/1657/1365 1368/1660/1368 1727/2066/1727
f 1639/1972/1639 1369/1661/1369 1688/2024/1688
f 1728/2067/1728 1640/1973/1640 1582/1905/1582
f 1728/2067/1728 1729/2068/1729 1640/1973/1640
f 1729/2068/1729 1642/1975/1642 1640/1973/1640
f 1641/1974/1641 1371/1663/1371 1730/2069/1730
f 1730/2069/1730 1371/1663/1371 1529/1839/1529
f 1643/1976/1643 1689/2025/1689 1531/1841/1531
f 1689/2025/1689 1583/1906/1583 1532/1842/1532
f 1533/1843/1533 1644/1977/1644 1731/2070/1731
f 1732/2071/1732 1586/1909/1586 1533/1843/1533
f 1481/1781/1481 1588/1911/1588 1691/2027/1691
f 1733/2072/1733 1535/1845/1535 1534/1844/1534
f 1645/1978/1645 1375/1667/1375 1693/2029/1693
f 1734/2073/1734 1537/1847/1537 1430/1728/1430
f 1648/1981/1648 1590/1913/1590 1735/2074/1735
f 1591/1983/1591 1736/2075/1736 1650/1984/1650
f 1695/2031/1695 1649/1982/1649 1737/2076/1737
f 1649/1982/1649 1696/2077/1696 1737/2076/1737
f 1650/2078/1650 1738/2079/1738 1697/2080/1697
f 1736/2075/1736 1738/2081/1738 1650/1984/1650
f 1593/1917/1593 1595/1919/1595 1739/2082/1739
f 1593/1917/1593 1739/2082/1739 1696/2032/1696
f 1697/2033/1697 1738/2081/1738 1600/1928/1600
f 1600/1928/1600 1738/2081/1738 1698/2034/1698
f 1651/1986/1651 1740/2083/1740 1741/2084/1741
f 1594/1918/1594 1651/1986/1651 1742/2085/1742
f 1651/2086/1651 1741/2087/1741 1742/2088/1742
f 1594/1918/1594 1742/2085/1742 1595/1919/1595
f 1652/1987/1652 1654/1989/1654 1651/1986/1651
f 1651/1986/1651 1654/1989/1654 1740/2083/1740
f 1698/2034/1698 1743/2089/1743 1655/1990/1655
f 1743/2089/1743 1744/2090/1744 1655/1990/1655
f 1655/1990/1655 1744/2090/1744 1699/2035/1699
f 1491/1794/1491 1745/2091/1745 1546/1863/1546
f 1389/1684/1389 1657/1992/1657 1656/1991/1656
f 1448/1747/1448 1659/1994/1659 1657/1992/1657
f 1498/1804/1498 1499/1805/1499 1746/2092/1746
f 1660/1995/1660 1500/1806/1500 1606/1935/1606
f 1501/1807/1501 1550/1868/1550 1747/2093/1747
f 1701/2037/1701 1661/1996/1661 1449/1748/1449
f 1551/1869/1551 1748/2094/1748 1550/1868/1550
f 1748/2094/1748 1551/1869/1551 1607/1936/1607
f 1607/1936/1607 1663/1998/1663 1748/2094/1748
f 1608/1937/1608 1665/2000/1665 1664/1999/1664
f 1703/2039/1703 1609/1938/1609 1749/2095/1749
f 1610/1939/1610 1750/2096/1750 1751/2097/1751
f 1752/2098/1752 1611/1940/1611 1753/2099/1753
f 1611/1940/1611 1555/1874/1555 1753/2099/1753
f 1610/1939/1610 1667/2003/1667 1750/2096/1750
f 1667/2003/1667 1558/2002/1558 1750/2096/1750
f 1558/2002/1558 1754/2100/1754 1750/2096/1750
f 1668/2101/1668 1611/1940/1611 1752/2098/1752
f 1558/2002/1558 1559/2102/1559 1754/2100/1754
f 1754/2100/1754 1559/2102/1559 1755/2103/1755
f 1668/2004/1668 1756/2104/1756 1561/1883/1561
f 1670/2006/1670 1561/1883/1561 1756/2104/1756
f 1559/1881/1559 1669/2005/1669 1755/2105/1755
f 1508/1815/1508 1757/2106/1757 1704/2040/1704
f 1508/1815/1508 1672/2008/1672 1757/2106/1757
f 1758/2107/1758 1672/2008/1672 1706/2042/1706
f 1705/2041/1705 1759/2108/1759 1612/1942/1612
f 1707/2043/1707 1612/1942/1612 1759/2108/1759
f 1707/2043/1707 1567/1889/1567 1613/1943/1613
f 1707/2043/1707 1760/2109/1760 1567/1889/1567
f 1567/1889/1567 1760/2109/1760 1708/2044/1708
f 1675/2011/1675 1676/2012/1676 1761/2110/1761
f 1708/2044/1708 1709/2045/1709 1616/1946/1616
f 1676/2012/1676 1762/2111/1762 1761/2110/1761
f 1762/2111/1762 1763/2112/1763 1764/2113/1764
f 1762/2111/1762 1676/2012/1676 1763/2112/1763
f 1709/2045/1709 1711/2049/1711 1617/1947/1617
f 1676/2012/1676 1710/2050/1710 1763/2112/1763
f 1677/2013/1677 1620/1950/1620 1712/2051/1712
f 1713/2052/1713 1765/2114/1765 1620/1950/1620
f 1715/2054/1715 1713/2052/1713 1678/2014/1678
f 1681/2017/1681 1682/2018/1682 1714/2053/1714
f 1623/1953/1623 1766/2115/1766 1683/2019/1683
f 1625/1955/1625 1767/2116/1767 1624/1954/1624
f 1624/1954/1624 1767/2116/1767 1768/2117/1768
f 1624/1954/1624 1768/2117/1768 1716/2055/1716
f 1625/1955/1625 1626/1958/1626 1769/2118/1769
f 1572/1894/1572 1770/2119/1770 1626/1957/1626
f 1771/2120/1771 1720/2059/1720 1683/2019/1683
f 1629/1961/1629 1719/2058/1719 1357/1648/1357
f 1631/1963/1631 1720/2059/1720 1721/2060/1721
f 1361/1652/1361 1576/1899/1576 1772/2121/1772
f 1361/1652/1361 1772/2121/1772 1632/1964/1632
f 1577/1900/1577 1576/1899/1576 1471/1771/1471
f 1524/1834/1524 1634/1967/1634 1722/2122/1722
f 1773/2123/1773 1579/1902/1579 1723/2062/1723
f 1774/2124/1774 1636/1969/1636 1635/1968/1635
f 1364/1656/1364 1474/1774/1474 1726/2065/1726
f 1365/1657/1365 1775/2125/1775 1637/1970/1637
f 1365/1657/1365 1727/2066/1727 1775/2125/1775
f 1638/1971/1638 1728/2067/1728 1582/1905/1582
f 1308/1583/1308 1641/1974/1641 1688/2024/1688
f 1641/1974/1641 1776/2126/1776 1688/2024/1688
f 1529/1839/1529 1777/2127/1777 1730/2069/1730
f 1643/1976/1643 1778/2128/1778 1689/2025/1689
f 1477/1777/1477 1423/1721/1423 1779/2129/1779
f 1423/1721/1423 1479/1779/1479 1779/2129/1779
f 1583/1906/1583 1780/2130/1780 1644/1977/1644
f 1644/1977/1644 1780/2130/1780 1731/2070/1731
f 1731/2070/1731 1732/2071/1732 1533/1843/1533
f 1427/1725/1427 1585/1908/1585 1781/2131/1781
f 1586/1909/1586 1782/2132/1782 1587/1910/1587
f 1587/1910/1587 1783/2133/1783 1784/2134/1784
f 1784/2134/1784 1691/2027/1691 1587/1910/1587
f 1691/2027/1691 1785/2135/1785 1481/1781/1481
f 1647/1980/1647 1734/2073/1734 1430/1728/1430
f 1431/1729/1431 1648/1981/1648 1786/2136/1786
f 1590/1913/1590 1787/2137/1787 1735/2074/1735
f 1694/2030/1694 1787/2137/1787 1590/1913/1590
f 1695/2031/1695 1788/2138/1788 1694/2030/1694
f 1737/2076/1737 1788/2138/1788 1695/2031/1695
f 1739/2139/1739 1789/2140/1789 1696/2077/1696
f 1696/2077/1696 1789/2140/1789 1737/2076/1737
f 1742/2085/1742 1790/2141/1790 1595/1919/1595
f 1595/1919/1595 1790/2141/1790 1739/2082/1739
f 1698/2034/1698 1791/2142/1791 1743/2089/1743
f 1548/1866/1548 1700/2036/1700 1491/1794/1491
f 1546/1863/1546 1745/2091/1745 1792/2143/1792
f 1546/1863/1546 1792/2143/1792 1793/2144/1793
f 1546/1863/1546 1793/2144/1793 1654/1989/1654
f 1498/1804/1498 1746/2092/1746 1658/1993/1658
f 1499/1805/1499 1549/1867/1549 1746/2092/1746
f 1501/1807/1501 1794/2145/1794 1549/1867/1549
f 1662/1997/1662 1661/1996/1661 1795/2146/1795
f 1662/1997/1662 1796/2147/1796 1666/2001/1666
f 1664/1999/1664 1797/2148/1797 1663/1998/1663
f 1664/1999/1664 1665/2000/1665 1797/2148/1797
f 1555/1874/1555 1666/2001/1666 1753/2099/1753
f 1609/1938/1609 1610/1939/1610 1749/2095/1749
f 1610/1939/1610 1751/2097/1751 1749/2095/1749
f 1755/2103/1755 1798/2149/1798 1754/2100/1754
f 1669/2005/1669 1799/2150/1799 1755/2105/1755
f 1669/2005/1669 1800/2151/1800 1799/2150/1799
f 1670/2006/1670 1801/2152/1801 1671/2007/1671
f 1801/2152/1801 1705/2041/1705 1671/2007/1671
f 1672/2008/1672 1758/2107/1758 1757/2106/1757
f 1758/2107/1758 1706/2042/1706 1802/2153/1802
f 1706/2042/1706 1673/2009/1673 1803/2154/1803
f 1673/2009/1673 1674/2010/1674 1804/2155/1804
f 1675/2011/1675 1805/2156/1805 1674/2010/1674
f 1674/2010/1674 1805/2156/1805 1804/2155/1804
f 1805/2156/1805 1675/2011/1675 1804/2155/1804
f 1761/2110/1761 1764/2113/1764 1806/2157/1806
f 1761/2110/1761 1762/2111/1762 1764/2113/1764
f 1763/2112/1763 1710/2050/1710 1764/2113/1764
f 1711/2049/1711 1807/2158/1807 1621/1951/1621
f 1710/2050/1710 1808/2159/1808 1764/2113/1764
f 1712/2051/1712 1808/2159/1808 1710/2050/1710
f 1620/1950/1620 1765/2114/1765 1712/2051/1712
f 1765/2114/1765 1809/2160/1809 1712/2051/1712
f 1623/1953/1623 1621/1951/1621 1766/2115/1766
f 1713/2052/1713 1810/2161/1810 1765/2114/1765
f 1713/2052/1713 1715/2054/1715 1810/2161/1810
f 1715/2054/1715 1811/2162/1811 1810/2161/1810
f 1415/1713/1415 1812/2163/1812 1463/1762/1463
f 1415/1713/1415 1716/2055/1716 1813/2164/1813
f 1572/1894/1572 1685/2021/1685 1770/2119/1770
f 1626/1957/1626 1770/2119/1770 1769/2165/1769
f 1627/1959/1627 1814/2166/1814 1684/2020/1684
f 1684/2020/1684 1815/2167/1815 1685/2021/1685
f 1627/1959/1627 1816/2168/1816 1814/2166/1814
f 1356/1647/1356 1686/2022/1686 1718/2057/1718
f 1574/1897/1574 1817/2169/1817 1418/1716/1418
f 1418/1716/1418 1817/2169/1817 1686/2022/1686
f 1575/1898/1575 1818/2170/1818 1629/1961/1629
f 1359/1650/1359 1632/1964/1632 1687/2023/1687
f 1523/1830/1523 1819/2171/1819 1577/1900/1577
f 1523/1830/1523 1722/2061/1722 1819/2171/1819
f 1579/1902/1579 1773/2123/1773 1635/1968/1635
f 1635/1968/1635 1773/2123/1773 1774/2124/1774
f 1364/1656/1364 1725/2064/1725 1724/2063/1724
f 1581/1904/1581 1636/1969/1636 1820/2172/1820
f 1581/1904/1581 1820/2172/1820 1638/1971/1638
f 1638/1971/1638 1820/2172/1820 1728/2067/1728
f 1420/1718/1420 1639/1972/1639 1368/1660/1368
f 1529/1839/1529 1477/1777/1477 1777/2127/1777
f 1689/2025/1689 1821/2173/1821 1583/1906/1583
f 1821/2173/1821 1780/2130/1780 1583/1906/1583
f 1584/1907/1584 1427/1725/1427 1781/2131/1781
f 1586/1909/1586 1732/2071/1732 1782/2132/1782
f 1587/1910/1587 1782/2132/1782 1783/2133/1783
f 1690/2026/1690 1428/1726/1428 1822/2174/1822
f 1428/1726/1428 1645/1978/1645 1822/2174/1822
f 1481/1781/1481 1785/2135/1785 1692/2028/1692
f 1645/1978/1645 1693/2029/1693 1822/2174/1822
f 1785/2135/1785 1823/2175/1823 1692/2028/1692
f 1823/2175/1823 1733/2072/1733 1692/2028/1692
f 1692/2028/1692 1733/2072/1733 1534/1844/1534
f 1535/1845/1535 1824/2176/1824 1647/1980/1647
f 1431/1729/1431 1786/2136/1786 1646/1979/1646
f 1648/1981/1648 1735/2074/1735 1825/2177/1825
f 1735/2074/1735 1787/2137/1787 1825/2177/1825
f 1788/2138/1788 1826/2178/1826 1694/2030/1694
f 1737/2076/1737 1789/2140/1789 1788/2138/1788
f 1736/2075/1736 1827/2179/1827 1738/2081/1738
f 1738/2081/1738 1827/2179/1827 1828/2180/1828
f 1738/2081/1738 1828/2180/1828 1698/2034/1698
f 1698/2034/1698 1828/2180/1828 1791/2142/1791
f 1740/2083/1740 1742/2085/1742 1741/2084/1741
f 1743/2089/1743 1791/2142/1791 1744/2090/1744
f 1699/2035/1699 1744/2090/1744 1700/2036/1700
f 1491/1794/1491 1700/2036/1700 1829/2181/1829
f 1792/2143/1792 1745/2091/1745 1793/2144/1793
f 1605/1934/1605 1830/2182/1830 1831/2183/1831
f 1656/1991/1656 1830/2182/1830 1605/1934/1605
f 1657/1992/1657 1830/2182/1830 1656/1991/1656
f 1659/1994/1659 1832/2184/1832 1657/1992/1657
f 1659/1994/1659 1658/1993/1658 1832/2184/1832
f 1606/1935/1606 1605/1934/1605 1833/2185/1833
f 1501/1807/1501 1747/2093/1747 1794/2145/1794
f 1748/2094/1748 1747/2093/1747 1550/1868/1550
f 1701/2037/1701 1795/2146/1795 1661/1996/1661
f 1662/1997/1662 1795/2146/1795 1796/2147/1796
f 1663/1998/1663 1797/2148/1797 1834/2186/1834
f 1796/2147/1796 1835/2187/1835 1666/2001/1666
f 1797/2148/1797 1665/2000/1665 1836/2188/1836
f 1665/2000/1665 1702/2038/1702 1836/2188/1836
f 1837/2189/1837 1753/2099/1753 1666/2001/1666
f 1750/2096/1750 1838/2190/1838 1751/2097/1751
f 1754/2100/1754 1838/2190/1838 1750/2096/1750
f 1754/2100/1754 1798/2149/1798 1838/2190/1838
f 1668/2004/1668 1839/2191/1839 1756/2104/1756
f 1799/2192/1799 1798/2149/1798 1755/2103/1755
f 1756/2104/1756 1840/2193/1840 1670/2006/1670
f 1704/2040/1704 1800/2151/1800 1669/2005/1669
f 1800/2194/1800 1704/2195/1704 1841/2196/1841
f 1670/2006/1670 1842/2197/1842 1801/2152/1801
f 1706/2042/1706 1843/2198/1843 1802/2153/1802
f 1706/2042/1706 1803/2154/1803 1843/2198/1843
f 1673/2009/1673 1804/2155/1804 1803/2154/1803
f 1675/2011/1675 1844/2199/1844 1845/2200/1845
f 1675/2011/1675 1761/2110/1761 1844/2199/1844
f 1711/2049/1711 1709/2045/1709 1846/2201/1846
f 1712/2051/1712 1809/2160/1809 1808/2159/1808
f 1807/2158/1807 1766/2115/1766 1621/1951/1621
f 1714/2053/1714 1847/2202/1847 1715/2054/1715
f 1847/2202/1847 1811/2162/1811 1715/2054/1715
f 1813/2164/1813 1812/2163/1812 1415/1713/1415
f 1463/1762/1463 1812/2163/1812 1679/2015/1679
f 1679/2015/1679 1848/2203/1848 1680/2016/1680
f 1680/2016/1680 1848/2203/1848 1682/2018/1682
f 1625/2204/1625 1769/2165/1769 1767/2205/1767
f 1716/2055/1716 1849/2206/1849 1813/2164/1813
f 1768/2117/1768 1849/2206/1849 1716/2055/1716
f 1684/2020/1684 1850/2207/1850 1815/2167/1815
f 1851/2208/1851 1771/2120/1771 1683/2019/1683
f 1628/1960/1628 1816/2168/1816 1627/1959/1627
f 1575/1898/1575 1469/1769/1469 1818/2170/1818
f 1632/1964/1632 1852/2209/1852 1687/2023/1687
f 1721/2060/1721 1853/2210/1853 1633/1966/1633
f 1725/2064/1725 1726/2065/1726 1854/2211/1854
f 1636/1969/1636 1774/2124/1774 1855/2212/1855
f 1730/2069/1730 1776/2126/1776 1641/1974/1641
f 1856/2213/1856 1643/1976/1643 1642/1975/1642
f 1778/2128/1778 1821/2173/1821 1689/2025/1689
f 1585/1908/1585 1690/2026/1690 1857/2214/1857
f 1690/2026/1690 1822/2174/1822 1857/2214/1857
f 1691/2027/1691 1858/2215/1858 1785/2135/1785
f 1733/2072/1733 1823/2175/1823 1824/2176/1824
f 1733/2072/1733 1824/2176/1824 1535/1845/1535
f 1648/1981/1648 1825/2177/1825 1786/2136/1786
f 1537/2216/1537 1859/2217/1859 1591/1983/1591
f 1591/1983/1591 1859/2217/1859 1860/2218/1860
f 1694/2030/1694 1826/2178/1826 1787/2137/1787
f 1591/1983/1591 1860/2218/1860 1736/2075/1736
f 1860/2218/1860 1827/2179/1827 1736/2075/1736
f 1789/2140/1789 1861/2219/1861 1788/2138/1788
f 1789/2140/1789 1862/2220/1862 1861/2219/1861
f 1789/2221/1789 1739/2082/1739 1862/2222/1862
f 1739/2082/1739 1790/2141/1790 1862/2222/1862
f 1863/2223/1863 1790/2141/1790 1742/2085/1742
f 1740/2083/1740 1864/2224/1864 1863/2223/1863
f 1742/2085/1742 1740/2083/1740 1863/2223/1863
f 1791/2142/1791 1865/2225/1865 1700/2036/1700
f 1791/2142/1791 1700/2036/1700 1744/2090/1744
f 1654/1989/1654 1793/2144/1793 1864/2224/1864
f 1654/1989/1654 1864/2224/1864 1740/2083/1740
f 1491/1794/1491 1829/2181/1829 1745/2091/1745
f 1605/1934/1605 1831/2183/1831 1866/2226/1866
f 1660/1995/1660 1606/1935/1606 1867/2227/1867
f 1663/1998/1663 1834/2186/1834 1748/2094/1748
f 1702/2038/1702 1703/2039/1703 1868/2228/1868
f 1703/2039/1703 1749/2095/1749 1868/2228/1868
f 1751/2097/1751 1869/2229/1869 1749/2095/1749
f 1751/2097/1751 1838/2190/1838 1870/2230/1870
f 1668/2004/1668 1752/2231/1752 1839/2191/1839
f 1799/2192/1799 1871/2232/1871 1798/2149/1798
f 1799/2192/1799 1800/2194/1800 1871/2232/1871
f 1800/2194/1800 1841/2196/1841 1871/2232/1871
f 1872/2233/1872 1842/2197/1842 1670/2006/1670
f 1841/2196/1841 1704/2195/1704 1873/2234/1873
f 1704/2195/1704 1757/2235/1757 1873/2234/1873
f 1801/2152/1801 1842/2197/1842 1705/2041/1705
f 1705/2041/1705 1842/2197/1842 1874/2236/1874
f 1758/2107/1758 1875/2237/1875 1757/2106/1757
f 1705/2041/1705 1876/2238/1876 1759/2108/1759
f 1759/2108/1759 1876/2238/1876 1707/2043/1707
f 1843/2198/1843 1803/2154/1803 1804/2155/1804
f 1707/2043/1707 1876/2238/1876 1877/2239/1877
f 1804/2155/1804 1675/2011/1675 1878/2240/1878
f 1675/2011/1675 1845/2200/1845 1878/2240/1878
f 1707/2043/1707 1877/2239/1877 1760/2109/1760
f 1844/2199/1844 1761/2110/1761 1879/2241/1879
f 1708/2044/1708 1760/2109/1760 1709/2045/1709
f 1761/2110/1761 1880/2242/1880 1881/2243/1881
f 1806/2157/1806 1880/2242/1880 1761/2110/1761
f 1806/2157/1806 1764/2113/1764 1880/2242/1880
f 1711/2049/1711 1846/2201/1846 1807/2158/1807
f 1764/2113/1764 1808/2159/1808 1882/2244/1882
f 1882/2244/1882 1808/2159/1808 1883/2245/1883
f 1808/2159/1808 1809/2160/1809 1883/2245/1883
f 1765/2114/1765 1884/2246/1884 1809/2160/1809
f 1810/2161/1810 1885/2247/1885 1765/2114/1765
f 1765/2114/1765 1885/2247/1885 1884/2246/1884
f 1886/2248/1886 1682/2018/1682 1848/2203/1848
f 1683/2019/1683 1766/2115/1766 1851/2208/1851
f 1768/2117/1768 1767/2116/1767 1849/2206/1849
f 1812/2163/1812 1887/2249/1887 1679/2015/1679
f 1679/2015/1679 1887/2249/1887 1848/2203/1848
f 1769/2165/1769 1888/2250/1888 1767/2205/1767
f 1684/2020/1684 1814/2166/1814 1850/2207/1850
f 1718/2057/1718 1889/2251/1889 1717/2056/1717
f 1629/1961/1629 1890/2252/1890 1719/2058/1719
f 1719/2058/1719 1817/2169/1817 1574/1897/1574
f 1630/1962/1630 1891/2253/1891 1469/1769/1469
f 1469/1769/1469 1891/2253/1891 1818/2170/1818
f 1818/2170/1818 1892/2254/1892 1629/1961/1629
f 1720/2059/1720 1853/2210/1853 1721/2060/1721
f 1772/2121/1772 1893/2255/1893 1894/2256/1894
f 1633/1966/1633 1853/2210/1853 1895/2257/1895
f 1633/1966/1633 1895/2257/1895 1723/2062/1723
f 1773/2123/1773 1723/2062/1723 1895/2257/1895
f 1725/2064/1725 1854/2211/1854 1724/2063/1724
f 1774/2124/1774 1896/2258/1896 1855/2212/1855
f 1820/2172/1820 1636/1969/1636 1855/2212/1855
f 1368/1660/1368 1897/2259/1897 1727/2066/1727
f 1368/1660/1368 1898/2260/1898 1897/2259/1897
f 1368/1660/1368 1639/1972/1639 1898/2260/1898
f 1728/2067/1728 1899/2261/1899 1729/2068/1729
f 1729/2068/1729 1856/2213/1856 1642/1975/1642
f 1643/1976/1643 1900/2262/1900 1778/2128/1778
f 1479/1779/1479 1584/1907/1584 1779/2129/1779
f 1780/2130/1780 1901/2263/1901 1731/2070/1731
f 1585/1908/1585 1857/2214/1857 1781/2131/1781
f 1822/2174/1822 1693/2029/1693 1902/2264/1902
f 1903/2265/1903 1824/2176/1824 1823/2175/1823
f 1589/1912/1589 1904/2266/1904 1693/2029/1693
f 1786/2136/1786 1825/2177/1825 1905/2267/1905
f 1825/2177/1825 1787/2137/1787 1906/2268/1906
f 1787/2137/1787 1907/2269/1907 1906/2268/1906
f 1826/2178/1826 1907/2269/1907 1787/2137/1787
f 1860/2218/1860 1908/2270/1908 1827/2179/1827
f 1788/2138/1788 1861/2219/1861 1826/2178/1826
f 1827/2179/1827 1909/2271/1909 1828/2180/1828
f 1791/2142/1791 1828/2180/1828 1910/2272/1910
f 1830/2182/1830 1911/2273/1911 1831/2183/1831
f 1605/1934/1605 1866/2226/1866 1833/2185/1833
f 1606/1935/1606 1833/2185/1833 1867/2227/1867
f 1549/1867/1549 1912/2274/1912 1746/2092/1746
f 1549/1867/1549 1794/2145/1794 1912/2274/1912
f 1660/1995/1660 1913/2275/1913 1701/2037/1701
f 1660/1995/1660 1867/2227/1867 1913/2275/1913
f 1795/2146/1795 1701/2037/1701 1914/2276/1914
f 1834/2186/1834 1915/2277/1915 1748/2094/1748
f 1797/2148/1797 1916/2278/1916 1834/2186/1834
f 1836/2188/1836 1916/2278/1916 1797/2148/1797
f 1666/2001/1666 1835/2187/1835 1837/2189/1837
f 1749/2095/1749 1869/2229/1869 1917/2279/1917
f 1869/2229/1869 1918/2280/1918 1917/2279/1917
f 1751/2097/1751 1918/2280/1918 1869/2229/1869
f 1751/2097/1751 1870/2230/1870 1918/2280/1918
f 1838/2190/1838 1919/2281/1919 1870/2230/1870
f 1838/2190/1838 1798/2149/1798 1919/2281/1919
f 1798/2149/1798 1920/2282/1920 1919/2281/1919
f 1756/2104/1756 1839/2191/1839 1840/2193/1840
f 1798/2149/1798 1921/2283/1921 1920/2282/1920
f 1840/2193/1840 1872/2233/1872 1670/2006/1670
f 1841/2196/1841 1873/2234/1873 1871/2232/1871
f 1875/2237/1875 1758/2107/1758 1802/2153/1802
f 1802/2153/1802 1843/2198/1843 1922/2284/1922
f 1705/2041/1705 1874/2236/1874 1876/2238/1876
f 1845/2200/1845 1844/2199/1844 1878/2240/1878
f 1760/2109/1760 1923/2285/1923 1709/2045/1709
f 1761/2110/1761 1924/2286/1924 1879/2241/1879
f 1709/2045/1709 1923/2285/1923 1846/2201/1846
f 1761/2110/1761 1881/2243/1881 1924/2286/1924
f 1883/2245/1883 1809/2160/1809 1925/2287/1925
f 1884/2246/1884 1926/2288/1926 1809/2160/1809
f 1811/2162/1811 1885/2247/1885 1810/2161/1810
f 1682/2018/1682 1927/2289/1927 1714/2053/1714
f 1685/2021/1685 1928/2290/1928 1770/2119/1770
f 1770/2119/1770 1929/2291/1929 1769/2165/1769
f 1767/2205/1767 1888/2250/1888 1849/2292/1849
f 1813/2164/1813 1849/2206/1849 1930/2293/1930
f 1813/2164/1813 1930/2293/1930 1812/2163/1812
f 1812/2163/1812 1930/2293/1930 1931/2294/1931
f 1812/2163/1812 1931/2294/1931 1887/2249/1887
f 1887/2249/1887 1932/2295/1932 1848/2203/1848
f 1628/1960/1628 1717/2056/1717 1816/2168/1816
f 1686/2022/1686 1933/2296/1933 1718/2057/1718
f 1686/2022/1686 1817/2169/1817 1933/2296/1933
f 1891/2253/1891 1934/2297/1934 1818/2170/1818
f 1629/1961/1629 1892/2254/1892 1890/2252/1890
f 1687/2023/1687 1935/2298/1935 1630/1962/1630
f 1687/2023/1687 1852/2209/1852 1935/2298/1935
f 1720/2059/1720 1771/2120/1771 1936/2299/1936
f 1632/1964/1632 1894/2256/1894 1852/2209/1852
f 1720/2059/1720 1936/2299/1936 1853/2210/1853
f 1632/1964/1632 1772/2121/1772 1894/2256/1894
f 1772/2121/1772 1576/1899/1576 1893/2255/1893
f 1576/1899/1576 1937/2300/1937 1893/2255/1893
f 1577/1900/1577 1937/2300/1937 1576/1899/1576
f 1634/2301/1634 1724/2302/1724 1722/2061/1722
f 1773/2123/1773 1938/2303/1938 1774/2124/1774
f 1938/2303/1938 1896/2258/1896 1774/2124/1774
f 1726/2065/1726 1637/1970/1637 1939/2304/1939
f 1637/1970/1637 1940/2305/1940 1939/2304/1939
f 1637/1970/1637 1775/2125/1775 1940/2305/1940
f 1688/2024/1688 1776/2126/1776 1941/2306/1941
f 1856/2213/1856 1900/2262/1900 1643/1976/1643
f 1477/1777/1477 1779/2129/1779 1777/2127/1777
f 1584/1907/1584 1781/2131/1781 1779/2129/1779
f 1731/2070/1731 1901/2263/1901 1732/2071/1732
f 1732/2071/1732 1942/2307/1942 1782/2132/1782
f 1784/2134/1784 1943/2308/1943 1691/2027/1691
f 1943/2308/1943 1858/2215/1858 1691/2027/1691
f 1785/2135/1785 1903/2265/1903 1823/2175/1823
f 1944/2309/1944 1537/2216/1537 1734/2310/1734
f 1906/2268/1906 1945/2311/1945 1825/2177/1825
f 1537/2216/1537 1946/2312/1946 1859/2217/1859
f 1859/2217/1859 1947/2313/1947 1860/2218/1860
f 1860/2218/1860 1947/2313/1947 1908/2270/1908
f 1826/2178/1826 1861/2219/1861 1907/2269/1907
f 1909/2271/1909 1948/2314/1948 1828/2180/1828
f 1948/2314/1948 1910/2272/1910 1828/2180/1828
f 1949/2315/1949 1950/2316/1950 1790/2317/1790
f 1790/2141/1790 1950/2318/1950 1862/2222/1862
f 1863/2223/1863 1949/2319/1949 1790/2141/1790
f 1864/2224/1864 1951/2320/1951 1863/2223/1863
f 1863/2321/1863 1951/2322/1951 1952/2323/1952
f 1700/2036/1700 1865/2225/1865 1953/2324/1953
f 1954/2325/1954 1955/2326/1955 1793/2144/1793
f 1793/2144/1793 1955/2326/1955 1864/2224/1864
f 1700/2036/1700 1953/2324/1953 1829/2181/1829
f 1829/2181/1829 1956/2327/1956 1745/2091/1745
f 1745/2091/1745 1954/2325/1954 1793/2144/1793
f 1830/2182/1830 1657/1992/1657 1957/2328/1957
f 1832/2184/1832 1958/2329/1958 1657/1992/1657
f 1658/1993/1658 1959/2330/1959 1832/2184/1832
f 1833/2185/1833 1960/2331/1960 1867/2227/1867
f 1747/2093/1747 1961/2332/1961 1794/2145/1794
f 1701/2037/1701 1913/2275/1913 1914/2276/1914
f 1747/2093/1747 1748/2094/1748 1962/2333/1962
f 1795/2146/1795 1963/2334/1963 1796/2147/1796
f 1702/2038/1702 1964/2335/1964 1836/2188/1836
f 1702/2038/1702 1868/2228/1868 1964/2335/1964
f 1753/2099/1753 1837/2189/1837 1965/2336/1965
f 1868/2228/1868 1749/2095/1749 1917/2279/1917
f 1753/2099/1753 1966/2337/1966 1752/2098/1752
f 1752/2231/1752 1966/2338/1966 1839/2191/1839
f 1798/2149/1798 1871/2232/1871 1921/2283/1921
f 1871/2232/1871 1967/2339/1967 1921/2283/1921
f 1871/2232/1871 1968/2340/1968 1967/2339/1967
f 1873/2234/1873 1968/2340/1968 1871/2232/1871
f 1842/2197/1842 1969/2341/1969 1970/2342/1970
f 1757/2235/1757 1875/2343/1875 1873/2234/1873
f 1875/2343/1875 1802/2344/1802 1971/2345/1971
f 1843/2198/1843 1804/2155/1804 1972/2346/1972
f 1804/2155/1804 1878/2240/1878 1973/2347/1973
f 1844/2199/1844 1974/2348/1974 1878/2240/1878
f 1844/2199/1844 1975/2349/1975 1974/2348/1974
f 1879/2241/1879 1975/2349/1975 1844/2199/1844
f 1881/2243/1881 1880/2242/1880 1924/2286/1924
f 1764/2113/1764 1882/2244/1882 1880/2242/1880
f 1809/2160/1809 1976/2350/1976 1925/2287/1925
f 1809/2160/1809 1926/2288/1926 1976/2350/1976
f 1884/2246/1884 1977/2351/1977 1926/2288/1926
f 1884/2246/1884 1885/2247/1885 1977/2351/1977
f 1847/2202/1847 1978/2352/1978 1811/2162/1811
f 1929/2291/1929 1888/2250/1888 1769/2165/1769
f 1888/2250/1888 1979/2353/1979 1849/2292/1849
f 1886/2248/1886 1927/2289/1927 1682/2018/1682
f 1714/2053/1714 1927/2289/1927 1847/2202/1847
f 1815/2167/1815 1928/2290/1928 1685/2021/1685
f 1815/2167/1815 1980/2354/1980 1928/2290/1928
f 1717/2056/1717 1981/2355/1981 1816/2168/1816
f 1814/2166/1814 1816/2168/1816 1850/2207/1850
f 1850/2207/1850 1816/2168/1816 1982/2356/1982
f 1932/2295/1932 1983/2357/1983 1848/2203/1848
f 1718/2057/1718 1933/2296/1933 1889/2251/1889
f 1817/2169/1817 1984/2358/1984 1933/2296/1933
f 1719/2058/1719 1890/2252/1890 1817/2169/1817
f 1934/2297/1934 1892/2254/1892 1818/2170/1818
f 1892/2254/1892 1985/2359/1985 1890/2252/1890
f 1771/2120/1771 1986/2360/1986 1936/2299/1936
f 1852/2209/1852 1894/2256/1894 1987/2361/1987
f 1577/1900/1577 1819/2171/1819 1937/2300/1937
f 1726/2065/1726 1988/2362/1988 1854/2211/1854
f 1989/2363/1989 1988/2362/1988 1726/2065/1726
f 1726/2065/1726 1939/2304/1939 1989/2363/1989
f 1775/2125/1775 1727/2066/1727 1897/2259/1897
f 1820/2172/1820 1990/2364/1990 1728/2067/1728
f 1639/1972/1639 1991/2365/1991 1898/2260/1898
f 1821/2173/1821 1992/2366/1992 1780/2130/1780
f 1901/2263/1901 1942/2307/1942 1732/2071/1732
f 1782/2132/1782 1942/2307/1942 1993/2367/1993
f 1782/2132/1782 1993/2367/1993 1783/2133/1783
f 1993/2367/1993 1994/2368/1994 1783/2133/1783
f 1783/2133/1783 1994/2368/1994 1784/2134/1784
f 1994/2368/1994 1943/2308/1943 1784/2134/1784
f 1944/2309/1944 1946/2312/1946 1537/2216/1537
f 1859/2217/1859 1946/2312/1946 1947/2313/1947
f 1945/2311/1945 1906/2268/1906 1995/2369/1995
f 1906/2268/1906 1907/2269/1907 1995/2369/1995
f 1908/2270/1908 1909/2271/1909 1827/2179/1827
f 1861/2219/1861 1996/2370/1996 1907/2269/1907
f 1862/2220/1862 1950/2316/1950 1997/2371/1997
f 1862/2220/1862 1997/2371/1997 1861/2219/1861
f 1863/2223/1863 1952/2372/1952 1949/2319/1949
f 1864/2224/1864 1955/2326/1955 1951/2320/1951
f 1829/2181/1829 1953/2324/1953 1956/2327/1956
f 1745/2091/1745 1956/2327/1956 1954/2325/1954
f 1957/2328/1957 1911/2273/1911 1830/2182/1830
f 1658/1993/1658 1998/2373/1998 1959/2330/1959
f 1746/2092/1746 1998/2373/1998 1658/1993/1658
f 1796/2147/1796 1963/2334/1963 1835/2187/1835
f 1918/2280/1918 1870/2230/1870 1999/2374/1999
f 1870/2230/1870 1919/2281/1919 1999/2374/1999
f 1920/2282/1920 2000/2375/2000 1919/2281/1919
f 1920/2282/1920 1921/2283/1921 2001/2376/2001
f 1921/2283/1921 1967/2339/1967 2001/2376/2001
f 1968/2340/1968 2002/2377/2002 1967/2339/1967
f 1968/2340/1968 2003/2378/2003 2002/2377/2002
f 1872/2233/1872 1969/2341/1969 1842/2197/1842
f 1968/2340/1968 1873/2234/1873 2003/2378/2003
f 1875/2343/1875 2004/2379/2004 1873/2234/1873
f 1802/2344/1802 1922/2380/1922 1971/2345/1971
f 1843/2381/1843 2005/2382/2005 1922/2380/1922
f 1972/2383/1972 2005/2382/2005 1843/2381/1843
f 1972/2383/1972 2006/2384/2006 2005/2382/2005
f 1874/2236/1874 2007/2385/2007 1876/2238/1876
f 1972/2346/1972 1804/2155/1804 2008/2386/2008
f 1804/2155/1804 1973/2347/1973 2008/2386/2008
f 1876/2238/1876 2009/2387/2009 1877/2239/1877
f 2010/2388/2010 1973/2347/1973 1878/2240/1878
f 2011/2389/2011 1877/2239/1877 2009/2387/2009
f 2011/2389/2011 1760/2109/1760 1877/2239/1877
f 2011/2389/2011 1923/2285/1923 1760/2109/1760
f 1879/2241/1879 1924/2286/1924 2012/2390/2012
f 1924/2286/1924 1880/2242/1880 2013/2391/2013
f 1880/2242/1880 1882/2244/1882 2014/2392/2014
f 2014/2392/2014 1882/2244/1882 1883/2245/1883
f 1883/2245/1883 1925/2287/1925 2015/2393/2015
f 2014/2392/2014 1883/2245/1883 2015/2393/2015
f 2016/2394/2016 1925/2287/1925 1976/2350/1976
f 1976/2350/1976 1926/2288/1926 1977/2351/1977
f 1885/2247/1885 1811/2162/1811 2017/2395/2017
f 1978/2352/1978 1847/2202/1847 2018/2396/2018
f 1850/2207/1850 2019/2397/2019 1815/2167/1815
f 1928/2290/1928 1929/2291/1929 1770/2119/1770
f 1979/2353/1979 1930/2398/1930 1849/2292/1849
f 2018/2396/2018 1847/2202/1847 1927/2289/1927
f 1931/2294/1931 1932/2295/1932 1887/2249/1887
f 2020/2399/2020 1932/2295/1932 1931/2294/1931
f 1983/2357/1983 1886/2248/1886 1848/2203/1848
f 2021/2400/2021 1886/2248/1886 1983/2357/1983
f 1927/2289/1927 1886/2248/1886 2021/2400/2021
f 1851/2208/1851 1986/2360/1986 1771/2120/1771
f 2022/2401/2022 1984/2358/1984 1817/2169/1817
f 2022/2401/2022 1817/2169/1817 1890/2252/1890
f 2023/2402/2023 1934/2297/1934 1891/2253/1891
f 1934/2297/1934 1985/2359/1985 1892/2254/1892
f 1891/2253/1891 1630/1962/1630 1935/2298/1935
f 2024/2403/2024 1853/2210/1853 1936/2299/1936
f 2024/2403/2024 1895/2257/1895 1853/2210/1853
f 2025/2404/2025 1722/2061/1722 1724/2302/1724
f 1895/2257/1895 1938/2303/1938 1773/2123/1773
f 1896/2258/1896 2026/2405/2026 1855/2212/1855
f 2027/2406/2027 1820/2172/1820 2026/2405/2026
f 2026/2405/2026 1820/2172/1820 1855/2212/1855
f 1940/2305/1940 1775/2125/1775 2028/2407/2028
f 2027/2406/2027 2029/2408/2029 1820/2172/1820
f 1990/2364/1990 1899/2261/1899 1728/2067/1728
f 1991/2365/1991 1639/1972/1639 1688/2024/1688
f 2030/2409/2030 1729/2068/1729 1899/2261/1899
f 2030/2409/2030 1856/2213/1856 1729/2068/1729
f 1776/2126/1776 1730/2069/1730 2031/2410/2031
f 2031/2410/2031 1730/2069/1730 1777/2127/1777
f 1778/2128/1778 1992/2366/1992 1821/2173/1821
f 1992/2366/1992 1901/2263/1901 1780/2130/1780
f 2032/2411/2032 1779/2129/1779 1781/2131/1781
f 2033/2412/2033 1857/2214/1857 2034/2413/2034
f 1857/2214/1857 1822/2174/1822 2034/2413/2034
f 2035/2414/2035 1589/1912/1589 1646/1979/1646
f 2035/2414/2035 1646/1979/1646 1786/2136/1786
f 2036/2415/2036 1734/2073/1734 1647/1980/1647
f 1905/2267/1905 1825/2177/1825 1945/2311/1945
f 2037/2416/2037 1947/2313/1947 1946/2312/1946
f 2037/2416/2037 1908/2270/1908 1947/2313/1947
f 1997/2371/1997 1950/2316/1950 2038/2417/2038
f 2038/2417/2038 1950/2316/1950 1949/2315/1949
f 1910/2272/1910 2039/2418/2039 1791/2142/1791
f 2039/2418/2039 1865/2225/1865 1791/2142/1791
f 1952/2372/1952 1951/2320/1951 1955/2326/1955
f 2040/2419/2040 2041/2420/2041 1955/2326/1955
f 2040/2419/2040 1954/2325/1954 1956/2327/1956
f 2040/2419/2040 1955/2326/1955 1954/2325/1954
f 2042/2421/2042 1866/2226/1866 1831/2183/1831
f 2042/2421/2042 1831/2183/1831 1911/2273/1911
f 1957/2328/1957 1657/1992/1657 1958/2329/1958
f 1960/2331/1960 1833/2185/1833 2043/2422/2043
f 2043/2422/2043 1833/2185/1833 1866/2226/1866
f 1998/2373/1998 1746/2092/1746 1912/2274/1912
f 1912/2274/1912 1794/2145/1794 1961/2332/1961
f 1913/2275/1913 2044/2423/2044 1914/2276/1914
f 1961/2332/1961 1747/2093/1747 1962/2333/1962
f 1962/2333/1962 1748/2094/1748 1915/2277/1915
f 1963/2334/1963 1795/2146/1795 1914/2276/1914
f 1963/2334/1963 1914/2276/1914 2044/2423/2044
f 2045/2424/2045 1965/2336/1965 1837/2189/1837
f 2046/2425/2046 1868/2228/1868 1917/2279/1917
f 1966/2337/1966 1753/2099/1753 1965/2336/1965
f 2047/2426/2047 1999/2374/1999 1919/2281/1919
f 1919/2281/1919 2000/2375/2000 2047/2426/2047
f 2000/2375/2000 1920/2282/1920 2048/2427/2048
f 1840/2193/1840 1839/2191/1839 1966/2338/1966
f 2003/2378/2003 1873/2234/1873 2004/2379/2004
f 1875/2343/1875 1971/2345/1971 2004/2379/2004
f 1970/2342/1970 1874/2236/1874 1842/2197/1842
f 1971/2345/1971 1922/2380/1922 2049/2428/2049
f 2049/2428/2049 1922/2380/1922 2005/2382/2005
f 2006/2384/2006 1972/2383/1972 2008/2429/2008
f 2008/2386/2008 1973/2347/1973 2010/2388/2010
f 1975/2349/1975 2050/2430/2050 1974/2348/1974
f 1975/2349/1975 1879/2241/1879 2050/2430/2050
f 2012/2390/2012 1924/2286/1924 2051/2431/2051
f 2012/2390/2012 2051/2431/2051 1879/2241/1879
f 1924/2286/1924 2052/2432/2052 2051/2431/2051
f 2013/2391/2013 1880/2242/1880 2053/2433/2053
f 1880/2242/1880 2014/2392/2014 2053/2433/2053
f 2014/2392/2014 2054/2434/2054 2053/2433/2053
f 2014/2435/2014 2015/2436/2015 2054/2437/2054
f 2055/2438/2055 1807/2158/1807 1846/2201/1846
f 2055/2438/2055 2056/2439/2056 1766/2115/1766
f 1807/2158/1807 2055/2438/2055 1766/2115/1766
f 2015/2393/2015 1925/2287/1925 2057/2440/2057
f 1925/2287/1925 2016/2394/2016 2057/2440/2057
f 1977/2351/1977 1885/2247/1885 2058/2441/2058
f 2056/2439/2056 1851/2208/1851 1766/2115/1766
f 1888/2250/1888 2059/2442/2059 2060/2443/2060
f 1979/2353/1979 2061/2444/2061 1930/2398/1930
f 1930/2293/1930 2062/2445/2062 1931/2294/1931
f 1889/2251/1889 2063/2446/2063 1717/2056/1717
f 1931/2447/1931 2062/2448/2062 2020/2449/2020
f 1932/2295/1932 2020/2399/2020 1983/2357/1983
f 1927/2289/1927 2021/2400/2021 2018/2396/2018
f 1933/2296/1933 2064/2450/2064 1889/2251/1889
f 2065/2451/2065 2024/2403/2024 1936/2299/1936
f 1724/2063/1724 1854/2211/1854 2066/2452/2066
f 2067/2453/2067 1854/2211/1854 1988/2362/1988
f 1938/2303/1938 2068/2454/2068 1896/2258/1896
f 1989/2363/1989 2069/2455/2069 1988/2362/1988
f 2068/2454/2068 2026/2405/2026 1896/2258/1896
f 1939/2304/1939 1940/2305/1940 2028/2407/2028
f 1820/2172/1820 2029/2408/2029 1990/2364/1990
f 1991/2365/1991 1688/2024/1688 1941/2306/1941
f 1776/2126/1776 2031/2410/2031 2070/2456/2070
f 1856/2213/1856 2071/2457/2071 1900/2262/1900
f 2072/2458/2072 1993/2367/1993 1942/2307/1942
f 2073/2459/2073 1785/2135/1785 1858/2215/1858
f 1903/2460/1903 2074/2461/2074 1824/2462/1824
f 1904/2266/1904 1589/1912/1589 2035/2414/2035
f 2036/2463/2036 1944/2309/1944 1734/2310/1734
f 2037/2416/2037 2075/2464/2075 1908/2270/1908
f 1995/2369/1995 1907/2269/1907 1996/2370/1996
f 1997/2371/1997 2038/2417/2038 1996/2370/1996
f 1861/2219/1861 1997/2371/1997 1996/2370/1996
f 2076/2465/2076 1949/2319/1949 1952/2372/1952
f 1865/2225/1865 2039/2418/2039 1953/2324/1953
f 1953/2324/1953 2077/2466/2077 1956/2327/1956
f 2077/2466/2077 2040/2419/2040 1956/2327/1956
f 1952/2372/1952 1955/2326/1955 2041/2420/2041
f 1957/2328/1957 2078/2467/2078 1911/2273/1911
f 1866/2226/1866 2042/2421/2042 2043/2422/2043
f 1958/2329/1958 1832/2184/1832 1959/2330/1959
f 2079/2468/2079 2044/2423/2044 1913/2275/1913
f 2079/2468/2079 1913/2275/1913 1867/2227/1867
f 1962/2333/1962 2080/2469/2080 1961/2332/1961
f 1834/2186/1834 2081/2470/2081 1915/2277/1915
f 1836/2188/1836 2082/2471/2082 2083/2472/2083
f 1836/2188/1836 1964/2335/1964 2082/2471/2082
f 1868/2228/1868 2084/2473/2084 1964/2335/1964
f 1917/2279/1917 1918/2280/1918 2046/2425/2046
f 1920/2282/1920 2001/2376/2001 2048/2427/2048
f 2001/2376/2001 1967/2339/1967 2085/2474/2085
f 2086/2475/2086 2085/2474/2085 1967/2339/1967
f 2087/2476/2087 1872/2233/1872 1840/2193/1840
f 1967/2339/1967 2088/2477/2088 2086/2475/2086
f 1967/2339/1967 2089/2478/2089 2088/2477/2088
f 1967/2339/1967 2002/2377/2002 2089/2478/2089
f 2002/2377/2002 2088/2477/2088 2089/2478/2089
f 2004/2379/2004 1971/2345/1971 2049/2428/2049
f 2005/2382/2005 2006/2384/2006 2090/2479/2090
f 2007/2385/2007 2009/2387/2009 1876/2238/1876
f 1878/2240/1878 2091/2480/2091 2010/2388/2010
f 1878/2240/1878 1974/2348/1974 2091/2480/2091
f 1974/2348/1974 2050/2430/2050 2092/2481/2092
f 1923/2285/1923 2093/2482/2093 1846/2201/1846
f 2013/2391/2013 2052/2432/2052 1924/2286/1924
f 2013/2483/2013 2053/2484/2053 2094/2485/2094
f 2054/2437/2054 2095/2486/2095 2053/2484/2053
f 2054/2437/2054 2015/2436/2015 2095/2486/2095
f 2057/2487/2057 2016/2488/2016 2015/2436/2015
f 2016/2394/2016 1976/2350/1976 2096/2489/2096
f 1977/2351/1977 2096/2489/2096 1976/2350/1976
f 1885/2247/1885 2017/2395/2017 2058/2441/2058
f 1811/2162/1811 1978/2352/1978 2097/2490/2097
f 1811/2162/1811 2097/2490/2097 2017/2395/2017
f 1928/2290/1928 2059/2442/2059 1929/2291/1929
f 1929/2291/1929 2059/2442/2059 1888/2250/1888
f 1981/2355/1981 1982/2356/1982 1816/2168/1816
f 1850/2207/1850 1982/2356/1982 2019/2397/2019
f 1815/2167/1815 2019/2397/2019 1980/2354/1980
f 1888/2250/1888 2061/2444/2061 1979/2353/1979
f 2098/2491/2098 2062/2448/2062 1930/2398/1930
f 1717/2056/1717 2063/2446/2063 1981/2355/1981
f 1930/2398/1930 2061/2444/2061 2098/2491/2098
f 2062/2448/2062 2099/2492/2099 2020/2449/2020
f 2018/2396/2018 2021/2400/2021 2100/2493/2100
f 1851/2208/1851 2101/2494/2101 1986/2360/1986
f 1933/2296/1933 1984/2358/1984 2064/2450/2064
f 1890/2252/1890 2102/2495/2102 2022/2401/2022
f 1891/2253/1891 1935/2298/1935 2023/2402/2023
f 1937/2300/1937 2103/2496/2103 1893/2255/1893
f 1819/2171/1819 1722/2061/1722 2104/2497/2104
f 1854/2211/1854 2105/2498/2105 2066/2452/2066
f 1775/2125/1775 2106/2499/2106 2028/2407/2028
f 1775/2125/1775 1897/2259/1897 2106/2499/2106
f 2030/2409/2030 2107/2500/2107 1856/2213/1856
f 1900/2262/1900 2108/2501/2108 1778/2128/1778
f 1857/2214/1857 2032/2411/2032 1781/2131/1781
f 1993/2367/1993 2109/2502/2109 1994/2368/1994
f 2034/2413/2034 1822/2174/1822 1902/2264/1902
f 1824/2462/1824 2074/2461/2074 2036/2463/2036
f 1824/2462/1824 2036/2463/2036 1647/2503/1647
f 1944/2309/1944 2110/2504/2110 1946/2312/1946
f 1995/2369/1995 2111/2505/2111 1945/2311/1945
f 1946/2312/1946 2110/2504/2110 2037/2416/2037
f 1995/2369/1995 2112/2506/2112 2111/2505/2111
f 2075/2464/2075 2113/2507/2113 1908/2270/1908
f 1995/2369/1995 1996/2370/1996 2112/2506/2112
f 1908/2270/1908 2113/2507/2113 1909/2271/1909
f 1948/2314/1948 1909/2271/1909 2113/2507/2113
f 1996/2370/1996 2038/2417/2038 2114/2508/2114
f 1948/2314/1948 2115/2509/2115 1910/2272/1910
f 2038/2417/2038 1949/2315/1949 2076/2510/2076
f 1952/2372/1952 2116/2511/2116 2076/2465/2076
f 2039/2418/2039 2117/2512/2117 1953/2324/1953
f 1952/2372/1952 2041/2420/2041 2116/2511/2116
f 2117/2512/2117 2077/2466/2077 1953/2324/1953
f 2040/2419/2040 2118/2513/2118 2119/2514/2119
f 2040/2419/2040 2119/2514/2119 2041/2420/2041
f 1957/2328/1957 2120/2515/2120 2078/2467/2078
f 1958/2329/1958 2120/2515/2120 1957/2328/1957
f 1912/2274/1912 1961/2332/1961 2121/2516/2121
f 1915/2277/1915 2080/2469/2080 1962/2333/1962
f 1916/2278/1916 2081/2470/2081 1834/2186/1834
f 1835/2187/1835 2122/2517/2122 1837/2189/1837
f 1916/2278/1916 1836/2188/1836 2083/2472/2083
f 1964/2335/1964 2084/2473/2084 2082/2471/2082
f 2046/2425/2046 1918/2280/1918 2123/2518/2123
f 1918/2280/1918 1999/2374/1999 2124/2519/2124
f 2000/2375/2000 2048/2427/2048 2047/2426/2047
f 1966/2338/1966 2125/2520/2125 1840/2193/1840
f 2001/2376/2001 2085/2474/2085 2048/2427/2048
f 2002/2377/2002 2126/2521/2126 2088/2477/2088
f 2002/2377/2002 2003/2378/2003 2126/2521/2126
f 2003/2378/2003 2004/2379/2004 2126/2521/2126
f 1874/2236/1874 1970/2342/1970 2127/2522/2127
f 1874/2236/1874 2127/2522/2127 2007/2385/2007
f 2005/2382/2005 2090/2479/2090 2049/2428/2049
f 2006/2384/2006 2128/2523/2128 2090/2479/2090
f 2008/2429/2008 2010/2524/2010 2006/2384/2006
f 2010/2388/2010 2091/2480/2091 2129/2525/2129
f 2050/2430/2050 2130/2526/2130 2092/2481/2092
f 1879/2241/1879 2051/2431/2051 2050/2430/2050
f 2051/2431/2051 2052/2432/2052 2131/2527/2131
f 2052/2432/2052 2013/2391/2013 2132/2528/2132
f 2013/2483/2013 2133/2529/2133 2132/2530/2132
f 2053/2484/2053 2134/2531/2134 2094/2485/2094
f 2094/2485/2094 2134/2531/2134 2013/2483/2013
f 2053/2484/2053 2135/2532/2135 2134/2531/2134
f 2053/2484/2053 2095/2486/2095 2135/2532/2135
f 2015/2436/2015 2136/2533/2136 2095/2486/2095
f 2136/2533/2136 2137/2534/2137 2095/2486/2095
f 2015/2436/2015 2138/2535/2138 2136/2533/2136
f 2136/2533/2136 2138/2535/2138 2137/2534/2137
f 2015/2436/2015 2016/2488/2016 2138/2535/2138
f 2016/2536/2016 2139/2537/2139 2138/2538/2138
f 2016/2488/2016 2140/2539/2140 2139/2540/2139
f 2016/2488/2016 2096/2541/2096 2140/2539/2140
f 2096/2489/2096 2141/2542/2141 2140/2543/2140
f 1977/2351/1977 2058/2441/2058 2096/2489/2096
f 2017/2395/2017 2097/2490/2097 2058/2441/2058
f 2059/2442/2059 1928/2290/1928 1980/2354/1980
f 1888/2250/1888 2142/2544/2142 2061/2444/2061
f 1888/2250/1888 2060/2443/2060 2142/2544/2142
f 1978/2352/1978 2143/2545/2143 2097/2490/2097
f 2063/2446/2063 2144/2546/2144 1981/2355/1981
f 2018/2396/2018 2100/2493/2100 1978/2352/1978
f 1983/2547/1983 2145/2548/2145 2021/2549/2021
f 2021/2400/2021 2145/2550/2145 2100/2493/2100
f 2064/2450/2064 2146/2551/2146 1889/2251/1889
f 1984/2358/1984 2147/2552/2147 2064/2450/2064
f 1986/2360/1986 2065/2451/2065 1936/2299/1936
f 1852/2209/1852 1987/2361/1987 1935/2298/1935
f 1894/2256/1894 2148/2553/2148 1987/2361/1987
f 1819/2171/1819 2104/2497/2104 1937/2300/1937
f 1722/2061/1722 2025/2404/2025 2104/2497/2104
f 1724/2302/1724 2066/2554/2066 2025/2404/2025
f 1895/2257/1895 2149/2555/2149 1938/2303/1938
f 1854/2211/1854 2067/2453/2067 2150/2556/2150
f 1854/2557/1854 2150/2558/2150 2105/2559/2105
f 1988/2362/1988 2069/2455/2069 2067/2453/2067
f 1939/2304/1939 2151/2560/2151 2152/2561/2152
f 1939/2304/1939 2152/2561/2152 1989/2363/1989
f 2029/2408/2029 2153/2562/2153 1990/2364/1990
f 1990/2364/1990 2153/2562/2153 1899/2261/1899
f 1941/2306/1941 2154/2563/2154 1991/2365/1991
f 1776/2126/1776 2154/2563/2154 1941/2306/1941
f 1856/2213/1856 2107/2500/2107 2071/2457/2071
f 1776/2126/1776 2070/2456/2070 2155/2564/2155
f 2108/2501/2108 2156/2565/2156 1778/2128/1778
f 1778/2128/1778 2156/2565/2156 1992/2366/1992
f 1777/2127/1777 1779/2129/1779 2157/2566/2157
f 1992/2366/1992 2158/2567/2158 1901/2263/1901
f 1901/2263/1901 2159/2568/2159 1942/2307/1942
f 1857/2214/1857 2160/2569/2160 2032/2411/2032
f 1857/2214/1857 2033/2412/2033 2160/2569/2160
f 2072/2458/2072 2109/2502/2109 1993/2367/1993
f 1943/2308/1943 2161/2570/2161 1858/2215/1858
f 1858/2215/1858 2161/2570/2161 2073/2459/2073
f 2073/2459/2073 2162/2571/2162 1785/2135/1785
f 1785/2135/1785 2162/2571/2162 1903/2265/1903
f 2162/2571/2162 2074/2572/2074 1903/2265/1903
f 2074/2461/2074 2163/2573/2163 2036/2463/2036
f 2035/2414/2035 1786/2136/1786 2164/2574/2164
f 1944/2309/1944 2165/2575/2165 2110/2504/2110
f 1945/2311/1945 2111/2505/2111 2166/2576/2166
f 2167/2577/2167 2075/2464/2075 2037/2416/2037
f 2112/2506/2112 1996/2370/1996 2168/2578/2168
f 1996/2370/1996 2114/2508/2114 2168/2578/2168
f 2038/2417/2038 2169/2579/2169 2114/2508/2114
f 2076/2510/2076 2169/2579/2169 2038/2417/2038
f 1910/2272/1910 2115/2509/2115 2039/2418/2039
f 2116/2511/2116 2170/2580/2170 2076/2465/2076
f 2119/2514/2119 2170/2580/2170 2041/2420/2041
f 2116/2511/2116 2041/2420/2041 2170/2580/2170
f 2039/2418/2039 2171/2581/2171 2117/2512/2117
f 2077/2466/2077 2172/2582/2172 2118/2513/2118
f 2172/2582/2172 2119/2514/2119 2118/2513/2118
f 2040/2419/2040 2077/2466/2077 2118/2513/2118
f 1911/2273/1911 2078/2467/2078 2042/2421/2042
f 1959/2330/1959 2173/2583/2173 1958/2329/1958
f 1959/2330/1959 1998/2373/1998 2173/2583/2173
f 2043/2422/2043 2174/2584/2174 1960/2331/1960
f 1867/2227/1867 2174/2584/2174 2079/2468/2079
f 1867/2227/1867 1960/2331/1960 2174/2584/2174
f 2079/2468/2079 2175/2585/2175 2044/2423/2044
f 1915/2277/1915 2081/2470/2081 2176/2586/2176
f 1963/2334/1963 2122/2517/2122 1835/2187/1835
f 2122/2517/2122 2045/2424/2045 1837/2189/1837
f 2084/2473/2084 1868/2228/1868 2046/2425/2046
f 2177/2587/2177 1965/2336/1965 2045/2424/2045
f 2124/2519/2124 2123/2518/2123 1918/2280/1918
f 2177/2587/2177 1966/2337/1966 1965/2336/1965
f 2124/2519/2124 1999/2374/1999 2047/2426/2047
f 2178/2588/2178 2048/2427/2048 2085/2474/2085
f 2085/2474/2085 2086/2475/2086 2088/2477/2088
f 2087/2476/2087 1969/2341/1969 1872/2233/1872
f 2126/2521/2126 2004/2379/2004 2179/2589/2179
f 2179/2589/2179 2004/2379/2004 2180/2590/2180
f 2004/2379/2004 2049/2428/2049 2180/2590/2180
f 2181/2591/2181 2090/2479/2090 2182/2592/2182
f 2090/2479/2090 2128/2523/2128 2182/2592/2182
f 2128/2523/2128 2006/2384/2006 2182/2592/2182
f 2006/2384/2006 2010/2524/2010 2182/2592/2182
f 2182/2592/2182 2010/2524/2010 2183/2593/2183
f 2183/2593/2183 2010/2524/2010 2129/2594/2129
f 2091/2480/2091 1974/2348/1974 2092/2481/2092
f 2184/2595/2184 2092/2596/2092 2130/2597/2130
f 2093/2482/2093 1923/2285/1923 2011/2389/2011
f 2130/2526/2130 2050/2430/2050 2051/2431/2051
f 2013/2483/2013 2134/2531/2134 2133/2529/2133
f 2134/2531/2134 2135/2532/2135 2185/2598/2185
f 2133/2529/2133 2134/2531/2134 2185/2598/2185
f 2185/2599/2185 2135/2600/2135 2095/2601/2095
f 2095/2601/2095 2137/2602/2137 2186/2603/2186
f 2185/2599/2185 2095/2601/2095 2186/2603/2186
f 2137/2602/2137 2138/2604/2138 2187/2605/2187
f 2186/2603/2186 2137/2602/2137 2187/2605/2187
f 2138/2535/2138 2139/2540/2139 2188/2606/2188
f 2187/2605/2187 2138/2604/2138 2188/2607/2188
f 2189/2608/2189 2139/2540/2139 2140/2539/2140
f 2188/2606/2188 2139/2540/2139 2189/2608/2189
f 2189/2608/2189 2140/2539/2140 2190/2609/2190
f 2190/2609/2190 2140/2539/2140 2141/2610/2141
f 2141/2542/2141 2096/2489/2096 2191/2611/2191
f 2056/2439/2056 2192/2612/2192 1851/2208/1851
f 2096/2489/2096 2058/2441/2058 2191/2611/2191
f 2058/2441/2058 2097/2490/2097 2193/2613/2193
f 2194/2614/2194 1978/2352/1978 2100/2493/2100
f 2143/2615/2143 1978/2616/1978 2194/2617/2194
f 2146/2551/2146 2063/2446/2063 1889/2251/1889
f 2098/2491/2098 2099/2492/2099 2062/2448/2062
f 2101/2494/2101 2065/2451/2065 1986/2360/1986
f 2195/2618/2195 1983/2547/1983 2020/2449/2020
f 2099/2492/2099 2195/2618/2195 2020/2449/2020
f 2195/2618/2195 2145/2548/2145 1983/2547/1983
f 2022/2401/2022 2147/2552/2147 1984/2358/1984
f 2196/2619/2196 1985/2359/1985 1934/2297/1934
f 2196/2619/2196 1890/2252/1890 1985/2359/1985
f 1935/2298/1935 2196/2619/2196 2023/2402/2023
f 1934/2297/1934 2023/2402/2023 2196/2619/2196
f 2197/2620/2197 1935/2298/1935 1987/2361/1987
f 2148/2553/2148 1894/2256/1894 1893/2255/1893
f 2104/2497/2104 2103/2496/2103 1937/2300/1937
f 2198/2621/2198 2104/2497/2104 2025/2404/2025
f 2199/2622/2199 1895/2257/1895 2024/2403/2024
f 1939/2304/1939 2028/2407/2028 2151/2560/2151
f 2200/2623/2200 2153/2562/2153 2029/2408/2029
f 2153/2562/2153 2030/2409/2030 1899/2261/1899
f 2108/2501/2108 1900/2262/1900 2071/2457/2071
f 2157/2566/2157 2031/2410/2031 1777/2127/1777
f 2156/2565/2156 2158/2567/2158 1992/2366/1992
f 2157/2566/2157 1779/2129/1779 2032/2411/2032
f 2159/2568/2159 1901/2263/1901 2158/2567/2158
f 2159/2568/2159 2072/2458/2072 1942/2307/1942
f 2034/2413/2034 1902/2264/1902 2033/2412/2033
f 2109/2502/2109 2201/2624/2201 1994/2368/1994
f 2201/2624/2201 1943/2308/1943 1994/2368/1994
f 2202/2625/2202 2162/2571/2162 2073/2459/2073
f 2164/2574/2164 1786/2136/1786 2203/2626/2203
f 1786/2136/1786 1905/2267/1905 2203/2626/2203
f 2203/2626/2203 1905/2267/1905 1945/2311/1945
f 2165/2575/2165 1944/2309/1944 2036/2463/2036
f 2204/2627/2204 1945/2311/1945 2166/2576/2166
f 2167/2577/2167 2110/2504/2110 2205/2628/2205
f 2167/2577/2167 2037/2416/2037 2110/2504/2110
f 2206/2629/2206 2111/2505/2111 2112/2506/2112
f 2207/2630/2207 2075/2464/2075 2167/2577/2167
f 2112/2506/2112 2168/2578/2168 2206/2629/2206
f 2168/2578/2168 2114/2508/2114 2208/2631/2208
f 2208/2631/2208 2114/2508/2114 2169/2579/2169
f 2209/2632/2209 2169/2579/2169 2076/2510/2076
f 2115/2509/2115 2210/2633/2210 2039/2418/2039
f 2211/2634/2211 2117/2512/2117 2171/2581/2171
f 2211/2634/2211 2077/2466/2077 2117/2512/2117
f 2174/2584/2174 2043/2422/2043 2212/2635/2212
f 2043/2422/2043 2042/2421/2042 2213/2636/2213
f 1998/2373/1998 1912/2274/1912 2214/2637/2214
f 2121/2516/2121 1961/2332/1961 2080/2469/2080
f 2215/2638/2215 1963/2334/1963 2044/2423/2044
f 2122/2517/2122 1963/2334/1963 2215/2638/2215
f 2081/2470/2081 1916/2278/1916 2216/2639/2216
f 2217/2640/2217 2083/2472/2083 2082/2471/2082
f 2177/2587/2177 2218/2641/2218 1966/2337/1966
f 2125/2520/2125 1966/2338/1966 2218/2642/2218
f 2125/2520/2125 2087/2476/2087 1840/2193/1840
f 2088/2477/2088 2219/2643/2219 2085/2474/2085
f 2088/2477/2088 2126/2521/2126 2219/2643/2219
f 2049/2428/2049 2220/2644/2220 2180/2590/2180
f 2049/2428/2049 2090/2479/2090 2221/2645/2221
f 2049/2428/2049 2221/2645/2221 2220/2644/2220
f 2090/2479/2090 2181/2591/2181 2221/2645/2221
f 2181/2591/2181 2182/2592/2182 2222/2646/2222
f 2223/2647/2223 2009/2387/2009 2007/2385/2007
f 2182/2592/2182 2183/2593/2183 2224/2648/2224
f 2183/2593/2183 2225/2649/2225 2224/2648/2224
f 2129/2594/2129 2091/2650/2091 2183/2593/2183
f 2226/2651/2226 2011/2389/2011 2009/2387/2009
f 2091/2650/2091 2092/2596/2092 2183/2593/2183
f 2092/2596/2092 2184/2595/2184 2183/2593/2183
f 2052/2432/2052 2132/2528/2132 2131/2527/2131
f 1846/2201/1846 2227/2652/2227 2055/2438/2055
f 2133/2529/2133 2228/2653/2228 2132/2530/2132
f 2132/2654/2132 2228/2655/2228 2229/2656/2229
f 2133/2529/2133 2185/2598/2185 2228/2653/2228
f 2187/2605/2187 2188/2607/2188 2230/2657/2230
f 2187/2658/2187 2230/2659/2230 2186/2660/2186
f 2189/2661/2189 2190/2662/2190 2188/2663/2188
f 2188/2606/2188 2190/2609/2190 2231/2664/2231
f 2141/2610/2141 2191/2665/2191 2190/2609/2190
f 2192/2612/2192 2101/2494/2101 1851/2208/1851
f 2058/2441/2058 2193/2613/2193 2232/2666/2232
f 1980/2354/1980 2019/2397/2019 2233/2667/2233
f 2059/2442/2059 2234/2668/2234 2060/2443/2060
f 1982/2356/1982 1981/2355/1981 2235/2669/2235
f 2060/2443/2060 2236/2670/2236 2142/2544/2142
f 2097/2671/2097 2143/2615/2143 2193/2672/2193
f 2061/2444/2061 2237/2673/2237 2098/2491/2098
f 2145/2548/2145 2238/2674/2238 2100/2675/2100
f 2100/2675/2100 2239/2676/2239 2194/2617/2194
f 2099/2492/2099 2240/2677/2240 2195/2618/2195
f 2195/2618/2195 2240/2677/2240 2145/2548/2145
f 2145/2548/2145 2240/2677/2240 2238/2674/2238
f 2102/2495/2102 2147/2552/2147 2022/2401/2022
f 1890/2252/1890 2196/2619/2196 2102/2495/2102
f 2148/2553/2148 1893/2255/1893 2241/2678/2241
f 2065/2451/2065 2242/2679/2242 2024/2403/2024
f 1893/2255/1893 2243/2680/2243 2241/2678/2241
f 2242/2679/2242 2199/2622/2199 2024/2403/2024
f 2025/2404/2025 2066/2554/2066 2244/2681/2244
f 1895/2257/1895 2199/2622/2199 2149/2555/2149
f 2066/2452/2066 2105/2498/2105 2244/2682/2244
f 2149/2555/2149 2068/2454/2068 1938/2303/1938
f 1989/2363/1989 2152/2561/2152 2069/2455/2069
f 2068/2454/2068 2027/2406/2027 2026/2405/2026
f 2200/2623/2200 2029/2408/2029 2027/2406/2027
f 2071/2457/2071 2245/2683/2245 2108/2501/2108
f 2070/2456/2070 2031/2410/2031 2246/2684/2246
f 2247/2685/2247 1693/2029/1693 1904/2266/1904
f 2203/2626/2203 1945/2311/1945 2204/2627/2204
f 2248/2686/2248 2165/2575/2165 2036/2463/2036
f 2165/2575/2165 2205/2628/2205 2110/2504/2110
f 2206/2629/2206 2168/2578/2168 2208/2631/2208
f 2208/2631/2208 2169/2579/2169 2209/2632/2209
f 2209/2632/2209 2170/2687/2170 2249/2688/2249
f 2209/2632/2209 2076/2510/2076 2170/2687/2170
f 2039/2689/2039 2211/2690/2211 2171/2691/2171
f 2211/2634/2211 2250/2692/2250 2251/2693/2251
f 2252/2694/2252 2119/2514/2119 2172/2582/2172
f 2252/2694/2252 2170/2580/2170 2119/2514/2119
f 2211/2634/2211 2251/2693/2251 2077/2466/2077
f 2172/2582/2172 2077/2466/2077 2251/2693/2251
f 2042/2421/2042 2078/2467/2078 2213/2636/2213
f 2173/2583/2173 1998/2373/1998 2214/2637/2214
f 1912/2274/1912 2121/2516/2121 2253/2695/2253
f 1915/2277/1915 2176/2586/2176 2080/2469/2080
f 1916/2278/1916 2254/2696/2254 2216/2639/2216
f 2083/2472/2083 2254/2696/2254 1916/2278/1916
f 2045/2424/2045 2122/2517/2122 2255/2697/2255
f 2082/2471/2082 2084/2473/2084 2217/2640/2217
f 2048/2427/2048 2256/2698/2256 2047/2426/2047
f 2085/2474/2085 2257/2699/2257 2178/2588/2178
f 2085/2474/2085 2219/2643/2219 2257/2699/2257
f 2126/2521/2126 2258/2700/2258 2219/2643/2219
f 2126/2521/2126 2179/2589/2179 2258/2700/2258
f 2179/2589/2179 2180/2590/2180 2259/2701/2259
f 2180/2590/2180 2220/2644/2220 2260/2702/2260
f 2220/2644/2220 2221/2645/2221 2260/2702/2260
f 2224/2648/2224 2222/2646/2222 2182/2592/2182
f 2009/2387/2009 2223/2647/2223 2226/2651/2226
f 2184/2595/2184 2130/2597/2130 2261/2703/2261
f 2130/2526/2130 2051/2431/2051 2262/2704/2262
f 2051/2431/2051 2131/2527/2131 2262/2704/2262
f 2093/2482/2093 2227/2652/2227 1846/2201/1846
f 2131/2527/2131 2132/2528/2132 2263/2705/2263
f 2132/2530/2132 2264/2706/2264 2263/2707/2263
f 2229/2708/2229 2265/2709/2265 2266/2710/2266
f 2229/2708/2229 2228/2653/2228 2265/2709/2265
f 2229/2708/2229 2266/2710/2266 2132/2530/2132
f 2228/2653/2228 2267/2711/2267 2265/2709/2265
f 2228/2653/2228 2185/2598/2185 2267/2711/2267
f 2185/2598/2185 2268/2712/2268 2267/2711/2267
f 2185/2598/2185 2186/2660/2186 2268/2712/2268
f 2186/2660/2186 2269/2713/2269 2268/2712/2268
f 2186/2660/2186 2270/2714/2270 2269/2713/2269
f 2230/2659/2230 2271/2715/2271 2186/2660/2186
f 2186/2660/2186 2271/2715/2271 2270/2714/2270
f 2188/2606/2188 2231/2664/2231 2272/2716/2272
f 2188/2606/2188 2272/2716/2272 2230/2659/2230
f 2231/2664/2231 2190/2609/2190 2273/2717/2273
f 2231/2664/2231 2273/2717/2273 2272/2716/2272
f 2058/2441/2058 2274/2718/2274 2191/2611/2191
f 2232/2666/2232 2274/2718/2274 2058/2441/2058
f 1982/2356/1982 2235/2669/2235 2019/2397/2019
f 1980/2354/1980 2233/2667/2233 2059/2442/2059
f 2059/2442/2059 2275/2719/2275 2234/2668/2234
f 1981/2355/1981 2144/2546/2144 2235/2669/2235
f 2143/2615/2143 2276/2720/2276 2193/2672/2193
f 2063/2446/2063 2277/2721/2277 2144/2546/2144
f 2061/2444/2061 2142/2544/2142 2237/2673/2237
f 2143/2615/2143 2194/2617/2194 2276/2720/2276
f 2238/2674/2238 2239/2676/2239 2100/2675/2100
f 2098/2491/2098 2278/2722/2278 2099/2492/2099
f 2099/2492/2099 2278/2722/2278 2240/2677/2240
f 2102/2495/2102 2279/2723/2279 2147/2552/2147
f 2148/2553/2148 2197/2620/2197 1987/2361/1987
f 1893/2255/1893 2103/2496/2103 2243/2680/2243
f 2067/2453/2067 2280/2724/2280 2281/2725/2281
f 2069/2455/2069 2280/2724/2280 2067/2453/2067
f 2152/2561/2152 2280/2724/2280 2069/2455/2069
f 2028/2407/2028 2106/2499/2106 2151/2560/2151
f 1898/2260/1898 2282/2726/2282 1897/2259/1897
f 2153/2562/2153 2283/2727/2283 2030/2409/2030
f 1991/2365/1991 2282/2726/2282 1898/2260/1898
f 2283/2727/2283 2107/2500/2107 2030/2409/2030
f 1776/2126/1776 2155/2564/2155 2154/2563/2154
f 2031/2410/2031 2157/2566/2157 2246/2684/2246
f 2156/2565/2156 2284/2728/2284 2158/2567/2158
f 2032/2411/2032 2160/2569/2160 2285/2729/2285
f 2286/2730/2286 2072/2458/2072 2159/2568/2159
f 2033/2412/2033 2287/2731/2287 2160/2569/2160
f 2033/2412/2033 1902/2264/1902 2287/2731/2287
f 2201/2624/2201 2161/2570/2161 1943/2308/1943
f 1693/2029/1693 2288/2732/2288 1902/2264/1902
f 1693/2029/1693 2247/2685/2247 2288/2732/2288
f 2248/2686/2248 2036/2463/2036 2163/2573/2163
f 2203/2626/2203 2204/2627/2204 2289/2733/2289
f 2248/2686/2248 2290/2734/2290 2165/2575/2165
f 2075/2464/2075 2207/2630/2207 2113/2507/2113
f 2113/2507/2113 2207/2630/2207 2291/2735/2291
f 2206/2629/2206 2208/2631/2208 2292/2736/2292
f 2115/2509/2115 2293/2737/2293 2210/2633/2210
f 2170/2580/2170 2252/2694/2252 2249/2738/2249
f 2210/2633/2210 2294/2739/2294 2039/2418/2039
f 2039/2418/2039 2294/2739/2294 2211/2634/2211
f 2211/2634/2211 2294/2739/2294 2250/2692/2250
f 2251/2693/2251 2295/2740/2295 2172/2582/2172
f 2250/2692/2250 2295/2740/2295 2251/2693/2251
f 1958/2329/1958 2296/2741/2296 2120/2515/2120
f 2173/2583/2173 2296/2741/2296 1958/2329/1958
f 1912/2274/1912 2253/2695/2253 2214/2637/2214
f 2079/2468/2079 2297/2742/2297 2175/2585/2175
f 2079/2468/2079 2174/2584/2174 2297/2742/2297
f 2121/2516/2121 2298/2743/2298 2253/2695/2253
f 2044/2423/2044 2299/2744/2299 2215/2638/2215
f 2175/2585/2175 2299/2744/2299 2044/2423/2044
f 2217/2640/2217 2254/2696/2254 2083/2472/2083
f 2084/2473/2084 2300/2745/2300 2217/2640/2217
f 2046/2425/2046 2301/2746/2301 2084/2473/2084
f 2046/2425/2046 2123/2518/2123 2301/2746/2301
f 2047/2426/2047 2256/2698/2256 2124/2519/2124
f 2125/2520/2125 2218/2642/2218 2302/2747/2302
f 2125/2520/2125 2302/2747/2302 2087/2476/2087
f 2087/2476/2087 2303/2748/2303 1969/2341/1969
f 1969/2341/1969 2304/2749/2304 1970/2342/1970
f 2179/2589/2179 2259/2701/2259 2258/2700/2258
f 2259/2701/2259 2180/2590/2180 2305/2750/2305
f 2180/2590/2180 2306/2751/2306 2305/2750/2305
f 2180/2590/2180 2260/2702/2260 2306/2751/2306
f 2181/2591/2181 2307/2752/2307 2221/2645/2221
f 2007/2385/2007 2127/2522/2127 2308/2753/2308
f 2181/2591/2181 2222/2646/2222 2307/2752/2307
f 2183/2593/2183 2309/2754/2309 2225/2649/2225
f 2183/2593/2183 2184/2595/2184 2309/2754/2309
f 2262/2704/2262 2261/2755/2261 2130/2526/2130
f 2131/2756/2131 2263/2757/2263 2262/2758/2262
f 2264/2706/2264 2310/2759/2310 2263/2707/2263
f 2264/2706/2264 2311/2760/2311 2310/2759/2310
f 2264/2706/2264 2132/2530/2132 2311/2760/2311
f 2132/2530/2132 2312/2761/2312 2311/2760/2311
f 2266/2710/2266 2313/2762/2313 2132/2530/2132
f 2132/2530/2132 2313/2762/2313 2312/2761/2312
f 2266/2710/2266 2265/2709/2265 2314/2763/2314
f 2314/2763/2314 2313/2762/2313 2266/2710/2266
f 2267/2764/2267 2315/2765/2315 2314/2766/2314
f 2265/2767/2265 2267/2764/2267 2314/2766/2314
f 2314/2766/2314 2316/2768/2316 2313/2769/2313
f 2315/2765/2315 2316/2768/2316 2314/2766/2314
f 2267/2764/2267 2317/2770/2317 2315/2765/2315
f 2315/2765/2315 2317/2770/2317 2316/2768/2316
f 2268/2712/2268 2318/2771/2318 2267/2711/2267
f 2317/2770/2317 2318/2772/2318 2319/2773/2319
f 2267/2764/2267 2318/2772/2318 2317/2770/2317
f 2318/2772/2318 2320/2774/2320 2321/2775/2321
f 2268/2712/2268 2320/2776/2320 2318/2771/2318
f 2318/2772/2318 2321/2775/2321 2319/2773/2319
f 2268/2712/2268 2269/2713/2269 2320/2776/2320
f 2269/2713/2269 2322/2777/2322 2320/2776/2320
f 2269/2713/2269 2270/2714/2270 2322/2777/2322
f 2230/2659/2230 2272/2716/2272 2271/2715/2271
f 2271/2715/2271 2272/2716/2272 2270/2714/2270
f 2190/2609/2190 2323/2778/2323 2273/2717/2273
f 2191/2665/2191 2323/2778/2323 2190/2609/2190
f 2101/2494/2101 2192/2612/2192 2324/2779/2324
f 2019/2397/2019 2235/2669/2235 2325/2780/2325
f 2325/2780/2325 2326/2781/2326 2019/2397/2019
f 2019/2397/2019 2326/2781/2326 2233/2667/2233
f 2059/2442/2059 2233/2667/2233 2275/2719/2275
f 2234/2668/2234 2327/2782/2327 2060/2443/2060
f 2060/2443/2060 2327/2782/2327 2236/2670/2236
f 2193/2672/2193 2276/2720/2276 2232/2783/2232
f 2063/2446/2063 2328/2784/2328 2277/2721/2277
f 2142/2544/2142 2236/2670/2236 2329/2785/2329
f 2142/2544/2142 2329/2785/2329 2237/2673/2237
f 2063/2446/2063 2146/2551/2146 2330/2786/2330
f 2239/2676/2239 2331/2787/2331 2194/2617/2194
f 2194/2617/2194 2331/2787/2331 2276/2720/2276
f 2240/2677/2240 2332/2788/2332 2238/2674/2238
f 2238/2674/2238 2332/2788/2332 2333/2789/2333
f 2238/2674/2238 2333/2789/2333 2239/2676/2239
f 2147/2552/2147 2334/2790/2334 2064/2450/2064
f 2196/2619/2196 2335/2791/2335 2102/2495/2102
f 2025/2404/2025 2244/2681/2244 2198/2621/2198
f 2150/2558/2150 2244/2681/2244 2105/2559/2105
f 2149/2555/2149 2336/2792/2336 2068/2454/2068
f 2150/2556/2150 2067/2453/2067 2281/2725/2281
f 2068/2454/2068 2337/2793/2337 2027/2406/2027
f 2027/2406/2027 2337/2793/2337 2200/2623/2200
f 2151/2560/2151 2106/2499/2106 2338/2794/2338
f 2283/2727/2283 2339/2795/2339 2107/2500/2107
f 1991/2365/1991 2154/2563/2154 2282/2726/2282
f 2339/2795/2339 2340/2796/2340 2107/2500/2107
f 2107/2500/2107 2340/2796/2340 2071/2457/2071
f 2340/2796/2340 2245/2683/2245 2071/2457/2071
f 2155/2564/2155 2070/2456/2070 2341/2797/2341
f 2246/2684/2246 2157/2566/2157 2342/2798/2342
f 2284/2728/2284 2159/2568/2159 2158/2567/2158
f 2072/2458/2072 2286/2730/2286 2109/2502/2109
f 2073/2459/2073 2161/2570/2161 2202/2625/2202
f 1904/2266/1904 2035/2414/2035 2343/2799/2343
f 2165/2575/2165 2344/2800/2344 2205/2628/2205
f 2208/2631/2208 2345/2801/2345 2292/2736/2292
f 2209/2632/2209 2345/2801/2345 2208/2631/2208
f 2293/2737/2293 2115/2509/2115 1948/2314/1948
f 2250/2692/2250 2346/2802/2346 2295/2740/2295
f 2172/2582/2172 2295/2740/2295 2347/2803/2347
f 2252/2694/2252 2172/2582/2172 2347/2803/2347
f 2252/2694/2252 2347/2803/2347 2249/2738/2249
f 2078/2467/2078 2348/2804/2348 2213/2636/2213
f 2120/2515/2120 2348/2804/2348 2078/2467/2078
f 2043/2422/2043 2349/2805/2349 2212/2635/2212
f 2213/2636/2213 2349/2805/2349 2043/2422/2043
f 2174/2584/2174 2350/2806/2350 2297/2742/2297
f 2174/2584/2174 2212/2635/2212 2350/2806/2350
f 2351/2807/2351 2121/2516/2121 2080/2469/2080
f 2176/2586/2176 2081/2470/2081 2352/2808/2352
f 2352/2808/2352 2081/2470/2081 2216/2639/2216
f 2255/2697/2255 2122/2517/2122 2215/2638/2215
f 2353/2809/2353 2045/2424/2045 2255/2697/2255
f 2123/2518/2123 2124/2519/2124 2354/2810/2354
f 2127/2522/2127 1970/2342/1970 2304/2749/2304
f 2260/2702/2260 2221/2645/2221 2307/2752/2307
f 2307/2752/2307 2222/2646/2222 2355/2811/2355
f 2308/2753/2308 2223/2647/2223 2007/2385/2007
f 2355/2811/2355 2224/2648/2224 2356/2812/2356
f 2355/2811/2355 2222/2646/2222 2224/2648/2224
f 2356/2812/2356 2224/2648/2224 2225/2649/2225
f 2184/2595/2184 2261/2703/2261 2309/2754/2309
f 2309/2754/2309 2261/2703/2261 2357/2813/2357
f 2226/2651/2226 2093/2482/2093 2011/2389/2011
f 2261/2703/2261 2262/2814/2262 2357/2813/2357
f 2262/2815/2262 2263/2816/2263 2358/2817/2358
f 2359/2818/2359 2263/2707/2263 2310/2759/2310
f 2310/2759/2310 2311/2760/2311 2360/2819/2360
f 2312/2820/2312 2361/2821/2361 2311/2822/2311
f 2360/2819/2360 2311/2760/2311 2362/2823/2362
f 2362/2824/2362 2311/2822/2311 2361/2821/2361
f 2312/2820/2312 2313/2769/2313 2361/2821/2361
f 2362/2824/2362 2361/2821/2361 2313/2769/2313
f 2362/2824/2362 2313/2769/2313 2363/2825/2363
f 2363/2825/2363 2313/2769/2313 2316/2768/2316
f 2364/2826/2364 2316/2768/2316 2317/2770/2317
f 2363/2825/2363 2316/2768/2316 2364/2826/2364
f 2317/2770/2317 2319/2773/2319 2364/2826/2364
f 2227/2652/2227 2056/2439/2056 2055/2438/2055
f 2364/2826/2364 2319/2773/2319 2321/2775/2321
f 2227/2652/2227 2365/2827/2365 2056/2439/2056
f 2320/2774/2320 2322/2828/2322 2321/2775/2321
f 2270/2714/2270 2366/2829/2366 2322/2777/2322
f 2322/2828/2322 2366/2830/2366 2367/2831/2367
f 2321/2775/2321 2322/2828/2322 2367/2831/2367
f 2368/2832/2368 2366/2829/2366 2369/2833/2369
f 2369/2833/2369 2366/2829/2366 2270/2714/2270
f 2367/2834/2367 2366/2835/2366 2368/2836/2368
f 2270/2714/2270 2272/2716/2272 2369/2833/2369
f 2369/2833/2369 2272/2716/2272 2370/2837/2370
f 2370/2837/2370 2272/2716/2272 2371/2838/2371
f 2365/2827/2365 2192/2612/2192 2056/2439/2056
f 2371/2838/2371 2272/2716/2272 2273/2717/2273
f 2371/2838/2371 2273/2717/2273 2372/2839/2372
f 2323/2778/2323 2191/2665/2191 2373/2840/2373
f 2373/2840/2373 2191/2665/2191 2274/2841/2274
f 2374/2842/2374 2233/2667/2233 2326/2781/2326
f 2324/2779/2324 2065/2451/2065 2101/2494/2101
f 2330/2786/2330 2328/2784/2328 2063/2446/2063
f 2334/2790/2334 2146/2551/2146 2064/2450/2064
f 2237/2673/2237 2278/2722/2278 2098/2491/2098
f 2333/2789/2333 2331/2787/2331 2239/2676/2239
f 2375/2843/2375 2240/2677/2240 2278/2722/2278
f 2375/2843/2375 2332/2788/2332 2240/2677/2240
f 2375/2843/2375 2376/2844/2376 2332/2788/2332
f 2333/2789/2333 2332/2788/2332 2376/2844/2376
f 2279/2723/2279 2377/2845/2377 2147/2552/2147
f 2378/2846/2378 2279/2723/2279 2102/2495/2102
f 2379/2847/2379 2196/2619/2196 1935/2298/1935
f 2380/2848/2380 1935/2298/1935 2197/2620/2197
f 2241/2678/2241 2197/2620/2197 2148/2553/2148
f 2103/2496/2103 2104/2497/2104 2243/2680/2243
f 2243/2680/2243 2104/2497/2104 2198/2621/2198
f 2199/2622/2199 2242/2679/2242 2381/2849/2381
f 2382/2850/2382 2198/2621/2198 2244/2681/2244
f 2199/2622/2199 2383/2851/2383 2149/2555/2149
f 2244/2681/2244 2150/2558/2150 2384/2852/2384
f 2385/2853/2385 2153/2562/2153 2200/2623/2200
f 2156/2565/2156 2108/2501/2108 2245/2683/2245
f 2285/2729/2285 2160/2569/2160 2287/2731/2287
f 2286/2730/2286 2386/2854/2386 2109/2502/2109
f 2386/2854/2386 2387/2855/2387 2109/2502/2109
f 2287/2731/2287 1902/2264/1902 2388/2856/2388
f 2387/2855/2387 2201/2624/2201 2109/2502/2109
f 2288/2732/2288 2388/2856/2388 1902/2264/1902
f 2389/2857/2389 2074/2461/2074 2162/2858/2162
f 2389/2857/2389 2163/2573/2163 2074/2461/2074
f 2035/2414/2035 2164/2574/2164 2343/2799/2343
f 2164/2574/2164 2203/2626/2203 2289/2733/2289
f 2390/2859/2390 2205/2628/2205 2391/2860/2391
f 2166/2576/2166 2111/2505/2111 2392/2861/2392
f 2390/2859/2390 2393/2862/2393 2205/2628/2205
f 2205/2628/2205 2393/2862/2393 2167/2577/2167
f 2293/2737/2293 1948/2314/1948 2113/2507/2113
f 2249/2688/2249 2394/2863/2394 2209/2632/2209
f 2293/2737/2293 2395/2864/2395 2210/2633/2210
f 2395/2864/2395 2294/2739/2294 2210/2633/2210
f 2396/2865/2396 2250/2692/2250 2294/2739/2294
f 2395/2864/2395 2396/2865/2396 2294/2739/2294
f 2396/2865/2396 2346/2802/2346 2250/2692/2250
f 2295/2740/2295 2346/2802/2346 2347/2803/2347
f 2350/2806/2350 2212/2635/2212 2397/2866/2397
f 2398/2867/2398 2214/2637/2214 2253/2695/2253
f 2080/2469/2080 2399/2868/2399 2351/2807/2351
f 2080/2469/2080 2176/2586/2176 2399/2868/2399
f 2400/2869/2400 2255/2697/2255 2215/2638/2215
f 2254/2696/2254 2217/2640/2217 2401/2870/2401
f 2300/2745/2300 2084/2473/2084 2402/2871/2402
f 2045/2424/2045 2353/2809/2353 2177/2587/2177
f 2402/2871/2402 2084/2473/2084 2301/2746/2301
f 2403/2872/2403 2218/2641/2218 2177/2587/2177
f 2124/2519/2124 2256/2698/2256 2354/2810/2354
f 2048/2427/2048 2178/2588/2178 2256/2698/2256
f 2178/2588/2178 2404/2873/2404 2256/2698/2256
f 2178/2588/2178 2257/2699/2257 2404/2873/2404
f 2303/2748/2303 2087/2476/2087 2302/2747/2302
f 2219/2643/2219 2405/2874/2405 2257/2699/2257
f 2219/2643/2219 2258/2700/2258 2405/2874/2405
f 2304/2749/2304 1969/2341/1969 2303/2748/2303
f 2259/2701/2259 2406/2875/2406 2258/2700/2258
f 2259/2701/2259 2305/2750/2305 2306/2751/2306
f 2260/2702/2260 2407/2876/2407 2306/2751/2306
f 2407/2876/2407 2260/2702/2260 2408/2877/2408
f 2260/2702/2260 2307/2752/2307 2408/2877/2408
f 2307/2752/2307 2355/2811/2355 2409/2878/2409
f 2409/2878/2409 2355/2811/2355 2410/2879/2410
f 2355/2811/2355 2356/2812/2356 2410/2879/2410
f 2308/2753/2308 2411/2880/2411 2223/2647/2223
f 2411/2880/2411 2226/2651/2226 2223/2647/2223
f 2356/2812/2356 2225/2649/2225 2309/2754/2309
f 2309/2754/2309 2357/2813/2357 2412/2881/2412
f 2357/2882/2357 2262/2883/2262 2359/2818/2359
f 2262/2883/2262 2358/2884/2358 2359/2818/2359
f 2358/2884/2358 2263/2707/2263 2359/2818/2359
f 2413/2885/2413 2360/2886/2360 2362/2887/2362
f 2310/2759/2310 2360/2819/2360 2413/2888/2413
f 2364/2889/2364 2321/2890/2321 2414/2891/2414
f 2321/2775/2321 2415/2892/2415 2414/2893/2414
f 2321/2775/2321 2367/2831/2367 2416/2894/2416
f 2321/2775/2321 2416/2894/2416 2415/2892/2415
f 2368/2895/2368 2369/2896/2369 2417/2897/2417
f 2368/2895/2368 2417/2897/2417 2367/2831/2367
f 2417/2897/2417 2418/2898/2418 2367/2831/2367
f 2367/2831/2367 2418/2898/2418 2416/2894/2416
f 2417/2897/2417 2419/2899/2419 2418/2898/2418
f 2369/2833/2369 2419/2900/2419 2417/2901/2417
f 2369/2833/2369 2370/2837/2370 2419/2900/2419
f 2371/2838/2371 2420/2902/2420 2419/2900/2419
f 2419/2900/2419 2370/2837/2370 2371/2838/2371
f 2420/2902/2420 2371/2838/2371 2421/2903/2421
f 2371/2838/2371 2372/2839/2372 2421/2903/2421
f 2273/836/2273 2421/2904/2421 2372/2905/2372
f 2273/2717/2273 2323/2778/2323 2422/2906/2422
f 2273/2717/2273 2422/2906/2422 2421/2903/2421
f 2423/2907/2423 2373/2840/2373 2274/2841/2274
f 2423/2907/2423 2274/2841/2274 2232/2908/2232
f 2144/2546/2144 2277/2721/2277 2235/2669/2235
f 2275/2719/2275 2424/2909/2424 2234/2668/2234
f 2327/2782/2327 2234/2668/2234 2424/2909/2424
f 2276/2720/2276 2425/2910/2425 2232/2783/2232
f 2232/2783/2232 2425/2910/2425 2423/2911/2423
f 2327/2782/2327 2426/2912/2426 2236/2670/2236
f 2146/2551/2146 2334/2790/2334 2330/2786/2330
f 2333/2789/2333 2427/2913/2427 2331/2787/2331
f 2335/2791/2335 2378/2846/2378 2102/2495/2102
f 2380/2848/2380 2379/2847/2379 1935/2298/1935
f 2065/2451/2065 2428/2914/2428 2242/2679/2242
f 2197/2620/2197 2429/2915/2429 2380/2848/2380
f 2244/2681/2244 2430/2916/2430 2382/2850/2382
f 2384/2852/2384 2431/2917/2431 2244/2681/2244
f 2149/2555/2149 2383/2851/2383 2336/2792/2336
f 2337/2793/2337 2385/2853/2385 2200/2623/2200
f 2385/2853/2385 2432/2918/2432 2153/2562/2153
f 2432/2918/2432 2283/2727/2283 2153/2562/2153
f 2339/2795/2339 2433/2919/2433 2340/2796/2340
f 2154/2563/2154 2155/2564/2155 2341/2797/2341
f 2434/2920/2434 2245/2683/2245 2340/2796/2340
f 2070/2456/2070 2246/2684/2246 2341/2797/2341
f 2157/2566/2157 2435/2921/2435 2342/2798/2342
f 2284/2728/2284 2436/2922/2436 2159/2568/2159
f 2157/2566/2157 2032/2411/2032 2435/2921/2435
f 2286/2730/2286 2437/2923/2437 2386/2854/2386
f 2438/2924/2438 2161/2570/2161 2201/2624/2201
f 2439/2925/2439 2162/2571/2162 2202/2625/2202
f 2389/2857/2389 2440/2926/2440 2163/2573/2163
f 2441/2927/2441 2248/2686/2248 2163/2573/2163
f 2344/2800/2344 2165/2575/2165 2290/2734/2290
f 2166/2576/2166 2442/2928/2442 2204/2627/2204
f 2344/2800/2344 2391/2860/2391 2205/2628/2205
f 2392/2861/2392 2206/2629/2206 2442/2928/2442
f 2166/2576/2166 2392/2861/2392 2442/2928/2442
f 2206/2629/2206 2392/2861/2392 2111/2505/2111
f 2167/2577/2167 2393/2862/2393 2207/2630/2207
f 2443/2929/2443 2293/2737/2293 2113/2507/2113
f 2394/2930/2394 2347/2931/2347 2444/2932/2444
f 2394/2930/2394 2249/2933/2249 2347/2931/2347
f 2444/2932/2444 2347/2931/2347 2346/2934/2346
f 2120/2515/2120 2445/2935/2445 2348/2804/2348
f 2446/2936/2446 2213/2636/2213 2348/2804/2348
f 2253/2695/2253 2298/2743/2298 2398/2867/2398
f 2175/2585/2175 2447/2937/2447 2299/2744/2299
f 2175/2585/2175 2297/2742/2297 2447/2937/2447
f 2121/2516/2121 2351/2807/2351 2298/2743/2298
f 2399/2868/2399 2176/2586/2176 2351/2807/2351
f 2299/2744/2299 2448/2938/2448 2215/2638/2215
f 2216/2639/2216 2254/2696/2254 2352/2808/2352
f 2400/2869/2400 2449/2939/2449 2255/2697/2255
f 2177/2587/2177 2353/2809/2353 2403/2872/2403
f 2123/2518/2123 2450/2940/2450 2301/2746/2301
f 2451/2941/2451 2302/2747/2302 2218/2642/2218
f 2257/2699/2257 2452/2942/2452 2404/2873/2404
f 2257/2699/2257 2405/2874/2405 2452/2942/2452
f 2306/2751/2306 2407/2876/2407 2259/2701/2259
f 2259/2701/2259 2407/2876/2407 2406/2875/2406
f 2408/2877/2408 2307/2752/2307 2409/2878/2409
f 2410/2879/2410 2453/2943/2453 2409/2878/2409
f 2410/2879/2410 2356/2812/2356 2453/2943/2453
f 2357/2882/2357 2359/2818/2359 2454/2944/2454
f 2310/2759/2310 2455/2945/2455 2359/2818/2359
f 2310/2759/2310 2456/2946/2456 2455/2945/2455
f 2413/2885/2413 2456/2947/2456 2310/2948/2310
f 2413/2885/2413 2362/2887/2362 2456/2947/2456
f 2362/2823/2362 2457/2949/2457 2458/2950/2458
f 2362/2823/2362 2363/2951/2363 2457/2949/2457
f 2364/2889/2364 2459/2952/2459 2363/2951/2363
f 2414/2891/2414 2460/2953/2460 2364/2889/2364
f 2364/2889/2364 2460/2953/2460 2459/2952/2459
f 2414/2891/2414 2415/2954/2415 2460/2953/2460
f 2415/2954/2415 2461/2955/2461 2460/2953/2460
f 2416/2956/2416 2462/2957/2462 2415/2954/2415
f 2415/2954/2415 2462/2957/2462 2461/2955/2461
f 2419/2900/2419 2420/2902/2420 2463/2958/2463
f 2419/2899/2419 2463/2959/2463 2418/2898/2418
f 2420/2902/2420 2464/2960/2464 2463/2958/2463
f 2420/2902/2420 2421/2903/2421 2464/2960/2464
f 2323/2778/2323 2465/2961/2465 2422/2906/2422
f 2422/2906/2422 2465/2961/2465 2421/2903/2421
f 2323/2778/2323 2373/2840/2373 2465/2961/2465
f 2466/2962/2466 2325/2780/2325 2235/2669/2235
f 2276/2720/2276 2467/2963/2467 2425/2910/2425
f 2329/2785/2329 2236/2670/2236 2426/2912/2426
f 2329/2785/2329 2468/2964/2468 2237/2673/2237
f 2331/2787/2331 2427/2913/2427 2469/2965/2469
f 2331/2787/2331 2469/2965/2469 2276/2720/2276
f 2147/2552/2147 2377/2845/2377 2334/2790/2334
f 2237/2673/2237 2468/2964/2468 2278/2722/2278
f 2278/2722/2278 2470/2966/2470 2375/2843/2375
f 2376/2844/2376 2471/2967/2471 2333/2789/2333
f 2333/2789/2333 2471/2967/2471 2427/2913/2427
f 2065/2451/2065 2324/2779/2324 2428/2914/2428
f 2199/2622/2199 2472/2968/2472 2383/2851/2383
f 2281/2725/2281 2280/2724/2280 2473/2969/2473
f 2068/2454/2068 2336/2792/2336 2337/2793/2337
f 2152/2561/2152 2151/2560/2151 2474/2970/2474
f 2338/2794/2338 2475/2971/2475 2151/2560/2151
f 2154/2563/2154 2476/2972/2476 2477/2973/2477
f 2154/2563/2154 2341/2797/2341 2476/2972/2476
f 2245/2683/2245 2434/2920/2434 2156/2565/2156
f 2156/2565/2156 2478/2974/2478 2284/2728/2284
f 2159/2568/2159 2436/2922/2436 2286/2730/2286
f 2436/2922/2436 2437/2923/2437 2286/2730/2286
f 2201/2624/2201 2387/2855/2387 2479/2975/2479
f 2479/2975/2479 2480/2976/2480 2201/2624/2201
f 2201/2624/2201 2480/2976/2480 2438/2924/2438
f 2161/2570/2161 2438/2924/2438 2202/2625/2202
f 2439/2925/2439 2481/2977/2481 2162/2571/2162
f 2162/2858/2162 2481/2978/2481 2389/2857/2389
f 2163/2573/2163 2440/2926/2440 2441/2927/2441
f 2289/2733/2289 2482/2979/2482 2164/2574/2164
f 2248/2686/2248 2441/2927/2441 2483/2980/2483
f 2248/2686/2248 2483/2980/2483 2290/2734/2290
f 2204/2627/2204 2442/2928/2442 2289/2733/2289
f 2209/2632/2209 2394/2863/2394 2345/2801/2345
f 2394/2930/2394 2444/2932/2444 2484/2981/2484
f 2213/2636/2213 2446/2936/2446 2349/2805/2349
f 2120/2515/2120 2296/2741/2296 2445/2935/2445
f 2349/2805/2349 2485/2982/2485 2212/2635/2212
f 2173/2583/2173 2486/2983/2486 2296/2741/2296
f 2214/2637/2214 2486/2983/2486 2173/2583/2173
f 2214/2637/2214 2398/2867/2398 2486/2983/2486
f 2350/2806/2350 2397/2866/2397 2297/2742/2297
f 2215/2638/2215 2448/2938/2448 2400/2869/2400
f 2254/2696/2254 2487/2984/2487 2352/2808/2352
f 2217/2640/2217 2488/2985/2488 2401/2870/2401
f 2217/2640/2217 2300/2745/2300 2488/2985/2488
f 2489/2986/2489 2353/2809/2353 2255/2697/2255
f 2300/2745/2300 2402/2871/2402 2490/2987/2490
f 2489/2986/2489 2491/2988/2491 2353/2809/2353
f 2354/2810/2354 2450/2940/2450 2123/2518/2123
f 2403/2872/2403 2492/2989/2492 2218/2641/2218
f 2256/2698/2256 2404/2873/2404 2493/2990/2493
f 2304/2749/2304 2494/2991/2494 2127/2522/2127
f 2408/2877/2408 2495/2992/2495 2407/2876/2407
f 2409/2878/2409 2496/2993/2496 2408/2877/2408
f 2127/2522/2127 2497/2994/2497 2308/2753/2308
f 2308/2753/2308 2498/2995/2498 2411/2880/2411
f 2499/2996/2499 2500/2997/2500 2309/2754/2309
f 2309/2754/2309 2412/2881/2412 2499/2996/2499
f 2412/2881/2412 2357/2813/2357 2501/2998/2501
f 2357/2813/2357 2454/2999/2454 2501/2998/2501
f 2227/2652/2227 2093/2482/2093 2502/3000/2502
f 2455/3001/2455 2456/1054/2456 2503/3002/2503
f 2359/2818/2359 2455/2945/2455 2503/3003/2503
f 2362/2823/2362 2458/2950/2458 2456/2946/2456
f 2458/2950/2458 2504/3004/2504 2456/2946/2456
f 2458/2950/2458 2457/2949/2457 2504/3004/2504
f 2363/2951/2363 2505/3005/2505 2457/2949/2457
f 2363/2951/2363 2459/2952/2459 2506/3006/2506
f 2363/2951/2363 2506/3006/2506 2505/3005/2505
f 2227/2652/2227 2507/3007/2507 2365/2827/2365
f 2460/2953/2460 2461/2955/2461 2459/2952/2459
f 2461/2955/2461 2462/2957/2462 2508/3008/2508
f 2462/2957/2462 2509/3009/2509 2508/3008/2508
f 2462/2957/2462 2416/2956/2416 2509/3009/2509
f 2418/3010/2418 2510/3011/2510 2416/2956/2416
f 2416/2956/2416 2510/3011/2510 2511/3012/2511
f 2416/2956/2416 2511/3012/2511 2509/3009/2509
f 2464/3013/2464 2512/3014/2512 2463/2959/2463
f 2463/2959/2463 2513/3015/2513 2418/2898/2418
f 2512/3014/2512 2513/3015/2513 2463/2959/2463
f 2418/2898/2418 2513/3015/2513 2510/3016/2510
f 2464/3013/2464 2421/3017/2421 2512/3014/2512
f 2421/2903/2421 2514/3018/2514 2512/3019/2512
f 2465/2961/2465 2515/3020/2515 2421/2903/2421
f 2465/2961/2465 2373/2840/2373 2516/3021/2516
f 2465/2961/2465 2516/3021/2516 2515/3020/2515
f 2325/2780/2325 2466/2962/2466 2517/3022/2517
f 2325/2780/2325 2517/3022/2517 2326/2781/2326
f 2425/3023/2425 2518/3024/2518 2423/2907/2423
f 2467/2963/2467 2518/3025/2518 2425/2910/2425
f 2276/2720/2276 2469/2965/2469 2467/2963/2467
f 2329/2785/2329 2426/2912/2426 2468/2964/2468
f 2468/2964/2468 2470/2966/2470 2278/2722/2278
f 2376/2844/2376 2519/3026/2519 2471/2967/2471
f 2375/2843/2375 2519/3026/2519 2376/2844/2376
f 2279/2723/2279 2378/2846/2378 2520/3027/2520
f 2335/2791/2335 2521/3028/2521 2378/2846/2378
f 2379/2847/2379 2522/3029/2522 2196/2619/2196
f 2379/2847/2379 2380/2848/2380 2522/3029/2522
f 2242/2679/2242 2428/2914/2428 2381/2849/2381
f 2198/2621/2198 2382/2850/2382 2523/3030/2523
f 2152/2561/2152 2474/2970/2474 2280/2724/2280
f 2280/2724/2280 2474/2970/2474 2524/3031/2524
f 2337/2793/2337 2525/3032/2525 2385/2853/2385
f 1897/2259/1897 2282/2726/2282 2106/2499/2106
f 2526/3033/2526 2339/2795/2339 2283/2727/2283
f 2154/2563/2154 2477/2973/2477 2282/2726/2282
f 2434/2920/2434 2340/2796/2340 2433/2919/2433
f 2434/2920/2434 2527/3034/2527 2156/2565/2156
f 2156/2565/2156 2527/3034/2527 2478/2974/2478
f 2388/2856/2388 2528/3035/2528 2287/2731/2287
f 2481/2978/2481 2440/2926/2440 2389/2857/2389
f 2290/2734/2290 2483/2980/2483 2344/2800/2344
f 2442/2928/2442 2206/2629/2206 2529/3036/2529
f 2291/2735/2291 2443/2929/2443 2113/2507/2113
f 2395/2864/2395 2293/2737/2293 2530/3037/2530
f 2396/2865/2396 2395/2864/2395 2531/3038/2531
f 2396/2865/2396 2531/3038/2531 2346/2802/2346
f 2348/2804/2348 2532/3039/2532 2446/2936/2446
f 2445/2935/2445 2532/3039/2532 2348/2804/2348
f 2296/2741/2296 2533/3040/2533 2445/2935/2445
f 2212/2635/2212 2485/2982/2485 2397/2866/2397
f 2447/2937/2447 2534/3041/2534 2535/3042/2535
f 2255/2697/2255 2449/2939/2449 2489/2986/2489
f 2353/2809/2353 2491/2988/2491 2403/2872/2403
f 2354/2810/2354 2536/3043/2536 2450/2940/2450
f 2218/2641/2218 2492/2989/2492 2451/3044/2451
f 2256/2698/2256 2493/2990/2493 2354/2810/2354
f 2302/2747/2302 2537/3045/2537 2303/2748/2303
f 2406/2875/2406 2405/2874/2405 2258/2700/2258
f 2127/2522/2127 2494/2991/2494 2497/2994/2497
f 2495/2992/2495 2496/2993/2496 2407/2876/2407
f 2408/2877/2408 2496/2993/2496 2495/2992/2495
f 2409/2878/2409 2538/3046/2538 2496/2993/2496
f 2409/2878/2409 2453/2943/2453 2538/3046/2538
f 2500/2997/2500 2499/2996/2499 2356/2812/2356
f 2309/2754/2309 2500/2997/2500 2356/2812/2356
f 2226/2651/2226 2411/2880/2411 2539/3047/2539
f 2499/2996/2499 2412/2881/2412 2540/3048/2540
f 2503/3003/2503 2456/2946/2456 2541/3049/2541
f 2456/2946/2456 2542/3050/2542 2541/3049/2541
f 2456/2946/2456 2504/3004/2504 2542/3050/2542
f 2457/2949/2457 2543/3051/2543 2504/3004/2504
f 2457/2949/2457 2505/3005/2505 2543/3051/2543
f 2505/3005/2505 2544/3052/2544 2543/3051/2543
f 2506/3006/2506 2545/3053/2545 2505/3005/2505
f 2505/3005/2505 2545/3053/2545 2544/3052/2544
f 2459/2952/2459 2546/3054/2546 2506/3006/2506
f 2506/3006/2506 2546/3054/2546 2545/3053/2545
f 2461/2955/2461 2508/3008/2508 2547/3055/2547
f 2461/2955/2461 2547/3055/2547 2459/2952/2459
f 2365/2827/2365 2507/3007/2507 2548/3056/2548
f 2509/3009/2509 2511/3012/2511 2508/3008/2508
f 2510/3011/2510 2549/3057/2549 2511/3012/2511
f 2513/3058/2513 2550/3059/2550 2510/3011/2510
f 2510/3011/2510 2550/3059/2550 2549/3057/2549
f 2514/3060/2514 2551/3061/2551 2512/3014/2512
f 2551/3061/2551 2513/3015/2513 2512/3014/2512
f 2421/2903/2421 2552/3062/2552 2514/3018/2514
f 2515/3020/2515 2552/3062/2552 2421/2903/2421
f 2373/2840/2373 2553/3063/2553 2516/3021/2516
f 2373/2840/2373 2423/2907/2423 2553/3063/2553
f 2423/2907/2423 2518/3024/2518 2553/3063/2553
f 2374/2842/2374 2554/3064/2554 2233/2667/2233
f 2277/2721/2277 2328/2784/2328 2555/3065/2555
f 2277/2721/2277 2555/3065/2555 2235/2669/2235
f 2330/2786/2330 2556/3066/2556 2328/2784/2328
f 2327/2782/2327 2424/2909/2424 2557/3067/2557
f 2327/2782/2327 2557/3067/2557 2426/2912/2426
f 2558/3068/2558 2559/3069/2559 2330/2786/2330
f 2330/2786/2330 2559/3069/2559 2556/3066/2556
f 2469/2965/2469 2560/3070/2560 2467/2963/2467
f 2334/2790/2334 2377/2845/2377 2558/3068/2558
f 2468/2964/2468 2426/2912/2426 2561/3071/2561
f 2562/3072/2562 2471/2967/2471 2519/3026/2519
f 2428/2914/2428 2324/2779/2324 2563/3073/2563
f 2279/2723/2279 2520/3027/2520 2377/2845/2377
f 2468/2964/2468 2564/3074/2564 2470/2966/2470
f 2470/2966/2470 2565/3075/2565 2375/2843/2375
f 2375/2843/2375 2565/3075/2565 2519/3026/2519
f 2241/2678/2241 2429/2915/2429 2197/2620/2197
f 2199/2622/2199 2381/2849/2381 2472/2968/2472
f 2384/2852/2384 2566/3076/2566 2431/2917/2431
f 2150/2558/2150 2566/3076/2566 2384/2852/2384
f 2475/2971/2475 2474/2970/2474 2151/2560/2151
f 2385/2853/2385 2525/3032/2525 2567/3077/2567
f 2567/3077/2567 2432/2918/2432 2385/2853/2385
f 2432/2918/2432 2526/3033/2526 2283/2727/2283
f 2341/2797/2341 2246/2684/2246 2342/2798/2342
f 2284/2728/2284 2478/2974/2478 2436/2922/2436
f 2437/2923/2437 2568/3078/2568 2386/2854/2386
f 2387/2855/2387 2386/2854/2386 2479/2975/2479
f 2288/2732/2288 2247/2685/2247 2388/2856/2388
f 2202/2625/2202 2569/3079/2569 2439/2925/2439
f 2164/2574/2164 2570/3080/2570 2343/2799/2343
f 2571/3081/2571 2441/2927/2441 2440/2926/2440
f 2441/2927/2441 2572/3082/2572 2483/2980/2483
f 2483/2980/2483 2573/3083/2573 2344/2800/2344
f 2344/2800/2344 2574/3084/2574 2391/2860/2391
f 2393/2862/2393 2390/2859/2390 2207/2630/2207
f 2345/2801/2345 2575/3085/2575 2292/2736/2292
f 2394/2930/2394 2484/2981/2484 2576/3086/2576
f 2345/2801/2345 2394/2863/2394 2576/3087/2576
f 2531/3088/2531 2444/2932/2444 2346/2934/2346
f 2445/2935/2445 2533/3040/2533 2532/3039/2532
f 2398/2867/2398 2577/3089/2577 2486/2983/2486
f 2297/2742/2297 2397/2866/2397 2534/3041/2534
f 2297/2742/2297 2534/3041/2534 2447/2937/2447
f 2447/2937/2447 2578/3090/2578 2299/2744/2299
f 2447/2937/2447 2535/3042/2535 2578/3090/2578
f 2448/2938/2448 2299/2744/2299 2578/3090/2578
f 2176/2586/2176 2579/3091/2579 2351/2807/2351
f 2176/2586/2176 2352/2808/2352 2579/3091/2579
f 2254/2696/2254 2401/2870/2401 2487/2984/2487
f 2300/2745/2300 2490/2987/2490 2488/2985/2488
f 2301/2746/2301 2580/3092/2580 2402/2871/2402
f 2450/2940/2450 2581/3093/2581 2301/2746/2301
f 2403/2872/2403 2491/2988/2491 2492/2989/2492
f 2492/2989/2492 2582/3094/2582 2451/3044/2451
f 2493/2990/2493 2404/2873/2404 2583/3095/2583
f 2302/2747/2302 2451/2941/2451 2584/3096/2584
f 2452/2942/2452 2583/3095/2583 2404/2873/2404
f 2406/2875/2406 2585/3097/2585 2405/2874/2405
f 2406/2875/2406 2586/3098/2586 2585/3097/2585
f 2407/2876/2407 2496/2993/2496 2587/3099/2587
f 2496/2993/2496 2588/3100/2588 2587/3099/2587
f 2496/2993/2496 2538/3046/2538 2588/3100/2588
f 2308/2753/2308 2497/2994/2497 2498/2995/2498
f 2453/2943/2453 2589/3101/2589 2538/3046/2538
f 2356/2812/2356 2590/3102/2590 2453/2943/2453
f 2356/2812/2356 2540/3048/2540 2590/3102/2590
f 2499/2996/2499 2540/3048/2540 2356/2812/2356
f 2226/2651/2226 2539/3047/2539 2591/3103/2591
f 2412/2881/2412 2501/2998/2501 2592/3104/2592
f 2454/3105/2454 2593/3106/2593 2501/3107/2501
f 2226/2651/2226 2591/3103/2591 2093/2482/2093
f 2454/3108/2454 2594/3109/2594 2593/3110/2593
f 2454/3111/2454 2595/3112/2595 2596/3113/2596
f 2454/2944/2454 2596/3114/2596 2594/3115/2594
f 2596/3114/2596 2595/3116/2595 2597/3117/2597
f 2454/2944/2454 2359/2818/2359 2595/3116/2595
f 2359/2818/2359 2597/3117/2597 2595/3116/2595
f 2359/2818/2359 2598/3118/2598 2597/3117/2597
f 2093/2482/2093 2591/3103/2591 2502/3000/2502
f 2359/2818/2359 2503/3003/2503 2598/3118/2598
f 2503/3003/2503 2599/3119/2599 2598/3118/2598
f 2503/3003/2503 2600/3120/2600 2599/3119/2599
f 2503/3121/2503 2541/3122/2541 2600/3123/2600
f 2542/3050/2542 2601/3124/2601 2541/3049/2541
f 2541/3049/2541 2601/3124/2601 2602/3125/2602
f 2542/3050/2542 2504/3004/2504 2601/3124/2601
f 2545/3053/2545 2603/3126/2603 2544/3052/2544
f 2545/3053/2545 2546/3054/2546 2603/3126/2603
f 2546/3054/2546 2459/2952/2459 2603/3126/2603
f 2508/3008/2508 2604/3127/2604 2547/3055/2547
f 2508/3008/2508 2511/3012/2511 2604/3127/2604
f 2511/3012/2511 2605/3128/2605 2604/3127/2604
f 2511/3012/2511 2606/3129/2606 2605/3128/2605
f 2365/2827/2365 2548/3056/2548 2607/3130/2607
f 2549/3057/2549 2550/3059/2550 2606/3129/2606
f 2511/3012/2511 2549/3057/2549 2606/3129/2606
f 2365/2827/2365 2607/3130/2607 2192/2612/2192
f 2551/3131/2551 2608/3132/2608 2513/3133/2513
f 2550/3134/2550 2513/3135/2513 2609/3136/2609
f 2513/3058/2513 2608/3137/2608 2609/3138/2609
f 2552/3062/2552 2610/3139/2610 2514/3018/2514
f 2610/3140/2610 2551/3061/2551 2514/3060/2514
f 2192/2612/2192 2607/3130/2607 2324/2779/2324
f 2515/3020/2515 2516/3021/2516 2552/3062/2552
f 2326/2781/2326 2517/3022/2517 2374/2842/2374
f 2233/2667/2233 2554/3064/2554 2275/2719/2275
f 2424/2909/2424 2275/2719/2275 2611/3141/2611
f 2334/2790/2334 2558/3068/2558 2330/2786/2330
f 2426/2912/2426 2557/3067/2557 2612/3142/2612
f 2560/3070/2560 2613/3143/2613 2467/2963/2467
f 2469/2965/2469 2427/2913/2427 2560/3070/2560
f 2564/3074/2564 2565/3075/2565 2470/2966/2470
f 2522/3029/2522 2335/2791/2335 2196/2619/2196
f 2198/2621/2198 2523/3030/2523 2243/2680/2243
f 2381/2849/2381 2614/3144/2614 2472/2968/2472
f 2244/2681/2244 2431/2917/2431 2430/2916/2430
f 2383/2851/2383 2472/2968/2472 2336/2792/2336
f 2150/2556/2150 2281/2725/2281 2566/3145/2566
f 2336/2792/2336 2615/3146/2615 2337/2793/2337
f 2280/2724/2280 2524/3031/2524 2616/3147/2616
f 2337/2793/2337 2615/3146/2615 2525/3032/2525
f 2106/2499/2106 2282/2726/2282 2617/3148/2617
f 2282/2726/2282 2477/2973/2477 2618/3149/2618
f 2032/2411/2032 2285/2729/2285 2435/2921/2435
f 2285/2729/2285 2287/2731/2287 2619/3150/2619
f 2528/3035/2528 2388/2856/2388 2620/3151/2620
f 2438/2924/2438 2569/3079/2569 2202/2625/2202
f 1904/2266/1904 2621/3152/2621 2247/2685/2247
f 1904/2266/1904 2343/2799/2343 2621/3152/2621
f 2439/2925/2439 2569/3079/2569 2481/2977/2481
f 2343/2799/2343 2570/3080/2570 2622/3153/2622
f 2440/2926/2440 2623/3154/2623 2571/3081/2571
f 2164/2574/2164 2482/2979/2482 2570/3080/2570
f 2571/3081/2571 2572/3082/2572 2441/2927/2441
f 2289/2733/2289 2442/2928/2442 2624/3155/2624
f 2573/3083/2573 2625/3156/2625 2344/2800/2344
f 2344/2800/2344 2625/3156/2625 2574/3084/2574
f 2529/3036/2529 2206/2629/2206 2626/3157/2626
f 2390/2859/2390 2627/3158/2627 2207/2630/2207
f 2628/3159/2628 2575/3085/2575 2629/3160/2629
f 2292/2736/2292 2575/3085/2575 2628/3159/2628
f 2292/2736/2292 2628/3159/2628 2206/2629/2206
f 2207/2630/2207 2630/3161/2630 2291/2735/2291
f 2345/1069/2345 2576/3162/2576 2575/3163/2575
f 2291/2735/2291 2630/3161/2630 2443/2929/2443
f 2575/3164/2575 2576/3165/2576 2484/3166/2484
f 2443/2929/2443 2631/3167/2631 2293/2737/2293
f 2293/2737/2293 2631/3167/2631 2530/3037/2530
f 2530/3037/2530 2632/3168/2632 2395/2864/2395
f 2395/2864/2395 2632/3168/2632 2531/3038/2531
f 2349/2805/2349 2446/2936/2446 2485/2982/2485
f 2397/2866/2397 2485/2982/2485 2633/3169/2633
f 2351/2807/2351 2634/3170/2634 2298/2743/2298
f 2352/2808/2352 2635/3171/2635 2579/3091/2579
f 2400/2869/2400 2448/2938/2448 2636/3172/2636
f 2449/2939/2449 2637/3173/2637 2489/2986/2489
f 2488/2985/2488 2490/2987/2490 2401/2870/2401
f 2402/2871/2402 2580/3092/2580 2490/2987/2490
f 2301/2746/2301 2581/3093/2581 2580/3092/2580
f 2302/2747/2302 2584/3096/2584 2537/3045/2537
f 2303/2748/2303 2638/3174/2638 2304/2749/2304
f 2304/2749/2304 2638/3174/2638 2494/2991/2494
f 2406/2875/2406 2639/3175/2639 2586/3098/2586
f 2406/2875/2406 2407/2876/2407 2639/3175/2639
f 2497/2994/2497 2640/3176/2640 2498/2995/2498
f 2590/3102/2590 2589/3101/2589 2453/2943/2453
f 2590/3102/2590 2540/3048/2540 2589/3101/2589
f 2412/2881/2412 2641/3177/2641 2540/3048/2540
f 2412/2881/2412 2592/3104/2592 2641/3177/2641
f 2592/3104/2592 2642/3178/2642 2641/3177/2641
f 2501/2998/2501 2593/3179/2593 2642/3178/2642
f 2592/3180/2592 2501/3181/2501 2642/3182/2642
f 2593/3183/2593 2594/3115/2594 2597/3117/2597
f 2594/3115/2594 2596/3114/2596 2597/3117/2597
f 2541/3122/2541 2643/3184/2643 2600/3123/2600
f 2541/3049/2541 2602/3125/2602 2643/3185/2643
f 2504/3004/2504 2602/3125/2602 2601/3124/2601
f 2504/3004/2504 2644/3186/2644 2602/3125/2602
f 2504/3004/2504 2543/3051/2543 2644/3186/2644
f 2543/3051/2543 2645/3187/2645 2644/3186/2644
f 2543/3051/2543 2544/3052/2544 2645/3187/2645
f 2544/3052/2544 2646/3188/2646 2645/3187/2645
f 2544/3052/2544 2647/3189/2647 2646/3188/2646
f 2603/3126/2603 2647/3189/2647 2544/3052/2544
f 2603/3126/2603 2648/3190/2648 2647/3189/2647
f 2459/2952/2459 2547/3055/2547 2603/3126/2603
f 2603/3126/2603 2547/3055/2547 2648/3190/2648
f 2604/3127/2604 2649/3191/2649 2547/3055/2547
f 2604/3127/2604 2605/3128/2605 2649/3191/2649
f 2606/3129/2606 2649/3191/2649 2605/3128/2605
f 2550/3059/2550 2650/3192/2650 2606/3129/2606
f 2609/3193/2609 2650/3194/2650 2550/3195/2550
f 2608/3137/2608 2651/3196/2651 2609/3138/2609
f 2609/3138/2609 2651/3196/2651 2650/3192/2650
f 2610/3139/2610 2608/3137/2608 2551/3197/2551
f 2552/3062/2552 2652/3198/2652 2610/3139/2610
f 2552/3062/2552 2516/3021/2516 2652/3198/2652
f 2607/3130/2607 2653/3199/2653 2324/2779/2324
f 2516/3021/2516 2553/3063/2553 2652/3198/2652
f 2553/3063/2553 2518/3024/2518 2654/3200/2654
f 2517/3022/2517 2466/2962/2466 2655/3201/2655
f 2554/3064/2554 2611/3141/2611 2275/2719/2275
f 2556/3066/2556 2656/3202/2656 2328/2784/2328
f 2611/3141/2611 2557/3067/2557 2424/2909/2424
f 2467/2963/2467 2613/3143/2613 2518/3025/2518
f 2324/2779/2324 2653/3199/2653 2563/3073/2563
f 2471/2967/2471 2657/3203/2657 2427/2913/2427
f 2471/2967/2471 2562/3072/2562 2657/3203/2657
f 2468/2964/2468 2561/3071/2561 2564/3074/2564
f 2382/2850/2382 2430/2916/2430 2523/3030/2523
f 2472/2968/2472 2658/3204/2658 2336/2792/2336
f 2280/2724/2280 2616/3147/2616 2473/2969/2473
f 2338/2794/2338 2659/3205/2659 2475/2971/2475
f 2432/2918/2432 2660/3206/2660 2526/3033/2526
f 2526/3033/2526 2661/3207/2661 2339/2795/2339
f 2433/2919/2433 2339/2795/2339 2662/3208/2662
f 2433/2919/2433 2662/3208/2662 2434/2920/2434
f 2662/3208/2662 2527/3034/2527 2434/2920/2434
f 2527/3034/2527 2663/3209/2663 2478/2974/2478
f 2663/3209/2663 2664/3210/2664 2478/2974/2478
f 2478/2974/2478 2664/3210/2664 2436/2922/2436
f 2664/3210/2664 2665/3211/2665 2436/2922/2436
f 2436/2922/2436 2665/3211/2665 2437/2923/2437
f 2386/2854/2386 2666/3212/2666 2479/2975/2479
f 2666/3212/2666 2480/2976/2480 2479/2975/2479
f 2388/2856/2388 2247/2685/2247 2620/3151/2620
f 2569/3079/2569 2667/3213/2667 2668/3214/2668
f 2569/3079/2569 2668/3214/2668 2481/2977/2481
f 2481/2978/2481 2668/3215/2668 2623/3154/2623
f 2481/2978/2481 2623/3154/2623 2440/2926/2440
f 2572/3082/2572 2625/3156/2625 2483/2980/2483
f 2289/2733/2289 2624/3155/2624 2669/3216/2669
f 2483/2980/2483 2625/3156/2625 2573/3083/2573
f 2624/3155/2624 2442/2928/2442 2529/3036/2529
f 2207/2630/2207 2627/3158/2627 2630/3161/2630
f 2484/2981/2484 2444/2932/2444 2575/3217/2575
f 2670/3218/2670 2531/3038/2531 2632/3168/2632
f 2532/3039/2532 2671/3219/2671 2446/2936/2446
f 2296/2741/2296 2672/3220/2672 2533/3040/2533
f 2298/2743/2298 2577/3089/2577 2398/2867/2398
f 2535/3042/2535 2673/3221/2673 2578/3090/2578
f 2634/3170/2634 2674/3222/2674 2298/2743/2298
f 2351/2807/2351 2579/3091/2579 2634/3170/2634
f 2487/2984/2487 2635/3171/2635 2352/2808/2352
f 2400/2869/2400 2636/3172/2636 2637/3173/2637
f 2487/2984/2487 2401/2870/2401 2675/3223/2675
f 2400/2869/2400 2637/3173/2637 2449/2939/2449
f 2401/2870/2401 2676/3224/2676 2675/3223/2675
f 2401/2870/2401 2490/2987/2490 2677/3225/2677
f 2489/2986/2489 2678/3226/2678 2491/2988/2491
f 2580/3092/2580 2581/3093/2581 2679/3227/2679
f 2491/2988/2491 2680/3228/2680 2492/2989/2492
f 2354/2810/2354 2681/3229/2681 2536/3043/2536
f 2493/2990/2493 2681/3229/2681 2354/2810/2354
f 2452/2942/2452 2682/3230/2682 2583/3095/2583
f 2683/3231/2683 2303/2748/2303 2537/3045/2537
f 2638/3174/2638 2684/3232/2684 2494/2991/2494
f 2407/2876/2407 2587/3099/2587 2639/3175/2639
f 2497/2994/2497 2494/2991/2494 2640/3176/2640
f 2538/3046/2538 2685/3233/2685 2588/3100/2588
f 2538/3046/2538 2589/3101/2589 2686/3234/2686
f 2411/2880/2411 2498/2995/2498 2539/3047/2539
f 2589/3235/2589 2540/3236/2540 2686/3237/2686
f 2641/3177/2641 2642/3178/2642 2540/3048/2540
f 2593/3179/2593 2597/3238/2597 2642/3178/2642
f 2598/3118/2598 2599/3119/2599 2597/3117/2597
f 2643/3184/2643 2602/3239/2602 2600/3123/2600
f 2602/3125/2602 2644/3186/2644 2687/3240/2687
f 2227/2652/2227 2502/3000/2502 2507/3007/2507
f 2644/3186/2644 2645/3187/2645 2687/3240/2687
f 2646/3188/2646 2688/3241/2688 2645/3187/2645
f 2647/3189/2647 2688/3241/2688 2646/3188/2646
f 2647/3189/2647 2689/3242/2689 2688/3241/2688
f 2647/3189/2647 2648/3190/2648 2689/3242/2689
f 2648/3190/2648 2690/3243/2690 2689/3242/2689
f 2648/3190/2648 2547/3055/2547 2690/3243/2690
f 2547/3055/2547 2692/3244/2691 2690/3243/2690
f 2547/3055/2547 2691/3245/2692 2692/3244/2691
f 2649/3191/2649 2693/3246/2693 2547/3055/2547
f 2547/3055/2547 2693/3246/2693 2691/3245/2692
f 2649/3191/2649 2606/3129/2606 2694/3247/2694
f 2649/3191/2649 2694/3247/2694 2693/3246/2693
f 2606/3129/2606 2695/3248/2695 2694/3247/2694
f 2606/3129/2606 2650/3192/2650 2695/3248/2695
f 2650/3192/2650 2696/3249/2696 2695/3248/2695
f 2650/3192/2650 2651/3196/2651 2696/3249/2696
f 2651/3196/2651 2697/3250/2697 2696/3249/2696
f 2610/3139/2610 2652/3198/2652 2698/3251/2698
f 2610/3139/2610 2698/3251/2698 2608/3137/2608
f 2652/3198/2652 2553/3063/2553 2699/3252/2699
f 2328/2784/2328 2656/3202/2656 2555/3065/2555
f 2235/2669/2235 2555/3065/2555 2466/2962/2466
f 2518/3024/2518 2613/3253/2613 2654/3200/2654
f 2611/3141/2611 2700/3254/2700 2557/3067/2557
f 2561/3071/2561 2426/2912/2426 2701/3255/2701
f 2427/2913/2427 2657/3203/2657 2560/3070/2560
f 2564/3074/2564 2702/3256/2702 2565/3075/2565
f 2565/3075/2565 2703/3257/2703 2519/3026/2519
f 2519/3026/2519 2704/3258/2704 2562/3072/2562
f 2520/3027/2520 2378/2846/2378 2705/3259/2705
f 2378/2846/2378 2521/3028/2521 2705/3259/2705
f 2380/2848/2380 2706/3260/2706 2522/3029/2522
f 2380/2848/2380 2429/2915/2429 2706/3260/2706
f 2707/3261/2707 2708/3262/2708 2241/2678/2241
f 2381/2849/2381 2428/2914/2428 2614/3144/2614
f 2707/3261/2707 2241/2678/2241 2243/2680/2243
f 2472/2968/2472 2614/3144/2614 2709/3263/2709
f 2472/2968/2472 2709/3263/2709 2658/3204/2658
f 2336/2792/2336 2658/3204/2658 2615/3146/2615
f 2567/3077/2567 2660/3206/2660 2432/2918/2432
f 2660/3206/2660 2661/3207/2661 2526/3033/2526
f 2661/3207/2661 2710/3264/2710 2339/2795/2339
f 2710/3264/2710 2662/3208/2662 2339/2795/2339
f 2662/3208/2662 2711/3265/2711 2527/3034/2527
f 2285/2729/2285 2712/3266/2712 2435/2921/2435
f 2285/2729/2285 2619/3150/2619 2712/3266/2712
f 2438/2924/2438 2480/2976/2480 2713/3267/2713
f 2247/2685/2247 2621/3152/2621 2620/3151/2620
f 2570/3080/2570 2482/2979/2482 2714/3268/2714
f 2570/3080/2570 2714/3268/2714 2622/3153/2622
f 2289/2733/2289 2669/3216/2669 2715/3269/2715
f 2529/3036/2529 2669/3216/2669 2624/3155/2624
f 2625/3156/2625 2716/3270/2716 2574/3084/2574
f 2630/3161/2630 2717/3271/2717 2443/2929/2443
f 2530/3037/2530 2670/3218/2670 2632/3168/2632
f 2446/2936/2446 2671/3219/2671 2718/3272/2718
f 2533/3040/2533 2671/3219/2671 2532/3039/2532
f 2296/2741/2296 2486/2983/2486 2672/3220/2672
f 2397/2866/2397 2633/3169/2633 2534/3041/2534
f 2298/2743/2298 2719/3273/2719 2577/3089/2577
f 2298/2743/2298 2674/3222/2674 2719/3273/2719
f 2535/3042/2535 2534/3041/2534 2720/3274/2720
f 2448/2938/2448 2578/3090/2578 2636/3172/2636
f 2635/3171/2635 2487/2984/2487 2675/3223/2675
f 2677/3225/2677 2676/3224/2676 2401/2870/2401
f 2678/3226/2678 2489/2986/2489 2637/3173/2637
f 2581/3093/2581 2450/2940/2450 2536/3043/2536
f 2582/3094/2582 2492/2989/2492 2721/3275/2721
f 2721/3275/2721 2492/2989/2492 2680/3228/2680
f 2681/3229/2681 2493/2990/2493 2583/3095/2583
f 2584/3096/2584 2451/2941/2451 2582/3276/2582
f 2682/3230/2682 2452/2942/2452 2405/2874/2405
f 2405/2874/2405 2722/3277/2722 2682/3230/2682
f 2722/3277/2722 2405/2874/2405 2723/3278/2723
f 2638/3174/2638 2303/2748/2303 2683/3231/2683
f 2723/3278/2723 2405/2874/2405 2585/3097/2585
f 2724/3279/2724 2585/3097/2585 2725/3280/2725
f 2585/3097/2585 2586/3098/2586 2726/3281/2726
f 2640/3176/2640 2494/2991/2494 2684/3232/2684
f 2639/3175/2639 2587/3099/2587 2727/3282/2727
f 2728/3283/2728 2685/3233/2685 2538/3046/2538
f 2686/3234/2686 2540/3048/2540 2729/3284/2729
f 2829/3285/2730 2540/3048/2540 2642/3178/2642
f 2730/3286/2731 2591/3103/2591 2539/3047/2539
f 2731/3287/2732 2642/3178/2642 2597/3238/2597
f 2731/3287/2732 2597/3238/2597 2732/3288/2733
f 2730/3286/2731 2502/3000/2502 2591/3103/2591
f 2597/3117/2597 2599/3119/2599 2733/3289/2734
f 2733/3289/2734 2599/3119/2599 2734/3290/2735
f 2734/3290/2735 2599/3119/2599 2600/3120/2600
f 2734/3290/2735 2600/3120/2600 2735/3291/2736
f 2735/3291/2736 2600/3120/2600 2736/3292/2737
f 2736/3292/2737 2600/3120/2600 2602/3125/2602
f 2687/3240/2687 2645/3187/2645 2737/3293/2738
f 2737/3293/2738 2645/3187/2645 2689/3242/2689
f 2689/3242/2689 2645/3187/2645 2688/3241/2688
f 2689/3242/2689 2690/3243/2690 2738/3294/2739
f 2738/3294/2739 2690/3243/2690 2739/3295/2740
f 2739/3295/2740 2692/3244/2691 2691/3245/2692
f 2739/3295/2740 2690/3243/2690 2692/3244/2691
f 2691/3245/2692 2693/3246/2693 2740/3296/2741
f 2741/3297/2742 2693/3246/2693 2694/3247/2694
f 2740/3296/2741 2693/3246/2693 2741/3297/2742
f 2742/3298/2743 2694/3247/2694 2695/3248/2695
f 2741/3297/2742 2694/3247/2694 2742/3298/2743
f 2743/3299/2744 2695/3248/2695 2696/3249/2696
f 2742/3298/2743 2695/3248/2695 2743/3299/2744
f 2743/3299/2744 2696/3249/2696 2697/3250/2697
f 2697/3250/2697 2651/3196/2651 2744/3300/2745
f 2744/3300/2745 2651/3196/2651 2608/3137/2608
f 2745/3301/2746 2698/3251/2698 2652/3198/2652
f 2608/3137/2608 2698/3251/2698 2745/3301/2746
f 2745/3301/2746 2652/3198/2652 2699/3252/2699
f 2699/3252/2699 2553/3063/2553 2746/3302/2747
f 2746/3302/2747 2553/3063/2553 2654/3200/2654
f 2555/3065/2555 2655/3201/2655 2466/2962/2466
f 2655/3201/2655 2747/3303/2748 2517/3022/2517
f 2748/3304/2749 2377/2845/2377 2520/3027/2520
f 2701/3255/2701 2564/3074/2564 2561/3071/2561
f 2703/3257/2703 2704/3258/2704 2519/3026/2519
f 2657/3203/2657 2562/3072/2562 2704/3258/2704
f 2702/3256/2702 2703/3257/2703 2565/3075/2565
f 2749/3305/2750 2614/3144/2614 2428/2914/2428
f 2708/3262/2708 2429/2915/2429 2241/2678/2241
f 2750/3306/2751 2243/2680/2243 2523/3030/2523
f 2751/3307/2752 2431/2917/2431 2566/3076/2566
f 2752/3308/2753 2566/3076/2566 2753/3309/2754
f 2754/3310/2755 2615/3146/2615 2658/3204/2658
f 2338/2794/2338 2106/2499/2106 2755/3311/2756
f 2755/3311/2756 2106/2499/2106 2617/3148/2617
f 2617/3148/2617 2282/2726/2282 2618/3149/2618
f 2476/2972/2476 2341/2797/2341 2756/3312/2757
f 2757/3313/2758 2341/2797/2341 2342/2798/2342
f 2568/3078/2568 2437/2923/2437 2758/3314/2759
f 2758/3314/2759 2437/2923/2437 2665/3211/2665
f 2759/3315/2760 2386/2854/2386 2568/3078/2568
f 2713/3267/2713 2569/3079/2569 2438/2924/2438
f 2622/3153/2622 2621/3152/2621 2343/2799/2343
f 2760/3316/2761 2668/3215/2668 2667/3317/2667
f 2761/3318/2762 2668/3215/2668 2760/3316/2761
f 2761/3318/2762 2623/3154/2623 2668/3215/2668
f 2714/3268/2714 2482/2979/2482 2715/3269/2715
f 2761/3318/2762 2571/3081/2571 2623/3154/2623
f 2715/3269/2715 2482/2979/2482 2289/2733/2289
f 2761/3318/2762 2572/3082/2572 2571/3081/2571
f 2762/3319/2763 2625/3156/2625 2572/3082/2572
f 2390/2859/2390 2574/3084/2574 2716/3270/2716
f 2390/2859/2390 2391/2860/2391 2574/3084/2574
f 2206/2629/2206 2629/3160/2629 2626/3157/2626
f 2628/3159/2628 2629/3160/2629 2206/2629/2206
f 2717/3271/2717 2630/3161/2630 2627/3158/2627
f 2670/3218/2670 2530/3037/2530 2631/3167/2631
f 2444/2932/2444 2531/3088/2531 2670/3320/2670
f 2444/3321/2444 2670/3218/2670 2763/3322/2764
f 2764/3323/2765 2633/3169/2633 2485/2982/2485
f 2764/3323/2765 2485/2982/2485 2446/2936/2446
f 2765/3324/2766 2486/2983/2486 2577/3089/2577
f 2720/3274/2720 2673/3221/2673 2535/3042/2535
f 2766/3325/2767 2578/3090/2578 2673/3221/2673
f 2767/3326/2768 2634/3170/2634 2579/3091/2579
f 2579/3091/2579 2635/3171/2635 2768/3327/2769
f 2490/2987/2490 2769/3328/2770 2677/3225/2677
f 2580/3092/2580 2679/3227/2679 2490/2987/2490
f 2678/3226/2678 2680/3228/2680 2491/2988/2491
f 2536/3043/2536 2770/3329/2771 2581/3093/2581
f 2584/3096/2584 2771/3330/2772 2537/3045/2537
f 2537/3045/2537 2771/3330/2772 2683/3231/2683
f 2585/3097/2585 2724/3279/2724 2723/3278/2723
f 2585/3097/2585 2726/3281/2726 2725/3280/2725
f 2639/3175/2639 2726/3281/2726 2586/3098/2586
f 2727/3282/2727 2587/3099/2587 2588/3100/2588
f 2588/3100/2588 2685/3233/2685 2772/3331/2773
f 2685/3233/2685 2728/3283/2728 2772/3331/2773
f 2772/3331/2773 2728/3283/2728 2773/3332/2774
f 2728/3283/2728 2538/3046/2538 2773/3332/2774
f 2773/3332/2774 2538/3046/2538 2686/3234/2686
f 2729/3284/2729 2540/3048/2540 2774/3333/2775
f 2540/3048/2540 2829/3285/2730 2774/3333/2775
f 2829/3285/2730 2642/3178/2642 2775/3334/2776
f 2775/3334/2776 2642/3178/2642 2776/3335/2777
f 2642/3178/2642 2731/3287/2732 2776/3335/2777
f 2732/3336/2733 2597/3117/2597 2733/3289/2734
f 2736/3337/2737 2602/3338/2602 2735/3339/2736
f 2735/3291/2736 2602/3125/2602 2777/3340/2778
f 2602/3125/2602 2687/3240/2687 2777/3340/2778
f 2777/3340/2778 2687/3240/2687 2778/3341/2779
f 2687/3240/2687 2737/3293/2738 2778/3341/2779
f 2737/3293/2738 2689/3242/2689 2779/3342/2780
f 2779/3342/2780 2738/3294/2739 2780/3343/2781
f 2779/3342/2780 2689/3242/2689 2738/3294/2739
f 2780/3343/2781 2738/3294/2739 2739/3295/2740
f 2739/3295/2740 2691/3245/2692 2780/3343/2781
f 2691/3245/2692 2781/3344/2782 2780/3343/2781
f 2781/3344/2782 2691/3245/2692 2782/3345/2783
f 2691/3245/2692 2740/3296/2741 2782/3345/2783
f 2782/3345/2783 2740/3296/2741 2783/3346/2784
f 2740/3296/2741 2741/3297/2742 2783/3346/2784
f 2548/3056/2548 2784/3347/2785 2607/3130/2607
f 2743/3299/2744 2697/3250/2697 2785/3348/2786
f 2743/3299/2744 2785/3348/2786 2742/3298/2743
f 2697/3250/2697 2786/3349/2787 2785/3348/2786
f 2697/3250/2697 2744/3300/2745 2786/3349/2787
f 2786/3349/2787 2744/3300/2745 2608/3137/2608
f 2786/3349/2787 2608/3137/2608 2745/3301/2746
f 2745/3301/2746 2699/3252/2699 2746/3302/2747
f 2784/3347/2785 2653/3199/2653 2607/3130/2607
f 2746/3302/2747 2654/3200/2654 2787/3350/2788
f 2555/3065/2555 2788/3351/2789 2655/3201/2655
f 2517/3022/2517 2747/3303/2748 2374/2842/2374
f 2374/2842/2374 2789/3352/2790 2554/3064/2554
f 2556/3066/2556 2790/3353/2791 2656/3202/2656
f 2377/2845/2377 2748/3304/2749 2558/3068/2558
f 2560/3070/2560 2791/3354/2792 2613/3143/2613
f 2560/3070/2560 2657/3203/2657 2791/3354/2792
f 2564/3074/2564 2701/3255/2701 2702/3256/2702
f 2792/3355/2793 2704/3258/2704 2703/3257/2703
f 2653/3199/2653 2749/3305/2750 2563/3073/2563
f 2563/3073/2563 2749/3305/2750 2428/2914/2428
f 2521/3028/2521 2335/2791/2335 2793/3356/2794
f 2523/3030/2523 2430/2916/2430 2750/3306/2751
f 2431/2917/2431 2751/3307/2752 2430/2916/2430
f 2566/3076/2566 2752/3308/2753 2751/3307/2752
f 2566/3076/2566 2281/3357/2281 2794/3358/2795
f 2794/3359/2795 2281/2725/2281 2473/2969/2473
f 2615/3146/2615 2795/3360/2796 2525/3032/2525
f 2524/3031/2524 2474/2970/2474 2796/3361/2797
f 2474/2970/2474 2475/2971/2475 2797/3362/2798
f 2525/3032/2525 2798/3363/2799 2567/3077/2567
f 2798/3363/2799 2660/3206/2660 2567/3077/2567
f 2659/3205/2659 2338/2794/2338 2755/3311/2756
f 2799/3364/2800 2618/3149/2618 2477/2973/2477
f 2476/2972/2476 2756/3312/2757 2477/2973/2477
f 2800/3365/2801 2711/3265/2711 2662/3208/2662
f 2756/3312/2757 2341/2797/2341 2801/3366/2802
f 2341/2797/2341 2757/3313/2758 2801/3366/2802
f 2527/3034/2527 2711/3265/2711 2663/3209/2663
f 2342/2798/2342 2802/3367/2803 2757/3313/2758
f 2802/3367/2803 2342/2798/2342 2435/2921/2435
f 2664/3210/2664 2758/3314/2759 2665/3211/2665
f 2619/3150/2619 2287/2731/2287 2528/3035/2528
f 2620/3151/2620 2621/3152/2621 2803/3368/2804
f 2666/3212/2666 2804/3369/2805 2480/2976/2480
f 2805/3370/2806 2713/3267/2713 2480/2976/2480
f 2622/3153/2622 2806/3371/2807 2621/3152/2621
f 2807/3372/2808 2667/3213/2667 2569/3079/2569
f 2808/3373/2809 2622/3153/2622 2714/3268/2714
f 2762/3319/2763 2572/3082/2572 2761/3318/2762
f 2809/3374/2810 2669/3216/2669 2626/3157/2626
f 2669/3216/2669 2529/3036/2529 2626/3157/2626
f 2810/3375/2811 2444/3321/2444 2763/3322/2764
f 2811/3376/2812 2812/3377/2813 2670/3218/2670
f 2670/3218/2670 2812/3377/2813 2763/3322/2764
f 2718/3272/2718 2813/3378/2814 2446/2936/2446
f 2671/3219/2671 2814/3379/2815 2718/3272/2718
f 2671/3219/2671 2815/3380/2816 2814/3379/2815
f 2533/3040/2533 2815/3380/2816 2671/3219/2671
f 2672/3220/2672 2815/3380/2816 2533/3040/2533
f 2672/3220/2672 2486/2983/2486 2765/3324/2766
f 2633/3169/2633 2764/3323/2765 2816/3381/2817
f 2813/3378/2814 2764/3323/2765 2446/2936/2446
f 2577/3089/2577 2719/3273/2719 2765/3324/2766
f 2633/3169/2633 2817/3382/2818 2534/3041/2534
f 2633/3169/2633 2818/3383/2819 2817/3382/2818
f 2534/3041/2534 2817/3382/2818 2720/3274/2720
f 2634/3170/2634 2767/3326/2768 2674/3222/2674
f 2579/3091/2579 2768/3327/2769 2767/3326/2768
f 2819/3384/2820 2578/3090/2578 2766/3325/2767
f 2578/3090/2578 2819/3384/2820 2636/3172/2636
f 2637/3173/2637 2636/3172/2636 2820/3385/2821
f 2490/2987/2490 2821/3386/2822 2769/3328/2770
f 2490/2987/2490 2679/3227/2679 2821/3386/2822
f 2678/3226/2678 2822/3387/2823 2680/3228/2680
f 2770/3329/2771 2536/3043/2536 2681/3229/2681
f 2582/3276/2582 2721/3388/2721 2584/3096/2584
f 2682/3230/2682 2823/3389/2824 2583/3095/2583
f 2682/3230/2682 2722/3277/2722 2824/3390/2825
f 2683/3231/2683 2771/3330/2772 2825/3391/2826
f 2683/3231/2683 2825/3391/2826 2638/3174/2638
f 2684/3232/2684 2826/3392/2827 2640/3176/2640
f 2772/3331/2773 2827/3393/2828 2588/3100/2588
f 2772/3331/2773 2773/3332/2774 2827/3393/2828
f 2773/3332/2774 2686/3234/2686 2827/3393/2828
f 2686/3234/2686 2828/3394/2829 2827/3393/2828
f 2729/3284/2729 2774/3333/2775 2829/3285/2730
f 2775/3334/2776 2830/3395/2830 2829/3285/2730
f 2775/3334/2776 2776/3335/2777 2830/3395/2830
f 2776/3335/2777 2731/3287/2732 2830/3395/2830
f 2732/3336/2733 2733/3289/2734 2731/3396/2732
f 2734/3290/2735 2831/3397/2831 2733/3289/2734
f 2734/3290/2735 2735/3291/2736 2831/3397/2831
f 2735/3291/2736 2832/3398/2832 2831/3397/2831
f 2735/3291/2736 2778/3341/2779 2832/3398/2832
f 2735/3291/2736 2777/3340/2778 2778/3341/2779
f 2737/3293/2738 2833/3399/2833 2778/3341/2779
f 2502/3000/2502 2834/3400/2834 2507/3007/2507
f 2780/3343/2781 2835/3401/2835 2779/3342/2780
f 2780/3343/2781 2781/3344/2782 2835/3401/2835
f 2782/3345/2783 2836/3402/2836 2781/3344/2782
f 2507/3007/2507 2834/3400/2834 2548/3056/2548
f 2782/3345/2783 2783/3346/2784 2836/3402/2836
f 2783/3346/2784 2741/3297/2742 2836/3402/2836
f 2742/3298/2743 2837/3403/2837 2741/3297/2742
f 2742/3298/2743 2785/3348/2786 2837/3403/2837
f 2745/3301/2746 2838/3404/2838 2786/3349/2787
f 2745/3301/2746 2746/3302/2747 2839/3405/2839
f 2746/3302/2747 2840/3406/2840 2839/3405/2839
f 2746/3302/2747 2787/3350/2788 2840/3406/2840
f 2787/3350/2788 2841/3407/2841 2840/3406/2840
f 2787/3350/2788 2654/3200/2654 2841/3407/2841
f 2747/3303/2748 2789/3352/2790 2374/2842/2374
f 2789/3352/2790 2842/3408/2842 2554/3064/2554
f 2613/3253/2613 2843/3409/2843 2654/3200/2654
f 2654/3200/2654 2843/3409/2843 2841/3407/2841
f 2611/3141/2611 2554/3064/2554 2700/3254/2700
f 2613/3253/2613 2844/3410/2844 2843/3409/2843
f 2559/3069/2559 2790/3353/2791 2556/3066/2556
f 2612/3142/2612 2557/3067/2557 2845/3411/2845
f 2426/2912/2426 2612/3142/2612 2701/3255/2701
f 2846/3412/2846 2748/3304/2749 2520/3027/2520
f 2704/3258/2704 2847/3413/2847 2657/3203/2657
f 2702/3256/2702 2792/3355/2793 2703/3257/2703
f 2429/2915/2429 2708/3262/2708 2706/3260/2706
f 2749/3305/2750 2848/3414/2848 2614/3144/2614
f 2243/2680/2243 2750/3306/2751 2707/3261/2707
f 2753/3309/2754 2849/3415/2849 2752/3308/2753
f 2709/3263/2709 2850/3416/2850 2658/3204/2658
f 2794/3358/2795 2849/3415/2849 2566/3076/2566
f 2658/3204/2658 2850/3416/2850 2754/3310/2755
f 2615/3146/2615 2754/3310/2755 2795/3360/2796
f 2795/3360/2796 2798/3363/2799 2525/3032/2525
f 2798/3363/2799 2851/3417/2851 2660/3206/2660
f 2661/3207/2661 2852/3418/2852 2710/3264/2710
f 2710/3264/2710 2853/3419/2853 2662/3208/2662
f 2435/2921/2435 2854/3420/2854 2802/3367/2803
f 2435/2921/2435 2712/3266/2712 2854/3420/2854
f 2759/3315/2760 2666/3212/2666 2386/2854/2386
f 2620/3151/2620 2803/3368/2804 2528/3035/2528
f 2569/3079/2569 2713/3267/2713 2807/3372/2808
f 2806/3371/2807 2622/3153/2622 2808/3373/2809
f 2807/3372/2808 2760/3421/2761 2667/3213/2667
f 2760/3316/2761 2855/3422/2855 2761/3318/2762
f 2761/3318/2762 2856/3423/2856 2762/3319/2763
f 2762/3319/2763 2857/3424/2857 2625/3156/2625
f 2625/3156/2625 2857/3424/2857 2716/3270/2716
f 2390/2859/2390 2858/3425/2858 2627/3158/2627
f 2575/3085/2575 2859/3426/2859 2629/3160/2629
f 2575/3427/2575 2444/3321/2444 2860/3428/2860
f 2810/3375/2811 2860/3428/2860 2444/3321/2444
f 2631/3167/2631 2811/3376/2812 2670/3218/2670
f 2765/3324/2766 2815/3380/2816 2672/3220/2672
f 2633/3169/2633 2816/3381/2817 2818/3383/2819
f 2674/3222/2674 2861/3429/2861 2719/3273/2719
f 2674/3222/2674 2862/3430/2862 2861/3429/2861
f 2673/3221/2673 2720/3274/2720 2863/3431/2863
f 2635/3171/2635 2864/3432/2864 2768/3327/2769
f 2675/3223/2675 2676/3224/2676 2865/3433/2865
f 2820/3385/2821 2678/3226/2678 2637/3173/2637
f 2678/3226/2678 2866/3434/2866 2822/3387/2823
f 2581/3093/2581 2867/3435/2867 2679/3227/2679
f 2680/3228/2680 2822/3387/2823 2721/3275/2721
f 2583/3095/2583 2868/3436/2868 2681/3229/2681
f 2583/3095/2583 2823/3389/2824 2868/3436/2868
f 2682/3230/2682 2824/3390/2825 2823/3389/2824
f 2638/3174/2638 2825/3391/2826 2684/3232/2684
f 2726/3281/2726 2639/3175/2639 2727/3282/2727
f 2588/3100/2588 2869/3437/2869 2727/3282/2727
f 2827/3393/2828 2869/3437/2869 2588/3100/2588
f 2640/3176/2640 2870/3438/2870 2498/2995/2498
f 2729/3284/2729 2871/3439/2871 2686/3234/2686
f 2729/3284/2729 2872/3440/2872 2871/3439/2871
f 2498/2995/2498 2870/3438/2870 2539/3047/2539
f 2829/3285/2730 2873/3441/2873 2729/3284/2729
f 2539/3047/2539 2870/3438/2870 2730/3286/2731
f 2830/3395/2830 2874/3442/2874 2829/3285/2730
f 2830/3395/2830 2875/3443/2875 2874/3442/2874
f 2830/3395/2830 2731/3287/2732 2875/3443/2875
f 2731/3287/2732 2876/3444/2876 2875/3443/2875
f 2731/3396/2732 2733/3289/2734 2877/3445/2877
f 2733/3289/2734 2831/3397/2831 2878/3446/2878
f 2831/3397/2831 2879/3447/2879 2878/3446/2878
f 2831/3397/2831 2832/3398/2832 2879/3447/2879
f 2778/3341/2779 2880/3448/2880 2832/3398/2832
f 2737/3293/2738 2881/3449/2881 2833/3399/2833
f 2737/3293/2738 2779/3342/2780 2881/3449/2881
f 2779/3342/2780 2882/3450/2882 2881/3449/2881
f 2835/3401/2835 2883/3451/2883 2779/3342/2780
f 2779/3452/2780 2883/3453/2883 2882/3454/2882
f 2835/3401/2835 2884/3455/2884 2883/3451/2883
f 2835/3401/2835 2781/3344/2782 2884/3455/2884
f 2781/3344/2782 2836/3402/2836 2884/3455/2884
f 2834/3400/2834 2885/3456/2885 2548/3056/2548
f 2836/3402/2836 2741/3297/2742 2886/3457/2886
f 2741/3297/2742 2887/3458/2887 2886/3457/2886
f 2548/3056/2548 2885/3456/2885 2784/3347/2785
f 2741/3297/2742 2837/3403/2837 2887/3458/2887
f 2837/3403/2837 2888/3459/2888 2887/3458/2887
f 2785/3348/2786 2888/3459/2888 2837/3403/2837
f 2557/3067/2557 2700/3254/2700 2845/3411/2845
f 2844/3460/2844 2613/3143/2613 2889/3461/2889
f 2791/3354/2792 2890/3462/2890 2613/3143/2613
f 2705/3259/2705 2846/3412/2846 2520/3027/2520
f 2701/3255/2701 2891/3463/2891 2702/3256/2702
f 2657/3203/2657 2847/3413/2847 2791/3354/2792
f 2522/3029/2522 2793/3356/2794 2335/2791/2335
f 2706/3260/2706 2708/3262/2708 2892/3464/2892
f 2614/3144/2614 2848/3414/2848 2709/3263/2709
f 2566/3076/2566 2849/3415/2849 2753/3309/2754
f 2893/3465/2893 2794/3359/2795 2473/2969/2473
f 2473/2969/2473 2616/3147/2616 2894/3466/2894
f 2754/3310/2755 2895/3467/2895 2795/3360/2796
f 2474/2970/2474 2797/3362/2798 2796/3361/2797
f 2797/3362/2798 2475/2971/2475 2896/3468/2896
f 2795/3360/2796 2897/3469/2897 2798/3363/2799
f 2475/2971/2475 2659/3205/2659 2896/3468/2896
f 2755/3311/2756 2617/3148/2617 2898/3470/2898
f 2660/3206/2660 2851/3417/2851 2661/3207/2661
f 2851/3417/2851 2899/3471/2899 2661/3207/2661
f 2617/3148/2617 2900/3472/2900 2898/3470/2898
f 2618/3149/2618 2900/3472/2900 2617/3148/2617
f 2661/3207/2661 2899/3471/2899 2852/3418/2852
f 2853/3419/2853 2800/3365/2801 2662/3208/2662
f 2901/3473/2901 2902/3474/2902 2663/3209/2663
f 2663/3209/2663 2902/3474/2902 2664/3210/2664
f 2568/3078/2568 2758/3314/2759 2759/3315/2760
f 2666/3212/2666 2759/3315/2760 2804/3369/2805
f 2804/3369/2805 2805/3370/2806 2480/2976/2480
f 2713/3267/2713 2903/3475/2903 2807/3372/2808
f 2760/3316/2761 2807/3476/2808 2855/3422/2855
f 2808/3373/2809 2714/3268/2714 2904/3477/2904
f 2855/3422/2855 2856/3423/2856 2761/3318/2762
f 2715/3269/2715 2669/3216/2669 2905/3478/2905
f 2669/3216/2669 2809/3374/2810 2906/3479/2906
f 2857/3424/2857 2907/3480/2907 2716/3270/2716
f 2626/3157/2626 2908/3481/2908 2809/3374/2810
f 2716/3270/2716 2909/3482/2909 2390/2859/2390
f 2626/3157/2626 2910/3483/2910 2908/3481/2908
f 2626/3157/2626 2629/3160/2629 2910/3483/2910
f 2629/3160/2629 2859/3426/2859 2910/3483/2910
f 2859/3426/2859 2575/3085/2575 2860/3484/2860
f 2814/3379/2815 2813/3378/2814 2718/3272/2718
f 2764/3323/2765 2911/3485/2911 2816/3381/2817
f 2819/3384/2820 2766/3325/2767 2912/3486/2912
f 2675/3223/2675 2864/3432/2864 2635/3171/2635
f 2636/3172/2636 2819/3384/2820 2820/3385/2821
f 2821/3386/2822 2913/3487/2913 2769/3328/2770
f 2681/3229/2681 2868/3436/2868 2914/3488/2914
f 2584/3096/2584 2721/3388/2721 2915/3489/2915
f 2823/3389/2824 2824/3390/2825 2868/3436/2868
f 2722/3277/2722 2916/3490/2916 2824/3390/2825
f 2723/3278/2723 2916/3490/2916 2722/3277/2722
f 2724/3279/2724 2725/3280/2725 2917/3491/2917
f 2725/3280/2725 2726/3281/2726 2917/3491/2917
f 2828/3394/2829 2686/3234/2686 2918/3492/2918
f 2871/3439/2871 2918/3492/2918 2686/3234/2686
f 2871/3439/2871 2872/3440/2872 2918/3492/2918
f 2829/3285/2730 2874/3442/2874 2873/3441/2873
f 2874/3442/2874 2875/3443/2875 2919/3493/2919
f 2875/3443/2875 2876/3444/2876 2919/3493/2919
f 2731/3396/2732 2877/3445/2877 2876/3494/2876
f 2502/3000/2502 2730/3286/2731 2920/3495/2920
f 2879/3447/2879 2921/3496/2921 2878/3446/2878
f 2879/3447/2879 2832/3398/2832 2921/3496/2921
f 2880/3448/2880 2922/3497/2922 2832/3398/2832
f 2880/3448/2880 2778/3341/2779 2922/3497/2922
f 2778/3341/2779 2923/3498/2923 2922/3497/2922
f 2881/3449/2881 2882/3450/2882 2924/3499/2924
f 2882/3450/2882 2883/3451/2883 2924/3499/2924
f 2836/3402/2836 2886/3457/2886 2884/3455/2884
f 2886/3457/2886 2925/3500/2925 2884/3455/2884
f 2886/3457/2886 2887/3458/2887 2925/3500/2925
f 2887/3458/2887 2888/3459/2888 2925/3500/2925
f 2785/3348/2786 2926/3501/2926 2888/3459/2888
f 2786/3349/2787 2927/3502/2927 2785/3348/2786
f 2785/3348/2786 2927/3502/2927 2926/3501/2926
f 2786/3349/2787 2838/3404/2838 2927/3502/2927
f 2745/3301/2746 2839/3405/2839 2838/3404/2838
f 2653/3199/2653 2784/3347/2785 2928/3503/2928
f 2841/3407/2841 2929/3504/2929 2840/3406/2840
f 2843/3409/2843 2930/3505/2930 2841/3407/2841
f 2890/3462/2890 2931/3506/2931 2613/3143/2613
f 2889/3461/2889 2613/3143/2613 2931/3506/2931
f 2704/3258/2704 2932/3507/2932 2847/3413/2847
f 2704/3258/2704 2792/3355/2793 2932/3507/2932
f 2793/3356/2794 2705/3259/2705 2521/3028/2521
f 2707/3261/2707 2933/3508/2933 2934/3509/2934
f 2707/3261/2707 2934/3509/2934 2708/3262/2708
f 2430/2916/2430 2751/3307/2752 2750/3306/2751
f 2935/3510/2935 2850/3416/2850 2709/3263/2709
f 2850/3416/2850 2936/3511/2936 2754/3310/2755
f 2524/3031/2524 2796/3361/2797 2616/3147/2616
f 2801/3366/2802 2757/3313/2758 2937/3512/2937
f 2711/3265/2711 2901/3473/2901 2663/3209/2663
f 2902/3474/2902 2938/3513/2938 2664/3210/2664
f 2664/3210/2664 2938/3513/2938 2758/3314/2759
f 2528/3035/2528 2939/3514/2939 2619/3150/2619
f 2759/3315/2760 2940/3515/2940 2804/3369/2805
f 2528/3035/2528 2941/3516/2941 2939/3514/2939
f 2803/3368/2804 2941/3516/2941 2528/3035/2528
f 2804/3369/2805 2942/3517/2942 2805/3370/2806
f 2805/3370/2806 2903/3475/2903 2713/3267/2713
f 2621/3152/2621 2806/3371/2807 2803/3368/2804
f 2806/3371/2807 2808/3373/2809 2943/3518/2943
f 2715/3269/2715 2944/3519/2944 2714/3268/2714
f 2855/3422/2855 2945/3520/2945 2856/3423/2856
f 2856/3423/2856 2945/3520/2945 2762/3319/2763
f 2669/3216/2669 2906/3479/2906 2905/3478/2905
f 2390/2859/2390 2909/3482/2909 2858/3425/2858
f 2627/3158/2627 2858/3425/2858 2946/3521/2946
f 2946/3521/2946 2947/3522/2947 2627/3158/2627
f 2947/3522/2947 2717/3271/2717 2627/3158/2627
f 2443/2929/2443 2717/3271/2717 2631/3167/2631
f 2631/3167/2631 2948/3523/2948 2811/3376/2812
f 2814/3379/2815 2949/3524/2949 2813/3378/2814
f 2765/3324/2766 2719/3273/2719 2950/3525/2950
f 2767/3326/2768 2862/3430/2862 2674/3222/2674
f 2673/3221/2673 2863/3431/2863 2766/3325/2767
f 2766/3325/2767 2863/3431/2863 2912/3486/2912
f 2768/3327/2769 2951/3526/2951 2952/3527/2952
f 2675/3223/2675 2865/3433/2865 2864/3432/2864
f 2820/3385/2821 2953/3528/2953 2678/3226/2678
f 2676/3224/2676 2954/3529/2954 2865/3433/2865
f 2677/3225/2677 2954/3529/2954 2676/3224/2676
f 2769/3328/2770 2913/3487/2913 2677/3225/2677
f 2821/3386/2822 2955/3530/2955 2913/3487/2913
f 2821/3386/2822 2679/3227/2679 2955/3530/2955
f 2581/3093/2581 2770/3329/2771 2867/3435/2867
f 2822/3387/2823 2956/3531/2956 2721/3275/2721
f 2584/3096/2584 2915/3489/2915 2771/3330/2772
f 2723/3278/2723 2957/3532/2957 2916/3490/2916
f 2723/3278/2723 2724/3279/2724 2957/3532/2957
f 2684/3232/2684 2825/3391/2826 2826/3392/2827
f 2727/3282/2727 2958/3533/2958 2726/3281/2726
f 2828/3394/2829 2959/3534/2959 2827/3393/2828
f 2828/3394/2829 2918/3492/2918 2959/3534/2959
f 2960/3535/2960 2870/3438/2870 2640/3176/2640
f 2872/3440/2872 2961/3536/2961 2918/3492/2918
f 2872/3440/2872 2729/3284/2729 2961/3536/2961
f 2729/3537/2729 2962/3538/2962 2961/3539/2961
f 2873/3441/2873 2962/3540/2962 2729/3284/2729
f 2874/3442/2874 2963/3541/2963 2873/3441/2873
f 2870/3438/2870 2964/3542/2964 2730/3286/2731
f 2874/3442/2874 2919/3493/2919 2963/3541/2963
f 2919/3493/2919 2965/3543/2965 2963/3541/2963
f 2919/3493/2919 2876/3444/2876 2965/3543/2965
f 2878/3446/2878 2921/3496/2921 2966/3544/2966
f 2921/3496/2921 2967/3545/2967 2966/3544/2966
f 2921/3496/2921 2832/3398/2832 2967/3545/2967
f 2832/3398/2832 2968/3546/2968 2967/3545/2967
f 2832/3398/2832 2922/3497/2922 2968/3546/2968
f 2922/3497/2922 2969/3547/2969 2968/3546/2968
f 2502/3000/2502 2920/3495/2920 2834/3400/2834
f 2922/3497/2922 2923/3498/2923 2969/3547/2969
f 2778/3341/2779 2970/3548/2970 2923/3498/2923
f 2833/3399/2833 2970/3548/2970 2778/3341/2779
f 2833/3399/2833 2881/3449/2881 2970/3548/2970
f 2881/3449/2881 2924/3499/2924 2970/3548/2970
f 2884/3455/2884 2925/3500/2925 2971/3549/2971
f 2925/3500/2925 2888/3459/2888 2972/3550/2972
f 2926/3501/2926 2973/3551/2973 2888/3459/2888
f 2972/3550/2972 2888/3459/2888 2973/3551/2973
f 2926/3501/2926 2974/3552/2974 2973/3551/2973
f 2926/3501/2926 2927/3502/2927 2974/3552/2974
f 2840/3406/2840 2929/3504/2929 2839/3405/2839
f 2655/3201/2655 2975/3553/2975 2747/3303/2748
f 2841/3407/2841 2930/3505/2930 2929/3504/2929
f 2843/3554/2843 2844/3460/2844 2930/3555/2930
f 2844/3460/2844 2889/3461/2889 2930/3555/2930
f 2748/3304/2749 2976/3556/2976 2558/3068/2558
f 2845/3411/2845 2977/3557/2977 2612/3142/2612
f 2890/3462/2890 2978/3558/2978 2979/3559/2979
f 2890/3462/2890 2979/3559/2979 2931/3506/2931
f 2612/3142/2612 2977/3557/2977 2701/3255/2701
f 2890/3462/2890 2791/3354/2792 2978/3558/2978
f 2653/3199/2653 2928/3503/2928 2749/3305/2750
f 2702/3256/2702 2891/3463/2891 2980/3560/2980
f 2702/3256/2702 2980/3560/2980 2792/3355/2793
f 2522/3029/2522 2706/3260/2706 2981/3561/2981
f 2750/3306/2751 2933/3508/2933 2707/3261/2707
f 2848/3414/2848 2982/3562/2982 2709/3263/2709
f 2473/2969/2473 2894/3466/2894 2893/3465/2893
f 2616/3147/2616 2983/3563/2983 2894/3466/2894
f 2895/3467/2895 2897/3469/2897 2795/3360/2796
f 2798/3363/2799 2897/3469/2897 2851/3417/2851
f 2851/3417/2851 2984/3564/2984 2899/3471/2899
f 2852/3418/2852 2853/3419/2853 2710/3264/2710
f 2800/3365/2801 2985/3565/2985 2711/3265/2711
f 2711/3265/2711 2985/3565/2985 2901/3473/2901
f 2759/3315/2760 2758/3314/2759 2986/3566/2986
f 2619/3150/2619 2939/3514/2939 2712/3266/2712
f 2986/3566/2986 2940/3515/2940 2759/3315/2760
f 2987/3567/2987 2903/3475/2903 2805/3370/2806
f 2808/3373/2809 2904/3477/2904 2943/3518/2943
f 2807/3476/2808 2988/3568/2988 2855/3422/2855
f 2715/3269/2715 2905/3478/2905 2944/3519/2944
f 2762/3319/2763 2907/3480/2907 2857/3424/2857
f 2809/3374/2810 2908/3481/2908 2989/3569/2989
f 2716/3270/2716 2990/3570/2990 2909/3482/2909
f 2910/3483/2910 2859/3426/2859 2991/3571/2991
f 2860/3484/2860 2992/3572/2992 2859/3426/2859
f 2947/3522/2947 2993/3573/2993 2717/3271/2717
f 2812/3377/2813 2994/3574/2994 2763/3322/2764
f 2763/3322/2764 2994/3574/2994 2810/3375/2811
f 2764/3323/2765 2813/3378/2814 2911/3485/2911
f 2814/3379/2815 2995/3575/2995 2949/3524/2949
f 2814/3379/2815 2815/3380/2816 2995/3575/2995
f 2765/3324/2766 2996/3576/2996 2815/3380/2816
f 2816/3381/2817 2997/3577/2997 2818/3383/2819
f 2719/3273/2719 2861/3429/2861 2950/3525/2950
f 2768/3327/2769 2998/3578/2998 2767/3326/2768
f 2952/3527/2952 2998/3578/2998 2768/3327/2769
f 2819/3384/2820 2912/3486/2912 2999/3579/2999
f 2819/3384/2820 2999/3579/2999 2820/3385/2821
f 2679/3227/2679 2867/3435/2867 2955/3530/2955
f 2681/3229/2681 2914/3488/2914 2770/3329/2771
f 2824/3390/2825 3000/3580/3000 2868/3436/2868
f 2771/3330/2772 2915/3489/2915 3001/3581/3001
f 2916/3490/2916 3002/3582/3002 2824/3390/2825
f 3001/3581/3001 2825/3391/2826 2771/3330/2772
f 2726/3281/2726 2958/3533/2958 2917/3491/2917
f 2727/3282/2727 2869/3437/2869 3003/3583/3003
f 2827/3393/2828 3004/3584/3004 2869/3437/2869
f 2827/3393/2828 2959/3534/2959 3004/3584/3004
f 2961/3536/2961 2962/3540/2962 2918/3492/2918
f 2873/3441/2873 3005/3585/3005 2962/3540/2962
f 2873/3441/2873 2963/3541/2963 3005/3585/3005
f 2965/3586/2965 2876/3587/2876 2963/3588/2963
f 2733/3589/2734 2878/3590/2878 2877/3591/2877
f 2878/3446/2878 3006/3592/3006 2877/3445/2877
f 2878/3446/2878 2966/3544/2966 3006/3592/3006
f 2966/3544/2966 2967/3545/2967 3006/3592/3006
f 2967/3545/2967 2968/3546/2968 3006/3592/3006
f 2969/3547/2969 2923/3498/2923 2968/3546/2968
f 2923/3498/2923 3007/3593/3007 2968/3546/2968
f 2923/3498/2923 2970/3548/2970 3007/3593/3007
f 2970/3548/2970 2924/3499/2924 3007/3593/3007
f 2883/3451/2883 3008/3594/3008 2924/3499/2924
f 2883/3451/2883 2884/3455/2884 3008/3594/3008
f 2884/3455/2884 3009/3595/3009 3010/3596/3010
f 2884/3455/2884 2971/3549/2971 3009/3595/3009
f 2971/3135/2971 3011/3597/3011 3009/3598/3009
f 2925/3500/2925 2972/3550/2972 3011/3599/3011
f 2925/3500/2925 3011/3599/3011 2971/3549/2971
f 2972/3550/2972 2973/3551/2973 3012/3600/3012
f 2973/3551/2973 3013/3601/3013 3012/3600/3012
f 2973/3551/2973 3014/3602/3014 3013/3601/3013
f 2973/3551/2973 2974/3552/2974 3014/3602/3014
f 2838/3404/2838 3015/3603/3015 2927/3502/2927
f 2838/3404/2838 2839/3405/2839 3015/3603/3015
f 2558/3068/2558 2976/3556/2976 2559/3069/2559
f 2978/3558/2978 3016/3604/3016 2979/3559/2979
f 2847/3413/2847 2978/3558/2978 2791/3354/2792
f 2701/3255/2701 2977/3557/2977 2891/3463/2891
f 2980/3560/2980 3017/3605/3017 2792/3355/2793
f 2522/3029/2522 2981/3561/2981 2793/3356/2794
f 2935/3510/2935 2936/3511/2936 2850/3416/2850
f 2852/3418/2852 3018/3606/3018 2853/3419/2853
f 2853/3419/2853 3019/3607/3019 2800/3365/2801
f 2477/2973/2477 2756/3312/2757 2799/3364/2800
f 2801/3366/2802 2937/3512/2937 3020/3608/3020
f 2757/3313/2758 2802/3367/2803 2937/3512/2937
f 2902/3474/2902 2901/3473/2901 3021/3609/3021
f 3021/3609/3021 2938/3513/2938 2902/3474/2902
f 2940/3515/2940 2942/3517/2942 2804/3369/2805
f 2941/3516/2941 2803/3368/2804 3022/3610/3022
f 2942/3517/2942 2987/3567/2987 2805/3370/2806
f 2803/3368/2804 2806/3371/2807 3023/3611/3023
f 2903/3475/2903 3024/3612/3024 2807/3372/2808
f 3024/3613/3024 2988/3568/2988 2807/3476/2808
f 2714/3268/2714 2944/3519/2944 2904/3477/2904
f 2945/3520/2945 3025/3614/3025 2762/3319/2763
f 3025/3614/3025 2907/3480/2907 2762/3319/2763
f 2906/3479/2906 2809/3374/2810 2989/3569/2989
f 2990/3570/2990 3026/3615/3026 2909/3482/2909
f 2908/3481/2908 2910/3483/2910 2991/3571/2991
f 2909/3482/2909 2946/3521/2946 2858/3425/2858
f 2991/3571/2991 2859/3426/2859 2992/3572/2992
f 2717/3271/2717 2993/3573/2993 2631/3167/2631
f 2993/3573/2993 2948/3523/2948 2631/3167/2631
f 2813/3378/2814 3027/3616/3027 2911/3485/2911
f 2815/3380/2816 3028/3617/3028 2995/3575/2995
f 2816/3381/2817 2911/3485/2911 2997/3577/2997
f 2817/3382/2818 3029/3618/3029 2720/3274/2720
f 2817/3382/2818 2818/3383/2819 3029/3618/3029
f 2720/3274/2720 3029/3618/3029 2863/3431/2863
f 2768/3327/2769 2864/3432/2864 2951/3526/2951
f 2864/3432/2864 2865/3433/2865 2951/3526/2951
f 2820/3385/2821 2999/3579/2999 2953/3528/2953
f 2678/3226/2678 2953/3528/2953 2866/3434/2866
f 2677/3225/2677 3030/3619/3030 2954/3529/2954
f 2677/3225/2677 2913/3487/2913 3030/3619/3030
f 2866/3434/2866 3031/3620/3031 3032/3621/3032
f 2822/3387/2823 2866/3434/2866 3032/3621/3032
f 2822/3387/2823 3032/3621/3032 2956/3531/2956
f 2721/3388/2721 3033/3622/3033 2915/3489/2915
f 2824/3390/2825 3002/3582/3002 3000/3580/3000
f 2825/3391/2826 3034/3623/3034 2826/3392/2827
f 2917/3491/2917 2958/3533/2958 3035/3624/3035
f 2727/3282/2727 3003/3583/3003 2958/3533/2958
f 2640/3176/2640 2826/3392/2827 3036/3625/3036
f 2640/3176/2640 3036/3625/3036 2960/3535/2960
f 3005/3585/3005 2963/3541/2963 2962/3540/2962
f 2876/3444/2876 2877/3626/2877 2963/3541/2963
f 2730/3286/2731 2964/3542/2964 3037/3627/3037
f 2730/3286/2731 3037/3627/3037 2920/3495/2920
f 2877/3445/2877 3006/3592/3006 3038/3628/3038
f 2920/3495/2920 3039/3629/3039 2834/3400/2834
f 2968/3546/2968 3007/3593/3007 3040/3630/3040
f 3007/3593/3007 2924/3499/2924 3008/3594/3008
f 2884/3455/2884 3010/3596/3010 3008/3594/3008
f 3010/3596/3010 3009/3595/3009 3008/3594/3008
f 3011/3599/3011 2972/3550/2972 3009/3595/3009
f 2972/3550/2972 3012/3600/3012 3009/3595/3009
f 3012/3600/3012 3013/3601/3013 3041/3631/3041
f 3013/3601/3013 3042/3632/3042 3041/3631/3041
f 3013/3601/3013 3014/3602/3014 3042/3632/3042
f 2974/3552/2974 3043/3633/3043 3014/3602/3014
f 2784/3347/2785 2885/3456/2885 2928/3503/2928
f 2974/3552/2974 3044/3634/3044 3043/3633/3043
f 2927/3502/2927 3044/3634/3044 2974/3552/2974
f 2927/3502/2927 3015/3603/3015 3044/3634/3044
f 2747/3303/2748 3045/3635/3045 2789/3352/2790
f 2555/3065/2555 2656/3202/2656 3046/3636/3046
f 2889/3461/2889 2931/3506/2931 2979/3559/2979
f 2889/3461/2889 2979/3559/2979 2930/3555/2930
f 3017/3605/3017 2932/3507/2932 2792/3355/2793
f 2706/3260/2706 2892/3464/2892 2981/3561/2981
f 2749/3305/2750 3047/3637/3047 2848/3414/2848
f 2750/3306/2751 3048/3638/3048 2933/3508/2933
f 2709/3263/2709 2982/3562/2982 2935/3510/2935
f 2936/3511/2936 3049/3639/3049 2754/3310/2755
f 2754/3310/2755 3049/3639/3049 2895/3467/2895
f 2896/3468/2896 2659/3205/2659 3050/3640/3050
f 2659/3205/2659 2755/3311/2756 3050/3640/3050
f 2897/3469/2897 2984/3564/2984 2851/3417/2851
f 2984/3564/2984 3051/3641/3051 2899/3471/2899
f 2852/3418/2852 2899/3471/2899 3018/3606/3018
f 2756/3312/2757 2801/3366/2802 3052/3642/3052
f 2800/3365/2801 3053/3643/3053 2985/3565/2985
f 2854/3420/2854 2712/3266/2712 3054/3644/3054
f 2758/3314/2759 3055/3645/3055 2986/3566/2986
f 2986/3566/2986 3056/3646/3056 2940/3515/2940
f 2939/3514/2939 2941/3516/2941 3057/3647/3057
f 3022/3610/3022 2803/3368/2804 3023/3611/3023
f 2988/3568/2988 3058/3648/3058 2855/3422/2855
f 2855/3422/2855 3058/3648/3058 2945/3520/2945
f 2905/3478/2905 3059/3649/3059 2944/3519/2944
f 2905/3478/2905 2906/3479/2906 3059/3649/3059
f 2906/3479/2906 2989/3569/2989 3060/3650/3060
f 2909/3482/2909 3026/3615/3026 2946/3521/2946
f 2860/3428/2860 2810/3375/2811 3061/3651/3061
f 2993/3573/2993 3062/3652/3062 2948/3523/2948
f 2812/3377/2813 2811/3376/2812 3063/3653/3063
f 2813/3378/2814 2949/3524/2949 3027/3616/3027
f 2949/3524/2949 2995/3575/2995 3064/3654/3064
f 2815/3380/2816 2996/3576/2996 3028/3617/3028
f 2997/3577/2997 3065/3655/3065 2818/3383/2819
f 2818/3383/2819 3065/3655/3065 3029/3618/3029
f 2863/3431/2863 3029/3618/3029 3066/3656/3066
f 2863/3431/2863 3066/3656/3066 2912/3486/2912
f 2767/3326/2768 2998/3578/2998 3067/3657/3067
f 2912/3486/2912 3066/3656/3066 2999/3579/2999
f 2952/3527/2952 2951/3526/2951 3068/3658/3068
f 2866/3434/2866 2953/3528/2953 3031/3620/3031
f 2913/3487/2913 2955/3530/2955 3069/3659/3069
f 2914/3488/2914 3070/3660/3070 2770/3329/2771
f 2721/3275/2721 2956/3531/2956 3033/3661/3033
f 2868/3436/2868 3000/3580/3000 3071/3662/3071
f 3002/3582/3002 2916/3490/2916 2957/3532/2957
f 2917/3491/2917 3035/3624/3035 3072/3663/3072
f 2826/3392/2827 3034/3623/3034 3073/3664/3073
f 2918/3492/2918 3074/3665/3074 2959/3534/2959
f 2870/3438/2870 2960/3535/2960 3075/3666/3075
f 2918/3492/2918 3076/3667/3076 3077/3668/3077
f 2918/3492/2918 2962/3540/2962 3076/3667/3076
f 2962/3540/2962 3078/3669/3078 3076/3667/3076
f 3038/3628/3038 3079/3670/3079 2877/3445/2877
f 3040/3630/3040 3006/3592/3006 2968/3546/2968
f 3040/3630/3040 3007/3593/3007 3080/3671/3080
f 3080/3671/3080 3007/3593/3007 3081/3672/3081
f 3082/3673/3082 2834/3400/2834 3039/3629/3039
f 3083/3674/3083 3008/3675/3008 3084/2048/3084
f 3082/3673/3082 3085/3676/3085 2834/3400/2834
f 3085/3676/3085 2885/3456/2885 2834/3400/2834
f 3008/3594/3008 3009/3595/3009 3084/3677/3084
f 3084/3677/3084 3009/3595/3009 3086/3678/3086
f 3086/3678/3086 3009/3595/3009 3087/3679/3087
f 3087/3679/3087 3009/3595/3009 3088/3680/3088
f 3088/3680/3088 3009/3595/3009 3089/3681/3089
f 3009/3595/3009 3012/3600/3012 3089/3681/3089
f 3012/3600/3012 3041/3631/3041 3089/3681/3089
f 3042/3632/3042 3014/3602/3014 3090/3682/3090
f 3090/3682/3090 3014/3602/3014 3091/3683/3091
f 3092/3684/3092 2928/3503/2928 2885/3456/2885
f 3091/3683/3091 3014/3602/3014 3043/3633/3043
f 3091/3683/3091 3043/3633/3043 3093/3685/3093
f 3093/3685/3093 3043/3633/3043 3094/3686/3094
f 3094/3686/3094 3043/3633/3043 3044/3634/3044
f 3094/3686/3094 3044/3634/3044 3015/3603/3015
f 3095/3687/3095 3015/3603/3015 2839/3405/2839
f 2839/3405/2839 2929/3504/2929 3095/3687/3095
f 2788/3351/2789 2975/3553/2975 2655/3201/2655
f 3096/3688/3096 2929/3504/2929 2930/3505/2930
f 3096/3689/3096 2930/3555/2930 2979/3559/2979
f 3097/3690/3097 2749/3305/2750 2928/3503/2928
f 3047/3637/3047 2749/3305/2750 3097/3690/3097
f 2846/3412/2846 2705/3259/2705 3098/3691/3098
f 2932/3507/2932 2978/3558/2978 2847/3413/2847
f 3099/3692/3099 2932/3507/2932 3017/3605/3017
f 3100/3693/3100 2848/3414/2848 3047/3637/3047
f 2892/3464/2892 2708/3262/2708 2934/3509/2934
f 3048/3638/3048 2934/3509/2934 2933/3508/2933
f 3101/3694/3101 2751/3307/2752 2752/3308/2753
f 3102/3695/3102 2752/3308/2753 2849/3415/2849
f 2893/3465/2893 2894/3466/2894 2983/3563/2983
f 3103/3696/3103 2897/3469/2897 2895/3467/2895
f 3103/3696/3103 3104/3697/3104 2897/3469/2897
f 3104/3697/3104 2984/3564/2984 2897/3469/2897
f 2900/3472/2900 2618/3149/2618 3105/3698/3105
f 3105/3698/3105 2618/3149/2618 2799/3364/2800
f 3018/3606/3018 3019/3607/3019 2853/3419/2853
f 3019/3607/3019 3053/3643/3053 2800/3365/2801
f 3052/3642/3052 2801/3366/2802 3020/3608/3020
f 2938/3513/2938 3055/3645/3055 2758/3314/2759
f 3056/3646/3056 2942/3517/2942 2940/3515/2940
f 3057/3647/3057 2941/3516/2941 3022/3610/3022
f 2942/3517/2942 3106/3699/3106 2987/3567/2987
f 3107/3700/3107 2903/3475/2903 3106/3699/3106
f 3106/3699/3106 2903/3475/2903 2987/3567/2987
f 3023/3611/3023 2806/3371/2807 2943/3518/2943
f 3107/3700/3107 3024/3612/3024 2903/3475/2903
f 3107/3701/3107 2988/3568/2988 3024/3613/3024
f 3108/3702/3108 2943/3518/2943 2904/3477/2904
f 3108/3702/3108 2944/3519/2944 3109/3703/3109
f 3108/3702/3108 2904/3477/2904 2944/3519/2944
f 3059/3649/3059 2906/3479/2906 3060/3650/3060
f 2989/3569/2989 2908/3481/2908 2991/3571/2991
f 3110/3704/3110 2993/3573/2993 2947/3522/2947
f 2992/3705/2992 2860/3428/2860 3061/3651/3061
f 3027/3616/3027 2949/3524/2949 3064/3654/3064
f 3111/3706/3111 2996/3576/2996 2765/3324/2766
f 3111/3706/3111 2765/3324/2766 2950/3525/2950
f 3112/3707/3112 2861/3429/2861 2862/3430/2862
f 2767/3326/2768 3112/3707/3112 2862/3430/2862
f 2998/3578/2998 2952/3527/2952 3068/3658/3068
f 3113/3708/3113 2951/3526/2951 2865/3433/2865
f 3030/3619/3030 2913/3487/2913 3069/3659/3069
f 3114/3709/3114 2955/3530/2955 2867/3435/2867
f 3114/3709/3114 2867/3435/2867 3115/3710/3115
f 3115/3710/3115 2867/3435/2867 2770/3329/2771
f 2914/3488/2914 2868/3436/2868 3071/3662/3071
f 3116/3711/3116 3000/3580/3000 3002/3582/3002
f 3001/3581/3001 3034/3623/3034 2825/3391/2826
f 3072/3663/3072 2957/3532/2957 2724/3279/2724
f 3072/3663/3072 2724/3279/2724 2917/3491/2917
f 3117/3712/3117 2958/3533/2958 3003/3583/3003
f 3036/3625/3036 2826/3392/2827 3073/3664/3073
f 3117/3712/3117 3003/3583/3003 3004/3584/3004
f 3004/3584/3004 3003/3583/3003 2869/3437/2869
f 3074/3665/3074 3004/3584/3004 2959/3534/2959
f 3118/3713/3118 3074/3665/3074 2918/3492/2918
f 3118/3713/3118 2918/3492/2918 3077/3668/3077
f 3077/3668/3077 3076/3667/3076 3118/3713/3118
f 3118/3713/3118 3076/3667/3076 3078/3669/3078
f 3075/3666/3075 2964/3542/2964 2870/3438/2870
f 3119/3714/3119 3078/3669/3078 2962/3540/2962
f 3119/3714/3119 2962/3540/2962 3120/3715/3120
f 3121/3716/3121 2877/3717/2877 3079/3718/3079
f 3122/3719/3122 3079/3720/3079 3038/3721/3038
f 3038/3628/3038 3006/3592/3006 3123/3722/3123
f 3123/3722/3123 3006/3592/3006 3124/3723/3124
f 3124/3723/3124 3006/3592/3006 3125/3724/3125
f 3040/3725/3040 3125/3726/3125 3006/3727/3006
f 3040/3630/3040 3080/3671/3080 3125/3724/3125
f 3080/3671/3080 3081/3672/3081 3125/3724/3125
f 3007/3593/3007 3008/3594/3008 3081/3672/3081
f 3081/3728/3081 3008/3729/3008 3126/3730/3126
f 3126/3731/3126 3008/3594/3008 3127/3732/3127
f 3083/3733/3083 3084/3677/3084 3127/3732/3127
f 3008/3594/3008 3083/3733/3083 3127/3732/3127
f 3084/3677/3084 3086/3678/3086 3127/3732/3127
f 3127/3732/3127 3086/3678/3086 3128/3734/3128
f 3086/3678/3086 3088/3680/3088 3128/3734/3128
f 3086/3678/3086 3087/3679/3087 3088/3680/3088
f 3089/3681/3089 3129/3735/3129 3088/3680/3088
f 3085/3676/3085 3092/3684/3092 2885/3456/2885
f 3089/3681/3089 3041/3631/3041 3129/3735/3129
f 3129/3735/3129 3041/3631/3041 3042/3632/3042
f 3042/3632/3042 3090/3682/3090 3093/3685/3093
f 3090/3682/3090 3091/3683/3091 3093/3685/3093
f 3015/3603/3015 3095/3687/3095 3130/3736/3130
f 3130/3736/3130 3095/3687/3095 2929/3504/2929
f 3131/3737/3131 3132/3738/3132 2929/3504/2929
f 2975/3553/2975 3045/3635/3045 2747/3303/2748
f 3131/3737/3131 2929/3504/2929 3096/3688/3096
f 2555/3065/2555 3046/3636/3046 2788/3351/2789
f 2790/3353/2791 3133/3739/3133 2656/3202/2656
f 2700/3254/2700 2554/3064/2554 3134/3740/3134
f 2976/3556/2976 2748/3304/2749 3135/3741/3135
f 2979/3559/2979 3016/3604/3016 3136/3742/3136
f 2977/3557/2977 3137/3743/3137 2891/3463/2891
f 2980/3560/2980 3138/3744/3138 3017/3605/3017
f 2705/3259/2705 2793/3356/2794 3139/3745/3139
f 2892/3464/2892 2934/3509/2934 3140/3746/3140
f 2848/3414/2848 3100/3693/3100 2982/3562/2982
f 2750/3306/2751 3141/3747/3141 3048/3638/3048
f 2751/3307/2752 3101/3694/3101 2750/3306/2751
f 3101/3694/3101 2752/3308/2753 3102/3695/3102
f 3142/3748/3142 2935/3510/2935 2982/3562/2982
f 3102/3695/3102 2849/3415/2849 3143/3749/3143
f 2983/3563/2983 3144/3750/3144 2893/3465/2893
f 2984/3564/2984 3104/3697/3104 3051/3641/3051
f 2898/3470/2898 3145/3751/3145 2755/3311/2756
f 2899/3471/2899 3146/3752/3146 3018/3606/3018
f 2899/3471/2899 3051/3641/3051 3146/3752/3146
f 2799/3364/2800 2756/3312/2757 3052/3642/3052
f 3019/3607/3019 3147/3753/3147 3053/3643/3053
f 2985/3565/2985 3148/3754/3148 2901/3473/2901
f 3149/3755/3149 3021/3609/3021 2901/3473/2901
f 2712/3266/2712 2939/3514/2939 3054/3644/3054
f 3107/3701/3107 3058/3648/3058 2988/3568/2988
f 3108/3702/3108 3109/3703/3109 3150/3756/3150
f 3058/3648/3058 3151/3757/3151 2945/3520/2945
f 3109/3703/3109 2944/3519/2944 3150/3756/3150
f 3151/3757/3151 3025/3614/3025 2945/3520/2945
f 2991/3571/2991 2992/3572/2992 3152/3758/3152
f 2946/3521/2946 3153/3759/3153 2947/3522/2947
f 3153/3759/3153 3110/3704/3110 2947/3522/2947
f 3154/3760/3154 2994/3574/2994 2812/3377/2813
f 2810/3375/2811 2994/3574/2994 3154/3760/3154
f 2948/3523/2948 3063/3653/3063 2811/3376/2812
f 3154/3760/3154 2812/3377/2813 3063/3653/3063
f 2911/3485/2911 3027/3616/3027 3155/3761/3155
f 2861/3429/2861 3156/3762/3156 2950/3525/2950
f 3029/3618/3029 3157/3763/3157 3066/3656/3066
f 2767/3326/2768 3067/3657/3067 3112/3707/3112
f 3068/3658/3068 3158/3764/3158 2998/3578/2998
f 2954/3529/2954 3113/3708/3113 2865/3433/2865
f 2770/3329/2771 3159/3765/3159 3115/3710/3115
f 3033/3622/3033 3001/3581/3001 2915/3489/2915
f 3035/3624/3035 2958/3533/2958 3072/3663/3072
f 3072/3663/3072 2958/3533/2958 3160/3766/3160
f 3004/3584/3004 3074/3665/3074 3161/3767/3161
f 3078/3669/3078 3119/3714/3119 3118/3713/3118
f 3120/3715/3120 2962/3540/2962 3162/3768/3162
f 3119/3714/3119 3120/3715/3120 3162/3768/3162
f 3162/3768/3162 2962/3540/2962 3163/3769/3163
f 2962/3540/2962 2963/3541/2963 3163/3769/3163
f 2963/3541/2963 3164/3770/3164 3163/3769/3163
f 2963/3541/2963 2877/3626/2877 3164/3770/3164
f 3165/3771/3165 3037/3627/3037 2964/3542/2964
f 2877/3772/2877 3121/3773/3121 3164/3774/3164
f 3038/3628/3038 3123/3722/3123 3122/3775/3122
f 3039/3629/3039 2920/3495/2920 3037/3627/3037
f 3123/3722/3123 3124/3723/3124 3166/3776/3166
f 3124/3723/3124 3125/3724/3125 3166/3776/3166
f 3125/3724/3125 3167/3777/3167 3166/3776/3166
f 3125/3724/3125 3081/3672/3081 3167/3777/3167
f 3126/3731/3126 3168/3778/3168 3081/3672/3081
f 3126/3731/3126 3169/3779/3169 3168/3778/3168
f 3126/3731/3126 3127/3732/3127 3169/3779/3169
f 3088/3680/3088 3170/3780/3170 3128/3734/3128
f 3088/3680/3088 3129/3735/3129 3171/3781/3171
f 3129/3735/3129 3172/3782/3172 3171/3781/3171
f 3129/3735/3129 3042/3632/3042 3172/3782/3172
f 3042/3632/3042 3173/3783/3173 3172/3782/3172
f 3042/3632/3042 3093/3685/3093 3173/3783/3173
f 3094/3686/3094 3015/3603/3015 3174/3784/3174
f 3094/3686/3094 3174/3784/3174 3093/3685/3093
f 2928/3503/2928 3092/3684/3092 3175/3785/3175
f 3130/3736/3130 3176/3786/3176 3015/3603/3015
f 3130/3736/3130 2929/3504/2929 3176/3786/3176
f 2929/3504/2929 3132/3738/3132 3176/3786/3176
f 2789/3352/2790 3045/3635/3045 3177/3787/3177
f 2789/3352/2790 3177/3787/3177 3178/3788/3178
f 2976/3556/2976 2790/3353/2791 2559/3069/2559
f 2979/3559/2979 3136/3742/3136 3096/3689/3096
f 2846/3412/2846 3179/3789/3179 2748/3304/2749
f 2978/3558/2978 3180/3790/3180 3016/3604/3016
f 2977/3557/2977 3181/3791/3181 3137/3743/3137
f 2891/3463/2891 3138/3744/3138 2980/3560/2980
f 2891/3463/2891 3137/3743/3137 3138/3744/3138
f 3017/3605/3017 3138/3744/3138 3182/3792/3182
f 3017/3605/3017 3182/3792/3182 3099/3692/3099
f 3100/3693/3100 3183/3793/3183 2982/3562/2982
f 2893/3465/2893 3144/3750/3144 2794/3359/2795
f 2895/3467/2895 3049/3639/3049 3103/3696/3103
f 3146/3752/3146 3184/3794/3184 3018/3606/3018
f 2799/3364/2800 3052/3642/3052 3105/3698/3105
f 3020/3608/3020 3185/3795/3185 3052/3642/3052
f 2985/3565/2985 3053/3643/3053 3148/3754/3148
f 3148/3754/3148 3149/3755/3149 2901/3473/2901
f 2854/3420/2854 3054/3644/3054 2802/3367/2803
f 2939/3514/2939 3057/3647/3057 3054/3644/3054
f 3022/3610/3022 3186/3796/3186 3057/3647/3057
f 3023/3611/3023 3186/3796/3186 3022/3610/3022
f 3023/3611/3023 2943/3518/2943 3186/3796/3186
f 3108/3702/3108 3187/3797/3187 2943/3518/2943
f 3188/3798/3188 3151/3757/3151 3058/3648/3058
f 3150/3756/3150 2944/3519/2944 3059/3649/3059
f 3060/3650/3060 3189/3799/3189 3059/3649/3059
f 3060/3650/3060 2989/3569/2989 3190/3800/3190
f 2989/3569/2989 3191/3801/3191 3190/3800/3190
f 2907/3480/2907 3192/3802/3192 2716/3270/2716
f 2989/3569/2989 2991/3571/2991 3191/3801/3191
f 2990/3570/2990 3193/3803/3193 3026/3615/3026
f 3193/3803/3193 2946/3521/2946 3026/3615/3026
f 2992/3572/2992 3194/3804/3194 3152/3758/3152
f 2992/3705/2992 3061/3651/3061 3194/3805/3194
f 2993/3573/2993 3195/3806/3195 3062/3652/3062
f 3062/3652/3062 3195/3806/3195 2948/3523/2948
f 2948/3523/2948 3195/3806/3195 3063/3653/3063
f 3027/3616/3027 3064/3654/3064 3196/3807/3196
f 3064/3654/3064 3197/3808/3197 3196/3807/3196
f 2997/3577/2997 3198/3809/3198 3065/3655/3065
f 2997/3577/2997 3199/3810/3199 3198/3809/3198
f 3155/3761/3155 2997/3577/2997 2911/3485/2911
f 2950/3525/2950 3156/3762/3156 3111/3706/3111
f 3065/3655/3065 3198/3809/3198 3029/3618/3029
f 3029/3618/3029 3200/3811/3200 3157/3763/3157
f 3066/3656/3066 3157/3763/3157 2999/3579/2999
f 2999/3579/2999 3157/3763/3157 3201/3812/3201
f 2953/3528/2953 2999/3579/2999 3202/3813/3202
f 2953/3528/2953 3202/3813/3202 3203/3814/3203
f 2953/3528/2953 3204/3815/3204 3031/3620/3031
f 2955/3530/2955 3205/3816/3205 3069/3659/3069
f 2955/3530/2955 3114/3709/3114 3205/3816/3205
f 2956/3531/2956 3032/3621/3032 3206/3817/3206
f 3070/3660/3070 3159/3765/3159 2770/3329/2771
f 2914/3488/2914 3207/3818/3207 3070/3660/3070
f 3071/3662/3071 3207/3818/3207 2914/3488/2914
f 3036/3625/3036 3075/3666/3075 2960/3535/2960
f 3074/3665/3074 3208/3819/3208 3161/3767/3161
f 3074/3665/3074 3209/3820/3209 3208/3819/3208
f 3074/3665/3074 3210/3821/3210 3209/3820/3209
f 3074/3665/3074 3118/3713/3118 3210/3821/3210
f 3119/3714/3119 3162/3768/3162 3118/3713/3118
f 3164/3770/3164 3211/3822/3211 3163/3769/3163
f 3164/3774/3164 3121/3773/3121 3211/3823/3211
f 3079/3670/3079 3123/3722/3123 3121/3824/3121
f 3079/3670/3079 3122/3775/3122 3123/3722/3123
f 3037/3627/3037 3212/3825/3212 3039/3629/3039
f 3123/3722/3123 3166/3776/3166 3213/3826/3213
f 3167/3777/3167 3214/3827/3214 3166/3776/3166
f 3167/3777/3167 3215/3828/3215 3214/3827/3214
f 3167/3777/3167 3081/3672/3081 3215/3828/3215
f 3169/3779/3169 3216/3829/3216 3168/3778/3168
f 3169/3779/3169 3127/3732/3127 3216/3829/3216
f 3127/3732/3127 3217/3830/3217 3216/3829/3216
f 3127/3732/3127 3128/3734/3128 3217/3830/3217
f 3128/3734/3128 3218/3831/3218 3219/3832/3219
f 3170/3780/3170 3218/3831/3218 3128/3734/3128
f 3170/3780/3170 3088/3680/3088 3218/3831/3218
f 3088/3680/3088 3220/3833/3220 3218/3831/3218
f 3088/3680/3088 3171/3781/3171 3220/3833/3220
f 3172/3782/3172 3221/3834/3221 3171/3781/3171
f 3172/3782/3172 3173/3783/3173 3221/3834/3221
f 3093/3685/3093 3222/3835/3222 3173/3783/3173
f 3093/3685/3093 3174/3784/3174 3222/3835/3222
f 3174/3784/3174 3223/3836/3223 3222/3835/3222
f 3174/3784/3174 3015/3603/3015 3223/3836/3223
f 3015/3603/3015 3224/3837/3224 3223/3836/3223
f 3015/3603/3015 3176/3786/3176 3224/3837/3224
f 3132/3738/3132 3131/3737/3131 3176/3786/3176
f 2789/3352/2790 3178/3788/3178 2842/3408/2842
f 3225/3838/3225 3097/3690/3097 2928/3503/2928
f 3133/3739/3133 3226/3839/3226 2656/3202/2656
f 2842/3408/2842 3227/3840/3227 2554/3064/2554
f 2790/3353/2791 3228/3841/3228 3133/3739/3133
f 2700/3254/2700 3134/3740/3134 3229/3842/3229
f 2748/3304/2749 3179/3789/3179 3135/3741/3135
f 2700/3254/2700 3230/3843/3230 2845/3411/2845
f 3180/3790/3180 3136/3742/3136 3016/3604/3016
f 2932/3507/2932 3231/3844/3231 2978/3558/2978
f 3099/3692/3099 3232/3845/3232 2932/3507/2932
f 2846/3412/2846 3098/3691/3098 3233/3846/3233
f 2892/3464/2892 3140/3746/3140 2981/3561/2981
f 2934/3509/2934 3234/3847/3234 3140/3746/3140
f 3101/3694/3101 3141/3747/3141 2750/3306/2751
f 2982/3562/2982 3183/3793/3183 3142/3748/3142
f 3102/3695/3102 3235/3848/3235 3101/3694/3101
f 2849/3415/2849 3236/3849/3236 3143/3749/3143
f 2935/3510/2935 3142/3748/3142 2936/3511/2936
f 2936/3511/2936 3142/3748/3142 3049/3639/3049
f 3237/3850/3237 3146/3752/3146 3051/3641/3051
f 2898/3470/2898 3238/3851/3238 3145/3751/3145
f 2898/3470/2898 2900/3472/2900 3238/3851/3238
f 2900/3472/2900 3145/3751/3145 3238/3851/3238
f 2900/3472/2900 3105/3698/3105 3145/3751/3145
f 3018/3606/3018 3184/3794/3184 3019/3607/3019
f 3019/3607/3019 3184/3794/3184 3147/3753/3147
f 3021/3609/3021 3239/3852/3239 2938/3513/2938
f 2938/3513/2938 3239/3852/3239 3055/3645/3055
f 3055/3645/3055 3240/3853/3240 2986/3566/2986
f 3054/3644/3054 3057/3647/3057 3241/3854/3241
f 2986/3566/2986 3240/3853/3240 3056/3646/3056
f 3056/3646/3056 3106/3699/3106 2942/3517/2942
f 3187/3797/3187 3108/3702/3108 3150/3756/3150
f 3059/3649/3059 3242/3855/3242 3150/3756/3150
f 3059/3649/3059 3189/3799/3189 3242/3855/3242
f 2716/3270/2716 3192/3802/3192 2990/3570/2990
f 3192/3802/3192 3193/3803/3193 2990/3570/2990
f 2993/3573/2993 3110/3704/3110 3195/3806/3195
f 2995/3575/2995 3197/3808/3197 3064/3654/3064
f 3028/3617/3028 3197/3808/3197 2995/3575/2995
f 2861/3429/2861 3243/3856/3243 3156/3762/3156
f 2998/3578/2998 3158/3764/3158 3067/3657/3067
f 2999/3579/2999 3201/3812/3201 3202/3813/3202
f 2954/3529/2954 3244/3857/3244 3113/3708/3113
f 2953/3528/2953 3203/3814/3203 3204/3815/3204
f 3032/3621/3032 3245/3858/3245 3206/3817/3206
f 2956/3531/2956 3246/3859/3246 3033/3661/3033
f 3000/3580/3000 3116/3711/3116 3071/3662/3071
f 3001/3581/3001 3033/3622/3033 3247/3860/3247
f 2957/3532/2957 3116/3711/3116 3002/3582/3002
f 3034/3623/3034 3001/3581/3001 3248/3861/3248
f 2957/3532/2957 3249/3862/3249 3250/3863/3250
f 2957/3532/2957 3072/3663/3072 3249/3862/3249
f 3072/3663/3072 3160/3766/3160 3249/3862/3249
f 3073/3664/3073 3034/3623/3034 3251/3864/3251
f 3073/3664/3073 3252/3865/3252 3036/3625/3036
f 3004/3584/3004 3253/3866/3253 3117/3712/3117
f 3036/3625/3036 3254/3867/3254 3075/3666/3075
f 3004/3584/3004 3161/3767/3161 3253/3866/3253
f 3208/3819/3208 3209/3820/3209 3161/3767/3161
f 3210/3821/3210 3161/3767/3161 3209/3820/3209
f 3210/3821/3210 3255/3868/3255 3161/3767/3161
f 3210/3821/3210 3118/3713/3118 3255/3868/3255
f 3118/3713/3118 3162/3768/3162 3255/3868/3255
f 2964/3542/2964 3075/3666/3075 3165/3771/3165
f 3211/3822/3211 3256/3869/3256 3163/3769/3163
f 3211/3822/3211 3121/3870/3121 3256/3869/3256
f 3123/3722/3123 3257/3871/3257 3121/3824/3121
f 3037/3627/3037 3165/3771/3165 3212/3825/3212
f 3123/3722/3123 3213/3826/3213 3257/3871/3257
f 3213/3826/3213 3166/3776/3166 3257/3871/3257
f 3039/3629/3039 3212/3825/3212 3082/3673/3082
f 3166/3776/3166 3214/3827/3214 3258/3872/3258
f 3215/3828/3215 3259/3873/3259 3258/3872/3258
f 3214/3827/3214 3215/3828/3215 3258/3872/3258
f 3215/3828/3215 3260/3874/3260 3259/3873/3259
f 3215/3828/3215 3081/3672/3081 3260/3874/3260
f 3081/3672/3081 3261/3875/3261 3260/3874/3260
f 3081/3672/3081 3168/3778/3168 3261/3875/3261
f 3168/3778/3168 3262/3876/3262 3261/3875/3261
f 3168/3778/3168 3263/3877/3263 3262/3876/3262
f 3216/3829/3216 3263/3877/3263 3168/3778/3168
f 3216/3829/3216 3217/3830/3217 3263/3877/3263
f 3128/3734/3128 3264/3878/3264 3217/3830/3217
f 3128/3734/3128 3219/3832/3219 3264/3878/3264
f 3219/3832/3219 3218/3831/3218 3264/3878/3264
f 3171/3781/3171 3265/3879/3265 3220/3833/3220
f 3092/3684/3092 3085/3676/3085 3175/3785/3175
f 3171/3781/3171 3221/3834/3221 3265/3879/3265
f 3222/3835/3222 3266/3880/3266 3173/3783/3173
f 3223/3836/3223 3267/3881/3267 3222/3835/3222
f 3224/3837/3224 3268/3882/3268 3223/3836/3223
f 3223/3836/3223 3268/3882/3268 3267/3881/3267
f 3224/3837/3224 3176/3786/3176 3268/3882/3268
f 2928/3503/2928 3175/3785/3175 3225/3838/3225
f 2788/3351/2789 3046/3636/3046 3269/3883/3269
f 2656/3202/2656 3226/3839/3226 3046/3636/3046
f 2976/3556/2976 3135/3741/3135 3270/3884/3270
f 3230/3843/3230 2700/3254/2700 3229/3842/3229
f 3097/3690/3097 3225/3838/3225 3047/3637/3047
f 3181/3791/3181 2977/3557/2977 2845/3411/2845
f 3231/3844/3231 3180/3790/3180 2978/3558/2978
f 3233/3846/3233 3271/3885/3271 2846/3412/2846
f 3272/3886/3272 3231/3844/3231 2932/3507/2932
f 3139/3745/3139 3098/3691/3098 2705/3259/2705
f 2981/3561/2981 3139/3745/3139 2793/3356/2794
f 2849/3415/2849 2794/3358/2795 3236/3849/3236
f 3144/3750/3144 3236/3887/3236 2794/3359/2795
f 2983/3563/2983 2616/3147/2616 2796/3361/2797
f 3273/3888/3273 3103/3696/3103 3049/3639/3049
f 3274/3889/3274 2797/3362/2798 2896/3468/2896
f 3050/3640/3050 2755/3311/2756 3275/3890/3275
f 3237/3850/3237 3051/3641/3051 3104/3697/3104
f 3276/3891/3276 3184/3794/3184 3146/3752/3146
f 3105/3698/3105 3052/3642/3052 3185/3795/3185
f 3277/3892/3277 3185/3795/3185 3020/3608/3020
f 3020/3608/3020 2937/3512/2937 3278/3893/3278
f 3054/3644/3054 2937/3512/2937 2802/3367/2803
f 3239/3852/3239 3240/3853/3240 3055/3645/3055
f 3279/3894/3279 3057/3647/3057 3186/3796/3186
f 3280/3895/3280 3106/3699/3106 3056/3646/3056
f 3281/3896/3281 3058/3648/3058 3107/3701/3107
f 3189/3799/3189 3060/3650/3060 3190/3800/3190
f 2991/3571/2991 3282/3897/3282 3191/3801/3191
f 3153/3759/3153 2946/3521/2946 3283/3898/3283
f 3195/3806/3195 3110/3704/3110 3284/3899/3284
f 3061/3651/3061 2810/3375/2811 3154/3760/3154
f 3285/3900/3285 3028/3617/3028 2996/3576/2996
f 3286/3901/3286 3029/3618/3029 3198/3809/3198
f 3287/3902/3287 3112/3707/3112 3067/3657/3067
f 3288/3903/3288 3068/3658/3068 2951/3526/2951
f 3289/3904/3289 3201/3812/3201 3157/3763/3157
f 3290/3905/3290 2951/3526/2951 3113/3708/3113
f 3291/3906/3291 3030/3619/3030 3069/3659/3069
f 3245/3858/3245 3032/3621/3032 3031/3620/3031
f 3205/3816/3205 3114/3709/3114 3115/3710/3115
f 3206/3817/3206 3246/3859/3246 2956/3531/2956
f 3159/3765/3159 3070/3660/3070 3207/3818/3207
f 3246/3907/3246 3247/3860/3247 3033/3622/3033
f 3292/3908/3292 3001/3581/3001 3247/3860/3247
f 3116/3711/3116 2957/3532/2957 3293/3909/3293
f 3293/3909/3293 2957/3532/2957 3250/3863/3250
f 3251/3864/3251 3252/3865/3252 3073/3664/3073
f 3160/3766/3160 2958/3533/2958 3117/3712/3117
f 3294/3910/3294 3117/3712/3117 3295/3911/3295
f 3252/3865/3252 3254/3867/3254 3036/3625/3036
f 3296/3912/3296 3161/3767/3161 3297/3913/3297
f 3297/3913/3297 3161/3767/3161 3255/3868/3255
f 3297/3913/3297 3255/3868/3255 3296/3912/3296
f 3298/3914/3298 3162/3768/3162 3163/3769/3163
f 3257/3871/3257 3256/3915/3256 3121/3824/3121
f 3299/3916/3299 3257/3871/3257 3166/3776/3166
f 3299/3916/3299 3166/3776/3166 3300/3917/3300
f 3166/3776/3166 3258/3872/3258 3300/3917/3300
f 3258/3872/3258 3259/3873/3259 3300/3917/3300
f 3259/3873/3259 3260/3874/3260 3300/3917/3300
f 3260/3874/3260 3261/3875/3261 3262/3876/3262
f 3301/3918/3301 3260/3874/3260 3262/3876/3262
f 3301/3918/3301 3262/3876/3262 3302/3919/3302
f 3302/3919/3302 3262/3876/3262 3263/3877/3263
f 3263/3877/3263 3217/3830/3217 3264/3878/3264
f 3264/3878/3264 3218/3831/3218 3303/3920/3303
f 3218/3831/3218 3220/3833/3220 3303/3920/3303
f 3303/3920/3303 3220/3833/3220 3304/3921/3304
f 3220/3833/3220 3265/3879/3265 3304/3921/3304
f 3265/3879/3265 3221/3834/3221 3173/3783/3173
f 3265/3879/3265 3266/3880/3266 3305/3922/3305
f 3265/3879/3265 3173/3783/3173 3266/3880/3266
f 3305/3922/3305 3222/3835/3222 3267/3881/3267
f 3305/3923/3305 3266/3924/3266 3222/3925/3222
f 3267/3881/3267 3268/3882/3268 3306/3926/3306
f 3306/3926/3306 3268/3882/3268 3307/3927/3307
f 3268/3882/3268 3176/3786/3176 3131/3737/3131
f 3227/3840/3227 2842/3408/2842 3178/3788/3178
f 3308/3928/3308 3096/3688/3096 3309/3929/3309
f 3308/3930/3308 3131/3931/3131 3096/3932/3096
f 3136/3742/3136 3309/3933/3309 3096/3689/3096
f 2845/3411/2845 3230/3843/3230 3181/3791/3181
f 3232/3845/3232 3272/3886/3272 2932/3507/2932
f 3310/3934/3310 3100/3693/3100 3047/3637/3047
f 3310/3934/3310 3311/3935/3311 3100/3693/3100
f 3141/3747/3141 3312/3936/3312 3048/3638/3048
f 3313/3937/3313 3101/3694/3101 3235/3848/3235
f 3235/3848/3235 3102/3695/3102 3143/3749/3143
f 3142/3748/3142 3273/3888/3273 3049/3639/3049
f 3314/3938/3314 3103/3696/3103 3273/3888/3273
f 2896/3468/2896 3050/3640/3050 3275/3890/3275
f 3315/3939/3315 3104/3697/3104 3103/3696/3103
f 3104/3697/3104 3315/3939/3315 3237/3850/3237
f 3275/3890/3275 2755/3311/2756 3145/3751/3145
f 3237/3850/3237 3316/3940/3316 3146/3752/3146
f 3105/3698/3105 3185/3795/3185 3317/3941/3317
f 3277/3892/3277 3020/3608/3020 3278/3893/3278
f 3149/3755/3149 3318/3942/3318 3021/3609/3021
f 2937/3512/2937 3054/3644/3054 3278/3893/3278
f 3054/3644/3054 3241/3854/3241 3278/3893/3278
f 3319/3943/3319 3239/3852/3239 3021/3609/3021
f 3320/3944/3320 3240/3853/3240 3239/3852/3239
f 3321/3945/3321 3056/3646/3056 3240/3853/3240
f 3322/3946/3322 3280/3895/3280 3056/3646/3056
f 3323/3947/3323 3279/3894/3279 3186/3796/3186
f 3280/3895/3280 3107/3700/3107 3106/3699/3106
f 3324/3948/3324 3107/3700/3107 3325/3949/3325
f 3324/3950/3324 3281/3896/3281 3107/3701/3107
f 3150/3756/3150 3326/3951/3326 3187/3797/3187
f 3281/3896/3281 3188/3798/3188 3058/3648/3058
f 3025/3614/3025 3151/3757/3151 3327/3952/3327
f 3189/3953/3189 3190/3954/3190 3191/3955/3191
f 3282/3897/3282 2991/3571/2991 3152/3758/3152
f 3328/3956/3328 3194/3805/3194 3061/3651/3061
f 3329/3957/3329 3154/3760/3154 3063/3653/3063
f 3027/3616/3027 3196/3807/3196 3155/3761/3155
f 3196/3807/3196 3330/3958/3330 3155/3761/3155
f 3028/3617/3028 3331/3959/3331 3197/3808/3197
f 2996/3576/2996 3111/3706/3111 3285/3900/3285
f 2997/3577/2997 3155/3761/3155 3199/3810/3199
f 3156/3762/3156 3243/3856/3243 3332/3960/3332
f 3198/3809/3198 3199/3810/3199 3333/3961/3333
f 3243/3856/3243 3334/3962/3334 3332/3960/3332
f 3112/3707/3112 3243/3856/3243 2861/3429/2861
f 3029/3618/3029 3286/3901/3286 3200/3811/3200
f 3067/3657/3067 3158/3764/3158 3287/3902/3287
f 3157/3763/3157 3200/3811/3200 3335/3963/3335
f 3286/3901/3286 3335/3963/3335 3200/3811/3200
f 3068/3658/3068 3288/3903/3288 3158/3764/3158
f 3202/3813/3202 3201/3812/3201 3336/3964/3336
f 3030/3619/3030 3244/3857/3244 2954/3529/2954
f 3245/3858/3245 3031/3620/3031 3204/3815/3204
f 3115/3710/3115 3159/3765/3159 3337/3965/3337
f 3159/3765/3159 3207/3818/3207 3338/3966/3338
f 3071/3662/3071 3339/3967/3339 3207/3818/3207
f 3071/3662/3071 3340/3968/3340 3339/3967/3339
f 3071/3662/3071 3116/3711/3116 3340/3968/3340
f 3292/3908/3292 3248/3861/3248 3001/3581/3001
f 3250/3863/3250 3249/3862/3249 3341/3969/3341
f 3034/3623/3034 3248/3861/3248 3251/3864/3251
f 3249/3862/3249 3294/3910/3294 3342/3970/3342
f 3249/3862/3249 3160/3766/3160 3294/3910/3294
f 3117/3712/3117 3253/3866/3253 3295/3911/3295
f 3343/3971/3343 3161/3767/3161 3296/3912/3296
f 3162/3768/3162 3344/3972/3344 3255/3868/3255
f 3162/3768/3162 3298/3914/3298 3344/3972/3344
f 3163/3769/3163 3256/3869/3256 3298/3914/3298
f 3256/3915/3256 3345/3973/3345 3298/3974/3298
f 3346/3975/3346 3257/3871/3257 3347/3976/3347
f 3299/3916/3299 3347/3976/3347 3257/3871/3257
f 3299/3916/3299 3348/3977/3348 3347/3976/3347
f 3299/3916/3299 3300/3917/3300 3348/3977/3348
f 3212/3825/3212 3349/3978/3349 3082/3673/3082
f 3300/3917/3300 3260/3874/3260 3350/3979/3350
f 3260/3874/3260 3301/3918/3301 3350/3979/3350
f 3302/3919/3302 3263/3877/3263 3351/3980/3351
f 3301/3918/3301 3302/3919/3302 3351/3980/3351
f 3263/3877/3263 3264/3878/3264 3352/3981/3352
f 3351/3980/3351 3263/3877/3263 3352/3981/3352
f 3264/3878/3264 3353/3982/3353 3352/3981/3352
f 3353/3982/3353 3264/3878/3264 3303/3920/3303
f 3303/3920/3303 3304/3921/3304 3354/3983/3354
f 3354/3983/3354 3304/3921/3304 3355/3984/3355
f 3304/3921/3304 3265/3879/3265 3355/3984/3355
f 3356/3985/3356 3175/3785/3175 3085/3676/3085
f 3265/3879/3265 3306/3926/3306 3355/3984/3355
f 3265/3879/3265 3305/3922/3305 3306/3926/3306
f 3305/3922/3305 3267/3881/3267 3306/3926/3306
f 3307/3927/3307 3268/3882/3268 3357/3986/3357
f 3268/3882/3268 3131/3737/3131 3357/3986/3357
f 3131/3737/3131 3308/3928/3308 3357/3986/3357
f 3133/3739/3133 3228/3841/3228 3226/3839/3226
f 2554/3064/2554 3227/3840/3227 3134/3740/3134
f 2976/3556/2976 3270/3884/3270 2790/3353/2791
f 3229/3842/3229 3134/3740/3134 3230/3843/3230
f 3180/3790/3180 3358/3987/3358 3136/3742/3136
f 3225/3838/3225 3310/3934/3310 3047/3637/3047
f 2846/3412/2846 3271/3885/3271 3179/3789/3179
f 3138/3744/3138 3359/3988/3359 3182/3792/3182
f 3182/3792/3182 3359/3988/3359 3360/3989/3360
f 3182/3792/3182 3232/3845/3232 3099/3692/3099
f 3140/3746/3140 3361/3990/3361 2981/3561/2981
f 2981/3561/2981 3361/3990/3361 3362/3991/3362
f 3312/3936/3312 3234/3847/3234 3048/3638/3048
f 2934/3509/2934 3048/3638/3048 3234/3847/3234
f 3100/3693/3100 3311/3935/3311 3183/3793/3183
f 3101/3694/3101 3313/3937/3313 3141/3747/3141
f 3144/3750/3144 3363/3992/3363 3236/3887/3236
f 3144/3750/3144 2983/3563/2983 3364/3993/3364
f 2983/3563/2983 2796/3361/2797 3365/3994/3365
f 2797/3362/2798 3274/3889/3274 3366/3995/3366
f 2896/3468/2896 3275/3890/3275 3274/3889/3274
f 3145/3751/3145 3367/3996/3367 3275/3890/3275
f 3053/3643/3053 3147/3753/3147 3148/3754/3148
f 3147/3753/3147 3368/3997/3368 3148/3754/3148
f 3148/3754/3148 3318/3942/3318 3149/3755/3149
f 3278/3893/3278 3369/3998/3369 3277/3892/3277
f 3278/3893/3278 3241/3854/3241 3370/3999/3370
f 3319/3943/3319 3320/3944/3320 3239/3852/3239
f 3057/3647/3057 3370/3999/3370 3241/3854/3241
f 3321/3945/3321 3322/3946/3322 3056/3646/3056
f 3280/3895/3280 3325/3949/3325 3107/3700/3107
f 2943/3518/2943 3371/4000/3371 3372/4001/3372
f 3186/3796/3186 2943/3518/2943 3372/4001/3372
f 3187/3797/3187 3371/4000/3371 2943/3518/2943
f 3187/3797/3187 3326/3951/3326 3371/4000/3371
f 3150/3756/3150 3242/3855/3242 3373/4002/3373
f 3151/3757/3151 3188/3798/3188 3374/4003/3374
f 3374/4003/3374 3327/3952/3327 3151/3757/3151
f 3191/3801/3191 3375/4004/3375 3189/3799/3189
f 3025/3614/3025 3376/4005/3376 2907/3480/2907
f 2907/3480/2907 3376/4005/3376 3192/3802/3192
f 3192/3802/3192 3376/4005/3376 3377/4006/3377
f 3191/3801/3191 3282/3897/3282 3375/4004/3375
f 3152/3758/3152 3194/3804/3194 3328/4007/3328
f 3282/3897/3282 3152/3758/3152 3328/4007/3328
f 3193/3803/3193 3283/3898/3283 2946/3521/2946
f 3154/3760/3154 3329/3957/3329 3061/3651/3061
f 3196/3807/3196 3378/4008/3378 3330/3958/3330
f 3197/3808/3197 3378/4008/3378 3196/3807/3196
f 3028/3617/3028 3285/3900/3285 3331/3959/3331
f 3199/3810/3199 3379/4009/3379 3380/4010/3380
f 3155/3761/3155 3379/4009/3379 3199/3810/3199
f 3198/3809/3198 3333/3961/3333 3286/3901/3286
f 3112/3707/3112 3334/3962/3334 3243/3856/3243
f 3112/3707/3112 3287/3902/3287 3381/4011/3381
f 3335/3963/3335 3289/3904/3289 3157/3763/3157
f 3289/3904/3289 3336/3964/3336 3201/3812/3201
f 2951/3526/2951 3290/3905/3290 3288/3903/3288
f 3204/3815/3204 3382/4012/3382 3245/3858/3245
f 3069/3659/3069 3205/3816/3205 3291/3906/3291
f 3245/3858/3245 3383/4013/3383 3206/3817/3206
f 3340/3968/3340 3384/4014/3384 3339/3967/3339
f 3340/3968/3340 3116/3711/3116 3384/4014/3384
f 3250/3863/3250 3341/3969/3341 3293/3909/3293
f 3161/3767/3161 3343/3971/3343 3253/3866/3253
f 3343/3971/3343 3385/4015/3385 3253/3866/3253
f 3343/3971/3343 3296/3912/3296 3385/4015/3385
f 3255/3868/3255 3344/3972/3344 3296/3912/3296
f 3165/3771/3165 3075/3666/3075 3386/4016/3386
f 3344/3972/3344 3298/3914/3298 3387/4017/3387
f 3298/3974/3298 3388/4018/3388 3387/4019/3387
f 3298/3974/3298 3345/3973/3345 3389/4020/3389
f 3298/3974/3298 3389/4020/3389 3388/4018/3388
f 3256/3915/3256 3257/3871/3257 3345/3973/3345
f 3257/3871/3257 3390/4021/3390 3345/3973/3345
f 3257/4022/3257 3346/4023/3346 3390/4024/3390
f 3346/3975/3346 3347/3976/3347 3390/4021/3390
f 3348/3977/3348 3300/3917/3300 3391/4025/3391
f 3300/3917/3300 3392/4026/3392 3391/4025/3391
f 3300/3917/3300 3393/4027/3393 3392/4026/3392
f 3300/3917/3300 3350/3979/3350 3393/4027/3393
f 3301/3918/3301 3394/4028/3394 3393/4027/3393
f 3301/3918/3301 3393/4027/3393 3350/3979/3350
f 3301/3918/3301 3395/4029/3395 3394/4028/3394
f 3301/3918/3301 3351/3980/3351 3395/4029/3395
f 3351/3980/3351 3396/4030/3396 3395/4029/3395
f 3352/3981/3352 3397/4031/3397 3396/4030/3396
f 3352/3981/3352 3396/4030/3396 3351/3980/3351
f 3352/3981/3352 3353/3982/3353 3397/4031/3397
f 3303/3920/3303 3397/4031/3397 3353/3982/3353
f 3303/3920/3303 3398/4032/3398 3397/4031/3397
f 3354/3983/3354 3398/4032/3398 3303/3920/3303
f 3355/3984/3355 3399/4033/3399 3400/4034/3400
f 3306/3926/3306 3399/4033/3399 3355/3984/3355
f 3307/3927/3307 3401/4035/3401 3306/3926/3306
f 3307/3927/3307 3402/4036/3402 3401/4035/3401
f 3307/3927/3307 3357/3986/3357 3402/4036/3402
f 3357/3986/3357 3403/4037/3403 3404/4038/3404
f 3357/3986/3357 3308/3928/3308 3403/4037/3403
f 3308/3928/3308 3405/4039/3405 3403/4037/3403
f 2788/3351/2789 3269/3883/3269 2975/3553/2975
f 3135/3741/3135 3179/3789/3179 3270/3884/3270
f 3136/3742/3136 3358/3987/3358 3309/3933/3309
f 3180/3790/3180 3406/4040/3406 3358/3987/3358
f 3225/3838/3225 3407/4041/3407 3310/3934/3310
f 3231/3844/3231 3406/4040/3406 3180/3790/3180
f 3181/3791/3181 3408/4042/3408 3137/3743/3137
f 3232/3845/3232 3409/4043/3409 3272/3886/3272
f 3137/3743/3137 3408/4042/3408 3410/4044/3410
f 3137/3743/3137 3359/3988/3359 3138/3744/3138
f 3098/3691/3098 3139/3745/3139 3411/4045/3411
f 2981/3561/2981 3362/3991/3362 3412/4046/3412
f 2981/3561/2981 3412/4046/3412 3139/3745/3139
f 3413/4047/3413 3361/3990/3361 3140/3746/3140
f 3183/3793/3183 3311/3935/3311 3414/4048/3414
f 3141/3747/3141 3415/4049/3415 3312/3936/3312
f 3141/3747/3141 3313/3937/3313 3415/4049/3415
f 3183/3793/3183 3414/4048/3414 3142/3748/3142
f 3236/3849/3236 3416/4050/3416 3143/3749/3143
f 2797/3362/2798 3365/3994/3365 2796/3361/2797
f 3275/3890/3275 3367/3996/3367 3417/4051/3417
f 3146/3752/3146 3316/3940/3316 3276/3891/3276
f 3105/3698/3105 3418/4052/3418 3145/3751/3145
f 3105/3698/3105 3317/3941/3317 3419/4053/3419
f 3418/4052/3418 3105/3698/3105 3419/4053/3419
f 3185/3795/3185 3277/3892/3277 3317/3941/3317
f 3021/3609/3021 3318/3942/3318 3319/3943/3319
f 3278/3893/3278 3370/3999/3370 3369/3998/3369
f 3319/3943/3319 3318/3942/3318 3320/3944/3320
f 3057/3647/3057 3420/4054/3420 3370/3999/3370
f 3186/3796/3186 3421/4055/3421 3323/3947/3323
f 3325/4056/3325 3422/4057/3422 3324/4058/3324
f 3150/3756/3150 3373/4002/3373 3326/3951/3326
f 3242/3855/3242 3423/4059/3423 3373/4002/3373
f 3242/3855/3242 3189/3799/3189 3423/4059/3423
f 3189/3799/3189 3424/4060/3424 3423/4059/3423
f 3189/3799/3189 3375/4004/3375 3424/4060/3424
f 3327/3952/3327 3376/4005/3376 3025/3614/3025
f 3192/3802/3192 3425/4061/3425 3193/3803/3193
f 3192/3802/3192 3377/4006/3377 3425/4061/3425
f 3153/3759/3153 3283/3898/3283 3426/4062/3426
f 3153/3759/3153 3427/4063/3427 3110/3704/3110
f 3110/3704/3110 3427/4063/3427 3284/3899/3284
f 3284/3899/3284 3427/4063/3427 3428/4064/3428
f 3284/3899/3284 3428/4064/3428 3195/3806/3195
f 3428/4064/3428 3429/4065/3429 3063/3653/3063
f 3063/3653/3063 3430/4066/3430 3329/3957/3329
f 3429/4065/3429 3430/4066/3430 3063/3653/3063
f 3195/3806/3195 3428/4064/3428 3063/3653/3063
f 3197/3808/3197 3331/3959/3331 3378/4008/3378
f 3199/3810/3199 3380/4010/3380 3333/3961/3333
f 3112/3707/3112 3381/4011/3381 3334/3962/3334
f 3287/3902/3287 3158/3764/3158 3381/4011/3381
f 3286/3901/3286 3431/4067/3431 3335/3963/3335
f 3204/3815/3204 3203/3814/3203 3382/4012/3382
f 3030/3619/3030 3432/4068/3432 3244/3857/3244
f 3030/3619/3030 3291/3906/3291 3432/4068/3432
f 3115/3710/3115 3433/4069/3433 3205/3816/3205
f 3115/3710/3115 3337/3965/3337 3433/4069/3433
f 3337/3965/3337 3159/3765/3159 3434/4070/3434
f 3207/3818/3207 3339/3967/3339 3338/3966/3338
f 3247/3860/3247 3435/4071/3435 3292/3908/3292
f 3116/3711/3116 3293/3909/3293 3436/4072/3436
f 3249/3862/3249 3342/3970/3342 3341/3969/3341
f 3248/3861/3248 3437/4073/3437 3251/3864/3251
f 3251/3864/3251 3437/4073/3437 3438/4074/3438
f 3160/3766/3160 3117/3712/3117 3294/3910/3294
f 3251/3864/3251 3439/4075/3439 3252/3865/3252
f 3253/3866/3253 3440/4076/3440 3295/3911/3295
f 3385/4015/3385 3440/4076/3440 3253/3866/3253
f 3296/3912/3296 3344/3972/3344 3441/4077/3441
f 3344/3972/3344 3387/4017/3387 3388/4078/3388
f 3165/3771/3165 3442/4079/3442 3212/3825/3212
f 3345/3973/3345 3390/4021/3390 3389/4020/3389
f 3348/3977/3348 3391/4025/3391 3347/3976/3347
f 3391/4025/3391 3443/4080/3443 3347/3976/3347
f 3392/4026/3392 3393/4027/3393 3391/4025/3391
f 3395/4029/3395 3396/4030/3396 3394/4028/3394
f 3396/4030/3396 3444/4081/3444 3394/4028/3394
f 3396/4030/3396 3397/4031/3397 3444/4081/3444
f 3397/4031/3397 3445/4082/3445 3444/4081/3444
f 3082/3673/3082 3349/3978/3349 3085/3676/3085
f 3397/4031/3397 3446/4083/3446 3445/4082/3445
f 3397/4031/3397 3398/4032/3398 3446/4083/3446
f 3355/3984/3355 3398/4032/3398 3354/3983/3354
f 3355/3984/3355 3400/4034/3400 3398/4032/3398
f 3399/4033/3399 3447/4084/3447 3400/4034/3400
f 3399/4033/3399 3448/4085/3448 3447/4084/3447
f 3306/3926/3306 3448/4085/3448 3399/4033/3399
f 3306/3926/3306 3449/4086/3449 3448/4085/3448
f 3401/4035/3401 3449/4086/3449 3306/3926/3306
f 3401/4035/3401 3404/4038/3404 3449/4086/3449
f 3402/4036/3402 3404/4038/3404 3401/4035/3401
f 3404/4038/3404 3403/4037/3403 3450/4087/3450
f 3357/3986/3357 3404/4038/3404 3402/4036/3402
f 3175/3785/3175 3407/4041/3407 3225/3838/3225
f 3403/4037/3403 3405/4039/3405 3451/4088/3451
f 3309/3929/3309 3405/4039/3405 3308/3928/3308
f 2790/3353/2791 3270/3884/3270 3228/3841/3228
f 3231/3844/3231 3452/4089/3452 3406/4040/3406
f 3179/3789/3179 3271/3885/3271 3453/4090/3453
f 3272/3886/3272 3409/4043/3409 3452/4089/3452
f 3231/3844/3231 3272/3886/3272 3452/4089/3452
f 3411/4045/3411 3271/3885/3271 3233/3846/3233
f 3410/4044/3410 3454/4091/3454 3137/3743/3137
f 3454/4091/3454 3359/3988/3359 3137/3743/3137
f 3409/4043/3409 3232/3845/3232 3182/3792/3182
f 3360/3989/3360 3409/4043/3409 3182/3792/3182
f 3233/3846/3233 3098/3691/3098 3411/4045/3411
f 3455/4092/3455 3413/4047/3413 3140/3746/3140
f 3455/4092/3455 3140/3746/3140 3234/3847/3234
f 3415/4049/3415 3455/4092/3455 3234/3847/3234
f 3415/4049/3415 3234/3847/3234 3312/3936/3312
f 3456/4093/3456 3415/4049/3415 3313/3937/3313
f 3456/4093/3456 3313/3937/3313 3457/4094/3457
f 3414/4048/3414 3458/4095/3458 3142/3748/3142
f 3459/4096/3459 3235/3848/3235 3143/3749/3143
f 3459/4096/3459 3143/3749/3143 3416/4050/3416
f 3273/3888/3273 3142/3748/3142 3458/4095/3458
f 3363/3992/3363 3144/3750/3144 3460/4097/3460
f 3460/4097/3460 3144/3750/3144 3364/3993/3364
f 3364/3993/3364 2983/3563/2983 3365/3994/3365
f 3315/3939/3315 3103/3696/3103 3314/3938/3314
f 3461/4098/3461 3366/3995/3366 3274/3889/3274
f 3315/3939/3315 3462/4099/3462 3237/3850/3237
f 3367/3996/3367 3145/3751/3145 3418/4052/3418
f 3463/4100/3463 3184/3794/3184 3464/4101/3464
f 3463/4100/3463 3147/3753/3147 3184/3794/3184
f 3463/4100/3463 3368/3997/3368 3147/3753/3147
f 3368/3997/3368 3318/3942/3318 3148/3754/3148
f 3320/3944/3320 3465/4102/3465 3240/3853/3240
f 3465/4102/3465 3321/3945/3321 3240/3853/3240
f 3420/4054/3420 3057/3647/3057 3279/3894/3279
f 3421/4055/3421 3186/3796/3186 3371/4000/3371
f 3371/4000/3371 3186/3796/3186 3372/4001/3372
f 3422/4057/3422 3281/4103/3281 3324/4058/3324
f 3466/4104/3466 3467/4105/3467 3281/3896/3281
f 3326/3951/3326 3373/4002/3373 3468/4106/3468
f 3188/3798/3188 3281/3896/3281 3467/4105/3467
f 3469/4107/3469 3376/4005/3376 3327/3952/3327
f 3425/4061/3425 3283/3898/3283 3193/3803/3193
f 3470/4108/3470 3426/4062/3426 3283/3898/3283
f 3471/4109/3471 3328/4110/3328 3061/4111/3061
f 3426/4062/3426 3427/4063/3427 3153/3759/3153
f 3329/3957/3329 3471/4112/3471 3061/3651/3061
f 3379/4009/3379 3155/3761/3155 3330/3958/3330
f 3472/4113/3472 3285/3900/3285 3111/3706/3111
f 3431/4067/3431 3286/3901/3286 3333/3961/3333
f 3288/3903/3288 3473/4114/3473 3158/3764/3158
f 3474/4115/3474 3289/3904/3289 3335/3963/3335
f 3474/4115/3474 3336/3964/3336 3289/3904/3289
f 3475/4116/3475 3202/3813/3202 3336/3964/3336
f 3476/4117/3476 3290/3905/3290 3113/3708/3113
f 3476/4117/3476 3113/3708/3113 3244/3857/3244
f 3475/4116/3475 3203/3814/3203 3202/3813/3202
f 3477/4118/3477 3432/4068/3432 3291/3906/3291
f 3477/4118/3477 3291/3906/3291 3205/3816/3205
f 3382/4012/3382 3383/4013/3383 3245/3858/3245
f 3338/3966/3338 3434/4070/3434 3159/3765/3159
f 3478/4119/3478 3338/3966/3338 3339/3967/3339
f 3479/4120/3479 3247/4121/3247 3246/3859/3246
f 3437/4073/3437 3292/3908/3292 3435/4071/3435
f 3437/4073/3437 3248/3861/3248 3292/3908/3292
f 3480/4122/3480 3293/3909/3293 3341/3969/3341
f 3341/3969/3341 3342/3970/3342 3480/4122/3480
f 3439/4075/3439 3251/3864/3251 3438/4074/3438
f 3481/4123/3481 3075/3666/3075 3254/3867/3254
f 3482/4124/3482 3385/4015/3385 3296/3912/3296
f 3482/4124/3482 3296/3912/3296 3441/4077/3441
f 3483/4125/3483 3441/4077/3441 3344/3972/3344
f 3484/4126/3484 3388/4127/3388 3389/4128/3389
f 3386/4016/3386 3442/4079/3442 3165/3771/3165
f 3390/4021/3390 3347/3976/3347 3485/4129/3485
f 3347/3976/3347 3443/4080/3443 3485/4129/3485
f 3485/4129/3485 3443/4080/3443 3486/4130/3486
f 3486/4130/3486 3443/4080/3443 3391/4025/3391
f 3487/4131/3487 3349/3978/3349 3212/3825/3212
f 3391/4025/3391 3393/4027/3393 3486/4130/3486
f 3394/4028/3394 3444/4081/3444 3393/4027/3393
f 3393/4027/3393 3444/4081/3444 3445/4082/3445
f 3445/4082/3445 3446/4083/3446 3488/4132/3488
f 3488/4132/3488 3446/4083/3446 3489/4133/3489
f 3490/4134/3490 3085/3676/3085 3349/3978/3349
f 3489/4133/3489 3446/4083/3446 3398/4032/3398
f 3489/4133/3489 3398/4032/3398 3491/4135/3491
f 3491/4135/3491 3398/4032/3398 3400/4034/3400
f 3400/4034/3400 3447/4084/3447 3448/4085/3448
f 3450/4087/3450 3449/4086/3449 3404/4038/3404
f 3492/4136/3492 3405/4137/3405 3309/3933/3309
f 3493/4138/3493 3309/3933/3309 3358/3987/3358
f 3494/4139/3494 3179/3789/3179 3453/4090/3453
f 3495/4140/3495 3181/3791/3181 3230/3843/3230
f 3408/4042/3408 3454/4091/3454 3410/4044/3410
f 3361/3990/3361 3496/4141/3496 3362/3991/3362
f 3313/3937/3313 3235/3848/3235 3457/4094/3457
f 3457/4094/3457 3235/3848/3235 3459/4096/3459
f 3497/4142/3497 3416/4050/3416 3236/3849/3236
f 3498/4143/3498 3314/3938/3314 3273/3888/3273
f 3365/3994/3365 2797/3362/2798 3499/4144/3499
f 3499/4144/3499 2797/3362/2798 3366/3995/3366
f 3366/3995/3366 3461/4098/3461 3499/4144/3499
f 3461/4098/3461 3274/3889/3274 3275/3890/3275
f 3237/3850/3237 3462/4099/3462 3500/4145/3500
f 3237/3850/3237 3500/4145/3500 3316/3940/3316
f 3276/3891/3276 3464/4101/3464 3184/3794/3184
f 3463/4100/3463 3501/4146/3501 3368/3997/3368
f 3317/3941/3317 3277/3892/3277 3369/3998/3369
f 3368/3997/3368 3501/4146/3501 3318/3942/3318
f 3369/3998/3369 3370/3999/3370 3420/4054/3420
f 3502/4147/3502 3320/3944/3320 3318/3942/3318
f 3279/3894/3279 3323/3947/3323 3420/4054/3420
f 3465/4102/3465 3322/3946/3322 3321/3945/3321
f 3503/4148/3503 3325/3949/3325 3280/3895/3280
f 3421/4055/3421 3371/4000/3371 3504/4149/3504
f 3188/3798/3188 3505/4150/3505 3374/4003/3374
f 3373/4002/3373 3423/4059/3423 3506/4151/3506
f 3376/4005/3376 3507/4152/3507 3377/4006/3377
f 3508/4153/3508 3282/3897/3282 3509/4154/3509
f 3375/4004/3375 3282/3897/3282 3508/4153/3508
f 3328/4007/3328 3510/4155/3510 3509/4154/3509
f 3509/4154/3509 3282/3897/3282 3328/4007/3328
f 3377/4006/3377 3511/4156/3511 3425/4061/3425
f 3512/4157/3512 3471/4112/3471 3329/3957/3329
f 3512/4157/3512 3329/3957/3329 3430/4066/3430
f 3330/3958/3330 3513/4158/3513 3379/4009/3379
f 3378/4008/3378 3513/4158/3513 3330/3958/3330
f 3285/3900/3285 3472/4113/3472 3331/3959/3331
f 3111/3706/3111 3156/3762/3156 3472/4113/3472
f 3333/3961/3333 3514/4159/3514 3431/4067/3431
f 3158/3764/3158 3473/4114/3473 3381/4011/3381
f 3335/3963/3335 3431/4067/3431 3474/4115/3474
f 3244/3857/3244 3432/4068/3432 3476/4117/3476
f 3203/3814/3203 3475/4116/3475 3382/4012/3382
f 3337/3965/3337 3434/4070/3434 3515/4160/3515
f 3383/4013/3383 3516/4161/3516 3206/3817/3206
f 3338/3966/3338 3478/4119/3478 3434/4070/3434
f 3516/4161/3516 3246/3859/3246 3206/3817/3206
f 3116/3711/3116 3517/4162/3517 3384/4014/3384
f 3293/3909/3293 3480/4122/3480 3518/4163/3518
f 3294/3910/3294 3519/4164/3519 3480/4122/3480
f 3342/3970/3342 3294/3910/3294 3480/4122/3480
f 3439/4075/3439 3254/3867/3254 3252/3865/3252
f 3295/3911/3295 3440/4076/3440 3520/4165/3520
f 3481/4123/3481 3521/4166/3521 3075/3666/3075
f 3521/4166/3521 3386/4016/3386 3075/3666/3075
f 3344/3972/3344 3388/4078/3388 3483/4125/3483
f 3484/4167/3484 3522/4168/3522 3388/4018/3388
f 3484/4167/3484 3390/4021/3390 3522/4168/3522
f 3484/4167/3484 3389/4020/3389 3390/4021/3390
f 3390/4021/3390 3485/4129/3485 3523/4169/3523
f 3485/4129/3485 3486/4130/3486 3523/4169/3523
f 3486/4130/3486 3393/4027/3393 3524/4170/3524
f 3524/4171/3524 3445/2323/3445 3525/4172/3525
f 3524/4170/3524 3393/4027/3393 3445/4082/3445
f 3445/4082/3445 3488/4132/3488 3525/4173/3525
f 3488/4132/3488 3526/4174/3526 3525/4173/3525
f 3488/4132/3488 3489/4133/3489 3526/4174/3526
f 3400/4034/3400 3448/4085/3448 3491/4135/3491
f 3448/4085/3448 3527/4175/3527 3491/4135/3491
f 3448/4085/3448 3449/4086/3449 3527/4175/3527
f 3449/4086/3449 3450/4087/3450 3528/4176/3528
f 3450/4087/3450 3451/4088/3451 3529/4177/3529
f 3450/4087/3450 3403/4037/3403 3451/4088/3451
f 3530/4178/3530 3407/4041/3407 3175/3785/3175
f 3451/4088/3451 3405/4039/3405 3531/4179/3531
f 3226/3839/3226 3269/3883/3269 3046/3636/3046
f 3531/4179/3531 3492/4180/3492 3532/4181/3532
f 3405/4039/3405 3492/4180/3492 3531/4179/3531
f 3270/3884/3270 3533/4182/3533 3534/4183/3534
f 3270/3884/3270 3534/4183/3534 3228/3841/3228
f 3493/4138/3493 3532/4184/3532 3309/3933/3309
f 3532/4184/3532 3492/4136/3492 3309/3933/3309
f 3179/3789/3179 3533/4182/3533 3270/3884/3270
f 3134/3740/3134 3535/4185/3535 3230/3843/3230
f 3493/4138/3493 3358/3987/3358 3406/4040/3406
f 3535/4185/3535 3495/4140/3495 3230/3843/3230
f 3536/4186/3536 3493/4138/3493 3406/4040/3406
f 3181/3791/3181 3495/4140/3495 3408/4042/3408
f 3536/4186/3536 3406/4040/3406 3452/4089/3452
f 3360/3989/3360 3537/4187/3537 3409/4043/3409
f 3452/4089/3452 3409/4043/3409 3538/4188/3538
f 3359/3988/3359 3454/4091/3454 3360/3989/3360
f 3412/4046/3412 3539/4189/3539 3139/3745/3139
f 3139/3745/3139 3539/4189/3539 3411/4045/3411
f 3362/3991/3362 3496/4141/3496 3412/4046/3412
f 3540/4190/3540 3413/4047/3413 3455/4092/3455
f 3310/3934/3310 3541/4191/3541 3311/3935/3311
f 3455/4092/3455 3542/4192/3542 3540/4190/3540
f 3456/4093/3456 3543/4193/3543 3415/4049/3415
f 3458/4095/3458 3544/4194/3544 3273/3888/3273
f 3236/3849/3236 3545/4195/3545 3497/4142/3497
f 3236/3887/3236 3363/3992/3363 3545/4196/3545
f 3364/3993/3364 3546/4197/3546 3460/4097/3460
f 3365/3994/3365 3546/4197/3546 3364/3993/3364
f 3314/3938/3314 3498/4143/3498 3315/3939/3315
f 3316/3940/3316 3547/4198/3547 3276/3891/3276
f 3418/4052/3418 3419/4053/3419 3548/4199/3548
f 3419/4053/3419 3317/3941/3317 3549/4200/3549
f 3318/3942/3318 3550/4201/3550 3502/4147/3502
f 3502/4147/3502 3551/4202/3551 3320/3944/3320
f 3551/4202/3551 3465/4102/3465 3320/3944/3320
f 3322/3946/3322 3503/4148/3503 3280/3895/3280
f 3422/4057/3422 3466/4203/3466 3281/4103/3281
f 3371/4000/3371 3326/3951/3326 3468/4106/3468
f 3467/4105/3467 3505/4150/3505 3188/3798/3188
f 3423/4059/3423 3424/4060/3424 3506/4151/3506
f 3424/4060/3424 3375/4004/3375 3552/4204/3552
f 3552/4204/3552 3375/4004/3375 3508/4153/3508
f 3376/4005/3376 3469/4107/3469 3553/4205/3553
f 3376/4005/3376 3553/4205/3553 3507/4152/3507
f 3509/4154/3509 3510/4155/3510 3508/4153/3508
f 3425/4061/3425 3470/4108/3470 3283/3898/3283
f 3328/4206/3328 3471/4207/3471 3510/4208/3510
f 3429/4065/3429 3554/4209/3554 3430/4066/3430
f 3379/4009/3379 3555/4210/3555 3380/4010/3380
f 3332/3960/3332 3556/4211/3556 3156/3762/3156
f 3332/3960/3332 3334/3962/3334 3556/4211/3556
f 3431/4067/3431 3557/4212/3557 3474/4115/3474
f 3288/3903/3288 3558/4213/3558 3473/4114/3473
f 3336/3964/3336 3474/4115/3474 3559/4214/3559
f 3477/4118/3477 3560/4215/3560 3432/4068/3432
f 3477/4118/3477 3561/4216/3561 3560/4215/3560
f 3205/3816/3205 3562/4217/3562 3477/4118/3477
f 3205/3816/3205 3515/4160/3515 3562/4217/3562
f 3433/4069/3433 3515/4160/3515 3205/3816/3205
f 3433/4069/3433 3337/3965/3337 3515/4160/3515
f 3434/4070/3434 3563/4218/3563 3515/4160/3515
f 3478/4119/3478 3563/4218/3563 3434/4070/3434
f 3246/3859/3246 3516/4161/3516 3479/4120/3479
f 3339/3967/3339 3384/4014/3384 3478/4119/3478
f 3384/4014/3384 3564/4219/3564 3478/4119/3478
f 3247/3860/3247 3479/4220/3479 3435/4071/3435
f 3517/4162/3517 3116/3711/3116 3565/4221/3565
f 3116/3711/3116 3436/4072/3436 3565/4221/3565
f 3293/3909/3293 3518/4163/3518 3436/4072/3436
f 3294/3910/3294 3295/3911/3295 3519/4164/3519
f 3385/4015/3385 3566/4222/3566 3440/4076/3440
f 3385/4015/3385 3567/4223/3567 3566/4222/3566
f 3385/4015/3385 3482/4124/3482 3567/4223/3567
f 3482/4124/3482 3568/4224/3568 3567/4223/3567
f 3482/4124/3482 3441/4077/3441 3568/4224/3568
f 3483/4125/3483 3569/4225/3569 3441/4077/3441
f 3390/4021/3390 3570/4226/3570 3522/4168/3522
f 3212/3825/3212 3442/4079/3442 3571/4227/3571
f 3212/3825/3212 3571/4227/3571 3487/4131/3487
f 3523/4169/3523 3572/4228/3572 3390/4021/3390
f 3523/4169/3523 3486/4130/3486 3572/4228/3572
f 3525/4173/3525 3526/4174/3526 3524/4170/3524
f 3489/3133/3489 3524/4229/3524 3526/4230/3526
f 3489/4133/3489 3573/4231/3573 3524/4170/3524
f 3489/4133/3489 3574/4232/3574 3573/4231/3573
f 3489/4133/3489 3491/4135/3491 3575/4233/3575
f 3489/4133/3489 3575/4233/3575 3574/4232/3574
f 3085/3676/3085 3490/4134/3490 3356/3985/3356
f 3491/4135/3491 3527/4175/3527 3528/4176/3528
f 3449/4086/3449 3528/4176/3528 3527/4175/3527
f 3450/4087/3450 3529/4177/3529 3528/4176/3528
f 3356/3985/3356 3530/4178/3530 3175/3785/3175
f 3178/3788/3178 3177/3787/3177 3576/4234/3576
f 3531/4179/3531 3577/4235/3577 3578/4236/3578
f 3531/4179/3531 3578/4236/3578 3451/4088/3451
f 3532/4181/3532 3579/4237/3579 3531/4179/3531
f 3228/3841/3228 3580/4238/3580 3226/3839/3226
f 3134/3740/3134 3227/3840/3227 3581/4239/3581
f 3582/4240/3582 3532/4184/3532 3493/4138/3493
f 3494/4139/3494 3533/4182/3533 3179/3789/3179
f 3453/4090/3453 3583/4241/3583 3494/4139/3494
f 3493/4138/3493 3536/4186/3536 3582/4240/3582
f 3452/4089/3452 3538/4188/3538 3584/4242/3584
f 3536/4186/3536 3452/4089/3452 3584/4242/3584
f 3411/4045/3411 3585/4243/3585 3271/3885/3271
f 3271/3885/3271 3585/4243/3585 3453/4090/3453
f 3408/4042/3408 3586/4244/3586 3454/4091/3454
f 3454/4091/3454 3537/4187/3537 3360/3989/3360
f 3537/4187/3537 3538/4188/3538 3409/4043/3409
f 3407/4041/3407 3541/4191/3541 3310/3934/3310
f 3455/4092/3455 3587/4245/3587 3542/4192/3542
f 3311/3935/3311 3588/4246/3588 3414/4048/3414
f 3456/4093/3456 3457/4094/3457 3589/4247/3589
f 3363/3992/3363 3460/4097/3460 3545/4196/3545
f 3544/4194/3544 3590/4248/3590 3273/3888/3273
f 3590/4248/3590 3498/4143/3498 3273/3888/3273
f 3365/3994/3365 3499/4144/3499 3546/4197/3546
f 3591/4249/3591 3315/3939/3315 3498/4143/3498
f 3275/3890/3275 3592/4250/3592 3461/4098/3461
f 3275/3890/3275 3417/4051/3417 3592/4250/3592
f 3417/4051/3417 3367/3996/3367 3593/4251/3593
f 3500/4145/3500 3547/4198/3547 3316/3940/3316
f 3418/4052/3418 3548/4199/3548 3367/3996/3367
f 3276/3891/3276 3594/4252/3594 3464/4101/3464
f 3501/4146/3501 3595/4253/3595 3318/3942/3318
f 3318/3942/3318 3595/4253/3595 3550/4201/3550
f 3465/4102/3465 3596/4254/3596 3322/3946/3322
f 3421/4055/3421 3504/4149/3504 3323/3947/3323
f 3504/4149/3504 3371/4000/3371 3597/4255/3597
f 3325/4056/3325 3598/4256/3598 3422/4057/3422
f 3373/4002/3373 3599/4257/3599 3468/4106/3468
f 3506/4151/3506 3599/4257/3599 3373/4002/3373
f 3374/4003/3374 3505/4150/3505 3327/3952/3327
f 3506/4151/3506 3424/4060/3424 3552/4204/3552
f 3510/4208/3510 3471/4207/3471 3600/4258/3600
f 3471/4207/3471 3512/4259/3512 3600/4258/3600
f 3426/4062/3426 3428/4064/3428 3427/4063/3427
f 3430/4066/3430 3554/4209/3554 3512/4157/3512
f 3378/4008/3378 3601/4260/3601 3513/4158/3513
f 3331/3959/3331 3602/4261/3602 3378/4008/3378
f 3156/3762/3156 3556/4211/3556 3472/4113/3472
f 3333/3961/3333 3603/4262/3603 3514/4159/3514
f 3380/4010/3380 3603/4262/3603 3333/3961/3333
f 3431/4067/3431 3604/4263/3604 3557/4212/3557
f 3288/3903/3288 3605/4264/3605 3558/4213/3558
f 3474/4115/3474 3557/4212/3557 3559/4214/3559
f 3290/3905/3290 3605/4264/3605 3288/3903/3288
f 3559/4214/3559 3606/4265/3606 3336/3964/3336
f 3290/3905/3290 3476/4117/3476 3605/4264/3605
f 3336/3964/3336 3606/4265/3606 3475/4116/3475
f 3382/4012/3382 3475/4116/3475 3607/4266/3607
f 3477/4118/3477 3608/4267/3608 3561/4216/3561
f 3477/4118/3477 3562/4217/3562 3608/4267/3608
f 3478/4119/3478 3609/4268/3609 3563/4218/3563
f 3479/4120/3479 3516/4161/3516 3610/4269/3610
f 3384/4014/3384 3517/4162/3517 3564/4219/3564
f 3435/4071/3435 3611/4270/3611 3437/4073/3437
f 3436/4072/3436 3518/4163/3518 3565/4221/3565
f 3437/4073/3437 3612/4271/3612 3438/4074/3438
f 3438/4074/3438 3613/4272/3613 3439/4075/3439
f 3519/4164/3519 3614/4273/3614 3480/4122/3480
f 3295/3911/3295 3520/4165/3520 3615/4274/3615
f 3295/3911/3295 3615/4274/3615 3519/4164/3519
f 3439/4075/3439 3613/4272/3613 3254/3867/3254
f 3568/4224/3568 3441/4077/3441 3616/4275/3616
f 3386/4016/3386 3521/4166/3521 3617/4276/3617
f 3483/4125/3483 3618/4277/3618 3569/4225/3569
f 3618/4278/3618 3619/4279/3619 3569/4280/3569
f 3483/4125/3483 3388/4078/3388 3618/4277/3618
f 3388/4018/3388 3619/4279/3619 3618/4278/3618
f 3388/4018/3388 3620/4281/3620 3619/4279/3619
f 3388/4018/3388 3522/4168/3522 3620/4281/3620
f 3390/4021/3390 3621/4282/3621 3570/4226/3570
f 3621/4282/3621 3390/4021/3390 3622/4283/3622
f 3390/4021/3390 3623/4284/3623 3622/4283/3622
f 3390/4021/3390 3572/4228/3572 3623/4284/3623
f 3572/4228/3572 3486/4130/3486 3623/4284/3623
f 3486/4130/3486 3524/4170/3524 3624/4285/3624
f 3575/4233/3575 3625/4286/3625 3573/4231/3573
f 3575/4233/3575 3573/4231/3573 3574/4232/3574
f 3575/4233/3575 3491/4135/3491 3625/4286/3625
f 3491/4135/3491 3626/4287/3626 3627/4288/3627
f 3491/4135/3491 3528/4176/3528 3626/4287/3626
f 3451/4088/3451 3578/4236/3578 3529/4177/3529
f 3628/4289/3628 3629/4290/3629 3269/3883/3269
f 3269/3883/3269 3629/4290/3629 3630/4291/3630
f 3269/3883/3269 3630/4291/3630 2975/3553/2975
f 3045/3635/3045 3576/4234/3576 3177/3787/3177
f 3226/3839/3226 3628/4289/3628 3269/3883/3269
f 3227/3840/3227 3178/3788/3178 3581/4239/3581
f 3577/4235/3577 3531/4179/3531 3579/4237/3579
f 3533/4182/3533 3631/4292/3631 3534/4183/3534
f 3494/4139/3494 3583/4241/3583 3632/4293/3632
f 3494/4139/3494 3632/4293/3632 3533/4182/3533
f 3535/4185/3535 3633/4294/3633 3495/4140/3495
f 3453/4090/3453 3585/4243/3585 3583/4241/3583
f 3495/4140/3495 3586/4244/3586 3408/4042/3408
f 3634/4295/3634 3635/4296/3635 3538/4188/3538
f 3411/4045/3411 3636/4297/3636 3585/4243/3585
f 3586/4244/3586 3637/4298/3637 3454/4091/3454
f 3454/4091/3454 3637/4298/3637 3537/4187/3537
f 3537/4187/3537 3634/4295/3634 3538/4188/3538
f 3411/4045/3411 3539/4189/3539 3636/4297/3636
f 3412/4046/3412 3496/4141/3496 3539/4189/3539
f 3540/4190/3540 3638/4299/3638 3413/4047/3413
f 3413/4047/3413 3638/4299/3638 3361/3990/3361
f 3415/4049/3415 3587/4245/3587 3455/4092/3455
f 3311/3935/3311 3541/4191/3541 3588/4246/3588
f 3415/4049/3415 3639/4300/3639 3640/4301/3640
f 3591/4249/3591 3462/4099/3462 3315/3939/3315
f 3461/4098/3461 3592/4250/3592 3499/4144/3499
f 3417/4051/3417 3641/4302/3641 3592/4250/3592
f 3417/4051/3417 3593/4251/3593 3641/4302/3641
f 3462/4099/3462 3547/4198/3547 3500/4145/3500
f 3548/4199/3548 3593/4251/3593 3367/3996/3367
f 3547/4198/3547 3594/4252/3594 3276/3891/3276
f 3548/4199/3548 3419/4053/3419 3642/4303/3642
f 3464/4101/3464 3643/4304/3643 3463/4100/3463
f 3463/4100/3463 3643/4304/3643 3501/4146/3501
f 3369/3998/3369 3420/4054/3420 3644/4305/3644
f 3595/4253/3595 3502/4147/3502 3550/4201/3550
f 3465/4102/3465 3551/4202/3551 3596/4254/3596
f 3645/4306/3645 3420/4054/3420 3646/4307/3646
f 3323/3947/3323 3646/4307/3646 3420/4054/3420
f 3503/4308/3503 3598/4256/3598 3325/4056/3325
f 3468/4106/3468 3599/4257/3599 3647/4309/3647
f 3648/4310/3648 3327/3952/3327 3505/4150/3505
f 3553/4205/3553 3377/4006/3377 3507/4152/3507
f 3649/4311/3649 3511/4156/3511 3377/4006/3377
f 3650/4312/3650 3651/4313/3651 3428/4064/3428
f 3554/4209/3554 3652/4314/3652 3512/4157/3512
f 3429/4065/3429 3428/4064/3428 3651/4313/3651
f 3429/4065/3429 3651/4313/3651 3554/4209/3554
f 3378/4008/3378 3602/4261/3602 3601/4260/3601
f 3472/4113/3472 3602/4261/3602 3331/3959/3331
f 3379/4009/3379 3513/4158/3513 3555/4210/3555
f 3334/3962/3334 3653/4315/3653 3556/4211/3556
f 3334/3962/3334 3381/4011/3381 3653/4315/3653
f 3473/4114/3473 3654/4316/3654 3381/4011/3381
f 3606/4265/3606 3607/4266/3607 3475/4116/3475
f 3432/4068/3432 3655/4317/3655 3476/4117/3476
f 3382/4012/3382 3607/4266/3607 3656/4318/3656
f 3560/4215/3560 3655/4317/3655 3432/4068/3432
f 3560/4215/3560 3561/4216/3561 3657/4319/3657
f 3562/4217/3562 3658/4320/3658 3608/4267/3608
f 3515/4160/3515 3658/4320/3658 3562/4217/3562
f 3382/4012/3382 3659/4321/3659 3383/4013/3383
f 3563/4218/3563 3660/4322/3660 3515/4160/3515
f 3478/4119/3478 3661/4323/3661 3609/4268/3609
f 3564/4219/3564 3661/4323/3661 3478/4119/3478
f 3564/4219/3564 3517/4162/3517 3661/4323/3661
f 3435/4071/3435 3479/4220/3479 3611/4270/3611
f 3480/4122/3480 3662/4324/3662 3518/4163/3518
f 3480/4122/3480 3614/4273/3614 3663/4325/3663
f 3519/4164/3519 3615/4274/3615 3614/4273/3614
f 3615/4274/3615 3520/4165/3520 3664/4326/3664
f 3520/4165/3520 3665/4327/3665 3664/4326/3664
f 3520/4165/3520 3440/4076/3440 3665/4327/3665
f 3440/4076/3440 3566/4222/3566 3665/4327/3665
f 3567/4223/3567 3568/4224/3568 3666/4328/3666
f 3568/4224/3568 3616/4275/3616 3667/4329/3667
f 3441/4077/3441 3569/4225/3569 3616/4275/3616
f 3386/4016/3386 3617/4276/3617 3442/4079/3442
f 3620/4281/3620 3668/4330/3668 3619/4279/3619
f 3620/4281/3620 3522/4168/3522 3668/4330/3668
f 3570/4226/3570 3668/4330/3668 3522/4168/3522
f 3570/4226/3570 3621/4282/3621 3668/4330/3668
f 3623/4284/3623 3486/4130/3486 3669/4331/3669
f 3486/4130/3486 3624/4285/3624 3669/4331/3669
f 3524/4170/3524 3670/4332/3670 3624/4285/3624
f 3487/4131/3487 3490/4134/3490 3349/3978/3349
f 3573/4231/3573 3625/4286/3625 3524/4170/3524
f 3491/4135/3491 3627/4288/3627 3625/4286/3625
f 3356/3985/3356 3490/4134/3490 3671/4333/3671
f 3626/4334/3626 3528/2655/3528 3627/4335/3627
f 3578/4236/3578 3577/4235/3577 3529/4177/3529
f 2975/3553/2975 3630/4291/3630 3672/4336/3672
f 2975/3553/2975 3672/4336/3672 3045/3635/3045
f 3226/3839/3226 3580/4238/3580 3628/4289/3628
f 3534/4183/3534 3580/4238/3580 3228/3841/3228
f 3134/3740/3134 3581/4239/3581 3633/4294/3633
f 3134/3740/3134 3633/4294/3633 3535/4185/3535
f 3532/4184/3532 3582/4240/3582 3673/4337/3673
f 3532/4184/3532 3673/4337/3673 3579/4338/3579
f 3632/4293/3632 3631/4292/3631 3533/4182/3533
f 3536/4186/3536 3584/4242/3584 3582/4240/3582
f 3635/4296/3635 3674/4339/3674 3538/4188/3538
f 3538/4188/3538 3674/4339/3674 3584/4242/3584
f 3496/4141/3496 3675/4340/3675 3539/4189/3539
f 3361/3990/3361 3638/4299/3638 3496/4141/3496
f 3496/4141/3496 3638/4299/3638 3676/4341/3676
f 3542/4192/3542 3587/4245/3587 3677/4342/3677
f 3640/4301/3640 3587/4245/3587 3415/4049/3415
f 3543/4193/3543 3639/4300/3639 3415/4049/3415
f 3414/4048/3414 3678/4343/3678 3458/4095/3458
f 3497/4142/3497 3459/4096/3459 3416/4050/3416
f 3462/4099/3462 3679/4344/3679 3547/4198/3547
f 3547/4198/3547 3679/4344/3679 3680/4345/3680
f 3547/4198/3547 3680/4345/3680 3594/4252/3594
f 3549/4200/3549 3642/4303/3642 3419/4053/3419
f 3369/3998/3369 3549/4200/3549 3317/3941/3317
f 3501/4146/3501 3643/4304/3643 3595/4253/3595
f 3369/3998/3369 3644/4305/3644 3549/4200/3549
f 3502/4147/3502 3681/4346/3681 3551/4202/3551
f 3322/3946/3322 3596/4254/3596 3503/4148/3503
f 3468/4106/3468 3597/4255/3597 3371/4000/3371
f 3467/4105/3467 3648/4310/3648 3505/4150/3505
f 3599/4257/3599 3506/4151/3506 3682/4347/3682
f 3648/4310/3648 3683/4348/3683 3327/3952/3327
f 3327/3952/3327 3683/4348/3683 3469/4107/3469
f 3469/4107/3469 3683/4348/3683 3553/4205/3553
f 3552/4204/3552 3508/4153/3508 3684/4349/3684
f 3553/4205/3553 3649/4311/3649 3377/4006/3377
f 3508/4153/3508 3510/4155/3510 3685/4350/3685
f 3510/4208/3510 3600/4258/3600 3686/4351/3686
f 3470/4108/3470 3687/4352/3687 3426/4062/3426
f 3688/4353/3688 3687/4352/3687 3470/4108/3470
f 3426/4062/3426 3687/4352/3687 3428/4064/3428
f 3428/4064/3428 3687/4352/3687 3650/4312/3650
f 3554/4209/3554 3651/4313/3651 3652/4314/3652
f 3602/4261/3602 3472/4113/3472 3689/4354/3689
f 3601/4260/3601 3555/4210/3555 3513/4158/3513
f 3380/4010/3380 3690/4355/3690 3603/4262/3603
f 3431/4067/3431 3514/4159/3514 3604/4263/3604
f 3473/4114/3473 3558/4213/3558 3654/4316/3654
f 3605/4264/3605 3691/4356/3691 3558/4213/3558
f 3476/4117/3476 3692/4357/3692 3605/4264/3605
f 3476/4117/3476 3655/4317/3655 3692/4357/3692
f 3560/4215/3560 3657/4319/3657 3655/4317/3655
f 3657/4319/3657 3561/4216/3561 3608/4267/3608
f 3656/4318/3656 3659/4321/3659 3382/4012/3382
f 3383/4013/3383 3659/4321/3659 3693/4358/3693
f 3516/4161/3516 3383/4013/3383 3693/4358/3693
f 3516/4161/3516 3693/4358/3693 3610/4269/3610
f 3609/4268/3609 3694/4359/3694 3563/4218/3563
f 3565/4221/3565 3662/4324/3662 3695/4360/3695
f 3518/4163/3518 3662/4324/3662 3565/4221/3565
f 3480/4122/3480 3663/4325/3663 3662/4324/3662
f 3438/4074/3438 3612/4271/3612 3613/4272/3613
f 3566/4222/3566 3664/4326/3664 3665/4327/3665
f 3254/3867/3254 3613/4272/3613 3481/4123/3481
f 3666/4328/3666 3696/4361/3696 3567/4223/3567
f 3568/4224/3568 3667/4329/3667 3666/4328/3666
f 3667/4329/3667 3616/4275/3616 3666/4328/3666
f 3619/4362/3619 3697/4363/3697 3569/4225/3569
f 3619/4279/3619 3668/4330/3668 3698/4364/3698
f 3617/4276/3617 3571/4227/3571 3442/4079/3442
f 3621/4282/3621 3699/4365/3699 3700/4366/3700
f 3622/4283/3622 3699/4365/3699 3621/4282/3621
f 3622/4283/3622 3623/4284/3623 3699/4365/3699
f 3487/4131/3487 3571/4227/3571 3701/4367/3701
f 3624/4285/3624 3702/4368/3702 3669/4331/3669
f 3624/4285/3624 3703/4369/3703 3702/4368/3702
f 3487/4131/3487 3701/4367/3701 3490/4134/3490
f 3670/4332/3670 3703/4369/3703 3624/4285/3624
f 3625/4286/3625 3704/4370/3704 3670/4332/3670
f 3524/4170/3524 3625/4286/3625 3670/4332/3670
f 3627/4288/3627 3705/4371/3705 3625/4286/3625
f 3356/3985/3356 3671/4333/3671 3530/4178/3530
f 3529/4177/3529 3577/4235/3577 3706/4372/3706
f 3045/3635/3045 3672/4336/3672 3707/4373/3707
f 3045/3635/3045 3707/4373/3707 3576/4234/3576
f 3576/4234/3576 3707/4373/3707 3708/4374/3708
f 3576/4234/3576 3708/4374/3708 3178/3788/3178
f 3178/3788/3178 3708/4374/3708 3709/4375/3709
f 3579/4237/3579 3673/4376/3673 3710/4377/3710
f 3579/4237/3579 3710/4377/3710 3577/4235/3577
f 3178/3788/3178 3709/4375/3709 3581/4239/3581
f 3711/4378/3711 3673/4337/3673 3582/4240/3582
f 3583/4241/3583 3712/4379/3712 3632/4293/3632
f 3633/4294/3633 3713/4380/3713 3495/4140/3495
f 3495/4140/3495 3713/4380/3713 3586/4244/3586
f 3584/4242/3584 3674/4339/3674 3582/4240/3582
f 3582/4240/3582 3674/4339/3674 3711/4378/3711
f 3583/4241/3583 3636/4297/3636 3712/4379/3712
f 3585/4243/3585 3636/4297/3636 3583/4241/3583
f 3637/4298/3637 3714/4381/3714 3537/4187/3537
f 3537/4187/3537 3714/4381/3714 3634/4295/3634
f 3496/4141/3496 3676/4341/3676 3675/4340/3675
f 3540/4190/3540 3715/4382/3715 3638/4299/3638
f 3542/4192/3542 3677/4342/3677 3540/4190/3540
f 3543/4193/3543 3716/4383/3716 3639/4300/3639
f 3717/4384/3717 3543/4193/3543 3456/4093/3456
f 3456/4093/3456 3589/4247/3589 3718/4385/3718
f 3414/4048/3414 3588/4246/3588 3678/4343/3678
f 3457/4094/3457 3459/4096/3459 3719/4386/3719
f 3545/4196/3545 3720/4387/3720 3497/4388/3497
f 3544/4194/3544 3721/4389/3721 3590/4248/3590
f 3546/4197/3546 3545/4196/3545 3460/4097/3460
f 3590/4248/3590 3721/4389/3721 3498/4143/3498
f 3498/4143/3498 3722/4390/3722 3591/4249/3591
f 3499/4144/3499 3723/4391/3723 3546/4197/3546
f 3591/4249/3591 3724/4392/3724 3462/4099/3462
f 3594/4252/3594 3725/4393/3725 3464/4101/3464
f 3464/4101/3464 3725/4393/3725 3643/4304/3643
f 3595/4253/3595 3726/4394/3726 3502/4147/3502
f 3420/4054/3420 3727/4395/3727 3644/4305/3644
f 3726/4394/3726 3681/4346/3681 3502/4147/3502
f 3420/4054/3420 3728/4396/3728 3727/4395/3727
f 3645/4306/3645 3728/4396/3728 3420/4054/3420
f 3504/4149/3504 3646/4307/3646 3323/3947/3323
f 3504/4149/3504 3597/4255/3597 3646/4307/3646
f 3468/4106/3468 3729/4397/3729 3597/4255/3597
f 3468/4106/3468 3647/4309/3647 3729/4397/3729
f 3506/4151/3506 3552/4204/3552 3682/4347/3682
f 3552/4204/3552 3684/4349/3684 3682/4347/3682
f 3684/4349/3684 3508/4153/3508 3685/4350/3685
f 3649/4311/3649 3553/4205/3553 3730/4398/3730
f 3649/4311/3649 3730/4398/3730 3511/4156/3511
f 3511/4156/3511 3688/4353/3688 3425/4061/3425
f 3425/4061/3425 3688/4353/3688 3470/4108/3470
f 3687/4352/3687 3731/4399/3731 3650/4312/3650
f 3512/4259/3512 3652/4400/3652 3600/4258/3600
f 3601/4260/3601 3732/4401/3732 3555/4210/3555
f 3602/4261/3602 3733/4402/3733 3601/4260/3601
f 3601/4260/3601 3733/4402/3733 3732/4401/3732
f 3602/4261/3602 3689/4354/3689 3733/4402/3733
f 3556/4211/3556 3734/4403/3734 3472/4113/3472
f 3556/4211/3556 3653/4315/3653 3734/4403/3734
f 3380/4010/3380 3555/4210/3555 3690/4355/3690
f 3603/4262/3603 3735/4404/3735 3514/4159/3514
f 3603/4262/3603 3690/4355/3690 3735/4404/3735
f 3654/4316/3654 3736/4405/3736 3381/4011/3381
f 3604/4263/3604 3514/4159/3514 3735/4404/3735
f 3558/4213/3558 3737/4406/3737 3654/4316/3654
f 3558/4213/3558 3691/4356/3691 3737/4406/3737
f 3605/4264/3605 3692/4357/3692 3691/4356/3691
f 3606/4265/3606 3559/4214/3559 3738/4407/3738
f 3606/4265/3606 3738/4407/3738 3607/4266/3607
f 3659/4321/3659 3656/4318/3656 3739/4408/3739
f 3608/4267/3608 3658/4320/3658 3740/4409/3740
f 3658/4320/3658 3515/4160/3515 3741/4410/3741
f 3660/4322/3660 3742/4411/3742 3515/4160/3515
f 3563/4218/3563 3694/4359/3694 3660/4322/3660
f 3609/4268/3609 3661/4323/3661 3694/4359/3694
f 3479/4220/3479 3610/4412/3610 3611/4270/3611
f 3661/4323/3661 3517/4162/3517 3743/4413/3743
f 3517/4162/3517 3565/4221/3565 3743/4413/3743
f 3565/4221/3565 3744/4414/3744 3743/4413/3743
f 3437/4073/3437 3611/4270/3611 3745/4415/3745
f 3565/4221/3565 3695/4360/3695 3744/4414/3744
f 3437/4073/3437 3745/4415/3745 3612/4271/3612
f 3662/4324/3662 3663/4325/3663 3746/4416/3746
f 3664/4326/3664 3614/4273/3614 3615/4274/3615
f 3566/4222/3566 3747/4417/3747 3664/4326/3664
f 3566/4222/3566 3567/4223/3567 3747/4417/3747
f 3567/4223/3567 3748/4418/3748 3747/4417/3747
f 3567/4223/3567 3696/4361/3696 3748/4418/3748
f 3616/4419/3616 3749/4420/3749 3666/4421/3666
f 3616/4275/3616 3569/4225/3569 3749/4422/3749
f 3668/4330/3668 3621/4282/3621 3698/4364/3698
f 3699/4365/3699 3623/4284/3623 3700/4366/3700
f 3623/4284/3623 3669/4331/3669 3750/4423/3750
f 3750/4423/3750 3669/4331/3669 3702/4368/3702
f 3670/4332/3670 3751/4424/3751 3703/4369/3703
f 3670/4332/3670 3704/4370/3704 3751/4424/3751
f 3625/4286/3625 3752/4425/3752 3704/4370/3704
f 3625/4286/3625 3753/4426/3753 3752/4425/3752
f 3705/4371/3705 3754/4427/3754 3753/4426/3753
f 3625/4286/3625 3705/4371/3705 3753/4426/3753
f 3705/4371/3705 3627/4288/3627 3754/4427/3754
f 3528/4176/3528 3755/4428/3755 3627/4288/3627
f 3528/4176/3528 3756/4429/3756 3755/4428/3755
f 3757/4430/3757 3758/4431/3758 3706/4372/3706
f 3528/4176/3528 3758/4431/3758 3757/4430/3757
f 3529/4177/3529 3758/4431/3758 3528/4176/3528
f 3706/4372/3706 3758/4431/3758 3529/4177/3529
f 3530/4178/3530 3671/4333/3671 3759/4432/3759
f 3577/4235/3577 3710/4377/3710 3706/4372/3706
f 3630/4291/3630 3629/4290/3629 3672/4336/3672
f 3707/4373/3707 3672/4336/3672 3760/4433/3760
f 3534/4183/3534 3761/4434/3761 3580/4238/3580
f 3580/4238/3580 3762/4435/3762 3628/4289/3628
f 3581/4239/3581 3709/4375/3709 3633/4294/3633
f 3631/4292/3631 3763/4436/3763 3534/4183/3534
f 3407/4041/3407 3530/4178/3530 3764/4437/3764
f 3712/4379/3712 3765/4438/3765 3632/4293/3632
f 3632/4293/3632 3765/4438/3765 3631/4292/3631
f 3713/4380/3713 3766/4439/3766 3586/4244/3586
f 3767/4440/3767 3674/4339/3674 3635/4296/3635
f 3586/4244/3586 3766/4439/3766 3768/4441/3768
f 3586/4244/3586 3768/4441/3768 3637/4298/3637
f 3768/4441/3768 3714/4381/3714 3637/4298/3637
f 3714/4381/3714 3769/4442/3769 3634/4295/3634
f 3634/4295/3634 3769/4442/3769 3767/4440/3767
f 3634/4295/3634 3767/4440/3767 3635/4296/3635
f 3539/4189/3539 3675/4340/3675 3636/4297/3636
f 3540/4190/3540 3677/4342/3677 3715/4382/3715
f 3407/4041/3407 3770/4443/3770 3541/4191/3541
f 3456/4093/3456 3718/4385/3718 3717/4384/3717
f 3719/4386/3719 3589/4247/3589 3457/4094/3457
f 3459/4096/3459 3771/4444/3771 3719/4386/3719
f 3772/4445/3772 3544/4194/3544 3458/4095/3458
f 3497/4142/3497 3771/4444/3771 3459/4096/3459
f 3497/4142/3497 3720/4446/3720 3771/4444/3771
f 3721/4389/3721 3722/4390/3722 3498/4143/3498
f 3722/4390/3722 3724/4392/3724 3591/4249/3591
f 3499/4144/3499 3641/4302/3641 3723/4391/3723
f 3499/4144/3499 3592/4250/3592 3641/4302/3641
f 3462/4099/3462 3724/4392/3724 3679/4344/3679
f 3593/4251/3593 3548/4199/3548 3773/4447/3773
f 3642/4303/3642 3773/4447/3773 3548/4199/3548
f 3594/4252/3594 3680/4345/3680 3725/4393/3725
f 3549/4200/3549 3774/4448/3774 3642/4303/3642
f 3549/4200/3549 3644/4305/3644 3774/4448/3774
f 3643/4304/3643 3775/4449/3775 3595/4253/3595
f 3775/4449/3775 3726/4394/3726 3595/4253/3595
f 3681/4346/3681 3776/4450/3776 3551/4202/3551
f 3551/4202/3551 3777/4451/3777 3596/4254/3596
f 3777/4452/3777 3778/4453/3778 3596/4454/3596
f 3596/4454/3596 3778/4453/3778 3503/4308/3503
f 3778/4453/3778 3598/4256/3598 3503/4308/3503
f 3597/4255/3597 3729/4397/3729 3779/4455/3779
f 3422/4057/3422 3780/4456/3780 3466/4203/3466
f 3648/4457/3648 3467/4458/3467 3781/4459/3781
f 3730/4398/3730 3782/4460/3782 3511/4156/3511
f 3510/4208/3510 3686/4351/3686 3783/4461/3783
f 3510/4208/3510 3783/4461/3783 3685/4462/3685
f 3600/4258/3600 3784/4463/3784 3686/4351/3686
f 3688/4353/3688 3731/4399/3731 3687/4352/3687
f 3652/4400/3652 3784/4463/3784 3600/4258/3600
f 3689/4354/3689 3785/4464/3785 3733/4402/3733
f 3472/4113/3472 3734/4403/3734 3689/4354/3689
f 3734/4403/3734 3653/4315/3653 3786/4465/3786
f 3555/4210/3555 3787/4466/3787 3690/4355/3690
f 3381/4011/3381 3736/4405/3736 3653/4315/3653
f 3691/4356/3691 3788/4467/3788 3737/4406/3737
f 3557/4212/3557 3789/4468/3789 3559/4214/3559
f 3604/4263/3604 3789/4468/3789 3557/4212/3557
f 3655/4317/3655 3790/4469/3790 3692/4357/3692
f 3657/4319/3657 3790/4469/3790 3655/4317/3655
f 3656/4318/3656 3607/4266/3607 3791/4470/3791
f 3657/4319/3657 3792/4471/3792 3790/4469/3790
f 3608/4267/3608 3740/4409/3740 3792/4471/3792
f 3608/4267/3608 3792/4471/3792 3657/4319/3657
f 3740/4409/3740 3658/4320/3658 3741/4410/3741
f 3515/4160/3515 3742/4411/3742 3741/4410/3741
f 3743/4413/3743 3793/4472/3793 3661/4323/3661
f 3744/4414/3744 3794/4473/3794 3743/4413/3743
f 3662/4474/3662 3795/4475/3795 3695/4476/3695
f 3662/4324/3662 3746/4416/3746 3795/4477/3795
f 3521/4166/3521 3481/4123/3481 3617/4276/3617
f 3697/4478/3697 3619/4279/3619 3796/4479/3796
f 3698/4364/3698 3796/4479/3796 3619/4279/3619
f 3617/4276/3617 3797/4480/3797 3571/4227/3571
f 3621/4282/3621 3798/4481/3798 3698/4364/3698
f 3700/4366/3700 3798/4481/3798 3621/4282/3621
f 3623/4284/3623 3750/4423/3750 3700/4366/3700
f 3703/4369/3703 3751/4424/3751 3799/4482/3799
f 3799/4482/3799 3751/4424/3751 3704/4370/3704
f 3752/4425/3752 3754/4427/3754 3800/4483/3800
f 3753/4426/3753 3754/4427/3754 3752/4425/3752
f 3800/4483/3800 3754/4427/3754 3627/4288/3627
f 3800/4483/3800 3755/4428/3755 3756/4429/3756
f 3627/4288/3627 3755/4428/3755 3800/4483/3800
f 3756/4429/3756 3528/4176/3528 3757/4430/3757
f 3760/4433/3760 3708/4374/3708 3707/4373/3707
f 3760/4433/3760 3801/4484/3801 3708/4374/3708
f 3801/4484/3801 3709/4375/3709 3708/4374/3708
f 3761/4434/3761 3762/4435/3762 3580/4238/3580
f 3762/4435/3762 3629/4290/3629 3628/4289/3628
f 3633/4294/3633 3709/4375/3709 3802/4485/3802
f 3764/4437/3764 3530/4178/3530 3759/4432/3759
f 3802/4485/3802 3713/4380/3713 3633/4294/3633
f 3803/4486/3803 3673/4337/3673 3711/4378/3711
f 3804/4487/3804 3765/4438/3765 3712/4379/3712
f 3802/4485/3802 3766/4439/3766 3713/4380/3713
f 3636/4297/3636 3804/4487/3804 3712/4379/3712
f 3764/4437/3764 3770/4443/3770 3407/4041/3407
f 3675/4340/3675 3805/4488/3805 3636/4297/3636
f 3716/4383/3716 3640/4301/3640 3639/4300/3639
f 3806/4489/3806 3588/4246/3588 3541/4191/3541
f 3772/4445/3772 3458/4095/3458 3678/4343/3678
f 3807/4490/3807 3544/4194/3544 3772/4445/3772
f 3807/4490/3807 3721/4389/3721 3544/4194/3544
f 3808/4491/3808 3545/4196/3545 3546/4197/3546
f 3809/4492/3809 3722/4390/3722 3721/4389/3721
f 3810/4493/3810 3546/4197/3546 3723/4391/3723
f 3811/4494/3811 3679/4344/3679 3724/4392/3724
f 3812/4495/3812 3680/4345/3680 3679/4344/3679
f 3725/4393/3725 3680/4345/3680 3813/4496/3813
f 3814/4497/3814 3642/4303/3642 3774/4448/3774
f 3725/4393/3725 3775/4449/3775 3643/4304/3643
f 3815/4498/3815 3776/4450/3776 3681/4346/3681
f 3728/4396/3728 3645/4306/3645 3646/4307/3646
f 3777/4451/3777 3551/4202/3551 3776/4450/3776
f 3816/4499/3816 3646/4307/3646 3597/4255/3597
f 3817/4500/3817 3598/4256/3598 3778/4453/3778
f 3780/4456/3780 3422/4057/3422 3598/4256/3598
f 3818/4501/3818 3466/4203/3466 3819/4502/3819
f 3820/4503/3820 3466/4504/3466 3818/4505/3818
f 3820/4506/3820 3467/4458/3467 3466/4203/3466
f 3820/4506/3820 3781/4459/3781 3467/4458/3467
f 3682/4347/3682 3684/4349/3684 3821/4507/3821
f 3684/4508/3684 3822/4509/3822 3821/4510/3821
f 3684/4508/3684 3685/4462/3685 3822/4509/3822
f 3553/4205/3553 3683/4348/3683 3730/4398/3730
f 3782/4460/3782 3688/4353/3688 3511/4156/3511
f 3784/4463/3784 3783/4461/3783 3686/4351/3686
f 3823/4511/3823 3650/4312/3650 3731/4399/3731
f 3823/4511/3823 3824/4512/3824 3650/4312/3650
f 3825/4513/3825 3784/4463/3784 3652/4400/3652
f 3824/4512/3824 3651/4313/3651 3650/4312/3650
f 3824/4514/3824 3825/4513/3825 3651/4515/3651
f 3825/4513/3825 3652/4400/3652 3651/4515/3651
f 3733/4402/3733 3785/4464/3785 3826/4516/3826
f 3689/4354/3689 3734/4403/3734 3785/4464/3785
f 3787/4466/3787 3555/4210/3555 3827/4517/3827
f 3827/4517/3827 3555/4210/3555 3732/4401/3732
f 3826/4516/3826 3732/4401/3732 3733/4402/3733
f 3786/4465/3786 3653/4315/3653 3828/4518/3828
f 3829/4519/3829 3690/4355/3690 3787/4466/3787
f 3828/4518/3828 3653/4315/3653 3736/4405/3736
f 3830/4520/3830 3735/4404/3735 3690/4355/3690
f 3831/4521/3831 3736/4405/3736 3654/4316/3654
f 3831/4521/3831 3654/4316/3654 3737/4406/3737
f 3788/4467/3788 3691/4356/3691 3832/4522/3832
f 3691/4356/3691 3692/4357/3692 3832/4522/3832
f 3832/4522/3832 3692/4357/3692 3790/4469/3790
f 3791/4470/3791 3607/4266/3607 3738/4407/3738
f 3791/4470/3791 3739/4408/3739 3656/4318/3656
f 3833/4523/3833 3740/4409/3740 3741/4410/3741
f 3742/4411/3742 3660/4322/3660 3834/4524/3834
f 3660/4322/3660 3694/4359/3694 3834/4524/3834
f 3835/4525/3835 3694/4359/3694 3793/4472/3793
f 3793/4472/3793 3694/4359/3694 3661/4323/3661
f 3795/4477/3795 3794/4473/3794 3744/4414/3744
f 3795/4477/3795 3744/4414/3744 3695/4360/3695
f 3746/4416/3746 3663/4325/3663 3836/4526/3836
f 3837/4527/3837 3613/4272/3613 3612/4271/3612
f 3838/4528/3838 3613/4272/3613 3837/4527/3837
f 3836/4526/3836 3663/4325/3663 3614/4273/3614
f 3614/4273/3614 3664/4326/3664 3839/4529/3839
f 3838/4528/3838 3840/4530/3840 3613/4272/3613
f 3481/4123/3481 3613/4272/3613 3840/4530/3840
f 3839/4529/3839 3664/4326/3664 3747/4417/3747
f 3841/4531/3841 3748/4418/3748 3696/4361/3696
f 3749/4422/3749 3569/4225/3569 3842/4532/3842
f 3569/4225/3569 3697/4363/3697 3842/4532/3842
f 3842/4533/3842 3697/4478/3697 3796/4479/3796
f 3796/4479/3796 3698/4364/3698 3843/4534/3843
f 3843/4534/3843 3698/4364/3698 3844/4535/3844
f 3844/4535/3844 3698/4364/3698 3798/4481/3798
f 3844/4535/3844 3798/4481/3798 3700/4366/3700
f 3844/4535/3844 3700/4366/3700 3845/4536/3845
f 3845/4536/3845 3700/4366/3700 3750/4423/3750
f 3702/4368/3702 3845/4536/3845 3750/4423/3750
f 3702/4368/3702 3703/4369/3703 3799/4482/3799
f 3799/4482/3799 3704/4370/3704 3752/4425/3752
f 3701/4367/3701 3846/4537/3846 3490/4134/3490
f 3846/4537/3846 3671/4333/3671 3490/4134/3490
f 3847/4538/3847 3756/4429/3756 3848/4539/3848
f 3756/4429/3756 3706/4372/3706 3848/4539/3848
f 3757/4540/3757 3706/4541/3706 3756/4542/3756
f 3848/4539/3848 3706/4372/3706 3849/4543/3849
f 3849/4543/3849 3706/4372/3706 3710/4377/3710
f 3629/4290/3629 3850/4544/3850 3672/4336/3672
f 3672/4336/3672 3850/4544/3850 3760/4433/3760
f 3760/4433/3760 3851/4545/3851 3801/4484/3801
f 3762/4435/3762 3852/4546/3852 3629/4290/3629
f 3709/4375/3709 3801/4484/3801 3853/4547/3853
f 3803/4486/3803 3710/4548/3710 3673/4337/3673
f 3631/4292/3631 3854/4549/3854 3763/4436/3763
f 3855/4550/3855 3534/4183/3534 3763/4436/3763
f 3855/4550/3855 3761/4434/3761 3534/4183/3534
f 3854/4549/3854 3631/4292/3631 3765/4438/3765
f 3856/4551/3856 3711/4378/3711 3674/4339/3674
f 3857/4552/3857 3768/4441/3768 3766/4439/3766
f 3858/4553/3858 3768/4441/3768 3857/4552/3857
f 3768/4441/3768 3859/4554/3859 3714/4381/3714
f 3638/4299/3638 3860/4555/3860 3676/4341/3676
f 3676/4341/3676 3861/4556/3861 3675/4340/3675
f 3677/4342/3677 3862/4557/3862 3715/4382/3715
f 3860/4555/3860 3638/4299/3638 3715/4382/3715
f 3640/4301/3640 3863/4558/3863 3677/4342/3677
f 3640/4301/3640 3677/4342/3677 3587/4245/3587
f 3770/4443/3770 3806/4489/3806 3541/4191/3541
f 3806/4489/3806 3678/4343/3678 3588/4246/3588
f 3543/4193/3543 3717/4384/3717 3716/4383/3716
f 3589/4247/3589 3719/4386/3719 3718/4385/3718
f 3721/4389/3721 3807/4490/3807 3809/4492/3809
f 3864/4559/3864 3724/4392/3724 3722/4390/3722
f 3723/4391/3723 3641/4302/3641 3865/4560/3865
f 3679/4344/3679 3811/4494/3811 3812/4495/3812
f 3593/4251/3593 3773/4447/3773 3866/4561/3866
f 3812/4495/3812 3813/4496/3813 3680/4345/3680
f 3725/4393/3725 3867/4562/3867 3775/4449/3775
f 3774/4448/3774 3644/4305/3644 3868/4563/3868
f 3726/4394/3726 3815/4498/3815 3681/4346/3681
f 3816/4499/3816 3597/4255/3597 3779/4455/3779
f 3780/4456/3780 3819/4502/3819 3466/4203/3466
f 3647/4309/3647 3599/4257/3599 3869/4564/3869
f 3869/4564/3869 3599/4257/3599 3682/4347/3682
f 3781/4459/3781 3683/4565/3683 3648/4457/3648
f 3870/4566/3870 3871/4567/3871 3683/4565/3683
f 3871/4568/3871 3730/4398/3730 3683/4348/3683
f 3782/4460/3782 3872/4569/3872 3688/4353/3688
f 3826/4516/3826 3873/4570/3873 3732/4401/3732
f 3734/4403/3734 3874/4571/3874 3785/4464/3785
f 3786/4465/3786 3874/4571/3874 3734/4403/3734
f 3828/4518/3828 3875/4572/3875 3786/4465/3786
f 3690/4355/3690 3829/4519/3829 3830/4520/3830
f 3788/4467/3788 3831/4521/3831 3737/4406/3737
f 3735/4404/3735 3830/4520/3830 3604/4263/3604
f 3604/4263/3604 3830/4520/3830 3876/4573/3876
f 3876/4573/3876 3789/4468/3789 3604/4263/3604
f 3789/4468/3789 3877/4574/3877 3559/4214/3559
f 3738/4407/3738 3559/4214/3559 3878/4575/3878
f 3877/4574/3877 3878/4575/3878 3559/4214/3559
f 3879/4576/3879 3790/4469/3790 3792/4471/3792
f 3740/4409/3740 3833/4523/3833 3792/4471/3792
f 3880/4577/3880 3741/4410/3741 3742/4411/3742
f 3659/4321/3659 3739/4408/3739 3881/4578/3881
f 3659/4321/3659 3881/4578/3881 3693/4358/3693
f 3743/4413/3743 3794/4473/3794 3882/4579/3882
f 3836/4526/3836 3614/4273/3614 3839/4529/3839
f 3839/4529/3839 3747/4417/3747 3883/4580/3883
f 3747/4417/3747 3748/4418/3748 3883/4580/3883
f 3481/4123/3481 3884/4581/3884 3617/4276/3617
f 3696/4582/3696 3885/1228/3885 3886/4583/3886
f 3696/4584/3696 3749/4585/3749 3885/4586/3885
f 3696/4361/3696 3666/4328/3666 3749/4422/3749
f 3749/4422/3749 3842/4532/3842 3887/4587/3887
f 3617/4276/3617 3884/4581/3884 3797/4480/3797
f 3797/4480/3797 3888/4588/3888 3571/4227/3571
f 3571/4227/3571 3888/4588/3888 3701/4367/3701
f 3844/4535/3844 3845/4536/3845 3889/4589/3889
f 3702/4368/3702 3890/4590/3890 3845/4536/3845
f 3702/4368/3702 3799/4482/3799 3890/4590/3890
f 3752/4425/3752 3891/4591/3891 3799/4482/3799
f 3800/4483/3800 3892/4592/3892 3752/4425/3752
f 3671/4333/3671 3893/4593/3893 3759/4432/3759
f 3852/4546/3852 3894/4594/3894 3629/4290/3629
f 3629/4290/3629 3894/4594/3894 3850/4544/3850
f 3850/4544/3850 3851/4545/3851 3760/4433/3760
f 3761/4434/3761 3895/4595/3895 3762/4435/3762
f 3709/4375/3709 3853/4547/3853 3896/4596/3896
f 3709/4375/3709 3896/4596/3896 3802/4485/3802
f 3765/4438/3765 3897/4597/3897 3854/4549/3854
f 3674/4339/3674 3898/4598/3898 3856/4551/3856
f 3802/4485/3802 3857/4552/3857 3766/4439/3766
f 3767/4440/3767 3898/4598/3898 3674/4339/3674
f 3858/4553/3858 3859/4554/3859 3768/4441/3768
f 3859/4554/3859 3769/4442/3769 3714/4381/3714
f 3805/4488/3805 3804/4487/3804 3636/4297/3636
f 3675/4340/3675 3861/4556/3861 3805/4488/3805
f 3860/4555/3860 3861/4556/3861 3676/4341/3676
f 3677/4342/3677 3863/4558/3863 3862/4557/3862
f 3770/4443/3770 3899/4599/3899 3806/4489/3806
f 3806/4489/3806 3900/4600/3900 3678/4343/3678
f 3717/4384/3717 3718/4385/3718 3716/4383/3716
f 3678/4343/3678 3901/4601/3901 3772/4445/3772
f 3902/4602/3902 3903/4603/3903 3720/4387/3720
f 3545/4196/3545 3902/4602/3902 3720/4387/3720
f 3810/4493/3810 3808/4491/3808 3546/4197/3546
f 3809/4492/3809 3904/4604/3904 3722/4390/3722
f 3722/4390/3722 3904/4604/3904 3864/4559/3864
f 3641/4302/3641 3905/4605/3905 3865/4560/3865
f 3724/4392/3724 3864/4559/3864 3811/4494/3811
f 3641/4302/3641 3593/4251/3593 3905/4605/3905
f 3593/4251/3593 3866/4561/3866 3905/4605/3905
f 3812/4495/3812 3906/4606/3906 3813/4496/3813
f 3642/4303/3642 3814/4497/3814 3773/4447/3773
f 3867/4562/3867 3907/4607/3907 3775/4449/3775
f 3775/4449/3775 3907/4607/3907 3726/4394/3726
f 3646/4307/3646 3908/4608/3908 3728/4396/3728
f 3776/4609/3776 3909/4610/3909 3777/4452/3777
f 3646/4307/3646 3816/4499/3816 3908/4608/3908
f 3816/4499/3816 3779/4455/3779 3910/4611/3910
f 3779/4455/3779 3729/4397/3729 3911/4612/3911
f 3870/4566/3870 3683/4565/3683 3781/4459/3781
f 3685/4462/3685 3912/4613/3912 3822/4509/3822
f 3685/4462/3685 3783/4461/3783 3912/4613/3912
f 3913/4614/3913 3782/4460/3782 3730/4398/3730
f 3784/4463/3784 3914/4615/3914 3783/4461/3783
f 3872/4569/3872 3731/4399/3731 3688/4353/3688
f 3731/4616/3731 3872/4617/3872 3823/4618/3823
f 3824/1263/3824 3915/4619/3915 3825/3108/3825
f 3784/4463/3784 3825/4513/3825 3914/4615/3914
f 3825/4620/3825 3916/4621/3916 3914/4622/3914
f 3826/4516/3826 3785/4464/3785 3917/4623/3917
f 3732/4401/3732 3918/4624/3918 3827/4517/3827
f 3732/4401/3732 3873/4570/3873 3918/4624/3918
f 3786/4465/3786 3875/4572/3875 3874/4571/3874
f 3736/4405/3736 3919/4625/3919 3828/4518/3828
f 3736/4405/3736 3831/4521/3831 3919/4625/3919
f 3830/4520/3830 3920/4626/3920 3876/4573/3876
f 3788/4467/3788 3921/4627/3921 3831/4521/3831
f 3788/4467/3788 3922/4628/3922 3921/4627/3921
f 3832/4522/3832 3922/4628/3922 3788/4467/3788
f 3790/4469/3790 3879/4576/3879 3832/4522/3832
f 3880/4577/3880 3742/4411/3742 3923/4629/3923
f 3742/4411/3742 3834/4524/3834 3923/4629/3923
f 3693/4358/3693 3924/4630/3924 3610/4269/3610
f 3694/4359/3694 3835/4525/3835 3925/4631/3925
f 3793/4472/3793 3882/4579/3882 3926/4632/3926
f 3743/4413/3743 3882/4579/3882 3793/4472/3793
f 3795/4477/3795 3746/4416/3746 3927/4633/3927
f 3746/4416/3746 3836/4526/3836 3928/4634/3928
f 3839/4529/3839 3929/4635/3929 3836/4526/3836
f 3841/4531/3841 3883/4580/3883 3748/4418/3748
f 3696/4636/3696 3930/1182/3930 3841/4637/3841
f 3696/4582/3696 3886/4583/3886 3930/4638/3930
f 3749/4585/3749 3887/4639/3887 3885/4586/3885
f 3887/4639/3887 3842/4640/3842 3931/4641/3931
f 3844/4535/3844 3889/4589/3889 3843/4534/3843
f 3889/4589/3889 3932/4642/3932 3933/4643/3933
f 3889/4589/3889 3845/4536/3845 3934/4644/3934
f 3889/4589/3889 3934/4644/3934 3932/4642/3932
f 3752/4425/3752 3935/4645/3935 3891/4591/3891
f 3935/4645/3935 3892/4592/3892 3936/4646/3936
f 3752/4425/3752 3892/4592/3892 3935/4645/3935
f 3892/4592/3892 3800/4483/3800 3936/4646/3936
f 3756/4429/3756 3937/4647/3937 3800/4483/3800
f 3800/4483/3800 3937/4647/3937 3936/4646/3936
f 3756/4429/3756 3847/4538/3847 3937/4647/3937
f 3847/4538/3847 3848/4539/3848 3937/4647/3937
f 3671/4333/3671 3846/4537/3846 3893/4593/3893
f 3848/4539/3848 3938/4648/3938 3939/4649/3939
f 3849/4543/3849 3938/4648/3938 3848/4539/3848
f 3710/4377/3710 3803/4650/3803 3940/4651/3940
f 3710/4377/3710 3940/4651/3940 3938/4648/3938
f 3849/4543/3849 3710/4377/3710 3938/4648/3938
f 3855/4550/3855 3941/4652/3941 3761/4434/3761
f 3711/4378/3711 3942/4653/3942 3803/4486/3803
f 3763/4436/3763 3854/4549/3854 3855/4550/3855
f 3896/4596/3896 3943/4654/3943 3802/4485/3802
f 3859/4554/3859 3944/4655/3944 3769/4442/3769
f 3767/4440/3767 3769/4442/3769 3945/4656/3945
f 3767/4440/3767 3945/4656/3945 3898/4598/3898
f 3759/4432/3759 3946/4657/3946 3764/4437/3764
f 3946/4657/3946 3770/4443/3770 3764/4437/3764
f 3805/4488/3805 3947/4658/3947 3804/4487/3804
f 3899/4599/3899 3900/4600/3900 3806/4489/3806
f 3716/4383/3716 3948/4659/3948 3640/4301/3640
f 3900/4600/3900 3901/4601/3901 3678/4343/3678
f 3771/4444/3771 3949/4660/3949 3719/4386/3719
f 3720/4387/3720 3949/4661/3949 3771/4662/3771
f 3807/4490/3807 3904/4604/3904 3809/4492/3809
f 3808/4491/3808 3902/4602/3902 3545/4196/3545
f 3811/4494/3811 3906/4606/3906 3812/4495/3812
f 3774/4448/3774 3950/4663/3950 3814/4497/3814
f 3725/4393/3725 3951/4664/3951 3867/4562/3867
f 3951/4664/3951 3952/4665/3952 3867/4562/3867
f 3774/4448/3774 3868/4563/3868 3953/4666/3953
f 3726/4394/3726 3907/4607/3907 3954/4667/3954
f 3727/4395/3727 3868/4563/3868 3644/4305/3644
f 3727/4395/3727 3728/4396/3728 3868/4563/3868
f 3815/4668/3815 3955/4669/3955 3776/4609/3776
f 3776/4609/3776 3955/4669/3955 3909/4610/3909
f 3908/4608/3908 3816/4499/3816 3956/4670/3956
f 3817/4500/3817 3957/4671/3957 3598/4256/3598
f 3598/4256/3598 3957/4671/3957 3780/4456/3780
f 3729/4397/3729 3647/4309/3647 3911/4612/3911
f 3819/4502/3819 3958/4672/3958 3818/4501/3818
f 3818/4501/3818 3958/4672/3958 3820/4506/3820
f 3959/4673/3959 3870/4566/3870 3781/4459/3781
f 3821/4674/3821 3912/1832/3912 3960/4675/3960
f 3821/4510/3821 3822/4509/3822 3912/4613/3912
f 3730/4676/3730 3871/4567/3871 3913/4677/3913
f 3823/4618/3823 3961/4678/3961 3824/4514/3824
f 3962/4679/3962 3916/4680/3916 3915/4681/3915
f 3916/4680/3916 3962/4679/3962 3914/4615/3914
f 3824/4514/3824 3961/4678/3961 3915/4681/3915
f 3825/4513/3825 3915/4681/3915 3916/4680/3916
f 3787/4466/3787 3827/4517/3827 3918/4624/3918
f 3826/4516/3826 3917/4623/3917 3873/4570/3873
f 3785/4464/3785 3963/4682/3963 3917/4623/3917
f 3874/4571/3874 3875/4572/3875 3964/4683/3964
f 3787/4466/3787 3965/4684/3965 3829/4519/3829
f 3828/4518/3828 3966/4685/3966 3875/4572/3875
f 3919/4625/3919 3966/4685/3966 3828/4518/3828
f 3919/4625/3919 3967/4686/3967 3966/4685/3966
f 3831/4521/3831 3968/4687/3968 3919/4625/3919
f 3829/4519/3829 3920/4626/3920 3830/4520/3830
f 3831/4521/3831 3921/4627/3921 3968/4687/3968
f 3789/4468/3789 3876/4573/3876 3920/4626/3920
f 3969/4688/3969 3922/4628/3922 3832/4522/3832
f 3878/4575/3878 3877/4574/3877 3970/4689/3970
f 3971/4690/3971 3738/4407/3738 3878/4575/3878
f 3971/4690/3971 3878/4575/3878 3970/4689/3970
f 3971/4690/3971 3791/4470/3791 3738/4407/3738
f 3972/4691/3972 3792/4471/3792 3833/4523/3833
f 3833/4523/3833 3741/4410/3741 3880/4577/3880
f 3925/4631/3925 3834/4524/3834 3694/4359/3694
f 3973/4692/3973 3611/4270/3611 3610/4412/3610
f 3973/4692/3973 3745/4415/3745 3611/4270/3611
f 3882/4579/3882 3794/4473/3794 3795/4477/3795
f 3974/4693/3974 3612/4271/3612 3745/4415/3745
f 3974/4693/3974 3837/4527/3837 3612/4271/3612
f 3975/4694/3975 3840/4530/3840 3838/4528/3838
f 3883/4580/3883 3929/4635/3929 3839/4529/3839
f 3883/4580/3883 3841/4531/3841 3976/4695/3976
f 3977/4696/3977 3481/4123/3481 3840/4530/3840
f 3883/4697/3883 3976/4698/3976 3978/4699/3978
f 3841/4700/3841 3930/4701/3930 3978/4699/3978
f 3978/4699/3978 3976/4698/3976 3841/4700/3841
f 3977/4696/3977 3884/4581/3884 3481/4123/3481
f 3931/4702/3931 3842/4703/3842 3979/4704/3979
f 3980/4705/3980 3797/4480/3797 3884/4581/3884
f 3979/4704/3979 3842/4703/3842 3843/4706/3843
f 3843/4707/3843 3842/4708/3842 3796/4709/3796
f 3980/4705/3980 3888/4588/3888 3797/4480/3797
f 3889/4710/3889 3933/4711/3933 3981/4712/3981
f 3933/4643/3933 3932/4642/3932 3981/4713/3981
f 3932/4642/3932 3934/4644/3934 3982/4714/3982
f 3981/4713/3981 3932/4642/3932 3982/4714/3982
f 3888/4588/3888 3983/4715/3983 3701/4367/3701
f 3845/4536/3845 3890/4590/3890 3891/4591/3891
f 3983/4715/3983 3846/4537/3846 3701/4367/3701
f 3799/4482/3799 3891/4591/3891 3890/4590/3890
f 3984/4716/3984 3891/4591/3891 3935/4645/3935
f 3935/4645/3935 3936/4646/3936 3985/4717/3985
f 3935/4645/3935 3985/4717/3985 3984/4716/3984
f 3937/4647/3937 3985/4717/3985 3936/4646/3936
f 3937/4647/3937 3939/4649/3939 3986/4718/3986
f 3848/4539/3848 3939/4649/3939 3937/4647/3937
f 3938/4648/3938 3940/4651/3940 3986/4718/3986
f 3939/4649/3939 3938/4648/3938 3986/4718/3986
f 3851/4545/3851 3987/4719/3987 3801/4484/3801
f 3940/4720/3940 3803/4486/3803 3942/4653/3942
f 3893/4593/3893 3946/4657/3946 3759/4432/3759
f 3988/4721/3988 3762/4435/3762 3895/4595/3895
f 3988/4721/3988 3852/4546/3852 3762/4435/3762
f 3761/4434/3761 3941/4652/3941 3895/4595/3895
f 3711/4378/3711 3856/4551/3856 3942/4653/3942
f 3802/4485/3802 3943/4654/3943 3857/4552/3857
f 3989/4722/3989 3858/4553/3858 3857/4552/3857
f 3944/4655/3944 3945/4656/3945 3769/4442/3769
f 3805/4488/3805 3861/4556/3861 3990/4723/3990
f 3862/4557/3862 3991/4724/3991 3715/4382/3715
f 3946/4657/3946 3899/4599/3899 3770/4443/3770
f 3992/4725/3992 3948/4659/3948 3716/4383/3716
f 3992/4725/3992 3716/4383/3716 3718/4385/3718
f 3807/4490/3807 3772/4445/3772 3901/4601/3901
f 3993/4726/3993 3807/4490/3807 3901/4601/3901
f 3949/4661/3949 3720/4387/3720 3903/4603/3903
f 3865/4560/3865 3810/4493/3810 3723/4391/3723
f 3904/4604/3904 3994/4727/3994 3864/4559/3864
f 3995/4728/3995 3864/4559/3864 3994/4727/3994
f 3995/4728/3995 3811/4494/3811 3864/4559/3864
f 3995/4728/3995 3906/4606/3906 3811/4494/3811
f 3951/4664/3951 3725/4393/3725 3813/4496/3813
f 3996/4729/3996 3774/4448/3774 3953/4666/3953
f 3907/4607/3907 3867/4562/3867 3952/4665/3952
f 3997/4730/3997 3868/4563/3868 3728/4396/3728
f 3815/4498/3815 3726/4394/3726 3954/4667/3954
f 3956/4670/3956 3728/4396/3728 3908/4608/3908
f 3910/4611/3910 3956/4670/3956 3816/4499/3816
f 3998/4731/3998 3778/4453/3778 3777/4452/3777
f 3998/4731/3998 3777/4452/3777 3909/4610/3909
f 3998/4731/3998 3817/4500/3817 3778/4453/3778
f 3820/4506/3820 3959/4673/3959 3781/4459/3781
f 3870/4566/3870 3913/4677/3913 3871/4567/3871
f 3999/4732/3999 3782/4733/3782 3913/4677/3913
f 3783/4461/3783 3914/4615/3914 3912/4613/3912
f 4000/4734/4000 3823/4618/3823 3872/4617/3872
f 4000/4734/4000 3961/4678/3961 3823/4618/3823
f 3965/4684/3965 3787/4466/3787 4001/4735/4001
f 4001/4735/4001 3787/4466/3787 3918/4624/3918
f 3963/4682/3963 3785/4464/3785 3874/4571/3874
f 3964/4683/3964 3875/4572/3875 3966/4685/3966
f 4002/4736/4002 3829/4519/3829 3965/4684/3965
f 3919/4625/3919 3968/4687/3968 3967/4686/3967
f 4002/4736/4002 3920/4626/3920 3829/4519/3829
f 3877/4574/3877 3789/4468/3789 4003/4737/4003
f 4003/4737/4003 3789/4468/3789 3920/4626/3920
f 3832/4522/3832 3879/4576/3879 4004/4738/4004
f 3791/4470/3791 3971/4690/3971 4005/4739/4005
f 3792/4471/3792 3972/4691/3972 3879/4576/3879
f 3739/4408/3739 3791/4470/3791 4006/4740/4006
f 4005/4739/4005 4006/4740/4006 3791/4470/3791
f 3833/4523/3833 3880/4577/3880 3972/4691/3972
f 4006/4740/4006 3881/4578/3881 3739/4408/3739
f 3693/4358/3693 3881/4578/3881 4007/4741/4007
f 4007/4741/4007 3924/4630/3924 3693/4358/3693
f 3834/4524/3834 3925/4631/3925 4008/4742/4008
f 3793/4472/3793 3925/4631/3925 3835/4525/3835
f 3610/4412/3610 3924/4743/3924 3973/4692/3973
f 4009/4744/4009 3746/4416/3746 3928/4634/3928
f 3836/4745/3836 4009/4746/4009 3928/4747/3928
f 3837/4527/3837 3975/4694/3975 3838/4528/3838
f 4010/4748/4010 3836/4745/3836 3929/4749/3929
f 3975/4694/3975 3977/4696/3977 3840/4530/3840
f 3930/4701/3930 3883/4697/3883 3978/4699/3978
f 3977/4696/3977 3980/4705/3980 3884/4581/3884
f 3887/4639/3887 3931/4641/3931 3885/4586/3885
f 3843/4534/3843 3889/4589/3889 4011/4750/4011
f 3889/4589/3889 3981/4713/3981 4011/4750/4011
f 3981/4713/3981 3982/4714/3982 4012/4751/4012
f 3982/4714/3982 3934/4644/3934 4012/4751/4012
f 3934/4644/3934 3845/4536/3845 3891/4591/3891
f 4012/4751/4012 3934/4644/3934 3891/4591/3891
f 4013/4752/4013 3891/4591/3891 4014/4753/4014
f 3891/4591/3891 3984/4716/3984 4014/4753/4014
f 3983/4715/3983 4015/4754/4015 3846/4537/3846
f 4014/4753/4014 3984/4716/3984 3985/4717/3985
f 3846/4537/3846 4015/4754/4015 3893/4593/3893
f 3986/4755/3986 3940/4756/3940 4016/4757/4016
f 4015/4754/4015 3946/4657/3946 3893/4593/3893
f 4017/4758/4017 3850/4544/3850 3894/4594/3894
f 4017/4758/4017 3851/4545/3851 3850/4544/3850
f 3987/4719/3987 4018/4759/4018 3801/4484/3801
f 3801/4484/3801 4018/4759/4018 3853/4547/3853
f 3940/4756/3940 3942/4760/3942 4019/4761/4019
f 3942/4653/3942 3856/4551/3856 3898/4598/3898
f 3855/4550/3855 3854/4549/3854 4020/4762/4020
f 3857/4552/3857 4021/4763/4021 3989/4722/3989
f 3897/4597/3897 3765/4438/3765 3804/4487/3804
f 3944/4655/3944 3859/4554/3859 3858/4553/3858
f 3860/4555/3860 4022/4764/4022 3861/4556/3861
f 3991/4724/3991 3860/4555/3860 3715/4382/3715
f 4023/4765/4023 3863/4558/3863 3640/4301/3640
f 4023/4765/4023 3862/4557/3862 3863/4558/3863
f 4024/4766/4024 3640/4301/3640 3948/4659/3948
f 3899/4599/3899 4025/4767/4025 3900/4600/3900
f 3900/4600/3900 4025/4767/4025 3901/4601/3901
f 4025/4767/4025 3993/4726/3993 3901/4601/3901
f 4026/4768/4026 3718/4385/3718 3719/4386/3719
f 3807/4490/3807 4027/4769/4027 3904/4604/3904
f 3902/4602/3902 3808/4491/3808 4028/4770/4028
f 3808/4491/3808 3810/4493/3810 4028/4770/4028
f 3904/4604/3904 4027/4769/4027 3994/4727/3994
f 3866/4561/3866 3773/4447/3773 4029/4771/4029
f 3906/4606/3906 4030/4772/4030 3813/4496/3813
f 4030/4772/4030 3951/4664/3951 3813/4496/3813
f 3953/4666/3953 3868/4563/3868 3996/4729/3996
f 3815/4668/3815 4031/4773/4031 3955/4669/3955
f 3957/4671/3957 3819/4502/3819 3780/4456/3780
f 3911/4612/3911 3647/4309/3647 4032/4774/4032
f 4032/4774/4032 3647/4309/3647 4033/4775/4033
f 4033/4775/4033 3647/4309/3647 3869/4564/3869
f 3869/4564/3869 3682/4347/3682 4033/4775/4033
f 4033/4775/4033 3682/4347/3682 3821/4507/3821
f 3958/4672/3958 4034/4776/4034 3820/4506/3820
f 3820/4506/3820 4034/4776/4034 3959/4673/3959
f 3870/4566/3870 4035/4777/4035 3913/4677/3913
f 3999/4732/3999 3872/4617/3872 3782/4733/3782
f 3999/4732/3999 4036/4778/4036 3872/4617/3872
f 4036/4778/4036 4000/4734/4000 3872/4617/3872
f 3917/4623/3917 3963/4682/3963 4037/4779/4037
f 3963/4682/3963 3874/4571/3874 4038/4780/4038
f 3874/4571/3874 3964/4683/3964 4038/4780/4038
f 3918/4624/3918 4039/4781/4039 4001/4735/4001
f 3920/4626/3920 4002/4736/4002 4040/4782/4040
f 3968/4687/3968 4041/4783/4041 4042/4784/4042
f 3968/4687/3968 3921/4627/3921 4041/4783/4041
f 3922/4628/3922 4041/4783/4041 3921/4627/3921
f 3877/4574/3877 4003/4737/4003 3970/4689/3970
f 3832/4522/3832 4043/4785/4043 3969/4688/3969
f 3832/4522/3832 4004/4738/4004 4043/4785/4043
f 4005/4739/4005 3971/4690/3971 3970/4689/3970
f 3879/4576/3879 3972/4691/3972 4004/4738/4004
f 4007/4741/4007 3881/4578/3881 4044/4786/4044
f 4007/4741/4007 4044/4786/4044 3924/4630/3924
f 3834/4524/3834 4008/4742/4008 3923/4629/3923
f 3926/4632/3926 3925/4631/3925 3793/4472/3793
f 3882/4579/3882 4045/4787/4045 3926/4632/3926
f 3745/4415/3745 3973/4692/3973 4046/4788/4046
f 3746/4416/3746 4009/4744/4009 3927/4633/3927
f 3837/4527/3837 3974/4693/3974 3975/4694/3975
f 3883/4697/3883 3930/4701/3930 4047/4789/4047
f 3883/4697/3883 4047/4789/4047 4048/4790/4048
f 3930/4701/3930 3886/4791/3886 4047/4789/4047
f 3886/4791/3886 3885/4586/3885 4049/4792/4049
f 3977/4696/3977 4050/4793/4050 3980/4705/3980
f 3931/4641/3931 3979/4794/3979 4051/4795/4051
f 3980/4705/3980 4052/4796/4052 4053/4797/4053
f 3979/4794/3979 3843/4798/3843 4054/4799/4054
f 4011/4750/4011 4054/4800/4054 3843/4534/3843
f 3980/4705/3980 4053/4797/4053 3888/4588/3888
f 3888/4588/3888 4053/4797/4053 3983/4715/3983
f 4012/4751/4012 3891/4591/3891 4013/4752/4013
f 4013/4801/4013 4014/4802/4014 4055/4803/4055
f 3983/4715/3983 4056/4804/4056 4015/4754/4015
f 3985/4717/3985 4057/4805/4057 4014/4753/4014
f 3985/4717/3985 3937/4647/3937 4057/4805/4057
f 3937/4647/3937 4016/4806/4016 4057/4805/4057
f 3937/4647/3937 3986/4718/3986 4016/4806/4016
f 3851/4545/3851 4017/4758/4017 4058/4807/4058
f 4015/4754/4015 4059/4808/4059 3946/4657/3946
f 4015/4754/4015 4060/4809/4060 4059/4808/4059
f 3852/4546/3852 3988/4721/3988 3894/4594/3894
f 4018/4759/4018 3896/4596/3896 3853/4547/3853
f 3895/4595/3895 4061/4810/4061 3988/4721/3988
f 3898/4598/3898 4062/4811/4062 3942/4653/3942
f 3854/4549/3854 4063/4812/4063 4020/4762/4020
f 3943/4654/3943 4021/4763/4021 3857/4552/3857
f 3858/4553/3858 3989/4722/3989 4064/4813/4064
f 3947/4658/3947 3897/4597/3897 3804/4487/3804
f 3990/4723/3990 3947/4658/3947 3805/4488/3805
f 4024/4766/4024 4023/4765/4023 3640/4301/3640
f 3946/4657/3946 4065/4814/4065 3899/4599/3899
f 4065/4814/4065 4025/4767/4025 3899/4599/3899
f 4066/4815/4066 3719/4386/3719 3949/4660/3949
f 3903/4603/3903 4066/4816/4066 3949/4661/3949
f 3993/4726/3993 4067/4817/4067 3807/4490/3807
f 3807/4490/3807 4067/4817/4067 4027/4769/4027
f 3902/4602/3902 4028/4770/4028 3903/4603/3903
f 3865/4560/3865 4068/4818/4068 3810/4493/3810
f 3994/4727/3994 4069/4819/4069 3995/4728/3995
f 3905/4605/3905 4070/4820/4070 4071/4821/4071
f 3905/4605/3905 3866/4561/3866 4070/4820/4070
f 3906/4606/3906 3995/4728/3995 4072/4822/4072
f 3906/4606/3906 4072/4822/4072 4030/4772/4030
f 3866/4561/3866 4029/4771/4029 4073/4823/4073
f 3814/4497/3814 4074/4824/4074 3773/4447/3773
f 3868/4563/3868 3997/4730/3997 3996/4729/3996
f 3952/4665/3952 4075/4825/4075 3907/4607/3907
f 3954/4826/3954 4031/4773/4031 3815/4668/3815
f 3956/4670/3956 3997/4730/3997 3728/4396/3728
f 3955/4669/3955 4076/4827/4076 3909/4610/3909
f 3910/4611/3910 4077/4828/4077 3956/4670/3956
f 3910/4611/3910 3779/4455/3779 4078/4829/4078
f 3998/4731/3998 3957/4671/3957 3817/4500/3817
f 3779/4455/3779 3911/4612/3911 4079/4830/4079
f 4032/4774/4032 4033/4775/4033 4079/4830/4079
f 3911/4612/3911 4032/4774/4032 4079/4830/4079
f 4034/4776/4034 4080/4831/4080 3959/4673/3959
f 3913/4677/3913 4035/4777/4035 3999/4732/3999
f 4081/4832/4081 3914/4615/3914 4082/4833/4082
f 4083/4834/4083 4082/4833/4082 3962/4679/3962
f 4082/4833/4082 3914/4615/3914 3962/4679/3962
f 3961/4678/3961 4000/4734/4000 4083/4834/4083
f 3915/4681/3915 4083/4834/4083 3962/4679/3962
f 3961/4678/3961 4083/4834/4083 3915/4681/3915
f 3873/4570/3873 4039/4781/4039 3918/4624/3918
f 3917/4623/3917 4039/4781/4039 3873/4570/3873
f 4001/4835/4001 4084/4836/4084 3965/4837/3965
f 3967/4686/3967 4085/4838/4085 3966/4685/3966
f 3965/4837/3965 4086/4839/4086 4002/4840/4002
f 3968/4687/3968 4042/4784/4042 3967/4686/3967
f 3970/4689/3970 4003/4737/4003 4087/4841/4087
f 4005/4739/4005 3970/4689/3970 4088/4842/4088
f 3972/4691/3972 3880/4577/3880 4089/4843/4089
f 3923/4629/3923 4089/4843/4089 3880/4577/3880
f 3924/4630/3924 4044/4786/4044 4090/4844/4090
f 3973/4692/3973 4091/4845/4091 4046/4788/4046
f 3882/4846/3882 3795/4847/3795 4092/4848/4092
f 3745/4415/3745 4046/4788/4046 3974/4693/3974
f 3974/4693/3974 4093/4849/4093 3975/4694/3975
f 3836/4745/3836 4010/4748/4010 4009/4746/4009
f 3929/4749/3929 4094/4850/4094 4010/4748/4010
f 3883/4697/3883 4094/4850/4094 3929/4749/3929
f 3977/4696/3977 3975/4694/3975 4095/4851/4095
f 3883/4697/3883 4048/4790/4048 4094/4850/4094
f 4047/4789/4047 4096/4852/4096 4048/4790/4048
f 3977/4696/3977 4095/4851/4095 4050/4793/4050
f 3886/4791/3886 4049/4792/4049 4047/4789/4047
f 3885/4586/3885 4051/4795/4051 4097/4853/4097
f 3885/4586/3885 3931/4641/3931 4051/4795/4051
f 3980/4705/3980 4050/4793/4050 4052/4796/4052
f 3979/4794/3979 4054/4799/4054 4051/4795/4051
f 4053/4797/4053 4052/4796/4052 4098/4854/4098
f 4011/4855/4011 4099/4856/4099 4054/4799/4054
f 4011/4855/4011 3981/4857/3981 4099/4856/4099
f 3981/4857/3981 4012/4858/4012 4100/4859/4100
f 4100/4859/4100 4012/4858/4012 4101/4860/4101
f 3983/4715/3983 4053/4797/4053 4056/4804/4056
f 4013/4801/4013 4055/4803/4055 4012/4861/4012
f 4014/4753/4014 4057/4805/4057 4055/4862/4055
f 4057/4805/4057 4016/4806/4016 4102/4863/4102
f 4016/4757/4016 3940/4756/3940 4103/4864/4103
f 4058/4807/4058 3987/4719/3987 3851/4545/3851
f 3940/4756/3940 4019/4761/4019 4103/4864/4103
f 4062/4865/4062 4019/4761/4019 3942/4760/3942
f 3855/4550/3855 4020/4762/4020 3941/4652/3941
f 3895/4595/3895 3941/4652/3941 4061/4810/4061
f 4063/4812/4063 3854/4549/3854 3897/4597/3897
f 3944/4655/3944 4104/4866/4104 3945/4656/3945
f 3945/4656/3945 4104/4866/4104 3898/4598/3898
f 3858/4553/3858 4064/4813/4064 3944/4655/3944
f 3991/4724/3991 4105/4867/4105 3860/4555/3860
f 4105/4867/4105 4106/4868/4106 3860/4555/3860
f 3860/4555/3860 4106/4868/4106 4022/4764/4022
f 3861/4556/3861 4022/4764/4022 3990/4723/3990
f 4107/4869/4107 3991/4724/3991 3862/4557/3862
f 3992/4725/3992 4108/4870/4108 3948/4659/3948
f 4025/4767/4025 4065/4814/4065 4109/4871/4109
f 4025/4767/4025 4109/4871/4109 4110/4872/4110
f 4025/4767/4025 4110/4872/4110 3993/4726/3993
f 4111/4873/4111 4112/4874/4112 3719/4875/3719
f 3719/4386/3719 4112/4876/4112 4026/4768/4026
f 3993/4726/3993 4110/4872/4110 4067/4817/4067
f 4111/4873/4111 3719/4875/3719 4066/4816/4066
f 4027/4769/4027 4113/4877/4113 3994/4727/3994
f 4069/4819/4069 4072/4822/4072 3995/4728/3995
f 4074/4824/4074 3814/4497/3814 3950/4663/3950
f 3950/4663/3950 3774/4448/3774 3996/4729/3996
f 4075/4878/4075 3954/4826/3954 3907/4879/3907
f 3997/4730/3997 3956/4670/3956 4077/4828/4077
f 4076/4827/4076 3998/4731/3998 3909/4610/3909
f 3779/4455/3779 4079/4830/4079 4078/4829/4078
f 4114/4880/4114 3819/4502/3819 3957/4671/3957
f 3958/4672/3958 3819/4502/3819 4115/4881/4115
f 3960/4882/3960 3912/4613/3912 4116/4883/4116
f 4081/4832/4081 3912/4613/3912 3914/4615/3914
f 4117/4884/4117 4038/4780/4038 3964/4683/3964
f 3964/4683/3964 3966/4685/3966 4117/4884/4117
f 4085/4838/4085 3967/4686/3967 4118/4885/4118
f 4086/4839/4086 4040/4886/4040 4002/4840/4002
f 4118/4885/4118 3967/4686/3967 4042/4784/4042
f 3922/4628/3922 3969/4688/3969 4041/4783/4041
f 4087/4887/4087 4003/4888/4003 4119/4889/4119
f 4120/4890/4120 3969/4688/3969 4043/4785/4043
f 4121/4891/4121 3970/4892/3970 4087/4887/4087
f 4120/4890/4120 4043/4785/4043 4004/4738/4004
f 4088/4842/4088 3970/4689/3970 4121/4893/4121
f 4122/4894/4122 4005/4895/4005 4088/4896/4088
f 4122/4897/4122 4006/4740/4006 4005/4739/4005
f 4123/4898/4123 4006/4740/4006 4122/4897/4122
f 4123/4898/4123 3881/4578/3881 4006/4740/4006
f 4044/4786/4044 3881/4578/3881 4123/4898/4123
f 4089/4843/4089 3923/4629/3923 4008/4742/4008
f 4124/4899/4124 3924/4630/3924 4090/4844/4090
f 4124/4900/4124 3973/4692/3973 3924/4743/3924
f 3926/4901/3926 4045/4902/4045 4125/4903/4125
f 4124/4900/4124 4091/4845/4091 3973/4692/3973
f 4045/4902/4045 3882/4846/3882 4092/4848/4092
f 4126/4904/4126 4046/4788/4046 4091/4845/4091
f 3795/4477/3795 3927/4633/3927 4092/4905/4092
f 3974/4693/3974 4046/4788/4046 4126/4904/4126
f 4127/4906/4127 3927/4907/3927 4009/4746/4009
f 4126/4904/4126 4093/4849/4093 3974/4693/3974
f 4128/4908/4128 3975/4694/3975 4093/4849/4093
f 4128/4908/4128 4095/4851/4095 3975/4694/3975
f 4010/4748/4010 4094/4850/4094 4048/4790/4048
f 3885/4586/3885 4097/4853/4097 4049/4792/4049
f 4049/4792/4049 4097/4853/4097 4051/4795/4051
f 4098/4854/4098 4052/4796/4052 4050/4793/4050
f 4129/4909/4129 3981/4857/3981 4100/4859/4100
f 4129/4909/4129 4099/4856/4099 3981/4857/3981
f 4098/4854/4098 4056/4804/4056 4053/4797/4053
f 4130/4910/4130 4101/4911/4101 4012/4912/4012
f 4057/4913/4057 4131/4914/4131 4055/4915/4055
f 4132/4916/4132 4015/4917/4015 4056/4918/4056
f 4132/4916/4132 4060/4919/4060 4015/4917/4015
f 4016/4757/4016 4103/4864/4103 4102/4920/4102
f 4103/4864/4103 4019/4761/4019 4133/4921/4133
f 4134/4922/4134 4017/4758/4017 3894/4594/3894
f 3894/4594/3894 3988/4721/3988 4061/4810/4061
f 4018/4759/4018 4135/4923/4135 3896/4596/3896
f 4135/4923/4135 3943/4654/3943 3896/4596/3896
f 4136/4924/4136 4061/4810/4061 3941/4652/3941
f 4104/4866/4104 4062/4811/4062 3898/4598/3898
f 4137/4925/4137 4063/4812/4063 3897/4597/3897
f 4138/4926/4138 3989/4722/3989 4021/4763/4021
f 4138/4926/4138 4064/4813/4064 3989/4722/3989
f 4139/4927/4139 4104/4866/4104 3944/4655/3944
f 4140/4928/4140 4059/4808/4059 4060/4809/4060
f 4139/4927/4139 3944/4655/3944 4064/4813/4064
f 4137/4925/4137 3897/4597/3897 3947/4658/3947
f 4107/4869/4107 3862/4557/3862 4023/4765/4023
f 4065/4814/4065 3946/4657/3946 4059/4808/4059
f 4023/4765/4023 4024/4766/4024 4141/4929/4141
f 4141/4929/4141 4024/4766/4024 3948/4659/3948
f 3992/4725/3992 3718/4385/3718 4142/4930/4142
f 4142/4930/4142 3718/4385/3718 4026/4768/4026
f 4110/4872/4110 4143/4931/4143 4067/4817/4067
f 4028/4770/4028 4066/4816/4066 3903/4603/3903
f 4143/4931/4143 4027/4769/4027 4067/4817/4067
f 4113/4932/4113 4027/4933/4027 4143/4934/4143
f 4144/4935/4144 3810/4493/3810 4068/4818/4068
f 4113/4877/4113 4069/4819/4069 3994/4727/3994
f 3865/4560/3865 3905/4605/3905 4071/4821/4071
f 3773/4447/3773 4074/4824/4074 4029/4771/4029
f 4030/4772/4030 4145/4936/4145 3951/4664/3951
f 3951/4664/3951 4145/4936/4145 3952/4665/3952
f 4076/4827/4076 4146/4937/4146 3998/4731/3998
f 4079/4830/4079 4033/4775/4033 4147/4938/4147
f 4114/4880/4114 4115/4881/4115 3819/4502/3819
f 4147/4938/4147 4033/4775/4033 4148/4939/4148
f 4033/4940/4033 3821/4510/3821 4149/4941/4149
f 3821/4510/3821 3960/4882/3960 4149/4941/4149
f 4149/4941/4149 3960/4882/3960 4116/4883/4116
f 4080/4831/4080 4035/4777/4035 3959/4673/3959
f 4150/4942/4150 4116/4883/4116 3912/4613/3912
f 3959/4673/3959 4035/4777/4035 3870/4566/3870
f 4081/4832/4081 4082/4833/4082 4151/4943/4151
f 4152/4944/4152 4083/4834/4083 4000/4734/4000
f 4001/4835/4001 4039/4945/4039 4084/4836/4084
f 4037/4779/4037 4039/4781/4039 3917/4623/3917
f 4037/4779/4037 4153/4946/4153 4039/4781/4039
f 4117/4884/4117 3966/4685/3966 4085/4838/4085
f 4003/4888/4003 3920/4947/3920 4040/4886/4040
f 4041/4783/4041 3969/4688/3969 4154/4948/4154
f 4040/4886/4040 4119/4889/4119 4003/4888/4003
f 4154/4948/4154 3969/4688/3969 4120/4890/4120
f 4121/4891/4121 4155/4949/4155 4088/4896/4088
f 4122/4894/4122 4088/4896/4088 4156/4950/4156
f 3972/4691/3972 4157/4951/4157 4004/4738/4004
f 4089/4952/4089 4008/4953/4008 4158/4954/4158
f 4044/4786/4044 4159/4955/4159 4090/4844/4090
f 4008/4953/4008 3925/4956/3925 4125/4903/4125
f 4125/4957/4125 3925/4631/3925 3926/4632/3926
f 4091/4958/4091 4124/4959/4124 4160/4960/4160
f 4160/4961/4160 4126/4904/4126 4091/4845/4091
f 3927/4907/3927 4161/4962/4161 4092/4848/4092
f 3927/4907/3927 4127/4906/4127 4161/4962/4161
f 4010/4748/4010 4048/4790/4048 4096/4852/4096
f 4096/4852/4096 4047/4789/4047 4162/4963/4162
f 4163/4964/4163 4050/4793/4050 4095/4851/4095
f 4047/4789/4047 4164/4965/4164 4162/4963/4162
f 4164/4965/4164 4047/4789/4047 4049/4792/4049
f 4051/4795/4051 4165/4966/4165 4166/4967/4166
f 4051/4795/4051 4054/4799/4054 4165/4966/4165
f 4165/4966/4165 4054/4799/4054 4099/4856/4099
f 4099/4856/4099 4167/4968/4167 4165/4966/4165
f 4099/4856/4099 4129/4909/4129 4167/4968/4167
f 4129/4909/4129 4100/4859/4100 4167/4968/4167
f 4100/4859/4100 4101/4860/4101 4130/4969/4130
f 4098/4970/4098 4168/4971/4168 4056/4918/4056
f 4012/4912/4012 4055/853/4055 4130/4910/4130
f 4130/4969/4130 4055/4915/4055 4131/4914/4131
f 4131/4914/4131 4057/4913/4057 4102/4920/4102
f 4169/4972/4169 4058/4807/4058 4017/4758/4017
f 4134/4922/4134 3894/4594/3894 4170/4973/4170
f 4171/4974/4171 3941/4652/3941 4020/4762/4020
f 4138/4926/4138 4172/4975/4172 4064/4813/4064
f 4173/4976/4173 4137/4925/4137 3947/4658/3947
f 3991/4724/3991 4174/4977/4174 4105/4867/4105
f 4106/4868/4106 4105/4867/4105 4022/4764/4022
f 4175/4978/4175 3990/4723/3990 4022/4764/4022
f 4176/4979/4176 3990/4723/3990 4175/4978/4175
f 4059/4980/4059 4177/4981/4177 4065/4982/4065
f 4108/4870/4108 4141/4929/4141 3948/4659/3948
f 4177/4981/4177 4109/4983/4109 4065/4982/4065
f 4178/4984/4178 4108/4870/4108 3992/4725/3992
f 4109/4983/4109 4179/4985/4179 4110/4986/4110
f 4180/4987/4180 4026/4768/4026 4112/4876/4112
f 4110/4986/4110 4181/4988/4181 4143/4934/4143
f 4066/4816/4066 4028/4770/4028 4111/4873/4111
f 4028/4770/4028 3810/4493/3810 4144/4935/4144
f 4144/4935/4144 4068/4818/4068 4182/4989/4182
f 4183/4990/4183 4068/4818/4068 3865/4560/3865
f 3954/4826/3954 4184/4991/4184 4031/4773/4031
f 3955/4669/3955 4185/4992/4185 4076/4827/4076
f 4077/4828/4077 3910/4611/3910 4186/4993/4186
f 3998/4731/3998 4187/4994/4187 3957/4671/3957
f 4079/4830/4079 4147/4938/4147 4188/4995/4188
f 3958/4672/3958 4115/4881/4115 4189/4996/4189
f 4033/4775/4033 4149/4997/4149 4148/4939/4148
f 3958/4672/3958 4189/4996/4189 4034/4776/4034
f 4190/4998/4190 3999/4732/3999 4035/4777/4035
f 4191/4999/4191 4083/4834/4083 4152/4944/4152
f 4082/4833/4082 4191/4999/4191 4151/4943/4151
f 4083/4834/4083 4191/4999/4191 4082/4833/4082
f 4037/4779/4037 3963/4682/3963 4153/4946/4153
f 4085/5000/4085 4118/5001/4118 4192/5002/4192
f 4118/5001/4118 4042/5003/4042 4193/5004/4193
f 4041/5005/4041 4193/5004/4193 4042/5003/4042
f 4041/5005/4041 4154/5006/4154 4193/5004/4193
f 4121/4891/4121 4087/4887/4087 4194/5007/4194
f 4121/4891/4121 4194/5007/4194 4155/4949/4155
f 4004/5008/4004 4195/5009/4195 4120/5010/4120
f 4088/4896/4088 4155/4949/4155 4156/4950/4156
f 3972/5011/3972 4196/5012/4196 4157/5013/4157
f 4089/4952/4089 4196/5012/4196 3972/5011/3972
f 4122/4894/4122 4197/5014/4197 4123/5015/4123
f 4122/4894/4122 4156/4950/4156 4197/5014/4197
f 4044/5016/4044 4197/5014/4197 4198/5017/4198
f 4123/5015/4123 4197/5014/4197 4044/5016/4044
f 4044/5016/4044 4198/5017/4198 4159/5018/4159
f 4124/4959/4124 4090/5019/4090 4199/5020/4199
f 4159/5018/4159 4199/5020/4199 4090/5019/4090
f 4008/4953/4008 4125/4903/4125 4200/5021/4200
f 4124/4959/4124 4199/5020/4199 4160/4960/4160
f 4009/4746/4009 4201/5022/4201 4127/4906/4127
f 4009/4746/4009 4010/4748/4010 4201/5022/4201
f 4128/5023/4128 4093/5024/4093 4202/5025/4202
f 4128/4908/4128 4202/5026/4202 4095/4851/4095
f 4050/5027/4050 4163/5028/4163 4203/5029/4203
f 4203/5029/4203 4204/5030/4204 4050/5027/4050
f 4051/4795/4051 4166/4967/4166 4049/4792/4049
f 4050/5027/4050 4204/5030/4204 4098/4970/4098
f 4204/5030/4204 4168/4971/4168 4098/4970/4098
f 4167/4968/4167 4100/4859/4100 4165/4966/4165
f 4100/4859/4100 4130/4969/4130 4205/5031/4205
f 4205/5031/4205 4130/4969/4130 4206/5032/4206
f 4056/4918/4056 4168/4971/4168 4132/4916/4132
f 4130/4969/4130 4207/5033/4207 4208/5034/4208
f 4130/4969/4130 4131/4914/4131 4207/5033/4207
f 4102/4920/4102 4207/5033/4207 4131/4914/4131
f 4134/4922/4134 4169/4972/4169 4017/4758/4017
f 4058/4807/4058 4209/5035/4209 3987/4719/3987
f 4019/4761/4019 4210/5036/4210 4133/4921/4133
f 4062/4865/4062 4210/5036/4210 4019/4761/4019
f 4132/4916/4132 4211/5037/4211 4060/4919/4060
f 4136/4924/4136 4212/5038/4212 4061/4810/4061
f 4212/5038/4212 4170/4973/4170 4061/4810/4061
f 4061/4810/4061 4170/4973/4170 3894/4594/3894
f 4062/4865/4062 4104/5039/4104 4213/5040/4213
f 4062/4865/4062 4213/5040/4213 4210/5036/4210
f 4214/5041/4214 4171/4974/4171 4020/4762/4020
f 3941/4652/3941 4171/4974/4171 4136/4924/4136
f 4135/4923/4135 4215/5042/4215 3943/4654/3943
f 4063/4812/4063 4214/5041/4214 4020/4762/4020
f 4021/4763/4021 4216/5043/4216 4138/4926/4138
f 4172/4975/4172 4217/5044/4217 4064/4813/4064
f 4064/4813/4064 4217/5044/4217 4139/4927/4139
f 4063/4812/4063 4137/4925/4137 4218/5045/4218
f 4219/5046/4219 4173/4976/4173 3990/4723/3990
f 3990/4723/3990 4173/4976/4173 3947/4658/3947
f 4105/4867/4105 4175/4978/4175 4022/4764/4022
f 4176/4979/4176 4220/5047/4220 3990/4723/3990
f 3990/4723/3990 4220/5047/4220 4219/5046/4219
f 4059/4980/4059 4140/5048/4140 4177/4981/4177
f 4023/4765/4023 4221/5049/4221 4107/4869/4107
f 4141/4929/4141 4221/5049/4221 4023/4765/4023
f 4109/4983/4109 4222/5050/4222 4179/4985/4179
f 4180/4987/4180 4178/4984/4178 4142/4930/4142
f 4142/4930/4142 4178/4984/4178 3992/4725/3992
f 4026/4768/4026 4180/4987/4180 4142/4930/4142
f 4110/4986/4110 4179/4985/4179 4181/4988/4181
f 4143/4934/4143 4223/5051/4223 4113/4932/4113
f 4069/5052/4069 4113/4932/4113 4224/5053/4224
f 3865/4560/3865 4071/4821/4071 4225/5054/4225
f 4069/5052/4069 4226/5055/4226 4072/5056/4072
f 3866/4561/3866 4073/4823/4073 4070/4820/4070
f 4029/4771/4029 4074/4824/4074 4227/5057/4227
f 4030/5058/4030 4072/5056/4072 4228/5059/4228
f 3950/4663/3950 3996/4729/3996 4074/4824/4074
f 4145/5060/4145 4075/4878/4075 3952/5061/3952
f 4075/4878/4075 4184/4991/4184 3954/4826/3954
f 4077/4828/4077 4229/5062/4229 3997/4730/3997
f 4031/4773/4031 4185/4992/4185 3955/4669/3955
f 4185/4992/4185 4230/5063/4230 4076/4827/4076
f 4077/4828/4077 4186/4993/4186 4229/5062/4229
f 4076/4827/4076 4231/5064/4231 4146/4937/4146
f 3910/4611/3910 4078/4829/4078 4186/4993/4186
f 4078/4829/4078 4079/4830/4079 4232/5065/4232
f 4079/4830/4079 4188/4995/4188 4232/5065/4232
f 3957/4671/3957 4187/4994/4187 4114/4880/4114
f 4115/4881/4115 4114/4880/4114 4233/5066/4233
f 4148/5067/4148 4149/4941/4149 4234/5068/4234
f 4147/5069/4147 4148/5067/4148 4234/5068/4234
f 4234/5068/4234 4149/4941/4149 4235/5070/4235
f 4149/4941/4149 4116/4883/4116 4235/5070/4235
f 3912/4613/3912 4081/4832/4081 4150/4942/4150
f 4190/4998/4190 4036/4778/4036 3999/4732/3999
f 3963/4682/3963 4038/4780/4038 4153/4946/4153
f 4086/4839/4086 3965/4837/3965 4236/5071/4236
f 3965/4837/3965 4084/4836/4084 4236/5071/4236
f 4085/5000/4085 4237/5072/4237 4117/5073/4117
f 4085/5000/4085 4192/5002/4192 4237/5072/4237
f 4087/4887/4087 4119/4889/4119 4194/5007/4194
f 4120/5010/4120 4238/5074/4238 4154/5006/4154
f 4004/5008/4004 4157/5013/4157 4195/5009/4195
f 4089/4952/4089 4158/4954/4158 4196/5012/4196
f 4197/5014/4197 4156/4950/4156 4239/5075/4239
f 4125/4903/4125 4240/5076/4240 4241/5077/4241
f 4125/4903/4125 4045/4902/4045 4240/5076/4240
f 4160/4960/4160 4242/5078/4242 4126/5079/4126
f 4092/4848/4092 4240/5076/4240 4045/4902/4045
f 4126/5079/4126 4243/5080/4243 4093/5024/4093
f 4127/4906/4127 4201/5022/4201 4161/4962/4161
f 4093/5024/4093 4243/5080/4243 4202/5025/4202
f 4202/5025/4202 4243/5080/4243 4244/5081/4244
f 4202/5025/4202 4244/5081/4244 4095/5082/4095
f 4095/5082/4095 4244/5081/4244 4163/5028/4163
f 4163/5028/4163 4245/5083/4245 4203/5029/4203
f 4162/4963/4162 4164/4965/4164 4246/5084/4246
f 4049/4792/4049 4247/5085/4247 4164/4965/4164
f 4049/4792/4049 4166/4967/4166 4247/5085/4247
f 4166/4967/4166 4165/4966/4165 4248/5086/4248
f 4165/4966/4165 4206/5032/4206 4248/5086/4248
f 4100/4859/4100 4206/5032/4206 4165/4966/4165
f 4100/4859/4100 4205/5031/4205 4206/5032/4206
f 4206/5032/4206 4130/4969/4130 4208/5034/4208
f 4132/4916/4132 4168/4971/4168 4249/5087/4249
f 4102/4920/4102 4250/5088/4250 4207/5033/4207
f 4250/5088/4250 4251/5089/4251 4207/5033/4207
f 4102/4920/4102 4251/5089/4251 4250/5088/4250
f 4251/5089/4251 4103/4864/4103 4252/5090/4252
f 4103/4864/4103 4251/5089/4251 4102/4920/4102
f 4133/4921/4133 4253/5091/4253 4252/5090/4252
f 4133/4921/4133 4252/5090/4252 4103/4864/4103
f 4169/4972/4169 4254/5092/4254 4058/4807/4058
f 4058/4807/4058 4254/5092/4254 4209/5035/4209
f 4170/4973/4170 4255/5093/4255 4134/4922/4134
f 4256/5094/4256 4135/4923/4135 4018/4759/4018
f 4213/5040/4213 4104/5039/4104 4257/5095/4257
f 4136/4924/4136 4171/4974/4171 4258/5096/4258
f 3943/4654/3943 4215/5042/4215 4021/4763/4021
f 4216/5043/4216 4259/5097/4259 4138/4926/4138
f 4172/4975/4172 4138/4926/4138 4259/5097/4259
f 4139/5098/4139 4217/5099/4217 4257/5095/4257
f 4139/5098/4139 4257/5095/4257 4104/5039/4104
f 4060/4919/4060 4211/5037/4211 4140/5048/4140
f 4219/5046/4219 4220/5047/4220 4173/4976/4173
f 4107/4869/4107 4174/4977/4174 3991/4724/3991
f 4140/5048/4140 4260/5100/4260 4177/4981/4177
f 4177/4981/4177 4222/5050/4222 4109/4983/4109
f 4028/4770/4028 4261/5101/4261 4111/4873/4111
f 4028/4770/4028 4144/4935/4144 4262/5102/4262
f 4183/4990/4183 4182/4989/4182 4068/4818/4068
f 4183/4990/4183 3865/4560/3865 4225/5054/4225
f 4070/4820/4070 4263/5103/4263 4071/4821/4071
f 4073/4823/4073 4263/5103/4263 4070/4820/4070
f 4069/5052/4069 4224/5053/4224 4226/5055/4226
f 4073/4823/4073 4029/4771/4029 4264/5104/4264
f 4226/5055/4226 4265/5105/4265 4072/5056/4072
f 4072/5056/4072 4265/5105/4265 4228/5059/4228
f 4030/5058/4030 4228/5059/4228 4145/5060/4145
f 3996/4729/3996 4266/5106/4266 4074/4824/4074
f 3997/4730/3997 4267/5107/4267 3996/4729/3996
f 4184/4991/4184 4268/5108/4268 4031/4773/4031
f 4267/5107/4267 3997/4730/3997 4229/5062/4229
f 4076/4827/4076 4230/5063/4230 4231/5064/4231
f 4146/4937/4146 4187/4994/4187 3998/4731/3998
f 4150/4942/4150 4235/5070/4235 4116/4883/4116
f 4269/5109/4269 4080/4831/4080 4034/4776/4034
f 4269/5109/4269 4270/5110/4270 4080/4831/4080
f 4035/4777/4035 4080/4831/4080 4270/5110/4270
f 4081/4832/4081 4151/4943/4151 4271/5111/4271
f 4000/4734/4000 4036/4778/4036 4152/4944/4152
f 4152/4944/4152 4036/4778/4036 4272/5112/4272
f 4151/4943/4151 4191/4999/4191 4273/5113/4273
f 4191/4999/4191 4152/4944/4152 4274/5114/4274
f 4118/5001/4118 4275/5115/4275 4192/5002/4192
f 4193/5004/4193 4275/5115/4275 4118/5001/4118
f 4086/4839/4086 4276/5116/4276 4040/4886/4040
f 4276/5116/4276 4119/4889/4119 4040/4886/4040
f 4154/5006/4154 4277/5117/4277 4193/5004/4193
f 4238/5074/4238 4277/5117/4277 4154/5006/4154
f 4119/4889/4119 4278/5118/4278 4194/5007/4194
f 4120/5010/4120 4195/5009/4195 4238/5074/4238
f 4156/4950/4156 4155/4949/4155 4279/5119/4279
f 4195/5009/4195 4157/5013/4157 4196/5012/4196
f 4156/4950/4156 4279/5119/4279 4239/5075/4239
f 4197/5014/4197 4239/5075/4239 4280/5120/4280
f 4197/5014/4197 4281/5121/4281 4198/5017/4198
f 4280/5120/4280 4281/5121/4281 4197/5014/4197
f 4159/5018/4159 4198/5017/4198 4281/5121/4281
f 4159/5018/4159 4281/5121/4281 4282/5122/4282
f 4159/5018/4159 4282/5122/4282 4199/5020/4199
f 4200/5021/4200 4283/5123/4283 4008/4953/4008
f 4199/5020/4199 4282/5122/4282 4284/5124/4284
f 4199/5020/4199 4284/5124/4284 4160/4960/4160
f 4160/4960/4160 4284/5124/4284 4242/5078/4242
f 4092/4848/4092 4161/4962/4161 4240/5076/4240
f 4126/5079/4126 4242/5078/4242 4243/5080/4243
f 4010/4748/4010 4285/5125/4285 4201/5022/4201
f 4010/4748/4010 4096/4852/4096 4285/5125/4285
f 4163/5028/4163 4244/5081/4244 4245/5083/4245
f 4096/4852/4096 4246/5084/4246 4286/5126/4286
f 4096/4852/4096 4162/4963/4162 4246/5084/4246
f 4164/4965/4164 4247/5085/4247 4246/5084/4246
f 4247/5085/4247 4166/4967/4166 4248/5086/4248
f 4203/5029/4203 4287/5127/4287 4204/5030/4204
f 4248/5086/4248 4206/5032/4206 4288/5128/4288
f 4204/5030/4204 4289/5129/4289 4168/4971/4168
f 4206/5032/4206 4290/5130/4290 4291/5131/4291
f 4290/5130/4290 4208/5034/4208 4291/5131/4291
f 4291/5131/4291 4208/5034/4208 4292/5132/4292
f 4206/5032/4206 4208/5034/4208 4290/5130/4290
f 4168/4971/4168 4289/5129/4289 4249/5087/4249
f 4293/5133/4293 4252/5090/4252 4294/5134/4294
f 4251/5089/4251 4252/5090/4252 4293/5133/4293
f 4207/5033/4207 4251/5089/4251 4293/5133/4293
f 4132/4916/4132 4249/5087/4249 4211/5037/4211
f 4133/4921/4133 4210/5036/4210 4253/5091/4253
f 3987/4719/3987 4209/5035/4209 4256/5094/4256
f 3987/4719/3987 4256/5094/4256 4018/4759/4018
f 4210/5036/4210 4213/5040/4213 4253/5091/4253
f 4213/5040/4213 4295/5135/4295 4253/5091/4253
f 4296/5136/4296 4215/5042/4215 4135/4923/4135
f 4136/4924/4136 4258/5096/4258 4212/5038/4212
f 4214/5041/4214 4297/5137/4297 4171/4974/4171
f 4021/4763/4021 4215/5042/4215 4216/5043/4216
f 4172/4975/4172 4259/5097/4259 4217/5044/4217
f 4217/5099/4217 4259/5138/4259 4257/5095/4257
f 4218/5045/4218 4298/5139/4298 4063/4812/4063
f 4140/5048/4140 4211/5037/4211 4299/5140/4299
f 4300/5141/4300 4174/4977/4174 4107/4869/4107
f 4175/4978/4175 4220/5047/4220 4176/4979/4176
f 4108/4870/4108 4301/5142/4301 4141/4929/4141
f 4179/4985/4179 4222/5050/4222 4302/5143/4302
f 4180/4987/4180 4112/4876/4112 4303/5144/4303
f 4179/4985/4179 4302/5143/4302 4181/4988/4181
f 4028/4770/4028 4262/5102/4262 4261/5101/4261
f 4071/4821/4071 4263/5103/4263 4225/5054/4225
f 4029/4771/4029 4227/5057/4227 4304/5145/4304
f 4266/5106/4266 4227/5057/4227 4074/4824/4074
f 4075/4878/4075 4145/5060/4145 4305/5146/4305
f 4075/4878/4075 4305/5146/4305 4184/4991/4184
f 4031/4773/4031 4268/5108/4268 4185/4992/4185
f 4185/4992/4185 4306/5147/4306 4230/5063/4230
f 4229/5062/4229 4186/4993/4186 4307/5148/4307
f 4188/5149/4188 4147/5069/4147 4232/5150/4232
f 4187/4994/4187 4233/5066/4233 4114/4880/4114
f 4147/5151/4147 4235/4707/4235 4308/5152/4308
f 4234/5068/4234 4235/5070/4235 4147/5069/4147
f 4233/5066/4233 4189/4996/4189 4115/4881/4115
f 4081/4832/4081 4271/5111/4271 4150/4942/4150
f 4309/5153/4309 4190/4998/4190 4270/5110/4270
f 4035/4777/4035 4270/5110/4270 4190/4998/4190
f 4190/4998/4190 4272/5112/4272 4036/4778/4036
f 4191/4999/4191 4274/5114/4274 4273/5113/4273
f 4153/5154/4153 4310/5155/4310 4039/4945/4039
f 4192/5002/4192 4311/5156/4311 4237/5072/4237
f 4192/5002/4192 4275/5115/4275 4311/5156/4311
f 4312/5157/4312 4278/5118/4278 4119/4889/4119
f 4194/5007/4194 4278/5118/4278 4313/5158/4313
f 4195/5009/4195 4314/5159/4314 4238/5074/4238
f 4155/4949/4155 4194/5007/4194 4279/5119/4279
f 4158/4954/4158 4315/5160/4315 4196/5012/4196
f 4008/4953/4008 4283/5123/4283 4158/4954/4158
f 4200/5021/4200 4316/5161/4316 4283/5123/4283
f 4200/5021/4200 4125/4903/4125 4316/5161/4316
f 4241/5077/4241 4316/5161/4316 4125/4903/4125
f 4284/5124/4284 4317/5162/4317 4242/5078/4242
f 4317/5162/4317 4318/5163/4318 4242/5078/4242
f 4243/5080/4243 4242/5078/4242 4318/5163/4318
f 4243/5080/4243 4318/5163/4318 4244/5081/4244
f 4245/5083/4245 4287/5127/4287 4203/5029/4203
f 4246/5084/4246 4319/5164/4319 4286/5126/4286
f 4246/5084/4246 4247/5085/4247 4319/5164/4319
f 4248/5086/4248 4319/5164/4319 4247/5085/4247
f 4319/5164/4319 4248/5086/4248 4288/5128/4288
f 4206/5032/4206 4291/5131/4291 4288/5128/4288
f 4208/5034/4208 4207/5033/4207 4292/5132/4292
f 4207/5033/4207 4320/5165/4320 4292/5132/4292
f 4207/5033/4207 4293/5133/4293 4320/5165/4320
f 4252/5090/4252 4321/5166/4321 4294/5134/4294
f 4252/5090/4252 4253/5091/4253 4321/5166/4321
f 4253/5091/4253 4295/5135/4295 4321/5166/4321
f 4255/5093/4255 4169/4972/4169 4134/4922/4134
f 4209/5035/4209 4322/5167/4322 4256/5094/4256
f 4212/5038/4212 4258/5096/4258 4323/5168/4323
f 4256/5094/4256 4296/5136/4296 4135/4923/4135
f 4213/5040/4213 4257/5095/4257 4295/5135/4295
f 4297/5137/4297 4258/5096/4258 4171/4974/4171
f 4212/5038/4212 4323/5168/4323 4170/4973/4170
f 4215/5042/4215 4324/5169/4324 4216/5043/4216
f 4216/5043/4216 4324/5169/4324 4259/5097/4259
f 4259/5138/4259 4325/5170/4325 4257/5095/4257
f 4137/4925/4137 4326/5171/4326 4218/5045/4218
f 4137/4925/4137 4173/4976/4173 4326/5171/4326
f 4175/4978/4175 4327/5172/4327 4220/5047/4220
f 4328/5173/4328 4300/5141/4300 4107/4869/4107
f 4140/5048/4140 4299/5140/4299 4260/5100/4260
f 4107/4869/4107 4221/5049/4221 4328/5173/4328
f 4141/4929/4141 4301/5142/4301 4221/5049/4221
f 4108/4870/4108 4178/4984/4178 4301/5142/4301
f 4111/4873/4111 4329/5174/4329 4112/4874/4112
f 4111/4873/4111 4261/5101/4261 4329/5174/4329
f 4181/4988/4181 4330/5175/4330 4331/5176/4331
f 4181/4988/4181 4331/5176/4331 4143/4934/4143
f 4262/5102/4262 4332/5177/4332 4261/5101/4261
f 4143/4934/4143 4331/5176/4331 4223/5051/4223
f 4182/4989/4182 4333/5178/4333 4262/5102/4262
f 4144/4935/4144 4182/4989/4182 4262/5102/4262
f 4223/5051/4223 4334/5179/4334 4113/4932/4113
f 4182/4989/4182 4183/4990/4183 4333/5178/4333
f 4113/4932/4113 4335/5180/4335 4224/5053/4224
f 4073/4823/4073 4264/5104/4264 4263/5103/4263
f 4029/4771/4029 4304/5145/4304 4264/5104/4264
f 4226/5055/4226 4336/5181/4336 4265/5105/4265
f 4304/5145/4304 4227/5057/4227 4337/5182/4337
f 4228/5059/4228 4338/5183/4338 4145/5060/4145
f 4145/5060/4145 4338/5183/4338 4339/5184/4339
f 3996/4729/3996 4267/5107/4267 4266/5106/4266
f 4145/5060/4145 4339/5184/4339 4305/5146/4305
f 4305/5146/4305 4340/5185/4340 4184/4991/4184
f 4184/4991/4184 4340/5185/4340 4268/5108/4268
f 4078/4829/4078 4232/5065/4232 4186/4993/4186
f 4189/4996/4189 4341/5186/4341 4034/4776/4034
f 4341/5186/4341 4269/5109/4269 4034/4776/4034
f 4269/5109/4269 4309/5153/4309 4270/5110/4270
f 4271/5111/4271 4151/4943/4151 4342/5187/4342
f 4152/4944/4152 4272/5112/4272 4274/5114/4274
f 4038/5188/4038 4343/5189/4343 4153/5154/4153
f 4038/5188/4038 4117/5073/4117 4343/5189/4343
f 4117/5073/4117 4237/5072/4237 4343/5189/4343
f 4039/4945/4039 4344/5190/4344 4084/4836/4084
f 4086/4839/4086 4236/5071/4236 4345/5191/4345
f 4086/4839/4086 4345/5191/4345 4276/5116/4276
f 4277/5117/4277 4346/5192/4346 4275/5115/4275
f 4277/5117/4277 4275/5115/4275 4193/5004/4193
f 4276/5116/4276 4312/5157/4312 4119/4889/4119
f 4238/5074/4238 4347/5193/4347 4277/5117/4277
f 4238/5074/4238 4314/5159/4314 4347/5193/4347
f 4279/5119/4279 4194/5007/4194 4313/5158/4313
f 4195/5009/4195 4348/5194/4348 4314/5159/4314
f 4195/5009/4195 4196/5012/4196 4348/5194/4348
f 4239/5075/4239 4279/5119/4279 4349/5195/4349
f 4280/5120/4280 4239/5075/4239 4349/5195/4349
f 4158/4954/4158 4283/5123/4283 4350/5196/4350
f 4281/5121/4281 4351/5197/4351 4282/5122/4282
f 4282/5122/4282 4352/5198/4352 4284/5124/4284
f 4352/5198/4352 4317/5162/4317 4284/5124/4284
f 4317/5162/4317 4353/5199/4353 4318/5163/4318
f 4161/4962/4161 4201/5022/4201 4354/5200/4354
f 4318/5163/4318 4355/5201/4355 4244/5081/4244
f 4285/5125/4285 4096/4852/4096 4356/5202/4356
f 4244/5081/4244 4355/5201/4355 4245/5083/4245
f 4319/5164/4319 4288/5128/4288 4357/5203/4357
f 4320/5165/4320 4358/5204/4358 4292/5132/4292
f 4320/5165/4320 4359/5205/4359 4358/5204/4358
f 4293/5133/4293 4294/5134/4294 4320/5165/4320
f 4320/5165/4320 4294/5134/4294 4359/5205/4359
f 4209/5035/4209 4360/5206/4360 4322/5167/4322
f 4170/4973/4170 4323/5168/4323 4255/5093/4255
f 4297/5137/4297 4361/5207/4361 4258/5096/4258
f 4259/5138/4259 4324/5208/4324 4362/5209/4362
f 4063/4812/4063 4298/5139/4298 4214/5041/4214
f 4218/5045/4218 4326/5171/4326 4298/5139/4298
f 4220/5047/4220 4363/5210/4363 4173/4976/4173
f 4173/4976/4173 4363/5210/4363 4364/5211/4364
f 4173/4976/4173 4364/5211/4364 4326/5171/4326
f 4174/4977/4174 4365/5212/4365 4105/4867/4105
f 4105/4867/4105 4365/5212/4365 4175/4978/4175
f 4175/4978/4175 4365/5212/4365 4327/5172/4327
f 4221/5049/4221 4366/5213/4366 4328/5173/4328
f 4180/4987/4180 4367/5214/4367 4178/4984/4178
f 4181/4988/4181 4302/5143/4302 4330/5175/4330
f 4113/4932/4113 4334/5179/4334 4335/5180/4335
f 4225/5054/4225 4368/5215/4368 4183/4990/4183
f 4224/5053/4224 4336/5181/4336 4226/5055/4226
f 4265/5105/4265 4338/5183/4338 4228/5059/4228
f 4369/5216/4369 4227/5057/4227 4266/5106/4266
f 4266/5106/4266 4267/5107/4267 4369/5216/4369
f 4268/5108/4268 4370/5217/4370 4185/4992/4185
f 4185/4992/4185 4370/5217/4370 4306/5147/4306
f 4371/5218/4371 4187/4994/4187 4146/4937/4146
f 4232/5150/4232 4147/5069/4147 4372/5219/4372
f 4372/5219/4372 4308/5220/4308 4373/5221/4373
f 4147/5069/4147 4308/5220/4308 4372/5219/4372
f 4373/5221/4373 4308/5220/4308 4235/5070/4235
f 4150/4942/4150 4374/5222/4374 4235/5070/4235
f 4374/5222/4374 4150/4942/4150 4375/5223/4375
f 4150/4942/4150 4271/5111/4271 4375/5223/4375
f 4376/5224/4376 4190/4998/4190 4309/5153/4309
f 4377/5225/4377 4273/5113/4273 4274/5114/4274
f 4377/5225/4377 4342/5187/4342 4273/5113/4273
f 4378/5226/4378 4274/5114/4274 4272/5112/4272
f 4151/4943/4151 4273/5113/4273 4342/5187/4342
f 4343/5189/4343 4237/5072/4237 4379/5227/4379
f 4380/5228/4380 4237/5072/4237 4311/5156/4311
f 4381/5229/4381 4311/5156/4311 4275/5115/4275
f 4381/5229/4381 4275/5115/4275 4346/5192/4346
f 4315/5160/4315 4158/4954/4158 4350/5196/4350
f 4281/5121/4281 4280/5120/4280 4382/5230/4382
f 4240/5076/4240 4161/4962/4161 4383/5231/4383
f 4383/5231/4383 4161/4962/4161 4354/5200/4354
f 4096/4852/4096 4286/5126/4286 4356/5202/4356
f 4245/5083/4245 4355/5201/4355 4287/5127/4287
f 4319/5164/4319 4357/5203/4357 4384/5232/4384
f 4357/5203/4357 4288/5128/4288 4385/5233/4385
f 4204/5030/4204 4287/5127/4287 4289/5129/4289
f 4386/5234/4386 4289/5129/4289 4287/5127/4287
f 4288/5128/4288 4291/5131/4291 4385/5233/4385
f 4387/5235/4387 4291/5131/4291 4292/5132/4292
f 4387/5235/4387 4292/5132/4292 4388/5236/4388
f 4359/5205/4359 4388/5236/4388 4292/5132/4292
f 4358/5204/4358 4359/5205/4359 4292/5132/4292
f 4389/5237/4389 4294/5134/4294 4390/5238/4390
f 4359/5205/4359 4294/5134/4294 4389/5237/4389
f 4294/5134/4294 4321/5166/4321 4390/5238/4390
f 4390/5238/4390 4295/5135/4295 4391/5239/4391
f 4390/5238/4390 4321/5166/4321 4295/5135/4295
f 4254/5092/4254 4392/5240/4392 4209/5035/4209
f 4393/5241/4393 4169/4972/4169 4255/5093/4255
f 4393/5241/4393 4254/5092/4254 4169/4972/4169
f 4256/5094/4256 4322/5167/4322 4296/5136/4296
f 4257/5095/4257 4394/5242/4394 4295/5135/4295
f 4395/5243/4395 4323/5168/4323 4258/5096/4258
f 4325/5170/4325 4259/5138/4259 4362/5209/4362
f 4257/5095/4257 4325/5170/4325 4394/5242/4394
f 4396/5244/4396 4361/5207/4361 4297/5137/4297
f 4397/5245/4397 4214/5041/4214 4298/5139/4298
f 4327/5172/4327 4363/5210/4363 4220/5047/4220
f 4398/5246/4398 4299/5140/4299 4211/5037/4211
f 4301/5142/4301 4178/4984/4178 4367/5214/4367
f 4399/5247/4399 4177/4981/4177 4260/5100/4260
f 4399/5247/4399 4222/5050/4222 4177/4981/4177
f 4400/5248/4400 4367/5214/4367 4180/4987/4180
f 4303/5249/4303 4112/4874/4112 4329/5174/4329
f 4401/5250/4401 4183/4990/4183 4368/5215/4368
f 4225/5054/4225 4263/5103/4263 4368/5215/4368
f 4402/5251/4402 4368/5215/4368 4263/5103/4263
f 4263/5103/4263 4264/5104/4264 4402/5251/4402
f 4403/5252/4403 4265/5105/4265 4336/5181/4336
f 4337/5182/4337 4227/5057/4227 4369/5216/4369
f 4339/5184/4339 4340/5185/4340 4305/5146/4305
f 4404/5253/4404 4267/5107/4267 4229/5062/4229
f 4340/5185/4340 4370/5217/4370 4268/5108/4268
f 4405/5254/4405 4229/5062/4229 4307/5148/4307
f 4406/5255/4406 4231/5064/4231 4306/5147/4306
f 4231/5064/4231 4230/5063/4230 4306/5147/4306
f 4186/4993/4186 4232/5065/4232 4407/5256/4407
f 4371/5218/4371 4146/4937/4146 4231/5064/4231
f 4371/5218/4371 4408/5257/4408 4187/4994/4187
f 4408/5257/4408 4233/5066/4233 4187/4994/4187
f 4233/5066/4233 4409/5258/4409 4410/5259/4410
f 4410/5259/4410 4341/5186/4341 4233/5066/4233
f 4233/5066/4233 4341/5186/4341 4189/4996/4189
f 4411/5260/4411 4309/5153/4309 4341/5186/4341
f 4341/5186/4341 4309/5153/4309 4269/5109/4269
f 4412/5261/4412 4376/5224/4376 4309/5153/4309
f 4413/5262/4413 4272/5112/4272 4190/4998/4190
f 4413/5262/4413 4378/5226/4378 4272/5112/4272
f 4377/5225/4377 4274/5114/4274 4378/5226/4378
f 4344/5190/4344 4414/5263/4414 4084/4836/4084
f 4310/5155/4310 4344/5190/4344 4039/4945/4039
f 4236/5071/4236 4084/4836/4084 4345/5191/4345
f 4084/4836/4084 4414/5263/4414 4415/5264/4415
f 4237/5072/4237 4380/5228/4380 4379/5227/4379
f 4311/5156/4311 4416/5265/4416 4380/5228/4380
f 4311/5156/4311 4381/5229/4381 4416/5265/4416
f 4277/5117/4277 4347/5193/4347 4346/5192/4346
f 4347/5193/4347 4417/5266/4417 4346/5192/4346
f 4347/5193/4347 4314/5159/4314 4418/5267/4418
f 4314/5159/4314 4348/5194/4348 4418/5267/4418
f 4279/5119/4279 4419/5268/4419 4349/5195/4349
f 4349/5195/4349 4382/5230/4382 4280/5120/4280
f 4351/5197/4351 4352/5198/4352 4282/5122/4282
f 4240/5076/4240 4420/5269/4420 4241/5077/4241
f 4240/5076/4240 4383/5231/4383 4420/5269/4420
f 4354/5200/4354 4201/5022/4201 4421/5270/4421
f 4353/5199/4353 4422/5271/4422 4318/5163/4318
f 4318/5163/4318 4422/5271/4422 4355/5201/4355
f 4201/5022/4201 4356/5202/4356 4423/5272/4423
f 4201/5022/4201 4285/5125/4285 4356/5202/4356
f 4286/5126/4286 4384/5232/4384 4356/5202/4356
f 4286/5126/4286 4319/5164/4319 4384/5232/4384
f 4385/5233/4385 4424/5273/4424 4425/5274/4425
f 4385/5233/4385 4387/5235/4387 4424/5273/4424
f 4385/5233/4385 4291/5131/4291 4387/5235/4387
f 4424/5273/4424 4387/5235/4387 4425/5274/4425
f 4425/5274/4425 4387/5235/4387 4388/5236/4388
f 4388/5236/4388 4359/5205/4359 4425/5274/4425
f 4359/5205/4359 4389/5237/4389 4426/5275/4426
f 4389/5237/4389 4390/5238/4390 4426/5275/4426
f 4427/5276/4427 4295/5135/4295 4394/5242/4394
f 4391/5239/4391 4295/5135/4295 4427/5276/4427
f 4392/5240/4392 4360/5206/4360 4209/5035/4209
f 4323/5168/4323 4428/5277/4428 4255/5093/4255
f 4429/5278/4429 4296/5136/4296 4322/5167/4322
f 4362/5209/4362 4430/5279/4430 4325/5170/4325
f 4394/5242/4394 4325/5170/4325 4431/5280/4431
f 4297/5137/4297 4214/5041/4214 4397/5245/4397
f 4396/5244/4396 4297/5137/4297 4432/5281/4432
f 4298/5139/4298 4326/5171/4326 4397/5245/4397
f 4364/5211/4364 4433/5282/4433 4326/5171/4326
f 4174/4977/4174 4434/5283/4434 4365/5212/4365
f 4434/5283/4434 4435/5284/4435 4365/5212/4365
f 4436/5285/4436 4363/5210/4363 4327/5172/4327
f 4436/5285/4436 4364/5211/4364 4363/5210/4363
f 4434/5283/4434 4174/4977/4174 4300/5141/4300
f 4366/5213/4366 4221/5049/4221 4437/5286/4437
f 4299/5140/4299 4438/5287/4438 4260/5100/4260
f 4221/5049/4221 4301/5142/4301 4439/5288/4439
f 4303/5144/4303 4400/5248/4400 4180/4987/4180
f 4329/5174/4329 4261/5101/4261 4440/5289/4440
f 4261/5101/4261 4332/5177/4332 4440/5289/4440
f 4330/5175/4330 4334/5179/4334 4331/5176/4331
f 4331/5176/4331 4334/5179/4334 4223/5051/4223
f 4333/5178/4333 4441/5290/4441 4332/5177/4332
f 4332/5177/4332 4262/5102/4262 4333/5178/4333
f 4333/5178/4333 4183/4990/4183 4401/5250/4401
f 4335/5180/4335 4442/5291/4442 4224/5053/4224
f 4442/5291/4442 4336/5181/4336 4224/5053/4224
f 4264/5104/4264 4304/5145/4304 4402/5251/4402
f 4304/5145/4304 4337/5182/4337 4402/5251/4402
f 4443/5292/4443 4337/5182/4337 4369/5216/4369
f 4338/5183/4338 4265/5105/4265 4403/5252/4403
f 4338/5183/4338 4444/5293/4444 4339/5184/4339
f 4445/5294/4445 4369/5216/4369 4267/5107/4267
f 4444/5293/4444 4340/5185/4340 4339/5184/4339
f 4404/5253/4404 4229/5062/4229 4405/5254/4405
f 4307/5148/4307 4186/4993/4186 4407/5256/4407
f 4231/5064/4231 4406/5255/4406 4371/5218/4371
f 4412/5261/4412 4413/5262/4413 4376/5224/4376
f 4446/5295/4446 4271/5111/4271 4377/5225/4377
f 4376/5224/4376 4413/5262/4413 4190/4998/4190
f 4447/5296/4447 4378/5226/4378 4413/5262/4413
f 4447/5296/4447 4448/5297/4448 4378/5226/4378
f 4342/5187/4342 4377/5225/4377 4271/5111/4271
f 4378/5226/4378 4448/5297/4448 4377/5225/4377
f 4310/5155/4310 4414/5263/4414 4344/5190/4344
f 4153/5154/4153 4449/5298/4449 4310/5155/4310
f 4343/5189/4343 4449/5298/4449 4153/5154/4153
f 4343/5189/4343 4379/5227/4379 4450/5299/4450
f 4084/4836/4084 4415/5264/4415 4345/5191/4345
f 4380/5228/4380 4451/5300/4451 4452/5301/4452
f 4416/5265/4416 4451/5300/4451 4380/5228/4380
f 4345/5191/4345 4312/5157/4312 4276/5116/4276
f 4278/5118/4278 4312/5157/4312 4453/5302/4453
f 4346/5192/4346 4417/5266/4417 4381/5229/4381
f 4347/5193/4347 4418/5267/4418 4454/5303/4454
f 4196/5012/4196 4455/5304/4455 4348/5194/4348
f 4315/5160/4315 4455/5304/4455 4196/5012/4196
f 4281/5121/4281 4382/5230/4382 4351/5197/4351
f 4241/5077/4241 4456/5305/4456 4316/5161/4316
f 4457/5306/4457 4353/5199/4353 4317/5162/4317
f 4420/5269/4420 4456/5305/4456 4241/5077/4241
f 4353/5199/4353 4458/5307/4458 4422/5271/4422
f 4421/5270/4421 4201/5022/4201 4423/5272/4423
f 4384/5232/4384 4459/5308/4459 4460/5309/4460
f 4357/5203/4357 4459/5308/4459 4384/5232/4384
f 4460/5309/4460 4459/5308/4459 4461/5310/4461
f 4357/5203/4357 4385/5233/4385 4459/5308/4459
f 4459/5308/4459 4385/5233/4385 4461/5310/4461
f 4461/5310/4461 4425/5274/4425 4462/5311/4462
f 4385/5233/4385 4425/5274/4425 4461/5310/4461
f 4425/5274/4425 4463/5312/4463 4462/5311/4462
f 4425/5274/4425 4359/5205/4359 4463/5312/4463
f 4463/5312/4463 4359/5205/4359 4426/5275/4426
f 4464/5313/4464 4426/5275/4426 4427/5276/4427
f 4427/5276/4427 4426/5275/4426 4390/5238/4390
f 4391/5239/4391 4427/5276/4427 4390/5238/4390
f 4392/5240/4392 4465/5314/4465 4360/5206/4360
f 4466/5315/4466 4249/5087/4249 4289/5129/4289
f 4393/5241/4393 4392/5240/4392 4254/5092/4254
f 4467/5316/4467 4468/5317/4468 4362/5209/4362
f 4255/5093/4255 4428/5277/4428 4393/5241/4393
f 4322/5167/4322 4469/5318/4469 4429/5278/4429
f 4296/5136/4296 4429/5278/4429 4215/5042/4215
f 4324/5208/4324 4467/5316/4467 4362/5209/4362
f 4325/5170/4325 4430/5279/4430 4431/5280/4431
f 4361/5207/4361 4395/5243/4395 4258/5096/4258
f 4323/5168/4323 4395/5243/4395 4428/5277/4428
f 4215/5042/4215 4429/5278/4429 4324/5169/4324
f 4396/5319/4396 4470/5320/4470 4361/5321/4361
f 4397/5245/4397 4432/5281/4432 4297/5137/4297
f 4326/5171/4326 4433/5282/4433 4397/5245/4397
f 4249/5087/4249 4471/5322/4471 4211/5037/4211
f 4211/5037/4211 4471/5322/4471 4398/5246/4398
f 4300/5141/4300 4472/5323/4472 4434/5283/4434
f 4366/5213/4366 4472/5323/4472 4328/5173/4328
f 4328/5173/4328 4472/5323/4472 4300/5141/4300
f 4398/5246/4398 4438/5287/4438 4299/5140/4299
f 4366/5213/4366 4437/5286/4437 4473/5324/4473
f 4221/5049/4221 4439/5288/4439 4437/5286/4437
f 4367/5214/4367 4439/5288/4439 4301/5142/4301
f 4474/5325/4474 4475/5326/4475 4400/5248/4400
f 4303/5144/4303 4474/5325/4474 4400/5248/4400
f 4222/5050/4222 4399/5247/4399 4302/5143/4302
f 4303/5249/4303 4329/5174/4329 4474/5327/4474
f 4440/5289/4440 4332/5177/4332 4476/5328/4476
f 4402/5251/4402 4337/5182/4337 4477/5329/4477
f 4337/5182/4337 4443/5292/4443 4477/5329/4477
f 4403/5252/4403 4478/5330/4478 4338/5183/4338
f 4443/5292/4443 4369/5216/4369 4445/5294/4445
f 4338/5183/4338 4478/5330/4478 4444/5293/4444
f 4267/5107/4267 4479/5331/4479 4445/5294/4445
f 4267/5107/4267 4404/5253/4404 4479/5331/4479
f 4404/5253/4404 4405/5254/4405 4480/5332/4480
f 4340/5185/4340 4481/5333/4481 4370/5217/4370
f 4370/5217/4370 4482/5334/4482 4306/5147/4306
f 4407/5256/4407 4232/5065/4232 4483/5335/4483
f 4406/5255/4406 4484/5336/4484 4371/5218/4371
f 4232/5150/4232 4372/5219/4372 4483/5337/4483
f 4371/5218/4371 4485/5338/4485 4408/5257/4408
f 4408/5257/4408 4409/5258/4409 4233/5066/4233
f 4409/5258/4409 4341/5186/4341 4410/5259/4410
f 4374/5222/4374 4375/5223/4375 4486/5339/4486
f 4341/5186/4341 4487/5340/4487 4411/5260/4411
f 4486/5339/4486 4271/5111/4271 4446/5295/4446
f 4271/5111/4271 4486/5339/4486 4375/5223/4375
f 4309/5153/4309 4411/5260/4411 4412/5261/4412
f 4488/5341/4488 4413/5262/4413 4412/5261/4412
f 4488/5341/4488 4447/5296/4447 4413/5262/4413
f 4343/5189/4343 4450/5299/4450 4449/5298/4449
f 4345/5191/4345 4489/5342/4489 4312/5157/4312
f 4416/5265/4416 4381/5229/4381 4451/5300/4451
f 4490/5343/4490 4491/5344/4491 4381/5229/4381
f 4417/5266/4417 4490/5343/4490 4381/5229/4381
f 4347/5193/4347 4454/5303/4454 4417/5266/4417
f 4279/5119/4279 4492/5345/4492 4419/5268/4419
f 4313/5158/4313 4492/5345/4492 4279/5119/4279
f 4419/5268/4419 4493/5346/4493 4349/5195/4349
f 4348/5194/4348 4494/5347/4494 4418/5267/4418
f 4315/5160/4315 4350/5196/4350 4455/5304/4455
f 4351/5197/4351 4495/5348/4495 4352/5198/4352
f 4316/5161/4316 4496/5349/4496 4283/5123/4283
f 4352/5198/4352 4497/5350/4497 4317/5162/4317
f 4317/5162/4317 4497/5350/4497 4457/5306/4457
f 4422/5271/4422 4458/5307/4458 4355/5201/4355
f 4356/5202/4356 4498/5351/4498 4423/5272/4423
f 4499/5352/4499 4423/5272/4423 4498/5351/4498
f 4356/5202/4356 4384/5232/4384 4498/5351/4498
f 4498/5351/4498 4384/5232/4384 4460/5309/4460
f 4355/5201/4355 4500/5353/4500 4287/5127/4287
f 4460/5309/4460 4461/5310/4461 4501/5354/4501
f 4501/5354/4501 4462/5311/4462 4502/5355/4502
f 4502/5355/4502 4462/5311/4462 4503/5356/4503
f 4461/5310/4461 4462/5311/4462 4501/5354/4501
f 4287/5127/4287 4500/5353/4500 4386/5234/4386
f 4463/5312/4463 4503/5356/4503 4462/5311/4462
f 4463/5312/4463 4426/5275/4426 4503/5356/4503
f 4426/5275/4426 4464/5313/4464 4503/5356/4503
f 4504/5357/4504 4427/5276/4427 4431/5280/4431
f 4289/5129/4289 4386/5234/4386 4466/5315/4466
f 4430/5279/4430 4504/5357/4504 4431/5280/4431
f 4394/5242/4394 4431/5280/4431 4427/5276/4427
f 4505/5358/4505 4393/5241/4393 4428/5277/4428
f 4322/5167/4322 4360/5206/4360 4465/5314/4465
f 4322/5167/4322 4465/5314/4465 4469/5318/4469
f 4506/5359/4506 4429/5360/4429 4469/5361/4469
f 4249/5087/4249 4466/5315/4466 4471/5322/4471
f 4395/5362/4395 4507/5363/4507 4428/5364/4428
f 4429/5360/4429 4467/5316/4467 4324/5208/4324
f 4362/5209/4362 4468/5317/4468 4430/5279/4430
f 4436/5285/4436 4508/5365/4508 4364/5211/4364
f 4364/5211/4364 4508/5365/4508 4433/5282/4433
f 4435/5284/4435 4436/5285/4436 4365/5212/4365
f 4365/5212/4365 4436/5285/4436 4327/5172/4327
f 4439/5288/4439 4509/5366/4509 4437/5286/4437
f 4510/5367/4510 4367/5214/4367 4475/5326/4475
f 4400/5248/4400 4475/5326/4475 4367/5214/4367
f 4260/5100/4260 4438/5287/4438 4511/5368/4511
f 4260/5100/4260 4511/5368/4511 4399/5247/4399
f 4440/5289/4440 4512/5369/4512 4329/5174/4329
f 4302/5143/4302 4513/5370/4513 4330/5175/4330
f 4334/5179/4334 4330/5175/4330 4514/5371/4514
f 4333/5178/4333 4401/5250/4401 4441/5290/4441
f 4334/5179/4334 4515/5372/4515 4335/5180/4335
f 4335/5180/4335 4515/5372/4515 4442/5291/4442
f 4442/5291/4442 4516/5373/4516 4336/5181/4336
f 4336/5181/4336 4516/5373/4516 4403/5252/4403
f 4403/5252/4403 4517/5374/4517 4478/5330/4478
f 4405/5254/4405 4518/5375/4518 4480/5332/4480
f 4370/5217/4370 4481/5333/4481 4482/5334/4482
f 4405/5254/4405 4519/5376/4519 4518/5375/4518
f 4405/5254/4405 4307/5148/4307 4519/5376/4519
f 4482/5334/4482 4406/5255/4406 4306/5147/4306
f 4307/5148/4307 4407/5256/4407 4519/5376/4519
f 4484/5336/4484 4485/5338/4485 4371/5218/4371
f 4485/5338/4485 4409/5258/4409 4408/5257/4408
f 4373/5221/4373 4235/5070/4235 4374/5222/4374
f 4341/5186/4341 4520/5377/4520 4487/5340/4487
f 4521/5378/4521 4412/5261/4412 4411/5260/4411
f 4522/5379/4522 4377/5225/4377 4448/5297/4448
f 4446/5295/4446 4377/5225/4377 4522/5379/4522
f 4447/5296/4447 4523/5380/4523 4448/5297/4448
f 4414/5263/4414 4310/5155/4310 4449/5298/4449
f 4414/5263/4414 4524/5381/4524 4415/5264/4415
f 4379/5227/4379 4525/5382/4525 4450/5299/4450
f 4379/5227/4379 4380/5228/4380 4525/5382/4525
f 4415/5264/4415 4526/5383/4526 4345/5191/4345
f 4380/5228/4380 4452/5301/4452 4525/5382/4525
f 4345/5191/4345 4526/5383/4526 4489/5342/4489
f 4381/5229/4381 4491/5344/4491 4451/5300/4451
f 4491/5344/4491 4527/5384/4527 4451/5300/4451
f 4278/5118/4278 4528/5385/4528 4313/5158/4313
f 4417/5266/4417 4529/5386/4529 4490/5343/4490
f 4313/5158/4313 4528/5385/4528 4492/5345/4492
f 4417/5266/4417 4454/5303/4454 4529/5386/4529
f 4349/5195/4349 4493/5346/4493 4382/5230/4382
f 4494/5347/4494 4348/5194/4348 4455/5304/4455
f 4350/5196/4350 4530/5387/4530 4455/5304/4455
f 4283/5123/4283 4496/5349/4496 4350/5196/4350
f 4352/5198/4352 4495/5348/4495 4497/5350/4497
f 4316/5161/4316 4456/5305/4456 4496/5349/4496
f 4456/5305/4456 4420/5269/4420 4531/5388/4531
f 4383/5231/4383 4354/5200/4354 4421/5270/4421
f 4353/5199/4353 4532/5389/4532 4458/5307/4458
f 4423/5272/4423 4499/5352/4499 4533/5390/4533
f 4355/5201/4355 4458/5307/4458 4534/5391/4534
f 4355/5201/4355 4534/5391/4534 4500/5353/4500
f 4460/5309/4460 4501/5354/4501 4502/5355/4502
f 4465/5392/4465 4535/5393/4535 4469/5361/4469
f 4392/5394/4392 4536/5395/4536 4465/5392/4465
f 4537/5396/4537 4538/5397/4538 4468/5317/4468
f 4430/5279/4430 4468/5317/4468 4538/5397/4538
f 4504/5357/4504 4430/5279/4430 4539/5398/4539
f 4393/5241/4393 4505/5358/4505 4392/5240/4392
f 4506/5359/4506 4537/5396/4537 4467/5316/4467
f 4467/5316/4467 4537/5396/4537 4468/5317/4468
f 4428/5364/4428 4507/5363/4507 4505/5399/4505
f 4467/5316/4467 4429/5360/4429 4506/5359/4506
f 4361/5321/4361 4470/5320/4470 4540/5400/4540
f 4361/5321/4361 4540/5400/4540 4395/5362/4395
f 4395/5362/4395 4540/5400/4540 4507/5363/4507
f 4396/5319/4396 4432/5401/4432 4541/5402/4541
f 4396/5403/4396 4541/5404/4541 4470/5405/4470
f 4432/5401/4432 4542/5406/4542 4541/5402/4541
f 4433/5282/4433 4543/5407/4543 4397/5245/4397
f 4397/5408/4397 4543/5409/4543 4542/5406/4542
f 4432/5281/4432 4397/5245/4397 4542/5410/4542
f 4544/5411/4544 4545/5412/4545 4434/5283/4434
f 4545/5412/4545 4435/5284/4435 4434/5283/4434
f 4434/5283/4434 4472/5323/4472 4544/5411/4544
f 4366/5213/4366 4473/5324/4473 4472/5323/4472
f 4398/5246/4398 4546/5413/4546 4438/5287/4438
f 4509/5366/4509 4439/5288/4439 4547/5414/4547
f 4439/5288/4439 4367/5214/4367 4510/5367/4510
f 4329/5415/4329 4548/5416/4548 4474/5325/4474
f 4399/5247/4399 4511/5368/4511 4302/5143/4302
f 4329/5174/4329 4512/5369/4512 4548/5417/4548
f 4332/5177/4332 4441/5290/4441 4476/5328/4476
f 4515/5372/4515 4516/5373/4516 4442/5291/4442
f 4443/5292/4443 4549/5418/4549 4477/5329/4477
f 4403/5252/4403 4516/5373/4516 4517/5374/4517
f 4443/5292/4443 4445/5294/4445 4479/5331/4479
f 4404/5253/4404 4550/5419/4550 4479/5331/4479
f 4404/5253/4404 4480/5332/4480 4550/5419/4550
f 4518/5420/4518 4519/5421/4519 4480/5422/4480
f 4407/5423/4407 4483/5337/4483 4519/5424/4519
f 4483/5337/4483 4372/5219/4372 4551/5425/4551
f 4551/5425/4551 4372/5219/4372 4552/5426/4552
f 4373/5221/4373 4552/5426/4552 4372/5219/4372
f 4373/5221/4373 4374/5222/4374 4552/5426/4552
f 4409/5258/4409 4553/5427/4553 4341/5186/4341
f 4553/5427/4553 4520/5377/4520 4341/5186/4341
f 4554/5428/4554 4487/5340/4487 4520/5377/4520
f 4487/5340/4487 4554/5428/4554 4521/5378/4521
f 4487/5340/4487 4521/5378/4521 4411/5260/4411
f 4523/5380/4523 4447/5296/4447 4488/5341/4488
f 4414/5263/4414 4449/5298/4449 4555/5429/4555
f 4415/5264/4415 4524/5381/4524 4526/5383/4526
f 4449/5298/4449 4450/5299/4450 4556/5430/4556
f 4491/5344/4491 4490/5343/4490 4527/5384/4527
f 4278/5118/4278 4453/5302/4453 4528/5385/4528
f 4490/5343/4490 4529/5386/4529 4557/5431/4557
f 4419/5268/4419 4492/5345/4492 4493/5346/4493
f 4454/5303/4454 4418/5267/4418 4558/5432/4558
f 4494/5347/4494 4455/5304/4455 4559/5433/4559
f 4560/5434/4560 4561/5435/4561 4382/5230/4382
f 4351/5197/4351 4382/5230/4382 4495/5348/4495
f 4456/5305/4456 4531/5388/4531 4562/5436/4562
f 4353/5199/4353 4457/5306/4457 4532/5389/4532
f 4420/5269/4420 4563/5437/4563 4531/5388/4531
f 4420/5269/4420 4383/5231/4383 4563/5437/4563
f 4383/5231/4383 4421/5270/4421 4563/5437/4563
f 4421/5270/4421 4533/5390/4533 4563/5437/4563
f 4421/5270/4421 4423/5272/4423 4533/5390/4533
f 4499/5352/4499 4564/5438/4564 4533/5390/4533
f 4499/5352/4499 4498/5351/4498 4564/5438/4564
f 4564/5438/4564 4498/5351/4498 4565/5439/4565
f 4498/5351/4498 4460/5309/4460 4565/5439/4565
f 4460/5309/4460 4502/5355/4502 4565/5439/4565
f 4502/5355/4502 4503/5356/4503 4566/5440/4566
f 4566/5440/4566 4503/5356/4503 4567/5441/4567
f 4503/5356/4503 4464/5313/4464 4567/5441/4567
f 4567/5441/4567 4464/5313/4464 4568/5442/4568
f 4464/5313/4464 4569/5443/4569 4568/5442/4568
f 4504/5357/4504 4569/5443/4569 4427/5276/4427
f 4427/5276/4427 4569/5443/4569 4464/5313/4464
f 4504/5357/4504 4539/5398/4539 4569/5443/4569
f 4392/5394/4392 4505/5399/4505 4570/5444/4570
f 4570/5444/4570 4536/5395/4536 4392/5394/4392
f 4465/5392/4465 4536/5395/4536 4535/5393/4535
f 4538/5397/4538 4571/5445/4571 4539/5398/4539
f 4538/5397/4538 4539/5398/4539 4430/5279/4430
f 4572/5446/4572 4466/5315/4466 4386/5234/4386
f 4469/5361/4469 4535/5393/4535 4506/5359/4506
f 4470/5320/4470 4573/5447/4573 4540/5400/4540
f 4540/5400/4540 4573/5447/4573 4507/5363/4507
f 4541/5402/4541 4574/5448/4574 4470/5320/4470
f 4575/5449/4575 4543/5409/4543 4508/5450/4508
f 4508/5365/4508 4543/5407/4543 4433/5282/4433
f 4435/5451/4435 4576/5452/4576 4436/5453/4436
f 4436/5285/4436 4577/5454/4577 4508/5365/4508
f 4472/5323/4472 4578/5455/4578 4544/5411/4544
f 4578/5455/4578 4472/5323/4472 4473/5324/4473
f 4471/5322/4471 4546/5413/4546 4398/5246/4398
f 4437/5286/4437 4509/5366/4509 4473/5324/4473
f 4475/5326/4475 4579/5456/4579 4510/5367/4510
f 4548/5416/4548 4475/5326/4475 4474/5325/4474
f 4302/5143/4302 4511/5368/4511 4513/5370/4513
f 4440/5289/4440 4476/5328/4476 4580/5457/4580
f 4513/5370/4513 4514/5371/4514 4330/5175/4330
f 4441/5290/4441 4580/5457/4580 4476/5328/4476
f 4580/5457/4580 4441/5290/4441 4581/5458/4581
f 4334/5179/4334 4514/5371/4514 4582/5459/4582
f 4401/5250/4401 4583/5460/4583 4584/5461/4584
f 4334/5179/4334 4582/5459/4582 4515/5372/4515
f 4402/5251/4402 4549/5418/4549 4368/5215/4368
f 4477/5329/4477 4549/5418/4549 4402/5251/4402
f 4443/5292/4443 4479/5331/4479 4585/5462/4585
f 4517/5374/4517 4586/5463/4586 4478/5330/4478
f 4478/5330/4478 4586/5463/4586 4444/5293/4444
f 4444/5293/4444 4587/5464/4587 4588/5465/4588
f 4444/5293/4444 4588/5465/4588 4340/5185/4340
f 4340/5185/4340 4589/5466/4589 4481/5333/4481
f 4481/5333/4481 4589/5466/4589 4482/5334/4482
f 4480/5332/4480 4519/5376/4519 4590/5467/4590
f 4482/5334/4482 4591/5468/4591 4406/5255/4406
f 4592/5469/4592 4519/5424/4519 4593/5470/4593
f 4519/5424/4519 4483/5337/4483 4593/5470/4593
f 4484/5336/4484 4594/5471/4594 4485/5338/4485
f 4552/5426/4552 4486/5339/4486 4595/5472/4595
f 4485/5338/4485 4553/5427/4553 4409/5258/4409
f 4374/5222/4374 4486/5339/4486 4552/5426/4552
f 4446/5295/4446 4596/5473/4596 4486/5339/4486
f 4521/5378/4521 4597/5474/4597 4412/5261/4412
f 4446/5295/4446 4522/5379/4522 4596/5473/4596
f 4412/5261/4412 4597/5474/4597 4488/5341/4488
f 4523/5380/4523 4488/5341/4488 4597/5474/4597
f 4598/5475/4598 4522/5379/4522 4523/5380/4523
f 4448/5297/4448 4523/5380/4523 4522/5379/4522
f 4414/5263/4414 4555/5429/4555 4524/5381/4524
f 4449/5298/4449 4556/5430/4556 4555/5429/4555
f 4450/5299/4450 4525/5382/4525 4599/5476/4599
f 4526/5383/4526 4600/5477/4600 4489/5342/4489
f 4453/5302/4453 4312/5157/4312 4601/5478/4601
f 4489/5342/4489 4601/5478/4601 4312/5157/4312
f 4527/5384/4527 4602/5479/4602 4451/5300/4451
f 4528/5385/4528 4453/5302/4453 4603/5480/4603
f 4418/5267/4418 4604/5481/4604 4558/5432/4558
f 4494/5347/4494 4604/5481/4604 4418/5267/4418
f 4495/5348/4495 4382/5230/4382 4561/5435/4561
f 4350/5196/4350 4496/5349/4496 4530/5387/4530
f 4456/5305/4456 4605/5482/4605 4496/5349/4496
f 4605/5482/4605 4456/5305/4456 4562/5436/4562
f 4531/5388/4531 4563/5437/4563 4562/5436/4562
f 4533/5390/4533 4606/5483/4606 4563/5437/4563
f 4533/5390/4533 4564/5438/4564 4606/5483/4606
f 4606/5483/4606 4607/5484/4607 4608/5485/4608
f 4606/5483/4606 4564/5438/4564 4607/5484/4607
f 4607/5484/4607 4564/5438/4564 4566/5440/4566
f 4564/5438/4564 4565/5439/4565 4566/5440/4566
f 4607/5484/4607 4566/5440/4566 4609/5486/4609
f 4565/5439/4565 4502/5355/4502 4566/5440/4566
f 4609/5486/4609 4566/5440/4566 4610/5487/4610
f 4566/5440/4566 4567/5441/4567 4610/5487/4610
f 4567/5441/4567 4568/5442/4568 4610/5487/4610
f 4568/5442/4568 4569/5443/4569 4611/5488/4611
f 4569/5443/4569 4539/5398/4539 4612/5489/4612
f 4571/5445/4571 4538/5397/4538 4613/5490/4613
f 4612/5489/4612 4539/5398/4539 4571/5445/4571
f 4536/5395/4536 4614/5491/4614 4535/5393/4535
f 4537/5396/4537 4613/5490/4613 4538/5397/4538
f 4505/5399/4505 4615/5492/4615 4570/5444/4570
f 4535/5393/4535 4537/5396/4537 4506/5359/4506
f 4507/5363/4507 4615/5492/4615 4505/5399/4505
f 4470/5320/4470 4574/5448/4574 4616/5493/4616
f 4616/5493/4616 4573/5447/4573 4470/5320/4470
f 4541/5402/4541 4542/5406/4542 4617/5494/4617
f 4577/5495/4577 4575/5449/4575 4508/5450/4508
f 4435/5451/4435 4545/5496/4545 4576/5452/4576
f 4436/5453/4436 4576/5452/4576 4618/5497/4618
f 4436/5285/4436 4618/5498/4618 4577/5454/4577
f 4473/5499/4473 4509/957/4509 4619/5500/4619
f 4439/5288/4439 4510/5367/4510 4579/5456/4579
f 4439/5288/4439 4579/5456/4579 4547/5414/4547
f 4579/5456/4579 4475/5326/4475 4620/5501/4620
f 4475/5326/4475 4548/5416/4548 4620/5501/4620
f 4440/5289/4440 4580/5457/4580 4512/5369/4512
f 4513/5370/4513 4621/5502/4621 4514/5371/4514
f 4401/5250/4401 4584/5461/4584 4441/5290/4441
f 4401/5250/4401 4368/5215/4368 4583/5460/4583
f 4622/5503/4622 4583/5460/4583 4368/5215/4368
f 4515/5372/4515 4582/5459/4582 4623/5504/4623
f 4368/5215/4368 4624/5505/4624 4622/5503/4622
f 4515/5372/4515 4623/5504/4623 4516/5373/4516
f 4443/5292/4443 4585/5462/4585 4549/5418/4549
f 4516/5373/4516 4625/5506/4625 4517/5374/4517
f 4479/5331/4479 4626/5507/4626 4585/5462/4585
f 4587/5464/4587 4444/5293/4444 4586/5463/4586
f 4340/5185/4340 4588/5465/4588 4589/5466/4589
f 4480/5332/4480 4590/5467/4590 4550/5419/4550
f 4519/5376/4519 4592/5508/4592 4590/5467/4590
f 4591/5468/4591 4482/5334/4482 4627/5509/4627
f 4591/5468/4591 4628/5510/4628 4406/5255/4406
f 4628/5510/4628 4484/5336/4484 4406/5255/4406
f 4483/5337/4483 4551/5425/4551 4629/5511/4629
f 4594/5471/4594 4484/5336/4484 4628/5510/4628
f 4551/5425/4551 4552/5426/4552 4629/5511/4629
f 4594/5471/4594 4630/5512/4630 4485/5338/4485
f 4595/5472/4595 4486/5339/4486 4631/5513/4631
f 4631/5513/4631 4486/5339/4486 4596/5473/4596
f 4553/5427/4553 4632/5514/4632 4520/5377/4520
f 4520/5377/4520 4632/5514/4632 4554/5428/4554
f 4554/5428/4554 4633/5515/4633 4521/5378/4521
f 4633/5515/4633 4597/5474/4597 4521/5378/4521
f 4596/5473/4596 4522/5379/4522 4598/5475/4598
f 4634/5516/4634 4526/5383/4526 4524/5381/4524
f 4635/5517/4635 4524/5381/4524 4555/5429/4555
f 4636/5518/4636 4555/5429/4555 4556/5430/4556
f 4599/5476/4599 4525/5382/4525 4637/5519/4637
f 4600/5477/4600 4526/5383/4526 4634/5516/4634
f 4638/5520/4638 4637/5519/4637 4525/5382/4525
f 4525/5382/4525 4452/5301/4452 4638/5520/4638
f 4489/5342/4489 4600/5477/4600 4601/5478/4601
f 4638/5520/4638 4452/5301/4452 4602/5479/4602
f 4602/5479/4602 4452/5301/4452 4451/5300/4451
f 4603/5480/4603 4453/5302/4453 4601/5478/4601
f 4527/5384/4527 4639/5521/4639 4602/5479/4602
f 4640/5522/4640 4527/5384/4527 4490/5343/4490
f 4640/5522/4640 4490/5343/4490 4557/5431/4557
f 4557/5431/4557 4529/5386/4529 4641/5523/4641
f 4494/5347/4494 4559/5433/4559 4604/5481/4604
f 4493/5346/4493 4560/5434/4560 4382/5230/4382
f 4559/5433/4559 4455/5304/4455 4642/5524/4642
f 4455/5304/4455 4530/5387/4530 4642/5524/4642
f 4530/5387/4530 4496/5349/4496 4643/5525/4643
f 4644/5526/4644 4497/5350/4497 4495/5348/4495
f 4605/5482/4605 4643/5525/4643 4496/5349/4496
f 4645/5527/4645 4643/5525/4643 4605/5482/4605
f 4646/5528/4646 4605/5482/4605 4647/5529/4647
f 4562/5436/4562 4647/5529/4647 4605/5482/4605
f 4497/5350/4497 4532/5389/4532 4457/5306/4457
f 4647/5529/4647 4562/5436/4562 4648/5530/4648
f 4563/5437/4563 4648/5530/4648 4562/5436/4562
f 4563/5437/4563 4606/5483/4606 4648/5530/4648
f 4607/5484/4607 4648/5530/4648 4608/5485/4608
f 4648/5530/4648 4606/5483/4606 4608/5485/4608
f 4649/5531/4649 4458/5307/4458 4532/5389/4532
f 4607/5484/4607 4609/5486/4609 4650/5532/4650
f 4458/5307/4458 4649/5531/4649 4534/5391/4534
f 4609/5486/4609 4610/5487/4610 4650/5532/4650
f 4651/5533/4651 4610/5487/4610 4611/5488/4611
f 4652/5534/4652 4500/5353/4500 4534/5391/4534
f 4568/5442/4568 4611/5488/4611 4610/5487/4610
f 4611/5488/4611 4612/5489/4612 4653/5535/4653
f 4653/5535/4653 4612/5489/4612 4654/5536/4654
f 4654/5536/4654 4612/5489/4612 4613/5490/4613
f 4569/5443/4569 4612/5489/4612 4611/5488/4611
f 4386/5234/4386 4500/5353/4500 4655/5537/4655
f 4537/5396/4537 4656/5538/4656 4613/5490/4613
f 4571/5445/4571 4613/5490/4613 4612/5489/4612
f 4657/5539/4657 4615/5492/4615 4658/5540/4658
f 4536/5395/4536 4570/5444/4570 4657/5539/4657
f 4536/5395/4536 4657/5539/4657 4614/5491/4614
f 4535/5393/4535 4614/5491/4614 4537/5396/4537
f 4659/5541/4659 4660/5542/4660 4616/5493/4616
f 4661/5543/4661 4573/5447/4573 4660/5542/4660
f 4661/5543/4661 4615/5492/4615 4573/5447/4573
f 4615/5492/4615 4657/5539/4657 4570/5444/4570
f 4662/5544/4662 4659/5541/4659 4574/5448/4574
f 4507/5363/4507 4573/5447/4573 4615/5492/4615
f 4616/5493/4616 4574/5448/4574 4659/5541/4659
f 4616/5493/4616 4660/5542/4660 4573/5447/4573
f 4617/5494/4617 4662/5544/4662 4541/5402/4541
f 4541/5402/4541 4662/5544/4662 4574/5448/4574
f 4542/5406/4542 4663/5545/4663 4617/5494/4617
f 4543/5409/4543 4664/5546/4664 4542/5406/4542
f 4542/5406/4542 4664/5546/4664 4665/5547/4665
f 4618/5497/4618 4576/5452/4576 4666/5548/4666
f 4664/5546/4664 4543/5409/4543 4575/5449/4575
f 4667/5549/4667 4545/5496/4545 4544/5550/4544
f 4618/5497/4618 4575/5449/4575 4577/5495/4577
f 4471/5322/4471 4466/5315/4466 4668/5551/4668
f 4619/5552/4619 4578/5455/4578 4473/5324/4473
f 4619/5552/4619 4509/5366/4509 4547/5414/4547
f 4669/5553/4669 4546/5413/4546 4471/5322/4471
f 4546/5413/4546 4670/5554/4670 4438/5287/4438
f 4670/5554/4670 4671/5555/4671 4438/5287/4438
f 4548/5417/4548 4512/5369/4512 4672/5556/4672
f 4512/5557/4512 4580/5558/4580 4672/5559/4672
f 4673/5560/4673 4580/5457/4580 4581/5458/4581
f 4581/5458/4581 4441/5290/4441 4584/5461/4584
f 4368/5215/4368 4549/5418/4549 4624/5505/4624
f 4623/5504/4623 4625/5506/4625 4516/5373/4516
f 4674/5561/4674 4517/5374/4517 4625/5506/4625
f 4626/5507/4626 4479/5331/4479 4675/5562/4675
f 4675/5562/4675 4479/5331/4479 4550/5419/4550
f 4676/5563/4676 4590/5564/4590 4592/5469/4592
f 4589/5466/4589 4627/5509/4627 4482/5334/4482
f 4629/5511/4629 4593/5470/4593 4483/5337/4483
f 4629/5511/4629 4552/5426/4552 4595/5472/4595
f 4485/5338/4485 4630/5512/4630 4553/5427/4553
f 4677/5565/4677 4631/5513/4631 4596/5473/4596
f 4632/5514/4632 4633/5515/4633 4554/5428/4554
f 4678/5566/4678 4679/5567/4679 4633/5515/4633
f 4679/5567/4679 4597/5474/4597 4633/5515/4633
f 4679/5567/4679 4680/5568/4680 4597/5474/4597
f 4680/5568/4680 4523/5380/4523 4597/5474/4597
f 4598/5475/4598 4523/5380/4523 4680/5568/4680
f 4599/5476/4599 4556/5430/4556 4450/5299/4450
f 4600/5477/4600 4681/5569/4681 4601/5478/4601
f 4639/5521/4639 4527/5384/4527 4640/5522/4640
f 4528/5385/4528 4682/5570/4682 4492/5345/4492
f 4603/5480/4603 4682/5570/4682 4528/5385/4528
f 4492/5345/4492 4682/5570/4682 4493/5346/4493
f 4529/5386/4529 4454/5303/4454 4558/5432/4558
f 4604/5481/4604 4683/5571/4683 4558/5432/4558
f 4559/5433/4559 4684/5572/4684 4604/5481/4604
f 4642/5524/4642 4684/5572/4684 4559/5433/4559
f 4642/5524/4642 4685/5573/4685 4684/5572/4684
f 4530/5387/4530 4685/5573/4685 4642/5524/4642
f 4530/5387/4530 4643/5525/4643 4685/5573/4685
f 4561/5435/4561 4644/5526/4644 4495/5348/4495
f 4643/5525/4643 4686/5574/4686 4685/5573/4685
f 4686/5574/4686 4643/5525/4643 4645/5527/4645
f 4645/5527/4645 4646/5528/4646 4686/5574/4686
f 4605/5482/4605 4646/5528/4646 4645/5527/4645
f 4647/5529/4647 4687/5575/4687 4646/5528/4646
f 4647/5529/4647 4648/5530/4648 4687/5575/4687
f 4497/5350/4497 4688/5576/4688 4532/5389/4532
f 4648/5530/4648 4607/5484/4607 4687/5575/4687
f 4607/5484/4607 4650/5532/4650 4687/5575/4687
f 4687/5575/4687 4651/5533/4651 4689/5577/4689
f 4687/5575/4687 4650/5532/4650 4651/5533/4651
f 4532/5389/4532 4690/5578/4690 4649/5531/4649
f 4650/5532/4650 4610/5487/4610 4651/5533/4651
f 4534/5391/4534 4649/5531/4649 4691/5579/4691
f 4651/5533/4651 4692/5580/4692 4689/5577/4689
f 4651/5533/4651 4611/5488/4611 4692/5580/4692
f 4692/5580/4692 4653/5535/4653 4693/5581/4693
f 4611/5488/4611 4653/5535/4653 4692/5580/4692
f 4693/5581/4693 4653/5535/4653 4694/5582/4694
f 4694/5582/4694 4653/5535/4653 4654/5536/4654
f 4654/5536/4654 4613/5490/4613 4694/5582/4694
f 4694/5582/4694 4613/5490/4613 4695/5583/4695
f 4652/5534/4652 4655/5537/4655 4500/5353/4500
f 4695/5583/4695 4613/5490/4613 4656/5538/4656
f 4660/5542/4660 4696/5584/4696 4661/5543/4661
f 4697/5585/4697 4657/5539/4657 4658/5540/4658
f 4614/5491/4614 4657/5539/4657 4697/5585/4697
f 4614/5491/4614 4656/5538/4656 4537/5396/4537
f 4658/5540/4658 4615/5492/4615 4661/5543/4661
f 4698/5586/4698 4617/5494/4617 4663/5545/4663
f 4655/5537/4655 4572/5446/4572 4386/5234/4386
f 4663/5545/4663 4542/5406/4542 4665/5547/4665
f 4699/5587/4699 4664/5546/4664 4575/5449/4575
f 4666/5548/4666 4700/5588/4700 4618/5497/4618
f 4544/5550/4544 4701/5589/4701 4667/5549/4667
f 4702/5590/4702 4576/5452/4576 4545/5496/4545
f 4701/5589/4701 4544/5550/4544 4578/5591/4578
f 4666/5548/4666 4576/5452/4576 4702/5590/4702
f 4703/5592/4703 4619/5593/4619 4547/5594/4547
f 4668/5551/4668 4669/5553/4669 4471/5322/4471
f 4438/5287/4438 4671/5555/4671 4511/5368/4511
f 4511/5368/4511 4704/5595/4704 4513/5370/4513
f 4511/5368/4511 4671/5555/4671 4704/5595/4704
f 4672/5559/4672 4580/5558/4580 4673/5596/4673
f 4621/5502/4621 4705/5597/4705 4514/5371/4514
f 4583/5460/4583 4622/5503/4622 4624/5505/4624
f 4582/5459/4582 4706/5598/4706 4623/5504/4623
f 4549/5418/4549 4585/5462/4585 4626/5507/4626
f 4517/5374/4517 4674/5561/4674 4586/5463/4586
f 4675/5562/4675 4550/5419/4550 4590/5467/4590
f 4588/5465/4588 4707/5599/4707 4589/5466/4589
f 4593/5470/4593 4708/5600/4708 4592/5469/4592
f 4593/5470/4593 4709/5601/4709 4708/5600/4708
f 4593/5470/4593 4629/5511/4629 4709/5601/4709
f 4628/5510/4628 4630/5512/4630 4594/5471/4594
f 4630/5512/4630 4632/5514/4632 4553/5427/4553
f 4632/5514/4632 4710/5602/4710 4633/5515/4633
f 4677/5565/4677 4596/5473/4596 4711/5603/4711
f 4678/5566/4678 4680/5568/4680 4679/5567/4679
f 4712/5604/4712 4598/5475/4598 4680/5568/4680
f 4711/5603/4711 4596/5473/4596 4712/5604/4712
f 4712/5604/4712 4596/5473/4596 4598/5475/4598
f 4524/5381/4524 4635/5517/4635 4634/5516/4634
f 4634/5516/4634 4635/5517/4635 4713/5605/4713
f 4636/5518/4636 4635/5517/4635 4555/5429/4555
f 4634/5516/4634 4713/5605/4713 4600/5477/4600
f 4713/5605/4713 4714/5606/4714 4600/5477/4600
f 4714/5606/4714 4681/5569/4681 4600/5477/4600
f 4638/5520/4638 4602/5479/4602 4715/5607/4715
f 4603/5480/4603 4601/5478/4601 4682/5570/4682
f 4681/5569/4681 4716/5608/4716 4601/5478/4601
f 4601/5478/4601 4716/5608/4716 4682/5570/4682
f 4493/5346/4493 4682/5570/4682 4717/5609/4717
f 4493/5346/4493 4717/5609/4717 4718/5610/4718
f 4529/5386/4529 4719/5611/4719 4641/5523/4641
f 4529/5386/4529 4683/5571/4683 4719/5611/4719
f 4558/5432/4558 4683/5571/4683 4529/5386/4529
f 4493/5346/4493 4718/5610/4718 4560/5434/4560
f 4684/5572/4684 4685/5573/4685 4720/5612/4720
f 4560/5434/4560 4721/5613/4721 4561/5435/4561
f 4685/5573/4685 4686/5574/4686 4722/5614/4722
f 4561/5435/4561 4721/5613/4721 4644/5526/4644
f 4686/5574/4686 4646/5528/4646 4722/5614/4722
f 4497/5350/4497 4644/5526/4644 4688/5576/4688
f 4646/5528/4646 4687/5575/4687 4722/5614/4722
f 4687/5575/4687 4689/5577/4689 4722/5614/4722
f 4688/5576/4688 4723/5615/4723 4532/5389/4532
f 4692/5580/4692 4724/5616/4724 4689/5577/4689
f 4652/5534/4652 4534/5391/4534 4691/5579/4691
f 4724/5616/4724 4694/5582/4694 4725/5617/4725
f 4693/5581/4693 4694/5582/4694 4724/5616/4724
f 4724/5616/4724 4692/5580/4692 4693/5581/4693
f 4726/5618/4726 4656/5538/4656 4727/5619/4727
f 4726/5618/4726 4695/5583/4695 4656/5538/4656
f 4725/5617/4725 4694/5582/4694 4726/5618/4726
f 4727/5619/4727 4614/5491/4614 4697/5585/4697
f 4695/5583/4695 4726/5618/4726 4694/5582/4694
f 4614/5491/4614 4727/5619/4727 4656/5538/4656
f 4696/5584/4696 4697/5585/4697 4658/5540/4658
f 4728/5620/4728 4659/5541/4659 4729/5621/4729
f 4728/5620/4728 4660/5542/4660 4659/5541/4659
f 4696/5584/4696 4660/5542/4660 4728/5620/4728
f 4661/5543/4661 4696/5584/4696 4658/5540/4658
f 4730/5622/4730 4617/5494/4617 4698/5586/4698
f 4617/5494/4617 4730/5622/4730 4662/5544/4662
f 4665/5547/4665 4698/5586/4698 4663/5545/4663
f 4665/5547/4665 4664/5546/4664 4731/5623/4731
f 4732/5624/4732 4699/5587/4699 4618/5497/4618
f 4618/5497/4618 4700/5588/4700 4732/5624/4732
f 4575/5449/4575 4618/5497/4618 4699/5587/4699
f 4667/5549/4667 4702/5590/4702 4545/5496/4545
f 4466/5315/4466 4733/5625/4733 4668/5551/4668
f 4466/5315/4466 4572/5446/4572 4733/5625/4733
f 4668/5551/4668 4734/5626/4734 4669/5553/4669
f 4579/5627/4579 4735/5628/4735 4547/5594/4547
f 4579/5627/4579 4620/5629/4620 4736/5630/4736
f 4546/5413/4546 4671/5555/4671 4670/5554/4670
f 4620/5629/4620 4548/5631/4548 4736/5630/4736
f 4672/5559/4672 4673/5596/4673 4737/5632/4737
f 4581/5633/4581 4737/5632/4737 4673/5596/4673
f 4704/5595/4704 4738/5634/4738 4513/5370/4513
f 4581/5633/4581 4739/5635/4739 4737/5632/4737
f 4584/5636/4584 4739/5635/4739 4581/5633/4581
f 4513/5370/4513 4738/5634/4738 4621/5502/4621
f 4705/5597/4705 4582/5459/4582 4514/5371/4514
f 4583/5460/4583 4740/5637/4740 4741/5638/4741
f 4583/5460/4583 4624/5505/4624 4740/5637/4740
f 4623/5504/4623 4742/5639/4742 4625/5506/4625
f 4549/5640/4549 4743/5641/4743 4624/5642/4624
f 4586/5463/4586 4744/5643/4744 4587/5464/4587
f 4590/5564/4590 4676/5563/4676 4675/5644/4675
f 4676/5563/4676 4592/5469/4592 4708/5600/4708
f 4627/5509/4627 4628/5510/4628 4591/5468/4591
f 4627/5509/4627 4745/5645/4745 4628/5510/4628
f 4629/5511/4629 4746/5646/4746 4709/5601/4709
f 4595/5472/4595 4746/5646/4746 4629/5511/4629
f 4747/5647/4747 4630/5512/4630 4628/5510/4628
f 4746/5646/4746 4595/5472/4595 4631/5513/4631
f 4630/5512/4630 4710/5602/4710 4632/5514/4632
f 4710/5602/4710 4678/5566/4678 4633/5515/4633
f 4748/5648/4748 4678/5566/4678 4710/5602/4710
f 4749/5649/4749 4680/5568/4680 4748/5648/4748
f 4748/5648/4748 4680/5568/4680 4678/5566/4678
f 4599/5476/4599 4637/5519/4637 4750/5650/4750
f 4556/5430/4556 4751/5651/4751 4636/5518/4636
f 4599/5476/4599 4752/5652/4752 4556/5430/4556
f 4599/5476/4599 4750/5650/4750 4752/5652/4752
f 4638/5520/4638 4715/5607/4715 4637/5519/4637
f 4602/5479/4602 4753/5653/4753 4715/5607/4715
f 4557/5431/4557 4641/5523/4641 4640/5522/4640
f 4719/5611/4719 4754/5654/4754 4641/5523/4641
f 4719/5611/4719 4683/5571/4683 4755/5655/4755
f 4604/5481/4604 4684/5572/4684 4683/5571/4683
f 4683/5571/4683 4684/5572/4684 4756/5656/4756
f 4560/5434/4560 4718/5610/4718 4721/5613/4721
f 4684/5572/4684 4720/5612/4720 4756/5656/4756
f 4720/5612/4720 4757/5657/4757 4756/5656/4756
f 4685/5573/4685 4722/5614/4722 4720/5612/4720
f 4722/5614/4722 4757/5657/4757 4720/5612/4720
f 4757/5657/4757 4722/5614/4722 4758/5658/4758
f 4689/5577/4689 4759/5659/4759 4758/5658/4758
f 4722/5614/4722 4689/5577/4689 4758/5658/4758
f 4760/5660/4760 4723/5615/4723 4688/5576/4688
f 4759/5659/4759 4689/5577/4689 4724/5616/4724
f 4532/5389/4532 4723/5615/4723 4690/5578/4690
f 4759/5659/4759 4724/5616/4724 4761/5661/4761
f 4649/5531/4649 4690/5578/4690 4691/5579/4691
f 4761/5661/4761 4725/5617/4725 4762/5662/4762
f 4762/5662/4762 4725/5617/4725 4763/5663/4763
f 4724/5616/4724 4725/5617/4725 4761/5661/4761
f 4725/5617/4725 4726/5618/4726 4763/5663/4763
f 4764/5664/4764 4765/5665/4765 4766/5666/4766
f 4727/5619/4727 4697/5585/4697 4767/5667/4767
f 4727/5619/4727 4767/5667/4767 4763/5663/4763
f 4727/5619/4727 4763/5663/4763 4726/5618/4726
f 4697/5585/4697 4766/5666/4766 4767/5667/4767
f 4728/5620/4728 4729/5621/4729 4768/5668/4768
f 4764/5664/4764 4697/5585/4697 4696/5584/4696
f 4697/5585/4697 4764/5664/4764 4766/5666/4766
f 4729/5621/4729 4659/5541/4659 4730/5622/4730
f 4696/5584/4696 4728/5620/4728 4764/5664/4764
f 4662/5544/4662 4730/5622/4730 4659/5541/4659
f 4698/5586/4698 4769/5669/4769 4730/5622/4730
f 4698/5586/4698 4665/5547/4665 4731/5623/4731
f 4699/5587/4699 4731/5623/4731 4664/5546/4664
f 4667/5549/4667 4770/5670/4770 4702/5590/4702
f 4771/5671/4771 4666/5548/4666 4702/5590/4702
f 4619/5593/4619 4703/5592/4703 4772/5672/4772
f 4703/5592/4703 4547/5594/4547 4735/5628/4735
f 4579/5627/4579 4736/5630/4736 4735/5628/4735
f 4546/5413/4546 4669/5553/4669 4671/5555/4671
f 4548/5631/4548 4773/5673/4773 4736/5630/4736
f 4548/5631/4548 4774/5674/4774 4773/5673/4773
f 4548/5631/4548 4672/5559/4672 4774/5674/4774
f 4672/5559/4672 4737/5632/4737 4774/5674/4774
f 4739/5635/4739 4584/5636/4584 4775/5675/4775
f 4621/5502/4621 4738/5634/4738 4705/5597/4705
f 4775/5675/4775 4584/5636/4584 4741/5676/4741
f 4583/5677/4583 4741/5676/4741 4584/5636/4584
f 4706/5598/4706 4742/5639/4742 4623/5504/4623
f 4743/5678/4743 4549/5418/4549 4626/5507/4626
f 4776/5679/4776 4674/5561/4674 4625/5506/4625
f 4675/5644/4675 4777/5680/4777 4626/5681/4626
f 4675/5644/4675 4676/5563/4676 4777/5680/4777
f 4587/5464/4587 4778/5682/4778 4707/5599/4707
f 4587/5464/4587 4707/5599/4707 4588/5465/4588
f 4707/5599/4707 4779/5683/4779 4589/5466/4589
f 4779/5683/4779 4745/5645/4745 4589/5466/4589
f 4589/5466/4589 4745/5645/4745 4627/5509/4627
f 4745/5645/4745 4747/5647/4747 4628/5510/4628
f 4780/5684/4780 4630/5512/4630 4747/5647/4747
f 4746/5646/4746 4631/5513/4631 4781/5685/4781
f 4781/5685/4781 4631/5513/4631 4782/5686/4782
f 4780/5684/4780 4710/5602/4710 4630/5512/4630
f 4677/5565/4677 4782/5686/4782 4631/5513/4631
f 4677/5565/4677 4711/5603/4711 4783/5687/4783
f 4784/5688/4784 4748/5648/4748 4710/5602/4710
f 4784/5688/4784 4749/5649/4749 4748/5648/4748
f 4785/5689/4785 4712/5604/4712 4680/5568/4680
f 4711/5603/4711 4712/5604/4712 4785/5689/4785
f 4635/5517/4635 4636/5518/4636 4786/5690/4786
f 4713/5605/4713 4635/5517/4635 4787/5691/4787
f 4556/5430/4556 4752/5652/4752 4751/5651/4751
f 4637/5519/4637 4788/5692/4788 4750/5650/4750
f 4681/5569/4681 4714/5606/4714 4789/5693/4789
f 4714/5606/4714 4713/5605/4713 4790/5694/4790
f 4681/5569/4681 4789/5693/4789 4716/5608/4716
f 4682/5570/4682 4716/5608/4716 4791/5695/4791
f 4602/5479/4602 4792/5696/4792 4753/5653/4753
f 4639/5521/4639 4792/5696/4792 4602/5479/4602
f 4682/5570/4682 4791/5695/4791 4717/5609/4717
f 4640/5522/4640 4793/5697/4793 4639/5521/4639
f 4640/5522/4640 4641/5523/4641 4794/5698/4794
f 4641/5523/4641 4795/5699/4795 4794/5698/4794
f 4754/5654/4754 4795/5699/4795 4641/5523/4641
f 4754/5654/4754 4719/5611/4719 4755/5655/4755
f 4718/5610/4718 4717/5609/4717 4796/5700/4796
f 4797/5701/4797 4795/5699/4795 4754/5654/4754
f 4754/5654/4754 4755/5655/4755 4797/5701/4797
f 4797/5701/4797 4755/5655/4755 4798/5702/4798
f 4755/5655/4755 4683/5571/4683 4756/5656/4756
f 4756/5656/4756 4798/5702/4798 4755/5655/4755
f 4756/5656/4756 4757/5657/4757 4798/5702/4798
f 4798/5702/4798 4799/5703/4799 4797/5701/4797
f 4757/5657/4757 4758/5658/4758 4798/5702/4798
f 4758/5658/4758 4799/5703/4799 4798/5702/4798
f 4799/5703/4799 4759/5659/4759 4800/5704/4800
f 4758/5658/4758 4759/5659/4759 4799/5703/4799
f 4759/5659/4759 4761/5661/4761 4800/5704/4800
f 4644/5526/4644 4801/5705/4801 4760/5660/4760
f 4688/5576/4688 4644/5526/4644 4760/5660/4760
f 4800/5704/4800 4802/5706/4802 4803/5707/4803
f 4761/5661/4761 4802/5706/4802 4800/5704/4800
f 4690/5578/4690 4723/5615/4723 4804/5708/4804
f 4761/5661/4761 4762/5662/4762 4802/5706/4802
f 4802/5706/4802 4763/5663/4763 4765/5665/4765
f 4802/5706/4802 4762/5662/4762 4763/5663/4763
f 4690/5578/4690 4804/5708/4804 4805/5709/4805
f 4763/5663/4763 4766/5666/4766 4765/5665/4765
f 4690/5578/4690 4805/5709/4805 4691/5579/4691
f 4767/5667/4767 4766/5666/4766 4763/5663/4763
f 4806/5710/4806 4764/5664/4764 4768/5668/4768
f 4765/5665/4765 4764/5664/4764 4806/5710/4806
f 4728/5620/4728 4768/5668/4768 4764/5664/4764
f 4729/5621/4729 4730/5622/4730 4807/5711/4807
f 4729/5621/4729 4807/5711/4807 4768/5668/4768
f 4808/5712/4808 4730/5622/4730 4769/5669/4769
f 4652/5534/4652 4809/5713/4809 4655/5537/4655
f 4691/5579/4691 4809/5713/4809 4652/5534/4652
f 4698/5586/4698 4731/5623/4731 4810/5714/4810
f 4699/5587/4699 4811/5715/4811 4731/5623/4731
f 4702/5590/4702 4770/5670/4770 4771/5671/4771
f 4701/5589/4701 4812/5716/4812 4667/5549/4667
f 4667/5549/4667 4812/5716/4812 4770/5670/4770
f 4666/5548/4666 4771/5671/4771 4700/5588/4700
f 4578/5591/4578 4619/5593/4619 4813/5717/4813
f 4578/5591/4578 4813/5717/4813 4701/5589/4701
f 4655/5537/4655 4733/5625/4733 4572/5446/4572
f 4619/5593/4619 4772/5672/4772 4813/5717/4813
f 4733/5625/4733 4814/5718/4814 4668/5551/4668
f 4668/5551/4668 4814/5718/4814 4734/5626/4734
f 4735/5628/4735 4736/5630/4736 4815/5719/4815
f 4736/5630/4736 4773/5673/4773 4815/5719/4815
f 4669/5553/4669 4734/5626/4734 4671/5555/4671
f 4775/5675/4775 4741/5676/4741 4816/5720/4816
f 4741/5676/4741 4740/5721/4740 4817/5722/4817
f 4582/5459/4582 4705/5597/4705 4706/5598/4706
f 4705/5597/4705 4818/5723/4818 4706/5598/4706
f 4624/5642/4624 4743/5641/4743 4740/5721/4740
f 4742/5639/4742 4776/5679/4776 4625/5506/4625
f 4674/5561/4674 4744/5643/4744 4586/5463/4586
f 4744/5643/4744 4778/5682/4778 4587/5464/4587
f 4676/5563/4676 4708/5600/4708 4819/5724/4819
f 4820/5725/4820 4779/5683/4779 4707/5599/4707
f 4708/5600/4708 4709/5601/4709 4821/5726/4821
f 4709/5601/4709 4746/5646/4746 4822/5727/4822
f 4823/5728/4823 4780/5684/4780 4747/5647/4747
f 4824/5729/4824 4710/5602/4710 4780/5684/4780
f 4677/5565/4677 4783/5687/4783 4782/5686/4782
f 4825/5730/4825 4826/5731/4826 4784/5688/4784
f 4710/5602/4710 4825/5730/4825 4784/5688/4784
f 4826/5731/4826 4749/5649/4749 4784/5688/4784
f 4826/5731/4826 4785/5689/4785 4749/5649/4749
f 4711/5603/4711 4785/5689/4785 4783/5687/4783
f 4680/5568/4680 4749/5649/4749 4785/5689/4785
f 4636/5518/4636 4751/5651/4751 4786/5690/4786
f 4786/5690/4786 4787/5691/4787 4635/5517/4635
f 4637/5519/4637 4715/5607/4715 4788/5692/4788
f 4789/5693/4789 4714/5606/4714 4790/5694/4790
f 4789/5693/4789 4827/5732/4827 4716/5608/4716
f 4792/5696/4792 4639/5521/4639 4793/5697/4793
f 4717/5609/4717 4791/5695/4791 4828/5733/4828
f 4792/5696/4792 4793/5697/4793 4829/5734/4829
f 4640/5522/4640 4829/5734/4829 4793/5697/4793
f 4640/5522/4640 4794/5698/4794 4829/5734/4829
f 4717/5609/4717 4828/5733/4828 4796/5700/4796
f 4794/5698/4794 4830/5735/4830 4829/5734/4829
f 4795/5699/4795 4830/5735/4830 4794/5698/4794
f 4795/5699/4795 4831/5736/4831 4830/5735/4830
f 4797/5701/4797 4831/5736/4831 4795/5699/4795
f 4830/5735/4830 4832/5737/4832 4833/5738/4833
f 4831/5736/4831 4832/5737/4832 4830/5735/4830
f 4797/5701/4797 4832/5737/4832 4831/5736/4831
f 4797/5701/4797 4799/5703/4799 4832/5737/4832
f 4832/5737/4832 4799/5703/4799 4833/5738/4833
f 4718/5610/4718 4834/5739/4834 4721/5613/4721
f 4799/5703/4799 4835/5740/4835 4833/5738/4833
f 4799/5703/4799 4836/5741/4836 4835/5740/4835
f 4721/5613/4721 4834/5739/4834 4801/5705/4801
f 4799/5703/4799 4803/5707/4803 4836/5741/4836
f 4835/5740/4835 4836/5741/4836 4837/5742/4837
f 4644/5526/4644 4721/5613/4721 4801/5705/4801
f 4799/5703/4799 4800/5704/4800 4803/5707/4803
f 4837/5742/4837 4836/5741/4836 4838/5743/4838
f 4839/5744/4839 4840/5745/4840 4835/5740/4835
f 4835/5740/4835 4837/5742/4837 4839/5744/4839
f 4836/5741/4836 4803/5707/4803 4838/5743/4838
f 4837/5742/4837 4838/5743/4838 4839/5744/4839
f 4840/5745/4840 4839/5744/4839 4841/5746/4841
f 4838/5743/4838 4842/5747/4842 4839/5744/4839
f 4803/5707/4803 4802/5706/4802 4838/5743/4838
f 4838/5743/4838 4843/5748/4843 4842/5747/4842
f 4839/5744/4839 4844/5749/4844 4841/5746/4841
f 4802/5706/4802 4843/5748/4843 4838/5743/4838
f 4839/5744/4839 4842/5747/4842 4844/5749/4844
f 4843/5748/4843 4765/5665/4765 4806/5710/4806
f 4843/5748/4843 4806/5710/4806 4842/5747/4842
f 4765/5665/4765 4843/5748/4843 4802/5706/4802
f 4841/5746/4841 4844/5749/4844 4845/5750/4845
f 4845/5750/4845 4768/5668/4768 4807/5711/4807
f 4844/5749/4844 4768/5668/4768 4845/5750/4845
f 4768/5668/4768 4844/5749/4844 4842/5747/4842
f 4768/5668/4768 4842/5747/4842 4806/5710/4806
f 4730/5622/4730 4846/5751/4846 4807/5711/4807
f 4698/5586/4698 4810/5714/4810 4769/5669/4769
f 4847/5752/4847 4848/5753/4848 4811/5715/4811
f 4731/5623/4731 4811/5715/4811 4810/5714/4810
f 4847/5752/4847 4732/5624/4732 4849/5754/4849
f 4811/5715/4811 4732/5624/4732 4847/5752/4847
f 4732/5624/4732 4811/5715/4811 4699/5587/4699
f 4771/5671/4771 4849/5754/4849 4700/5588/4700
f 4700/5588/4700 4849/5754/4849 4732/5624/4732
f 4655/5537/4655 4850/5755/4850 4733/5625/4733
f 4735/5628/4735 4851/5756/4851 4703/5592/4703
f 4815/5719/4815 4773/5673/4773 4852/5757/4852
f 4734/5626/4734 4853/5758/4853 4671/5555/4671
f 4774/5674/4774 4854/5759/4854 4773/5673/4773
f 4774/5674/4774 4737/5632/4737 4855/5760/4855
f 4671/5555/4671 4856/5761/4856 4704/5595/4704
f 4737/5632/4737 4739/5635/4739 4855/5760/4855
f 4704/5595/4704 4856/5761/4856 4738/5634/4738
f 4739/5635/4739 4816/5720/4816 4857/5762/4857
f 4739/5635/4739 4775/5675/4775 4816/5720/4816
f 4741/5676/4741 4817/5722/4817 4816/5720/4816
f 4738/5634/4738 4858/5763/4858 4705/5597/4705
f 4706/5598/4706 4818/5723/4818 4742/5639/4742
f 4626/5681/4626 4859/5764/4859 4743/5641/4743
f 4674/5561/4674 4776/5679/4776 4860/5765/4860
f 4859/5764/4859 4626/5681/4626 4777/5680/4777
f 4860/5765/4860 4744/5643/4744 4674/5561/4674
f 4744/5643/4744 4861/5766/4861 4778/5682/4778
f 4778/5682/4778 4820/5725/4820 4707/5599/4707
f 4777/5680/4777 4676/5563/4676 4819/5724/4819
f 4708/5600/4708 4821/5726/4821 4819/5724/4819
f 4779/5683/4779 4862/5767/4862 4745/5645/4745
f 4821/5726/4821 4709/5601/4709 4822/5727/4822
f 4745/5645/4745 4862/5767/4862 4747/5647/4747
f 4863/5768/4863 4746/5646/4746 4864/5769/4864
f 4781/5685/4781 4864/5769/4864 4746/5646/4746
f 4864/5769/4864 4781/5685/4781 4782/5686/4782
f 4780/5684/4780 4823/5728/4823 4824/5729/4824
f 4865/5770/4865 4782/5686/4782 4783/5687/4783
f 4710/5602/4710 4824/5729/4824 4825/5730/4825
f 4826/5731/4826 4825/5730/4825 4866/5771/4866
f 4867/5772/4867 4785/5689/4785 4826/5731/4826
f 4785/5689/4785 4867/5772/4867 4783/5687/4783
f 4786/5690/4786 4868/5773/4868 4787/5691/4787
f 4787/5691/4787 4790/5694/4790 4713/5605/4713
f 4750/5650/4750 4869/5774/4869 4752/5652/4752
f 4788/5692/4788 4869/5774/4869 4750/5650/4750
f 4790/5694/4790 4827/5732/4827 4789/5693/4789
f 4715/5607/4715 4753/5653/4753 4870/5775/4870
f 4753/5653/4753 4792/5696/4792 4870/5775/4870
f 4791/5695/4791 4716/5608/4716 4871/5776/4871
f 4827/5732/4827 4871/5776/4871 4716/5608/4716
f 4870/5775/4870 4792/5696/4792 4872/5777/4872
f 4791/5695/4791 4871/5776/4871 4828/5733/4828
f 4792/5696/4792 4829/5734/4829 4873/5778/4873
f 4829/5734/4829 4874/5779/4874 4873/5778/4873
f 4829/5734/4829 4833/5738/4833 4874/5779/4874
f 4829/5734/4829 4830/5735/4830 4833/5738/4833
f 4833/5738/4833 4875/5780/4875 4874/5779/4874
f 4833/5738/4833 4835/5740/4835 4875/5780/4875
f 4835/5740/4835 4876/5781/4876 4875/5780/4875
f 4801/5705/4801 4834/5739/4834 4877/5782/4877
f 4835/5740/4835 4840/5745/4840 4876/5781/4876
f 4876/5781/4876 4841/5746/4841 4878/5783/4878
f 4801/5705/4801 4879/5784/4879 4760/5660/4760
f 4840/5745/4840 4841/5746/4841 4876/5781/4876
f 4760/5660/4760 4879/5784/4879 4723/5615/4723
f 4878/5783/4878 4841/5746/4841 4880/5785/4880
f 4841/5746/4841 4845/5750/4845 4880/5785/4880
f 4845/5750/4845 4807/5711/4807 4880/5785/4880
f 4730/5622/4730 4808/5712/4808 4846/5751/4846
f 4881/5786/4881 4769/5669/4769 4882/5787/4882
f 4808/5712/4808 4769/5669/4769 4881/5786/4881
f 4810/5714/4810 4882/5787/4882 4769/5669/4769
f 4883/5788/4883 4884/5789/4884 4847/5752/4847
f 4810/5714/4810 4848/5753/4848 4882/5787/4882
f 4691/5579/4691 4805/5709/4805 4809/5713/4809
f 4811/5715/4811 4848/5753/4848 4810/5714/4810
f 4771/5671/4771 4883/5788/4883 4849/5754/4849
f 4849/5754/4849 4883/5788/4883 4847/5752/4847
f 4770/5670/4770 4812/5716/4812 4885/5790/4885
f 4885/5790/4885 4883/5788/4883 4770/5670/4770
f 4770/5670/4770 4883/5788/4883 4771/5671/4771
f 4813/5717/4813 4772/5672/4772 4886/5791/4886
f 4655/5537/4655 4809/5713/4809 4850/5755/4850
f 4703/5592/4703 4851/5756/4851 4772/5672/4772
f 4851/5756/4851 4735/5628/4735 4887/5792/4887
f 4733/5625/4733 4850/5755/4850 4814/5718/4814
f 4887/5792/4887 4735/5628/4735 4852/5757/4852
f 4815/5719/4815 4852/5757/4852 4735/5628/4735
f 4814/5718/4814 4888/5793/4888 4734/5626/4734
f 4773/5673/4773 4854/5759/4854 4852/5757/4852
f 4854/5759/4854 4774/5674/4774 4889/5794/4889
f 4889/5794/4889 4774/5674/4774 4855/5760/4855
f 4671/5555/4671 4853/5758/4853 4856/5761/4856
f 4856/5761/4856 4853/5758/4853 4890/5795/4890
f 4739/5635/4739 4857/5762/4857 4855/5760/4855
f 4857/5762/4857 4816/5720/4816 4891/5796/4891
f 4817/5722/4817 4740/5721/4740 4892/5797/4892
f 4740/5721/4740 4743/5641/4743 4892/5797/4892
f 4743/5641/4743 4859/5764/4859 4892/5797/4892
f 4893/5798/4893 4742/5639/4742 4818/5723/4818
f 4893/5798/4893 4776/5679/4776 4742/5639/4742
f 4894/5799/4894 4859/5764/4859 4777/5680/4777
f 4861/5766/4861 4744/5643/4744 4860/5765/4860
f 4895/5800/4895 4822/5727/4822 4863/5768/4863
f 4822/5727/4822 4746/5646/4746 4863/5768/4863
f 4896/5801/4896 4747/5647/4747 4862/5767/4862
f 4896/5801/4896 4823/5728/4823 4747/5647/4747
f 4823/5728/4823 4897/5802/4897 4824/5729/4824
f 4824/5729/4824 4866/5771/4866 4825/5730/4825
f 4867/5772/4867 4826/5731/4826 4866/5771/4866
f 4898/5803/4898 4786/5690/4786 4751/5651/4751
f 4715/5607/4715 4870/5775/4870 4788/5692/4788
f 4872/5777/4872 4792/5696/4792 4873/5778/4873
f 4899/5804/4899 4872/5777/4872 4873/5778/4873
f 4900/5805/4900 4873/5778/4873 4901/5806/4901
f 4873/5778/4873 4875/5780/4875 4901/5806/4901
f 4874/5779/4874 4875/5780/4875 4873/5778/4873
f 4901/5806/4901 4875/5780/4875 4876/5781/4876
f 4902/5807/4902 4718/5610/4718 4796/5700/4796
f 4902/5807/4902 4834/5739/4834 4718/5610/4718
f 4901/5806/4901 4876/5781/4876 4878/5783/4878
f 4901/5806/4901 4878/5783/4878 4903/5808/4903
f 4723/5615/4723 4879/5784/4879 4904/5809/4904
f 4846/5751/4846 4905/5810/4905 4880/5785/4880
f 4807/5711/4807 4846/5751/4846 4880/5785/4880
f 4904/5809/4904 4804/5708/4804 4723/5615/4723
f 4905/5810/4905 4808/5712/4808 4906/5811/4906
f 4846/5751/4846 4808/5712/4808 4905/5810/4905
f 4904/5809/4904 4907/5812/4907 4804/5708/4804
f 4804/5708/4804 4907/5812/4907 4805/5709/4805
f 4906/5811/4906 4808/5712/4808 4881/5786/4881
f 4881/5786/4881 4882/5787/4882 4908/5813/4908
f 4847/5752/4847 4884/5789/4884 4848/5753/4848
f 4885/5790/4885 4812/5716/4812 4909/5814/4909
f 4812/5716/4812 4886/5791/4886 4910/5815/4910
f 4812/5716/4812 4813/5717/4813 4886/5791/4886
f 4701/5589/4701 4813/5717/4813 4812/5716/4812
f 4772/5672/4772 4911/5816/4911 4886/5791/4886
f 4772/5672/4772 4851/5756/4851 4911/5816/4911
f 4851/5756/4851 4887/5792/4887 4911/5816/4911
f 4912/5817/4912 4887/5792/4887 4852/5757/4852
f 4913/5818/4913 4854/5759/4854 4889/5794/4889
f 4734/5626/4734 4888/5793/4888 4853/5758/4853
f 4914/5819/4914 4889/5794/4889 4855/5760/4855
f 4816/5720/4816 4817/5722/4817 4891/5796/4891
f 4915/5820/4915 4858/5763/4858 4738/5634/4738
f 4916/5821/4916 4817/5722/4817 4892/5797/4892
f 4858/5763/4858 4818/5723/4818 4705/5597/4705
f 4892/5797/4892 4859/5764/4859 4917/5822/4917
f 4893/5798/4893 4918/5823/4918 4776/5679/4776
f 4776/5679/4776 4918/5823/4918 4860/5765/4860
f 4919/5824/4919 4861/5766/4861 4860/5765/4860
f 4920/5825/4920 4777/5680/4777 4921/5826/4921
f 4919/5824/4919 4778/5682/4778 4861/5766/4861
f 4921/5826/4921 4777/5680/4777 4819/5724/4819
f 4820/5725/4820 4922/5827/4922 4779/5683/4779
f 4822/5727/4822 4895/5800/4895 4923/5828/4923
f 4864/5769/4864 4782/5686/4782 4865/5770/4865
f 4823/5728/4823 4924/5829/4924 4897/5802/4897
f 4824/5729/4824 4897/5802/4897 4866/5771/4866
f 4925/5830/4925 4866/5771/4866 4897/5802/4897
f 4926/5831/4926 4867/5772/4867 4925/5830/4925
f 4926/5831/4926 4783/5687/4783 4867/5772/4867
f 4926/5831/4926 4865/5770/4865 4783/5687/4783
f 4925/5830/4925 4867/5772/4867 4866/5771/4866
f 4751/5651/4751 4752/5652/4752 4898/5803/4898
f 4752/5652/4752 4927/5832/4927 4898/5803/4898
f 4752/5652/4752 4869/5774/4869 4928/5833/4928
f 4787/5691/4787 4868/5773/4868 4790/5694/4790
f 4928/5833/4928 4927/5832/4927 4752/5652/4752
f 4869/5774/4869 4929/5834/4929 4928/5833/4928
f 4788/5692/4788 4930/5835/4930 4869/5774/4869
f 4869/5774/4869 4930/5835/4930 4929/5834/4929
f 4788/5692/4788 4870/5775/4870 4930/5835/4930
f 4870/5775/4870 4872/5777/4872 4930/5835/4930
f 4872/5777/4872 4899/5804/4899 4930/5835/4930
f 4873/5778/4873 4900/5805/4900 4899/5804/4899
f 4899/5804/4899 4900/5805/4900 4931/5836/4931
f 4900/5805/4900 4901/5806/4901 4931/5836/4931
f 4901/5806/4901 4932/5837/4932 4931/5836/4931
f 4903/5808/4903 4933/5838/4933 4932/5837/4932
f 4932/5837/4932 4901/5806/4901 4903/5808/4903
f 4903/5808/4903 4878/5783/4878 4933/5838/4933
f 4877/5782/4877 4934/5839/4934 4801/5705/4801
f 4880/5785/4880 4935/5840/4935 4933/5838/4933
f 4878/5783/4878 4880/5785/4880 4933/5838/4933
f 4801/5705/4801 4936/5841/4936 4879/5784/4879
f 4880/5785/4880 4905/5810/4905 4935/5840/4935
f 4881/5786/4881 4908/5813/4908 4906/5811/4906
f 4908/5813/4908 4882/5787/4882 4848/5753/4848
f 4937/5842/4937 4884/5789/4884 4938/5843/4938
f 4883/5788/4883 4939/5844/4939 4940/5845/4940
f 4938/5843/4938 4883/5788/4883 4941/5846/4941
f 4884/5789/4884 4883/5788/4883 4938/5843/4938
f 4939/5844/4939 4883/5788/4883 4885/5790/4885
f 4939/5844/4939 4909/5814/4909 4942/5847/4942
f 4939/5844/4939 4885/5790/4885 4909/5814/4909
f 4909/5814/4909 4812/5716/4812 4910/5815/4910
f 4805/5709/4805 4943/5848/4943 4809/5713/4809
f 4944/5849/4944 4886/5791/4886 4911/5816/4911
f 4912/5817/4912 4945/5850/4945 4911/5816/4911
f 4809/5713/4809 4946/5851/4946 4850/5755/4850
f 4911/5816/4911 4887/5792/4887 4912/5817/4912
f 4912/5817/4912 4852/5757/4852 4913/5818/4913
f 4913/5818/4913 4852/5757/4852 4854/5759/4854
f 4850/5755/4850 4947/5852/4947 4814/5718/4814
f 4913/5818/4913 4889/5794/4889 4914/5819/4914
f 4855/5760/4855 4948/5853/4948 4914/5819/4914
f 4853/5758/4853 4888/5793/4888 4890/5795/4890
f 4855/5760/4855 4949/5854/4949 4948/5853/4948
f 4855/5760/4855 4857/5762/4857 4949/5854/4949
f 4857/5762/4857 4891/5796/4891 4949/5854/4949
f 4856/5761/4856 4915/5820/4915 4738/5634/4738
f 4817/5722/4817 4950/5855/4950 4891/5796/4891
f 4915/5820/4915 4951/5856/4951 4858/5763/4858
f 4916/5821/4916 4950/5855/4950 4817/5722/4817
f 4858/5763/4858 4951/5856/4951 4818/5723/4818
f 4859/5764/4859 4894/5799/4894 4917/5822/4917
f 4777/5680/4777 4920/5825/4920 4894/5799/4894
f 4860/5765/4860 4952/5857/4952 4919/5824/4919
f 4819/5724/4819 4953/5858/4953 4921/5826/4921
f 4778/5682/4778 4919/5824/4919 4954/5859/4954
f 4778/5682/4778 4954/5859/4954 4820/5725/4820
f 4819/5724/4819 4821/5726/4821 4953/5858/4953
f 4953/5858/4953 4821/5726/4821 4923/5828/4923
f 4821/5726/4821 4822/5727/4822 4923/5828/4923
f 4922/5827/4922 4862/5767/4862 4779/5683/4779
f 4923/5828/4923 4895/5800/4895 4955/5860/4955
f 4863/5768/4863 4956/5861/4956 4895/5800/4895
f 4862/5767/4862 4924/5829/4924 4896/5801/4896
f 4864/5769/4864 4956/5861/4956 4863/5768/4863
f 4896/5801/4896 4924/5829/4924 4823/5728/4823
f 4956/5861/4956 4865/5770/4865 4957/5862/4957
f 4865/5770/4865 4956/5861/4956 4864/5769/4864
f 4958/5863/4958 4897/5802/4897 4924/5829/4924
f 4958/5863/4958 4925/5830/4925 4897/5802/4897
f 4865/5770/4865 4926/5831/4926 4957/5862/4957
f 4898/5803/4898 4959/5864/4959 4786/5690/4786
f 4790/5694/4790 4960/5865/4960 4961/5866/4961
f 4868/5773/4868 4960/5865/4960 4790/5694/4790
f 4786/5690/4786 4962/5867/4962 4868/5773/4868
f 4929/5834/4929 4930/5835/4930 4963/5868/4963
f 4827/5732/4827 4790/5694/4790 4961/5866/4961
f 4963/5868/4963 4964/5869/4964 4929/5834/4929
f 4963/5868/4963 4930/5835/4930 4964/5869/4964
f 4930/5835/4930 4931/5836/4931 4965/5870/4965
f 4899/5804/4899 4931/5836/4931 4930/5835/4930
f 4827/5732/4827 4966/5871/4966 4871/5776/4871
f 4930/5835/4930 4967/5872/4967 4964/5869/4964
f 4965/5870/4965 4967/5872/4967 4930/5835/4930
f 4931/5836/4931 4967/5872/4967 4965/5870/4965
f 4828/5733/4828 4871/5776/4871 4968/5873/4968
f 4931/5836/4931 4969/5874/4969 4967/5872/4967
f 4932/5837/4932 4969/5874/4969 4931/5836/4931
f 4969/5874/4969 4932/5837/4932 4933/5838/4933
f 4933/5838/4933 4970/5875/4970 4969/5874/4969
f 4902/5807/4902 4971/5876/4971 4834/5739/4834
f 4834/5739/4834 4972/5877/4972 4877/5782/4877
f 4970/5875/4970 4933/5838/4933 4973/5878/4973
f 4801/5705/4801 4934/5839/4934 4936/5841/4936
f 4933/5838/4933 4935/5840/4935 4973/5878/4973
f 4935/5840/4935 4905/5810/4905 4973/5878/4973
f 4973/5878/4973 4906/5811/4906 4974/5879/4974
f 4973/5878/4973 4905/5810/4905 4906/5811/4906
f 4974/5879/4974 4908/5813/4908 4975/5880/4975
f 4975/5880/4975 4908/5813/4908 4937/5842/4937
f 4908/5813/4908 4974/5879/4974 4906/5811/4906
f 4937/5842/4937 4938/5843/4938 4941/5846/4941
f 4848/5753/4848 4884/5789/4884 4937/5842/4937
f 4848/5753/4848 4937/5842/4937 4908/5813/4908
f 4976/5881/4976 4939/5844/4939 4942/5847/4942
f 4940/5845/4940 4939/5844/4939 4976/5881/4976
f 4883/5788/4883 4940/5845/4940 4941/5846/4941
f 4909/5814/4909 4910/5815/4910 4942/5847/4942
f 4805/5709/4805 4907/5812/4907 4943/5848/4943
f 4910/5815/4910 4945/5850/4945 4977/5882/4977
f 4886/5791/4886 4945/5850/4945 4910/5815/4910
f 4944/5849/4944 4945/5850/4945 4886/5791/4886
f 4911/5816/4911 4945/5850/4945 4944/5849/4944
f 4946/5851/4946 4809/5713/4809 4943/5848/4943
f 4978/5883/4978 4912/5817/4912 4913/5818/4913
f 4979/5884/4979 4912/5817/4912 4978/5883/4978
f 4913/5818/4913 4914/5819/4914 4980/5885/4980
f 4980/5885/4980 4914/5819/4914 4981/5886/4981
f 4814/5718/4814 4947/5852/4947 4888/5793/4888
f 4914/5819/4914 4948/5853/4948 4981/5886/4981
f 4948/5853/4948 4949/5854/4949 4981/5886/4981
f 4888/5793/4888 4982/5887/4982 4890/5795/4890
f 4983/5888/4983 4856/5761/4856 4890/5795/4890
f 4891/5796/4891 4984/5889/4984 4949/5854/4949
f 4984/5889/4984 4891/5796/4891 4950/5855/4950
f 4915/5820/4915 4856/5761/4856 4985/5890/4985
f 4985/5890/4985 4951/5856/4951 4915/5820/4915
f 4892/5797/4892 4917/5822/4917 4916/5821/4916
f 4917/5822/4917 4986/5891/4986 4916/5821/4916
f 4986/5891/4986 4917/5822/4917 4987/5892/4987
f 4818/5723/4818 4918/5823/4918 4893/5798/4893
f 4917/5822/4917 4894/5799/4894 4987/5892/4987
f 4918/5823/4918 4952/5857/4952 4860/5765/4860
f 4894/5799/4894 4988/5893/4988 4989/5894/4989
f 4894/5799/4894 4920/5825/4920 4988/5893/4988
f 4920/5825/4920 4921/5826/4921 4988/5893/4988
f 4952/5857/4952 4990/5895/4990 4919/5824/4919
f 4921/5826/4921 4953/5858/4953 4988/5893/4988
f 4954/5859/4954 4991/5896/4991 4820/5725/4820
f 4954/5859/4954 4992/5897/4992 4991/5896/4991
f 4820/5725/4820 4991/5896/4991 4922/5827/4922
f 4991/5896/4991 4993/5898/4993 4922/5827/4922
f 4993/5898/4993 4994/5899/4994 4922/5827/4922
f 4922/5827/4922 4994/5899/4994 4862/5767/4862
f 4895/5800/4895 4995/5900/4995 4955/5860/4955
f 4895/5800/4895 4956/5861/4956 4995/5900/4995
f 4862/5767/4862 4994/5899/4994 4924/5829/4924
f 4996/5901/4996 4924/5829/4924 4994/5899/4994
f 4956/5861/4956 4957/5862/4957 4995/5900/4995
f 4997/5902/4997 4958/5863/4958 4996/5901/4996
f 4997/5902/4997 4998/5903/4998 4958/5863/4958
f 4996/5901/4996 4958/5863/4958 4924/5829/4924
f 4958/5863/4958 4998/5903/4998 4925/5830/4925
f 4999/5904/4999 4926/5831/4926 4998/5903/4998
f 4957/5862/4957 4926/5831/4926 4999/5904/4999
f 4926/5831/4926 4925/5830/4925 4998/5903/4998
f 4786/5690/4786 4959/5864/4959 4962/5867/4962
f 4898/5803/4898 5000/5905/5000 4959/5864/4959
f 4898/5803/4898 4927/5832/4927 5000/5905/5000
f 4962/5867/4962 4960/5865/4960 4868/5773/4868
f 4927/5832/4927 5001/5906/5001 5000/5905/5000
f 4928/5833/4928 5001/5906/5001 4927/5832/4927
f 4928/5833/4928 4929/5834/4929 5001/5906/5001
f 4929/5834/4929 4964/5869/4964 5001/5906/5001
f 4827/5732/4827 5002/5907/5002 4966/5871/4966
f 4827/5732/4827 4961/5866/4961 5002/5907/5002
f 4964/5869/4964 4967/5872/4967 4969/5874/4969
f 4871/5776/4871 4966/5871/4966 4968/5873/4968
f 4964/5869/4964 4969/5874/4969 5003/5908/5003
f 4968/5873/4968 5004/5909/5004 4828/5733/4828
f 4828/5733/4828 5004/5909/5004 5005/5910/5005
f 4828/5733/4828 5005/5910/5005 4796/5700/4796
f 4970/5875/4970 5003/5908/5003 4969/5874/4969
f 4796/5700/4796 5005/5910/5005 4902/5807/4902
f 5006/5911/5006 5003/5908/5003 5007/5912/5007
f 5003/5908/5003 4970/5875/4970 5007/5912/5007
f 5006/5911/5006 5007/5912/5007 5008/5913/5008
f 4970/5875/4970 4973/5878/4973 5007/5912/5007
f 4877/5782/4877 4972/5877/4972 4934/5839/4934
f 5009/5914/5009 5008/5913/5008 5010/5915/5010
f 5007/5912/5007 5010/5915/5010 5008/5913/5008
f 5007/5912/5007 4974/5879/4974 5010/5915/5010
f 4974/5879/4974 5007/5912/5007 4973/5878/4973
f 5009/5914/5009 5010/5915/5010 5011/5916/5011
f 5011/5916/5011 5012/5917/5012 5013/5918/5013
f 4974/5879/4974 4975/5880/4975 5010/5915/5010
f 5013/5918/5013 4941/5846/4941 5014/5919/5014
f 5012/5917/5012 4937/5842/4937 5013/5918/5013
f 5011/5916/5011 4937/5842/4937 5012/5917/5012
f 4937/5842/4937 5010/5915/5010 4975/5880/4975
f 5014/5919/5014 4940/5845/4940 4976/5881/4976
f 4937/5842/4937 5011/5916/5011 5010/5915/5010
f 5014/5919/5014 4941/5846/4941 4940/5845/4940
f 5013/5918/5013 4937/5842/4937 4941/5846/4941
f 4879/5784/4879 5015/5920/5015 4904/5809/4904
f 5016/5921/5016 4976/5881/4976 4942/5847/4942
f 4942/5847/4942 4910/5815/4910 4977/5882/4977
f 4907/5812/4907 4904/5809/4904 5017/5922/5017
f 4907/5812/4907 5017/5922/5017 4943/5848/4943
f 4912/5817/4912 5018/5923/5018 4945/5850/4945
f 4979/5884/4979 5018/5923/5018 4912/5817/4912
f 5018/5923/5018 4979/5884/4979 4978/5883/4978
f 4913/5818/4913 4980/5885/4980 4978/5883/4978
f 4850/5755/4850 4946/5851/4946 5019/5924/5019
f 4850/5755/4850 5019/5924/5019 4947/5852/4947
f 5020/5925/5020 4949/5854/4949 5021/5926/5021
f 5020/5925/5020 4981/5886/4981 4949/5854/4949
f 4888/5793/4888 4947/5852/4947 4982/5887/4982
f 4949/5854/4949 4984/5889/4984 5021/5926/5021
f 4890/5795/4890 4982/5887/4982 4983/5888/4983
f 4984/5889/4984 5022/5927/5022 5021/5926/5021
f 4950/5855/4950 5022/5927/5022 4984/5889/4984
f 5022/5927/5022 4950/5855/4950 5023/5928/5023
f 5023/5928/5023 4950/5855/4950 5024/5929/5024
f 4950/5855/4950 4916/5821/4916 5024/5929/5024
f 4951/5856/4951 4985/5890/4985 5025/5930/5025
f 4916/5821/4916 4986/5891/4986 5024/5929/5024
f 4951/5856/4951 5026/5931/5026 4918/5823/4918
f 4818/5723/4818 4951/5856/4951 4918/5823/4918
f 4918/5823/4918 5026/5931/5026 4952/5857/4952
f 4894/5799/4894 4989/5894/4989 4987/5892/4987
f 4989/5894/4989 4953/5858/4953 5027/5932/5027
f 4988/5893/4988 4953/5858/4953 4989/5894/4989
f 4990/5895/4990 4992/5897/4992 4919/5824/4919
f 5027/5932/5027 4953/5858/4953 4923/5828/4923
f 4919/5824/4919 4992/5897/4992 4954/5859/4954
f 4992/5897/4992 4993/5898/4993 4991/5896/4991
f 4992/5897/4992 5028/5933/5028 4993/5898/4993
f 5028/5933/5028 4994/5899/4994 4993/5898/4993
f 4994/5899/4994 4997/5902/4997 4996/5901/4996
f 5029/5934/5029 4998/5903/4998 4997/5902/4997
f 4995/5900/4995 4957/5862/4957 5030/5935/5030
f 4957/5862/4957 4999/5904/4999 5030/5935/5030
f 5031/5936/5031 4999/5904/4999 4998/5903/4998
f 5000/5905/5000 5032/5937/5032 4959/5864/4959
f 5000/5905/5000 5001/5906/5001 5032/5937/5032
f 4960/5865/4960 4962/5867/4962 5033/5938/5033
f 4962/5867/4962 4959/5864/4959 5034/5939/5034
f 4959/5864/4959 5032/5937/5032 5034/5939/5034
f 5001/5906/5001 5035/5940/5035 5032/5937/5032
f 4960/5865/4960 5036/5941/5036 4961/5866/4961
f 5032/5937/5032 5035/5940/5035 5037/5942/5037
f 5001/5906/5001 5038/5943/5038 5035/5940/5035
f 5001/5906/5001 4964/5869/4964 5038/5943/5038
f 5035/5940/5035 5039/5944/5039 5037/5942/5037
f 4964/5869/4964 5003/5908/5003 5038/5943/5038
f 5035/5940/5035 5040/5945/5040 5039/5944/5039
f 5038/5943/5038 5040/5945/5040 5035/5940/5035
f 5003/5908/5003 5040/5945/5040 5038/5943/5038
f 4966/5871/4966 5041/5946/5041 4968/5873/4968
f 5040/5945/5040 5006/5911/5006 5039/5944/5039
f 5003/5908/5003 5006/5911/5006 5040/5945/5040
f 4968/5873/4968 5041/5946/5041 5004/5909/5004
f 5039/5944/5039 5006/5911/5006 5008/5913/5008
f 5039/5944/5039 5008/5913/5008 5042/5947/5042
f 5042/5947/5042 5008/5913/5008 5009/5914/5009
f 5042/5947/5042 5009/5914/5009 5043/5948/5043
f 4834/5739/4834 4971/5876/4971 4972/5877/4972
f 5009/5914/5009 5011/5916/5011 5043/5948/5043
f 5043/5948/5043 5011/5916/5011 5044/5949/5044
f 5014/5919/5014 4976/5881/4976 5016/5921/5016
f 5013/5918/5013 5014/5919/5014 5044/5949/5044
f 5013/5918/5013 5044/5949/5044 5011/5916/5011
f 5016/5921/5016 4942/5847/4942 5045/5950/5045
f 4977/5882/4977 5045/5950/5045 4942/5847/4942
f 5046/5951/5046 4977/5882/4977 5018/5923/5018
f 4945/5850/4945 5018/5923/5018 4977/5882/4977
f 5018/5923/5018 4978/5883/4978 5046/5951/5046
f 5046/5951/5046 4978/5883/4978 5047/5952/5047
f 4978/5883/4978 5048/5953/5048 5047/5952/5047
f 4978/5883/4978 4980/5885/4980 5048/5953/5048
f 5048/5953/5048 4980/5885/4980 4981/5886/4981
f 4981/5886/4981 5020/5925/5020 5048/5953/5048
f 5020/5925/5020 5021/5926/5021 5049/5954/5049
f 4947/5852/4947 5050/5955/5050 4982/5887/4982
f 5022/5927/5022 5051/5956/5051 5021/5926/5021
f 4982/5887/4982 5050/5955/5050 4983/5888/4983
f 4983/5888/4983 4985/5890/4985 4856/5761/4856
f 5023/5928/5023 5024/5929/5024 5052/5957/5052
f 5025/5930/5025 5053/5958/5053 4951/5856/4951
f 4986/5891/4986 4987/5892/4987 5024/5929/5024
f 4987/5892/4987 5054/5959/5054 5024/5929/5024
f 5026/5931/5026 4951/5856/4951 5053/5958/5053
f 5054/5959/5054 4987/5892/4987 5055/5960/5055
f 5026/5931/5026 5056/5961/5056 4952/5857/4952
f 4987/5892/4987 4989/5894/4989 5055/5960/5055
f 5057/5962/5057 5055/5960/5055 4989/5894/4989
f 4952/5857/4952 5056/5961/5056 4990/5895/4990
f 4990/5895/4990 5058/5963/5058 4992/5897/4992
f 5058/5963/5058 5059/5964/5059 5060/5965/5060
f 4923/5828/4923 5061/5966/5061 5027/5932/5027
f 5058/5963/5058 5062/5967/5062 4992/5897/4992
f 5058/5963/5058 5060/5965/5060 5062/5967/5062
f 4923/5828/4923 5063/5968/5063 5061/5966/5061
f 4923/5828/4923 4955/5860/4955 5063/5968/5063
f 5062/5967/5062 5028/5933/5028 4992/5897/4992
f 5060/5965/5060 5028/5933/5028 5062/5967/5062
f 5060/5965/5060 5064/5969/5064 5028/5933/5028
f 5065/5970/5065 4995/5900/4995 5030/5935/5030
f 5028/5933/5028 5064/5969/5064 5066/5971/5066
f 4995/5900/4995 5065/5970/5065 5063/5968/5063
f 4955/5860/4955 4995/5900/4995 5063/5968/5063
f 5028/5933/5028 5066/5971/5066 4994/5899/4994
f 5064/5969/5064 5031/5936/5031 5066/5971/5066
f 5067/5972/5067 5031/5936/5031 5064/5969/5064
f 5031/5936/5031 5029/5934/5029 5066/5971/5066
f 4994/5899/4994 5066/5971/5066 4997/5902/4997
f 5066/5971/5066 5029/5934/5029 4997/5902/4997
f 5030/5935/5030 4999/5904/4999 5031/5936/5031
f 4998/5903/4998 5029/5934/5029 5031/5936/5031
f 4962/5867/4962 5034/5939/5034 5033/5938/5033
f 5034/5939/5034 5032/5937/5032 5037/5942/5037
f 4960/5865/4960 5033/5938/5033 5036/5941/5036
f 5034/5939/5034 5037/5942/5037 5068/5973/5068
f 4961/5866/4961 5036/5941/5036 5002/5907/5002
f 5034/5939/5034 5068/5973/5068 5033/5938/5033
f 5033/5938/5033 5069/5974/5069 5036/5941/5036
f 5068/5973/5068 5039/5944/5039 5070/5975/5070
f 5037/5942/5037 5039/5944/5039 5068/5973/5068
f 4966/5871/4966 5002/5907/5002 5041/5946/5041
f 5002/5907/5002 5036/5941/5036 5071/5976/5071
f 5068/5973/5068 5070/5975/5070 5072/5977/5072
f 5002/5907/5002 5073/5978/5073 5041/5946/5041
f 5002/5907/5002 5071/5976/5071 5073/5978/5073
f 5042/5947/5042 5070/5975/5070 5039/5944/5039
f 5004/5909/5004 5074/5979/5074 5005/5910/5005
f 5005/5910/5005 4971/5876/4971 4902/5807/4902
f 5070/5975/5070 5043/5948/5043 5075/5980/5075
f 5043/5948/5043 5070/5975/5070 5042/5947/5042
f 5044/5949/5044 5075/5980/5075 5043/5948/5043
f 5076/5981/5076 5016/5921/5016 5077/5982/5077
f 5044/5949/5044 5016/5921/5016 5076/5981/5076
f 5014/5919/5014 5016/5921/5016 5044/5949/5044
f 4972/5877/4972 5078/5983/5078 4934/5839/4934
f 5016/5921/5016 5045/5950/5045 5077/5982/5077
f 4936/5841/4936 5015/5920/5015 4879/5784/4879
f 5079/5984/5079 5045/5950/5045 5080/5985/5080
f 5079/5984/5079 5077/5982/5077 5045/5950/5045
f 4977/5882/4977 5080/5985/5080 5045/5950/5045
f 5081/5986/5081 5080/5985/5080 5082/5987/5082
f 5015/5920/5015 5083/5988/5083 4904/5809/4904
f 4977/5882/4977 5082/5987/5082 5080/5985/5080
f 4904/5809/4904 5083/5988/5083 5017/5922/5017
f 4977/5882/4977 5046/5951/5046 5082/5987/5082
f 5047/5952/5047 5048/5953/5048 5084/5989/5084
f 4943/5848/4943 5085/5990/5085 4946/5851/4946
f 4946/5851/4946 5085/5990/5085 5019/5924/5019
f 5019/5924/5019 5086/5991/5086 4947/5852/4947
f 5020/5925/5020 5087/5992/5087 5048/5953/5048
f 5087/5992/5087 5020/5925/5020 5049/5954/5049
f 5021/5926/5021 5051/5956/5051 5049/5954/5049
f 4947/5852/4947 5088/5993/5088 5050/5955/5050
f 5051/5956/5051 5022/5927/5022 5023/5928/5023
f 5050/5955/5050 5089/5994/5089 4983/5888/4983
f 4983/5888/4983 5089/5994/5089 4985/5890/4985
f 5090/5995/5090 5023/5928/5023 5052/5957/5052
f 4985/5890/4985 5091/5996/5091 5025/5930/5025
f 4985/5890/4985 5092/5997/5092 5091/5996/5091
f 5025/5930/5025 5091/5996/5091 5053/5958/5053
f 5024/5929/5024 5054/5959/5054 5052/5957/5052
f 5093/5998/5093 5054/5959/5054 5057/5962/5057
f 5026/5931/5026 5094/5999/5094 5056/5961/5056
f 5055/5960/5055 5057/5962/5057 5054/5959/5054
f 5056/5961/5056 5095/6000/5095 5096/6001/5096
f 5056/5961/5056 5096/6001/5096 4990/5895/4990
f 4989/5894/4989 5027/5932/5027 5057/5962/5057
f 5027/5932/5027 5061/5966/5061 5097/6002/5097
f 4990/5895/4990 5096/6001/5096 5058/5963/5058
f 5096/6001/5096 5059/5964/5059 5058/5963/5058
f 5097/6002/5097 5061/5966/5061 5098/6003/5098
f 5098/6003/5098 5061/5966/5061 5063/5968/5063
f 5059/5964/5059 5099/6004/5099 5060/5965/5060
f 5099/6004/5099 5100/6005/5100 5060/5965/5060
f 5101/6006/5101 5102/6007/5102 5067/5972/5067
f 5060/5965/5060 5100/6005/5100 5064/5969/5064
f 5065/5970/5065 5102/6007/5102 5063/5968/5063
f 5101/6006/5101 5067/5972/5067 5100/6005/5100
f 5067/5972/5067 5102/6007/5102 5031/5936/5031
f 5100/6005/5100 5067/5972/5067 5064/5969/5064
f 5065/5970/5065 5030/5935/5030 5102/6007/5102
f 5031/5936/5031 5102/6007/5102 5030/5935/5030
f 5033/5938/5033 5068/5973/5068 5069/5974/5069
f 5069/5974/5069 5103/6008/5103 5036/5941/5036
f 5068/5973/5068 5072/5977/5072 5069/5974/5069
f 5036/5941/5036 5103/6008/5103 5071/5976/5071
f 5069/5974/5069 5104/6009/5104 5103/6008/5103
f 5103/6008/5103 5104/6009/5104 5105/6010/5105
f 5069/5974/5069 5075/5980/5075 5104/6009/5104
f 5072/5977/5072 5075/5980/5075 5069/5974/5069
f 5071/5976/5071 5106/6011/5106 5073/5978/5073
f 5071/5976/5071 5105/6010/5105 5106/6011/5106
f 5103/6008/5103 5105/6010/5105 5071/5976/5071
f 5072/5977/5072 5070/5975/5070 5075/5980/5075
f 5041/5946/5041 5073/5978/5073 5004/5909/5004
f 5104/6009/5104 5076/5981/5076 5105/6010/5105
f 5104/6009/5104 5075/5980/5075 5076/5981/5076
f 5004/5909/5004 5073/5978/5073 5074/5979/5074
f 5105/6010/5105 5076/5981/5076 5107/6012/5107
f 5073/5978/5073 5108/6013/5108 5074/5979/5074
f 5075/5980/5075 5044/5949/5044 5076/5981/5076
f 5005/5910/5005 5074/5979/5074 5109/6014/5109
f 5074/5979/5074 5110/6015/5110 5109/6014/5109
f 5107/6012/5107 5076/5981/5076 5111/6016/5111
f 5005/5910/5005 5109/6014/5109 5112/6017/5112
f 5005/5910/5005 5112/6017/5112 4971/5876/4971
f 5109/6014/5109 5113/6018/5113 5112/6017/5112
f 5110/6015/5110 5113/6018/5113 5109/6014/5109
f 5076/5981/5076 5077/5982/5077 5111/6016/5111
f 5112/6017/5112 5114/6019/5114 4971/5876/4971
f 5115/6020/5115 5111/6016/5111 5116/6021/5116
f 4971/5876/4971 5078/5983/5078 4972/5877/4972
f 5111/6016/5111 5079/5984/5079 5116/6021/5116
f 5077/5982/5077 5079/5984/5079 5111/6016/5111
f 5116/6021/5116 5079/5984/5079 5117/6022/5117
f 4936/5841/4936 4934/5839/4934 5118/6023/5118
f 5079/5984/5079 5080/5985/5080 5117/6022/5117
f 5117/6022/5117 5080/5985/5080 5081/5986/5081
f 4936/5841/4936 5118/6023/5118 5015/5920/5015
f 5015/5920/5015 5119/6024/5119 5083/5988/5083
f 5046/5951/5046 5120/6025/5120 5082/5987/5082
f 5046/5951/5046 5047/5952/5047 5120/6025/5120
f 5120/6025/5120 5047/5952/5047 5121/6026/5121
f 5047/5952/5047 5084/5989/5084 5121/6026/5121
f 5084/5989/5084 5122/6027/5122 5121/6026/5121
f 5048/5953/5048 5122/6027/5122 5084/5989/5084
f 5048/5953/5048 5087/5992/5087 5122/6027/5122
f 5085/5990/5085 5086/5991/5086 5019/5924/5019
f 4947/5852/4947 5086/5991/5086 5088/5993/5088
f 5086/5991/5086 5123/6028/5123 5088/5993/5088
f 5051/5956/5051 5124/6029/5124 5049/5954/5049
f 5051/5956/5051 5023/5928/5023 5124/6029/5124
f 5088/5993/5088 5125/6030/5125 5050/5955/5050
f 5023/5928/5023 5090/5995/5090 5124/6029/5124
f 5089/5994/5089 5092/5997/5092 4985/5890/4985
f 5089/5994/5089 5126/6031/5126 5092/5997/5092
f 5052/5957/5052 5127/6032/5127 5090/5995/5090
f 5127/6032/5127 5052/5957/5052 5128/6033/5128
f 5052/5957/5052 5093/5998/5093 5128/6033/5128
f 5091/5996/5091 5129/6034/5129 5053/5958/5053
f 5052/5957/5052 5054/5959/5054 5093/5998/5093
f 5129/6034/5129 5094/5999/5094 5053/5958/5053
f 5053/5958/5053 5094/5999/5094 5026/5931/5026
f 5128/6033/5128 5057/5962/5057 5130/6035/5130
f 5128/6033/5128 5093/5998/5093 5057/5962/5057
f 5094/5999/5094 5131/6036/5131 5056/5961/5056
f 5131/6036/5131 5095/6000/5095 5056/5961/5056
f 5130/6035/5130 5057/5962/5057 5097/6002/5097
f 5095/6000/5095 5099/6004/5099 5096/6001/5096
f 5027/5932/5027 5097/6002/5097 5057/5962/5057
f 5132/6037/5132 5102/6007/5102 5133/6038/5133
f 5132/6037/5132 5098/6003/5098 5102/6007/5102
f 5096/6001/5096 5099/6004/5099 5059/5964/5059
f 5134/6039/5134 5133/6038/5133 5101/6006/5101
f 5099/6004/5099 5101/6006/5101 5100/6005/5100
f 5134/6039/5134 5101/6006/5101 5099/6004/5099
f 5098/6003/5098 5063/5968/5063 5102/6007/5102
f 5133/6038/5133 5102/6007/5102 5101/6006/5101
f 5105/6010/5105 5107/6012/5107 5106/6011/5106
f 5073/5978/5073 5106/6011/5106 5108/6013/5108
f 5106/6011/5106 5115/6020/5115 5108/6013/5108
f 5106/6011/5106 5107/6012/5107 5115/6020/5115
f 5074/5979/5074 5108/6013/5108 5135/6040/5135
f 5107/6012/5107 5111/6016/5111 5115/6020/5115
f 5135/6040/5135 5108/6013/5108 5136/6041/5136
f 5074/5979/5074 5137/6042/5137 5110/6015/5110
f 5135/6040/5135 5136/6041/5136 5074/5979/5074
f 5074/5979/5074 5136/6041/5136 5137/6042/5137
f 5108/6013/5108 5115/6020/5115 5136/6041/5136
f 5115/6020/5115 5116/6021/5116 5136/6041/5136
f 5137/6042/5137 5138/6043/5138 5110/6015/5110
f 5136/6041/5136 5138/6043/5138 5137/6042/5137
f 5112/6017/5112 5113/6018/5113 5114/6019/5114
f 5110/6015/5110 5138/6043/5138 5113/6018/5113
f 5116/6021/5116 5117/6022/5117 5136/6041/5136
f 4971/5876/4971 5114/6019/5114 5078/5983/5078
f 5113/6018/5113 5138/6043/5138 5139/6044/5139
f 5136/6041/5136 5117/6022/5117 5138/6043/5138
f 5113/6018/5113 5139/6044/5139 5114/6019/5114
f 5138/6043/5138 5140/6045/5140 5139/6044/5139
f 5138/6043/5138 5117/6022/5117 5140/6045/5140
f 5078/5983/5078 5114/6019/5114 5141/6046/5141
f 5139/6044/5139 5142/6047/5142 5114/6019/5114
f 5114/6019/5114 5142/6047/5142 5141/6046/5141
f 4934/5839/4934 5078/5983/5078 5143/6048/5143
f 5078/5983/5078 5141/6046/5141 5143/6048/5143
f 5140/6045/5140 5117/6022/5117 5081/5986/5081
f 4934/5839/4934 5143/6048/5143 5118/6023/5118
f 5118/6023/5118 5143/6048/5143 5144/6049/5144
f 5140/6045/5140 5081/5986/5081 5145/6050/5145
f 5145/6050/5145 5081/5986/5081 5146/6051/5146
f 5081/5986/5081 5120/6025/5120 5146/6051/5146
f 5015/5920/5015 5118/6023/5118 5119/6024/5119
f 5082/5987/5082 5120/6025/5120 5081/5986/5081
f 5118/6023/5118 5147/6052/5147 5119/6024/5119
f 5120/6025/5120 5121/6026/5121 5146/6051/5146
f 5119/6024/5119 5148/6053/5148 5083/5988/5083
f 5083/5988/5083 5149/6054/5149 5017/5922/5017
f 4943/5848/4943 5017/5922/5017 5149/6054/5149
f 5149/6054/5149 5150/6055/5150 4943/5848/4943
f 5149/6054/5149 5151/6056/5151 5150/6055/5150
f 4943/5848/4943 5150/6055/5150 5085/5990/5085
f 5085/5990/5085 5150/6055/5150 5152/6057/5152
f 5153/6058/5153 5122/6027/5122 5087/5992/5087
f 5085/5990/5085 5152/6057/5152 5086/5991/5086
f 5049/5954/5049 5153/6058/5153 5087/5992/5087
f 5049/5954/5049 5124/6029/5124 5153/6058/5153
f 5154/6059/5154 5124/6029/5124 5155/6060/5155
f 5088/5993/5088 5156/6061/5156 5125/6030/5125
f 5124/6029/5124 5090/5995/5090 5155/6060/5155
f 5050/5955/5050 5125/6030/5125 5089/5994/5089
f 5090/5995/5090 5157/6062/5157 5155/6060/5155
f 5089/5994/5089 5125/6030/5125 5126/6031/5126
f 5090/5995/5090 5127/6032/5127 5157/6062/5157
f 5125/6030/5125 5158/6063/5158 5126/6031/5126
f 5157/6062/5157 5127/6032/5127 5159/6064/5159
f 5127/6032/5127 5128/6033/5128 5159/6064/5159
f 5092/5997/5092 5126/6031/5126 5091/5996/5091
f 5126/6031/5126 5129/6034/5129 5091/5996/5091
f 5126/6031/5126 5160/6065/5160 5129/6034/5129
f 5159/6064/5159 5128/6033/5128 5161/6066/5161
f 5162/6067/5162 5131/6036/5131 5129/6034/5129
f 5129/6034/5129 5131/6036/5131 5094/5999/5094
f 5161/6066/5161 5130/6035/5130 5163/6068/5163
f 5163/6068/5163 5130/6035/5130 5132/6037/5132
f 5128/6033/5128 5130/6035/5130 5161/6066/5161
f 5130/6035/5130 5097/6002/5097 5132/6037/5132
f 5131/6036/5131 5164/6069/5164 5099/6004/5099
f 5131/6036/5131 5099/6004/5099 5095/6000/5095
f 5164/6069/5164 5134/6039/5134 5099/6004/5099
f 5132/6037/5132 5133/6038/5133 5165/6070/5165
f 5165/6070/5165 5134/6039/5134 5164/6069/5164
f 5098/6003/5098 5132/6037/5132 5097/6002/5097
f 5133/6038/5133 5134/6039/5134 5165/6070/5165
f 5140/6045/5140 5142/6047/5142 5139/6044/5139
f 5140/6045/5140 5145/6050/5145 5142/6047/5142
f 5142/6047/5142 5166/6071/5166 5141/6046/5141
f 5141/6046/5141 5166/6071/5166 5143/6048/5143
f 5143/6048/5143 5166/6071/5166 5144/6049/5144
f 5142/6047/5142 5145/6050/5145 5166/6071/5166
f 5166/6071/5166 5145/6050/5145 5167/6072/5167
f 5166/6071/5166 5168/6073/5168 5144/6049/5144
f 5166/6071/5166 5167/6072/5167 5168/6073/5168
f 5144/6049/5144 5147/6052/5147 5118/6023/5118
f 5168/6073/5168 5167/6072/5167 5169/6074/5169
f 5144/6049/5144 5169/6074/5169 5147/6052/5147
f 5168/6073/5168 5169/6074/5169 5144/6049/5144
f 5147/6052/5147 5169/6074/5169 5170/6075/5170
f 5167/6072/5167 5171/6076/5171 5169/6074/5169
f 5167/6072/5167 5145/6050/5145 5171/6076/5171
f 5147/6052/5147 5170/6075/5170 5172/6077/5172
f 5171/6076/5171 5173/6078/5173 5169/6074/5169
f 5145/6050/5145 5146/6051/5146 5171/6076/5171
f 5147/6052/5147 5148/6053/5148 5119/6024/5119
f 5171/6076/5171 5174/6079/5174 5173/6078/5173
f 5171/6076/5171 5121/6026/5121 5174/6079/5174
f 5121/6026/5121 5171/6076/5171 5146/6051/5146
f 5083/5988/5083 5148/6053/5148 5175/6080/5175
f 5175/6080/5175 5149/6054/5149 5083/5988/5083
f 5175/6080/5175 5176/6081/5176 5149/6054/5149
f 5149/6054/5149 5176/6081/5176 5151/6056/5151
f 5121/6026/5121 5122/6027/5122 5174/6079/5174
f 5174/6079/5174 5122/6027/5122 5177/6082/5177
f 5176/6081/5176 5178/6083/5178 5151/6056/5151
f 5122/6027/5122 5153/6058/5153 5177/6082/5177
f 5150/6055/5150 5151/6056/5151 5179/6084/5179
f 5177/6082/5177 5153/6058/5153 5180/6085/5180
f 5150/6055/5150 5179/6084/5179 5152/6057/5152
f 5181/6086/5181 5180/6085/5180 5153/6058/5153
f 5182/6087/5182 5183/6088/5183 5152/6057/5152
f 5086/5991/5086 5152/6057/5152 5123/6028/5123
f 5152/6057/5152 5184/6089/5184 5123/6028/5123
f 5152/6057/5152 5183/6088/5183 5184/6089/5184
f 5124/6029/5124 5181/6086/5181 5153/6058/5153
f 5154/6059/5154 5181/6086/5181 5124/6029/5124
f 5181/6086/5181 5154/6059/5154 5185/6090/5185
f 5123/6028/5123 5184/6089/5184 5186/6091/5186
f 5185/6090/5185 5187/6092/5187 5188/6093/5188
f 5154/6059/5154 5187/6092/5187 5185/6090/5185
f 5123/6028/5123 5186/6091/5186 5088/5993/5088
f 5088/5993/5088 5186/6091/5186 5156/6061/5156
f 5154/6059/5154 5155/6060/5155 5187/6092/5187
f 5186/6091/5186 5189/6094/5189 5190/6095/5190
f 5186/6091/5186 5190/6095/5190 5156/6061/5156
f 5155/6060/5155 5191/6096/5191 5187/6092/5187
f 5156/6061/5156 5190/6095/5190 5192/6097/5192
f 5191/6096/5191 5155/6060/5155 5159/6064/5159
f 5156/6061/5156 5158/6063/5158 5125/6030/5125
f 5156/6061/5156 5192/6097/5192 5158/6063/5158
f 5155/6060/5155 5157/6062/5157 5159/6064/5159
f 5126/6031/5126 5158/6063/5158 5160/6065/5160
f 5158/6063/5158 5193/6098/5193 5160/6065/5160
f 5194/6099/5194 5191/6096/5191 5195/6100/5195
f 5194/6099/5194 5195/6100/5195 5196/6101/5196
f 5191/6096/5191 5159/6064/5159 5195/6100/5195
f 5193/6098/5193 5197/6102/5197 5160/6065/5160
f 5160/6065/5160 5197/6102/5197 5198/6103/5198
f 5195/6100/5195 5159/6064/5159 5196/6101/5196
f 5160/6065/5160 5199/6104/5199 5129/6034/5129
f 5160/6065/5160 5198/6103/5198 5199/6104/5199
f 5159/6064/5159 5161/6066/5161 5196/6101/5196
f 5197/6102/5197 5200/6105/5200 5198/6103/5198
f 5199/6104/5199 5198/6103/5198 5162/6067/5162
f 5198/6103/5198 5164/6069/5164 5162/6067/5162
f 5199/6104/5199 5162/6067/5162 5129/6034/5129
f 5198/6103/5198 5200/6105/5200 5164/6069/5164
f 5161/6066/5161 5163/6068/5163 5196/6101/5196
f 5196/6101/5196 5163/6068/5163 5200/6105/5200
f 5200/6105/5200 5201/6106/5201 5164/6069/5164
f 5200/6105/5200 5202/6107/5202 5201/6106/5201
f 5163/6068/5163 5202/6107/5202 5200/6105/5200
f 5162/6067/5162 5164/6069/5164 5131/6036/5131
f 5163/6068/5163 5132/6037/5132 5202/6107/5202
f 5202/6107/5202 5132/6037/5132 5201/6106/5201
f 5132/6037/5132 5165/6070/5165 5201/6106/5201
f 5164/6069/5164 5201/6106/5201 5165/6070/5165
f 5170/6075/5170 5173/6078/5173 5172/6077/5172
f 5169/6074/5169 5173/6078/5173 5170/6075/5170
f 5147/6052/5147 5172/6077/5172 5148/6053/5148
f 5173/6078/5173 5174/6079/5174 5172/6077/5172
f 5148/6053/5148 5172/6077/5172 5175/6080/5175
f 5175/6080/5175 5172/6077/5172 5203/6108/5203
f 5172/6077/5172 5174/6079/5174 5204/6109/5204
f 5175/6080/5175 5203/6108/5203 5176/6081/5176
f 5172/6077/5172 5204/6109/5204 5203/6108/5203
f 5203/6108/5203 5205/6110/5205 5176/6081/5176
f 5174/6079/5174 5177/6082/5177 5204/6109/5204
f 5203/6108/5203 5204/6109/5204 5205/6110/5205
f 5176/6081/5176 5205/6110/5205 5178/6083/5178
f 5205/6110/5205 5206/6111/5206 5178/6083/5178
f 5205/6110/5205 5204/6109/5204 5206/6111/5206
f 5177/6082/5177 5180/6085/5180 5204/6109/5204
f 5204/6109/5204 5180/6085/5180 5206/6111/5206
f 5151/6056/5151 5207/6112/5207 5179/6084/5179
f 5178/6083/5178 5207/6112/5207 5151/6056/5151
f 5178/6083/5178 5206/6111/5206 5207/6112/5207
f 5206/6111/5206 5180/6085/5180 5208/6113/5208
f 5207/6112/5207 5209/6114/5209 5179/6084/5179
f 5207/6112/5207 5206/6111/5206 5209/6114/5209
f 5206/6111/5206 5208/6113/5208 5209/6114/5209
f 5180/6085/5180 5181/6086/5181 5208/6113/5208
f 5209/6114/5209 5210/6115/5210 5179/6084/5179
f 5208/6113/5208 5185/6090/5185 5209/6114/5209
f 5181/6086/5181 5185/6090/5185 5208/6113/5208
f 5152/6057/5152 5179/6084/5179 5182/6087/5182
f 5210/6115/5210 5182/6087/5182 5179/6084/5179
f 5210/6115/5210 5209/6114/5209 5182/6087/5182
f 5209/6114/5209 5185/6090/5185 5182/6087/5182
f 5182/6087/5182 5185/6090/5185 5188/6093/5188
f 5182/6087/5182 5188/6093/5188 5183/6088/5183
f 5188/6093/5188 5211/6116/5211 5183/6088/5183
f 5183/6088/5183 5212/6117/5212 5184/6089/5184
f 5211/6116/5211 5188/6093/5188 5187/6092/5187
f 5184/6089/5184 5212/6117/5212 5186/6091/5186
f 5183/6088/5183 5211/6116/5211 5212/6117/5212
f 5186/6091/5186 5212/6117/5212 5189/6094/5189
f 5211/6116/5211 5191/6096/5191 5212/6117/5212
f 5187/6092/5187 5191/6096/5191 5211/6116/5211
f 5189/6094/5189 5212/6117/5212 5190/6095/5190
f 5191/6096/5191 5194/6099/5194 5212/6117/5212
f 5212/6117/5212 5194/6099/5194 5190/6095/5190
f 5190/6095/5190 5193/6098/5193 5192/6097/5192
f 5190/6095/5190 5194/6099/5194 5193/6098/5193
f 5192/6097/5192 5193/6098/5193 5158/6063/5158
f 5193/6098/5193 5194/6099/5194 5213/6118/5213
f 5194/6099/5194 5196/6101/5196 5213/6118/5213
f 5213/6118/5213 5197/6102/5197 5193/6098/5193
f 5213/6118/5213 5200/6105/5200 5197/6102/5197
f 5213/6118/5213 5196/6101/5196 5200/6105/5200
