# Blender 4.4.0
# www.blender.org
mtllib base.mtl
o Meshy_AI_classic_cartoon_bomb__0810092012_image-to-3d-texture
v -0.751284 -0.371543 -0.001302
v -0.732419 -0.297431 -0.136744
v -0.735751 -0.382465 -0.138945
v -0.749334 -0.247258 -0.000995
v -0.728358 -0.218832 -0.136651
v -0.736212 -0.381712 0.135664
v -0.702457 -0.121032 -0.125674
v -0.723549 -0.519419 -0.001056
v -0.710026 -0.508067 -0.124352
v -0.729505 -0.225431 0.132807
v -0.722171 -0.128922 -0.000522
v -0.707470 -0.514485 0.125977
v -0.681910 -0.502600 -0.225842
v -0.720526 -0.519023 0.025075
v -0.697558 -0.103594 0.121706
v -0.710365 -0.393574 -0.216817
v -0.697548 -0.230558 -0.234695
v -0.709472 -0.407145 0.214841
v -0.697741 -0.103156 -0.122625
v -0.714827 -0.113296 0.000009
v -0.640699 -0.667516 -0.120282
v -0.661541 -0.270074 -0.313316
v -0.693792 -0.207309 0.232032
v -0.655033 0.010504 -0.000630
v -0.666642 -0.411518 -0.297958
v -0.663447 -0.410868 0.301886
v -0.662599 -0.280738 0.312109
v -0.679808 -0.504009 0.227856
v -0.638817 -0.600355 -0.226612
v -0.642730 -0.051125 0.221964
v -0.676955 -0.159865 -0.227981
v -0.641034 -0.666753 0.118960
v -0.664273 -0.172165 -0.260020
v -0.642473 -0.051243 -0.224367
v -0.655528 -0.496774 0.280752
v -0.652009 -0.673480 -0.000362
v -0.655951 -0.495739 -0.281786
v -0.636229 -0.602915 0.227810
v -0.661317 -0.026804 0.118021
v -0.599740 -0.152065 0.358607
v -0.623048 -0.130304 0.312665
v -0.643294 0.011537 0.115923
v -0.643221 0.011553 -0.118079
v -0.644482 -0.312517 0.338178
v -0.629340 -0.340450 0.357281
v -0.608944 -0.321897 -0.382550
v -0.637301 -0.479646 0.320148
v -0.630864 -0.097066 0.278798
v -0.642271 -0.668081 0.104928
v -0.624360 -0.121675 -0.305362
v -0.630630 -0.470685 -0.335434
v -0.613879 -0.579038 0.293195
v -0.613730 -0.578522 -0.295197
v -0.588422 -0.471271 0.390904
v -0.615656 -0.374542 -0.371956
v -0.586115 -0.162376 -0.376426
v -0.549674 -0.792971 0.067975
v -0.582594 -0.059596 0.319034
v -0.607765 -0.523999 0.343331
v -0.560325 0.125715 0.000003
v -0.607164 -0.523248 -0.346642
v -0.542108 0.087717 0.215010
v -0.584761 -0.471929 -0.396916
v -0.617856 -0.106764 0.305742
v -0.586409 -0.059500 -0.315923
v -0.543784 0.085670 -0.217180
v -0.532737 -0.705254 -0.288634
v -0.606135 -0.702945 0.135053
v -0.533669 -0.703546 0.288148
v -0.526465 0.056899 -0.291338
v -0.549657 -0.793358 -0.067347
v -0.529283 0.056272 0.285739
v -0.590221 -0.158155 0.371585
v -0.557895 0.121635 0.084204
v -0.588904 -0.540369 0.358080
v -0.554614 -0.557515 -0.388826
v -0.562855 -0.322834 0.426190
v -0.556587 -0.556553 0.385951
v -0.571221 -0.296720 0.417767
v -0.566028 -0.301968 -0.425358
v -0.566227 -0.515498 -0.397953
v -0.559365 -0.785227 0.000788
v -0.558318 0.121308 -0.085909
v -0.526564 -0.058470 0.385370
v -0.533582 -0.432889 0.451660
v -0.537255 -0.770278 -0.174967
v -0.498818 0.025515 0.355569
v -0.533253 -0.433450 -0.453633
v -0.533568 -0.771525 0.176304
v -0.500717 -0.265580 0.479104
v -0.496889 -0.655305 -0.375917
v -0.512115 -0.515098 0.443650
v -0.520658 -0.197538 0.448640
v -0.500662 -0.267462 -0.481057
v -0.519265 -0.177977 0.445498
v -0.514852 0.164828 -0.000838
v -0.513488 -0.512897 -0.445266
v -0.489849 0.175009 0.094284
v -0.529748 -0.064232 -0.387282
v -0.500086 0.025896 -0.355653
v -0.527524 -0.396736 -0.458615
v -0.536300 0.078901 0.238930
v -0.495713 -0.571406 0.432368
v -0.519874 -0.180277 -0.447109
v -0.540819 0.089789 -0.214419
v -0.463306 0.140324 -0.226784
v -0.461640 0.137500 0.232499
v -0.485729 -0.740867 -0.289467
v -0.525973 -0.698841 0.300445
v -0.500037 -0.832480 0.066419
v -0.506907 -0.827219 -0.069486
v -0.497227 -0.662369 0.368184
v -0.495893 -0.570235 -0.434220
v -0.501721 -0.728330 0.288183
v -0.463872 -0.778724 0.250811
v -0.468411 -0.397673 -0.504034
v -0.470221 0.158288 -0.176273
v -0.485117 0.178917 -0.095416
v -0.438769 -0.028026 0.437581
v -0.448523 -0.118264 -0.475982
v -0.449875 0.108752 -0.301868
v -0.484735 -0.330556 0.490766
v -0.437607 0.216944 0.062383
v -0.450015 -0.820470 -0.194549
v -0.412611 -0.890050 -0.069823
v -0.437613 -0.029968 -0.441124
v -0.449495 0.106353 0.304098
v -0.484133 -0.593010 0.428055
v -0.438546 -0.501197 0.496705
v -0.428473 0.208061 0.123872
v -0.468262 -0.395095 0.502494
v -0.393138 -0.605649 -0.479019
v -0.442978 -0.503029 -0.496207
v -0.478177 -0.220746 -0.484693
v -0.400992 -0.219557 -0.534112
v -0.436340 -0.683264 0.401302
v -0.447095 0.213675 -0.001437
v -0.433915 0.220394 -0.058649
v -0.438425 -0.692272 -0.401341
v -0.436154 -0.719203 0.362420
v -0.422943 -0.095002 0.483682
v -0.412283 -0.890313 0.068672
v -0.445998 0.054163 0.367350
v -0.443785 0.055703 -0.369224
v -0.425422 0.206111 -0.134487
v -0.404309 -0.752981 -0.347906
v -0.377909 -0.820604 -0.290199
v -0.382405 -0.715356 0.407014
v -0.399969 -0.221753 0.533308
v -0.346456 -0.445699 -0.548114
v -0.391450 -0.859065 0.196551
v -0.389372 0.249166 0.079629
v -0.381551 -0.336320 0.545710
v -0.398799 -0.604401 0.475179
v -0.336415 -0.485486 0.545359
v -0.382071 0.018916 0.443609
v -0.375553 -0.821538 0.289159
v -0.408744 0.245106 0.030875
v -0.381478 -0.335396 -0.547578
v -0.423047 -0.094254 -0.485029
v -0.356585 0.097463 -0.379095
v -0.422890 0.219525 -0.104179
v -0.392891 0.177088 -0.228909
v -0.378260 0.021252 -0.444589
v -0.396137 -0.021483 0.458301
v -0.392081 -0.858825 -0.198224
v -0.422336 0.379451 0.019841
v -0.418482 0.387502 0.017038
v -0.424132 0.376641 -0.002415
v -0.418605 0.387524 -0.015438
v -0.419100 0.377224 -0.039599
v -0.393350 0.185045 0.211334
v -0.403034 0.247804 0.048953
v -0.381308 0.250947 -0.092819
v -0.406617 0.247338 -0.038843
v -0.410734 0.245363 -0.018243
v -0.418374 0.377514 0.041894
v -0.412553 0.388152 0.045685
v -0.408399 0.392118 -0.009719
v -0.377526 0.242283 -0.113918
v -0.390278 -0.628058 0.463346
v -0.412522 0.380521 0.058581
v -0.413611 0.379022 -0.056138
v -0.410875 0.249094 -0.003369
v -0.397777 0.391619 0.076705
v -0.396894 0.249302 0.063708
v -0.393487 0.393210 -0.082759
v -0.404615 0.382081 0.074697
v -0.396889 0.248986 -0.065626
v -0.405826 0.380707 -0.073551
v -0.395427 0.394852 0.058404
v -0.345327 0.148215 -0.314279
v -0.351177 0.094581 0.384862
v -0.395003 0.383562 -0.090494
v -0.398113 0.227342 0.119021
v -0.374902 -0.668466 -0.450454
v -0.392811 0.382858 0.092603
v -0.375755 0.251026 0.098747
v -0.372446 0.399793 -0.094700
v -0.365751 -0.181615 0.532060
v -0.375899 0.396933 0.102771
v -0.377456 0.255126 0.095626
v -0.341957 -0.083275 0.508273
v -0.360741 -0.730974 -0.407285
v -0.294357 -0.006469 -0.488612
v -0.377917 0.387450 0.109058
v -0.319742 0.160175 0.310535
v -0.362754 0.060987 -0.413376
v -0.258560 -0.192338 -0.570135
v -0.324482 -0.909474 0.112684
v -0.356737 -0.910659 -0.066221
v -0.363805 0.399157 -0.114589
v -0.258526 -0.190822 0.568094
v -0.379764 0.386401 -0.108606
v -0.281217 -0.078164 -0.530108
v -0.272127 -0.940273 0.067271
v -0.340019 0.406355 0.114060
v -0.364173 0.389055 -0.121784
v -0.274165 -0.940145 -0.064648
v -0.366235 -0.774729 -0.351701
v -0.361363 -0.729177 0.407638
v -0.306776 -0.894764 0.192185
v -0.356100 0.254480 0.117942
v -0.321286 0.232305 -0.177765
v -0.360162 0.253128 -0.116306
v -0.352015 0.250492 0.123704
v -0.355179 0.051343 0.422581
v -0.292683 -0.326123 -0.573359
v -0.296904 -0.847953 -0.297051
v -0.332654 0.409788 0.053850
v -0.323652 0.231286 0.176380
v -0.335686 -0.484572 -0.547339
v -0.289502 -0.624240 -0.511231
v -0.349045 0.393956 0.129932
v -0.346583 0.402755 0.124102
v -0.324773 0.192962 0.251389
v -0.339903 0.100647 -0.385260
v -0.334645 0.254777 -0.135457
v -0.355650 0.404634 -0.001173
v -0.346960 0.406509 -0.034893
v -0.331599 0.405178 -0.133571
v -0.328771 0.410126 -0.057861
v -0.308948 -0.651473 0.483712
v -0.348306 0.405021 0.026794
v -0.349701 0.392664 -0.131339
v -0.306342 0.410812 -0.138545
v -0.270832 -0.136413 -0.550546
v -0.307840 -0.894212 -0.194630
v -0.306187 -0.573923 -0.524462
v -0.307325 0.108067 0.391909
v -0.295873 -0.848249 0.295589
v -0.348349 0.403096 -0.020270
v -0.348214 0.398985 0.002702
v -0.338376 0.405036 -0.040649
v -0.295361 -0.001929 0.483534
v -0.333042 0.394593 0.138271
v -0.340717 0.400135 0.028991
v -0.342698 0.399673 -0.026216
v -0.318545 0.254057 0.144905
v -0.335295 0.253563 0.133999
v -0.344436 0.379019 0.003227
v -0.332931 0.284637 -0.015963
v -0.328124 0.396407 -0.141140
v -0.334500 0.282528 -0.001156
v -0.342297 0.435278 -0.007558
v -0.342264 0.448968 0.011900
v -0.342160 0.465781 0.010438
v -0.342101 0.434471 -0.000530
v -0.338592 0.464471 -0.002791
v -0.332855 0.281006 0.011691
v -0.312924 0.160839 -0.314834
v -0.338557 0.471969 0.028866
v -0.339014 0.437287 0.013018
v -0.338457 0.417476 -0.012722
v -0.273359 0.116577 -0.395904
v -0.316524 0.260443 0.142663
v -0.335134 0.440773 -0.018855
v -0.337698 0.485103 0.026475
v -0.334386 0.399678 -0.040043
v -0.335017 0.413849 -0.003380
v -0.338510 0.517998 0.005519
v -0.338524 0.495706 -0.013497
v -0.332140 0.493755 -0.003613
v -0.336858 0.419758 -0.021109
v -0.340053 0.525810 -0.006153
v -0.336430 0.538727 -0.006413
v -0.334550 0.524253 -0.020819
v -0.336539 0.545233 0.010306
v -0.336680 0.497494 -0.028419
v -0.336567 0.488984 0.017414
v -0.334580 0.482517 0.036628
v -0.329511 0.495308 0.010275
v -0.311118 -0.329038 0.566005
v -0.333046 0.400147 0.040459
v -0.319817 -0.482789 0.549046
v -0.334614 0.547839 0.018868
v -0.331619 0.468486 0.036317
v -0.330843 0.471284 -0.036343
v -0.324461 0.409813 0.056127
v -0.331174 0.510210 0.009223
v -0.330665 0.505122 0.026561
v -0.326960 0.567093 0.018823
v -0.331547 0.438627 0.019118
v -0.329199 0.491732 -0.040134
v -0.329763 0.451824 -0.016810
v -0.326965 0.413079 -0.034069
v -0.332788 0.530811 0.020431
v -0.323300 0.284698 -0.037624
v -0.329162 0.553928 -0.001036
v -0.324751 0.453352 -0.033739
v -0.330196 0.398520 -0.029401
v -0.330725 0.278148 -0.015529
v -0.332786 0.278209 0.004074
v -0.329582 0.479585 -0.001212
v -0.327144 0.500808 0.044490
v -0.323759 0.191242 -0.256904
v -0.329153 0.393991 -0.024813
v -0.321240 0.500523 0.007020
v -0.330432 0.278914 0.016929
v -0.328802 0.401191 0.015599
v -0.331940 0.369887 0.005619
v -0.330342 0.390616 0.030660
v -0.330684 0.372394 0.019630
v -0.328716 0.411122 0.027259
v -0.324748 0.281053 0.031541
v -0.281891 -0.077145 0.527720
v -0.327342 0.512267 -0.032745
v -0.326933 0.381515 0.000258
v -0.326823 0.276721 0.014680
v -0.326861 0.354704 -0.009332
v -0.324147 0.479325 0.043898
v -0.327173 0.553438 0.032861
v -0.316511 0.408665 0.136113
v -0.326848 0.399860 -0.035849
v -0.324761 0.434191 -0.026571
v -0.286187 -0.734737 0.429428
v -0.326489 0.367560 0.021892
v -0.320232 0.549454 0.037685
v -0.292395 -0.625474 0.508410
v -0.328946 0.276181 -0.008834
v -0.320578 0.276940 -0.020311
v -0.320889 0.402413 0.051718
v -0.322947 0.490764 0.000813
v -0.321268 0.481637 -0.003637
v -0.324961 0.343456 -0.006250
v -0.329097 0.575262 -0.016669
v -0.328060 0.589606 -0.007683
v -0.325111 0.585009 -0.025145
v -0.322569 0.517923 0.040894
v -0.320178 0.357572 -0.016003
v -0.326771 0.554393 -0.025516
v -0.327006 0.569910 -0.010436
v -0.323320 0.405401 0.044239
v -0.324599 0.415862 0.043969
v -0.319102 0.573079 0.038482
v -0.323413 0.535526 -0.019401
v -0.321829 0.394567 0.041376
v -0.324998 0.558749 -0.038211
v -0.322256 0.278033 0.031301
v -0.324669 0.278356 -0.005037
v -0.318360 0.323920 0.044671
v -0.319104 0.305966 0.043714
v -0.315666 0.522639 0.021602
v -0.323354 0.494466 -0.042506
v -0.324563 0.349360 0.006004
v -0.321269 0.574765 0.027321
v -0.322763 0.278813 0.018508
v -0.314732 0.466903 -0.053204
v -0.323017 0.431570 0.038088
v -0.314449 0.343231 0.050440
v -0.312093 0.413939 0.069784
v -0.320140 0.505473 0.009636
v -0.321161 0.496516 0.004910
v -0.314687 0.431934 0.012567
v -0.320431 0.559753 -0.000592
v -0.317062 0.549890 -0.009414
v -0.317605 0.462249 -0.013287
v -0.317092 0.280937 -0.017152
v -0.321277 0.346844 -0.018914
v -0.322954 0.575570 0.000382
v -0.319583 0.465854 -0.010871
v -0.319609 0.469955 -0.008703
v -0.311979 0.404229 -0.001044
v -0.322749 0.601919 0.011665
v -0.321605 0.480528 -0.006696
v -0.317448 0.449800 -0.051299
v -0.310825 0.533352 0.032489
v -0.317872 0.371774 0.028541
v -0.319443 0.472691 -0.010543
v -0.319175 0.613358 0.014444
v -0.319411 0.610195 -0.003891
v -0.319296 0.396638 -0.042157
v -0.320977 0.459152 -0.014044
v -0.323136 0.541853 -0.034354
v -0.313718 0.279295 -0.044561
v -0.324448 0.296471 0.012794
v -0.321430 0.508068 0.012855
v -0.310685 0.579980 0.014957
v -0.319225 0.279597 0.024725
v -0.321531 0.566109 -0.040528
v -0.318962 0.280399 0.039700
v -0.321209 0.477723 -0.005037
v -0.313169 0.525640 -0.026990
v -0.317085 0.328223 -0.018521
v -0.321725 0.493146 0.004805
v -0.317127 0.440305 0.050563
v -0.319118 0.335139 -0.022058
v -0.314932 0.381400 -0.045610
v -0.315694 0.399507 0.143309
v -0.317465 0.310695 0.043265
v -0.297723 0.254727 -0.156341
v -0.319256 0.545087 -0.047688
v -0.294310 0.262158 -0.152152
v -0.311853 0.418070 0.004789
v -0.315117 0.510293 0.053652
v -0.318631 0.277865 0.028054
v -0.311072 0.321937 -0.014063
v -0.316882 0.547437 -0.014830
v -0.313628 0.529346 0.024692
v -0.312084 0.533556 0.026462
v -0.312255 0.624391 0.013102
v -0.319767 0.511620 0.013119
v -0.316240 0.608877 -0.009933
v -0.317050 0.442113 -0.048275
v -0.313751 0.517421 -0.028821
v -0.319388 0.300039 -0.001751
v -0.317499 0.456097 -0.014676
v -0.313487 0.402005 -0.057268
v -0.315397 0.522928 0.049472
v -0.317945 0.406365 0.047628
v -0.315710 0.561982 0.044013
v -0.315170 0.568599 0.004787
v -0.316821 0.561216 -0.002999
v -0.284115 0.265050 0.152436
v -0.311590 0.453990 0.023182
v -0.314791 0.484262 0.046002
v -0.315467 0.544095 -0.013188
v -0.307803 0.278722 -0.044635
v -0.311980 0.440492 -0.020547
v -0.315984 0.536118 -0.016866
v -0.311165 0.456016 0.050198
v -0.315725 0.529841 -0.022552
v -0.315691 0.497938 0.051670
v -0.316956 0.552962 -0.010645
v -0.315723 0.491228 -0.045099
v -0.312486 0.393571 0.041527
v -0.307686 0.384087 -0.005226
v -0.308168 0.283412 -0.053449
v -0.315385 0.328558 0.020189
v -0.253259 0.422097 0.122158
v -0.309245 0.390907 -0.004450
v -0.255091 0.218269 -0.244077
v -0.315252 0.455119 -0.017785
v -0.314770 0.339025 0.045850
v -0.307077 0.327443 -0.034262
v -0.310805 0.447374 0.024857
v -0.312845 0.558180 -0.048653
v -0.313144 0.352936 0.053759
v -0.315445 0.568290 0.001059
v -0.319135 0.603385 0.018405
v -0.311649 0.601239 0.024676
v -0.312923 0.279468 0.032086
v -0.302141 0.381387 -0.050034
v -0.311434 0.438282 0.017647
v -0.314379 0.434340 -0.042907
v -0.313515 0.434806 0.055678
v -0.302044 0.542577 0.048861
v -0.316337 0.587157 -0.030034
v -0.311225 0.406880 0.005073
v -0.309481 0.397904 0.000726
v -0.313451 0.527854 -0.052093
v -0.311021 0.621448 0.028090
v -0.315790 0.332341 0.046740
v -0.312269 0.520876 -0.026690
v -0.309831 0.324874 0.010649
v -0.307313 0.458060 0.025275
v -0.312347 0.309244 0.051067
v -0.308256 0.533881 -0.057467
v -0.311428 0.443615 -0.022180
v -0.312965 0.307561 0.044955
v -0.295963 0.351302 -0.021021
v -0.311278 0.427284 0.011493
v -0.313767 0.277733 0.034136
v -0.308582 0.463386 0.026438
v -0.309091 0.279783 0.047665
v -0.311187 0.515451 -0.046565
v -0.308018 0.628778 0.026193
v -0.308111 0.359263 0.054658
v -0.283422 -0.742480 -0.424451
v -0.313121 0.309273 0.047649
v -0.311233 0.421216 0.010454
v -0.312925 0.574448 0.009104
v -0.309753 0.581517 0.013043
v -0.307349 0.318806 -0.034060
v -0.311318 0.529958 0.027736
v -0.308429 0.385937 -0.007396
v -0.309436 0.365580 -0.044455
v -0.281122 0.323585 -0.032158
v -0.311335 0.447590 0.055961
v -0.313404 0.433847 0.014963
v -0.307548 0.588328 0.041992
v -0.311535 0.431428 0.013331
v -0.312576 0.424611 0.010395
v -0.309419 0.393408 -0.001473
v -0.311232 0.348452 0.050896
v -0.299663 0.414793 0.069148
v -0.308973 0.424180 0.055529
v -0.301758 0.594451 0.024986
v -0.307393 0.574952 -0.037697
v -0.310275 0.610456 -0.010680
v -0.291474 0.307568 -0.009156
v -0.307481 0.526201 0.055657
v -0.307068 0.426831 -0.024367
v -0.302268 0.367678 0.022663
v -0.305906 0.371623 0.058731
v -0.303235 0.456008 -0.057423
v -0.298160 0.295548 -0.062240
v -0.300937 0.284871 0.057473
v -0.305907 0.542106 0.032508
v -0.304248 0.500803 -0.034498
v -0.306562 0.485750 -0.045752
v -0.307608 0.435582 -0.024108
v -0.308370 0.432785 -0.022589
v -0.304389 0.585782 0.048741
v -0.300250 0.351618 0.015054
v -0.300467 0.433941 0.057663
v -0.311033 0.440030 -0.024596
v -0.305561 0.554585 0.042285
v -0.299934 0.349621 -0.018001
v -0.305676 0.562371 0.047762
v -0.309735 0.516593 -0.032654
v -0.309557 0.396524 -0.002905
v -0.299539 0.285777 -0.018532
v -0.300499 0.343849 0.010604
v -0.301790 0.379436 0.060554
v -0.305686 0.586748 0.019844
v -0.296834 0.362540 -0.055382
v -0.298372 0.438917 -0.061265
v -0.305025 0.432827 -0.057870
v -0.306869 0.470707 0.028568
v -0.309520 0.354435 0.052975
v -0.309556 0.453128 0.022840
v -0.303738 0.616343 0.036488
v -0.310438 0.314807 0.050021
v -0.305045 0.547297 0.034344
v -0.300799 0.355195 0.017426
v -0.297345 0.296534 -0.034920
v -0.298087 0.546293 -0.052132
v -0.305345 0.467521 0.028733
v -0.296253 0.299221 -0.021578
v -0.299062 0.471424 0.057394
v -0.306253 0.364362 0.057060
v -0.307703 0.508413 -0.033021
v -0.298298 0.402107 0.146397
v -0.297028 0.635310 0.014745
v -0.309012 0.584182 0.016669
v -0.295593 0.410131 -0.065304
v -0.297908 0.414887 -0.069615
v -0.292733 0.580620 0.055553
v -0.301825 0.362564 -0.012964
v -0.306124 0.544765 -0.055320
v -0.305525 0.429886 -0.025730
v -0.301916 0.453092 0.061184
v -0.300435 0.413137 -0.028401
v -0.300999 0.387085 0.030327
v -0.303612 0.406830 0.061241
v -0.301916 0.419988 -0.026875
v -0.293231 0.403553 -0.052069
v -0.301031 0.546482 0.037945
v -0.299687 0.338567 0.010689
v -0.303786 0.591255 0.021068
v -0.297800 0.348778 -0.048293
v -0.303432 0.379343 0.047778
v -0.303817 0.627120 0.036446
v -0.275835 0.261733 0.155793
v -0.296634 0.538359 0.057420
v -0.298443 0.403368 -0.147397
v -0.303491 0.473768 0.030969
v -0.303018 0.481090 0.033060
v -0.263317 0.235937 0.201800
v -0.299785 0.499774 -0.054152
v -0.303689 0.369903 0.057052
v -0.293317 0.512187 0.051891
v -0.299918 0.637332 0.024430
v -0.307186 0.612106 -0.029348
v -0.306147 0.637123 -0.010965
v -0.307296 0.630675 -0.027087
v -0.294643 0.610100 -0.008743
v -0.299151 0.596262 -0.018485
v -0.266639 0.421473 0.072859
v -0.305534 0.378727 -0.007575
v -0.301480 0.322886 0.059931
v -0.292271 0.523071 0.057624
v -0.302034 0.280199 0.032542
v -0.305306 0.618919 -0.018048
v -0.299114 0.284058 -0.059653
v -0.299395 0.483432 0.034943
v -0.300148 0.521816 -0.061453
v -0.287934 -0.483467 0.555147
v -0.300908 0.657675 -0.006572
v -0.303432 0.642309 -0.002681
v -0.303746 0.614405 -0.044224
v -0.301873 0.492395 -0.037419
v -0.302914 0.589997 -0.042496
v -0.303198 0.600486 -0.046884
v -0.299318 0.381868 0.031829
v -0.299864 0.403398 0.037881
v -0.299183 0.592516 -0.020399
v -0.296316 0.582776 -0.026782
v -0.293018 0.281857 0.059016
v -0.303968 0.425264 -0.024949
v -0.296135 0.600240 0.041310
v -0.303192 0.322798 0.055904
v -0.301832 0.367042 -0.011277
v -0.295211 0.282883 0.028431
v -0.300228 0.336209 0.006841
v -0.295473 0.408397 -0.031445
v -0.299788 0.416104 -0.028629
v -0.297342 0.281453 0.040357
v -0.295521 0.576886 -0.032615
v -0.293947 0.319722 0.002758
v -0.293783 0.406714 -0.064342
v -0.301547 0.647039 -0.025762
v -0.299116 0.330295 0.009029
v -0.291802 0.452807 0.061398
v -0.298664 0.506347 -0.059681
v -0.291867 0.314632 -0.002225
v -0.296406 0.313646 -0.041663
v -0.294315 0.529156 0.059510
v -0.299609 0.344781 0.014280
v -0.300676 0.357869 0.021132
v -0.293995 0.484227 -0.038547
v -0.301296 0.368089 0.026257
v -0.295630 0.498191 0.038214
v -0.301750 0.374770 0.026609
v -0.292160 0.565676 -0.032846
v -0.300377 0.550646 0.036558
v -0.296929 0.621044 -0.048922
v -0.293751 0.558846 -0.037669
v -0.298450 0.605943 -0.053130
v -0.294751 0.401399 -0.030527
v -0.295266 0.318997 -0.039937
v -0.292602 0.645521 0.010775
v -0.295532 0.332702 0.059452
v -0.292079 0.311918 -0.001018
v -0.296266 0.600967 0.029060
v -0.294269 0.570182 0.051872
v -0.288415 0.411384 -0.064336
v -0.291694 0.297839 -0.043826
v -0.300350 0.493669 -0.036515
v -0.293268 0.488903 0.049916
v -0.297845 0.380461 0.058318
v -0.301389 0.652946 0.002180
v -0.281761 0.361297 -0.050348
v -0.288849 -0.480159 -0.557331
v -0.294871 0.577266 -0.056002
v -0.297715 0.286424 -0.028880
v -0.301453 0.479725 0.032684
v -0.298166 0.391869 0.032569
v -0.293723 0.402749 -0.032097
v -0.298150 0.356666 -0.015228
v -0.291790 0.431339 0.049022
v -0.294566 0.556118 0.038314
v -0.301136 0.326580 0.058236
v -0.291322 0.334855 -0.022670
v -0.303020 0.482226 0.032568
v -0.295849 0.587792 -0.025428
v -0.292039 0.305553 -0.004675
v -0.293614 0.613538 -0.010803
v -0.292048 0.482147 -0.041838
v -0.294410 0.643433 -0.036415
v -0.292554 0.391908 0.063178
v -0.286167 0.644660 0.044203
v -0.297444 0.589745 -0.055744
v -0.289633 0.511799 -0.063382
v -0.248191 0.214796 0.252437
v -0.293481 0.389535 0.059453
v -0.298863 0.379912 0.061185
v -0.297858 0.489060 0.036289
v -0.296756 0.286816 -0.037736
v -0.288415 0.298868 -0.009339
v -0.288077 0.292427 -0.013769
v -0.296839 0.396448 0.033872
v -0.289948 0.410560 0.051555
v -0.295888 0.328883 0.062073
v -0.294301 0.285879 -0.019547
v -0.292015 0.619214 -0.006804
v -0.295570 0.350143 -0.019154
v -0.289559 0.304861 0.032403
v -0.296019 0.600471 -0.017588
v -0.295888 0.596971 -0.019680
v -0.296050 0.592910 -0.021059
v -0.285589 0.519923 -0.059820
v -0.299153 0.489563 -0.036492
v -0.291039 0.369241 -0.052710
v -0.292513 0.664747 -0.015056
v -0.297800 0.330750 0.006962
v -0.285788 0.666450 0.026234
v -0.262716 -0.914258 -0.186218
v -0.289887 0.549047 0.055109
v -0.274168 0.420157 -0.072240
v -0.276263 0.417913 -0.129171
v -0.291823 0.669126 0.017378
v -0.295051 0.478750 -0.040869
v -0.285146 0.339356 -0.055913
v -0.282574 0.444769 -0.055969
v -0.195659 0.188989 -0.323584
v -0.289902 0.551086 -0.040092
v -0.291811 0.282121 0.029554
v -0.274253 0.415346 -0.140988
v -0.284506 0.484385 0.060431
v -0.293571 0.621229 -0.000585
v -0.291938 0.614181 -0.007725
v -0.294930 0.344874 -0.018611
v -0.226612 0.060665 -0.456537
v -0.295476 0.494725 0.038358
v -0.293072 0.287549 0.028405
v -0.283711 0.387852 -0.035927
v -0.293070 0.414112 0.036417
v -0.273811 0.417276 0.067925
v -0.296109 0.602549 -0.015183
v -0.292555 0.636490 0.044705
v -0.291712 0.288332 -0.020400
v -0.291942 0.282090 0.056063
v -0.288358 0.602487 -0.059390
v -0.292207 0.604387 0.032938
v -0.250697 0.269680 -0.157187
v -0.249785 0.255443 -0.174390
v -0.290792 0.396058 -0.030619
v -0.294421 0.403906 0.035472
v -0.291811 0.338293 -0.022529
v -0.289033 0.562229 0.040362
v -0.288976 0.284376 0.063405
v -0.279245 0.288348 -0.069549
v -0.290140 0.289913 -0.015055
v -0.286111 0.330330 -0.026629
v -0.289569 0.500696 0.040364
v -0.291686 0.477180 -0.040222
v -0.285443 0.679262 0.020178
v -0.280655 0.468853 -0.050127
v -0.286194 0.557229 -0.056610
v -0.286839 0.470188 0.063335
v -0.282700 0.625109 0.047960
v -0.289265 0.627629 0.047291
v -0.292085 0.288647 -0.045274
v -0.287945 0.408592 0.064618
v -0.291667 0.621429 -0.002957
v -0.288652 0.552924 -0.041618
v -0.292003 0.502702 0.039716
v -0.292115 0.342027 -0.021000
v -0.290596 0.555779 -0.037418
v -0.280479 0.567189 0.042177
v -0.286924 0.424157 0.041778
v -0.290458 0.417629 0.036481
v -0.291795 0.420307 0.038167
v -0.284973 0.416199 -0.065504
v -0.291773 0.338616 0.061676
v -0.288173 0.628908 0.001161
v -0.288543 0.609308 0.034447
v -0.283268 0.414544 0.139771
v -0.291927 0.309515 -0.003273
v -0.277898 0.313219 -0.032367
v -0.287994 0.621527 -0.051605
v -0.289579 0.628713 0.005337
v -0.291714 0.411231 0.036694
v -0.192401 0.187492 0.324614
v -0.262069 -0.863387 -0.290156
v -0.278416 0.327498 0.045742
v -0.289451 0.291972 0.031996
v -0.285818 0.286138 0.061997
v -0.283260 0.567541 -0.063798
v -0.289842 0.471666 -0.038430
v -0.284984 0.602637 0.052819
v -0.278828 0.683606 0.003959
v -0.281611 0.349663 0.061765
v -0.288241 0.302607 -0.008275
v -0.288197 0.335428 -0.023377
v -0.281679 0.640891 0.016400
v -0.278630 0.480658 -0.059504
v -0.281643 0.352165 -0.056018
v -0.282825 0.415969 -0.066298
v -0.288077 0.397369 0.062253
v -0.285117 0.511690 0.038139
v -0.285893 0.383705 -0.032508
v -0.284992 0.433252 0.039409
v -0.286683 0.544336 -0.039503
v -0.285861 0.534482 -0.048531
v -0.287222 0.650862 -0.032372
v -0.290887 0.292806 0.029548
v -0.264373 0.658128 0.034387
v -0.281595 0.495515 0.056320
v -0.285637 0.465841 -0.038317
v -0.286454 0.470756 -0.038303
v -0.282537 0.637354 0.012281
v -0.287864 0.426524 0.040290
v -0.284131 0.299755 0.066444
v -0.285112 0.290366 0.064520
v -0.284123 0.405011 0.061923
v -0.280382 0.586710 0.057466
v -0.277371 0.602864 0.056417
v -0.263360 -0.914184 0.184424
v -0.286746 0.347808 0.064589
v -0.275256 0.285759 -0.060772
v -0.287918 0.504540 0.040152
v -0.285625 0.307768 0.036001
v -0.285484 0.318529 0.038927
v -0.275328 0.296974 -0.047027
v -0.283627 0.296408 -0.047774
v -0.287663 0.421158 0.038796
v -0.285954 0.402975 -0.062323
v -0.283508 0.639269 -0.040025
v -0.282430 0.405296 0.147284
v -0.280663 0.642284 0.012757
v -0.279361 0.339382 -0.057956
v -0.288154 0.301522 0.032181
v -0.284633 0.588684 -0.063379
v -0.278578 0.317434 0.058072
v -0.282394 0.404443 -0.148721
v -0.284443 0.610282 0.036489
v -0.281708 0.293861 0.063473
v -0.279021 0.497730 -0.063256
v -0.269708 0.479616 0.056701
v -0.282082 0.457792 -0.038435
v -0.278202 0.531274 -0.040045
v -0.281298 0.669867 -0.014362
v -0.283919 0.436330 0.040438
v -0.274176 0.320931 0.068100
v -0.276088 0.688154 0.014386
v -0.284886 0.313679 0.037227
v -0.283320 0.398795 -0.065611
v -0.284212 0.567249 0.043322
v -0.271973 0.540850 0.055622
v -0.266556 0.670931 0.039825
v -0.276901 0.285574 -0.067168
v -0.279474 0.327120 -0.051607
v -0.283910 0.387052 -0.032640
v -0.270663 0.640144 0.055637
v -0.273226 0.563383 0.052003
v -0.278408 0.394702 -0.061657
v -0.272918 0.685451 0.035083
v -0.277607 0.646329 0.050956
v -0.276258 0.418476 -0.065872
v -0.232100 -0.321761 0.586974
v -0.281098 0.331132 0.043456
v -0.280146 0.531728 -0.040183
v -0.283230 0.322850 0.040027
v -0.280760 0.328424 0.042661
v -0.275535 0.688654 0.025582
v -0.280336 0.299789 0.066062
v -0.281631 0.319211 0.040272
v -0.282096 0.320826 -0.030035
v -0.279266 0.595070 -0.061426
v -0.278884 0.614643 0.038461
v -0.275389 0.456767 0.039613
v -0.282056 0.464961 -0.038483
v -0.282146 0.377573 -0.032061
v -0.281383 0.411493 0.063840
v -0.281987 0.408865 0.061600
v -0.279594 0.515704 0.039467
v -0.277649 0.645981 0.021041
v -0.276702 0.291466 -0.052147
v -0.163434 -0.019468 -0.517023
v -0.279262 0.441622 0.041605
v -0.281620 0.443622 0.040253
v -0.279376 0.371284 -0.033777
v -0.279891 0.381201 -0.032641
v -0.275991 0.361567 0.063806
v -0.268187 0.418456 -0.061412
v -0.278880 0.519378 0.037893
v -0.280128 0.377765 -0.032436
v -0.277755 0.572564 0.042398
v -0.276629 0.615616 -0.050632
v -0.272824 0.390602 -0.065041
v -0.264074 0.490156 -0.057820
v -0.264081 0.456560 0.048054
v -0.279131 0.659068 -0.024063
v -0.279033 -0.066339 0.522344
v -0.275927 0.450202 -0.038325
v -0.260616 0.416374 -0.057438
v -0.276237 0.455375 -0.038357
v -0.256379 0.354963 -0.046877
v -0.276297 0.648279 0.018696
v -0.272192 0.553436 0.057366
v -0.278661 0.525825 -0.041760
v -0.275909 0.551320 -0.061321
v -0.277122 0.450549 0.039428
v -0.270457 0.321384 0.065497
v -0.273390 0.333690 0.054666
v -0.272296 0.362100 0.066271
v -0.276165 0.375249 -0.032985
v -0.263046 0.501398 0.055398
v -0.260256 0.600430 0.057487
v -0.278830 0.414148 0.062915
v -0.273130 0.325813 -0.055682
v -0.276603 0.316372 -0.030829
v -0.271657 0.349049 0.043304
v -0.276412 0.338580 0.044101
v -0.277537 0.372422 -0.030574
v -0.270642 0.536922 -0.055829
v -0.270547 0.617535 0.042117
v -0.279364 0.330034 0.042587
v -0.273855 0.635467 -0.034446
v -0.263222 -0.863132 0.288744
v -0.264186 0.369643 0.052347
v -0.257345 0.296923 -0.036571
v -0.262790 0.551367 0.054165
v -0.255076 0.595444 0.053416
v -0.271492 0.575903 0.040554
v -0.273396 0.647097 -0.028498
v -0.268236 0.361792 -0.030560
v -0.264692 0.336625 0.067610
v -0.274255 0.364318 -0.030565
v -0.271233 0.651639 0.023284
v -0.272941 0.521926 -0.038931
v -0.263656 0.331138 -0.052687
v -0.273910 0.527451 0.036655
v -0.272307 0.652969 0.047807
v -0.270320 0.510566 0.051733
v -0.269898 0.561623 -0.065203
v -0.272085 0.654679 -0.022316
v -0.274100 0.371290 -0.030817
v -0.272053 0.311286 -0.034168
v -0.274051 0.516604 -0.036327
v -0.274436 0.621649 -0.043957
v -0.274347 0.639256 -0.032285
v -0.268006 0.301849 -0.034225
v -0.261712 -0.623128 0.513382
v -0.273354 0.342880 0.042991
v -0.260155 0.496671 -0.044286
v -0.265187 0.289533 -0.054068
v -0.272213 0.464879 0.038968
v -0.266338 0.418420 -0.065489
v -0.273543 0.618984 0.040336
v -0.235749 -0.819727 -0.348672
v -0.265037 0.380637 -0.065527
v -0.269031 0.327617 -0.056764
v -0.275930 0.678763 -0.030891
v -0.272244 0.653998 -0.054120
v -0.275836 0.659652 -0.037617
v -0.269708 0.680521 0.040329
v -0.274139 0.673085 -0.023854
v -0.271823 0.444285 -0.038332
v -0.265522 0.650136 0.055665
v -0.270645 0.620360 -0.042561
v -0.267663 0.664901 -0.015323
v -0.270405 0.684373 -0.042305
v -0.256023 0.699666 0.032153
v -0.262927 0.420524 0.066491
v -0.271930 0.694256 -0.013628
v -0.183773 -0.716710 0.461738
v -0.263812 0.561015 -0.063431
v -0.269164 0.530655 0.034483
v -0.262069 0.625216 0.042137
v -0.268322 0.467227 0.038254
v -0.271180 0.483759 -0.061362
v -0.272302 0.449454 -0.038327
v -0.253122 0.689732 0.008856
v -0.271508 0.625355 -0.043749
v -0.270308 0.358200 -0.030413
v -0.271936 0.512871 -0.034936
v -0.270477 0.669034 -0.051797
v -0.271899 0.650821 -0.031035
v -0.262738 0.454329 -0.051698
v -0.266035 0.436402 -0.038206
v -0.270505 0.649298 -0.027153
v -0.272158 0.367663 0.063932
v -0.232730 0.270533 0.154651
v -0.268203 0.655300 -0.023614
v -0.270295 0.634210 -0.056333
v -0.265463 0.693187 0.035648
v -0.269201 0.612657 -0.045354
v -0.264342 0.672150 -0.008816
v -0.267070 0.507889 -0.032421
v -0.268411 0.703895 -0.019511
v -0.266499 0.666496 -0.016579
v -0.262940 0.564638 0.052773
v -0.263753 0.536324 0.032553
v -0.220357 0.119700 0.399891
v -0.262015 0.312730 -0.051741
v -0.262643 0.695527 0.019695
v -0.263449 0.367240 0.043120
v -0.265271 0.597111 -0.047216
v -0.245835 0.557634 0.041540
v -0.238881 0.244548 -0.196921
v -0.256653 0.414520 -0.055218
v -0.265316 0.649757 -0.061467
v -0.270310 0.508641 -0.035108
v -0.265002 0.361082 0.043396
v -0.264748 0.624093 -0.061534
v -0.264570 0.348462 -0.030356
v -0.264341 0.373826 0.064756
v -0.260307 0.679951 -0.003065
v -0.263957 0.660594 0.031809
v -0.220885 0.427570 -0.107498
v -0.262760 0.611020 0.055260
v -0.251273 0.422604 -0.061695
v -0.266218 0.375276 0.061241
v -0.263337 0.298504 -0.034266
v -0.263856 0.668804 -0.055571
v -0.266080 0.330774 0.065436
v -0.264712 0.439537 -0.038504
v -0.252685 0.358116 0.063771
v -0.256920 0.348167 0.065288
v -0.268184 0.703836 -0.008288
v -0.233093 -0.321900 -0.588701
v -0.261708 0.587639 -0.046597
v -0.265820 0.580439 0.040593
v -0.262884 0.621631 0.042436
v -0.251873 0.448215 -0.049579
v -0.266090 0.500222 -0.030424
v -0.266389 0.357997 -0.030399
v -0.256121 0.469559 -0.055360
v -0.262635 0.698360 -0.036374
v -0.256025 0.410523 0.143474
v -0.257175 0.663081 0.034753
v -0.251079 0.662655 0.050655
v -0.261636 0.620915 0.045167
v -0.264226 0.476558 0.036574
v -0.264007 0.432873 -0.036587
v -0.260730 0.340962 0.063613
v -0.262682 0.672741 -0.010379
v -0.253835 0.368870 -0.060257
v -0.195599 -0.754761 0.436203
v -0.257987 0.705164 0.010166
v -0.257540 0.293421 -0.072657
v -0.247809 0.289732 -0.068592
v -0.261097 0.707643 -0.026861
v -0.257350 0.586788 0.041852
v -0.258741 0.680833 -0.004818
v -0.256849 0.537073 -0.057655
v -0.261514 0.581602 0.038439
v -0.248625 0.503584 0.040991
v -0.249409 0.688827 0.051755
v -0.256300 0.684220 -0.047740
v -0.261985 0.378160 -0.060941
v -0.256398 0.559788 -0.057912
v -0.262151 0.710799 0.003877
v -0.260806 0.605227 -0.057943
v -0.224569 -0.798280 0.375643
v -0.257822 0.293497 -0.036376
v -0.253030 0.689325 0.002928
v -0.261711 0.347175 -0.028640
v -0.261204 0.380888 0.062934
v -0.260077 0.369681 0.044158
v -0.243939 0.658302 0.057533
v -0.261029 0.525631 -0.051801
v -0.252308 0.628603 0.041403
v -0.258862 0.429767 -0.036404
v -0.259169 0.417050 -0.061391
v -0.256037 0.720205 0.006822
v -0.258053 0.638700 -0.065306
v -0.258271 0.423086 -0.039846
v -0.253580 0.694023 0.047598
v -0.258093 0.485720 0.030541
v -0.258403 0.373756 0.044456
v -0.258408 0.489502 -0.022101
v -0.262045 0.489567 -0.023322
v -0.254288 0.480271 -0.051936
v -0.250693 0.610876 0.055516
v -0.239411 0.311184 -0.036095
v -0.254917 0.721159 -0.008008
v -0.254662 0.524213 0.044106
v -0.251089 0.588401 0.035595
v -0.252389 0.506373 0.048133
v -0.258075 0.577287 -0.042388
v -0.253055 0.369752 -0.063620
v -0.256704 0.373791 -0.061780
v -0.259190 0.583961 -0.044280
v -0.255256 0.623744 -0.066026
v -0.258998 0.623402 0.042251
v -0.256552 0.337081 -0.026710
v -0.248759 0.457799 0.048389
v -0.260180 0.540811 0.030611
v -0.252339 0.513232 0.048059
v -0.260092 0.483337 -0.019712
v -0.197170 -0.753095 -0.437593
v -0.252250 0.718940 0.016752
v -0.255343 0.375626 0.044833
v -0.249348 0.667687 0.038369
v -0.250090 0.479468 -0.026928
v -0.247430 0.666226 0.040659
v -0.249931 0.706913 -0.030977
v -0.258135 0.385176 0.060242
v -0.247666 0.302069 -0.071419
v -0.252868 0.717210 -0.018840
v -0.241497 0.703480 0.044808
v -0.257020 0.380200 0.045923
v -0.235655 0.422364 0.129604
v -0.248231 0.424728 0.059774
v -0.249253 0.303602 -0.047473
v -0.219539 0.428908 -0.039011
v -0.254967 0.414624 -0.057356
v -0.256085 0.423914 -0.036313
v -0.258001 0.478152 -0.015678
v -0.250501 0.523448 -0.050079
v -0.255861 0.585483 0.036497
v -0.256505 0.481291 -0.016461
v -0.256686 0.424162 0.063232
v -0.252269 0.668560 -0.053895
v -0.256597 0.340726 -0.028050
v -0.249486 0.411423 -0.143436
v -0.256484 0.685982 0.000728
v -0.248997 0.542075 -0.054242
v -0.242200 0.683149 0.053354
v -0.245067 0.541969 -0.048586
v -0.246861 0.399553 0.043367
v -0.252183 0.694374 0.007486
v -0.253186 0.664953 0.036593
v -0.245962 0.578520 0.042169
v -0.253115 0.568966 -0.039568
v -0.256422 0.571383 -0.040495
v -0.246465 0.623466 -0.063911
v -0.254555 0.381567 0.043706
v -0.251099 0.635907 0.052242
v -0.242347 0.644318 0.057618
v -0.249611 0.482117 -0.038148
v -0.249466 0.291448 -0.040479
v -0.259309 0.264785 0.156946
v -0.254705 0.474966 -0.010797
v -0.250649 0.334753 -0.026372
v -0.244071 0.608324 -0.063366
v -0.247241 0.597443 -0.061470
v -0.249185 0.295439 -0.038246
v -0.253978 0.353001 0.062034
v -0.247192 0.479768 0.035746
v -0.254261 0.546263 0.026714
v -0.242338 0.564660 0.042565
v -0.243810 0.307401 -0.044031
v -0.253259 0.391203 0.057865
v -0.229978 0.424241 -0.126550
v -0.239220 0.358074 -0.058475
v -0.247421 0.497169 -0.030211
v -0.254870 0.470898 -0.010751
v -0.248868 0.364036 0.061561
v -0.254140 0.464068 -0.005662
v -0.239758 0.608545 0.051686
v -0.246245 0.407080 -0.051297
v -0.256393 0.490145 0.029026
v -0.253925 0.493389 0.024680
v -0.247039 0.396832 0.055690
v -0.249693 0.693858 -0.040162
v -0.254387 0.465592 -0.008518
v -0.252558 0.331222 -0.024930
v -0.249390 0.411126 -0.053508
v -0.242071 0.622780 0.048066
v -0.252998 0.382380 0.042222
v -0.219895 0.709872 0.032652
v -0.249209 0.360528 0.059896
v -0.252185 0.499463 0.022723
v -0.250838 0.387406 0.042324
v -0.242954 0.377340 0.054965
v -0.252433 0.461303 -0.003295
v -0.252790 0.561529 -0.037441
v -0.237181 0.530299 -0.035286
v -0.243817 0.729632 0.018296
v -0.243610 0.712365 0.024236
v -0.244454 0.469217 -0.004948
v -0.244732 0.669973 0.041715
v -0.248893 0.692086 0.009707
v -0.189691 -0.468301 -0.576421
v -0.237020 0.519328 0.025508
v -0.252260 0.454411 -0.000670
v -0.247827 0.367318 0.058306
v -0.250677 0.392702 0.040932
v -0.236708 0.291694 -0.051268
v -0.251684 0.501214 0.017123
v -0.243841 0.685644 -0.039265
v -0.136321 -0.078292 -0.540260
v -0.245044 0.696113 0.013730
v -0.247210 0.630561 0.040327
v -0.242187 0.323655 -0.025685
v -0.249507 0.558636 -0.032453
v -0.250652 0.555700 -0.032968
v -0.250269 0.451516 0.004918
v -0.244864 0.404845 -0.049436
v -0.248791 0.503604 0.014130
v -0.250392 0.448169 0.003310
v -0.238626 0.456089 -0.008688
v -0.243026 0.530830 -0.047841
v -0.245287 0.592284 0.031828
v -0.245408 0.720801 0.024239
v -0.246665 0.407243 -0.035115
v -0.247931 0.411779 -0.034401
v -0.143106 -0.066157 0.533319
v -0.250218 0.508807 0.009077
v -0.245113 0.471630 -0.042807
v -0.237138 0.732542 0.000778
v -0.248892 0.398619 0.052145
v -0.233042 0.422321 -0.038534
v -0.162145 -0.918482 -0.195258
v -0.213150 -0.943633 -0.067619
v -0.244151 0.294374 -0.045049
v -0.238945 0.575918 0.040224
v -0.243456 0.581960 -0.053726
v -0.243926 0.469316 0.040637
v -0.243317 0.361598 -0.061661
v -0.248604 0.549766 -0.029159
v -0.250174 0.512745 0.005506
v -0.248345 0.516004 0.006653
v -0.238384 0.504702 0.008552
v -0.245259 0.320763 -0.026254
v -0.246811 0.555072 0.018483
v -0.247488 0.554186 0.024731
v -0.248920 0.445864 0.008858
v -0.248484 0.440272 0.009025
v -0.244854 0.401334 0.052232
v -0.243820 0.404442 0.051366
v -0.237433 0.725122 -0.010742
v -0.248263 0.516341 0.001133
v -0.236756 0.530786 0.030062
v -0.240822 0.669857 0.043631
v -0.242376 0.699449 0.016278
v -0.240166 0.564931 -0.041192
v -0.243041 0.664915 -0.044215
v -0.233350 0.566069 0.027149
v -0.244248 0.560189 0.013612
v -0.235803 0.528006 0.002700
v -0.236554 0.605251 0.048176
v -0.242488 0.595820 0.028709
v -0.246329 0.524037 -0.002721
v -0.239416 0.615863 0.051694
v -0.241953 0.292472 -0.069205
v -0.240870 0.630898 0.039653
v -0.244257 0.400012 0.038941
v -0.245888 0.522509 -0.004072
v -0.246316 0.545086 -0.022696
v -0.246643 0.541588 -0.024251
v -0.228104 0.413988 0.134420
v -0.246519 0.428899 0.019497
v -0.240834 0.401640 0.037947
v -0.240674 0.699549 0.018519
v -0.230600 0.738099 0.018598
v -0.235709 0.526404 -0.023824
v -0.237434 0.355558 -0.059706
v -0.239330 0.630651 -0.052217
v -0.244845 0.302188 -0.048422
v -0.240576 0.511158 -0.038109
v -0.242022 0.299850 -0.052118
v -0.239088 0.385783 0.050204
v -0.246300 0.383736 -0.010493
v -0.241747 0.390453 -0.019420
v -0.246123 0.387036 -0.008893
v -0.236752 0.460944 0.007828
v -0.237197 0.392927 0.049801
v -0.203585 0.015763 0.484053
v -0.240766 0.440787 0.048316
v -0.237541 0.424655 0.053089
v -0.240601 0.315577 -0.022811
v -0.242513 0.404293 -0.032374
v -0.243076 0.321226 -0.024221
v -0.235033 0.598246 0.022709
v -0.238987 0.489181 0.024709
v -0.244882 0.390626 -0.014131
v -0.239216 0.311814 -0.040688
v -0.236454 0.393503 -0.047221
v -0.239304 0.492403 -0.022643
v -0.246679 0.400094 0.041694
v -0.245082 0.400658 0.037739
v -0.244396 0.409501 0.032963
v -0.239011 0.402385 -0.049722
v -0.239094 0.544925 0.024109
v -0.236718 0.596875 -0.057712
v -0.244443 0.379743 -0.008764
v -0.244279 0.381269 -0.004755
v -0.244573 0.377222 -0.003347
v -0.242859 0.373576 -0.005181
v -0.233655 0.420225 -0.040888
v -0.241253 0.409255 0.046305
v -0.230113 0.700010 0.055777
v -0.234405 0.731885 0.029264
v -0.224185 0.720383 0.038197
v -0.238316 0.693711 -0.032474
v -0.244725 0.417182 0.029344
v -0.239489 0.414596 0.044332
v -0.157136 -0.606931 -0.532894
v -0.244729 -0.623002 -0.517069
v -0.240966 0.414308 0.029785
v -0.239623 0.652561 -0.047048
v -0.240427 0.306823 -0.052058
v -0.242367 0.367924 0.000761
v -0.240811 0.373811 -0.000694
v -0.241118 0.367746 0.003154
v -0.238772 0.686586 -0.041497
v -0.237395 0.566310 0.004380
v -0.246481 0.425187 0.021195
v -0.210208 0.270162 0.155294
v -0.239442 0.686128 -0.036649
v -0.240972 0.425024 0.050144
v -0.227547 0.425784 -0.033887
v -0.242986 0.365941 0.002429
v -0.242670 0.364144 0.000898
v -0.243199 0.358785 0.005825
v -0.240215 0.355104 0.010125
v -0.233874 0.734985 0.025527
v -0.227806 0.683416 0.055732
v -0.236143 0.577636 -0.049813
v -0.236923 0.461868 -0.031174
v -0.239453 0.399330 -0.029986
v -0.227865 0.413108 0.031039
v -0.239286 0.565063 0.008775
v -0.237570 0.565565 0.013419
v -0.228037 0.307840 -0.063620
v -0.239119 0.398953 -0.048234
v -0.234880 0.306805 -0.053531
v -0.229038 0.659944 0.057303
v -0.239201 0.670252 -0.047505
v -0.202091 0.277644 -0.147941
v -0.236852 0.701846 -0.026375
v -0.239301 0.395492 -0.024378
v -0.233390 0.494958 0.013831
v -0.235032 0.540395 0.024474
v -0.233075 0.637339 0.038041
v -0.235112 0.312736 -0.022655
v -0.241233 0.361503 0.002931
v -0.233301 0.453869 0.026318
v -0.222961 0.644727 0.051892
v -0.231684 0.395859 -0.014479
v -0.236447 0.410871 0.044512
v -0.240630 0.346121 0.016549
v -0.240569 0.342659 0.015181
v -0.240764 0.352244 0.008873
v -0.219928 0.611057 0.035934
v -0.238888 0.702115 0.024926
v -0.132095 -0.950134 0.065858
v -0.233527 0.704852 0.022757
v -0.235892 0.315100 -0.045862
v -0.236975 0.644125 -0.046302
v -0.238713 0.637754 -0.044521
v -0.235224 0.397288 0.045074
v -0.230070 0.409162 0.034687
v -0.237348 0.389635 0.048323
v -0.234709 0.501507 -0.025292
v -0.195199 0.278270 0.143363
v -0.209738 0.428770 0.101194
v -0.236571 0.309720 -0.023080
v -0.235224 0.699845 -0.029697
v -0.227203 0.292235 -0.053600
v -0.231488 0.293832 -0.065422
v -0.237172 0.689800 -0.050519
v -0.240701 0.339332 0.017354
v -0.238986 0.342361 0.018809
v -0.235954 0.334997 0.018288
v -0.240486 0.335445 0.019065
v -0.237268 0.332844 0.024652
v -0.233749 0.703223 0.025972
v -0.171972 0.125758 0.403729
v -0.237014 0.570735 0.004673
v -0.239423 0.422565 0.043891
v -0.236558 0.627581 -0.042457
v -0.237399 0.420317 0.046191
v -0.233403 0.391081 -0.044410
v -0.228056 0.415294 -0.135337
v -0.231222 0.332858 0.029022
v -0.233318 0.416718 -0.035303
v -0.235121 0.402428 -0.030618
v -0.237047 0.521273 -0.038313
v -0.233521 0.707007 -0.021821
v -0.233473 0.309444 -0.027937
v -0.234937 0.293395 -0.051601
v -0.231096 0.484770 0.016172
v -0.234866 0.635813 -0.045966
v -0.226061 0.738130 0.009834
v -0.231154 0.507009 -0.004040
v -0.235251 0.661379 -0.055326
v -0.235257 0.707669 -0.042336
v -0.223094 0.613689 0.042143
v -0.227758 0.413073 -0.034754
v -0.223182 0.719209 -0.008673
v -0.232943 0.602084 0.024573
v -0.231556 0.638242 -0.051981
v -0.237332 0.321234 0.028565
v -0.235111 0.322540 0.025855
v -0.236844 0.327251 0.026986
v -0.237742 0.329701 0.023397
v -0.236655 0.311758 0.031264
v -0.235852 0.315397 0.028247
v -0.230959 0.352238 0.005767
v -0.235160 0.616110 -0.038748
v -0.235073 0.354143 -0.056650
v -0.231232 0.350490 -0.053376
v -0.233957 0.670509 0.044290
v -0.232459 0.516595 -0.025430
v -0.229391 0.591621 -0.046592
v -0.233339 0.403325 0.041257
v -0.233278 0.704297 -0.050116
v -0.229172 0.535398 0.002395
v -0.235385 0.572599 -0.001098
v -0.219430 0.675355 0.044984
v -0.231085 0.318779 -0.032546
v -0.222536 0.693016 0.059436
v -0.230029 0.560399 -0.033141
v -0.231815 0.541790 -0.013300
v -0.233422 0.622887 -0.040258
v -0.231425 0.705631 -0.023341
v -0.227049 0.561812 -0.001495
v -0.229213 0.580000 -0.046069
v -0.227078 0.727496 -0.019921
v -0.226738 0.591703 0.024329
v -0.234554 0.304009 0.035090
v -0.227292 0.673005 0.045054
v -0.230561 0.504461 -0.018244
v -0.230821 0.603487 0.019514
v -0.227125 0.605065 0.014791
v -0.224503 0.708248 0.029972
v -0.229317 0.480103 0.009889
v -0.230729 0.318578 -0.035996
v -0.233642 0.609348 -0.038378
v -0.231438 0.311046 0.055124
v -0.232386 0.584393 -0.011061
v -0.221059 0.293717 -0.048190
v -0.231432 0.589720 -0.022867
v -0.226927 0.727131 0.038158
v -0.232347 0.530037 0.020241
v -0.221926 0.427606 -0.024174
v -0.225085 0.426041 -0.036399
v -0.231617 0.611374 -0.034400
v -0.225832 0.416904 0.026961
v -0.233000 0.297959 0.038962
v -0.229107 0.414267 -0.030537
v -0.225173 0.622452 0.044310
v -0.234028 0.294569 0.057645
v -0.232071 0.298877 0.059716
v -0.219306 0.299738 -0.059122
v -0.218171 0.424521 0.008529
v -0.230900 0.448598 -0.009784
v -0.231798 0.299821 0.036034
v -0.228107 0.679389 -0.061437
v -0.232380 0.387950 -0.045118
v -0.228213 0.387466 -0.042478
v -0.231032 0.635695 0.034248
v -0.231427 0.295894 0.044010
v -0.230143 0.292706 0.058808
v -0.228797 0.350427 -0.053945
v -0.227138 0.579092 0.028526
v -0.231990 0.605331 -0.030582
v -0.227582 0.311515 -0.048608
v -0.232985 0.592550 -0.024064
v -0.233073 0.601777 -0.030451
v -0.230923 0.592194 -0.020499
v -0.229270 0.710000 -0.022159
v -0.225557 0.546493 0.003798
v -0.229264 0.703747 -0.054477
v -0.168116 -0.895440 0.242523
v -0.229447 0.385048 -0.042149
v -0.227183 0.730041 -0.026312
v -0.227814 0.667390 -0.061631
v -0.226793 0.638173 0.032515
v -0.227788 0.308376 0.057726
v -0.224695 0.325359 0.024219
v -0.223631 0.318521 -0.039523
v -0.223475 0.330285 0.046681
v -0.227098 0.295594 0.039782
v -0.229355 0.501130 -0.009190
v -0.222890 0.326299 -0.040116
v -0.225214 0.578022 -0.036391
v -0.225193 0.558091 -0.024551
v -0.222533 0.643412 -0.058052
v -0.217288 0.738042 0.039641
v -0.227313 0.320836 0.053306
v -0.229291 0.316802 0.054916
v -0.223542 0.559798 -0.008284
v -0.219471 0.609781 -0.038292
v -0.227878 0.294504 0.059710
v -0.211840 0.295979 0.039080
v -0.194161 -0.468001 0.574639
v -0.220693 0.698577 -0.059828
v -0.227444 0.606204 0.018798
v -0.223214 0.716971 -0.050380
v -0.223116 0.348408 -0.046006
v -0.221777 0.326081 0.051677
v -0.221643 0.734840 -0.032516
v -0.223143 0.609347 0.010944
v -0.225897 0.421861 0.019958
v -0.216952 0.639268 0.028392
v -0.217521 0.385300 -0.025872
v -0.217623 0.396418 -0.027701
v -0.222182 0.413752 -0.023805
v -0.221865 0.717348 -0.011555
v -0.225275 0.547098 -0.009414
v -0.219616 0.735886 -0.009076
v -0.221156 0.410643 -0.016585
v -0.224176 0.371530 -0.039389
v -0.222398 0.293973 -0.058474
v -0.210921 0.708541 0.051486
v -0.219225 0.428334 0.030500
v -0.219388 0.406792 -0.012775
v -0.215524 0.348651 -0.006811
v -0.220672 0.628575 -0.051511
v -0.220721 0.680550 -0.062785
v -0.216622 0.299551 0.053517
v -0.214685 0.742299 0.034131
v -0.217457 0.343994 0.039455
v -0.206436 -0.419900 -0.580839
v -0.223250 0.375007 -0.041706
v -0.211794 0.323341 0.017740
v -0.219561 0.741021 -0.011821
v -0.201548 0.428255 0.107588
v -0.195625 0.235826 0.229293
v -0.217183 0.586423 -0.005060
v -0.222637 0.366539 -0.038780
v -0.221704 0.639262 0.031652
v -0.223684 0.370117 -0.024077
v -0.215169 0.294260 -0.047942
v -0.219781 0.740738 -0.022237
v -0.213470 0.294689 0.043875
v -0.220793 0.426798 -0.019283
v -0.216756 0.659454 -0.061387
v -0.211642 0.710876 0.040017
v -0.220941 0.582395 0.018456
v -0.218804 0.582723 0.010474
v -0.205090 0.428092 -0.110711
v -0.212292 0.723219 -0.001571
v -0.217617 0.370412 0.011161
v -0.219193 0.338291 0.043723
v -0.221478 0.334337 0.045614
v -0.221277 0.641138 0.034218
v -0.219838 0.428360 -0.005939
v -0.209011 0.656390 0.053370
v -0.212155 0.666665 0.051504
v -0.221384 0.420945 0.021645
v -0.216655 0.334883 0.044660
v -0.216258 0.600069 -0.026720
v -0.219473 0.334498 0.045867
v -0.204948 0.617922 0.010393
v -0.218337 0.719386 -0.007605
v -0.220971 0.350096 -0.046425
v -0.219328 0.352053 -0.042121
v -0.219201 0.365455 -0.039729
v -0.221492 0.354700 -0.040897
v -0.219948 0.359717 -0.041684
v -0.216239 0.644911 -0.058037
v -0.219248 0.412506 -0.020096
v -0.192391 0.739219 0.017587
v -0.213585 0.712691 0.035709
v -0.179986 0.650686 0.024268
v -0.214620 0.729943 -0.045081
v -0.213339 0.620965 0.036471
v -0.215553 0.295861 0.051745
v -0.212849 0.740669 -0.034800
v -0.213424 0.416875 -0.127732
v -0.217507 0.296000 -0.043919
v -0.215964 0.395135 -0.002735
v -0.213861 0.611050 -0.000310
v -0.207632 0.311801 -0.026290
v -0.219142 0.614984 0.004024
v -0.215529 0.426534 -0.003836
v -0.215560 0.592745 0.010942
v -0.211881 0.342230 -0.019037
v -0.217404 0.408446 -0.015604
v -0.209515 0.728953 -0.001350
v -0.214312 0.362620 0.023117
v -0.200429 0.726366 0.049740
v -0.211880 0.298134 -0.051423
v -0.210235 0.724934 0.000651
v -0.199812 0.302573 -0.035771
v -0.190121 0.745999 0.030402
v -0.213969 0.399105 -0.006904
v -0.208360 0.297292 -0.035543
v -0.215037 0.681626 -0.061772
v -0.199776 0.635534 0.021186
v -0.212452 0.614601 -0.039903
v -0.190677 0.235457 -0.233503
v -0.206572 0.714734 0.038295
v -0.207196 0.742571 0.040639
v -0.213735 0.388823 0.004657
v -0.214039 0.373729 0.014661
v -0.209683 0.597394 -0.011712
v -0.207273 0.736256 0.046924
v -0.181874 -0.917865 0.191462
v -0.173611 0.148879 -0.376428
v -0.201543 0.419042 0.118137
v -0.207038 0.650327 0.050121
v -0.209412 0.605083 -0.026958
v -0.211645 0.358095 0.028192
v -0.214549 0.349840 0.035785
v -0.211176 0.430268 -0.004794
v -0.211021 0.644875 0.025544
v -0.211306 0.630290 -0.050006
v -0.153538 -0.620641 0.526581
v -0.215443 0.618859 -0.002500
v -0.209426 0.672277 -0.057769
v -0.211300 0.393822 -0.002742
v -0.203991 0.619098 0.019959
v -0.122493 -0.875029 -0.290967
v -0.209496 0.376977 0.012210
v -0.203900 0.297362 0.030199
v -0.194405 0.688258 0.057867
v -0.205177 0.712292 -0.053754
v -0.207491 0.604064 -0.010899
v -0.203689 0.297527 0.038055
v -0.213013 0.624717 -0.007865
v -0.209495 0.386332 -0.010032
v -0.194714 0.695213 0.059748
v -0.207069 0.728280 0.002103
v -0.199211 0.627114 -0.009086
v -0.203561 0.642963 0.018525
v -0.210200 0.751218 -0.010865
v -0.209477 0.382831 0.008199
v -0.208205 0.642508 -0.050897
v -0.211343 0.626892 -0.011751
v -0.205268 0.296468 -0.038290
v -0.209420 0.377577 -0.008113
v -0.192266 0.703381 0.057589
v -0.201354 0.751913 -0.026755
v -0.206219 0.305841 0.042182
v -0.197990 0.301854 0.029813
v -0.209574 0.630732 -0.016014
v -0.198444 0.299375 0.015940
v -0.182386 0.682441 0.051005
v -0.201936 0.297465 -0.035898
v -0.202076 0.740395 -0.039663
v -0.203906 0.297528 -0.030224
v -0.202139 0.734320 0.004862
v -0.161052 0.123442 -0.407370
v -0.207376 0.640230 -0.025400
v -0.201579 0.637945 -0.023374
v -0.200067 0.297737 0.031754
v -0.206249 0.644761 0.022013
v -0.205874 0.611340 -0.025748
v -0.204096 0.678455 0.043579
v -0.205900 0.623916 -0.038652
v -0.197003 0.745857 0.037448
v -0.154760 -0.621075 -0.528105
v -0.173856 0.282082 -0.133777
v -0.206024 0.640978 -0.025906
v -0.191376 0.650461 0.038671
v -0.197392 0.757249 0.010596
v -0.194681 0.669958 0.042701
v -0.200502 0.733027 0.008115
v -0.205633 0.650730 -0.036316
v -0.204256 0.650658 -0.032417
v -0.204098 0.669519 -0.042735
v -0.200283 0.673464 0.041259
v -0.196336 0.738079 -0.040900
v -0.198333 0.299789 -0.014958
v -0.196058 0.311248 -0.021597
v -0.199892 0.419159 -0.118170
v -0.191902 0.302161 -0.008280
v -0.190827 0.755320 0.018353
v -0.202294 0.663824 -0.038272
v -0.198999 0.759431 0.003571
v -0.201962 0.685375 -0.044239
v -0.198569 0.654971 0.048178
v -0.200588 0.681017 -0.043927
v -0.199061 0.670312 -0.043106
v -0.195909 0.717628 0.043643
v -0.198258 0.704767 -0.042523
v -0.200144 0.694987 -0.044327
v -0.161184 -0.758234 0.433327
v -0.155835 0.435802 0.026086
v -0.199819 0.648198 0.015002
v -0.199685 0.297593 -0.024218
v -0.194337 0.713288 -0.039621
v -0.187304 0.422169 -0.105956
v -0.198188 0.297767 -0.029544
v -0.198036 0.688598 -0.044292
v -0.192167 0.654255 -0.039951
v -0.193991 0.628651 0.013394
v -0.189832 0.662790 0.044172
v -0.184765 0.420011 0.103910
v -0.173671 0.282400 0.131965
v -0.195831 0.697816 -0.043996
v -0.196276 0.677802 0.037624
v -0.194400 0.737705 0.013535
v -0.191937 0.712933 0.044110
v -0.190017 0.764099 -0.010508
v -0.184823 0.768211 0.001083
v -0.191933 0.300220 0.007965
v -0.190334 0.671981 -0.050064
v -0.197463 0.649927 0.011494
v -0.193899 0.300186 -0.018034
v -0.193885 0.709007 -0.041566
v -0.193986 0.703742 -0.042439
v -0.195505 0.299394 0.018601
v -0.186534 0.431194 -0.092371
v -0.183795 0.744197 -0.032547
v -0.191302 0.739191 0.051935
v -0.189812 0.740564 0.014768
v -0.180252 -0.517507 0.559417
v -0.189630 0.631321 -0.009276
v -0.193862 0.299493 -0.006789
v -0.182821 0.742934 0.050696
v -0.193625 0.651879 0.007411
v -0.156129 0.280933 -0.133832
v -0.192276 0.695258 -0.051193
v -0.183353 0.692582 -0.057262
v -0.189751 0.719682 -0.036421
v -0.174981 0.764077 -0.016135
v -0.170492 0.303058 0.124035
v -0.148802 0.679477 0.036174
v -0.190249 0.634419 0.009152
v -0.135318 0.029087 0.480019
v -0.169551 0.435764 -0.034415
v -0.190124 0.653122 0.003166
v -0.188685 0.643970 -0.030283
v -0.188701 0.739097 0.015621
v -0.178573 0.753112 0.026110
v -0.184036 0.730160 0.055582
v -0.188344 0.713863 -0.048456
v -0.190230 0.713581 -0.038653
v -0.181354 0.698441 0.057427
v -0.182429 0.640306 -0.009665
v -0.171065 0.713232 0.043444
v -0.189791 0.676598 0.034336
v -0.179853 0.679435 0.029123
v -0.188070 0.717458 -0.038689
v -0.182716 0.712008 -0.055746
v -0.182795 0.430628 0.088816
v -0.181998 0.648397 -0.031762
v -0.176196 0.689491 0.055564
v -0.182700 0.653528 -0.038243
v -0.116659 0.062699 -0.453517
v -0.180919 0.675433 0.030532
v -0.178049 0.655992 0.032721
v -0.185942 0.658094 -0.001766
v -0.182938 0.656447 -0.007087
v -0.178972 0.670544 -0.049944
v -0.180271 0.743206 0.020780
v -0.185693 0.725545 -0.032621
v -0.186376 0.279975 -0.141143
v -0.169450 0.653950 0.009835
v -0.178187 0.763196 0.025502
v -0.109405 0.221403 0.272666
v -0.174802 0.757900 -0.021403
v -0.182150 0.730651 -0.030361
v -0.175896 0.746309 0.044641
v -0.180539 0.644839 -0.022230
v -0.174344 0.771755 0.016800
v -0.177967 0.735136 -0.026711
v -0.182902 0.658874 -0.004981
v -0.166003 0.701304 0.051723
v -0.172582 0.716154 0.045371
v -0.172603 0.424463 -0.088966
v -0.168687 0.737947 0.057024
v -0.162778 0.424915 0.072725
v -0.160652 0.238115 0.230648
v -0.182053 0.728933 -0.039153
v -0.170515 0.663131 0.028489
v -0.181436 0.662039 -0.007547
v -0.145816 0.718772 0.057646
v -0.174457 0.663684 -0.039365
v -0.177994 0.742400 0.023886
v -0.167166 0.764662 0.032123
v -0.176940 0.682834 -0.055629
v -0.175539 0.705422 -0.060189
v -0.178544 0.663996 -0.014327
v -0.097339 -0.164218 0.567657
v -0.178683 0.730511 -0.047956
v -0.178789 0.662834 -0.010724
v -0.163461 0.285884 -0.125601
v -0.157079 0.667703 -0.021912
v -0.177578 0.734571 -0.030740
v -0.109338 0.149310 0.374169
v -0.171229 0.728123 -0.057543
v -0.173697 0.718349 -0.059655
v -0.121323 -0.875317 0.288362
v -0.175640 0.740939 -0.025159
v -0.173397 0.678449 -0.051172
v -0.160690 0.679264 0.014888
v -0.174758 0.736881 -0.027125
v -0.173038 0.739512 -0.024886
v -0.170149 0.742802 -0.020948
v -0.174398 0.666552 -0.014499
v -0.174332 0.670099 -0.018998
v -0.174556 0.659447 -0.030188
v -0.167918 0.751981 -0.034585
v -0.166342 0.741126 -0.052153
v -0.172908 0.745799 0.024522
v -0.172665 0.672764 -0.025571
v -0.130803 0.676106 0.017803
v -0.156910 0.777083 0.016491
v -0.167173 0.432774 -0.066423
v -0.157681 0.708838 -0.056926
v -0.068617 -0.299119 -0.583379
v -0.170703 0.679651 0.024305
v -0.137478 0.292326 0.096801
v -0.164524 0.684194 -0.033879
v -0.168468 0.657981 0.023005
v -0.163715 0.773760 0.025051
v -0.171508 0.671843 -0.020748
v -0.163232 0.683581 0.048253
v -0.169467 0.711812 0.044345
v -0.042264 -0.445447 0.568352
v -0.172498 0.673751 -0.023871
v -0.164797 0.745876 0.030022
v -0.170853 0.675718 -0.027931
v -0.159102 0.660447 -0.009062
v -0.162919 0.758376 -0.025859
v -0.158265 0.742348 0.052770
v -0.162868 0.752094 -0.014528
v -0.163991 0.434330 0.054833
v -0.156811 0.434688 -0.038481
v -0.166560 0.678294 -0.028028
v -0.151902 0.757289 0.040098
v -0.168477 0.744499 -0.024602
v -0.163403 0.748329 0.028327
v -0.147182 0.290502 0.108853
v -0.097437 -0.162340 -0.569029
v -0.166498 0.679551 0.020981
v -0.162139 0.690544 0.051777
v -0.161058 0.773510 0.000080
v -0.118160 -0.920152 0.193946
v -0.158802 0.746398 0.031683
v -0.164348 0.425230 -0.076127
v -0.122779 0.269223 0.155497
v -0.163344 0.749278 -0.019884
v -0.154885 0.711271 0.040281
v -0.158869 0.714361 -0.059539
v -0.162941 0.723603 -0.060591
v -0.159857 0.658332 0.007126
v -0.160325 0.728475 0.059496
v -0.160879 0.709098 0.041864
v -0.154845 0.426640 0.056026
v -0.146419 0.772147 0.003058
v -0.155575 0.666589 0.010137
v -0.157134 0.680282 0.016425
v -0.144430 0.746876 -0.055671
v -0.157219 0.699183 -0.044656
v -0.152349 0.436208 0.001090
v -0.153006 0.675741 -0.032320
v -0.119411 -0.947402 -0.066161
v -0.156630 0.660101 -0.005283
v -0.152300 0.732912 0.059406
v -0.157466 0.752399 -0.014062
v -0.158694 0.771167 0.031605
v -0.158922 0.691977 -0.039248
v -0.159368 0.689422 -0.036335
v -0.122189 0.293363 -0.076672
v -0.148017 0.771238 -0.023454
v -0.146941 0.744265 0.034791
v -0.129026 0.741124 0.036771
v -0.145910 0.682195 0.038876
v -0.155079 0.679410 0.008996
v -0.147568 0.426641 -0.035409
v -0.149844 0.757125 -0.048040
v -0.147598 0.697156 0.043443
v -0.144537 0.769325 -0.035694
v -0.149065 0.757389 -0.007719
v -0.151248 0.414928 -0.058318
v -0.069274 -0.297580 0.581539
v -0.155532 0.696894 -0.040309
v -0.146836 0.769490 -0.011493
v -0.137724 0.291151 -0.100023
v -0.144067 0.672713 -0.026014
v -0.137336 0.740183 -0.053960
v -0.151987 0.747814 0.032266
v -0.143240 0.777395 0.013565
v -0.147109 0.683251 -0.000726
v -0.118667 0.699782 0.041278
v -0.154841 0.697894 -0.042765
v -0.149674 0.427237 0.041084
v -0.139632 0.289569 0.102339
v -0.144118 0.763117 0.043972
v -0.152581 0.681844 0.008177
v -0.153320 0.705269 -0.046000
v -0.149217 0.706326 0.038096
v -0.144728 0.691344 -0.045964
v -0.131926 0.676152 0.007350
v -0.142427 0.719876 -0.047973
v -0.143357 0.427989 -0.000477
v -0.135835 0.777747 0.028164
v -0.146886 0.667912 -0.014692
v -0.151285 0.287703 -0.116003
v -0.145635 0.760060 -0.008865
v -0.100928 0.222061 -0.273349
v -0.137271 0.685594 0.036155
v -0.145605 0.682045 0.004846
v -0.147370 0.711162 -0.047349
v -0.145321 0.428337 0.020669
v -0.138267 0.740605 0.047932
v -0.143734 0.679412 -0.037295
v -0.134761 0.763798 -0.046074
v -0.137554 0.767941 0.044219
v -0.105052 -0.760054 -0.428658
v -0.136373 0.713377 -0.053621
v -0.142026 0.707170 0.034601
v -0.140206 0.745594 0.035276
v -0.102325 0.150715 -0.373693
v -0.121843 0.754326 0.051277
v -0.133704 0.722100 0.058585
v -0.130166 0.777909 0.000777
v -0.131442 0.735052 0.052283
v -0.141581 0.686184 -0.004873
v -0.143262 0.759526 -0.003989
v -0.139816 0.725108 -0.049089
v -0.135603 0.689264 -0.014382
v -0.139220 0.704229 0.032391
v -0.132266 0.781563 -0.010739
v -0.143816 0.425223 -0.019639
v -0.131738 0.772023 0.041916
v -0.137801 0.684472 -0.041102
v -0.139714 0.761035 -0.002757
v -0.130782 0.702895 -0.053648
v -0.119481 -0.018198 -0.509373
v -0.128925 0.775977 0.018186
v -0.117814 0.698628 0.018869
v -0.128897 0.694188 -0.020916
v -0.120000 0.757611 -0.043986
v -0.135968 0.705546 0.034239
v -0.118025 -0.920130 -0.195017
v -0.130042 0.763789 0.004464
v -0.134575 0.762680 -0.000029
v -0.111036 0.295226 -0.051391
v -0.133612 0.734404 -0.047767
v -0.127484 0.782043 -0.022042
v -0.130350 0.688492 -0.037183
v -0.135437 0.688246 -0.010256
v -0.082880 0.055719 -0.456180
v -0.091333 0.229340 0.249543
v -0.120541 -0.908321 -0.221446
v -0.117794 0.295069 0.064903
v -0.123115 0.688602 0.024948
v -0.121193 0.705488 0.049838
v -0.129119 0.681461 0.026890
v -0.121914 0.772976 0.041245
v -0.071436 0.060770 0.448942
v -0.131928 0.731014 -0.048263
v -0.129244 0.702418 0.026737
v -0.105103 0.687453 -0.030593
v -0.124355 0.764370 0.005211
v -0.124275 0.725263 0.055585
v -0.127741 0.738608 -0.045693
v -0.120638 0.678014 0.012265
v -0.130695 0.693353 -0.015204
v -0.121036 0.775573 -0.035457
v -0.124137 0.291274 -0.084614
v -0.105926 -0.758940 0.429030
v -0.106813 0.297114 0.031981
v -0.121759 0.740284 0.037919
v -0.118744 0.762470 0.051728
v -0.120718 0.676217 0.003849
v -0.124888 0.782137 0.002001
v -0.122044 0.699884 0.024155
v -0.126888 0.695485 -0.018942
v -0.078428 -0.031902 0.507392
v -0.122201 0.738896 -0.051931
v -0.041029 -0.445066 -0.569844
v -0.115818 0.765832 0.014635
v -0.123616 0.765890 0.010930
v -0.115295 0.714338 0.053489
v -0.116910 0.735539 -0.057822
v -0.117896 0.704752 -0.047206
v -0.123569 0.764090 0.008408
v -0.119947 0.699923 -0.025911
v -0.116029 0.750083 -0.040033
v -0.116386 0.766387 0.010887
v -0.111678 0.744158 0.050081
v -0.110529 0.789215 0.000359
v -0.107895 0.765986 0.018089
v -0.109602 0.787283 -0.017094
v -0.120148 0.701612 -0.028529
v -0.098482 0.274253 -0.134976
v -0.109091 0.772266 0.031809
v -0.118274 0.699607 0.024143
v -0.105864 0.726607 0.043935
v -0.116154 0.736939 0.036230
v -0.113027 0.698977 0.015737
v -0.115629 0.293663 -0.064279
v -0.099595 0.779156 0.022815
v -0.116716 0.702489 -0.026548
v -0.113470 0.706722 -0.030864
v -0.102427 0.736621 -0.061210
v -0.105087 0.691731 0.029358
v -0.115933 0.683740 0.014773
v -0.110054 0.736005 0.036508
v -0.095992 0.767979 0.023696
v -0.111637 0.708758 -0.036216
v -0.096112 0.760574 -0.024758
v -0.112216 0.753866 -0.037774
v -0.107759 0.733277 0.036433
v -0.108913 0.766897 0.014770
v -0.014465 -0.927990 -0.069504
v -0.034157 -0.761791 -0.411132
v -0.102728 0.297391 -0.001708
v -0.108548 0.783590 0.014736
v -0.101183 0.683298 -0.005441
v -0.109666 0.753664 -0.039923
v -0.107133 0.710711 -0.034696
v -0.082532 0.269979 0.138998
v -0.094344 0.789401 -0.010768
v -0.105899 0.756186 -0.045930
v -0.110285 0.707865 -0.033630
v -0.098715 0.746619 -0.059913
v -0.109284 0.754801 -0.034794
v -0.102901 0.693735 0.004585
v -0.099992 0.683880 -0.027094
v -0.104434 0.696901 0.041496
v -0.089077 -0.161595 0.565502
v -0.102424 0.730892 0.036605
v -0.096801 0.717042 0.043260
v -0.101490 0.773693 -0.030525
v -0.096201 0.704840 0.043876
v -0.084784 0.249830 -0.195670
v -0.099259 0.682057 -0.016714
v -0.102590 0.759968 0.053624
v -0.102319 0.789118 0.010320
v 0.016754 -0.845637 -0.270539
v -0.103815 0.757455 -0.036365
v -0.100671 0.766558 0.020707
v -0.052670 -0.016643 -0.497851
v -0.104617 0.295171 -0.031953
v -0.099487 0.146648 0.375856
v -0.095414 0.765102 0.045234
v -0.094937 0.785624 -0.018088
v -0.106481 0.749982 0.055620
v -0.101433 0.697151 0.005671
v -0.096043 0.696119 -0.041500
v -0.093587 0.758555 -0.054144
v -0.099548 0.730079 0.034513
v -0.093531 0.765261 0.025743
v -0.085539 0.761763 0.032262
v -0.076135 0.745151 -0.057541
v -0.102392 0.758991 -0.028657
v -0.093043 0.693431 -0.004066
v -0.095917 0.720777 -0.040603
v -0.054947 -0.016095 0.496215
v -0.098524 0.759725 -0.028203
v -0.098023 0.689831 0.014767
v -0.083121 0.743766 0.058011
v -0.088995 0.691274 0.032755
v -0.078965 0.759671 0.033963
v -0.086738 0.766260 -0.048893
v -0.092659 0.723001 0.033670
v -0.069364 0.279852 0.060839
v -0.098865 0.715896 -0.038354
v -0.083742 0.218200 0.273669
v -0.096283 0.695234 0.003094
v -0.089655 0.790295 0.012553
v -0.080684 0.725491 0.053107
v -0.094027 0.760759 -0.026711
v -0.019804 -0.624685 0.502191
v -0.081582 0.782453 -0.013770
v -0.083169 0.720804 0.043850
v -0.094527 0.689404 -0.036725
v -0.083871 0.771830 -0.035051
v -0.031430 -0.495043 -0.552347
v -0.083600 0.732565 -0.051232
v -0.030806 -0.760089 0.409706
v -0.055451 0.279437 -0.002701
v -0.090133 0.695086 -0.006086
v -0.090743 0.721185 -0.041998
v -0.083204 0.683980 0.021131
v -0.082734 0.683706 0.000320
v -0.087098 0.710295 -0.049850
v -0.090818 0.762522 -0.020671
v -0.085072 0.718823 0.032016
v -0.090462 0.724781 -0.042277
v -0.090123 0.694217 -0.002091
v -0.088541 0.785344 0.023527
v -0.083221 0.218437 -0.274839
v -0.085289 0.701524 0.036705
v -0.081196 0.704984 -0.051988
v -0.083216 0.758269 0.048094
v -0.089207 0.724735 0.033361
v -0.087110 0.717636 -0.048138
v -0.081345 0.693735 -0.041925
v -0.077574 0.731459 0.057419
v -0.052982 0.276411 -0.041746
v -0.083174 0.762648 0.030458
v -0.081984 0.681979 0.014342
v -0.014070 0.258415 -0.112500
v -0.083091 0.788542 -0.006514
v -0.040845 0.101161 -0.416135
v -0.057774 0.758971 0.046098
v -0.074569 0.692972 0.026600
v -0.078688 0.713666 0.028594
v -0.079435 0.762197 -0.016404
v -0.087795 0.752361 0.055679
v -0.081662 0.750892 -0.059207
v -0.083755 0.727967 -0.042227
v -0.076517 0.775332 0.035651
v -0.071599 0.789094 0.012251
v -0.082219 0.697684 -0.047167
v -0.083016 0.762512 -0.016280
v -0.081006 0.764151 -0.053586
v -0.073477 0.694379 -0.035272
v -0.079154 0.766025 -0.012542
v -0.082282 0.717782 0.030153
v -0.078497 0.697312 -0.015449
v -0.072203 0.681934 0.014983
v -0.078760 0.732552 -0.043997
v -0.065172 0.779734 -0.021453
v 0.004734 -0.923816 0.067312
v -0.006477 -0.793478 -0.356577
v -0.062860 0.785132 0.024920
v 0.041442 -0.192103 0.538020
v -0.080734 0.758184 -0.057452
v -0.074242 0.781682 0.032336
v -0.076047 0.686633 -0.011821
v 0.038457 -0.888243 0.169990
v -0.072039 0.710830 0.025035
v -0.077217 0.764303 -0.013418
v -0.055122 0.695865 0.035851
v -0.065704 0.732542 0.055737
v -0.062056 0.676165 -0.005290
v -0.067025 0.707360 -0.055862
v -0.066389 0.742828 0.051685
v -0.070175 0.699067 -0.021201
v -0.064544 0.714981 -0.059407
v -0.070140 0.735374 -0.045087
v -0.066237 0.777629 -0.038840
v -0.064099 0.721906 0.055627
v -0.065671 0.780231 -0.002915
v -0.072302 0.763561 -0.009412
v -0.055851 0.229079 0.232911
v -0.069157 0.705804 0.022549
v -0.071624 0.756916 0.036323
v -0.010980 -0.609084 0.510560
v -0.073064 0.736807 -0.045893
v -0.066884 0.750339 0.041123
v -0.060421 0.762608 -0.053621
v -0.054125 0.677786 -0.024242
v -0.069177 0.765277 -0.011871
v 0.040298 -0.146201 -0.533459
v -0.068886 0.752383 0.038597
v -0.064324 0.785382 0.004251
v -0.067876 0.707636 0.023208
v -0.053993 0.735085 -0.058163
v -0.059583 0.770771 -0.049048
v -0.063777 0.700500 -0.028402
v -0.058334 0.778148 -0.012162
v -0.061850 0.687976 -0.026728
v -0.007237 -0.808110 0.335673
v 0.037483 -0.887161 -0.174857
v -0.064959 0.702896 0.020874
v -0.043900 0.101943 0.414013
v -0.065185 0.699147 -0.023899
v -0.065887 0.752861 0.038350
v -0.059996 0.764473 -0.006855
v -0.059339 0.769152 0.043437
v -0.058428 0.723898 -0.061521
v -0.058062 0.740918 -0.044156
v -0.057584 0.744250 0.041504
v -0.028159 0.243278 -0.179112
v -0.047549 0.709315 -0.054002
v -0.061475 0.742652 -0.045376
v -0.048790 0.683928 0.000897
v -0.056049 0.745808 0.040417
v -0.049370 0.771976 0.041886
v -0.059467 0.701269 0.020333
v -0.060566 0.764001 -0.003840
v -0.055610 0.707348 0.049553
v -0.011445 -0.609673 -0.511990
v -0.060766 0.700990 0.016828
v -0.047609 0.779593 0.019431
v -0.056652 0.702969 -0.028981
v -0.049025 0.705203 -0.034666
v -0.045590 0.718043 0.047907
v -0.057514 0.765410 -0.000688
v -0.043551 0.783397 -0.028493
v -0.050147 0.736380 0.041862
v 0.021363 0.149321 0.334921
v -0.016588 0.178508 -0.308142
v 0.053245 -0.280557 0.546874
v -0.055883 0.695699 0.012403
v 0.040608 0.009476 -0.461695
v -0.053765 0.697385 0.014236
v -0.053134 0.746253 -0.044233
v -0.047500 0.761110 -0.049748
v -0.049845 0.693843 0.039564
v -0.031062 0.774762 0.008497
v -0.038921 0.676863 0.016367
v -0.056635 0.763285 -0.002142
v -0.046136 0.762309 0.000799
v -0.047989 0.762043 0.003284
v -0.047704 0.693330 0.006714
v -0.042338 0.708204 -0.041841
v -0.041783 0.753983 0.051914
v -0.042373 0.681856 0.026840
v -0.052130 0.742406 -0.044263
v -0.039307 0.759541 0.008078
v -0.044373 0.731542 -0.063414
v -0.019527 0.266933 0.113950
v -0.048538 0.682375 -0.034833
v -0.040155 0.780117 -0.034962
v -0.046413 0.776339 0.033860
v -0.045704 0.704369 0.046663
v 0.065667 0.190249 -0.236968
v -0.042949 0.676264 -0.028190
v -0.045631 0.699113 -0.039005
v -0.045222 0.747640 -0.042284
v -0.049081 0.745335 -0.043224
v -0.045469 0.734987 0.041519
v -0.038781 0.693886 0.040396
v -0.034291 0.695614 -0.047965
v -0.047370 0.690445 0.011214
v 0.003531 0.263108 -0.000637
v 0.041537 -0.903571 0.114803
v -0.037912 0.744389 -0.056212
v -0.046680 0.744837 -0.045764
v -0.044581 0.784437 -0.014775
v -0.044481 0.691341 0.003428
v -0.040290 0.706015 -0.038317
v -0.029865 0.772273 -0.038222
v -0.030941 0.760381 0.046650
v -0.041629 0.774673 0.017921
v -0.038837 0.716710 -0.059833
v -0.025671 0.757911 -0.038014
v -0.029882 0.749793 0.053481
v -0.028561 0.783271 -0.002420
v 0.018329 -0.845990 0.266831
v -0.042098 0.688185 0.000604
v -0.022417 0.729225 -0.063420
v -0.022502 0.708841 0.047183
v -0.042096 0.725069 0.039952
v -0.032825 0.731836 0.053872
v -0.031990 0.715359 0.037615
v -0.039955 0.728581 0.040419
v -0.033920 0.780103 0.002417
v -0.038659 0.687454 -0.001560
v -0.035072 0.100302 0.412537
v -0.042447 0.746461 -0.042553
v -0.037808 0.764038 0.004547
v -0.018006 0.766484 -0.034305
v -0.032480 0.710043 -0.040259
v 0.058422 -0.280763 -0.547053
v -0.034901 0.756583 0.007162
v -0.035208 0.679822 0.028686
v -0.031819 0.768728 0.028987
v -0.029333 0.696416 0.036415
v -0.034452 0.720619 0.038349
v -0.021425 0.742832 -0.061507
v -0.028195 0.683838 -0.047945
v -0.034609 0.685553 -0.005767
v -0.021402 0.666260 0.011119
v 0.016756 -0.665043 -0.465288
v -0.025937 0.690083 -0.052201
v -0.025011 0.783497 -0.018436
v -0.032512 0.748571 -0.038746
v -0.026138 0.665820 0.000378
v -0.029698 0.754370 0.011995
v -0.017335 0.666445 -0.020122
v -0.024361 0.760575 0.039036
v -0.028913 0.683573 -0.009926
v -0.020655 0.681827 -0.018707
v -0.030620 0.756750 0.008722
v -0.021559 0.705652 -0.051811
v -0.020068 0.750221 -0.054243
v -0.029747 0.713318 -0.042629
v -0.018036 0.675335 0.020810
v 0.035251 0.014734 0.457726
v -0.003198 0.260881 -0.059357
v -0.018767 0.736836 -0.063298
v -0.028331 0.750011 -0.037245
v -0.014500 0.762905 0.020998
v 0.009561 0.240083 0.159272
v -0.028202 0.710855 0.035104
v -0.012516 0.716258 -0.045945
v -0.022492 0.715010 -0.043743
v -0.024561 0.754576 0.012758
v -0.016207 0.776396 -0.025953
v 0.036433 -0.727369 0.415261
v -0.011493 0.687447 0.022979
v -0.021906 0.700990 0.030423
v -0.025931 0.751401 -0.034497
v -0.021598 0.678376 -0.041019
v -0.012305 0.781360 -0.007834
v -0.024554 0.713084 -0.042869
v -0.015646 0.775378 0.013878
v -0.023111 0.704862 0.032670
v -0.020262 0.751304 -0.030440
v -0.021879 0.750555 0.015350
v -0.012916 0.722281 -0.056785
v -0.012626 0.750509 -0.028440
v -0.022001 0.728710 0.057388
v -0.012251 0.745502 0.024944
v -0.022378 0.753869 0.014699
v -0.004681 0.679381 -0.037896
v -0.014005 0.677557 -0.023188
v -0.011536 0.697954 -0.059510
v -0.010555 0.685101 -0.054890
v -0.015404 0.769375 0.018925
v -0.014996 0.659955 -0.018219
v -0.017122 0.697093 0.028909
v -0.014445 0.679730 -0.024069
v -0.016879 0.691810 0.025987
v 0.045294 -0.914198 -0.071045
v -0.014497 0.779533 0.007562
v -0.014714 0.729051 0.057434
v -0.016533 0.712871 -0.046014
v -0.016864 0.750193 0.016668
v -0.012330 0.657509 -0.008895
v -0.011376 0.745492 0.044425
v -0.013298 0.704651 0.053883
v 0.001221 0.713346 -0.055918
v -0.015349 0.693992 0.035679
v 0.005321 0.749863 -0.053269
v 0.060125 0.190002 0.239154
v -0.006810 0.742845 0.037765
v -0.010592 0.658375 -0.002921
v -0.000423 0.769762 -0.018848
v -0.012804 0.691378 0.025305
v -0.013211 0.746769 0.018840
v -0.011165 0.690937 0.045369
v -0.006037 0.731528 0.052002
v -0.007534 0.654827 -0.017692
v -0.007437 0.683347 0.019423
v -0.012705 0.752257 -0.026217
v -0.008709 0.717313 -0.047822
v 0.005947 0.654486 -0.010744
v -0.001779 0.705616 0.055607
v 0.037638 -0.147922 0.532758
v 0.000555 0.660669 -0.038293
v 0.003428 0.769902 0.020796
v -0.009117 0.748489 -0.026062
v 0.001026 0.755861 -0.043091
v -0.003222 0.658011 -0.032728
v 0.005663 0.761166 -0.017374
v -0.003348 0.678614 -0.030470
v -0.001410 0.673712 0.039490
v 0.001328 0.745055 -0.057857
v -0.008872 0.744088 0.022643
v -0.003559 0.717809 -0.048145
v 0.004958 0.759591 0.031082
v -0.003142 0.687358 0.049879
v -0.002950 0.680187 -0.034602
v 0.001222 0.706024 -0.061366
v 0.000817 0.715195 0.053625
v 0.001097 0.775477 0.007762
v -0.007032 0.748771 -0.022922
v 0.011355 0.733892 -0.057491
v 0.013359 0.756136 -0.027741
v -0.004749 0.744104 0.024298
v 0.000638 0.750728 0.032427
v -0.006086 0.679570 0.017343
v 0.008606 0.768806 -0.009200
v -0.004540 0.749912 -0.020554
v -0.002799 0.674179 0.010773
v -0.003130 0.736373 0.030475
v -0.001174 0.738032 0.026595
v 0.002428 0.721353 -0.049654
v 0.014407 0.726556 -0.053792
v 0.003170 0.656182 0.018330
v 0.014539 0.694255 -0.065025
v 0.004406 0.650783 -0.029576
v 0.002905 0.668441 0.005118
v -0.003176 0.677758 0.015214
v 0.036682 -0.033745 0.481038
v 0.006314 0.719990 0.045038
v 0.000009 0.746555 -0.019882
v 0.002845 0.670128 0.008357
v 0.003062 0.678451 -0.034857
v 0.002709 0.729067 0.032986
v 0.001667 0.775666 -0.004225
v 0.006779 0.680407 -0.040079
v 0.004693 0.731529 0.030627
v 0.007989 0.754164 -0.046356
v 0.003830 0.672845 0.043259
v 0.005032 0.748539 -0.014544
v 0.003221 0.746635 -0.017805
v 0.004762 0.668086 0.006394
v 0.009963 0.662215 -0.002127
v 0.005435 0.748126 -0.020700
v 0.059453 0.233239 -0.120805
v 0.013007 0.713023 -0.059416
v 0.113117 -0.433886 0.517868
v 0.013199 0.715294 0.036450
v 0.006709 0.723282 0.034874
v 0.012306 0.702852 -0.065248
v 0.018360 0.683824 -0.057118
v 0.015091 0.747010 0.040143
v 0.068648 0.237956 -0.001329
v 0.012194 0.697883 0.048755
v 0.013190 0.674560 0.044411
v 0.045514 -0.914066 0.069550
v 0.026778 0.152707 -0.330680
v 0.008083 0.725491 0.032505
v 0.063320 0.225322 -0.140577
v 0.019361 0.669088 -0.050057
v 0.007161 0.662428 0.003307
v 0.006523 0.654293 0.026989
v 0.020088 0.648430 -0.044028
v 0.008116 0.744932 -0.016018
v 0.010516 0.650866 -0.000755
v 0.064303 0.230768 0.119818
v 0.010444 0.658701 -0.007065
v 0.001837 0.134142 -0.362059
v 0.023265 0.756798 -0.000791
v 0.018734 0.679770 -0.043561
v 0.029293 0.735396 -0.051799
v 0.012058 0.719888 0.035129
v 0.073777 -0.323930 -0.539284
v 0.022925 0.750315 -0.046024
v 0.009019 0.744622 -0.013245
v 0.012849 0.658878 -0.004628
v 0.038258 -0.019956 -0.475937
v 0.021165 0.647964 -0.026433
v 0.013613 0.655197 -0.046522
v 0.016284 0.657386 -0.007552
v 0.017915 0.635130 0.006844
v 0.016803 0.741886 -0.010813
v 0.019121 0.704263 0.037480
v 0.013569 0.639425 0.001084
v 0.014530 0.742655 -0.008751
v 0.116265 -0.472595 -0.505383
v 0.026150 0.645060 -0.037612
v 0.025921 0.759325 0.013496
v 0.023400 0.755756 -0.032057
v 0.028074 0.721309 -0.045670
v 0.021613 0.720159 -0.047001
v 0.023426 0.692712 0.036724
v 0.014544 0.662623 0.037798
v 0.026485 0.698069 -0.066885
v 0.024412 0.631983 -0.021021
v 0.021468 0.644068 0.022506
v 0.031466 0.750560 -0.011707
v 0.061449 0.196988 0.220391
v 0.019866 0.762288 0.021980
v 0.020691 0.653009 -0.014651
v 0.019468 0.754838 0.033624
v 0.030291 0.663980 0.030396
v 0.019429 0.679102 0.042249
v 0.028306 0.679057 -0.046954
v 0.042509 0.704131 -0.065347
v 0.025803 0.731406 0.047766
v 0.023088 0.720895 0.048428
v 0.016793 0.714944 0.038210
v 0.034933 0.657925 -0.059302
v 0.040818 -0.899933 -0.131158
v 0.022774 0.737145 -0.003085
v 0.020191 0.740047 -0.006786
v 0.022555 0.627623 -0.012695
v 0.031144 0.649387 -0.054063
v 0.019823 0.636878 0.013249
v 0.038315 0.689119 -0.063537
v 0.040621 0.009409 0.460293
v 0.021538 0.700417 0.037516
v 0.030232 0.715129 -0.056374
v 0.025363 0.737025 -0.004028
v 0.024525 0.695300 0.038280
v 0.027055 0.623829 -0.008835
v 0.042364 -0.725436 -0.416321
v 0.032316 0.751612 0.011027
v 0.029309 0.673400 0.033350
v 0.031290 0.631083 -0.029536
v 0.123395 -0.584035 -0.466332
v 0.026146 0.650233 -0.018933
v 0.034863 0.748598 -0.040663
v 0.029755 0.748802 0.033714
v 0.034439 0.717731 -0.042539
v 0.030501 0.647216 -0.024149
v 0.025550 0.687499 0.036518
v 0.037752 0.665053 -0.059712
v 0.035095 0.706578 0.054499
v 0.039188 0.680191 -0.050401
v 0.114143 -0.434089 -0.518698
v 0.032955 0.729969 -0.049810
v 0.025757 0.676303 0.035740
v 0.111473 0.075902 0.363648
v 0.037773 0.640792 0.014640
v 0.098896 -0.791447 -0.292044
v 0.028252 0.683475 0.036546
v 0.098531 -0.791659 0.290011
v 0.034416 0.648371 0.020527
v 0.040853 0.749985 -0.011741
v 0.029821 0.734554 0.001458
v 0.030138 0.735105 -0.001041
v 0.162477 -0.783319 0.253573
v 0.079814 0.680232 -0.055576
v 0.041544 0.611944 -0.029790
v 0.030024 0.675678 0.034251
v 0.052257 0.735555 -0.038384
v 0.032213 0.669814 0.032819
v 0.038958 0.731952 0.043607
v 0.034007 0.668576 0.045509
v 0.037505 0.668741 0.051131
v 0.040150 0.738731 0.034539
v 0.101746 -0.624821 0.448638
v 0.030529 -0.599071 0.497393
v 0.035679 0.646466 -0.027411
v 0.033610 0.656432 0.026190
v 0.033359 0.662643 0.032160
v 0.054717 0.690903 -0.063329
v 0.036044 0.683530 0.053841
v 0.037684 0.625103 0.000260
v 0.054289 0.638831 -0.051197
v 0.033820 0.734982 -0.001242
v 0.036994 0.728997 0.003848
v 0.048911 0.711359 -0.057978
v 0.041096 0.742551 -0.000537
v 0.039642 0.642491 -0.030742
v 0.041336 0.741211 0.022788
v 0.043246 0.614962 -0.039400
v 0.043541 0.622767 -0.042090
v 0.035720 0.655334 0.025989
v 0.037919 0.727294 0.008768
v 0.042176 0.718773 0.050053
v 0.053752 0.722345 -0.038124
v 0.041329 0.679017 0.055570
v 0.042238 0.716013 -0.038510
v 0.042522 0.700495 0.055507
v 0.042121 0.735705 0.016514
v 0.046760 0.649038 -0.061472
v 0.041650 0.619466 0.013523
v 0.039769 0.727107 0.004896
v 0.040682 0.641405 0.041275
v 0.079534 0.039670 0.413677
v 0.045355 0.642136 -0.033195
v 0.050783 0.642649 -0.057317
v 0.047433 0.746562 -0.031315
v 0.040789 0.722281 0.007954
v 0.044158 0.629308 0.004404
v 0.047385 0.624789 -0.000459
v 0.041571 0.636525 0.011726
v 0.044066 0.675675 -0.050952
v 0.043716 0.616482 0.024885
v 0.052681 0.664485 -0.063406
v 0.052894 0.605265 -0.041693
v 0.063495 -0.687921 -0.429466
v 0.048365 0.721935 0.041531
v 0.047996 0.748219 -0.023699
v 0.074012 -0.134910 0.511049
v 0.116653 -0.122500 -0.487590
v 0.047085 0.624767 0.036508
v 0.043943 0.719440 0.012283
v 0.052267 0.616049 -0.008853
v 0.049213 0.689779 0.055225
v 0.045648 0.604261 0.010969
v 0.048090 0.635956 0.044213
v 0.057864 0.650431 -0.065587
v 0.048100 0.718788 0.012277
v 0.053753 0.744430 -0.006227
v 0.049777 0.675431 0.055559
v 0.048291 0.728448 0.027381
v 0.052832 0.655253 0.051831
v 0.048209 0.619350 -0.000579
v 0.053563 0.596991 -0.013777
v 0.049506 0.640802 -0.037563
v 0.057835 0.611132 -0.052154
v 0.057897 0.700253 -0.063354
v 0.051755 0.710025 0.019898
v 0.077661 0.182532 -0.240684
v 0.053769 0.738409 0.005794
v 0.050316 0.602439 0.017879
v 0.064004 0.616930 -0.055373
v 0.059542 0.603419 -0.026247
v 0.049301 0.714552 0.012826
v 0.059404 0.580669 -0.018582
v 0.046382 0.713575 -0.036993
v 0.053535 0.711943 -0.034828
v 0.058832 0.678156 -0.051947
v 0.055163 0.638893 -0.040616
v 0.050135 0.620885 -0.004301
v 0.066569 0.714625 0.026069
v 0.073816 0.708759 -0.036949
v 0.051880 0.613265 -0.006626
v 0.069553 0.725727 -0.025813
v 0.086210 -0.861622 0.173792
v 0.055904 0.586642 -0.000061
v 0.078653 -0.866135 -0.174442
v 0.060411 0.741041 -0.020231
v 0.055568 0.698013 0.047886
v 0.056500 0.712360 -0.030640
v 0.054967 0.597765 0.016977
v 0.054343 0.706200 0.019937
v 0.057337 0.698122 0.023895
v 0.055307 0.611791 -0.014448
v 0.055730 0.634297 -0.041462
v 0.056774 0.609526 0.028433
v 0.074634 -0.272467 -0.537608
v 0.055471 0.612410 -0.011276
v 0.061833 0.669993 -0.058996
v 0.054761 0.711991 0.038346
v 0.058126 0.660972 0.049854
v 0.111329 0.157126 0.243615
v 0.057247 0.635567 0.043481
v 0.064803 0.640719 -0.061749
v 0.060279 0.673998 -0.052240
v 0.072173 0.707360 -0.050101
v 0.061235 0.024102 -0.438686
v 0.057607 0.608036 -0.014648
v 0.056121 0.702064 0.021865
v 0.059956 0.703404 0.022015
v 0.061025 0.682899 0.044989
v 0.061624 0.635342 -0.043533
v 0.061431 0.576583 -0.013963
v 0.057886 0.607989 -0.018956
v 0.070788 0.722651 0.020606
v 0.058132 0.707864 -0.029249
v 0.065475 0.705602 -0.023819
v 0.059154 0.698547 0.020668
v 0.069033 0.704386 -0.056607
v 0.062963 0.603878 -0.024071
v 0.063092 0.690651 0.028405
v 0.095294 -0.266900 0.524302
v 0.062312 0.590330 -0.025122
v 0.061999 0.601758 -0.021513
v 0.066826 0.733832 -0.022357
v 0.075153 0.633570 -0.054956
v 0.068313 0.730844 0.011073
v 0.063439 0.693622 0.026154
v 0.072361 0.598844 0.017233
v 0.069651 0.623177 0.028521
v 0.077949 0.662709 -0.063654
v 0.070943 0.732543 0.002740
v 0.061793 -0.289654 0.543722
v 0.070740 0.613826 0.025795
v 0.065140 0.685577 0.029817
v 0.074345 0.588623 0.008861
v 0.068882 0.597808 -0.029296
v 0.067757 -0.029479 0.465085
v 0.137555 0.186070 -0.135532
v 0.072218 0.607440 0.020882
v 0.079766 0.689384 -0.057554
v 0.067890 0.701397 -0.024426
v 0.076452 0.706157 -0.030741
v 0.079948 0.651335 -0.067973
v 0.067886 0.668915 0.032610
v 0.066614 0.634546 -0.044589
v 0.069266 0.648762 0.034674
v 0.075088 0.567347 -0.010445
v 0.073058 0.562714 -0.021547
v 0.071456 0.733157 -0.011396
v 0.076565 0.591966 -0.056047
v 0.067775 0.687917 0.030033
v 0.071670 0.717097 -0.025084
v 0.065151 0.676805 0.031247
v 0.067652 0.677930 0.030535
v 0.081240 0.619628 -0.057681
v 0.074774 0.630140 -0.047917
v 0.077471 0.589313 -0.038167
v 0.072872 0.673656 -0.050005
v 0.072973 0.699625 -0.017590
v 0.074584 0.604282 -0.061465
v 0.076889 0.703551 0.033983
v 0.081374 0.563348 -0.044087
v 0.075016 0.678276 0.040538
v 0.072748 0.633226 -0.048051
v 0.079304 0.586310 -0.037462
v 0.047792 -0.723031 0.413059
v 0.123066 -0.583953 0.465000
v 0.071428 0.667977 0.034680
v 0.076782 0.182575 0.236023
v 0.114736 0.072423 -0.367258
v 0.118177 -0.522903 0.486860
v 0.073729 0.696052 -0.017851
v 0.080401 0.716559 0.021917
v 0.077782 0.688580 0.040024
v 0.077229 0.558097 -0.034645
v 0.072777 0.627380 0.033979
v 0.072115 0.615730 0.028132
v 0.082864 0.572756 -0.043988
v 0.076520 0.582160 0.003134
v 0.073166 0.573750 0.022802
v 0.075171 0.562321 0.003912
v 0.075299 0.588399 0.012528
v 0.090193 -0.890556 0.001101
v 0.074784 0.600072 0.039639
v 0.075787 0.670244 -0.050364
v 0.076737 0.568183 0.026825
v 0.083929 0.625874 -0.050030
v 0.078369 0.584807 0.039282
v 0.086921 0.642553 -0.067279
v 0.086605 0.558329 -0.011464
v 0.076106 0.555566 0.008722
v 0.083379 0.585128 -0.041834
v 0.081704 0.623421 0.051158
v 0.079169 0.572850 -0.003286
v 0.078986 0.694936 -0.017465
v 0.160671 -0.778607 -0.263534
v 0.079904 0.570730 -0.001971
v 0.078166 0.594430 0.042822
v 0.078589 0.631346 -0.050438
v 0.091151 0.703598 -0.002820
v 0.080688 0.663721 0.047621
v 0.080421 0.697361 -0.054884
v 0.088398 0.696937 0.034004
v 0.086738 0.667194 -0.048706
v 0.082534 0.568277 -0.006260
v 0.080754 0.692242 -0.012653
v 0.080926 0.693980 -0.010430
v 0.084945 0.689909 0.040217
v 0.082703 0.550147 -0.008604
v 0.088758 0.713526 0.005674
v 0.098447 0.688562 -0.009097
v 0.081562 0.718944 -0.011204
v 0.086702 0.537395 0.003407
v 0.086265 0.547025 0.017019
v 0.082984 0.689622 -0.012846
v 0.086866 0.670832 -0.048821
v 0.084991 0.579873 -0.041524
v 0.090543 0.582363 -0.056708
v 0.085704 0.613268 0.051740
v 0.083054 0.565117 -0.006729
v 0.158949 -0.763905 -0.285112
v 0.088848 0.654010 0.051646
v 0.082758 0.570322 0.034202
v 0.087151 0.596281 0.047764
v 0.086799 0.535747 -0.010500
v 0.088742 0.702341 -0.029233
v 0.092126 0.625300 -0.052082
v 0.083404 0.684610 -0.007669
v 0.150983 -0.764811 0.289582
v 0.184092 -0.048184 0.400501
v 0.102372 0.533524 -0.050285
v 0.087839 0.585849 0.043982
v 0.087374 0.681387 -0.006511
v 0.095995 0.546337 -0.053046
v 0.092386 0.551060 -0.017683
v 0.088571 0.679895 -0.003064
v 0.128108 -0.121169 -0.481060
v 0.102827 0.678080 -0.046146
v 0.093664 0.622073 -0.052074
v 0.097950 0.537147 -0.039274
v 0.089665 0.626306 0.053518
v 0.106063 0.602735 -0.067179
v 0.089743 0.594300 -0.065452
v 0.097032 0.692750 -0.044007
v 0.096208 0.546317 -0.018704
v 0.093102 0.531709 -0.019761
v 0.090458 0.580175 -0.044431
v 0.096996 0.545349 0.016792
v 0.097639 0.523681 -0.004426
v 0.094273 0.659220 -0.059063
v 0.092008 0.611481 0.051636
v 0.107556 0.610798 -0.060905
v 0.096686 0.699156 0.010822
v 0.113161 0.622175 -0.058000
v 0.098590 0.684591 0.032976
v 0.112617 0.638646 -0.063434
v 0.107466 0.199244 0.143645
v 0.154911 0.192566 -0.000368
v 0.100175 0.574164 -0.048108
v 0.095304 0.581683 0.040266
v 0.095138 0.647545 0.051643
v 0.093347 0.675489 -0.000938
v 0.127777 -0.120970 0.479425
v 0.100417 0.531810 0.005089
v 0.095010 0.662652 -0.044520
v 0.102225 0.621493 -0.053751
v 0.104112 0.539041 -0.025278
v 0.102154 0.530203 -0.027016
v 0.093374 0.674015 0.001786
v 0.100210 0.543227 -0.024041
v 0.104755 0.647659 -0.063902
v 0.095318 0.670372 0.001100
v 0.099031 0.665678 0.043961
v 0.102442 0.611287 0.045202
v 0.098751 0.517514 -0.034801
v 0.101596 0.693597 -0.017153
v 0.101481 0.510736 -0.019683
v 0.099339 0.688579 0.009311
v 0.103513 0.579867 -0.064093
v 0.117369 0.067383 0.367735
v 0.096504 0.666290 0.006706
v 0.106086 0.551108 -0.058978
v 0.111145 0.664577 -0.038895
v 0.100491 0.664351 0.004689
v 0.104394 0.505715 -0.037128
v 0.100753 0.633215 0.049374
v 0.104846 0.519817 -0.038975
v 0.102530 0.651580 0.045088
v 0.110077 0.588580 -0.069161
v 0.104802 0.690385 -0.036037
v 0.136636 -0.691659 0.380310
v 0.106900 0.545279 0.011193
v 0.106995 0.616492 -0.052079
v 0.101526 0.661808 0.007407
v 0.100688 0.617422 -0.053856
v 0.155132 -0.332112 -0.494705
v 0.106415 0.552811 0.014634
v 0.104068 0.648725 0.016828
v 0.123927 0.149331 -0.243936
v 0.114896 0.684399 -0.015383
v 0.104240 0.675870 0.027942
v 0.117412 0.646967 -0.056067
v 0.111679 0.509304 -0.045774
v 0.105813 0.532409 0.003431
v 0.112771 0.675879 0.003289
v 0.103022 0.656811 -0.039562
v 0.110758 0.651703 -0.033133
v 0.113426 0.523532 -0.004832
v 0.107212 0.635089 0.024543
v 0.108494 0.531491 -0.028045
v 0.108470 0.568836 -0.051596
v 0.113897 0.524845 -0.045921
v 0.108785 0.535136 -0.030877
v 0.112096 0.676573 -0.038255
v 0.187765 -0.834054 0.066724
v 0.107620 0.637067 0.038353
v 0.116014 0.656032 0.018807
v 0.106533 0.652666 0.013646
v 0.111171 0.651229 -0.035278
v 0.123062 0.587914 -0.069288
v 0.139069 -0.693764 -0.379043
v 0.110716 0.614133 -0.052127
v 0.103866 0.526244 0.017732
v 0.104807 0.508199 0.012978
v 0.106434 0.515109 0.025299
v 0.108237 0.503639 -0.005401
v 0.114364 0.513968 -0.010534
v 0.116496 0.563792 -0.053808
v 0.110008 0.569581 0.022293
v 0.108815 0.547785 0.015857
v 0.109659 0.539037 -0.061497
v 0.120401 0.565247 -0.057198
v 0.108190 0.600106 0.028499
v 0.114275 0.527774 -0.033863
v 0.110159 0.532262 0.006618
v 0.110307 0.499030 -0.036482
v 0.108205 0.556723 0.036498
v 0.107126 0.640863 0.018043
v 0.108090 0.531320 0.003108
v 0.109302 0.538927 0.007093
v 0.110292 0.484331 -0.005355
v 0.108411 0.637178 0.019448
v 0.109284 0.574241 0.021977
v 0.122975 0.551567 -0.061503
v 0.113804 0.525299 -0.002041
v 0.110018 0.502291 -0.042074
v 0.108695 0.558986 0.020469
v 0.113838 0.488251 0.013114
v 0.113991 0.525740 -0.057799
v 0.107044 0.560895 0.018692
v 0.109342 0.607779 0.026110
v 0.116402 0.494973 -0.024575
v 0.113969 0.513863 -0.044355
v 0.109547 0.602624 0.027545
v 0.109407 0.541326 0.011222
v 0.114147 0.510352 -0.008666
v 0.113736 0.526745 0.040256
v 0.109536 0.625849 0.022627
v 0.116273 0.480617 -0.021297
v 0.113501 0.532747 -0.028926
v 0.199144 -0.061957 -0.399325
v 0.113875 0.502328 -0.018394
v 0.112273 0.594270 0.031621
v 0.114117 0.510893 0.032405
v 0.113784 0.520044 -0.004859
v 0.121553 0.576447 -0.067293
v 0.113755 0.529935 -0.036045
v 0.122123 0.663165 -0.030542
v 0.123753 0.604001 -0.058370
v 0.149867 0.177639 0.133055
v 0.117588 0.501581 -0.041581
v 0.116085 0.494963 -0.020715
v 0.122956 0.618407 -0.055857
v 0.115932 0.540109 0.045968
v 0.118489 0.565554 0.049794
v 0.114339 0.504500 -0.012767
v 0.116012 0.474472 -0.011404
v 0.122402 0.489138 -0.029950
v 0.118055 0.609828 -0.051490
v 0.131760 0.563709 -0.061591
v 0.121138 0.606162 0.043927
v 0.116000 0.648984 -0.029710
v 0.119992 0.611179 -0.050079
v 0.127650 0.650473 -0.023012
v 0.176741 -0.810790 -0.180696
v 0.126329 0.646112 -0.041754
v 0.119222 0.524892 -0.034526
v 0.126003 0.656073 0.019413
v 0.120573 0.676257 -0.024594
v 0.123470 0.519441 0.040087
v 0.120331 0.524924 -0.038306
v 0.131313 -0.420615 0.506568
v 0.119672 0.636319 0.030529
v 0.116411 0.643488 -0.027271
v 0.117684 0.647482 -0.032871
v 0.126223 0.592672 -0.067379
v 0.189192 -0.832747 -0.067212
v 0.124007 0.465447 -0.009929
v 0.122727 0.487960 0.018263
v 0.124682 0.538728 0.047720
v 0.171856 -0.232821 -0.481155
v 0.123256 0.520477 -0.036141
v 0.133288 0.640718 -0.030303
v 0.128080 0.557734 -0.055623
v 0.123924 0.470380 -0.028916
v 0.125074 0.526910 -0.065365
v 0.123891 0.518026 -0.055412
v 0.122652 0.474065 0.003971
v 0.129474 0.517884 -0.038480
v 0.130126 0.516807 -0.060992
v 0.126393 0.634287 -0.057720
v 0.127725 0.557095 0.051624
v 0.140462 0.526776 -0.068154
v 0.125928 0.145312 0.246254
v 0.121933 0.638934 -0.022266
v 0.133629 0.509944 -0.040345
v 0.127941 0.635011 -0.014482
v 0.130263 0.662554 0.007053
v 0.129207 0.499229 -0.041107
v 0.128635 0.666039 -0.017652
v 0.125526 0.606999 -0.048288
v 0.127158 0.629944 0.036207
v 0.131582 0.622075 0.040101
v 0.128602 0.589693 0.050322
v 0.124047 0.635574 -0.018957
v 0.134039 0.456944 -0.031128
v 0.133201 0.661205 -0.002804
v 0.132072 0.485035 -0.037051
v 0.130245 0.473198 0.005176
v 0.135252 0.556821 -0.055638
v 0.131825 0.602109 -0.046189
v 0.127402 0.632961 -0.016540
v 0.129938 0.632840 -0.018739
v 0.133580 0.513868 -0.040021
v 0.131833 0.463138 -0.005280
v 0.138178 0.554113 -0.055600
v 0.132528 0.639147 -0.048589
v 0.144583 -0.579070 0.450396
v 0.185275 -0.291743 0.474344
v 0.131316 0.572920 0.051666
v 0.127893 0.509583 0.032803
v 0.129420 0.630891 -0.014684
v 0.133552 0.603953 -0.045610
v 0.141501 0.452414 -0.019293
v 0.177124 -0.808681 0.182708
v 0.140274 0.451570 -0.022659
v 0.134253 0.539730 0.044265
v 0.142659 0.585803 -0.063519
v 0.130099 0.627859 -0.011650
v 0.142402 0.569476 -0.065193
v 0.132419 0.646294 0.024106
v 0.137864 0.569880 0.048100
v 0.137463 0.623081 0.036400
v 0.135744 0.620861 -0.003011
v 0.138130 0.492232 0.014634
v 0.154326 0.575143 -0.061462
v 0.136778 0.589259 0.048049
v 0.225780 -0.557986 -0.399459
v 0.137646 0.651163 0.007322
v 0.142414 0.491187 -0.045669
v 0.141592 0.625291 0.030345
v 0.137112 0.487126 0.011621
v 0.138009 0.636892 -0.041524
v 0.141015 0.506687 -0.041890
v 0.153054 0.495926 -0.045502
v 0.143142 0.545351 -0.061629
v 0.139570 0.471173 -0.001159
v 0.142119 0.594440 -0.053254
v 0.139541 0.479328 -0.052669
v 0.143379 0.606613 -0.045884
v 0.133887 0.623551 -0.007517
v 0.144868 0.466526 -0.003649
v 0.140017 0.643842 -0.002874
v 0.140327 0.511881 0.022181
v 0.137771 0.497985 0.016676
v 0.141195 0.612335 0.038348
v 0.153665 0.072588 -0.322277
v 0.137426 0.599874 -0.043543
v 0.144848 0.627624 -0.043481
v 0.134895 0.468890 0.022759
v 0.134985 0.458499 0.010779
v 0.137703 0.477858 0.034697
v 0.147099 0.504212 -0.044388
v 0.137900 0.460833 -0.043085
v 0.212273 0.012529 0.326398
v 0.137592 0.444456 0.013435
v 0.164974 -0.787552 0.241855
v 0.140518 0.476622 0.003350
v 0.138354 0.467752 -0.049299
v 0.138121 0.615900 -0.002671
v 0.149398 0.510710 -0.063924
v 0.139614 0.502532 0.019175
v 0.139294 0.458816 0.030721
v 0.141426 0.469707 0.002831
v 0.139384 0.460140 -0.001229
v 0.139879 0.492461 0.018931
v 0.138940 0.487626 0.012944
v 0.178850 -0.068468 0.416000
v 0.139550 0.496764 0.036953
v 0.141622 0.503104 0.019710
v 0.140213 0.522119 0.026585
v 0.141739 0.595775 -0.039784
v 0.145868 0.591877 -0.034432
v 0.141056 0.441533 0.017352
v 0.141131 0.613915 0.005128
v 0.141177 0.476067 0.040285
v 0.156810 0.555125 -0.057363
v 0.141395 0.481231 0.008365
v 0.143311 0.429742 -0.004001
v 0.145309 0.622824 0.022669
v 0.146273 0.616066 -0.046059
v 0.141317 0.537084 0.028546
v 0.144709 0.475870 -0.057555
v 0.145179 0.589417 0.038358
v 0.141491 0.439192 -0.011028
v 0.139879 0.612038 0.001649
v 0.141783 0.609403 0.003032
v 0.143041 0.431441 0.003551
v 0.145265 0.626853 0.011996
v 0.151008 0.616859 -0.001987
v 0.143544 0.524864 0.025487
v 0.146449 0.426780 -0.014525
v 0.158720 0.496131 -0.046145
v 0.145328 0.461518 -0.006519
v 0.148604 0.483190 -0.057781
v 0.146158 0.456299 0.033748
v 0.141349 0.607890 0.006810
v 0.151290 0.502326 0.049940
v 0.143676 0.557239 0.032057
v 0.143118 0.552279 0.030634
v 0.150567 0.626536 -0.017715
v 0.145230 0.532209 0.032251
v 0.145047 0.539415 0.029838
v 0.148858 0.480782 0.045990
v 0.147899 0.470061 0.041857
v 0.147208 0.437904 -0.019605
v 0.163219 0.494678 -0.049516
v 0.152586 0.543678 -0.057952
v 0.146062 0.550021 -0.054150
v 0.145740 0.590283 -0.037776
v 0.158778 0.531160 -0.065509
v 0.143523 0.598532 0.011654
v 0.147274 0.598261 0.010759
v 0.157732 0.456292 -0.056117
v 0.148692 0.454178 -0.015721
v 0.151661 0.446616 -0.033713
v 0.148906 0.458132 -0.009032
v 0.166043 0.511420 -0.065443
v 0.169383 0.447729 -0.052996
v 0.146876 0.554947 0.028426
v 0.145941 0.574513 0.022694
v 0.152083 0.585131 -0.056569
v 0.153938 0.430367 0.012558
v 0.144950 0.588303 0.018649
v 0.146903 0.590635 0.014807
v 0.147592 0.582305 0.019907
v 0.147692 0.603867 0.024863
v 0.151427 0.534043 0.044167
v 0.184276 -0.821337 0.127775
v 0.241444 0.100850 -0.161993
v 0.149287 0.572739 0.024391
v 0.154877 0.446100 0.026399
v 0.154745 0.620755 -0.033390
v 0.150781 0.430462 -0.023788
v 0.157334 0.597315 -0.034383
v 0.147903 0.586530 -0.033631
v 0.155425 0.415265 -0.009259
v 0.239656 0.129383 -0.055411
v 0.152912 0.599740 0.013378
v 0.151975 0.424114 0.004500
v 0.192742 0.022598 -0.337689
v 0.157147 0.584582 -0.037825
v 0.193797 0.146173 0.136237
v 0.156952 0.603728 0.010578
v 0.155091 0.448076 -0.020345
v 0.162974 0.491581 -0.051205
v 0.154716 0.551527 0.040005
v 0.164948 0.600656 -0.026723
v 0.153693 0.584462 -0.026293
v 0.152865 0.582201 -0.028354
v 0.155697 0.533324 0.047172
v 0.157024 0.574821 0.030330
v 0.155306 0.473428 -0.061291
v 0.153365 0.545365 -0.053339
v 0.156371 0.480324 0.045659
v 0.168506 0.541959 -0.047452
v 0.160667 0.445649 -0.024463
v 0.175730 0.517961 -0.063626
v 0.159013 0.484871 -0.059552
v 0.156937 0.416378 -0.024930
v 0.158289 0.434246 -0.028238
v 0.168723 0.554186 -0.053973
v 0.163412 0.611523 -0.006885
v 0.167237 0.565828 -0.055765
v 0.161151 0.615698 -0.017566
v 0.165352 0.578205 -0.018386
v 0.161018 0.492737 -0.047736
v 0.158758 0.510122 0.051378
v 0.186777 0.083096 0.266725
v 0.160438 0.527062 0.049660
v 0.156808 0.578765 -0.023949
v 0.157634 0.575022 -0.023914
v 0.175726 -0.232473 0.477194
v 0.165324 0.415582 -0.033538
v 0.162548 0.541568 -0.049941
v 0.164238 0.580430 -0.042827
v 0.162214 0.494998 0.047907
v 0.170272 0.500379 -0.059619
v 0.164101 0.410397 -0.010662
v 0.167531 0.465607 0.028345
v 0.157278 0.576395 -0.020696
v 0.183396 -0.818190 -0.140433
v 0.167704 0.445169 -0.027275
v 0.162988 0.566500 0.036423
v 0.251597 0.057968 -0.225927
v 0.172463 0.404231 -0.021247
v 0.177577 0.567284 -0.042485
v 0.161196 0.568652 -0.018581
v 0.151914 -0.441396 -0.487830
v 0.161651 0.570150 -0.014863
v 0.169407 0.429961 0.006831
v 0.165257 0.588275 0.021127
v 0.157683 -0.652877 0.389770
v 0.165909 0.531803 -0.061763
v 0.167098 0.546235 0.043963
v 0.173898 0.458372 -0.063224
v 0.164097 0.603693 0.005650
v 0.189401 -0.306884 -0.472633
v 0.165864 0.516275 0.049562
v 0.168970 0.423987 -0.035826
v 0.161675 0.564962 -0.016676
v 0.164469 0.607693 -0.023774
v 0.162968 0.561229 -0.011468
v 0.164245 0.494075 -0.050510
v 0.167478 0.447849 0.018628
v 0.169317 0.439601 0.012921
v 0.173571 0.488742 -0.052066
v 0.176496 0.413166 -0.006526
v 0.174222 0.443915 -0.031089
v 0.185353 0.466909 -0.065307
v 0.238136 0.129976 0.058568
v 0.182897 0.441964 -0.050189
v 0.171077 0.536200 -0.044528
v 0.171330 0.420173 -0.001081
v 0.165551 0.557350 -0.010637
v 0.167220 0.553541 -0.005695
v 0.174882 0.590039 -0.000207
v 0.176767 0.439627 -0.031742
v 0.170954 0.509732 0.043885
v 0.170129 0.408040 -0.036925
v 0.176661 0.571956 -0.003171
v 0.166752 -0.136032 0.453389
v 0.169013 0.477763 0.030828
v 0.229313 -0.557971 0.395348
v 0.166231 0.435081 0.027496
v 0.166375 0.421430 0.021861
v 0.168704 0.425110 0.036763
v 0.170051 0.440452 0.015907
v 0.168895 0.414142 0.010517
v 0.169054 0.453622 0.024467
v 0.184044 0.536008 -0.039201
v 0.185624 0.556555 -0.009377
v 0.168931 0.449868 0.038729
v 0.178299 0.441873 -0.032695
v 0.175433 0.492366 -0.052111
v 0.261678 -0.176453 -0.392351
v 0.174673 0.589132 -0.007277
v 0.172780 0.546985 -0.002184
v 0.169299 0.461519 0.028143
v 0.172130 0.584397 0.018151
v 0.185200 -0.757645 0.253514
v 0.170331 0.405286 0.024864
v 0.171165 0.428236 0.011519
v 0.172297 0.432811 0.044227
v 0.173590 0.534813 0.042467
v 0.172711 0.395282 0.006964
v 0.174279 0.427792 0.006094
v 0.173810 0.481350 -0.061562
v 0.169474 0.550264 -0.001162
v 0.172668 0.467217 0.040549
v 0.175509 0.570728 0.025903
v 0.171638 0.480969 0.030033
v 0.172575 0.418413 -0.046528
v 0.173189 0.548078 0.040096
v 0.190051 0.556388 -0.014907
v 0.172333 0.409768 0.033381
v 0.178422 0.419973 0.043979
v 0.170863 0.545371 0.001302
v 0.183075 0.483178 -0.057488
v 0.175714 0.455103 0.047906
v 0.176211 0.422115 0.001977
v 0.174454 0.403590 -0.001145
v 0.173242 0.539825 0.003171
v 0.173635 0.493664 0.029621
v 0.210954 -0.365846 -0.455796
v 0.180091 0.404834 -0.044264
v 0.178539 0.402800 -0.038730
v 0.234401 -0.474672 -0.417150
v 0.178059 0.423376 -0.049716
v 0.176090 0.416578 -0.002888
v 0.178915 0.387252 0.018364
v 0.188776 0.541825 -0.037976
v 0.173148 0.535390 0.007041
v 0.185119 -0.681125 0.342310
v 0.192516 0.529702 0.018075
v 0.189301 0.460145 -0.065288
v 0.179141 0.393402 0.026226
v 0.174473 0.531352 0.012458
v 0.181686 0.433526 -0.037087
v 0.189584 0.502937 -0.058008
v 0.182464 0.390190 -0.012732
v 0.175864 0.499422 0.027611
v 0.175672 0.505597 0.025488
v 0.193930 0.514751 -0.053538
v 0.176248 0.531754 0.008999
v 0.178567 0.384921 0.007804
v 0.180012 0.470160 0.047919
v 0.188602 0.401078 -0.023806
v 0.181775 0.487228 0.042220
v 0.176367 0.415479 0.000762
v 0.178529 0.573761 0.016395
v 0.179056 0.407905 0.037987
v 0.181379 0.445817 0.050824
v 0.193453 0.410725 -0.055555
v 0.182782 0.556305 -0.043092
v 0.177820 0.508393 0.024536
v 0.175932 0.512142 0.024326
v 0.177520 0.521653 0.016651
v 0.180456 0.539173 0.025945
v 0.177715 0.514324 0.020647
v 0.180590 0.411883 -0.006598
v 0.184624 0.487190 -0.049966
v 0.179288 0.572764 0.004902
v 0.191021 -0.669801 -0.351599
v 0.180390 0.386800 -0.007955
v 0.179180 0.412360 -0.002508
v 0.183898 0.428340 0.047847
v 0.181747 0.428610 -0.048260
v 0.198153 -0.216437 0.454744
v 0.186044 0.526386 -0.031635
v 0.180416 0.553758 0.025211
v 0.178846 0.530235 -0.038637
v 0.186503 0.438227 -0.036288
v 0.187824 0.408354 -0.011681
v 0.184713 0.562913 -0.032502
v 0.187527 0.519852 0.024926
v 0.187428 0.448040 -0.059315
v 0.186652 0.459376 0.051588
v 0.186776 0.409515 0.040382
v 0.193264 0.437638 -0.038507
v 0.181129 0.526436 -0.035073
v 0.206719 -0.716918 -0.285205
v 0.184339 0.525687 -0.034031
v 0.191910 0.369710 -0.012468
v 0.192610 0.390641 0.028509
v 0.199475 -0.058368 0.395381
v 0.190238 0.369774 -0.002431
v 0.192371 0.517080 -0.022851
v 0.215322 -0.031959 -0.362119
v 0.191747 0.375409 -0.020100
v 0.198413 0.396183 -0.039085
v 0.187833 0.485812 0.045674
v 0.203810 -0.075188 0.399815
v 0.292317 -0.317823 -0.384914
v 0.198347 0.420132 -0.057352
v 0.200833 0.384556 -0.029653
v 0.197697 0.484979 -0.045584
v 0.188682 0.555301 -0.034984
v 0.192573 0.443069 0.048233
v 0.192743 0.544020 0.003190
v 0.200449 0.469838 -0.061622
v 0.245097 -0.682262 0.277771
v 0.191669 0.373400 0.011231
v 0.191333 0.379608 0.019347
v 0.194723 0.428643 -0.052258
v 0.209226 -0.370148 0.456909
v 0.220150 0.030126 0.298876
v 0.204419 0.500423 -0.050035
v 0.190459 0.485310 -0.048032
v 0.196344 0.539612 -0.028214
v 0.193346 0.477557 0.047825
v 0.188355 0.520523 -0.028708
v 0.196658 0.479240 -0.055800
v 0.197776 0.461209 0.045907
v 0.198079 0.376826 -0.028383
v 0.200145 0.542858 -0.016382
v 0.192128 0.403118 -0.016227
v 0.238479 -0.495271 0.407700
v 0.201989 0.434293 -0.040453
v 0.191814 0.442155 -0.053575
v 0.197076 0.496740 0.040171
v 0.203206 0.398731 -0.051662
v 0.205339 0.395164 -0.045287
v 0.203624 0.397732 -0.022572
v 0.201974 0.412483 0.028460
v 0.195945 0.514559 -0.025058
v 0.200047 0.543774 -0.009248
v 0.197637 0.402606 -0.019781
v 0.201014 0.365375 -0.024447
v 0.202900 0.398911 -0.025613
v 0.194221 0.512898 -0.019120
v 0.201775 0.524793 0.018167
v 0.198883 0.483701 0.043561
v 0.198066 0.436456 -0.040510
v 0.209324 0.510289 -0.034424
v 0.201906 0.372392 0.013535
v 0.200989 0.523925 -0.018558
v 0.198275 0.506673 -0.014165
v 0.197003 0.510396 -0.020172
v 0.262565 -0.178055 0.390717
v 0.238810 0.117544 0.130309
v 0.206996 0.361867 0.001416
v 0.240370 0.027861 -0.278218
v 0.217463 0.403021 -0.059495
v 0.205685 0.397253 0.022210
v 0.275926 -0.741137 0.064662
v 0.203876 0.533983 0.000547
v 0.211519 0.506502 -0.019941
v 0.215218 0.363339 -0.038357
v 0.208175 0.482114 -0.040247
v 0.203547 0.359795 -0.011716
v 0.220516 0.457982 -0.057601
v 0.205613 0.507123 -0.046798
v 0.213399 0.395261 -0.029904
v 0.204001 0.479966 0.038437
v 0.199701 0.504570 -0.010497
v 0.201942 0.503799 -0.013318
v 0.198417 0.499252 -0.007659
v 0.201709 0.498544 -0.008799
v 0.201624 0.430381 0.032416
v 0.203558 0.498870 -0.000859
v 0.207850 0.434507 -0.043657
v 0.208282 0.492024 -0.045922
v 0.211175 0.393489 -0.026332
v 0.204465 0.403517 0.027626
v 0.206068 0.512457 -0.005416
v 0.243090 -0.652457 0.305919
v 0.227986 0.448927 -0.053721
v 0.207816 0.508388 0.022201
v 0.203412 0.440418 0.030131
v 0.238609 0.118067 -0.132915
v 0.204274 0.494700 -0.002838
v 0.205708 0.430192 0.032669
v 0.204398 0.437957 0.029964
v 0.209944 0.395244 -0.028150
v 0.207837 0.520032 0.011787
v 0.214141 0.355956 -0.026947
v 0.207886 0.524392 0.001873
v 0.204485 0.452812 0.023968
v 0.204302 0.457605 0.026260
v 0.208045 0.455922 0.022833
v 0.203987 0.492789 0.001278
v 0.206617 0.398688 0.024308
v 0.205626 0.486999 0.008749
v 0.205059 0.487133 0.003274
v 0.207628 0.487546 0.029842
v 0.211163 0.376040 -0.038173
v 0.220291 0.420003 -0.059647
v 0.234352 -0.001734 -0.320300
v 0.216837 0.441245 -0.052268
v 0.219173 0.391258 -0.033942
v 0.205812 0.395363 0.040532
v 0.207762 0.382642 0.037012
v 0.209867 0.392041 0.017325
v 0.216499 0.432816 -0.043514
v 0.205672 0.409132 0.042454
v 0.207385 0.463710 0.018755
v 0.207202 0.471761 0.014749
v 0.205500 0.471339 0.018711
v 0.256031 -0.724230 0.176627
v 0.207174 0.439982 0.032057
v 0.209443 0.409573 0.049293
v 0.212113 0.439613 -0.050796
v 0.222842 0.409330 -0.061558
v 0.241110 0.133827 -0.000785
v 0.211220 0.433398 0.044504
v 0.211279 0.375035 0.021554
v 0.219722 0.352180 -0.020416
v 0.242726 -0.776232 -0.067148
v 0.209628 0.502121 0.009275
v 0.210505 0.392877 0.048777
v 0.214607 0.374454 0.044701
v 0.220211 0.471337 0.024622
v 0.215267 0.463737 0.028317
v 0.212462 0.384327 0.013136
v 0.215075 0.429654 0.049635
v 0.213416 0.389051 0.016032
v 0.216632 0.382124 0.011996
v 0.240417 -0.619344 -0.342204
v 0.215352 0.398408 0.053687
v 0.218711 0.354417 0.026498
v 0.213090 0.437159 -0.044673
v 0.215311 0.413546 0.053640
v 0.220098 0.492928 -0.035507
v 0.226010 0.462320 -0.053414
v 0.210422 0.479088 -0.038882
v 0.216311 0.477544 -0.035031
v 0.227908 0.473044 -0.036202
v 0.218992 0.358842 0.035939
v 0.218249 0.492738 0.001384
v 0.219814 0.500817 -0.031055
v 0.220286 0.352055 0.015981
v 0.217274 0.377861 0.007858
v 0.222031 0.471390 -0.047318
v 0.234959 0.428264 -0.050146
v 0.221187 0.377128 0.008267
v 0.232557 0.374923 -0.047862
v 0.222342 0.384970 0.053631
v 0.221926 0.412011 0.055603
v 0.266111 -0.731483 0.124301
v 0.222080 0.425422 0.053020
v 0.221950 0.353854 -0.010650
v 0.228123 0.394821 -0.054673
v 0.223197 0.358160 -0.040075
v 0.225579 0.475534 -0.028806
v 0.225350 0.370122 0.000229
v 0.222270 0.373495 0.002740
v 0.229315 0.472180 0.023687
v 0.226530 0.446697 0.044119
v 0.221652 0.387188 -0.034068
v 0.229773 0.490936 -0.004237
v 0.223122 0.375018 0.006103
v 0.238581 0.434774 -0.035439
v 0.238594 0.348372 -0.033768
v 0.228499 0.341512 0.023123
v 0.225720 0.457905 0.036589
v 0.225744 0.367224 0.047822
v 0.231372 0.349042 -0.022574
v 0.240308 0.422173 -0.056030
v 0.233885 -0.001055 0.318323
v 0.230991 0.348333 -0.001948
v 0.227982 0.427279 0.051784
v 0.229122 0.391997 -0.049552
v 0.241342 0.411617 -0.060478
v 0.243500 -0.683399 -0.278292
v 0.227080 0.369573 0.002715
v 0.231070 0.347565 0.036380
v 0.233011 0.390281 -0.034951
v 0.232785 0.369524 0.048796
v 0.227104 0.390902 0.054427
v 0.251122 0.061366 0.219198
v 0.229463 0.491470 -0.021359
v 0.233727 0.443497 -0.048062
v 0.239058 0.431837 -0.036034
v 0.241833 0.357670 -0.049624
v 0.235277 0.334072 0.007427
v 0.234134 0.361455 -0.006116
v 0.238946 0.350300 0.040079
v 0.237994 0.387454 -0.035227
v 0.229207 0.363872 0.001135
v 0.233527 0.487365 -0.003779
v 0.242666 0.363782 -0.052473
v 0.235624 0.454696 0.033052
v 0.234611 0.472548 0.017682
v 0.235354 0.431553 0.044374
v 0.237223 0.374658 0.047849
v 0.235119 0.477271 -0.013800
v 0.242295 0.402225 -0.059362
v 0.275863 -0.741436 -0.065347
v 0.240961 0.334574 -0.006940
v 0.240614 0.348446 -0.009849
v 0.242230 0.461146 -0.039791
v 0.242422 0.330622 0.021323
v 0.235040 0.485671 -0.009130
v 0.236670 0.361581 -0.005492
v 0.239375 0.454981 -0.046395
v 0.273106 -0.745734 0.022592
v 0.239643 0.464940 -0.016475
v 0.244016 0.381588 -0.044236
v 0.250373 0.346980 -0.029573
v 0.237365 0.406088 0.046832
v 0.240749 0.351835 -0.043539
v 0.245438 0.325870 0.002971
v 0.250526 0.336296 -0.017582
v 0.238985 0.460451 0.020885
v 0.242465 0.357809 -0.009241
v 0.237267 0.475756 0.007271
v 0.246102 0.369907 -0.053469
v 0.238941 0.435149 0.036780
v 0.243713 0.357573 -0.012154
v 0.241563 0.357650 0.042057
v 0.237869 0.472415 -0.004853
v 0.288881 -0.157508 -0.352499
v 0.254604 0.353134 -0.019131
v 0.255338 0.385134 -0.036574
v 0.252786 0.459126 -0.022911
v 0.245373 0.381355 0.038315
v 0.296676 -0.540306 0.318682
v 0.255350 -0.721966 -0.185067
v 0.240830 0.402985 0.039336
v 0.266113 -0.478802 -0.382004
v 0.240443 0.451266 0.004322
v 0.242158 0.458841 -0.005006
v 0.284367 -0.082490 0.312537
v 0.240658 0.430201 0.024424
v 0.241274 0.437868 0.016327
v 0.256674 0.440256 -0.027802
v 0.239315 0.446634 0.007446
v 0.241841 0.442118 0.010913
v 0.240930 0.419382 0.029052
v 0.242899 0.431104 -0.031790
v 0.247045 0.354090 -0.011608
v 0.244902 0.413683 0.032670
v 0.242861 0.430118 0.022210
v 0.242792 0.395790 0.036465
v 0.247374 0.376517 0.037353
v 0.254506 0.324502 0.016960
v 0.250963 -0.672752 0.279633
v 0.263218 0.424431 -0.043321
v 0.249320 0.429474 -0.026621
v 0.253051 0.389536 -0.038647
v 0.245954 0.388756 0.037560
v 0.245896 0.427831 0.025788
v 0.255087 0.402933 -0.056252
v 0.254126 0.100297 -0.123258
v 0.251340 0.448328 0.008203
v 0.308386 -0.547539 -0.292477
v 0.248340 0.355925 -0.013979
v 0.250570 0.369465 0.034618
v 0.266754 0.322844 0.014676
v 0.274766 0.041239 0.186993
v 0.251251 0.427179 0.032917
v 0.250593 0.459777 -0.012784
v 0.269734 0.375397 -0.055885
v 0.258652 0.450372 -0.024837
v 0.249078 0.379380 0.039770
v 0.249059 0.387193 0.046109
v 0.247468 0.428643 -0.029504
v 0.248576 0.404434 0.043511
v 0.263065 0.411170 -0.053719
v 0.261017 0.317626 0.000702
v 0.258157 0.428488 -0.019888
v 0.254856 0.428315 -0.028561
v 0.260351 0.393006 -0.046334
v 0.254219 0.353597 -0.015489
v 0.264427 0.356582 -0.054256
v 0.264667 0.368700 -0.057474
v 0.256960 0.354876 0.046344
v 0.259422 0.346559 -0.037543
v 0.291771 -0.316036 0.383794
v 0.261056 0.452141 -0.006895
v 0.256296 0.388046 0.055624
v 0.274597 0.424641 -0.033628
v 0.257438 0.367922 0.055714
v 0.292559 0.020534 -0.178215
v 0.254325 0.408100 0.048115
v 0.277997 0.067471 0.122750
v 0.254758 0.363506 0.035643
v 0.258590 0.430522 0.032566
v 0.256862 0.356834 0.028625
v 0.262379 0.350646 -0.024546
v 0.257788 0.322939 -0.014364
v 0.271343 0.351929 -0.050146
v 0.270397 0.398631 -0.046866
v 0.261721 0.447766 0.007795
v 0.262556 0.420004 0.042023
v 0.262114 0.405357 0.051786
v 0.258542 0.357540 0.031711
v 0.273317 0.315400 -0.017805
v 0.258202 0.350250 0.027981
v 0.308292 -0.421488 0.353266
v 0.260131 0.355506 0.028885
v 0.269017 0.416987 -0.048107
v 0.261778 0.381669 0.059480
v 0.277988 0.350312 -0.046353
v 0.269655 0.350080 -0.023426
v 0.258437 0.426678 -0.020834
v 0.263057 0.349353 -0.019657
v 0.266426 0.387177 -0.035288
v 0.269576 0.324258 -0.026599
v 0.271966 0.329527 0.030511
v 0.266600 0.446273 -0.002385
v 0.266795 0.364839 0.061410
v 0.263633 0.350766 0.025647
v 0.264998 0.438331 0.020947
v 0.262243 0.426536 -0.016549
v 0.265855 0.343742 0.052656
v 0.264320 0.427826 -0.010954
v 0.265582 0.340516 0.021673
v 0.270432 -0.215743 0.389298
v 0.266630 0.336558 0.043562
v 0.266312 0.438886 -0.012388
v 0.267533 0.395818 0.055614
v 0.264884 0.424686 -0.012316
v 0.271991 0.389052 -0.033153
v 0.268887 0.373872 0.061327
v 0.296944 0.329873 -0.041881
v 0.268275 0.345901 0.024162
v 0.320329 0.026207 0.062374
v 0.271318 0.342954 0.019851
v 0.266910 0.422896 -0.008021
v 0.282005 0.349477 -0.028156
v 0.270759 -0.648301 -0.267141
v 0.285998 0.311496 -0.008034
v 0.273356 0.354370 0.061291
v 0.306029 -0.031329 -0.229854
v 0.281406 0.385298 -0.047694
v 0.271681 0.413797 0.041052
v 0.274233 0.418926 0.031165
v 0.271061 0.419138 -0.000184
v 0.272409 0.425081 -0.011092
v 0.274693 0.400165 0.048461
v 0.275743 0.346929 -0.024428
v 0.294628 0.365275 -0.055457
v 0.281959 0.316708 0.026901
v 0.278303 0.322145 0.042215
v 0.275871 -0.168351 0.371016
v 0.277446 0.335528 0.055818
v 0.280340 0.334122 0.013462
v 0.279267 0.377531 0.056225
v 0.272156 0.417328 0.006320
v 0.274235 0.416772 0.004622
v 0.274076 0.424800 0.018043
v 0.281745 0.413270 -0.039677
v 0.303968 -0.421778 -0.357119
v 0.325635 -0.055354 0.219022
v 0.287794 0.349547 -0.029990
v 0.344128 -0.251792 -0.305843
v 0.314824 -0.132473 0.308929
v 0.282304 0.358716 0.059532
v 0.279864 0.388099 -0.032376
v 0.288157 0.321530 -0.034871
v 0.276273 0.411932 0.016706
v 0.278193 0.411904 0.014284
v 0.313402 -0.135633 -0.313372
v 0.277970 0.336204 0.018538
v 0.282247 0.391895 0.033161
v 0.286464 0.318378 0.016295
v 0.287109 0.331318 0.009911
v 0.287523 0.314756 -0.000486
v 0.299329 0.392943 -0.034669
v 0.277807 0.407154 0.022043
v 0.280551 0.397916 0.029395
v 0.290766 0.416247 -0.024976
v 0.285850 0.318970 0.046538
v 0.344495 -0.089522 0.226808
v 0.291220 0.331159 0.055568
v 0.347363 -0.261589 0.301613
v 0.279564 0.389343 -0.030596
v 0.287642 0.340694 -0.034235
v 0.281641 0.403304 0.022791
v 0.285565 0.311572 -0.015878
v 0.290795 0.325885 0.005405
v 0.287021 0.400930 -0.034618
v 0.289379 0.422921 -0.006217
v 0.286681 0.414428 0.016971
v 0.292848 0.322353 0.051788
v 0.284382 0.329930 0.008702
v 0.290982 0.309596 0.034035
v 0.283381 0.384836 0.041798
v 0.300386 0.383482 -0.049953
v 0.291887 0.360979 0.046772
v 0.287914 0.374127 0.042212
v 0.286997 0.389603 -0.027245
v 0.284631 0.386309 0.037414
v 0.287481 0.358282 0.055633
v 0.344335 -0.089573 -0.228660
v 0.285953 0.379823 0.040441
v 0.300118 0.315434 -0.033305
v 0.294281 0.391937 -0.020997
v 0.290275 0.422526 -0.011828
v 0.301723 0.331355 0.051776
v 0.292368 0.418393 0.011331
v 0.288966 0.346244 -0.028511
v 0.290056 0.391195 -0.028458
v 0.334845 -0.023570 0.154427
v 0.357538 -0.044450 0.135697
v 0.293137 0.376567 -0.055373
v 0.292190 0.401874 0.034299
v 0.356346 -0.591534 -0.159687
v 0.290905 0.370993 0.043463
v 0.291827 0.364401 0.044286
v 0.299218 0.303272 0.021918
v 0.293840 0.308651 0.015612
v 0.302615 0.351267 -0.029712
v 0.295007 0.384900 0.047658
v 0.298284 -0.316906 0.375692
v 0.297876 0.311503 -0.011108
v 0.295254 0.324795 0.002603
v 0.294826 0.327384 0.006010
v 0.295900 0.363769 0.045829
v 0.298709 0.405998 -0.020805
v 0.299207 0.348371 -0.028458
v 0.294029 0.360284 0.044119
v 0.296474 0.356703 0.044263
v 0.308697 0.357737 -0.044148
v 0.306097 0.399121 0.040357
v 0.305725 0.341568 0.042376
v 0.309307 0.396924 -0.018540
v 0.299346 0.324460 0.004852
v 0.303275 0.323630 -0.041646
v 0.297870 0.352514 0.044073
v 0.303329 0.390580 0.048134
v 0.300183 0.324147 0.001802
v 0.302529 0.414611 0.010021
v 0.304922 0.408520 0.024567
v 0.308292 0.311419 -0.020445
v 0.300166 0.416210 -0.004510
v 0.306155 0.351838 0.056517
v 0.308435 0.307590 0.001113
v 0.346204 -0.561454 -0.226297
v 0.295523 0.390099 -0.016656
v 0.307628 0.322752 -0.002699
v 0.317195 0.321157 -0.008960
v 0.301480 0.348212 0.043936
v 0.299635 0.355847 0.046302
v 0.319836 0.315414 -0.018619
v 0.322506 0.341449 -0.047700
v 0.308526 0.301406 0.033145
v 0.306378 0.370888 0.059012
v 0.350189 -0.463821 -0.276484
v 0.313976 0.312420 0.043991
v 0.360631 -0.025015 -0.058200
v 0.310145 0.372590 -0.051206
v 0.354933 -0.343590 -0.295656
v 0.300249 0.391768 -0.013301
v 0.307184 0.406677 -0.002553
v 0.314265 0.302027 -0.000074
v 0.305780 0.402229 -0.007893
v 0.305373 0.346214 0.044144
v 0.310134 0.307508 0.041690
v 0.318232 0.295854 0.007580
v 0.358844 -0.631802 -0.062031
v 0.316579 0.349338 0.065281
v 0.327027 0.334098 -0.049527
v 0.313737 0.352624 -0.029091
v 0.306803 0.322018 0.001076
v 0.333152 0.394855 -0.025118
v 0.305510 0.392710 -0.003403
v 0.306699 0.389784 -0.003573
v 0.309890 0.337632 0.040403
v 0.359051 -0.631364 0.059918
v 0.325770 -0.111873 0.275196
v 0.324064 0.293829 0.018987
v 0.314760 0.396477 0.027167
v 0.327768 0.372216 -0.041757
v 0.315691 0.380288 -0.047704
v 0.311181 0.389532 0.008231
v 0.308284 0.389717 -0.000506
v 0.309725 0.354260 -0.031876
v 0.313801 0.379853 0.055837
v 0.323244 0.328534 0.057332
v 0.309413 0.389891 0.004311
v 0.320495 0.399028 -0.004105
v 0.354104 -0.595306 0.155583
v 0.338469 -0.553469 0.251242
v 0.323140 0.363504 0.063511
v 0.325912 0.395004 -0.017256
v 0.323041 0.315153 -0.025747
v 0.336244 -0.484835 0.287373
v 0.323868 0.322926 -0.043666
v 0.357559 -0.425632 0.281736
v 0.319151 0.320830 -0.006554
v 0.360636 -0.027039 0.064817
v 0.313976 0.388923 0.008007
v 0.318862 0.357506 -0.032166
v 0.313155 0.388069 0.012212
v 0.362154 -0.017407 -0.000465
v 0.357951 -0.043535 -0.135360
v 0.316677 0.389990 0.041021
v 0.317435 0.329964 0.038444
v 0.320801 0.330713 0.039207
v 0.331943 0.305910 -0.014917
v 0.321957 0.375461 0.054484
v 0.315532 0.388402 0.015663
v 0.318067 0.385504 0.016955
v 0.326537 0.338977 0.067338
v 0.336587 0.363115 -0.028053
v 0.318147 0.354660 -0.029203
v 0.328961 0.309490 0.035806
v 0.341133 0.357508 -0.041991
v 0.325580 0.304922 0.036221
v 0.331175 0.318762 -0.033951
v 0.326171 0.295594 0.024978
v 0.319304 0.383796 0.022593
v 0.323994 0.395438 0.012326
v 0.324642 0.325008 0.036393
v 0.325811 0.387922 -0.038320
v 0.321197 0.384798 0.020069
v 0.324567 0.379429 0.030088
v 0.324503 0.320592 -0.009154
v 0.328654 0.295806 -0.003434
v 0.323736 0.357411 -0.029034
v 0.331958 0.322783 -0.013833
v 0.328381 0.372523 0.046508
v 0.329229 0.323330 0.036116
v 0.335671 0.315227 0.052525
v 0.333324 0.342701 0.068339
v 0.332046 0.398874 0.010800
v 0.337079 0.316810 0.030430
v 0.330264 0.374097 0.034585
v 0.337255 0.292025 0.003916
v 0.330677 0.357156 -0.028029
v 0.342884 0.302021 -0.019215
v 0.334001 0.298678 0.027632
v 0.330393 0.369834 0.041933
v 0.330673 0.373109 0.037702
v 0.338199 0.321641 -0.014818
v 0.345690 0.388728 -0.026206
v 0.346224 0.345278 0.059412
v 0.337502 0.335293 -0.049721
v 0.347196 0.312864 0.059747
v 0.336373 0.318771 0.033003
v 0.345604 0.327224 -0.039564
v 0.337886 0.396615 -0.016328
v 0.341450 0.327998 0.067414
v 0.336850 0.393290 0.026844
v 0.346221 0.350676 -0.049664
v 0.361187 0.377713 -0.017523
v 0.337766 0.380594 0.041475
v 0.350128 -0.069239 0.188508
v 0.342394 0.363810 -0.026427
v 0.334564 0.369834 0.040094
v 0.342752 0.385829 0.040677
v 0.354024 -0.341290 0.296940
v 0.364942 -0.192233 -0.245396
v 0.346079 0.371039 0.052334
v 0.345150 0.332131 -0.045982
v 0.346065 0.293496 0.012481
v 0.338754 0.362075 0.043737
v 0.354742 0.328005 -0.022945
v 0.346088 0.392663 -0.021806
v 0.347160 0.394955 0.019471
v 0.344701 0.334334 0.067328
v 0.339600 0.397893 0.016102
v 0.341979 0.314673 0.031492
v 0.350639 0.368735 -0.022716
v 0.342794 0.324833 -0.019375
v 0.362006 0.309146 -0.032160
v 0.343385 0.362772 -0.028247
v 0.356138 0.302688 0.029782
v 0.354360 0.294001 -0.009422
v 0.344217 0.393646 -0.015643
v 0.346008 0.323831 -0.018796
v 0.349666 0.385543 0.043954
v 0.346898 0.389433 -0.001070
v 0.345050 0.354069 0.046346
v 0.350389 0.390991 0.033259
v 0.348079 0.313073 0.026129
v 0.351762 0.386819 0.008902
v 0.351974 0.376620 0.053106
v 0.360407 0.299090 0.041311
v 0.358056 0.330891 -0.026173
v 0.348958 0.312831 0.022843
v 0.361002 -0.246736 0.272257
v 0.345671 0.364365 -0.024875
v 0.344153 -0.556005 0.233962
v 0.352339 0.356700 0.056016
v 0.364046 0.353089 -0.047542
v 0.356404 0.318972 0.063634
v 0.362458 -0.458923 0.256897
v 0.349188 0.387712 0.003708
v 0.355642 0.366380 0.059474
v 0.351762 0.345619 0.049473
v 0.377608 -0.448918 0.226918
v 0.361671 0.297712 0.005539
v 0.362683 0.299654 -0.022763
v 0.350826 0.311853 0.024892
v 0.351962 0.349981 0.048322
v 0.361391 0.365992 -0.042198
v 0.368312 0.308812 0.057524
v 0.353971 0.393014 -0.002444
v 0.377109 0.327273 -0.040486
v 0.364570 0.329664 -0.027702
v 0.358671 0.372512 -0.018891
v 0.364745 0.347125 -0.045824
v 0.358218 0.308718 0.014462
v 0.353086 0.385518 0.009305
v 0.358600 0.341578 0.049312
v 0.368878 0.394931 0.002103
v 0.362509 0.375393 0.056269
v 0.360691 0.381827 0.018426
v 0.358373 0.309711 0.018987
v 0.367784 0.362147 -0.045804
v 0.383271 -0.221131 -0.224045
v 0.391673 -0.322892 -0.226282
v 0.361757 0.304961 0.054707
v 0.369974 0.338284 -0.028326
v 0.368321 0.377721 0.026246
v 0.359490 0.330017 -0.024505
v 0.381752 -0.221573 0.225952
v 0.365860 0.345559 0.061855
v 0.371429 0.362677 0.065160
v 0.370793 0.354333 0.067222
v 0.372500 0.388334 -0.007271
v 0.370231 0.299501 -0.018870
v 0.363788 0.374934 -0.018072
v 0.361798 0.383892 0.041793
v 0.372224 0.391659 0.017489
v 0.405447 -0.454045 0.130665
v 0.385334 -0.413235 -0.233552
v 0.364418 0.334684 -0.026899
v 0.362188 0.309115 0.012923
v 0.381530 0.348360 -0.032279
v 0.377003 0.377614 -0.034554
v 0.402334 0.395102 -0.012639
v 0.365376 0.338457 0.048411
v 0.368134 0.301167 0.017371
v 0.382787 0.293598 0.015745
v 0.367667 0.380025 0.022698
v 0.364584 0.310912 0.011851
v 0.416335 -0.488755 -0.000024
v 0.377493 0.328768 0.046050
v 0.370890 0.333979 0.046395
v 0.374128 0.297526 0.044491
v 0.367442 0.333202 -0.026686
v 0.390472 -0.141661 0.137957
v 0.371611 0.309259 0.004671
v 0.367598 0.308947 0.008652
v 0.395346 -0.207144 -0.184103
v 0.372202 0.378038 -0.011084
v 0.388955 0.320697 -0.042120
v 0.389191 0.339501 -0.044219
v 0.375485 0.368721 -0.041982
v 0.385377 0.360041 -0.037995
v 0.370754 0.309636 0.007677
v 0.374595 0.293684 0.027639
v 0.377955 0.380125 -0.006943
v 0.374592 0.373969 0.031134
v 0.402270 -0.442886 -0.170600
v 0.389607 0.311069 -0.029061
v 0.381197 0.300237 0.046950
v 0.375213 0.377681 -0.012097
v 0.375600 0.309179 0.007043
v 0.378815 0.335665 0.063063
v 0.387407 0.309073 -0.016223
v 0.375466 0.309284 0.000746
v 0.376345 0.313215 0.055731
v 0.374243 0.342357 -0.028742
v 0.387628 0.293699 0.034003
v 0.385426 0.380171 -0.033188
v 0.378421 0.372243 0.036360
v 0.388014 0.356512 0.067565
v 0.391244 0.362563 0.059297
v 0.393618 -0.320124 0.220169
v 0.395079 0.364085 0.043452
v 0.395476 0.310385 0.044068
v 0.386473 0.393578 0.009621
v 0.381611 0.381402 -0.004970
v 0.381546 0.342319 -0.032344
v 0.389333 0.348049 0.070500
v 0.392168 0.395052 0.025925
v 0.380132 0.327513 0.044298
v 0.386255 0.339862 0.069505
v 0.382988 0.372358 0.036265
v 0.383324 0.311289 -0.004615
v 0.383861 0.309710 -0.000201
v 0.391288 0.292039 0.023024
v 0.399812 0.299203 -0.005296
v 0.395930 0.322869 0.055508
v 0.383547 0.328124 0.045726
v 0.386257 0.368137 0.038672
v 0.393139 0.372065 -0.034152
v 0.385945 0.381346 -0.005066
v 0.401175 0.344303 -0.048579
v 0.391429 0.327414 -0.045262
v 0.394529 0.384705 0.044241
v 0.388384 0.325791 0.041747
v 0.388127 0.314941 -0.003638
v 0.421966 -0.175960 -0.001669
v 0.391071 0.356329 -0.031521
v 0.392858 0.378472 0.045194
v 0.390411 0.383850 0.002179
v 0.407148 -0.464871 -0.123035
v 0.391405 0.316784 -0.008523
v 0.405139 0.302856 0.035219
v 0.407889 -0.191000 0.135397
v 0.391732 0.379820 -0.032586
v 0.397413 0.321760 0.036165
v 0.394610 0.316399 -0.007086
v 0.409596 -0.335506 0.176915
v 0.401051 0.322561 0.035962
v 0.409463 0.387419 0.049730
v 0.398297 0.360500 -0.028864
v 0.412238 0.329358 -0.024513
v 0.396947 0.358277 -0.030635
v 0.405356 0.328482 0.067435
v 0.394774 0.319644 -0.038475
v 0.407280 -0.189101 -0.140221
v 0.421860 -0.320386 -0.141661
v 0.399407 0.385520 0.010232
v 0.403776 0.334437 -0.045968
v 0.406759 0.387142 0.018734
v 0.399418 0.363910 0.043909
v 0.410346 0.357964 -0.047858
v 0.396586 0.385816 0.003682
v 0.402759 0.344077 0.069962
v 0.404457 0.362365 -0.040393
v 0.405933 0.325267 -0.034766
v 0.412298 0.397349 0.011383
v 0.408462 0.355674 0.049692
v 0.401663 0.295588 0.000640
v 0.401030 0.322823 -0.014171
v 0.404339 0.298372 0.031538
v 0.412824 0.295337 0.013510
v 0.403438 0.321789 0.032358
v 0.404965 0.387460 0.010631
v 0.441731 0.337744 0.056059
v 0.399428 0.360009 0.044872
v 0.408950 0.373621 0.056212
v 0.421502 -0.310817 0.135266
v 0.407079 0.372287 -0.024492
v 0.419841 0.381837 -0.017402
v 0.422735 -0.325522 0.135201
v 0.406201 0.322744 0.033261
v 0.405762 0.324379 -0.015038
v 0.418767 0.315569 -0.025217
v 0.412165 0.375783 -0.022734
v 0.415936 0.319132 0.059417
v 0.406526 0.368000 -0.027133
v 0.411518 0.392765 -0.015680
v 0.413185 0.356495 0.048030
v 0.412236 0.401068 0.001777
v 0.409399 0.370726 -0.028392
v 0.417812 0.402940 0.000325
v 0.429270 0.311485 0.037788
v 0.409089 0.320055 0.030355
v 0.410582 0.387638 0.016618
v 0.412266 0.346582 0.065184
v 0.424190 0.323369 -0.030037
v 0.409137 0.356576 0.046162
v 0.435567 0.397357 -0.032604
v 0.439728 0.384312 0.042075
v 0.412878 0.320688 0.030303
v 0.428976 0.364177 0.063453
v 0.429459 -0.323600 -0.089468
v 0.420571 0.336352 0.067052
v 0.411102 0.328548 -0.019865
v 0.418702 0.320776 0.026595
v 0.412009 -0.235461 -0.142068
v 0.416547 0.358030 -0.048495
v 0.423529 0.309074 -0.022688
v 0.426489 0.304814 -0.015490
v 0.417156 0.353139 0.046927
v 0.419791 0.370053 -0.045971
v 0.414711 0.326596 -0.020551
v 0.428259 0.307090 0.014971
v 0.427275 0.341908 -0.028685
v 0.415438 0.321201 0.027358
v 0.421557 0.385667 0.027361
v 0.418124 0.343242 -0.042801
v 0.432595 -0.251396 0.000888
v 0.434269 0.315899 0.012177
v 0.425722 0.313285 0.049344
v 0.420517 0.319015 0.022218
v 0.418195 0.388443 0.022668
v 0.417537 0.332022 -0.022861
v 0.420089 0.388016 0.049730
v 0.420124 0.379708 0.059426
v 0.441904 -0.317936 -0.000872
v 0.420712 0.336491 -0.026083
v 0.426901 0.390149 -0.008930
v 0.430850 0.358580 -0.041996
v 0.415084 0.380070 -0.018642
v 0.426548 0.402170 0.024193
v 0.428514 0.389092 -0.010682
v 0.428807 0.315462 0.027770
v 0.426917 0.357508 0.057602
v 0.438263 0.309024 0.001733
v 0.427881 0.385661 0.030795
v 0.421030 0.322778 0.023349
v 0.429488 0.322432 0.061584
v 0.425590 0.321039 0.019482
v 0.423544 0.351356 0.047314
v 0.432356 0.388989 -0.038591
v 0.433966 0.305188 -0.006805
v 0.426387 0.387359 -0.014992
v 0.437345 0.400894 -0.011354
v 0.432984 0.376334 -0.043609
v 0.424248 0.387396 0.028365
v 0.429893 0.322726 0.020514
v 0.436923 0.377373 0.063424
v 0.427020 0.349247 0.048496
v 0.441708 0.400189 0.040384
v 0.440797 0.367106 0.067333
v 0.428956 0.324369 0.017160
v 0.434429 0.325371 -0.035576
v 0.443001 0.410647 0.027397
v 0.433314 0.393336 -0.005178
v 0.446536 0.316937 -0.023267
v 0.433467 0.322829 0.017833
v 0.439820 0.348812 -0.039114
v 0.439410 0.313056 0.047942
v 0.436434 0.323629 0.010932
v 0.443662 0.409676 -0.014362
v 0.438739 0.397089 -0.001600
v 0.436009 0.346434 0.047914
v 0.433530 0.350421 0.048324
v 0.444811 0.310593 0.037870
v 0.436192 0.355857 -0.032271
v 0.436319 0.385713 0.036060
v 0.439596 0.356677 -0.032472
v 0.432020 0.391732 -0.010176
v 0.452666 0.381434 0.055483
v 0.433267 0.345931 -0.031692
v 0.446177 0.352262 0.060916
v 0.448387 0.406131 0.041231
v 0.440511 0.323351 0.014032
v 0.440247 0.326220 0.010990
v 0.437485 0.319703 -0.032158
v 0.440353 0.397580 -0.033987
v 0.451650 0.352307 -0.047789
v 0.442750 0.320597 0.055879
v 0.452122 0.342263 0.044095
v 0.443008 0.363042 -0.032475
v 0.444058 0.401067 0.004964
v 0.451789 0.355711 0.065511
v 0.441268 0.348530 0.048517
v 0.455465 0.310989 0.024492
v 0.439845 0.311185 0.027249
v 0.442284 0.328584 0.006985
v 0.446802 0.334524 -0.041941
v 0.463871 0.414348 0.034444
v 0.447252 0.409263 -0.024724
v 0.447273 0.384544 0.040269
v 0.457598 0.382460 0.043186
v 0.458933 0.407287 0.013519
v 0.463440 0.330218 0.046271
v 0.445942 0.346516 0.047595
v 0.447345 0.368241 -0.034186
v 0.452809 0.378093 -0.032576
v 0.445495 0.328268 0.008706
v 0.447575 0.401161 0.003567
v 0.451527 0.370040 0.067676
v 0.455222 0.323294 -0.018195
v 0.458642 0.392313 0.049869
v 0.459615 0.422165 0.008134
v 0.459749 0.391425 -0.030336
v 0.454585 0.336195 -0.042113
v 0.445980 0.330266 0.003293
v 0.468702 0.324452 -0.007033
v 0.448185 0.329898 0.001324
v 0.454551 0.318082 0.047298
v 0.450712 0.403111 0.008210
v 0.455108 0.364714 -0.048347
v 0.470090 0.372181 0.063677
v 0.464800 0.402264 0.053745
v 0.464757 0.412699 0.044359
v 0.461576 0.334758 -0.034551
v 0.469911 0.316786 0.032987
v 0.462732 0.386972 -0.045417
v 0.451170 0.332245 0.002443
v 0.459983 0.424800 -0.006699
v 0.453509 0.405407 0.007007
v 0.465804 0.338163 -0.019755
v 0.466795 0.408425 -0.022837
v 0.461918 0.343103 0.038283
v 0.453907 0.334389 -0.002449
v 0.469725 0.324291 0.040536
v 0.464492 0.348126 0.059776
v 0.456793 0.333702 -0.001379
v 0.462623 0.355417 -0.049693
v 0.458401 0.336993 -0.007410
v 0.464378 0.409111 0.017296
v 0.466044 0.420436 -0.016184
v 0.458626 0.383840 0.043835
v 0.465891 0.317009 0.003930
v 0.461672 0.336737 -0.004708
v 0.465439 0.344974 0.040048
v 0.464494 0.373042 -0.051745
v 0.470419 0.362122 0.067264
v 0.481841 0.355549 0.063552
v 0.467886 0.410471 0.049926
v 0.470964 0.411122 0.021591
v 0.461922 0.340512 -0.007436
v 0.464842 0.399169 -0.026638
v 0.468288 0.380082 0.045052
v 0.467503 0.402777 -0.036304
v 0.474500 0.344512 0.052400
v 0.463176 0.395502 -0.028680
v 0.466803 0.417103 0.018397
v 0.477852 0.317091 0.011648
v 0.473116 0.414420 -0.018424
v 0.470620 0.394218 0.055503
v 0.463451 0.338653 -0.006621
v 0.465961 0.403505 -0.024367
v 0.494074 0.373896 0.053921
v 0.470123 0.355254 -0.046186
v 0.465692 0.344032 -0.011731
v 0.489369 0.343874 0.043155
v 0.467475 0.431136 0.010611
v 0.471104 0.378340 -0.052624
v 0.469874 0.342475 0.034292
v 0.468788 0.411770 0.018548
v 0.468955 0.345717 -0.014972
v 0.471114 0.408775 -0.022966
v 0.472211 0.400634 -0.047879
v 0.478712 0.360716 -0.040661
v 0.478888 0.395849 -0.051500
v 0.481958 0.404138 0.059239
v 0.485468 0.443097 0.016561
v 0.471806 0.348789 -0.016095
v 0.473829 0.414029 -0.020367
v 0.482096 0.320363 0.000854
v 0.481144 0.348399 0.058163
v 0.483649 0.383728 0.047898
v 0.476701 0.436026 0.002777
v 0.475237 0.413217 0.024226
v 0.490268 0.388964 0.057842
v 0.486925 0.339052 -0.025608
v 0.472983 0.349975 -0.022208
v 0.482432 0.437924 0.026397
v 0.480784 0.334610 0.031925
v 0.477430 0.350273 -0.020117
v 0.476691 0.416673 -0.017314
v 0.486395 0.428329 -0.007369
v 0.483995 0.419201 -0.045944
v 0.473413 0.575964 -0.056550
v 0.474299 0.559611 -0.080508
v 0.474475 0.544203 -0.071681
v 0.488905 0.381663 0.043201
v 0.479303 0.414157 0.028011
v 0.484706 0.327561 -0.013659
v 0.476879 0.597950 -0.070665
v 0.483200 0.411392 0.055182
v 0.478613 0.356097 -0.024322
v 0.477595 0.539473 -0.085377
v 0.478908 0.344635 0.028221
v 0.481061 0.614632 -0.021905
v 0.476069 0.537181 -0.052243
v 0.487146 0.368260 0.061349
v 0.478825 0.522866 -0.056659
v 0.483019 0.430895 -0.036432
v 0.477679 0.575994 -0.090056
v 0.480059 0.619760 -0.038123
v 0.483624 0.342602 -0.025839
v 0.482230 0.326980 0.029762
v 0.481127 0.542778 -0.013146
v 0.481766 0.596305 -0.089320
v 0.482827 0.549784 -0.102252
v 0.483108 0.595199 -0.007712
v 0.486921 0.416120 0.031838
v 0.485414 0.378423 -0.045616
v 0.483271 0.426136 -0.013373
v 0.481870 0.348183 0.027579
v 0.485219 0.586973 -0.101107
v 0.484169 0.415781 0.028531
v 0.486046 0.567463 -0.107478
v 0.486366 0.322589 0.015287
v 0.489212 0.636907 -0.060480
v 0.486835 0.400156 -0.049601
v 0.499936 0.354636 0.055986
v 0.485243 0.511692 -0.019546
v 0.490448 0.498701 -0.057727
v 0.486939 0.513918 -0.082885
v 0.485215 0.347075 0.022507
v 0.496147 0.457953 -0.019305
v 0.483119 0.528054 -0.090859
v 0.491021 0.356311 -0.035869
v 0.491286 0.649370 -0.018906
v 0.488614 0.446201 -0.013486
v 0.482708 0.363663 -0.032545
v 0.484353 0.361486 -0.028666
v 0.486911 0.519575 -0.006382
v 0.487109 0.363958 -0.031804
v 0.492084 0.361104 0.061284
v 0.488464 0.349800 0.021086
v 0.490191 0.432554 -0.003993
v 0.510015 0.348414 0.019912
v 0.489631 0.374291 -0.036178
v 0.487359 0.369556 -0.034267
v 0.487483 0.501472 -0.033547
v 0.487280 0.612222 -0.087977
v 0.490876 0.518497 -0.097052
v 0.496920 0.328660 -0.002023
v 0.493725 0.331483 0.017602
v 0.496473 0.565223 0.025148
v 0.490063 0.438456 -0.036045
v 0.501902 0.349200 0.049147
v 0.491086 0.420704 -0.045466
v 0.497283 0.548507 -0.119020
v 0.492027 0.637710 -0.004378
v 0.497498 0.448146 0.031702
v 0.496630 0.396745 -0.040079
v 0.496681 0.432165 0.040094
v 0.490389 0.538688 -0.109366
v 0.504517 0.420789 -0.039446
v 0.491693 0.587402 -0.109952
v 0.495253 0.659930 -0.032137
v 0.503477 0.409114 0.061538
v 0.495201 0.398820 0.062441
v 0.493862 0.383596 -0.038457
v 0.490526 0.377632 -0.037912
v 0.494687 0.340724 0.018570
v 0.490845 0.349723 0.018782
v 0.497992 0.352276 0.018409
v 0.492720 0.439277 0.003702
v 0.494094 0.436415 0.000497
v 0.495536 0.380663 0.041671
v 0.494491 0.491476 -0.022234
v 0.500000 0.505002 0.014130
v 0.514768 0.457036 0.030252
v 0.489949 0.563650 0.068178
v 0.490568 0.574283 0.088191
v 0.490567 0.581790 0.074053
v 0.489862 0.560156 0.077263
v 0.504030 0.439752 0.044030
v 0.492314 0.590310 0.087509
v 0.493157 0.553149 0.087658
v 0.494001 0.334409 -0.020526
v 0.504585 0.488421 -0.072888
v 0.503226 0.642601 -0.082254
v 0.494821 0.349051 -0.034662
v 0.500277 0.650425 0.003176
v 0.498643 0.413926 0.056624
v 0.494715 0.562089 0.096636
v 0.495326 0.377266 -0.041075
v 0.498301 0.458030 0.001417
v 0.494800 0.558630 0.054124
v 0.494507 0.580807 0.098051
v 0.497986 0.405039 -0.041235
v 0.494782 0.351542 0.014626
v 0.500705 0.622093 -0.099611
v 0.499829 0.419894 0.034318
v 0.498584 0.523382 0.047162
v 0.497020 0.604932 0.081825
v 0.506457 0.459580 -0.024323
v 0.501386 0.590694 0.028522
v 0.498149 0.462903 -0.004993
v 0.509017 0.479257 0.004672
v 0.507585 0.374692 -0.049733
v 0.498653 0.391766 -0.040334
v 0.501145 0.484655 -0.036056
v 0.506796 0.346066 -0.028805
v 0.505279 0.672542 -0.005331
v 0.499137 0.591640 0.066330
v 0.516325 0.691578 -0.043380
v 0.498556 0.442256 0.002920
v 0.497548 0.594980 0.099261
v 0.513377 0.365937 0.051071
v 0.499454 0.553817 0.041233
v 0.504714 0.493446 0.017778
v 0.504523 0.339704 0.005542
v 0.496763 0.385627 -0.040193
v 0.512991 0.452219 0.043050
v 0.504035 0.575486 0.053993
v 0.501435 0.579251 0.108438
v 0.500542 0.395900 -0.042582
v 0.500282 0.562365 0.048256
v 0.509307 0.477256 -0.008602
v 0.505409 0.383431 0.040823
v 0.501333 0.407556 -0.040079
v 0.496950 0.353789 0.014001
v 0.510407 0.387317 0.053801
v 0.505367 0.528201 -0.120059
v 0.506061 0.519340 0.085958
v 0.500685 0.598384 -0.114177
v 0.503118 0.536908 0.097614
v 0.509583 0.511099 -0.113701
v 0.533547 0.726730 -0.016440
v 0.517257 0.348376 0.023225
v 0.500700 0.557795 -0.122340
v 0.511439 0.394792 -0.055458
v 0.507554 0.616488 0.024230
v 0.510279 0.435947 -0.034490
v 0.506930 0.618405 0.099759
v 0.505225 0.547121 0.107025
v 0.506940 0.616965 0.076021
v 0.506591 0.422699 0.037317
v 0.513190 0.404008 0.063285
v 0.505832 0.580761 0.059208
v 0.504307 0.358012 0.006365
v 0.504649 0.355478 0.012141
v 0.505352 0.501310 -0.099059
v 0.502022 0.444849 0.005000
v 0.512437 0.347982 -0.023463
v 0.510870 0.612670 -0.114773
v 0.509380 0.670323 0.004642
v 0.506799 0.359758 -0.042010
v 0.506491 0.447514 0.010702
v 0.508042 0.407649 -0.051612
v 0.512824 0.634821 0.091331
v 0.505109 0.590215 0.065225
v 0.509166 0.421587 0.037398
v 0.506739 0.595576 0.110263
v 0.503921 0.409601 -0.040784
v 0.511134 0.381600 0.037186
v 0.518684 0.548579 0.120755
v 0.507928 0.465009 0.013130
v 0.506008 0.417266 -0.040258
v 0.529524 0.719712 -0.026864
v 0.512438 0.392715 0.059904
v 0.511982 0.481050 0.013284
v 0.508101 0.359980 0.006948
v 0.513140 0.473463 -0.016040
v 0.512522 0.504323 0.071800
v 0.512992 0.642243 0.018803
v 0.511706 0.479015 -0.054800
v 0.520337 0.523834 -0.128419
v 0.510278 0.589660 0.065984
v 0.510257 0.361846 -0.001175
v 0.520295 0.567366 0.121910
v 0.514420 0.453376 0.018686
v 0.508423 0.422940 -0.038760
v 0.510865 0.579349 -0.126365
v 0.508707 0.429954 -0.037585
v 0.514683 0.448127 -0.028450
v 0.518686 0.678880 -0.062667
v 0.514381 0.385657 0.039899
v 0.519971 0.553307 -0.133301
v 0.513010 0.598533 0.048048
v 0.512064 0.527257 0.104452
v 0.516153 0.351348 -0.015591
v 0.522566 0.431087 0.045055
v 0.526924 0.424297 0.042712
v 0.523379 0.681670 0.014625
v 0.510517 0.451350 0.014456
v 0.515133 0.449918 -0.046298
v 0.514588 0.630127 -0.105791
v 0.516906 0.360658 0.048239
v 0.508971 0.363338 0.001941
v 0.514516 0.611979 0.110285
v 0.528773 0.420687 0.051904
v 0.515831 0.366723 -0.042946
v 0.529590 0.361157 -0.004544
v 0.517491 0.422501 0.038832
v 0.520782 0.638733 0.101889
v 0.514268 0.592245 0.067482
v 0.519850 0.634825 0.080516
v 0.516610 0.469537 -0.016701
v 0.515173 0.490109 0.039115
v 0.512347 0.594313 0.071310
v 0.523349 0.635995 0.029628
v 0.518023 0.578698 0.118037
v 0.516627 0.352041 0.040908
v 0.521238 0.616014 -0.118363
v 0.514059 0.598842 0.075000
v 0.512274 0.436525 -0.035165
v 0.514558 0.364483 0.000078
v 0.524826 0.452552 0.049921
v 0.530819 0.440866 0.051630
v 0.527954 0.478550 0.032115
v 0.534248 0.389347 0.043374
v 0.515827 0.448135 -0.030172
v 0.542604 0.680142 -0.079726
v 0.519204 0.424965 -0.059380
v 0.523648 0.470509 -0.050037
v 0.522517 0.381203 -0.048121
v 0.525042 0.636514 0.082874
v 0.514251 0.384714 0.034362
v 0.520595 0.498025 0.075170
v 0.519315 0.400405 -0.057489
v 0.520040 0.642894 0.084936
v 0.516565 0.369669 -0.005368
v 0.527115 0.401988 0.060749
v 0.518485 0.449143 -0.053855
v 0.520523 0.463848 -0.020365
v 0.518315 0.468938 -0.039644
v 0.543975 0.469125 0.039411
v 0.516941 0.452360 -0.027285
v 0.523205 0.468114 -0.019027
v 0.516279 0.473610 -0.036583
v 0.525359 0.511388 0.102363
v 0.517842 0.457327 0.018418
v 0.520027 0.492716 -0.103642
v 0.519978 0.473476 -0.049630
v 0.523549 0.647129 0.096807
v 0.516852 0.473718 -0.039891
v 0.531881 0.475825 -0.080745
v 0.521957 0.366100 -0.017108
v 0.518576 0.387489 0.033125
v 0.521604 0.368641 -0.038446
v 0.521812 0.461840 -0.023609
v 0.525400 0.612381 0.054732
v 0.519254 0.600175 0.078771
v 0.535133 0.416676 0.055975
v 0.527693 0.624432 0.043257
v 0.521888 0.457940 0.022239
v 0.525278 0.600256 -0.126204
v 0.522015 0.618293 0.110513
v 0.522045 0.606211 0.084581
v 0.527762 0.640953 0.104030
v 0.521389 0.465498 -0.025077
v 0.528182 0.363310 0.040332
v 0.520550 0.426178 0.038434
v 0.526390 0.428390 0.040296
v 0.524023 0.367627 -0.029458
v 0.518807 0.372551 -0.010345
v 0.519889 0.371664 -0.006792
v 0.531533 0.354010 0.018016
v 0.528640 0.389825 0.025007
v 0.521491 0.468925 -0.048506
v 0.551102 0.737788 -0.055522
v 0.529515 0.501451 -0.118211
v 0.524629 0.428528 -0.060025
v 0.523813 0.604084 0.079820
v 0.523866 0.378954 -0.018220
v 0.523355 0.377347 -0.013082
v 0.532126 0.376385 0.036299
v 0.544324 0.651867 0.033230
v 0.536545 0.398421 0.055990
v 0.524529 0.389262 0.029238
v 0.523254 0.580463 0.119987
v 0.532317 0.644559 -0.103668
v 0.530922 0.707113 0.006199
v 0.524078 0.608065 0.086901
v 0.525411 0.460718 0.022548
v 0.533411 0.463373 0.029966
v 0.526818 0.466944 -0.053234
v 0.523777 0.465810 -0.021781
v 0.526754 0.600442 0.110312
v 0.527263 0.401306 -0.054400
v 0.529559 0.653059 0.088419
v 0.531150 0.554771 0.137156
v 0.543182 0.617797 -0.122375
v 0.528687 0.629174 0.106553
v 0.526122 0.379905 -0.015369
v 0.544604 0.480249 0.062264
v 0.535519 0.358191 0.002069
v 0.535815 0.656683 0.094843
v 0.529779 0.455192 -0.057412
v 0.527883 0.611754 0.105691
v 0.539302 0.517122 0.129710
v 0.526795 0.382736 -0.019809
v 0.533208 0.699795 -0.063742
v 0.540284 0.557952 -0.139361
v 0.539964 0.545040 -0.139425
v 0.536554 0.586367 0.132530
v 0.536103 0.529572 -0.135808
v 0.529166 0.610987 0.092431
v 0.536216 0.652802 0.094616
v 0.534330 0.528549 0.132841
v 0.528251 0.614027 0.097110
v 0.537014 0.457937 0.051782
v 0.535378 0.467482 -0.055965
v 0.531330 0.513641 -0.127666
v 0.539055 0.480884 -0.095752
v 0.539581 0.381958 -0.026830
v 0.528357 0.386809 -0.021907
v 0.534102 0.444912 -0.057400
v 0.533661 0.358005 0.028313
v 0.542581 0.393029 0.046629
v 0.529469 0.612354 0.096581
v 0.531120 0.609689 0.100792
v 0.535478 0.430432 0.039670
v 0.533220 0.426142 0.040267
v 0.531667 0.465072 -0.054576
v 0.535229 0.657095 0.091750
v 0.531388 0.388911 -0.026384
v 0.548158 0.445536 0.053547
v 0.533904 0.692635 0.017724
v 0.536900 0.630155 -0.115248
v 0.536244 0.393423 0.025902
v 0.533785 0.388805 -0.024518
v 0.544523 0.413166 0.055595
v 0.533615 0.391340 0.024129
v 0.537384 0.392723 0.020785
v 0.533348 0.467069 0.028223
v 0.535650 0.408563 -0.046881
v 0.554939 0.646992 0.044328
v 0.533049 0.392975 -0.026842
v 0.546610 0.502632 0.121367
v 0.543910 0.368225 0.025247
v 0.552292 0.617198 0.121394
v 0.556464 0.395354 0.029340
v 0.541845 0.438645 -0.050227
v 0.534020 0.396899 -0.030708
v 0.541781 0.462828 -0.051803
v 0.554833 0.441094 0.048975
v 0.544218 0.363860 -0.003630
v 0.535462 0.404163 -0.037010
v 0.539607 0.428334 0.039615
v 0.539649 0.466879 0.034237
v 0.541095 0.576593 0.141914
v 0.544466 0.380314 0.026046
v 0.539042 0.468781 0.030380
v 0.541768 0.360255 0.010996
v 0.537087 0.400524 -0.032532
v 0.541387 0.557048 0.146200
v 0.549113 0.748344 -0.048348
v 0.539752 0.540375 0.143471
v 0.545013 0.751931 -0.014104
v 0.539859 0.405001 -0.037368
v 0.541079 0.418602 -0.043615
v 0.537732 0.412210 -0.040374
v 0.543227 0.455673 -0.050844
v 0.541332 0.397322 0.020452
v 0.556857 0.577885 -0.137577
v 0.537269 0.798960 -0.052338
v 0.538646 0.800801 -0.040356
v 0.539312 0.799322 -0.058151
v 0.544035 0.469941 0.034932
v 0.542436 0.748846 -0.030695
v 0.541569 0.430121 0.040306
v 0.542487 0.424091 -0.046923
v 0.543900 0.370296 -0.015619
v 0.557475 0.485364 0.101990
v 0.544999 0.463213 -0.051635
v 0.545569 0.784881 -0.039389
v 0.553805 0.457954 0.055039
v 0.539098 0.802931 -0.051444
v 0.552942 0.469231 0.047959
v 0.540681 0.794377 -0.058354
v 0.556563 0.653241 0.037530
v 0.550480 0.552979 -0.140845
v 0.551043 0.486180 -0.104396
v 0.549570 0.465771 -0.061113
v 0.556199 0.638302 0.095611
v 0.543376 0.804726 -0.049372
v 0.543546 0.805732 -0.043185
v 0.541616 0.798355 -0.059676
v 0.546252 0.381876 -0.028374
v 0.555048 0.525895 -0.134319
v 0.549363 0.509674 -0.126199
v 0.548363 0.649098 -0.103095
v 0.552037 0.664049 0.029989
v 0.541953 0.798954 -0.032613
v 0.547563 0.517360 0.137658
v 0.545672 0.431824 -0.049935
v 0.555721 0.714617 0.016501
v 0.545761 0.398864 0.014609
v 0.549350 0.755892 -0.008035
v 0.547356 0.410797 -0.046188
v 0.556284 0.588614 0.148596
v 0.550973 0.567596 0.151502
v 0.549787 0.785718 -0.052879
v 0.545968 0.801562 -0.028995
v 0.549798 0.797756 -0.056058
v 0.548891 0.473276 0.042399
v 0.560821 0.736271 -0.058413
v 0.549877 0.773008 -0.042422
v 0.553830 0.398689 -0.042037
v 0.549279 0.784783 -0.019787
v 0.547454 0.774340 -0.022581
v 0.560514 0.761307 -0.052558
v 0.553104 0.424471 0.047134
v 0.551647 0.402926 0.008392
v 0.561550 0.604273 0.142869
v 0.551817 0.463607 -0.060919
v 0.552848 0.432839 0.036300
v 0.551704 0.376930 0.018229
v 0.561467 0.469359 0.052905
v 0.552159 0.802372 -0.043983
v 0.568594 0.774779 -0.047934
v 0.550243 0.795668 -0.022373
v 0.558246 0.411575 0.049952
v 0.553422 0.370742 0.005071
v 0.553512 0.400728 0.048014
v 0.551604 0.802874 -0.031440
v 0.553188 0.403906 0.011398
v 0.551851 0.375456 -0.019113
v 0.549627 0.434418 0.038128
v 0.563266 0.464080 -0.068484
v 0.553786 0.778173 -0.050008
v 0.563033 0.636278 0.107840
v 0.584467 0.447471 0.039633
v 0.559769 0.779355 -0.012356
v 0.581370 0.517543 0.161601
v 0.563114 0.496654 -0.113860
v 0.561252 0.393354 0.005090
v 0.557824 0.448989 -0.063648
v 0.563072 0.554246 -0.139677
v 0.560792 0.396077 -0.036426
v 0.560109 0.380017 -0.012254
v 0.562675 0.686327 0.022230
v 0.572775 0.653021 -0.101269
v 0.565460 0.419478 0.045783
v 0.574512 0.669909 0.058334
v 0.570217 0.404842 0.008432
v 0.560991 0.707475 -0.067669
v 0.558341 0.428083 -0.057359
v 0.553522 0.406149 0.005989
v 0.556286 0.796644 -0.024466
v 0.556046 0.435591 0.035563
v 0.571853 0.453182 0.051848
v 0.569236 0.675877 0.026165
v 0.562827 0.684304 -0.077040
v 0.559002 0.379302 0.003482
v 0.574950 0.479316 0.106330
v 0.563401 0.421719 -0.053814
v 0.564928 0.465175 0.052881
v 0.564656 0.786809 -0.046141
v 0.563193 0.472852 0.071419
v 0.571483 0.406042 0.036030
v 0.562121 0.722035 0.012388
v 0.575069 0.534865 0.167106
v 0.560876 0.794801 -0.030900
v 0.574835 0.432839 0.034020
v 0.568814 0.406671 -0.010446
v 0.559207 0.411073 -0.002984
v 0.560939 0.414733 -0.002464
v 0.572476 0.562948 0.170384
v 0.578085 0.605500 -0.127773
v 0.564923 0.760153 -0.004876
v 0.562403 0.437469 0.032503
v 0.582539 0.461461 0.052037
v 0.574733 0.515779 -0.124605
v 0.579035 0.501528 0.145728
v 0.567201 0.394756 -0.024130
v 0.579022 0.528607 -0.128436
v 0.575612 0.449009 0.048128
v 0.568760 0.460413 -0.066081
v 0.561488 0.418008 -0.005863
v 0.568867 0.722722 -0.056484
v 0.576838 0.489219 0.127338
v 0.564526 0.420645 -0.008563
v 0.564661 0.780360 -0.016239
v 0.586290 0.673036 0.076076
v 0.566240 0.420312 -0.013730
v 0.581473 0.587757 0.173676
v 0.565423 0.440007 0.030399
v 0.567018 0.394453 -0.006574
v 0.571623 0.626999 0.127418
v 0.571243 0.421282 -0.046689
v 0.574568 0.679339 -0.077368
v 0.577284 0.588559 -0.133070
v 0.573096 0.696223 0.010532
v 0.565228 0.424073 -0.011855
v 0.577792 0.612876 0.162627
v 0.575029 0.417341 -0.009332
v 0.568440 0.424258 -0.010573
v 0.572199 0.775091 -0.037045
v 0.577316 0.405042 0.020516
v 0.598904 0.481324 -0.102286
v 0.577803 0.568157 -0.135360
v 0.579309 0.417995 0.036147
v 0.574883 0.702452 -0.055540
v 0.575095 0.683390 0.022049
v 0.568559 0.428187 -0.018747
v 0.573940 0.403541 0.014647
v 0.574263 0.688820 0.014899
v 0.571074 0.433044 -0.054507
v 0.575623 0.426299 -0.028644
v 0.572129 0.766699 -0.018766
v 0.569212 0.430043 -0.016941
v 0.571164 0.440249 0.028433
v 0.578485 0.688433 -0.067306
v 0.570771 0.402401 -0.024764
v 0.572738 0.722984 -0.000301
v 0.572786 0.752476 -0.046886
v 0.577886 0.454360 -0.056727
v 0.602145 0.463687 0.081613
v 0.585699 0.461584 -0.073842
v 0.571783 0.435657 -0.021054
v 0.589756 0.551105 -0.129448
v 0.573190 0.769145 -0.040722
v 0.577896 0.632345 0.131287
v 0.576724 0.711413 -0.042110
v 0.572510 0.436004 -0.026354
v 0.575562 0.751790 -0.025057
v 0.575020 0.434282 -0.050303
v 0.573451 0.440321 -0.025857
v 0.576306 0.428313 -0.041076
v 0.577123 0.446033 -0.036009
v 0.578585 0.445930 -0.030150
v 0.585783 0.433389 0.028344
v 0.575049 0.445224 -0.029614
v 0.573264 0.440471 0.024865
v 0.583114 0.541941 0.173950
v 0.602688 0.496688 -0.114059
v 0.578860 0.697642 -0.000423
v 0.579645 0.445499 0.023100
v 0.579359 0.693518 0.007189
v 0.580444 0.705995 -0.023285
v 0.581444 0.704816 -0.032115
v 0.590103 0.655995 0.143741
v 0.587566 0.641557 0.123999
v 0.581231 0.453685 -0.050180
v 0.597497 0.450787 0.029466
v 0.581141 0.699541 -0.050340
v 0.584665 0.695986 0.029787
v 0.589744 0.456284 0.044852
v 0.593668 0.557697 0.180895
v 0.582898 0.445966 0.018540
v 0.584482 0.703271 -0.018560
v 0.587505 0.617193 0.167849
v 0.589858 0.452201 -0.045466
v 0.590655 0.414445 0.005179
v 0.594750 0.519582 0.168707
v 0.591719 0.640947 0.119101
v 0.584226 0.703170 -0.034117
v 0.588560 0.414721 -0.003574
v 0.584973 0.700448 -0.002927
v 0.626318 0.673650 -0.090757
v 0.587107 0.422987 -0.017542
v 0.588725 0.415885 0.022032
v 0.590197 0.449322 0.012484
v 0.594321 0.583084 0.179795
v 0.588787 0.451788 0.014174
v 0.588682 0.692873 0.049753
v 0.597921 0.454035 0.037821
v 0.600518 0.515521 -0.123524
v 0.603235 0.483035 0.131254
v 0.595027 0.665623 0.092261
v 0.589736 0.705199 -0.031962
v 0.596462 0.478010 0.118667
v 0.598810 0.448289 0.009157
v 0.597917 0.693112 -0.073211
v 0.595248 0.654712 0.154033
v 0.602121 0.582101 -0.122456
v 0.593338 0.711047 -0.027071
v 0.597147 0.666173 0.131598
v 0.595944 0.642286 0.115168
v 0.594744 0.503782 0.156151
v 0.600080 0.461845 -0.073595
v 0.596296 0.438513 -0.032994
v 0.606156 0.473613 -0.092227
v 0.603721 0.650402 0.105970
v 0.591809 0.712024 0.034980
v 0.592500 0.725568 0.008454
v 0.597930 0.642010 0.118148
v 0.598283 0.436730 0.016660
v 0.613982 0.534594 -0.123988
v 0.596607 0.726854 -0.013218
v 0.601257 0.429434 -0.015934
v 0.600815 0.692768 0.067095
v 0.595479 0.451925 0.013423
v 0.591915 0.764336 0.022466
v 0.595092 0.768420 0.041877
v 0.615208 0.690839 -0.083092
v 0.598519 0.424743 0.011563
v 0.607140 0.534411 0.177321
v 0.594013 0.788006 0.020109
v 0.594599 0.792670 0.032584
v 0.613553 0.667574 0.120710
v 0.602888 0.704906 0.059824
v 0.597214 0.757819 -0.000809
v 0.601015 0.574145 0.182157
v 0.607323 0.652151 0.161673
v 0.601785 0.794167 0.049097
v 0.597684 0.808958 0.023830
v 0.600112 0.796005 0.006386
v 0.603806 0.726102 -0.036597
v 0.599523 0.814197 0.034019
v 0.597201 0.730329 0.044678
v 0.611323 0.513055 0.165189
v 0.600766 0.641518 0.120054
v 0.601578 0.774585 0.052120
v 0.614619 0.681110 0.148948
v 0.612396 0.685392 0.139032
v 0.607021 0.555546 -0.125926
v 0.602875 0.449644 0.007386
v 0.604841 0.807918 0.004518
v 0.607231 0.756157 -0.019892
v 0.609258 0.450169 -0.035656
v 0.623405 0.450132 0.035243
v 0.602861 0.428117 -0.000575
v 0.608318 0.840552 0.022628
v 0.606930 0.666683 0.155260
v 0.606016 0.442525 0.005231
v 0.607563 0.437647 -0.017078
v 0.603397 0.638877 0.117841
v 0.612552 0.510764 -0.118830
v 0.615151 0.720680 0.064762
v 0.614388 0.487880 0.140344
v 0.631471 0.706167 0.129479
v 0.610630 0.556353 0.182035
v 0.612057 0.693510 0.074387
v 0.607834 0.837934 0.035684
v 0.613162 0.459185 0.063248
v 0.614274 0.582654 0.179336
v 0.611510 0.839171 0.042480
v 0.630266 0.465712 -0.062888
v 0.626679 0.472316 0.112486
v 0.616712 0.462061 0.080081
v 0.609697 0.447654 -0.001197
v 0.610123 0.637248 0.121934
v 0.607793 0.640791 0.122311
v 0.614575 0.727233 -0.050768
v 0.612584 0.485742 -0.103227
v 0.618663 0.666697 0.158224
v 0.624565 0.691765 0.078692
v 0.621584 0.562542 -0.120770
v 0.615619 0.852278 0.015046
v 0.613720 0.779791 0.061356
v 0.614178 0.767156 -0.020944
v 0.617686 0.701813 0.072208
v 0.617152 0.860039 0.032393
v 0.622046 0.654456 0.099024
v 0.620694 0.634547 0.117483
v 0.621231 0.555167 0.178010
v 0.615386 0.532520 0.175001
v 0.613808 0.634938 0.121709
v 0.615977 0.623273 0.166875
v 0.615461 0.819287 0.053670
v 0.613360 0.448175 -0.020092
v 0.639581 0.493447 0.143352
v 0.621477 0.850571 0.046612
v 0.617439 0.835518 0.003352
v 0.627265 0.870931 0.012097
v 0.629184 0.481731 0.130569
v 0.618948 0.639833 0.127822
v 0.623930 0.503187 -0.109037
v 0.625200 0.542400 -0.119431
v 0.623529 0.600773 0.166573
v 0.619953 0.479829 -0.092621
v 0.627957 0.879472 0.023285
v 0.625360 0.687607 0.123097
v 0.621699 0.651926 0.158894
v 0.625000 0.624699 0.127790
v 0.626001 0.802137 0.060076
v 0.626672 0.523151 -0.115225
v 0.621578 0.567612 0.177568
v 0.623523 0.725740 0.068476
v 0.620024 0.634718 0.128251
v 0.639974 0.528453 0.162906
v 0.625223 0.640874 0.153509
v 0.629756 0.756353 -0.034313
v 0.639749 0.711565 0.137599
v 0.633049 0.454281 0.050702
v 0.629258 0.863903 0.006932
v 0.644117 0.488899 -0.082289
v 0.639472 0.476644 -0.072695
v 0.638333 0.463081 -0.055361
v 0.633399 0.677580 0.151112
v 0.625747 0.627665 0.148491
v 0.628102 0.844084 0.050777
v 0.632304 0.809831 -0.008426
v 0.624355 0.635179 0.136023
v 0.626789 0.624725 0.125096
v 0.636605 0.450964 0.035011
v 0.632352 0.462133 0.069458
v 0.652657 0.512059 0.153671
v 0.629762 0.877830 0.035717
v 0.634686 0.599483 0.141279
v 0.639834 0.470906 0.104025
v 0.629107 0.683158 0.123938
v 0.633159 0.607691 0.135477
v 0.630636 0.711686 -0.069521
v 0.640428 0.715207 0.133809
v 0.634534 0.886490 0.029680
v 0.638031 0.787225 -0.017120
v 0.633741 0.833382 -0.000988
v 0.636608 0.771577 0.065290
v 0.636938 0.870898 0.007849
v 0.641704 0.554132 0.161042
v 0.645453 0.710718 0.073486
v 0.644855 0.456270 -0.024095
v 0.645793 0.656170 0.099288
v 0.641637 0.606968 -0.102905
v 0.640128 0.577390 -0.107669
v 0.635898 0.887824 0.020823
v 0.636921 0.829655 0.049868
v 0.641218 0.704507 0.139382
v 0.637636 0.688131 0.130943
v 0.638498 0.859659 0.045215
v 0.654043 0.666598 -0.083703
v 0.637005 0.677146 0.135912
v 0.639412 0.707972 -0.070563
v 0.645028 0.629948 0.119517
v 0.661392 0.520416 -0.089941
v 0.638515 0.710473 0.129906
v 0.635435 0.575707 0.158426
v 0.639693 0.884126 0.036275
v 0.641057 0.886304 0.014571
v 0.647742 0.788619 0.052881
v 0.646674 0.528603 -0.100583
v 0.640878 0.458332 -0.042073
v 0.639085 0.688493 0.144053
v 0.656752 0.756039 -0.030160
v 0.663870 0.695698 0.074921
v 0.649731 0.548956 -0.099635
v 0.638980 0.594328 0.143337
v 0.663804 0.459535 0.015344
v 0.645511 0.457325 0.054178
v 0.642572 0.570418 0.155210
v 0.645642 0.452103 0.019797
v 0.650818 0.796237 -0.004744
v 0.649174 0.488327 0.132810
v 0.645321 0.814236 0.044186
v 0.643063 0.891570 0.025047
v 0.644644 0.847661 0.038482
v 0.646450 0.879944 0.014445
v 0.642702 0.890876 0.019836
v 0.642249 0.707329 0.135623
v 0.650415 0.470640 0.083186
v 0.646956 0.880418 0.034106
v 0.644814 0.834695 0.008381
v 0.656557 0.495843 0.137151
v 0.657190 0.648254 0.103157
v 0.658459 0.536465 0.158364
v 0.656526 0.790871 -0.001495
v 0.645445 0.890716 0.026687
v 0.646178 0.889417 0.019209
v 0.653980 0.474321 -0.063103
v 0.646916 0.849087 0.016588
v 0.663175 0.692235 -0.070256
v 0.646879 0.830041 0.034592
v 0.648842 0.885256 0.019331
v 0.662068 0.716677 0.069046
v 0.656327 0.455905 0.030869
v 0.674622 0.702760 0.067165
v 0.670428 0.493509 -0.071216
v 0.649588 0.884667 0.026115
v 0.649591 0.825048 0.018121
v 0.659626 0.463130 -0.012485
v 0.661526 0.778929 0.039238
v 0.653509 0.466413 -0.050361
v 0.656506 0.801374 0.016819
v 0.666173 0.469006 -0.036849
v 0.666709 0.732527 -0.043749
v 0.668117 0.572227 0.151046
v 0.661132 0.581659 -0.088208
v 0.665173 0.539385 -0.091527
v 0.666392 0.490024 0.114476
v 0.662458 0.461734 0.048910
v 0.659716 0.588212 0.148650
v 0.668592 0.631836 0.128387
v 0.668188 0.532659 0.152665
v 0.665478 0.635372 -0.081158
v 0.663243 0.645162 0.107340
v 0.686199 0.653605 0.113632
v 0.667415 0.481980 0.085237
v 0.671375 0.557172 -0.086594
v 0.671665 0.478322 -0.052877
v 0.672575 0.464587 0.036356
v 0.671541 0.654765 0.092298
v 0.669094 0.554342 0.152996
v 0.674296 0.735488 -0.035751
v 0.680327 0.622457 0.134403
v 0.674147 0.618775 -0.068782
v 0.677625 0.467544 0.022222
v 0.669002 0.675527 -0.072402
v 0.666437 0.501905 0.134504
v 0.670231 0.520634 0.146408
v 0.675863 0.658462 0.084684
v 0.681933 0.739688 -0.020988
v 0.674147 0.701435 -0.058645
v 0.675166 0.605935 -0.070548
v 0.672979 0.748765 0.047128
v 0.686620 0.740291 0.020479
v 0.678055 0.655879 0.088540
v 0.684024 0.476286 0.052315
v 0.684828 0.548648 0.140052
v 0.685941 0.513636 -0.069835
v 0.678863 0.510710 0.126475
v 0.697302 0.500508 0.073116
v 0.682296 0.672158 -0.057139
v 0.697769 0.608792 0.127174
v 0.682926 0.699512 -0.049576
v 0.687579 0.736214 -0.008825
v 0.685741 0.717745 -0.034824
v 0.682987 0.481092 -0.012991
v 0.684131 0.629358 -0.048419
v 0.689522 0.498688 -0.056807
v 0.686060 0.701908 0.055188
v 0.688432 0.511622 0.097825
v 0.697676 0.543133 -0.064610
v 0.685872 0.484653 -0.031765
v 0.684321 0.656545 0.075953
v 0.685703 0.658282 0.069050
v 0.687714 0.655858 0.077301
v 0.689868 0.532603 0.127155
v 0.696085 0.486247 0.024593
v 0.689777 0.717998 0.039484
v 0.693503 0.489152 0.062200
v 0.683954 0.875290 -0.006078
v 0.685939 0.876693 0.003471
v 0.686145 0.888551 0.000912
v 0.694103 0.610286 -0.055242
v 0.684631 0.880842 -0.011377
v 0.686720 0.854976 -0.012289
v 0.693675 0.493760 -0.013306
v 0.688197 0.900917 -0.006067
v 0.691416 0.622882 -0.045032
v 0.701867 0.493287 0.042473
v 0.689540 0.882046 0.008767
v 0.700805 0.662196 0.104280
v 0.686034 0.828491 -0.003478
v 0.686971 0.822865 -0.008359
v 0.691408 0.652631 0.069582
v 0.696461 0.647661 0.121172
v 0.694797 0.588672 -0.062473
v 0.692516 0.833775 -0.016640
v 0.687467 0.821911 -0.004726
v 0.687619 0.873419 -0.018754
v 0.689691 0.894430 -0.017452
v 0.689942 0.823796 -0.011054
v 0.689368 0.628761 -0.037602
v 0.691790 0.701256 -0.030433
v 0.694156 0.825165 -0.001145
v 0.694999 0.559804 0.128331
v 0.691249 0.831444 0.002626
v 0.688982 0.653509 0.067659
v 0.693103 0.712927 -0.017877
v 0.691377 0.633104 -0.018613
v 0.691326 0.822281 -0.009413
v 0.694291 0.915385 0.000077
v 0.694986 0.680839 -0.019689
v 0.695966 0.921459 -0.007539
v 0.691985 0.630924 -0.028089
v 0.691195 0.642053 0.049874
v 0.694001 0.690326 0.041207
v 0.695280 0.711185 0.022661
v 0.698851 0.866781 0.014382
v 0.698781 0.504091 -0.041574
v 0.695246 0.713561 -0.004266
v 0.692609 0.642258 0.056261
v 0.693559 0.868166 -0.024538
v 0.698566 0.512023 -0.053748
v 0.697168 0.882409 0.014388
v 0.696018 0.627333 -0.039414
v 0.692833 0.612686 0.012771
v 0.695595 0.664079 0.024725
v 0.693283 0.612369 0.032166
v 0.693769 0.629102 -0.010620
v 0.695434 0.916040 -0.012908
v 0.705049 0.856246 0.012490
v 0.694806 0.622777 -0.001546
v 0.697628 0.914111 0.005076
v 0.697395 0.683693 0.000736
v 0.698808 0.880801 -0.027946
v 0.706550 0.664530 0.096588
v 0.695158 0.826956 -0.013062
v 0.695810 0.630952 -0.018794
v 0.695907 0.613388 0.004973
v 0.697262 0.600412 0.012759
v 0.700032 0.540268 0.102719
v 0.698979 0.898495 -0.024227
v 0.702433 0.497967 0.058191
v 0.700748 0.524100 -0.057152
v 0.708759 0.598900 0.041125
v 0.700561 0.853168 -0.024486
v 0.701512 0.931162 -0.003116
v 0.708074 0.638677 0.119037
v 0.703910 0.511893 -0.026841
v 0.731497 0.656932 0.104508
v 0.699411 0.624973 -0.006240
v 0.709893 0.608453 -0.051341
v 0.705989 0.520181 0.079492
v 0.697071 0.690144 0.024938
v 0.701557 0.594772 0.007072
v 0.702676 0.830595 -0.009292
v 0.703871 0.926214 -0.014775
v 0.705401 0.874298 0.016449
v 0.708463 0.574191 -0.000582
v 0.702197 0.931241 -0.008848
v 0.710021 0.629709 -0.045977
v 0.706283 0.864374 -0.027723
v 0.709998 0.629110 0.116224
v 0.705418 0.839536 0.004007
v 0.705213 0.518127 -0.040586
v 0.705216 0.525110 -0.048714
v 0.707918 0.853665 -0.024258
v 0.703009 0.566996 0.110779
v 0.710387 0.513892 0.030114
v 0.702553 0.595518 0.119292
v 0.708111 0.936062 0.001076
v 0.712027 0.841054 -0.006710
v 0.709721 0.575312 0.028468
v 0.718747 0.649627 0.069733
v 0.716686 0.627407 0.058391
v 0.727318 0.647191 -0.020521
v 0.708043 0.893654 -0.026928
v 0.706939 0.567382 0.006252
v 0.704647 0.499574 0.027353
v 0.706143 0.521511 -0.004472
v 0.713727 0.549767 0.083691
v 0.726455 0.662506 0.084121
v 0.720282 0.664145 0.102384
v 0.707177 0.883714 0.015953
v 0.709287 0.930517 -0.014723
v 0.713029 0.589381 -0.047044
v 0.710814 0.548150 -0.044658
v 0.713360 0.611429 -0.006637
v 0.713024 0.941773 -0.009240
v 0.714614 0.846848 -0.013609
v 0.721583 0.603228 0.088505
v 0.716809 0.947344 -0.003529
v 0.716488 0.646555 -0.031028
v 0.711013 0.512579 0.049538
v 0.709989 0.874533 0.015882
v 0.715373 0.643943 -0.019646
v 0.710984 0.560728 0.020812
v 0.716972 0.628143 -0.047488
v 0.713481 0.876912 -0.027985
v 0.730531 0.645793 -0.043811
v 0.727300 0.665325 0.095973
v 0.710837 0.534629 -0.033854
v 0.719730 0.887165 -0.022794
v 0.717763 0.592632 -0.021719
v 0.708883 0.541633 0.001657
v 0.716871 0.546236 0.043722
v 0.719571 0.854929 -0.000316
v 0.717539 0.887343 0.010640
v 0.713742 0.535266 0.074116
v 0.718286 0.612707 0.101564
v 0.720211 0.601890 -0.032499
v 0.721271 0.649446 -0.026574
v 0.716332 0.867291 0.011934
v 0.712956 0.547861 -0.021559
v 0.714662 0.937441 0.001017
v 0.713291 0.920440 0.001211
v 0.717233 0.542952 0.060747
v 0.719989 0.946816 -0.005656
v 0.718100 0.861355 -0.021442
v 0.718758 0.593284 0.057319
v 0.719897 0.947617 -0.002567
v 0.716214 0.926914 -0.005137
v 0.719941 0.877802 -0.024086
v 0.724989 0.622166 -0.044019
v 0.717635 0.937109 -0.009265
v 0.725763 0.883401 -0.013706
v 0.720960 0.607323 -0.039118
v 0.720495 0.878184 0.009854
v 0.720292 0.899752 0.000134
v 0.724437 0.863468 -0.007362
v 0.724703 0.873163 0.003297
v 0.720789 0.610502 0.062784
v 0.740026 0.655617 0.081408
v 0.724701 0.612257 0.076504
v 0.730720 0.650901 -0.038700
v 0.724785 0.616805 0.093313
v 0.740192 0.646845 -0.028010
v 0.726885 0.622641 -0.025924
v 0.742223 0.653503 0.098506
v 0.729942 0.651950 -0.027243
v 0.730676 0.625155 -0.033707
v 0.726722 0.881512 -0.003314
v 0.726761 0.877278 -0.011443
v 0.730142 0.626162 0.080006
v 0.733934 0.664012 0.090236
v 0.744595 0.650470 0.084676
v 0.739672 0.639368 -0.046626
v 0.734183 0.629379 -0.041474
v 0.740671 0.658886 0.098099
v 0.741681 0.642324 -0.028854
v 0.741159 0.660721 0.094884
v 0.736856 0.630796 -0.036236
v 0.738007 0.651921 -0.033257
v 0.746335 0.650108 0.090864
v 0.739506 0.648768 -0.041996
v 0.748825 0.639179 -0.036432
v 0.743269 0.658465 0.087176
v 0.748467 0.638127 -0.042515
v 0.744125 0.648554 -0.037105
v 0.746485 0.644537 -0.033691
v 0.745686 0.642336 -0.044253
v 0.746298 0.655194 0.088365
vn -0.9950 -0.0984 0.0161
vn -0.9745 0.0411 -0.2204
vn -0.9711 -0.1272 -0.2019
vn -0.9901 0.1401 -0.0001
vn -0.9701 0.0974 -0.2223
vn -0.9801 -0.0653 0.1873
vn -0.9553 0.1606 -0.2481
vn -0.9511 -0.3062 -0.0401
vn -0.9216 -0.3238 -0.2140
vn -0.9613 0.1345 0.2404
vn -0.9483 0.3166 -0.0239
vn -0.9329 -0.2951 0.2064
vn -0.8890 -0.2789 -0.3631
vn -0.9336 -0.3373 0.1207
vn -0.9208 0.3488 0.1745
vn -0.9162 -0.1665 -0.3645
vn -0.9184 0.0733 -0.3888
vn -0.9288 -0.0832 0.3610
vn -0.9393 0.2621 -0.2212
vn -0.9028 0.4301 0.0021
vn -0.8276 -0.5150 -0.2234
vn -0.8591 0.0479 -0.5096
vn -0.8861 0.2121 0.4122
vn -0.8792 0.4708 -0.0729
vn -0.8949 -0.0911 -0.4369
vn -0.8474 -0.1201 0.5173
vn -0.8382 0.0759 0.5401
vn -0.8832 -0.2803 0.3759
vn -0.8259 -0.4410 -0.3512
vn -0.8744 0.3885 0.2908
vn -0.8950 0.2259 -0.3846
vn -0.8366 -0.5075 0.2065
vn -0.8431 0.2637 -0.4687
vn -0.8486 0.3973 -0.3494
vn -0.8411 -0.2895 0.4568
vn -0.8399 -0.5424 0.0164
vn -0.8413 -0.2707 -0.4679
vn -0.8149 -0.4489 0.3665
vn -0.8878 0.4270 0.1715
vn -0.8041 0.3052 0.5101
vn -0.8102 0.2878 0.5107
vn -0.8748 0.4434 0.1953
vn -0.8257 0.4748 -0.3047
vn -0.7809 0.0409 0.6233
vn -0.7591 -0.0276 0.6503
vn -0.7627 0.0322 -0.6459
vn -0.8182 -0.2154 0.5331
vn -0.8448 0.2888 0.4504
vn -0.8481 -0.5174 0.1143
vn -0.8113 0.2942 -0.5052
vn -0.8405 -0.2127 -0.4983
vn -0.7609 -0.4228 0.4923
vn -0.7770 -0.4113 -0.4765
vn -0.7345 -0.1862 0.6526
vn -0.7513 -0.0492 -0.6581
vn -0.7262 0.2202 -0.6513
vn -0.7167 -0.6871 0.1192
vn -0.7244 0.4255 0.5423
vn -0.7839 -0.3075 0.5395
vn -0.7387 0.6740 0.0016
vn -0.8076 -0.3062 -0.5041
vn -0.6572 0.6742 0.3369
vn -0.7337 -0.1829 -0.6544
vn -0.7826 0.3842 0.4898
vn -0.7277 0.4117 -0.5485
vn -0.7166 0.5947 -0.3645
vn -0.7214 -0.5816 -0.3759
vn -0.7483 -0.5913 0.3007
vn -0.6565 -0.5930 0.4662
vn -0.6402 0.6126 -0.4635
vn -0.6906 -0.7183 -0.0846
vn -0.6520 0.6070 0.4545
vn -0.7075 0.3613 0.6074
vn -0.6864 0.7131 0.1429
vn -0.7257 -0.3626 0.5847
vn -0.7143 -0.4166 -0.5623
vn -0.6961 -0.0108 0.7179
vn -0.6678 -0.4100 0.6213
vn -0.7092 0.0766 0.7009
vn -0.6903 0.0334 -0.7228
vn -0.6765 -0.3023 -0.6716
vn -0.7273 -0.6863 0.0021
vn -0.6885 0.7069 -0.1618
vn -0.6390 0.3815 0.6680
vn -0.6220 -0.1018 0.7764
vn -0.7389 -0.6124 -0.2811
vn -0.5815 0.5434 0.6055
vn -0.6364 -0.1066 -0.7639
vn -0.6077 -0.7267 0.3205
vn -0.6089 0.0797 0.7892
vn -0.6519 -0.5336 -0.5388
vn -0.6716 -0.3613 0.6469
vn -0.6710 0.1480 0.7266
vn -0.5901 0.0892 -0.8024
vn -0.6165 0.3007 0.7276
vn -0.6155 0.7881 0.0013
vn -0.5805 -0.2932 -0.7596
vn -0.5917 0.7851 0.1833
vn -0.6358 0.3696 -0.6776
vn -0.5808 0.5428 -0.6066
vn -0.6309 -0.0053 -0.7758
vn -0.6017 0.6854 0.4101
vn -0.4175 -0.0461 0.9075
vn -0.5959 0.2323 -0.7687
vn -0.6534 0.6425 -0.4004
vn -0.5361 0.7510 -0.3855
vn -0.5085 0.7631 0.3988
vn -0.5188 -0.7098 -0.4765
vn -0.5814 -0.5848 0.5657
vn -0.5854 -0.8061 0.0865
vn -0.6703 -0.7304 -0.1314
vn -0.5863 -0.5241 0.6177
vn -0.5555 -0.3952 -0.7316
vn -0.5283 -0.6886 0.4967
vn -0.5387 -0.7323 0.4165
vn -0.5034 -0.0760 -0.8607
vn -0.5477 0.7714 -0.3240
vn -0.5847 0.7835 -0.2102
vn -0.5151 0.4441 0.7331
vn -0.5592 0.3026 -0.7718
vn -0.4468 0.7377 -0.5062
vn -0.5605 0.0781 0.8245
vn -0.6122 0.7841 0.1021
vn -0.5325 -0.7720 -0.3471
vn -0.5154 -0.8556 -0.0487
vn -0.5225 0.4492 -0.7248
vn -0.4309 0.7428 0.5125
vn -0.6004 -0.2692 0.7531
vn -0.5114 -0.2218 0.8302
vn -0.5011 0.7932 0.3460
vn -0.5250 0.0090 0.8510
vn -0.4087 -0.3837 -0.8281
vn -0.4627 -0.2352 -0.8547
vn -0.5344 0.2023 -0.8206
vn -0.4190 0.2006 -0.8856
vn -0.5068 -0.4297 0.7473
vn -0.6322 0.7748 0.0055
vn -0.6150 0.7779 -0.1289
vn -0.5649 -0.6025 -0.5638
vn -0.4918 -0.6560 0.5724
vn -0.4232 0.3402 0.8397
vn -0.5452 -0.8269 0.1381
vn -0.4535 0.6225 0.6379
vn -0.4502 0.6253 -0.6375
vn -0.5281 0.7602 -0.3783
vn -0.4536 -0.6932 -0.5601
vn -0.4292 -0.7603 -0.4876
vn -0.5002 -0.4971 0.7090
vn -0.4869 0.1919 0.8521
vn -0.3410 -0.1161 -0.9329
vn -0.4667 -0.8065 0.3630
vn -0.7043 0.3912 0.5923
vn -0.3480 -0.0256 0.9371
vn -0.4409 -0.3539 0.8248
vn -0.2974 -0.2122 0.9309
vn -0.3488 0.5645 0.7481
vn -0.4628 -0.7330 0.4985
vn -0.6794 0.6538 0.3331
vn -0.3593 0.0049 -0.9332
vn -0.4178 0.3670 -0.8311
vn -0.3826 0.7050 -0.5971
vn -0.5695 0.7735 -0.2780
vn -0.3865 0.8155 -0.4308
vn -0.3776 0.5684 -0.7310
vn -0.3551 0.4269 0.8317
vn -0.4188 -0.8480 -0.3247
vn -0.9690 0.1835 0.1652
vn -0.7780 0.5683 -0.2679
vn -0.9919 0.1230 -0.0308
vn -0.8495 0.5018 0.1631
vn -0.9788 0.1997 0.0466
vn -0.3973 0.8128 0.4260
vn -0.7205 0.6648 0.1972
vn -0.8697 0.3355 -0.3619
vn -0.9531 0.0707 -0.2942
vn -0.6465 0.7589 -0.0784
vn -0.9547 0.1086 0.2772
vn -0.7860 0.6050 -0.1275
vn -0.2834 0.9590 -0.0069
vn -0.4836 0.7818 -0.3936
vn -0.3814 -0.4979 0.7789
vn -0.9222 0.3655 0.1264
vn -0.9725 0.2215 0.0716
vn -0.9990 0.0209 -0.0399
vn -0.6582 0.6911 0.2987
vn -0.9719 -0.1050 0.2106
vn -0.7780 0.6277 -0.0256
vn -0.6983 0.4707 0.5392
vn -0.9705 0.0476 -0.2365
vn -0.8368 0.0782 -0.5419
vn -0.3206 0.9452 0.0612
vn -0.3422 0.7895 -0.5094
vn -0.3340 0.6891 0.6431
vn -0.8031 0.2173 -0.5548
vn -0.4083 0.8028 0.4345
vn -0.3952 -0.5534 -0.7332
vn -0.9423 0.1951 0.2721
vn -0.3986 0.5234 0.7531
vn -0.2881 0.9533 -0.0901
vn -0.3112 0.2988 0.9021
vn -0.5614 0.7368 0.3769
vn -0.7859 -0.1248 0.6057
vn -0.3194 0.3538 0.8791
vn -0.3362 -0.6792 -0.6524
vn -0.2231 0.5363 -0.8140
vn -0.8818 0.1677 0.4408
vn -0.3065 0.8063 0.5059
vn -0.2966 0.6518 -0.6980
vn -0.1755 0.1839 -0.9671
vn -0.3493 -0.9021 0.2535
vn -0.3408 -0.9249 -0.1686
vn -0.6918 0.7014 -0.1718
vn -0.1766 0.2137 0.9608
vn -0.7056 0.1991 -0.6800
vn -0.2266 0.3627 -0.9039
vn -0.2019 -0.9723 0.1178
vn -0.2354 0.9681 0.0861
vn -0.6144 0.2265 -0.7558
vn -0.1997 -0.9737 -0.1099
vn -0.3733 -0.7095 -0.5977
vn -0.4199 -0.6395 0.6440
vn -0.3522 -0.8672 0.3520
vn -0.7141 0.2703 0.6458
vn -0.3252 0.8006 -0.5033
vn -0.6157 0.4492 -0.6474
vn -0.6363 0.3979 0.6609
vn -0.2384 0.6361 0.7338
vn -0.2516 -0.0333 -0.9673
vn -0.2677 -0.7765 -0.5704
vn -0.1173 0.9880 -0.1005
vn -0.3236 0.8151 0.4806
vn -0.2913 -0.2159 -0.9320
vn -0.3001 -0.4939 -0.8161
vn -0.7904 0.2215 0.5712
vn -0.4353 0.7314 0.5249
vn -0.3010 0.8378 0.4555
vn -0.3157 0.7332 -0.6023
vn -0.5069 0.2651 -0.8202
vn 0.2409 0.8574 -0.4547
vn -0.0980 0.9159 0.3892
vn -0.6721 0.6882 -0.2732
vn -0.2467 0.9668 0.0660
vn -0.3121 -0.5439 0.7790
vn -0.2081 0.8817 -0.4234
vn -0.5101 0.3183 -0.7991
vn -0.6200 0.7052 -0.3440
vn -0.1542 0.3035 -0.9403
vn -0.3311 -0.8712 -0.3624
vn -0.2519 -0.3203 -0.9132
vn -0.2523 0.7193 0.6473
vn -0.3931 -0.7538 0.5266
vn 0.6623 0.7464 0.0660
vn 0.7644 0.6086 -0.2128
vn 0.4182 0.7105 0.5659
vn -0.1827 0.5352 0.8247
vn -0.6328 0.4089 0.6575
vn 0.8366 0.3529 -0.4190
vn 0.8892 0.3727 0.2655
vn -0.5137 0.5183 0.6837
vn -0.6479 0.3340 0.6846
vn 0.9792 0.1300 -0.1556
vn 0.9668 0.1941 0.1662
vn -0.3186 0.2465 -0.9153
vn 0.9658 0.2573 0.0310
vn -0.9892 0.1441 -0.0269
vn -0.9779 -0.0892 0.1892
vn -0.9822 -0.0167 -0.1871
vn -0.9589 -0.2370 0.1562
vn -0.8262 0.1934 -0.5291
vn 0.9293 0.2075 -0.3054
vn -0.2712 0.8098 -0.5203
vn -0.9127 -0.0683 0.4029
vn -0.7751 -0.3525 0.5243
vn -0.9589 -0.2819 -0.0334
vn -0.2007 0.7108 -0.6741
vn -0.4314 0.4150 0.8011
vn -0.6694 0.2671 -0.6932
vn -0.9525 0.2363 0.1921
vn 0.5231 0.6341 0.5695
vn -0.7123 -0.1472 0.6863
vn -0.9114 -0.1821 0.3691
vn -0.9609 -0.2480 0.1231
vn -0.7169 -0.2008 0.6677
vn -0.9734 -0.0953 -0.2081
vn -0.9889 -0.0268 -0.1464
vn -0.8106 0.2332 -0.5372
vn -0.8061 0.4056 -0.4309
vn -0.9702 0.2395 0.0355
vn -0.9449 0.2468 -0.2151
vn -0.9457 0.1097 -0.3058
vn -0.7973 -0.0159 0.6034
vn -0.6617 0.4743 -0.5806
vn -0.2638 0.0087 0.9645
vn 0.6999 0.1547 -0.6973
vn -0.2139 -0.1045 0.9713
vn -0.9378 0.1558 0.3102
vn -0.7034 -0.2861 0.6507
vn -0.9936 0.0294 -0.1088
vn -0.0042 0.6853 -0.7283
vn -0.6933 -0.3039 0.6534
vn -0.9510 0.2349 -0.2008
vn -0.9045 0.3048 -0.2983
vn -0.4406 -0.5803 0.6849
vn -0.6790 0.1487 -0.7189
vn -0.1990 0.4233 -0.8839
vn -0.4848 0.2523 -0.8374
vn -0.7800 -0.4506 0.4342
vn 0.8787 0.1991 0.4338
vn -0.5345 0.6048 -0.5904
vn -0.8296 -0.4688 0.3034
vn -0.8874 -0.3202 -0.3315
vn 0.5060 0.6228 0.5967
vn 0.8350 0.4767 0.2748
vn -0.3794 0.4396 -0.8141
vn -0.7854 0.1503 0.6005
vn -0.3046 0.8329 -0.4621
vn -0.8663 -0.4951 -0.0658
vn -0.3391 -0.5491 0.7639
vn 0.3030 0.5318 -0.7908
vn -0.9170 -0.0097 -0.3989
vn -0.9783 0.1741 0.1122
vn -0.9266 -0.1102 0.3595
vn -0.8983 -0.3158 0.3055
vn -0.9585 0.1005 -0.2669
vn 0.8244 0.3135 -0.4712
vn -0.2443 0.4019 0.8825
vn -0.2673 0.4570 -0.8484
vn -0.5102 0.3355 -0.7919
vn -0.3796 0.9242 0.0418
vn -0.9573 0.2379 -0.1640
vn -0.6423 -0.2787 0.7140
vn -0.7804 -0.0165 0.6250
vn -0.2798 0.8092 0.5166
vn -0.9178 -0.1704 -0.3586
vn -0.1332 0.4181 -0.8986
vn -0.2248 -0.6738 0.7038
vn -0.5936 -0.2454 0.7664
vn -0.4729 -0.5520 0.6868
vn -0.2051 -0.4690 0.8590
vn 0.0857 0.8979 -0.4318
vn -0.0164 0.9276 -0.3732
vn 0.2583 0.2877 -0.9222
vn -0.7608 -0.6350 -0.1341
vn -0.5914 0.2666 -0.7610
vn -0.9144 -0.3971 0.0787
vn -0.9988 0.0063 -0.0487
vn -0.9816 0.1107 -0.1557
vn -0.9062 0.2225 -0.3597
vn -0.9458 0.3201 0.0552
vn -0.5126 0.3464 -0.7856
vn -0.9626 -0.2518 0.1003
vn -0.8441 -0.3236 0.4276
vn -0.6530 -0.1764 0.7366
vn -0.8496 0.0448 0.5255
vn -0.9053 0.2896 0.3107
vn -0.1040 0.5604 -0.8217
vn -0.4444 -0.0780 0.8924
vn -0.9798 -0.0447 -0.1950
vn 0.4929 0.8536 0.1688
vn -0.8608 0.3298 -0.3876
vn 0.0594 -0.0077 -0.9982
vn 0.5819 0.4957 -0.6447
vn -0.8262 -0.5603 0.0588
vn -0.3120 0.3304 -0.8908
vn -0.7185 -0.5495 0.4263
vn -0.8964 0.4139 -0.1588
vn -0.9819 0.1629 -0.0970
vn -0.3561 0.1643 -0.9199
vn -0.9886 0.0506 -0.1416
vn -0.5346 0.7241 -0.4358
vn -0.3282 0.9431 -0.0535
vn -0.7778 0.4574 0.4311
vn -0.6961 0.6719 0.2529
vn -0.1564 -0.1055 0.9820
vn -0.5266 0.5951 -0.6071
vn -0.3961 0.3054 -0.8659
vn -0.5999 -0.0383 -0.7991
vn -0.5349 0.5319 -0.6565
vn -0.7194 0.1424 -0.6798
vn -0.7100 -0.3358 0.6190
vn -0.2983 0.3872 -0.8724
vn -0.6677 0.6660 -0.3326
vn -0.4456 -0.7523 0.4852
vn -0.8946 -0.1376 0.4251
vn -0.8636 -0.4186 0.2811
vn -0.7618 -0.0105 -0.6478
vn -0.9620 0.2722 0.0231
vn -0.0379 -0.5334 0.8450
vn -0.9989 0.0231 -0.0417
vn -0.9414 0.3365 -0.0240
vn -0.8732 0.3535 -0.3355
vn -0.4056 0.1680 -0.8985
vn -0.0568 0.3529 -0.9339
vn -0.9467 -0.2988 -0.1204
vn 0.6661 0.5740 0.4763
vn -0.9888 0.1482 -0.0162
vn -0.5413 0.3990 0.7401
vn -0.8831 0.3595 -0.3013
vn -0.2897 0.3345 0.8968
vn -0.6139 0.3171 -0.7229
vn 0.6798 0.3880 -0.6223
vn -0.7919 0.5536 -0.2576
vn -0.9450 -0.2926 0.1464
vn -0.8858 -0.4610 -0.0530
vn -0.6916 0.7212 0.0389
vn -0.8639 0.2188 0.4537
vn -0.9623 0.1317 -0.2379
vn -0.8955 0.0342 -0.4437
vn -0.3145 0.5967 0.7383
vn -0.7871 -0.5699 -0.2359
vn -0.2910 0.6943 -0.6582
vn -0.9458 -0.0923 -0.3114
vn -0.2877 0.3060 -0.9075
vn -0.4652 -0.8053 0.3676
vn -0.6725 -0.1756 0.7190
vn -0.1088 0.9637 0.2439
vn -0.7033 -0.6041 0.3748
vn -0.9038 -0.3078 0.2972
vn -0.4328 -0.7047 0.5622
vn -0.5667 -0.7011 0.4327
vn -0.7798 0.5068 -0.3676
vn -0.9295 -0.3405 0.1418
vn -0.4602 0.6928 -0.5552
vn -0.9093 -0.2831 -0.3049
vn -0.1960 0.3812 -0.9035
vn -0.8149 0.1077 -0.5695
vn -0.3372 0.2066 -0.9185
vn 0.5362 0.2304 0.8120
vn -0.8532 0.3150 0.4158
vn -0.4821 -0.0600 0.8740
vn -0.6359 0.1450 0.7580
vn -0.6632 0.7424 -0.0948
vn -0.8719 -0.4577 -0.1739
vn -0.2721 0.2385 0.9322
vn -0.0600 -0.7431 0.6665
vn 0.4609 -0.4792 0.7469
vn -0.6137 0.3023 -0.7293
vn -0.2464 0.9683 0.0405
vn -0.8328 0.3726 -0.4094
vn 0.0095 0.7319 -0.6814
vn -0.9112 0.3343 0.2407
vn -0.7295 0.3459 -0.5901
vn -0.1551 0.0039 0.9879
vn -0.9363 -0.2249 0.2697
vn 0.0708 0.4391 -0.8956
vn 0.2558 -0.4541 0.8535
vn -0.7893 -0.4698 -0.3954
vn 0.6283 0.2110 0.7488
vn -0.8459 0.1127 -0.5214
vn -0.1315 0.9879 0.0826
vn -0.9231 -0.3319 0.1943
vn -0.2262 0.8516 -0.4729
vn -0.6562 -0.6802 -0.3267
vn -0.9852 -0.0200 -0.1701
vn -0.2792 0.4748 -0.8346
vn -0.9819 0.1371 -0.1308
vn -0.2299 0.4308 -0.8727
vn 0.3644 0.5005 -0.7853
vn -0.9201 0.0214 0.3911
vn -0.8171 -0.1214 0.5635
vn -0.7252 -0.3060 0.6168
vn -0.5850 -0.1041 0.8043
vn -0.0384 0.7181 -0.6949
vn -0.5905 0.2278 0.7742
vn -0.8680 -0.4952 0.0382
vn -0.6960 0.1514 0.7019
vn -0.7295 0.5752 0.3701
vn -0.2299 0.5879 -0.7756
vn -0.7322 0.6526 -0.1948
vn -0.6255 0.5648 -0.5383
vn -0.9311 -0.0579 -0.3601
vn -0.8190 0.2995 0.4894
vn -0.5536 0.8060 -0.2096
vn -0.3723 -0.3257 -0.8691
vn -0.4020 0.4700 -0.7858
vn -0.6076 -0.4596 0.6477
vn 0.8309 0.0741 -0.5514
vn -0.4911 0.0959 -0.8658
vn -0.9613 -0.2634 0.0811
vn -0.2154 -0.7568 0.6171
vn -0.9925 -0.1204 -0.0226
vn -0.4818 0.3894 0.7850
vn -0.1198 0.9724 0.2001
vn 0.2790 -0.3594 0.8905
vn 0.5384 0.8417 -0.0400
vn -0.9032 -0.4196 -0.0900
vn -0.8256 0.5348 0.1801
vn -0.5418 -0.1877 -0.8193
vn -0.2234 -0.6671 -0.7107
vn 0.0273 -0.9533 -0.3007
vn -0.8419 -0.5368 0.0548
vn -0.9241 0.3821 -0.0053
vn -0.7864 0.3020 0.5389
vn -0.9346 -0.0417 -0.3533
vn -0.7356 0.6175 0.2785
vn -0.5360 -0.7504 0.3868
vn -0.9641 -0.1807 -0.1945
vn -0.6093 -0.3716 -0.7005
vn -0.7078 0.2313 0.6675
vn -0.2615 0.2890 0.9209
vn -0.7246 0.6198 0.3015
vn -0.4850 -0.6492 0.5859
vn -0.7327 0.1639 0.6605
vn -0.7479 0.6072 -0.2682
vn -0.6069 0.7254 -0.3247
vn -0.1104 0.7954 -0.5960
vn -0.0759 -0.2611 0.9623
vn -0.7073 0.7039 0.0645
vn 0.1870 0.3106 -0.9320
vn 0.0034 0.6547 -0.7559
vn -0.8051 -0.4374 0.4005
vn -0.7196 0.0735 0.6905
vn 0.0279 0.6697 -0.7421
vn -0.2487 -0.8664 0.4331
vn 0.4462 0.4518 -0.7725
vn -0.0148 0.2507 -0.9680
vn 0.5215 0.0851 0.8490
vn 0.5113 0.4300 -0.7441
vn -0.6155 0.5527 0.5618
vn -0.7847 -0.4486 -0.4279
vn 0.1766 0.5521 -0.8149
vn -0.8908 -0.0516 -0.4515
vn -0.5853 0.0227 -0.8105
vn -0.7523 0.2081 0.6251
vn -0.3890 -0.8465 0.3635
vn 0.4007 -0.3952 0.8266
vn -0.8959 -0.4220 0.1386
vn 0.2301 -0.6274 0.7439
vn -0.0868 0.1151 -0.9896
vn -0.1525 -0.4011 0.9033
vn -0.7349 -0.5933 -0.3284
vn -0.6211 -0.6157 0.4849
vn 0.0356 0.8210 -0.5699
vn -0.5363 -0.7462 0.3945
vn -0.2158 -0.1974 -0.9563
vn -0.7408 0.6027 -0.2965
vn -0.2744 0.0357 -0.9610
vn -0.3078 0.0583 -0.9497
vn -0.7535 -0.0082 -0.6574
vn 0.2084 -0.6278 0.7500
vn -0.3544 0.7105 -0.6080
vn -0.6289 -0.3298 0.7041
vn -0.8058 -0.1139 0.5811
vn 0.3584 -0.9157 -0.1820
vn 0.1338 0.0750 0.9882
vn -0.2005 -0.8593 0.4706
vn -0.8686 -0.2656 -0.4185
vn 0.2554 0.6327 -0.7311
vn -0.7862 -0.4522 0.4211
vn -0.7980 -0.4474 0.4039
vn -0.6090 0.3679 0.7027
vn -0.4195 -0.1292 -0.8985
vn -0.7085 -0.5548 -0.4361
vn -0.4484 0.4414 0.7772
vn -0.4127 0.6949 -0.5889
vn -0.9945 -0.1047 0.0018
vn -0.0022 0.5127 0.8586
vn -0.3328 -0.1149 0.9360
vn -0.5066 0.0466 0.8609
vn -0.0005 -0.0746 -0.9972
vn 0.0419 0.3410 -0.9391
vn -0.9261 0.3150 -0.2077
vn -0.5756 -0.1074 0.8107
vn 0.0745 0.6994 -0.7108
vn 0.3636 -0.5945 0.7172
vn 0.4034 0.2609 -0.8770
vn -0.3572 -0.8212 -0.4450
vn -0.8076 -0.5255 -0.2676
vn -0.8177 0.2046 0.5380
vn -0.7774 0.5875 -0.2249
vn -0.2427 -0.5880 0.7716
vn -0.6372 -0.7261 -0.2583
vn -0.9401 0.3202 0.1167
vn -0.8957 0.3297 0.2985
vn -0.3286 0.6416 0.6931
vn -0.5881 0.0652 0.8062
vn -0.1790 0.4110 -0.8939
vn -0.3959 -0.2129 0.8933
vn 0.2966 -0.6225 0.7243
vn -0.1919 0.8549 0.4820
vn -0.8690 -0.3128 -0.3835
vn -0.9449 0.3150 0.0886
vn 0.5394 -0.5302 0.6542
vn -0.5926 0.8020 -0.0749
vn -0.9943 -0.1054 0.0148
vn -0.9827 0.0207 0.1838
vn -0.9587 -0.1198 -0.2580
vn -0.9203 0.2907 -0.2618
vn -0.2433 0.4745 -0.8460
vn -0.1728 0.9791 0.1070
vn -0.8794 0.4633 -0.1100
vn 0.7306 -0.0284 -0.6822
vn 0.1944 -0.3238 0.9259
vn -0.1848 0.9398 0.2876
vn -0.7844 -0.3233 0.5293
vn 0.3563 0.2260 0.9066
vn -0.4827 0.4775 0.7342
vn -0.3389 0.0118 -0.9407
vn -0.1664 -0.2343 0.9578
vn -0.9382 0.2778 -0.2065
vn -0.9096 -0.0721 0.4093
vn -0.9674 0.1431 -0.2090
vn 0.5427 0.5328 -0.6493
vn -0.9518 -0.3066 -0.0130
vn -0.9711 0.0703 -0.2280
vn -0.9512 0.0217 0.3078
vn 0.5208 -0.3908 0.7590
vn 0.2919 0.6695 -0.6830
vn -0.9063 0.0132 -0.4224
vn 0.2575 0.9585 -0.1224
vn -0.8400 0.3661 -0.4003
vn -0.6622 0.7308 0.1656
vn 0.7968 -0.6040 0.0168
vn -0.2781 0.1711 -0.9452
vn -0.8689 -0.4479 0.2108
vn 0.8579 0.1823 -0.4804
vn 0.4507 0.0698 0.8900
vn -0.5752 -0.7459 0.3357
vn -0.5719 -0.8203 -0.0108
vn -0.5465 -0.7635 -0.3442
vn -0.6767 0.6441 0.3567
vn -0.9555 -0.2486 0.1587
vn -0.8025 0.5478 -0.2366
vn 0.1876 -0.1807 0.9655
vn -0.8534 0.2916 -0.4320
vn -0.4849 0.4388 -0.7565
vn 0.2767 -0.2638 0.9240
vn -0.6491 -0.1371 -0.7483
vn -0.7898 -0.5396 0.2918
vn -0.3823 0.1202 -0.9162
vn 0.0260 -0.0164 0.9995
vn -0.8391 0.5415 -0.0523
vn -0.8493 0.5125 -0.1268
vn -0.5903 -0.7603 -0.2710
vn -0.8674 0.4966 0.0314
vn 0.2485 -0.6812 0.6886
vn -0.9344 -0.0591 0.3513
vn -0.1233 0.7709 -0.6249
vn 0.1510 -0.5895 0.7935
vn -0.5819 0.3740 -0.7222
vn 0.3554 0.5197 -0.7769
vn -0.6725 0.1569 -0.7232
vn 0.1974 0.6622 -0.7228
vn -0.1450 0.6994 -0.6999
vn -0.7734 -0.4565 0.4398
vn 0.7158 -0.5984 -0.3598
vn -0.3495 0.8696 -0.3487
vn -0.1620 0.4719 0.8666
vn 0.2526 -0.5577 0.7907
vn -0.7150 0.2533 0.6516
vn -0.4778 -0.0105 -0.8784
vn 0.0251 0.2684 -0.9630
vn -0.7336 0.3955 0.5526
vn -0.9757 0.1635 -0.1458
vn -0.9034 0.0378 0.4271
vn 0.7266 0.4944 -0.4770
vn -0.1823 -0.1991 -0.9629
vn -0.9560 -0.0505 -0.2891
vn -0.4997 0.8126 0.2999
vn -0.1270 -0.2615 0.9568
vn -0.7633 -0.4665 -0.4469
vn -0.5048 0.0728 -0.8602
vn -0.4076 -0.6073 0.6819
vn -0.6147 -0.6096 -0.5005
vn -0.5388 0.6824 -0.4941
vn 0.7588 -0.3224 0.5659
vn 0.4635 0.1844 0.8667
vn 0.5189 -0.8432 -0.1408
vn 0.0304 0.0297 -0.9991
vn -0.4692 -0.2548 0.8455
vn -0.7157 -0.6504 -0.2544
vn -0.1086 0.8261 -0.5529
vn -0.7280 0.1807 0.6613
vn -0.9262 -0.1556 -0.3434
vn -0.3419 0.5700 -0.7471
vn -0.1020 0.8292 -0.5496
vn -0.6383 0.7016 0.3168
vn -0.8267 0.0917 -0.5552
vn -0.0419 0.0490 -0.9979
vn -0.2141 0.8668 0.4504
vn -0.8949 0.3937 0.2100
vn -0.5862 0.7531 -0.2986
vn -0.4522 0.6325 0.6288
vn -0.8900 -0.0414 -0.4540
vn -0.6422 0.7353 0.2167
vn -0.6921 0.7038 0.1604
vn -0.3802 -0.7877 0.4847
vn -0.8787 0.2304 0.4182
vn 0.2634 -0.4074 -0.8744
vn -0.2817 0.9504 0.1316
vn -0.5995 -0.7242 0.3408
vn -0.5071 -0.0911 -0.8571
vn 0.1888 -0.7943 0.5774
vn -0.6805 0.7211 0.1303
vn -0.6599 0.5147 -0.5473
vn -0.4286 0.4587 -0.7784
vn 0.2808 0.6179 -0.7344
vn 0.2770 0.4715 -0.8372
vn 0.1651 0.2097 -0.9637
vn -0.6448 0.5466 -0.5343
vn -0.8237 -0.3849 -0.4163
vn -0.7119 -0.0760 0.6982
vn -0.2264 -0.9220 -0.3141
vn -0.6811 0.3576 0.6389
vn -0.1622 0.9356 0.3135
vn -0.1612 0.9801 -0.1158
vn -0.9748 0.1721 0.1418
vn 0.5270 0.4805 -0.7010
vn -0.6815 -0.1906 -0.7065
vn 0.3464 0.6114 -0.7115
vn -0.1488 0.8270 -0.5421
vn 0.4072 0.6230 -0.6679
vn -0.1916 0.8414 0.5054
vn -0.3623 0.6796 -0.6379
vn -0.4720 0.1077 0.8750
vn -0.3729 0.6353 -0.6763
vn -0.6804 0.7085 0.1871
vn -0.2903 0.6522 -0.7003
vn -0.0912 0.6104 -0.7868
vn -0.3426 0.1679 0.9244
vn -0.2537 -0.6742 0.6936
vn -0.9833 -0.1817 0.0142
vn 0.3270 -0.4678 0.8211
vn -0.0413 0.8454 -0.5325
vn 0.0023 0.4899 -0.8718
vn -0.9886 0.0170 0.1494
vn 0.6268 -0.5778 0.5227
vn -0.4163 0.6486 0.6372
vn -0.9290 -0.0615 0.3648
vn -0.5280 0.6797 0.5091
vn -0.2775 0.2640 -0.9237
vn -0.5115 0.7307 0.4522
vn -0.1249 0.4180 -0.8998
vn -0.1389 0.8328 -0.5359
vn -0.3441 -0.6076 -0.7158
vn -0.9841 -0.0975 0.1482
vn -0.4011 0.0660 -0.9137
vn 0.2573 -0.5899 0.7654
vn 0.2493 0.6502 -0.7177
vn 0.2351 0.0769 0.9689
vn 0.0208 0.9773 -0.2109
vn -0.2259 -0.2752 -0.9345
vn -0.5010 0.0456 0.8642
vn 0.2573 -0.3877 -0.8851
vn -0.8779 0.4699 0.0920
vn -0.8497 -0.3164 -0.4218
vn -0.8797 -0.1916 -0.4352
vn -0.2041 -0.2506 0.9463
vn 0.0218 -0.5838 0.8116
vn -0.5458 -0.2968 0.7836
vn -0.8790 -0.2510 -0.4054
vn -0.2299 0.4759 -0.8489
vn -0.9145 0.3099 -0.2603
vn -0.6521 -0.0810 -0.7538
vn -0.8951 -0.1122 0.4315
vn -0.7576 0.6473 -0.0844
vn -0.8615 0.1095 -0.4959
vn 0.3158 0.5156 0.7965
vn -0.9981 0.0244 0.0557
vn -0.0463 0.5444 0.8376
vn 0.5353 -0.3198 0.7817
vn -0.1440 0.4165 -0.8977
vn 0.9831 -0.1319 0.1270
vn -0.9974 -0.0685 0.0234
vn 0.3026 -0.3088 0.9017
vn -0.1144 0.8057 0.5812
vn -0.9926 0.0517 -0.1099
vn 0.5008 0.7111 -0.4935
vn 0.0136 0.4599 -0.8879
vn -0.3332 0.7552 -0.5645
vn 0.3620 -0.2932 0.8849
vn -0.6215 -0.1883 0.7605
vn 0.0937 -0.0515 -0.9943
vn -0.1371 0.8250 0.5482
vn -0.1724 -0.8477 -0.5016
vn -0.9721 -0.0909 0.2164
vn -0.7893 0.6029 0.1161
vn -0.7093 0.6068 0.3589
vn -0.4636 -0.1723 -0.8691
vn 0.8225 -0.1835 -0.5383
vn -0.5243 0.6861 0.5043
vn -0.5956 0.5283 -0.6051
vn 0.6873 -0.4766 0.5481
vn -0.8133 0.5810 -0.0314
vn -0.4337 -0.2780 -0.8571
vn -0.3755 0.9218 -0.0959
vn -0.3553 -0.3512 -0.8663
vn 0.1057 0.4860 -0.8675
vn 0.3758 0.8941 -0.2437
vn -0.4702 0.8771 -0.0979
vn 0.3178 -0.2519 0.9141
vn 0.4451 0.6520 -0.6138
vn -0.7448 -0.1890 0.6400
vn 0.2696 0.7574 -0.5947
vn 0.7750 0.3778 -0.5066
vn -0.0851 0.6530 -0.7526
vn 0.0468 0.3644 0.9301
vn -0.7682 0.6351 0.0811
vn -0.5125 0.3291 0.7931
vn -0.2851 0.3513 -0.8918
vn -0.0721 -0.3505 -0.9338
vn -0.9387 0.3436 -0.0266
vn -0.4414 0.7390 0.5089
vn 0.0361 0.1457 -0.9887
vn -0.4606 0.3636 -0.8097
vn -0.6065 0.2012 -0.7692
vn 0.0758 -0.2337 0.9694
vn -0.4262 0.1323 0.8949
vn -0.2495 -0.9097 0.3321
vn 0.3573 -0.6330 -0.6868
vn -0.1480 0.9780 -0.1468
vn -0.2524 0.5210 0.8154
vn -0.6430 0.7021 0.3060
vn 0.3307 -0.2291 0.9155
vn -0.0352 0.6872 -0.7257
vn -0.1754 0.4296 -0.8858
vn -0.6360 0.6559 0.4066
vn -0.9713 -0.2357 -0.0304
vn -0.0154 0.6571 -0.7537
vn -0.3360 0.2814 0.8989
vn -0.3443 -0.4182 0.8406
vn 0.1719 -0.0273 -0.9847
vn -0.4830 0.3140 0.8174
vn -0.1097 0.1333 -0.9850
vn -0.7822 0.3099 0.5405
vn 0.0272 0.2990 -0.9539
vn -0.0319 0.3452 0.9380
vn -0.4913 0.8615 0.1282
vn -0.0956 0.2771 -0.9561
vn 0.5584 -0.4289 0.7101
vn 0.7886 -0.1804 -0.5878
vn 0.0249 0.2727 -0.9618
vn 0.1311 0.7495 -0.6489
vn 0.8775 -0.1693 0.4486
vn -0.2024 0.1244 -0.9714
vn -0.5569 0.8254 -0.0931
vn -0.3253 -0.3337 0.8848
vn -0.0054 -0.7922 0.6103
vn 0.3426 -0.5133 0.7868
vn 0.4632 -0.3562 0.8115
vn -0.4128 -0.4546 0.7892
vn -0.0337 0.9168 0.3978
vn -0.7121 -0.6655 -0.2236
vn 0.1616 -0.0433 -0.9859
vn -0.7355 -0.5004 -0.4568
vn 0.1241 -0.1124 -0.9859
vn -0.2559 -0.0405 0.9659
vn -0.2840 0.5980 0.7495
vn -0.7011 -0.6656 -0.2558
vn -0.8498 0.3568 0.3879
vn -0.7388 0.3900 0.5495
vn -0.3733 0.1570 -0.9143
vn -0.1103 0.0062 0.9939
vn 0.9326 -0.0907 0.3493
vn 0.7957 0.2245 -0.5625
vn -0.3325 -0.7601 0.5583
vn -0.1870 -0.5274 0.8288
vn -0.6407 0.7442 0.1888
vn -0.4387 0.3157 -0.8414
vn -0.9546 0.2464 0.1671
vn -0.5919 -0.4714 -0.6538
vn 0.1650 0.4341 -0.8856
vn -0.0841 -0.5599 0.8243
vn 0.6913 0.5429 0.4768
vn -0.4668 -0.0651 -0.8820
vn 0.4096 0.6729 -0.6159
vn -0.4066 0.8724 -0.2713
vn -0.6967 0.5350 0.4779
vn -0.5616 0.4710 0.6803
vn -0.3672 0.9300 0.0179
vn 0.0848 0.7662 -0.6370
vn -0.0172 0.4707 -0.8821
vn -0.3256 0.0991 0.9403
vn -0.9769 0.1706 -0.1283
vn 0.4202 0.1392 -0.8967
vn -0.1599 -0.6037 -0.7810
vn 0.5894 -0.5503 -0.5915
vn 0.6641 0.7342 -0.1411
vn -0.1431 0.6363 0.7581
vn -0.1385 0.0720 -0.9877
vn 0.5629 -0.3338 0.7561
vn 0.3854 0.4644 -0.7974
vn -0.8060 -0.3795 0.4543
vn 0.3457 0.4317 -0.8332
vn -0.2689 0.6009 0.7527
vn 0.2885 0.4539 -0.8431
vn -0.1059 0.4795 0.8711
vn 0.2422 0.7203 -0.6500
vn 0.6406 0.6592 -0.3937
vn -0.0135 -0.5413 -0.8407
vn -0.7097 -0.4074 -0.5748
vn -0.8201 -0.5216 0.2355
vn -0.2715 0.0894 0.9583
vn 0.2983 0.2037 -0.9325
vn -0.3124 -0.3690 -0.8753
vn -0.5770 -0.5454 0.6080
vn -0.9682 -0.0786 0.2375
vn -0.9069 0.2914 0.3043
vn -0.0801 -0.2465 -0.9658
vn -0.6228 -0.7659 -0.1598
vn 0.3010 0.1369 0.9438
vn 0.1849 -0.1161 0.9759
vn -0.9147 0.3310 0.2319
vn -0.4693 -0.3022 -0.8297
vn -0.4438 0.4529 -0.7733
vn 0.0038 -0.4959 0.8684
vn 0.0396 0.7138 0.6992
vn 0.7845 -0.0835 -0.6145
vn -0.6003 -0.2412 -0.7626
vn -0.4080 0.2830 0.8680
vn -0.6470 -0.4233 0.6342
vn -0.1450 0.9356 -0.3220
vn -0.3120 -0.7720 0.5537
vn 0.6960 -0.5944 0.4028
vn -0.1956 -0.0142 -0.9806
vn 0.4461 -0.1117 0.8880
vn 0.4239 -0.5669 0.7064
vn 0.7442 0.2527 0.6184
vn -0.3489 0.9224 -0.1660
vn -0.1498 -0.7089 -0.6893
vn -0.4607 0.1885 -0.8673
vn 0.2616 0.4767 -0.8392
vn -0.1911 0.1451 0.9708
vn -0.1791 -0.0514 -0.9825
vn 0.6404 0.2179 -0.7365
vn -0.5353 0.6058 0.5886
vn -0.4837 0.7863 0.3844
vn -0.4222 0.6514 0.6304
vn 0.0401 -0.0996 -0.9942
vn 0.3115 0.4223 -0.8513
vn -0.9803 -0.1944 0.0351
vn 0.0188 -0.2487 -0.9684
vn 0.7817 0.5942 -0.1894
vn 0.5804 0.6332 -0.5120
vn -0.6192 0.6365 -0.4599
vn 0.5411 0.6247 -0.5630
vn -0.1141 -0.3928 0.9125
vn -0.4135 -0.5518 0.7243
vn 0.8411 0.5379 -0.0571
vn -0.2334 0.8969 -0.3755
vn 0.4674 -0.6198 0.6304
vn 0.0727 0.9295 0.3615
vn -0.3447 -0.3043 0.8880
vn -0.1445 -0.7612 -0.6322
vn -0.1418 -0.8103 0.5686
vn -0.1830 -0.2239 -0.9573
vn -0.9851 0.1517 -0.0806
vn -0.9612 0.1637 -0.2220
vn -0.9950 -0.0913 0.0393
vn -0.7019 0.2369 0.6718
vn -0.7708 -0.1405 0.6214
vn 0.3267 0.7637 -0.5568
vn -0.5690 0.5217 0.6356
vn -0.1261 0.6132 -0.7798
vn -0.4505 0.7699 -0.4521
vn -0.7165 0.0814 -0.6928
vn -0.4211 0.9063 0.0370
vn -0.0544 0.7059 0.7062
vn -0.8830 -0.4600 0.0939
vn -0.0504 -0.5477 0.8352
vn 0.3091 0.2823 -0.9082
vn 0.5315 0.5154 0.6722
vn -0.4621 -0.2277 0.8571
vn 0.0577 0.4970 0.8658
vn 0.1256 -0.1643 -0.9784
vn 0.0283 -0.4469 -0.8941
vn -0.8362 0.3345 -0.4346
vn -0.8148 0.4544 -0.3601
vn 0.7111 -0.1419 -0.6887
vn 0.6142 0.6804 -0.3999
vn -0.7744 -0.0382 -0.6315
vn -0.9641 0.2596 -0.0563
vn -0.2486 -0.2721 -0.9296
vn 0.5641 0.6405 -0.5211
vn -0.8724 0.4332 0.2263
vn 0.6685 -0.2931 -0.6835
vn -0.0268 0.4969 0.8674
vn -0.6221 0.7496 0.2261
vn -0.9301 -0.2243 -0.2909
vn -0.5653 0.7353 0.3739
vn 0.4147 -0.1800 -0.8920
vn -0.5048 0.5780 -0.6412
vn -0.1784 -0.0255 -0.9836
vn -0.9079 0.3071 -0.2854
vn -0.9388 0.1502 -0.3099
vn -0.2104 0.3525 0.9119
vn 0.7019 -0.4498 0.5524
vn -0.1328 0.6639 0.7359
vn -0.4613 -0.2028 -0.8638
vn -0.4673 0.7674 -0.4389
vn -0.2553 -0.3004 0.9190
vn -0.4444 0.4574 -0.7703
vn 0.5017 -0.7358 0.4549
vn -0.1513 0.8790 -0.4521
vn 0.7316 0.6543 0.1914
vn -0.5340 0.1333 -0.8349
vn 0.9201 0.3100 -0.2396
vn -0.7796 0.2174 0.5873
vn -0.7756 -0.0026 -0.6312
vn 0.8456 0.2760 -0.4569
vn 0.4508 -0.0036 -0.8926
vn -0.4174 0.8471 -0.3290
vn -0.3759 0.4965 0.7824
vn -0.1134 0.9922 -0.0525
vn -0.3473 0.4281 0.8343
vn -0.3484 0.7966 0.4940
vn 0.7023 -0.5868 -0.4030
vn 0.5525 0.4395 -0.7082
vn -0.1855 0.4222 -0.8873
vn -0.8150 0.3796 -0.4379
vn -0.3076 -0.2454 -0.9193
vn -0.4947 0.0754 -0.8658
vn -0.2359 0.7144 -0.6588
vn -0.9770 -0.2108 -0.0328
vn -0.1080 0.0052 -0.9941
vn 0.7687 0.1855 -0.6121
vn 0.6623 -0.6349 0.3977
vn -0.6095 0.0035 0.7928
vn 0.0987 -0.2960 -0.9501
vn 0.7186 0.5311 -0.4489
vn -0.5015 0.2796 -0.8187
vn 0.2319 0.1637 -0.9589
vn -0.3989 0.6128 -0.6822
vn -0.2420 0.4816 0.8423
vn 0.0171 -0.2791 0.9601
vn -0.3794 0.8394 0.3891
vn -0.5525 0.5389 0.6358
vn 0.7023 -0.6095 0.3678
vn 0.4332 0.7246 -0.5360
vn -0.6768 0.5281 0.5129
vn -0.6432 0.4378 0.6282
vn -0.5500 -0.6612 -0.5103
vn -0.1031 -0.6549 0.7487
vn -0.7402 -0.2221 0.6346
vn 0.0876 0.0111 0.9961
vn -0.1721 0.9107 0.3756
vn -0.5022 0.6094 -0.6136
vn 0.6302 -0.6097 0.4807
vn -0.5021 0.6812 0.5328
vn -0.1071 -0.3168 -0.9424
vn 0.7810 0.0919 0.6178
vn 0.7256 -0.5224 0.4479
vn -0.6438 -0.0225 0.7649
vn -0.0281 0.2148 -0.9762
vn 0.6728 -0.7339 0.0936
vn 0.7978 0.2781 -0.5350
vn -0.9849 0.1026 0.1395
vn -0.6752 -0.4661 -0.5717
vn -0.1276 -0.7713 0.6236
vn 0.3866 0.7565 -0.5275
vn -0.6031 0.6258 0.4946
vn -0.0379 0.3424 -0.9388
vn 0.0718 -0.9277 -0.3663
vn -0.2369 0.0391 0.9707
vn -0.5151 0.2316 0.8253
vn -0.2194 -0.5154 -0.8284
vn 0.7208 0.1930 0.6657
vn -0.5906 0.4072 -0.6967
vn -0.0291 0.8883 0.4583
vn -0.8604 0.5059 0.0614
vn -0.0262 0.1651 -0.9859
vn 0.7913 0.5620 -0.2410
vn -0.6794 0.4911 0.5452
vn 0.3482 -0.5759 0.7396
vn 0.3206 -0.4481 0.8345
vn 0.0171 -0.3729 -0.9277
vn 0.5748 0.7886 -0.2185
vn 0.7563 0.2813 -0.5907
vn -0.1503 0.1381 0.9789
vn 0.7132 0.6887 -0.1302
vn -0.6269 0.7655 -0.1446
vn 0.0307 0.7139 0.6996
vn 0.6198 -0.5475 0.5622
vn 0.7235 -0.1277 0.6784
vn 0.7122 0.5121 -0.4802
vn -0.8432 0.0162 0.5374
vn -0.4176 -0.8838 -0.2112
vn -0.1485 0.2772 -0.9493
vn -0.1311 -0.1121 -0.9850
vn 0.2482 0.7153 0.6533
vn 0.8528 -0.3707 -0.3679
vn -0.0416 0.3979 0.9165
vn 0.3090 -0.7566 0.5763
vn 0.4332 0.2539 0.8648
vn 0.6694 0.7428 -0.0130
vn -0.0848 -0.6576 -0.7486
vn -0.9197 0.1636 0.3570
vn -0.6373 0.0835 0.7661
vn -0.0408 -0.6277 0.7774
vn 0.6352 0.7613 0.1300
vn -0.4730 0.4044 0.7828
vn -0.0456 0.5560 -0.8299
vn 0.9205 -0.3717 -0.1207
vn -0.2594 -0.0763 0.9627
vn -0.3284 0.7564 -0.5657
vn -0.3388 0.8828 0.3254
vn 0.8703 -0.2346 0.4331
vn 0.0460 0.8809 0.4710
vn 0.7314 0.6485 0.2110
vn -0.4048 0.1847 -0.8956
vn -0.2938 0.9468 0.1313
vn 0.1926 0.7538 0.6282
vn -0.1214 0.4089 -0.9045
vn 0.8455 -0.2650 0.4635
vn 0.0033 -0.3999 -0.9165
vn 0.6036 -0.6690 0.4337
vn 0.4003 0.1949 0.8954
vn -0.5367 0.7733 -0.3377
vn 0.2505 -0.5588 -0.7906
vn 0.3268 0.2817 0.9021
vn 0.3894 0.0217 -0.9208
vn 0.2198 -0.5430 -0.8105
vn 0.1416 0.4824 -0.8644
vn -0.8825 0.0597 -0.4665
vn 0.6559 0.0253 -0.7544
vn -0.2351 -0.3100 0.9212
vn 0.9056 0.2706 -0.3265
vn 0.8782 -0.3289 0.3472
vn -0.8218 -0.2527 0.5107
vn -0.2329 0.3660 0.9010
vn 0.0929 0.2809 0.9552
vn -0.1833 -0.2080 -0.9608
vn 0.7416 -0.5899 -0.3195
vn 0.3363 0.3921 -0.8563
vn 0.6107 -0.1746 0.7724
vn 0.2579 -0.8303 0.4941
vn 0.1061 -0.3437 0.9331
vn 0.8614 0.4985 -0.0979
vn 0.0221 0.9399 -0.3407
vn -0.1253 0.8142 0.5669
vn 0.7120 -0.5709 -0.4089
vn -0.0242 -0.6252 -0.7801
vn -0.0440 -0.1696 -0.9845
vn -0.2572 -0.2686 -0.9283
vn -0.1416 -0.1568 -0.9774
vn -0.9565 0.2390 -0.1673
vn 0.0114 0.6565 0.7542
vn 0.9415 0.2654 0.2077
vn 0.6575 -0.2010 0.7262
vn -0.4490 0.2961 -0.8431
vn 0.3364 -0.7229 -0.6035
vn -0.2784 0.8015 -0.5292
vn -0.2884 -0.7334 -0.6156
vn 0.0951 -0.6207 -0.7782
vn 0.9020 -0.0752 -0.4251
vn -0.9042 0.3380 -0.2611
vn 0.9334 -0.3477 0.0887
vn 0.4484 -0.1837 0.8747
vn -0.2419 0.7911 0.5618
vn 0.7387 -0.1365 -0.6601
vn 0.4235 -0.2288 0.8765
vn 0.2187 -0.1330 -0.9667
vn 0.2547 0.3356 -0.9069
vn 0.8609 0.0768 0.5030
vn 0.7994 -0.3007 -0.5201
vn -0.0501 -0.0655 0.9966
vn 0.0473 0.6099 0.7910
vn 0.4614 0.4179 0.7826
vn -0.4930 0.3626 0.7909
vn -0.7468 0.6364 -0.1932
vn 0.6183 -0.7742 0.1350
vn 0.2737 0.3365 0.9010
vn -0.4742 0.6836 -0.5548
vn 0.7398 -0.5642 -0.3666
vn 0.9540 -0.2133 0.2107
vn 0.9419 0.3238 -0.0891
vn -0.6720 0.6840 0.2839
vn -0.4288 0.5528 0.7146
vn 0.3493 -0.5827 -0.7338
vn -0.6872 -0.6125 0.3905
vn -0.2319 0.7355 0.6366
vn -0.0399 -0.2033 -0.9783
vn 0.7187 -0.6725 0.1766
vn 0.8143 -0.1808 0.5516
vn -0.8414 0.4599 0.2837
vn 0.6224 -0.6526 0.4321
vn -0.8496 0.4736 -0.2322
vn 0.8881 -0.2531 0.3836
vn 0.0703 0.7682 -0.6363
vn 0.0457 0.3671 -0.9291
vn -0.0937 0.8417 0.5318
vn 0.3134 -0.3386 0.8872
vn -0.6926 -0.1389 -0.7078
vn 0.4900 -0.0842 -0.8677
vn 0.9542 0.2524 -0.1607
vn 0.9053 -0.3470 -0.2452
vn 0.3498 0.9356 0.0474
vn 0.5200 0.7917 0.3206
vn 0.5963 0.2714 0.7555
vn 0.3577 0.6484 0.6720
vn 0.7265 -0.0932 -0.6808
vn 0.2622 -0.4031 0.8768
vn -0.9158 0.0241 0.4008
vn 0.7844 0.4796 -0.3933
vn 0.2552 0.4454 -0.8582
vn -0.0485 0.4416 0.8959
vn 0.8093 -0.2046 0.5506
vn 0.8783 0.3955 -0.2686
vn -0.4322 0.7181 -0.5455
vn 0.5854 -0.7977 0.1447
vn -0.3448 0.3993 -0.8495
vn -0.0547 -0.9451 -0.3222
vn -0.0542 -0.9943 -0.0916
vn -0.5474 -0.2084 -0.8105
vn 0.5379 0.1923 0.8208
vn -0.2007 -0.6529 -0.7304
vn 0.5858 0.3606 0.7258
vn -0.2429 -0.9499 0.1966
vn 0.8954 0.4351 -0.0947
vn 0.8743 -0.4577 0.1615
vn 0.2501 -0.4786 -0.8417
vn 0.9397 0.2322 -0.2511
vn 0.4483 0.1116 -0.8869
vn 0.8015 -0.4763 0.3615
vn 0.6037 -0.6936 -0.3931
vn 0.9169 -0.3423 -0.2054
vn 0.7239 -0.0337 0.6891
vn -0.1605 -0.0481 -0.9859
vn -0.2038 -0.8590 -0.4697
vn 0.2699 0.7259 -0.6326
vn 0.5287 -0.2958 0.7956
vn 0.7270 0.2287 0.6474
vn -0.5704 0.6669 0.4795
vn -0.5731 0.1163 0.8112
vn 0.0037 -0.6549 -0.7557
vn 0.0852 0.7510 -0.6548
vn 0.5323 -0.8362 0.1321
vn 0.8355 -0.5424 0.0886
vn 0.4735 -0.7064 -0.5260
vn 0.5863 -0.4695 0.6602
vn 0.9695 -0.2000 0.1415
vn 0.8353 -0.0386 -0.5484
vn 0.2249 0.5242 0.8213
vn -0.1610 0.1527 0.9751
vn 0.4037 0.2535 0.8790
vn 0.5737 -0.2960 0.7637
vn 0.9335 0.0904 0.3470
vn 0.8503 0.0693 -0.5217
vn 0.7714 0.6343 0.0505
vn 0.1578 0.6378 0.7538
vn 0.4424 0.8554 0.2693
vn -0.4233 0.3341 0.8422
vn -0.5211 0.7565 0.3951
vn -0.4269 0.9043 -0.0105
vn 0.8065 0.5342 0.2534
vn -0.7969 -0.5619 0.2218
vn 0.9577 0.1652 -0.2356
vn -0.9268 -0.2389 -0.2897
vn 0.4129 -0.2525 -0.8751
vn -0.7706 -0.2884 -0.5684
vn -0.9788 0.1447 -0.1453
vn 0.8239 0.1035 0.5573
vn 0.6918 0.2845 0.6637
vn 0.8396 0.1990 -0.5054
vn 0.5157 -0.4507 -0.7286
vn -0.5912 0.0955 -0.8008
vn -0.0843 0.5484 0.8320
vn 0.7327 0.3490 0.5843
vn -0.4412 0.8888 0.1241
vn 0.6027 0.6763 -0.4235
vn 0.2048 0.0170 -0.9787
vn 0.7100 -0.2238 -0.6677
vn 0.1251 -0.1835 0.9750
vn 0.3344 0.7419 0.5812
vn 0.5822 -0.7363 -0.3449
vn -0.5722 0.8060 0.1516
vn -0.2283 0.3362 0.9137
vn 0.5100 -0.5621 -0.6511
vn 0.9515 -0.3052 -0.0381
vn 0.8019 0.4396 0.4047
vn 0.8084 0.5872 -0.0405
vn -0.6038 -0.2141 0.7678
vn 0.2014 0.5805 0.7890
vn 0.4101 0.1975 -0.8904
vn 0.8760 0.0702 0.4772
vn 0.4455 -0.5069 -0.7380
vn 0.9806 -0.1337 -0.1434
vn 0.2323 0.8412 0.4882
vn -0.8082 0.1383 0.5725
vn 0.0257 -0.8242 -0.5657
vn -0.5499 0.4619 0.6959
vn -0.6351 0.5116 0.5787
vn -0.3825 -0.3518 0.8543
vn -0.7504 0.5121 -0.4179
vn 0.5653 -0.0081 0.8249
vn 0.8578 -0.0910 -0.5059
vn -0.0002 -0.3099 -0.9508
vn -0.2365 -0.4283 -0.8722
vn 0.1256 0.1387 0.9823
vn -0.3358 -0.3822 -0.8609
vn -0.5891 0.4407 -0.6773
vn 0.8509 0.5212 0.0655
vn -0.0533 -0.6203 -0.7826
vn 0.1707 -0.3203 -0.9318
vn -0.9580 -0.1594 -0.2384
vn 0.5604 -0.0703 0.8252
vn 0.5954 -0.4025 0.6953
vn -0.0052 0.8133 0.5818
vn -0.5598 0.8283 -0.0216
vn 0.5316 0.8451 0.0564
vn 0.6577 0.4781 -0.5821
vn 0.8521 0.2645 -0.4516
vn -0.6009 -0.6564 0.4562
vn 0.6276 0.3791 0.6800
vn 0.9017 -0.1824 -0.3920
vn -0.5352 0.7775 0.3302
vn -0.0268 -0.6144 0.7886
vn 0.3144 -0.5838 -0.7486
vn 0.8875 0.4420 -0.1301
vn 0.3853 0.5127 -0.7673
vn -0.7711 0.5449 0.3293
vn 0.8220 -0.5390 0.1841
vn 0.5647 -0.7931 -0.2281
vn -0.4588 -0.2321 0.8577
vn 0.1946 0.3079 0.9313
vn -0.0893 0.1498 -0.9847
vn -0.3643 0.2490 0.8974
vn -0.8658 0.2020 -0.4578
vn -0.0537 0.7663 -0.6402
vn 0.3997 0.8032 -0.4417
vn 0.4787 -0.7485 0.4588
vn 0.7520 0.4962 0.4340
vn 0.4657 0.6054 0.6455
vn 0.6047 -0.7375 0.3007
vn -0.2792 -0.2609 -0.9241
vn 0.3734 0.4610 0.8050
vn 0.9878 -0.1523 0.0312
vn -0.0824 -0.7117 0.6976
vn 0.3402 -0.6271 -0.7007
vn -0.6047 0.0928 -0.7910
vn 0.9276 0.0530 -0.3697
vn 0.8175 -0.1945 0.5420
vn 0.9956 -0.0888 0.0306
vn 0.3897 -0.7696 0.5057
vn -0.3434 0.9291 -0.1371
vn 0.0342 -0.9935 0.1082
vn -0.7789 -0.3351 0.5301
vn -0.5356 0.5524 -0.6387
vn -0.3300 0.5524 -0.7655
vn 0.9111 0.2032 -0.3586
vn -0.9993 -0.0302 -0.0208
vn -0.3890 0.6343 0.6681
vn -0.1659 0.7353 0.6571
vn 0.7684 -0.5238 -0.3678
vn 0.4515 0.2252 0.8634
vn -0.0925 0.9930 0.0737
vn 0.4130 0.8800 -0.2346
vn -0.7475 -0.1866 0.6375
vn 0.0760 0.9636 0.2565
vn -0.2587 0.8905 0.3742
vn -0.9047 -0.1572 -0.3959
vn 0.6701 0.1164 0.7331
vn 0.8448 -0.0686 -0.5306
vn -0.0414 0.8888 0.4564
vn 0.9365 -0.1038 0.3350
vn 0.8412 -0.2458 -0.4817
vn 0.0594 0.9861 -0.1549
vn -0.0281 0.6928 0.7206
vn 0.8354 -0.2060 -0.5097
vn 0.9861 0.1614 -0.0400
vn 0.9055 -0.3121 -0.2877
vn 0.5976 0.3869 -0.7022
vn -0.4729 0.7449 0.4707
vn 0.1377 0.4245 -0.8949
vn 0.5899 -0.2468 -0.7688
vn -0.2560 -0.7673 -0.5880
vn 0.0398 -0.7892 -0.6128
vn 0.8822 -0.0713 -0.4654
vn -0.2137 0.2781 -0.9365
vn -0.8812 0.4351 0.1847
vn 0.2868 -0.1727 -0.9423
vn 0.8652 0.0221 0.5010
vn -0.6557 -0.2096 -0.7254
vn -0.3127 0.7976 -0.5158
vn 0.7482 0.6443 0.1581
vn -0.7580 -0.0558 -0.6498
vn -0.9540 0.2227 -0.2008
vn 0.5824 -0.2873 0.7604
vn -0.7606 -0.6311 -0.1520
vn 0.0040 0.5536 -0.8328
vn 0.5340 -0.8455 0.0078
vn -0.7354 -0.3584 -0.5751
vn 0.9134 0.1580 -0.3751
vn 0.8220 0.5242 0.2227
vn 0.7872 -0.2506 -0.5635
vn 0.5972 0.7893 0.1429
vn 0.8955 -0.1016 0.4334
vn 0.3578 0.4138 0.8371
vn 0.2955 0.4704 0.8315
vn 0.9452 -0.1363 -0.2967
vn -0.7464 -0.6290 0.2176
vn -0.3507 -0.2378 -0.9058
vn -0.2300 0.8125 0.5357
vn 0.9790 0.1732 -0.1078
vn 0.9169 0.0937 -0.3880
vn -0.8819 -0.1077 -0.4589
vn -0.8210 0.2163 -0.5283
vn 0.7530 -0.6527 0.0837
vn 0.9369 0.1323 0.3237
vn -0.5819 -0.3332 0.7419
vn -0.8538 0.0629 -0.5167
vn -0.1228 -0.0202 0.9922
vn 0.3023 -0.4677 -0.8306
vn 0.5156 -0.6693 -0.5350
vn -0.1690 -0.7573 -0.6308
vn -0.8672 0.4955 -0.0499
vn 0.7042 0.3331 0.6270
vn 0.6481 -0.3024 -0.6990
vn -0.9902 -0.0078 0.1394
vn 0.3528 0.5941 0.7229
vn 0.8618 -0.0521 0.5045
vn -0.1866 0.7090 0.6801
vn 0.9286 -0.1528 -0.3381
vn 0.8844 -0.4358 0.1672
vn 0.8734 -0.3379 0.3508
vn -0.7289 -0.3935 0.5603
vn 0.9760 -0.1754 -0.1293
vn -0.1607 0.9393 0.3033
vn 0.9880 0.1329 -0.0784
vn 0.7916 -0.4318 -0.4323
vn 0.6539 -0.1861 -0.7333
vn -0.1564 0.9574 -0.2429
vn 0.9836 0.1687 0.0637
vn -0.7480 0.2209 0.6259
vn 0.9699 -0.1245 0.2094
vn 0.7829 0.5658 0.2589
vn -0.2540 0.9666 -0.0345
vn 0.7670 -0.2275 -0.6000
vn -0.2101 0.6324 0.7456
vn 0.7143 0.3599 0.6002
vn -0.3895 -0.8595 -0.3309
vn 0.0725 0.5312 0.8441
vn 0.9542 -0.0255 -0.2981
vn 0.4159 0.2436 -0.8762
vn -0.4744 -0.0362 0.8796
vn -0.5984 0.7922 -0.1196
vn 0.7631 0.5979 0.2454
vn 0.4718 0.3433 0.8121
vn -0.4921 0.1104 -0.8635
vn 0.2586 0.5122 0.8190
vn -0.8744 0.1586 0.4586
vn 0.8501 -0.1527 0.5040
vn 0.8781 0.3798 -0.2911
vn 0.5665 0.7467 -0.3486
vn 0.0326 -0.9640 0.2638
vn 0.8034 -0.1051 0.5861
vn 0.6815 -0.0505 -0.7301
vn 0.1627 0.3416 -0.9256
vn 0.8101 -0.1992 0.5514
vn 0.9123 0.1644 -0.3750
vn 0.8886 -0.4425 -0.1210
vn -0.9455 -0.2348 0.2257
vn 0.9694 -0.0422 0.2419
vn -0.5537 0.3069 -0.7741
vn -0.0644 -0.8994 0.4323
vn -0.3308 0.1867 0.9251
vn -0.9449 0.2540 -0.2065
vn -0.3349 -0.1147 -0.9353
vn 0.3505 -0.7224 0.5961
vn -0.0143 0.1028 -0.9946
vn 0.2091 0.5461 0.8112
vn -0.1162 -0.2066 -0.9715
vn 0.1461 -0.7349 -0.6623
vn 0.1067 0.8816 0.4598
vn 0.9907 0.1212 0.0625
vn -0.0632 0.1555 -0.9858
vn 0.9776 0.0117 -0.2103
vn 0.7751 -0.6097 -0.1656
vn -0.1506 -0.2937 -0.9439
vn -0.4931 0.6353 0.5943
vn 0.7695 0.0270 -0.6380
vn 0.1041 -0.4932 -0.8636
vn 0.9573 0.2145 0.1940
vn -0.1049 -0.8285 -0.5501
vn -0.2845 0.5366 -0.7944
vn 0.2122 0.6045 0.7678
vn -0.0657 -0.1836 0.9808
vn -0.1021 0.2959 -0.9498
vn 0.4512 -0.8612 -0.2339
vn -0.4780 0.5140 -0.7122
vn 0.8008 -0.4108 -0.4358
vn 0.0745 -0.0693 -0.9948
vn -0.7160 0.5440 -0.4375
vn 0.3711 -0.9079 0.1952
vn 0.1081 0.9136 0.3919
vn 0.2618 -0.0329 0.9646
vn -0.8664 -0.1554 0.4745
vn -0.8605 -0.1610 0.4833
vn 0.1548 -0.8778 0.4532
vn -0.8014 0.3790 0.4627
vn 0.8005 -0.5985 0.0306
vn -0.7464 0.0723 0.6616
vn 0.6308 -0.6770 -0.3792
vn -0.2421 0.7563 0.6078
vn -0.4587 0.7646 0.4528
vn -0.1662 0.8591 0.4840
vn -0.5960 0.7818 -0.1832
vn 0.0346 -0.5321 -0.8460
vn 0.8526 0.4102 0.3238
vn -0.3451 -0.3178 -0.8831
vn -0.0177 0.0464 -0.9988
vn -0.6286 -0.0329 -0.7771
vn -0.3027 0.9433 0.1362
vn 0.6506 -0.5111 -0.5617
vn -0.0668 -0.1055 -0.9922
vn 0.1274 -0.4361 0.8908
vn 0.5604 0.7150 0.4181
vn -0.9442 0.3240 0.0595
vn 0.2486 0.8411 0.4803
vn -0.1221 0.8888 0.4418
vn 0.5955 -0.7383 -0.3168
vn 0.6446 -0.2668 0.7165
vn 0.2014 -0.8563 0.4756
vn 0.8980 0.4354 0.0630
vn -0.2287 0.9734 -0.0102
vn -0.6793 0.7091 -0.1890
vn -0.1206 0.9921 0.0335
vn 0.4219 0.7220 0.5484
vn 0.1719 -0.4629 -0.8696
vn -0.3989 0.8591 0.3207
vn 0.7674 -0.3656 0.5267
vn 0.6673 -0.7066 0.2353
vn -0.1222 0.8224 -0.5557
vn 0.2022 0.9603 0.1923
vn 0.5715 -0.6234 -0.5336
vn -0.3302 -0.5654 -0.7559
vn 0.3559 -0.9064 -0.2274
vn 0.8838 0.4632 -0.0655
vn 0.8251 0.5242 0.2109
vn 0.3081 -0.1207 0.9437
vn -0.0432 0.3961 0.9172
vn -0.5948 0.7338 0.3283
vn -0.4908 -0.0950 -0.8661
vn 0.3254 -0.7425 -0.5855
vn 0.0081 0.0311 -0.9995
vn 0.4867 -0.8608 -0.1491
vn -0.7763 0.4624 0.4284
vn -0.5712 -0.5673 0.5932
vn 0.0199 -0.9804 -0.1959
vn -0.6986 -0.2899 0.6542
vn 0.6804 -0.5541 0.4796
vn 0.1183 -0.5873 0.8007
vn 0.0473 -0.3424 -0.9384
vn -0.4113 -0.6970 -0.5874
vn -0.2056 0.9071 -0.3672
vn -0.0580 -0.3185 0.9461
vn 0.3089 -0.9379 0.1578
vn -0.2320 0.5525 -0.8006
vn 0.7136 -0.2277 0.6625
vn -0.1640 0.5821 -0.7964
vn -0.6134 0.6313 -0.4745
vn 0.0827 0.4099 -0.9084
vn 0.6671 0.6953 -0.2675
vn 0.2320 -0.4894 -0.8406
vn 0.7416 0.2295 0.6304
vn 0.7876 0.1966 -0.5840
vn 0.4804 -0.8666 -0.1348
vn -0.1554 0.9843 0.0831
vn 0.6981 -0.0207 0.7157
vn 0.9444 0.2874 -0.1595
vn -0.5896 -0.4243 -0.6873
vn -0.8063 0.2583 0.5321
vn 0.4589 -0.6522 -0.6034
vn -0.2479 -0.4341 0.8661
vn -0.3923 0.3186 0.8629
vn -0.8886 -0.0119 -0.4585
vn -0.8622 -0.0542 0.5036
vn -0.2179 0.9276 -0.3035
vn -0.5279 -0.3098 -0.7908
vn 0.7417 0.6207 -0.2541
vn 0.1493 0.0092 -0.9887
vn 0.6145 0.2869 0.7349
vn 0.4364 -0.7728 -0.4607
vn -0.1540 0.9057 -0.3949
vn -0.6148 -0.4353 0.6577
vn -0.2993 0.8103 0.5038
vn 0.1461 -0.1859 -0.9717
vn 0.7620 -0.3367 -0.5532
vn 0.7741 -0.6245 0.1036
vn -0.6846 0.3819 0.6209
vn -0.0586 -0.9444 0.3236
vn -0.0576 0.7718 -0.6333
vn 0.4730 0.7114 0.5198
vn 0.3732 -0.5601 0.7396
vn 0.5148 -0.7380 -0.4363
vn -0.5422 -0.0561 -0.8384
vn -0.6217 -0.4405 -0.6476
vn -0.3850 0.9227 0.0200
vn 0.8330 -0.5526 0.0277
vn 0.5090 -0.6606 -0.5518
vn 0.0461 -0.4623 0.8855
vn 0.9019 0.0021 -0.4320
vn 0.7939 -0.0960 -0.6004
vn -0.6068 -0.3741 -0.7013
vn 0.4538 -0.7721 0.4449
vn 0.0479 -0.8324 -0.5521
vn -0.3988 -0.1509 -0.9046
vn -0.1924 0.9348 0.2986
vn 0.0693 -0.4518 0.8894
vn 0.2556 -0.2843 -0.9240
vn 0.9667 -0.0199 0.2553
vn -0.3491 0.6532 -0.6719
vn 0.1186 -0.9448 -0.3056
vn -0.9776 -0.1296 0.1660
vn 0.0872 -0.0248 0.9959
vn -0.3668 0.7426 0.5604
vn 0.2447 -0.8391 -0.4859
vn 0.5632 -0.0109 0.8263
vn -0.6127 0.7866 -0.0770
vn -0.4342 -0.8548 -0.2841
vn 0.8207 -0.1469 -0.5522
vn 0.5616 -0.3820 0.7340
vn -0.1602 0.9801 -0.1169
vn -0.9749 -0.1269 0.1828
vn -0.2248 0.5122 0.8289
vn -0.5089 0.6113 -0.6061
vn -0.7264 -0.0407 -0.6861
vn -0.8644 0.4572 -0.2094
vn 0.1773 -0.7993 -0.5742
vn -0.1171 0.9910 0.0649
vn -0.1987 -0.7948 0.5734
vn -0.7929 0.4876 0.3655
vn -0.0299 0.6590 -0.7516
vn 0.7136 0.6956 0.0836
vn -0.7909 0.0012 0.6119
vn -0.0016 0.6884 -0.7253
vn 0.9118 -0.2131 0.3509
vn -0.0017 -0.6876 -0.7261
vn -0.4655 0.8684 0.1710
vn 0.6576 -0.0879 0.7482
vn 0.8435 -0.4699 -0.2601
vn -0.1671 -0.9593 0.2275
vn 0.9290 -0.2188 -0.2985
vn -0.1509 0.9741 0.1684
vn -0.0123 -0.5514 -0.8342
vn -0.0789 0.5623 -0.8232
vn 0.4715 -0.6562 -0.5891
vn 0.2084 -0.7870 0.5806
vn -0.8612 0.3804 0.3371
vn 0.2076 0.5855 0.7836
vn -0.5627 0.5750 0.5940
vn 0.9668 -0.1689 -0.1917
vn -0.0401 -0.8726 -0.4867
vn 0.3107 -0.6387 -0.7039
vn 0.6235 0.2842 0.7283
vn 0.1620 0.3046 -0.9386
vn 0.8127 0.5568 0.1717
vn -0.9437 -0.1838 0.2749
vn 0.3550 0.4428 -0.8233
vn -0.9924 -0.1202 -0.0255
vn -0.7734 0.1501 0.6159
vn 0.1346 0.0222 -0.9907
vn -0.6363 0.7409 0.2148
vn 0.5743 0.3459 -0.7420
vn 0.4960 -0.3676 0.7867
vn -0.4145 -0.0441 -0.9090
vn -0.2846 -0.0657 -0.9564
vn -0.1597 -0.4089 0.8985
vn 0.5855 0.4300 -0.6872
vn 0.5257 0.4212 -0.7391
vn -0.0060 -0.6992 0.7149
vn 0.1027 0.9947 -0.0089
vn 0.9635 -0.2273 -0.1412
vn -0.0614 0.9920 -0.1102
vn 0.6414 0.4468 -0.6237
vn 0.5586 0.4959 -0.6649
vn -0.3802 0.6247 0.6820
vn -0.3738 0.1006 -0.9220
vn -0.2707 -0.7429 -0.6123
vn 0.5424 -0.5136 0.6648
vn 0.5099 0.1527 0.8466
vn 0.3886 0.5867 0.7104
vn 0.5448 0.2990 0.7834
vn -0.3491 0.2363 -0.9068
vn -0.0131 -0.8725 0.4884
vn -0.7725 0.5977 -0.2144
vn 0.3019 0.2753 0.9127
vn -0.4398 0.8036 -0.4009
vn -0.4349 0.9002 0.0233
vn -0.9893 -0.0874 -0.1170
vn -0.4576 -0.3481 -0.8182
vn 0.7770 -0.6010 0.1874
vn -0.5402 0.5633 0.6252
vn -0.2261 0.5408 -0.8102
vn -0.5395 0.2609 -0.8005
vn -0.3102 0.9457 0.0971
vn -0.0646 0.8308 -0.5528
vn 0.4246 0.0809 -0.9018
vn -0.5876 0.5261 0.6148
vn -0.8739 -0.0103 0.4860
vn -0.0131 -0.3040 0.9526
vn 0.6165 -0.7620 -0.1984
vn -0.4014 0.9152 0.0367
vn -0.1343 0.8279 0.5445
vn 0.7205 -0.6440 -0.2573
vn 0.0595 0.9291 -0.3649
vn -0.7656 0.1997 -0.6116
vn -0.4097 -0.0811 -0.9086
vn 0.4383 0.6063 -0.6636
vn -0.0391 0.6708 -0.7406
vn 0.6057 0.2504 0.7552
vn -0.0968 -0.8853 0.4549
vn 0.7375 -0.0989 0.6681
vn 0.0171 0.5499 0.8351
vn -0.0309 0.9988 -0.0369
vn 0.7888 0.0124 0.6145
vn 0.1710 -0.7515 -0.6372
vn -0.7808 0.6152 0.1090
vn -0.5854 -0.2804 0.7607
vn -0.2266 -0.1021 0.9686
vn -0.8630 0.1547 -0.4810
vn -0.0303 0.8296 -0.5575
vn 0.2303 0.1387 0.9632
vn 0.7581 -0.5153 0.3997
vn -0.3614 0.2638 0.8943
vn 0.6516 0.3602 0.6676
vn 0.8807 -0.4475 0.1555
vn -0.6300 0.6987 -0.3389
vn -0.5970 0.2390 -0.7658
vn 0.2386 0.9261 0.2924
vn 0.5294 -0.7103 -0.4640
vn 0.1971 -0.3637 0.9104
vn 0.2746 -0.6515 -0.7072
vn 0.0541 0.5969 -0.8005
vn 0.5199 0.2274 0.8234
vn 0.5999 -0.5128 0.6141
vn 0.0992 -0.9220 0.3743
vn 0.6989 -0.2342 0.6758
vn 0.1919 -0.6487 -0.7364
vn -0.8006 0.0567 0.5965
vn -0.5259 -0.1616 -0.8350
vn -0.1935 0.8918 -0.4089
vn 0.2462 -0.9584 -0.1441
vn -0.7667 0.3570 0.5336
vn 0.0289 0.8793 0.4754
vn 0.1920 0.2626 -0.9456
vn 0.3188 0.8817 -0.3479
vn 0.0257 0.9640 0.2645
vn 0.6695 -0.7422 -0.0320
vn -0.4559 0.8528 0.2545
vn 0.4953 0.6517 -0.5744
vn 0.6521 -0.1650 0.7399
vn 0.2803 0.6178 0.7347
vn 0.0710 -0.8296 0.5538
vn 0.6727 0.4788 -0.5641
vn -0.4078 0.5909 0.6961
vn 0.4631 0.5872 0.6638
vn -0.0378 0.9106 0.4115
vn -0.8634 0.4778 -0.1618
vn 0.7106 0.0040 0.7036
vn -0.1146 -0.7139 -0.6908
vn 0.0461 -0.4862 0.8726
vn 0.6757 -0.6723 -0.3025
vn -0.1387 0.9091 0.3929
vn -0.7415 0.2325 0.6294
vn -0.0473 -0.5284 -0.8477
vn -0.2067 -0.1921 -0.9594
vn 0.4122 -0.7280 0.5479
vn 0.0892 0.1977 0.9762
vn -0.7665 0.4421 -0.4658
vn 0.1855 -0.8042 -0.5647
vn 0.7298 0.5123 -0.4527
vn -0.1691 -0.8633 -0.4755
vn -0.4700 0.8666 0.1678
vn 0.0590 0.7526 0.6558
vn -0.4579 0.3928 -0.7975
vn -0.3063 0.2263 -0.9246
vn -0.0160 -0.8477 0.5302
vn 0.5837 0.3021 -0.7537
vn 0.4762 -0.6878 -0.5479
vn 0.9301 -0.3625 0.0589
vn -0.9414 0.1884 -0.2796
vn -0.9160 0.1458 -0.3737
vn -0.3706 0.9057 -0.2056
vn -0.0234 -0.5100 -0.8599
vn 0.1624 -0.9848 0.0620
vn 0.8340 -0.5393 0.1167
vn -0.8511 0.4106 -0.3272
vn -0.4896 0.5634 -0.6655
vn 0.0278 0.1461 0.9889
vn 0.8167 -0.5111 0.2679
vn 0.0243 -0.8846 0.4657
vn -0.1667 0.9857 0.0257
vn 0.1689 0.8430 -0.5107
vn 0.3266 -0.6341 -0.7009
vn 0.1340 0.0184 -0.9908
vn 0.7459 -0.6647 -0.0425
vn 0.6355 0.4190 0.6485
vn 0.0187 -0.8913 -0.4530
vn 0.6428 -0.4624 0.6107
vn -0.3561 0.8130 0.4608
vn 0.4750 -0.7239 -0.5004
vn 0.0043 -0.7070 0.7072
vn -0.0073 0.5846 0.8113
vn 0.2037 -0.1983 0.9587
vn 0.3905 -0.3538 -0.8499
vn -0.4101 0.9077 0.0889
vn 0.8433 -0.3993 -0.3597
vn 0.1701 -0.9186 -0.3567
vn -0.9413 0.3330 0.0547
vn 0.1119 0.8342 0.5400
vn 0.6504 0.6233 -0.4341
vn 0.4438 0.8613 0.2474
vn 0.2646 0.8224 -0.5037
vn 0.0540 -0.7403 -0.6701
vn -0.3487 -0.3879 0.8532
vn -0.6215 0.1641 0.7660
vn 0.2763 0.0753 0.9581
vn 0.7076 0.3884 0.5903
vn 0.0912 0.2486 -0.9643
vn 0.1535 -0.9656 0.2100
vn 0.3894 -0.1776 0.9038
vn -0.2368 0.7169 -0.6558
vn 0.0899 -0.9398 0.3298
vn -0.0974 0.9030 0.4184
vn 0.7661 0.4829 -0.4241
vn 0.0584 0.9254 0.3746
vn -0.9621 0.2035 0.1817
vn 0.5470 -0.7637 0.3429
vn 0.3532 -0.4118 -0.8401
vn 0.0391 0.0814 -0.9959
vn 0.4969 -0.7380 0.4565
vn -0.0840 -0.0773 0.9935
vn 0.6084 0.3151 0.7284
vn 0.5663 0.7540 0.3329
vn 0.1134 0.6225 -0.7744
vn 0.6977 -0.3307 0.6355
vn 0.0180 -0.9944 -0.1042
vn -0.0172 0.3460 -0.9381
vn 0.6845 -0.5454 -0.4837
vn 0.3016 0.8731 -0.3831
vn -0.2429 -0.6416 -0.7276
vn 0.0490 -0.9903 -0.1301
vn 0.5693 -0.7984 -0.1962
vn -0.0519 0.5816 0.8118
vn -0.8889 0.4552 -0.0518
vn -0.2789 0.7639 0.5819
vn 0.4946 -0.6374 -0.5908
vn 0.6894 -0.5900 0.4203
vn 0.7044 0.6120 -0.3595
vn -0.5777 0.8108 -0.0941
vn 0.2180 0.6307 0.7448
vn 0.4897 0.4874 0.7230
vn 0.3702 -0.6370 0.6761
vn 0.7580 -0.2369 0.6077
vn 0.7998 0.5475 -0.2459
vn -0.3583 0.6536 -0.6667
vn 0.6473 0.2491 0.7204
vn -0.5723 0.6874 -0.4472
vn -0.3359 0.9365 0.1005
vn 0.8679 0.3182 -0.3815
vn 0.1481 0.0339 0.9884
vn -0.4646 -0.4307 -0.7738
vn -0.9041 0.3238 0.2789
vn 0.7234 0.6554 -0.2171
vn 0.4957 -0.8165 -0.2959
vn 0.2690 -0.3303 -0.9047
vn 0.2058 -0.0631 0.9766
vn -0.0998 0.9047 -0.4142
vn 0.9938 -0.0634 0.0915
vn -0.5065 -0.8025 0.3155
vn -0.1543 -0.3109 -0.9378
vn 0.6328 0.6449 0.4285
vn 0.3707 0.5452 0.7519
vn -0.6107 0.2030 0.7654
vn 0.5650 -0.7552 -0.3323
vn 0.4962 -0.5467 -0.6745
vn 0.4308 0.1669 0.8869
vn -0.3339 -0.6064 -0.7217
vn -0.2057 -0.9129 -0.3526
vn 0.1215 0.3795 -0.9172
vn 0.8304 0.5567 -0.0208
vn 0.0023 0.9843 0.1766
vn 0.4783 -0.8539 0.2050
vn 0.1620 0.9216 -0.3526
vn -0.2540 0.6231 0.7397
vn -0.0432 0.9017 -0.4302
vn 0.5645 -0.2077 0.7988
vn -0.1276 -0.9053 -0.4052
vn -0.3317 -0.6438 -0.6895
vn 0.7927 0.5956 0.1297
vn 0.0553 0.8438 0.5339
vn 0.0683 -0.7495 -0.6584
vn -0.0014 0.5975 -0.8019
vn -0.4855 0.5470 0.6820
vn 0.1022 -0.6508 -0.7524
vn -0.4062 0.0172 -0.9136
vn 0.4495 -0.8747 0.1815
vn -0.0042 -0.4078 0.9131
vn 0.0672 0.7558 -0.6514
vn -0.4606 -0.1165 0.8799
vn 0.1083 -0.1330 0.9852
vn -0.8475 0.2667 0.4589
vn 0.1836 0.7060 0.6840
vn -0.2191 -0.9391 0.2647
vn 0.3944 0.9186 -0.0240
vn -0.3814 -0.4885 -0.7848
vn 0.9272 -0.3730 0.0339
vn 0.5839 -0.3970 0.7082
vn -0.4955 0.8634 0.0944
vn 0.9099 0.3905 -0.1396
vn -0.1358 0.7879 0.6007
vn 0.3474 -0.7063 -0.6168
vn -0.4390 0.8632 0.2494
vn -0.0757 -0.7539 -0.6526
vn 0.1201 0.5022 -0.8564
vn 0.0030 0.9153 -0.4028
vn 0.8592 -0.4642 0.2154
vn 0.6583 -0.7526 0.0143
vn 0.1850 0.0274 -0.9824
vn 0.1457 -0.9777 0.1510
vn 0.1456 -0.9465 -0.2880
vn 0.0045 0.9833 -0.1818
vn -0.7818 0.1964 0.5917
vn 0.8842 0.3698 -0.2852
vn 0.5763 0.1670 -0.8000
vn -0.3849 0.7739 -0.5029
vn 0.6617 -0.7498 0.0011
vn 0.2209 -0.5489 -0.8062
vn 0.1027 0.5962 -0.7962
vn 0.1286 0.9215 0.3665
vn 0.1307 -0.8956 -0.4252
vn 0.3395 0.8992 0.2761
vn 0.6613 -0.1192 0.7406
vn -0.1766 -0.5529 0.8143
vn 0.3151 -0.5719 0.7574
vn 0.0872 0.8672 0.4902
vn 0.0991 0.6112 0.7852
vn -0.0670 0.9030 -0.4245
vn 0.4161 -0.2859 0.8632
vn -0.6881 -0.5893 -0.4234
vn -0.5250 0.1896 0.8297
vn 0.2623 0.4553 0.8508
vn -0.5513 0.4504 -0.7023
vn 0.2663 -0.8244 0.4994
vn 0.6087 -0.4433 -0.6580
vn -0.1273 0.5798 -0.8047
vn 0.2224 0.9378 -0.2665
vn 0.1168 -0.6492 0.7516
vn 0.8987 0.4067 0.1642
vn -0.1692 -0.4088 0.8968
vn -0.4104 0.5923 0.6934
vn 0.1932 -0.9811 0.0130
vn -0.5138 0.7598 0.3984
vn 0.0716 -0.9964 -0.0453
vn 0.3974 -0.4360 -0.8075
vn 0.0922 0.4769 0.8741
vn -0.6196 0.6524 -0.4365
vn 0.2168 -0.1565 -0.9636
vn 0.6763 0.7211 -0.1504
vn -0.1381 0.6870 -0.7134
vn 0.3119 -0.1221 0.9422
vn -0.3762 0.3083 -0.8737
vn 0.5294 -0.7258 -0.4392
vn 0.3682 0.9146 -0.1670
vn 0.4967 -0.8346 -0.2381
vn -0.2129 -0.0624 -0.9751
vn -0.6533 0.7277 0.2090
vn -0.6446 -0.3641 0.6722
vn -0.2307 0.9722 0.0408
vn 0.3482 0.8897 0.2953
vn -0.2928 0.8422 -0.4528
vn 0.6551 -0.7152 -0.2437
vn 0.1854 0.9411 -0.2826
vn 0.3285 0.9305 -0.1622
vn -0.3149 -0.9477 0.0530
vn 0.3165 0.6258 0.7129
vn 0.6330 -0.2825 0.7208
vn 0.6667 -0.7416 -0.0737
vn 0.4133 0.8925 -0.1808
vn -0.7462 0.2356 0.6227
vn 0.3048 -0.2929 -0.9062
vn -0.3266 -0.8586 -0.3953
vn -0.2901 -0.3596 -0.8868
vn -0.5560 -0.7582 0.3407
vn 0.8687 -0.4121 0.2748
vn -0.2297 -0.8432 0.4861
vn -0.5744 0.3009 0.7613
vn 0.5022 -0.8434 -0.1908
vn 0.0008 0.7398 -0.6729
vn -0.4856 0.4556 -0.7461
vn 0.0927 0.2713 0.9580
vn -0.3569 -0.2244 0.9068
vn 0.2033 -0.9763 -0.0736
vn 0.2036 -0.7003 -0.6842
vn 0.5559 0.8127 0.1747
vn -0.4088 0.6525 0.6381
vn 0.4685 -0.7515 0.4645
vn -0.3185 0.9478 0.0157
vn 0.6007 -0.4261 -0.6764
vn 0.1949 0.9467 0.2564
vn 0.0620 0.9761 -0.2081
vn -0.7356 0.6584 -0.1591
vn 0.1853 -0.3125 -0.9317
vn -0.1741 0.3257 -0.9293
vn 0.4034 0.3688 -0.8374
vn -0.5331 0.7434 0.4039
vn 0.0149 -0.9352 -0.3537
vn -0.2501 -0.5689 0.7835
vn 0.1839 0.2980 0.9367
vn -0.3922 -0.3096 0.8662
vn 0.4926 0.2764 0.8252
vn 0.3725 0.2230 -0.9008
vn 0.3680 -0.3327 0.8683
vn 0.1541 0.9239 -0.3502
vn 0.3726 -0.9085 0.1893
vn -0.1986 0.6866 0.6993
vn -0.2815 0.8759 0.3920
vn 0.2830 -0.8226 -0.4932
vn -0.3075 0.9512 0.0253
vn -0.7220 0.4583 0.5183
vn 0.1804 0.4425 -0.8784
vn 0.2294 0.9616 -0.1507
vn 0.1261 0.7599 0.6377
vn 0.3092 0.8988 0.3108
vn 0.0888 0.6986 -0.7100
vn -0.2564 -0.1989 0.9459
vn -0.0002 -0.9572 0.2895
vn -0.5677 -0.4820 -0.6673
vn -0.3777 0.6391 -0.6700
vn -0.6215 0.0718 0.7801
vn -0.2891 0.7834 0.5502
vn 0.2620 0.9389 0.2232
vn 0.2356 -0.4320 -0.8705
vn -0.9638 0.0245 -0.2655
vn 0.6006 -0.7995 0.0067
vn 0.5688 -0.1816 -0.8022
vn 0.1020 0.5021 0.8588
vn -0.2065 0.9718 -0.1136
vn -0.4564 -0.8763 -0.1545
vn 0.0480 0.1782 0.9828
vn 0.0174 -0.7322 0.6809
vn 0.2675 0.9133 0.3070
vn -0.4748 0.6841 -0.5537
vn 0.4439 0.0898 0.8916
vn 0.3536 0.9210 0.1636
vn -0.4651 0.1160 -0.8776
vn 0.1818 0.8632 0.4711
vn -0.1680 -0.8234 -0.5420
vn -0.0697 0.9625 0.2621
vn -0.5598 -0.4233 0.7123
vn -0.3393 0.9381 0.0690
vn 0.1807 -0.5506 0.8150
vn 0.4239 0.4880 -0.7630
vn -0.6793 -0.6855 0.2619
vn -0.0014 -0.8232 -0.5678
vn -0.4914 0.8708 -0.0158
vn 0.2270 -0.2894 -0.9299
vn 0.4916 -0.7713 -0.4043
vn 0.2241 -0.6938 0.6844
vn 0.2856 0.9583 -0.0010
vn 0.0862 -0.9864 -0.1402
vn -0.3528 0.1337 -0.9261
vn -0.1237 -0.7862 0.6055
vn -0.7510 -0.6151 -0.2402
vn -0.5043 0.0109 -0.8635
vn 0.7378 0.6363 -0.2253
vn 0.4602 0.3803 0.8023
vn 0.6291 -0.1999 -0.7512
vn -0.0991 -0.8221 -0.5606
vn -0.2349 0.7545 0.6128
vn 0.0464 0.8787 -0.4751
vn 0.5868 0.0270 0.8093
vn -0.4445 -0.3947 -0.8041
vn 0.4002 0.7706 0.4959
vn -0.6552 -0.7270 0.2055
vn -0.5295 0.3806 -0.7581
vn 0.1852 -0.8727 -0.4518
vn -0.0868 -0.2097 0.9739
vn 0.3006 0.9461 -0.1202
vn 0.1997 0.1413 0.9696
vn -0.2640 -0.9607 0.0857
vn 0.2704 0.9430 -0.1942
vn 0.3359 0.7504 -0.5693
vn 0.1745 0.7235 -0.6679
vn -0.6224 -0.0322 0.7820
vn 0.5272 -0.3401 0.7787
vn 0.5762 0.1306 0.8068
vn 0.0357 0.8796 0.4743
vn -0.0432 0.5896 0.8066
vn 0.1207 0.0591 -0.9909
vn 0.3917 0.2586 -0.8830
vn -0.6316 0.3063 0.7122
vn 0.2138 0.9767 -0.0197
vn -0.1967 -0.7508 -0.6305
vn -0.0106 0.8216 -0.5700
vn -0.1308 0.6336 -0.7625
vn 0.5184 -0.8540 0.0446
vn 0.0255 -0.4760 -0.8791
vn 0.5119 -0.8049 0.3001
vn 0.3148 -0.6435 -0.6977
vn -0.0494 -0.7679 0.6387
vn 0.4727 -0.3525 -0.8076
vn -0.3984 0.8742 0.2775
vn 0.2043 -0.9654 0.1623
vn 0.2804 -0.7772 -0.5633
vn 0.1561 0.9249 0.3467
vn 0.3022 0.1327 0.9440
vn -0.0173 0.3888 -0.9212
vn -0.1042 0.7086 0.6979
vn -0.7624 -0.4349 -0.4791
vn 0.2762 -0.8807 0.3848
vn 0.0457 -0.9952 0.0867
vn -0.1759 0.6928 -0.6994
vn -0.6426 -0.7505 0.1542
vn 0.3307 0.2080 0.9205
vn -0.2457 -0.9278 0.2806
vn -0.2400 -0.7128 -0.6590
vn 0.3096 0.6688 0.6759
vn 0.2748 -0.5438 -0.7930
vn -0.3089 -0.4538 -0.8358
vn -0.0214 0.5395 -0.8417
vn -0.3413 0.7858 -0.5157
vn 0.0886 -0.2350 0.9679
vn 0.4257 0.5130 -0.7454
vn -0.0497 0.8864 -0.4603
vn 0.2235 0.9012 0.3713
vn 0.3807 -0.1021 0.9191
vn -0.4358 -0.2284 0.8706
vn 0.2663 -0.4424 0.8564
vn -0.0237 -0.7595 -0.6501
vn 0.6100 0.4639 0.6424
vn 0.1839 0.2811 -0.9419
vn -0.4440 -0.7822 -0.4371
vn 0.0433 0.5903 0.8060
vn 0.2804 0.1994 -0.9389
vn 0.8592 0.1585 0.4864
vn 0.2282 0.8363 -0.4985
vn -0.7767 -0.5538 0.3001
vn -0.4019 0.6146 -0.6788
vn 0.1307 0.6207 -0.7731
vn 0.2701 -0.9628 0.0007
vn -0.4498 0.6212 0.6417
vn -0.7784 -0.2912 -0.5562
vn 0.3050 -0.7689 0.5620
vn 0.3308 -0.8638 -0.3801
vn 0.5576 -0.3401 0.7572
vn 0.1696 0.6602 0.7317
vn -0.5808 0.0055 -0.8141
vn -0.0547 -0.2455 0.9679
vn -0.2164 0.7930 0.5695
vn -0.3483 0.5473 0.7611
vn -0.0545 0.2674 -0.9620
vn -0.0585 0.6831 -0.7280
vn 0.5344 0.3538 0.7676
vn 0.2548 0.9124 -0.3202
vn 0.2673 -0.9021 -0.3387
vn 0.5240 -0.3689 -0.7677
vn 0.1536 -0.6929 0.7045
vn 0.2016 -0.2879 0.9362
vn 0.1114 0.6759 0.7285
vn -0.5461 -0.7942 -0.2663
vn -0.2185 0.9693 0.1132
vn -0.1842 -0.2124 0.9597
vn 0.2009 -0.4947 -0.8456
vn 0.3500 -0.9187 0.1830
vn 0.3500 0.9153 -0.1993
vn 0.3098 -0.3728 -0.8747
vn 0.4015 -0.2972 -0.8663
vn 0.5221 0.1490 0.8398
vn 0.2953 0.4777 -0.8274
vn -0.0379 0.9740 -0.2233
vn 0.3123 0.2676 0.9115
vn 0.3185 0.7668 0.5573
vn 0.2046 0.7688 -0.6059
vn 0.3344 0.0364 0.9417
vn 0.3673 -0.4235 0.8281
vn 0.2447 0.4885 -0.8376
vn -0.1963 -0.9565 -0.2157
vn -0.1440 -0.8799 -0.4529
vn 0.1481 -0.0732 -0.9863
vn -0.5157 -0.5000 0.6958
vn -0.6961 0.4792 0.5346
vn -0.6956 -0.7175 -0.0372
vn 0.6943 0.1709 0.6991
vn -0.8685 0.4778 0.1322
vn 0.0133 0.8500 -0.5265
vn 0.2597 -0.9641 -0.0555
vn 0.2273 -0.9221 -0.3133
vn -0.3743 0.4223 0.8256
vn -0.4881 -0.8043 0.3389
vn 0.3674 0.8811 -0.2978
vn 0.6724 0.6452 -0.3627
vn -0.1462 0.2780 -0.9494
vn 0.2825 0.9428 0.1769
vn -0.6300 -0.6682 -0.3956
vn -0.0142 0.7976 -0.6030
vn 0.4037 0.8438 0.3536
vn 0.3346 -0.2192 0.9165
vn 0.3204 0.8500 -0.4181
vn -0.1373 -0.9487 -0.2849
vn -0.5582 0.2349 -0.7958
vn 0.7439 0.1514 -0.6509
vn -0.0963 0.4056 -0.9090
vn -0.1353 -0.6495 0.7482
vn 0.1872 -0.5007 0.8451
vn -0.5384 0.1053 -0.8361
vn -0.7467 -0.5807 -0.3243
vn 0.3013 0.9533 -0.0224
vn 0.3769 -0.8905 0.2549
vn -0.4919 0.6424 -0.5877
vn -0.1398 0.9215 -0.3622
vn -0.1198 0.9875 0.1023
vn 0.2034 -0.9716 -0.1211
vn 0.1787 -0.1063 -0.9781
vn 0.2482 0.4214 -0.8722
vn 0.3061 0.7254 0.6165
vn 0.6270 0.6370 -0.4485
vn -0.0849 -0.6886 -0.7201
vn 0.3068 -0.2632 -0.9147
vn -0.0664 0.6078 0.7913
vn -0.0933 0.9273 0.3625
vn 0.3029 -0.7976 0.5216
vn 0.3775 -0.4698 0.7980
vn -0.1171 -0.3656 -0.9234
vn -0.7349 -0.5607 0.3815
vn 0.3448 0.0971 0.9336
vn -0.6231 0.0784 0.7782
vn 0.2870 -0.6872 0.6674
vn -0.0338 -0.8642 0.5020
vn -0.2154 0.7878 0.5770
vn 0.3307 -0.9401 -0.0829
vn 0.2806 0.6877 0.6696
vn 0.2477 0.7727 -0.5844
vn -0.7306 0.0164 0.6827
vn 0.5785 0.1711 -0.7975
vn 0.4647 0.0211 -0.8852
vn 0.3352 -0.0045 -0.9421
vn -0.5994 0.6363 0.4856
vn -0.3000 -0.5513 0.7785
vn 0.4436 0.8886 -0.1171
vn 0.5641 -0.0696 0.8228
vn 0.0056 -0.7937 0.6083
vn -0.0347 0.5526 -0.8327
vn -0.5033 -0.7319 -0.4593
vn -0.9217 -0.3009 -0.2448
vn -0.3242 -0.6519 0.6855
vn 0.3064 -0.5187 -0.7981
vn -0.4187 -0.2822 -0.8631
vn 0.0120 0.9489 -0.3155
vn -0.8448 0.4086 -0.3454
vn -0.6760 -0.7299 -0.1015
vn 0.7732 0.5728 0.2723
vn -0.9150 -0.1035 -0.3899
vn 0.4511 0.8585 0.2440
vn -0.6673 -0.6989 -0.2573
vn -0.7280 -0.5408 0.4214
vn -0.4300 0.3088 0.8484
vn -0.4268 0.4993 -0.7540
vn -0.4412 0.7615 -0.4748
vn 0.1331 -0.6853 -0.7160
vn 0.3402 -0.5255 0.7798
vn 0.1688 0.6000 0.7820
vn 0.2980 0.9506 -0.0872
vn 0.0919 0.1403 -0.9858
vn 0.2437 0.7098 -0.6609
vn -0.6701 0.0721 0.7388
vn 0.3176 0.8857 0.3385
vn 0.2912 -0.8819 0.3709
vn 0.3728 -0.2824 -0.8839
vn 0.5488 -0.6667 -0.5043
vn -0.1453 0.0987 0.9844
vn 0.4345 0.7595 -0.4841
vn 0.3206 -0.6253 0.7115
vn -0.4445 -0.8343 0.3262
vn 0.1601 -0.3557 0.9208
vn 0.1673 0.5506 -0.8178
vn -0.0322 -0.9720 -0.2328
vn 0.1033 0.9576 -0.2689
vn -0.4893 0.0581 -0.8702
vn -0.1457 0.7545 0.6399
vn -0.6500 -0.7317 0.2051
vn 0.0006 0.8093 -0.5874
vn -0.0280 0.4357 0.8997
vn 0.1738 -0.7575 -0.6292
vn -0.2988 0.9106 -0.2854
vn -0.1647 -0.0584 0.9846
vn 0.6341 0.7184 0.2860
vn -0.7106 0.0516 0.7017
vn 0.1095 -0.9920 0.0636
vn -0.6071 -0.0678 -0.7917
vn -0.3383 0.0109 -0.9410
vn -0.4799 -0.6453 -0.5944
vn -0.3357 0.5119 0.7907
vn -0.7534 -0.6203 -0.2184
vn -0.1870 -0.9416 0.2800
vn -0.5510 -0.4899 -0.6756
vn 0.3152 -0.2456 0.9167
vn 0.3969 -0.9038 -0.1601
vn 0.1088 0.9294 0.3528
vn 0.2218 0.1917 0.9561
vn 0.2946 0.8559 -0.4250
vn -0.7930 0.4370 0.4245
vn -0.4649 -0.8446 0.2655
vn 0.4470 0.7535 0.4821
vn -0.5898 -0.0663 0.8048
vn -0.4914 0.7052 -0.5111
vn -0.8640 -0.5027 0.0284
vn 0.1342 0.7130 -0.6882
vn 0.3523 0.8337 0.4253
vn 0.7737 0.6330 0.0262
vn -0.2482 -0.8374 0.4870
vn 0.5743 0.5033 -0.6457
vn -0.2735 -0.9523 0.1355
vn -0.2908 0.0477 0.9556
vn -0.7367 -0.5344 0.4144
vn 0.4439 0.5432 0.7126
vn -0.4144 -0.9096 0.0284
vn -0.7677 0.3792 0.5166
vn 0.6448 -0.2398 -0.7257
vn 0.1838 -0.7022 -0.6878
vn -0.1572 -0.7710 0.6171
vn 0.1689 -0.0788 0.9825
vn 0.3221 0.2729 0.9065
vn -0.9014 -0.1268 -0.4141
vn 0.1895 0.8388 0.5104
vn 0.6919 0.6191 0.3715
vn -0.0484 0.9883 -0.1445
vn -0.7640 -0.5377 -0.3566
vn 0.3553 0.1551 -0.9218
vn -0.1046 -0.2921 -0.9507
vn -0.7129 -0.5543 0.4296
vn 0.2232 0.3981 -0.8898
vn 0.1059 0.5769 0.8099
vn 0.0452 0.3024 -0.9521
vn -0.2810 0.5199 0.8067
vn -0.4574 -0.0989 0.8837
vn -0.1150 -0.9744 -0.1932
vn -0.2703 0.4534 -0.8493
vn 0.5298 0.2267 0.8173
vn 0.3799 0.9092 0.1704
vn 0.6139 0.7703 0.1726
vn -0.0167 -0.1137 -0.9934
vn -0.1281 0.8985 0.4198
vn -0.7801 -0.2902 0.5542
vn -0.7847 -0.0061 0.6199
vn -0.8247 -0.4127 0.3867
vn 0.6066 0.6771 -0.4166
vn 0.5380 0.2506 -0.8048
vn 0.3900 -0.8054 0.4463
vn 0.5089 0.6830 0.5239
vn -0.0501 -0.1549 0.9867
vn 0.5588 0.1173 -0.8209
vn 0.2059 -0.5805 -0.7878
vn -0.9560 -0.2869 -0.0618
vn -0.3479 -0.4278 -0.8342
vn -0.3675 -0.9158 -0.1619
vn 0.0335 -0.9586 0.2828
vn -0.8407 -0.4896 0.2315
vn 0.2481 0.4319 0.8671
vn 0.6227 0.6417 0.4478
vn 0.7459 0.6515 0.1385
vn -0.6755 -0.7254 0.1325
vn 0.0335 -0.2483 -0.9681
vn 0.8432 0.3210 0.4312
vn 0.2709 0.9313 -0.2437
vn -0.0409 -0.9934 -0.1068
vn 0.1230 -0.2771 0.9529
vn 0.0017 0.8816 -0.4719
vn -0.3937 -0.3036 0.8677
vn 0.4415 0.2031 -0.8739
vn 0.6954 0.7186 -0.0018
vn -0.6467 -0.7117 -0.2744
vn -0.0553 -0.9951 -0.0820
vn -0.1070 0.8283 0.5499
vn 0.2996 0.9372 -0.1786
vn -0.0653 0.6687 -0.7407
vn 0.4327 -0.1132 0.8944
vn 0.4801 -0.1461 0.8649
vn 0.6811 0.3201 0.6585
vn -0.1407 0.2326 -0.9623
vn -0.0561 -0.8400 -0.5397
vn -0.3042 0.6073 0.7339
vn 0.4093 0.9124 0.0088
vn 0.6242 0.0958 0.7754
vn 0.2541 -0.3264 0.9104
vn 0.3742 -0.9218 0.1016
vn 0.2358 0.8199 -0.5218
vn -0.0712 -0.1689 0.9831
vn 0.3047 0.8963 -0.3222
vn -0.4805 0.2603 -0.8375
vn -0.9182 0.2940 -0.2655
vn -0.6710 -0.4112 0.6170
vn -0.4340 -0.8003 -0.4137
vn 0.4402 0.7222 0.5335
vn -0.9701 -0.0771 -0.2300
vn 0.4367 0.8775 0.1981
vn -0.0470 -0.5799 0.8133
vn 0.2740 0.7040 -0.6552
vn 0.7425 0.3358 -0.5796
vn 0.0636 -0.8566 -0.5121
vn 0.2324 0.1742 -0.9569
vn -0.5886 -0.3573 0.7252
vn 0.3363 -0.0913 -0.9373
vn 0.0696 0.6964 -0.7143
vn 0.7447 0.6674 -0.0079
vn -0.4665 -0.7402 0.4843
vn 0.3437 0.3863 -0.8560
vn -0.1405 -0.9465 0.2904
vn -0.3140 -0.7040 -0.6370
vn -0.9062 -0.2175 0.3626
vn -0.7039 -0.6640 0.2521
vn -0.2256 0.7472 0.6251
vn 0.4677 0.0165 0.8837
vn -0.8820 -0.4443 -0.1572
vn 0.0490 0.6917 -0.7206
vn 0.3659 -0.3677 -0.8549
vn -0.2082 -0.9780 0.0157
vn 0.5804 0.8059 -0.1167
vn 0.2194 0.9614 -0.1658
vn 0.0037 -0.3271 -0.9450
vn 0.2804 0.8230 -0.4940
vn 0.2607 -0.5668 0.7815
vn 0.1352 -0.5407 0.8303
vn -0.0093 -0.0690 -0.9976
vn -0.9467 -0.0640 -0.3157
vn -0.1113 -0.4312 0.8954
vn -0.1934 0.7401 0.6441
vn 0.4095 0.8543 0.3201
vn 0.5808 0.8029 0.1344
vn -0.0614 -0.8520 0.5199
vn 0.2544 0.6661 0.7012
vn 0.1809 -0.6312 0.7542
vn 0.3906 -0.0835 0.9168
vn -0.0642 0.3417 -0.9376
vn 0.0849 0.3941 -0.9151
vn -0.2096 0.5425 0.8135
vn -0.6881 0.1328 0.7134
vn -0.4626 -0.2454 0.8519
vn -0.3835 -0.0917 -0.9190
vn 0.3461 -0.9002 -0.2644
vn 0.9547 0.2816 0.0960
vn 0.1497 0.9765 0.1549
vn -0.7814 -0.5859 -0.2150
vn -0.6411 -0.6402 -0.4231
vn -0.3605 -0.1857 0.9141
vn -0.2521 -0.5355 -0.8060
vn 0.1435 0.6188 0.7723
vn -0.3390 -0.4232 0.8402
vn -0.1567 0.8079 -0.5681
vn -0.4362 0.7413 0.5101
vn -0.8005 -0.2091 0.5616
vn -0.4192 -0.8492 0.3212
vn 0.3687 -0.6429 -0.6714
vn 0.8053 0.5325 -0.2607
vn 0.3685 -0.4784 0.7971
vn -0.8902 0.0128 -0.4554
vn 0.4257 -0.3881 -0.8174
vn -0.7859 0.0472 -0.6165
vn 0.0888 0.7201 -0.6881
vn 0.4158 0.8299 0.3719
vn 0.2295 0.9433 -0.2397
vn -0.0559 -0.9114 -0.4077
vn -0.0979 -0.0580 0.9935
vn -0.2999 0.3328 -0.8941
vn -0.2804 0.3375 0.8986
vn 0.2396 -0.5175 -0.8215
vn 0.3395 -0.2070 -0.9176
vn 0.1318 -0.2152 -0.9676
vn 0.6984 -0.0476 0.7141
vn 0.4830 0.6695 0.5644
vn 0.2963 -0.6255 0.7218
vn 0.3797 -0.7504 -0.5410
vn -0.2563 -0.6575 0.7086
vn 0.3765 -0.7510 0.5424
vn -0.1545 -0.6828 0.7141
vn 0.1360 0.9613 0.2397
vn 0.8816 0.4550 0.1256
vn 0.1115 0.9426 0.3148
vn 0.4880 -0.7484 0.4492
vn -0.1627 -0.3887 -0.9069
vn -0.6815 -0.7318 -0.0075
vn -0.7420 -0.4177 0.5244
vn 0.6113 0.4869 -0.6239
vn -0.9305 -0.0817 0.3570
vn 0.3757 0.6652 0.6453
vn -0.9249 -0.2615 0.2759
vn -0.6858 0.0448 0.7264
vn 0.6493 0.6887 0.3226
vn 0.3871 -0.4990 0.7753
vn 0.3534 -0.3505 0.8673
vn -0.6698 -0.0840 -0.7378
vn -0.4172 -0.5454 0.7270
vn -0.9302 -0.3621 -0.0597
vn -0.0329 -0.2508 -0.9675
vn -0.5868 0.1205 0.8007
vn -0.1248 -0.6519 0.7479
vn -0.4109 -0.8936 -0.1807
vn -0.1809 0.6337 0.7521
vn 0.0156 0.8774 0.4795
vn 0.0371 0.6509 -0.7583
vn -0.3814 0.5500 0.7430
vn -0.4028 0.3868 -0.8296
vn 0.8312 0.5554 -0.0252
vn -0.8018 -0.5025 -0.3234
vn -0.6143 0.0839 -0.7846
vn -0.4368 -0.8982 -0.0498
vn 0.6152 0.7286 -0.3011
vn 0.4102 0.3597 0.8381
vn 0.1256 -0.1706 -0.9773
vn -0.1821 -0.1008 0.9781
vn 0.6887 -0.1622 -0.7067
vn 0.1236 0.1447 0.9817
vn 0.8358 0.3100 -0.4531
vn -0.5344 -0.4332 -0.7258
vn -0.9689 -0.1366 -0.2064
vn 0.7969 -0.3177 -0.5139
vn -0.8348 -0.3286 0.4418
vn 0.3277 0.6216 0.7115
vn 0.2324 -0.7310 -0.6416
vn -0.3189 -0.7783 -0.5409
vn 0.3035 0.8995 -0.3144
vn 0.6596 0.1662 0.7330
vn -0.3266 -0.9261 -0.1887
vn -0.2628 -0.9328 -0.2466
vn -0.8974 -0.4344 -0.0768
vn -0.0903 0.4163 -0.9047
vn -0.8370 -0.4183 0.3529
vn -0.1080 0.4227 -0.8998
vn -0.8272 -0.5614 -0.0224
vn 0.4085 -0.5014 -0.7627
vn 0.6442 0.5983 0.4765
vn 0.2536 0.7902 -0.5579
vn 0.4249 0.2777 0.8616
vn 0.4577 0.2651 -0.8486
vn -0.5473 -0.1949 0.8139
vn 0.1988 0.9081 0.3686
vn -0.6817 -0.6260 -0.3787
vn 0.4563 0.1181 0.8820
vn -0.9040 -0.4237 0.0570
vn -0.3596 -0.1516 0.9207
vn -0.2062 -0.1989 -0.9581
vn -0.5072 0.2642 0.8203
vn 0.3949 0.8898 0.2287
vn 0.2590 -0.0593 0.9641
vn 0.9087 0.4139 -0.0543
vn 0.0660 -0.2599 0.9634
vn -0.9236 0.0395 -0.3814
vn -0.9522 0.1144 -0.2831
vn -0.2994 -0.9540 0.0166
vn -0.6100 -0.2630 -0.7475
vn 0.2742 0.2949 -0.9153
vn 0.9686 0.2439 -0.0476
vn 0.4785 0.7805 -0.4024
vn 0.0539 0.7782 0.6257
vn -0.6779 -0.5948 0.4320
vn -0.3559 0.3228 -0.8770
vn -0.5049 -0.7641 0.4015
vn -0.3240 0.1067 0.9400
vn -0.9674 -0.2078 -0.1444
vn 0.2503 -0.1678 -0.9535
vn 0.4692 0.5006 -0.7275
vn 0.4888 0.8567 -0.1650
vn -0.1109 -0.0827 -0.9904
vn -0.0669 -0.6723 -0.7372
vn -0.6403 -0.5440 0.5423
vn -0.5531 0.6021 0.5758
vn 0.2609 0.9601 0.1009
vn -0.7224 -0.1226 -0.6805
vn 0.7273 0.2450 -0.6411
vn 0.4860 -0.7950 0.3630
vn -0.7394 -0.6275 0.2440
vn 0.4486 -0.8361 -0.3158
vn 0.5113 0.7497 -0.4202
vn 0.6330 0.4754 0.6110
vn 0.7453 -0.4146 -0.5221
vn 0.7666 0.6367 0.0835
vn -0.5714 -0.4671 0.6748
vn 0.0509 0.8600 0.5077
vn 0.8289 0.3592 0.4289
vn -0.5992 -0.7458 0.2912
vn -0.3170 0.2377 -0.9181
vn -0.1960 -0.3678 0.9090
vn 0.4612 0.1223 -0.8788
vn -0.5876 -0.5004 -0.6359
vn 0.0612 0.7794 -0.6235
vn 0.9192 0.3722 0.1288
vn 0.6907 -0.0578 0.7208
vn 0.4852 0.7537 0.4432
vn 0.3440 -0.3761 0.8603
vn -0.2813 -0.6809 -0.6762
vn -0.3045 0.1776 -0.9358
vn 0.1958 0.8919 -0.4078
vn 0.3297 0.5003 -0.8006
vn -0.8414 0.2281 -0.4899
vn -0.0006 0.5574 0.8303
vn -0.5710 0.1222 0.8118
vn 0.7498 0.3596 0.5554
vn -0.7364 -0.4132 -0.5358
vn -0.8023 -0.5967 0.0160
vn -0.6747 -0.6799 0.2872
vn 0.1783 0.6638 0.7263
vn 0.9315 0.2335 0.2789
vn 0.8515 -0.0554 -0.5214
vn 0.2151 -0.0172 0.9764
vn 0.1599 0.6894 -0.7065
vn -0.3122 -0.9023 -0.2973
vn 0.0416 0.7543 0.6552
vn 0.4617 0.1080 0.8804
vn -0.6930 0.0763 -0.7169
vn -0.8048 0.2214 -0.5507
vn 0.7122 0.5701 -0.4095
vn 0.5753 -0.1963 -0.7940
vn 0.3808 0.8065 0.4522
vn -0.1338 -0.0100 0.9910
vn 0.2902 -0.7224 0.6276
vn 0.1806 -0.7979 0.5751
vn -0.1256 0.6491 -0.7503
vn 0.4848 0.8644 0.1335
vn 0.4062 0.0176 0.9136
vn -0.1327 -0.3535 0.9260
vn 0.4752 -0.1190 0.8718
vn -0.3777 -0.9035 0.2027
vn -0.9151 0.0733 -0.3965
vn 0.4470 0.4157 0.7921
vn 0.5096 0.8263 -0.2398
vn -0.4925 -0.7836 0.3786
vn 0.2460 0.0368 -0.9686
vn 0.8601 0.3698 0.3514
vn 0.1527 0.8558 0.4942
vn 0.0581 0.1435 -0.9879
vn 0.0023 0.4621 0.8868
vn 0.3406 -0.4920 -0.8012
vn -0.1150 0.4943 0.8616
vn -0.5347 -0.4988 0.6821
vn -0.6129 -0.7422 0.2711
vn 0.7488 0.6402 -0.1716
vn -0.8201 -0.4806 -0.3104
vn -0.8646 -0.4972 0.0726
vn 0.4421 -0.0222 -0.8967
vn 0.4992 0.7001 -0.5106
vn -0.2344 -0.3034 0.9236
vn -0.0110 0.5909 -0.8067
vn -0.5168 -0.2135 -0.8291
vn -0.6362 -0.7713 -0.0192
vn -0.2263 -0.1479 -0.9628
vn 0.5318 0.0197 -0.8466
vn -0.3269 0.0152 -0.9449
vn 0.0076 0.5527 0.8333
vn -0.8544 0.0112 -0.5194
vn -0.5649 0.2194 0.7955
vn -0.2188 -0.7693 -0.6003
vn -0.3859 -0.2283 -0.8938
vn 0.4070 -0.6292 0.6621
vn 0.4669 -0.4075 0.7848
vn -0.7739 -0.0995 0.6255
vn 0.4805 0.8007 0.3577
vn 0.4382 0.5911 -0.6772
vn 0.5079 -0.2544 0.8230
vn 0.9136 0.3067 0.2668
vn 0.3658 0.8560 0.3654
vn -0.3326 0.4814 0.8110
vn -0.7934 -0.5688 -0.2167
vn -0.8892 -0.2860 0.3572
vn -0.9631 -0.0661 0.2610
vn -0.4129 0.2330 -0.8805
vn -0.7376 0.0093 0.6751
vn -0.9656 -0.1728 0.1944
vn -0.9943 0.1015 0.0339
vn -0.8918 -0.4401 -0.1051
vn 0.4872 -0.8733 0.0008
vn -0.9099 -0.0877 0.4055
vn 0.5082 0.7910 -0.3406
vn -0.8160 -0.4143 0.4031
vn -0.2172 0.0521 -0.9747
vn -0.7532 -0.5045 0.4222
vn -0.2635 -0.3009 -0.9166
vn -0.6749 -0.0868 -0.7328
vn -0.9356 -0.3530 0.0025
vn -0.4259 -0.7497 -0.5065
vn -0.6221 0.3029 0.7219
vn -0.8183 -0.3951 0.4175
vn -0.2823 0.6706 0.6860
vn 0.4801 -0.7523 -0.4511
vn -0.8082 0.0432 -0.5873
vn -0.7788 -0.0343 0.6264
vn -0.2540 -0.7998 -0.5439
vn 0.8244 0.1280 -0.5514
vn -0.4853 0.4522 0.7483
vn 0.3385 0.5617 -0.7549
vn 0.4279 0.7086 0.5610
vn 0.6432 0.6500 -0.4048
vn -0.6775 -0.6543 -0.3361
vn 0.5334 0.8069 -0.2537
vn 0.7776 0.1278 -0.6156
vn 0.3120 0.3826 0.8696
vn -0.9283 0.0923 -0.3602
vn 0.8212 0.5694 0.0361
vn -0.0131 0.7771 0.6293
vn 0.8302 0.4380 -0.3448
vn -0.5236 -0.7833 0.3350
vn -0.5936 -0.3000 0.7467
vn 0.6212 0.1777 0.7633
vn 0.3964 -0.2446 -0.8849
vn -0.4520 0.0229 -0.8917
vn -0.6833 -0.7067 -0.1836
vn -0.3561 0.0047 0.9344
vn -0.8055 0.0184 -0.5924
vn 0.5061 -0.6621 -0.5527
vn -0.0858 0.1872 0.9786
vn -0.5402 -0.6259 0.5625
vn -0.1271 -0.3088 0.9426
vn -0.8160 -0.4662 -0.3419
vn 0.1025 0.9946 -0.0159
vn 0.0697 -0.5924 -0.8026
vn 0.9094 -0.0429 0.4136
vn 0.5263 -0.6546 0.5427
vn 0.5206 0.4747 0.7097
vn -0.8834 -0.4338 -0.1773
vn -0.0626 -0.4459 0.8929
vn 0.3476 0.4267 0.8349
vn -0.6079 -0.4540 -0.6514
vn -0.4272 -0.6430 -0.6356
vn 0.9157 0.3050 -0.2615
vn 0.4732 0.3082 -0.8253
vn 0.2778 0.1605 -0.9471
vn 0.1942 0.4354 -0.8790
vn -0.5880 -0.7817 0.2076
vn -0.0122 -0.0197 0.9997
vn 0.0308 0.3411 -0.9395
vn -0.5608 -0.2298 -0.7954
vn 0.6073 0.6035 -0.5167
vn -0.4211 -0.2325 -0.8767
vn -0.5762 0.2194 -0.7873
vn -0.2161 -0.5569 -0.8020
vn 0.3482 -0.6752 0.6503
vn -0.4381 -0.4103 0.7998
vn 0.2462 0.8000 -0.5472
vn 0.2942 -0.1660 0.9412
vn 0.0711 0.7729 -0.6306
vn 0.9180 0.3961 -0.0188
vn -0.2516 -0.4012 -0.8808
vn 0.6471 0.6356 0.4210
vn -0.0640 0.1050 -0.9924
vn 0.4751 0.8322 0.2859
vn 0.4804 0.8755 -0.0515
vn 0.0235 -0.5420 -0.8400
vn 0.4623 -0.3561 0.8121
vn 0.3940 0.1417 0.9081
vn -0.0656 0.7299 0.6804
vn 0.4986 0.3049 0.8114
vn -0.0499 -0.4933 0.8684
vn 0.5849 0.7774 -0.2315
vn -0.1841 -0.3565 -0.9160
vn -0.5213 -0.0908 -0.8485
vn -0.3478 0.5284 -0.7745
vn 0.8330 0.4837 -0.2687
vn -0.6736 -0.7275 0.1302
vn 0.0620 0.4356 -0.8980
vn 0.4917 0.1795 0.8520
vn 0.4540 0.5921 0.6658
vn 0.5935 -0.1602 0.7888
vn -0.9508 0.1761 -0.2548
vn 0.1623 0.9781 0.1299
vn -0.4998 -0.7754 0.3859
vn 0.9175 0.0855 -0.3884
vn -0.5657 -0.5255 -0.6355
vn 0.4715 0.6538 0.5918
vn 0.9585 0.0291 0.2837
vn -0.3239 0.2001 -0.9247
vn 0.3091 -0.1927 -0.9313
vn 0.0106 0.6592 0.7519
vn -0.9198 -0.3914 0.0292
vn 0.6552 -0.0034 0.7554
vn -0.3808 0.5089 -0.7720
vn 0.7231 0.3965 0.5656
vn -0.1377 -0.0728 -0.9878
vn 0.6763 0.6717 -0.3024
vn 0.5227 -0.5313 0.6667
vn -0.1358 -0.9025 0.4086
vn -0.2862 0.5437 -0.7889
vn 0.0382 0.6200 0.7837
vn 0.6029 0.4997 -0.6219
vn 0.5078 0.0137 -0.8613
vn -0.5818 -0.1526 0.7989
vn 0.4564 0.3647 0.8116
vn 0.5414 0.7243 -0.4269
vn 0.4593 0.8878 0.0281
vn 0.9582 0.2322 0.1673
vn 0.3468 0.7729 -0.5314
vn -0.5581 0.1959 -0.8063
vn 0.0263 -0.6787 0.7339
vn 0.1319 0.7272 0.6737
vn 0.6979 0.6993 -0.1546
vn 0.9693 -0.0164 -0.2454
vn -0.3699 -0.8807 0.2959
vn 0.9555 0.0742 0.2856
vn -0.7669 0.3230 -0.5546
vn -0.7892 -0.6109 -0.0630
vn -0.5300 -0.8195 0.2180
vn -0.4268 -0.8900 0.1602
vn 0.7420 0.3339 -0.5814
vn 0.6164 -0.7801 0.1075
vn 0.8991 0.2465 0.3618
vn -0.3554 0.2153 0.9096
vn -0.4870 0.4642 0.7398
vn 0.6306 0.7561 0.1752
vn 0.1479 0.0686 -0.9866
vn 0.5122 -0.5401 -0.6678
vn -0.1271 -0.1498 -0.9805
vn -0.9564 -0.2543 -0.1434
vn -0.9744 -0.2064 0.0893
vn -0.8868 -0.2246 0.4040
vn -0.9741 0.1688 -0.1506
vn -0.5613 -0.7206 0.4070
vn -0.1373 0.6854 -0.7151
vn -0.9485 -0.1404 0.2839
vn -0.9834 0.0368 0.1777
vn -0.4280 -0.1216 -0.8956
vn -0.4443 -0.4707 -0.7623
vn 0.8952 0.0400 0.4438
vn -0.8549 -0.3268 -0.4029
vn -0.9015 0.4266 0.0734
vn -0.7769 -0.6278 0.0477
vn -0.9249 0.0388 0.3782
vn -0.1263 0.7334 0.6680
vn -0.2066 -0.6745 0.7088
vn -0.3829 -0.0058 0.9238
vn -0.9420 -0.3327 -0.0447
vn 0.4209 -0.2342 0.8764
vn -0.9405 -0.0451 0.3367
vn 0.0381 0.4363 -0.8990
vn -0.9218 0.2770 0.2711
vn -0.8045 -0.4173 -0.4226
vn -0.0637 0.2909 0.9546
vn -0.7448 -0.5200 0.4181
vn -0.8598 -0.4296 -0.2760
vn 0.8981 -0.0958 -0.4291
vn 0.0576 0.7909 0.6092
vn -0.7509 -0.6468 0.1335
vn 0.3194 0.3616 -0.8759
vn -0.2311 -0.4381 0.8687
vn -0.9221 -0.3035 0.2401
vn -0.7501 0.4100 -0.5189
vn -0.7379 -0.4982 0.4553
vn -0.5651 0.3735 0.7356
vn -0.9603 -0.1531 -0.2332
vn -0.3820 -0.2533 -0.8888
vn 0.5859 0.4166 -0.6951
vn -0.8498 -0.3968 0.3470
vn -0.8572 0.0749 0.5095
vn -0.6289 0.1818 0.7559
vn -0.9918 -0.0867 0.0940
vn -0.3046 -0.3362 -0.8912
vn -0.5733 -0.7959 -0.1944
vn 0.7289 0.0433 -0.6833
vn 0.4214 0.6768 -0.6036
vn 0.5258 0.8208 0.2233
vn -0.4161 -0.6290 -0.6567
vn -0.9192 0.1430 -0.3670
vn -0.0827 -0.2476 -0.9653
vn -0.7331 0.1380 0.6660
vn -0.7724 -0.1210 0.6235
vn -0.8788 0.4692 -0.0876
vn -0.8270 -0.5598 -0.0517
vn -0.7744 -0.6149 -0.1492
vn 0.1434 0.8761 -0.4603
vn -0.4160 -0.5487 -0.7251
vn -0.6810 0.4929 0.5415
vn 0.5797 0.3012 -0.7571
vn -0.1681 0.4847 -0.8584
vn 0.4556 -0.1463 -0.8781
vn 0.5964 -0.7346 -0.3234
vn 0.3207 0.9467 -0.0309
vn -0.8474 -0.2125 -0.4866
vn 0.1655 0.6204 0.7666
vn 0.7998 0.5465 -0.2483
vn 0.0487 -0.4872 0.8719
vn -0.4596 -0.8850 -0.0748
vn 0.5796 -0.1603 0.7990
vn -0.4905 0.6197 0.6127
vn 0.8563 0.4764 -0.1995
vn 0.6841 0.7022 0.1972
vn 0.0837 0.5346 -0.8409
vn 0.6163 -0.7844 -0.0701
vn -0.6133 -0.7518 0.2422
vn -0.1808 -0.3377 0.9237
vn 0.0008 -0.3088 0.9511
vn 0.5544 0.1192 -0.8236
vn -0.5329 0.5290 -0.6604
vn 0.3412 0.9341 0.1052
vn 0.1716 0.4800 -0.8603
vn -0.9546 -0.2543 -0.1549
vn -0.2838 -0.3395 -0.8968
vn -0.6538 -0.7564 -0.0205
vn -0.4546 -0.5152 0.7265
vn -0.2480 -0.6906 -0.6794
vn -0.6222 -0.6804 -0.3871
vn 0.4553 -0.2056 -0.8663
vn 0.1106 -0.1364 0.9845
vn -0.0091 0.0818 -0.9966
vn 0.5451 0.7298 0.4127
vn 0.3061 0.8435 0.4415
vn -0.0503 0.1828 -0.9819
vn 0.8723 -0.0972 -0.4792
vn 0.4821 0.8145 0.3228
vn -0.1047 -0.0674 -0.9922
vn 0.8748 0.3115 -0.3710
vn 0.1807 0.5524 -0.8138
vn -0.1111 0.7309 0.6734
vn -0.0799 0.6796 0.7292
vn -0.0367 0.1888 0.9813
vn 0.9613 0.0435 0.2720
vn -0.7642 -0.6242 -0.1625
vn 0.8487 0.5288 -0.0005
vn -0.6339 -0.0404 -0.7723
vn 0.1708 -0.6264 0.7606
vn -0.5619 -0.0705 -0.8242
vn 0.8113 0.4973 -0.3073
vn 0.9171 0.3627 0.1652
vn 0.1970 0.7259 0.6590
vn -0.0931 -0.7773 -0.6222
vn -0.2095 -0.5346 0.8187
vn -0.5087 -0.0531 -0.8593
vn 0.6368 0.6264 -0.4496
vn 0.5749 -0.3511 0.7391
vn 0.5813 0.0305 0.8131
vn 0.1809 0.0280 0.9831
vn 0.5021 -0.4335 0.7483
vn 0.7320 0.6780 0.0664
vn -0.2288 -0.6289 -0.7431
vn -0.3250 -0.6666 0.6708
vn 0.4993 -0.8097 0.3084
vn -0.6525 -0.6868 0.3203
vn 0.6476 -0.2697 0.7126
vn 0.1305 0.4588 -0.8789
vn 0.9226 0.0171 0.3854
vn -0.1160 -0.1888 -0.9751
vn 0.5216 0.7624 0.3831
vn 0.7236 -0.0991 0.6831
vn 0.3739 0.6099 0.6987
vn 0.9274 -0.0125 -0.3738
vn -0.0764 -0.9297 0.3604
vn 0.1673 0.3312 -0.9286
vn 0.5116 0.1495 0.8461
vn 0.5720 -0.3536 -0.7401
vn 0.8918 0.4181 0.1727
vn -0.4861 0.3453 -0.8028
vn 0.5293 0.5440 0.6510
vn -0.1556 -0.4864 0.8598
vn 0.6791 0.7155 -0.1638
vn -0.3044 -0.0436 -0.9515
vn -0.0997 0.1319 -0.9862
vn 0.0148 0.5800 -0.8145
vn -0.1839 -0.9259 0.3300
vn 0.5694 0.7647 -0.3016
vn -0.7372 0.2119 -0.6416
vn 0.1133 -0.2467 -0.9624
vn 0.4666 0.5214 0.7144
vn -0.5480 -0.7614 0.3464
vn 0.9312 0.1176 -0.3449
vn -0.8046 0.0323 0.5930
vn 0.3339 -0.7322 0.5936
vn 0.5164 0.4861 0.7050
vn 0.5730 0.6537 -0.4943
vn 0.3464 0.9313 -0.1130
vn 0.7351 0.3874 -0.5564
vn -0.9970 0.0136 0.0766
vn -0.9843 0.1759 -0.0111
vn -0.8965 -0.1893 0.4006
vn -0.8113 -0.1665 -0.5605
vn -0.6906 -0.6737 -0.2629
vn 0.5245 0.5919 0.6120
vn -0.9310 -0.3177 0.1795
vn 0.5830 -0.7470 0.3195
vn -0.5016 -0.8127 0.2967
vn -0.7393 -0.3165 -0.5944
vn 0.7577 0.1326 0.6389
vn -0.4944 -0.4292 -0.7559
vn -0.3954 0.0609 0.9165
vn -0.7681 -0.3479 0.5375
vn -0.9630 -0.1480 0.2253
vn -0.9267 0.2226 -0.3026
vn -0.8512 0.2657 0.4527
vn -0.6498 -0.5890 0.4805
vn 0.5312 0.3998 0.7470
vn -0.9522 0.1068 0.2863
vn -0.7478 0.4240 0.5110
vn 0.7056 -0.2093 0.6770
vn 0.6254 0.7478 0.2227
vn 0.8721 -0.4174 -0.2555
vn -0.6041 -0.3649 0.7084
vn 0.9356 0.0616 -0.3475
vn -0.6637 -0.1846 0.7248
vn -0.0211 -0.3836 -0.9233
vn -0.9345 0.3560 0.0006
vn -0.9038 -0.4254 -0.0467
vn 0.9224 0.2860 0.2594
vn 0.5881 -0.1441 -0.7959
vn -0.3438 -0.0788 0.9357
vn -0.5184 -0.0895 -0.8505
vn 0.7874 0.0195 0.6161
vn -0.9805 0.0914 -0.1740
vn 0.9041 0.3815 -0.1926
vn 0.6613 0.1136 0.7414
vn -0.7017 -0.6370 0.3191
vn 0.9850 0.1184 -0.1253
vn 0.1650 0.7368 0.6556
vn -0.4028 -0.7139 0.5728
vn -0.8550 -0.4375 -0.2785
vn -0.2182 0.2514 -0.9430
vn -0.8398 0.3710 -0.3963
vn -0.3628 0.4838 -0.7964
vn -0.2977 -0.2991 0.9066
vn 0.9123 0.2077 0.3531
vn -0.7321 -0.1607 0.6620
vn 0.7474 0.0676 0.6609
vn 0.6884 -0.3308 0.6455
vn 0.4247 0.9052 -0.0144
vn -0.8726 -0.1315 0.4704
vn -0.3691 0.3470 0.8622
vn -0.2210 0.0944 0.9707
vn -0.4536 -0.2148 0.8650
vn -0.6611 0.2368 -0.7119
vn -0.5847 -0.6938 -0.4205
vn 0.4313 0.6763 -0.5972
vn -0.2485 0.4790 -0.8419
vn 0.2635 0.7808 0.5665
vn 0.0813 0.3465 -0.9345
vn 0.4162 0.5104 0.7526
vn -0.5491 0.4232 0.7207
vn -0.6137 -0.4704 -0.6342
vn -0.3570 -0.6350 0.6851
vn -0.6007 -0.7848 -0.1522
vn -0.3919 -0.4913 -0.7778
vn -0.1524 -0.1461 -0.9775
vn -0.3538 -0.7558 -0.5510
vn -0.0899 -0.4386 0.8942
vn 0.3400 -0.3878 0.8568
vn 0.5980 0.5855 -0.5473
vn -0.3071 -0.5550 0.7731
vn 0.8105 0.0472 0.5838
vn 0.3187 0.1406 0.9374
vn -0.1694 0.6783 0.7150
vn 0.9974 0.0116 -0.0709
vn -0.7386 0.1455 0.6582
vn 0.5813 -0.7813 0.2272
vn 0.6604 0.6807 -0.3171
vn -0.6504 0.3607 0.6684
vn 0.2520 -0.5481 0.7975
vn 0.8029 0.5130 -0.3037
vn -0.8509 -0.1670 -0.4980
vn 0.2956 -0.1502 -0.9434
vn 0.9266 0.2693 0.2625
vn -0.6420 -0.7595 0.1049
vn 0.6615 0.7433 -0.0992
vn -0.2968 0.5033 0.8116
vn -0.3600 -0.6103 0.7056
vn 0.5821 0.5825 -0.5673
vn 0.3591 0.8082 0.4667
vn 0.5352 0.7778 0.3295
vn 0.1797 0.7062 0.6848
vn -0.9599 -0.0530 0.2755
vn -0.0454 0.8738 -0.4842
vn -0.5381 0.5339 0.6522
vn 0.8188 0.0517 -0.5718
vn 0.8564 -0.2125 -0.4706
vn 0.9600 0.2178 0.1760
vn -0.5345 0.3207 0.7820
vn -0.3819 0.5687 0.7285
vn -0.2350 -0.0346 -0.9714
vn 0.2739 0.6543 -0.7049
vn 0.2322 -0.3281 0.9157
vn 0.1443 -0.1478 -0.9784
vn 0.2465 -0.6667 -0.7034
vn 0.1624 0.0408 -0.9859
vn -0.0375 0.5686 -0.8218
vn -0.9193 -0.3453 -0.1887
vn -0.5057 0.2457 -0.8270
vn 0.1686 -0.2284 -0.9588
vn 0.5325 0.8434 0.0720
vn 0.2947 0.2333 -0.9267
vn 0.8110 0.5835 -0.0421
vn 0.3432 -0.2585 -0.9030
vn -0.4376 0.8598 -0.2631
vn 0.0033 -0.0314 0.9995
vn 0.5647 0.6759 0.4736
vn 0.0061 0.2207 0.9753
vn 0.9216 0.3137 -0.2285
vn 0.8561 0.3051 0.4171
vn 0.5669 0.1559 0.8089
vn -0.7468 -0.0218 -0.6647
vn 0.7343 0.2142 -0.6442
vn 0.3871 0.9111 -0.1414
vn 0.5750 -0.2351 0.7836
vn -0.1410 -0.4077 -0.9022
vn -0.3976 -0.7173 0.5722
vn 0.0482 -0.6209 0.7824
vn 0.9838 0.1400 -0.1122
vn 0.6457 -0.7317 -0.2182
vn 0.3316 -0.5916 -0.7348
vn -0.0626 0.6709 0.7389
vn 0.7049 0.5855 -0.4004
vn -0.5751 -0.7574 0.3092
vn 0.7123 0.5613 -0.4214
vn 0.7474 0.1346 0.6506
vn 0.5939 -0.1956 -0.7804
vn 0.3189 0.2040 -0.9256
vn -0.6399 -0.5307 0.5558
vn 0.2774 0.6770 0.6817
vn 0.5789 -0.4759 0.6621
vn 0.2740 0.5975 -0.7536
vn 0.2392 0.2633 0.9346
vn -0.4428 -0.3735 -0.8151
vn 0.5636 0.8028 0.1944
vn 0.5905 0.0112 -0.8070
vn 0.4603 0.0086 0.8877
vn -0.4556 0.4331 -0.7777
vn 0.6669 -0.1443 0.7310
vn 0.9020 0.3825 -0.2000
vn 0.9999 0.0167 -0.0034
vn -0.6650 -0.5206 -0.5355
vn -0.0638 -0.8854 0.4604
vn 0.0543 -0.8877 0.4571
vn 0.0922 0.4804 -0.8722
vn -0.3674 -0.5062 0.7802
vn -0.8929 -0.3054 -0.3310
vn 0.0070 0.1540 -0.9880
vn 0.5935 0.8037 0.0435
vn -0.2441 -0.9188 -0.3102
vn 0.3732 0.5994 -0.7081
vn -0.0257 -0.6135 0.7893
vn 0.6249 0.2495 0.7398
vn 0.9607 0.0247 0.2765
vn 0.9025 0.4189 0.0996
vn -0.3855 0.1789 -0.9052
vn 0.7216 -0.0074 0.6922
vn -0.9040 -0.4009 -0.1484
vn 0.8072 -0.1975 -0.5563
vn 0.6030 0.2608 0.7539
vn 0.5502 -0.1947 0.8120
vn 0.6511 -0.3550 0.6709
vn -0.9975 0.0589 -0.0397
vn -0.9927 -0.1210 -0.0013
vn -0.8922 -0.1849 0.4120
vn -0.8788 -0.3180 0.3558
vn -0.9837 0.1338 -0.1204
vn -0.9704 -0.2152 0.1093
vn 0.3223 -0.3550 -0.8775
vn 0.1995 0.7404 0.6418
vn -0.9311 0.0705 0.3579
vn -0.6145 -0.1336 -0.7776
vn 0.3260 -0.2842 -0.9017
vn 0.6931 0.2121 -0.6889
vn 0.9499 0.1824 -0.2540
vn -0.5675 0.3468 0.7468
vn -0.6631 -0.0075 0.7485
vn 0.7617 0.5887 0.2706
vn 0.6649 -0.6190 0.4181
vn -0.8867 -0.3767 0.2680
vn -0.7997 -0.5397 -0.2631
vn -0.7439 0.1235 0.6567
vn 0.5947 0.3708 0.7133
vn -0.9454 -0.2908 -0.1472
vn -0.3715 -0.9247 0.0833
vn 0.1076 0.4959 -0.8617
vn 0.6180 0.4071 -0.6726
vn -0.8615 0.2089 0.4629
vn 0.6414 0.6433 0.4182
vn 0.0927 0.5645 0.8202
vn -0.7662 -0.1326 -0.6287
vn 0.6054 0.5234 0.5996
vn 0.5203 0.8480 0.1007
vn -0.7081 -0.4081 0.5762
vn -0.6323 -0.2489 0.7337
vn 0.8023 -0.0305 0.5961
vn 0.1024 0.7440 -0.6603
vn -0.7472 0.0084 0.6645
vn -0.8033 -0.0555 0.5929
vn -0.9046 0.1821 -0.3854
vn 0.2309 0.1911 0.9540
vn 0.7829 0.0269 0.6216
vn 0.6256 -0.0820 -0.7758
vn -0.6446 -0.6674 -0.3728
vn -0.4001 -0.8849 -0.2383
vn 0.6698 -0.1656 -0.7238
vn -0.5263 0.3038 -0.7942
vn -0.4768 -0.8589 0.1870
vn -0.7080 -0.6268 0.3254
vn 0.6616 -0.1501 -0.7347
vn 0.4835 0.8753 0.0098
vn 0.6024 -0.5263 0.6001
vn -0.1781 0.8313 0.5265
vn -0.0257 -0.1935 -0.9808
vn -0.6112 -0.3728 0.6982
vn 0.7572 0.5454 0.3594
vn -0.0815 0.7079 -0.7016
vn 0.0258 -0.1254 -0.9918
vn -0.9077 0.0618 -0.4151
vn -0.7256 0.3053 0.6167
vn 0.2721 0.2394 0.9320
vn 0.6074 0.6161 -0.5015
vn -0.2668 0.7864 0.5572
vn -0.8338 -0.5513 -0.0294
vn -0.7091 0.1695 0.6844
vn -0.3001 -0.8600 0.4127
vn -0.6817 0.1528 0.7155
vn -0.4667 0.5150 -0.7190
vn 0.9230 0.3087 0.2297
vn -0.3917 -0.2906 0.8730
vn -0.3284 0.1418 0.9338
vn -0.5014 -0.2332 -0.8332
vn 0.7562 0.2071 -0.6207
vn -0.1544 -0.0264 0.9877
vn 0.9061 0.4201 0.0494
vn -0.4841 0.5199 0.7038
vn 0.9946 -0.1031 -0.0074
vn 0.1107 -0.0586 0.9921
vn -0.1824 -0.9804 0.0740
vn 0.3149 0.4456 -0.8380
vn 0.9908 0.0837 -0.1059
vn 0.5994 -0.5364 -0.5941
vn -0.8692 -0.3678 -0.3305
vn -0.4665 -0.0803 -0.8809
vn 0.0042 -0.2310 0.9729
vn -0.5947 0.6720 -0.4412
vn 0.6465 0.1443 0.7492
vn 0.7616 0.0407 -0.6467
vn 0.9324 0.3184 0.1709
vn -0.0168 0.2204 -0.9753
vn 0.1841 -0.3518 -0.9178
vn -0.9563 -0.0665 -0.2847
vn 0.7638 0.6326 -0.1282
vn -0.2089 0.4496 0.8684
vn -0.3034 -0.6200 -0.7236
vn 0.1419 0.0122 0.9898
vn 0.2816 -0.3719 0.8845
vn 0.3289 -0.5192 -0.7889
vn 0.7016 0.7078 -0.0819
vn 0.6321 -0.6150 -0.4714
vn 0.1310 0.9188 -0.3725
vn -0.7636 -0.6062 -0.2222
vn 0.1945 -0.4988 0.8446
vn 0.6385 0.4039 0.6551
vn -0.6440 -0.7549 0.1240
vn 0.9834 -0.0693 -0.1676
vn 0.6372 0.4452 -0.6291
vn -0.7961 -0.4789 -0.3699
vn -0.4081 -0.9129 -0.0093
vn -0.3776 0.4683 0.7988
vn 0.6145 0.3201 0.7210
vn 0.7258 0.0098 -0.6879
vn -0.2191 0.1857 -0.9579
vn -0.4155 0.3676 -0.8320
vn 0.4142 0.7304 -0.5431
vn 0.8360 0.3753 -0.4003
vn 0.5138 -0.1766 0.8396
vn 0.2475 0.9092 0.3349
vn 0.1451 0.4748 -0.8680
vn 0.6634 -0.5864 0.4647
vn -0.5872 -0.6250 0.5144
vn -0.3896 -0.5411 0.7453
vn -0.4535 0.6828 -0.5728
vn 0.6400 -0.0750 0.7647
vn 0.5799 0.6271 0.5201
vn 0.5791 0.0759 -0.8117
vn 0.4837 0.6929 -0.5347
vn 0.8750 0.0928 -0.4752
vn 0.2287 0.1979 0.9532
vn 0.8902 0.2726 0.3650
vn 0.1187 0.7621 -0.6365
vn 0.4749 -0.0897 0.8755
vn -0.6813 -0.1603 -0.7143
vn 0.9013 0.4080 -0.1453
vn 0.1947 -0.5632 -0.8031
vn 0.6520 -0.1904 0.7339
vn -0.0871 0.7178 -0.6908
vn -0.0757 -0.8185 -0.5695
vn -0.0501 0.2294 0.9720
vn -0.4328 -0.6961 -0.5728
vn -0.2374 -0.9298 -0.2813
vn -0.4115 -0.7640 -0.4969
vn 0.1842 -0.3914 0.9016
vn 0.4864 0.7364 0.4702
vn 0.7927 0.5859 0.1683
vn -0.7653 -0.6411 0.0579
vn -0.8274 -0.4302 -0.3610
vn -0.7293 -0.6818 -0.0571
vn 0.9208 0.3649 -0.1380
vn 0.4303 0.8011 0.4161
vn 0.6790 0.1906 0.7090
vn -0.2693 -0.8410 -0.4692
vn 0.3836 0.8499 -0.3614
vn 0.2317 -0.5490 0.8031
vn 0.7873 -0.1995 -0.5834
vn 0.9133 -0.0179 0.4069
vn 0.6839 0.6223 0.3808
vn 0.6822 0.2469 0.6883
vn 0.5380 0.8053 0.2491
vn -0.4235 -0.5443 0.7241
vn 0.6403 0.5870 -0.4954
vn -0.3464 -0.4776 -0.8074
vn -0.2443 -0.5214 0.8176
vn 0.7370 -0.6706 0.0842
vn 0.8375 0.4991 0.2226
vn 0.5914 0.8064 -0.0100
vn -0.7631 -0.3792 -0.5234
vn 0.4118 0.5229 -0.7463
vn -0.6209 -0.7760 0.1110
vn 0.0113 0.1130 -0.9935
vn 0.7063 0.4325 -0.5605
vn -0.8739 -0.4846 0.0389
vn 0.7254 0.1330 0.6754
vn 0.7934 0.1620 -0.5868
vn 0.2832 0.5470 0.7878
vn 0.6493 0.7233 0.2350
vn -0.0838 0.9674 0.2390
vn 0.4216 0.1915 0.8863
vn 0.6697 -0.0051 -0.7426
vn -0.7540 0.3747 -0.5395
vn 0.2683 -0.1572 -0.9504
vn -0.7351 0.2848 -0.6152
vn -0.8715 -0.3127 -0.3779
vn 0.8795 -0.1886 -0.4370
vn 0.6716 -0.4674 0.5748
vn 0.0938 -0.2731 -0.9574
vn 0.7599 0.0926 0.6434
vn 0.9110 0.2937 0.2896
vn 0.6747 0.7033 -0.2240
vn 0.9887 0.0679 -0.1337
vn -0.6290 -0.2446 0.7379
vn -0.1549 -0.2491 0.9560
vn -0.7695 -0.3894 -0.5062
vn 0.9026 0.3431 0.2600
vn -0.4501 -0.8311 -0.3266
vn 0.9825 0.1423 -0.1198
vn 0.7671 -0.3037 0.5650
vn 0.9301 0.3549 0.0947
vn 0.2423 0.2468 0.9383
vn 0.9919 0.1270 -0.0047
vn -0.9872 -0.0793 0.1385
vn 0.9794 -0.0535 -0.1949
vn 0.7404 -0.0490 0.6704
vn 0.8518 -0.0256 0.5232
vn -0.4926 -0.0207 -0.8700
vn 0.0025 0.4006 -0.9162
vn 0.7080 0.4843 -0.5139
vn -0.0410 -0.6657 -0.7451
vn -0.6961 -0.3903 -0.6026
vn -0.9499 -0.1221 0.2876
vn -0.9494 -0.3011 0.0897
vn 0.2302 -0.8412 0.4893
vn 0.3268 0.5531 -0.7664
vn -0.9392 0.0647 0.3372
vn 0.2518 0.8732 0.4173
vn 0.4795 -0.0092 0.8775
vn 0.9830 0.0385 0.1794
vn 0.7448 -0.5926 0.3067
vn -0.7254 0.0920 0.6821
vn -0.7676 0.0451 0.6393
vn -0.0546 -0.8249 -0.5627
vn -0.0456 -0.0428 -0.9980
vn 0.7412 0.6713 -0.0047
vn -0.8270 0.2863 0.4838
vn -0.9912 -0.1090 -0.0751
vn -0.3330 -0.9428 0.0158
vn 0.7094 -0.7012 -0.0717
vn 0.9887 -0.0766 -0.1289
vn -0.7533 -0.1839 0.6315
vn -0.6810 -0.3586 0.6385
vn -0.2555 0.6442 0.7209
vn -0.6425 0.5956 0.4821
vn 0.2233 -0.3804 0.8975
vn -0.6086 0.4584 0.6476
vn -0.8398 -0.3168 0.4409
vn -0.6519 -0.5957 -0.4692
vn 0.6282 -0.5142 -0.5839
vn -0.4800 0.1304 0.8675
vn -0.8713 -0.4819 0.0928
vn 0.4364 -0.3982 -0.8068
vn -0.4556 0.2893 0.8419
vn 0.7568 0.1295 -0.6407
vn 0.4287 0.3744 -0.8222
vn 0.8486 0.1853 0.4956
vn 0.3530 0.8634 -0.3605
vn 0.1281 0.9515 -0.2796
vn -0.7077 -0.5454 0.4491
vn 0.2115 0.5923 0.7775
vn 0.7665 0.5352 -0.3550
vn -0.8530 -0.4742 -0.2179
vn 0.1312 -0.6845 0.7171
vn 0.4693 0.7332 -0.4921
vn -0.1356 0.8503 -0.5085
vn -0.7283 -0.3642 -0.5805
vn -0.2499 0.5067 -0.8251
vn -0.2933 0.0233 0.9557
vn -0.0081 0.0584 0.9983
vn 0.7297 -0.6441 0.2293
vn -0.1503 0.3203 0.9353
vn -0.3287 -0.6349 0.6992
vn -0.0243 -0.7724 -0.6346
vn -0.5620 -0.6797 -0.4713
vn 0.5624 0.5560 -0.6120
vn 0.1268 -0.8961 0.4254
vn 0.3392 -0.8035 0.4892
vn 0.2855 0.8198 0.4965
vn -0.0758 0.8057 0.5874
vn -0.2332 0.2336 -0.9440
vn 0.4355 0.8919 0.1220
vn -0.4094 -0.7919 -0.4531
vn -0.2204 -0.3993 -0.8899
vn -0.2439 -0.9333 -0.2635
vn -0.6898 -0.6909 0.2164
vn -0.0741 0.8765 0.4756
vn -0.3274 -0.1793 0.9277
vn -0.1895 -0.9812 0.0365
vn 0.1987 0.6080 -0.7687
vn 0.5903 0.5580 0.5833
vn -0.8668 -0.0544 -0.4957
vn 0.4418 0.1695 0.8810
vn -0.0577 -0.9586 -0.2787
vn 0.1793 0.1339 -0.9746
vn 0.6537 -0.6074 -0.4514
vn -0.4068 -0.7603 -0.5064
vn -0.4501 -0.4302 0.7825
vn 0.4516 -0.6288 -0.6330
vn 0.1913 -0.2761 0.9419
vn 0.2968 -0.0713 0.9523
vn 0.5909 0.6563 0.4691
vn 0.8542 0.4332 -0.2876
vn 0.2397 -0.4959 -0.8346
vn 0.1789 0.6526 -0.7363
vn -0.4980 -0.5088 -0.7023
vn -0.7090 -0.6994 -0.0901
vn -0.4157 -0.4089 0.8124
vn 0.0719 -0.5152 0.8540
vn -0.1213 0.3195 -0.9398
vn -0.7030 0.5089 -0.4967
vn 0.6467 0.7598 0.0670
vn -0.3149 -0.1598 -0.9356
vn 0.6721 0.6489 0.3566
vn 0.6098 0.4220 0.6708
vn 0.6494 0.3968 0.6487
vn 0.6041 -0.0157 0.7968
vn 0.9072 0.2312 -0.3514
vn -0.1918 -0.4344 -0.8801
vn 0.7545 -0.6423 -0.1346
vn -0.8323 -0.4877 -0.2634
vn -0.5034 0.1077 -0.8573
vn 0.7782 0.4279 -0.4597
vn -0.5612 -0.6839 0.4663
vn 0.9365 0.3381 -0.0929
vn -0.0119 -0.9954 0.0954
vn 0.6436 0.1312 -0.7541
vn 0.7561 -0.6544 0.0076
vn 0.8779 0.4744 -0.0649
vn -0.1529 0.8840 -0.4418
vn -0.2819 -0.9031 0.3239
vn 0.6215 0.3297 0.7106
vn -0.1819 -0.8703 -0.4576
vn -0.5587 -0.8106 -0.1755
vn -0.5840 -0.1396 -0.7997
vn 0.9570 0.2025 0.2075
vn -0.7047 -0.7087 -0.0326
vn 0.9366 0.3182 0.1468
vn -0.2428 0.2092 -0.9473
vn 0.9460 0.1258 0.2987
vn -0.6619 -0.5659 0.4916
vn 0.5396 -0.1586 0.8269
vn 0.9710 0.2390 0.0048
vn 0.7358 0.2797 -0.6167
vn 0.0346 -0.9983 0.0468
vn 0.4598 0.5883 -0.6652
vn 0.4358 0.8105 -0.3914
vn 0.0245 0.5826 0.8124
vn 0.7597 -0.3328 0.5587
vn 0.7220 -0.6197 -0.3077
vn 0.7901 0.4383 0.4284
vn 0.7514 -0.2413 -0.6141
vn 0.9652 -0.1133 0.2357
vn 0.5442 0.4234 0.7243
vn 0.6930 0.4619 0.5536
vn 0.8804 -0.0802 0.4673
vn 0.5374 0.7790 0.3232
vn 0.5602 -0.1802 -0.8085
vn 0.8450 0.3711 0.3852
vn 0.2095 0.7365 0.6432
vn 0.2822 -0.0240 0.9591
vn 0.7722 0.6337 -0.0458
vn -0.8103 -0.1316 -0.5711
vn -0.3006 -0.0813 0.9503
vn -0.5304 0.2362 0.8142
vn -0.3437 0.5682 0.7477
vn -0.0646 -0.1447 0.9874
vn -0.2845 -0.6309 0.7218
vn 0.7511 -0.4908 0.4417
vn -0.0158 0.8624 -0.5060
vn 0.6325 0.6910 -0.3499
vn 0.3307 -0.6027 -0.7262
vn -0.3576 -0.5733 0.7372
vn -0.7125 0.4714 0.5197
vn -0.0560 -0.4614 -0.8854
vn 0.7914 0.5853 -0.1763
vn -0.0472 0.7835 0.6196
vn 0.7754 -0.3340 -0.5360
vn -0.4193 -0.8539 -0.3082
vn 0.1672 -0.8686 0.4664
vn -0.0725 -0.4500 0.8901
vn 0.7828 0.5506 0.2899
vn -0.6679 0.5697 0.4790
vn 0.2506 0.9467 -0.2026
vn -0.0786 0.4772 -0.8753
vn 0.8324 0.3143 -0.4565
vn -0.9599 -0.2221 0.1713
vn -0.8891 -0.1403 0.4357
vn 0.8341 0.5344 0.1369
vn -0.7968 0.2558 0.5475
vn 0.2651 -0.0393 -0.9634
vn -0.2568 -0.9664 0.0050
vn 0.4541 0.1673 -0.8751
vn 0.3917 0.9183 -0.0578
vn 0.1807 -0.8103 -0.5574
vn 0.0471 -0.8114 -0.5826
vn -0.3421 -0.5129 -0.7873
vn -0.0890 -0.0056 -0.9960
vn -0.9100 -0.3905 0.1395
vn 0.0032 -0.9964 -0.0841
vn 0.7198 0.0457 0.6927
vn 0.5647 0.8201 -0.0925
vn -0.6574 0.3079 0.6878
vn 0.1056 0.8306 -0.5468
vn -0.7431 -0.1912 0.6413
vn 0.7847 0.5480 -0.2896
vn -0.4861 0.5571 0.6733
vn 0.7843 0.5864 0.2024
vn -0.8307 -0.5566 0.0055
vn -0.0427 0.7356 0.6760
vn 0.1936 -0.8260 0.5293
vn 0.2365 -0.9416 0.2396
vn -0.6944 -0.6764 -0.2456
vn -0.0034 -0.7600 -0.6499
vn 0.2401 -0.5991 -0.7638
vn 0.2572 0.9595 0.1152
vn 0.0687 0.7527 0.6547
vn -0.1037 0.6740 0.7314
vn -0.7518 -0.6480 0.1219
vn -0.3702 -0.8717 -0.3211
vn 0.4191 -0.1331 0.8981
vn 0.7669 -0.1513 0.6237
vn -0.1010 -0.9039 0.4158
vn 0.3852 0.3750 -0.8432
vn -0.4212 0.3459 0.8384
vn 0.1088 -0.9249 -0.3644
vn -0.3991 -0.5855 -0.7056
vn 0.5445 0.7269 0.4185
vn 0.0512 -0.8076 -0.5876
vn 0.4407 0.8086 -0.3898
vn -0.7447 -0.3514 -0.5673
vn -0.9400 -0.2597 -0.2212
vn 0.8456 0.5333 0.0229
vn -0.3958 0.1590 0.9045
vn -0.9261 -0.3764 0.0261
vn 0.2274 0.9481 0.2220
vn 0.6039 0.7541 0.2580
vn -0.6442 -0.4198 0.6394
vn 0.8648 0.1287 -0.4854
vn 0.3898 -0.3063 0.8685
vn 0.7385 0.1268 0.6622
vn -0.7798 -0.5890 0.2121
vn 0.9295 0.0453 -0.3660
vn 0.2967 0.4014 0.8665
vn 0.7042 0.4833 0.5202
vn 0.7880 -0.0746 -0.6111
vn 0.1284 0.1410 0.9816
vn -0.3739 -0.0138 -0.9274
vn -0.1576 -0.7470 0.6459
vn 0.7868 0.6091 0.0994
vn -0.7232 -0.6022 0.3382
vn 0.7046 0.4367 0.5593
vn 0.0400 -0.9248 -0.3783
vn 0.7434 -0.5168 -0.4246
vn -0.0901 -0.9821 0.1653
vn -0.3229 0.1299 0.9375
vn 0.7739 0.5060 -0.3808
vn -0.2410 0.6961 -0.6763
vn 0.5781 0.6877 0.4391
vn 0.8727 0.4148 0.2575
vn 0.6934 0.2506 0.6756
vn -0.0441 0.9480 0.3153
vn 0.6382 0.6344 0.4361
vn -0.3466 0.4286 -0.8343
vn -0.1427 -0.2778 -0.9500
vn -0.7329 -0.6707 -0.1140
vn -0.6555 -0.6818 0.3248
vn 0.7529 0.2282 0.6173
vn -0.6225 -0.4898 0.6104
vn -0.2247 -0.7386 0.6356
vn 0.4475 0.5314 0.7193
vn 0.5726 0.7577 0.3132
vn 0.0143 0.9099 0.4147
vn 0.9465 0.3207 0.0353
vn 0.6780 0.2639 -0.6861
vn 0.7701 -0.1492 -0.6202
vn 0.7712 0.5142 0.3752
vn 0.3948 -0.6822 -0.6155
vn 0.8334 0.1270 -0.5378
vn 0.7369 0.3311 0.5893
vn 0.3939 0.1029 0.9134
vn 0.4301 0.9003 0.0673
vn -0.5412 -0.6256 -0.5620
vn 0.1075 0.7023 -0.7037
vn -0.0368 0.8900 0.4544
vn 0.7821 0.2975 -0.5475
vn 0.2756 -0.5637 0.7787
vn 0.1467 0.7360 0.6609
vn -0.7901 -0.4274 -0.4394
vn -0.7773 -0.5824 0.2379
vn -0.0207 -0.6899 0.7236
vn -0.2025 0.8867 -0.4156
vn 0.8462 0.1947 0.4961
vn 0.0886 0.2021 0.9754
vn 0.6665 0.6076 -0.4319
vn -0.4917 -0.5418 0.6816
vn 0.8128 0.3943 0.4288
vn 0.1509 -0.2263 0.9623
vn 0.8146 0.1259 0.5662
vn 0.4895 0.7041 -0.5144
vn -0.3013 0.5478 -0.7805
vn -0.0767 0.7371 0.6714
vn -0.1501 -0.9747 -0.1655
vn 0.4501 -0.6836 0.5746
vn 0.4456 -0.2848 -0.8487
vn 0.2549 0.9637 0.0799
vn -0.2921 0.7632 0.5763
vn -0.0682 -0.5181 0.8526
vn 0.1841 0.5634 0.8054
vn -0.5267 -0.8192 0.2269
vn 0.8509 0.4286 0.3037
vn 0.0897 0.7195 -0.6887
vn 0.4516 0.5757 0.6816
vn 0.7405 -0.1171 0.6618
vn 0.2826 0.9559 0.0799
vn -0.1021 0.9294 0.3548
vn 0.6095 0.4470 0.6548
vn 0.8349 0.3691 -0.4083
vn 0.8325 0.0856 0.5474
vn -0.0828 -0.8697 -0.4866
vn -0.3298 0.8644 -0.3795
vn 0.3210 0.8597 -0.3974
vn 0.3396 0.0970 0.9356
vn 0.1240 0.9165 0.3803
vn -0.2037 0.3649 -0.9085
vn -0.3239 0.9443 0.0586
vn 0.7686 0.5347 0.3512
vn 0.8360 0.4857 0.2555
vn 0.1572 0.2803 -0.9469
vn -0.4095 0.6056 0.6823
vn 0.7847 -0.5530 -0.2803
vn -0.4905 -0.2287 0.8409
vn 0.4763 0.2412 0.8456
vn -0.5324 -0.8454 0.0435
vn -0.8118 -0.5385 -0.2258
vn 0.1733 -0.8150 -0.5529
vn -0.7633 0.3058 0.5690
vn 0.7985 0.0138 0.6018
vn -0.0377 -0.8604 0.5083
vn -0.2712 -0.7706 0.5767
vn 0.1884 -0.9698 -0.1547
vn -0.9596 -0.1129 0.2578
vn 0.8427 0.1357 -0.5209
vn 0.5072 0.4197 -0.7527
vn 0.0760 -0.4784 0.8749
vn -0.2106 0.3218 0.9231
vn 0.3503 -0.7872 -0.5075
vn 0.1620 0.7776 0.6076
vn 0.1402 0.2488 0.9584
vn -0.2242 0.9739 0.0346
vn -0.9300 -0.2676 -0.2520
vn -0.2572 -0.6517 -0.7135
vn 0.0188 0.6684 0.7436
vn -0.1980 0.5609 0.8039
vn -0.4980 -0.8216 0.2775
vn 0.4500 0.8871 -0.1024
vn 0.2765 0.9520 0.1313
vn 0.1054 -0.9941 -0.0243
vn 0.7275 0.6482 -0.2249
vn -0.8888 -0.3792 0.2575
vn -0.6879 -0.2707 -0.6735
vn 0.8066 -0.4156 -0.4203
vn 0.7773 0.5819 0.2392
vn 0.4661 -0.8847 0.0105
vn 0.3540 -0.9349 0.0251
vn -0.4766 -0.2487 0.8432
vn -0.4629 -0.8749 -0.1424
vn 0.3001 -0.8031 0.5148
vn -0.2831 0.5555 -0.7818
vn -0.4567 -0.7921 0.4050
vn -0.6322 0.4448 0.6344
vn 0.8182 -0.2238 -0.5296
vn 0.2904 -0.3151 0.9035
vn 0.8536 0.5093 -0.1096
vn 0.1377 -0.2127 -0.9674
vn 0.8463 -0.0410 -0.5311
vn 0.7745 0.5873 0.2351
vn 0.8926 0.3826 -0.2385
vn -0.7015 -0.5650 -0.4343
vn 0.9162 -0.0550 -0.3969
vn -0.1688 -0.7265 0.6661
vn -0.0065 -0.6949 0.7191
vn -0.3854 -0.9066 -0.1721
vn 0.7947 -0.5955 -0.1173
vn -0.6080 0.2582 0.7508
vn -0.2579 -0.2453 -0.9345
vn 0.5201 0.2464 -0.8178
vn -0.4306 -0.0544 -0.9009
vn -0.0813 0.8454 -0.5279
vn 0.8902 0.1698 -0.4227
vn 0.5437 0.6787 0.4937
vn 0.2466 -0.0971 0.9642
vn 0.7738 -0.6214 0.1232
vn 0.7743 0.4005 0.4899
vn -0.1630 -0.9766 0.1401
vn 0.8697 0.4758 -0.1315
vn 0.2174 -0.2401 -0.9461
vn 0.2475 0.1707 -0.9537
vn 0.7169 0.4587 -0.5250
vn 0.4830 0.6737 0.5593
vn 0.2456 -0.8363 -0.4901
vn 0.1417 0.6562 0.7412
vn -0.6591 -0.6114 0.4380
vn 0.7692 0.6043 0.2078
vn -0.3513 0.9170 0.1891
vn 0.8490 -0.3761 0.3711
vn 0.7869 -0.4230 0.4492
vn 0.2889 0.4132 0.8636
vn -0.0002 0.9762 -0.2169
vn 0.2958 -0.9540 0.0490
vn 0.8076 -0.2455 0.5362
vn -0.1106 -0.7540 -0.6475
vn 0.8280 -0.1388 0.5433
vn -0.1428 -0.2975 -0.9440
vn 0.8528 0.5108 0.1088
vn -0.0202 0.9754 0.2194
vn 0.3282 -0.7836 -0.5275
vn 0.6947 0.6919 0.1967
vn 0.8900 0.4552 0.0254
vn 0.8580 0.4407 -0.2638
vn 0.5782 0.7833 0.2284
vn 0.3769 -0.3058 0.8743
vn -0.1237 -0.9368 0.3272
vn -0.5093 -0.0583 -0.8586
vn 0.4242 0.8807 0.2108
vn 0.7022 0.5535 -0.4477
vn 0.5762 0.5720 0.5838
vn -0.5929 -0.0088 0.8052
vn 0.5203 -0.5803 -0.6266
vn -0.6872 0.0848 -0.7215
vn 0.5295 -0.1825 0.8285
vn -0.5566 0.5800 -0.5948
vn 0.2837 -0.5526 0.7836
vn 0.2583 -0.9128 -0.3164
vn -0.0881 -0.8193 0.5666
vn 0.6857 0.5268 0.5023
vn -0.5326 0.7100 0.4608
vn 0.0608 0.0553 0.9966
vn 0.1071 0.5052 -0.8563
vn -0.3058 0.8032 0.5112
vn -0.3253 0.8352 0.4434
vn -0.6646 -0.0750 -0.7434
vn -0.2902 -0.8567 -0.4264
vn 0.5391 -0.2956 -0.7887
vn 0.2691 -0.8879 -0.3731
vn 0.7073 0.4583 0.5383
vn -0.2365 -0.9656 0.1081
vn -0.6049 -0.7881 0.1138
vn 0.0123 0.0927 0.9956
vn -0.3405 0.9207 0.1909
vn -0.5747 -0.4664 0.6724
vn -0.0617 0.3614 0.9304
vn -0.0527 -0.9982 -0.0290
vn 0.4853 0.6880 -0.5396
vn -0.5681 -0.6208 -0.5403
vn 0.3921 -0.6225 0.6773
vn 0.6027 0.7956 -0.0615
vn -0.1944 0.2806 0.9399
vn -0.2497 0.1195 -0.9609
vn 0.3468 0.4102 -0.8435
vn 0.4171 0.7277 0.5445
vn -0.0975 -0.4736 -0.8753
vn -0.4498 -0.4543 0.7689
vn -0.4922 -0.8402 0.2275
vn 0.4243 -0.8139 -0.3970
vn -0.0437 0.9980 -0.0451
vn -0.2549 -0.0594 0.9652
vn -0.2098 0.8599 0.4654
vn -0.0976 0.3067 -0.9468
vn 0.3141 0.1992 -0.9282
vn -0.7792 0.3088 0.5454
vn 0.8499 0.4062 0.3357
vn 0.4626 0.6117 -0.6417
vn 0.1437 -0.1501 0.9782
vn -0.4292 0.6428 0.6345
vn 0.8477 -0.0158 0.5302
vn 0.8706 0.2321 -0.4338
vn -0.7559 0.1763 0.6305
vn 0.3874 -0.6435 -0.6602
vn 0.0035 -0.8682 0.4962
vn -0.4675 0.0098 0.8839
vn 0.4082 -0.3534 -0.8417
vn 0.0193 0.8584 -0.5126
vn 0.3185 0.8771 -0.3595
vn 0.4049 0.2679 0.8742
vn -0.2322 0.8779 -0.4188
vn -0.6180 -0.6807 -0.3933
vn 0.3060 -0.2637 -0.9148
vn 0.0609 -0.9313 -0.3591
vn -0.6088 -0.5151 -0.6034
vn -0.1037 0.8764 -0.4703
vn -0.7200 -0.6839 -0.1177
vn 0.0647 -0.9744 -0.2151
vn 0.0688 0.9912 0.1130
vn 0.0092 -0.0161 -0.9998
vn -0.1619 0.7553 0.6350
vn 0.3962 0.6252 0.6724
vn -0.5371 0.0344 0.8428
vn 0.1829 0.9806 -0.0708
vn -0.4764 -0.8372 -0.2687
vn 0.7995 0.5161 -0.3074
vn -0.3420 0.5182 0.7839
vn -0.4336 -0.8666 0.2469
vn 0.3984 -0.8237 -0.4036
vn 0.4884 -0.8718 0.0367
vn 0.8734 0.1326 0.4686
vn -0.2181 0.9162 -0.3361
vn 0.8502 -0.3480 0.3950
vn -0.7514 -0.2374 0.6157
vn 0.1203 -0.1527 -0.9809
vn 0.1747 -0.2468 0.9532
vn 0.8659 -0.2273 0.4455
vn 0.6946 0.2418 0.6775
vn -0.6634 0.2681 0.6986
vn 0.7067 0.3345 0.6235
vn 0.9114 -0.1948 0.3625
vn 0.2756 -0.7060 0.6524
vn 0.0373 -0.8264 -0.5619
vn -0.4502 -0.8681 -0.2092
vn -0.0036 -0.4284 0.9036
vn -0.1715 0.6430 -0.7464
vn 0.0980 -0.5257 0.8450
vn -0.3038 0.8646 0.4002
vn -0.4539 0.1174 -0.8833
vn -0.4540 0.3742 -0.8086
vn 0.1077 0.7754 -0.6222
vn 0.1631 -0.5432 -0.8236
vn 0.5971 -0.7210 0.3517
vn 0.5942 0.6124 0.5215
vn -0.5924 0.1126 0.7977
vn -0.2230 0.8943 -0.3880
vn 0.0737 0.7214 0.6886
vn 0.5283 0.5767 0.6231
vn -0.7367 -0.6083 -0.2954
vn -0.1248 0.1382 -0.9825
vn 0.9066 0.1500 -0.3945
vn 0.9092 0.0309 -0.4152
vn -0.3518 -0.6258 0.6961
vn 0.5630 -0.6825 -0.4660
vn 0.6222 0.7144 0.3202
vn 0.3717 0.0319 -0.9278
vn 0.9123 0.1822 0.3667
vn -0.4820 -0.3803 0.7893
vn -0.4381 0.4734 0.7642
vn -0.3267 0.3725 0.8686
vn 0.3274 0.5838 -0.7430
vn 0.3531 -0.9243 -0.1449
vn -0.5637 0.4660 -0.6820
vn 0.5568 0.8279 -0.0679
vn -0.3884 0.7670 0.5108
vn 0.9465 -0.2394 0.2164
vn 0.9056 -0.1308 -0.4033
vn 0.6100 -0.2175 -0.7620
vn 0.0442 -0.6258 0.7787
vn 0.5091 -0.1302 -0.8508
vn -0.5145 0.5794 -0.6322
vn -0.6603 0.6283 -0.4114
vn -0.3451 -0.8269 0.4440
vn -0.6250 -0.6730 -0.3955
vn -0.3016 -0.8972 -0.3226
vn -0.2462 0.5922 0.7672
vn 0.4966 -0.7751 -0.3907
vn 0.9671 -0.2544 0.0028
vn 0.0184 -0.0424 0.9989
vn 0.0479 -0.1108 0.9927
vn -0.2096 -0.7993 0.5632
vn -0.4980 0.3368 -0.7991
vn 0.9287 0.3110 0.2021
vn 0.5567 -0.8269 0.0791
vn -0.4409 -0.6290 0.6404
vn 0.9196 0.2081 -0.3331
vn 0.5398 0.7446 -0.3928
vn -0.1843 -0.7348 -0.6528
vn -0.5604 0.4494 -0.6957
vn 0.3050 0.4379 -0.8457
vn 0.2674 -0.3544 -0.8961
vn 0.2533 -0.9137 -0.3178
vn -0.2477 -0.9686 -0.0219
vn -0.1890 0.5165 -0.8352
vn -0.5281 0.6347 0.5642
vn 0.9487 -0.1975 -0.2468
vn 0.4396 -0.8341 -0.3332
vn 0.2763 -0.6657 0.6932
vn -0.4538 0.8549 0.2513
vn -0.0411 -0.7323 -0.6797
vn -0.6139 -0.3873 0.6879
vn 0.4340 -0.8571 0.2775
vn 0.6573 -0.7535 0.0125
vn 0.4371 -0.1641 0.8843
vn 0.7975 0.0617 -0.6002
vn -0.0307 -0.8855 0.4637
vn -0.0287 0.7015 -0.7121
vn 0.4965 0.7739 0.3932
vn -0.0304 0.6827 0.7300
vn 0.3971 0.8159 0.4202
vn 0.9002 0.0022 0.4355
vn -0.2706 0.9030 0.3338
vn 0.7504 0.1192 0.6501
vn 0.1385 0.7878 -0.6001
vn -0.0845 0.6191 -0.7808
vn -0.6842 0.3063 -0.6618
vn -0.0229 0.0985 0.9949
vn -0.0098 0.9889 0.1484
vn 0.7949 -0.2972 0.5290
vn -0.3346 -0.2417 0.9108
vn 0.0374 -0.0211 0.9991
vn 0.7910 -0.6101 -0.0458
vn 0.1294 -0.5791 -0.8049
vn 0.0272 -0.9996 -0.0004
vn -0.6477 -0.6227 -0.4390
vn -0.5696 -0.7275 0.3826
vn 0.0095 -0.9918 0.1276
vn -0.4664 0.8146 0.3448
vn 0.3390 -0.1247 -0.9325
vn -0.1941 0.9802 -0.0389
vn -0.1684 0.0173 -0.9856
vn -0.1615 -0.5155 -0.8415
vn -0.6403 0.5262 0.5596
vn 0.0799 -0.7766 0.6249
vn 0.4357 -0.3241 -0.8397
vn 0.9589 0.2835 -0.0086
vn 0.4612 0.0019 -0.8873
vn -0.7845 -0.0177 0.6199
vn 0.2970 0.9489 -0.1069
vn 0.9665 -0.2068 -0.1522
vn 0.6839 -0.6772 -0.2716
vn 0.5442 -0.3900 0.7428
vn 0.9572 0.1980 0.2109
vn 0.1593 0.4495 -0.8790
vn 0.6505 -0.3850 0.6547
vn 0.0788 -0.3665 -0.9271
vn 0.9472 0.0033 0.3205
vn -0.2826 -0.9448 -0.1658
vn -0.2467 0.7282 0.6394
vn -0.6404 0.2659 -0.7206
vn 0.6135 -0.7802 -0.1219
vn -0.7067 0.6623 -0.2488
vn -0.1456 -0.4202 0.8957
vn 0.4080 -0.6957 -0.5912
vn 0.9622 0.1846 -0.2003
vn 0.9626 0.0236 -0.2700
vn 0.3950 0.9123 0.1083
vn 0.1111 -0.6234 -0.7740
vn 0.4937 0.8696 0.0051
vn -0.4733 -0.4068 0.7814
vn -0.3501 0.3469 -0.8701
vn -0.4849 0.8207 0.3021
vn 0.1752 0.1998 0.9640
vn -0.8089 0.4264 -0.4048
vn 0.5870 -0.7132 -0.3831
vn -0.6609 0.5960 0.4560
vn -0.0302 0.9962 0.0816
vn 0.0019 -0.9547 -0.2975
vn 0.3010 -0.8820 -0.3626
vn 0.2986 -0.7530 0.5864
vn 0.2166 -0.9499 0.2254
vn 0.7556 -0.5194 0.3992
vn -0.4523 0.8172 0.3572
vn 0.2039 0.6262 0.7525
vn 0.5223 0.7772 0.3509
vn -0.7588 0.1632 0.6306
vn 0.9684 0.1009 0.2282
vn -0.4507 0.1043 -0.8866
vn -0.5669 0.6471 -0.5097
vn 0.9751 -0.0694 0.2108
vn 0.2300 -0.9245 -0.3040
vn 0.3203 -0.2212 -0.9211
vn -0.5218 -0.3868 -0.7604
vn 0.0305 0.5462 -0.8371
vn -0.2158 -0.6450 0.7331
vn -0.3466 0.8735 -0.3418
vn 0.2102 0.6632 -0.7183
vn -0.2991 -0.2012 0.9328
vn -0.5015 0.8530 0.1445
vn -0.6016 0.7728 -0.2020
vn -0.3675 0.7677 -0.5249
vn -0.2655 -0.9465 -0.1833
vn 0.7292 -0.2697 0.6289
vn -0.5002 0.6763 0.5408
vn 0.1811 0.6500 0.7381
vn -0.5712 0.0418 -0.8197
vn 0.3875 0.0836 0.9181
vn -0.7611 0.4056 -0.5062
vn -0.3105 0.9413 -0.1328
vn 0.1110 -0.9473 -0.3005
vn -0.5233 -0.2956 0.7992
vn 0.9896 0.0161 -0.1429
vn 0.3034 -0.0150 0.9527
vn 0.1061 -0.5403 -0.8348
vn 0.1310 -0.9872 0.0907
vn 0.9686 0.1095 -0.2231
vn 0.0697 -0.2244 -0.9720
vn -0.1467 -0.7579 -0.6357
vn 0.1894 -0.9003 -0.3920
vn 0.6950 -0.0675 0.7159
vn -0.2971 0.4466 -0.8440
vn -0.0099 -0.1547 -0.9879
vn 0.4761 -0.5526 0.6841
vn -0.4779 -0.3645 -0.7992
vn 0.4753 -0.8739 -0.1021
vn -0.3176 0.8010 0.5074
vn 0.4328 -0.6073 -0.6662
vn 0.9914 0.1308 -0.0003
vn 0.6591 -0.1312 0.7405
vn -0.3043 -0.8920 0.3343
vn 0.3586 -0.5165 0.7776
vn -0.5836 0.3358 0.7394
vn 0.1990 0.1412 -0.9698
vn -0.2858 0.8613 0.4201
vn -0.4397 0.5993 0.6689
vn 0.9999 -0.0105 0.0059
vn 0.5202 -0.7643 -0.3811
vn -0.4402 -0.5782 -0.6870
vn 0.3406 -0.4991 -0.7968
vn -0.0868 0.7181 -0.6905
vn -0.0512 0.7847 -0.6177
vn -0.3505 0.7126 -0.6077
vn -0.5996 0.5948 0.5355
vn -0.4099 0.7174 -0.5633
vn -0.5804 -0.7211 -0.3783
vn -0.3514 -0.5753 0.7386
vn 0.4963 -0.6591 0.5651
vn 0.1178 0.5953 0.7948
vn 0.5834 -0.7360 -0.3434
vn 0.1582 -0.5460 0.8227
vn 0.0929 -0.8722 0.4802
vn -0.6260 -0.2363 0.7431
vn -0.1936 0.5244 -0.8292
vn 0.5022 -0.8600 -0.0907
vn -0.9200 0.1432 0.3648
vn -0.9257 0.3564 0.1266
vn 0.0752 -0.0747 -0.9944
vn -0.5468 0.1241 0.8280
vn 0.2544 -0.7810 -0.5703
vn -0.2958 0.6791 0.6718
vn 0.2472 0.4421 0.8622
vn -0.7732 0.2888 0.5645
vn -0.1515 0.0086 0.9884
vn 0.2416 -0.4118 0.8787
vn -0.5458 -0.4372 -0.7148
vn -0.3502 0.9152 0.1996
vn 0.3431 0.9088 -0.2375
vn 0.4411 -0.7931 -0.4201
vn 0.6758 -0.7234 0.1412
vn -0.7783 0.3248 -0.5374
vn -0.0606 -0.8340 0.5484
vn 0.8876 -0.4367 0.1465
vn -0.7134 0.6996 -0.0410
vn 0.2127 0.9753 0.0601
vn -0.2355 0.5916 0.7711
vn -0.6760 -0.5075 0.5343
vn -0.0467 -0.8781 0.4762
vn 0.5899 -0.0636 -0.8050
vn -0.6309 -0.0278 0.7753
vn -0.4884 0.2002 -0.8494
vn -0.6474 0.7141 0.2665
vn 0.1535 0.9136 0.3765
vn -0.4442 0.7009 -0.5580
vn -0.5048 -0.7578 0.4135
vn -0.4733 0.6506 0.5939
vn -0.4547 -0.4507 -0.7682
vn 0.2136 -0.8868 -0.4099
vn 0.1162 -0.6659 -0.7369
vn 0.0514 0.4984 -0.8654
vn -0.3234 -0.1000 -0.9410
vn 0.3990 -0.4007 0.8247
vn 0.7539 0.4430 0.4852
vn -0.5233 0.3644 -0.7703
vn 0.2073 0.8810 -0.4252
vn -0.1210 -0.4936 0.8612
vn -0.0596 -0.9721 0.2268
vn -0.2087 -0.9720 0.1083
vn -0.5609 -0.8134 -0.1540
vn 0.8856 -0.4426 -0.1406
vn -0.2310 -0.5741 -0.7855
vn -0.1064 0.9801 -0.1674
vn -0.5468 0.4072 -0.7315
vn -0.6060 0.2184 0.7649
vn 0.4875 0.3335 0.8069
vn -0.3180 0.9386 0.1334
vn 0.5152 0.1914 0.8354
vn 0.0574 -0.9397 0.3371
vn -0.7533 -0.1782 -0.6330
vn -0.7746 0.3971 -0.4922
vn 0.0965 -0.6162 -0.7817
vn -0.1351 0.9262 0.3519
vn -0.2212 0.4279 0.8764
vn 0.6539 -0.7429 0.1430
vn -0.5927 -0.2214 0.7744
vn -0.9049 0.3623 0.2233
vn -0.7518 0.0587 -0.6568
vn 0.1006 -0.7308 -0.6751
vn 0.3979 -0.8430 -0.3619
vn -0.6301 -0.6511 -0.4231
vn 0.8454 -0.5340 -0.0121
vn 0.2109 -0.5965 0.7744
vn -0.1088 0.9940 -0.0106
vn -0.6301 0.2554 -0.7333
vn -0.0453 0.7263 0.6858
vn -0.6614 0.2844 0.6940
vn -0.2340 0.9372 0.2586
vn 0.6487 -0.6445 -0.4049
vn 0.1987 -0.8377 0.5087
vn -0.7846 0.3971 -0.4762
vn 0.3064 -0.3866 -0.8699
vn -0.7429 0.5751 -0.3425
vn -0.3439 0.6848 0.6425
vn 0.6802 -0.6616 0.3157
vn 0.2394 0.5975 -0.7653
vn 0.7135 -0.2239 0.6639
vn 0.4913 -0.7692 -0.4086
vn 0.5894 -0.3289 0.7379
vn -0.2922 -0.6919 0.6603
vn 0.0371 -0.3525 -0.9351
vn 0.0339 -0.5371 -0.8428
vn 0.8227 -0.5179 -0.2344
vn -0.7620 0.2868 0.5806
vn -0.0023 0.6359 -0.7718
vn -0.2367 -0.4678 0.8515
vn -0.0814 -0.8934 -0.4418
vn 0.1160 -0.2952 -0.9484
vn 0.1822 -0.9752 0.1253
vn -0.3229 0.1104 -0.9400
vn 0.1360 0.0124 0.9906
vn 0.1880 -0.4357 0.8802
vn -0.3440 0.6405 0.6866
vn -0.4581 0.8586 0.2303
vn 0.3290 -0.4579 -0.8259
vn -0.5653 0.3888 -0.7275
vn 0.5913 0.2149 0.7773
vn -0.9036 0.2562 -0.3434
vn -0.1529 -0.9392 0.3074
vn -0.8437 0.2869 -0.4538
vn -0.7964 0.0880 0.5983
vn 0.3955 -0.9185 -0.0044
vn -0.2979 0.7872 -0.5399
vn -0.2928 -0.2838 0.9131
vn -0.7497 -0.2596 -0.6087
vn 0.5549 0.7174 -0.4212
vn 0.2100 0.7943 0.5701
vn 0.5677 -0.4526 -0.6876
vn 0.0182 -0.5221 -0.8527
vn 0.0723 -0.9963 0.0467
vn -0.7998 0.5985 0.0458
vn -0.0502 -0.4093 -0.9110
vn 0.5301 -0.0771 0.8444
vn -0.4371 -0.1529 0.8863
vn 0.2511 -0.8094 0.5309
vn -0.4981 0.8646 -0.0661
vn -0.6164 0.3757 -0.6920
vn 0.6683 -0.6397 -0.3797
vn -0.1077 0.2074 -0.9723
vn -0.4931 0.3482 0.7972
vn -0.5102 0.8600 0.0074
vn -0.3138 -0.9283 -0.1995
vn -0.6704 0.4749 -0.5701
vn 0.2101 -0.9238 -0.3201
vn 0.1982 -0.6527 0.7312
vn -0.1403 -0.8594 0.4918
vn -0.4896 0.7352 -0.4687
vn -0.5199 0.0229 0.8539
vn -0.2741 -0.6088 0.7444
vn -0.4886 -0.7457 -0.4530
vn 0.1875 -0.8327 0.5211
vn -0.8953 0.3665 0.2531
vn 0.5972 0.2040 0.7757
vn 0.1239 -0.2945 -0.9476
vn -0.8695 0.2186 -0.4429
vn 0.0088 0.9998 0.0204
vn -0.2585 0.4211 -0.8694
vn -0.9985 0.0250 0.0490
vn -0.9807 -0.0047 -0.1954
vn -0.9894 -0.1356 -0.0512
vn 0.1083 -0.6843 0.7211
vn -0.3204 0.9461 0.0471
vn 0.1366 -0.8402 -0.5248
vn -0.9751 0.1871 -0.1194
vn -0.2235 0.6962 0.6821
vn -0.1428 -0.6224 -0.7695
vn -0.9393 -0.2629 -0.2206
vn 0.6838 -0.2567 0.6830
vn -0.9752 0.1352 0.1750
vn -0.9862 -0.1375 0.0918
vn 0.0642 0.4696 0.8806
vn -0.9499 -0.3106 -0.0337
vn -0.7746 0.2769 -0.5687
vn -0.9596 0.0177 -0.2809
vn -0.9617 0.2741 -0.0021
vn -0.5253 -0.5456 -0.6530
vn 0.7045 -0.3181 0.6344
vn -0.9686 -0.0648 0.2401
vn -0.9121 0.1713 -0.3725
vn -0.9143 -0.0584 -0.4009
vn -0.9036 0.0978 0.4170
vn -0.2136 0.9769 0.0103
vn 0.4998 -0.4667 -0.7297
vn -0.6435 0.4961 0.5830
vn 0.5133 0.4949 0.7011
vn -0.8328 0.2284 -0.5043
vn 0.2698 0.4491 0.8517
vn -0.8451 0.1100 -0.5231
vn 0.5235 -0.7932 0.3111
vn -0.9142 0.2932 -0.2798
vn 0.3072 -0.2878 -0.9071
vn 0.4181 -0.4584 0.7843
vn -0.9262 -0.3128 0.2103
vn -0.8268 -0.5495 -0.1203
vn -0.8343 -0.4838 -0.2644
vn 0.6502 -0.0827 0.7552
vn -0.7946 0.2930 -0.5317
vn -0.8605 -0.3232 -0.3938
vn -0.6390 -0.1514 -0.7542
vn -0.9179 0.3649 0.1556
vn -0.8503 0.5160 0.1038
vn 0.4773 -0.7179 -0.5067
vn 0.0822 -0.0887 -0.9927
vn -0.9132 -0.1908 0.3601
vn -0.0596 -0.0468 -0.9971
vn 0.3518 -0.0245 0.9358
vn 0.2777 -0.9589 -0.0580
vn -0.4929 0.7383 0.4604
vn 0.0203 -0.9130 -0.4074
vn -0.4305 -0.1085 -0.8961
vn 0.7390 -0.4147 -0.5310
vn -0.8945 -0.4454 0.0383
vn -0.8419 0.3038 -0.4459
vn -0.7712 -0.4814 -0.4165
vn 0.5994 -0.7969 -0.0752
vn 0.5714 -0.4987 0.6517
vn -0.9485 -0.0123 0.3165
vn -0.3697 0.5657 -0.7371
vn 0.1209 -0.8612 0.4936
vn 0.0849 0.3499 -0.9329
vn -0.6481 -0.0864 -0.7566
vn -0.8849 0.2457 0.3957
vn -0.5315 0.7934 0.2967
vn 0.3054 0.2664 -0.9142
vn -0.6403 -0.3073 0.7039
vn -0.7960 -0.3034 -0.5238
vn 0.0431 0.0983 -0.9942
vn -0.7260 0.2199 -0.6516
vn -0.9133 0.3820 -0.1415
vn -0.3162 0.4763 0.8205
vn -0.1276 -0.1022 0.9865
vn 0.3188 0.3881 -0.8647
vn 0.6619 -0.4722 -0.5822
vn 0.6864 0.0824 0.7226
vn 0.9029 -0.3532 0.2451
vn 0.1382 -0.9020 -0.4090
vn -0.1728 0.6424 -0.7467
vn -0.1906 0.9519 -0.2399
vn 0.7257 0.2054 0.6566
vn -0.8023 -0.5917 0.0790
vn -0.9537 -0.1943 0.2296
vn -0.2479 0.9647 -0.0886
vn -0.9774 -0.1359 -0.1617
vn -0.9824 0.0018 0.1868
vn -0.9488 -0.0415 -0.3131
vn -0.9559 -0.2931 -0.0191
vn -0.7482 -0.0694 0.6598
vn -0.9522 0.2389 0.1905
vn -0.9294 -0.3132 0.1954
vn 0.2979 -0.7926 -0.5321
vn -0.7060 -0.6837 -0.1848
vn -0.6843 0.5352 -0.4952
vn -0.3031 -0.7453 -0.5939
vn -0.7667 0.2612 0.5864
vn -0.1449 0.8258 0.5450
vn -0.8773 -0.1267 0.4629
vn -0.6561 0.0395 -0.7537
vn -0.8396 0.2415 0.4865
vn -0.9535 0.2417 -0.1800
vn -0.8980 0.0649 0.4352
vn 0.0765 -0.3852 -0.9197
vn 0.5611 -0.8216 0.1009
vn -0.6521 0.4735 -0.5922
vn 0.4382 0.4498 0.7783
vn -0.9857 -0.1496 -0.0775
vn -0.9658 0.1186 -0.2304
vn -0.0394 0.5404 -0.8405
vn -0.8782 0.2041 0.4325
vn -0.9541 0.2990 0.0140
vn -0.9340 -0.0709 0.3501
vn -0.5290 -0.3586 -0.7691
vn -0.6542 0.0602 -0.7539
vn -0.6802 -0.7302 -0.0646
vn 0.4045 -0.7041 -0.5836
vn -0.9070 0.3537 0.2284
vn -0.4662 0.4802 -0.7430
vn -0.8653 0.3844 -0.3216
vn -0.9949 -0.0480 0.0882
vn -0.8430 0.2263 0.4880
vn 0.0555 0.2661 0.9624
vn -0.9880 -0.0787 0.1328
vn -0.8590 -0.4564 0.2322
vn 0.6328 -0.3520 0.6897
vn -0.6205 0.1799 -0.7633
vn -0.4824 0.6803 0.5518
vn -0.5794 0.5755 -0.5771
vn -0.7294 0.0151 0.6839
vn -0.5505 0.0886 -0.8301
vn -0.8700 0.4924 0.0246
vn -0.7910 -0.5959 0.1388
vn 0.4736 -0.7971 0.3746
vn -0.2275 0.4165 -0.8802
vn 0.4737 -0.8046 -0.3581
vn -0.0405 -0.8646 0.5008
vn -0.6120 -0.3021 -0.7309
vn -0.7770 -0.5227 0.3507
vn -0.5698 0.2773 -0.7736
vn -0.8315 -0.3414 0.4382
vn -0.6540 -0.4781 -0.5863
vn -0.9255 0.3489 0.1473
vn 0.2639 -0.9645 0.0079
vn -0.5977 0.0621 -0.7993
vn -0.4544 -0.0744 -0.8877
vn -0.7229 0.4103 0.5560
vn -0.2582 0.4662 -0.8462
vn -0.8725 0.3242 0.3656
vn -0.7794 -0.2397 0.5789
vn -0.5554 0.4865 -0.6744
vn -0.1795 -0.4268 0.8863
vn 0.0618 -0.0447 0.9971
vn -0.8649 0.3611 -0.3486
vn 0.9730 -0.1350 -0.1873
vn 0.0114 -0.8405 -0.5416
vn -0.6479 -0.6796 -0.3439
vn -0.6034 -0.1767 0.7776
vn 0.6682 -0.7153 -0.2047
vn -0.5058 0.4062 -0.7611
vn -0.8050 0.3715 0.4625
vn 0.0032 -0.6941 -0.7199
vn -0.5464 0.8187 0.1767
vn -0.8121 0.1461 -0.5649
vn -0.9566 0.2911 -0.0111
vn -0.0897 0.3688 -0.9252
vn 0.4543 0.5000 0.7373
vn -0.5954 0.3965 0.6988
vn -0.6773 0.4438 -0.5868
vn 0.0645 -0.3278 0.9425
vn -0.7028 -0.1359 0.6983
vn -0.7823 -0.0959 0.6154
vn -0.3951 0.7340 -0.5524
vn -0.8822 0.4650 0.0742
vn 0.1423 -0.5365 0.8318
vn -0.8589 -0.2146 0.4651
vn -0.0413 -0.9574 -0.2858
vn -0.7310 0.3575 -0.5812
vn -0.6775 -0.6826 0.2739
vn -0.6582 0.3253 0.6790
vn -0.5624 -0.7870 -0.2536
vn -0.4438 -0.3301 -0.8331
vn -0.0170 0.6849 -0.7285
vn 0.4160 -0.5130 0.7508
vn -0.6816 -0.0434 0.7304
vn -0.7819 0.6062 0.1455
vn -0.2575 0.9074 -0.3322
vn -0.4337 0.1975 -0.8791
vn -0.2067 0.3607 -0.9095
vn -0.3891 0.4801 -0.7862
vn -0.6571 0.4847 -0.5773
vn 0.5772 -0.8095 -0.1072
vn -0.4059 -0.0484 -0.9126
vn -0.9021 0.2626 0.3424
vn -0.7228 -0.4066 0.5587
vn 0.7764 -0.5908 0.2193
vn 0.0539 -0.6344 0.7711
vn -0.2187 0.8863 0.4083
vn -0.6515 0.2826 0.7040
vn -0.9306 -0.1008 0.3518
vn -0.9766 0.0263 -0.2135
vn -0.4680 0.5417 -0.6982
vn 0.5438 -0.3435 0.7657
vn 0.8129 -0.3393 -0.4734
vn -0.5744 0.3860 0.7218
vn -0.0046 0.8159 0.5781
vn 0.5191 -0.5722 -0.6349
vn -0.3066 -0.8144 -0.4927
vn 0.3628 0.7206 -0.5908
vn -0.5683 0.4975 0.6554
vn -0.2733 0.9592 -0.0716
vn 0.1089 0.5235 -0.8450
vn -0.0665 0.3267 -0.9428
vn -0.6422 -0.7078 0.2942
vn -0.0547 0.7075 -0.7046
vn -0.5880 0.4362 0.6812
vn -0.2286 0.3596 0.9047
vn 0.2400 -0.7390 0.6295
vn -0.3456 0.4054 -0.8463
vn 0.2876 0.6425 -0.7103
vn -0.5887 0.7840 -0.1968
vn 0.7779 -0.3210 0.5403
vn -0.5633 0.1940 0.8031
vn -0.1476 -0.2581 0.9548
vn -0.6885 -0.6262 0.3657
vn 0.2350 -0.9707 0.0493
vn -0.7319 0.6804 -0.0388
vn -0.2669 0.4959 -0.8264
vn -0.3807 0.0655 -0.9224
vn -0.3841 -0.0633 -0.9211
vn 0.3891 -0.7079 -0.5894
vn 0.4838 -0.2566 -0.8367
vn 0.8039 -0.5830 0.1173
vn -0.5858 -0.7334 0.3448
vn -0.0147 -0.4930 -0.8699
vn -0.7441 0.2803 -0.6064
vn 0.3748 -0.9270 -0.0157
vn 0.2832 -0.1262 0.9507
vn -0.5995 0.3051 -0.7399
vn -0.3045 0.6193 -0.7237
vn -0.9989 0.0124 0.0451
vn -0.5125 0.8284 0.2258
vn -0.2423 0.8476 -0.4721
vn -0.7686 0.1360 -0.6251
vn -0.8237 0.5248 -0.2147
vn -0.6458 -0.6180 0.4483
vn -0.6398 -0.4436 0.6276
vn -0.4359 -0.7421 -0.5092
vn -0.8686 -0.3849 -0.3119
vn -0.6536 0.6797 0.3329
vn -0.8157 -0.5648 -0.1253
vn -0.3296 -0.8870 -0.3234
vn 0.8308 -0.1914 0.5227
vn 0.5797 -0.7825 -0.2274
vn 0.7231 -0.6123 -0.3196
vn -0.3360 0.9221 0.1918
vn -0.6718 0.5797 0.4611
vn -0.2416 0.4468 -0.8614
vn -0.1874 0.5616 0.8059
vn -0.5696 0.5659 0.5961
vn -0.5419 0.8125 0.2149
vn -0.2419 0.2936 -0.9248
vn -0.1401 0.0757 0.9872
vn 0.5750 0.7820 -0.2406
vn -0.4610 0.3088 0.8319
vn -0.9233 0.0579 0.3798
vn 0.6491 -0.2831 0.7061
vn -0.5758 -0.7090 0.4071
vn 0.1938 -0.4938 0.8477
vn 0.8706 -0.4878 -0.0644
vn 0.2714 -0.7234 -0.6349
vn 0.1409 -0.6702 -0.7287
vn 0.4126 -0.9106 -0.0222
vn -0.0769 -0.3461 0.9350
vn -0.9457 0.1564 -0.2851
vn -0.5529 0.3895 -0.7366
vn -0.3589 -0.6063 -0.7096
vn 0.1059 -0.3582 -0.9276
vn -0.4278 0.8938 -0.1348
vn 0.9612 -0.2750 -0.0233
vn 0.3106 -0.4615 -0.8310
vn 0.0748 0.4932 0.8667
vn -0.4254 0.2949 0.8556
vn 0.3386 -0.5691 0.7493
vn 0.3211 -0.9470 0.0133
vn -0.7188 0.2827 0.6351
vn -0.2680 0.5683 -0.7780
vn -0.7799 0.3117 0.5428
vn 0.7791 0.6090 -0.1487
vn -0.8790 -0.0312 0.4758
vn -0.5565 0.6319 0.5394
vn -0.4029 0.2281 -0.8863
vn -0.7957 0.5049 0.3345
vn -0.6141 0.5970 0.5162
vn 0.5187 -0.5078 -0.6878
vn -0.8569 0.0503 -0.5130
vn -0.7460 -0.0126 0.6659
vn -0.0972 0.4616 -0.8817
vn 0.6805 -0.1241 0.7222
vn 0.0116 0.0567 -0.9983
vn -0.4786 -0.8424 0.2476
vn 0.2868 -0.9124 -0.2920
vn -0.4126 0.7604 -0.5016
vn -0.0971 0.1900 -0.9770
vn 0.9276 0.2957 0.2284
vn -0.6226 -0.5189 0.5857
vn 0.8026 -0.4771 -0.3580
vn -0.5822 0.4011 -0.7073
vn -0.2124 0.1241 -0.9693
vn -0.0934 -0.1500 -0.9843
vn -0.7564 0.3491 0.5531
vn -0.2574 -0.3205 -0.9116
vn -0.2944 0.8204 0.4902
vn 0.8439 -0.5340 -0.0528
vn -0.6972 -0.3224 0.6403
vn 0.7914 0.3142 -0.5243
vn -0.5634 0.4144 0.7147
vn -0.5385 -0.4773 -0.6944
vn -0.2416 -0.6553 -0.7157
vn -0.1765 -0.8317 -0.5265
vn -0.5436 -0.5759 -0.6106
vn 0.1195 -0.9903 0.0709
vn 0.3449 -0.2374 -0.9081
vn 0.4547 -0.7504 0.4798
vn 0.2709 -0.7542 0.5982
vn 0.8272 0.5615 -0.0215
vn 0.4385 0.8943 -0.0891
vn 0.0521 -0.3964 0.9166
vn 0.4618 0.7222 0.5149
vn -0.2805 0.1577 -0.9468
vn 0.3366 0.8496 -0.4060
vn 0.5975 -0.7993 0.0639
vn 0.0408 -0.3325 0.9422
vn -0.4744 0.4771 0.7399
vn -0.1537 0.5195 -0.8405
vn 0.0693 -0.8772 -0.4751
vn -0.6999 -0.5568 -0.4473
vn -0.0708 0.3469 0.9352
vn 0.5217 -0.7956 0.3080
vn 0.0981 -0.2171 0.9712
vn -0.5264 0.2893 0.7995
vn 0.8933 -0.3558 -0.2745
vn -0.6562 0.6448 0.3920
vn -0.1642 -0.3767 -0.9117
vn -0.5357 -0.6838 0.4954
vn 0.6132 -0.2737 0.7410
vn -0.5893 0.6232 0.5141
vn 0.3162 -0.9455 -0.0774
vn 0.4701 0.1709 -0.8659
vn 0.7165 -0.3435 -0.6072
vn -0.1177 -0.3127 -0.9425
vn 0.1904 -0.6810 0.7071
vn 0.4631 -0.8324 -0.3044
vn 0.4597 -0.8736 -0.1597
vn 0.4615 0.3080 0.8319
vn -0.5886 0.7620 0.2702
vn -0.6944 0.3288 0.6401
vn 0.4565 0.1780 0.8717
vn -0.3895 -0.4047 0.8273
vn 0.6177 -0.7840 0.0612
vn 0.0246 -0.2076 -0.9779
vn -0.6250 0.0356 0.7798
vn -0.7685 0.4155 -0.4866
vn -0.6135 -0.2828 0.7373
vn -0.9312 0.3189 0.1765
vn -0.1928 -0.4146 -0.8893
vn 0.2014 0.1063 -0.9737
vn 0.6379 0.0223 -0.7698
vn 0.2868 0.3752 -0.8814
vn 0.7779 -0.4879 -0.3959
vn 0.0093 0.2149 -0.9766
vn -0.7682 0.3253 0.5513
vn -0.8912 0.1983 -0.4080
vn -0.8725 0.3631 0.3269
vn -0.3893 0.5261 0.7561
vn -0.8858 0.4419 -0.1418
vn 0.4632 -0.4432 0.7675
vn 0.3479 -0.6483 -0.6772
vn 0.0968 -0.7915 -0.6034
vn -0.4440 -0.8241 0.3517
vn -0.0222 -0.3973 -0.9174
vn -0.9049 -0.4208 0.0632
vn -0.3581 0.1638 0.9192
vn -0.5940 0.2259 -0.7721
vn -0.6539 0.5454 0.5243
vn -0.9294 -0.2242 -0.2933
vn -0.5059 0.5987 0.6209
vn -0.0028 -0.0157 -0.9999
vn -0.0608 -0.7647 -0.6415
vn -0.2527 -0.8284 -0.4999
vn -0.6432 0.6813 0.3494
vn -0.3786 0.8121 -0.4440
vn -0.1606 0.9838 0.0799
vn -0.2274 -0.2736 -0.9346
vn 0.0901 -0.6974 -0.7110
vn 0.0773 -0.4849 -0.8712
vn -0.0145 -0.5503 -0.8349
vn -0.0378 0.5865 -0.8091
vn -0.0203 0.2806 0.9596
vn -0.9755 0.1688 0.1414
vn -0.5360 -0.5237 0.6621
vn -0.3395 -0.4554 -0.8230
vn -0.1883 0.1935 0.9629
vn 0.6298 -0.7705 0.0988
vn -0.8697 0.2831 0.4044
vn -0.5010 -0.3122 -0.8072
vn -0.6219 0.3401 0.7054
vn -0.6413 0.2146 0.7367
vn -0.6645 -0.7461 -0.0423
vn -0.4965 0.8349 0.2374
vn 0.1140 0.4933 -0.8624
vn -0.9879 -0.1252 0.0913
vn 0.0608 -0.1056 -0.9926
vn -0.9102 -0.3330 -0.2462
vn -0.3969 -0.4539 -0.7978
vn -0.8534 0.4204 0.3081
vn -0.9892 0.0470 0.1385
vn -0.3208 -0.4284 -0.8447
vn -0.0962 0.6115 0.7854
vn 0.9952 0.0952 -0.0206
vn -0.7804 0.3437 0.5223
vn -0.6784 -0.4167 -0.6051
vn 0.6603 0.3405 0.6694
vn 0.8317 -0.2336 0.5037
vn -0.7502 -0.1835 0.6352
vn 0.5435 0.7431 -0.3903
vn 0.2510 0.5136 -0.8205
vn -0.4730 0.7587 0.4479
vn 0.4712 -0.1650 0.8665
vn 0.6789 -0.6651 0.3112
vn 0.5035 -0.4541 0.7350
vn 0.3497 0.9354 -0.0525
vn 0.4247 -0.8778 -0.2215
vn 0.4803 -0.7332 -0.4813
vn 0.9238 -0.3300 0.1941
vn -0.0730 -0.6351 -0.7690
vn -0.7370 -0.5966 -0.3176
vn -0.5331 0.6986 0.4773
vn 0.1849 -0.8971 0.4014
vn -0.0074 0.2449 0.9695
vn -0.4949 -0.4882 0.7188
vn 0.0325 -0.6018 -0.7980
vn 0.7951 0.0604 0.6035
vn -0.2603 -0.2483 -0.9330
vn 0.1999 -0.1194 -0.9725
vn 0.5073 -0.6047 -0.6139
vn 0.6276 -0.7754 -0.0702
vn 0.2681 0.3274 0.9060
vn -0.3387 0.6418 -0.6880
vn 0.4280 0.2727 0.8617
vn -0.7632 0.6142 0.2006
vn 0.0472 -0.8590 -0.5098
vn 0.2600 0.0556 -0.9640
vn -0.0894 -0.4139 -0.9059
vn 0.7656 -0.3886 -0.5126
vn 0.2755 0.9122 0.3032
vn 0.7132 -0.5611 0.4201
vn 0.2114 -0.3744 0.9028
vn 0.0799 0.5904 0.8032
vn -0.0735 0.3928 -0.9167
vn 0.7980 -0.4223 0.4300
vn -0.3987 -0.8554 0.3307
vn 0.2945 -0.5512 -0.7807
vn -0.3688 0.2465 0.8962
vn 0.8057 0.4998 -0.3179
vn -0.4795 -0.8523 0.2088
vn 0.3497 -0.6949 0.6284
vn 0.4550 0.1750 0.8731
vn -0.5999 -0.2556 0.7582
vn 0.7748 0.6235 0.1048
vn 0.0904 0.5099 0.8555
vn 0.6678 0.1019 0.7373
vn 0.7398 -0.2142 0.6378
vn -0.0306 -0.7087 -0.7048
vn -0.6394 0.0175 0.7687
vn 0.0887 0.3659 -0.9264
vn 0.6512 0.3237 0.6864
vn 0.2129 0.5595 0.8010
vn -0.3923 -0.8067 0.4419
vn 0.1684 -0.4352 -0.8844
vn -0.4930 -0.6395 0.5899
vn 0.6858 -0.7003 -0.1980
vn 0.2411 -0.2404 -0.9403
vn 0.3648 -0.5917 0.7189
vn 0.2302 -0.2600 -0.9378
vn 0.5624 -0.4742 -0.6774
vn 0.7791 0.0137 -0.6267
vn -0.3469 -0.7709 0.5343
vn 0.1309 -0.9891 0.0677
vn 0.6452 0.7040 0.2969
vn -0.6595 0.6667 0.3472
vn 0.8011 -0.0195 0.5982
vn -0.6284 0.1003 0.7714
vn 0.9555 -0.0834 0.2830
vn 0.9150 -0.2558 0.3121
vn -0.8173 0.3611 0.4490
vn 0.6657 -0.6059 -0.4357
vn 0.1647 0.6262 -0.7621
vn 0.2785 0.1996 -0.9395
vn 0.6918 0.6012 0.4000
vn 0.8607 -0.1034 -0.4985
vn -0.7244 0.3007 0.6203
vn -0.3775 -0.7364 -0.5614
vn 0.1563 -0.3350 -0.9292
vn 0.9352 0.3535 -0.0211
vn 0.5566 -0.8224 0.1178
vn 0.0322 -0.7101 -0.7033
vn 0.2731 0.0055 -0.9620
vn 0.6823 -0.1940 0.7049
vn 0.6278 0.5033 -0.5938
vn -0.6597 0.6577 0.3636
vn 0.9281 -0.3636 -0.0803
vn 0.3779 -0.9084 -0.1786
vn 0.1474 0.8279 0.5411
vn 0.4992 -0.4814 -0.7205
vn 0.8099 0.0359 0.5855
vn 0.9175 0.3751 0.1325
vn 0.5567 -0.0550 -0.8289
vn 0.6994 0.4248 0.5748
vn -0.0901 0.4712 -0.8774
vn 0.9560 -0.2894 -0.0490
vn 0.8484 0.3621 0.3862
vn 0.8853 0.0893 -0.4564
vn 0.6181 -0.3093 -0.7227
vn -0.1577 -0.9286 0.3360
vn -0.0477 -0.8798 -0.4729
vn -0.2234 -0.6503 -0.7261
vn 0.2229 -0.1083 -0.9688
vn 0.9641 0.1555 -0.2152
vn -0.6516 0.7547 0.0766
vn 0.9544 0.1979 -0.2233
vn 0.9931 -0.0088 0.1169
vn 0.9906 0.1233 0.0590
vn 0.8935 -0.2786 -0.3522
vn 0.8019 -0.1353 -0.5819
vn 0.9675 -0.2033 -0.1501
vn 0.7527 -0.5995 0.2720
vn -0.0431 -0.6139 -0.7882
vn 0.2403 0.2521 0.9374
vn 0.8593 -0.1623 -0.4851
vn 0.6969 -0.4987 0.5154
vn -0.4425 -0.1596 0.8825
vn 0.1142 -0.5210 -0.8459
vn 0.2456 0.7135 0.6562
vn 0.7898 -0.6104 -0.0604
vn 0.9688 -0.2162 -0.1208
vn 0.9333 0.3588 -0.0116
vn 0.6370 0.7586 0.1371
vn -0.9530 0.2991 0.0490
vn -0.8940 0.2387 -0.3792
vn 0.7475 -0.5008 -0.4363
vn 0.2167 -0.9760 0.0207
vn 0.6915 0.7033 -0.1648
vn -0.8085 0.5577 0.1877
vn 0.4867 -0.7935 0.3654
vn -0.2609 -0.0841 0.9617
vn 0.7025 -0.4763 0.5288
vn 0.0619 0.9549 0.2905
vn -0.5649 0.2597 0.7832
vn -0.2926 -0.8353 -0.4655
vn 0.6613 -0.7498 -0.0233
vn -0.1230 -0.5042 0.8548
vn -0.7277 0.6313 -0.2682
vn -0.1693 0.8005 -0.5749
vn 0.3993 -0.8486 -0.3471
vn -0.5378 0.8160 0.2121
vn 0.2438 0.3608 -0.9002
vn 0.1180 -0.7825 -0.6114
vn 0.5670 -0.7385 0.3649
vn 0.4578 -0.3500 0.8173
vn -0.2853 0.1559 0.9457
vn 0.8252 -0.5195 0.2216
vn -0.7363 0.5097 0.4451
vn 0.1952 -0.9466 0.2567
vn 0.0018 -0.3009 -0.9537
vn -0.2224 -0.8033 0.5525
vn -0.2166 0.6830 0.6975
vn -0.6710 0.7284 0.1387
vn -0.2656 -0.8621 0.4316
vn 0.3152 -0.3568 0.8794
vn -0.4572 0.5841 -0.6707
vn -0.6098 0.4629 0.6433
vn 0.3887 0.1323 -0.9118
vn -0.8683 0.4935 0.0500
vn -0.8714 0.1232 -0.4749
vn -0.3639 0.6230 0.6924
vn -0.2100 -0.5997 0.7722
vn 0.1228 -0.9118 -0.3919
vn 0.3077 -0.6915 -0.6536
vn 0.2115 -0.8023 -0.5581
vn -0.0109 0.6095 0.7927
vn -0.9461 0.2705 0.1780
vn -0.9808 0.1593 -0.1125
vn 0.6343 0.6735 -0.3796
vn 0.6762 -0.0858 0.7317
vn 0.2629 -0.1185 -0.9575
vn -0.9313 0.1732 -0.3205
vn 0.6157 -0.7107 -0.3403
vn -0.5746 0.6160 0.5388
vn 0.3999 -0.7778 0.4849
vn -0.9988 0.0458 0.0146
vn -0.9249 0.0465 0.3774
vn -0.1362 0.5813 -0.8022
vn 0.6605 -0.4965 0.5633
vn 0.0210 -0.3230 0.9462
vn -0.9746 0.1261 -0.1852
vn -0.9761 0.1413 0.1651
vn -0.2385 0.0642 -0.9690
vn -0.5836 0.3994 0.7070
vn -0.9477 0.0018 -0.3192
vn -0.0290 0.1195 0.9924
vn -0.3232 0.1418 0.9356
vn -0.7791 0.1889 0.5977
vn -0.9801 0.1065 -0.1676
vn -0.8887 0.1120 -0.4446
vn -0.9501 0.2176 -0.2234
vn -0.9351 0.2681 0.2317
vn -0.8166 0.0551 0.5746
vn 0.0799 -0.5841 0.8077
vn 0.5238 0.7295 -0.4398
vn -0.7522 0.0401 0.6577
vn -0.5333 0.5905 0.6057
vn -0.7157 0.6595 0.2300
vn 0.2637 0.0675 -0.9622
vn -0.1552 -0.4714 0.8682
vn -0.7975 0.2947 -0.5264
vn -0.8200 0.2307 -0.5238
vn 0.4494 -0.7930 -0.4113
vn -0.0349 -0.9874 0.1543
vn 0.7036 -0.6983 0.1317
vn -0.9684 0.1944 -0.1564
vn -0.3927 0.4619 0.7953
vn 0.7052 -0.2178 0.6747
vn 0.7284 -0.6778 -0.0995
vn 0.6985 0.7052 0.1217
vn 0.2844 -0.4358 -0.8539
vn -0.6025 0.2846 0.7456
vn -0.0024 -0.7709 0.6370
vn -0.8530 0.1122 -0.5097
vn 0.1409 -0.0749 0.9872
vn -0.3753 0.5466 0.7486
vn -0.9072 0.3574 0.2218
vn -0.0296 -0.9677 0.2502
vn 0.3766 -0.0868 0.9223
vn -0.7828 0.2309 0.5779
vn 0.2572 -0.8467 -0.4658
vn 0.0066 -0.9221 0.3870
vn 0.0107 -0.9674 0.2530
vn 0.2677 -0.7081 0.6534
vn 0.6626 0.3694 -0.6515
vn 0.2687 0.1718 -0.9478
vn -0.4822 0.5679 -0.6671
vn 0.3354 -0.6041 -0.7229
vn -0.2444 -0.0981 0.9647
vn -0.2130 0.3372 0.9170
vn 0.2942 0.0512 -0.9544
vn -0.8686 0.2400 -0.4334
vn -0.6157 0.0355 0.7872
vn -0.4271 0.4120 -0.8049
vn -0.3772 0.5341 0.7566
vn -0.9606 0.2543 0.1122
vn 0.1670 0.5957 0.7856
vn 0.1745 0.7175 0.6744
vn 0.3782 -0.0972 0.9206
vn 0.2842 -0.3126 0.9064
vn 0.1013 0.9948 0.0125
vn 0.8661 -0.2032 0.4567
vn -0.6247 0.0111 0.7807
vn 0.7436 -0.6574 -0.1219
vn 0.2096 -0.7025 0.6802
vn -0.5520 0.4861 0.6775
vn -0.5553 0.3236 -0.7661
vn -0.6544 0.4798 -0.5844
vn 0.0482 -0.8288 0.5574
vn 0.7480 0.1484 -0.6469
vn 0.4289 -0.5317 -0.7303
vn 0.4181 -0.1074 -0.9020
vn 0.6768 0.4463 0.5854
vn 0.4155 -0.6926 -0.5896
vn -0.9238 0.3701 -0.0982
vn 0.1725 0.0458 -0.9840
vn 0.6180 0.0348 0.7854
vn 0.6556 0.6788 0.3309
vn 0.0088 0.2012 0.9795
vn 0.4700 -0.2905 -0.8335
vn 0.5869 0.0919 0.8044
vn -0.3299 -0.0011 0.9440
vn 0.7753 0.2576 -0.5766
vn 0.4491 -0.0996 0.8879
vn 0.8432 0.2265 0.4876
vn -0.1275 0.5650 -0.8152
vn -0.3024 0.0275 0.9528
vn 0.0626 -0.9498 0.3065
vn -0.2560 0.3536 -0.8997
vn 0.4603 -0.5664 -0.6836
vn 0.3536 -0.7405 -0.5715
vn 0.2485 -0.8455 -0.4727
vn 0.5601 0.1041 0.8219
vn 0.8587 0.1674 0.4843
vn -0.0467 0.1610 0.9858
vn 0.1820 0.3973 -0.8995
vn 0.9462 -0.0111 -0.3235
vn 0.1888 0.7295 -0.6574
vn 0.1598 -0.9791 0.1259
vn 0.1386 -0.9481 0.2861
vn 0.3938 -0.4322 0.8112
vn -0.6210 0.5528 0.5557
vn 0.3577 0.6483 0.6721
vn 0.2488 -0.9091 0.3340
vn 0.3468 -0.4020 -0.8474
vn 0.3464 0.2720 0.8978
vn -0.0039 0.5784 -0.8157
vn -0.7168 0.2145 -0.6635
vn -0.6232 0.7360 0.2643
vn 0.0852 0.1369 -0.9869
vn 0.3832 0.0559 -0.9220
vn 0.2463 0.2067 0.9469
vn 0.0422 -0.0004 -0.9991
vn 0.5870 0.0964 0.8038
vn 0.1563 0.1870 0.9699
vn 0.3545 -0.9242 -0.1419
vn 0.2719 0.5625 0.7808
vn 0.5046 -0.0728 -0.8603
vn 0.6110 0.0695 -0.7886
vn -0.7357 0.5365 -0.4134
vn 0.5687 0.1791 0.8028
vn 0.6594 0.5958 0.4585
vn 0.8031 -0.1729 -0.5702
vn 0.4824 0.1830 0.8566
vn 0.3776 0.1097 -0.9194
vn 0.9724 -0.2198 -0.0787
vn 0.2296 0.5120 -0.8277
vn -0.1057 0.6593 0.7444
vn 0.4797 -0.3989 -0.7816
vn 0.0479 -0.3153 -0.9478
vn 0.7460 0.1984 0.6357
vn -0.1030 0.4169 0.9031
vn -0.1960 0.3070 -0.9313
vn 0.5876 0.3435 0.7326
vn 0.5602 -0.1461 -0.8154
vn 0.3086 -0.9139 -0.2639
vn 0.7129 -0.3808 0.5889
vn 0.1595 0.5788 -0.7997
vn 0.3830 0.2067 0.9003
vn 0.5649 0.0226 -0.8249
vn 0.0090 0.4116 0.9113
vn 0.4268 -0.8987 -0.1010
vn 0.2225 -0.9294 0.2943
vn 0.1634 0.4221 0.8917
vn 0.2740 -0.9611 -0.0349
vn 0.6373 0.2032 -0.7434
vn 0.3149 -0.7704 0.5544
vn 0.7870 0.3643 0.4979
vn -0.0833 0.9873 0.1351
vn 0.7993 -0.0740 0.5964
vn 0.5667 0.0794 -0.8201
vn -0.1245 0.7752 -0.6193
vn 0.9971 0.0509 -0.0574
vn 0.3202 -0.8822 0.3452
vn 0.4483 0.4519 0.7713
vn 0.8324 0.1965 -0.5182
vn 0.4584 -0.6771 0.5757
vn 0.0758 0.7138 0.6963
vn 0.3526 -0.0766 0.9326
vn 0.7531 0.4412 -0.4881
vn 0.1715 0.9774 0.1238
vn 0.4391 0.8908 -0.1167
vn 0.3796 -0.7196 -0.5815
vn 0.9797 0.0264 -0.1985
vn 0.3884 0.2748 -0.8795
vn 0.9856 0.0690 0.1543
vn 0.8890 0.2173 -0.4030
vn 0.3026 0.2436 0.9215
vn 0.3746 -0.9233 0.0844
vn 0.5278 0.3064 0.7922
vn 0.5095 -0.5242 -0.6823
vn 0.9452 0.2682 0.1861
vn 0.9712 0.2141 -0.1043
vn 0.5558 -0.8195 -0.1397
vn 0.7903 0.4273 0.4392
vn 0.4038 -0.8355 -0.3727
vn 0.9315 0.3598 0.0529
vn 0.5308 -0.8327 -0.1578
vn 0.3389 0.4630 -0.8190
vn 0.3027 0.2052 0.9307
vn 0.6609 0.0960 -0.7443
vn 0.5599 -0.0748 -0.8252
vn 0.5641 -0.7770 0.2794
vn 0.3518 -0.8911 0.2867
vn -0.0688 0.2032 0.9767
vn -0.1960 0.5736 0.7953
vn 0.5572 -0.1816 0.8102
vn 0.7355 0.0512 -0.6756
vn -0.1384 0.8432 0.5194
vn -0.2950 0.8159 0.4973
vn 0.5581 -0.7512 0.3525
vn 0.5730 0.1185 -0.8109
vn 0.5645 -0.7213 -0.4014
vn 0.5248 -0.8440 0.1104
vn 0.1641 0.7985 0.5792
vn 0.4826 0.0532 0.8742
vn 0.6153 0.4900 -0.6175
vn -0.0795 0.1502 0.9855
vn 0.8239 0.0507 -0.5645
vn 0.6207 -0.7828 -0.0446
vn 0.6344 0.1842 -0.7507
vn 0.6028 -0.5888 0.5385
vn 0.6670 -0.3755 0.6435
vn 0.6851 0.6187 0.3844
vn 0.7928 0.4635 -0.3958
vn 0.6011 0.3718 -0.7074
vn 0.6295 0.2559 -0.7337
vn 0.7124 0.5302 0.4597
vn 0.9154 0.3732 0.1507
vn -0.0868 0.9596 0.2678
vn 0.4866 -0.7798 0.3939
vn 0.7291 -0.1171 0.6743
vn 0.5790 -0.2658 -0.7708
vn 0.7608 -0.5158 0.3940
vn 0.5785 -0.6694 0.4661
vn 0.8755 0.0346 -0.4819
vn 0.6592 0.0222 0.7517
vn 0.7849 0.2479 -0.5679
vn 0.8983 0.3943 -0.1940
vn 0.8425 0.3355 -0.4214
vn 0.6817 -0.7242 -0.1042
vn 0.8365 0.3320 -0.4360
vn 0.6546 -0.6038 -0.4548
vn 0.7352 0.2227 0.6402
vn 0.6626 -0.6320 0.4019
vn 0.7140 -0.0385 -0.6991
vn 0.7236 -0.6758 -0.1404
vn 0.3425 0.9068 0.2456
vn 0.8163 0.3934 0.4230
vn 0.0837 0.9846 -0.1532
vn 0.8046 -0.4128 0.4270
vn 0.4636 -0.8793 -0.1088
vn 0.9086 0.2388 0.3427
vn 0.6144 -0.5169 0.5961
vn -0.9978 -0.0164 0.0643
vn -0.8962 -0.0598 0.4396
vn -0.9495 0.1785 0.2580
vn 0.4691 0.5265 -0.7090
vn -0.9892 0.0101 -0.1463
vn -0.9571 0.0066 -0.2898
vn 0.7739 -0.6123 -0.1618
vn -0.9587 0.2809 -0.0456
vn 0.3409 0.3980 -0.8517
vn 0.7214 -0.6827 0.1162
vn -0.7410 0.1066 0.6630
vn -0.1718 0.9095 0.3786
vn -0.9672 0.0525 0.2487
vn -0.9926 -0.0879 0.0833
vn -0.0026 0.9238 -0.3829
vn -0.0687 0.4254 0.9024
vn 0.5949 0.2350 -0.7687
vn -0.5117 -0.5981 -0.6168
vn -0.7557 0.1025 0.6469
vn -0.8468 -0.1756 -0.5021
vn -0.9000 0.0026 -0.4358
vn -0.4998 -0.6450 -0.5781
vn 0.4728 0.6744 -0.5672
vn 0.9342 0.1218 -0.3354
vn -0.3551 -0.7257 0.5893
vn 0.8697 0.0476 0.4913
vn -0.6165 -0.5384 0.5745
vn 0.7167 0.5882 -0.3747
vn 0.9624 0.1751 -0.2076
vn 0.7591 0.4713 0.4490
vn 0.2232 -0.9273 -0.3006
vn -0.8956 0.2436 0.3722
vn 0.9775 -0.0110 -0.2105
vn -0.9447 0.2684 -0.1887
vn 0.2392 0.9488 -0.2065
vn 0.9816 0.1883 -0.0311
vn 0.9664 0.0559 0.2508
vn 0.9735 0.1876 0.1309
vn -0.5564 0.1077 0.8239
vn 0.8047 -0.5739 -0.1520
vn 0.9816 0.1840 -0.0518
vn 0.7707 0.6136 -0.1719
vn -0.4896 -0.1072 -0.8653
vn 0.8299 -0.3609 -0.4254
vn -0.5849 0.1119 0.8033
vn -0.4805 0.8236 -0.3014
vn 0.7555 0.3498 0.5539
vn 0.9960 -0.0623 0.0633
vn 0.9291 0.3159 -0.1920
vn 0.1139 0.8732 0.4738
vn -0.8398 0.1506 -0.5216
vn 0.1387 -0.3286 0.9342
vn -0.0123 0.9940 0.1086
vn -0.6991 0.3936 0.5970
vn 0.9979 -0.0109 -0.0642
vn -0.3644 0.0705 -0.9286
vn -0.1361 0.9893 -0.0524
vn 0.4337 -0.6073 -0.6657
vn -0.0883 0.9874 0.1316
vn 0.6800 0.6120 0.4038
vn 0.9392 0.2174 0.2659
vn 0.9096 -0.2804 0.3067
vn -0.4175 0.2947 -0.8596
vn 0.7277 -0.6555 0.2020
vn 0.8143 -0.1913 -0.5481
vn 0.6309 0.2726 -0.7264
vn -0.1489 -0.1595 -0.9759
vn -0.8249 0.5224 0.2160
vn 0.5316 0.0569 0.8451
vn 0.8965 -0.4392 -0.0584
vn 0.1254 0.2881 0.9494
vn -0.1334 0.9374 0.3217
vn 0.2599 -0.0817 -0.9622
vn 0.8113 -0.3207 0.4888
vn 0.9963 0.0293 0.0802
vn 0.6680 0.0724 0.7406
vn 0.6663 -0.7235 -0.1804
vn -0.5075 0.4522 -0.7335
vn -0.0503 -0.0703 0.9963
vn 0.5056 0.5320 0.6792
vn -0.8402 0.3417 -0.4212
vn -0.2537 0.6139 -0.7475
vn -0.0292 -0.1708 -0.9849
vn 0.7000 -0.1352 0.7012
vn 0.5643 -0.5285 0.6343
vn 0.9353 -0.3225 -0.1454
vn 0.9152 -0.2380 -0.3251
vn 0.2051 -0.6379 -0.7423
vn 0.9190 -0.1462 0.3661
vn 0.8320 -0.2969 -0.4686
vn 0.8111 -0.0642 0.5814
vn -0.5840 -0.0181 0.8115
vn 0.5996 -0.7889 0.1345
vn 0.9406 0.1142 -0.3197
vn 0.2155 0.6129 -0.7602
vn 0.2620 0.4499 -0.8538
vn -0.2036 0.2432 0.9484
vn 0.0361 0.0850 -0.9957
vn 0.9487 0.3162 0.0037
vn 0.7762 -0.6018 -0.1882
vn 0.9850 -0.1677 -0.0401
vn 0.8637 -0.2432 0.4415
vn -0.1625 0.7891 -0.5923
vn 0.1283 0.8427 0.5229
vn 0.1174 0.1566 0.9807
vn -0.0491 -0.2967 -0.9537
vn 0.8576 -0.1620 -0.4882
vn 0.9131 -0.1146 -0.3914
vn 0.6545 -0.0316 0.7554
vn -0.5345 0.2225 -0.8154
vn 0.5759 -0.7127 -0.4004
vn 0.8481 -0.2638 0.4595
vn -0.7929 0.6093 0.0120
vn -0.6694 0.6934 -0.2667
vn 0.9328 -0.3498 0.0869
vn 0.3312 -0.0450 0.9425
vn -0.3141 0.8019 0.5082
vn 0.9475 0.1041 -0.3024
vn 0.0839 0.0810 -0.9932
vn 0.1021 0.0352 -0.9942
vn -0.2100 0.5587 -0.8023
vn 0.1528 0.9768 0.1503
vn 0.9735 -0.2079 -0.0956
vn 0.5441 0.3121 -0.7788
vn 0.8296 -0.3129 0.4625
vn 0.9973 -0.0498 0.0535
vn 0.9832 -0.0608 -0.1721
vn 0.6589 -0.6420 0.3919
vn 0.3968 0.1294 0.9087
vn 0.8894 -0.3437 0.3014
vn 0.8214 -0.2280 0.5228
vn 0.9742 -0.1959 -0.1118
vn -0.4113 0.9060 0.1002
vn 0.5934 -0.2788 0.7551
vn 0.9852 -0.1468 0.0885
vn 0.1114 -0.1203 0.9865
vn 0.7763 0.3854 0.4988
vn 0.9893 -0.1456 -0.0133
vn -0.1057 0.0097 -0.9944
vn 0.6563 -0.3656 -0.6600
vn 0.9503 0.0537 -0.3066
vn -0.0922 0.0505 0.9945
vn 0.8389 0.4761 0.2637
vn 0.7526 -0.0367 -0.6575
vn 0.2752 -0.5753 -0.7703
vn 0.7498 -0.4633 -0.4723
vn 0.9305 0.3300 -0.1589
vn 0.8667 -0.4621 -0.1879
vn 0.5266 -0.0214 0.8498
vn 0.9129 0.2802 0.2968
vn 0.9439 -0.3270 -0.0456
vn 0.8054 -0.2242 0.5488
vn 0.9127 -0.1691 -0.3719
vn 0.3084 0.2483 -0.9183
vn 0.9775 -0.1972 -0.0748
vn -0.4855 0.7461 -0.4557
vn 0.6749 -0.4701 0.5687
vn 0.2443 0.3981 0.8842
vn 0.7306 -0.5167 0.4463
vn 0.4908 0.0901 0.8666
vn -0.0615 0.9456 0.3195
vn 0.5615 -0.8248 -0.0669
vn 0.9799 0.0944 0.1760
vn 0.9579 -0.0975 -0.2699
vn 0.8905 -0.4462 -0.0892
vn 0.0308 0.9095 -0.4146
vn 0.8621 -0.1432 -0.4861
vn -0.0697 -0.3536 -0.9328
vn 0.5482 -0.7424 -0.3851
vn 0.2793 0.7633 0.5826
vn 0.6248 -0.3044 0.7190
vn 0.4395 0.8885 0.1319
vn 0.4416 -0.8684 0.2256
vn 0.3896 0.8972 0.2082
vn 0.8444 -0.4944 0.2062
vn -0.1797 0.6460 -0.7419
vn 0.3502 0.0279 0.9362
vn 0.5194 0.6427 -0.5631
vn 0.4050 -0.8998 -0.1623
vn 0.5076 0.8066 -0.3029
vn 0.5040 0.7114 0.4898
vn 0.1915 0.1677 -0.9671
vn 0.9326 0.3336 -0.1376
vt 0.232087 0.555761
vt 0.283087 0.556340
vt 0.272256 0.583966
vt 0.249230 0.515682
vt 0.293586 0.531204
vt 0.185105 0.536577
vt 0.300432 0.499489
vt 0.207510 0.605395
vt 0.246520 0.623805
vt 0.207129 0.487027
vt 0.262140 0.479219
vt 0.165680 0.583105
vt 0.275833 0.641372
vt 0.198856 0.600991
vt 0.223577 0.451746
vt 0.292087 0.602650
vt 0.319025 0.553919
vt 0.152802 0.533037
vt 0.301354 0.493512
vt 0.263197 0.474581
vt 0.213583 0.679364
vt 0.333686 0.582637
vt 0.173394 0.466588
vt 0.272903 0.438773
vt 0.000287 0.276257
vt 0.036839 0.246098
vt 0.022210 0.293821
vt 0.118498 0.522451
vt 0.133457 0.478707
vt 0.131092 0.564130
vt 0.256600 0.676035
vt 0.191816 0.421337
vt 0.309564 0.625357
vt 0.324113 0.531332
vt 0.137663 0.638048
vt 0.031776 0.197009
vt 0.038414 0.205555
vt 0.019589 0.221610
vt 0.018563 0.164202
vt 0.052162 0.160100
vt 0.015787 0.170599
vt 0.112072 0.554376
vt 0.000000 0.204949
vt 0.176112 0.659944
vt 0.333686 0.497969
vt 0.291146 0.650526
vt 0.111403 0.599074
vt 0.230756 0.430042
vt 0.128455 0.433446
vt 0.149218 0.432705
vt 0.234432 0.419244
vt 0.046347 0.126018
vt 0.308830 0.459391
vt 0.118291 0.485740
vt 0.106276 0.492523
vt 0.057969 0.274654
vt 0.099540 0.543327
vt 0.165703 0.427241
vt 0.142102 0.640800
vt 0.060919 0.194854
vt 0.308374 0.653365
vt 0.091011 0.581668
vt 0.278156 0.682461
vt 0.071740 0.531821
vt 0.050357 0.291634
vt 0.078104 0.219015
vt 0.123989 0.693821
vt 0.812383 0.693842
vt 0.797056 0.676312
vt 0.837744 0.687894
vt 0.082008 0.555699
vt 0.959134 0.652382
vt 0.920754 0.666407
vt 0.921463 0.620670
vt 0.301426 0.673875
vt 0.880138 0.672017
vt 0.842784 0.636776
vt 0.055849 0.330161
vt 0.154045 0.426641
vt 0.080211 0.176032
vt 0.033795 0.320577
vt 0.096901 0.115951
vt 0.800755 0.692737
vt 0.247486 0.727818
vt 0.122822 0.649366
vt 0.064450 0.628245
vt 0.108033 0.135257
vt 0.166961 0.717165
vt 0.814130 0.641897
vt 0.769941 0.694640
vt 0.892326 0.627357
vt 0.072512 0.559747
vt 0.776070 0.696129
vt 0.303047 0.695775
vt 0.038908 0.341444
vt 0.122209 0.433838
vt 0.078030 0.479550
vt 0.057086 0.562402
vt 0.085495 0.471986
vt 0.078827 0.274551
vt 0.058945 0.346483
vt 0.147728 0.702184
vt 0.949774 0.613285
vt 0.058735 0.360780
vt 0.768224 0.662466
vt 0.050554 0.512742
vt 0.202787 0.729018
vt 0.783788 0.640795
vt 0.082578 0.325523
vt 0.090428 0.669406
vt 0.988683 0.601372
vt 0.061028 0.456217
vt 0.277519 0.729102
vt 0.038680 0.542146
vt 0.082939 0.438095
vt 0.109981 0.271864
vt 0.734624 0.678697
vt 0.920502 0.600471
vt 0.082298 0.353451
vt 0.886523 0.598673
vt 0.106742 0.188477
vt 0.121175 0.154676
vt 0.088014 0.313461
vt 0.833111 0.637794
vt 0.032164 0.563397
vt 0.106862 0.236474
vt 0.086507 0.432409
vt 0.987833 0.600111
vt 0.097992 0.114336
vt 0.130363 0.101719
vt 0.832654 0.604852
vt 0.791637 0.337305
vt 0.745354 0.324100
vt 0.752607 0.310474
vt 0.060181 0.625140
vt 0.112340 0.710246
vt 0.157206 0.731393
vt 0.039966 0.603697
vt 0.082762 0.373204
vt 0.056713 0.638429
vt 0.056482 0.663710
vt 0.069805 0.396476
vt 0.113124 0.321767
vt 0.973831 0.571167
vt 0.988205 0.566615
vt 0.950423 0.580701
vt 0.743500 0.633148
vt 0.139640 0.221387
vt 0.140004 0.121926
vt 0.046052 0.476303
vt 0.895551 0.573220
vt 0.797083 0.309674
vt 0.135963 0.758195
vt 0.147050 0.186959
vt 0.803816 0.610245
vt 0.028959 0.571908
vt 0.014013 0.533578
vt 0.872798 0.576249
vt 0.031051 0.496270
vt 0.120308 0.395665
vt 0.112806 0.359134
vt 0.121941 0.256946
vt 0.153937 0.265829
vt 0.018421 0.608927
vt 0.917867 0.571511
vt 0.333911 0.620999
vt 0.335199 0.642878
vt 0.333911 0.651818
vt 0.936341 0.561413
vt 0.712295 0.302382
vt 0.712044 0.283549
vt 0.025699 0.627223
vt 0.836861 0.336904
vt 0.719109 0.639247
vt 0.091845 0.734541
vt 0.776617 0.620326
vt 0.850923 0.308860
vt 0.089815 0.415157
vt 0.144592 0.148453
vt 0.959465 0.553774
vt 0.739914 0.279528
vt 0.769438 0.279106
vt 0.341080 0.457434
vt 0.333686 0.476500
vt 0.333686 0.419244
vt 0.036605 0.439638
vt 0.156301 0.349506
vt 0.052821 0.703928
vt 0.887443 0.554377
vt 0.671951 0.448478
vt 0.639527 0.429378
vt 0.669635 0.426652
vt 0.001056 0.573334
vt 0.686466 0.650035
vt 0.672627 0.487720
vt 0.640009 0.483814
vt 0.739723 0.608767
vt 0.026550 0.676999
vt 0.905746 0.557422
vt 0.152830 0.308994
vt 0.151368 0.215201
vt 0.179399 0.139107
vt 0.950333 0.553904
vt 0.139685 0.070030
vt 0.158132 0.092444
vt 0.172242 0.172221
vt 0.732200 0.619469
vt 0.632427 0.390377
vt 0.804491 0.292249
vt 0.195754 0.811742
vt 0.198070 0.812359
vt 0.194402 0.819942
vt 0.197258 0.824074
vt 0.004934 0.622001
vt 0.193065 0.832874
vt 0.836764 0.574134
vt 0.899256 0.556663
vt 0.944907 0.536949
vt 0.145850 0.832026
vt 0.922589 0.553961
vt 0.195175 0.803436
vt 0.198342 0.801481
vt 0.540217 0.734821
vt 0.541302 0.746073
vt 0.536317 0.736932
vt 0.950686 0.534873
vt 0.000358 0.583590
vt 0.195980 0.796865
vt 0.540572 0.727656
vt 0.537860 0.722082
vt 0.147877 0.819629
vt 0.147102 0.807108
vt 0.541302 0.761683
vt 0.535569 0.767612
vt 0.540113 0.756306
vt 0.146164 0.824993
vt 0.192633 0.838317
vt 0.929268 0.550592
vt 0.148040 0.794157
vt 0.528350 0.712513
vt 0.147850 0.800051
vt 0.538882 0.767601
vt 0.937345 0.544812
vt 0.154441 0.002759
vt 0.149852 0.001012
vt 0.160671 0.000000
vt 0.196020 0.790317
vt 0.533776 0.761048
vt 0.180945 0.114512
vt 0.763824 0.584540
vt 0.160139 0.004189
vt 0.872893 0.563188
vt 0.144607 0.840769
vt 0.191871 0.843863
vt 0.118814 0.415399
vt 0.195375 0.782765
vt 0.879590 0.551082
vt 0.519771 0.708994
vt 0.687066 0.633557
vt 0.157276 0.057317
vt 0.138627 0.062023
vt 0.154547 0.051711
vt 0.147522 0.787722
vt 0.528134 0.777456
vt 0.148642 0.780824
vt 0.702556 0.612103
vt 0.720219 0.258980
vt 0.535210 0.774492
vt 0.203735 0.190980
vt 0.146237 0.048582
vt 0.195676 0.775432
vt 0.792073 0.559977
vt 0.177735 0.155490
vt 0.530008 0.780631
vt 0.439569 0.901801
vt 0.440617 0.908105
vt 0.439569 0.915095
vt 0.209491 0.267210
vt 0.899035 0.315721
vt 0.923160 0.288276
vt 0.941553 0.311868
vt 0.858737 0.290931
vt 0.147078 0.779560
vt 0.516058 0.702761
vt 0.583376 0.385944
vt 0.616183 0.379353
vt 0.167496 0.005969
vt 0.174691 0.002933
vt 0.206722 0.221484
vt 0.914823 0.270065
vt 0.514781 0.782627
vt 0.174470 0.007276
vt 0.868877 0.264158
vt 0.743922 0.267694
vt 0.000000 0.627797
vt 0.037956 0.721996
vt 0.146493 0.770803
vt 0.182492 0.070738
vt 0.164451 0.054614
vt 0.697244 0.256220
vt 0.668135 0.528704
vt 0.868332 0.545068
vt 0.747054 0.594035
vt 0.668403 0.576486
vt 0.662689 0.582704
vt 0.666698 0.538926
vt 0.187178 0.312934
vt 0.776298 0.252277
vt 0.509724 0.761867
vt 0.845230 0.541927
vt 0.156878 0.363598
vt 0.144758 0.768365
vt 0.158255 0.410837
vt 0.195133 0.765201
vt 0.517828 0.786096
vt 0.816045 0.552992
vt 0.186099 0.139489
vt 0.175409 0.057427
vt 0.516538 0.741906
vt 0.512080 0.730589
vt 0.503302 0.697616
vt 0.504429 0.723418
vt 0.642969 0.550425
vt 0.514846 0.752029
vt 0.519778 0.789001
vt 0.180769 0.007784
vt 0.493552 0.696903
vt 0.207726 0.244758
vt 0.816112 0.265514
vt 0.063511 0.739180
vt 0.157765 0.393842
vt 0.188320 0.004514
vt 0.757721 0.568499
vt 0.010180 0.689970
vt 0.224260 0.930710
vt 0.224260 0.919742
vt 0.225390 0.925752
vt 0.943152 0.959446
vt 0.940866 0.961668
vt 0.940866 0.953138
vt 0.267607 0.835256
vt 0.278341 0.835807
vt 0.269636 0.837911
vt 0.513419 0.735966
vt 0.508959 0.729345
vt 0.667045 0.628196
vt 0.643005 0.642459
vt 0.713931 0.584673
vt 0.514288 0.792877
vt 0.279812 0.838190
vt 0.261583 0.836310
vt 0.259995 0.837974
vt 0.857631 0.534921
vt 0.334139 0.655162
vt 0.334139 0.666128
vt 0.333719 0.660455
vt 0.269684 0.845473
vt 0.261529 0.880630
vt 0.189586 0.008617
vt 0.255492 0.836303
vt 0.266554 0.881335
vt 0.620815 0.826401
vt 0.615837 0.819079
vt 0.618153 0.813661
vt 0.618363 0.825698
vt 0.621964 0.816249
vt 0.271250 0.882071
vt 0.193337 0.111705
vt 0.612247 0.809284
vt 0.613776 0.823096
vt 0.620099 0.833400
vt 0.211695 0.138308
vt 0.144607 0.758195
vt 0.932205 0.726602
vt 0.936831 0.716539
vt 0.936276 0.726869
vt 0.614375 0.805290
vt 0.255994 0.838567
vt 0.616161 0.833577
vt 0.593482 0.814996
vt 0.598103 0.824825
vt 0.593794 0.824919
vt 0.622940 0.833945
vt 0.598322 0.813538
vt 0.850586 0.917654
vt 0.853551 0.913729
vt 0.853427 0.920592
vt 0.593917 0.805299
vt 0.602553 0.816263
vt 0.603141 0.826109
vt 0.617674 0.805357
vt 0.599074 0.809473
vt 0.933169 0.734057
vt 0.610322 0.804979
vt 0.939010 0.705948
vt 0.942808 0.705403
vt 0.934698 0.714089
vt 0.616240 0.429573
vt 0.284716 0.838835
vt 0.634318 0.483663
vt 0.863221 0.539826
vt 0.871170 0.545533
vt 0.590978 0.803587
vt 0.608515 0.809961
vt 0.602935 0.836517
vt 0.506874 0.763197
vt 0.590680 0.817888
vt 0.615658 0.799139
vt 0.591711 0.797691
vt 0.291477 0.836057
vt 0.610956 0.822390
vt 0.849761 0.930300
vt 0.852471 0.934473
vt 0.939354 0.723416
vt 0.936734 0.738896
vt 0.942336 0.699941
vt 0.588782 0.809396
vt 0.254894 0.881274
vt 0.858483 0.901993
vt 0.857595 0.908695
vt 0.599798 0.842896
vt 0.848887 0.940674
vt 0.622534 0.842763
vt 0.261745 0.883166
vt 0.268478 0.883063
vt 0.941706 0.712131
vt 0.608777 0.798344
vt 0.858817 0.533306
vt 0.186217 0.093968
vt 0.620380 0.843719
vt 0.793273 0.853583
vt 0.793273 0.896061
vt 0.788943 0.855479
vt 0.951175 0.338458
vt 0.951175 0.345701
vt 0.948039 0.342406
vt 0.273315 0.883044
vt 0.250570 0.835134
vt 0.223603 0.871407
vt 0.222925 0.883029
vt 0.217538 0.872208
vt 0.218619 0.879953
vt 0.221220 0.866232
vt 0.279177 0.882773
vt 0.689604 0.592366
vt 0.855234 0.926848
vt 0.283241 0.918899
vt 0.287130 0.907279
vt 0.286787 0.916027
vt 0.793245 0.926686
vt 0.791710 0.930962
vt 0.791710 0.920073
vt 0.792866 0.931216
vt 0.284491 0.926344
vt 0.606243 0.805865
vt 0.585776 0.800716
vt 0.506921 0.791549
vt 0.624406 0.843492
vt 0.939584 0.731063
vt 0.364985 0.870222
vt 0.358398 0.880848
vt 0.365224 0.865096
vt 0.639284 0.587457
vt 0.216680 0.881437
vt 0.925285 0.877746
vt 0.936771 0.865070
vt 0.932456 0.872983
vt 0.636643 0.539647
vt 0.543707 0.933198
vt 0.541302 0.932018
vt 0.545837 0.930093
vt 0.290097 0.839011
vt 0.672613 0.851836
vt 0.671948 0.843272
vt 0.672613 0.840691
vt 0.197763 0.933219
vt 0.194663 0.933829
vt 0.194140 0.929677
vt 0.944991 0.712554
vt 0.222185 0.894093
vt 0.224962 0.890823
vt 0.935217 0.743580
vt 0.194289 0.937639
vt 0.621369 0.912368
vt 0.620755 0.906216
vt 0.624986 0.911156
vt 0.611276 0.793485
vt 0.287695 0.926761
vt 0.620441 0.920748
vt 0.618314 0.912992
vt 0.214292 0.865620
vt 0.215979 0.862178
vt 0.584554 0.794067
vt 0.858577 0.917768
vt 0.213528 0.869723
vt 0.624796 0.921898
vt 0.279280 0.884066
vt 0.537457 0.876064
vt 0.535215 0.883968
vt 0.535541 0.876912
vt 0.437990 0.800877
vt 0.439017 0.827913
vt 0.437990 0.834411
vt 0.950092 0.696129
vt 0.855003 0.934451
vt 0.219019 0.890148
vt 0.588774 0.794590
vt 0.926907 0.764042
vt 0.929588 0.769510
vt 0.925944 0.766756
vt 0.779501 0.339991
vt 0.779501 0.337465
vt 0.780576 0.338579
vt 0.582960 0.802142
vt 0.855114 0.945913
vt 0.244925 0.841561
vt 0.198342 0.838407
vt 0.245775 0.836785
vt 0.219803 0.858173
vt 0.284797 0.874203
vt 0.288716 0.861040
vt 0.285711 0.867735
vt 0.502523 0.768255
vt 0.947350 0.702974
vt 0.946239 0.706483
vt 0.351237 0.880615
vt 0.861286 0.907574
vt 0.861826 0.912337
vt 0.592701 0.838121
vt 0.062622 0.991130
vt 0.067721 0.989497
vt 0.066985 0.991365
vt 0.286310 0.930678
vt 0.615340 0.909403
vt 0.944125 0.718938
vt 0.944466 0.717283
vt 0.352815 0.890575
vt 0.344644 0.889951
vt 0.533382 0.884846
vt 0.616049 0.898991
vt 0.195085 0.938560
vt 0.851766 0.951123
vt 0.994338 0.746482
vt 0.989760 0.743621
vt 0.992553 0.736984
vt 0.533382 0.872143
vt 0.834612 0.881638
vt 0.832978 0.878797
vt 0.837886 0.870416
vt 0.732084 0.913015
vt 0.731086 0.922390
vt 0.730705 0.919076
vt 0.616532 0.895084
vt 0.621695 0.899547
vt 0.393009 0.826785
vt 0.397251 0.819511
vt 0.395436 0.830494
vt 0.937884 0.746191
vt 0.943051 0.721457
vt 0.620660 0.926588
vt 0.253327 0.883964
vt 0.212846 0.915054
vt 0.205123 0.911090
vt 0.209591 0.906195
vt 0.946981 0.701571
vt 0.866013 0.899820
vt 0.926633 0.870592
vt 0.732084 0.926329
vt 0.926923 0.769116
vt 0.396767 0.839033
vt 0.394751 0.841205
vt 0.282684 0.883499
vt 0.948035 0.344064
vt 0.947625 0.340391
vt 0.287316 0.902471
vt 0.290732 0.894665
vt 0.944622 0.714053
vt 0.614451 0.930886
vt 0.194114 0.931342
vt 0.222989 0.901649
vt 0.945230 0.708760
vt 0.945622 0.707575
vt 0.216230 0.853655
vt 0.285945 0.935237
vt 0.624135 0.852009
vt 0.507781 0.795189
vt 0.200867 0.896953
vt 0.190391 0.061583
vt 0.225335 0.899854
vt 0.624745 0.928339
vt 0.191762 0.058665
vt 0.347330 0.885087
vt 0.605258 0.794846
vt 0.554776 0.929849
vt 0.928022 0.769984
vt 0.219909 0.903363
vt 0.614698 0.921502
vt 0.928285 0.868352
vt 0.929234 0.866874
vt 0.983215 0.932871
vt 0.985354 0.929681
vt 0.989086 0.934056
vt 0.923573 0.874416
vt 0.398864 0.820797
vt 0.602902 0.849116
vt 0.860195 0.926005
vt 0.214067 0.907829
vt 0.943889 0.722903
vt 0.923044 0.875779
vt 0.861967 0.347896
vt 0.861967 0.338291
vt 0.866202 0.341187
vt 0.194065 0.939135
vt 0.193687 0.942364
vt 0.995760 0.738831
vt 0.202775 0.910039
vt 0.608070 0.791179
vt 0.945027 0.716610
vt 0.944531 0.720648
vt 0.396652 0.847338
vt 0.212631 0.865114
vt 0.581316 0.797527
vt 0.863806 0.904464
vt 0.063591 0.989826
vt 0.064581 0.981494
vt 0.613252 0.914927
vt 0.200454 0.827796
vt 0.247753 0.830957
vt 0.193670 0.932381
vt 0.354804 0.872341
vt 0.438846 0.832796
vt 0.363265 0.861853
vt 0.613467 0.922325
vt 0.555129 0.927774
vt 0.944234 0.729429
vt 0.860961 0.918002
vt 0.217712 0.849030
vt 0.860674 0.920851
vt 0.604635 0.799217
vt 0.614304 0.918966
vt 0.857361 0.936639
vt 0.834691 0.869741
vt 0.747325 0.340203
vt 0.745768 0.340203
vt 0.745930 0.337362
vt 0.294153 0.917477
vt 0.786434 0.898887
vt 0.194673 0.941878
vt 0.210423 0.895166
vt 0.731813 0.877932
vt 0.731813 0.871928
vt 0.732271 0.876935
vt 0.482519 0.789326
vt 0.341492 0.894080
vt 0.838379 0.865460
vt 0.937686 0.752178
vt 0.604636 0.846801
vt 0.211108 0.086344
vt 0.593356 0.841293
vt 0.203563 0.887506
vt 0.290220 0.940392
vt 0.297918 0.891955
vt 0.400007 0.843132
vt 0.290303 0.857626
vt 0.612946 0.912016
vt 0.613718 0.897468
vt 0.193670 0.944067
vt 0.861900 0.914917
vt 0.610428 0.897403
vt 0.927852 0.772575
vt 0.793199 0.957331
vt 0.790264 0.955490
vt 0.793199 0.949893
vt 0.942389 0.753983
vt 0.613450 0.919691
vt 0.297259 0.895884
vt 0.600088 0.851392
vt 0.213365 0.854836
vt 0.986850 0.734516
vt 0.862896 0.907755
vt 0.399163 0.830688
vt 0.294729 0.908144
vt 0.294647 0.911885
vt 0.622558 0.934942
vt 0.612517 0.890442
vt 0.305915 0.835134
vt 0.306273 0.839409
vt 0.305915 0.842749
vt 0.614106 0.928568
vt 0.613476 0.932381
vt 0.399151 0.812939
vt 0.062622 0.969258
vt 0.065846 0.971076
vt 0.944782 0.723841
vt 0.300333 0.888564
vt 0.288232 0.873572
vt 0.400613 0.852881
vt 0.397789 0.854162
vt 0.593429 0.846080
vt 0.199304 0.898001
vt 0.610271 0.860158
vt 0.860983 0.924729
vt 0.789575 0.899109
vt 0.224259 0.961803
vt 0.224294 0.958897
vt 0.225280 0.956905
vt 0.440885 0.822458
vt 0.296553 0.900400
vt 0.366226 0.857217
vt 0.928858 0.772736
vt 0.355606 0.868596
vt 0.286568 0.884530
vt 0.618571 0.937927
vt 0.613860 0.888680
vt 0.301819 0.885085
vt 0.304240 0.900359
vt 0.302306 0.902668
vt 0.721466 0.231518
vt 0.708841 0.349746
vt 0.710304 0.348139
vt 0.710304 0.350395
vt 0.295945 0.902598
vt 0.609891 0.905989
vt 0.611113 0.908705
vt 0.611812 0.911227
vt 0.610597 0.905926
vt 0.225390 0.907995
vt 0.986451 0.741437
vt 0.960505 0.964126
vt 0.961244 0.966695
vt 0.960505 0.967706
vt 0.358456 0.904670
vt 0.358985 0.906291
vt 0.358456 0.909649
vt 0.813919 0.965761
vt 0.814029 0.962302
vt 0.814824 0.963348
vt 0.731801 0.899727
vt 0.729169 0.885361
vt 0.731801 0.871928
vt 0.306309 0.849024
vt 0.305915 0.845899
vt 0.306309 0.842749
vt 0.621326 0.857588
vt 0.931497 0.776926
vt 0.609075 0.872206
vt 0.198697 0.896982
vt 0.224259 0.954831
vt 0.214737 0.850789
vt 0.814654 0.895794
vt 0.815469 0.889790
vt 0.815469 0.897972
vt 0.604449 0.964667
vt 0.603861 0.963677
vt 0.603509 0.961885
vt 0.949204 0.998326
vt 0.949441 0.992820
vt 0.953386 0.998851
vt 0.912826 0.345303
vt 0.913149 0.346213
vt 0.912152 0.346399
vt 0.335076 0.655161
vt 0.335743 0.661134
vt 0.334708 0.658088
vt 0.912644 0.349109
vt 0.912133 0.348079
vt 0.981540 0.927215
vt 0.294331 0.913692
vt 0.301819 0.906466
vt 0.303116 0.904581
vt 0.497976 0.768760
vt 0.333708 0.642118
vt 0.333881 0.645091
vt 0.333708 0.646754
vt 0.837865 0.857738
vt 0.955894 0.990019
vt 0.402116 0.836252
vt 0.926539 0.347911
vt 0.926539 0.337564
vt 0.929552 0.343492
vt 0.401149 0.820598
vt 0.199571 0.909287
vt 0.213790 0.908577
vt 0.605377 0.789850
vt 0.281399 0.929197
vt 0.279835 0.934441
vt 0.268873 0.950533
vt 0.826594 0.878919
vt 0.812300 0.943370
vt 0.814640 0.955985
vt 0.812300 0.960129
vt 0.857892 0.951263
vt 0.781181 0.895992
vt 0.779686 0.857402
vt 0.291076 0.883360
vt 0.912133 0.343490
vt 0.592671 0.846910
vt 0.992769 0.734278
vt 0.861655 0.933254
vt 0.859781 0.939486
vt 0.143729 0.864604
vt 0.144594 0.867237
vt 0.143781 0.867829
vt 0.580364 0.789850
vt 0.823596 0.884815
vt 0.836070 0.853260
vt 0.604449 0.955904
vt 0.593905 0.847622
vt 0.935322 0.859916
vt 0.668999 0.923361
vt 0.671500 0.937025
vt 0.668999 0.947042
vt 0.912392 0.350341
vt 0.938108 0.858004
vt 0.939774 0.860706
vt 0.840243 0.854502
vt 0.614280 0.935013
vt 0.815387 0.961885
vt 0.302045 0.908432
vt 0.342574 0.892198
vt 0.073930 0.986987
vt 0.340901 0.661871
vt 0.335747 0.673889
vt 0.335431 0.671741
vt 0.822449 0.887850
vt 0.664311 0.923361
vt 0.667335 0.931760
vt 0.665152 0.934280
vt 0.928306 0.340505
vt 0.942201 0.761514
vt 0.143350 0.870150
vt 0.857572 0.957967
vt 0.854238 0.958901
vt 0.356368 0.865796
vt 0.334139 0.659320
vt 0.861753 0.927176
vt 0.303733 0.902245
vt 0.354000 0.872313
vt 0.354320 0.870210
vt 0.602737 0.957681
vt 0.353919 0.874346
vt 0.813919 0.960128
vt 0.946645 0.991972
vt 0.608129 0.890890
vt 0.336140 0.666585
vt 0.334314 0.664882
vt 0.286935 0.873486
vt 0.288222 0.871694
vt 0.592952 0.849394
vt 0.335588 0.669618
vt 0.334529 0.668643
vt 0.334746 0.670465
vt 0.018381 0.965377
vt 0.018832 0.961693
vt 0.019868 0.960060
vt 0.824392 0.883468
vt 0.221298 0.916072
vt 0.198095 0.004315
vt 0.404598 0.848382
vt 0.225390 0.849301
vt 0.731980 0.963985
vt 0.732839 0.965675
vt 0.731980 0.967394
vt 0.198342 0.894975
vt 0.731801 0.891253
vt 0.731801 0.888085
vt 0.732257 0.890427
vt 0.217252 0.913038
vt 0.215924 0.843665
vt 0.813618 0.958523
vt 0.861381 0.930168
vt 0.612810 0.937776
vt 0.501418 0.797105
vt 0.405160 0.809610
vt 0.289094 0.943286
vt 0.548014 0.922001
vt 0.608787 0.903236
vt 0.609807 0.904445
vt 0.334726 0.674256
vt 0.202772 0.883845
vt 0.202701 0.881673
vt 0.850632 0.953355
vt 0.492320 0.723051
vt 0.492528 0.720836
vt 0.677817 0.218637
vt 0.576205 0.791870
vt 0.283055 0.929611
vt 0.282481 0.938379
vt 0.281619 0.943516
vt 0.994750 0.736795
vt 0.401988 0.848908
vt 0.144450 0.869559
vt 0.212578 0.848784
vt 0.838548 0.846485
vt 0.278372 0.939838
vt 0.828759 0.871491
vt 0.894758 0.791702
vt 0.900359 0.788014
vt 0.897873 0.793180
vt 0.898691 0.784702
vt 0.591899 0.855560
vt 0.592776 0.851718
vt 0.598092 0.864881
vt 0.990747 0.732639
vt 0.069108 0.965638
vt 0.392975 0.916375
vt 0.392477 0.915159
vt 0.392975 0.911839
vt 0.732271 0.927678
vt 0.735611 0.924547
vt 0.740369 0.925569
vt 0.619300 0.864694
vt 0.206971 0.874880
vt 0.979805 0.928707
vt 0.977861 0.925307
vt 0.849759 0.520261
vt 0.367999 0.852933
vt 0.366530 0.840452
vt 0.368038 0.846324
vt 0.609872 0.887507
vt 0.201142 0.008311
vt 0.356077 0.864132
vt 0.357222 0.861534
vt 0.932189 0.861552
vt 0.830076 0.522768
vt 0.616846 0.944984
vt 0.665849 0.935267
vt 0.664311 0.936925
vt 0.361153 0.848848
vt 0.983502 0.923784
vt 0.392975 0.907169
vt 0.392439 0.908364
vt 0.325418 0.902175
vt 0.322972 0.891005
vt 0.327336 0.895782
vt 0.406397 0.821223
vt 0.404724 0.826978
vt 0.937416 0.757892
vt 0.895319 0.787670
vt 0.905967 0.775453
vt 0.283176 0.931928
vt 0.334632 0.676554
vt 0.608871 0.901702
vt 0.292935 0.869499
vt 0.363139 0.844823
vt 0.925844 0.776063
vt 0.322540 0.898159
vt 0.305967 0.896350
vt 0.983671 0.738972
vt 0.782577 0.899703
vt 0.224797 0.843507
vt 0.305980 0.883385
vt 0.306354 0.881754
vt 0.306354 0.885303
vt 0.402915 0.857946
vt 0.623932 0.485501
vt 0.323783 0.883969
vt 0.940783 0.849940
vt 0.320712 0.888090
vt 0.330013 0.904225
vt 0.202745 0.876373
vt 0.522164 0.801533
vt 0.528277 0.798088
vt 0.526271 0.800816
vt 0.355487 0.866602
vt 0.325907 0.911867
vt 0.328820 0.909215
vt 0.211879 0.877023
vt 0.830710 0.865168
vt 0.772019 0.856115
vt 0.784429 0.854064
vt 0.558743 0.928522
vt 0.561546 0.925854
vt 0.340928 0.651645
vt 0.340928 0.640771
vt 0.341453 0.642244
vt 0.404615 0.828509
vt 0.405503 0.832783
vt 0.292403 0.885085
vt 0.144145 0.871144
vt 0.144081 0.873367
vt 0.950721 0.987624
vt 0.291318 0.869380
vt 0.283241 0.929197
vt 0.283000 0.936683
vt 0.334139 0.683022
vt 0.873294 0.992889
vt 0.867059 0.990100
vt 0.877530 0.979023
vt 0.821234 0.890738
vt 0.591712 0.860632
vt 0.591916 0.857283
vt 0.931397 0.784233
vt 0.926987 0.779105
vt 0.319935 0.914905
vt 0.072499 0.972772
vt 0.771719 0.857271
vt 0.611579 0.940657
vt 0.328463 0.890661
vt 0.591932 0.853348
vt 0.808540 0.338256
vt 0.813511 0.340326
vt 0.808540 0.349160
vt 0.745650 0.921107
vt 0.069685 0.968720
vt 0.835158 0.845474
vt 0.356680 0.860092
vt 0.402057 0.863259
vt 0.619441 0.944036
vt 0.292892 0.946918
vt 0.364877 0.843052
vt 0.986614 0.923340
vt 0.607900 0.900075
vt 0.068555 0.963108
vt 0.143543 0.875966
vt 0.067049 0.957898
vt 0.525324 0.804281
vt 0.065976 0.953838
vt 0.018381 0.959057
vt 0.357967 0.854439
vt 0.213295 0.875462
vt 0.213258 0.882963
vt 0.212898 0.880034
vt 0.483787 0.886985
vt 0.489397 0.886455
vt 0.485649 0.892216
vt 0.932266 0.859476
vt 0.144258 0.875131
vt 0.628542 0.924962
vt 0.625606 0.917530
vt 0.631628 0.922940
vt 0.483052 0.893956
vt 0.476243 0.896483
vt 0.628772 0.930215
vt 0.631286 0.928788
vt 0.277589 0.944503
vt 0.627802 0.911452
vt 0.293862 0.931453
vt 0.293762 0.944981
vt 0.992558 0.733548
vt 0.991538 0.731786
vt 0.315453 0.885477
vt 0.293683 0.866393
vt 0.073788 0.975791
vt 0.956935 0.991000
vt 0.955078 0.987490
vt 0.938005 0.853009
vt 0.603964 0.854482
vt 0.602379 0.864055
vt 0.223582 0.917537
vt 0.065682 0.948330
vt 0.306348 0.908433
vt 0.306081 0.911508
vt 0.305391 0.911724
vt 0.222081 0.965441
vt 0.217876 0.961477
vt 0.219358 0.955764
vt 0.203015 0.873140
vt 0.320398 0.883959
vt 0.982864 0.734024
vt 0.922997 0.777347
vt 0.269807 0.959526
vt 0.174599 0.365438
vt 0.327333 0.918849
vt 0.551698 0.922307
vt 0.865013 0.349427
vt 0.865013 0.347896
vt 0.865774 0.349369
vt 0.828495 0.869364
vt 0.591248 0.862797
vt 0.213032 0.887998
vt 0.212036 0.882294
vt 0.283026 0.941036
vt 0.831743 0.853789
vt 0.932529 0.856537
vt 0.668999 0.932033
vt 0.292834 0.952973
vt 0.144594 0.878554
vt 0.143617 0.880772
vt 0.292473 0.868175
vt 0.339771 0.714260
vt 0.339825 0.720392
vt 0.333998 0.727024
vt 0.862812 0.348748
vt 0.861967 0.349415
vt 0.319235 0.910125
vt 0.341205 0.849554
vt 0.339810 0.846915
vt 0.340269 0.835037
vt 0.305927 0.869452
vt 0.305927 0.864741
vt 0.306331 0.867802
vt 0.074394 0.978375
vt 0.317927 0.899448
vt 0.875119 0.970565
vt 0.610529 0.943518
vt 0.609194 0.948652
vt 0.212456 0.891991
vt 0.212196 0.886517
vt 0.213229 0.889596
vt 0.738716 0.920917
vt 0.631495 0.913675
vt 0.213622 0.892848
vt 0.213745 0.895980
vt 0.212765 0.894606
vt 0.906384 0.795874
vt 0.906084 0.790082
vt 0.977986 0.917345
vt 0.631626 0.934852
vt 0.406011 0.862169
vt 0.809009 0.524231
vt 0.203319 0.870307
vt 0.865013 0.349605
vt 0.864285 0.348743
vt 0.357154 0.857916
vt 0.990731 0.729338
vt 0.554785 0.922791
vt 0.076386 0.980976
vt 0.077196 0.983634
vt 0.212591 0.905093
vt 0.828590 0.867532
vt 0.208260 0.865050
vt 0.212860 0.873731
vt 0.539732 0.905530
vt 0.541246 0.902892
vt 0.541246 0.919355
vt 0.548734 0.920225
vt 0.341383 0.576529
vt 0.341383 0.590249
vt 0.340901 0.587832
vt 0.212895 0.872118
vt 0.294469 0.867765
vt 0.283241 0.943989
vt 0.867310 0.981531
vt 0.406056 0.825540
vt 0.406041 0.827012
vt 0.405808 0.828588
vt 0.407699 0.859097
vt 0.305559 0.912914
vt 0.212089 0.897611
vt 0.329355 0.914599
vt 0.944810 0.759487
vt 0.625991 0.905807
vt 0.630085 0.903969
vt 0.224934 0.841561
vt 0.212639 0.897902
vt 0.526382 0.802174
vt 0.312592 0.876524
vt 0.318556 0.904671
vt 0.070398 0.968657
vt 0.824709 0.251619
vt 0.318596 0.907707
vt 0.983809 0.730241
vt 0.483438 0.720878
vt 0.482433 0.701302
vt 0.316585 0.876772
vt 0.523675 0.805723
vt 0.268433 0.955794
vt 0.318710 0.906170
vt 0.943222 0.770520
vt 0.514687 0.816672
vt 0.237454 0.108468
vt 0.248693 0.825022
vt 0.136368 0.913904
vt 0.135992 0.909482
vt 0.137090 0.909834
vt 0.481632 0.896804
vt 0.922800 0.778640
vt 0.863261 0.956941
vt 0.209919 0.004549
vt 0.216642 0.965743
vt 0.214091 0.956330
vt 0.406816 0.816442
vt 0.407558 0.819797
vt 0.282649 0.945730
vt 0.392439 0.907169
vt 0.392439 0.902296
vt 0.392982 0.906325
vt 0.229597 0.167049
vt 0.706186 0.350357
vt 0.706186 0.347855
vt 0.707530 0.348366
vt 0.317979 0.918794
vt 0.319018 0.911946
vt 0.306348 0.917141
vt 0.670748 0.917974
vt 0.671501 0.921708
vt 0.670653 0.920524
vt 0.198327 0.882096
vt 0.198327 0.885248
vt 0.197909 0.883261
vt 0.866675 0.988241
vt 0.590102 0.869234
vt 0.829062 0.860775
vt 0.405919 0.830888
vt 0.202157 0.872766
vt 0.905550 0.778315
vt 0.859812 0.350402
vt 0.859261 0.348516
vt 0.859812 0.347656
vt 0.976547 0.920190
vt 0.214786 0.916694
vt 0.340432 0.849807
vt 0.930326 0.783969
vt 0.220791 0.919742
vt 0.218030 0.918317
vt 0.635510 0.930510
vt 0.953997 0.985754
vt 0.224240 0.954061
vt 0.208111 0.058698
vt 0.209002 0.065683
vt 0.277683 0.946768
vt 0.144283 0.880686
vt 0.213085 0.869596
vt 0.214002 0.866217
vt 0.062917 0.900036
vt 0.062273 0.902861
vt 0.062273 0.898010
vt 0.933060 0.853510
vt 0.294469 0.884504
vt 0.774293 0.900051
vt 0.211967 0.902459
vt 0.076689 0.984746
vt 0.075887 0.986770
vt 0.316923 0.900134
vt 0.608601 0.868766
vt 0.143989 0.954010
vt 0.143480 0.956331
vt 0.143480 0.950935
vt 0.144569 0.952931
vt 0.144039 0.883025
vt 0.857521 0.968588
vt 0.539732 0.960956
vt 0.540675 0.958956
vt 0.540590 0.961761
vt 0.786215 0.338019
vt 0.785045 0.338660
vt 0.785045 0.337428
vt 0.682383 0.978298
vt 0.677072 0.971895
vt 0.678257 0.968937
vt 0.608066 0.955093
vt 0.323546 0.926016
vt 0.835122 0.838726
vt 0.747028 0.913489
vt 0.748657 0.915129
vt 0.549562 0.919267
vt 0.289277 0.955545
vt 0.289974 0.951838
vt 0.291745 0.956249
vt 0.686995 0.976053
vt 0.939514 0.765160
vt 0.339371 0.620999
vt 0.338537 0.626369
vt 0.337750 0.627341
vt 0.903846 0.784040
vt 0.437722 0.830796
vt 0.437017 0.829297
vt 0.437972 0.819101
vt 0.318500 0.924660
vt 0.144433 0.950764
vt 0.861461 0.347261
vt 0.861967 0.348906
vt 0.861461 0.350318
vt 0.483045 0.895364
vt 0.988688 0.723628
vt 0.604636 0.886165
vt 0.212851 0.862485
vt 0.214119 0.865247
vt 0.829363 0.858355
vt 0.859420 0.967473
vt 0.439598 0.963432
vt 0.440193 0.961216
vt 0.440830 0.964423
vt 0.670653 0.923352
vt 0.339810 0.851636
vt 0.340122 0.853126
vt 0.221648 0.951005
vt 0.211861 0.905757
vt 0.866013 0.989940
vt 0.548117 0.918121
vt 0.212254 0.911648
vt 0.890359 0.772477
vt 0.880453 0.774448
vt 0.883109 0.772551
vt 0.953945 0.984004
vt 0.407736 0.816724
vt 0.494594 0.794326
vt 0.212154 0.908441
vt 0.212233 0.906927
vt 0.437972 0.833289
vt 0.436988 0.832483
vt 0.339006 0.729606
vt 0.213174 0.959660
vt 0.635103 0.922920
vt 0.408199 0.813328
vt 0.828585 0.864556
vt 0.828468 0.859256
vt 0.859812 0.349162
vt 0.860438 0.347656
vt 0.860438 0.350028
vt 0.775272 0.514218
vt 0.783069 0.241566
vt 0.456052 0.987374
vt 0.461363 0.974056
vt 0.462067 0.988723
vt 0.916288 0.347571
vt 0.919594 0.343784
vt 0.919595 0.347657
vt 0.930239 0.787063
vt 0.485650 0.771446
vt 0.632317 0.939338
vt 0.637133 0.943444
vt 0.540294 0.963562
vt 0.931497 0.786371
vt 0.946570 0.983492
vt 0.481559 0.697652
vt 0.368038 0.963179
vt 0.368038 0.968920
vt 0.366887 0.965877
vt 0.684835 0.968317
vt 0.871982 0.963013
vt 0.340364 0.854598
vt 0.076237 0.979536
vt 0.340901 0.621993
vt 0.338725 0.628056
vt 0.410798 0.808165
vt 0.400601 0.864902
vt 0.407059 0.873199
vt 0.404494 0.876211
vt 0.819354 0.347445
vt 0.819354 0.350396
vt 0.818528 0.348684
vt 0.946070 0.766563
vt 0.197625 0.959556
vt 0.198341 0.957797
vt 0.198341 0.962197
vt 0.855007 0.968401
vt 0.860180 0.967869
vt 0.487149 0.722859
vt 0.136496 0.907267
vt 0.212746 0.914506
vt 0.223609 0.952534
vt 0.222523 0.951222
vt 0.221700 0.947724
vt 0.589826 0.865177
vt 0.276870 0.951594
vt 0.828264 0.853005
vt 0.769511 0.855820
vt 0.481309 0.899521
vt 0.477120 0.902160
vt 0.608340 0.866433
vt 0.633704 0.910540
vt 0.877423 0.927532
vt 0.876265 0.929277
vt 0.876279 0.925823
vt 0.877366 0.925786
vt 0.607293 0.883673
vt 0.983680 0.909004
vt 0.436995 0.848641
vt 0.437284 0.846673
vt 0.437801 0.848392
vt 0.215047 0.953039
vt 0.523870 0.808959
vt 0.523392 0.811385
vt 0.541293 0.964217
vt 0.365505 0.835900
vt 0.356470 0.848251
vt 0.410636 0.809832
vt 0.212403 0.910267
vt 0.062885 0.915364
vt 0.062885 0.919330
vt 0.062288 0.917287
vt 0.337963 0.630278
vt 0.875364 0.949856
vt 0.866545 0.936657
vt 0.873999 0.943907
vt 0.875444 0.947187
vt 0.203415 0.865520
vt 0.939700 0.845108
vt 0.942817 0.840082
vt 0.943152 0.988290
vt 0.945039 0.980757
vt 0.541293 0.960281
vt 0.953263 0.270453
vt 0.950479 0.284607
vt 0.635053 0.946509
vt 0.548201 0.917143
vt 0.440830 0.957812
vt 0.815428 0.875084
vt 0.814709 0.871854
vt 0.815428 0.864346
vt 0.143570 0.949400
vt 0.877624 0.921455
vt 0.876265 0.920275
vt 0.876503 0.916273
vt 0.221487 0.949953
vt 0.906018 0.784301
vt 0.906384 0.787465
vt 0.740995 0.917299
vt 0.298612 0.955067
vt 0.295770 0.954638
vt 0.828533 0.856245
vt 0.839327 0.350234
vt 0.839327 0.347986
vt 0.840185 0.349053
vt 0.769435 0.858635
vt 0.866013 0.928799
vt 0.635681 0.915393
vt 0.919595 0.337564
vt 0.249627 0.819359
vt 0.888291 0.769057
vt 0.199493 0.825411
vt 0.563837 0.917373
vt 0.541301 0.880357
vt 0.540600 0.884928
vt 0.540600 0.879432
vt 0.945356 0.771330
vt 0.867840 0.975873
vt 0.409125 0.813791
vt 0.877140 0.922713
vt 0.637018 0.935812
vt 0.137090 0.905037
vt 0.456382 0.976227
vt 0.625606 0.811086
vt 0.624461 0.798879
vt 0.625606 0.789850
vt 0.874592 0.967950
vt 0.600684 0.866919
vt 0.932568 0.849978
vt 0.814570 0.347445
vt 0.814570 0.350238
vt 0.813511 0.349228
vt 0.206970 0.008858
vt 0.896796 0.967362
vt 0.896796 0.962486
vt 0.898386 0.966681
vt 0.953192 0.982456
vt 0.453583 0.985933
vt 0.453158 0.983501
vt 0.540877 0.965939
vt 0.408622 0.867593
vt 0.859261 0.349502
vt 0.858635 0.350095
vt 0.858635 0.347656
vt 0.829177 0.833996
vt 0.876259 0.948755
vt 0.741006 0.915931
vt 0.522465 0.814457
vt 0.739759 0.919248
vt 0.437846 0.856521
vt 0.436988 0.851157
vt 0.873972 0.964007
vt 0.313556 0.932093
vt 0.464132 0.981198
vt 0.843582 0.350246
vt 0.842749 0.348927
vt 0.843582 0.348219
vt 0.634061 0.901936
vt 0.298510 0.960582
vt 0.828288 0.851744
vt 0.873491 0.935194
vt 0.682346 0.965973
vt 0.866695 0.979862
vt 0.867048 0.977628
vt 0.768465 0.860580
vt 0.495467 0.798088
vt 0.933628 0.850971
vt 0.267333 0.962670
vt 0.471553 0.906154
vt 0.358861 0.835707
vt 0.306355 0.874050
vt 0.565834 0.918578
vt 0.566876 0.919509
vt 0.464053 0.979102
vt 0.615728 0.873892
vt 0.862812 0.349499
vt 0.862812 0.347896
vt 0.863603 0.348743
vt 0.602626 0.865173
vt 0.601141 0.868966
vt 0.876091 0.945468
vt 0.751116 0.907452
vt 0.848702 0.924869
vt 0.847905 0.919671
vt 0.848877 0.918432
vt 0.899898 0.762412
vt 0.143193 0.964002
vt 0.144558 0.964689
vt 0.143193 0.968050
vt 0.984078 0.722587
vt 0.598855 0.870348
vt 0.316280 0.873451
vt 0.310756 0.869743
vt 0.751538 0.914489
vt 0.633059 0.895236
vt 0.976063 0.913801
vt 0.862698 0.967642
vt 0.214600 0.860063
vt 0.605527 0.951898
vt 0.590052 0.430324
vt 0.867911 0.970690
vt 0.753380 0.908330
vt 0.619214 0.869942
vt 0.480139 0.904484
vt 0.867548 0.974049
vt 0.867488 0.971660
vt 0.678798 0.964466
vt 0.847905 0.917655
vt 0.337555 0.633935
vt 0.875204 0.943226
vt 0.866777 0.975145
vt 0.333780 0.600027
vt 0.334088 0.606503
vt 0.333780 0.609756
vt 0.638809 0.933269
vt 0.741861 0.913496
vt 0.826906 0.843718
vt 0.401333 0.875719
vt 0.402534 0.876212
vt 0.401965 0.878728
vt 0.333691 0.751598
vt 0.333966 0.755182
vt 0.333691 0.757650
vt 0.277092 0.954142
vt 0.905208 0.781738
vt 0.437281 0.856155
vt 0.604636 0.953495
vt 0.364284 0.968691
vt 0.364284 0.963854
vt 0.365468 0.968293
vt 0.905897 0.782676
vt 0.220171 0.945942
vt 0.412137 0.806038
vt 0.297938 0.957454
vt 0.251291 0.205078
vt 0.494314 0.763824
vt 0.487089 0.757380
vt 0.489885 0.757238
vt 0.336531 0.634054
vt 0.334900 0.736576
vt 0.493140 0.768463
vt 0.491985 0.768033
vt 0.333939 0.730817
vt 0.333689 0.728021
vt 0.333939 0.722653
vt 0.276440 0.956601
vt 0.703740 0.347815
vt 0.705635 0.349028
vt 0.703740 0.349801
vt 0.871239 0.958114
vt 0.510181 0.826415
vt 0.508069 0.824991
vt 0.220608 0.944875
vt 0.414561 0.964696
vt 0.414459 0.962285
vt 0.415961 0.963959
vt 0.415269 0.964979
vt 0.942139 0.795648
vt 0.941019 0.796614
vt 0.942362 0.793541
vt 0.933291 0.847858
vt 0.638881 0.924828
vt 0.599000 0.872643
vt 0.468307 0.914168
vt 0.470547 0.918837
vt 0.480417 0.758838
vt 0.635748 0.906713
vt 0.827302 0.849311
vt 0.828061 0.848954
vt 0.692210 0.589694
vt 0.587959 0.871471
vt 0.521882 0.817688
vt 0.511794 0.828417
vt 0.403815 0.879838
vt 0.403519 0.881670
vt 0.587803 0.884204
vt 0.890608 0.767211
vt 0.360879 0.831484
vt 0.414459 0.967310
vt 0.479027 0.906527
vt 0.952832 0.980076
vt 0.639116 0.948965
vt 0.826976 0.846095
vt 0.453158 0.974852
vt 0.458143 0.971462
vt 0.189253 0.945586
vt 0.192540 0.943053
vt 0.190472 0.949491
vt 0.874937 0.934450
vt 0.602656 0.967002
vt 0.601598 0.961891
vt 0.602656 0.960626
vt 0.416138 0.966418
vt 0.941019 0.793074
vt 0.416385 0.800877
vt 0.436988 0.858470
vt 0.835042 0.833691
vt 0.828461 0.825733
vt 0.938394 0.836196
vt 0.905530 0.780386
vt 0.410385 0.952669
vt 0.410512 0.950488
vt 0.411837 0.953032
vt 0.981165 0.723946
vt 0.945533 0.776217
vt 0.336781 0.636568
vt 0.335632 0.637253
vt 0.943213 0.774648
vt 0.866013 0.963431
vt 0.198273 0.865342
vt 0.197918 0.862957
vt 0.198273 0.859966
vt 0.730304 0.350243
vt 0.730304 0.348774
vt 0.731395 0.349581
vt 0.640046 0.953569
vt 0.951588 0.976842
vt 0.598223 0.967051
vt 0.597425 0.967278
vt 0.597425 0.963866
vt 0.450237 0.814320
vt 0.455897 0.806306
vt 0.458247 0.809084
vt 0.005931 0.698184
vt 0.866253 0.954821
vt 0.604635 0.883673
vt 0.357176 0.830782
vt 0.935335 0.836057
vt 0.675439 0.962572
vt 0.411784 0.950495
vt 0.932372 0.845298
vt 0.587128 0.873881
vt 0.463965 0.801232
vt 0.461620 0.805596
vt 0.584212 0.878914
vt 0.867938 0.921519
vt 0.874009 0.928406
vt 0.318366 0.933499
vt 0.144594 0.885634
vt 0.143477 0.886672
vt 0.143477 0.883025
vt 0.277823 0.956440
vt 0.277738 0.959647
vt 0.491588 0.768534
vt 0.488455 0.769762
vt 0.490382 0.768067
vt 0.410784 0.943680
vt 0.411837 0.947996
vt 0.769088 0.337519
vt 0.769088 0.341402
vt 0.767938 0.339277
vt 0.269260 0.971900
vt 0.220118 0.942096
vt 0.978180 0.911582
vt 0.214267 0.946835
vt 0.641894 0.945557
vt 0.625585 0.869000
vt 0.624498 0.867667
vt 0.625585 0.854318
vt 0.468307 0.798088
vt 0.464701 0.803622
vt 0.731635 0.348427
vt 0.459403 0.930522
vt 0.459403 0.935968
vt 0.458572 0.933568
vt 0.336663 0.639391
vt 0.480187 0.910694
vt 0.453395 0.813016
vt 0.459366 0.807902
vt 0.794481 0.347274
vt 0.795504 0.348043
vt 0.794481 0.350320
vt 0.340051 0.734399
vt 0.335199 0.642658
vt 0.626245 0.540503
vt 0.949186 0.774971
vt 0.438694 0.855248
vt 0.438685 0.859472
vt 0.438234 0.857567
vt 0.476287 0.918263
vt 0.301819 0.959337
vt 0.922848 0.918010
vt 0.918322 0.908295
vt 0.922848 0.900944
vt 0.866013 0.968619
vt 0.742728 0.911129
vt 0.759957 0.225268
vt 0.742099 0.910524
vt 0.198273 0.867318
vt 0.197898 0.870186
vt 0.197898 0.865342
vt 0.736437 0.964672
vt 0.737663 0.966753
vt 0.736437 0.967975
vt 0.826384 0.840575
vt 0.765406 0.863775
vt 0.763313 0.867618
vt 0.481046 0.723944
vt 0.947245 0.776145
vt 0.093066 0.940938
vt 0.092873 0.953642
vt 0.090448 0.947813
vt 0.307967 0.870652
vt 0.089713 0.940730
vt 0.437871 0.863379
vt 0.521342 0.820119
vt 0.975213 0.908932
vt 0.454066 0.813968
vt 0.638885 0.903661
vt 0.637942 0.908049
vt 0.943427 0.340466
vt 0.940147 0.342790
vt 0.940147 0.337348
vt 0.311184 0.935279
vt 0.096453 0.942483
vt 0.988913 0.719388
vt 0.680076 0.956420
vt 0.484197 0.769602
vt 0.091562 0.932471
vt 0.604870 0.584842
vt 0.643821 0.945540
vt 0.671917 0.894046
vt 0.672019 0.888476
vt 0.672626 0.890617
vt 0.743304 0.906448
vt 0.336691 0.646756
vt 0.825161 0.839377
vt 0.410092 0.872657
vt 0.404730 0.882099
vt 0.404497 0.883941
vt 0.191230 0.951946
vt 0.641674 0.892282
vt 0.834359 0.829745
vt 0.831108 0.823550
vt 0.358481 0.916228
vt 0.359026 0.914463
vt 0.359026 0.918599
vt 0.753521 0.904052
vt 0.018531 0.925443
vt 0.019754 0.930092
vt 0.018529 0.931354
vt 0.277877 0.962199
vt 0.480401 0.912331
vt 0.462849 0.969511
vt 0.018386 0.945487
vt 0.019868 0.942110
vt 0.019868 0.947162
vt 0.095424 0.949039
vt 0.083618 0.958758
vt 0.086183 0.948633
vt 0.409796 0.882320
vt 0.363190 0.960018
vt 0.362244 0.957038
vt 0.363190 0.956127
vt 0.520694 0.823410
vt 0.341273 0.758083
vt 0.340090 0.757633
vt 0.341273 0.756509
vt 0.781800 0.339489
vt 0.782994 0.337863
vt 0.782994 0.339991
vt 0.632738 0.650847
vt 0.018349 0.923852
vt 0.019754 0.919673
vt 0.201688 0.809638
vt 0.639475 0.907905
vt 0.638053 0.911375
vt 0.088673 0.959604
vt 0.677095 0.959586
vt 0.575601 0.350410
vt 0.412719 0.870335
vt 0.638959 0.910424
vt 0.452381 0.816554
vt 0.639438 0.900402
vt 0.015375 0.965521
vt 0.016541 0.968560
vt 0.015598 0.966795
vt 0.018556 0.947964
vt 0.094738 0.931464
vt 0.437850 0.863164
vt 0.436988 0.862171
vt 0.437850 0.858469
vt 0.266210 0.967425
vt 0.267078 0.972593
vt 0.891798 0.765392
vt 0.085236 0.940871
vt 0.982594 0.719029
vt 0.340586 0.902893
vt 0.341490 0.897826
vt 0.341490 0.910026
vt 0.484571 0.723144
vt 0.481845 0.725228
vt 0.746066 0.537916
vt 0.019639 0.931765
vt 0.947292 0.781206
vt 0.031932 0.732569
vt 0.682938 0.960347
vt 0.962531 0.346357
vt 0.960317 0.340651
vt 0.962531 0.338097
vt 0.084753 0.945638
vt 0.719717 0.337305
vt 0.721912 0.338462
vt 0.721061 0.342871
vt 0.450369 0.822199
vt 0.671917 0.885530
vt 0.016541 0.964069
vt 0.350823 0.826472
vt 0.219703 0.939894
vt 0.084639 0.948095
vt 0.214185 0.072578
vt 0.444020 0.820273
vt 0.440928 0.833510
vt 0.512574 0.829738
vt 0.928172 0.922568
vt 0.927899 0.916888
vt 0.931696 0.924162
vt 0.479980 0.913942
vt 0.438494 0.850148
vt 0.438909 0.847878
vt 0.929901 0.929690
vt 0.932893 0.933323
vt 0.277976 0.966209
vt 0.391449 0.961607
vt 0.392989 0.958669
vt 0.392468 0.962798
vt 0.640342 0.897007
vt 0.082056 0.959829
vt 0.080816 0.962660
vt 0.979529 0.847209
vt 0.986676 0.843257
vt 0.974347 0.856442
vt 0.895132 0.762355
vt 0.462452 0.711337
vt 0.945879 0.974739
vt 0.475384 0.725760
vt 0.715381 0.347596
vt 0.481087 0.914789
vt 0.480540 0.753890
vt 0.391449 0.958378
vt 0.340750 0.735876
vt 0.870409 0.955568
vt 0.868587 0.952459
vt 0.930694 0.916800
vt 0.790264 0.964530
vt 0.788042 0.962779
vt 0.790264 0.958500
vt 0.406635 0.885957
vt 0.306355 0.939093
vt 0.874890 0.919369
vt 0.874923 0.923323
vt 0.672551 0.832075
vt 0.671948 0.840691
vt 0.671948 0.828006
vt 0.852207 0.522448
vt 0.846020 0.504328
vt 0.209875 0.316060
vt 0.449849 0.825907
vt 0.091814 0.928630
vt 0.932174 0.842612
vt 0.490066 0.917399
vt 0.489397 0.914291
vt 0.490066 0.913148
vt 0.926089 0.910683
vt 0.412911 0.884732
vt 0.480945 0.917722
vt 0.019776 0.948601
vt 0.413659 0.877673
vt 0.927464 0.904703
vt 0.485388 0.797902
vt 0.639474 0.903193
vt 0.018662 0.951851
vt 0.405899 0.886967
vt 0.895631 0.759952
vt 0.923044 0.901861
vt 0.637162 0.889280
vt 0.874818 0.930614
vt 0.623844 0.964624
vt 0.622827 0.969061
vt 0.622827 0.964070
vt 0.978973 0.903089
vt 0.950593 0.973350
vt 0.951684 0.973710
vt 0.824280 0.835775
vt 0.868759 0.916322
vt 0.192540 0.956174
vt 0.520882 0.825008
vt 0.692730 0.350236
vt 0.687770 0.350356
vt 0.687890 0.347027
vt 0.084501 0.937714
vt 0.663095 0.870621
vt 0.662790 0.858990
vt 0.666654 0.865034
vt 0.610790 0.600201
vt 0.463066 0.963974
vt 0.085889 0.923859
vt 0.766003 0.899405
vt 0.568955 0.908143
vt 0.926393 0.900566
vt 0.340909 0.684540
vt 0.341375 0.681011
vt 0.341375 0.689622
vt 0.084331 0.934223
vt 0.645128 0.953533
vt 0.335519 0.644594
vt 0.840980 0.348206
vt 0.840185 0.350387
vt 0.840185 0.347986
vt 0.931127 0.841133
vt 0.821772 0.824336
vt 0.988873 0.715123
vt 0.903472 0.762182
vt 0.905602 0.755072
vt 0.931690 0.910182
vt 0.949121 0.785136
vt 0.950063 0.789498
vt 0.948594 0.791167
vt 0.443344 0.835161
vt 0.077196 0.967443
vt 0.219178 0.937203
vt 0.089388 0.923822
vt 0.081131 0.968106
vt 0.340921 0.671077
vt 0.341375 0.676920
vt 0.340921 0.681011
vt 0.620111 0.620574
vt 0.583615 0.880359
vt 0.086902 0.963815
vt 0.848765 0.888081
vt 0.847080 0.896721
vt 0.847080 0.886020
vt 0.358798 0.826449
vt 0.340901 0.738135
vt 0.931958 0.838731
vt 0.416110 0.952008
vt 0.416110 0.962285
vt 0.414459 0.958535
vt 0.640218 0.900318
vt 0.875132 0.926392
vt 0.278275 0.962609
vt 0.278810 0.966968
vt 0.570179 0.911825
vt 0.392676 0.956500
vt 0.406173 0.888120
vt 0.438405 0.846450
vt 0.984388 0.906041
vt 0.753276 0.895771
vt 0.642742 0.957144
vt 0.952495 0.969256
vt 0.407714 0.889429
vt 0.479484 0.727356
vt 0.478763 0.726003
vt 0.721040 0.975965
vt 0.722132 0.973145
vt 0.723317 0.979834
vt 0.935140 0.927914
vt 0.518823 0.828527
vt 0.988698 0.808570
vt 0.990366 0.796811
vt 0.992821 0.800023
vt 0.984921 0.908811
vt 0.674385 0.953995
vt 0.333998 0.740292
vt 0.822092 0.832293
vt 0.956342 0.875199
vt 0.958055 0.873620
vt 0.958055 0.877570
vt 0.867540 0.949856
vt 0.335651 0.647444
vt 0.988374 0.810214
vt 0.990071 0.814764
vt 0.988789 0.814147
vt 0.469627 0.926997
vt 0.472226 0.923811
vt 0.863603 0.347896
vt 0.864285 0.348835
vt 0.863603 0.349754
vt 0.938438 0.830906
vt 0.276580 0.981661
vt 0.941245 0.834063
vt 0.726943 0.981321
vt 0.727201 0.974586
vt 0.730641 0.979568
vt 0.696220 0.341951
vt 0.483179 0.922996
vt 0.213174 0.939018
vt 0.989127 0.710503
vt 0.438554 0.844817
vt 0.824253 0.823305
vt 0.450475 0.830235
vt 0.950063 0.794972
vt 0.949131 0.793284
vt 0.960504 0.955410
vt 0.960504 0.963692
vt 0.958567 0.961547
vt 0.450463 0.827639
vt 0.936781 0.933136
vt 0.951815 0.972147
vt 0.952208 0.973092
vt 0.279494 0.971110
vt 0.474834 0.759826
vt 0.407748 0.892193
vt 0.641117 0.896838
vt 0.980184 0.845326
vt 0.824763 0.820904
vt 0.988896 0.816236
vt 0.724695 0.200983
vt 0.086480 0.918623
vt 0.581538 0.884277
vt 0.437959 0.843653
vt 0.896811 0.756955
vt 0.929937 0.836551
vt 0.481049 0.926866
vt 0.962914 0.875000
vt 0.960640 0.877637
vt 0.960640 0.871705
vt 0.982987 0.902008
vt 0.694756 0.337305
vt 0.474796 0.749691
vt 0.868886 0.913512
vt 0.930826 0.900374
vt 0.831086 0.345785
vt 0.825271 0.345785
vt 0.831578 0.344451
vt 0.762063 0.896573
vt 0.731817 0.888085
vt 0.731817 0.883965
vt 0.732258 0.886385
vt 0.925545 0.893904
vt 0.927824 0.895983
vt 0.677823 0.949703
vt 0.934518 0.939548
vt 0.439326 0.842426
vt 0.440885 0.846918
vt 0.476463 0.793043
vt 0.478301 0.767753
vt 0.271141 0.983227
vt 0.464214 0.734972
vt 0.478328 0.728610
vt 0.477641 0.727970
vt 0.520893 0.826635
vt 0.520292 0.828911
vt 0.944980 0.341293
vt 0.943427 0.342790
vt 0.943427 0.337930
vt 0.995418 0.796848
vt 0.996412 0.801410
vt 0.599395 0.968325
vt 0.599395 0.965070
vt 0.600327 0.966899
vt 0.989947 0.817792
vt 0.989128 0.818358
vt 0.848609 0.837747
vt 0.846814 0.835523
vt 0.847512 0.823680
vt 0.931883 0.941964
vt 0.934113 0.946044
vt 0.934497 0.915975
vt 0.018492 0.935363
vt 0.019204 0.931765
vt 0.019324 0.934494
vt 0.966684 0.871705
vt 0.967988 0.873015
vt 0.966684 0.877562
vt 0.742315 0.905779
vt 0.742874 0.902659
vt 0.218507 0.007400
vt 0.848872 0.946967
vt 0.847940 0.942352
vt 0.848872 0.942328
vt 0.659895 0.819988
vt 0.660377 0.823405
vt 0.659895 0.826164
vt 0.443303 0.842384
vt 0.903176 0.753554
vt 0.843837 0.833884
vt 0.089867 0.920703
vt 0.445585 0.843304
vt 0.392975 0.920431
vt 0.392456 0.918073
vt 0.949029 0.795462
vt 0.826525 0.342498
vt 0.831177 0.338256
vt 0.825849 0.817568
vt 0.803286 0.342191
vt 0.803173 0.348914
vt 0.802159 0.346625
vt 0.190848 0.943053
vt 0.189253 0.940366
vt 0.193670 0.934004
vt 0.984095 0.904378
vt 0.950092 0.784983
vt 0.353760 0.819520
vt 0.936180 0.950654
vt 0.935063 0.950081
vt 0.934510 0.948219
vt 0.939560 0.932481
vt 0.438446 0.841618
vt 0.746525 0.901662
vt 0.748677 0.897699
vt 0.477564 0.924950
vt 0.558034 0.908461
vt 0.559688 0.905970
vt 0.562854 0.912963
vt 0.847755 0.514323
vt 0.896075 0.758490
vt 0.989939 0.820603
vt 0.341219 0.760996
vt 0.341468 0.758195
vt 0.341468 0.763844
vt 0.019748 0.937083
vt 0.940903 0.937703
vt 0.939978 0.941676
vt 0.338440 0.649320
vt 0.687770 0.343066
vt 0.471669 0.752930
vt 0.219051 0.935174
vt 0.218931 0.931960
vt 0.350821 0.823527
vt 0.273120 0.982422
vt 0.934222 0.794157
vt 0.935127 0.791662
vt 0.933911 0.796133
vt 0.465368 0.704534
vt 0.875549 0.921310
vt 0.760056 0.871658
vt 0.670417 0.868459
vt 0.450621 0.832617
vt 0.438763 0.834411
vt 0.976139 0.900460
vt 0.341479 0.939532
vt 0.340559 0.937363
vt 0.341479 0.936116
vt 0.717216 0.349809
vt 0.985279 0.710587
vt 0.994879 0.811585
vt 0.732271 0.851791
vt 0.731256 0.852856
vt 0.731628 0.849411
vt 0.875458 0.916820
vt 0.730951 0.855915
vt 0.934728 0.828553
vt 0.513615 0.833840
vt 0.861461 0.348719
vt 0.860929 0.350122
vt 0.860929 0.347261
vt 0.936492 0.789012
vt 0.932615 0.905717
vt 0.730548 0.854830
vt 0.018349 0.937543
vt 0.337342 0.650555
vt 0.476127 0.730091
vt 0.797611 0.347380
vt 0.797611 0.350272
vt 0.796543 0.348572
vt 0.945283 0.970397
vt 0.949028 0.966145
vt 0.437871 0.841126
vt 0.684743 0.943264
vt 0.440885 0.843035
vt 0.340586 0.895604
vt 0.341492 0.885195
vt 0.341492 0.897826
vt 0.687926 0.340225
vt 0.624996 0.921704
vt 0.625586 0.919562
vt 0.625586 0.923225
vt 0.437986 0.839104
vt 0.871788 0.905984
vt 0.876166 0.911610
vt 0.475480 0.731549
vt 0.730961 0.857406
vt 0.280227 0.973619
vt 0.936302 0.953138
vt 0.450903 0.836673
vt 0.449569 0.849300
vt 0.721084 0.967123
vt 0.801281 0.347890
vt 0.797668 0.338820
vt 0.993036 0.823836
vt 0.897527 0.755340
vt 0.933911 0.785136
vt 0.643113 0.891308
vt 0.212111 0.368216
vt 0.472348 0.747024
vt 0.295161 0.881150
vt 0.296601 0.877489
vt 0.303178 0.874872
vt 0.294469 0.882366
vt 0.734151 0.350165
vt 0.734151 0.348427
vt 0.735246 0.349501
vt 0.729950 0.859849
vt 0.143296 0.935158
vt 0.144596 0.928779
vt 0.144596 0.936970
vt 0.876146 0.918066
vt 0.983941 0.902715
vt 0.981153 0.842296
vt 0.848754 0.961420
vt 0.847923 0.959658
vt 0.848754 0.957162
vt 0.564224 0.902439
vt 0.825271 0.341790
vt 0.819887 0.345087
vt 0.825271 0.339563
vt 0.622763 0.966829
vt 0.621702 0.968651
vt 0.621702 0.965153
vt 0.116623 0.851107
vt 0.120585 0.848549
vt 0.120951 0.852057
vt 0.258375 0.229677
vt 0.113836 0.856835
vt 0.644079 0.889436
vt 0.729169 0.847529
vt 0.742611 0.900605
vt 0.019868 0.941763
vt 0.452590 0.838439
vt 0.451988 0.839300
vt 0.730814 0.862144
vt 0.578390 0.889254
vt 0.514021 0.834963
vt 0.489412 0.927144
vt 0.490015 0.925481
vt 0.490015 0.929247
vt 0.340634 0.603980
vt 0.340465 0.606223
vt 0.335589 0.601322
vt 0.442548 0.849065
vt 0.444791 0.847448
vt 0.928964 0.833940
vt 0.224671 0.001936
vt 0.083979 0.916406
vt 0.850434 0.350375
vt 0.849560 0.349543
vt 0.850434 0.348694
vt 0.519014 0.835672
vt 0.519810 0.834099
vt 0.672627 0.543832
vt 0.450964 0.833872
vt 0.989123 0.823701
vt 0.989455 0.824938
vt 0.719107 0.970619
vt 0.471060 0.745737
vt 0.469141 0.742494
vt 0.468962 0.740028
vt 0.729531 0.862647
vt 0.475110 0.928597
vt 0.727889 0.966897
vt 0.730327 0.975367
vt 0.935152 0.788134
vt 0.340499 0.599743
vt 0.416385 0.893472
vt 0.141263 0.968236
vt 0.141263 0.963283
vt 0.142581 0.965839
vt 0.720996 0.347814
vt 0.829754 0.215593
vt 0.872912 0.242512
vt 0.339578 0.651800
vt 0.350921 0.819330
vt 0.940874 0.946392
vt 0.846710 0.819315
vt 0.848609 0.816701
vt 0.757402 0.874651
vt 0.452825 0.841897
vt 0.460537 0.857577
vt 0.461452 0.856727
vt 0.461328 0.859247
vt 0.465122 0.741125
vt 0.279961 0.977984
vt 0.981667 0.837261
vt 0.982751 0.839293
vt 0.470514 0.743623
vt 0.018349 0.942110
vt 0.717659 0.967230
vt 0.730514 0.864710
vt 0.729169 0.866283
vt 0.936368 0.786967
vt 0.939027 0.796319
vt 0.939027 0.793074
vt 0.941019 0.794917
vt 0.408223 0.891606
vt 0.931804 0.891497
vt 0.459596 0.856146
vt 0.789339 0.967800
vt 0.790651 0.964530
vt 0.790651 0.967895
vt 0.818383 0.814233
vt 0.982601 0.899222
vt 0.798611 0.344391
vt 0.294469 0.846822
vt 0.298838 0.846070
vt 0.295871 0.850448
vt 0.117934 0.859366
vt 0.107944 0.873129
vt 0.987490 0.835549
vt 0.961727 0.348413
vt 0.962529 0.346441
vt 0.962529 0.350397
vt 0.871472 0.905829
vt 0.872225 0.903048
vt 0.872265 0.904221
vt 0.819354 0.341634
vt 0.458535 0.916479
vt 0.459401 0.909983
vt 0.459401 0.918950
vt 0.337859 0.591648
vt 0.932632 0.828506
vt 0.981399 0.834652
vt 0.928705 0.832226
vt 0.459288 0.853337
vt 0.946786 0.965842
vt 0.760948 0.899899
vt 0.741719 0.898456
vt 0.140352 0.961111
vt 0.139399 0.963953
vt 0.139114 0.960324
vt 0.936453 0.826554
vt 0.189253 0.929677
vt 0.458693 0.853797
vt 0.454735 0.844309
vt 0.453784 0.845359
vt 0.468435 0.738325
vt 0.467246 0.736509
vt 0.340412 0.609285
vt 0.474759 0.796214
vt 0.729232 0.871928
vt 0.138461 0.965476
vt 0.138461 0.959023
vt 0.645128 0.887699
vt 0.819414 0.346678
vt 0.723617 0.962190
vt 0.393007 0.938893
vt 0.391973 0.945121
vt 0.391973 0.936715
vt 0.800739 0.347309
vt 0.799398 0.345671
vt 0.340901 0.655161
vt 0.388746 0.946764
vt 0.388034 0.941004
vt 0.389362 0.944620
vt 0.755955 0.876762
vt 0.113249 0.871668
vt 0.721912 0.349008
vt 0.569973 0.905983
vt 0.446185 0.855369
vt 0.409943 0.896036
vt 0.296656 0.871445
vt 0.302215 0.865830
vt 0.599395 0.955904
vt 0.602738 0.957276
vt 0.602510 0.958912
vt 0.819411 0.338256
vt 0.965786 0.346048
vt 0.965300 0.350208
vt 0.964243 0.346048
vt 0.959073 0.341279
vt 0.958318 0.338097
vt 0.960317 0.340726
vt 0.297424 0.839664
vt 0.576205 0.893730
vt 0.994831 0.829659
vt 0.706490 0.347855
vt 0.706186 0.345506
vt 0.707970 0.346962
vt 0.876259 0.905648
vt 0.858061 0.350314
vt 0.858061 0.347656
vt 0.858635 0.348676
vt 0.704865 0.551116
vt 0.842401 0.827682
vt 0.474257 0.766160
vt 0.989233 0.829063
vt 0.989160 0.831170
vt 0.281387 0.980354
vt 0.519825 0.837443
vt 0.786215 0.337567
vt 0.787141 0.338530
vt 0.786215 0.338660
vt 0.333939 0.736377
vt 0.333712 0.739284
vt 0.333712 0.730817
vt 0.926645 0.829521
vt 0.467428 0.748531
vt 0.297462 0.869532
vt 0.297812 0.865122
vt 0.998702 0.807532
vt 0.959731 0.338774
vt 0.797668 0.343570
vt 0.794649 0.344175
vt 0.795632 0.342815
vt 0.513774 0.839949
vt 0.997241 0.815197
vt 0.460868 0.900198
vt 0.459709 0.899825
vt 0.459101 0.896411
vt 0.846745 0.350380
vt 0.846077 0.349603
vt 0.846745 0.347774
vt 0.215848 0.927548
vt 0.816938 0.818568
vt 0.992295 0.702630
vt 0.340609 0.614455
vt 0.109370 0.883799
vt 0.107388 0.878800
vt 0.797668 0.344156
vt 0.958695 0.342991
vt 0.960202 0.343442
vt 0.959631 0.344826
vt 0.297186 0.855438
vt 0.952930 0.964904
vt 0.958318 0.345667
vt 0.411056 0.898692
vt 0.940750 0.791165
vt 0.942514 0.785136
vt 0.942514 0.793074
vt 0.819441 0.809923
vt 0.453216 0.851784
vt 0.461368 0.900511
vt 0.463944 0.897958
vt 0.464930 0.899804
vt 0.774368 0.349555
vt 0.769088 0.349623
vt 0.772431 0.344165
vt 0.672622 0.952248
vt 0.674743 0.944566
vt 0.718829 0.962386
vt 0.520515 0.960468
vt 0.518040 0.961508
vt 0.518040 0.954063
vt 0.939026 0.790074
vt 0.341414 0.576529
vt 0.340901 0.569241
vt 0.341414 0.560357
vt 0.124424 0.849935
vt 0.599850 0.958150
vt 0.458673 0.893397
vt 0.464010 0.896111
vt 0.845961 0.812489
vt 0.965786 0.875301
vt 0.964931 0.871705
vt 0.966684 0.874378
vt 0.208068 0.413595
vt 0.174587 0.413224
vt 0.280930 0.978062
vt 0.932062 0.793956
vt 0.932498 0.791784
vt 0.933911 0.792383
vt 0.124120 0.958799
vt 0.126633 0.962948
vt 0.129168 0.970928
vt 0.708267 0.344491
vt 0.958687 0.348562
vt 0.959733 0.346817
vt 0.959377 0.349279
vt 0.121538 0.951301
vt 0.123478 0.950563
vt 0.392924 0.900260
vt 0.392439 0.896425
vt 0.456597 0.889739
vt 0.456418 0.888299
vt 0.843130 0.496676
vt 0.943152 0.940885
vt 0.712311 0.350395
vt 0.711605 0.348623
vt 0.713353 0.348623
vt 0.219789 0.926918
vt 0.296139 0.835134
vt 0.300208 0.835890
vt 0.840243 0.832738
vt 0.122345 0.852384
vt 0.474228 0.947068
vt 0.787655 0.337953
vt 0.787141 0.338660
vt 0.787141 0.337305
vt 0.876259 0.902652
vt 0.877624 0.899820
vt 0.876804 0.904953
vt 0.720564 0.962566
vt 0.333879 0.636019
vt 0.333879 0.642118
vt 0.333708 0.638709
vt 0.902061 0.748852
vt 0.300180 0.841168
vt 0.709748 0.346660
vt 0.478634 0.933903
vt 0.930113 0.887964
vt 0.520143 0.839726
vt 0.340901 0.615529
vt 0.335126 0.620999
vt 0.749705 0.337350
vt 0.750479 0.337977
vt 0.749705 0.338244
vt 0.471757 0.947258
vt 0.389511 0.947641
vt 0.981886 0.831623
vt 0.983366 0.832538
vt 0.930194 0.796133
vt 0.475345 0.764868
vt 0.077196 0.913560
vt 0.599395 0.960626
vt 0.755566 0.894345
vt 0.734084 0.963985
vt 0.734084 0.968464
vt 0.733672 0.966558
vt 0.709710 0.342923
vt 0.751639 0.890657
vt 0.125448 0.956708
vt 0.224820 0.057206
vt 0.127251 0.847396
vt 0.967106 0.346048
vt 0.965862 0.344736
vt 0.966399 0.342764
vt 0.964931 0.876917
vt 0.340910 0.689622
vt 0.341385 0.694676
vt 0.340910 0.697996
vt 0.817773 0.811044
vt 0.742402 0.894717
vt 0.981554 0.829830
vt 0.967106 0.342283
vt 0.967536 0.340366
vt 0.968236 0.344040
vt 0.018349 0.913900
vt 0.019748 0.903379
vt 0.019748 0.919673
vt 0.387035 0.967924
vt 0.386301 0.966854
vt 0.387035 0.964712
vt 0.706076 0.349031
vt 0.705635 0.350307
vt 0.705635 0.347815
vt 0.436590 0.960541
vt 0.436590 0.957179
vt 0.437465 0.958525
vt 0.221895 0.919742
vt 0.930194 0.787974
vt 0.848254 0.348801
vt 0.848818 0.348026
vt 0.848818 0.350299
vt 0.462686 0.881541
vt 0.745239 0.891014
vt 0.521064 0.969086
vt 0.526216 0.968254
vt 0.520521 0.971380
vt 0.846745 0.348600
vt 0.847412 0.347774
vt 0.847412 0.350299
vt 0.988374 0.836994
vt 0.456797 0.877148
vt 0.489397 0.913148
vt 0.489397 0.908294
vt 0.490049 0.910486
vt 0.960504 0.957255
vt 0.961282 0.955410
vt 0.961282 0.959775
vt 0.848357 0.844993
vt 0.847124 0.845619
vt 0.847762 0.841616
vt 0.928311 0.822388
vt 0.367385 0.946465
vt 0.365220 0.954482
vt 0.365686 0.945169
vt 0.926165 0.220825
vt 0.848836 0.841203
vt 0.848409 0.837747
vt 0.340901 0.619448
vt 0.852992 0.343093
vt 0.850611 0.348074
vt 0.848865 0.344857
vt 0.706186 0.341360
vt 0.340526 0.869743
vt 0.341229 0.876730
vt 0.340526 0.885195
vt 0.968372 0.339991
vt 0.368038 0.947262
vt 0.367106 0.943269
vt 0.116449 0.867285
vt 0.116487 0.869489
vt 0.769147 0.345672
vt 0.773755 0.345106
vt 0.769946 0.339967
vt 0.774368 0.340000
vt 0.333881 0.651017
vt 0.333724 0.649508
vt 0.333881 0.646754
vt 0.874482 0.899820
vt 0.999718 0.813438
vt 0.795862 0.340235
vt 0.696220 0.343569
vt 0.697061 0.341754
vt 0.698122 0.342977
vt 0.202489 0.794793
vt 0.416385 0.911035
vt 0.411226 0.917674
vt 0.415595 0.908256
vt 0.465589 0.784170
vt 0.281399 0.982807
vt 0.808402 0.954149
vt 0.809591 0.954835
vt 0.809510 0.957489
vt 0.565748 0.899246
vt 0.569639 0.901826
vt 0.098880 0.949764
vt 0.100035 0.946869
vt 0.099847 0.951142
vt 0.096484 0.956456
vt 0.102255 0.953203
vt 0.846891 0.846979
vt 0.848105 0.846717
vt 0.966538 0.795489
vt 0.964920 0.796721
vt 0.966277 0.794481
vt 0.336328 0.779138
vt 0.341219 0.775722
vt 0.339768 0.786552
vt 0.489412 0.923002
vt 0.490090 0.921630
vt 0.490090 0.925481
vt 0.966610 0.796721
vt 0.341492 0.874950
vt 0.965573 0.773365
vt 0.966683 0.775549
vt 0.966839 0.778164
vt 0.732839 0.965813
vt 0.739743 0.520898
vt 0.130472 0.897717
vt 0.129623 0.895716
vt 0.132313 0.897881
vt 0.464743 0.893309
vt 0.116766 0.873418
vt 0.467032 0.892832
vt 0.465465 0.894492
vt 0.514600 0.841431
vt 0.225502 0.006163
vt 0.877632 0.929277
vt 0.877632 0.938986
vt 0.876265 0.932432
vt 0.877624 0.916273
vt 0.224259 0.961804
vt 0.225295 0.963376
vt 0.224259 0.968125
vt 0.965717 0.791608
vt 0.468307 0.893560
vt 0.194920 0.964429
vt 0.193380 0.963757
vt 0.195427 0.962499
vt 0.129193 0.897258
vt 0.521835 0.975917
vt 0.447542 0.852193
vt 0.129526 0.846028
vt 0.790863 0.347265
vt 0.791029 0.345365
vt 0.340659 0.869737
vt 0.340659 0.867044
vt 0.341132 0.868284
vt 0.116471 0.863989
vt 0.712917 0.346321
vt 0.656922 0.966830
vt 0.656893 0.969657
vt 0.655923 0.959568
vt 0.468161 0.887215
vt 0.462798 0.870152
vt 0.967207 0.344761
vt 0.712923 0.347241
vt 0.018397 0.951852
vt 0.019868 0.952674
vt 0.018643 0.955299
vt 0.841597 0.812708
vt 0.250570 0.809370
vt 0.726929 0.961707
vt 0.672616 0.944803
vt 0.672367 0.947336
vt 0.671501 0.946357
vt 0.703740 0.348304
vt 0.702213 0.350354
vt 0.702213 0.347815
vt 0.697544 0.339460
vt 0.416385 0.898692
vt 0.411148 0.909756
vt 0.125012 0.949795
vt 0.128556 0.959871
vt 0.105407 0.946891
vt 0.930649 0.822641
vt 0.464482 0.744449
vt 0.033585 0.862736
vt 0.027223 0.859631
vt 0.030073 0.856695
vt 0.135992 0.843113
vt 0.038250 0.979268
vt 0.040243 0.975330
vt 0.036536 0.987186
vt 0.819354 0.346678
vt 0.821603 0.347337
vt 0.819354 0.350115
vt 0.960634 0.875441
vt 0.959590 0.874962
vt 0.960634 0.873383
vt 0.815206 0.346083
vt 0.815826 0.347164
vt 0.813511 0.347445
vt 0.817347 0.346583
vt 0.410376 0.918953
vt 0.410376 0.914837
vt 0.410869 0.917436
vt 0.389519 0.954651
vt 0.388491 0.956221
vt 0.388033 0.951011
vt 0.193380 0.958000
vt 0.678489 0.337305
vt 0.678351 0.340897
vt 0.677817 0.339443
vt 0.657076 0.974603
vt 0.656150 0.980174
vt 0.653645 0.973406
vt 0.117465 0.877813
vt 0.927390 0.827996
vt 0.345900 0.822237
vt 0.388650 0.948853
vt 0.388034 0.951011
vt 0.959716 0.877385
vt 0.983199 0.900725
vt 0.982602 0.896655
vt 0.451866 0.855387
vt 0.936697 0.892493
vt 0.671501 0.940008
vt 0.113680 0.886796
vt 0.365769 0.943178
vt 0.306331 0.859750
vt 0.305915 0.857634
vt 0.306331 0.855134
vt 0.105669 0.949973
vt 0.458288 0.860683
vt 0.968372 0.342964
vt 0.969416 0.339835
vt 0.969416 0.346048
vt 0.046499 0.974691
vt 0.304914 0.864341
vt 0.127874 0.894956
vt 0.757565 0.899359
vt 0.897071 0.746324
vt 0.666755 0.882075
vt 0.662790 0.882579
vt 0.663822 0.885530
vt 0.905175 0.746031
vt 0.521437 0.978037
vt 0.936395 0.967361
vt 0.936395 0.963721
vt 0.937134 0.966325
vt 0.699643 0.345871
vt 0.698535 0.347781
vt 0.250280 0.798375
vt 0.302929 0.848853
vt 0.303012 0.858262
vt 0.018397 0.959057
vt 0.019369 0.956761
vt 0.808402 0.951709
vt 0.809437 0.952023
vt 0.440885 0.901439
vt 0.439569 0.889322
vt 0.113124 0.891005
vt 0.110956 0.891080
vt 0.848836 0.852553
vt 0.809757 0.963509
vt 0.809757 0.969432
vt 0.808696 0.966869
vt 0.966839 0.771982
vt 0.105422 0.935785
vt 0.967106 0.339824
vt 0.990015 0.700758
vt 0.967988 0.877572
vt 0.967988 0.871705
vt 0.969073 0.873464
vt 0.874468 0.341969
vt 0.870769 0.347441
vt 0.870769 0.339032
vt 0.625589 0.893644
vt 0.624985 0.895251
vt 0.624985 0.890156
vt 0.848754 0.953040
vt 0.848680 0.955406
vt 0.848018 0.952048
vt 0.968372 0.346048
vt 0.982820 0.894031
vt 0.131154 0.967417
vt 0.983328 0.891024
vt 0.453167 0.860414
vt 0.341402 0.460048
vt 0.341112 0.457396
vt 0.341402 0.446175
vt 0.732820 0.350102
vt 0.732820 0.348427
vt 0.734151 0.349256
vt 0.994575 0.698364
vt 0.489412 0.921630
vt 0.489412 0.917398
vt 0.490066 0.919175
vt 0.365220 0.937303
vt 0.365643 0.939263
vt 0.843547 0.809923
vt 0.450049 0.860417
vt 0.460276 0.871417
vt 0.792178 0.341240
vt 0.848865 0.337403
vt 0.117306 0.880391
vt 0.686881 0.343910
vt 0.678924 0.344146
vt 0.125432 0.890581
vt 0.346848 0.812757
vt 0.715381 0.342507
vt 0.121714 0.888270
vt 0.715990 0.958822
vt 0.815469 0.814653
vt 0.478249 0.947931
vt 0.470047 0.734420
vt 0.466568 0.735849
vt 0.952413 0.877526
vt 0.951403 0.874476
vt 0.952413 0.873777
vt 0.816797 0.344475
vt 0.622763 0.965153
vt 0.621133 0.962403
vt 0.622763 0.955093
vt 0.119043 0.880008
vt 0.696629 0.337305
vt 0.703986 0.341957
vt 0.679667 0.346756
vt 0.848518 0.339802
vt 0.844590 0.340342
vt 0.949609 0.960038
vt 0.685575 0.349564
vt 0.686960 0.348473
vt 0.753521 0.896990
vt 0.524947 0.961784
vt 0.933625 0.820942
vt 0.950109 0.877687
vt 0.489397 0.952447
vt 0.484896 0.941108
vt 0.485499 0.937827
vt 0.847940 0.956796
vt 0.130389 0.953137
vt 0.283241 0.964137
vt 0.281461 0.961161
vt 0.283241 0.956069
vt 0.656842 0.971278
vt 0.841937 0.348219
vt 0.842749 0.349174
vt 0.841937 0.350387
vt 0.815441 0.956798
vt 0.814653 0.958469
vt 0.814653 0.953262
vt 0.741060 0.894110
vt 0.135992 0.911120
vt 0.132922 0.911380
vt 0.134821 0.907596
vt 0.117549 0.875474
vt 0.681286 0.348103
vt 0.950092 0.786003
vt 0.951134 0.784479
vt 0.951077 0.786858
vt 0.459393 0.900511
vt 0.459376 0.904495
vt 0.458652 0.903971
vt 0.701577 0.344224
vt 0.345904 0.816844
vt 0.119957 0.882300
vt 0.770104 0.337919
vt 0.715216 0.344418
vt 0.709357 0.339879
vt 0.388033 0.958794
vt 0.121321 0.887066
vt 0.119663 0.883484
vt 0.122761 0.887525
vt 0.029190 0.855930
vt 0.079136 0.911671
vt 0.137103 0.917791
vt 0.136622 0.918600
vt 0.136622 0.915022
vt 0.907800 0.747332
vt 0.809591 0.950181
vt 0.875389 0.339891
vt 0.128880 0.905406
vt 0.125127 0.944258
vt 0.127124 0.944282
vt 0.932205 0.767736
vt 0.931497 0.767053
vt 0.932205 0.764042
vt 0.983830 0.271024
vt 0.978658 0.237625
vt 0.036536 0.879818
vt 0.036536 0.897850
vt 0.033573 0.882366
vt 0.856873 0.347583
vt 0.856873 0.350314
vt 0.856189 0.348614
vt 0.133612 0.915022
vt 0.127300 0.909007
vt 0.107388 0.937194
vt 0.123121 0.942823
vt 0.121864 0.933149
vt 0.131458 0.957338
vt 0.334088 0.600027
vt 0.333712 0.598213
vt 0.334088 0.591648
vt 0.966902 0.779782
vt 0.966902 0.785614
vt 0.965573 0.781047
vt 0.600388 0.966418
vt 0.601598 0.965070
vt 0.601598 0.968235
vt 0.303081 0.841728
vt 0.710304 0.347961
vt 0.711605 0.349536
vt 0.740989 0.892202
vt 0.334894 0.776487
vt 0.823593 0.347120
vt 0.825115 0.347979
vt 0.823593 0.350404
vt 0.334088 0.619139
vt 0.702785 0.343042
vt 0.523512 0.991501
vt 0.652492 0.983410
vt 0.707053 0.337305
vt 0.851265 0.348537
vt 0.851970 0.350086
vt 0.851265 0.350375
vt 0.686947 0.337305
vt 0.656184 0.994399
vt 0.654809 0.992925
vt 0.656820 0.992391
vt 0.462915 0.866176
vt 0.456024 0.862469
vt 0.671917 0.871892
vt 0.671064 0.879762
vt 0.127865 0.899556
vt 0.790863 0.338820
vt 0.791514 0.342201
vt 0.656374 0.991107
vt 0.116806 0.892470
vt 0.514706 0.961165
vt 0.515942 0.959753
vt 0.515942 0.966062
vt 0.469703 0.735025
vt 0.467560 0.736585
vt 0.976744 0.894955
vt 0.305246 0.851824
vt 0.656656 0.999325
vt 0.134624 0.964998
vt 0.955017 0.960870
vt 0.500229 0.874950
vt 0.499265 0.868412
vt 0.502155 0.868222
vt 0.718144 0.954905
vt 0.687770 0.340788
vt 0.687675 0.342126
vt 0.564710 0.901758
vt 0.564585 0.896469
vt 0.932549 0.884536
vt 0.125692 0.900314
vt 0.687769 0.345451
vt 0.978139 0.817824
vt 0.977823 0.808047
vt 0.979718 0.821899
vt 0.952001 0.786356
vt 0.953965 0.781938
vt 0.657076 0.986319
vt 0.649271 0.992435
vt 0.960640 0.799441
vt 0.959525 0.800622
vt 0.955629 0.798010
vt 0.591640 0.484736
vt 0.131154 0.945505
vt 0.039822 0.973286
vt 0.039954 0.971002
vt 0.040676 0.972033
vt 0.130635 0.977774
vt 0.130814 0.975835
vt 0.135564 0.975332
vt 0.127554 0.938745
vt 0.130112 0.972324
vt 0.458535 0.908107
vt 0.505909 0.854196
vt 0.508699 0.856664
vt 0.507491 0.864798
vt 0.964345 0.346048
vt 0.964565 0.344631
vt 0.965862 0.342336
vt 0.124209 0.931238
vt 0.995760 0.696129
vt 0.672616 0.778735
vt 0.671996 0.775813
vt 0.672616 0.758601
vt 0.956935 0.955410
vt 0.975579 0.813296
vt 0.022751 0.870209
vt 0.023531 0.866355
vt 0.527907 0.960282
vt 0.528211 0.958956
vt 0.530587 0.962679
vt 0.029778 0.868915
vt 0.846248 0.489584
vt 0.655328 0.999934
vt 0.937602 0.893284
vt 0.936709 0.897208
vt 0.101267 0.940205
vt 0.100176 0.935365
vt 0.305915 0.858493
vt 0.104569 0.930649
vt 0.848865 0.345849
vt 0.341461 0.466311
vt 0.341237 0.474560
vt 0.341080 0.469066
vt 0.567970 0.897915
vt 0.569252 0.896600
vt 0.679183 0.937983
vt 0.705827 0.337305
vt 0.531458 0.967414
vt 0.739284 0.947074
vt 0.736466 0.958842
vt 0.736466 0.942933
vt 0.601598 0.962344
vt 0.660377 0.826217
vt 0.661260 0.824114
vt 0.661260 0.826644
vt 0.135511 0.969631
vt 0.132970 0.952023
vt 0.956982 0.786511
vt 0.124291 0.904671
vt 0.116320 0.898498
vt 0.720841 0.954546
vt 0.817260 0.338256
vt 0.210570 0.350897
vt 0.671929 0.909037
vt 0.671121 0.908119
vt 0.672534 0.904406
vt 0.119681 0.900111
vt 0.679089 0.202225
vt 0.648218 0.981286
vt 0.106533 0.930393
vt 0.462936 0.786990
vt 0.520521 0.992845
vt 0.529539 0.993681
vt 0.526654 0.997977
vt 0.812865 0.501797
vt 0.469225 0.755801
vt 0.465807 0.752042
vt 0.469404 0.740949
vt 0.981679 0.829210
vt 0.985641 0.820369
vt 0.341461 0.476500
vt 0.530957 0.965596
vt 0.954763 0.779306
vt 0.958768 0.777305
vt 0.305980 0.881754
vt 0.305980 0.877847
vt 0.306351 0.879828
vt 0.739349 0.888579
vt 0.522419 0.862095
vt 0.519118 0.851947
vt 0.513770 0.851505
vt 0.847981 0.347774
vt 0.564994 0.894319
vt 0.671896 0.903641
vt 0.965987 0.948203
vt 0.967382 0.944872
vt 0.969406 0.947229
vt 0.649754 0.994290
vt 0.964226 0.943149
vt 0.479924 0.948785
vt 0.135768 0.958938
vt 0.683231 0.939472
vt 0.465710 0.740104
vt 0.028889 0.873834
vt 0.342907 0.815156
vt 0.033987 0.901506
vt 0.988374 0.825623
vt 0.456647 0.711214
vt 0.939384 0.889788
vt 0.671806 0.910779
vt 0.530415 0.980419
vt 0.341377 0.490084
vt 0.341377 0.486773
vt 0.341490 0.488443
vt 0.936067 0.817085
vt 0.935017 0.815438
vt 0.935774 0.814877
vt 0.484758 0.949595
vt 0.022755 0.859575
vt 0.747120 0.884565
vt 0.750525 0.883675
vt 0.527256 0.873914
vt 0.522214 0.843710
vt 0.107388 0.911671
vt 0.103052 0.907081
vt 0.105629 0.906817
vt 0.706186 0.340808
vt 0.964242 0.340663
vt 0.965862 0.338097
vt 0.745768 0.337362
vt 0.745768 0.340465
vt 0.744116 0.337996
vt 0.981314 0.812094
vt 0.959142 0.776351
vt 0.960426 0.775311
vt 0.961106 0.775417
vt 0.045693 0.963563
vt 0.938228 0.892021
vt 0.459393 0.908526
vt 0.459009 0.909983
vt 0.040320 0.968524
vt 0.865774 0.347896
vt 0.866377 0.349011
vt 0.865774 0.349462
vt 0.011724 0.968856
vt 0.010596 0.968205
vt 0.011724 0.964069
vt 0.670581 0.911400
vt 0.672034 0.915230
vt 0.671055 0.913616
vt 0.136622 0.963800
vt 0.531679 0.964124
vt 0.671339 0.916385
vt 0.672534 0.917974
vt 0.980016 0.888656
vt 0.528653 0.995907
vt 0.943152 0.881280
vt 0.958233 0.789660
vt 0.021124 0.860194
vt 0.957835 0.802296
vt 0.436988 0.817046
vt 0.437821 0.800877
vt 0.437821 0.819102
vt 0.128694 0.932956
vt 0.929299 0.818067
vt 0.962213 0.775709
vt 0.957022 0.788079
vt 0.972215 0.944522
vt 0.030106 0.883059
vt 0.229987 0.005457
vt 0.502261 0.875085
vt 0.532232 0.972400
vt 0.346100 0.806856
vt 0.341744 0.805250
vt 0.506509 0.867394
vt 0.511198 0.872979
vt 0.654342 0.999968
vt 0.650101 0.996873
vt 0.040033 0.964984
vt 0.464236 0.747697
vt 0.465522 0.746464
vt 0.466569 0.759121
vt 0.198321 0.857207
vt 0.197918 0.859966
vt 0.197918 0.855105
vt 0.341492 0.811151
vt 0.232104 0.000000
vt 0.465554 0.741969
vt 0.517688 0.863186
vt 0.933412 0.814124
vt 0.511441 0.855344
vt 0.532214 0.966207
vt 0.099621 0.929714
vt 0.019290 0.861649
vt 0.531445 0.985582
vt 0.950916 0.804484
vt 0.961863 0.774434
vt 0.127026 0.928387
vt 0.103518 0.903631
vt 0.566959 0.893294
vt 0.939740 0.888869
vt 0.023730 0.901756
vt 0.725121 0.946325
vt 0.334894 0.758195
vt 0.533104 0.970429
vt 0.563741 0.894686
vt 0.505954 0.876655
vt 0.134658 0.950980
vt 0.927385 0.810428
vt 0.660377 0.819988
vt 0.659854 0.818164
vt 0.660377 0.813999
vt 0.979611 0.805543
vt 0.974509 0.801849
vt 0.233949 0.082226
vt 0.731913 0.964502
vt 0.730646 0.965847
vt 0.730646 0.959656
vt 0.027686 0.877575
vt 0.197073 0.967883
vt 0.196565 0.965062
vt 0.197928 0.963980
vt 0.956411 0.804305
vt 0.719537 0.951108
vt 0.248247 0.899624
vt 0.250382 0.893415
vt 0.250193 0.899733
vt 0.249368 0.889882
vt 0.986468 0.815465
vt 0.716536 0.950559
vt 0.344573 0.804618
vt 0.962363 0.242009
vt 0.247211 0.129584
vt 0.464208 0.791742
vt 0.948091 0.802113
vt 0.953416 0.796811
vt 0.744479 0.884785
vt 0.983327 0.809986
vt 0.532266 0.987925
vt 0.530879 0.991643
vt 0.462279 0.747210
vt 0.932974 0.811044
vt 0.953426 0.955410
vt 0.952890 0.950274
vt 0.958958 0.940205
vt 0.977702 0.800218
vt 0.250382 0.904581
vt 0.684739 0.940583
vt 0.589826 0.546046
vt 0.965573 0.771982
vt 0.342963 0.802998
vt 0.077301 0.881388
vt 0.077196 0.873429
vt 0.079333 0.877099
vt 0.533853 0.972550
vt 0.532841 0.975783
vt 0.078655 0.886627
vt 0.030482 0.902596
vt 0.047967 0.965904
vt 0.794781 0.192680
vt 0.096154 0.903013
vt 0.532030 0.981207
vt 0.533834 0.979921
vt 0.930194 0.795840
vt 0.926316 0.795840
vt 0.927720 0.787973
vt 0.974347 0.796811
vt 0.900417 0.737097
vt 0.134457 0.938671
vt 0.561768 0.890564
vt 0.096645 0.900704
vt 0.099598 0.897407
vt 0.646245 0.991763
vt 0.342190 0.800877
vt 0.016292 0.870106
vt 0.962401 0.790371
vt 0.903003 0.736381
vt 0.940517 0.887347
vt 0.039760 0.961865
vt 0.043273 0.955635
vt 0.929689 0.809452
vt 0.966780 0.939659
vt 0.534108 0.977772
vt 0.082129 0.887833
vt 0.039310 0.959041
vt 0.038984 0.957307
vt 0.015736 0.864974
vt 0.013927 0.866967
vt 0.562782 0.889763
vt 0.196498 0.963980
vt 0.015506 0.873121
vt 0.905157 0.734258
vt 0.678110 0.930917
vt 0.490027 0.887618
vt 0.489397 0.892990
vt 0.924129 0.815811
vt 0.333686 0.508197
vt 0.338058 0.507983
vt 0.338058 0.560357
vt 0.973024 0.939176
vt 0.962259 0.786809
vt 0.684838 0.937739
vt 0.082177 0.892053
vt 0.080942 0.862671
vt 0.646659 0.989075
vt 0.389519 0.929816
vt 0.391961 0.927925
vt 0.391961 0.948165
vt 0.334139 0.708500
vt 0.333689 0.713700
vt 0.333689 0.707024
vt 0.524226 0.883192
vt 0.896304 0.733329
vt 0.009709 0.870599
vt 0.527030 0.356285
vt 0.023931 0.903321
vt 0.337608 0.757212
vt 0.336471 0.758103
vt 0.336471 0.756509
vt 0.131345 0.927625
vt 0.008211 0.872497
vt 0.508110 0.877700
vt 0.562361 0.888299
vt 0.094393 0.890990
vt 0.098828 0.926636
vt 0.252646 0.142617
vt 0.038588 0.955211
vt 0.037180 0.950781
vt 0.039418 0.950535
vt 0.645176 0.989511
vt 0.931293 0.809752
vt 0.090737 0.900684
vt 0.091527 0.898605
vt 0.329636 0.863951
vt 0.333991 0.856498
vt 0.328867 0.869743
vt 0.085735 0.897395
vt 0.528277 0.884971
vt 0.086866 0.894403
vt 0.722110 0.947844
vt 0.091258 0.887955
vt 0.681948 0.169333
vt 0.663323 0.858990
vt 0.663323 0.806984
vt 0.671917 0.856332
vt 0.098400 0.928791
vt 0.340928 0.630159
vt 0.341466 0.630423
vt 0.560335 0.888457
vt 0.740675 0.878998
vt 0.103452 0.919979
vt 0.983856 0.882520
vt 0.097592 0.925910
vt 0.091230 0.887789
vt 0.087521 0.884571
vt 0.089059 0.884574
vt 0.085287 0.878014
vt 0.753362 0.884110
vt 0.749519 0.878025
vt 0.751954 0.878530
vt 0.133629 0.927902
vt 0.513969 0.879376
vt 0.018364 0.898546
vt 0.965573 0.790492
vt 0.233948 0.004231
vt 0.013085 0.901674
vt 0.100431 0.917988
vt 0.087117 0.880080
vt 0.962807 0.931851
vt 0.965101 0.933460
vt 0.084883 0.872421
vt 0.453158 0.989014
vt 0.440885 0.979100
vt 0.453158 0.963974
vt 0.744456 0.881120
vt 0.338868 0.763156
vt 0.128898 0.922734
vt 0.224259 0.940284
vt 0.225127 0.944624
vt 0.225357 0.947871
vt 0.708086 0.975659
vt 0.705823 0.970402
vt 0.707008 0.971425
vt 0.942000 0.877745
vt 0.437294 0.879553
vt 0.440885 0.863379
vt 0.440885 0.882396
vt 0.709395 0.974336
vt 0.954208 0.807181
vt 0.037480 0.950266
vt 0.085772 0.865547
vt 0.036536 0.946706
vt 0.084990 0.869041
vt 0.599037 0.604317
vt 0.002490 0.878256
vt 0.000000 0.899545
vt 0.645128 0.983803
vt 0.443037 0.760921
vt 0.929566 0.807039
vt 0.558630 0.886376
vt 0.984730 0.884385
vt 0.087188 0.862618
vt 0.254264 0.830199
vt 0.250570 0.827981
vt 0.254036 0.824416
vt 0.560542 0.886342
vt 0.964181 0.791437
vt 0.704473 0.967095
vt 0.706300 0.968578
vt 0.038639 0.941688
vt 0.923146 0.810564
vt 0.555950 0.884906
vt 0.700314 0.348038
vt 0.702213 0.348038
vt 0.700427 0.350354
vt 0.709029 0.976962
vt 0.713973 0.977695
vt 0.710164 0.981331
vt 0.745098 0.876689
vt 0.457626 0.787819
vt 0.790941 0.968924
vt 0.790941 0.963383
vt 0.792102 0.963867
vt 0.202295 0.785764
vt 0.702826 0.963708
vt 0.705078 0.965305
vt 0.747827 0.876915
vt 0.328466 0.860822
vt 0.952038 0.944558
vt 0.096948 0.923228
vt 0.955569 0.808672
vt 0.971413 0.932573
vt 0.749795 0.875751
vt 0.021287 0.903379
vt 0.969163 0.928920
vt 0.007236 0.901694
vt 0.712554 0.972004
vt 0.928905 0.805908
vt 0.557347 0.883599
vt 0.701827 0.960255
vt 0.703079 0.961472
vt 0.704206 0.963097
vt 0.225006 0.941629
vt 0.545545 0.882017
vt 0.544863 0.880715
vt 0.541302 0.880414
vt 0.683996 0.931990
vt 0.450349 0.718427
vt 0.090678 0.851845
vt 0.016761 0.902542
vt 0.716987 0.944261
vt 0.815467 0.889790
vt 0.814654 0.885685
vt 0.815467 0.883948
vt 0.590831 0.504630
vt 0.086317 0.853478
vt 0.046128 0.953095
vt 0.553486 0.882546
vt 0.718821 0.941333
vt 0.548792 0.880416
vt 0.951415 0.942978
vt 0.950934 0.940825
vt 0.945531 0.806868
vt 0.968497 0.461357
vt 0.945338 0.467616
vt 0.935542 0.452610
vt 0.707650 0.965372
vt 0.711575 0.964309
vt 0.088803 0.860500
vt 0.135348 0.915022
vt 0.049548 0.960724
vt 0.208691 0.782717
vt 0.332662 0.843886
vt 0.003758 0.901149
vt 0.923044 0.808000
vt 0.699631 0.525766
vt 0.445842 0.739072
vt 0.926705 0.802996
vt 0.041867 0.945189
vt 0.136213 0.923922
vt 0.254140 0.835134
vt 0.306278 0.835134
vt 0.225357 0.939356
vt 0.249781 0.786998
vt 0.554515 0.881863
vt 0.715377 0.350395
vt 0.714881 0.348502
vt 0.715377 0.348445
vt 0.096829 0.922219
vt 0.096484 0.916026
vt 0.927866 0.804316
vt 0.947954 0.809244
vt 0.704716 0.958860
vt 0.701383 0.957302
vt 0.702772 0.959274
vt 0.902348 0.731256
vt 0.048143 0.950288
vt 0.686166 0.924715
vt 0.987761 0.880702
vt 0.250718 0.819360
vt 0.748030 0.873664
vt 0.746769 0.869639
vt 0.702627 0.957632
vt 0.327069 0.854257
vt 0.707745 0.958267
vt 0.455353 0.781457
vt 0.791462 0.949893
vt 0.787694 0.943479
vt 0.791636 0.947851
vt 0.436590 0.960624
vt 0.434791 0.960624
vt 0.435126 0.957179
vt 0.207291 0.418140
vt 0.043558 0.942825
vt 0.789670 0.338820
vt 0.789670 0.337314
vt 0.790234 0.337475
vt 0.898592 0.730617
vt 0.041921 0.940407
vt 0.129509 0.916282
vt 0.267897 0.171308
vt 0.954065 0.815971
vt 0.745865 0.870767
vt 0.248240 0.779504
vt 0.739672 0.873363
vt 0.926199 0.800512
vt 0.924278 0.800060
vt 0.036855 0.935956
vt 0.040399 0.933954
vt 0.923044 0.796811
vt 0.920398 0.798591
vt 0.916588 0.797052
vt 0.090573 0.858522
vt 0.541175 0.902892
vt 0.539732 0.891160
vt 0.540708 0.896491
vt 0.640204 0.959987
vt 0.641992 0.963407
vt 0.639649 0.960974
vt 0.956820 0.933949
vt 0.989086 0.877745
vt 0.961005 0.928454
vt 0.961730 0.922926
vt 0.672597 0.828006
vt 0.671948 0.822977
vt 0.672597 0.813070
vt 0.786636 0.477425
vt 0.700806 0.954619
vt 0.728827 0.944194
vt 0.728021 0.948957
vt 0.136622 0.917487
vt 0.729402 0.948366
vt 0.091744 0.856832
vt 0.722003 0.939565
vt 0.046043 0.945730
vt 0.966271 0.922848
vt 0.093485 0.855370
vt 0.925190 0.799451
vt 0.682122 0.922438
vt 0.952973 0.815082
vt 0.254198 0.816716
vt 0.717460 0.935778
vt 0.448208 0.777903
vt 0.808556 0.489618
vt 0.702144 0.952859
vt 0.641992 0.957144
vt 0.740240 0.869425
vt 0.925235 0.798196
vt 0.949193 0.822629
vt 0.416385 0.960654
vt 0.417011 0.959031
vt 0.419436 0.960501
vt 0.044088 0.937022
vt 0.900909 0.725252
vt 0.727930 0.943037
vt 0.096865 0.911671
vt 0.748505 0.340249
vt 0.747325 0.340437
vt 0.748621 0.339015
vt 0.715019 0.965870
vt 0.711699 0.958753
vt 0.924003 0.796811
vt 0.099377 0.914062
vt 0.737088 0.874394
vt 0.747325 0.337362
vt 0.524858 0.388908
vt 0.704100 0.951724
vt 0.947091 0.930708
vt 0.948169 0.931616
vt 0.948573 0.933099
vt 0.715990 0.969990
vt 0.305623 0.831014
vt 0.791636 0.936116
vt 0.949531 0.936027
vt 0.949336 0.922504
vt 0.418409 0.957526
vt 0.744850 0.494174
vt 0.848008 0.480749
vt 0.708088 0.950918
vt 0.709618 0.954431
vt 0.995929 0.221378
vt 0.417212 0.956970
vt 0.094260 0.853364
vt 0.039673 0.930204
vt 0.041753 0.931385
vt 0.741977 0.862603
vt 0.418083 0.955952
vt 0.387110 0.968666
vt 0.387035 0.966284
vt 0.387998 0.966417
vt 0.388034 0.967659
vt 0.096371 0.852930
vt 0.947789 0.929134
vt 0.440782 0.917607
vt 0.439569 0.925932
vt 0.135991 0.901304
vt 0.137532 0.896349
vt 0.138339 0.905037
vt 0.423700 0.954740
vt 0.422860 0.960844
vt 0.946259 0.927800
vt 0.706113 0.945878
vt 0.728758 0.941069
vt 0.918209 0.800025
vt 0.341460 0.771556
vt 0.341229 0.769895
vt 0.341460 0.768663
vt 0.418063 0.954970
vt 0.848851 0.883106
vt 0.848039 0.880947
vt 0.848851 0.873994
vt 0.135991 0.893205
vt 0.142122 0.893963
vt 0.143252 0.895909
vt 0.328566 0.836516
vt 0.969573 0.916931
vt 0.444178 0.728508
vt 0.715534 0.953842
vt 0.268665 0.315405
vt 0.388034 0.964712
vt 0.744854 0.866349
vt 0.246126 0.768144
vt 0.201259 0.768708
vt 0.142880 0.890077
vt 0.737559 0.869324
vt 0.943994 0.814071
vt 0.965476 0.917932
vt 0.815526 0.350240
vt 0.815526 0.347529
vt 0.816408 0.349173
vt 0.334894 0.849457
vt 0.894289 0.726510
vt 0.685803 0.924103
vt 0.536245 0.489132
vt 0.857467 0.348494
vt 0.858061 0.348923
vt 0.857879 0.350314
vt 0.623099 0.964070
vt 0.623099 0.955093
vt 0.624986 0.959142
vt 0.727815 0.937547
vt 0.700922 0.942785
vt 0.920974 0.956919
vt 0.920974 0.947208
vt 0.922566 0.950871
vt 0.923043 0.952069
vt 0.953125 0.926480
vt 0.858061 0.347573
vt 0.422772 0.951529
vt 0.251433 0.807975
vt 0.044982 0.922345
vt 0.720571 0.932530
vt 0.095557 0.847122
vt 0.099415 0.849841
vt 0.447092 0.770505
vt 0.441257 0.738641
vt 0.944043 0.924356
vt 0.946255 0.926416
vt 0.945000 0.925865
vt 0.944795 0.922750
vt 0.136299 0.886737
vt 0.910386 0.802862
vt 0.910670 0.798265
vt 0.940866 0.965329
vt 0.942475 0.965118
vt 0.941380 0.966933
vt 0.728878 0.937191
vt 0.202124 0.773520
vt 0.341470 0.720715
vt 0.340994 0.718247
vt 0.341470 0.712804
vt 0.268106 0.264333
vt 0.326335 0.850661
vt 0.324177 0.846476
vt 0.325638 0.848945
vt 0.896948 0.725447
vt 0.671946 0.879028
vt 0.672615 0.880178
vt 0.671946 0.885477
vt 0.893529 0.960159
vt 0.895882 0.956621
vt 0.895882 0.962862
vt 0.975213 0.928400
vt 0.973543 0.920982
vt 0.968366 0.219563
vt 0.727968 0.935230
vt 0.961412 0.918145
vt 0.254457 0.811230
vt 0.832739 0.466725
vt 0.942145 0.962579
vt 0.541175 0.884971
vt 0.876470 0.946764
vt 0.877632 0.949547
vt 0.943152 0.920280
vt 0.905667 0.724922
vt 0.903765 0.724396
vt 0.901500 0.719248
vt 0.812300 0.966884
vt 0.813920 0.960211
vt 0.711741 0.950527
vt 0.957853 0.930062
vt 0.960656 0.935657
vt 0.947948 0.876416
vt 0.950109 0.873476
vt 0.946592 0.816997
vt 0.915702 0.802135
vt 0.585063 0.665636
vt 0.686995 0.921475
vt 0.444625 0.772445
vt 0.791710 0.936116
vt 0.787694 0.928928
vt 0.790937 0.925406
vt 0.714520 0.952444
vt 0.736604 0.862867
vt 0.324962 0.845244
vt 0.711645 0.939439
vt 0.729631 0.348318
vt 0.733892 0.342229
vt 0.736304 0.348385
vt 0.440885 0.752453
vt 0.946665 0.918294
vt 0.852992 0.347261
vt 0.852992 0.337403
vt 0.857309 0.340785
vt 0.881025 0.209414
vt 0.954800 0.926523
vt 0.901627 0.721690
vt 0.717602 0.929936
vt 0.944459 0.819619
vt 0.468307 0.968334
vt 0.466991 0.967465
vt 0.468234 0.966069
vt 0.963733 0.915255
vt 0.735522 0.344710
vt 0.736426 0.345738
vt 0.419485 0.950785
vt 0.419067 0.947814
vt 0.305689 0.808942
vt 0.426235 0.946012
vt 0.727850 0.930777
vt 0.728564 0.924388
vt 0.890745 0.720149
vt 0.740391 0.860402
vt 0.734198 0.865504
vt 0.254945 0.794895
vt 0.706991 0.937437
vt 0.685898 0.917082
vt 0.251337 0.796878
vt 0.430183 0.946943
vt 0.103382 0.848640
vt 0.259083 0.803628
vt 0.530787 0.434870
vt 0.735674 0.342886
vt 0.704246 0.932494
vt 0.896484 0.718994
vt 0.468307 0.962668
vt 0.422499 0.943631
vt 0.305476 0.818990
vt 0.107388 0.843113
vt 0.950670 0.917271
vt 0.714673 0.939926
vt 0.728689 0.932733
vt 0.889790 0.721292
vt 0.972399 0.912786
vt 0.739087 0.856560
vt 0.068693 0.948330
vt 0.070150 0.942364
vt 0.077007 0.931737
vt 0.735053 0.342077
vt 0.442201 0.767546
vt 0.062907 0.887234
vt 0.062273 0.884618
vt 0.062907 0.880696
vt 0.871272 0.350392
vt 0.870769 0.348117
vt 0.871272 0.347441
vt 0.779501 0.347675
vt 0.784530 0.339991
vt 0.780407 0.349788
vt 0.200932 0.770206
vt 0.907043 0.803990
vt 0.740683 0.859121
vt 0.729631 0.338717
vt 0.734005 0.340052
vt 0.322442 0.842871
vt 0.937134 0.965975
vt 0.937134 0.959800
vt 0.938981 0.962396
vt 0.955393 0.834897
vt 0.898973 0.717857
vt 0.943492 0.911264
vt 0.324866 0.836119
vt 0.668854 0.758601
vt 0.667995 0.752337
vt 0.672231 0.750586
vt 0.960656 0.908547
vt 0.785546 0.347003
vt 0.250865 0.782317
vt 0.254547 0.782011
vt 0.968941 0.907983
vt 0.953681 0.920873
vt 0.934136 0.455254
vt 0.923039 0.447940
vt 0.929661 0.451661
vt 0.906384 0.793461
vt 0.906471 0.789541
vt 0.907741 0.788562
vt 0.857310 0.347261
vt 0.858202 0.344045
vt 0.861725 0.344439
vt 0.970058 0.428680
vt 0.890592 0.716560
vt 0.321996 0.840152
vt 0.913905 0.805224
vt 0.734586 0.337305
vt 0.254080 0.767980
vt 0.254137 0.774721
vt 0.250591 0.773843
vt 0.994653 0.460851
vt 0.723921 0.926225
vt 0.947006 0.914160
vt 0.788770 0.923456
vt 0.709612 0.932146
vt 0.962220 0.906210
vt 0.735632 0.169129
vt 0.959161 0.928324
vt 0.666229 0.747021
vt 0.668548 0.742970
vt 0.784992 0.349788
vt 0.319809 0.840142
vt 0.898025 0.715051
vt 0.728582 0.928322
vt 0.664733 0.743626
vt 0.272006 0.132076
vt 0.912661 0.808788
vt 0.906158 0.811084
vt 0.947088 0.826571
vt 0.722368 0.923486
vt 0.070608 0.937844
vt 0.738634 0.854008
vt 0.899002 0.337564
vt 0.900661 0.342745
vt 0.899002 0.343921
vt 0.358456 0.899092
vt 0.358944 0.903093
vt 0.318651 0.837601
vt 0.732271 0.858303
vt 0.737404 0.850956
vt 0.490108 0.892991
vt 0.490108 0.898516
vt 0.489397 0.895322
vt 0.896459 0.714344
vt 0.426294 0.938512
vt 0.255643 0.788907
vt 0.964358 0.904540
vt 0.946871 0.911048
vt 0.906528 0.786960
vt 0.906912 0.785557
vt 0.943569 0.904234
vt 0.265996 0.205894
vt 0.972708 0.907265
vt 0.890535 0.706874
vt 0.737070 0.847529
vt 0.714627 0.930824
vt 0.896799 0.713208
vt 0.914188 0.806905
vt 0.912329 0.812677
vt 0.954153 0.911048
vt 0.833404 0.199981
vt 0.904433 0.340287
vt 0.907099 0.783372
vt 0.305687 0.798702
vt 0.071555 0.935968
vt 0.857310 0.339915
vt 0.294879 0.965992
vt 0.294879 0.960582
vt 0.296810 0.963428
vt 0.430519 0.938822
vt 0.949406 0.909100
vt 0.906576 0.781097
vt 0.956591 0.918848
vt 0.954912 0.914889
vt 0.956226 0.915759
vt 0.279412 0.175694
vt 0.793156 0.468361
vt 0.904385 0.805401
vt 0.663875 0.741661
vt 0.854776 0.465735
vt 0.822735 0.198485
vt 0.198342 0.758195
vt 0.888592 0.710516
vt 0.952846 0.832680
vt 0.887124 0.713676
vt 0.966058 0.901322
vt 0.705952 0.497553
vt 0.662168 0.737850
vt 0.663531 0.738058
vt 0.894049 0.710802
vt 0.780863 0.968727
vt 0.781400 0.965924
vt 0.786990 0.953969
vt 0.313451 0.822737
vt 0.898386 0.962486
vt 0.895882 0.960369
vt 0.898386 0.956621
vt 0.945545 0.830109
vt 0.942817 0.827693
vt 0.392913 0.962798
vt 0.392913 0.967544
vt 0.391449 0.965545
vt 0.792175 0.900051
vt 0.793273 0.908873
vt 0.792175 0.913009
vt 0.253737 0.758250
vt 0.304492 0.758195
vt 0.253812 0.763264
vt 0.848836 0.863405
vt 0.846916 0.860093
vt 0.672616 0.743566
vt 0.955491 0.912771
vt 0.709561 0.925532
vt 0.907283 0.779078
vt 0.913569 0.444299
vt 0.916260 0.444543
vt 0.661758 0.735275
vt 0.389519 0.960803
vt 0.389519 0.948165
vt 0.391449 0.953120
vt 0.579668 0.609217
vt 0.815429 0.853583
vt 0.815429 0.864346
vt 0.814640 0.855271
vt 0.304783 0.768621
vt 0.911416 0.814911
vt 0.961626 0.898795
vt 0.324810 0.831915
vt 0.902927 0.810939
vt 0.422536 0.935926
vt 0.423598 0.933913
vt 0.070571 0.936967
vt 0.069891 0.928802
vt 0.070869 0.930723
vt 0.305915 0.855133
vt 0.305915 0.849024
vt 0.306274 0.851412
vt 0.955094 0.910670
vt 0.677384 0.515482
vt 0.663606 0.733275
vt 0.265285 0.366496
vt 0.410376 0.911543
vt 0.411103 0.906951
vt 0.411103 0.914837
vt 0.671501 0.929687
vt 0.672046 0.920351
vt 0.672535 0.922653
vt 0.948986 0.833905
vt 0.070395 0.933153
vt 0.666408 0.732155
vt 0.948173 0.901455
vt 0.140864 0.886737
vt 0.137943 0.879615
vt 0.143350 0.883398
vt 0.736176 0.963715
vt 0.735083 0.963389
vt 0.736176 0.957170
vt 0.954289 0.906739
vt 0.734083 0.961482
vt 0.327513 0.832344
vt 0.906384 0.778282
vt 0.659831 0.729537
vt 0.780723 0.963259
vt 0.657773 0.702246
vt 0.654979 0.702330
vt 0.659831 0.696903
vt 0.835744 0.345367
vt 0.831578 0.341996
vt 0.834625 0.338256
vt 0.268217 0.095763
vt 0.427321 0.929334
vt 0.780817 0.961382
vt 0.435988 0.929940
vt 0.438864 0.936734
vt 0.434791 0.940641
vt 0.671501 0.917974
vt 0.728808 0.921738
vt 0.439107 0.950363
vt 0.440830 0.944235
vt 0.953369 0.906082
vt 0.928490 0.433449
vt 0.970630 0.898508
vt 0.071464 0.929500
vt 0.720550 0.920904
vt 0.726414 0.915903
vt 0.816408 0.350104
vt 0.816408 0.347526
vt 0.817316 0.349917
vt 0.625585 0.826132
vt 0.625068 0.835476
vt 0.624436 0.833085
vt 0.359041 0.952432
vt 0.359041 0.937303
vt 0.362170 0.943943
vt 0.432474 0.931989
vt 0.907050 0.775453
vt 0.889725 0.704973
vt 0.141358 0.878990
vt 0.305994 0.803811
vt 0.306355 0.812011
vt 0.729423 0.920109
vt 0.649055 0.699505
vt 0.954649 0.905343
vt 0.730851 0.952178
vt 0.730851 0.942924
vt 0.732015 0.945913
vt 0.669291 0.727435
vt 0.944998 0.346594
vt 0.940147 0.348430
vt 0.438864 0.944235
vt 0.953827 0.903026
vt 0.883130 0.710176
vt 0.884863 0.707990
vt 0.974133 0.906809
vt 0.974043 0.903601
vt 0.975213 0.904373
vt 0.833668 0.347482
vt 0.648469 0.703844
vt 0.952528 0.901207
vt 0.141652 0.870820
vt 0.140740 0.877409
vt 0.729662 0.917281
vt 0.624679 0.837553
vt 0.069562 0.926783
vt 0.975111 0.901236
vt 0.885770 0.169972
vt 0.747344 0.144822
vt 0.305206 0.780115
vt 0.422369 0.926331
vt 0.880453 0.701533
vt 0.322897 0.823663
vt 0.854777 0.348120
vt 0.855575 0.347261
vt 0.855575 0.349940
vt 0.974081 0.900386
vt 0.953841 0.899928
vt 0.333689 0.722653
vt 0.333919 0.716828
vt 0.625373 0.838560
vt 0.865434 0.454455
vt 0.833681 0.451410
vt 0.433138 0.925835
vt 0.771374 0.900051
vt 0.769624 0.902004
vt 0.766837 0.901891
vt 0.420554 0.922060
vt 0.953641 0.901420
vt 0.666920 0.724216
vt 0.779731 0.954413
vt 0.779981 0.952953
vt 0.780328 0.956407
vt 0.770682 0.901666
vt 0.770802 0.903183
vt 0.333911 0.628596
vt 0.333690 0.622500
vt 0.885429 0.701434
vt 0.315544 0.821557
vt 0.955414 0.839902
vt 0.843581 0.892041
vt 0.847080 0.890865
vt 0.847080 0.895906
vt 0.521534 0.388898
vt 0.831578 0.349324
vt 0.660814 0.724919
vt 0.947557 0.841550
vt 0.714648 0.921849
vt 0.875478 0.447684
vt 0.951818 0.842138
vt 0.944836 0.426451
vt 0.319362 0.822261
vt 0.962865 0.893105
vt 0.425491 0.924935
vt 0.809303 0.141266
vt 0.944721 0.837963
vt 0.768901 0.904518
vt 0.815406 0.935985
vt 0.815220 0.939027
vt 0.814640 0.940430
vt 0.288330 0.207278
vt 0.903923 0.442367
vt 0.886403 0.443424
vt 0.896604 0.441794
vt 0.945455 0.890164
vt 0.742852 0.491232
vt 0.967238 0.891919
vt 0.974346 0.897531
vt 0.707720 0.919369
vt 0.712290 0.916719
vt 0.905002 0.815856
vt 0.908008 0.815791
vt 0.770165 0.909287
vt 0.625585 0.840518
vt 0.886549 0.700550
vt 0.786247 0.948888
vt 0.305391 0.924795
vt 0.305391 0.917141
vt 0.306279 0.918254
vt 0.663613 0.720353
vt 0.075877 0.926647
vt 0.779441 0.951437
vt 0.871272 0.350202
vt 0.871806 0.348446
vt 0.973563 0.894358
vt 0.972098 0.890704
vt 0.951767 0.882076
vt 0.014220 0.968997
vt 0.013145 0.966466
vt 0.014220 0.964069
vt 0.883129 0.697493
vt 0.953934 0.894227
vt 0.730641 0.914768
vt 0.680057 0.504655
vt 0.770535 0.906552
vt 0.769802 0.907833
vt 0.068188 0.921884
vt 0.072336 0.922701
vt 0.903296 0.823687
vt 0.901136 0.816085
vt 0.844301 0.886020
vt 0.972149 0.888261
vt 0.661921 0.716869
vt 0.945914 0.844020
vt 0.859557 0.439199
vt 0.777800 0.945872
vt 0.778901 0.947670
vt 0.782962 0.469048
vt 0.957049 0.846608
vt 0.325240 0.823226
vt 0.323151 0.819914
vt 0.325084 0.821413
vt 0.426871 0.920344
vt 0.909235 0.827554
vt 0.062885 0.872705
vt 0.062273 0.873882
vt 0.062273 0.865196
vt 0.341145 0.518553
vt 0.338058 0.545357
vt 0.769191 0.909521
vt 0.943800 0.841258
vt 0.135991 0.871407
vt 0.541961 0.560472
vt 0.715990 0.914768
vt 0.568522 0.933198
vt 0.570179 0.941191
vt 0.563830 0.943942
vt 0.815406 0.941752
vt 0.309746 0.817884
vt 0.312233 0.818371
vt 0.763201 0.910818
vt 0.262901 0.382548
vt 0.952772 0.887081
vt 0.552162 0.617646
vt 0.879339 0.429136
vt 0.883099 0.696129
vt 0.778312 0.943941
vt 0.958278 0.841470
vt 0.960182 0.850419
vt 0.434696 0.927314
vt 0.561110 0.941108
vt 0.341452 0.664624
vt 0.340922 0.671077
vt 0.340922 0.662431
vt 0.783310 0.943382
vt 0.769981 0.911755
vt 0.339786 0.860542
vt 0.339786 0.854740
vt 0.341490 0.856423
vt 0.416385 0.946261
vt 0.412277 0.952008
vt 0.411889 0.946261
vt 0.954388 0.891797
vt 0.777155 0.943376
vt 0.324045 0.818961
vt 0.422932 0.918193
vt 0.968113 0.422879
vt 0.952818 0.846983
vt 0.785917 0.941847
vt 0.966971 0.887488
vt 0.498725 0.352658
vt 0.322586 0.818578
vt 0.945080 0.845190
vt 0.780611 0.942623
vt 0.311355 0.812928
vt 0.671225 0.717882
vt 0.906563 0.827123
vt 0.891918 0.425361
vt 0.974279 0.895459
vt 0.973118 0.890176
vt 0.075333 0.918198
vt 0.760762 0.907092
vt 0.142018 0.868753
vt 0.909380 0.408110
vt 0.321409 0.940313
vt 0.325322 0.944145
vt 0.321871 0.943935
vt 0.293757 0.157244
vt 0.908649 0.443046
vt 0.644877 0.707059
vt 0.636914 0.710947
vt 0.433379 0.921398
vt 0.955935 0.852347
vt 0.948680 0.849876
vt 0.947009 0.847021
vt 0.769026 0.916155
vt 0.901259 0.821440
vt 0.668777 0.718218
vt 0.776688 0.940702
vt 0.642318 0.703241
vt 0.077196 0.919222
vt 0.429456 0.914421
vt 0.309061 0.812452
vt 0.326718 0.817582
vt 0.769702 0.915075
vt 0.664274 0.715400
vt 0.314372 0.810604
vt 0.963084 0.887942
vt 0.142993 0.864603
vt 0.787694 0.943506
vt 0.955674 0.889435
vt 0.774368 0.349788
vt 0.774368 0.337919
vt 0.779501 0.346197
vt 0.274265 0.098060
vt 0.070468 0.916513
vt 0.143350 0.866651
vt 0.947336 0.848272
vt 0.320342 0.813570
vt 0.077036 0.915031
vt 0.419479 0.912296
vt 0.811659 0.960795
vt 0.809760 0.965108
vt 0.809760 0.957955
vt 0.955962 0.887047
vt 0.762160 0.919351
vt 0.568521 0.943885
vt 0.567766 0.947185
vt 0.934256 0.169601
vt 0.771900 0.140532
vt 0.426284 0.909443
vt 0.477359 0.412528
vt 0.666599 0.716439
vt 0.421806 0.912016
vt 0.373284 0.896425
vt 0.373773 0.902130
vt 0.370334 0.902664
vt 0.968540 0.159483
vt 0.567199 0.951033
vt 0.831478 0.350160
vt 0.829791 0.349212
vt 0.830451 0.348442
vt 0.831528 0.348887
vt 0.559568 0.955455
vt 0.955323 0.791437
vt 0.957632 0.795967
vt 0.953890 0.795967
vt 0.904403 0.830981
vt 0.960640 0.855112
vt 0.072443 0.909789
vt 0.306758 0.811012
vt 0.306637 0.805513
vt 0.965786 0.881543
vt 0.319043 0.810044
vt 0.784988 0.934311
vt 0.775816 0.938283
vt 0.775789 0.934905
vt 0.949515 0.852753
vt 0.661038 0.708720
vt 0.907711 0.832884
vt 0.314888 0.939093
vt 0.324263 0.949338
vt 0.849560 0.348074
vt 0.849560 0.350375
vt 0.848865 0.348447
vt 0.901246 0.830029
vt 0.794594 0.454791
vt 0.951307 0.854267
vt 0.757852 0.915412
vt 0.786898 0.936398
vt 0.374276 0.905743
vt 0.971999 0.885469
vt 0.537976 0.554736
vt 0.956388 0.884473
vt 0.957355 0.883955
vt 0.970148 0.883238
vt 0.668573 0.709572
vt 0.067293 0.904619
vt 0.829791 0.345785
vt 0.769104 0.917444
vt 0.769387 0.919800
vt 0.767835 0.920235
vt 0.641729 0.710288
vt 0.314007 0.261309
vt 0.067246 0.912455
vt 0.662792 0.866916
vt 0.662792 0.870367
vt 0.662476 0.869006
vt 0.432398 0.913404
vt 0.340955 0.615675
vt 0.341408 0.604809
vt 0.341408 0.618437
vt 0.566839 0.952678
vt 0.778999 0.928335
vt 0.665723 0.707758
vt 0.317085 0.807115
vt 0.763674 0.923409
vt 0.370170 0.909484
vt 0.950511 0.854555
vt 0.542648 0.645174
vt 0.848685 0.142417
vt 0.952186 0.856051
vt 0.718812 0.480433
vt 0.374290 0.907827
vt 0.970972 0.884272
vt 0.971532 0.883293
vt 0.327491 0.950126
vt 0.767586 0.924117
vt 0.418703 0.905369
vt 0.782795 0.930946
vt 0.064401 0.905734
vt 0.847905 0.897972
vt 0.846134 0.904554
vt 0.844342 0.901713
vt 0.317891 0.950743
vt 0.775135 0.935656
vt 0.774908 0.930183
vt 0.318622 0.808081
vt 0.970367 0.880160
vt 0.640491 0.712340
vt 0.931941 0.409110
vt 0.309068 0.798626
vt 0.958716 0.880430
vt 0.075806 0.905276
vt 0.898386 0.830861
vt 0.899821 0.834133
vt 0.899105 0.834577
vt 0.421090 0.902287
vt 0.952428 0.858084
vt 0.768609 0.924574
vt 0.911503 0.838354
vt 0.774159 0.931029
vt 0.697273 0.117876
vt 0.952900 0.858106
vt 0.732820 0.350316
vt 0.731635 0.349014
vt 0.429363 0.905381
vt 0.317361 0.804328
vt 0.638878 0.715927
vt 0.375602 0.911406
vt 0.315964 0.801004
vt 0.959432 0.864993
vt 0.256699 0.419244
vt 0.906418 0.840374
vt 0.625043 0.915693
vt 0.625043 0.911150
vt 0.625556 0.912140
vt 0.755468 0.924512
vt 0.970064 0.877745
vt 0.742817 0.445921
vt 0.565858 0.955842
vt 0.768680 0.926161
vt 0.297678 0.119065
vt 0.483610 0.442550
vt 0.954803 0.860579
vt 0.319430 0.198533
vt 0.320865 0.954491
vt 0.567127 0.956398
vt 0.566594 0.958507
vt 0.773566 0.927838
vt 0.670865 0.706203
vt 0.557419 0.955912
vt 0.764693 0.936149
vt 0.953907 0.861007
vt 0.960656 0.877746
vt 0.561332 0.965987
vt 0.556669 0.949464
vt 0.958631 0.963692
vt 0.959415 0.964309
vt 0.958631 0.967556
vt 0.767381 0.930002
vt 0.739284 0.958842
vt 0.739284 0.966571
vt 0.737663 0.964142
vt 0.901265 0.837450
vt 0.853940 0.347261
vt 0.853940 0.350342
vt 0.852992 0.347435
vt 0.955536 0.864248
vt 0.140352 0.950735
vt 0.140352 0.959024
vt 0.137861 0.955170
vt 0.313881 0.797822
vt 0.842592 0.908027
vt 0.559029 0.962424
vt 0.774964 0.927969
vt 0.321776 0.960529
vt 0.781737 0.925052
vt 0.834452 0.427986
vt 0.064265 0.900932
vt 0.753521 0.924235
vt 0.321108 0.957563
vt 0.424645 0.902599
vt 0.664642 0.700549
vt 0.911062 0.842297
vt 0.639680 0.006399
vt 0.635624 0.042530
vt 0.619950 0.011660
vt 0.062273 0.890516
vt 0.062903 0.887234
vt 0.062903 0.893010
vt 0.416385 0.898319
vt 0.067835 0.900584
vt 0.373840 0.916566
vt 0.787694 0.920073
vt 0.792001 0.907968
vt 0.792059 0.909551
vt 0.341385 0.697996
vt 0.341385 0.706137
vt 0.340905 0.705185
vt 0.901008 0.839159
vt 0.774124 0.926656
vt 0.376253 0.914761
vt 0.672539 0.954767
vt 0.671501 0.951105
vt 0.672539 0.950770
vt 0.913747 0.846772
vt 0.915541 0.843406
vt 0.372310 0.921701
vt 0.567722 0.961482
vt 0.565849 0.961734
vt 0.870044 0.410890
vt 0.951321 0.156997
vt 0.777087 0.921870
vt 0.774829 0.925685
vt 0.759324 0.927049
vt 0.603078 0.895390
vt 0.601122 0.896566
vt 0.604635 0.893730
vt 0.637565 0.720952
vt 0.956285 0.865871
vt 0.934978 0.378066
vt 0.315525 0.797583
vt 0.669293 0.699022
vt 0.420583 0.895525
vt 0.329976 0.957583
vt 0.328361 0.959154
vt 0.773582 0.925136
vt 0.307197 0.794402
vt 0.787694 0.908356
vt 0.791717 0.900051
vt 0.417027 0.894164
vt 0.759857 0.934571
vt 0.531811 0.668726
vt 0.596565 0.896685
vt 0.376609 0.918268
vt 0.568112 0.962895
vt 0.487928 0.350410
vt 0.957472 0.867187
vt 0.784543 0.917857
vt 0.633551 0.732718
vt 0.903861 0.841744
vt 0.844639 0.915776
vt 0.905616 0.846542
vt 0.902329 0.841895
vt 0.762726 0.933956
vt 0.957667 0.868689
vt 0.718107 0.477460
vt 0.786821 0.925303
vt 0.637489 0.723883
vt 0.774270 0.924313
vt 0.672461 0.947336
vt 0.568472 0.965393
vt 0.672616 0.696903
vt 0.631962 0.723242
vt 0.315243 0.794300
vt 0.877642 0.898450
vt 0.883879 0.904726
vt 0.880430 0.904963
vt 0.310929 0.311000
vt 0.320820 0.961578
vt 0.414459 0.959963
vt 0.414459 0.964250
vt 0.412404 0.962939
vt 0.557238 0.963321
vt 0.137861 0.957893
vt 0.136659 0.955405
vt 0.137861 0.950735
vt 0.918391 0.851459
vt 0.368038 0.915229
vt 0.427119 0.898679
vt 0.911583 0.850017
vt 0.329644 0.964682
vt 0.839936 0.911159
vt 0.904213 0.844973
vt 0.779790 0.915998
vt 0.062934 0.892378
vt 0.958401 0.870717
vt 0.559392 0.971586
vt 0.637772 0.727384
vt 0.721763 0.115148
vt 0.370316 0.925224
vt 0.754680 0.932321
vt 0.773996 0.920989
vt 0.569065 0.966985
vt 0.563432 0.973098
vt 0.771374 0.917565
vt 0.321506 0.964024
vt 0.569013 0.976810
vt 0.423907 0.894621
vt 0.959046 0.873310
vt 0.301819 0.927495
vt 0.303029 0.911208
vt 0.305391 0.923383
vt 0.662484 0.853760
vt 0.662484 0.842045
vt 0.663323 0.845878
vt 0.855575 0.349106
vt 0.856189 0.347261
vt 0.856189 0.350314
vt 0.376141 0.926521
vt 0.413769 0.965420
vt 0.592266 0.902184
vt 0.368327 0.923977
vt 0.314372 0.792840
vt 0.225351 0.947871
vt 0.225351 0.951691
vt 0.224259 0.950693
vt 0.776510 0.915236
vt 0.917524 0.858631
vt 0.685714 0.466866
vt 0.817253 0.907591
vt 0.822427 0.897972
vt 0.822247 0.900634
vt 0.890424 0.408540
vt 0.782287 0.915683
vt 0.773707 0.919514
vt 0.637839 0.729544
vt 0.870769 0.343507
vt 0.866202 0.347363
vt 0.869883 0.339675
vt 0.812952 0.424856
vt 0.866202 0.339032
vt 0.906633 0.848694
vt 0.314698 0.786254
vt 0.314559 0.790044
vt 0.224524 0.953423
vt 0.886725 0.898249
vt 0.892321 0.903401
vt 0.888727 0.904510
vt 0.341377 0.483426
vt 0.341491 0.481919
vt 0.341491 0.486773
vt 0.600775 0.898504
vt 0.598507 0.903749
vt 0.525928 0.610762
vt 0.638420 0.731636
vt 0.870359 0.345902
vt 0.912349 0.858805
vt 0.909141 0.852656
vt 0.708380 0.347855
vt 0.708841 0.350395
vt 0.707530 0.350395
vt 0.066692 0.891657
vt 0.755514 0.938465
vt 0.884078 0.900772
vt 0.314846 0.791023
vt 0.763126 0.942016
vt 0.638861 0.734404
vt 0.378228 0.921198
vt 0.995929 0.167718
vt 0.250449 0.904581
vt 0.248247 0.907792
vt 0.248440 0.905205
vt 0.907939 0.851440
vt 0.321436 0.966818
vt 0.225337 0.954831
vt 0.310320 0.784986
vt 0.379325 0.922412
vt 0.380147 0.925073
vt 0.379440 0.924265
vt 0.903799 0.347859
vt 0.904420 0.343921
vt 0.904420 0.348593
vt 0.842170 0.918116
vt 0.322600 0.971736
vt 0.870745 0.347896
vt 0.870060 0.346864
vt 0.306355 0.787139
vt 0.070203 0.886308
vt 0.821367 0.908021
vt 0.341485 0.466311
vt 0.341080 0.463748
vt 0.341485 0.460890
vt 0.373148 0.931088
vt 0.368947 0.931010
vt 0.765412 0.943193
vt 0.567257 0.978807
vt 0.909756 0.854897
vt 0.073220 0.891231
vt 0.911610 0.856092
vt 0.301819 0.908433
vt 0.888295 0.147283
vt 0.766816 0.943957
vt 0.365945 0.957402
vt 0.365220 0.959902
vt 0.760504 0.941018
vt 0.839890 0.919326
vt 0.379439 0.927470
vt 0.621133 0.965507
vt 0.619383 0.966358
vt 0.619383 0.961306
vt 0.620971 0.966610
vt 0.563574 0.978317
vt 0.671500 0.948427
vt 0.668662 0.955714
vt 0.668662 0.947042
vt 0.921507 0.860181
vt 0.630309 0.735109
vt 0.379532 0.934922
vt 0.639708 0.737935
vt 0.637122 0.739070
vt 0.778847 0.906713
vt 0.774853 0.419898
vt 0.421865 0.889606
vt 0.894848 0.908175
vt 0.196498 0.963979
vt 0.196498 0.969237
vt 0.195427 0.965551
vt 0.380834 0.928828
vt 0.330013 0.970161
vt 0.325139 0.976356
vt 0.294879 0.997380
vt 0.290728 0.992625
vt 0.292868 0.992811
vt 0.341466 0.540532
vt 0.341145 0.537549
vt 0.341466 0.530442
vt 0.889237 0.909965
vt 0.822236 0.904772
vt 0.822020 0.907786
vt 0.911141 0.857536
vt 0.937134 0.963721
vt 0.936409 0.961533
vt 0.633259 0.740400
vt 0.844459 0.927181
vt 0.640641 0.740543
vt 0.836497 0.920978
vt 0.643794 0.719551
vt 0.642693 0.721132
vt 0.641942 0.715242
vt 0.565456 0.980952
vt 0.327422 0.976823
vt 0.913234 0.861144
vt 0.912132 0.350137
vt 0.907533 0.344199
vt 0.912132 0.343490
vt 0.248493 0.911007
vt 0.838453 0.350327
vt 0.838453 0.347986
vt 0.839327 0.348044
vt 0.314336 0.784673
vt 0.922075 0.873584
vt 0.923044 0.866697
vt 0.840837 0.928726
vt 0.473440 0.397794
vt 0.816583 0.916633
vt 0.762223 0.949381
vt 0.786869 0.339276
vt 0.785546 0.340324
vt 0.785931 0.338820
vt 0.589659 0.910765
vt 0.570179 0.982623
vt 0.887502 0.913270
vt 0.822706 0.912460
vt 0.288945 0.990138
vt 0.815469 0.914864
vt 0.641381 0.742138
vt 0.634576 0.747756
vt 0.780678 0.908280
vt 0.368038 0.956482
vt 0.366847 0.956727
vt 0.366846 0.954482
vt 0.314702 0.782792
vt 0.381588 0.932222
vt 0.515942 0.965365
vt 0.516163 0.959753
vt 0.518040 0.965365
vt 0.630913 0.742490
vt 0.071476 0.886051
vt 0.287084 0.991877
vt 0.284599 0.986234
vt 0.376439 0.935692
vt 0.837939 0.926711
vt 0.758182 0.945897
vt 0.786086 0.341562
vt 0.785333 0.906275
vt 0.250449 0.918516
vt 0.597418 0.911950
vt 0.597730 0.913279
vt 0.590882 0.917902
vt 0.597263 0.910336
vt 0.366066 0.958180
vt 0.639959 0.722929
vt 0.636493 0.721027
vt 0.072909 0.886873
vt 0.914374 0.862369
vt 0.891731 0.913729
vt 0.786788 0.342489
vt 0.915942 0.865080
vt 0.368038 0.960694
vt 0.366457 0.959996
vt 0.314431 0.780229
vt 0.313703 0.775202
vt 0.382991 0.934466
vt 0.381218 0.930384
vt 0.641881 0.754987
vt 0.642958 0.745685
vt 0.372457 0.940957
vt 0.766386 0.952083
vt 0.311363 0.775274
vt 0.197925 0.874409
vt 0.198311 0.876876
vt 0.197925 0.878501
vt 0.815526 0.350238
vt 0.814570 0.348382
vt 0.287502 0.985060
vt 0.321618 0.976515
vt 0.917205 0.868463
vt 0.914613 0.863838
vt 0.450074 0.351442
vt 0.456874 0.365191
vt 0.325523 0.982764
vt 0.320856 0.985354
vt 0.844855 0.934620
vt 0.785664 0.343773
vt 0.768964 0.951106
vt 0.790863 0.343291
vt 0.645053 0.748131
vt 0.645426 0.750278
vt 0.643467 0.746717
vt 0.072461 0.884216
vt 0.320330 0.979656
vt 0.754707 0.943570
vt 0.847905 0.909008
vt 0.848829 0.910173
vt 0.894653 0.912309
vt 0.646598 0.750959
vt 0.293498 0.986804
vt 0.063231 0.885510
vt 0.071142 0.882113
vt 0.366648 0.962871
vt 0.638835 0.725431
vt 0.587548 0.912060
vt 0.776777 0.905856
vt 0.597312 0.916074
vt 0.636877 0.728312
vt 0.368037 0.963179
vt 0.632738 0.748583
vt 0.787058 0.345864
vt 0.785946 0.344849
vt 0.645968 0.751270
vt 0.918487 0.872573
vt 0.597132 0.917486
vt 0.595669 0.917421
vt 0.900963 0.385008
vt 0.379621 0.939493
vt 0.476917 0.503125
vt 0.648593 0.754157
vt 0.317576 0.985187
vt 0.319271 0.982036
vt 0.375440 0.940099
vt 0.067016 0.875765
vt 0.834883 0.927583
vt 0.768902 0.957199
vt 0.283241 0.983911
vt 0.062920 0.874882
vt 0.860042 0.391316
vt 0.837932 0.934504
vt 0.842366 0.942088
vt 0.845516 0.941065
vt 0.937084 0.154252
vt 0.607015 0.014788
vt 0.781800 0.337869
vt 0.780816 0.339907
vt 0.780576 0.337810
vt 0.906362 0.382929
vt 0.781800 0.339991
vt 0.821272 0.923662
vt 0.646892 0.753621
vt 0.638460 0.755834
vt 0.285735 0.978209
vt 0.596782 0.919357
vt 0.648112 0.758188
vt 0.823235 0.915210
vt 0.818900 0.403786
vt 0.919798 0.873912
vt 0.305935 0.141623
vt 0.891120 0.920695
vt 0.071877 0.877778
vt 0.785767 0.900459
vt 0.966978 0.696129
vt 0.965373 0.698108
vt 0.961921 0.701338
vt 0.785546 0.346304
vt 0.833623 0.928202
vt 0.833411 0.931457
vt 0.832729 0.930115
vt 0.312070 0.326035
vt 0.779413 0.901271
vt 0.785855 0.347351
vt 0.650349 0.755572
vt 0.649247 0.755732
vt 0.317670 0.210367
vt 0.291597 0.980415
vt 0.736426 0.348993
vt 0.735312 0.350385
vt 0.735312 0.348385
vt 0.313017 0.132768
vt 0.283278 0.979158
vt 0.964791 0.703248
vt 0.644779 0.764414
vt 0.597348 0.920270
vt 0.596689 0.923151
vt 0.833990 0.935572
vt 0.815915 0.922644
vt 0.647232 0.762532
vt 0.785775 0.349788
vt 0.311654 0.376505
vt 0.289101 0.977554
vt 0.959590 0.877569
vt 0.959316 0.874726
vt 0.959590 0.873382
vt 0.962914 0.875568
vt 0.964932 0.871705
vt 0.964932 0.877714
vt 0.895566 0.923877
vt 0.757494 0.954874
vt 0.597603 0.922956
vt 0.919339 0.875999
vt 0.587621 0.919815
vt 0.384393 0.942954
vt 0.383594 0.940870
vt 0.634640 0.733167
vt 0.635921 0.730791
vt 0.835091 0.939810
vt 0.844187 0.946771
vt 0.374180 0.945329
vt 0.957170 0.711247
vt 0.314888 0.988843
vt 0.845336 0.955661
vt 0.847905 0.949336
vt 0.591912 0.927000
vt 0.781760 0.417069
vt 0.654242 0.766965
vt 0.760564 0.954754
vt 0.920414 0.879010
vt 0.765033 0.957123
vt 0.584948 0.916548
vt 0.318429 0.771532
vt 0.838800 0.950315
vt 0.958055 0.874723
vt 0.839419 0.942217
vt 0.072285 0.874255
vt 0.377169 0.950678
vt 0.541302 0.798088
vt 0.536363 0.804866
vt 0.537466 0.799637
vt 0.826011 0.925183
vt 0.628822 0.733778
vt 0.638754 0.761298
vt 0.832472 0.931947
vt 0.818897 0.931210
vt 0.294879 0.981652
vt 0.865516 0.144574
vt 0.538639 0.808077
vt 0.885289 0.924987
vt 0.885060 0.921153
vt 0.598105 0.926783
vt 0.597270 0.925110
vt 0.651437 0.768080
vt 0.284325 0.973095
vt 0.642284 0.763865
vt 0.067482 0.867740
vt 0.672627 0.473886
vt 0.683665 0.465845
vt 0.834071 0.937118
vt 0.381362 0.945122
vt 0.633120 0.735388
vt 0.662790 0.860955
vt 0.662478 0.863036
vt 0.662478 0.858990
vt 0.633015 0.741081
vt 0.633170 0.744036
vt 0.632493 0.743215
vt 0.815728 0.930066
vt 0.649651 0.769850
vt 0.747395 0.113916
vt 0.893052 0.926046
vt 0.837237 0.946970
vt 0.957687 0.714773
vt 0.694210 0.060150
vt 0.720626 0.069644
vt 0.920667 0.881727
vt 0.294664 0.979604
vt 0.583979 0.921291
vt 0.597312 0.927316
vt 0.764010 0.960360
vt 0.062273 0.895601
vt 0.062899 0.893010
vt 0.062899 0.898010
vt 0.293982 0.977807
vt 0.835539 0.941735
vt 0.821701 0.931490
vt 0.536808 0.813191
vt 0.072711 0.870082
vt 0.963607 0.708985
vt 0.315318 0.364374
vt 0.787694 0.900051
vt 0.316613 0.768657
vt 0.837806 0.945133
vt 0.714933 0.425748
vt 0.556290 0.933628
vt 0.553894 0.937989
vt 0.552747 0.933198
vt 0.846948 0.958818
vt 0.840738 0.960718
vt 0.771374 0.962218
vt 0.633078 0.746127
vt 0.802152 0.105918
vt 0.198311 0.878501
vt 0.198311 0.882097
vt 0.197909 0.880723
vt 0.835570 0.943385
vt 0.500337 0.653190
vt 0.840413 0.957044
vt 0.589932 0.929724
vt 0.598132 0.929938
vt 0.597332 0.929436
vt 0.520841 0.696903
vt 0.474146 0.659700
vt 0.885971 0.927662
vt 0.834279 0.939028
vt 0.077196 0.855930
vt 0.655934 0.776247
vt 0.836579 0.946305
vt 0.963124 0.711527
vt 0.504195 0.884971
vt 0.504904 0.894409
vt 0.499625 0.889104
vt 0.837091 0.948612
vt 0.767597 0.965399
vt 0.632841 0.747861
vt 0.629164 0.753567
vt 0.626813 0.753781
vt 0.825224 0.921477
vt 0.827600 0.929145
vt 0.898386 0.924397
vt 0.898113 0.931912
vt 0.895936 0.935995
vt 0.495294 0.576334
vt 0.521409 0.556065
vt 0.963599 0.713731
vt 0.839203 0.953724
vt 0.793240 0.965540
vt 0.792102 0.965935
vt 0.792930 0.963383
vt 0.373090 0.954863
vt 0.625887 0.748332
vt 0.625606 0.740082
vt 0.843449 0.967377
vt 0.633549 0.750872
vt 0.290053 0.967249
vt 0.371737 0.949164
vt 0.656681 0.768295
vt 0.596491 0.930459
vt 0.793240 0.968931
vt 0.598029 0.932694
vt 0.380660 0.951913
vt 0.737663 0.964672
vt 0.736218 0.962465
vt 0.737663 0.958842
vt 0.293880 0.975756
vt 0.341488 0.815708
vt 0.341205 0.818344
vt 0.341205 0.813356
vt 0.634070 0.755908
vt 0.962799 0.716006
vt 0.593917 0.932564
vt 0.893582 0.932682
vt 0.659224 0.775618
vt 0.506072 0.887960
vt 0.956461 0.721591
vt 0.838786 0.954453
vt 0.838229 0.950995
vt 0.599359 0.934144
vt 0.532521 0.810298
vt 0.531462 0.806407
vt 0.323537 0.762986
vt 0.539268 0.821126
vt 0.538163 0.822898
vt 0.763795 0.963818
vt 0.886158 0.932312
vt 0.306331 0.864741
vt 0.305948 0.862211
vt 0.535106 0.815778
vt 0.953905 0.722174
vt 0.890515 0.932640
vt 0.645384 0.770424
vt 0.817198 0.936296
vt 0.636118 0.758911
vt 0.640268 0.772551
vt 0.597981 0.933783
vt 0.630228 0.764028
vt 0.499265 0.891540
vt 0.502260 0.898563
vt 0.698004 0.445082
vt 0.322881 0.767621
vt 0.294030 0.972311
vt 0.540367 0.826593
vt 0.287181 0.967068
vt 0.583951 0.927152
vt 0.884693 0.933745
vt 0.885155 0.931664
vt 0.840779 0.966714
vt 0.547706 0.937233
vt 0.840542 0.969325
vt 0.640102 0.764554
vt 0.643268 0.769599
vt 0.640826 0.766573
vt 0.826622 0.931279
vt 0.840360 0.963072
vt 0.635999 0.773567
vt 0.963520 0.718205
vt 0.823198 0.936990
vt 0.284640 0.967031
vt 0.659215 0.780221
vt 0.740307 0.102308
vt 0.529313 0.810899
vt 0.585544 0.929050
vt 0.457564 0.398793
vt 0.338031 0.251502
vt 0.631450 0.770757
vt 0.885146 0.935919
vt 0.647373 0.775545
vt 0.840539 0.973982
vt 0.534119 0.820026
vt 0.640906 0.778440
vt 0.628516 0.766744
vt 0.818871 0.940401
vt 0.624757 0.965524
vt 0.623844 0.968591
vt 0.623844 0.964070
vt 0.552729 0.941034
vt 0.644748 0.771688
vt 0.589381 0.934865
vt 0.624985 0.967674
vt 0.535721 0.824867
vt 0.891571 0.937900
vt 0.536855 0.832425
vt 0.644747 0.773704
vt 0.649137 0.782533
vt 0.293447 0.970503
vt 0.540219 0.839490
vt 0.954546 0.729139
vt 0.333998 0.741347
vt 0.333691 0.745855
vt 0.333691 0.740292
vt 0.509116 0.891870
vt 0.376590 0.955867
vt 0.884831 0.941145
vt 0.896451 0.939731
vt 0.893509 0.942968
vt 0.632308 0.044261
vt 0.593409 0.937799
vt 0.637995 0.779460
vt 0.957365 0.730751
vt 0.653043 0.781273
vt 0.838453 0.350359
vt 0.837588 0.349168
vt 0.650423 0.789087
vt 0.884135 0.937977
vt 0.341167 0.867268
vt 0.341490 0.865891
vt 0.341490 0.869503
vt 0.829292 0.936041
vt 0.293589 0.968463
vt 0.645902 0.773480
vt 0.069890 0.862113
vt 0.599492 0.946746
vt 0.545169 0.949135
vt 0.511791 0.892875
vt 0.952155 0.726864
vt 0.646622 0.776426
vt 0.507515 0.901819
vt 0.501832 0.690874
vt 0.981165 0.696129
vt 0.980108 0.699262
vt 0.975546 0.704040
vt 0.840364 0.971522
vt 0.667229 0.943094
vt 0.664311 0.949921
vt 0.667225 0.936925
vt 0.644036 0.786120
vt 0.849663 0.125817
vt 0.511965 0.897190
vt 0.668065 0.944511
vt 0.530328 0.818779
vt 0.500197 0.898948
vt 0.502541 0.903270
vt 0.501036 0.902242
vt 0.327417 0.763567
vt 0.637917 0.781674
vt 0.883896 0.942450
vt 0.882857 0.945822
vt 0.649133 0.777538
vt 0.963769 0.722810
vt 0.962299 0.723742
vt 0.633553 0.777461
vt 0.473077 0.003503
vt 0.488176 0.023875
vt 0.430798 0.027522
vt 0.647971 0.777262
vt 0.826484 0.938837
vt 0.888996 0.951434
vt 0.890216 0.945521
vt 0.980612 0.701123
vt 0.534180 0.831232
vt 0.763934 0.406426
vt 0.541302 0.844171
vt 0.537081 0.840540
vt 0.539203 0.851228
vt 0.288308 0.962128
vt 0.316320 0.307804
vt 0.828019 0.936972
vt 0.543260 0.945057
vt 0.940147 0.342515
vt 0.938155 0.348430
vt 0.935375 0.342515
vt 0.325521 0.191797
vt 0.979747 0.703090
vt 0.883345 0.944185
vt 0.341489 0.782558
vt 0.341489 0.786552
vt 0.341219 0.785386
vt 0.191508 0.961017
vt 0.190779 0.962098
vt 0.189683 0.961124
vt 0.530087 0.824739
vt 0.963529 0.725750
vt 0.648594 0.790652
vt 0.650542 0.779290
vt 0.649015 0.779136
vt 0.595923 0.946521
vt 0.584818 0.933611
vt 0.816576 0.943108
vt 0.459448 0.922704
vt 0.458535 0.924691
vt 0.458535 0.918949
vt 0.502092 0.905067
vt 0.668065 0.951026
vt 0.331373 0.761594
vt 0.850434 0.349945
vt 0.851265 0.348667
vt 0.344784 0.894080
vt 0.347325 0.899714
vt 0.344598 0.898889
vt 0.189253 0.962973
vt 0.341475 0.920568
vt 0.340532 0.921033
vt 0.340532 0.918032
vt 0.954468 0.873777
vt 0.954468 0.877677
vt 0.952413 0.874347
vt 0.882197 0.949539
vt 0.651940 0.781459
vt 0.465629 0.443859
vt 0.971896 0.709623
vt 0.975399 0.709487
vt 0.884378 0.955226
vt 0.978785 0.706585
vt 0.510132 0.899724
vt 0.832472 0.943265
vt 0.503634 0.907663
vt 0.292835 0.960581
vt 0.550848 0.944916
vt 0.592744 0.943406
vt 0.364284 0.964591
vt 0.363262 0.966754
vt 0.363190 0.963854
vt 0.534271 0.857686
vt 0.540319 0.856518
vt 0.651119 0.782030
vt 0.533134 0.847777
vt 0.970580 0.140193
vt 0.825755 0.945531
vt 0.294046 0.966374
vt 0.589752 0.942192
vt 0.481362 0.446696
vt 0.364084 0.967650
vt 0.379114 0.958876
vt 0.533688 0.851380
vt 0.881271 0.951419
vt 0.534159 0.862397
vt 0.340898 0.924692
vt 0.444279 0.368060
vt 0.449023 0.353339
vt 0.189253 0.956174
vt 0.436988 0.806319
vt 0.434204 0.807793
vt 0.435536 0.800877
vt 0.979064 0.710442
vt 0.670538 0.070220
vt 0.651652 0.083889
vt 0.664368 0.065981
vt 0.533564 0.854303
vt 0.374085 0.962936
vt 0.502686 0.909096
vt 0.551229 0.947809
vt 0.550349 0.951805
vt 0.546014 0.951674
vt 0.821846 0.947928
vt 0.528442 0.831678
vt 0.964035 0.727578
vt 0.530624 0.838322
vt 0.653312 0.784419
vt 0.294623 0.964702
vt 0.646117 0.795420
vt 0.650333 0.797086
vt 0.517636 0.905319
vt 0.513534 0.902551
vt 0.951054 0.738208
vt 0.793120 0.942243
vt 0.792751 0.943913
vt 0.791755 0.943070
vt 0.506015 0.904779
vt 0.877642 0.956621
vt 0.793246 0.946890
vt 0.792240 0.946578
vt 0.144105 0.852579
vt 0.144607 0.849580
vt 0.144607 0.855290
vt 0.960974 0.736124
vt 0.963771 0.731228
vt 0.363190 0.969218
vt 0.847000 0.864667
vt 0.841578 0.871967
vt 0.840760 0.864161
vt 0.792737 0.949573
vt 0.829602 0.940840
vt 0.504636 0.911531
vt 0.954650 0.736692
vt 0.922468 0.900944
vt 0.918322 0.894428
vt 0.921839 0.896279
vt 0.600973 0.951820
vt 0.971366 0.722972
vt 0.426671 0.812527
vt 0.294667 0.962381
vt 0.840243 0.867276
vt 0.431905 0.809719
vt 0.977849 0.716836
vt 0.964467 0.730189
vt 0.430952 0.813081
vt 0.521346 0.610402
vt 0.484982 0.561876
vt 0.330383 0.758195
vt 0.334894 0.760019
vt 0.429494 0.815968
vt 0.427017 0.822785
vt 0.428289 0.816384
vt 0.773188 0.414757
vt 0.340982 0.169353
vt 0.482023 0.537868
vt 0.503839 0.912636
vt 0.595088 0.949745
vt 0.534927 0.872143
vt 0.604635 0.953813
vt 0.427342 0.809298
vt 0.654695 0.799522
vt 0.427052 0.832287
vt 0.425141 0.830525
vt 0.791755 0.949706
vt 0.427117 0.835899
vt 0.426302 0.835112
vt 0.974520 0.721497
vt 0.370956 0.962816
vt 0.533739 0.865515
vt 0.657686 0.798387
vt 0.428124 0.838771
vt 0.424671 0.850213
vt 0.430021 0.856413
vt 0.662553 0.842045
vt 0.662553 0.824114
vt 0.663323 0.831866
vt 0.533178 0.850558
vt 0.914160 0.132716
vt 0.420784 0.839458
vt 0.840874 0.873084
vt 0.865410 0.797967
vt 0.871611 0.796811
vt 0.870898 0.798098
vt 0.422423 0.852005
vt 0.534165 0.862081
vt 0.963757 0.734992
vt 0.419269 0.845066
vt 0.819718 0.950999
vt 0.645472 0.799972
vt 0.144565 0.898060
vt 0.143252 0.905681
vt 0.143252 0.886737
vt 0.725294 0.349683
vt 0.726440 0.347702
vt 0.726440 0.350376
vt 0.248247 0.875546
vt 0.249638 0.880316
vt 0.248276 0.879944
vt 0.427719 0.858285
vt 0.841795 0.874352
vt 0.250546 0.883467
vt 0.417865 0.830796
vt 0.144558 0.956577
vt 0.144558 0.964002
vt 0.143517 0.960757
vt 0.550757 0.955343
vt 0.549510 0.956723
vt 0.815364 0.084104
vt 0.237703 0.845785
vt 0.243466 0.841561
vt 0.241272 0.845851
vt 0.418842 0.841351
vt 0.964703 0.732628
vt 0.510882 0.915366
vt 0.248247 0.889882
vt 0.790863 0.350170
vt 0.792204 0.349042
vt 0.848039 0.872992
vt 0.422408 0.817258
vt 0.344086 0.902688
vt 0.377209 0.962735
vt 0.599469 0.955304
vt 0.871257 0.800678
vt 0.142581 0.958327
vt 0.140352 0.958958
vt 0.140352 0.956577
vt 0.411452 0.932700
vt 0.412520 0.931527
vt 0.411174 0.936390
vt 0.504966 0.915610
vt 0.506013 0.915532
vt 0.550340 0.958668
vt 0.333707 0.702810
vt 0.334129 0.698033
vt 0.334129 0.704977
vt 0.968470 0.801449
vt 0.965890 0.801143
vt 0.967259 0.796811
vt 0.236454 0.852381
vt 0.515421 0.913715
vt 0.546574 0.963955
vt 0.511108 0.908055
vt 0.426581 0.023821
vt 0.413734 0.035329
vt 0.432468 0.862667
vt 0.426851 0.866081
vt 0.520521 0.914827
vt 0.142581 0.960973
vt 0.422988 0.861226
vt 0.504469 0.916627
vt 0.503995 0.913689
vt 0.921061 0.891319
vt 0.141329 0.963283
vt 0.977140 0.720299
vt 0.845827 0.877626
vt 0.416385 0.834583
vt 0.240601 0.848661
vt 0.806120 0.082306
vt 0.969723 0.809462
vt 0.972131 0.823345
vt 0.967851 0.812655
vt 0.419346 0.851003
vt 0.241325 0.847718
vt 0.412479 0.936327
vt 0.974220 0.834448
vt 0.974347 0.838257
vt 0.971468 0.833470
vt 0.602910 0.955904
vt 0.142657 0.962806
vt 0.239710 0.851843
vt 0.431491 0.868196
vt 0.971387 0.826975
vt 0.978363 0.718854
vt 0.543391 0.955144
vt 0.385186 0.927925
vt 0.392439 0.920128
vt 0.391248 0.924488
vt 0.504988 0.919137
vt 0.479307 0.647967
vt 0.400436 0.391278
vt 0.428203 0.351770
vt 0.658151 0.811508
vt 0.550050 0.959274
vt 0.971447 0.837604
vt 0.551664 0.961150
vt 0.551234 0.962579
vt 0.659662 0.806313
vt 0.239272 0.855910
vt 0.505647 0.922038
vt 0.524562 0.000149
vt 0.489653 0.027189
vt 0.964821 0.737942
vt 0.341492 0.904382
vt 0.343436 0.912801
vt 0.963995 0.738865
vt 0.654569 0.809445
vt 0.973128 0.844067
vt 0.969405 0.822266
vt 0.959030 0.747612
vt 0.953637 0.743397
vt 0.829791 0.350369
vt 0.825271 0.349654
vt 0.504862 0.920801
vt 0.347055 0.908260
vt 0.647221 0.803362
vt 0.341492 0.250851
vt 0.238958 0.858121
vt 0.234202 0.860955
vt 0.978414 0.722186
vt 0.970454 0.859288
vt 0.967767 0.855233
vt 0.971468 0.854336
vt 0.969412 0.731743
vt 0.433612 0.871184
vt 0.841444 0.876984
vt 0.427164 0.872656
vt 0.421667 0.862807
vt 0.866806 0.801918
vt 0.969263 0.827783
vt 0.962178 0.746058
vt 0.514341 0.919926
vt 0.384865 0.919570
vt 0.392439 0.912593
vt 0.520421 0.923905
vt 0.518027 0.928636
vt 0.821798 0.959313
vt 0.802524 0.394549
vt 0.963603 0.799447
vt 0.960640 0.804195
vt 0.844901 0.366925
vt 0.353142 0.907379
vt 0.841065 0.880341
vt 0.371943 0.969727
vt 0.968675 0.839691
vt 0.966020 0.815106
vt 0.505603 0.924334
vt 0.434709 0.402021
vt 0.424211 0.869065
vt 0.871905 0.803851
vt 0.966978 0.745832
vt 0.965129 0.741874
vt 0.239060 0.862765
vt 0.236177 0.864625
vt 0.856873 0.349337
vt 0.857467 0.347445
vt 0.857467 0.350314
vt 0.506113 0.925286
vt 0.648835 0.807194
vt 0.410385 0.938871
vt 0.823906 0.955894
vt 0.505236 0.926479
vt 0.978720 0.726619
vt 0.962764 0.809659
vt 0.964924 0.828848
vt 0.233587 0.857065
vt 0.231959 0.867942
vt 0.826837 0.950608
vt 0.543386 0.962068
vt 0.430928 0.879142
vt 0.511782 0.923110
vt 0.097481 0.968431
vt 0.096467 0.969721
vt 0.096467 0.963583
vt 0.647263 0.805506
vt 0.951102 0.749494
vt 0.950092 0.744004
vt 0.551487 0.965891
vt 0.711976 0.425039
vt 0.506121 0.928888
vt 0.973026 0.734473
vt 0.922468 0.881728
vt 0.412520 0.943680
vt 0.552065 0.967225
vt 0.553414 0.969345
vt 0.552173 0.969790
vt 0.436184 0.883064
vt 0.648944 0.809157
vt 0.436988 0.878240
vt 0.573308 0.028513
vt 0.964656 0.820577
vt 0.234184 0.869525
vt 0.962489 0.814609
vt 0.954893 0.751100
vt 0.349246 0.911498
vt 0.484409 0.610422
vt 0.368038 0.971899
vt 0.963695 0.856146
vt 0.966135 0.861430
vt 0.887327 0.350172
vt 0.887327 0.345927
vt 0.889001 0.349270
vt 0.552779 0.970956
vt 0.963519 0.741965
vt 0.418155 0.061202
vt 0.668065 0.936925
vt 0.668854 0.939017
vt 0.668065 0.942430
vt 0.963781 0.853082
vt 0.555785 0.975005
vt 0.620388 0.054896
vt 0.505843 0.936933
vt 0.355365 0.913912
vt 0.354475 0.918588
vt 0.514957 0.930980
vt 0.408090 0.350907
vt 0.866138 0.808961
vt 0.233135 0.874701
vt 0.964025 0.861546
vt 0.546779 0.971532
vt 0.872484 0.807520
vt 0.873646 0.811229
vt 0.966594 0.865306
vt 0.961003 0.865815
vt 0.505440 0.942816
vt 0.517349 0.936364
vt 0.238145 0.866036
vt 0.840845 0.883313
vt 0.655563 0.815810
vt 0.650553 0.811217
vt 0.230199 0.872458
vt 0.345866 0.915963
vt 0.514883 0.941193
vt 0.938171 0.096017
vt 0.960850 0.820635
vt 0.551753 0.977887
vt 0.863346 0.805648
vt 0.553901 0.974426
vt 0.384865 0.941004
vt 0.388034 0.946559
vt 0.384865 0.948562
vt 0.872927 0.811000
vt 0.956768 0.755282
vt 0.764247 0.078351
vt 0.964292 0.743811
vt 0.856270 0.817316
vt 0.860109 0.817312
vt 0.859759 0.818454
vt 0.802743 0.896360
vt 0.802300 0.903155
vt 0.798713 0.899275
vt 0.807531 0.907491
vt 0.960640 0.869865
vt 0.840243 0.886020
vt 0.649580 0.812398
vt 0.964404 0.871705
vt 0.234934 0.859277
vt 0.248247 0.849898
vt 0.242086 0.855702
vt 0.970169 0.738241
vt 0.139819 0.936970
vt 0.137497 0.932595
vt 0.141698 0.927157
vt 0.143252 0.931133
vt 0.506368 0.953164
vt 0.499265 0.954063
vt 0.510042 0.944867
vt 0.238670 0.869206
vt 0.238315 0.861073
vt 0.230182 0.869141
vt 0.961807 0.834835
vt 0.434733 0.885828
vt 0.799164 0.883895
vt 0.805051 0.881671
vt 0.968426 0.347348
vt 0.967278 0.349864
vt 0.967278 0.346048
vt 0.424193 0.869535
vt 0.425430 0.874194
vt 0.423948 0.870153
vt 0.963254 0.862026
vt 0.962795 0.858918
vt 0.805211 0.914142
vt 0.504702 0.939873
vt 0.504411 0.941389
vt 0.962271 0.844748
vt 0.976857 0.739428
vt 0.237453 0.864907
vt 0.966978 0.735640
vt 0.230753 0.875390
vt 0.806280 0.888064
vt 0.804700 0.885375
vt 0.333719 0.666128
vt 0.334132 0.670128
vt 0.333719 0.674597
vt 0.799012 0.910580
vt 0.436949 0.885302
vt 0.967146 0.741528
vt 0.645128 0.968470
vt 0.644005 0.965309
vt 0.645128 0.965250
vt 0.421066 0.858176
vt 0.421892 0.861344
vt 0.420789 0.863154
vt 0.144565 0.905681
vt 0.144565 0.917827
vt 0.143897 0.915253
vt 0.805742 0.880089
vt 0.429596 0.886459
vt 0.234938 0.873979
vt 0.961079 0.834087
vt 0.421799 0.865939
vt 0.422572 0.869630
vt 0.423041 0.867210
vt 0.233551 0.869504
vt 0.422419 0.864356
vt 0.794038 0.893908
vt 0.541302 0.966156
vt 0.143474 0.909087
vt 0.809400 0.918068
vt 0.730304 0.350376
vt 0.728959 0.349758
vt 0.730304 0.348427
vt 0.420108 0.858786
vt 0.503025 0.945487
vt 0.536682 0.000000
vt 0.522818 0.052011
vt 0.428354 0.883018
vt 0.556290 0.976510
vt 0.804271 0.872277
vt 0.794932 0.900345
vt 0.979153 0.734049
vt 0.424566 0.873313
vt 0.425120 0.875427
vt 0.425615 0.879210
vt 0.239765 0.867105
vt 0.952771 0.756088
vt 0.603141 0.968029
vt 0.603141 0.964667
vt 0.604449 0.967277
vt 0.426519 0.878195
vt 0.792689 0.938633
vt 0.791755 0.931216
vt 0.793245 0.937591
vt 0.651987 0.813758
vt 0.345630 0.922624
vt 0.342961 0.919183
vt 0.807912 0.868253
vt 0.806859 0.869806
vt 0.856323 0.821813
vt 0.798891 0.381552
vt 0.942991 0.787065
vt 0.945606 0.787901
vt 0.942514 0.789387
vt 0.230004 0.875411
vt 0.226146 0.878923
vt 0.810969 0.862673
vt 0.816474 0.963655
vt 0.791755 0.942243
vt 0.793273 0.888812
vt 0.794375 0.879944
vt 0.232058 0.871544
vt 0.805474 0.918755
vt 0.944409 0.785136
vt 0.230135 0.879721
vt 0.859362 0.820748
vt 0.861890 0.809346
vt 0.651164 0.814527
vt 0.140307 0.923225
vt 0.426537 0.881691
vt 0.677817 0.126532
vt 0.800314 0.867317
vt 0.649428 0.812564
vt 0.814640 0.853583
vt 0.430273 0.889606
vt 0.874321 0.813344
vt 0.843246 0.837747
vt 0.841937 0.842167
vt 0.840243 0.839189
vt 0.659831 0.815796
vt 0.386772 0.955645
vt 0.848899 0.085430
vt 0.934513 0.959056
vt 0.929341 0.959063
vt 0.936382 0.956115
vt 0.816436 0.960356
vt 0.239144 0.871202
vt 0.428305 0.886006
vt 0.945606 0.793681
vt 0.931241 0.953138
vt 0.549048 0.980347
vt 0.350222 0.919826
vt 0.345284 0.928477
vt 0.121026 0.955694
vt 0.118320 0.951832
vt 0.121538 0.949212
vt 0.652223 0.816350
vt 0.848772 0.946967
vt 0.848772 0.952048
vt 0.847940 0.950430
vt 0.877205 0.815674
vt 0.468207 0.501367
vt 0.808175 0.858900
vt 0.873855 0.815472
vt 0.873137 0.813375
vt 0.958932 0.755342
vt 0.642118 0.957144
vt 0.643372 0.959947
vt 0.642532 0.959920
vt 0.891660 0.088664
vt 0.803026 0.922240
vt 0.843582 0.348848
vt 0.844380 0.348177
vt 0.844380 0.350246
vt 0.136733 0.926307
vt 0.796152 0.910699
vt 0.118133 0.944144
vt 0.120978 0.943840
vt 0.452759 0.051313
vt 0.598223 0.965117
vt 0.599395 0.963866
vt 0.599395 0.968741
vt 0.932862 0.960985
vt 0.238981 0.873477
vt 0.928411 0.964285
vt 0.979865 0.738728
vt 0.545345 0.007407
vt 0.650963 0.816139
vt 0.809906 0.923181
vt 0.844953 0.840919
vt 0.013145 0.967868
vt 0.011724 0.966475
vt 0.013145 0.964069
vt 0.969887 0.745494
vt 0.555847 0.983238
vt 0.658100 0.819615
vt 0.851285 0.823661
vt 0.799464 0.917325
vt 0.651481 0.819906
vt 0.729169 0.899727
vt 0.732084 0.904083
vt 0.729438 0.903373
vt 0.822315 0.963478
vt 0.642118 0.963704
vt 0.934179 0.963172
vt 0.651197 0.818206
vt 0.119686 0.934349
vt 0.116907 0.937173
vt 0.973209 0.750192
vt 0.381073 0.065088
vt 0.760105 0.402980
vt 0.117125 0.965356
vt 0.140352 0.964646
vt 0.141109 0.963283
vt 0.141109 0.967516
vt 0.238787 0.879141
vt 0.342660 0.931242
vt 0.342423 0.926118
vt 0.344364 0.934672
vt 0.544496 0.977392
vt 0.232466 0.877347
vt 0.234757 0.880690
vt 0.350376 0.925166
vt 0.225390 0.884359
vt 0.860172 0.820872
vt 0.860056 0.823130
vt 0.933160 0.965960
vt 0.842503 0.844224
vt 0.863302 0.813452
vt 0.732015 0.942924
vt 0.735199 0.946783
vt 0.732474 0.950973
vt 0.555763 0.986954
vt 0.795504 0.350272
vt 0.795504 0.347274
vt 0.796543 0.349106
vt 0.967986 0.748243
vt 0.879682 0.347864
vt 0.875389 0.343684
vt 0.879682 0.339032
vt 0.116769 0.920453
vt 0.115394 0.925663
vt 0.342986 0.933134
vt 0.807958 0.928829
vt 0.353887 0.930079
vt 0.231555 0.884131
vt 0.933058 0.967673
vt 0.115980 0.971812
vt 0.113465 0.971990
vt 0.980428 0.735348
vt 0.981165 0.740894
vt 0.334132 0.674597
vt 0.334132 0.682224
vt 0.333691 0.678598
vt 0.859913 0.825751
vt 0.343276 0.934789
vt 0.932374 0.969139
vt 0.931341 0.968683
vt 0.651680 0.821839
vt 0.112043 0.976674
vt 0.414459 0.952008
vt 0.411889 0.958009
vt 0.800252 0.923019
vt 0.980994 0.742235
vt 0.867377 0.814586
vt 0.870629 0.813119
vt 0.475738 0.563652
vt 0.432837 0.465368
vt 0.115132 0.931512
vt 0.116251 0.956110
vt 0.343458 0.936008
vt 0.932049 0.970210
vt 0.239877 0.875969
vt 0.239841 0.878156
vt 0.190127 0.962973
vt 0.190127 0.965543
vt 0.189253 0.965207
vt 0.112133 0.915160
vt 0.356948 0.931275
vt 0.143252 0.922220
vt 0.802592 0.929338
vt 0.974796 0.103350
vt 0.803780 0.929983
vt 0.114331 0.944139
vt 0.959437 0.760873
vt 0.343708 0.937570
vt 0.342724 0.934706
vt 0.953895 0.763274
vt 0.549561 0.983732
vt 0.112514 0.932966
vt 0.957632 0.796309
vt 0.958026 0.793802
vt 0.960300 0.796309
vt 0.732015 0.957170
vt 0.111138 0.964197
vt 0.851727 0.828467
vt 0.957844 0.765691
vt 0.112264 0.926049
vt 0.341492 0.106938
vt 0.370888 0.075761
vt 0.360833 0.136839
vt 0.354843 0.935545
vt 0.235963 0.886519
vt 0.959566 0.791437
vt 0.913304 0.343490
vt 0.907533 0.341681
vt 0.913304 0.337564
vt 0.111321 0.966337
vt 0.869244 0.817307
vt 0.239787 0.881958
vt 0.239944 0.887997
vt 0.979416 0.746256
vt 0.109520 0.973368
vt 0.856640 0.827890
vt 0.232095 0.889653
vt 0.815469 0.970146
vt 0.931874 0.973914
vt 0.932387 0.971637
vt 0.344146 0.940110
vt 0.344962 0.942013
vt 0.107388 0.981961
vt 0.107518 0.975284
vt 0.358448 0.939624
vt 0.350326 0.935936
vt 0.873178 0.817794
vt 0.110583 0.956389
vt 0.111310 0.961929
vt 0.108856 0.918815
vt 0.580994 0.047466
vt 0.860481 0.827618
vt 0.866964 0.820477
vt 0.401161 0.932509
vt 0.403973 0.937696
vt 0.397839 0.928036
vt 0.729169 0.913015
vt 0.811886 0.929479
vt 0.709120 0.395217
vt 0.401202 0.942224
vt 0.189258 0.966902
vt 0.472703 0.662813
vt 0.109520 0.970950
vt 0.228593 0.891583
vt 0.652061 0.826932
vt 0.344071 0.943812
vt 0.970368 0.755222
vt 0.814640 0.928043
vt 0.405447 0.918646
vt 0.406053 0.923873
vt 0.405496 0.922144
vt 0.396843 0.935098
vt 0.407048 0.935593
vt 0.407590 0.939207
vt 0.404424 0.925568
vt 0.405993 0.927962
vt 0.405806 0.395870
vt 0.398959 0.921539
vt 0.109604 0.915183
vt 0.846802 0.849258
vt 0.405129 0.922037
vt 0.110791 0.952272
vt 0.860575 0.825543
vt 0.860906 0.830084
vt 0.861837 0.832780
vt 0.399140 0.942922
vt 0.346068 0.946309
vt 0.395347 0.928118
vt 0.437065 0.948534
vt 0.439107 0.944235
vt 0.439107 0.956805
vt 0.929552 0.337564
vt 0.931239 0.340034
vt 0.929552 0.348430
vt 0.358985 0.909649
vt 0.358985 0.914463
vt 0.358481 0.913239
vt 0.932402 0.344576
vt 0.404638 0.950083
vt 0.808402 0.929983
vt 0.810333 0.937124
vt 0.808402 0.943247
vt 0.353415 0.947737
vt 0.819100 0.970187
vt 0.110139 0.946720
vt 0.406046 0.926116
vt 0.232524 0.892472
vt 0.108194 0.926998
vt 0.408251 0.947777
vt 0.406608 0.928171
vt 0.344567 0.946005
vt 0.489746 0.957910
vt 0.489872 0.960501
vt 0.488231 0.959974
vt 0.110810 0.966018
vt 0.843709 0.847077
vt 0.344478 0.947279
vt 0.843050 0.853788
vt 0.356045 0.948080
vt 0.918322 0.956279
vt 0.918322 0.947208
vt 0.920974 0.953554
vt 0.402352 0.948419
vt 0.351169 0.944451
vt 0.931637 0.976838
vt 0.927117 0.978378
vt 0.541250 0.875803
vt 0.541244 0.879432
vt 0.540600 0.875503
vt 0.109402 0.951403
vt 0.407409 0.952822
vt 0.863729 0.823517
vt 0.437065 0.944235
vt 0.437065 0.957179
vt 0.434791 0.953565
vt 0.541250 0.872143
vt 0.185516 0.915440
vt 0.188360 0.916833
vt 0.186586 0.917967
vt 0.189253 0.914424
vt 0.240683 0.884413
vt 0.235508 0.891741
vt 0.489312 0.955424
vt 0.394694 0.936058
vt 0.107388 0.915022
vt 0.489872 0.952447
vt 0.345232 0.948411
vt 0.393785 0.918770
vt 0.109052 0.939152
vt 0.488733 0.962567
vt 0.333690 0.630476
vt 0.333879 0.628596
vt 0.874639 0.826540
vt 0.727718 0.348109
vt 0.727718 0.350376
vt 0.726440 0.349028
vt 0.393009 0.926344
vt 0.393311 0.930441
vt 0.178216 0.919924
vt 0.178196 0.923154
vt 0.439799 0.943176
vt 0.438864 0.941904
vt 0.440473 0.937499
vt 0.406010 0.909390
vt 0.405387 0.914091
vt 0.403745 0.910806
vt 0.499265 0.956873
vt 0.495204 0.968454
vt 0.497823 0.955838
vt 0.389255 0.802261
vt 0.393009 0.800877
vt 0.390025 0.804811
vt 0.392515 0.803288
vt 0.860490 0.832575
vt 0.978562 0.753983
vt 0.815464 0.897972
vt 0.815464 0.905781
vt 0.814654 0.899960
vt 0.355496 0.953360
vt 0.282980 0.948555
vt 0.281551 0.948567
vt 0.283241 0.945730
vt 0.230457 0.900074
vt 0.947948 0.877687
vt 0.945537 0.877687
vt 0.945850 0.873601
vt 0.987601 0.978279
vt 0.987594 0.972557
vt 0.991082 0.975891
vt 0.344533 0.952719
vt 0.185819 0.919873
vt 0.974226 0.759908
vt 0.982836 0.977240
vt 0.980283 0.966977
vt 0.440805 0.935597
vt 0.439069 0.936349
vt 0.439883 0.929940
vt 0.854101 0.831197
vt 0.850567 0.833430
vt 0.397869 0.948369
vt 0.283240 0.951531
vt 0.282101 0.950954
vt 0.924980 0.971960
vt 0.282403 0.953453
vt 0.344526 0.956869
vt 0.344677 0.952347
vt 0.349953 0.953948
vt 0.931534 0.979866
vt 0.399211 0.908993
vt 0.957682 0.099180
vt 0.350585 0.960483
vt 0.342692 0.961779
vt 0.617972 0.103652
vt 0.062273 0.908530
vt 0.062879 0.907473
vt 0.062879 0.911478
vt 0.438864 0.930124
vt 0.341492 0.968343
vt 0.405370 0.908725
vt 0.663987 0.939564
vt 0.659565 0.944346
vt 0.659825 0.937248
vt 0.868930 0.825684
vt 0.663107 0.932616
vt 0.410349 0.953255
vt 0.175968 0.925762
vt 0.226508 0.892170
vt 0.861561 0.825942
vt 0.863611 0.832638
vt 0.846891 0.856316
vt 0.860999 0.834747
vt 0.403250 0.956643
vt 0.388034 0.965605
vt 0.388034 0.958794
vt 0.389430 0.963153
vt 0.492690 0.962369
vt 0.646407 0.131370
vt 0.931474 0.984278
vt 0.929555 0.985626
vt 0.407335 0.903877
vt 0.978383 0.970901
vt 0.400098 0.951450
vt 0.794481 0.349284
vt 0.793357 0.350125
vt 0.793357 0.347274
vt 0.561502 0.056168
vt 0.933856 0.989118
vt 0.932769 0.986424
vt 0.815426 0.921988
vt 0.814664 0.926272
vt 0.814664 0.920119
vt 0.359111 0.952432
vt 0.359532 0.956836
vt 0.358546 0.954116
vt 0.249733 0.922505
vt 0.246425 0.922368
vt 0.249702 0.920462
vt 0.789401 0.370314
vt 0.927493 0.984692
vt 0.662585 0.926874
vt 0.358546 0.959892
vt 0.299735 0.962470
vt 0.301819 0.960581
vt 0.301819 0.965536
vt 0.241441 0.889440
vt 0.241343 0.892317
vt 0.402122 0.904000
vt 0.410349 0.898692
vt 0.866989 0.834112
vt 0.863004 0.837506
vt 0.861855 0.837658
vt 0.397595 0.909148
vt 0.932226 0.994485
vt 0.234587 0.896215
vt 0.298021 0.960581
vt 0.299735 0.964044
vt 0.298021 0.966343
vt 0.391690 0.805608
vt 0.384911 0.806925
vt 0.248959 0.925317
vt 0.659431 0.923005
vt 0.662087 0.922636
vt 0.339086 0.815117
vt 0.337955 0.821320
vt 0.334894 0.813356
vt 0.660444 0.914616
vt 0.990693 0.968873
vt 0.978329 0.761010
vt 0.238622 0.894172
vt 0.408388 0.958620
vt 0.178117 0.928400
vt 0.951716 0.768613
vt 0.953449 0.771982
vt 0.934686 0.991845
vt 0.936382 1.000000
vt 0.923044 0.978642
vt 0.957027 0.770183
vt 0.872822 0.831047
vt 0.392729 0.809875
vt 0.843085 0.863675
vt 0.842442 0.858327
vt 0.991952 0.970569
vt 0.195427 0.967836
vt 0.194684 0.965332
vt 0.195427 0.964429
vt 0.182747 0.924650
vt 0.657530 0.911862
vt 0.739598 0.390896
vt 0.656862 0.904043
vt 0.241118 0.891044
vt 0.655807 0.906091
vt 0.377599 0.381960
vt 0.862599 0.840011
vt 0.861827 0.841211
vt 0.429993 0.444020
vt 0.172491 0.933572
vt 0.391816 0.808588
vt 0.519787 0.965651
vt 0.518040 0.966523
vt 0.182517 0.927324
vt 0.062910 0.902861
vt 0.062910 0.907473
vt 0.062273 0.905714
vt 0.244043 0.921937
vt 0.250284 0.918745
vt 0.656790 0.917687
vt 0.489995 0.956866
vt 0.492889 0.954770
vt 0.857737 0.836768
vt 0.655426 0.898372
vt 0.402082 0.959164
vt 0.171968 0.929529
vt 0.850842 0.838867
vt 0.654483 0.930405
vt 0.863065 0.841395
vt 0.659749 0.947417
vt 0.654634 0.954245
vt 0.864199 0.085742
vt 0.989594 0.966472
vt 0.931560 0.998093
vt 0.592417 0.092463
vt 0.403860 0.963401
vt 0.855604 0.842328
vt 0.862182 0.844552
vt 0.248509 0.928120
vt 0.383806 0.080790
vt 0.863635 0.844899
vt 0.653530 0.945479
vt 0.927158 0.990829
vt 0.473804 0.597529
vt 0.981008 0.748646
vt 0.980343 0.755263
vt 0.841139 0.861162
vt 0.651782 0.900084
vt 0.235207 0.904628
vt 0.875180 0.834630
vt 0.924645 0.983806
vt 0.429953 0.068409
vt 0.242227 0.891395
vt 0.840243 0.864161
vt 0.654489 0.910046
vt 0.175773 0.934120
vt 0.861959 0.846058
vt 0.651293 0.893654
vt 0.869386 0.832579
vt 0.862745 0.848324
vt 0.305927 0.877847
vt 0.305927 0.873885
vt 0.306352 0.877491
vt 0.654462 0.937780
vt 0.864544 0.842328
vt 0.653669 0.941382
vt 0.992052 0.108752
vt 0.243260 0.895724
vt 0.650553 0.953082
vt 0.242335 0.891938
vt 0.988261 0.964352
vt 0.240460 0.905749
vt 0.808751 0.350410
vt 0.981657 0.962234
vt 0.392029 0.812362
vt 0.458572 0.927782
vt 0.459448 0.924691
vt 0.459448 0.930522
vt 0.652559 0.949874
vt 0.862266 0.849938
vt 0.862975 0.852221
vt 0.873000 0.843623
vt 0.341205 0.819161
vt 0.182395 0.934270
vt 0.652459 0.913113
vt 0.170437 0.936476
vt 0.868234 0.848531
vt 0.420579 0.413364
vt 0.409784 0.964171
vt 0.877206 0.839444
vt 0.653544 0.925854
vt 0.439352 0.569695
vt 0.207067 0.940449
vt 0.207349 0.945832
vt 0.202547 0.942619
vt 0.212013 0.941307
vt 0.211030 0.940646
vt 0.211303 0.937582
vt 0.336963 0.819126
vt 0.337141 0.822998
vt 0.209947 0.950111
vt 0.209833 0.934932
vt 0.339178 0.827793
vt 0.248457 0.931001
vt 0.248873 0.932085
vt 0.242200 0.938215
vt 0.204703 0.934097
vt 0.062891 0.855930
vt 0.062891 0.865197
vt 0.062273 0.863513
vt 0.210116 0.930252
vt 0.183216 0.930061
vt 0.495773 0.952061
vt 0.497460 0.955639
vt 0.486055 0.081279
vt 0.975213 0.965237
vt 0.870695 0.842480
vt 0.249186 0.937631
vt 0.248315 0.940148
vt 0.248913 0.935370
vt 0.209491 0.931783
vt 0.877064 0.848507
vt 0.924985 0.990984
vt 0.463533 0.652617
vt 0.204007 0.951088
vt 0.729125 0.847529
vt 0.720108 0.852873
vt 0.714917 0.853835
vt 0.200506 0.939248
vt 0.649975 0.904445
vt 0.654067 0.931916
vt 0.208479 0.957215
vt 0.748806 0.034043
vt 0.651857 0.946440
vt 0.183532 0.932862
vt 0.241430 0.898946
vt 0.720131 0.854712
vt 0.863708 0.854342
vt 0.862847 0.855510
vt 0.205614 0.928343
vt 0.210941 0.945445
vt 0.645128 0.889561
vt 0.647648 0.887699
vt 0.645527 0.893614
vt 0.652355 0.924866
vt 0.761346 0.341402
vt 0.762473 0.337564
vt 0.764750 0.341402
vt 0.212912 0.945414
vt 0.649122 0.900001
vt 0.240235 0.936880
vt 0.201450 0.948511
vt 0.198342 0.944046
vt 0.951146 0.345701
vt 0.951055 0.347189
vt 0.949936 0.346945
vt 0.244217 0.900186
vt 0.201408 0.931550
vt 0.718258 0.856557
vt 0.711519 0.858478
vt 0.244720 0.895335
vt 0.950561 0.348961
vt 0.650897 0.920460
vt 0.173898 0.937461
vt 0.211891 0.955763
vt 0.413516 0.086112
vt 0.987968 0.790977
vt 0.985898 0.787659
vt 0.988076 0.788288
vt 0.408742 0.966853
vt 0.210796 0.925209
vt 0.384717 0.118919
vt 0.713353 0.348428
vt 0.714881 0.348974
vt 0.713353 0.350394
vt 0.863431 0.856421
vt 0.176222 0.939127
vt 0.650892 0.951458
vt 0.651056 0.948955
vt 0.203004 0.958721
vt 0.848887 0.842793
vt 0.851895 0.852020
vt 0.951146 0.350157
vt 0.463179 0.615227
vt 0.249421 0.942757
vt 0.245187 0.951091
vt 0.239613 0.908312
vt 0.987864 0.963058
vt 0.201080 0.955544
vt 0.863050 0.860733
vt 0.863833 0.863132
vt 0.180763 0.937328
vt 0.976889 0.766983
vt 0.490595 0.947871
vt 0.213174 0.962548
vt 0.649576 0.918694
vt 0.649072 0.916740
vt 0.384626 0.818548
vt 0.386250 0.808609
vt 0.845331 0.347774
vt 0.845331 0.350222
vt 0.844590 0.349060
vt 0.206273 0.961008
vt 0.814672 0.913125
vt 0.815426 0.914836
vt 0.814672 0.920119
vt 0.250284 0.944516
vt 0.202583 0.926867
vt 0.993961 0.790165
vt 0.993621 0.784519
vt 0.996813 0.792648
vt 0.206198 0.922146
vt 0.715947 0.857514
vt 0.874520 0.852060
vt 0.198861 0.948991
vt 0.198662 0.934667
vt 0.173800 0.946396
vt 0.853267 0.846057
vt 0.648058 0.915904
vt 0.648491 0.914556
vt 0.459403 0.936559
vt 0.458567 0.940564
vt 0.458567 0.935968
vt 0.863198 0.871225
vt 0.869842 0.864236
vt 0.860592 0.877353
vt 0.646583 0.912080
vt 0.646667 0.909043
vt 0.647349 0.914235
vt 0.170413 0.941122
vt 0.466991 0.962668
vt 0.466936 0.965398
vt 0.465726 0.964744
vt 0.645128 0.959568
vt 0.649175 0.953637
vt 0.213174 0.919742
vt 0.876522 0.854422
vt 0.868219 0.875125
vt 0.245603 0.898496
vt 0.873441 0.867875
vt 0.870933 0.850200
vt 0.775107 0.058988
vt 0.183336 0.934646
vt 0.625585 0.849564
vt 0.624424 0.854318
vt 0.624424 0.840518
vt 0.211469 0.962819
vt 0.465403 0.966490
vt 0.466991 0.967259
vt 0.195527 0.871976
vt 0.192750 0.869340
vt 0.195701 0.867042
vt 0.715111 0.859242
vt 0.191237 0.862931
vt 0.731175 0.942924
vt 0.731633 0.937369
vt 0.734909 0.937284
vt 0.191549 0.859642
vt 0.187899 0.855206
vt 0.178593 0.939514
vt 0.418536 0.443039
vt 0.850021 0.852884
vt 0.336605 0.830696
vt 0.872828 0.859841
vt 0.334129 0.682224
vt 0.334129 0.689855
vt 0.333691 0.686143
vt 0.183081 0.938235
vt 0.986878 0.960446
vt 0.714496 0.863809
vt 0.707483 0.864223
vt 0.540600 0.872143
vt 0.540600 0.883852
vt 0.537457 0.877555
vt 0.468307 0.951833
vt 0.465443 0.958131
vt 0.467454 0.949353
vt 0.861993 0.852444
vt 0.857952 0.846442
vt 0.467560 0.947184
vt 0.463390 0.947154
vt 0.467640 0.944780
vt 0.977569 0.960689
vt 0.187537 0.858995
vt 0.194013 0.876841
vt 0.465548 0.678411
vt 0.235758 0.909807
vt 0.986006 0.958122
vt 0.672571 0.875140
vt 0.672571 0.879028
vt 0.671946 0.876886
vt 0.804558 0.060972
vt 0.848997 0.856113
vt 0.850246 0.857413
vt 0.849299 0.856935
vt 0.209545 0.970080
vt 0.197897 0.883159
vt 0.193973 0.885293
vt 0.196652 0.876809
vt 0.468307 0.940814
vt 0.395774 0.396554
vt 0.672608 0.903257
vt 0.671917 0.902012
vt 0.672608 0.899452
vt 0.382361 0.812911
vt 0.206445 0.968466
vt 0.334894 0.835037
vt 0.461758 0.943076
vt 0.646284 0.955619
vt 0.539087 0.060650
vt 0.212742 0.969278
vt 0.988980 0.781484
vt 0.466382 0.962668
vt 0.463030 0.959094
vt 0.396485 0.402072
vt 0.440972 0.110826
vt 0.177622 0.947163
vt 0.672459 0.871313
vt 0.707282 0.873242
vt 0.248247 0.901578
vt 0.855739 0.848669
vt 0.187714 0.865462
vt 0.242230 0.944596
vt 0.245027 0.908224
vt 0.436889 0.628230
vt 0.202161 0.965381
vt 0.200231 0.962104
vt 0.735199 0.932487
vt 0.431483 0.496175
vt 0.496089 0.943615
vt 0.719323 0.388183
vt 0.382019 0.824359
vt 0.380210 0.819850
vt 0.246540 0.900085
vt 0.765544 0.337852
vt 0.767233 0.337564
vt 0.764750 0.340977
vt 0.854673 0.855516
vt 0.183731 0.940810
vt 0.182351 0.854325
vt 0.849938 0.859980
vt 0.182819 0.851286
vt 0.180249 0.944285
vt 0.767937 0.340977
vt 0.851114 0.862628
vt 0.341470 0.711710
vt 0.340905 0.712804
vt 0.340905 0.706137
vt 0.195352 0.890000
vt 0.183137 0.860439
vt 0.703343 0.869930
vt 0.704312 0.873018
vt 0.859079 0.857356
vt 0.896435 0.968111
vt 0.895115 0.965296
vt 0.896435 0.962862
vt 0.430523 0.547369
vt 0.731175 0.929938
vt 0.980220 0.959137
vt 0.459702 0.955027
vt 0.981340 0.782529
vt 0.984303 0.779734
vt 0.713078 0.866438
vt 0.246555 0.904204
vt 0.177722 0.849515
vt 0.987005 0.779110
vt 0.712511 0.871681
vt 0.187628 0.879227
vt 0.617483 0.957774
vt 0.615352 0.960141
vt 0.618374 0.955093
vt 0.861389 0.858471
vt 0.669765 0.959417
vt 0.669765 0.955714
vt 0.671499 0.957120
vt 0.183726 0.944297
vt 0.850082 0.863377
vt 0.700968 0.874675
vt 0.211857 0.973985
vt 0.864769 0.859916
vt 0.964243 0.338097
vt 0.963708 0.343338
vt 0.962530 0.340496
vt 0.851391 0.864805
vt 0.242569 0.952712
vt 0.790941 0.957331
vt 0.793199 0.960073
vt 0.179286 0.853527
vt 0.985339 0.956535
vt 0.985539 0.955222
vt 0.392325 0.819277
vt 0.388821 0.826316
vt 0.195559 0.893171
vt 0.192458 0.894359
vt 0.854314 0.862550
vt 0.610779 0.958043
vt 0.458683 0.943212
vt 0.851690 0.868092
vt 0.850666 0.865676
vt 0.386500 0.442788
vt 0.783157 0.357615
vt 0.202145 0.971861
vt 0.573351 0.079885
vt 0.174363 0.955616
vt 0.171244 0.950366
vt 0.188173 0.885481
vt 0.933947 0.055990
vt 0.865424 0.869567
vt 0.862327 0.863712
vt 0.610559 0.963651
vt 0.701570 0.881511
vt 0.615429 0.962408
vt 0.615405 0.965019
vt 0.496876 0.939305
vt 0.206687 0.974192
vt 0.246813 0.915354
vt 0.384670 0.823624
vt 0.964243 0.347738
vt 0.725294 0.347702
vt 0.725294 0.350334
vt 0.724124 0.349948
vt 0.713492 0.868796
vt 0.177751 0.856030
vt 0.615141 0.966623
vt 0.614361 0.965843
vt 0.616136 0.968212
vt 0.614997 0.968058
vt 0.992463 0.775941
vt 0.185401 0.872795
vt 0.817316 0.349809
vt 0.817316 0.347526
vt 0.818315 0.348236
vt 0.017750 0.964069
vt 0.017750 0.968356
vt 0.016541 0.965441
vt 0.852385 0.869598
vt 0.731809 0.927678
vt 0.380961 0.827964
vt 0.493641 0.939912
vt 0.711914 0.875144
vt 0.013333 0.928875
vt 0.011748 0.926198
vt 0.012016 0.922734
vt 0.854177 0.873622
vt 0.855937 0.869089
vt 0.436862 0.614332
vt 0.614423 0.970863
vt 0.412520 0.946261
vt 0.412934 0.931527
vt 0.171106 0.849373
vt 0.859471 0.892998
vt 0.848887 0.899820
vt 0.850504 0.896674
vt 0.628830 0.109354
vt 0.852709 0.874539
vt 0.851662 0.871935
vt 0.184084 0.873290
vt 0.183180 0.870967
vt 0.378887 0.828418
vt 0.379799 0.831804
vt 0.374685 0.827242
vt 0.191420 0.900029
vt 0.183160 0.870026
vt 0.984243 0.953230
vt 0.306329 0.869452
vt 0.306329 0.873885
vt 0.305927 0.872513
vt 0.727782 0.348062
vt 0.728959 0.350376
vt 0.862786 0.870464
vt 0.209942 0.978522
vt 0.170413 0.843863
vt 0.860809 0.867265
vt 0.188055 0.882558
vt 0.851454 0.891996
vt 0.853178 0.891026
vt 0.362872 0.961156
vt 0.363120 0.965130
vt 0.361601 0.960025
vt 0.853495 0.875863
vt 0.012538 0.928335
vt 0.784122 0.337428
vt 0.785045 0.339501
vt 0.784122 0.339991
vt 0.854516 0.879213
vt 0.852895 0.878034
vt 0.174795 0.855132
vt 0.705381 0.878763
vt 0.180557 0.954612
vt 0.556226 0.071046
vt 0.861686 0.886855
vt 0.860984 0.883423
vt 0.980129 0.949999
vt 0.798606 0.984072
vt 0.794897 0.978608
vt 0.799645 0.980066
vt 0.960300 0.791437
vt 0.962680 0.796406
vt 0.960300 0.796480
vt 0.006743 0.928366
vt 0.010728 0.916645
vt 0.863311 0.875886
vt 0.007359 0.933263
vt 0.187186 0.888328
vt 0.184480 0.946630
vt 0.185123 0.949603
vt 0.138461 0.963417
vt 0.137849 0.965278
vt 0.136631 0.963969
vt 0.006541 0.923396
vt 0.136701 0.961565
vt 0.136631 0.959024
vt 0.853022 0.885018
vt 0.854019 0.885702
vt 0.428678 0.656167
vt 0.012090 0.913957
vt 0.011124 0.913405
vt 0.003729 0.923198
vt 0.361601 0.965524
vt 0.980980 0.951740
vt 0.991608 0.774162
vt 0.177183 0.956932
vt 0.667059 0.165969
vt 0.657636 0.147562
vt 0.006052 0.915338
vt 0.012227 0.937306
vt 0.802708 0.978631
vt 0.803839 0.984125
vt 0.187804 0.884834
vt 0.889542 0.064416
vt 0.858192 0.875412
vt 0.003235 0.929202
vt 0.195426 0.957797
vt 0.195426 0.944067
vt 0.197763 0.948563
vt 0.003630 0.936364
vt 0.246181 0.918745
vt 0.615024 0.973834
vt 0.615840 0.979839
vt 0.611344 0.983930
vt 0.014851 0.908502
vt 0.018349 0.903379
vt 0.016633 0.905963
vt 0.012408 0.906171
vt 0.187148 0.891716
vt 0.003696 0.916728
vt 0.186346 0.889887
vt 0.953831 0.341483
vt 0.956247 0.338097
vt 0.956247 0.347794
vt 0.548553 0.876153
vt 0.550089 0.879388
vt 0.776579 0.037236
vt 0.851970 0.349679
vt 0.852725 0.348537
vt 0.852725 0.350236
vt 0.001169 0.927458
vt 0.008991 0.945007
vt 0.186077 0.948169
vt 0.001702 0.922145
vt 0.384227 0.831813
vt 0.359041 0.897701
vt 0.358456 0.894079
vt 0.185996 0.893069
vt 0.937540 0.785136
vt 0.939026 0.796240
vt 0.936492 0.796240
vt 0.144072 0.862402
vt 0.144601 0.861067
vt 0.144601 0.864562
vt 0.062904 0.874759
vt 0.062273 0.880697
vt 0.005755 0.942873
vt 0.609727 0.973093
vt 0.387469 0.830880
vt 0.545640 0.877467
vt 0.498162 0.935845
vt 0.012484 0.946683
vt 0.613880 0.985932
vt 0.186106 0.895098
vt 0.375499 0.834594
vt 0.185864 0.957052
vt 0.618374 0.995153
vt 0.617408 0.997583
vt 0.550754 0.874325
vt 0.711892 0.879082
vt 0.712662 0.876183
vt 0.378982 0.837645
vt 0.707477 0.887232
vt 0.052550 0.863655
vt 0.055971 0.867865
vt 0.056967 0.872984
vt 0.051030 0.865089
vt 0.371619 0.835909
vt 0.184937 0.895730
vt 0.734070 0.957170
vt 0.734083 0.959806
vt 0.732015 0.963050
vt 0.952822 0.061620
vt 0.983402 0.951221
vt 0.048825 0.859732
vt 0.047853 0.861779
vt 0.808402 0.983202
vt 0.806064 0.978055
vt 0.983989 0.770938
vt 0.000000 0.932917
vt 0.795398 0.976118
vt 0.499265 0.931808
vt 0.183990 0.899589
vt 0.184706 0.897793
vt 0.186722 0.905998
vt 0.625585 0.816484
vt 0.624461 0.826132
vt 0.624461 0.811086
vt 0.607971 0.983925
vt 0.381497 0.838507
vt 0.611630 0.994075
vt 0.615325 0.999614
vt 0.710829 0.880356
vt 0.605653 0.971903
vt 0.392893 0.950264
vt 0.391846 0.949335
vt 0.391615 0.948165
vt 0.189253 0.955369
vt 0.986246 0.941606
vt 0.799694 0.971661
vt 0.551742 0.873483
vt 0.008726 0.950790
vt 0.610777 0.990022
vt 0.001107 0.939879
vt 0.803058 0.974627
vt 0.184271 0.960325
vt 0.370892 0.389237
vt 0.562174 0.870852
vt 0.045659 0.862609
vt 0.981165 0.774339
vt 0.986146 0.770695
vt 0.707904 0.388663
vt 0.180611 0.962506
vt 0.806073 0.045138
vt 0.392950 0.951996
vt 0.391845 0.951955
vt 0.017608 0.950284
vt 0.003949 0.948081
vt 0.041409 0.858076
vt 0.991515 0.769186
vt 0.057236 0.880058
vt 0.054256 0.872153
vt 0.059786 0.879458
vt 0.745855 0.367270
vt 0.387767 0.836834
vt 0.978319 0.945575
vt 0.980845 0.943507
vt 0.713403 0.883836
vt 0.734083 0.963985
vt 0.188290 0.955944
vt 0.700806 0.884925
vt 0.702746 0.892408
vt 0.554065 0.871921
vt 0.013343 0.955135
vt 0.181867 0.904290
vt 0.677816 0.253510
vt 0.670988 0.266413
vt 0.673362 0.228136
vt 0.062273 0.887688
vt 0.059477 0.887923
vt 0.713102 0.885809
vt 0.392950 0.956500
vt 0.556283 0.871217
vt 0.392074 0.841156
vt 0.391348 0.842653
vt 0.922800 0.795840
vt 0.922800 0.787063
vt 0.926316 0.790496
vt 0.704825 0.892411
vt 0.951175 0.345754
vt 0.953831 0.338459
vt 0.953831 0.347794
vt 0.410713 0.966582
vt 0.410713 0.959963
vt 0.412404 0.961950
vt 0.042265 0.863984
vt 0.054738 0.879647
vt 0.386113 0.842961
vt 0.177584 0.963727
vt 0.888863 0.049512
vt 0.038837 0.855930
vt 0.036536 0.859302
vt 0.017870 0.956491
vt 0.563004 0.866569
vt 0.604635 0.972682
vt 0.375286 0.841634
vt 0.007537 0.956203
vt 0.389552 0.841980
vt 0.557829 0.867933
vt 0.369230 0.835259
vt 0.371858 0.841201
vt 0.368038 0.839445
vt 0.919641 0.055302
vt 0.382269 0.845992
vt 0.711498 0.889705
vt 0.605937 0.982040
vt 0.802069 0.967700
vt 0.567684 0.867315
vt 0.047536 0.871090
vt 0.391449 0.954253
vt 0.365220 0.960501
vt 0.365985 0.959902
vt 0.365985 0.963060
vt 0.981561 0.765315
vt 0.796033 0.970216
vt 0.793318 0.969090
vt 0.013583 0.959378
vt 0.568213 0.862683
vt 0.392283 0.860023
vt 0.390748 0.856077
vt 0.393009 0.851701
vt 0.559603 0.865617
vt 0.391234 0.848725
vt 0.707350 0.892995
vt 0.389066 0.868519
vt 0.388150 0.866252
vt 0.178798 0.907476
vt 0.931497 0.787063
vt 0.931497 0.783561
vt 0.932202 0.784348
vt 0.057115 0.886098
vt 0.387219 0.846704
vt 0.137103 0.918600
vt 0.137103 0.922167
vt 0.136626 0.919287
vt 0.499073 0.094014
vt 0.175304 0.911121
vt 0.714617 0.891900
vt 0.382998 0.875749
vt 0.497668 0.894005
vt 0.493426 0.892861
vt 0.497159 0.886455
vt 0.050492 0.880819
vt 0.407412 0.578347
vt 0.843594 0.049072
vt 0.380325 0.875165
vt 0.389321 0.134599
vt 0.384054 0.854555
vt 0.383693 0.850626
vt 0.361745 0.421587
vt 0.383680 0.864722
vt 0.383632 0.860924
vt 0.368221 0.842929
vt 0.373246 0.851661
vt 0.341486 0.733865
vt 0.341486 0.739774
vt 0.340927 0.735575
vt 0.499223 0.904694
vt 0.499213 0.908972
vt 0.498673 0.906552
vt 0.382015 0.868586
vt 0.946502 0.343881
vt 0.946122 0.345837
vt 0.944997 0.338458
vt 0.561210 0.863882
vt 0.958567 0.959448
vt 0.957916 0.965278
vt 0.956935 0.961091
vt 0.497219 0.898851
vt 0.386266 0.965205
vt 0.386266 0.968675
vt 0.385207 0.965227
vt 0.176858 0.914067
vt 0.377724 0.876528
vt 0.947625 0.344003
vt 0.062273 0.914510
vt 0.062885 0.911478
vt 0.374442 0.880926
vt 0.050968 0.882702
vt 0.059940 0.901625
vt 0.434005 0.625179
vt 0.198321 0.851516
vt 0.197972 0.855105
vt 0.197972 0.849228
vt 0.062403 0.922345
vt 0.061738 0.929310
vt 0.054500 0.929381
vt 0.989719 0.937553
vt 0.990516 0.761965
vt 0.987696 0.934327
vt 0.848242 0.924869
vt 0.848872 0.929796
vt 0.847905 0.927361
vt 0.188827 0.965659
vt 0.956935 0.956619
vt 0.383603 0.856322
vt 0.847412 0.348342
vt 0.848254 0.348850
vt 0.982691 0.760548
vt 0.624598 0.117299
vt 0.958355 0.955410
vt 0.062250 0.896891
vt 0.969404 0.067195
vt 0.494718 0.905048
vt 0.382503 0.178933
vt 0.937991 0.956855
vt 0.936432 0.959387
vt 0.936432 0.953138
vt 0.386377 0.960719
vt 0.386654 0.963161
vt 0.386266 0.964713
vt 0.051532 0.885701
vt 0.945274 0.348430
vt 0.056646 0.904839
vt 0.715718 0.890966
vt 0.350940 0.166385
vt 0.660762 0.224736
vt 0.675866 0.190063
vt 0.264684 0.930315
vt 0.262509 0.935080
vt 0.261644 0.931084
vt 0.496423 0.916388
vt 0.499265 0.912066
vt 0.179761 0.967341
vt 0.387312 0.964153
vt 0.494119 0.896242
vt 0.712355 0.900422
vt 0.376755 0.850108
vt 0.841937 0.348415
vt 0.840980 0.349422
vt 0.261607 0.941073
vt 0.261040 0.943913
vt 0.257701 0.944713
vt 0.944997 0.347205
vt 0.258413 0.938621
vt 0.847905 0.930525
vt 0.183810 0.968619
vt 0.012475 0.964069
vt 0.266210 0.929197
vt 0.260110 0.947557
vt 0.991952 0.934056
vt 0.049906 0.881879
vt 0.379418 0.847614
vt 0.058585 0.932502
vt 0.987461 0.759166
vt 0.387421 0.961340
vt 0.060841 0.930996
vt 0.060490 0.932151
vt 0.705250 0.900541
vt 0.709291 0.899741
vt 0.257418 0.957035
vt 0.799917 0.964177
vt 0.390690 0.493041
vt 0.261993 0.951300
vt 0.382157 0.849616
vt 0.381944 0.854327
vt 0.253609 0.945143
vt 0.051963 0.934314
vt 0.253789 0.952364
vt 0.588316 0.118687
vt 0.499265 0.922957
vt 0.496850 0.924231
vt 0.657754 0.201198
vt 0.261343 0.953885
vt 0.493482 0.916021
vt 0.007612 0.959914
vt 0.052337 0.891350
vt 0.058566 0.935826
vt 0.561834 0.860936
vt 0.172677 0.913559
vt 0.018349 0.962837
vt 0.256182 0.937953
vt 0.795677 0.958944
vt 0.986672 0.755115
vt 0.263793 0.956586
vt 0.491005 0.905247
vt 0.793273 0.960875
vt 0.492890 0.920779
vt 0.494242 0.926065
vt 0.262519 0.956495
vt 0.231549 0.977569
vt 0.229708 0.966930
vt 0.233821 0.972991
vt 0.053414 0.893541
vt 0.393656 0.534200
vt 0.051690 0.892324
vt 0.490945 0.899552
vt 0.186884 0.969075
vt 0.497795 0.929497
vt 0.496329 0.931808
vt 0.797608 0.956835
vt 0.805093 0.960723
vt 0.369829 0.854226
vt 0.372215 0.856717
vt 0.371496 0.856977
vt 0.386266 0.957720
vt 0.388033 0.958404
vt 0.842996 0.804940
vt 0.843808 0.800796
vt 0.844047 0.809923
vt 0.573583 0.855425
vt 0.572732 0.861004
vt 0.227894 0.971708
vt 0.263429 0.957441
vt 0.262195 0.967982
vt 0.381708 0.857616
vt 0.225458 0.966167
vt 0.250948 0.954488
vt 0.251828 0.947989
vt 0.051623 0.894816
vt 0.490554 0.911132
vt 0.058585 0.935725
vt 0.057894 0.937732
vt 0.254522 0.961929
vt 0.563843 0.857519
vt 0.374525 0.859856
vt 0.372675 0.858551
vt 0.053233 0.898645
vt 0.170413 0.914424
vt 0.387725 0.456446
vt 0.716894 0.895097
vt 0.264361 0.959576
vt 0.257848 0.964682
vt 0.377145 0.857003
vt 0.677087 0.848469
vt 0.684405 0.851333
vt 0.678909 0.851128
vt 0.663581 0.759592
vt 0.659831 0.764168
vt 0.660655 0.758601
vt 0.384610 0.859067
vt 0.385606 0.865044
vt 0.373354 0.860386
vt 0.992691 0.754998
vt 0.672627 0.847529
vt 0.685387 0.854482
vt 0.573324 0.843841
vt 0.237616 0.976331
vt 0.238800 0.972140
vt 0.688633 0.855438
vt 0.664130 0.951026
vt 0.665296 0.953254
vt 0.664130 0.958379
vt 0.633004 0.195137
vt 0.718397 0.896395
vt 0.051312 0.897305
vt 0.050935 0.899370
vt 0.374048 0.862140
vt 0.804303 0.956151
vt 0.354627 0.198174
vt 0.341492 0.196866
vt 0.387978 0.955645
vt 0.235139 0.964264
vt 0.334894 0.867044
vt 0.335745 0.860542
vt 0.337385 0.861649
vt 0.250570 0.958961
vt 0.562002 0.113178
vt 0.717726 0.901953
vt 0.490111 0.921483
vt 0.383358 0.873586
vt 0.375197 0.865524
vt 0.057893 0.941566
vt 0.055435 0.941245
vt 0.057793 0.939690
vt 0.848887 0.796928
vt 0.676277 0.853544
vt 0.672772 0.851418
vt 0.384490 0.876929
vt 0.345510 0.233318
vt 0.669510 0.761635
vt 0.670427 0.766307
vt 0.666119 0.761602
vt 0.564014 0.854741
vt 0.565291 0.852604
vt 0.712308 0.909577
vt 0.262809 0.973743
vt 0.257520 0.971173
vt 0.690606 0.859194
vt 0.379117 0.442946
vt 0.252476 0.966164
vt 0.050065 0.904559
vt 0.682282 0.857643
vt 0.057990 0.945104
vt 0.058673 0.947550
vt 0.057852 0.947378
vt 0.381510 0.868918
vt 0.665463 0.766454
vt 0.376433 0.867696
vt 0.411946 0.137935
vt 0.634458 0.257180
vt 0.804026 0.953991
vt 0.476096 0.131144
vt 0.356307 0.441411
vt 0.687497 0.861308
vt 0.564803 0.849878
vt 0.719183 0.898950
vt 0.225687 0.959264
vt 0.382874 0.882530
vt 0.377807 0.872102
vt 0.059306 0.952057
vt 0.058380 0.951577
vt 0.512946 0.105689
vt 0.015375 0.964069
vt 0.015375 0.968653
vt 0.014220 0.967044
vt 0.376918 0.881885
vt 0.266210 0.973845
vt 0.341132 0.867044
vt 0.237559 0.964283
vt 0.662480 0.858465
vt 0.663323 0.853760
vt 0.663323 0.858973
vt 0.847230 0.788858
vt 0.377965 0.874792
vt 0.377224 0.871775
vt 0.377494 0.879244
vt 0.668055 0.772183
vt 0.464252 0.962669
vt 0.465403 0.965410
vt 0.464252 0.968502
vt 0.844114 0.795691
vt 0.255337 0.973132
vt 0.624508 0.267688
vt 0.793799 0.949206
vt 0.695815 0.864510
vt 0.694440 0.869321
vt 0.358356 0.488929
vt 0.719651 0.898460
vt 0.568605 0.847554
vt 0.060076 0.954459
vt 0.059403 0.955653
vt 0.848887 0.796811
vt 0.853634 0.790534
vt 0.856598 0.793571
vt 0.232479 0.963475
vt 0.048581 0.910115
vt 0.661624 0.770145
vt 0.061266 0.958105
vt 0.993627 0.752174
vt 0.990842 0.748709
vt 0.050769 0.945710
vt 0.055620 0.953570
vt 0.815426 0.929971
vt 0.814670 0.928527
vt 0.815426 0.926271
vt 0.696958 0.871909
vt 0.333986 0.745855
vt 0.333986 0.751598
vt 0.333691 0.748535
vt 0.259541 0.977225
vt 0.377315 0.885892
vt 0.719595 0.908652
vt 0.372505 0.894183
vt 0.374704 0.889267
vt 0.720911 0.900370
vt 0.376604 0.884626
vt 0.379004 0.890674
vt 0.686687 0.863486
vt 0.542806 0.128214
vt 0.049661 0.907234
vt 0.048590 0.907203
vt 0.375703 0.887155
vt 0.805491 0.958766
vt 0.228502 0.956114
vt 0.699532 0.871264
vt 0.722997 0.901588
vt 0.373965 0.896425
vt 0.049826 0.944066
vt 0.692366 0.872922
vt 0.723401 0.905075
vt 0.052555 0.952286
vt 0.565008 0.847628
vt 0.566052 0.847509
vt 0.843242 0.792549
vt 0.844137 0.791533
vt 0.633129 0.233424
vt 0.622711 0.234147
vt 0.715981 0.907833
vt 0.341491 0.479172
vt 0.341368 0.481919
vt 0.341368 0.476500
vt 0.671917 0.775805
vt 0.062403 0.962391
vt 0.057571 0.961189
vt 0.808154 0.032778
vt 0.845731 0.002440
vt 0.051852 0.913449
vt 0.996813 0.746482
vt 0.193222 0.958147
vt 0.193149 0.960019
vt 0.192467 0.961100
vt 0.193222 0.964261
vt 0.192732 0.963352
vt 0.263281 0.980610
vt 0.192885 0.956174
vt 0.575539 0.848052
vt 0.265952 0.978163
vt 0.804876 0.948517
vt 0.639649 0.957144
vt 0.637357 0.963284
vt 0.635107 0.958893
vt 0.387819 0.494846
vt 0.235859 0.959919
vt 0.842138 0.789197
vt 0.060467 0.967488
vt 0.047422 0.911716
vt 0.047082 0.910401
vt 0.335283 0.758112
vt 0.333998 0.757748
vt 0.335283 0.756509
vt 0.664744 0.775702
vt 0.191508 0.963569
vt 0.565366 0.843819
vt 0.700314 0.347934
vt 0.699666 0.348895
vt 0.698465 0.347934
vt 0.856617 0.788637
vt 0.370845 0.895247
vt 0.371691 0.893995
vt 0.799498 0.945221
vt 0.805424 0.950042
vt 0.659965 0.776575
vt 0.054129 0.965606
vt 0.688576 0.873738
vt 0.843333 0.783411
vt 0.858397 0.787708
vt 0.225469 0.953165
vt 0.736176 0.969511
vt 0.735136 0.968346
vt 0.057086 0.968454
vt 0.046095 0.912986
vt 0.049548 0.953808
vt 0.051352 0.959454
vt 0.335283 0.757563
vt 0.234305 0.955335
vt 0.699644 0.350354
vt 0.670310 0.780198
vt 0.645128 0.957144
vt 0.643372 0.961008
vt 0.636278 0.966431
vt 0.631877 0.971861
vt 0.865531 0.787858
vt 0.860849 0.793070
vt 0.636991 0.968987
vt 0.389415 0.206536
vt 0.659831 0.778374
vt 0.044070 0.915514
vt 0.041404 0.918779
vt 0.049177 0.917984
vt 0.686677 0.869281
vt 0.687307 0.871104
vt 0.685231 0.868873
vt 0.337608 0.757929
vt 0.337608 0.756509
vt 0.338776 0.756770
vt 0.041588 0.922345
vt 0.569965 0.833718
vt 0.258428 0.982221
vt 0.630428 0.965190
vt 0.339589 0.758173
vt 0.339040 0.756509
vt 0.340090 0.756509
vt 0.341468 0.768663
vt 0.341229 0.765788
vt 0.412190 0.175698
vt 0.732268 0.879269
vt 0.731813 0.883965
vt 0.671506 0.785497
vt 0.696026 0.880984
vt 0.594236 0.172005
vt 0.717136 0.913209
vt 0.447884 0.150755
vt 0.575587 0.841878
vt 0.642846 0.284742
vt 0.660678 0.779922
vt 0.840534 0.788363
vt 0.840072 0.786258
vt 0.667000 0.782785
vt 0.868332 0.787019
vt 0.664823 0.781310
vt 0.687152 0.872555
vt 0.698383 0.881074
vt 0.700806 0.882976
vt 0.019874 0.965874
vt 0.023450 0.958739
vt 0.023253 0.966094
vt 0.097481 0.956825
vt 0.096484 0.963583
vt 0.236233 0.951239
vt 0.884260 0.010094
vt 0.636010 0.969672
vt 0.636570 0.973764
vt 0.627895 0.974002
vt 0.572818 0.832207
vt 0.805650 0.944420
vt 0.028700 0.965591
vt 0.059941 0.974227
vt 0.859051 0.787330
vt 0.860864 0.785615
vt 0.729125 0.914501
vt 0.662080 0.783788
vt 0.660999 0.784201
vt 0.239042 0.956399
vt 0.240235 0.957202
vt 0.239315 0.959271
vt 0.019912 0.957751
vt 0.689022 0.875939
vt 0.926544 0.016104
vt 0.625569 0.295904
vt 0.626110 0.283663
vt 0.028230 0.959327
vt 0.666940 0.794726
vt 0.795442 0.943148
vt 0.799906 0.937194
vt 0.720697 0.913662
vt 0.671137 0.791289
vt 0.662250 0.788727
vt 0.661310 0.785432
vt 0.804237 0.945617
vt 0.564021 0.838455
vt 0.055982 0.973572
vt 0.630779 0.982144
vt 0.661940 0.787158
vt 0.839818 0.777799
vt 0.379075 0.622026
vt 0.388435 0.594475
vt 0.917615 0.700213
vt 0.912094 0.701693
vt 0.911482 0.696129
vt 0.844019 0.777481
vt 0.234371 0.949353
vt 0.847203 0.775783
vt 0.385004 0.566270
vt 0.227873 0.946101
vt 0.370766 0.548316
vt 0.421346 0.666003
vt 0.837103 0.783002
vt 0.836213 0.782112
vt 0.864269 0.781525
vt 0.615639 0.210005
vt 0.834742 0.781181
vt 0.833760 0.779207
vt 0.804351 0.942036
vt 0.662177 0.790461
vt 0.238517 0.952630
vt 0.239627 0.952294
vt 0.833542 0.780145
vt 0.907800 0.698456
vt 0.607053 0.188640
vt 0.574391 0.151057
vt 0.051909 0.968313
vt 0.689962 0.879773
vt 0.689038 0.880506
vt 0.872045 0.779875
vt 0.637474 0.981112
vt 0.576205 0.834414
vt 0.666361 0.800269
vt 0.053703 0.974818
vt 0.917004 0.959152
vt 0.913849 0.963100
vt 0.914276 0.957629
vt 0.662649 0.791879
vt 0.661717 0.792949
vt 0.626594 0.978860
vt 0.832174 0.779075
vt 0.830637 0.776930
vt 0.806281 0.935326
vt 0.805662 0.942652
vt 0.694134 0.887106
vt 0.563785 0.827156
vt 0.696231 0.886856
vt 0.232524 0.945259
vt 0.818514 0.000000
vt 0.699286 0.890373
vt 0.661792 0.795164
vt 0.834147 0.774925
vt 0.224259 0.939356
vt 0.224259 0.930710
vt 0.225357 0.932602
vt 0.725133 0.914768
vt 0.828624 0.775951
vt 0.829766 0.775514
vt 0.661040 0.798804
vt 0.865562 0.779739
vt 0.022347 0.953624
vt 0.030352 0.959565
vt 0.805766 0.940408
vt 0.036536 0.921963
vt 0.662818 0.806984
vt 0.660575 0.805490
vt 0.690122 0.883050
vt 0.239571 0.950219
vt 0.238917 0.946926
vt 0.055957 0.979003
vt 0.563337 0.836807
vt 0.825938 0.773457
vt 0.689738 0.884720
vt 0.631830 0.988353
vt 0.920123 0.704020
vt 0.918064 0.705919
vt 0.835841 0.772101
vt 0.690340 0.889011
vt 0.900967 0.343921
vt 0.903800 0.350062
vt 0.900864 0.346826
vt 0.026610 0.952869
vt 0.196894 0.924683
vt 0.197944 0.922607
vt 0.196863 0.926956
vt 0.889579 0.898249
vt 0.890326 0.893533
vt 0.895724 0.891001
vt 0.875586 0.776932
vt 0.020201 0.945712
vt 0.696698 0.891709
vt 0.792204 0.347265
vt 0.793357 0.348716
vt 0.792204 0.350125
vt 0.868226 0.774911
vt 0.901448 0.347903
vt 0.919873 0.963286
vt 0.919937 0.969903
vt 0.197897 0.847443
vt 0.198321 0.843863
vt 0.198321 0.849228
vt 0.239607 0.944844
vt 0.916473 0.711341
vt 0.908620 0.701709
vt 0.225390 0.943115
vt 0.226748 0.939449
vt 0.628308 0.990584
vt 0.639649 0.988010
vt 0.638725 0.987230
vt 0.638080 0.984746
vt 0.232014 0.938824
vt 0.844959 0.773081
vt 0.922486 0.709821
vt 0.830110 0.768891
vt 0.567044 0.824770
vt 0.915724 0.975367
vt 0.899002 0.350062
vt 0.361601 0.962501
vt 0.359532 0.965424
vt 0.359532 0.960024
vt 0.624186 0.253389
vt 0.807141 0.933237
vt 0.197564 0.917745
vt 0.967278 0.347261
vt 0.965786 0.347824
vt 0.824923 0.765611
vt 0.364238 0.517280
vt 0.506116 0.142674
vt 0.107388 0.957541
vt 0.106785 0.959410
vt 0.101843 0.961865
vt 0.229385 0.937677
vt 0.922906 0.968441
vt 0.030934 0.951608
vt 0.104806 0.956456
vt 0.966649 0.350213
vt 0.572492 0.828443
vt 0.625606 0.984547
vt 0.823459 0.767505
vt 0.238765 0.937636
vt 0.810377 0.931564
vt 0.814640 0.929983
vt 0.810738 0.935280
vt 0.846869 0.770942
vt 0.696250 0.898437
vt 0.833662 0.765979
vt 0.919937 0.710492
vt 0.834578 0.768895
vt 0.814640 0.943370
vt 0.638909 0.989360
vt 0.238485 0.942413
vt 0.625043 0.905830
vt 0.625532 0.908635
vt 0.539774 0.953623
vt 0.541292 0.957480
vt 0.539774 0.958554
vt 0.878276 0.768823
vt 0.198293 0.917527
vt 0.638658 0.995311
vt 0.106297 0.962922
vt 0.912686 0.972704
vt 0.026083 0.945078
vt 0.844822 0.770892
vt 0.239236 0.941515
vt 0.824378 0.762823
vt 0.839603 0.768535
vt 0.197072 0.919610
vt 0.196863 0.914425
vt 0.811170 0.938944
vt 0.828786 0.763503
vt 0.835744 0.347986
vt 0.836930 0.344357
vt 0.837211 0.346948
vt 0.333686 0.560357
vt 0.335049 0.571523
vt 0.334098 0.567406
vt 0.892008 0.888717
vt 0.819144 0.763784
vt 0.820217 0.761383
vt 0.869363 0.771811
vt 0.634230 0.997078
vt 0.237922 0.935825
vt 0.339668 0.572734
vt 0.689384 0.894322
vt 0.581812 0.319180
vt 0.581236 0.309581
vt 0.197703 0.916697
vt 0.840398 0.343841
vt 0.385216 0.597947
vt 0.836126 0.343546
vt 0.106099 0.966711
vt 0.102069 0.967842
vt 0.891248 0.887521
vt 0.566107 0.818624
vt 0.924421 0.716032
vt 0.370465 0.563205
vt 0.334403 0.569452
vt 0.099499 0.965466
vt 0.811759 0.942855
vt 0.361502 0.564694
vt 0.691968 0.903303
vt 0.023462 0.939446
vt 0.837196 0.343458
vt 0.960440 0.963692
vt 0.960504 0.966893
vt 0.959415 0.965894
vt 0.560927 0.819653
vt 0.927759 0.713879
vt 0.927220 0.721615
vt 0.105601 0.969234
vt 0.841186 0.766035
vt 0.816893 0.759821
vt 0.372778 0.646803
vt 0.876316 0.760140
vt 0.837960 0.767278
vt 0.477749 0.350410
vt 0.473760 0.346295
vt 0.507025 0.331060
vt 0.019874 0.936737
vt 0.870065 0.768032
vt 0.871796 0.764355
vt 0.730654 0.957233
vt 0.730646 0.952178
vt 0.731339 0.954257
vt 0.568077 0.818803
vt 0.230944 0.929469
vt 0.835744 0.339781
vt 0.334691 0.572043
vt 0.197898 0.872597
vt 0.198311 0.870185
vt 0.198311 0.874409
vt 0.959415 0.969387
vt 0.841223 0.760192
vt 0.819875 0.757367
vt 0.335112 0.576451
vt 0.837083 0.340400
vt 0.932402 0.348430
vt 0.934378 0.343904
vt 0.935375 0.345900
vt 0.689011 0.899014
vt 0.105999 0.973040
vt 0.562717 0.817145
vt 0.500322 0.156400
vt 0.466661 0.173518
vt 0.629112 0.995156
vt 0.238284 0.930759
vt 0.340901 0.578017
vt 0.335159 0.580539
vt 0.238761 0.935638
vt 0.870428 0.766066
vt 0.580901 0.294054
vt 0.929424 0.720054
vt 0.100804 0.974009
vt 0.940866 0.957057
vt 0.937991 0.959800
vt 0.937991 0.953138
vt 0.598528 0.963866
vt 0.597385 0.955904
vt 0.836111 0.765383
vt 0.833186 0.761856
vt 0.921646 0.971290
vt 0.919670 0.979803
vt 0.031859 0.945145
vt 0.026228 0.937917
vt 0.732015 0.952349
vt 0.340078 0.583334
vt 0.835932 0.757472
vt 0.446783 0.330069
vt 0.417819 0.307350
vt 0.487781 0.306153
vt 0.435984 0.185253
vt 0.238269 0.933188
vt 0.688128 0.900335
vt 0.237756 0.925305
vt 0.836055 0.338256
vt 0.870125 0.763490
vt 0.815789 0.753776
vt 0.556118 0.814544
vt 0.895139 0.864595
vt 0.891628 0.879899
vt 0.097608 0.972352
vt 0.106385 0.974937
vt 0.883815 0.348107
vt 0.887327 0.350129
vt 0.687385 0.978616
vt 0.686995 0.972871
vt 0.690527 0.969561
vt 0.825866 0.758838
vt 0.830631 0.758480
vt 0.832092 0.759001
vt 0.922906 0.982296
vt 0.815384 0.949631
vt 0.814653 0.950525
vt 0.814973 0.947485
vt 0.391445 0.233218
vt 0.452908 0.273282
vt 0.395807 0.270054
vt 0.898386 0.876482
vt 0.920060 0.724920
vt 0.341490 0.860541
vt 0.341139 0.863197
vt 0.034399 0.947061
vt 0.033488 0.943753
vt 0.036536 0.944929
vt 0.691785 0.980447
vt 0.696109 0.977632
vt 0.695506 0.982210
vt 0.871033 0.762834
vt 0.591066 0.255178
vt 0.933449 0.340209
vt 0.686385 0.904312
vt 0.932402 0.338409
vt 0.815384 0.952072
vt 0.870114 0.760975
vt 0.033425 0.944892
vt 0.032926 0.940555
vt 0.033295 0.942519
vt 0.511909 0.167952
vt 0.915697 0.978944
vt 0.914541 0.975631
vt 0.021796 0.925406
vt 0.875035 0.753795
vt 0.560039 0.814598
vt 0.195426 0.963334
vt 0.197625 0.957797
vt 0.197625 0.963980
vt 0.033621 0.941311
vt 0.814984 0.953262
vt 0.691782 0.974355
vt 0.916430 0.980989
vt 0.107388 0.976992
vt 0.828983 0.755888
vt 0.235374 0.922049
vt 0.437422 0.211654
vt 0.814640 0.932833
vt 0.815450 0.929983
vt 0.815450 0.935985
vt 0.026485 0.928806
vt 0.931497 0.726171
vt 0.929667 0.728035
vt 0.890252 0.876113
vt 0.890727 0.875143
vt 0.034481 0.939804
vt 0.362170 0.955386
vt 0.359532 0.960025
vt 0.359532 0.952432
vt 0.030002 0.932053
vt 0.334792 0.583496
vt 0.685695 0.906029
vt 0.924987 0.724275
vt 0.238402 0.928828
vt 0.238915 0.932363
vt 0.696733 0.972207
vt 0.555131 0.811625
vt 0.880453 0.757578
vt 0.101017 0.979222
vt 0.889520 0.873583
vt 0.335164 0.585886
vt 0.815469 0.747909
vt 0.032559 0.938685
vt 0.819376 0.747414
vt 0.341492 0.522679
vt 0.825161 0.747718
vt 0.924861 0.732560
vt 0.301819 0.938848
vt 0.304507 0.934261
vt 0.305743 0.938848
vt 0.906459 0.793461
vt 0.907667 0.796801
vt 0.906384 0.796801
vt 0.869612 0.758832
vt 0.871296 0.756338
vt 0.333686 0.591648
vt 0.869438 0.755193
vt 0.562826 0.811893
vt 0.524669 0.341346
vt 0.547612 0.310024
vt 0.455719 0.963974
vt 0.454313 0.957874
vt 0.458535 0.963468
vt 0.835328 0.749363
vt 0.671917 0.899452
vt 0.672601 0.898831
vt 0.143480 0.956577
vt 0.140778 0.949400
vt 0.341479 0.933190
vt 0.340532 0.934561
vt 0.340532 0.930890
vt 0.683618 0.908785
vt 0.034014 0.935949
vt 0.457031 0.957949
vt 0.683755 0.912131
vt 0.694696 0.969050
vt 0.468307 0.886455
vt 0.469946 0.882297
vt 0.480218 0.879075
vt 0.104441 0.985106
vt 0.032474 0.935106
vt 0.889270 0.872036
vt 0.920356 0.726143
vt 0.919702 0.727059
vt 0.918864 0.722275
vt 0.840016 0.753211
vt 0.499265 0.994300
vt 0.501967 0.991005
vt 0.507789 0.989476
vt 0.334193 0.588331
vt 0.341200 0.936116
vt 0.558193 0.809113
vt 0.640510 0.967098
vt 0.639649 0.964683
vt 0.640510 0.963407
vt 0.876096 0.748863
vt 0.473016 0.880069
vt 0.688640 0.959625
vt 0.451193 0.958868
vt 0.879234 0.755339
vt 0.547850 0.807372
vt 0.805670 0.342143
vt 0.803286 0.348576
vt 0.803286 0.338256
vt 0.827930 0.746968
vt 0.889562 0.870495
vt 0.932205 0.732457
vt 0.920309 0.729408
vt 0.033535 0.933386
vt 0.554495 0.222261
vt 0.337844 0.835037
vt 0.339786 0.842483
vt 0.334894 0.837147
vt 0.238679 0.921315
vt 0.806844 0.344882
vt 0.805240 0.348914
vt 0.473435 0.877530
vt 0.335625 0.840638
vt 0.438733 0.230474
vt 0.680370 0.910774
vt 0.868426 0.750716
vt 0.032639 0.931284
vt 0.927145 0.737578
vt 0.574333 0.264811
vt 0.555246 0.809481
vt 0.921203 0.733517
vt 0.808540 0.346193
vt 0.033770 0.930636
vt 0.887767 0.868131
vt 0.534663 0.301439
vt 0.920571 0.734720
vt 0.827777 0.740979
vt 0.306015 0.929199
vt 0.301923 0.932237
vt 0.240235 0.918745
vt 0.031399 0.920554
vt 0.868650 0.748547
vt 0.475273 0.875508
vt 0.447467 0.951941
vt 0.024183 0.924463
vt 0.525527 0.180027
vt 0.482318 0.203056
vt 0.336108 0.844493
vt 0.020930 0.923245
vt 0.022851 0.918537
vt 0.336697 0.848309
vt 0.625548 0.900450
vt 0.624985 0.896735
vt 0.625548 0.895251
vt 0.873291 0.743413
vt 0.887932 0.865688
vt 0.453225 0.953101
vt 0.570498 0.972894
vt 0.573654 0.966622
vt 0.578132 0.964890
vt 0.448860 0.960718
vt 0.867941 0.747800
vt 0.514706 0.954063
vt 0.518040 0.957491
vt 0.514706 0.959753
vt 0.027270 0.921091
vt 0.869963 0.744850
vt 0.888001 0.858799
vt 0.822969 0.742659
vt 0.690909 0.960898
vt 0.032572 0.926614
vt 0.672627 0.917082
vt 0.885859 0.864117
vt 0.929054 0.738128
vt 0.697203 0.960708
vt 0.920849 0.736080
vt 0.502206 0.985908
vt 0.502215 0.983407
vt 0.502800 0.984653
vt 0.699925 0.966520
vt 0.886353 0.861993
vt 0.820987 0.730953
vt 0.488913 0.962567
vt 0.489481 0.964276
vt 0.488231 0.963874
vt 0.826545 0.747715
vt 0.823533 0.741030
vt 0.669438 0.885530
vt 0.671917 0.890919
vt 0.665948 0.890856
vt 0.535107 0.286232
vt 0.306015 0.934261
vt 0.948594 0.785222
vt 0.948594 0.793863
vt 0.945606 0.785136
vt 0.099153 0.985782
vt 0.879166 0.750077
vt 0.341205 0.822540
vt 0.341484 0.818344
vt 0.341484 0.823263
vt 0.530289 0.288787
vt 0.502967 0.982589
vt 0.033205 0.924845
vt 0.484332 0.869686
vt 0.946527 0.791296
vt 0.410349 0.906951
vt 0.411103 0.900691
vt 0.444047 0.953829
vt 0.443657 0.947281
vt 0.883691 0.860654
vt 0.539763 0.947271
vt 0.540992 0.948584
vt 0.541292 0.953623
vt 0.625548 0.905830
vt 0.625043 0.902411
vt 0.549065 0.803883
vt 0.488231 0.968576
vt 0.891774 0.859478
vt 0.575854 0.961474
vt 0.892883 0.857514
vt 0.509702 0.977622
vt 0.921029 0.738391
vt 0.884712 0.859446
vt 0.453944 0.949167
vt 0.816813 0.740009
vt 0.920174 0.736824
vt 0.574783 0.962458
vt 0.477500 0.870478
vt 0.484671 0.866133
vt 0.190190 0.964286
vt 0.191508 0.964629
vt 0.191030 0.968027
vt 0.583491 0.951628
vt 0.488950 0.967583
vt 0.832387 0.731243
vt 0.920430 0.739636
vt 0.541292 0.947105
vt 0.671224 0.895808
vt 0.664311 0.897708
vt 0.503516 0.980287
vt 0.334894 0.860542
vt 0.490546 0.220580
vt 0.539997 0.945061
vt 0.553219 0.801182
vt 0.450693 0.946512
vt 0.543860 0.803053
vt 0.032606 0.921842
vt 0.503512 0.977857
vt 0.510033 0.187693
vt 0.191508 0.962973
vt 0.574985 0.959664
vt 0.874354 0.741415
vt 0.686995 0.947972
vt 0.689186 0.948100
vt 0.692107 0.949434
vt 0.824235 0.739992
vt 0.870848 0.738244
vt 0.033290 0.920886
vt 0.478641 0.867963
vt 0.480104 0.867623
vt 0.924719 0.747908
vt 0.032482 0.913712
vt 0.502833 0.981542
vt 0.503075 0.978939
vt 0.881488 0.854671
vt 0.877464 0.846939
vt 0.026237 0.913710
vt 0.530249 0.236830
vt 0.921208 0.749716
vt 0.512433 0.980434
vt 0.930501 0.743705
vt 0.920805 0.743456
vt 0.920194 0.740874
vt 0.883266 0.856147
vt 0.032833 0.918934
vt 0.815406 0.945259
vt 0.814653 0.943481
vt 0.828759 0.737198
vt 0.513190 0.984423
vt 0.824319 0.736477
vt 0.508143 0.248443
vt 0.538013 0.958956
vt 0.534284 0.953650
vt 0.539732 0.954754
vt 0.032239 0.916833
vt 0.926493 0.345211
vt 0.926493 0.349768
vt 0.922435 0.347424
vt 0.502648 0.976779
vt 0.899002 0.349254
vt 0.896043 0.342611
vt 0.519791 0.963115
vt 0.520515 0.961508
vt 0.520515 0.965045
vt 0.863172 0.728835
vt 0.436988 0.846673
vt 0.436988 0.833289
vt 0.437800 0.840660
vt 0.479943 0.865391
vt 0.885279 0.852324
vt 0.624986 0.890157
vt 0.624986 0.883673
vt 0.625599 0.883960
vt 0.506241 0.975593
vt 0.667386 0.898746
vt 0.699525 0.949427
vt 0.700806 0.955274
vt 0.880724 0.852105
vt 0.920069 0.742114
vt 0.919352 0.743211
vt 0.445438 0.942764
vt 0.919771 0.745411
vt 0.815234 0.947485
vt 0.866048 0.731100
vt 0.696314 0.949247
vt 0.334088 0.619393
vt 0.333788 0.616264
vt 0.334088 0.609756
vt 0.574797 0.956117
vt 0.577169 0.948495
vt 0.870715 0.733032
vt 0.881570 0.853532
vt 0.918675 0.746607
vt 0.824062 0.730202
vt 0.502825 0.976347
vt 0.503697 0.973144
vt 0.668966 0.942618
vt 0.668065 0.946642
vt 0.671917 0.898844
vt 0.875575 0.737184
vt 0.823965 0.736497
vt 0.824378 0.737766
vt 0.895886 0.859421
vt 0.895224 0.855355
vt 0.896289 0.856584
vt 0.880479 0.845572
vt 0.534956 0.949609
vt 0.502656 0.974506
vt 0.502362 0.972667
vt 0.487656 0.863022
vt 0.886460 0.845721
vt 0.897724 0.851653
vt 0.921124 0.933598
vt 0.920168 0.930997
vt 0.922883 0.924960
vt 0.547977 0.797345
vt 0.550013 0.798589
vt 0.694283 0.940692
vt 0.538265 0.949542
vt 0.853940 0.350319
vt 0.854777 0.348631
vt 0.481060 0.860189
vt 0.484257 0.855100
vt 0.503566 0.971579
vt 0.440885 0.942637
vt 0.441065 0.937653
vt 0.501967 0.969407
vt 0.580020 0.946244
vt 0.546316 0.795684
vt 0.811659 0.965108
vt 0.811659 0.968429
vt 0.810523 0.967211
vt 0.824745 0.734165
vt 0.512844 0.972953
vt 0.486634 0.870365
vt 0.032359 0.908628
vt 0.879482 0.848618
vt 0.480712 0.854067
vt 0.481424 0.853003
vt 0.918356 0.750083
vt 0.894290 0.852936
vt 0.895657 0.853921
vt 0.824494 0.733500
vt 0.828615 0.725331
vt 0.482126 0.857571
vt 0.514706 0.976006
vt 0.143272 0.917827
vt 0.144565 0.921235
vt 0.143272 0.927651
vt 0.666442 0.903641
vt 0.923939 0.752991
vt 0.341429 0.733865
vt 0.340927 0.731039
vt 0.341429 0.727272
vt 0.881478 0.842805
vt 0.893971 0.850488
vt 0.503742 0.968704
vt 0.502547 0.967921
vt 0.687500 0.940167
vt 0.689476 0.940840
vt 0.919182 0.929802
vt 0.918322 0.927131
vt 0.864064 0.727209
vt 0.487780 0.851156
vt 0.450759 0.937728
vt 0.391449 0.966499
vt 0.389743 0.966499
vt 0.390729 0.960803
vt 0.444621 0.937413
vt 0.826488 0.728393
vt 0.480853 0.850383
vt 0.544272 0.794385
vt 0.531404 0.954518
vt 0.530050 0.946810
vt 0.965573 0.785614
vt 0.966971 0.787147
vt 0.965573 0.791437
vt 0.510790 0.967372
vt 0.033256 0.905645
vt 0.508557 0.972628
vt 0.528680 0.948690
vt 0.028140 0.908111
vt 0.916295 0.752264
vt 0.688328 0.934208
vt 0.885924 0.837441
vt 0.489691 0.857378
vt 0.583685 0.946146
vt 0.860311 0.723338
vt 0.340965 0.659595
vt 0.341452 0.651645
vt 0.341452 0.662431
vt 0.878574 0.844385
vt 0.833246 0.724882
vt 0.833653 0.728762
vt 0.541302 0.789850
vt 0.447757 0.928931
vt 0.736391 0.956669
vt 0.735199 0.957142
vt 0.735199 0.951759
vt 0.761347 0.349623
vt 0.755586 0.347074
vt 0.761177 0.344321
vt 0.501543 0.966329
vt 0.758820 0.341788
vt 0.452936 0.938718
vt 0.451543 0.932602
vt 0.453222 0.935185
vt 0.033311 0.903379
vt 0.502726 0.965666
vt 0.453897 0.936933
vt 0.892674 0.847804
vt 0.893376 0.846663
vt 0.535263 0.945626
vt 0.697492 0.938593
vt 0.918322 0.920053
vt 0.575854 0.937608
vt 0.868548 0.722494
vt 0.690109 0.931839
vt 0.501011 0.964362
vt 0.891627 0.841409
vt 0.335516 0.807263
vt 0.341295 0.796182
vt 0.755586 0.338371
vt 0.915627 0.754953
vt 0.915584 0.753908
vt 0.443244 0.932229
vt 0.892293 0.845032
vt 0.543266 0.792320
vt 0.815428 0.878547
vt 0.814695 0.883934
vt 0.814695 0.875084
vt 0.335203 0.804471
vt 0.485937 0.846825
vt 0.500865 0.963396
vt 0.825992 0.718666
vt 0.412723 0.931527
vt 0.410882 0.925431
vt 0.416385 0.921524
vt 0.877718 0.836023
vt 0.882401 0.836335
vt 0.693978 0.931782
vt 0.336915 0.932363
vt 0.334697 0.939590
vt 0.333958 0.936322
vt 0.921188 0.918010
vt 0.151227 0.970551
vt 0.157091 0.968323
vt 0.152638 0.979925
vt 0.341145 0.517241
vt 0.341462 0.507983
vt 0.341462 0.519533
vt 0.501626 0.962374
vt 0.581169 0.939020
vt 0.482403 0.838742
vt 0.481037 0.847851
vt 0.479958 0.843765
vt 0.893207 0.844020
vt 0.912390 0.763256
vt 0.863438 0.717462
vt 0.491320 0.855005
vt 0.829357 0.725527
vt 0.335403 0.801523
vt 0.822790 0.724882
vt 0.411435 0.923491
vt 0.500503 0.960445
vt 0.445267 0.926046
vt 0.525847 0.942673
vt 0.501449 0.959819
vt 0.490156 0.847585
vt 0.912702 0.759124
vt 0.451575 0.928447
vt 0.890960 0.839035
vt 0.858721 0.715785
vt 0.332793 0.933262
vt 0.333263 0.932808
vt 0.848039 0.868220
vt 0.848846 0.864161
vt 0.848846 0.873994
vt 0.144607 0.977218
vt 0.148713 0.962135
vt 0.913731 0.757098
vt 0.499671 0.957905
vt 0.501163 0.957381
vt 0.452516 0.927415
vt 0.336101 0.799153
vt 0.146471 0.957731
vt 0.918576 0.760494
vt 0.486953 0.842167
vt 0.156432 0.975391
vt 0.531181 0.939863
vt 0.527667 0.936249
vt 0.880395 0.834838
vt 0.410882 0.918780
vt 0.890217 0.836197
vt 0.500100 0.956380
vt 0.866483 0.719626
vt 0.833173 0.721000
vt 0.478674 0.833218
vt 0.411837 0.959921
vt 0.410401 0.955947
vt 0.898386 0.955255
vt 0.907383 0.949644
vt 0.901612 0.957629
vt 0.911113 0.760075
vt 0.906419 0.953402
vt 0.867621 0.720733
vt 0.413285 0.917674
vt 0.153908 0.961111
vt 0.862006 0.714582
vt 0.337322 0.928517
vt 0.500786 0.956275
vt 0.340302 0.929452
vt 0.940097 0.342392
vt 0.938933 0.341294
vt 0.940097 0.337370
vt 0.341306 0.743451
vt 0.341306 0.739774
vt 0.341486 0.741647
vt 0.831488 0.711178
vt 0.331365 0.930019
vt 0.336129 0.796829
vt 0.335199 0.654789
vt 0.333734 0.654774
vt 0.335199 0.651818
vt 0.689032 0.925444
vt 0.691847 0.924197
vt 0.909789 0.761700
vt 0.901788 0.948828
vt 0.909072 0.943823
vt 0.335967 0.795807
vt 0.441864 0.925093
vt 0.577059 0.934196
vt 0.487569 0.839058
vt 0.572337 0.934137
vt 0.451200 0.925166
vt 0.749706 0.340483
vt 0.748625 0.338980
vt 0.749706 0.337350
vt 0.909090 0.763135
vt 0.864042 0.716030
vt 0.865021 0.718576
vt 0.410361 0.920470
vt 0.410869 0.918953
vt 0.410869 0.922510
vt 0.482095 0.832572
vt 0.891201 0.837211
vt 0.695202 0.922342
vt 0.855095 0.717398
vt 0.485421 0.832253
vt 0.877206 0.829302
vt 0.534213 0.938619
vt 0.578445 0.926700
vt 0.907800 0.764042
vt 0.862510 0.714322
vt 0.152249 0.956976
vt 0.524585 0.936736
vt 0.331737 0.924571
vt 0.942817 0.873310
vt 0.945537 0.876183
vt 0.942817 0.877687
vt 0.334894 0.790800
vt 0.144106 0.856649
vt 0.144601 0.855290
vt 0.581172 0.931612
vt 0.698915 0.933399
vt 0.889901 0.834328
vt 0.334257 0.922562
vt 0.853026 0.710540
vt 0.341137 0.786552
vt 0.689157 0.919445
vt 0.189737 0.927804
vt 0.189253 0.925196
vt 0.191853 0.927708
vt 0.956342 0.873620
vt 0.956342 0.877676
vt 0.954468 0.874427
vt 0.196863 0.929678
vt 0.196863 0.922493
vt 0.448470 0.921071
vt 0.814673 0.907627
vt 0.815464 0.913125
vt 0.895115 0.967384
vt 0.893529 0.965694
vt 0.895115 0.964780
vt 0.861736 0.713091
vt 0.858346 0.708383
vt 0.480604 0.824499
vt 0.392585 0.710691
vt 0.402573 0.706610
vt 0.405454 0.711975
vt 0.330013 0.922592
vt 0.889017 0.832492
vt 0.149072 0.951783
vt 0.388985 0.703104
vt 0.879710 0.828845
vt 0.790234 0.338820
vt 0.790234 0.337317
vt 0.790863 0.338680
vt 0.340265 0.923818
vt 0.699904 0.926539
vt 0.409893 0.709189
vt 0.451659 0.921242
vt 0.374033 0.715181
vt 0.403658 0.719197
vt 0.333722 0.698033
vt 0.333722 0.689855
vt 0.334129 0.692954
vt 0.531393 0.932908
vt 0.893805 0.962862
vt 0.409081 0.720806
vt 0.476282 0.821536
vt 0.574166 0.926888
vt 0.399732 0.701355
vt 0.375771 0.709330
vt 0.522990 0.938913
vt 0.847943 0.930525
vt 0.848872 0.934955
vt 0.847943 0.936347
vt 0.659919 0.808363
vt 0.660377 0.806984
vt 0.445569 0.920328
vt 0.394130 0.730495
vt 0.393602 0.698551
vt 0.488948 0.847478
vt 0.490648 0.845654
vt 0.494819 0.846244
vt 0.827610 0.713054
vt 0.410516 0.703097
vt 0.146277 0.946721
vt 0.377129 0.723108
vt 0.888489 0.829328
vt 0.694595 0.917082
vt 0.792161 0.914898
vt 0.793273 0.916929
vt 0.792161 0.919948
vt 0.452956 0.920109
vt 0.758143 0.828235
vt 0.758701 0.820626
vt 0.761786 0.824619
vt 0.889381 0.830621
vt 0.763637 0.832032
vt 0.156948 0.959174
vt 0.375651 0.700951
vt 0.742165 0.349519
vt 0.744031 0.342259
vt 0.746359 0.349744
vt 0.525155 0.929395
vt 0.486184 0.829118
vt 0.922435 0.345211
vt 0.922435 0.337564
vt 0.924891 0.342995
vt 0.405148 0.734672
vt 0.406377 0.698871
vt 0.417281 0.726386
vt 0.417661 0.715752
vt 0.452174 0.918320
vt 0.440885 0.746497
vt 0.422056 0.745770
vt 0.433157 0.743651
vt 0.414800 0.710356
vt 0.490263 0.843696
vt 0.495106 0.840508
vt 0.363360 0.711352
vt 0.433204 0.750947
vt 0.424038 0.748522
vt 0.698268 0.922631
vt 0.699848 0.923320
vt 0.400110 0.737410
vt 0.699538 0.921560
vt 0.528584 0.931928
vt 0.835754 0.713847
vt 0.453110 0.916994
vt 0.857193 0.706576
vt 0.341453 0.530442
vt 0.341145 0.522912
vt 0.341453 0.519533
vt 0.903006 0.937889
vt 0.908573 0.932475
vt 0.698435 0.918545
vt 0.698640 0.920209
vt 0.411278 0.732645
vt 0.926539 0.338124
vt 0.759839 0.814452
vt 0.429851 0.751359
vt 0.419403 0.711295
vt 0.155281 0.951519
vt 0.446361 0.914791
vt 0.380175 0.740010
vt 0.470931 0.810878
vt 0.476306 0.817696
vt 0.913772 0.941446
vt 0.481997 0.822348
vt 0.762503 0.838194
vt 0.769749 0.838935
vt 0.491157 0.840745
vt 0.388763 0.696903
vt 0.491770 0.839352
vt 0.792270 0.913009
vt 0.363949 0.717821
vt 0.426318 0.753968
vt 0.575251 0.920568
vt 0.748721 0.343322
vt 0.961306 0.994085
vt 0.961840 0.991061
vt 0.967583 0.985564
vt 0.415769 0.704007
vt 0.910490 0.948863
vt 0.484493 0.819091
vt 0.765168 0.824692
vt 0.363087 0.706118
vt 0.878494 0.821142
vt 0.337802 0.920146
vt 0.192645 0.916816
vt 0.766469 0.842196
vt 0.442738 0.917132
vt 0.749620 0.347807
vt 0.749706 0.349744
vt 0.449795 0.914534
vt 0.847909 0.961419
vt 0.848754 0.964751
vt 0.847909 0.965528
vt 0.452932 0.915877
vt 0.903067 0.936754
vt 0.904804 0.934548
vt 0.854473 0.704936
vt 0.856014 0.704868
vt 0.522297 0.928654
vt 0.836668 0.711711
vt 0.490938 0.837700
vt 0.490732 0.835801
vt 0.340526 0.916055
vt 0.412355 0.738742
vt 0.400999 0.747890
vt 0.578554 0.914274
vt 0.371409 0.752124
vt 0.364060 0.756258
vt 0.364696 0.750742
vt 0.370591 0.755421
vt 0.194229 0.914424
vt 0.359407 0.753465
vt 0.159219 0.956723
vt 0.370750 0.760200
vt 0.149647 0.946890
vt 0.424296 0.725686
vt 0.755992 0.803423
vt 0.763477 0.802069
vt 0.424418 0.755159
vt 0.496428 0.846435
vt 0.497535 0.841625
vt 0.358945 0.718961
vt 0.880552 0.823061
vt 0.366249 0.761496
vt 0.490464 0.834631
vt 0.492243 0.833534
vt 0.490046 0.832138
vt 0.417860 0.752196
vt 0.376102 0.749526
vt 0.360239 0.758575
vt 0.748060 0.340483
vt 0.903006 0.934526
vt 0.765639 0.810884
vt 0.889006 0.824296
vt 0.388488 0.754226
vt 0.356373 0.749852
vt 0.145810 0.941195
vt 0.848887 0.696129
vt 0.473941 0.807860
vt 0.453303 0.913980
vt 0.371970 0.737189
vt 0.417692 0.749414
vt 0.840398 0.347986
vt 0.840579 0.342976
vt 0.844546 0.345208
vt 0.411279 0.750901
vt 0.497246 0.831188
vt 0.488019 0.827759
vt 0.489699 0.828659
vt 0.417644 0.736782
vt 0.150653 0.940135
vt 0.354225 0.713227
vt 0.359103 0.925810
vt 0.362551 0.922125
vt 0.364459 0.935085
vt 0.753521 0.792652
vt 0.761102 0.780737
vt 0.854607 0.702488
vt 0.355828 0.756851
vt 0.527494 0.923138
vt 0.380482 0.747208
vt 0.404016 0.751673
vt 0.448476 0.909496
vt 0.490585 0.830844
vt 0.573461 0.913675
vt 0.366745 0.928327
vt 0.358930 0.762894
vt 0.486662 0.825091
vt 0.489582 0.827019
vt 0.368038 0.937303
vt 0.366926 0.933706
vt 0.844590 0.338573
vt 0.385471 0.962799
vt 0.385950 0.959048
vt 0.359041 0.916497
vt 0.144163 0.849581
vt 0.144163 0.843113
vt 0.144607 0.844459
vt 0.787694 0.958501
vt 0.787694 0.949894
vt 0.790264 0.953776
vt 0.903347 0.933530
vt 0.541302 0.782960
vt 0.551583 0.782716
vt 0.544756 0.785188
vt 0.773448 0.845750
vt 0.382089 0.767477
vt 0.768423 0.820470
vt 0.374167 0.767412
vt 0.774721 0.851123
vt 0.765788 0.848481
vt 0.422371 0.755467
vt 0.341492 0.704296
vt 0.570498 0.917233
vt 0.911368 0.931495
vt 0.542702 0.781300
vt 0.548506 0.779165
vt 0.771018 0.835625
vt 0.494540 0.824560
vt 0.365319 0.732216
vt 0.481786 0.813472
vt 0.349078 0.754164
vt 0.369217 0.768687
vt 0.362578 0.911791
vt 0.963073 0.983245
vt 0.338232 0.913447
vt 0.158856 0.950000
vt 0.414651 0.747363
vt 0.366382 0.925940
vt 0.455114 0.909602
vt 0.454113 0.913133
vt 0.962415 0.985670
vt 0.903236 0.929283
vt 0.904888 0.930946
vt 0.425821 0.715760
vt 0.583949 0.923632
vt 0.582741 0.925725
vt 0.583952 0.922072
vt 0.426088 0.710282
vt 0.376466 0.747892
vt 0.153462 0.939810
vt 0.771494 0.814712
vt 0.486771 0.823577
vt 0.353055 0.717146
vt 0.840398 0.337403
vt 0.499265 0.835633
vt 0.582857 0.919754
vt 0.490189 0.821815
vt 0.346127 0.749586
vt 0.364824 0.922217
vt 0.888796 0.820596
vt 0.353855 0.761287
vt 0.487073 0.822364
vt 0.839601 0.706646
vt 0.366642 0.774375
vt 0.413816 0.755774
vt 0.485791 0.819708
vt 0.667348 0.905409
vt 0.670581 0.912325
vt 0.962456 0.982528
vt 0.334018 0.914695
vt 0.409108 0.753548
vt 0.904333 0.928217
vt 0.471258 0.802400
vt 0.417548 0.746365
vt 0.664311 0.903641
vt 0.389936 0.766841
vt 0.358876 0.726812
vt 0.423797 0.733701
vt 0.779890 0.846937
vt 0.384654 0.956808
vt 0.366526 0.921937
vt 0.331566 0.915477
vt 0.455945 0.906578
vt 0.360760 0.771619
vt 0.581789 0.915831
vt 0.146859 0.934998
vt 0.672625 0.871313
vt 0.671946 0.869898
vt 0.672625 0.861669
vt 0.484897 0.817539
vt 0.468307 0.802335
vt 0.774256 0.827520
vt 0.832865 0.704996
vt 0.483207 0.815511
vt 0.479245 0.809028
vt 0.764915 0.786570
vt 0.902783 0.925461
vt 0.386266 0.955645
vt 0.779294 0.836762
vt 0.371477 0.747794
vt 0.366153 0.743209
vt 0.376166 0.772393
vt 0.361596 0.903891
vt 0.156327 0.940374
vt 0.965299 0.977335
vt 0.888505 0.813633
vt 0.348268 0.720050
vt 0.582542 0.917760
vt 0.880453 0.796811
vt 0.881228 0.794427
vt 0.887042 0.785858
vt 0.421333 0.756108
vt 0.417843 0.758944
vt 0.481634 0.808268
vt 0.770954 0.807536
vt 0.881342 0.792505
vt 0.368885 0.748657
vt 0.525082 0.922202
vt 0.662084 0.824970
vt 0.661260 0.826766
vt 0.349259 0.759477
vt 0.884997 0.812345
vt 0.148843 0.931609
vt 0.907169 0.919968
vt 0.962120 0.979701
vt 0.340887 0.754285
vt 0.336616 0.748839
vt 0.341273 0.748277
vt 0.662791 0.864941
vt 0.662478 0.866916
vt 0.367557 0.920585
vt 0.365453 0.904054
vt 0.473128 0.802648
vt 0.401170 0.760043
vt 0.366275 0.919743
vt 0.054825 0.781001
vt 0.048831 0.785343
vt 0.048447 0.779508
vt 0.340901 0.707185
vt 0.335004 0.714260
vt 0.336466 0.710925
vt 0.521224 0.922520
vt 0.336180 0.756509
vt 0.775429 0.813087
vt 0.660377 0.824113
vt 0.663323 0.819759
vt 0.482265 0.812816
vt 0.837588 0.350217
vt 0.836660 0.349546
vt 0.837588 0.347986
vt 0.366127 0.917734
vt 0.972871 0.974106
vt 0.969899 0.982380
vt 0.968606 0.973763
vt 0.572271 0.908721
vt 0.881875 0.787785
vt 0.406816 0.761797
vt 0.067854 0.792104
vt 0.065628 0.795865
vt 0.060972 0.789847
vt 0.888963 0.817443
vt 0.551745 0.777957
vt 0.559343 0.777328
vt 0.479793 0.808732
vt 0.775382 0.785789
vt 0.490279 0.814165
vt 0.542749 0.726221
vt 0.550835 0.735182
vt 0.546480 0.733186
vt 0.144607 0.930846
vt 0.148856 0.926711
vt 0.366829 0.902863
vt 0.340267 0.700496
vt 0.550176 0.777803
vt 0.551182 0.776213
vt 0.391584 0.770080
vt 0.495580 0.821043
vt 0.364496 0.900859
vt 0.439598 0.968089
vt 0.439598 0.964423
vt 0.440866 0.966843
vt 0.336105 0.908671
vt 0.671501 0.956709
vt 0.672579 0.954767
vt 0.672579 0.958648
vt 0.483797 0.807604
vt 0.475961 0.803257
vt 0.915546 0.935425
vt 0.887591 0.778808
vt 0.579872 0.902460
vt 0.478687 0.807298
vt 0.338058 0.559653
vt 0.338572 0.545357
vt 0.341339 0.559653
vt 0.340955 0.590249
vt 0.341383 0.597507
vt 0.340955 0.604809
vt 0.382136 0.776436
vt 0.533382 0.884763
vt 0.532264 0.881492
vt 0.582764 0.914493
vt 0.541302 0.715514
vt 0.545829 0.714167
vt 0.490057 0.898516
vt 0.490057 0.903615
vt 0.489397 0.902273
vt 0.881704 0.783402
vt 0.337059 0.745611
vt 0.341470 0.727272
vt 0.340927 0.723423
vt 0.903126 0.921811
vt 0.938981 0.959800
vt 0.940866 0.963043
vt 0.938981 0.965984
vt 0.894758 0.778115
vt 0.888628 0.777264
vt 0.887671 0.776635
vt 0.551368 0.723478
vt 0.458535 0.903820
vt 0.456295 0.900511
vt 0.552746 0.775129
vt 0.151477 0.931046
vt 0.144951 0.922534
vt 0.477231 0.803479
vt 0.056997 0.794006
vt 0.367334 0.916572
vt 0.339850 0.903835
vt 0.541966 0.708921
vt 0.477142 0.802210
vt 0.052207 0.790767
vt 0.581947 0.912616
vt 0.778444 0.819050
vt 0.338601 0.697266
vt 0.000000 0.986008
vt 0.003427 0.982500
vt 0.001784 0.985242
vt 0.334097 0.747616
vt 0.882145 0.777313
vt 0.475478 0.801416
vt 0.341179 0.983624
vt 0.336526 0.978631
vt 0.338444 0.974077
vt 0.880453 0.775453
vt 0.524224 0.917312
vt 0.889825 0.816196
vt 0.963389 0.976022
vt 0.333116 0.978528
vt 0.334640 0.972446
vt 0.836660 0.349071
vt 0.835744 0.350274
vt 0.000000 0.972248
vt 0.913685 0.925933
vt 0.341014 0.916372
vt 0.340532 0.910025
vt 0.341492 0.914472
vt 0.891158 0.779376
vt 0.889881 0.780686
vt 0.888785 0.787738
vt 0.881338 0.781593
vt 0.773003 0.762753
vt 0.961727 0.346357
vt 0.961727 0.350397
vt 0.960316 0.347300
vt 0.782578 0.853583
vt 0.333998 0.754036
vt 0.548347 0.707397
vt 0.490951 0.811834
vt 0.808402 0.947397
vt 0.809709 0.948405
vt 0.808402 0.950181
vt 0.902360 0.919656
vt 0.901486 0.915619
vt 0.902712 0.917210
vt 0.840881 0.699539
vt 0.038992 0.778869
vt 0.041592 0.790628
vt 0.333527 0.905422
vt 0.555763 0.771389
vt 0.554626 0.773174
vt 0.065486 0.799806
vt 0.063901 0.801005
vt 0.335264 0.709480
vt 0.776278 0.801018
vt 0.359026 0.922279
vt 0.358507 0.920894
vt 0.042344 0.773276
vt 0.031461 0.777071
vt 0.041037 0.769401
vt 0.004262 0.981629
vt 0.530800 0.879058
vt 0.581210 0.907470
vt 0.621133 0.959250
vt 0.618374 0.961306
vt 0.619105 0.956725
vt 0.881053 0.778210
vt 0.366887 0.963991
vt 0.365612 0.968357
vt 0.365612 0.963179
vt 0.478038 0.800448
vt 0.479705 0.800380
vt 0.479284 0.801364
vt 0.481798 0.800578
vt 0.476558 0.801900
vt 0.880855 0.776734
vt 0.335004 0.702669
vt 0.147862 0.921235
vt 0.846324 0.701440
vt 0.337233 0.741204
vt 0.362018 0.779877
vt 0.154424 0.932804
vt 0.366753 0.896214
vt 0.077196 0.811495
vt 0.075932 0.813216
vt 0.070033 0.810367
vt 0.582565 0.911225
vt 0.783490 0.811279
vt 0.619383 0.967266
vt 0.618376 0.962308
vt 0.808740 0.946426
vt 0.527941 0.914239
vt 0.337112 0.692811
vt 0.902782 0.915621
vt 0.889883 0.813829
vt 0.400938 0.772751
vt 0.910557 0.920513
vt 0.338388 0.689063
vt 0.333998 0.741060
vt 0.340679 0.743821
vt 0.485838 0.803117
vt 0.672576 0.940008
vt 0.671501 0.935926
vt 0.672576 0.929687
vt 0.375466 0.785469
vt 0.901730 0.913990
vt 0.883435 0.809914
vt 0.769302 0.778182
vt 0.786950 0.834189
vt 0.787332 0.838844
vt 0.357321 0.769145
vt 0.353627 0.773672
vt 0.786102 0.844376
vt 0.809683 0.944631
vt 0.331540 0.970873
vt 0.330013 0.965658
vt 0.003602 0.965464
vt 0.371072 0.783681
vt 0.808650 0.943247
vt 0.573518 0.903995
vt 0.484266 0.798313
vt 0.783984 0.849798
vt 0.552864 0.717215
vt 0.668065 0.958469
vt 0.667426 0.957125
vt 0.903427 0.909241
vt 0.536416 0.960349
vt 0.536039 0.966020
vt 0.536039 0.958956
vt 0.541246 0.934655
vt 0.539850 0.924921
vt 0.916721 0.927350
vt 0.330013 0.903149
vt 0.489262 0.804944
vt 0.007553 0.978405
vt 0.007715 0.979096
vt 0.006445 0.980084
vt 0.821603 0.350404
vt 0.821603 0.346678
vt 0.823593 0.347183
vt 0.963081 0.972624
vt 0.889988 0.811500
vt 0.010596 0.978106
vt 0.074102 0.819626
vt 0.483658 0.799907
vt 0.562773 0.777383
vt 0.334868 0.740292
vt 0.339105 0.966334
vt 0.009613 0.979550
vt 0.735199 0.942933
vt 0.736374 0.944121
vt 0.968687 0.967424
vt 0.035191 0.781727
vt 0.248247 0.858252
vt 0.250302 0.874021
vt 0.368038 0.894080
vt 0.779919 0.806738
vt 0.558724 0.770701
vt 0.782995 0.337833
vt 0.784122 0.337917
vt 0.782995 0.339992
vt 0.335257 0.698892
vt 0.335639 0.684296
vt 0.337854 0.900973
vt 0.336244 0.683022
vt 0.860929 0.350294
vt 0.860463 0.348392
vt 0.281880 0.967906
vt 0.281880 0.964137
vt 0.282373 0.966007
vt 0.537776 0.961431
vt 0.665662 0.955301
vt 0.529776 0.875486
vt 0.330947 0.958659
vt 0.335133 0.957902
vt 0.788042 0.967963
vt 0.788042 0.964530
vt 0.789339 0.965075
vt 0.041762 0.796532
vt 0.665296 0.953009
vt 0.002062 0.964294
vt 0.339625 0.965082
vt 0.381994 0.786580
vt 0.522940 0.909998
vt 0.062999 0.818791
vt 0.566373 0.770277
vt 0.065503 0.808315
vt 0.961955 0.974006
vt 0.023133 0.770429
vt 0.848887 0.698687
vt 0.336283 0.944252
vt 0.338503 0.947983
vt 0.339916 0.966828
vt 0.338918 0.963435
vt 0.520521 0.914872
vt 0.486323 0.798088
vt 0.965936 0.965392
vt 0.911244 0.916205
vt 0.337870 0.960442
vt 0.890924 0.809160
vt 0.580867 0.904652
vt 0.354905 0.778815
vt 0.527156 0.908637
vt 0.489397 0.905206
vt 0.490098 0.903615
vt 0.490098 0.908294
vt 0.961963 0.971501
vt 0.528442 0.873989
vt 0.914429 0.920847
vt 0.809106 0.961630
vt 0.808402 0.958466
vt 0.809757 0.960045
vt 0.845892 0.696129
vt 0.359992 0.783582
vt 0.553103 0.733856
vt 0.554417 0.732810
vt 0.556887 0.734440
vt 0.283241 0.965188
vt 0.770981 0.758567
vt 0.365554 0.785495
vt 0.474670 0.978760
vt 0.468307 0.986316
vt 0.471077 0.971762
vt 0.809509 0.963509
vt 0.809757 0.957490
vt 0.338012 0.955424
vt 0.337987 0.957587
vt 0.582332 0.907536
vt 0.582370 0.905218
vt 0.341179 0.939590
vt 0.340669 0.942279
vt 0.193222 0.969081
vt 0.192179 0.968410
vt 0.193222 0.966408
vt 0.003209 0.964069
vt 0.791711 0.825803
vt 0.429710 0.984171
vt 0.430900 0.982542
vt 0.431441 0.990038
vt 0.429465 0.983337
vt 0.429954 0.980444
vt 0.848872 0.938367
vt 0.848139 0.942327
vt 0.848139 0.936347
vt 0.581475 0.902903
vt 0.488231 0.987131
vt 0.479220 0.980092
vt 0.477425 0.971618
vt 0.766344 0.757517
vt 0.962454 0.970654
vt 0.337737 0.953353
vt 0.907875 0.912495
vt 0.391839 0.785411
vt 0.558075 0.734233
vt 0.481520 0.952599
vt 0.477463 0.959214
vt 0.476998 0.952771
vt 0.973697 0.969411
vt 0.972459 0.963982
vt 0.358478 0.959891
vt 0.359532 0.963715
vt 0.358478 0.966337
vt 0.577846 0.898341
vt 0.483435 0.952447
vt 0.483811 0.954318
vt 0.038983 0.794722
vt 0.428262 0.986976
vt 0.790863 0.835400
vt 0.556650 0.712765
vt 0.559007 0.730362
vt 0.053447 0.811512
vt 0.005898 0.761271
vt 0.002154 0.759718
vt 0.003139 0.758195
vt 0.003258 0.761425
vt 0.914532 0.337564
vt 0.914706 0.338628
vt 0.913304 0.338920
vt 0.430935 0.977993
vt 0.440885 0.885478
vt 0.439701 0.887225
vt 0.437210 0.882396
vt 0.904838 0.907232
vt 0.948380 0.345701
vt 0.949936 0.345952
vt 0.947625 0.347644
vt 0.892626 0.349254
vt 0.892626 0.339032
vt 0.896043 0.344073
vt 0.781593 0.798274
vt 0.597385 0.988737
vt 0.590618 0.999779
vt 0.589506 0.994577
vt 0.474159 0.954248
vt 0.064088 0.805454
vt 0.374184 0.788934
vt 0.429264 0.965207
vt 0.432136 0.973179
vt 0.430280 0.971273
vt 0.593632 0.977830
vt 0.192464 0.964261
vt 0.548689 0.702398
vt 0.555138 0.702254
vt 0.468307 0.971297
vt 0.892626 0.349123
vt 0.889126 0.344856
vt 0.434097 0.980105
vt 0.573902 0.897708
vt 0.883631 0.806764
vt 0.076273 0.823828
vt 0.071807 0.828760
vt 0.356185 0.784625
vt 0.481943 0.958794
vt 0.006189 0.766163
vt 0.792610 0.844315
vt 0.006898 0.764316
vt 0.076929 0.829343
vt 0.428262 0.962937
vt 0.429273 0.962411
vt 0.431364 0.976091
vt 0.341171 0.543104
vt 0.341466 0.545100
vt 0.624996 0.919563
vt 0.624996 0.915693
vt 0.625556 0.918960
vt 0.949936 0.350180
vt 0.437210 0.889322
vt 0.918322 0.922669
vt 0.140352 0.936970
vt 0.144257 0.944718
vt 0.140352 0.949400
vt 0.776805 0.762862
vt 0.479208 0.963711
vt 0.436776 0.983331
vt 0.470217 0.960759
vt 0.472167 0.963956
vt 0.774994 0.753472
vt 0.888664 0.803862
vt 0.579933 0.900225
vt 0.531255 0.909338
vt 0.532226 0.902233
vt 0.558664 0.768983
vt 0.563147 0.762439
vt 0.561398 0.765494
vt 0.066891 0.827654
vt 0.432805 0.961963
vt 0.961705 0.966157
vt 0.524516 0.905772
vt 0.407399 0.768698
vt 0.407083 0.774258
vt 0.016354 0.775118
vt 0.264188 0.887880
vt 0.266364 0.885085
vt 0.268984 0.886944
vt 0.913304 0.348971
vt 0.001254 0.763464
vt 0.470213 0.957016
vt 0.472394 0.954077
vt 0.335491 0.895948
vt 0.915675 0.915091
vt 0.331933 0.898638
vt 0.003961 0.766786
vt 0.564001 0.763225
vt 0.908939 0.908976
vt 0.560245 0.767982
vt 0.483338 0.971772
vt 0.962794 0.967183
vt 0.563228 0.727188
vt 0.481253 0.962068
vt 0.893519 0.804482
vt 0.902782 0.899738
vt 0.054460 0.816668
vt 0.563398 0.770229
vt 0.566287 0.768372
vt 0.579487 0.764808
vt 0.025818 0.785568
vt 0.009197 0.775257
vt 0.559743 0.730576
vt 0.370957 0.800712
vt 0.767212 0.745041
vt 0.771697 0.747687
vt 0.769546 0.749234
vt 0.560609 0.707323
vt 0.963869 0.953773
vt 0.527858 0.899592
vt 0.916288 0.340512
vt 0.436524 0.966490
vt 0.795026 0.834016
vt 0.007285 0.769337
vt 0.906182 0.899737
vt 0.520627 0.904622
vt 0.439569 0.927262
vt 0.440823 0.925932
vt 0.440823 0.929924
vt 0.912734 0.907969
vt 0.588268 0.985723
vt 0.789666 0.795098
vt 0.337070 0.892211
vt 0.339932 0.896008
vt 0.340532 0.924691
vt 0.341466 0.927342
vt 0.036052 0.804007
vt 0.569909 0.760970
vt 0.848803 0.897972
vt 0.848803 0.909008
vt 0.847905 0.902054
vt 0.779153 0.773862
vt 0.437730 0.973376
vt 0.431887 0.961486
vt 0.437628 0.960844
vt 0.563748 0.761058
vt 0.009681 0.770373
vt 0.005069 0.770173
vt 0.532904 0.901035
vt 0.962205 0.964651
vt 0.968647 0.958252
vt 0.585327 0.987890
vt 0.029860 0.793495
vt 0.568423 0.766918
vt 0.781882 0.782743
vt 0.522984 0.901668
vt 0.393706 0.790205
vt 0.899006 0.890866
vt 0.901509 0.891351
vt 0.576656 0.893730
vt 0.268439 0.893557
vt 0.402279 0.779366
vt 0.330770 0.890821
vt 0.592109 0.974449
vt 0.364205 0.798399
vt 0.462994 0.940814
vt 0.460184 0.935589
vt 0.464661 0.938694
vt 0.194546 0.968370
vt 0.193380 0.966867
vt 0.194546 0.964429
vt 0.483063 0.968629
vt 0.267402 0.898151
vt 0.275893 0.890191
vt 0.273962 0.890993
vt 0.273381 0.887242
vt 0.339363 0.886454
vt 0.529971 0.894202
vt 0.533082 0.897750
vt 0.534284 0.896822
vt 0.354829 0.794041
vt 0.597385 0.956929
vt 0.796750 0.813752
vt 0.434696 0.889606
vt 0.439530 0.894226
vt 0.435689 0.898782
vt 0.594148 0.962081
vt 0.961792 0.962007
vt 0.439498 0.974801
vt 0.572793 0.770102
vt 0.970365 0.953550
vt 0.973471 0.959086
vt 0.557153 0.696903
vt 0.564653 0.700293
vt 0.379000 0.798517
vt 0.911079 0.901313
vt 0.800048 0.841299
vt 0.966389 0.957239
vt 0.439452 0.961339
vt 0.566042 0.756524
vt 0.846077 0.349156
vt 0.845331 0.350200
vt 0.264073 0.902064
vt 0.260964 0.916490
vt 0.260380 0.910826
vt 0.386441 0.794940
vt 0.566082 0.754885
vt 0.567051 0.753408
vt 0.278547 0.897130
vt 0.036130 0.811631
vt 0.534948 0.895988
vt 0.534428 0.893395
vt 0.595437 0.955904
vt 0.347058 0.791883
vt 0.962058 0.960481
vt 0.571533 0.763943
vt 0.535306 0.894421
vt 0.006913 0.775316
vt 0.526380 0.896428
vt 0.465360 0.933314
vt 0.057601 0.824657
vt 0.905448 0.891200
vt 0.786179 0.783761
vt 0.797800 0.820273
vt 0.460205 0.929864
vt 0.255226 0.920782
vt 0.584724 0.981119
vt 0.668339 0.958633
vt 0.669765 0.957943
vt 0.669765 0.959508
vt 0.434696 0.913154
vt 0.466952 0.929211
vt 0.468307 0.935166
vt 0.350658 0.780787
vt 0.341492 0.783654
vt 0.570625 0.752908
vt 0.642088 0.966873
vt 0.643372 0.966986
vt 0.642088 0.968510
vt 0.271620 0.898821
vt 0.573513 0.764583
vt 0.573846 0.711000
vt 0.566396 0.696955
vt 0.799044 0.827722
vt 0.334224 0.886785
vt 0.260553 0.924341
vt 0.250570 0.928864
vt 0.026313 0.793394
vt 0.669053 0.955714
vt 0.642650 0.963704
vt 0.571730 0.763015
vt 0.437509 0.956805
vt 0.439107 0.958079
vt 0.437509 0.960706
vt 0.583951 0.983191
vt 0.898386 0.881728
vt 0.902977 0.887729
vt 0.895649 0.796811
vt 0.536347 0.891330
vt 0.533973 0.888183
vt 0.277496 0.902595
vt 0.539773 0.942192
vt 0.540754 0.942185
vt 0.541042 0.945061
vt 0.573439 0.762864
vt 0.785882 0.779489
vt 0.896066 0.801160
vt 0.459451 0.918246
vt 0.461857 0.927946
vt 0.587067 0.972786
vt 0.590785 0.959207
vt 0.266711 0.906572
vt 0.462053 0.902732
vt 0.463982 0.907445
vt 0.459670 0.913271
vt 0.573264 0.767838
vt 0.590136 0.775696
vt 0.575626 0.773539
vt 0.570732 0.724234
vt 0.541108 0.940094
vt 0.961306 0.958350
vt 0.625594 0.870562
vt 0.625594 0.883673
vt 0.624406 0.880738
vt 0.803054 0.832592
vt 0.270029 0.900888
vt 0.055933 0.826982
vt 0.266063 0.921857
vt 0.534741 0.961055
vt 0.536039 0.965389
vt 0.534108 0.963994
vt 0.539763 0.938907
vt 0.281164 0.919109
vt 0.274634 0.907986
vt 0.466138 0.920799
vt 0.461389 0.914210
vt 0.782572 0.773827
vt 0.541005 0.937985
vt 0.462906 0.917898
vt 0.898386 0.798240
vt 0.461858 0.900511
vt 0.537810 0.888471
vt 0.569098 0.731551
vt 0.539763 0.934655
vt 0.539732 0.884971
vt 0.569205 0.746633
vt 0.569584 0.744253
vt 0.571292 0.741690
vt 0.337947 0.882138
vt 0.024244 0.790932
vt 0.541246 0.936038
vt 0.960505 0.959775
vt 0.961252 0.960489
vt 0.570037 0.742201
vt 0.975213 0.959705
vt 0.536039 0.958955
vt 0.583131 0.783747
vt 0.361056 0.800298
vt 0.574827 0.704650
vt 0.280051 0.928744
vt 0.193249 0.956884
vt 0.194581 0.954112
vt 0.193661 0.958000
vt 0.570265 0.739781
vt 0.721912 0.347667
vt 0.724124 0.347667
vt 0.722842 0.350334
vt 0.272708 0.924927
vt 0.468307 0.913783
vt 0.269618 0.925068
vt 0.739284 0.935947
vt 0.735199 0.927678
vt 0.050442 0.826839
vt 0.465954 0.909321
vt 0.583435 0.760043
vt 0.255837 0.929197
vt 0.262817 0.926165
vt 0.640544 0.966259
vt 0.641992 0.967817
vt 0.023504 0.797225
vt 0.576246 0.759776
vt 0.966971 0.951229
vt 0.051783 0.832202
vt 0.020561 0.789791
vt 0.143137 0.816919
vt 0.137694 0.822234
vt 0.137276 0.815010
vt 0.194098 0.952473
vt 0.018496 0.787348
vt 0.012349 0.783393
vt 0.012051 0.780963
vt 0.570838 0.733649
vt 0.070381 0.841877
vt 0.063220 0.840231
vt 0.065383 0.836643
vt 0.137061 0.941948
vt 0.136733 0.946620
vt 0.577377 0.757208
vt 0.918833 0.947208
vt 0.918322 0.942878
vt 0.922446 0.945035
vt 0.574286 0.734887
vt 0.672615 0.854954
vt 0.671948 0.861669
vt 0.671948 0.851836
vt 0.671972 0.783871
vt 0.672616 0.797103
vt 0.138389 0.826148
vt 0.130472 0.828262
vt 0.840243 0.896386
vt 0.843581 0.892373
vt 0.958318 0.349398
vt 0.956247 0.341556
vt 0.957654 0.339966
vt 0.010102 0.778815
vt 0.009171 0.779018
vt 0.007134 0.773950
vt 0.274595 0.926465
vt 0.575880 0.754333
vt 0.015908 0.787994
vt 0.133447 0.831294
vt 0.806072 0.783335
vt 0.574495 0.748552
vt 0.578195 0.762865
vt 0.194312 0.949059
vt 0.140013 0.806403
vt 0.143786 0.807046
vt 0.195427 0.949554
vt 0.027060 0.803900
vt 0.964475 0.948203
vt 0.798543 0.845898
vt 0.807346 0.844183
vt 0.574009 0.699001
vt 0.126387 0.843113
vt 0.117780 0.841040
vt 0.129897 0.837780
vt 0.038247 0.818620
vt 0.007836 0.780850
vt 0.330949 0.882567
vt 0.269081 0.925823
vt 0.392686 0.797092
vt 0.922446 0.933598
vt 0.793210 0.776952
vt 0.388907 0.800877
vt 0.052738 0.836372
vt 0.805263 0.820133
vt 0.193249 0.945769
vt 0.007032 0.782785
vt 0.879682 0.348146
vt 0.883815 0.340597
vt 0.729631 0.337305
vt 0.729027 0.347667
vt 0.721912 0.337305
vt 0.046218 0.826384
vt 0.580442 0.767238
vt 0.907533 0.348638
vt 0.904433 0.344362
vt 0.907533 0.337564
vt 0.812300 0.955620
vt 0.809760 0.943370
vt 0.575936 0.723336
vt 0.577110 0.740573
vt 0.761346 0.349623
vt 0.761347 0.341402
vt 0.144607 0.796483
vt 0.577002 0.714996
vt 0.040998 0.825307
vt 0.642363 0.877992
vt 0.652604 0.877509
vt 0.643087 0.883541
vt 0.662468 0.887699
vt 0.962680 0.796480
vt 0.963672 0.792412
vt 0.963862 0.794761
vt 0.336590 0.876451
vt 0.635637 0.881904
vt 0.811356 0.836481
vt 0.339523 0.874309
vt 0.659363 0.880635
vt 0.591878 0.786704
vt 0.579990 0.747286
vt 0.126692 0.834171
vt 0.579025 0.755282
vt 0.027432 0.811663
vt 0.195144 0.947119
vt 0.652653 0.862499
vt 0.646344 0.858491
vt 0.800577 0.777346
vt 0.331841 0.877289
vt 0.129599 0.820997
vt 0.655959 0.855154
vt 0.652332 0.851788
vt 0.584442 0.762411
vt 0.240342 0.985165
vt 0.247092 0.973206
vt 0.244569 0.984103
vt 0.581182 0.757453
vt 0.023570 0.809532
vt 0.020314 0.799587
vt 0.964920 0.792870
vt 0.658864 0.868547
vt 0.137130 0.808299
vt 0.141652 0.781997
vt 0.646159 0.849381
vt 0.656744 0.847925
vt 0.660642 0.855018
vt 0.889126 0.345927
vt 0.883815 0.341316
vt 0.889126 0.339032
vt 0.653777 0.844806
vt 0.640649 0.870883
vt 0.581373 0.754568
vt 0.123865 0.828129
vt 0.391961 0.936579
vt 0.393007 0.927925
vt 0.393007 0.936715
vt 0.642875 0.855416
vt 0.631934 0.877503
vt 0.042570 0.838323
vt 0.582200 0.765030
vt 0.000000 0.781918
vt 0.040465 0.834814
vt 0.808410 0.829582
vt 0.045842 0.830025
vt 0.193373 0.944067
vt 0.779718 0.733987
vt 0.776113 0.728205
vt 0.781153 0.729540
vt 0.736426 0.344248
vt 0.742165 0.337305
vt 0.742165 0.349744
vt 0.782985 0.771346
vt 0.789233 0.762001
vt 0.783658 0.760469
vt 0.781086 0.748404
vt 0.787111 0.749753
vt 0.240235 0.975037
vt 0.582025 0.737223
vt 0.962680 0.791608
vt 0.593224 0.760393
vt 0.581837 0.752581
vt 0.659519 0.838436
vt 0.048084 0.838941
vt 0.336482 0.872146
vt 0.735119 0.965092
vt 0.734084 0.969215
vt 0.734084 0.963715
vt 0.582499 0.745360
vt 0.298012 0.962587
vt 0.296810 0.963061
vt 0.296810 0.960581
vt 0.578546 0.700455
vt 0.630610 0.872476
vt 0.116150 0.837305
vt 0.030263 0.835738
vt 0.583418 0.752342
vt 0.339432 0.872605
vt 0.051449 0.841553
vt 0.131865 0.812855
vt 0.025812 0.816378
vt 0.654975 0.837318
vt 0.592329 0.769346
vt 0.133524 0.803564
vt 0.778768 0.716259
vt 0.652417 0.836177
vt 0.138296 0.922220
vt 0.137112 0.918549
vt 0.142811 0.918298
vt 0.587877 0.724462
vt 0.601978 0.783396
vt 0.595607 0.789850
vt 0.595176 0.774440
vt 0.585050 0.749249
vt 0.337112 0.869743
vt 0.297631 0.965341
vt 0.245290 0.983837
vt 0.247377 0.983140
vt 0.248526 0.984122
vt 0.811081 0.844733
vt 0.794772 0.761932
vt 0.578867 0.709177
vt 0.139306 0.775544
vt 0.023588 0.820697
vt 0.812521 0.825715
vt 0.781848 0.712133
vt 0.638903 0.853246
vt 0.789242 0.745424
vt 0.625606 0.877825
vt 0.137112 0.912562
vt 0.657483 0.831190
vt 0.143252 0.915974
vt 0.033993 0.827621
vt 0.045262 0.829108
vt 0.041144 0.833426
vt 0.127744 0.811844
vt 0.126394 0.820500
vt 0.297063 0.966350
vt 0.334969 0.713700
vt 0.334139 0.698702
vt 0.334969 0.683022
vt 0.645880 0.841414
vt 0.137725 0.905037
vt 0.139909 0.910645
vt 0.248327 0.957156
vt 0.109232 0.831494
vt 0.022618 0.816718
vt 0.249992 0.984505
vt 0.043835 0.832908
vt 0.144047 0.857634
vt 0.142484 0.864604
vt 0.139052 0.861541
vt 0.784634 0.718891
vt 0.651134 0.832545
vt 0.439530 0.929940
vt 0.434791 0.924224
vt 0.439530 0.913154
vt 0.785568 0.704888
vt 0.109236 0.837602
vt 0.739331 0.950736
vt 0.742294 0.952366
vt 0.739284 0.953349
vt 0.583169 0.704071
vt 0.814355 0.832592
vt 0.045531 0.842610
vt 0.130911 0.796651
vt 0.136120 0.790189
vt 0.582188 0.713105
vt 0.661399 0.826932
vt 0.248870 0.964697
vt 0.662468 0.836238
vt 0.136627 0.780036
vt 0.043582 0.837832
vt 0.165632 0.876990
vt 0.159734 0.869638
vt 0.161666 0.863989
vt 0.815038 0.839079
vt 0.604828 0.788089
vt 0.584760 0.742515
vt 0.129091 0.807617
vt 0.169311 0.897500
vt 0.166425 0.895552
vt 0.742178 0.954314
vt 0.741775 0.958328
vt 0.116269 0.818727
vt 0.133357 0.783481
vt 0.796791 0.749251
vt 0.784027 0.700946
vt 0.028937 0.839727
vt 0.598197 0.764446
vt 0.787197 0.707659
vt 0.592145 0.713788
vt 0.590794 0.719029
vt 0.674492 0.839071
vt 0.676342 0.835962
vt 0.680562 0.841824
vt 0.250401 0.981860
vt 0.591318 0.726850
vt 0.134888 0.769984
vt 0.752016 0.953814
vt 0.753521 0.968628
vt 0.749341 0.958341
vt 0.155315 0.855968
vt 0.792287 0.727981
vt 0.745369 0.954922
vt 0.584448 0.699059
vt 0.938933 0.337370
vt 0.938933 0.342515
vt 0.935375 0.337781
vt 0.156793 0.853948
vt 0.042530 0.837517
vt 0.597986 0.759333
vt 0.599888 0.769792
vt 0.108855 0.822771
vt 0.140277 0.852781
vt 0.745631 0.968883
vt 0.605922 0.779848
vt 0.250401 0.965761
vt 0.341492 0.438393
vt 0.341112 0.446175
vt 0.341112 0.433284
vt 0.803368 0.767829
vt 0.027426 0.838655
vt 0.143894 0.849908
vt 0.140709 0.848864
vt 0.796255 0.736349
vt 0.135034 0.758195
vt 0.047287 0.843608
vt 0.790929 0.718889
vt 0.158525 0.880156
vt 0.789475 0.704569
vt 0.118586 0.809895
vt 0.160207 0.900967
vt 0.596078 0.737978
vt 0.741006 0.958352
vt 0.027377 0.833371
vt 0.674780 0.811958
vt 0.677188 0.822642
vt 0.672627 0.829306
vt 0.786786 0.697604
vt 0.153056 0.861439
vt 0.133963 0.760271
vt 0.047482 0.845206
vt 0.045477 0.842808
vt 0.748744 0.936963
vt 0.150076 0.851435
vt 0.815023 0.783480
vt 0.170413 0.903384
vt 0.749629 0.941073
vt 0.806685 0.768650
vt 0.035663 0.840130
vt 0.599002 0.705743
vt 0.250220 0.954800
vt 0.750001 0.978282
vt 0.745082 0.937620
vt 0.135991 0.861990
vt 0.137581 0.849627
vt 0.789447 0.698270
vt 0.014074 0.823360
vt 0.152222 0.875911
vt 0.142557 0.846168
vt 0.249881 0.952712
vt 0.687118 0.838117
vt 0.684954 0.847529
vt 0.749964 0.986695
vt 0.593183 0.731848
vt 0.133371 0.765775
vt 0.750093 0.929006
vt 0.805614 0.747247
vt 0.011594 0.828990
vt 0.684986 0.831172
vt 0.147145 0.843863
vt 0.753521 0.937602
vt 0.047507 0.847080
vt 0.606428 0.749689
vt 0.603105 0.764392
vt 0.169317 0.906403
vt 0.154854 0.906679
vt 0.122843 0.803686
vt 0.119445 0.804543
vt 0.123471 0.796577
vt 0.599972 0.753413
vt 0.121772 0.797573
vt 0.798731 0.731340
vt 0.103993 0.832263
vt 0.150513 0.867792
vt 0.139645 0.844950
vt 0.147995 0.856630
vt 0.791571 0.700198
vt 0.672627 0.705576
vt 0.674727 0.701695
vt 0.674621 0.719537
vt 0.789158 0.696129
vt 0.752240 0.930749
vt 0.753255 0.931846
vt 0.141010 0.843863
vt 0.607920 0.772107
vt 0.751998 0.927678
vt 0.144607 0.845647
vt 0.678890 0.717862
vt 0.680869 0.733004
vt 0.693601 0.839522
vt 0.100607 0.840877
vt 0.752998 0.929102
vt 0.103195 0.828416
vt 0.026265 0.837612
vt 0.110681 0.813451
vt 0.675345 0.728608
vt 0.676488 0.737708
vt 0.683409 0.734424
vt 0.138555 0.844922
vt 0.140157 0.843113
vt 0.596743 0.721653
vt 0.679776 0.711771
vt 0.790499 0.696466
vt 0.815469 0.772677
vt 0.686648 0.708782
vt 0.693217 0.719172
vt 0.688163 0.715377
vt 0.135991 0.847950
vt 0.674888 0.697751
vt 0.675860 0.699190
vt 0.673166 0.699418
vt 0.153520 0.899893
vt 0.604927 0.755953
vt 0.815469 0.807116
vt 0.149813 0.905412
vt 0.602754 0.715191
vt 0.676992 0.696129
vt 0.680992 0.698472
vt 0.678202 0.698344
vt 0.683972 0.719691
vt 0.602675 0.740015
vt 0.146591 0.881321
vt 0.597346 0.727096
vt 0.687776 0.728020
vt 0.603173 0.730501
vt 0.811721 0.756021
vt 0.110900 0.800278
vt 0.685576 0.818601
vt 0.674225 0.789115
vt 0.690951 0.833455
vt 0.679166 0.750652
vt 0.617166 0.779040
vt 0.698714 0.732187
vt 0.608929 0.760884
vt 0.612484 0.786635
vt 0.115186 0.796265
vt 0.030875 0.848215
vt 0.106271 0.813533
vt 0.680907 0.799483
vt 0.025958 0.840399
vt 0.019834 0.847289
vt 0.096008 0.829946
vt 0.614681 0.770136
vt 0.052525 0.852461
vt 0.043909 0.853898
vt 0.690864 0.826818
vt 0.604151 0.723419
vt 0.611603 0.755563
vt 0.019154 0.837751
vt 0.108685 0.806070
vt 0.682577 0.758821
vt 0.679436 0.760911
vt 0.030336 0.853209
vt 0.688313 0.803325
vt 0.612324 0.750023
vt 0.678563 0.784652
vt 0.676143 0.778563
vt 0.100394 0.825006
vt 0.103227 0.817569
vt 0.015848 0.836499
vt 0.166292 0.917273
vt 0.154060 0.919076
vt 0.687706 0.755258
vt 0.680014 0.773876
vt 0.689677 0.807951
vt 0.699881 0.726499
vt 0.706953 0.741362
vt 0.110703 0.782274
vt 0.701454 0.748671
vt 0.016442 0.838233
vt 0.094132 0.840337
vt 0.084155 0.843113
vt 0.079554 0.834800
vt 0.101062 0.806219
vt 0.704206 0.839180
vt 0.096324 0.820538
vt 0.145336 0.891420
vt 0.625152 0.761519
vt 0.685657 0.783681
vt 0.081341 0.823670
vt 0.102400 0.784588
vt 0.684335 0.773291
vt 0.692814 0.754646
vt 0.686864 0.764898
vt 0.611777 0.735851
vt 0.694648 0.796784
vt 0.611078 0.718125
vt 0.144607 0.907440
vt 0.617581 0.758634
vt 0.089167 0.820115
vt 0.609285 0.711889
vt 0.624551 0.768980
vt 0.703312 0.828666
vt 0.090395 0.833858
vt 0.611343 0.728794
vt 0.012010 0.836226
vt 0.009935 0.834557
vt 0.011476 0.837459
vt 0.095592 0.811467
vt 0.148994 0.921235
vt 0.619941 0.747058
vt 0.717790 0.756172
vt 0.711036 0.753281
vt 0.079557 0.828577
vt 0.665730 0.977240
vt 0.662092 0.976786
vt 0.662881 0.972684
vt 0.696456 0.804489
vt 0.667527 0.975472
vt 0.667916 0.984851
vt 0.616118 0.733310
vt 0.665092 0.968712
vt 0.697596 0.798591
vt 0.623853 0.751792
vt 0.659801 0.975217
vt 0.012666 0.847802
vt 0.665056 0.993922
vt 0.666785 0.996114
vt 0.730501 0.768181
vt 0.729957 0.770645
vt 0.728243 0.768704
vt 0.019510 0.852174
vt 0.697260 0.812920
vt 0.919595 0.348790
vt 0.922435 0.345315
vt 0.665439 0.996435
vt 0.669987 0.978590
vt 0.669126 0.971406
vt 0.009331 0.836376
vt 0.920961 0.348553
vt 0.698871 0.795404
vt 0.691365 0.769897
vt 0.696220 0.350354
vt 0.696220 0.347781
vt 0.698465 0.349216
vt 0.097457 0.801468
vt 0.669162 0.993094
vt 0.663507 0.996005
vt 0.662350 0.993373
vt 0.728901 0.770599
vt 0.304652 0.969144
vt 0.302028 0.966431
vt 0.303474 0.961464
vt 0.693911 0.764027
vt 0.704581 0.791014
vt 0.384393 0.911500
vt 0.385557 0.910466
vt 0.385280 0.912593
vt 0.384782 0.910035
vt 0.662181 0.964209
vt 0.698059 0.775167
vt 0.664717 0.962422
vt 0.922800 0.780978
vt 0.917414 0.784063
vt 0.919689 0.782110
vt 0.725126 0.777288
vt 0.716004 0.762429
vt 0.707356 0.758323
vt 0.657076 0.981581
vt 0.388067 0.911914
vt 0.615945 0.721955
vt 0.698443 0.761731
vt 0.727320 0.776250
vt 0.307872 0.970683
vt 0.309200 0.982415
vt 0.711230 0.837473
vt 0.710916 0.842257
vt 0.657076 0.975876
vt 0.921517 0.779072
vt 0.744116 0.339027
vt 0.742165 0.340465
vt 0.717620 0.793022
vt 0.714626 0.773886
vt 0.723902 0.790106
vt 0.907800 0.793746
vt 0.914499 0.785830
vt 0.666755 0.964378
vt 0.170362 0.963682
vt 0.168797 0.966143
vt 0.167057 0.953297
vt 0.911544 0.788534
vt 0.660087 0.964950
vt 0.704487 0.771062
vt 0.309089 0.965874
vt 0.009158 0.846943
vt 0.385995 0.908031
vt 0.916234 0.783200
vt 0.715445 0.794068
vt 0.711913 0.791899
vt 0.719915 0.797254
vt 0.333686 0.507983
vt 0.333759 0.497766
vt 0.341368 0.497036
vt 0.303030 0.952986
vt 0.307204 0.959424
vt 0.625606 0.756457
vt 0.708750 0.833980
vt 0.730686 0.793570
vt 0.311426 0.975189
vt 0.716243 0.838249
vt 0.662523 0.959568
vt 0.101572 0.773337
vt 0.622375 0.759612
vt 0.619382 0.725558
vt 0.094193 0.764326
vt 0.106692 0.771958
vt 0.911708 0.785971
vt 0.422225 0.982607
vt 0.426137 0.979369
vt 0.428262 0.988559
vt 0.081914 0.815433
vt 0.089691 0.808483
vt 0.339520 0.487572
vt 0.711254 0.765097
vt 0.384393 0.906519
vt 0.719459 0.800134
vt 0.387151 0.940958
vt 0.387704 0.936058
vt 0.389077 0.907197
vt 0.305302 0.948607
vt 0.726012 0.837205
vt 0.720528 0.833423
vt 0.170362 0.944095
vt 0.169588 0.949624
vt 0.167642 0.946454
vt 0.720807 0.808413
vt 0.385191 0.899988
vt 0.302028 0.950712
vt 0.303513 0.946678
vt 0.417214 0.979716
vt 0.420673 0.973312
vt 0.312893 0.970821
vt 0.538038 0.964397
vt 0.539732 0.958955
vt 0.539732 0.966308
vt 0.099373 0.776403
vt 0.077196 0.824445
vt 0.165668 0.960032
vt 0.715452 0.833498
vt 0.711889 0.832414
vt 0.310142 0.984315
vt 0.313825 0.974203
vt 0.333966 0.487532
vt 0.389519 0.938295
vt 0.389297 0.934849
vt 0.739452 0.833864
vt 0.739251 0.823982
vt 0.098088 0.788708
vt 0.165488 0.925571
vt 0.169404 0.933544
vt 0.392439 0.904706
vt 0.730072 0.803521
vt 0.880292 0.969925
vt 0.887188 0.964369
vt 0.888994 0.973278
vt 0.362824 0.956127
vt 0.362824 0.937303
vt 0.365220 0.953530
vt 0.672615 0.810919
vt 0.671948 0.813071
vt 0.671948 0.797103
vt 0.311013 0.960300
vt 0.723732 0.809608
vt 0.739608 0.829120
vt 0.744933 0.828817
vt 0.726608 0.826731
vt 0.083684 0.804098
vt 0.001458 0.848417
vt 0.006717 0.851904
vt 0.167068 0.943045
vt 0.978436 0.792991
vt 0.966978 0.795364
vt 0.975167 0.792861
vt 0.306767 0.946506
vt 0.704493 0.810652
vt 0.710710 0.824131
vt 0.093199 0.798650
vt 0.385411 0.934132
vt 0.889848 0.985298
vt 0.981095 0.790125
vt 0.975292 0.785135
vt 0.340955 0.630159
vt 0.340955 0.618437
vt 0.341466 0.624240
vt 0.306354 0.941828
vt 0.387545 0.898609
vt 0.391829 0.901405
vt 0.088429 0.784667
vt 0.700048 0.804828
vt 0.385776 0.929170
vt 0.914866 0.772817
vt 0.877642 0.965354
vt 0.745705 0.821401
vt 0.749362 0.824794
vt 0.165967 0.946219
vt 0.912007 0.776039
vt 0.980196 0.772361
vt 0.387899 0.930085
vt 0.729835 0.809660
vt 0.423048 0.972085
vt 0.162027 0.960157
vt 0.314336 0.965652
vt 0.416581 0.977376
vt 0.422115 0.963830
vt 0.003302 0.851768
vt 0.716041 0.827000
vt 0.753521 0.814051
vt 0.898386 0.976643
vt 0.903367 0.963185
vt 0.901068 0.979840
vt 0.341125 0.433284
vt 0.341125 0.419244
vt 0.341492 0.429901
vt 0.892934 0.994564
vt 0.887354 0.958158
vt 0.726117 0.819047
vt 0.739935 0.811088
vt 0.160350 0.954276
vt 0.005185 0.855582
vt 0.162815 0.941763
vt 0.712735 0.805696
vt 0.750732 0.809969
vt 0.092563 0.781363
vt 0.708334 0.804312
vt 0.912578 0.772151
vt 0.163166 0.948889
vt 0.080495 0.809428
vt 0.718393 0.820662
vt 0.163203 0.924793
vt 0.163508 0.930931
vt 0.745864 0.809541
vt 0.306385 0.939128
vt 0.307790 0.939093
vt 0.898763 0.991187
vt 0.898386 0.983160
vt 0.901007 0.989115
vt 0.314888 0.961071
vt 0.737954 0.793142
vt 0.161039 0.921235
vt 0.575882 0.880414
vt 0.575882 0.893614
vt 0.570179 0.887287
vt 0.671930 0.965671
vt 0.669987 0.963685
vt 0.671930 0.959568
vt 0.384865 0.928376
vt 0.900503 0.983280
vt 0.425924 0.971887
vt 0.751758 0.803583
vt 0.746876 0.784974
vt 0.906327 0.961353
vt 0.907491 0.964926
vt 0.391239 0.896425
vt 0.733262 0.781428
vt 0.904913 0.981577
vt 0.705567 0.803531
vt 0.161764 0.929050
vt 0.248247 0.841561
vt 0.250469 0.842843
vt 0.161574 0.944987
vt 0.702469 0.799378
vt 0.909439 0.975083
vt 0.909326 0.967011
vt 0.912686 0.979306
vt 0.905272 0.995929
vt 0.903194 0.994073
vt 0.906739 0.988687
vt 0.909319 0.772283
vt 0.159219 0.947189
vt 0.908576 0.991374
vt 0.308283 0.942968
vt 0.737563 0.786526
vt 0.892708 0.959798
vt 0.742207 0.783872
vt 0.416385 0.967044
vt 0.420268 0.962357
vt 0.385723 0.927925
vt 0.908005 0.957956
vt 0.909102 0.957629
vt 0.089776 0.779385
vt 0.976378 0.768462
vt 0.966978 0.787703
vt 0.972736 0.777983
vt 0.910684 0.985075
vt 0.708419 0.796429
vt 0.089466 0.764144
vt 0.912610 0.982872
vt 0.910642 0.769396
vt 0.706091 0.796878
vt 0.908681 0.982242
vt 0.905743 0.983863
vt 0.365220 0.957217
vt 0.742105 0.778751
vt 0.000497 0.851853
vt 0.742118 0.770130
vt 0.739754 0.768810
vt 0.426326 0.963457
vt 0.749705 0.347283
vt 0.750625 0.340206
vt 0.751811 0.344009
vt 0.001075 0.855930
vt 0.746939 0.779713
vt 0.913449 0.766788
vt 0.974711 0.769048
vt 0.000000 0.855063
vt 0.753847 0.343912
vt 0.753785 0.346937
vt 0.910176 0.765977
vt 0.755586 0.349744
vt 0.971411 0.772866
vt 0.744371 0.769321
vt 0.423512 0.960844
vt 0.889056 0.956621
vt 0.907999 0.767344
vt 0.911984 0.764105
vt 0.971268 0.767453
vt 0.090561 0.762582
vt 0.892934 0.958124
vt 0.753728 0.338371
vt 0.909488 0.764042
vt 0.740587 0.764472
vt 0.743485 0.765007
vt 0.741624 0.767016
vt 0.907800 0.764795
vt 0.426873 0.961184
vt 0.086614 0.765023
vt 0.742860 0.767997
vt 0.744700 0.765112
vt 0.745786 0.766896
vt 0.950092 0.791437
vt 0.952361 0.791655
vt 0.950092 0.794270
vt 0.755586 0.339173
vt 0.428262 0.961727
vt 0.973622 0.766983
vt 0.953890 0.793160
vt 0.953258 0.795362
vt 0.951080 0.795929
vt 0.143252 0.936584
vt 0.866561 0.982573
vt 0.866481 0.986093
s 1
usemtl Material
f 1/1/1 2/2/2 3/3/3
f 4/4/4 2/2/2 1/1/1
f 4/4/4 5/5/5 2/2/2
f 1/1/1 6/6/6 4/4/4
f 5/5/5 4/4/4 7/7/7
f 1/1/1 3/3/3 8/8/8
f 3/3/3 9/9/9 8/8/8
f 4/4/4 6/6/6 10/10/10
f 7/7/7 4/4/4 11/11/11
f 6/6/6 1/1/1 12/12/12
f 3/3/3 13/13/13 9/9/9
f 1/1/1 14/14/14 12/12/12
f 4/4/4 10/10/10 15/15/15
f 2/2/2 16/16/16 3/3/3
f 1/1/1 8/8/8 14/14/14
f 3/3/3 16/16/16 13/13/13
f 2/2/2 17/17/17 16/16/16
f 2/2/2 5/5/5 17/17/17
f 6/6/6 18/18/18 10/10/10
f 6/6/6 12/12/12 18/18/18
f 11/11/11 19/19/19 7/7/7
f 4/4/4 15/15/15 11/11/11
f 11/11/11 20/20/20 19/19/19
f 9/9/9 21/21/21 8/8/8
f 17/17/17 22/22/22 16/16/16
f 10/10/10 18/18/18 23/23/23
f 20/20/20 24/24/24 19/19/19
f 11/11/11 15/15/15 20/20/20
f 16/25/16 22/26/22 25/27/25
f 15/15/15 10/10/10 23/23/23
f 18/18/18 26/28/26 27/29/27
f 18/18/18 12/12/12 28/30/28
f 9/9/9 29/31/29 21/21/21
f 15/15/15 23/23/23 30/32/30
f 16/16/16 25/33/25 13/13/13
f 17/17/17 5/5/5 31/34/31
f 14/14/14 32/35/32 12/12/12
f 31/36/31 33/37/33 17/38/17
f 18/18/18 28/30/28 26/28/26
f 9/9/9 13/13/13 29/31/29
f 19/39/19 34/40/34 7/41/7
f 26/28/26 28/30/28 35/42/35
f 18/18/18 27/29/27 23/23/23
f 7/41/7 34/40/34 5/43/5
f 8/8/8 36/44/36 14/14/14
f 17/38/17 33/37/33 22/26/22
f 15/15/15 24/24/24 20/20/20
f 5/5/5 34/45/34 31/34/31
f 25/33/25 37/46/37 13/13/13
f 12/12/12 32/35/32 38/47/38
f 15/15/15 30/32/30 39/48/39
f 12/12/12 38/47/38 28/30/28
f 23/23/23 27/29/27 40/49/40
f 15/15/15 39/48/39 24/24/24
f 23/23/23 40/49/40 41/50/41
f 30/32/30 42/51/42 39/48/39
f 34/40/34 19/39/19 43/52/43
f 24/24/24 43/53/43 19/19/19
f 26/28/26 44/54/44 27/29/27
f 44/54/44 26/28/26 45/55/45
f 22/26/22 46/56/46 25/27/25
f 35/42/35 47/57/47 26/28/26
f 8/8/8 21/21/21 36/44/36
f 23/23/23 41/50/41 48/58/48
f 14/14/14 36/44/36 49/59/49
f 14/14/14 49/59/49 32/35/32
f 28/30/28 38/47/38 35/42/35
f 39/48/39 42/51/42 24/24/24
f 33/37/33 31/36/31 50/60/50
f 25/33/25 51/61/51 37/46/37
f 33/37/33 50/60/50 22/26/22
f 38/47/38 52/62/52 35/42/35
f 13/13/13 37/46/37 53/63/53
f 47/57/47 54/64/54 26/28/26
f 23/23/23 48/58/48 30/32/30
f 13/13/13 53/63/53 29/31/29
f 31/36/31 34/40/34 50/60/50
f 25/27/25 46/56/46 55/65/55
f 26/28/26 54/64/54 45/55/45
f 22/26/22 50/60/50 56/66/56
f 36/44/36 57/67/57 49/59/49
f 48/68/48 58/69/58 30/70/30
f 35/42/35 59/71/59 47/57/47
f 43/72/43 24/73/24 60/74/60
f 51/61/51 61/75/61 37/46/37
f 42/76/42 30/70/30 62/77/62
f 49/59/49 57/67/57 32/35/32
f 37/46/37 61/75/61 53/63/53
f 24/73/24 42/76/42 60/74/60
f 22/26/22 56/66/56 46/56/46
f 47/57/47 59/71/59 54/64/54
f 52/62/52 59/71/59 35/42/35
f 55/65/55 63/78/63 25/27/25
f 48/58/48 41/50/41 64/79/64
f 34/40/34 65/80/65 50/60/50
f 25/27/25 63/78/63 51/81/51
f 34/40/34 43/52/43 66/82/66
f 48/68/48 64/83/64 58/69/58
f 29/31/29 67/84/67 21/21/21
f 32/35/32 57/67/57 68/85/68
f 41/50/41 40/49/40 64/79/64
f 52/62/52 38/47/38 69/86/69
f 34/40/34 70/87/70 65/80/65
f 21/21/21 71/88/71 36/44/36
f 38/47/38 32/35/32 68/85/68
f 30/70/30 72/89/72 62/77/62
f 64/83/64 73/90/73 58/69/58
f 42/76/42 74/91/74 60/74/60
f 59/71/59 52/62/52 75/92/75
f 64/83/64 40/93/40 73/90/73
f 53/63/53 61/75/61 76/94/76
f 61/95/61 51/81/51 63/78/63
f 44/54/44 73/96/73 27/29/27
f 45/55/45 54/64/54 77/97/77
f 75/92/75 52/62/52 78/98/78
f 50/60/50 65/80/65 56/66/56
f 44/54/44 45/55/45 79/99/79
f 53/63/53 67/84/67 29/31/29
f 27/29/27 73/96/73 40/49/40
f 59/71/59 75/92/75 54/64/54
f 52/62/52 69/86/69 78/98/78
f 44/54/44 79/99/79 73/96/73
f 76/94/76 67/84/67 53/63/53
f 38/47/38 68/85/68 69/86/69
f 46/56/46 56/66/56 80/100/80
f 30/70/30 58/69/58 72/89/72
f 63/78/63 81/101/81 61/95/61
f 57/67/57 36/44/36 82/102/82
f 60/74/60 83/103/83 43/72/43
f 54/64/54 75/92/75 78/98/78
f 55/65/55 46/56/46 80/100/80
f 42/76/42 62/77/62 74/91/74
f 81/101/81 76/104/76 61/95/61
f 45/55/45 77/97/77 79/99/79
f 58/69/58 73/90/73 84/105/84
f 54/64/54 85/106/85 77/97/77
f 36/44/36 71/88/71 82/102/82
f 67/84/67 86/107/86 21/21/21
f 34/40/34 66/82/66 70/87/70
f 58/69/58 87/108/87 72/89/72
f 63/78/63 55/65/55 88/109/88
f 68/85/68 89/110/89 69/86/69
f 68/85/68 57/67/57 89/110/89
f 66/111/66 43/72/43 83/103/83
f 77/97/77 90/112/90 79/99/79
f 67/84/67 76/94/76 91/113/91
f 54/64/54 78/98/78 92/114/92
f 58/69/58 84/105/84 87/108/87
f 73/96/73 79/99/79 93/115/93
f 56/66/56 94/116/94 80/100/80
f 21/21/21 86/107/86 71/88/71
f 73/90/73 95/117/95 84/105/84
f 54/64/54 92/114/92 85/106/85
f 74/91/74 96/118/96 60/74/60
f 82/102/82 71/88/71 57/67/57
f 81/101/81 97/119/97 76/104/76
f 74/91/74 98/120/98 96/118/96
f 56/66/56 65/80/65 99/121/99
f 65/80/65 70/87/70 100/122/100
f 60/74/60 96/118/96 83/103/83
f 55/65/55 80/100/80 88/109/88
f 63/78/63 97/119/97 81/101/81
f 80/100/80 101/123/101 88/109/88
f 62/77/62 72/89/72 102/124/102
f 78/98/78 103/125/103 92/114/92
f 56/66/56 99/121/99 104/126/104
f 79/99/79 90/112/90 93/115/93
f 56/66/56 104/126/104 94/116/94
f 88/109/88 97/119/97 63/78/63
f 73/96/73 93/115/93 95/127/95
f 66/111/66 83/103/83 105/128/105
f 105/129/105 106/130/106 66/82/66
f 66/82/66 106/130/106 70/87/70
f 102/124/102 72/89/72 107/131/107
f 65/80/65 100/122/100 99/121/99
f 102/124/102 107/131/107 62/77/62
f 86/132/86 67/133/67 108/134/108
f 78/98/78 69/86/69 109/135/109
f 71/88/71 110/136/110 57/67/57
f 71/88/71 86/107/86 111/137/111
f 78/98/78 112/138/112 103/125/103
f 77/97/77 85/106/85 90/112/90
f 97/119/97 113/139/113 76/104/76
f 80/100/80 94/116/94 101/123/101
f 69/86/69 114/140/114 109/135/109
f 69/86/69 89/110/89 115/141/115
f 109/135/109 112/138/112 78/98/78
f 74/91/74 62/77/62 98/120/98
f 76/104/76 113/139/113 91/142/91
f 57/67/57 110/136/110 89/110/89
f 88/109/88 101/123/101 116/143/116
f 117/144/117 106/145/106 105/128/105
f 71/88/71 111/137/111 110/136/110
f 83/103/83 96/118/96 118/146/118
f 69/86/69 115/141/115 114/140/114
f 84/105/84 119/147/119 87/108/87
f 99/121/99 120/148/120 104/126/104
f 100/122/100 70/87/70 121/149/121
f 90/112/90 85/106/85 122/150/122
f 93/115/93 90/112/90 95/127/95
f 101/123/101 94/116/94 116/143/116
f 96/118/96 98/120/98 123/151/123
f 84/105/84 95/117/95 119/147/119
f 108/134/108 124/152/124 86/132/86
f 111/137/111 125/153/125 110/136/110
f 99/121/99 100/122/100 126/154/126
f 105/128/105 83/103/83 118/146/118
f 72/89/72 87/108/87 127/155/127
f 103/125/103 112/138/112 128/156/128
f 99/121/99 126/154/126 120/148/120
f 92/114/92 129/157/129 85/106/85
f 98/120/98 62/77/62 130/158/130
f 105/128/105 118/146/118 117/144/117
f 72/89/72 127/155/127 107/131/107
f 85/106/85 131/159/131 122/150/122
f 113/139/113 97/119/97 132/160/132
f 88/109/88 133/161/133 97/119/97
f 134/162/134 104/126/104 135/163/135
f 112/138/112 136/164/136 128/156/128
f 96/118/96 123/151/123 137/165/137
f 104/126/104 134/162/134 94/116/94
f 92/166/92 103/167/103 128/168/128
f 62/77/62 107/131/107 130/158/130
f 104/126/104 120/148/120 135/163/135
f 106/130/106 121/149/121 70/87/70
f 96/118/96 138/169/138 118/146/118
f 91/170/91 139/171/139 67/133/67
f 112/138/112 109/135/109 140/172/140
f 86/132/86 124/152/124 111/173/111
f 67/133/67 139/171/139 108/134/108
f 95/117/95 141/174/141 119/147/119
f 110/136/110 125/153/125 142/175/142
f 133/161/133 88/109/88 116/143/116
f 87/108/87 143/176/143 127/155/127
f 92/114/92 128/156/128 129/157/129
f 111/173/111 124/152/124 125/177/125
f 110/136/110 142/175/142 89/110/89
f 114/140/114 140/172/140 109/135/109
f 113/139/113 139/178/139 91/142/91
f 121/149/121 144/179/144 100/122/100
f 85/106/85 129/157/129 131/159/131
f 118/146/118 145/180/145 117/144/117
f 106/145/106 117/144/117 145/180/145
f 112/138/112 140/172/140 136/164/136
f 108/134/108 146/181/146 147/182/147
f 87/108/87 119/147/119 143/176/143
f 136/183/136 148/184/148 128/185/128
f 90/112/90 149/186/149 95/127/95
f 100/122/100 144/179/144 126/154/126
f 134/162/134 135/163/135 94/116/94
f 96/118/96 137/165/137 138/169/138
f 116/143/116 150/187/150 133/161/133
f 89/110/89 151/188/151 115/141/115
f 113/139/113 132/160/132 139/178/139
f 98/120/98 152/189/152 123/151/123
f 131/190/131 153/191/153 122/192/122
f 128/156/128 154/193/154 129/157/129
f 95/117/95 149/194/149 141/174/141
f 131/190/131 129/195/129 155/196/155
f 130/158/130 152/189/152 98/120/98
f 119/147/119 156/197/156 143/176/143
f 115/141/115 157/198/157 114/140/114
f 97/119/97 133/161/133 132/160/132
f 89/110/89 142/175/142 151/188/151
f 123/151/123 158/199/158 137/165/137
f 124/152/124 108/134/108 147/182/147
f 94/116/94 135/163/135 159/200/159
f 120/148/120 126/154/126 160/201/160
f 121/149/121 161/202/161 144/179/144
f 108/134/108 139/171/139 146/181/146
f 118/146/118 162/203/162 145/180/145
f 122/150/122 149/186/149 90/112/90
f 145/204/145 163/205/163 106/130/106
f 120/148/120 160/201/160 135/163/135
f 114/140/114 157/198/157 140/172/140
f 126/154/126 144/179/144 164/206/164
f 118/146/118 138/169/138 162/203/162
f 119/147/119 165/207/165 156/197/156
f 144/179/144 161/202/161 164/206/164
f 116/143/116 94/116/94 159/200/159
f 149/208/149 122/192/122 153/191/153
f 125/177/125 124/152/124 166/209/166
f 116/143/116 159/200/159 150/187/150
f 119/147/119 141/174/141 165/207/165
f 167/210/167 168/211/168 169/212/169
f 169/212/169 168/211/168 170/213/170
f 126/154/126 164/206/164 160/201/160
f 128/156/128 148/214/148 154/193/154
f 131/190/131 155/196/155 153/191/153
f 169/212/169 170/213/170 171/215/171
f 107/131/107 172/216/172 130/158/130
f 123/151/123 152/189/152 173/217/173
f 138/169/138 174/218/174 162/203/162
f 169/212/169 171/215/171 175/219/175
f 137/165/137 158/199/158 176/220/176
f 137/165/137 176/220/176 138/169/138
f 167/210/167 177/221/177 178/222/178
f 123/151/123 173/217/173 158/199/158
f 170/223/170 168/224/168 179/225/179
f 167/210/167 178/222/178 168/211/168
f 107/131/107 127/155/127 172/216/172
f 162/203/162 180/226/180 145/180/145
f 148/214/148 181/227/181 154/193/154
f 177/221/177 182/228/182 178/222/178
f 171/229/171 170/223/170 183/230/183
f 169/212/169 175/219/175 184/231/184
f 169/212/169 184/231/184 158/232/158
f 169/212/169 158/232/158 167/210/167
f 182/233/182 185/234/185 178/235/178
f 140/172/140 148/214/148 136/164/136
f 176/236/176 158/232/158 184/231/184
f 178/235/178 179/225/179 168/224/168
f 171/215/171 183/237/183 175/219/175
f 138/169/138 176/220/176 175/238/175
f 177/221/177 186/239/186 182/228/182
f 183/230/183 170/223/170 187/240/187
f 158/232/158 173/241/173 167/210/167
f 115/141/115 151/188/151 157/198/157
f 176/236/176 184/231/184 175/219/175
f 185/234/185 182/233/182 188/242/188
f 167/210/167 173/241/173 177/221/177
f 177/221/177 173/241/173 186/239/186
f 106/130/106 163/205/163 121/149/121
f 138/169/138 175/238/175 189/243/189
f 190/244/190 183/245/183 187/246/187
f 182/228/182 186/239/186 188/247/188
f 178/235/178 191/248/191 179/225/179
f 185/234/185 191/248/191 178/235/178
f 121/149/121 192/249/192 161/202/161
f 143/176/143 193/250/193 127/155/127
f 138/169/138 189/243/189 174/218/174
f 190/244/190 187/246/187 194/251/194
f 130/158/130 172/216/172 195/252/195
f 175/219/175 183/237/183 189/253/189
f 183/237/183 190/254/190 189/253/189
f 139/178/139 132/160/132 196/255/196
f 188/247/188 186/239/186 197/256/197
f 166/209/166 124/152/124 147/182/147
f 152/189/152 130/158/130 198/257/198
f 170/223/170 199/258/199 187/240/187
f 143/176/143 156/197/156 193/250/193
f 141/174/141 149/194/149 200/259/200
f 163/205/163 145/204/145 180/260/180
f 170/223/170 179/225/179 199/258/199
f 162/261/162 174/262/174 180/260/180
f 173/241/173 152/263/152 186/239/186
f 185/234/185 188/242/188 201/264/201
f 186/239/186 202/265/202 197/256/197
f 141/174/141 200/259/200 203/266/203
f 121/149/121 163/205/163 192/249/192
f 185/234/185 201/264/201 191/248/191
f 139/171/139 204/267/204 146/181/146
f 188/242/188 197/268/197 201/264/201
f 160/201/160 164/206/164 205/269/205
f 189/270/189 190/244/190 174/262/174
f 197/256/197 202/265/202 206/271/206
f 130/158/130 195/252/195 198/257/198
f 127/155/127 207/272/207 172/216/172
f 164/206/164 161/202/161 208/273/208
f 197/268/197 206/274/206 201/264/201
f 186/275/186 152/276/152 202/277/202
f 135/163/135 209/278/209 159/200/159
f 142/279/142 210/280/210 151/281/151
f 166/209/166 211/282/211 125/177/125
f 125/177/125 211/282/211 142/279/142
f 202/265/202 152/263/152 198/283/198
f 187/240/187 199/258/199 212/284/212
f 149/208/149 213/285/213 200/286/200
f 194/251/194 187/246/187 214/287/214
f 190/244/190 194/251/194 174/262/174
f 187/246/187 212/288/212 214/287/214
f 160/201/160 205/269/205 215/289/215
f 142/279/142 216/290/216 210/280/210
f 201/264/201 217/291/217 191/248/191
f 214/287/214 212/288/212 218/292/218
f 142/279/142 211/282/211 219/293/219
f 204/267/204 220/294/220 146/181/146
f 146/181/146 220/294/220 147/182/147
f 140/172/140 157/198/157 221/295/221
f 157/198/157 151/188/151 222/296/222
f 202/265/202 223/297/223 206/271/206
f 163/205/163 180/260/180 224/298/224
f 194/251/194 214/287/214 174/262/174
f 141/174/141 203/266/203 165/207/165
f 140/172/140 221/295/221 148/214/148
f 174/262/174 225/299/225 180/260/180
f 139/171/139 196/300/196 204/267/204
f 154/301/154 155/196/155 129/195/129
f 195/252/195 226/302/226 198/257/198
f 156/197/156 227/303/227 193/250/193
f 148/304/148 221/305/221 181/306/181
f 159/200/159 228/307/228 150/187/150
f 147/182/147 220/294/220 229/308/229
f 142/279/142 219/293/219 216/290/216
f 191/248/191 217/291/217 230/309/230
f 202/265/202 198/283/198 223/297/223
f 174/262/174 214/287/214 225/299/225
f 195/252/195 231/310/231 226/302/226
f 133/161/133 232/311/232 132/160/132
f 179/225/179 191/248/191 230/309/230
f 198/283/198 226/312/226 223/297/223
f 132/160/132 233/313/233 196/255/196
f 223/297/223 234/314/234 206/271/206
f 206/274/206 235/315/235 201/264/201
f 172/216/172 207/272/207 236/316/236
f 135/163/135 160/201/160 215/289/215
f 161/202/161 192/249/192 237/317/237
f 172/216/172 236/316/236 195/252/195
f 218/292/218 238/318/238 214/287/214
f 179/225/179 239/319/239 240/320/240
f 201/264/201 235/315/235 217/291/217
f 212/284/212 199/258/199 241/321/241
f 150/187/150 232/311/232 133/161/133
f 199/258/199 179/225/179 242/322/242
f 181/306/181 221/305/221 243/323/243
f 179/225/179 230/309/230 244/324/244
f 206/274/206 234/325/234 235/315/235
f 218/292/218 212/288/212 245/326/245
f 199/258/199 246/327/246 241/321/241
f 179/225/179 244/324/244 239/319/239
f 214/287/214 238/318/238 225/299/225
f 208/273/208 161/202/161 237/317/237
f 135/163/135 215/289/215 247/328/247
f 147/182/147 248/329/248 166/209/166
f 166/209/166 248/329/248 211/282/211
f 180/260/180 225/299/225 224/298/224
f 210/330/210 222/296/222 151/188/151
f 242/322/242 179/225/179 240/320/240
f 218/292/218 245/326/245 238/318/238
f 233/313/233 132/160/132 249/331/249
f 245/326/245 212/288/212 241/332/241
f 132/160/132 232/311/232 249/331/249
f 127/155/127 193/250/193 250/333/250
f 157/198/157 222/296/222 251/334/251
f 240/335/240 239/336/239 252/337/252
f 239/338/239 253/339/253 252/340/252
f 224/298/224 225/299/225 238/318/238
f 159/200/159 209/278/209 228/307/228
f 239/341/239 244/342/244 253/343/253
f 243/323/243 154/301/154 181/306/181
f 127/155/127 250/333/250 207/272/207
f 240/320/240 252/344/252 254/345/254
f 147/182/147 229/308/229 248/329/248
f 157/346/157 251/347/251 221/305/221
f 165/207/165 255/348/255 156/197/156
f 234/325/234 256/349/256 235/315/235
f 244/342/244 257/350/257 253/343/253
f 252/351/252 253/343/253 258/352/258
f 135/163/135 247/328/247 209/278/209
f 226/302/226 231/310/231 259/353/259
f 226/354/226 259/355/259 260/356/260
f 253/343/253 257/350/257 261/357/261
f 253/343/253 261/357/261 262/358/262
f 245/326/245 241/332/241 263/359/263
f 253/343/253 262/358/262 258/352/258
f 252/351/252 258/352/258 254/360/254
f 261/357/261 264/361/264 262/358/262
f 265/362/265 266/363/266 267/364/267
f 240/320/240 254/345/254 242/322/242
f 265/362/265 268/365/268 266/363/266
f 265/362/265 267/364/267 269/366/269
f 257/350/257 270/367/270 261/357/261
f 192/249/192 271/368/271 237/317/237
f 267/364/267 266/363/266 272/369/272
f 266/363/266 268/365/268 273/370/273
f 265/362/265 274/371/274 268/365/268
f 208/273/208 237/317/237 275/372/275
f 223/297/223 276/373/276 234/314/234
f 236/316/236 231/310/231 195/252/195
f 265/374/265 269/375/269 277/376/277
f 267/364/267 272/369/272 278/377/278
f 254/360/254 258/352/258 279/378/279
f 164/206/164 208/273/208 205/269/205
f 268/365/268 280/379/280 273/370/273
f 281/380/281 282/381/282 283/382/283
f 265/362/265 284/383/284 274/371/274
f 281/380/281 285/384/285 282/381/282
f 268/365/268 274/371/274 280/379/280
f 285/385/285 286/386/286 287/387/287
f 285/384/285 281/380/281 288/388/288
f 285/384/285 287/389/287 289/390/289
f 267/364/267 278/377/278 290/391/290
f 285/384/285 288/388/288 286/392/286
f 285/384/285 289/390/289 282/381/282
f 265/374/265 277/376/277 284/393/284
f 266/363/266 273/370/273 272/369/272
f 150/187/150 228/307/228 232/311/232
f 272/369/272 291/394/291 278/377/278
f 290/395/290 292/396/292 267/397/267
f 213/285/213 149/208/149 293/398/293
f 270/367/270 257/350/257 294/399/294
f 155/196/155 295/400/295 153/191/153
f 226/302/226 260/401/260 223/402/223
f 229/308/229 220/294/220 204/267/204
f 267/397/267 292/396/292 269/375/269
f 288/388/288 281/380/281 296/403/296
f 273/370/273 297/404/297 272/369/272
f 289/390/289 298/405/298 282/381/282
f 244/324/244 230/309/230 299/406/299
f 283/382/283 300/407/300 281/380/281
f 290/391/290 278/377/278 301/408/301
f 288/388/288 302/409/302 286/392/286
f 244/342/244 299/410/299 257/350/257
f 261/357/261 270/367/270 264/361/264
f 280/379/280 303/411/303 273/370/273
f 289/412/289 287/387/287 304/413/304
f 257/350/257 299/410/299 294/399/294
f 269/375/269 305/414/305 277/376/277
f 277/376/277 306/415/306 284/393/284
f 290/395/290 301/416/301 292/396/292
f 281/380/281 300/407/300 307/417/307
f 258/352/258 262/358/262 308/418/308
f 296/403/296 281/380/281 307/417/307
f 286/386/286 302/419/302 309/420/309
f 288/388/288 296/403/296 302/409/302
f 282/381/282 310/421/310 283/382/283
f 298/405/298 310/421/310 282/381/282
f 289/412/289 304/413/304 298/422/298
f 284/383/284 311/423/311 274/371/274
f 262/358/262 264/361/264 312/424/312
f 264/361/264 270/367/270 313/425/313
f 264/361/264 313/425/313 312/424/312
f 269/375/269 314/426/314 305/414/305
f 278/377/278 291/394/291 315/427/315
f 273/370/273 303/411/303 297/404/297
f 269/375/269 292/396/292 314/426/314
f 223/402/223 260/401/260 276/428/276
f 224/298/224 316/429/316 163/205/163
f 272/369/272 297/404/297 291/394/291
f 274/371/274 311/423/311 317/430/317
f 274/371/274 317/430/317 280/379/280
f 258/431/258 308/432/308 279/433/279
f 300/434/300 283/435/283 318/436/318
f 270/367/270 319/437/319 313/425/313
f 254/360/254 279/378/279 242/438/242
f 286/386/286 309/420/309 287/387/287
f 320/439/320 321/440/321 322/441/322
f 322/441/322 321/440/321 323/442/323
f 322/441/322 324/443/324 320/439/320
f 270/367/270 294/399/294 325/444/325
f 165/207/165 203/266/203 326/445/326
f 287/387/287 327/446/327 304/413/304
f 153/191/153 295/400/295 293/398/293
f 321/447/321 320/448/320 328/449/328
f 313/450/313 329/451/329 312/452/312
f 313/450/313 319/453/319 329/451/329
f 321/447/321 328/449/328 330/454/330
f 297/404/297 331/455/331 291/394/291
f 296/403/296 307/417/307 332/456/332
f 199/258/199 242/322/242 246/327/246
f 262/358/262 312/424/312 308/418/308
f 235/315/235 256/349/256 333/457/333
f 284/383/284 334/458/334 311/423/311
f 235/315/235 333/457/333 217/291/217
f 277/376/277 305/414/305 335/459/335
f 277/376/277 335/459/335 306/415/306
f 297/460/297 303/461/303 331/462/331
f 238/318/238 245/326/245 263/359/263
f 221/305/221 336/463/336 243/323/243
f 323/442/323 337/464/337 322/441/322
f 300/465/300 338/466/338 307/467/307
f 154/301/154 339/468/339 155/196/155
f 311/423/311 334/458/334 317/430/317
f 200/259/200 326/445/326 203/266/203
f 312/469/312 340/470/340 341/471/341
f 294/399/294 299/410/299 342/472/342
f 329/473/329 340/474/340 312/475/312
f 283/476/283 343/477/343 318/478/318
f 292/396/292 344/479/344 314/426/314
f 227/303/227 250/333/250 193/250/193
f 321/440/321 345/480/345 323/442/323
f 321/440/321 330/481/330 345/480/345
f 334/482/334 284/393/284 306/415/306
f 283/476/283 344/483/344 343/477/343
f 346/484/346 347/485/347 348/486/348
f 278/377/278 349/487/349 301/408/301
f 278/377/278 315/427/315 349/487/349
f 330/454/330 328/449/328 350/488/350
f 346/484/346 351/489/351 352/490/352
f 322/441/322 353/491/353 354/492/354
f 296/403/296 355/493/355 302/409/302
f 287/387/287 309/420/309 356/494/356
f 322/441/322 354/492/354 324/443/324
f 322/441/322 357/495/357 353/491/353
f 346/484/346 358/496/358 351/489/351
f 156/197/156 255/348/255 227/303/227
f 319/437/319 270/367/270 359/497/359
f 340/498/340 329/499/329 360/500/360
f 346/484/346 352/490/352 347/485/347
f 322/441/322 337/464/337 357/495/357
f 294/501/294 361/502/361 362/503/362
f 301/416/301 363/504/363 292/396/292
f 304/413/304 327/446/327 364/505/364
f 291/394/291 331/455/331 315/427/315
f 346/484/346 348/486/348 358/496/358
f 323/442/323 345/480/345 365/506/365
f 365/506/365 337/464/337 323/442/323
f 163/205/163 316/429/316 192/249/192
f 302/409/302 355/493/355 366/507/366
f 319/508/319 359/509/359 367/510/367
f 319/511/319 367/512/367 329/513/329
f 332/456/332 307/417/307 338/514/338
f 304/413/304 364/505/364 368/515/368
f 234/516/234 276/517/276 256/518/256
f 324/443/324 354/492/354 369/519/369
f 294/399/294 362/520/362 325/444/325
f 294/399/294 370/521/370 361/522/361
f 217/291/217 371/523/371 230/309/230
f 292/396/292 372/524/372 373/525/373
f 303/461/303 374/526/374 331/462/331
f 309/420/309 375/527/375 376/528/376
f 283/382/283 310/421/310 377/529/377
f 340/530/340 378/531/378 341/532/341
f 330/454/330 350/488/350 379/533/379
f 347/485/347 352/490/352 380/534/380
f 314/426/314 381/535/381 305/414/305
f 314/426/314 382/536/382 381/535/381
f 287/387/287 356/494/356 327/446/327
f 280/537/280 383/538/383 303/461/303
f 309/420/309 376/528/376 356/494/356
f 270/367/270 325/444/325 359/497/359
f 329/499/329 367/539/367 360/500/360
f 347/485/347 380/534/380 384/540/384
f 283/476/283 385/541/385 344/483/344
f 298/422/298 304/413/304 386/542/386
f 301/543/301 349/544/349 387/545/387
f 340/498/340 360/500/360 378/546/378
f 337/547/337 388/548/388 357/549/357
f 296/403/296 332/456/332 355/493/355
f 283/550/283 389/551/389 385/552/385
f 347/485/347 390/553/390 391/554/391
f 347/555/347 391/556/391 348/557/348
f 306/415/306 392/558/392 334/482/334
f 390/553/390 347/485/347 384/540/384
f 305/414/305 381/535/381 393/559/393
f 221/305/221 251/347/251 336/463/336
f 351/489/351 358/496/358 394/560/394
f 312/424/312 395/561/395 308/418/308
f 360/562/360 367/563/367 396/564/396
f 292/396/292 363/504/363 397/565/397
f 309/420/309 302/419/302 398/566/398
f 338/466/338 300/465/300 363/567/363
f 283/550/283 377/568/377 389/551/389
f 359/509/359 399/569/399 367/510/367
f 294/399/294 342/472/342 370/521/370
f 348/557/348 400/570/400 358/571/358
f 325/444/325 362/520/362 401/572/401
f 373/573/373 372/574/372 318/436/318
f 300/434/300 318/436/318 372/574/372
f 230/309/230 371/523/371 299/406/299
f 324/575/324 369/576/369 320/448/320
f 314/426/314 402/577/402 382/536/382
f 351/489/351 403/578/403 352/490/352
f 318/478/318 343/477/343 373/579/373
f 345/480/345 330/481/330 404/580/404
f 344/479/344 292/396/292 343/581/343
f 292/396/292 405/582/405 343/581/343
f 354/492/354 406/583/406 369/519/369
f 292/396/292 373/525/373 405/582/405
f 292/396/292 397/565/397 372/524/372
f 330/454/330 379/533/379 407/584/407
f 334/458/334 408/585/408 317/430/317
f 256/349/256 409/586/409 333/457/333
f 396/564/396 367/563/367 410/587/410
f 224/298/224 238/318/238 411/588/411
f 330/481/330 407/589/407 404/580/404
f 358/496/358 412/590/412 394/560/394
f 238/318/238 413/591/413 411/588/411
f 303/461/303 414/592/414 374/526/374
f 315/427/315 331/455/331 415/593/415
f 312/469/312 341/471/341 395/594/395
f 359/509/359 416/595/416 399/569/399
f 345/480/345 417/596/417 365/506/365
f 403/578/403 418/597/418 352/490/352
f 338/466/338 419/598/419 420/599/420
f 260/401/260 259/353/259 276/428/276
f 325/444/325 401/572/401 359/497/359
f 419/598/419 338/466/338 363/567/363
f 390/600/390 421/601/421 391/602/391
f 300/465/300 422/603/422 363/567/363
f 391/556/391 423/604/423 348/557/348
f 298/405/298 424/605/424 310/421/310
f 327/446/327 356/494/356 425/606/425
f 394/560/394 403/578/403 351/489/351
f 360/562/360 396/564/396 426/607/426
f 309/420/309 398/566/398 375/527/375
f 305/414/305 393/559/393 427/608/427
f 300/465/300 397/609/397 422/603/422
f 279/610/279 428/611/428 242/612/242
f 402/613/402 385/541/385 382/614/382
f 301/543/301 387/545/387 363/615/363
f 314/426/314 344/479/344 402/577/402
f 367/563/367 399/616/399 410/587/410
f 304/413/304 368/515/368 386/542/386
f 349/487/349 315/427/315 429/617/429
f 389/618/389 377/619/377 381/535/381
f 412/620/412 358/571/358 400/570/400
f 353/491/353 430/621/430 354/492/354
f 353/491/353 357/495/357 430/621/430
f 332/456/332 431/622/431 355/493/355
f 375/527/375 398/566/398 432/623/432
f 360/624/360 426/625/426 378/531/378
f 352/490/352 433/626/433 380/534/380
f 256/518/256 434/627/434 409/628/409
f 405/629/405 373/579/373 343/477/343
f 149/208/149 153/191/153 293/398/293
f 385/541/385 402/613/402 344/483/344
f 374/526/374 435/630/435 331/462/331
f 361/502/361 410/631/410 362/503/362
f 331/462/331 435/630/435 436/632/436
f 403/578/403 437/633/437 418/597/418
f 395/594/395 341/471/341 438/634/438
f 305/414/305 439/635/439 335/459/335
f 356/494/356 376/528/376 440/636/440
f 406/583/406 441/637/441 369/519/369
f 305/414/305 427/608/427 439/635/439
f 356/494/356 442/638/442 425/606/425
f 415/593/415 331/455/331 443/639/443
f 352/490/352 418/597/418 444/640/444
f 404/580/404 417/596/417 345/480/345
f 364/505/364 327/446/327 445/641/445
f 393/559/393 381/535/381 377/619/377
f 357/549/357 388/548/388 446/642/446
f 372/643/372 397/644/397 300/645/300
f 328/449/328 447/646/447 350/488/350
f 308/432/308 448/647/448 279/433/279
f 389/648/389 382/614/382 385/541/385
f 396/564/396 449/649/449 426/607/426
f 364/505/364 445/641/445 368/515/368
f 397/650/397 363/651/363 422/652/422
f 333/457/333 450/653/450 217/291/217
f 280/537/280 451/654/451 383/538/383
f 357/549/357 446/642/446 430/655/430
f 334/482/334 392/558/392 408/656/408
f 298/405/298 386/657/386 424/605/424
f 316/429/316 452/658/452 271/368/271
f 310/421/310 453/659/453 377/529/377
f 332/456/332 338/514/338 431/622/431
f 396/564/396 410/587/410 454/660/454
f 379/533/379 350/488/350 455/661/455
f 352/490/352 444/640/444 433/626/433
f 369/576/369 456/662/456 320/448/320
f 192/249/192 316/429/316 271/368/271
f 400/570/400 348/557/348 457/663/457
f 370/521/370 342/472/342 458/664/458
f 433/626/433 459/665/459 380/534/380
f 356/494/356 440/636/440 442/638/442
f 384/540/384 460/666/460 390/553/390
f 263/359/263 413/591/413 238/318/238
f 316/429/316 224/298/224 452/658/452
f 217/291/217 450/653/450 371/523/371
f 382/614/382 389/648/389 381/667/381
f 412/620/412 400/570/400 457/663/457
f 376/528/376 437/668/437 440/636/440
f 384/540/384 461/669/461 460/666/460
f 359/509/359 462/670/462 416/595/416
f 302/671/302 366/672/366 398/673/398
f 335/459/335 439/635/439 463/674/463
f 327/446/327 425/606/425 445/641/445
f 384/540/384 380/534/380 461/669/461
f 376/675/376 418/597/418 437/633/437
f 328/449/328 320/448/320 464/676/464
f 424/605/424 465/677/465 310/421/310
f 354/492/354 466/678/466 406/583/406
f 393/559/393 377/619/377 427/608/427
f 349/544/349 467/679/467 387/545/387
f 444/640/444 376/675/376 433/626/433
f 432/623/432 433/680/433 375/527/375
f 468/681/468 457/663/457 348/557/348
f 256/518/256 276/517/276 434/627/434
f 416/595/416 462/670/462 399/569/399
f 328/449/328 469/682/469 470/683/470
f 315/427/315 415/593/415 429/617/429
f 394/560/394 412/590/412 471/684/471
f 423/604/423 468/681/468 348/557/348
f 390/553/390 460/666/460 472/685/472
f 375/527/375 433/680/433 376/528/376
f 370/686/370 473/687/473 361/688/361
f 442/689/442 403/578/403 474/690/474
f 421/691/421 423/604/423 391/556/391
f 449/692/449 475/693/475 426/625/426
f 427/608/427 453/694/453 439/635/439
f 456/662/456 369/576/369 476/695/476
f 362/520/362 477/696/477 401/572/401
f 412/620/412 478/697/478 471/698/471
f 418/597/418 376/675/376 444/640/444
f 310/421/310 479/699/479 453/659/453
f 410/587/410 399/616/399 480/700/480
f 317/430/317 481/701/481 280/379/280
f 354/492/354 430/621/430 466/678/466
f 442/638/442 474/702/474 425/606/425
f 303/461/303 383/538/383 414/592/414
f 308/432/308 395/703/395 448/647/448
f 377/619/377 453/694/453 427/608/427
f 361/704/361 473/705/473 454/706/454
f 361/502/361 454/707/454 410/631/410
f 464/676/464 482/708/482 328/449/328
f 331/462/331 436/632/436 443/709/443
f 359/509/359 483/710/483 462/670/462
f 436/632/436 435/630/435 484/711/484
f 401/572/401 485/712/485 359/497/359
f 320/448/320 456/662/456 464/676/464
f 394/560/394 471/684/471 486/713/486
f 390/553/390 472/685/472 487/714/487
f 342/715/342 488/716/488 458/717/458
f 196/300/196 489/718/489 204/267/204
f 410/719/410 490/720/490 362/721/362
f 328/449/328 491/722/491 469/682/469
f 398/723/398 492/724/492 432/725/432
f 380/534/380 493/726/493 461/669/461
f 379/533/379 455/661/455 407/584/407
f 412/620/412 457/663/457 478/697/478
f 407/589/407 494/727/494 404/580/404
f 349/544/349 429/728/429 467/679/467
f 362/729/362 490/730/490 477/731/477
f 387/732/387 495/733/495 363/734/363
f 363/735/363 495/736/495 419/737/419
f 481/738/481 496/739/496 280/740/280
f 328/449/328 482/708/482 491/722/491
f 442/741/442 440/742/440 437/743/437
f 408/585/408 497/744/497 317/430/317
f 485/745/485 483/710/483 359/509/359
f 432/725/432 459/665/459 433/626/433
f 498/746/498 481/701/481 317/430/317
f 480/700/480 490/747/490 410/587/410
f 473/705/473 370/748/370 454/706/454
f 466/678/466 499/749/499 406/583/406
f 442/750/442 437/751/437 403/752/403
f 374/753/374 500/754/500 464/755/464
f 355/756/355 501/757/501 366/758/366
f 500/759/500 374/760/374 502/761/502
f 374/762/374 414/763/414 503/764/503
f 374/760/374 503/765/503 482/766/482
f 487/767/487 421/601/421 390/600/390
f 374/760/374 482/766/482 502/761/502
f 328/449/328 504/768/504 447/646/447
f 335/459/335 463/674/463 306/415/306
f 370/769/370 458/717/458 505/770/505
f 371/523/371 506/771/506 299/406/299
f 208/273/208 275/372/275 205/269/205
f 464/772/464 502/773/502 482/774/482
f 394/560/394 486/713/486 403/578/403
f 350/488/350 447/646/447 455/661/455
f 306/415/306 463/674/463 392/558/392
f 446/642/446 507/775/507 430/655/430
f 366/758/366 501/757/501 508/776/508
f 468/681/468 509/777/509 457/663/457
f 366/778/366 508/779/508 398/780/398
f 468/681/468 423/604/423 510/781/510
f 470/683/470 504/768/504 328/449/328
f 459/665/459 493/726/493 380/534/380
f 326/445/326 255/348/255 165/207/165
f 459/665/459 492/724/492 493/726/493
f 399/616/399 462/782/462 480/700/480
f 378/531/378 426/625/426 475/693/475
f 227/303/227 255/348/255 250/333/250
f 460/666/460 461/669/461 472/685/472
f 396/564/396 454/660/454 449/649/449
f 459/665/459 432/725/432 492/724/492
f 365/506/365 417/596/417 511/783/511
f 429/617/429 415/593/415 512/784/512
f 439/785/439 513/786/513 463/787/463
f 388/548/388 514/788/514 446/642/446
f 342/789/342 515/790/515 488/791/488
f 368/515/368 516/792/516 386/542/386
f 279/433/279 517/793/517 428/794/428
f 401/572/401 477/696/477 518/795/518
f 464/796/464 500/759/500 502/761/502
f 479/699/479 439/797/439 453/659/453
f 387/545/387 467/679/467 519/798/519
f 445/641/445 425/606/425 520/799/520
f 445/641/445 520/799/520 521/800/521
f 439/801/439 522/802/522 523/803/523
f 355/493/355 431/622/431 524/804/524
f 388/548/388 337/547/337 525/805/525
f 446/642/446 526/806/526 507/775/507
f 374/753/374 464/755/464 435/807/435
f 479/699/479 310/421/310 527/808/527
f 338/466/338 420/599/420 528/809/528
f 447/810/447 529/811/529 455/812/455
f 482/766/482 503/765/503 491/813/491
f 338/466/338 530/814/530 431/815/431
f 468/681/468 510/781/510 509/777/509
f 406/583/406 499/749/499 441/637/441
f 430/655/430 507/775/507 466/816/466
f 368/515/368 445/641/445 516/792/516
f 403/578/403 486/713/486 531/817/531
f 419/737/419 495/736/495 420/818/420
f 454/819/454 370/769/370 505/770/505
f 451/654/451 532/820/532 383/538/383
f 475/693/475 533/821/533 378/531/378
f 280/822/280 496/823/496 451/824/451
f 337/547/337 534/825/534 525/805/525
f 448/647/448 517/793/517 279/433/279
f 342/826/342 535/827/535 515/828/515
f 398/780/398 508/779/508 536/829/536
f 408/656/408 392/558/392 537/830/537
f 474/690/474 403/578/403 531/817/531
f 439/801/439 523/803/523 513/831/513
f 386/542/386 538/832/538 539/833/539
f 436/632/436 484/711/484 540/834/540
f 414/763/414 491/835/491 503/764/503
f 425/606/425 474/702/474 531/836/531
f 458/717/458 488/716/488 541/837/541
f 386/542/386 516/792/516 538/832/538
f 435/630/435 542/838/542 476/839/476
f 435/630/435 476/839/476 484/711/484
f 435/807/435 464/755/464 456/840/456
f 435/630/435 456/841/456 542/838/542
f 458/717/458 541/837/541 505/770/505
f 420/818/420 495/736/495 387/842/387
f 355/756/355 524/843/524 501/757/501
f 461/669/461 543/844/543 472/685/472
f 492/724/492 398/723/398 493/726/493
f 414/763/414 383/845/383 469/846/469
f 527/808/527 439/797/439 479/699/479
f 490/847/490 544/848/544 477/696/477
f 439/797/439 527/808/527 522/849/522
f 383/845/383 532/850/532 470/851/470
f 451/824/451 504/852/504 532/850/532
f 420/853/420 519/854/519 545/855/545
f 388/548/388 525/805/525 546/856/546
f 404/580/404 494/727/494 547/857/547
f 241/332/241 246/858/246 263/359/263
f 457/663/457 509/777/509 548/859/548
f 414/763/414 469/846/469 491/835/491
f 511/783/511 337/464/337 365/506/365
f 441/637/441 549/860/549 369/519/369
f 338/466/338 528/809/528 530/814/530
f 476/861/476 542/862/542 456/863/456
f 480/700/480 462/782/462 544/864/544
f 480/865/480 544/866/544 490/867/490
f 404/580/404 547/857/547 550/868/550
f 401/572/401 518/795/518 485/712/485
f 499/749/499 551/869/551 441/637/441
f 470/851/470 469/846/469 383/845/383
f 515/790/515 552/870/552 488/791/488
f 404/580/404 550/868/550 417/596/417
f 425/606/425 531/836/531 553/871/553
f 486/713/486 553/872/553 531/817/531
f 409/586/409 554/873/554 333/457/333
f 154/301/154 243/323/243 339/468/339
f 423/604/423 555/874/555 510/781/510
f 407/584/407 455/661/455 494/875/494
f 438/634/438 341/471/341 533/876/533
f 421/691/421 555/874/555 423/604/423
f 536/877/536 556/878/556 398/723/398
f 504/852/504 451/824/451 447/879/447
f 454/660/454 505/880/505 541/881/541
f 386/542/386 539/833/539 424/882/424
f 527/808/527 310/421/310 522/849/522
f 242/322/242 557/883/557 558/884/558
f 233/885/233 489/718/489 196/300/196
f 431/622/431 559/886/559 524/804/524
f 447/887/447 560/888/560 529/889/529
f 398/723/398 556/878/556 493/726/493
f 387/545/387 519/798/519 420/890/420
f 457/663/457 548/859/548 561/891/561
f 523/803/523 562/892/562 513/831/513
f 499/749/499 466/678/466 563/893/563
f 466/816/466 507/775/507 563/894/563
f 317/430/317 497/744/497 498/746/498
f 463/787/463 513/786/513 564/895/564
f 425/606/425 553/871/553 520/799/520
f 514/788/514 565/896/565 446/642/446
f 470/851/470 532/850/532 504/852/504
f 299/897/299 566/898/566 342/899/342
f 388/548/388 546/856/546 514/788/514
f 451/824/451 496/823/496 447/879/447
f 299/897/299 506/900/506 566/898/566
f 243/323/243 336/463/336 339/468/339
f 516/792/516 445/641/445 521/800/521
f 310/421/310 567/901/567 562/902/562
f 465/677/465 424/605/424 568/903/568
f 467/679/467 569/904/569 519/798/519
f 449/692/449 570/905/570 475/693/475
f 493/906/493 556/907/556 571/908/571
f 493/909/493 571/910/571 461/911/461
f 378/531/378 533/821/533 341/532/341
f 497/744/497 572/912/572 498/746/498
f 454/660/454 541/881/541 573/913/573
f 454/660/454 573/913/573 449/649/449
f 457/663/457 561/891/561 478/697/478
f 310/421/310 562/902/562 522/849/522
f 472/914/472 574/915/574 487/767/487
f 259/353/259 231/310/231 575/916/575
f 415/917/415 576/918/576 512/919/512
f 369/576/369 549/715/549 476/695/476
f 472/685/472 543/844/543 574/920/574
f 522/802/522 562/892/562 523/803/523
f 263/359/263 246/858/246 577/921/577
f 540/834/540 578/922/578 579/923/579
f 420/599/420 545/924/545 528/809/528
f 231/310/231 580/925/580 575/916/575
f 471/684/471 581/926/581 486/713/486
f 484/711/484 476/839/476 540/834/540
f 515/828/515 582/927/582 552/928/552
f 436/632/436 583/929/583 443/709/443
f 421/601/421 487/767/487 584/930/584
f 540/931/540 476/908/476 549/932/549
f 585/933/585 586/934/586 587/935/587
f 510/781/510 588/936/588 589/937/589
f 497/938/497 408/656/408 537/830/537
f 510/781/510 589/937/589 509/777/509
f 371/939/371 590/940/590 506/900/506
f 560/888/560 447/887/447 591/941/591
f 447/879/447 496/823/496 591/942/591
f 556/878/556 536/877/536 571/943/571
f 477/696/477 544/848/544 592/944/592
f 392/558/392 463/674/463 537/830/537
f 415/917/415 443/709/443 593/945/593
f 483/710/483 594/946/594 462/670/462
f 586/934/586 585/933/585 595/947/595
f 541/837/541 488/716/488 582/948/582
f 429/728/429 512/949/512 467/679/467
f 448/647/448 596/950/596 517/793/517
f 549/860/549 441/637/441 597/951/597
f 552/952/552 582/953/582 488/954/488
f 478/697/478 561/891/561 598/955/598
f 155/196/155 339/468/339 599/956/599
f 436/632/436 540/834/540 579/923/579
f 586/934/586 600/957/600 587/935/587
f 431/815/431 530/814/530 559/958/559
f 478/697/478 598/955/598 471/698/471
f 586/934/586 595/947/595 601/959/601
f 585/933/585 587/935/587 602/960/602
f 541/881/541 582/961/582 573/913/573
f 521/962/521 520/963/520 603/964/603
f 540/834/540 549/965/549 578/922/578
f 585/933/585 604/966/604 595/947/595
f 585/933/585 602/960/602 605/967/605
f 449/649/449 573/913/573 606/968/606
f 446/642/446 565/896/565 607/969/607
f 446/642/446 607/969/607 526/806/526
f 428/794/428 557/970/557 242/971/242
f 204/267/204 489/718/489 229/308/229
f 448/972/448 395/594/395 596/973/596
f 509/974/509 589/975/589 608/976/608
f 509/777/509 608/977/608 609/978/609
f 485/712/485 518/795/518 610/979/610
f 513/831/513 611/980/611 567/981/567
f 501/757/501 612/982/612 508/776/508
f 544/848/544 613/983/613 592/944/592
f 560/888/614 496/984/615 614/985/616
f 591/942/591 496/823/496 560/986/560
f 462/987/462 615/988/617 544/989/544
f 562/892/562 611/980/611 513/831/513
f 337/547/337 616/990/618 534/825/534
f 310/421/310 465/677/465 617/991/619
f 310/421/310 617/991/619 618/992/620
f 417/596/417 550/868/550 511/783/511
f 310/421/310 618/992/620 567/901/567
f 485/745/485 610/993/610 619/994/621
f 604/966/604 620/995/622 595/947/595
f 475/693/475 621/996/623 533/821/533
f 428/794/428 622/997/624 557/970/557
f 553/872/553 486/713/486 520/998/520
f 485/745/485 619/994/621 483/710/483
f 600/957/600 623/999/625 587/935/587
f 483/710/483 619/994/621 594/946/594
f 562/902/562 567/901/567 611/1000/611
f 342/1001/342 566/1002/566 535/1003/535
f 461/911/461 571/910/571 543/1004/543
f 585/933/585 605/967/605 604/966/604
f 475/693/475 624/1005/626 621/996/623
f 507/775/507 526/806/526 625/1006/627
f 549/965/549 597/1007/597 578/922/578
f 600/957/600 586/934/586 601/959/601
f 259/353/259 575/916/575 276/428/276
f 471/698/471 598/955/598 626/1008/628
f 471/684/471 626/1009/628 581/926/581
f 563/894/563 507/775/507 625/1006/627
f 337/547/337 627/752/629 616/990/618
f 455/661/455 628/1010/630 494/875/494
f 475/693/475 570/905/570 624/1005/626
f 415/917/415 593/945/593 629/1011/631
f 421/601/421 584/930/584 555/1012/555
f 536/877/536 508/1013/508 571/943/571
f 449/692/449 630/1014/632 570/905/570
f 513/831/513 567/981/567 564/1015/564
f 449/692/449 631/1016/633 630/1014/632
f 521/962/521 603/964/603 632/1017/634
f 633/1018/635 631/1016/633 449/692/449
f 545/855/545 519/854/519 569/1019/569
f 515/828/515 535/827/535 582/927/582
f 579/923/579 634/1020/636 436/632/436
f 565/1021/565 514/1022/514 635/1023/637
f 509/1024/509 609/1025/609 636/1026/638
f 528/809/528 545/924/545 637/1027/639
f 564/1015/564 567/981/567 618/1028/620
f 602/1029/602 587/1030/587 638/1031/640
f 509/1024/509 639/1032/641 548/1033/548
f 596/973/596 395/594/395 438/634/438
f 605/1034/605 602/1029/602 640/1035/642
f 564/895/564 641/1036/643 463/787/463
f 623/1037/625 638/1031/640 587/1030/587
f 455/661/455 529/1038/529 642/1039/644
f 545/1040/545 569/904/569 637/1041/639
f 443/709/443 583/929/583 593/945/593
f 595/947/595 643/1042/645 601/959/601
f 613/983/613 544/848/544 644/1043/646
f 271/368/271 275/372/275 237/317/237
f 533/821/533 621/996/623 645/1044/647
f 571/1045/571 508/776/508 646/1046/648
f 530/814/530 647/1047/649 559/958/559
f 424/605/424 539/1048/539 648/1049/650
f 547/857/547 494/727/494 649/1050/651
f 633/1018/635 449/692/449 606/1051/606
f 520/1052/520 650/1053/652 603/1054/603
f 576/918/576 415/917/415 629/1011/631
f 579/923/579 578/922/578 597/1007/597
f 441/1055/441 551/1056/551 651/1057/653
f 455/661/455 642/1039/644 628/1010/630
f 573/913/573 582/961/582 652/1058/654
f 592/944/592 518/795/518 477/696/477
f 600/957/600 601/959/601 653/1059/655
f 467/679/467 512/949/512 576/1060/576
f 436/632/436 634/1020/636 583/929/583
f 509/1024/509 636/1026/638 639/1032/641
f 462/670/462 594/946/594 615/1061/617
f 499/749/499 563/893/563 551/869/551
f 641/1036/643 654/1062/656 463/787/463
f 424/605/424 648/1049/650 568/903/568
f 249/331/249 232/311/232 655/1063/657
f 604/966/604 605/967/605 656/1064/658
f 533/876/533 657/1065/659 438/634/438
f 579/1066/660 597/1067/661 658/1068/662
f 565/896/565 659/1069/663 607/969/607
f 617/991/619 465/677/465 660/1070/664
f 602/1029/602 638/1031/640 640/1035/642
f 514/1022/514 546/1071/546 633/1072/635
f 560/888/560 661/1073/665 529/889/529
f 526/806/526 607/969/607 662/1074/666
f 528/809/528 637/1027/639 663/1075/667
f 635/1023/637 514/1022/514 633/1072/635
f 535/827/535 652/1076/654 582/927/582
f 494/875/494 628/1010/630 649/1077/651
f 564/1015/564 617/1078/619 641/1079/643
f 613/983/613 664/1080/668 592/944/592
f 529/1081/529 665/1082/669 642/1083/644
f 666/1084/670 658/1085/662 597/610/661
f 595/947/595 620/995/622 667/1086/671
f 481/1087/481 661/1088/665 496/1089/496
f 613/1090/613 644/1091/646 664/1092/668
f 528/809/528 647/1047/649 530/814/530
f 533/821/533 645/1044/647 668/1093/672
f 595/947/595 669/1094/673 643/1042/645
f 544/989/544 615/988/617 644/1095/646
f 486/713/486 650/1096/652 520/998/520
f 486/713/486 670/1097/674 650/1096/652
f 630/1098/632 631/1099/633 525/1100/525
f 571/910/571 646/1101/648 543/1004/543
f 638/1031/640 623/1037/625 671/1102/675
f 534/1103/534 616/1104/618 570/1105/570
f 633/1072/635 546/1071/546 631/1099/633
f 535/1106/535 566/898/566 672/1107/676
f 487/767/487 574/915/574 673/1108/677
f 487/767/487 673/1108/677 584/930/584
f 605/1034/605 640/1035/642 674/1109/678
f 598/955/598 561/891/561 675/1110/679
f 231/310/231 236/316/236 676/1111/680
f 652/1058/654 677/1112/681 573/913/573
f 535/1113/535 678/1114/682 652/1067/654
f 633/1072/635 606/968/606 635/1023/637
f 525/1100/525 631/1099/633 546/1071/546
f 560/888/560 496/984/496 661/1073/665
f 579/923/579 679/1115/683 634/1020/636
f 467/679/467 663/1116/667 569/904/569
f 657/1065/659 680/1117/684 438/634/438
f 533/821/533 681/1118/685 682/1119/686
f 511/783/511 627/1120/629 337/464/337
f 607/969/607 659/1069/663 683/1121/687
f 630/1098/632 534/1103/534 570/1105/570
f 637/1041/639 569/904/569 663/1116/667
f 573/913/573 677/1112/681 684/1122/688
f 659/1123/663 565/1021/565 606/968/606
f 592/1124/592 685/1125/689 518/1126/518
f 533/876/533 686/1127/690 657/1065/659
f 643/1128/645 669/1129/673 687/1130/691
f 534/1103/534 630/1098/632 525/1100/525
f 573/913/573 683/1131/687 606/968/606
f 565/1021/565 635/1023/637 606/968/606
f 592/944/592 664/1080/668 685/1132/689
f 529/889/529 661/1073/665 688/1133/692
f 615/988/617 689/1134/693 644/1095/646
f 579/923/579 597/1007/597 679/1115/683
f 589/937/589 690/1135/694 691/1136/695
f 589/937/589 692/1137/696 608/977/608
f 589/937/589 691/1136/695 692/1137/696
f 564/1015/564 618/1028/620 617/1078/619
f 561/891/561 548/859/548 693/1138/697
f 603/1054/603 650/1053/652 694/1139/698
f 624/1140/626 570/1105/570 616/1104/618
f 605/967/605 674/1141/678 656/1064/658
f 155/196/155 599/956/599 295/400/295
f 463/674/463 695/1142/699 537/830/537
f 601/959/601 643/1042/645 653/1059/655
f 561/891/561 693/1138/697 675/1110/679
f 623/1037/625 600/1143/600 696/1144/700
f 597/951/597 441/637/441 679/1145/683
f 616/1104/618 697/1146/701 624/1140/626
f 603/964/603 694/1147/698 632/1017/634
f 653/1059/655 643/1042/645 698/1148/702
f 594/946/594 619/994/621 615/1061/617
f 595/947/595 690/1149/694 669/1094/673
f 621/996/623 624/1005/626 697/1150/701
f 211/282/211 248/329/248 699/1151/703
f 595/947/595 667/1086/671 692/1152/696
f 612/982/612 646/1046/648 508/776/508
f 576/1060/576 700/1153/704 467/679/467
f 242/322/242 701/1154/705 702/1155/706
f 242/322/242 702/1155/706 246/327/246
f 653/1059/655 703/1156/707 600/957/600
f 632/1017/634 704/1157/708 521/962/521
f 463/787/463 654/1062/656 695/1158/699
f 595/947/595 692/1152/696 691/1159/695
f 595/947/595 691/1159/695 690/1149/694
f 537/830/537 705/1160/709 497/938/497
f 704/1157/708 706/1161/710 521/962/521
f 271/368/271 452/658/452 707/1162/711
f 409/628/409 434/627/434 554/1163/554
f 535/1164/535 672/1165/676 677/1166/681
f 526/806/526 662/1074/666 625/1006/627
f 659/1123/663 606/968/606 683/1131/687
f 639/1032/641 708/1167/712 548/1033/548
f 615/1061/617 619/994/621 709/1168/713
f 521/800/521 706/1169/710 516/792/516
f 246/858/246 710/1170/714 577/921/577
f 551/1056/551 563/1171/563 711/1172/715
f 588/936/588 712/1173/716 713/1174/717
f 529/889/529 688/1133/692 714/1175/718
f 535/1176/535 677/1177/681 678/1178/682
f 205/269/205 275/372/275 715/1179/719
f 623/1037/625 696/1144/700 671/1102/675
f 664/1180/668 644/1181/646 685/1182/689
f 588/936/588 510/781/510 712/1173/716
f 636/1183/638 609/1184/609 620/995/622
f 694/1139/698 650/1053/652 670/1185/674
f 694/1186/698 670/1187/674 632/1188/634
f 634/1189/636 679/1190/683 716/1191/720
f 681/1118/685 533/821/533 668/1093/672
f 615/988/617 717/1192/721 689/1134/693
f 465/677/465 568/903/568 718/1193/722
f 607/969/607 683/1121/687 719/1194/723
f 510/781/510 555/874/555 712/1173/716
f 609/978/609 608/977/608 667/1195/671
f 465/677/465 718/1193/722 660/1070/664
f 678/1196/682 677/1112/681 652/1058/654
f 608/977/608 692/1137/696 667/1195/671
f 506/900/506 590/940/590 720/1197/724
f 588/936/588 690/1135/694 589/937/589
f 589/1198/725 690/1199/726 721/1200/727
f 673/1108/677 574/915/574 722/1201/728
f 550/868/550 547/857/547 723/1202/729
f 661/1088/665 481/1087/481 688/1203/692
f 610/993/610 724/1204/730 619/994/621
f 653/1059/655 698/1148/702 703/1156/707
f 680/1205/684 657/1206/659 547/857/547
f 674/1109/678 640/1035/642 725/1207/731
f 612/982/612 726/1208/732 646/1046/648
f 441/1055/441 651/1057/653 679/1209/683
f 616/1104/618 627/1120/629 697/1146/701
f 224/298/224 727/1210/733 728/1211/734
f 654/1062/656 641/1036/643 729/1212/735
f 640/1035/642 638/1031/640 725/1207/731
f 641/1079/643 617/1078/619 660/1213/664
f 547/857/547 657/1206/659 723/1202/729
f 683/1131/687 730/1214/736 719/1215/723
f 714/1216/718 731/1217/737 529/1218/529
f 663/1075/667 732/1219/738 528/809/528
f 518/795/518 733/1220/739 610/979/610
f 609/1184/609 667/1086/671 620/995/622
f 428/794/428 734/1221/740 622/997/624
f 621/1222/623 697/1146/701 627/1120/629
f 533/821/533 735/1223/741 686/1224/690
f 588/1225/588 669/1094/673 690/1149/694
f 498/746/498 736/1226/742 481/701/481
f 716/1227/720 679/1228/683 737/1229/743
f 716/1227/720 737/1229/743 634/1230/636
f 641/1079/643 660/1213/664 729/1231/735
f 539/833/539 538/832/538 648/1232/650
f 704/1233/708 632/1234/634 738/1235/744
f 486/713/486 581/926/581 670/1097/674
f 588/1236/588 713/1237/717 669/1238/673
f 600/1239/600 703/1240/707 739/1241/745
f 581/926/581 740/1242/746 670/1097/674
f 573/913/573 730/1214/736 683/1131/687
f 604/966/604 656/1064/658 741/1243/747
f 625/1006/627 742/1244/748 563/894/563
f 543/1004/543 743/1245/749 744/1246/750
f 686/1127/690 723/1247/729 657/1065/659
f 680/1248/684 547/1249/547 745/1250/751
f 543/1004/543 646/1101/648 743/1245/749
f 600/1239/600 739/1241/745 696/1251/700
f 497/938/497 705/1160/709 572/1252/572
f 547/1249/547 649/1077/651 745/1250/751
f 529/1253/529 731/1254/737 665/1255/669
f 506/900/506 746/1256/752 566/898/566
f 506/900/506 720/1197/724 746/1256/752
f 687/1257/691 747/1258/753 643/1259/645
f 620/995/622 604/966/604 748/1260/754
f 224/298/224 728/1211/734 452/658/452
f 566/898/566 746/1256/752 672/1107/676
f 634/1230/636 737/1229/743 749/1261/755
f 714/1262/718 750/1263/756 731/1264/737
f 639/1032/641 751/1265/757 708/1167/712
f 467/679/467 752/1266/758 663/1116/667
f 574/920/574 543/844/543 744/1267/750
f 573/913/573 753/1268/759 754/1269/760
f 573/913/573 754/1269/760 730/1214/736
f 607/969/607 719/1194/723 755/1270/761
f 648/1232/650 538/832/538 756/1271/762
f 644/1272/646 757/1273/763 685/1274/689
f 685/1132/689 733/1220/739 518/795/518
f 632/1188/634 670/1187/674 738/1275/744
f 533/821/533 682/1119/686 735/1223/741
f 467/679/467 700/1153/704 752/1266/758
f 714/1276/718 688/1203/692 481/1087/481
f 714/1276/718 481/1087/481 750/1277/756
f 651/1057/653 737/1278/743 679/1209/683
f 621/1222/623 627/1120/629 645/1279/647
f 615/988/617 709/1280/713 717/1192/721
f 735/1281/741 723/1247/729 686/1127/690
f 511/783/511 550/868/550 681/1282/685
f 643/1283/645 747/1284/753 758/1285/764
f 646/1046/648 726/1208/732 759/1286/765
f 607/969/607 755/1270/761 662/1074/666
f 712/1173/716 747/1287/753 713/1174/717
f 333/457/333 554/873/554 760/1288/766
f 538/832/538 516/792/516 756/1271/762
f 668/1289/672 645/1279/647 761/1290/767
f 669/1291/673 713/1292/717 687/1257/691
f 642/1083/644 665/1082/669 762/1293/768
f 563/1171/563 742/1294/748 711/1172/715
f 626/1008/628 598/955/598 675/1110/679
f 620/995/622 748/1260/754 636/1183/638
f 671/1102/675 763/1295/769 638/1031/640
f 555/874/555 764/1296/770 712/1173/716
f 719/1194/723 730/1297/736 754/1298/760
f 719/1299/771 754/1300/772 765/1301/773
f 207/272/207 250/333/250 766/1302/774
f 573/913/573 684/1122/688 753/1268/759
f 719/1194/723 754/1298/760 755/1270/761
f 248/329/248 229/308/229 767/1303/775
f 604/966/604 741/1243/747 748/1260/754
f 724/1304/730 768/1305/776 619/1306/621
f 333/457/333 760/1288/766 450/653/450
f 511/783/511 761/1290/767 627/1120/629
f 224/298/224 411/588/411 727/1210/733
f 271/368/271 707/1162/711 275/372/275
f 619/1307/621 769/1308/777 709/1309/713
f 610/993/610 770/1310/778 724/1204/730
f 428/794/428 517/793/517 734/1221/740
f 371/523/371 450/653/450 590/1311/590
f 528/809/528 732/1219/738 647/1047/649
f 656/1312/658 674/1109/678 771/1313/779
f 704/1233/708 738/1235/744 772/1314/780
f 733/1315/739 770/1310/778 610/993/610
f 231/310/231 676/1111/680 580/925/580
f 501/757/501 773/1316/781 612/982/612
f 246/327/246 702/1155/706 710/1317/714
f 713/1292/717 747/1258/753 687/1257/691
f 636/1318/638 748/1319/754 639/1320/641
f 696/1251/700 739/1241/745 774/1321/782
f 644/1095/646 689/1134/693 775/1322/783
f 750/1277/756 481/1087/481 731/1323/737
f 761/1290/767 645/1279/647 627/1120/629
f 681/1118/685 668/1093/672 776/1324/784
f 731/1254/737 481/1325/481 777/1326/785
f 761/1290/767 511/783/511 668/1289/672
f 764/1296/770 555/874/555 778/1327/786
f 581/1328/581 626/1008/628 779/1329/787
f 581/1328/581 779/1329/787 740/1330/746
f 639/1331/641 748/1332/754 751/1333/757
f 537/830/537 695/1142/699 780/1334/788
f 648/1335/650 756/1336/762 557/1337/557
f 557/1338/557 756/1271/762 781/1339/789
f 557/883/557 781/1340/789 558/884/558
f 672/1165/676 782/1341/790 677/1166/681
f 550/868/550 682/1342/686 681/1282/685
f 550/868/550 723/1202/729 682/1342/686
f 665/1255/669 731/1254/737 777/1326/785
f 634/1343/636 749/1344/755 783/1345/791
f 729/1346/735 660/1070/664 718/1193/722
f 654/1062/656 729/1212/735 784/1347/792
f 501/757/501 524/843/524 773/1316/781
f 662/1074/666 755/1270/761 785/1348/793
f 557/970/557 622/997/624 648/1349/650
f 708/1167/712 786/1350/794 787/1351/795
f 708/1167/712 787/1351/795 548/1033/548
f 481/701/481 736/1226/742 777/1352/785
f 671/1102/675 696/1144/700 788/1353/796
f 717/1354/721 709/1355/713 769/1356/777
f 717/1354/721 769/1356/777 789/1357/797
f 574/920/574 744/1267/750 722/1358/728
f 584/930/584 790/1359/798 555/1012/555
f 708/1360/712 751/1361/757 748/1362/754
f 551/1056/551 711/1172/715 791/1363/799
f 772/1364/780 792/1365/800 704/1157/708
f 738/1235/744 793/1366/801 772/1314/780
f 576/918/576 629/1011/631 700/1367/704
f 634/1020/636 783/1368/791 583/929/583
f 764/1296/770 778/1327/786 794/1369/802
f 511/783/511 776/1370/784 668/1289/672
f 785/1371/793 755/1372/761 795/1373/803
f 665/1255/669 777/1326/785 736/1374/742
f 733/1375/739 685/1376/689 796/1377/804
f 733/1375/739 796/1377/804 797/1378/805
f 684/1122/688 677/1112/681 798/1379/806
f 559/958/559 799/1380/807 800/1381/808
f 559/1382/559 800/1383/808 524/843/524
f 738/1235/744 670/1384/674 793/1366/801
f 210/280/210 801/1385/809 222/1386/222
f 248/329/248 767/1303/775 699/1151/703
f 771/1313/779 741/1387/747 656/1312/658
f 735/1281/741 682/1388/686 723/1247/729
f 685/1274/689 757/1273/763 802/1389/810
f 680/1390/684 745/1391/751 803/1392/811
f 737/1229/743 804/1393/812 749/1261/755
f 689/1394/693 805/1395/813 806/1396/814
f 749/1344/755 804/1397/812 783/1345/791
f 672/1107/676 746/1256/752 798/1398/806
f 672/1107/676 798/1398/806 782/1399/790
f 646/1101/648 759/1400/765 743/1245/749
f 642/1039/644 807/1401/815 808/1402/816
f 642/1039/644 808/1402/816 628/1010/630
f 755/1270/761 754/1298/760 753/1403/759
f 755/1404/761 753/1405/759 809/1406/817
f 622/997/624 810/1407/818 648/1349/650
f 685/1376/689 802/1408/810 796/1377/804
f 671/1102/675 788/1353/796 811/1409/819
f 619/1307/621 805/1410/813 769/1308/777
f 638/1031/640 763/1295/769 725/1207/731
f 764/1296/770 747/1287/753 712/1173/716
f 626/1008/628 675/1110/679 779/1329/787
f 511/783/511 681/1282/685 776/1370/784
f 554/1163/554 434/627/434 812/1411/820
f 643/1283/645 758/1285/764 813/1412/821
f 276/517/276 575/1413/575 434/627/434
f 628/1010/630 808/1402/816 649/1077/651
f 438/634/438 680/1117/684 803/1414/811
f 737/1415/743 651/1416/653 804/1417/812
f 537/830/537 814/1418/822 705/1160/709
f 689/1134/693 806/1419/814 775/1322/783
f 758/1420/764 747/1287/753 764/1296/770
f 769/1356/777 805/1395/813 815/1421/823
f 725/1207/731 816/1422/824 674/1109/678
f 677/1166/681 782/1341/790 798/1423/806
f 724/1304/730 817/1424/825 768/1305/776
f 674/1109/678 816/1422/824 771/1313/779
f 649/1077/651 808/1402/816 745/1250/751
f 242/1425/242 558/1426/558 701/1427/705
f 644/1095/646 775/1322/783 757/1428/763
f 648/1049/650 810/1429/818 568/903/568
f 732/1219/738 663/1075/667 752/1430/758
f 689/1394/693 815/1421/823 805/1395/813
f 795/1431/803 755/1432/761 809/1433/817
f 612/982/612 773/1316/781 726/1208/732
f 577/921/577 710/1170/714 818/1434/826
f 784/1435/792 729/1436/735 718/1437/722
f 726/1208/732 773/1316/781 819/1438/827
f 724/1304/730 770/1439/778 820/1440/828
f 772/1314/780 793/1366/801 792/1441/800
f 675/1110/679 693/1138/697 821/1442/829
f 596/950/596 734/1221/740 517/793/517
f 795/1443/803 753/1444/759 785/1445/793
f 537/830/537 780/1334/788 814/1418/822
f 577/921/577 727/1210/733 263/359/263
f 742/1244/748 625/1006/627 822/1446/830
f 671/1102/675 811/1409/819 763/1295/769
f 733/1375/739 797/1378/805 770/1447/778
f 625/1006/627 662/1074/666 822/1446/830
f 743/1245/749 759/1400/765 819/1448/827
f 704/1157/708 792/1365/800 823/1449/831
f 759/1400/765 726/1450/732 819/1448/827
f 559/958/559 647/1047/649 799/1380/807
f 748/1362/754 824/1451/832 786/1452/794
f 757/1428/763 775/1322/783 802/1453/810
f 748/1260/754 741/1243/747 824/1454/832
f 619/1306/621 768/1305/776 805/1455/813
f 809/1456/817 753/1457/759 795/1458/803
f 696/1144/700 825/1459/833 788/1353/796
f 745/1250/751 808/1402/816 803/1460/811
f 785/1348/793 826/1461/834 662/1074/666
f 748/1362/754 786/1452/794 708/1360/712
f 796/1377/804 802/1408/810 827/1462/835
f 739/1241/745 828/1463/836 774/1321/782
f 724/1304/730 820/1440/828 817/1424/825
f 805/1464/813 829/1465/837 806/1419/814
f 734/1221/740 830/1466/838 622/997/624
f 554/873/554 812/1467/820 760/1288/766
f 732/1219/738 831/1468/839 647/1047/649
f 211/282/211 699/1151/703 219/293/219
f 695/1158/699 654/1062/656 780/1469/788
f 548/1033/548 787/1351/795 693/1470/697
f 593/945/593 832/1471/840 629/1011/631
f 732/1219/738 752/1430/758 831/1468/839
f 651/1057/653 791/1363/799 804/1397/812
f 698/1148/702 643/1042/645 833/1472/841
f 524/843/524 800/1383/808 773/1316/781
f 596/973/596 438/634/438 834/1473/842
f 596/973/596 834/1473/842 734/1474/740
f 805/1455/813 768/1305/776 829/1475/837
f 584/930/584 673/1108/677 790/1359/798
f 572/912/572 835/1476/843 498/746/498
f 784/1477/844 718/1478/845 836/1479/846
f 622/1480/624 830/1481/838 810/1429/818
f 770/1447/778 797/1378/805 820/1482/828
f 651/1057/653 551/1056/551 791/1363/799
f 558/884/558 781/1340/789 701/1154/705
f 438/634/438 803/1414/811 834/1473/842
f 744/1246/750 743/1245/749 837/1483/847
f 758/1484/764 794/1485/802 813/1486/821
f 643/1283/645 813/1412/821 833/1487/841
f 758/1488/764 764/1489/770 794/1490/802
f 700/1153/704 838/1491/848 752/1266/758
f 568/903/568 810/1429/818 839/1492/849
f 739/1493/745 703/1156/707 840/1494/850
f 263/359/263 727/1210/733 413/591/413
f 744/1246/750 837/1483/847 722/1495/728
f 696/1144/700 774/1496/782 825/1459/833
f 673/1108/677 722/1201/728 841/1497/851
f 516/792/516 842/1498/852 756/1271/762
f 210/280/210 216/290/216 801/1385/809
f 753/1268/759 684/1122/688 785/1499/793
f 670/1097/674 740/1242/746 793/1500/801
f 293/398/293 295/400/295 843/1501/853
f 779/1329/787 675/1110/679 821/1442/829
f 806/1419/814 844/1502/854 775/1322/783
f 722/1495/728 837/1483/847 841/1503/851
f 583/929/583 832/1471/840 593/945/593
f 572/912/572 705/1504/709 835/1476/843
f 787/1351/795 786/1350/794 845/1505/855
f 806/1419/814 846/1506/856 847/1507/857
f 739/1241/745 848/1508/858 828/1463/836
f 806/1419/814 847/1507/857 844/1502/854
f 778/1509/786 813/1486/821 794/1485/802
f 665/1255/669 736/1374/742 498/1510/498
f 830/1481/838 839/1492/849 810/1429/818
f 796/1377/804 849/1511/859 820/1482/828
f 796/1377/804 820/1482/828 797/1378/805
f 806/1419/814 829/1465/837 850/1512/860
f 806/1419/814 850/1512/860 846/1506/856
f 516/792/516 706/1169/710 842/1498/852
f 665/1513/669 851/1514/861 762/1515/768
f 725/1207/731 763/1295/769 852/1516/862
f 819/1448/827 853/1517/863 743/1245/749
f 725/1207/731 852/1516/862 816/1422/824
f 662/1074/666 826/1461/834 854/1518/864
f 792/1519/800 855/1520/865 823/1521/831
f 768/1522/776 850/1523/860 829/1524/837
f 784/1347/792 856/1525/866 654/1062/656
f 746/1256/752 720/1197/724 857/1526/867
f 786/1452/794 824/1451/832 845/1527/855
f 792/1528/800 793/1500/801 740/1242/746
f 792/1529/800 740/1530/746 855/1531/865
f 746/1256/752 858/1532/868 798/1398/806
f 746/1256/752 857/1526/867 858/1532/868
f 783/1345/791 804/1397/812 859/1533/869
f 555/874/555 860/1534/870 778/1327/786
f 803/1460/811 808/1402/816 861/1535/871
f 215/289/215 205/269/205 862/1536/872
f 684/1537/688 863/1538/873 785/1539/793
f 665/1255/669 498/1510/498 851/1540/861
f 411/588/411 413/591/413 727/1210/733
f 642/1083/644 762/1293/768 807/1541/815
f 703/1156/707 698/1148/702 840/1494/850
f 684/1537/688 798/1542/806 858/1543/868
f 826/1544/834 864/1545/874 854/1546/864
f 856/1525/866 865/1547/875 654/1062/656
f 718/1548/722 866/1549/876 784/1550/792
f 775/1322/783 867/1551/877 802/1453/810
f 706/1161/710 868/1552/878 842/1553/852
f 783/1345/791 859/1533/869 869/1554/879
f 856/1555/866 784/1556/792 866/1557/876
f 856/1555/866 866/1557/876 870/1558/880
f 846/1559/856 850/1560/860 847/1561/857
f 831/1468/839 752/1430/758 871/1562/881
f 763/1295/769 811/1409/819 872/1563/882
f 830/1481/838 873/1564/883 839/1492/849
f 821/1565/829 693/1470/697 874/1566/884
f 827/1462/835 849/1511/859 796/1377/804
f 684/1537/688 875/1567/885 863/1538/873
f 788/1353/796 876/1568/886 811/1409/819
f 826/1461/834 785/1348/793 863/1569/873
f 826/1461/834 863/1569/873 864/1570/874
f 255/348/255 326/445/326 877/1571/887
f 718/1193/722 568/903/568 866/1572/876
f 788/1353/796 825/1459/833 876/1568/886
f 823/1449/831 878/1573/888 879/1574/889
f 823/1449/831 879/1574/889 704/1157/708
f 756/1271/762 842/1498/852 781/1339/789
f 855/1520/865 880/1575/890 823/1521/831
f 823/1521/831 880/1575/890 878/1576/888
f 568/903/568 839/1492/849 881/1577/891
f 813/1412/821 882/1578/892 833/1487/841
f 700/1367/704 629/1011/631 883/1579/893
f 808/1402/816 807/1401/815 861/1535/871
f 684/1537/688 858/1543/868 875/1567/885
f 856/1555/866 870/1558/880 865/1580/875
f 845/1505/855 884/1581/894 787/1351/795
f 819/1438/827 773/1316/781 853/1582/863
f 741/1387/747 771/1313/779 885/1583/895
f 854/1518/864 864/1570/874 886/1584/896
f 820/1440/828 887/1585/897 817/1424/825
f 804/1397/812 791/1363/799 859/1533/869
f 768/1305/776 817/1424/825 888/1586/898
f 855/1587/865 740/1588/746 880/1589/890
f 763/1295/769 872/1563/882 852/1516/862
f 232/311/232 228/307/228 655/1063/657
f 820/1482/828 849/1511/859 887/1590/897
f 802/1591/810 867/1592/877 889/1593/899
f 870/1558/880 890/1594/900 865/1580/875
f 850/1560/860 768/1595/776 847/1561/857
f 555/874/555 790/1596/798 860/1534/870
f 884/1597/894 845/1527/855 824/1451/832
f 711/1598/715 742/1244/748 891/1599/901
f 864/1570/874 863/1569/873 886/1584/896
f 799/1380/807 892/1600/902 800/1381/808
f 857/1526/867 893/1601/903 858/1532/868
f 706/1161/710 879/1574/889 868/1552/878
f 778/1602/786 860/1603/870 813/1604/821
f 883/1605/893 838/1491/848 700/1153/704
f 814/1418/822 894/1606/904 705/1160/709
f 851/1540/861 895/1607/905 762/1608/768
f 705/1160/709 894/1606/904 835/1609/843
f 775/1322/783 844/1502/854 896/1610/906
f 844/1611/854 897/1612/907 896/1613/906
f 865/1614/875 890/1615/900 898/1616/908
f 741/1387/747 885/1583/895 899/1617/909
f 773/1316/781 900/1618/910 853/1582/863
f 577/921/577 818/1434/826 727/1210/733
f 704/1157/708 879/1574/889 706/1161/710
f 647/1047/649 831/1468/839 871/1562/881
f 844/1619/854 901/1620/911 897/1621/907
f 851/1540/861 498/1510/498 895/1607/905
f 872/1622/882 811/1623/819 902/1624/912
f 251/334/251 222/296/222 903/1625/913
f 896/1610/906 904/1626/914 775/1322/783
f 498/746/498 835/1476/843 905/1627/915
f 832/1471/840 906/1628/916 629/1011/631
f 647/1047/649 907/1629/917 799/1380/807
f 739/1241/745 840/1630/850 848/1508/858
f 813/1604/821 860/1603/870 882/1631/892
f 871/1562/881 752/1430/758 908/1632/918
f 568/903/568 890/1633/900 866/1572/876
f 827/1462/835 887/1590/897 849/1511/859
f 876/1634/886 909/1635/919 811/1623/819
f 568/903/568 910/1636/920 890/1633/900
f 889/1637/899 911/1638/921 802/1408/810
f 824/1454/832 741/1243/747 899/1639/909
f 901/1640/911 768/1641/776 897/1642/907
f 866/1557/876 890/1594/900 870/1558/880
f 865/1547/875 898/1643/908 912/1644/922
f 857/1645/867 720/1646/724 893/1647/903
f 860/1603/870 790/1648/798 913/1649/923
f 824/1650/832 914/1651/924 884/1652/894
f 881/1577/891 910/1636/920 568/903/568
f 780/1469/788 654/1062/656 915/1653/925
f 869/1554/879 916/1654/926 783/1345/791
f 673/1108/677 917/1655/927 790/1359/798
f 841/1497/851 917/1655/927 673/1108/677
f 802/1408/810 911/1638/921 827/1462/835
f 791/1363/799 918/1656/928 859/1533/869
f 771/1313/779 919/1657/929 885/1583/895
f 858/1658/868 893/1659/903 875/1660/885
f 859/1533/869 918/1656/928 869/1554/879
f 775/1322/783 904/1626/914 867/1551/877
f 876/1634/886 825/1661/833 920/1662/930
f 898/1616/908 890/1615/900 921/1663/931
f 498/1664/498 922/1665/932 895/1666/905
f 762/1608/768 895/1607/905 922/1667/932
f 884/1581/894 923/1668/933 787/1351/795
f 872/1622/882 902/1624/912 924/1669/934
f 909/1635/919 925/1670/935 811/1623/819
f 898/1671/908 921/1672/931 912/1673/922
f 762/1293/768 926/1674/936 807/1541/815
f 762/1608/768 922/1667/932 926/1675/936
f 599/956/599 339/468/339 927/1676/937
f 876/1634/886 920/1662/930 909/1635/919
f 814/1418/822 780/1334/788 915/1677/925
f 896/1678/906 897/1679/907 928/1680/938
f 787/1351/795 929/1681/939 693/1470/697
f 803/1460/811 861/1535/871 930/1682/940
f 787/1351/795 923/1668/933 929/1681/939
f 662/1683/666 931/1684/941 822/1685/830
f 842/1498/852 932/1686/942 781/1339/789
f 853/1517/863 933/1687/943 743/1245/749
f 229/308/229 934/1688/944 767/1303/775
f 853/1517/863 900/1689/910 933/1687/943
f 886/1690/896 863/1691/873 854/1692/864
f 884/1693/894 914/1694/924 923/1695/933
f 861/1535/871 807/1401/815 930/1682/940
f 771/1313/779 816/1422/824 919/1657/929
f 662/1074/666 854/1518/864 931/1696/941
f 811/1623/819 925/1670/935 902/1624/912
f 873/1697/883 830/1466/838 935/1698/945
f 882/1631/892 860/1603/870 913/1649/923
f 701/1154/705 781/1340/789 932/1699/942
f 814/1418/822 936/1700/946 894/1606/904
f 937/1701/947 938/1702/948 939/1703/949
f 840/1494/850 698/1148/702 940/1704/950
f 937/1701/947 939/1703/949 941/1705/951
f 897/1679/907 768/1706/776 928/1680/938
f 878/1573/888 942/1707/952 879/1574/889
f 917/1655/927 841/1497/851 943/1708/953
f 872/1622/882 924/1669/934 944/1709/954
f 825/1459/833 945/1710/955 920/1711/930
f 817/1712/825 887/1713/897 888/1714/898
f 824/1454/832 899/1639/909 914/1715/924
f 937/1701/947 946/1716/956 938/1702/948
f 752/1266/758 838/1491/848 908/1717/918
f 848/1508/858 947/1718/957 828/1463/836
f 720/1646/724 590/1311/590 948/1719/958
f 937/1701/947 941/1705/951 949/1720/959
f 339/468/339 950/1721/960 927/1676/937
f 816/1422/824 852/1516/862 951/1722/961
f 869/1723/879 952/1724/962 916/1725/926
f 743/1245/749 933/1687/943 953/1726/963
f 629/1011/631 906/1628/916 883/1579/893
f 498/1510/498 905/1727/915 922/1667/932
f 854/1518/864 863/1569/873 954/1728/964
f 779/1329/787 821/1442/829 955/1729/965
f 878/1576/888 880/1575/890 956/1730/966
f 878/1576/888 956/1730/966 942/1731/952
f 880/1589/890 740/1588/746 956/1732/966
f 774/1496/782 957/1733/967 825/1459/833
f 791/1734/799 711/1598/715 918/1735/928
f 921/1736/931 890/1737/900 912/1738/922
f 837/1483/847 943/1739/953 841/1503/851
f 902/1740/912 958/1741/968 924/1742/934
f 865/1547/875 912/1644/922 959/1743/969
f 923/1668/933 960/1744/970 929/1681/939
f 768/1305/776 888/1586/898 928/1745/938
f 912/1746/922 890/1747/900 910/1748/920
f 946/1716/956 961/1749/971 938/1702/948
f 939/1703/949 958/1750/968 962/1751/972
f 779/1329/787 963/1752/973 740/1330/746
f 925/1753/935 909/1754/919 962/1755/972
f 698/1148/702 833/1472/841 940/1704/950
f 879/1574/889 942/1707/952 964/1756/974
f 939/1703/949 962/1751/972 941/1705/951
f 881/1577/891 839/1492/849 873/1564/883
f 909/1757/919 965/1758/975 962/1759/972
f 867/1760/877 966/1761/976 889/1762/899
f 336/463/336 251/347/251 903/1763/913
f 865/1547/875 959/1743/969 654/1062/656
f 854/1518/864 954/1728/964 931/1696/941
f 925/1764/935 962/1765/972 902/1740/912
f 434/627/434 967/1766/977 812/1411/820
f 920/1711/930 968/1767/978 909/1768/919
f 958/1750/968 939/1703/949 969/1769/979
f 840/1630/850 970/1770/980 848/1508/858
f 939/1703/949 938/1702/948 969/1769/979
f 200/286/200 213/285/213 326/1771/326
f 821/1442/829 874/1772/884 955/1729/965
f 909/1768/919 968/1767/978 965/1773/975
f 816/1422/824 951/1722/961 919/1657/929
f 871/1562/881 907/1629/917 647/1047/649
f 711/1598/715 891/1599/901 918/1735/928
f 944/1709/954 971/1774/981 872/1622/882
f 825/1459/833 972/1775/982 945/1710/955
f 923/1776/933 973/1777/983 960/1778/970
f 912/1746/922 910/1748/920 959/1779/969
f 949/1720/959 974/1780/984 937/1701/947
f 933/1781/943 900/1782/910 953/1783/963
f 814/1784/822 915/1653/925 936/1785/946
f 833/1487/841 882/1578/892 913/1786/923
f 941/1705/951 962/1751/972 975/1787/985
f 883/1605/893 976/1788/986 838/1491/848
f 916/1789/926 977/1790/987 783/1791/791
f 958/1741/968 902/1740/912 962/1765/972
f 842/1792/852 868/1793/878 932/1699/942
f 766/1302/774 250/333/250 978/1794/988
f 924/1742/934 958/1741/968 944/1795/954
f 894/1606/904 936/1700/946 979/1796/989
f 222/296/222 801/1797/809 903/1625/913
f 774/1321/782 828/1463/836 980/1798/990
f 779/1329/787 955/1729/965 963/1752/973
f 896/1799/906 981/1800/991 904/1801/914
f 962/1751/972 968/1802/978 975/1787/985
f 835/1803/843 894/1804/904 979/1805/989
f 872/1622/882 971/1774/981 982/1806/992
f 916/1725/926 952/1724/962 977/1807/987
f 923/1776/933 914/1808/924 973/1777/983
f 583/929/583 783/1368/791 983/1809/993
f 937/1701/947 974/1780/984 946/1716/956
f 869/1554/879 918/1656/928 952/1810/962
f 742/1244/748 822/1446/830 891/1599/901
f 968/1802/978 962/1751/972 965/1811/975
f 728/1211/734 984/1812/994 452/658/452
f 852/1813/862 872/1622/882 951/1814/961
f 879/1574/889 964/1756/974 985/1815/995
f 920/1711/930 945/1710/955 968/1767/978
f 938/1816/948 961/1817/971 986/1818/996
f 960/1744/970 987/1819/997 929/1681/939
f 896/1678/906 988/1820/998 981/1821/991
f 969/1822/979 938/1816/948 986/1818/996
f 969/1822/979 986/1818/996 989/1823/999
f 654/1062/656 959/1743/969 990/1824/1000
f 966/1825/976 991/1826/1001 889/1827/899
f 825/1459/833 957/1733/967 992/1828/1002
f 969/1769/979 944/1829/954 958/1750/968
f 969/1769/979 971/1830/981 944/1829/954
f 911/1638/921 887/1590/897 827/1462/835
f 977/1831/987 983/1832/993 783/1833/791
f 833/1487/841 913/1786/923 993/1834/1003
f 702/1155/706 701/1154/705 994/1835/1004
f 800/1383/808 995/1836/1005 773/1316/781
f 932/1699/942 996/1837/1006 701/1154/705
f 720/1646/724 948/1719/958 893/1647/903
f 835/1803/843 979/1805/989 905/1838/915
f 960/1744/970 973/1839/983 987/1819/997
f 954/1840/964 863/1538/873 875/1567/885
f 828/1463/836 947/1718/957 980/1798/990
f 966/1825/976 997/1841/1007 991/1826/1001
f 773/1316/781 995/1836/1005 900/1618/910
f 926/1674/936 998/1842/1008 807/1541/815
f 966/1843/976 867/1551/877 997/1844/1007
f 961/1817/971 999/1845/1009 986/1818/996
f 867/1551/877 904/1626/914 997/1844/1007
f 887/1846/897 1000/1847/1010 888/1848/898
f 956/1730/966 1001/1849/1011 942/1731/952
f 848/1508/858 970/1770/980 947/1718/957
f 914/1715/924 899/1639/909 973/1850/983
f 911/1638/921 889/1637/899 1002/1851/1012
f 911/1638/921 1002/1851/1012 1003/1852/1013
f 949/1853/959 941/1854/951 1004/1855/1014
f 434/1856/434 575/916/575 967/1857/977
f 209/278/209 1005/1858/1015 228/307/228
f 229/308/229 489/718/489 934/1688/944
f 982/1806/992 1006/1859/1016 872/1622/882
f 1004/1860/1014 974/1780/984 949/1720/959
f 871/1562/881 908/1632/918 1007/1861/1017
f 900/1862/910 1008/1863/1018 953/1864/963
f 946/1865/956 999/1845/1009 961/1817/971
f 955/1729/965 1009/1866/1019 963/1752/973
f 987/1819/997 973/1839/983 1010/1867/1020
f 825/1459/833 992/1828/1002 972/1775/982
f 959/1779/969 910/1748/920 1011/1868/1021
f 955/1729/965 874/1772/884 1012/1869/1022
f 946/1865/956 1013/1870/1023 999/1845/1009
f 812/1467/820 1014/1871/1024 760/1288/766
f 975/1872/985 968/1767/978 945/1710/955
f 896/1678/906 928/1680/938 988/1820/998
f 959/1779/969 1011/1868/1021 990/1873/1000
f 942/1731/952 1001/1849/1011 964/1874/974
f 833/1487/841 993/1834/1003 1015/1875/1025
f 946/1865/956 974/1876/984 1013/1870/1023
f 774/1496/782 980/1877/990 957/1733/967
f 911/1638/921 1000/1878/1010 887/1590/897
f 993/1879/1003 913/1880/923 790/1881/798
f 790/1359/798 917/1655/927 1016/1882/1026
f 900/1618/910 995/1836/1005 1017/1883/1027
f 900/1618/910 1017/1883/1027 1008/1884/1018
f 931/1696/941 954/1728/964 1018/1885/1028
f 889/1637/899 991/1886/1001 1002/1851/1012
f 740/1588/746 1001/1887/1011 956/1732/966
f 964/1756/974 1019/1888/1029 985/1815/995
f 888/1889/898 1000/1890/1010 1020/1891/1030
f 941/1705/951 975/1787/985 1021/1892/1031
f 881/1893/891 873/1894/883 1022/1895/1032
f 336/463/336 1023/1896/1033 339/468/339
f 928/1745/938 888/1586/898 988/1897/998
f 1004/1860/1014 941/1705/951 1024/1898/1034
f 249/331/249 655/1063/657 233/313/233
f 215/289/215 862/1536/872 247/328/247
f 830/1466/838 734/1221/740 1025/1899/1035
f 740/1330/746 963/1752/973 1001/1849/1011
f 834/1473/842 803/1414/811 1026/1900/1036
f 974/1876/984 1027/1901/1037 1013/1870/1023
f 1007/1902/1017 1028/1903/1038 871/1904/881
f 941/1705/951 1029/1905/1039 1024/1898/1034
f 987/1819/997 1010/1867/1020 929/1681/939
f 899/1617/909 885/1583/895 1030/1906/1040
f 926/1675/936 922/1667/932 998/1907/1008
f 734/1474/740 834/1473/842 1026/1900/1036
f 945/1908/955 972/1909/982 975/1910/985
f 1007/1861/1017 908/1632/918 1031/1911/1041
f 931/1696/941 1032/1912/1042 822/1446/830
f 893/1647/903 948/1719/958 875/1567/885
f 838/1491/848 976/1788/986 1031/1913/1041
f 940/1914/950 833/1487/841 1033/1915/1043
f 1013/1870/1023 1034/1916/1044 999/1845/1009
f 873/1917/883 935/1918/945 1035/1919/1045
f 872/1622/882 1006/1859/1016 1036/1920/1046
f 908/1717/918 838/1491/848 1031/1913/1041
f 971/1830/981 969/1769/979 982/1921/992
f 941/1705/951 1021/1892/1031 1029/1905/1039
f 952/1810/962 918/1656/928 977/1922/987
f 1004/1860/1014 1024/1898/1034 1037/1923/1047
f 969/1769/979 1038/1924/1048 982/1921/992
f 873/1925/883 1035/1926/1045 1022/1927/1032
f 336/463/336 903/1763/913 1039/1928/1049
f 1018/1885/1028 1032/1912/1042 931/1696/941
f 910/1636/920 881/1577/891 1011/1929/1021
f 919/1657/929 1030/1906/1040 885/1583/895
f 969/1769/979 989/1930/999 1038/1924/1048
f 922/1667/932 905/1727/915 998/1907/1008
f 940/1931/950 1033/1932/1043 840/1933/850
f 872/1622/882 1036/1920/1046 951/1814/961
f 883/1579/893 906/1628/916 976/1934/986
f 832/1471/840 583/929/583 983/1809/993
f 955/1729/965 1012/1869/1022 1009/1866/1019
f 807/1541/815 998/1842/1008 1040/1935/1050
f 871/1562/881 1028/1936/1038 907/1629/917
f 1024/1937/1034 1029/1938/1039 1041/1939/1051
f 1007/1861/1017 1031/1911/1041 1028/1936/1038
f 874/1566/884 693/1470/697 929/1681/939
f 972/1775/982 1021/1940/1031 975/1872/985
f 799/1380/807 907/1629/917 892/1600/902
f 1020/1941/1030 1000/1878/1010 911/1638/921
f 832/1471/840 983/1809/993 906/1628/916
f 990/1824/1000 1011/1942/1021 1042/1943/1052
f 734/1474/740 1026/1900/1036 1025/1944/1035
f 997/1841/1007 1043/1945/1053 991/1826/1001
f 964/1874/974 1001/1849/1011 1019/1946/1029
f 988/1820/998 1044/1947/1054 981/1821/991
f 1003/1852/1013 1020/1941/1030 911/1638/921
f 1016/1882/1026 1015/1948/1025 790/1359/798
f 837/1483/847 1045/1949/1055 943/1739/953
f 899/1617/909 1030/1906/1040 1046/1950/1056
f 995/1836/1005 1047/1951/1057 1017/1883/1027
f 1019/1946/1029 1001/1849/1011 1048/1952/1058
f 868/1793/878 879/1953/889 1049/1954/1059
f 1037/1955/1047 1050/1956/1060 1004/1957/1014
f 989/1823/999 986/1818/996 1051/1958/1061
f 1019/1888/1029 1052/1959/1062 985/1815/995
f 868/1793/878 1049/1954/1059 932/1699/942
f 973/1960/983 899/1961/909 1046/1962/1056
f 790/1359/798 1015/1948/1025 993/1963/1003
f 701/1154/705 996/1837/1006 994/1835/1004
f 840/1630/850 1053/1964/1063 970/1770/980
f 807/1541/815 1040/1935/1050 930/1965/940
f 1018/1885/1028 954/1728/964 1054/1966/1064
f 981/1967/991 1055/1968/1065 904/1969/914
f 997/1844/1007 904/1626/914 1043/1970/1053
f 998/1907/1008 905/1727/915 1040/1971/1050
f 1010/1972/1020 1056/1973/1066 1057/1974/1067
f 919/1657/929 951/1722/961 1030/1906/1040
f 1012/1975/1022 874/1566/884 1058/1976/1068
f 953/1977/963 1008/1978/1018 1017/1979/1027
f 800/1381/808 892/1600/902 1059/1980/1069
f 654/1062/656 1060/1981/1070 915/1653/925
f 800/1381/808 1059/1980/1069 995/1982/1005
f 974/1983/984 1004/1957/1014 1061/1984/1071
f 1004/1957/1014 1050/1956/1060 1061/1984/1071
f 974/1983/984 1061/1984/1071 1027/1985/1037
f 992/1828/1002 1021/1940/1031 972/1775/982
f 888/1889/898 1020/1891/1030 988/1986/998
f 1010/1867/1020 973/1839/983 1056/1987/1066
f 986/1818/996 999/1845/1009 1051/1958/1061
f 918/1656/928 1062/1988/1072 977/1922/987
f 1031/1913/1041 976/1788/986 1063/1989/1073
f 1055/1990/1065 981/1821/991 1044/1947/1054
f 822/1446/830 1032/1912/1042 1064/1991/1074
f 1006/1859/1016 1065/1992/1075 1036/1920/1046
f 1001/1849/1011 963/1752/973 1048/1952/1058
f 935/1918/945 1066/1993/1076 1067/1994/1077
f 935/1918/945 1067/1994/1077 1035/1919/1045
f 840/1995/850 1033/1996/1043 1053/1997/1063
f 1006/1859/1016 1068/1998/1078 1065/1992/1075
f 989/1823/999 1051/1958/1061 1069/1999/1079
f 1017/1883/1027 1070/2000/1080 953/2001/963
f 990/1824/1000 1042/1943/1052 1071/2002/1081
f 875/1567/885 948/1719/958 1072/2003/1082
f 1019/1946/1029 1048/1952/1058 1052/2004/1062
f 1006/1859/1016 982/1806/992 1068/1998/1078
f 992/1828/1002 1029/2005/1039 1021/1940/1031
f 977/1831/987 1073/2006/1083 983/1832/993
f 822/1446/830 1064/1991/1074 891/1599/901
f 891/1599/901 1074/2007/1084 918/1735/928
f 1057/1974/1067 1056/1973/1066 1075/2008/1085
f 489/718/489 233/885/233 1076/2009/1086
f 1037/1923/1047 1024/1898/1034 1077/2010/1087
f 1011/1929/1021 881/1577/891 1042/2011/1052
f 988/1820/998 1078/2012/1088 1044/1947/1054
f 1015/1875/1025 1079/2013/1089 833/1487/841
f 1031/1911/1041 1063/2014/1073 1028/1936/1038
f 1010/1867/1020 1080/2015/1090 929/1681/939
f 1057/2016/1067 1080/2017/1090 1010/2018/1020
f 1016/1882/1026 1081/2019/1091 1015/1948/1025
f 988/1986/998 1020/1891/1030 1078/2020/1088
f 1049/1954/1059 996/1837/1006 932/1699/942
f 875/1567/885 1054/2021/1064 954/1840/964
f 991/1886/1001 1043/2022/1053 1002/1851/1012
f 943/1708/953 1016/1882/1026 917/1655/927
f 1027/1901/1037 1082/2023/1092 1013/1870/1023
f 1043/2024/1053 904/2025/914 1083/2026/1093
f 1017/1883/1027 1047/1951/1057 1070/2000/1080
f 935/1698/945 830/1466/838 1084/2027/1094
f 1022/2028/1032 1035/2029/1045 1067/2030/1077
f 973/1960/983 1046/1962/1056 1056/1973/1066
f 1027/1901/1037 1061/2031/1071 1085/2032/1095
f 1053/1964/1063 1086/2033/1096 970/1770/980
f 989/1823/999 1069/1999/1079 1038/2034/1048
f 1055/1990/1065 1087/2035/1097 904/2036/914
f 760/1288/766 1014/1871/1024 1088/2037/1098
f 590/1311/590 1089/2038/1099 948/1719/958
f 936/1785/946 915/1653/925 1090/2039/1100
f 996/1837/1006 1091/2040/1101 994/1835/1004
f 879/1953/889 985/2041/995 1092/2042/1102
f 879/1953/889 1092/2042/1102 1049/1954/1059
f 1052/1959/1062 1048/2043/1058 1093/2044/1103
f 1075/2045/1085 1094/2046/1104 1080/2047/1090
f 1030/2048/1040 1095/2049/1105 1046/1962/1056
f 1028/2050/1106 1063/2051/1107 1096/2052/1108
f 1075/2008/1085 1097/2053/1109 1094/2054/1104
f 948/2055/958 1098/2056/1110 1072/2057/1082
f 982/2058/992 1038/2034/1048 1068/2059/1078
f 970/1770/980 1086/2033/1096 947/1718/957
f 874/1566/884 929/1681/939 1058/1976/1068
f 1075/2008/1085 1056/1973/1066 1097/2053/1109
f 999/1845/1009 1099/2060/1111 1051/1958/1061
f 1071/2061/1081 1042/2062/1052 1100/2063/1112
f 1057/2064/1067 1075/2065/1085 1080/2066/1090
f 1070/2067/1080 1047/2068/1057 953/1726/963
f 818/1434/826 710/1170/714 1101/2069/1113
f 957/2070/967 1029/2071/1039 992/2072/1002
f 957/2073/967 1102/2074/1114 1029/2075/1039
f 951/1814/961 1036/1920/1046 1103/2076/1115
f 990/1824/1000 1071/2002/1081 1060/1981/1070
f 990/1824/1000 1060/1981/1070 654/1062/656
f 833/1487/841 1104/2077/1116 1033/1915/1043
f 1098/2056/1110 948/2055/958 1089/2078/1099
f 1037/1923/1047 1077/2010/1087 1050/2079/1060
f 1036/1920/1046 1065/1992/1075 1105/2080/1117
f 1041/906/1051 1029/2081/1039 1102/2082/1114
f 1025/1899/1035 1084/2027/1094 830/1466/838
f 1022/2083/1032 1067/1994/1077 1066/1993/1076
f 904/2025/914 1087/2084/1097 1106/2085/1118
f 904/2025/914 1106/2085/1118 1083/2026/1093
f 918/1735/928 1074/2007/1084 1062/2086/1072
f 1024/2087/1034 1041/2088/1051 1107/2089/1119
f 250/333/250 255/348/255 978/1794/988
f 1018/2090/1028 1054/2091/1064 1032/2092/1042
f 891/1599/901 1064/1991/1074 1074/2007/1084
f 1081/2019/1091 1108/2093/1120 1015/1948/1025
f 979/1796/989 936/1700/946 1090/2094/1100
f 906/1628/916 1109/2095/1121 976/1934/986
f 1068/2059/1078 1038/2034/1048 1110/2096/1122
f 1111/2097/1123 1065/2098/1075 1110/2096/1122
f 1034/1916/1044 1099/2060/1111 999/1845/1009
f 1051/1958/1061 1099/2060/1111 1112/2099/1124
f 1087/2035/1097 1055/1990/1065 1113/2100/1125
f 743/1245/749 1114/2101/1126 1115/2102/1127
f 929/1681/939 1116/2103/1128 1058/1976/1068
f 1040/2104/1050 1117/2105/1129 930/2106/940
f 575/916/575 1118/2107/1130 967/1857/977
f 1015/1875/1025 1108/2108/1120 1079/2013/1089
f 1094/2054/1104 1097/2053/1109 1119/2109/1131
f 1100/2110/1112 1042/2111/1052 1120/2112/1132
f 1100/2063/1112 1120/2113/1132 1071/2061/1081
f 1038/2034/1048 1069/1999/1079 1121/2114/1133
f 1038/2034/1048 1121/2114/1133 1122/2115/1134
f 837/1483/847 743/1245/749 1115/2102/1127
f 1040/1971/1050 905/1727/915 1123/2116/1135
f 1020/1891/1030 1124/2117/1136 1078/2020/1088
f 875/1567/885 1125/2118/1137 1054/2021/1064
f 1073/2119/1083 1062/1988/1072 1126/2120/1138
f 906/1628/916 983/1809/993 1127/2121/1139
f 1055/1990/1065 1078/2012/1088 1113/2100/1125
f 1090/2039/1100 915/1653/925 1128/2122/1140
f 1013/1870/1023 1082/2023/1092 1034/1916/1044
f 1083/2123/1093 1129/2124/1141 1043/2125/1053
f 1068/2059/1078 1110/2096/1122 1065/2098/1075
f 1055/1990/1065 1044/1947/1054 1078/2012/1088
f 977/1922/987 1062/1988/1072 1073/2119/1083
f 875/1567/885 1072/2003/1082 1125/2118/1137
f 710/1317/714 702/1155/706 1130/2126/1142
f 1002/1851/1012 1124/2127/1136 1003/1852/1013
f 935/1698/945 1084/2027/1094 1066/2128/1076
f 1022/1895/1032 1131/2129/1143 881/1893/891
f 1065/1992/1075 1111/2130/1123 1105/2080/1117
f 1087/2035/1097 1113/2100/1125 1106/2131/1118
f 943/1708/953 1045/2132/1055 1016/1882/1026
f 1020/2133/1030 1003/2134/1013 1124/2135/1136
f 929/1681/939 1080/2015/1090 1116/2103/1128
f 905/1838/915 979/1805/989 1123/2136/1135
f 293/398/293 843/1501/853 213/285/213
f 915/1653/925 1060/1981/1070 1128/2122/1140
f 976/1788/986 1109/2137/1121 1063/1989/1073
f 1056/1973/1066 1046/1962/1056 1132/2138/1144
f 760/1288/766 1088/2037/1098 450/653/450
f 1119/2139/1131 1133/2140/1145 1094/2141/1104
f 1043/2022/1053 1134/2142/1146 1002/1851/1012
f 1133/2140/1145 1119/2139/1131 1135/2143/1147
f 892/1600/902 907/1629/917 1136/2144/1148
f 1051/1958/1061 1112/2099/1124 1069/1999/1079
f 985/1815/995 1052/1959/1062 1137/2145/1149
f 1138/2146/1150 1054/2147/1064 1139/2148/1151
f 1129/2124/1141 1140/2149/1152 1043/2125/1053
f 743/1245/749 953/1726/963 1114/2101/1126
f 1034/1916/1044 1082/2023/1092 1141/2150/1153
f 1133/2140/1145 1135/2143/1147 1142/2151/1154
f 1071/2061/1081 1120/2113/1132 1143/2152/1155
f 1040/1971/1050 1123/2116/1135 1117/2153/1129
f 985/2041/995 1144/2154/1156 1092/2042/1102
f 1102/2155/1114 957/2156/967 1041/2157/1051
f 575/916/575 580/925/580 1118/2107/1130
f 1069/1999/1079 1112/2099/1124 1121/2114/1133
f 995/1836/1005 1059/2158/1069 1145/2159/1157
f 995/1836/1005 1145/2159/1157 1047/1951/1057
f 1113/2100/1125 1078/2012/1088 1146/2160/1158
f 947/1718/957 1147/2161/1159 980/1798/990
f 1030/2162/1040 951/1814/961 1103/2076/1115
f 1027/1901/1037 1085/2032/1095 1082/2023/1092
f 1036/1920/1046 1105/2080/1117 1103/2076/1115
f 1048/2163/1058 963/2164/973 1093/2165/1103
f 1078/2020/1088 1124/2117/1136 1148/2166/1160
f 1122/2115/1134 1110/2096/1122 1038/2034/1048
f 1049/1954/1059 1092/2042/1102 996/1837/1006
f 1139/2167/1151 1149/2168/1161 1138/2169/1150
f 1113/2100/1125 1150/2170/1162 1106/2131/1118
f 1113/2100/1125 1146/2160/1158 1150/2170/1162
f 205/269/205 715/1179/719 862/1536/872
f 1043/2022/1053 1140/2171/1152 1151/2172/1163
f 985/2041/995 1137/2173/1149 1144/2154/1156
f 1135/2143/1147 1152/2174/1164 1142/2151/1154
f 1143/2175/1155 1060/1981/1070 1071/2002/1081
f 906/1628/916 1127/2121/1139 1109/2095/1121
f 1153/2176/1165 1111/2097/1123 1110/2096/1122
f 1046/1962/1056 1095/2049/1105 1132/2138/1144
f 1111/2130/1123 1153/2177/1165 1154/2178/1166
f 1050/1956/1060 1155/2179/1167 1061/1984/1071
f 957/2180/967 1107/2089/1119 1041/2088/1051
f 1107/2089/1119 1156/2181/1168 1024/2087/1034
f 953/1726/963 1047/2068/1057 1114/2101/1126
f 1105/2080/1117 1111/2130/1123 1154/2178/1166
f 1119/2109/1131 1097/2053/1109 1157/2182/1169
f 1133/2140/1145 1142/2151/1154 1094/2141/1104
f 1079/2013/1089 1158/2183/1170 833/1487/841
f 1106/2184/1118 1129/2124/1141 1083/2123/1093
f 957/1733/967 980/1877/990 1159/2185/1171
f 1056/1973/1066 1132/2138/1144 1097/2053/1109
f 655/1063/657 1160/2186/1172 233/313/233
f 1125/2118/1137 1139/2187/1151 1054/2021/1064
f 1138/2188/1150 1149/2189/1161 1161/2190/1173
f 1138/2188/1150 1161/2190/1173 1054/2191/1064
f 957/2192/967 1159/2193/1171 1107/2194/1119
f 1152/2174/1164 1162/2195/1174 1142/2151/1154
f 947/1718/957 1086/2033/1096 1147/2161/1159
f 1163/2196/1175 1078/2197/1088 1148/2198/1160
f 1124/2127/1136 1002/1851/1012 1148/2199/1160
f 892/1600/902 1136/2144/1148 1059/1980/1069
f 1108/2093/1120 1081/2019/1091 1079/2200/1089
f 1073/2006/1083 1126/2201/1138 983/1832/993
f 1150/2202/1162 1164/2203/1176 1106/2204/1118
f 930/2106/940 1117/2105/1129 1165/2205/1177
f 1078/2206/1088 1163/2207/1175 1146/2208/1158
f 1149/2209/1161 1139/2210/1151 1166/2211/1178
f 1034/2212/1044 1141/2213/1153 1167/2214/1179
f 247/328/247 1168/2215/1180 209/278/209
f 1099/2216/1111 1034/2212/1044 1167/2214/1179
f 980/1877/990 1169/2217/1181 1159/2185/1171
f 1142/2151/1154 1080/2218/1090 1094/2141/1104
f 1047/2068/1057 1170/2219/1182 1114/2101/1126
f 1143/2152/1155 1120/2113/1132 1171/2220/1183
f 1153/2177/1165 1172/2221/1184 1173/2222/1185
f 1152/2174/1164 1174/2223/1186 1162/2195/1174
f 1042/2011/1052 881/1577/891 1120/2224/1132
f 1072/2057/1082 1098/2056/1110 1089/2078/1099
f 1052/1959/1062 1175/2225/1187 1137/2145/1149
f 1166/2226/1178 1176/2227/1188 1149/2228/1161
f 1162/2229/1174 1177/2230/1189 1178/2231/1190
f 1095/2232/1105 1030/2162/1040 1179/2233/1191
f 1063/2014/1073 1180/2234/1192 1028/1936/1038
f 710/1170/714 1130/2235/1142 1101/2069/1113
f 1077/2010/1087 1024/1898/1034 1181/2236/1193
f 1079/2237/1089 1081/2238/1091 1158/2239/1170
f 1182/2240/1194 1052/1959/1062 1183/2241/1195
f 255/348/255 877/1571/887 1184/2242/1196
f 1153/2177/1165 1110/2243/1122 1172/2221/1184
f 837/1483/847 1115/2102/1127 1045/1949/1055
f 1135/2244/1147 1157/2182/1169 1152/2245/1164
f 1077/2246/1087 1155/2179/1167 1050/1956/1060
f 1149/2247/1161 1176/2248/1188 1185/2249/1197
f 1162/2195/1174 1174/2223/1186 1177/2250/1189
f 1058/1976/1068 1116/2103/1128 1186/2251/1198
f 1061/1984/1071 1187/2252/1199 1085/2253/1095
f 1173/2222/1185 1154/2178/1166 1153/2177/1165
f 1002/1851/1012 1134/2142/1146 1148/2199/1160
f 1129/2124/1141 1188/2254/1200 1140/2149/1152
f 1162/2229/1174 1178/2231/1190 1142/2255/1154
f 1097/2053/1109 1132/2138/1144 1157/2182/1169
f 1043/2022/1053 1151/2172/1163 1134/2142/1146
f 1009/1866/1019 1012/1869/1022 1189/2256/1201
f 1129/2257/1141 1106/2258/1118 1188/2259/1200
f 979/1805/989 1090/2260/1100 1123/2136/1135
f 219/293/219 699/1151/703 1190/2261/1202
f 219/293/219 1190/2261/1202 1191/2262/1203
f 1117/2153/1129 1123/2116/1135 1192/2263/1204
f 1109/2095/1121 1127/2121/1139 1193/2264/1205
f 326/445/326 1184/2242/1196 877/1571/887
f 803/1414/811 930/2106/940 1026/1900/1036
f 1110/2096/1122 1122/2115/1134 1194/2265/1206
f 1072/2057/1082 1195/2266/1207 1125/2267/1137
f 1084/2027/1094 1196/2268/1208 1066/2128/1076
f 1173/2222/1185 1172/2221/1184 1197/2269/1209
f 1198/2270/1210 1199/2271/1211 1185/2272/1197
f 1176/2248/1188 1200/2273/1212 1185/2249/1197
f 1060/1981/1070 1143/2175/1155 1201/2274/1213
f 1126/2201/1138 1202/2275/1214 1203/2276/1215
f 1052/1959/1062 1093/2044/1103 1183/2241/1195
f 1139/2187/1151 1125/2118/1137 1166/2277/1178
f 1143/2152/1155 1171/2220/1183 1201/2278/1213
f 1077/2246/1087 1181/2279/1193 1155/2179/1167
f 963/1752/973 1009/1866/1019 1189/2256/1201
f 1204/2280/1216 1177/2250/1189 1174/2223/1186
f 1204/2280/1216 1205/2281/1217 1177/2250/1189
f 1188/2254/1200 1206/2282/1218 1140/2149/1152
f 1188/2283/1200 1106/2284/1118 1207/2285/1219
f 963/1752/973 1189/2256/1201 1093/2286/1103
f 1085/2032/1095 1208/2287/1220 1082/2023/1092
f 1199/2271/1211 1198/2270/1210 1209/2288/1221
f 1066/2289/1076 1196/2290/1208 1022/2291/1032
f 228/307/228 1005/1858/1015 655/1063/657
f 1064/1991/1074 1210/2292/1222 1074/2007/1084
f 1016/1882/1026 1211/2293/1223 1081/2019/1091
f 1107/2089/1119 1212/2294/1224 1156/2181/1168
f 702/1155/706 994/1835/1004 1130/2126/1142
f 1110/2295/1122 1213/2296/1225 1172/2297/1184
f 1099/2216/1111 1214/2298/1226 1112/2299/1124
f 1203/2276/1215 1215/2300/1227 1126/2201/1138
f 1099/2216/1111 1167/2214/1179 1214/2298/1226
f 1064/1991/1074 1032/1912/1042 1210/2292/1222
f 1202/2301/1214 1216/2302/1228 1203/2303/1215
f 1188/2304/1200 1207/2305/1219 1206/2306/1218
f 1179/2233/1191 1030/2162/1040 1103/2076/1115
f 1146/2208/1158 1163/2207/1175 1151/2307/1163
f 1199/2308/1211 1217/2309/1229 1185/2310/1197
f 1062/2086/1072 1074/2007/1084 1210/2292/1222
f 1142/2255/1154 1178/2231/1190 1080/2311/1090
f 907/1629/917 1218/2312/1230 1136/2144/1148
f 247/328/247 862/1536/872 1168/2215/1180
f 1203/2276/1215 1216/2313/1228 1215/2300/1227
f 1028/1936/1038 1180/2234/1192 1219/2314/1231
f 1209/2288/1221 1220/2315/1232 1199/2271/1211
f 1059/2158/1069 1221/2316/1233 1145/2159/1157
f 1025/1899/1035 1222/2317/1234 1084/2027/1094
f 1170/2219/1182 1047/2068/1057 1223/2318/1235
f 1106/2319/1118 1164/2320/1176 1224/2321/1236
f 1059/1980/1069 1136/2144/1148 1221/2322/1233
f 1054/2091/1064 1161/2323/1173 1032/2092/1042
f 907/1629/917 1028/1936/1038 1218/2312/1230
f 1220/2315/1232 1209/2288/1221 1225/2324/1237
f 1197/2269/1209 1226/2325/1238 1227/2326/1239
f 1198/2327/1210 1200/2273/1212 1209/2328/1221
f 1177/2230/1189 1205/2329/1217 1178/2231/1190
f 1185/2249/1197 1200/2273/1212 1198/2327/1210
f 1119/2109/1131 1157/2182/1169 1135/2244/1147
f 1014/1871/1024 1228/2330/1240 1088/2037/1098
f 1197/2269/1209 1172/2221/1184 1226/2325/1238
f 1205/2281/1217 1204/2280/1216 1229/2331/1241
f 1164/2320/1176 1150/2332/1162 1230/2333/1242
f 1052/1959/1062 1182/2240/1194 1175/2225/1187
f 980/1877/990 1231/2334/1243 1169/2217/1181
f 1134/2335/1146 1151/2307/1163 1163/2207/1175
f 207/272/207 766/1302/774 236/316/236
f 1061/1984/1071 1232/2336/1244 1187/2252/1199
f 1227/2337/1239 1233/2338/1245 1197/2339/1209
f 1159/2340/1171 1169/2341/1181 1107/2089/1119
f 930/2106/940 1165/2205/1177 1026/1900/1036
f 1103/2076/1115 1105/2080/1117 1179/2233/1191
f 1117/2153/1129 1192/2263/1204 1165/2342/1177
f 1131/2343/1143 1022/2344/1032 1196/2345/1208
f 1084/2027/1094 1234/2346/1246 1196/2268/1208
f 1164/2320/1176 1230/2333/1242 1224/2321/1236
f 1235/2347/1247 1112/2299/1124 1214/2298/1226
f 1090/2260/1100 1236/2348/1248 1123/2136/1135
f 1026/1900/1036 1222/2349/1234 1025/1944/1035
f 1095/2232/1105 1179/2233/1191 1237/2350/1249
f 1093/2286/1103 1189/2256/1201 1183/2351/1195
f 1226/2325/1238 1220/2315/1232 1227/2326/1239
f 1149/2189/1161 1185/2352/1197 1217/2353/1229
f 1123/2354/1135 1236/2355/1248 1238/2356/1250
f 1146/2208/1158 1151/2307/1163 1239/2357/1251
f 1146/2358/1158 1239/2359/1251 1150/2360/1162
f 1240/2361/1252 1241/2362/1253 1242/2363/1254
f 1110/2295/1122 1194/2364/1206 1213/2296/1225
f 1089/2038/1099 590/1311/590 450/653/450
f 1107/2089/1119 1169/2341/1181 1212/2294/1224
f 1120/2224/1132 881/1577/891 1171/2365/1183
f 1157/2182/1169 1243/2366/1255 1152/2245/1164
f 1090/2367/1100 1128/2368/1140 1236/2369/1248
f 1140/2171/1152 1206/2306/1218 1244/2370/1256
f 1140/2171/1152 1244/2370/1256 1151/2172/1163
f 1081/2371/1091 1211/2372/1223 1158/2373/1170
f 255/348/255 1184/2242/1196 1245/2374/1257
f 1072/2057/1082 1089/2078/1099 1246/2375/1258
f 1072/2057/1082 1246/2375/1258 1195/2266/1207
f 1089/2038/1099 450/653/450 1247/2376/1259
f 1174/2377/1186 1243/2366/1255 1204/2378/1216
f 1201/2274/1213 1248/2379/1260 1060/1981/1070
f 1061/1984/1071 1155/2179/1167 1232/2336/1244
f 1182/2240/1194 1183/2241/1195 1249/2380/1261
f 1201/2381/1213 1171/2382/1183 1250/2383/1262
f 1180/2384/1192 1063/2385/1073 1251/2386/1263
f 1180/2234/1192 1251/2387/1263 1219/2314/1231
f 1166/2277/1178 1125/2118/1137 1252/2388/1264
f 1199/2389/1211 1220/2390/1232 1217/2353/1229
f 1132/2138/1144 1095/2049/1105 1237/2391/1249
f 1242/2363/1254 1241/2362/1253 1253/2392/1265
f 1128/2393/1140 1060/2394/1070 1254/2395/1266
f 1175/2225/1187 1182/2240/1194 1255/2396/1267
f 1132/2138/1144 1256/2397/1268 1157/2182/1169
f 1257/2398/1269 1258/2399/1270 1259/2400/1271
f 1137/2401/1149 1175/2402/1187 1260/2403/1272
f 1062/1988/1072 1261/2404/1273 1126/2120/1138
f 1166/2277/1178 1252/2388/1264 1176/2248/1188
f 1210/2292/1222 1032/1912/1042 1161/2405/1173
f 1063/1989/1073 1109/2137/1121 1251/2406/1263
f 1229/2407/1241 1178/2231/1190 1205/2329/1217
f 1112/2299/1124 1262/2408/1274 1121/2409/1133
f 1169/2341/1181 1231/2410/1243 1212/2294/1224
f 1152/2245/1164 1243/2366/1255 1174/2377/1186
f 1263/2411/1275 1240/2361/1252 1264/2412/1276
f 1263/2411/1275 1264/2412/1276 1265/2413/1277
f 1226/2414/1238 1172/2297/1184 1213/2296/1225
f 1047/1951/1057 1145/2159/1157 1223/2415/1235
f 1116/2103/1128 1080/2015/1090 1186/2251/1198
f 1263/2411/1275 1265/2413/1277 1266/2416/1278
f 1183/2351/1195 1189/2256/1201 1249/2417/1261
f 1144/2418/1156 1267/2419/1279 1092/2420/1102
f 1264/2412/1276 1240/2361/1252 1242/2363/1254
f 1149/2189/1161 1217/2353/1229 1161/2190/1173
f 1062/2086/1072 1210/2292/1222 1261/2421/1273
f 1197/2269/1209 1233/2422/1245 1173/2222/1185
f 1106/2423/1118 1268/2424/1280 1207/2425/1219
f 1106/2423/1118 1257/2398/1269 1268/2424/1280
f 1150/2426/1162 1239/2427/1251 1230/2428/1242
f 1053/1964/1063 1033/2429/1043 1269/2430/1281
f 1155/2179/1167 1181/2279/1193 1270/2431/1282
f 1137/2432/1149 1260/2433/1272 1267/2434/1279
f 1137/2435/1149 1267/2419/1279 1144/2418/1156
f 1024/2436/1034 1156/2437/1168 1271/2438/1283
f 1141/2213/1153 1272/2439/1284 1167/2214/1179
f 1123/2354/1135 1238/2356/1250 1192/2440/1204
f 1112/2299/1124 1235/2347/1247 1262/2408/1274
f 1273/2441/1285 1274/2442/1286 1259/2400/1271
f 1125/2267/1137 1195/2266/1207 1252/2443/1264
f 1263/2444/1275 1241/2445/1253 1240/2446/1252
f 233/313/233 1275/2447/1287 1276/2448/1288
f 1201/2274/1213 1250/2449/1262 1248/2379/1260
f 1132/2138/1144 1237/2391/1249 1256/2397/1268
f 1259/2450/1271 1277/2451/1289 1273/2452/1285
f 1214/2453/1226 1278/2454/1290 1235/2455/1247
f 1220/2315/1232 1225/2324/1237 1227/2326/1239
f 1236/2369/1248 1128/2368/1140 1279/2456/1291
f 1280/2457/1292 1281/2458/1293 1282/2459/1294
f 1167/2460/1179 1283/2461/1295 1214/2453/1226
f 1216/2462/1228 1202/1177/1214 1284/2463/1296
f 1285/2464/1297 1229/2465/1241 1274/2442/1286
f 1285/2464/1297 1274/2442/1286 1273/2441/1285
f 1118/2107/1130 580/925/580 1286/2466/1298
f 1122/2115/1134 1121/2114/1133 1262/2467/1274
f 1167/2468/1179 1287/2469/1299 1283/2470/1295
f 1202/2471/1214 1126/2120/1138 1261/2404/1273
f 1126/2201/1138 1215/2300/1227 983/1832/993
f 1122/2472/1134 1262/2473/1274 1194/2364/1206
f 1089/2078/1099 1288/2474/1300 1246/2375/1258
f 1200/2273/1212 1176/2248/1188 1252/2388/1264
f 1167/2214/1179 1272/2439/1284 1287/2475/1299
f 1058/1976/1068 1186/2251/1198 1289/2476/1301
f 1290/2477/1302 1291/2478/1303 1280/2479/1292
f 1292/2480/1304 1282/2481/1294 1293/2482/1305
f 1155/2179/1167 1294/2483/1306 1232/2336/1244
f 1242/2484/1254 1281/2485/1293 1264/2486/1276
f 833/1487/841 1158/2183/1170 1295/2487/1307
f 1194/2364/1206 1296/2488/1308 1213/2296/1225
f 1238/2489/1250 1236/2369/1248 1279/2456/1291
f 1080/2015/1090 1297/2490/1309 1186/2251/1198
f 1085/2032/1095 1187/2491/1199 1208/2287/1220
f 1249/2380/1261 1298/2492/1310 1182/2240/1194
f 1229/2407/1241 1285/2493/1297 1299/2494/1311
f 1280/2495/1292 1282/2496/1294 1290/2497/1302
f 1104/2077/1116 833/1487/841 1295/2487/1307
f 1012/1975/1022 1058/1976/1068 1189/2498/1201
f 1196/2345/1208 1234/2499/1246 1131/2343/1143
f 1216/2313/1228 1300/2500/1312 1301/2501/1313
f 1259/2400/1271 1274/2442/1286 1257/2398/1269
f 1259/2450/1271 1258/2502/1270 1277/2451/1289
f 1089/2038/1099 1247/2376/1259 1288/2503/1300
f 1024/1898/1034 1271/2504/1283 1181/2236/1193
f 1280/2457/1292 1266/2416/1278 1281/2458/1293
f 1105/2080/1117 1154/2178/1166 1179/2233/1191
f 1192/2440/1204 1238/2356/1250 1165/2505/1177
f 1257/2398/1269 1274/2442/1286 1268/2424/1280
f 1206/2306/1218 1207/2305/1219 1244/2370/1256
f 1084/2027/1094 1302/2506/1314 1234/2346/1246
f 1175/2507/1187 1255/2508/1267 1303/2509/1315
f 1238/2489/1250 1279/2456/1291 1304/2510/1316
f 1045/1949/1055 1115/2102/1127 1305/2511/1317
f 1058/1976/1068 1289/2476/1301 1189/2498/1201
f 1214/2453/1226 1306/2512/1318 1278/2454/1290
f 818/1434/826 1101/2069/1113 1307/2513/1319
f 1141/2213/1153 1308/2514/1320 1272/2439/1284
f 1253/2515/1265 1241/2516/1253 1309/2517/1321
f 1263/2444/1275 1266/2518/1278 1241/2445/1253
f 1209/2519/1221 1200/2520/1212 1310/2521/1322
f 1210/2292/1222 1311/2522/1323 1261/2421/1273
f 236/316/236 766/1302/774 676/1111/680
f 1266/2416/1278 1265/2413/1277 1281/2458/1293
f 1170/2219/1182 1223/2318/1235 1312/2523/1324
f 1170/2219/1182 1312/2523/1324 1114/2101/1126
f 1216/2313/1228 1284/2524/1296 1300/2500/1312
f 1248/2525/1260 1250/2526/1262 1313/2527/1325
f 1082/2528/1092 1208/2529/1220 1141/2530/1153
f 1292/2531/1304 1314/2532/1326 1282/2533/1294
f 1291/2534/1303 1314/2535/1326 1280/2536/1292
f 1293/2537/1305 1314/2538/1326 1292/2539/1304
f 1202/2471/1214 1261/2404/1273 1284/2540/1296
f 1273/2452/1285 1277/2451/1289 1299/2541/1311
f 1084/2027/1094 1222/2317/1234 1302/2506/1314
f 1290/2542/1302 1282/2543/1294 1314/2544/1326
f 1229/2407/1241 1299/2494/1311 1178/2231/1190
f 1274/2442/1286 1229/2465/1241 1315/2545/1327
f 1114/2101/1126 1316/2546/1328 1115/2102/1127
f 1253/2547/1265 1317/2548/1329 1242/2549/1254
f 1265/2550/1277 1264/2551/1276 1281/2552/1293
f 1229/2553/1241 1204/2378/1216 1243/2366/1255
f 1229/2465/1241 1243/2554/1255 1315/2545/1327
f 1151/2555/1163 1244/2556/1256 1239/2557/1251
f 1173/2222/1185 1233/2422/1245 1154/2178/1166
f 1268/2558/1280 1318/2559/1330 1207/2560/1219
f 1319/2561/1331 1320/2562/1332 1321/2563/1333
f 1028/1936/1038 1322/2564/1334 1218/2312/1230
f 1231/2565/1243 980/2566/990 1323/2567/1335
f 1053/1964/1063 1269/2430/1281 1086/2033/1096
f 216/290/216 1324/2568/1336 801/1385/809
f 1293/2569/1305 1321/2563/1333 1314/2570/1326
f 1321/2563/1333 1293/2569/1305 1319/2561/1331
f 1273/2571/1285 1299/2494/1311 1285/2493/1297
f 1214/2453/1226 1283/2461/1295 1306/2512/1318
f 1156/2572/1168 1212/2573/1224 1325/2574/1337
f 1128/2368/1140 1326/2575/1338 1279/2456/1291
f 1147/2576/1159 1323/2577/1335 980/2578/990
f 1250/2526/1262 1171/2579/1183 1313/2527/1325
f 1212/2580/1224 1231/2565/1243 1325/2581/1337
f 1235/2347/1247 1327/2582/1339 1328/2583/1340
f 1230/2428/1242 1239/2427/1251 1329/2584/1341
f 1258/2585/1270 1230/2428/1242 1330/2586/1342
f 1258/2585/1270 1330/2586/1342 1277/2587/1289
f 1239/2588/1251 1331/2589/1343 1329/2590/1341
f 1207/2305/1219 1318/2591/1330 1244/2370/1256
f 767/1303/775 1190/2261/1202 699/1151/703
f 996/1837/1006 1092/2042/1102 1091/2040/1101
f 1155/2179/1167 1270/2431/1282 1294/2483/1306
f 1157/2182/1169 1332/2592/1344 1243/2366/1255
f 1254/2395/1266 1326/2593/1338 1128/2393/1140
f 1268/2594/1280 1274/2595/1286 1318/2596/1330
f 967/1766/977 1333/2597/1345 812/1411/820
f 1209/2598/1221 1310/2599/1322 1225/2600/1237
f 450/653/450 1088/2037/1098 1334/2601/1346
f 1060/1981/1070 1248/2379/1260 1335/2602/1347
f 1308/2603/1320 1336/2604/1348 1272/2605/1284
f 1165/2205/1177 1337/2606/1349 1338/2607/1350
f 1165/2205/1177 1338/2607/1350 1026/1900/1036
f 1287/2608/1299 1272/2609/1284 1283/2610/1295
f 1306/2611/1318 1283/2610/1295 1339/2612/1351
f 1256/2397/1268 1332/2592/1344 1157/2182/1169
f 1340/2613/1352 1320/2562/1332 1341/2614/1353
f 1340/2615/1352 1342/2616/1354 1320/2617/1332
f 1312/2618/1324 1316/2619/1328 1114/2620/1126
f 1343/2621/1355 1340/2622/1352 1344/2623/1356
f 1343/2624/1355 1342/2616/1354 1340/2615/1352
f 1216/2313/1228 1301/2501/1313 1215/2300/1227
f 1147/2576/1159 1345/2625/1357 1323/2577/1335
f 1298/2626/1310 1309/2627/1321 1241/2628/1253
f 1255/2508/1267 1260/2629/1272 1303/2509/1315
f 978/1794/988 1346/2630/1358 766/1302/774
f 1300/2631/1312 1347/2632/1359 1301/2633/1313
f 1274/2442/1286 1315/2545/1327 1348/2634/1360
f 1328/2583/1340 1349/2635/1361 1235/2347/1247
f 1288/2636/1300 1350/2637/1362 1348/2634/1360
f 1182/2240/1194 1298/2492/1310 1351/2638/1363
f 1194/2364/1206 1262/2473/1274 1296/2488/1308
f 1348/2634/1360 1350/2637/1362 1274/2442/1286
f 1101/2069/1113 1130/2235/1142 1352/2639/1364
f 1293/2640/1305 1353/2641/1365 1319/2642/1331
f 1282/2481/1294 1353/2643/1365 1293/2482/1305
f 1189/2644/1201 1354/2645/1366 1249/2646/1261
f 1320/2562/1332 1319/2561/1331 1341/2614/1353
f 1320/2617/1332 1342/2616/1354 1321/2647/1333
f 1288/2636/1300 1247/2648/1259 1350/2637/1362
f 1298/2649/1310 1249/2650/1261 1355/2651/1367
f 1300/2631/1312 1284/2652/1296 1347/2632/1359
f 1242/2549/1254 1317/2548/1329 1281/2653/1293
f 1237/2350/1249 1179/2233/1191 1356/2654/1368
f 1141/2213/1153 1357/2655/1369 1308/2514/1320
f 1182/2240/1194 1351/2638/1363 1255/2396/1267
f 1335/2656/1347 1358/2657/1370 1060/2394/1070
f 1118/2107/1130 1286/2466/1298 967/1857/977
f 1239/2658/1251 1244/2659/1256 1331/2660/1343
f 1235/2347/1247 1278/2661/1290 1327/2582/1339
f 1238/2489/1250 1304/2510/1316 1359/2662/1371
f 1266/2663/1278 1280/2664/1292 1241/2665/1253
f 1136/2144/1148 1218/2312/1230 1221/2322/1233
f 1246/2666/1258 1288/2636/1300 1360/2667/1372
f 1335/2668/1347 1248/2525/1260 1313/2527/1325
f 1238/2489/1250 1359/2662/1371 1165/2669/1177
f 1328/2670/1340 1361/2671/1373 1349/2672/1361
f 1195/2266/1207 1246/2375/1258 1360/2673/1372
f 1179/2233/1191 1154/2178/1166 1356/2654/1368
f 812/1411/820 1333/2597/1345 1014/2674/1024
f 1230/2428/1242 1329/2584/1341 1330/2586/1342
f 1232/2336/1244 1362/2675/1374 1187/2252/1199
f 1195/2266/1207 1360/2673/1372 1252/2443/1264
f 1329/2676/1341 1331/2677/1343 1244/2678/1256
f 1343/2679/1355 1344/2680/1356 1342/2681/1354
f 1274/2595/1286 1350/2682/1362 1318/2596/1330
f 1227/2683/1239 1225/2600/1237 1363/2684/1375
f 1279/2456/1291 1326/2575/1338 1304/2510/1316
f 1306/2512/1318 1339/2685/1351 1364/2686/1376
f 727/1210/733 818/1434/826 1307/2513/1319
f 1306/2512/1318 1364/2686/1376 1278/2454/1290
f 1272/2609/1284 1365/2687/1377 1283/2610/1295
f 1221/2322/1233 1218/2312/1230 1366/2688/1378
f 1252/2388/1264 1310/2689/1322 1200/2273/1212
f 1260/2690/1272 1367/2691/1379 1267/2692/1279
f 1141/2213/1153 1368/2693/1380 1357/2655/1369
f 1219/2694/1231 1369/2695/1381 1028/2696/1038
f 1328/2697/1340 1327/2698/1339 1370/2699/1382
f 1371/2700/1383 1372/2701/1384 1373/2702/1385
f 1256/2397/1268 1237/2391/1249 1332/2592/1344
f 1344/2703/1356 1374/2704/1386 1342/2705/1354
f 1231/2565/1243 1323/2567/1335 1325/2581/1337
f 1373/2706/1385 1374/2704/1386 1344/2703/1356
f 1373/2707/1385 1342/2708/1354 1374/2709/1386
f 1373/2710/1385 1372/2711/1384 1342/2712/1354
f 1283/2610/1295 1365/2687/1377 1339/2612/1351
f 1249/2650/1261 1354/2713/1366 1355/2651/1367
f 1371/2714/1383 1375/2715/1387 1376/2716/1388
f 1321/2717/1333 1342/2718/1354 1377/2719/1389
f 1349/2635/1361 1378/2720/1390 1235/2347/1247
f 1219/2314/1231 1251/2387/1263 1369/2721/1381
f 983/1809/993 1215/2722/1227 1127/2121/1139
f 1131/2343/1143 1379/2723/1391 1380/2724/1392
f 1371/2700/1383 1376/2725/1388 1372/2701/1384
f 1158/2726/1170 1211/2293/1223 1381/2727/1393
f 1154/2178/1166 1382/2728/1394 1356/2654/1368
f 1141/2150/1153 1208/2287/1220 1368/2729/1380
f 1233/2422/1245 1382/2728/1394 1154/2178/1166
f 1244/2678/1256 1318/2730/1330 1329/2676/1341
f 1262/2408/1274 1235/2347/1247 1383/2731/1395
f 1222/2349/1234 1026/1900/1036 1338/2607/1350
f 1323/2567/1335 1345/2732/1357 1325/2581/1337
f 1131/2343/1143 1234/2499/1246 1379/2723/1391
f 1329/2733/1341 1384/2734/1396 1330/2735/1342
f 1365/2687/1377 1385/2736/1397 1339/2612/1351
f 1227/2326/1239 1363/2737/1375 1233/2422/1245
f 1327/2738/1339 1278/2739/1290 1370/2740/1382
f 1225/2600/1237 1310/2599/1322 1363/2684/1375
f 1028/2696/1038 1369/2695/1381 1322/2741/1334
f 1217/2353/1229 1386/2742/1398 1161/2190/1173
f 1284/2652/1296 1387/2743/1399 1347/2632/1359
f 1222/2317/1234 1338/2744/1350 1302/2506/1314
f 1295/2487/1307 1158/2183/1170 1388/2745/1400
f 881/1893/891 1389/2746/1401 1171/2747/1183
f 1315/2545/1327 1288/2636/1300 1348/2634/1360
f 1313/2748/1325 1171/2747/1183 1389/2746/1401
f 1033/1915/1043 1104/2077/1116 1390/2749/1402
f 1282/2750/1294 1281/2653/1293 1317/2548/1329
f 1328/2751/1340 1370/2752/1382 1361/2753/1373
f 1060/2394/1070 1358/2657/1370 1254/2395/1266
f 1318/2596/1330 1384/2754/1396 1329/2755/1341
f 1014/2674/1024 1333/2597/1345 1228/2756/1240
f 1296/2488/1308 1391/2757/1403 1213/2296/1225
f 1226/2414/1238 1392/2758/1404 1220/2390/1232
f 1378/2759/1390 1349/2672/1361 1393/2760/1405
f 1357/2761/1369 1394/2762/1406 1308/2603/1320
f 1186/2251/1198 1297/2490/1309 1289/2476/1301
f 1261/2763/1273 1311/275/1323 1395/2764/1407
f 1262/2408/1274 1396/2765/1408 1296/2766/1308
f 1340/2613/1352 1341/2614/1353 1353/2767/1365
f 1340/2768/1352 1353/2769/1365 1344/2770/1356
f 1298/2626/1310 1355/2771/1367 1309/2627/1321
f 1365/2687/1377 1272/2609/1284 1397/2772/1409
f 1217/2353/1229 1220/2390/1232 1392/2758/1404
f 1309/2517/1321 1355/2773/1367 1253/2515/1265
f 1251/2406/1263 1109/2137/1121 1398/2774/1410
f 1377/2775/1389 1280/2776/1292 1314/2777/1326
f 1284/2778/1296 1261/2779/1273 1395/2780/1407
f 1226/2414/1238 1213/2296/1225 1392/2758/1404
f 1255/2781/1267 1351/2782/1363 1260/2783/1272
f 1375/2784/1387 1399/2785/1411 1376/2786/1388
f 1335/2668/1347 1313/2527/1325 1358/2787/1370
f 1016/1882/1026 1045/2132/1055 1400/2788/1412
f 1278/2454/1290 1364/2686/1376 1370/2789/1382
f 1158/2726/1170 1381/2727/1393 1400/2788/1412
f 1158/2726/1170 1400/2788/1412 1388/2790/1400
f 1237/2350/1249 1356/2654/1368 1401/2791/1413
f 1272/2792/1284 1336/2793/1348 1397/2794/1409
f 1308/2603/1320 1394/2762/1406 1336/2604/1348
f 1251/2795/1263 1402/2796/1414 1369/2797/1381
f 1251/2406/1263 1398/2774/1410 1403/2798/1415
f 1251/2799/1263 1403/2800/1415 1402/2801/1414
f 1147/2802/1159 1404/2803/1416 1345/2732/1357
f 1252/2443/1264 1360/2673/1372 1310/2804/1322
f 1332/2805/1344 1405/2806/1417 1243/2554/1255
f 881/1893/891 1131/2129/1143 1389/2746/1401
f 1254/2395/1266 1406/2807/1418 1326/2593/1338
f 1325/2574/1337 1271/2808/1283 1156/2572/1168
f 1378/2720/1390 1407/2809/1419 1235/2347/1247
f 1375/2715/1387 1408/2810/1420 1399/2811/1411
f 1332/2805/1344 1237/2350/1249 1401/2791/1413
f 1387/2743/1399 1409/2812/1421 1347/2632/1359
f 1109/2095/1121 1193/2264/1205 1398/2813/1410
f 1356/2654/1368 1382/2728/1394 1401/2791/1413
f 1359/2662/1371 1304/2510/1316 1410/2814/1422
f 1387/2743/1399 1411/2815/1423 1409/2812/1421
f 1181/2279/1193 1412/2816/1424 1270/2431/1282
f 1243/2554/1255 1405/2806/1417 1315/2545/1327
f 1379/2723/1391 1234/2499/1246 1380/2724/1392
f 1341/2614/1353 1319/2561/1331 1353/2767/1365
f 1210/2292/1222 1161/2405/1173 1413/2817/1425
f 1289/2476/1301 1297/2490/1309 1414/2818/1426
f 1349/2672/1361 1361/2671/1373 1393/2760/1405
f 1092/2042/1102 1267/2819/1279 1415/2820/1427
f 1092/2042/1102 1415/2820/1427 1091/2040/1101
f 1358/2821/1370 1389/2822/1401 1406/2823/1418
f 1358/2657/1370 1406/2807/1418 1254/2395/1266
f 1373/2706/1385 1344/2703/1356 1353/2824/1365
f 1373/2706/1385 1353/2824/1365 1371/1331/1383
f 1336/2825/1348 1394/2826/1406 1397/2827/1409
f 1407/2809/1419 1378/2720/1390 1416/2828/1428
f 1350/2682/1362 1247/2829/1259 1417/2830/1429
f 1399/2811/1411 1408/2810/1420 1418/2831/1430
f 1354/2808/1366 1419/2832/1431 1355/2833/1367
f 255/348/255 1245/2374/1257 978/1794/988
f 1145/2159/1157 1420/2834/1432 1223/2415/1235
f 1421/2835/1433 1408/2810/1420 1422/2836/1434
f 1302/2506/1314 1338/2744/1350 1423/2837/1435
f 1355/2838/1367 1317/2548/1329 1253/2547/1265
f 1366/2688/1378 1420/2839/1432 1221/2322/1233
f 1313/2840/1325 1389/2822/1401 1358/2821/1370
f 1424/2841/1436 1425/2842/1437 1178/2843/1190
f 1399/2785/1411 1418/2204/1430 1426/2844/1438
f 1339/2685/1351 1427/2845/1439 1364/2686/1376
f 1221/2316/1233 1420/2834/1432 1145/2159/1157
f 1288/2636/1300 1315/2545/1327 1360/2667/1372
f 1325/2846/1337 1404/2847/1416 1271/2848/1283
f 1314/2849/1326 1321/2717/1333 1377/2719/1389
f 1351/2850/1363 1428/2851/1440 1429/2852/1441
f 1351/2853/1363 1429/2854/1441 1260/2855/1272
f 1312/2523/1324 1223/2318/1235 1430/2856/1442
f 1210/2857/1222 1413/2858/1425 1311/2859/1323
f 1378/2720/1390 1393/2860/1405 1416/2828/1428
f 1421/2835/1433 1431/2861/1443 1408/2810/1420
f 1421/2862/1433 1422/2863/1434 1432/2864/1444
f 1234/2865/1246 1433/2866/1445 1380/2867/1392
f 1318/2596/1330 1350/2682/1362 1330/2868/1342
f 1318/2596/1330 1330/2868/1342 1384/2754/1396
f 1399/2785/1411 1426/2844/1438 1376/2786/1388
f 1193/2264/1205 1127/2121/1139 1434/2869/1446
f 1407/2809/1419 1416/2828/1428 1435/2870/1447
f 1277/2587/1289 1330/2586/1342 1299/2871/1311
f 1359/2662/1371 1337/2872/1349 1165/2669/1177
f 1326/2575/1338 1436/2873/1448 1304/2510/1316
f 1392/2758/1404 1386/2742/1398 1217/2353/1229
f 1372/2711/1384 1376/2874/1388 1342/2712/1354
f 1437/2875/1449 1438/2876/1450 1439/2877/1451
f 1418/2831/1430 1408/2810/1420 1431/2861/1443
f 1267/2692/1279 1367/2691/1379 1189/2878/1201
f 1345/2732/1357 1404/2803/1416 1325/2581/1337
f 1438/2876/1450 1407/2809/1419 1435/2870/1447
f 1213/2296/1225 1391/2757/1403 1392/2758/1404
f 1104/2077/1116 1295/2487/1307 1390/2749/1402
f 1262/2408/1274 1383/2731/1395 1396/2765/1408
f 1016/1882/1026 1381/2727/1393 1211/2293/1223
f 1412/2879/1424 1181/2236/1193 1271/2504/1283
f 1437/2880/1449 1411/2881/1423 1438/2882/1450
f 1315/2545/1327 1405/2806/1417 1360/2667/1372
f 1033/1915/1043 1390/2749/1402 1269/2883/1281
f 1080/2015/1090 1178/2843/1190 1425/2842/1437
f 1357/2761/1369 1440/2884/1452 1394/2762/1406
f 1438/2876/1450 1411/2815/1423 1407/2809/1419
f 1363/2737/1375 1382/2728/1394 1233/2422/1245
f 1284/2778/1296 1395/2780/1407 1387/2885/1399
f 1311/2859/1323 1413/2858/1425 1441/2886/1453
f 1339/2685/1351 1385/2887/1397 1442/2888/1454
f 1127/2121/1139 1215/2722/1227 1434/2869/1446
f 1267/2889/1279 1189/2890/1201 1415/2891/1427
f 903/2892/913 801/1385/809 1443/2893/1455
f 1234/2894/1246 1302/2895/1314 1433/2896/1445
f 1351/2897/1363 1444/2898/1456 1428/2899/1440
f 1161/2900/1173 1386/2901/1398 1413/2858/1425
f 1365/2687/1377 1397/2772/1409 1445/2902/1457
f 1339/2685/1351 1442/2888/1454 1427/2845/1439
f 1365/2903/1377 1445/2904/1457 1385/2887/1397
f 1364/2686/1376 1446/2905/1458 1370/2789/1382
f 1394/2906/1406 1440/2907/1452 1397/2908/1409
f 1357/2909/1369 1368/2910/1380 1440/2911/1452
f 1354/2912/1366 1189/2913/1201 1367/2914/1379
f 1296/2488/1308 1396/2915/1408 1391/2757/1403
f 1354/2916/1366 1367/2917/1379 1419/721/1431
f 1437/2875/1449 1439/2877/1451 1411/2815/1423
f 1312/2523/1324 1430/2856/1442 1447/2918/1459
f 1312/2618/1324 1447/2919/1459 1316/2619/1328
f 1408/2920/1420 1448/2921/1460 1422/2922/1434
f 1299/2494/1311 1417/2923/1429 1178/2231/1190
f 1350/2682/1362 1299/2924/1311 1330/2868/1342
f 1282/2750/1294 1317/2548/1329 1353/2925/1365
f 1409/2812/1421 1411/2815/1423 1439/2877/1451
f 1350/2682/1362 1417/2830/1429 1299/2924/1311
f 1342/2718/1354 1449/2926/1461 1377/2719/1389
f 1080/2015/1090 1425/2842/1437 1297/2490/1309
f 1326/2575/1338 1450/2927/1462 1436/2873/1448
f 1438/2876/1450 1435/2870/1447 1439/2877/1451
f 1428/2928/1440 1444/2929/1456 1429/2930/1441
f 1375/2715/1387 1371/2714/1383 1451/2931/1463
f 1431/2932/1443 1452/2933/1464 1418/2934/1430
f 1310/2935/1322 1453/2936/1465 1363/2737/1375
f 1131/2129/1143 1380/2937/1392 1454/2938/1466
f 1375/2715/1387 1451/2931/1463 1408/2810/1420
f 1311/2859/1323 1441/2886/1453 1395/2939/1407
f 1364/2686/1376 1427/2845/1439 1446/2905/1458
f 1326/2593/1338 1406/2807/1418 1450/2940/1462
f 1016/1882/1026 1400/2788/1412 1381/2727/1393
f 1406/2807/1418 1389/2941/1401 1450/2940/1462
f 1418/2934/1430 1452/2933/1464 1426/2942/1438
f 1235/2347/1247 1455/2943/1467 1383/2731/1395
f 1361/2944/1373 1370/2945/1382 1393/2946/1405
f 1332/2805/1344 1401/2791/1413 1405/2806/1417
f 1189/2947/1201 1289/2948/1301 1415/2820/1427
f 1310/2935/1322 1360/2667/1372 1453/2936/1465
f 1363/2737/1375 1453/2936/1465 1382/2728/1394
f 1193/2264/1205 1434/2869/1446 1398/2813/1410
f 1280/2664/1292 1377/2719/1389 1241/2665/1253
f 1045/2132/1055 1305/2949/1317 1400/2788/1412
f 1401/2791/1413 1453/2936/1465 1405/2806/1417
f 1401/2791/1413 1382/2728/1394 1453/2936/1465
f 1392/2758/1404 1391/2757/1403 1456/2950/1468
f 1431/2932/1443 1421/2951/1433 1452/2933/1464
f 1370/2789/1382 1446/2905/1458 1457/2952/1469
f 1223/2415/1235 1420/2834/1432 1430/2953/1442
f 1410/2954/1422 1304/2955/1316 1436/2956/1448
f 1270/2431/1282 1458/2957/1470 1294/2483/1306
f 1235/2347/1247 1407/2809/1419 1455/2943/1467
f 1408/2810/1420 1459/2958/1471 1460/2959/1472
f 1359/2960/1371 1410/2961/1422 1337/2606/1349
f 1360/2667/1372 1405/2806/1417 1453/2936/1465
f 1131/2129/1143 1454/2938/1466 1389/2746/1401
f 1187/2491/1199 1362/2962/1374 1208/2287/1220
f 1411/2815/1423 1461/2963/1473 1407/2809/1419
f 1408/2810/1420 1460/2959/1472 1448/2964/1460
f 1439/2965/1451 1462/2966/1474 1409/2967/1421
f 1411/2815/1423 1387/2743/1399 1461/2963/1473
f 1432/2864/1444 1422/2863/1434 1463/2968/1475
f 1395/2939/1407 1461/2963/1473 1387/2743/1399
f 1408/2810/1420 1451/2931/1463 1459/2958/1471
f 1422/2863/1434 1448/2969/1460 1463/2968/1475
f 1376/2970/1388 1464/2971/1476 1342/2718/1354
f 1404/2972/1416 1147/2973/1159 1271/2974/1283
f 295/400/295 1465/2975/1477 843/1501/853
f 1442/2888/1454 1466/2976/1478 1427/2845/1439
f 1383/2731/1395 1455/2943/1467 1396/2765/1408
f 1402/2977/1414 1403/2978/1415 1467/2979/1479
f 1435/2980/1447 1416/2981/1428 1462/2982/1474
f 1385/2887/1397 1468/2983/1480 1442/2888/1454
f 1393/2984/1405 1462/2982/1474 1416/2981/1428
f 1393/2984/1405 1370/2789/1382 1462/2982/1474
f 1413/2858/1425 1386/2901/1398 1441/2886/1453
f 1380/2867/1392 1433/2866/1445 1469/2985/1481
f 1380/2986/1392 1469/2987/1481 1454/2988/1466
f 1460/2989/1472 1459/2990/1471 1470/2991/1482
f 1445/2904/1457 1471/2992/1483 1385/2887/1397
f 1403/2798/1415 1398/2774/1410 1472/2993/1484
f 1417/2994/1429 1473/2995/1485 1178/2996/1190
f 1402/2977/1414 1467/2979/1479 1369/2695/1381
f 1430/2953/1442 1420/2834/1432 1474/2997/1486
f 1435/2998/1447 1462/2966/1474 1439/2965/1451
f 1260/2690/1272 1475/2999/1487 1476/3000/1488
f 1407/2809/1419 1461/2963/1473 1455/2943/1467
f 1218/2312/1230 1322/2564/1334 1366/2688/1378
f 1419/3001/1431 1367/3002/1379 1477/3003/1489
f 1385/2887/1397 1471/2992/1483 1468/2983/1480
f 1260/2690/1272 1429/3004/1441 1475/2999/1487
f 1333/3005/1345 967/1857/977 1286/2466/1298
f 1421/2951/1433 1432/3006/1444 1452/2933/1464
f 1368/2729/1380 1478/3007/1490 1440/3008/1452
f 1397/2772/1409 1440/3009/1452 1478/3010/1490
f 1392/2758/1404 1479/3011/1491 1386/2742/1398
f 1397/2772/1409 1478/3010/1490 1480/3012/1492
f 1355/2833/1367 1419/2832/1431 1481/3013/1493
f 1351/3014/1363 1482/3015/1494 1444/3016/1456
f 1342/2718/1354 1464/2971/1476 1449/2926/1461
f 1395/2939/1407 1441/2886/1453 1461/2963/1473
f 1425/2842/1437 1424/2841/1436 1297/2490/1309
f 1338/2607/1350 1483/3017/1495 1423/3018/1435
f 728/1211/734 1307/2513/1319 984/1812/994
f 1269/2430/1281 1484/3019/1496 1086/2033/1096
f 1417/2830/1429 1247/2829/1259 1485/3020/1497
f 1355/2838/1367 1486/3021/1498 1317/2548/1329
f 1241/3022/1253 1487/3023/1499 1298/3024/1310
f 1389/2051/1401 1454/2505/1466 1450/3025/1462
f 1403/3026/1415 1472/3027/1484 1467/3028/1479
f 1337/2606/1349 1483/3017/1495 1338/2607/1350
f 1426/2942/1438 1452/2933/1464 1376/2970/1388
f 1392/2758/1404 1456/2950/1468 1479/3011/1491
f 1370/2789/1382 1457/2952/1469 1488/3029/1500
f 1427/2845/1439 1489/3030/1501 1446/2905/1458
f 1463/2968/1475 1448/2969/1460 1490/3031/1502
f 1386/2901/1398 1479/3032/1491 1441/2886/1453
f 1391/3033/1403 1396/2765/1408 1455/2943/1467
f 1294/2483/1306 1491/3034/1503 1232/2336/1244
f 1371/1331/1383 1353/2824/1365 1492/3035/1504
f 655/1063/657 1005/1858/1015 1493/3036/1505
f 1482/3037/1494 1494/3038/1506 1444/3039/1456
f 1391/3033/1403 1455/2943/1467 1456/3040/1468
f 233/885/233 1276/3041/1288 1076/2009/1086
f 1377/2719/1389 1495/3042/1507 1241/2665/1253
f 1370/2789/1382 1488/3029/1500 1462/2982/1474
f 1270/2431/1282 1412/2816/1424 1458/2957/1470
f 1397/2772/1409 1496/3043/1508 1445/2902/1457
f 1334/2601/1346 1088/2037/1098 1497/3044/1509
f 1427/2845/1439 1466/2976/1478 1489/3030/1501
f 599/956/599 927/1676/937 1465/2975/1477
f 1371/3045/1383 1492/3046/1504 1451/3047/1463
f 580/925/580 676/1111/680 1498/3048/1510
f 1473/3049/1485 1424/3050/1436 1178/3051/1190
f 1347/3052/1359 1499/3053/1511 1301/2501/1313
f 1351/3014/1363 1500/3054/1512 1482/3015/1494
f 1419/3001/1431 1477/3003/1489 1481/3055/1493
f 1460/3056/1472 1470/3057/1482 1448/2969/1460
f 1447/3058/1459 1474/3059/1486 1501/3060/1513
f 1447/2918/1459 1430/2856/1442 1474/3061/1486
f 1298/2492/1310 1487/3062/1499 1502/3063/1514
f 1298/2492/1310 1502/3063/1514 1351/2638/1363
f 1351/2638/1363 1502/3063/1514 1500/3064/1512
f 1355/2833/1367 1481/3013/1493 1486/3065/1498
f 1377/2719/1389 1449/2926/1461 1495/3042/1507
f 1410/2961/1422 1503/3066/1515 1337/2606/1349
f 1444/3039/1456 1494/3038/1506 1429/3067/1441
f 1445/3068/1457 1504/3069/1516 1471/3070/1483
f 1452/2933/1464 1432/3006/1444 1505/3071/1517
f 1445/3068/1457 1496/3072/1508 1504/3069/1516
f 1367/2691/1379 1260/2690/1272 1476/3000/1488
f 1414/2818/1426 1297/2490/1309 1506/3073/1518
f 1337/2606/1349 1503/3066/1515 1483/3017/1495
f 1446/2905/1458 1507/3074/1519 1457/2952/1469
f 1448/2969/1460 1470/3057/1482 1490/3031/1502
f 1452/2933/1464 1505/3071/1517 1464/2971/1476
f 1147/2161/1159 1086/2033/1096 1508/3075/1520
f 1452/2933/1464 1464/2971/1476 1376/2970/1388
f 1289/2948/1301 1414/3076/1426 1415/2820/1427
f 1429/3004/1441 1494/3077/1506 1475/2999/1487
f 1294/2483/1306 1458/2957/1470 1491/3034/1503
f 1434/2869/1446 1215/2722/1227 1509/3078/1521
f 1302/2895/1314 1423/3079/1435 1433/2896/1445
f 1479/3032/1491 1461/2963/1473 1441/2886/1453
f 1301/2501/1313 1510/3080/1522 1215/2300/1227
f 1397/2772/1409 1480/3012/1492 1496/3043/1508
f 994/1835/1004 1511/3081/1523 1130/2126/1142
f 1479/3032/1491 1456/3040/1468 1461/2963/1473
f 1023/1896/1033 336/463/336 1039/1928/1049
f 1301/2501/1313 1499/3053/1511 1510/3080/1522
f 1368/2729/1380 1208/2287/1220 1512/3082/1524
f 1455/2943/1467 1461/2963/1473 1456/3040/1468
f 1247/2376/1259 450/653/450 1334/2601/1346
f 1482/3037/1494 1500/3083/1512 1494/3038/1506
f 1317/2548/1329 1513/3084/1525 1353/2925/1365
f 1451/3085/1463 1514/3086/1526 1515/3087/1527
f 1447/3088/1459 1501/3089/1513 1516/3090/1528
f 1297/2490/1309 1424/2841/1436 1517/3091/1529
f 1297/2490/1309 1517/3091/1529 1506/3073/1518
f 1367/2691/1379 1476/3000/1488 1477/3092/1489
f 1115/2102/1127 1518/3093/1530 1305/2511/1317
f 1307/2513/1319 1101/2069/1113 1352/2639/1364
f 727/1210/733 1307/2513/1319 728/1211/734
f 1305/2511/1317 1518/3093/1530 1519/3094/1531
f 1495/3095/1507 1487/3062/1499 1241/3096/1253
f 1215/3097/1227 1510/3098/1522 1509/3099/1521
f 1520/3100/1532 1417/2830/1429 1485/3020/1497
f 1451/3101/1463 1521/3102/1533 1470/2991/1482
f 1451/3101/1463 1470/2991/1482 1459/2990/1471
f 1473/3103/1485 1417/3104/1429 1520/3105/1532
f 1446/2905/1458 1489/3030/1501 1507/3074/1519
f 1086/2033/1096 1484/3019/1496 1508/3075/1520
f 1442/2888/1454 1468/2983/1480 1466/2976/1478
f 1462/2966/1474 1522/3106/1534 1409/2967/1421
f 1228/2330/1240 1497/3044/1509 1088/2037/1098
f 1451/3107/1463 1515/3108/1527 1523/3109/1535
f 1115/2102/1127 1316/2546/1328 1518/3093/1530
f 1467/2979/1479 1524/3110/1536 1369/2695/1381
f 599/956/599 1465/2975/1477 295/400/295
f 1368/2729/1380 1512/3082/1524 1525/3111/1537
f 1469/2985/1481 1526/3112/1538 1527/3113/1539
f 1467/2979/1479 1472/3114/1484 1524/3110/1536
f 1514/3115/1526 1523/3116/1535 1515/3117/1527
f 1473/3118/1485 1520/3119/1532 1485/3120/1497
f 489/718/489 1076/2009/1086 934/1688/944
f 1500/3083/1512 1528/3121/1540 1494/3038/1506
f 1415/2820/1427 1414/3076/1426 1091/2040/1101
f 1529/3122/1541 1530/3123/1542 1500/3083/1512
f 1368/2729/1380 1525/3111/1537 1478/3007/1490
f 1457/2952/1469 1507/3074/1519 1531/3124/1543
f 1477/3003/1489 1532/3125/1544 1481/3055/1493
f 1527/3126/1539 1529/3122/1541 1469/3127/1481
f 1305/2949/1317 1519/3128/1531 1400/2788/1412
f 1451/3047/1463 1492/3046/1504 1514/3129/1526
f 1362/2962/1374 1533/3130/1545 1208/2287/1220
f 1432/2864/1444 1463/2968/1475 1505/3131/1517
f 1457/2952/1469 1531/3124/1543 1488/3029/1500
f 1477/3092/1489 1476/3000/1488 1532/3132/1544
f 1147/2973/1159 1534/3133/1546 1271/2974/1283
f 1516/3134/1528 1535/3135/1547 1447/3136/1459
f 1468/2983/1480 1536/3137/1548 1466/2976/1478
f 1232/2336/1244 1491/3034/1503 1362/2675/1374
f 1420/2839/1432 1366/2688/1378 1537/3138/1549
f 1470/3057/1482 1521/3139/1533 1490/3031/1502
f 1451/3107/1463 1523/3109/1535 1521/3139/1533
f 1469/2985/1481 1433/2866/1445 1526/3112/1538
f 1490/3031/1502 1538/3140/1550 1463/2968/1475
f 1471/3070/1483 1504/3069/1516 1539/3141/1551
f 1433/2896/1445 1423/3079/1435 1526/3142/1538
f 1352/2639/1364 1130/2235/1142 1540/3143/1552
f 1410/2954/1422 1436/2956/1448 1541/3144/1553
f 1530/3123/1542 1528/3121/1540 1500/3083/1512
f 1529/3122/1541 1527/3126/1539 1530/3123/1542
f 1317/2548/1329 1542/3145/1554 1513/3084/1525
f 1472/3146/1484 1398/2813/1410 1543/3147/1555
f 1450/3148/1462 1454/2988/1466 1544/3149/1556
f 1463/3150/1475 1538/3151/1550 1505/3071/1517
f 1545/3152/1557 1524/3110/1536 1472/3114/1484
f 1424/3050/1436 1546/3153/1558 1517/3154/1529
f 1436/2956/1448 1450/3148/1462 1544/3149/1556
f 1485/3155/1497 1424/3050/1436 1473/3049/1485
f 1530/3156/1542 1527/3157/1539 1528/3158/1540
f 1398/2813/1410 1434/2869/1446 1547/3159/1559
f 1409/2967/1421 1522/3106/1534 1347/3052/1359
f 1130/2235/1142 1511/3160/1523 1540/3143/1552
f 1517/3154/1529 1546/3153/1558 1506/3161/1518
f 1502/3063/1514 1487/3062/1499 1548/3162/1560
f 1502/3063/1514 1548/3162/1560 1500/3064/1512
f 1501/3089/1513 1474/3163/1486 1516/3090/1528
f 1434/2869/1446 1509/3078/1521 1547/3159/1559
f 1469/2987/1481 1529/3164/1541 1544/3149/1556
f 1468/2983/1480 1471/2992/1483 1536/3137/1548
f 1486/3021/1498 1481/3055/1493 1549/3165/1561
f 1317/2548/1329 1486/3021/1498 1542/3145/1554
f 1480/3012/1492 1478/3010/1490 1550/3166/1562
f 1454/2988/1466 1469/2987/1481 1544/3149/1556
f 1476/3000/1488 1549/3167/1561 1532/3132/1544
f 1353/2925/1365 1551/3168/1563 1492/3046/1504
f 1271/2974/1283 1534/3133/1546 1552/3169/1564
f 1523/3109/1535 1514/3170/1526 1521/3139/1533
f 1471/2992/1483 1539/3171/1551 1536/3137/1548
f 1500/3064/1512 1548/3162/1560 1529/3164/1541
f 1532/3125/1544 1549/3165/1561 1481/3055/1493
f 1509/3099/1521 1510/3098/1522 1547/3172/1559
f 1353/2925/1365 1513/3084/1525 1551/3168/1563
f 1414/3076/1426 1506/3161/1518 1091/2040/1101
f 1483/3017/1495 1553/3173/1565 1423/3018/1435
f 1208/2287/1220 1554/3174/1566 1512/3082/1524
f 1423/3079/1435 1555/3175/1567 1526/3142/1538
f 1362/2675/1374 1491/3034/1503 1556/3176/1568
f 1522/3106/1534 1499/3053/1511 1347/3052/1359
f 1447/2919/1459 1535/3177/1547 1316/2619/1328
f 1366/2688/1378 1322/2564/1334 1537/3138/1549
f 1486/3021/1498 1557/3178/1569 1542/3145/1554
f 1410/2961/1422 1541/3179/1553 1503/3066/1515
f 1436/2956/1448 1544/3149/1556 1558/3180/1570
f 1466/2976/1478 1559/3181/1571 1489/3030/1501
f 1543/3147/1555 1398/2813/1410 1547/3159/1559
f 1420/2839/1432 1537/3138/1549 1560/3182/1572
f 1478/3183/1490 1525/3184/1537 1550/3185/1562
f 1522/3106/1534 1462/2966/1474 1561/3186/1573
f 1489/3030/1501 1559/3181/1571 1507/3074/1519
f 1436/2956/1448 1558/3180/1570 1541/3144/1553
f 1462/2966/1474 1488/3187/1500 1561/3186/1573
f 1307/2513/1319 1562/3188/1574 984/1812/994
f 580/925/580 1498/3048/1510 1286/2466/1298
f 1527/3189/1539 1526/3190/1538 1528/3191/1540
f 1494/3077/1506 1528/3192/1540 1475/2999/1487
f 1334/2601/1346 1485/3155/1497 1247/2376/1259
f 1525/3193/1537 1512/3194/1524 1550/3195/1562
f 339/468/339 1023/1896/1033 950/1721/960
f 1534/3133/1546 1563/3196/1575 1552/3169/1564
f 1491/3034/1503 1458/2957/1470 1564/3197/1576
f 1513/3198/1525 1565/3199/1577 1566/3200/1578
f 1513/3198/1525 1542/3201/1554 1565/3199/1577
f 1510/3080/1522 1499/3053/1511 1567/3202/1579
f 1412/2816/1424 1568/3203/1580 1458/2957/1470
f 1472/3146/1484 1543/3147/1555 1545/3204/1557
f 1529/3164/1541 1548/3162/1560 1544/3149/1556
f 1464/2971/1476 1495/3042/1507 1449/2926/1461
f 219/293/219 1191/2262/1203 216/290/216
f 801/1385/809 1569/3205/1581 1443/2893/1455
f 275/372/275 707/1162/711 1570/3206/1582
f 1497/3044/1509 1228/2330/1240 1571/3207/1583
f 1271/2974/1283 1568/3208/1580 1412/3209/1424
f 1369/2695/1381 1524/3110/1536 1322/2741/1334
f 1316/2546/1328 1572/3210/1584 1518/3093/1530
f 1522/3106/1534 1561/3186/1573 1573/3211/1585
f 1492/3046/1504 1574/3212/1586 1575/3213/1587
f 1474/3163/1486 1420/2839/1432 1560/3182/1572
f 1486/3021/1498 1549/3165/1561 1557/3178/1569
f 1551/3168/1563 1574/3212/1586 1492/3046/1504
f 1424/3050/1436 1485/3155/1497 1576/3214/1588
f 1516/3090/1528 1474/3163/1486 1577/3215/1589
f 1516/3216/1528 1577/3217/1589 1535/3218/1547
f 1488/3187/1500 1578/3219/1590 1561/3186/1573
f 1519/3128/1531 1388/2790/1400 1400/2788/1412
f 1522/3106/1534 1573/3211/1585 1499/3053/1511
f 1551/3220/1563 1513/3198/1525 1566/3200/1578
f 1147/2161/1159 1508/3075/1520 1534/3221/1546
f 927/1676/937 950/1721/960 1579/3222/1591
f 1458/2957/1470 1568/3203/1580 1564/3197/1576
f 1521/3139/1533 1514/3170/1526 1575/3223/1587
f 1580/3224/1592 1545/3204/1557 1543/3147/1555
f 1507/3225/1519 1559/3226/1571 1581/3227/1593
f 1499/3053/1511 1573/3211/1585 1567/3202/1579
f 1542/3145/1554 1582/3228/1594 1565/3229/1577
f 1514/3129/1526 1492/3046/1504 1575/3213/1587
f 1506/3161/1518 1546/3153/1558 1576/3214/1588
f 1531/3230/1543 1507/3225/1519 1581/3227/1593
f 1423/3079/1435 1553/3231/1565 1555/3175/1567
f 1524/3110/1536 1583/3232/1595 1322/2741/1334
f 767/1303/775 934/1688/944 1584/3233/1596
f 1510/3098/1522 1567/3234/1579 1547/3172/1559
f 1566/3235/1578 1565/3229/1577 1585/3236/1597
f 1464/3237/1476 1586/3238/1598 1495/3239/1507
f 1488/3187/1500 1531/3240/1543 1578/3219/1590
f 1390/2749/1402 1295/2487/1307 1587/3241/1599
f 1466/2976/1478 1588/3242/1600 1559/3181/1571
f 1558/3243/1570 1503/3066/1515 1541/3179/1553
f 1547/3172/1559 1589/3244/1601 1543/3245/1555
f 1424/3050/1436 1576/3214/1588 1546/3153/1558
f 1557/3178/1569 1582/3228/1594 1542/3145/1554
f 1505/3071/1517 1538/3151/1550 1590/3246/1602
f 1580/3224/1592 1543/3147/1555 1591/3247/1603
f 1483/3017/1495 1503/3066/1515 1553/3173/1565
f 452/658/452 1562/3188/1574 707/1162/711
f 1476/3000/1488 1475/2999/1487 1592/3248/1604
f 1476/3000/1488 1592/3248/1604 1549/3167/1561
f 1538/3140/1550 1490/3031/1502 1590/3249/1602
f 1390/2749/1402 1587/3241/1599 1593/3250/1605
f 1526/3142/1538 1555/3175/1567 1528/3192/1540
f 1091/2040/1101 1506/3161/1518 1576/3214/1588
f 994/1835/1004 1091/2040/1101 1576/3214/1588
f 1208/2287/1220 1533/3130/1545 1594/3251/1606
f 1208/2287/1220 1594/3251/1606 1554/3174/1566
f 1580/3252/1592 1595/3253/1607 1545/3152/1557
f 1474/3163/1486 1560/3182/1572 1596/3254/1608
f 1504/3069/1516 1496/3072/1508 1597/3255/1609
f 1565/3229/1577 1582/3228/1594 1598/3256/1610
f 1531/3230/1543 1581/3227/1593 1599/3257/1611
f 1591/3258/1603 1600/3259/1612 1595/3253/1607
f 1580/3252/1592 1591/3258/1603 1595/3253/1607
f 1160/2186/1172 1275/2447/1287 233/313/233
f 1557/3260/1569 1549/3167/1561 1592/3248/1604
f 1557/3260/1569 1592/3248/1604 1582/3261/1594
f 1558/3243/1570 1601/3262/1613 1503/3066/1515
f 1551/3168/1563 1566/3235/1578 1585/3236/1597
f 1551/3168/1563 1585/3236/1597 1574/3212/1586
f 1554/3263/1566 1550/3195/1562 1512/3194/1524
f 1585/3236/1597 1565/3229/1577 1598/3256/1610
f 1475/2999/1487 1602/3264/1614 1592/3248/1604
f 1269/2883/1281 1390/2749/1402 1603/3265/1615
f 1269/2430/1281 1603/3266/1615 1484/3019/1496
f 1271/2974/1283 1552/3169/1564 1568/3208/1580
f 1547/3172/1559 1567/3234/1579 1589/3244/1601
f 1600/1025/1612 1591/3267/1603 1543/3268/1555
f 1474/3163/1486 1596/3254/1608 1577/3215/1589
f 1322/2564/1334 1583/3269/1595 1537/3138/1549
f 1352/3270/1364 1540/3271/1552 1307/3272/1319
f 1528/3192/1540 1555/3175/1567 1475/2999/1487
f 1504/3069/1516 1604/3273/1616 1539/3141/1551
f 1490/3031/1502 1521/3139/1533 1605/3274/1617
f 1484/3019/1496 1563/3275/1575 1508/3075/1520
f 1599/3257/1611 1578/3276/1590 1531/3230/1543
f 1559/3226/1571 1588/3277/1600 1581/3227/1593
f 1464/2971/1476 1505/3071/1517 1586/3278/1598
f 934/1688/944 1076/2009/1086 1584/3233/1596
f 1575/3279/1587 1574/3280/1586 1606/3281/1618
f 1490/3031/1502 1605/3274/1617 1590/3249/1602
f 1600/3282/1612 1543/3283/1555 1607/3284/1619
f 1495/3095/1507 1608/3285/1620 1487/3062/1499
f 1388/2745/1400 1609/3286/1621 1295/2487/1307
f 1466/2976/1478 1536/3137/1548 1588/3242/1600
f 1582/3261/1594 1592/3248/1604 1598/3287/1610
f 213/285/213 1184/3288/1196 326/1771/326
f 1553/3231/1565 1610/3289/1622 1555/3175/1567
f 1554/3290/1566 1594/3291/1606 1550/3292/1562
f 1534/3221/1546 1508/3075/1520 1563/3275/1575
f 1536/3137/1548 1539/3171/1551 1611/3293/1623
f 1598/3287/1610 1592/3248/1604 1585/3294/1597
f 1558/3180/1570 1544/3149/1556 1612/3295/1624
f 1601/3262/1613 1610/3296/1622 1503/3066/1515
f 1607/3297/1619 1543/3245/1555 1589/3244/1601
f 1480/3012/1492 1550/3166/1562 1613/3298/1625
f 275/372/275 1614/3299/1626 715/1179/719
f 1503/3066/1515 1610/3296/1622 1553/3173/1565
f 1592/3248/1604 1602/3264/1614 1585/3294/1597
f 1545/3152/1557 1595/3253/1607 1524/3110/1536
f 1504/3069/1516 1597/3255/1609 1604/3273/1616
f 1607/3300/1619 1615/3301/1627 1616/3302/1628
f 1160/2186/1172 655/1063/657 1493/3036/1505
f 1586/3278/1598 1505/3071/1517 1617/3303/1629
f 1577/3215/1589 1596/3254/1608 1618/3304/1630
f 1521/3139/1533 1575/3223/1587 1605/3274/1617
f 1607/3300/1619 1616/3302/1628 1600/3259/1612
f 1609/3286/1621 1587/3241/1599 1295/2487/1307
f 1505/3071/1517 1590/3246/1602 1617/3303/1629
f 1573/3305/1585 1619/3306/1631 1567/3234/1579
f 1620/3307/1632 1609/3308/1621 1388/3309/1400
f 1561/3310/1573 1619/3306/1631 1573/3305/1585
f 1495/3095/1507 1586/3311/1598 1608/3285/1620
f 1561/3310/1573 1578/3276/1590 1621/3312/1633
f 1564/3197/1576 1622/3313/1634 1491/3034/1503
f 1561/3310/1573 1621/3312/1633 1619/3306/1631
f 1578/3276/1590 1599/3257/1611 1621/3312/1633
f 1607/3297/1619 1589/3244/1601 1615/3314/1627
f 1276/3041/1288 1623/3315/1635 1076/2009/1086
f 1307/3316/1319 1540/3317/1552 1624/3318/1636
f 1550/3166/1562 1594/3319/1606 1613/3298/1625
f 1625/3320/1637 1615/3321/1627 1619/975/1631
f 1558/3243/1570 1612/3322/1624 1610/3296/1622
f 1558/3243/1570 1610/3296/1622 1601/3262/1613
f 1572/3210/1584 1316/2546/1328 1626/3323/1638
f 1567/3234/1579 1619/3306/1631 1589/3244/1601
f 1480/3012/1492 1627/3324/1639 1496/3043/1508
f 1519/3128/1531 1628/3325/1640 1388/2790/1400
f 1594/3319/1606 1629/3326/1641 1613/3298/1625
f 1625/3327/1637 1630/3328/1642 1631/3329/1643
f 1625/3327/1637 1619/3306/1631 1630/3328/1642
f 1599/3257/1611 1632/3330/1644 1621/3312/1633
f 1589/3244/1601 1619/3306/1631 1615/3314/1627
f 1388/3331/1400 1633/3332/1645 1620/3333/1632
f 1536/3137/1548 1634/3334/1646 1588/3242/1600
f 1544/3149/1556 1548/3162/1560 1635/3335/1647
f 1616/3302/1628 1595/3253/1607 1600/3259/1612
f 1475/2999/1487 1636/3336/1648 1602/3264/1614
f 1590/3249/1602 1605/3274/1617 1606/3337/1618
f 1540/3143/1552 1511/3160/1523 1637/3338/1649
f 1602/3264/1614 1638/3339/1650 1585/3294/1597
f 1630/3328/1642 1619/3306/1631 1621/3312/1633
f 1630/3328/1642 1621/3312/1633 1632/3330/1644
f 1480/3012/1492 1639/3340/1651 1627/3324/1639
f 1632/3330/1644 1640/3341/1652 1630/3328/1642
f 1599/3257/1611 1581/3227/1593 1632/3330/1644
f 1496/3072/1508 1627/3342/1639 1641/3343/1653
f 1630/3328/1642 1640/3341/1652 1631/3329/1643
f 1602/3264/1614 1636/3336/1648 1638/3339/1650
f 1581/3227/1593 1642/3344/1654 1632/3330/1644
f 452/3345/452 984/3346/994 1562/3347/1574
f 1572/3210/1584 1643/3348/1655 1518/3093/1530
f 1480/3012/1492 1613/3298/1625 1639/3340/1651
f 1535/3177/1547 1626/3349/1638 1316/2619/1328
f 1604/3350/1616 1611/3293/1623 1539/3171/1551
f 1533/3351/1545 1629/3352/1641 1594/3353/1606
f 1632/3354/1644 1642/3355/1654 1644/3356/1656
f 1544/3149/1556 1635/3335/1647 1612/3295/1624
f 1556/3357/1568 1533/3130/1545 1362/2962/1374
f 1605/3358/1617 1575/3359/1587 1606/3360/1618
f 1536/3137/1548 1611/3293/1623 1634/3334/1646
f 1555/3175/1567 1636/3336/1648 1475/2999/1487
f 1632/3354/1644 1644/3356/1656 1645/3361/1657
f 1563/3196/1575 1646/3362/1658 1552/3169/1564
f 1625/3363/1637 1616/3302/1628 1615/3301/1627
f 1581/3227/1593 1588/3277/1600 1647/3364/1659
f 1625/3363/1637 1631/3365/1643 1616/3302/1628
f 1572/3210/1584 1626/3323/1638 1643/3348/1655
f 1581/3227/1593 1648/3366/1660 1642/3344/1654
f 1039/1928/1049 1649/3367/1661 1023/1896/1033
f 1581/3227/1593 1647/3364/1659 1648/3366/1660
f 1496/3072/1508 1641/3343/1653 1597/3255/1609
f 1574/3368/1586 1585/3294/1597 1606/3369/1618
f 1586/3278/1598 1617/3303/1629 1608/3370/1620
f 1485/3155/1497 1650/3371/1662 1576/3214/1588
f 1596/3254/1608 1651/3372/1663 1618/3304/1630
f 1596/3254/1608 1560/3182/1572 1651/3372/1663
f 1612/3322/1624 1652/3373/1664 1610/3296/1622
f 1618/3304/1630 1651/3372/1663 1577/3215/1589
f 1388/2790/1400 1628/3325/1640 1633/3374/1645
f 1588/3277/1600 1653/3375/1665 1647/3364/1659
f 1637/3376/1649 1511/3377/1523 1654/3378/1666
f 1652/3373/1664 1655/3379/1667 1610/3296/1622
f 1491/3034/1503 1622/3313/1634 1556/3176/1568
f 1590/3249/1602 1606/3337/1618 1617/3380/1629
f 1648/3381/1660 1656/3382/1668 1642/3355/1654
f 1631/3365/1643 1657/3383/1669 1616/3302/1628
f 1583/3269/1595 1658/3384/1670 1537/3138/1549
f 1548/3162/1560 1487/3062/1499 1635/3335/1647
f 1612/3322/1624 1635/3385/1647 1652/3373/1664
f 1632/3386/1644 1645/3387/1657 1640/3388/1652
f 1640/3389/1652 1657/3390/1669 1631/3391/1643
f 1519/3094/1531 1518/3093/1530 1659/3392/1671
f 1390/2749/1402 1593/3250/1605 1603/3265/1615
f 1497/3044/1509 1571/3207/1583 1660/3393/1672
f 1608/3394/1620 1617/3395/1629 1606/3396/1618
f 676/1111/680 766/1302/774 1498/3048/1510
f 1333/2597/1345 1661/3397/1673 1228/2756/1240
f 1487/3062/1499 1608/3285/1620 1635/3335/1647
f 1648/3381/1660 1647/3398/1659 1662/3399/1674
f 1519/3094/1531 1659/3392/1671 1628/3400/1640
f 1642/3355/1654 1656/3382/1668 1644/3356/1656
f 1620/3307/1632 1663/3401/1675 1609/3308/1621
f 1577/3217/1589 1651/3402/1663 1535/3218/1547
f 1560/3182/1572 1537/3138/1549 1658/3384/1670
f 1629/3326/1641 1664/3403/1676 1613/3298/1625
f 1563/3196/1575 1665/3404/1677 1646/3362/1658
f 1604/3273/1616 1597/3255/1609 1666/3405/1678
f 1518/3093/1530 1643/3348/1655 1659/3392/1671
f 1039/1928/1049 903/1763/913 1649/3367/1661
f 1620/3333/1632 1633/3332/1645 1663/3406/1675
f 1610/3289/1622 1655/3407/1667 1555/3175/1567
f 1648/3381/1660 1662/3399/1674 1656/3382/1668
f 1641/3343/1653 1667/3408/1679 1597/3255/1609
f 1585/3294/1597 1638/3339/1650 1668/3409/1680
f 1645/3361/1657 1644/3356/1656 1669/3410/1681
f 1651/3372/1663 1560/3182/1572 1670/3411/1682
f 1652/3373/1664 1671/3412/1683 1655/3379/1667
f 1635/3385/1647 1671/3412/1683 1652/3373/1664
f 1647/3398/1659 1653/3413/1665 1672/3414/1684
f 1647/3398/1659 1672/3414/1684 1673/3415/1685
f 1629/3352/1641 1533/3351/1545 1664/3416/1676
f 1647/3398/1659 1673/3415/1685 1662/3399/1674
f 1635/3385/1647 1608/3417/1620 1674/3418/1686
f 1608/3417/1620 1606/3419/1618 1674/3418/1686
f 1640/3389/1652 1669/3410/1681 1657/3390/1669
f 1597/3255/1609 1667/3408/1679 1666/3405/1678
f 1585/3294/1597 1668/3409/1680 1606/3369/1618
f 1563/3275/1575 1484/3019/1496 1665/3420/1677
f 1511/3081/1523 994/1835/1004 1675/3421/1687
f 1640/3389/1652 1645/3361/1657 1669/3410/1681
f 1588/3277/1600 1676/3422/1688 1653/3375/1665
f 801/1385/809 1324/2568/1336 1569/3205/1581
f 1655/3407/1667 1671/3423/1683 1555/3175/1567
f 1568/3203/1580 1677/3424/1689 1564/3197/1576
f 1613/3425/1625 1664/3426/1676 1678/3427/1690
f 1555/3175/1567 1671/3423/1683 1636/3336/1648
f 1579/3222/1591 1679/3428/1691 927/1676/937
f 1191/2262/1203 1324/2568/1336 216/290/216
f 1634/3429/1646 1676/3422/1688 1588/3277/1600
f 1524/3110/1536 1595/3253/1607 1680/3430/1692
f 1674/3418/1686 1681/3431/1693 1635/3385/1647
f 1564/3197/1576 1677/3424/1689 1682/3432/1694
f 1674/3418/1686 1668/3433/1680 1681/3431/1693
f 1670/3434/1682 1683/3435/1695 1651/3402/1663
f 1568/3208/1580 1552/3169/1564 1677/3436/1689
f 1635/3385/1647 1681/3431/1693 1671/3412/1683
f 1562/3437/1574 1307/3438/1319 1684/3439/1696
f 1644/3356/1656 1685/3440/1697 1686/3441/1698
f 1653/3375/1665 1676/3422/1688 1687/3442/1699
f 1611/3293/1623 1604/3350/1616 1688/3443/1700
f 1583/3232/1595 1524/3110/1536 1658/3444/1670
f 1656/3382/1668 1662/3399/1674 1685/3440/1697
f 1644/3356/1656 1686/3441/1698 1669/3410/1681
f 1636/3336/1648 1671/3423/1683 1638/3339/1650
f 1228/2756/1240 1661/3397/1673 1689/3445/1701
f 1663/3401/1675 1690/3446/1702 1609/3308/1621
f 1674/3447/1686 1606/3369/1618 1668/3409/1680
f 1656/3382/1668 1685/3440/1697 1644/3356/1656
f 1465/2975/1477 927/1676/937 1679/3428/1691
f 1524/3110/1536 1680/3430/1692 1658/3444/1670
f 1658/3384/1670 1691/3448/1703 1560/3182/1572
f 978/1794/988 1245/2374/1257 1692/3449/1704
f 1576/3214/1588 1650/3371/1662 1693/3450/1705
f 1670/3411/1682 1560/3182/1572 1694/3451/1706
f 275/372/275 1570/3206/1582 1614/3299/1626
f 1595/3253/1607 1616/3302/1628 1695/3452/1707
f 1560/3182/1572 1691/3448/1703 1694/3451/1706
f 1634/3334/1646 1611/3293/1623 1676/3453/1688
f 1540/3454/1552 1637/3376/1649 1624/3455/1636
f 1664/3416/1676 1533/3351/1545 1696/3456/1708
f 1228/2756/1240 1689/3445/1701 1571/3457/1583
f 1681/3431/1693 1638/3458/1650 1671/3412/1683
f 1668/3433/1680 1638/3458/1650 1681/3431/1693
f 1662/3399/1674 1673/3415/1685 1685/3440/1697
f 1664/3459/1676 1696/3460/1708 1678/3461/1690
f 1564/3197/1576 1682/3432/1694 1622/3313/1634
f 1613/3298/1625 1678/3462/1690 1697/3463/1709
f 1683/3464/1695 1670/3411/1682 1694/3451/1706
f 1552/3169/1564 1698/3465/1710 1677/3436/1689
f 1673/3415/1685 1699/3466/1711 1685/3440/1697
f 1653/3413/1665 1687/3467/1699 1700/3468/1712
f 1593/3250/1605 1701/3469/1713 1603/3265/1615
f 1658/3444/1670 1680/3430/1692 1702/3470/1714
f 1484/3019/1496 1603/3266/1615 1703/3471/1715
f 1484/3019/1496 1703/3471/1715 1665/3420/1677
f 1633/3374/1645 1628/3325/1640 1704/3472/1716
f 1675/3473/1687 1654/3378/1666 1511/3377/1523
f 1633/3332/1645 1704/3474/1716 1663/3406/1675
f 1663/3406/1675 1704/3474/1716 1705/3475/1717
f 1687/3467/1699 1706/3476/1718 1700/3468/1712
f 1653/3413/1665 1700/3468/1712 1672/3414/1684
f 1705/3477/1717 1690/3446/1702 1663/3401/1675
f 1699/3466/1711 1707/3478/1719 1685/3440/1697
f 1497/3044/1509 1660/3393/1672 1708/3479/1720
f 1658/3480/1670 1702/3481/1714 1691/3482/1703
f 1613/3298/1625 1697/3463/1709 1639/3340/1651
f 1576/3214/1588 1693/3450/1705 994/1835/1004
f 1672/3483/1684 1700/3484/1712 1699/3485/1711
f 1673/3415/1685 1672/3414/1684 1699/3466/1711
f 1275/2447/1287 1623/3486/1635 1276/2448/1288
f 1680/3430/1692 1595/3253/1607 1709/3487/1721
f 1595/3253/1607 1695/3452/1707 1709/3487/1721
f 1533/3488/1545 1678/3489/1690 1696/3490/1708
f 1587/3241/1599 1710/3491/1722 1593/3250/1605
f 1657/3383/1669 1711/3492/1723 1616/3302/1628
f 1604/3350/1616 1666/3493/1678 1688/3443/1700
f 1334/2601/1346 1650/3371/1662 1485/3155/1497
f 715/1179/719 1712/3494/1724 862/1536/872
f 1703/3495/1715 1646/3362/1658 1665/3404/1677
f 1628/3400/1640 1659/3392/1671 1713/3496/1725
f 1571/3457/1583 1689/3445/1701 1660/3497/1672
f 1643/3348/1655 1626/3323/1638 1714/3498/1726
f 1643/3348/1655 1714/3498/1726 1659/3392/1671
f 1695/3452/1707 1616/3302/1628 1711/3492/1723
f 1694/3451/1706 1715/3499/1727 1683/3464/1695
f 1694/3451/1706 1691/3448/1703 1716/3500/1728
f 1669/3501/1681 1717/3502/1729 1657/3383/1669
f 1678/3503/1690 1718/3504/1730 1697/3505/1709
f 1687/3442/1699 1676/3422/1688 1719/3506/1731
f 1307/3507/1319 1624/3508/1636 1720/3509/1732
f 1706/3510/1718 1699/3511/1711 1700/3512/1712
f 1651/3402/1663 1721/3513/1733 1535/3218/1547
f 1695/3452/1707 1711/3492/1723 1709/3487/1721
f 1694/3451/1706 1716/3500/1728 1715/3499/1727
f 1627/3342/1639 1667/3408/1679 1641/3343/1653
f 1704/3472/1716 1628/3325/1640 1713/3514/1725
f 1639/3515/1651 1722/3516/1734 1627/3342/1639
f 1307/3517/1319 1720/3518/1732 1684/3519/1696
f 1498/3048/1510 766/1302/774 1723/3520/1735
f 1687/3467/1699 1719/3521/1731 1706/3476/1718
f 1497/3044/1509 1708/3479/1720 1334/2601/1346
f 1556/3176/1568 1718/3522/1730 1533/3523/1545
f 1711/3492/1723 1657/3383/1669 1717/3502/1729
f 1611/3293/1623 1724/3524/1736 1676/3453/1688
f 1651/3402/1663 1683/3435/1695 1721/3513/1733
f 1533/3523/1545 1718/3522/1730 1678/3525/1690
f 1676/3422/1688 1725/3526/1737 1719/3506/1731
f 1622/3313/1634 1682/3432/1694 1726/3527/1738
f 1709/3487/1721 1727/3528/1739 1680/3430/1692
f 1680/3430/1692 1727/3528/1739 1702/3470/1714
f 1627/3342/1639 1728/3529/1740 1667/3408/1679
f 1685/3440/1697 1707/3478/1719 1686/3441/1698
f 1637/3376/1649 1654/3378/1666 1624/3455/1636
f 994/1835/1004 1693/3450/1705 1675/3421/1687
f 1725/3526/1737 1676/3422/1688 1729/3530/1741
f 1715/3499/1727 1716/3500/1728 1730/3531/1742
f 1603/3266/1615 1731/3532/1743 1703/3471/1715
f 1646/3362/1658 1703/3495/1715 1732/3533/1744
f 1593/3250/1605 1710/3491/1722 1701/3469/1713
f 1334/2601/1346 1708/3479/1720 1650/3371/1662
f 1675/3473/1687 1733/3534/1745 1654/3378/1666
f 1677/3424/1689 1734/3535/1746 1682/3432/1694
f 1708/3479/1720 1660/3393/1672 1735/3536/1747
f 1646/3362/1658 1732/3533/1744 1552/3169/1564
f 1736/3537/1748 1286/2466/1298 1498/3048/1510
f 1706/3476/1718 1719/3521/1731 1737/3538/1749
f 1706/3510/1718 1737/3539/1749 1699/3511/1711
f 1622/3313/1634 1726/3527/1738 1556/3176/1568
f 1713/3496/1725 1659/3392/1671 1738/3540/1750
f 1730/3531/1742 1739/3541/1751 1715/3499/1727
f 1552/3169/1564 1732/3533/1744 1740/3542/1752
f 1704/3474/1716 1713/3496/1725 1705/3475/1717
f 1719/3543/1731 1725/3544/1737 1737/3545/1749
f 1711/3492/1723 1741/3546/1753 1709/3487/1721
f 1701/3469/1713 1731/3547/1743 1603/3265/1615
f 1556/3176/1568 1742/3548/1754 1718/3522/1730
f 1659/3392/1671 1714/3498/1726 1738/3540/1750
f 1639/3340/1651 1697/3463/1709 1743/3549/1755
f 1611/3293/1623 1688/3443/1700 1724/3524/1736
f 1730/3550/1742 1716/3551/1728 1739/3552/1751
f 1682/3432/1694 1734/3535/1746 1726/3527/1738
f 1552/3169/1564 1740/3542/1752 1698/3465/1710
f 1669/3410/1681 1686/3441/1698 1744/3553/1756
f 1627/3342/1639 1722/3516/1734 1728/3529/1740
f 1686/3441/1698 1745/3554/1757 1744/3553/1756
f 1716/3500/1728 1691/3448/1703 1746/3555/1758
f 1639/3340/1651 1743/3549/1755 1722/3556/1734
f 1535/3557/1547 1714/3498/1726 1626/3323/1638
f 1716/3551/1728 1746/3558/1758 1739/3552/1751
f 1184/3288/1196 213/285/213 1747/3559/1759
f 978/1794/988 1692/3449/1704 1346/2630/1358
f 1699/3466/1711 1748/3560/1760 1707/3478/1719
f 1746/3561/1758 1749/3562/1761 1739/3563/1751
f 1707/3478/1719 1745/3554/1757 1686/3441/1698
f 1669/3410/1681 1744/3553/1756 1717/3564/1729
f 1624/3455/1636 1654/3378/1666 1750/3565/1762
f 1699/3466/1711 1737/3538/1749 1748/3560/1760
f 1691/3482/1703 1702/3481/1714 1746/3566/1758
f 950/1721/960 1023/1896/1033 1649/3367/1661
f 1715/3567/1727 1739/3563/1751 1751/3568/1763
f 1715/3567/1727 1751/3568/1763 1683/3435/1695
f 1709/3487/1721 1741/3546/1753 1727/3528/1739
f 1725/3544/1737 1752/3569/1764 1737/3545/1749
f 766/1302/774 1346/2630/1358 1753/3570/1765
f 767/1303/775 1584/3233/1596 1190/2261/1202
f 1286/2466/1298 1661/3571/1673 1333/3005/1345
f 1707/3478/1719 1748/3560/1760 1754/3572/1766
f 1707/3478/1719 1755/3573/1767 1745/3554/1757
f 903/2892/913 1443/2893/1455 1756/3574/1768
f 1725/3544/1737 1729/3575/1741 1752/3569/1764
f 1676/3422/1688 1757/3576/1769 1729/3530/1741
f 1717/3502/1729 1744/3577/1756 1758/3578/1770
f 1587/3241/1599 1609/3286/1621 1710/3491/1722
f 1749/3562/1761 1751/3568/1763 1739/3563/1751
f 1707/3478/1719 1754/3572/1766 1755/3573/1767
f 1713/3496/1725 1738/3540/1750 1759/3579/1771
f 1729/3575/1741 1760/3580/1772 1752/3569/1764
f 1729/3581/1741 1757/3582/1769 1761/3583/1773
f 1729/3581/1741 1761/3583/1773 1760/3584/1772
f 1676/3422/1688 1762/3585/1774 1757/3576/1769
f 1746/3561/1758 1763/3586/1775 1749/3562/1761
f 1717/3502/1729 1741/3546/1753 1711/3492/1723
f 1746/3587/1758 1702/3588/1714 1764/277/1776
f 1727/3589/1739 1765/3590/1777 1702/3591/1714
f 1737/3545/1749 1766/3592/1778 1748/3593/1760
f 1764/3594/1776 1763/3586/1775 1746/3561/1758
f 1748/3560/1760 1767/3595/1779 1754/3572/1766
f 1742/3548/1754 1768/3596/1780 1718/3522/1730
f 1717/3502/1729 1758/3578/1770 1741/3546/1753
f 1697/3505/1709 1718/3504/1730 1768/3597/1780
f 1752/3598/1764 1760/3599/1772 1761/3600/1773
f 1752/3569/1764 1761/3601/1773 1737/3545/1749
f 1749/3602/1761 1763/3603/1775 1751/3604/1763
f 1741/3605/1753 1765/3590/1777 1727/3589/1739
f 1702/3591/1714 1765/3590/1777 1769/3606/1781
f 1702/3591/1714 1769/3606/1781 1764/3607/1776
f 1705/3477/1717 1770/3608/1782 1690/3446/1702
f 1667/3408/1679 1771/3609/1783 1666/3405/1678
f 1693/3450/1705 1772/3610/1784 1675/3421/1687
f 1744/3553/1756 1745/3554/1757 1773/3611/1785
f 1493/3036/1505 1774/3612/1786 1160/2186/1172
f 1757/3582/1769 1762/3613/1774 1761/3583/1773
f 1705/3475/1717 1713/3496/1725 1775/3614/1787
f 1713/3496/1725 1759/3579/1771 1775/3614/1787
f 1735/3615/1747 1660/3497/1672 1776/3616/1788
f 1763/3586/1775 1764/3594/1776 1751/3568/1763
f 715/1179/719 1614/3299/1626 1712/3494/1724
f 1741/3605/1753 1777/3617/1789 1765/3590/1777
f 1714/3498/1726 1778/3618/1790 1738/3540/1750
f 1698/3465/1710 1734/3619/1746 1677/3436/1689
f 1722/3516/1734 1779/3620/1791 1728/3529/1740
f 1764/3621/1776 1769/3622/1781 1780/3623/1792
f 1609/3308/1621 1690/3446/1702 1781/3624/1793
f 1609/3286/1621 1781/3625/1793 1710/3491/1722
f 1703/3471/1715 1731/3532/1743 1782/3626/1794
f 1465/2975/1477 1679/3428/1691 1783/3627/1795
f 1769/3628/1781 1784/3629/1796 1780/3630/1792
f 1556/3631/1568 1785/3632/1797 1742/3633/1754
f 1742/3548/1754 1785/3634/1797 1768/3596/1780
f 1748/3560/1760 1766/3635/1778 1767/3595/1779
f 1765/3636/1777 1777/3637/1789 1786/3638/1798
f 1765/3636/1777 1786/3638/1798 1769/3639/1781
f 1751/3568/1763 1787/3640/1799 1683/3435/1695
f 1769/3628/1781 1786/3641/1798 1784/3629/1796
f 1737/3545/1749 1761/3601/1773 1788/3642/1800
f 1667/3408/1679 1728/3529/1740 1771/3609/1783
f 1675/3473/1687 1772/3643/1784 1733/3534/1745
f 1660/3497/1672 1689/3445/1701 1776/3616/1788
f 1744/3577/1756 1773/3644/1785 1758/3578/1770
f 1734/3535/1746 1789/3645/1801 1726/3527/1738
f 1676/3422/1688 1724/3646/1736 1790/3647/1802
f 1650/3371/1662 1708/3479/1720 1791/3648/1803
f 1245/2374/1257 1184/2242/1196 1692/3449/1704
f 1693/3450/1705 1792/3649/1804 1772/3610/1784
f 1676/3422/1688 1790/3647/1802 1762/3585/1774
f 1786/3650/1798 1780/3651/1792 1784/3652/1796
f 1791/3648/1803 1708/3479/1720 1735/3536/1747
f 1683/3435/1695 1787/3640/1799 1721/3513/1733
f 1786/3650/1798 1793/3653/1805 1780/3651/1792
f 1758/3654/1770 1777/3617/1789 1741/3605/1753
f 1697/3505/1709 1794/3655/1806 1743/3656/1755
f 1762/3657/1774 1795/3658/1807 1761/3659/1773
f 1768/3596/1780 1785/3634/1797 1796/3660/1808
f 1535/3557/1547 1778/3618/1790 1714/3498/1726
f 1737/3545/1749 1788/3642/1800 1766/3592/1778
f 1689/3445/1701 1797/3661/1809 1776/3616/1788
f 1761/3662/1773 1795/3663/1807 1788/3664/1800
f 1005/1858/1015 209/278/209 1798/3665/1810
f 1697/3505/1709 1768/3597/1780 1794/3655/1806
f 1775/3666/1787 1759/3667/1771 1799/3668/1811
f 1710/3491/1722 1781/3625/1793 1800/3669/1812
f 1764/3670/1776 1780/3671/1792 1751/3672/1763
f 1750/3673/1762 1684/3674/1696 1624/3675/1636
f 1688/3676/1700 1666/3405/1678 1801/3677/1813
f 1666/3405/1678 1771/3609/1783 1801/3677/1813
f 1324/2568/1336 1802/3678/1814 1569/3205/1581
f 1556/3176/1568 1726/3527/1738 1803/3679/1815
f 1005/1858/1015 1774/3612/1786 1493/3036/1505
f 1779/3620/1791 1722/3516/1734 1743/3680/1755
f 1772/3643/1784 1804/3681/1816 1733/3534/1745
f 1728/3529/1740 1779/3620/1791 1771/3609/1783
f 209/278/209 1168/2215/1180 1798/3665/1810
f 1736/3537/1748 1805/3682/1817 1286/2466/1298
f 1762/3657/1774 1806/3683/1818 1795/3658/1807
f 1720/3509/1732 1624/3508/1636 1684/3684/1696
f 1790/339/1802 1806/3683/1818 1762/3657/1774
f 1688/3685/1700 1801/2641/1813 1724/3686/1736
f 1786/3650/1798 1777/3687/1789 1793/3653/1805
f 1556/3176/1568 1803/3679/1815 1785/3634/1797
f 1732/3688/1744 1782/3689/1794 1807/3690/1819
f 1745/3691/1757 1808/791/1820 1773/3692/1785
f 1755/3573/1767 1809/3693/1821 1745/3554/1757
f 1535/3218/1547 1810/3694/1822 1778/3695/1790
f 1795/2840/1807 1806/3696/1818 1788/3697/1800
f 1705/3477/1717 1775/3666/1787 1770/3608/1782
f 1698/3465/1710 1811/3698/1823 1734/3619/1746
f 1535/3218/1547 1721/3513/1733 1810/3694/1822
f 1796/3699/1808 1794/3655/1806 1768/3597/1780
f 1701/3469/1713 1710/3491/1722 1800/3669/1812
f 903/1763/913 1756/3700/1768 1649/3367/1661
f 1731/3532/1743 1812/3701/1824 1782/3626/1794
f 1791/3648/1803 1735/3536/1747 1813/3702/1825
f 1724/3703/1736 1801/3704/1813 1814/3705/1826
f 1698/3465/1710 1740/3542/1752 1811/3698/1823
f 1803/3679/1815 1796/3660/1808 1785/3634/1797
f 1745/3554/1757 1809/3693/1821 1808/3706/1820
f 1738/3540/1750 1778/3618/1790 1815/3707/1827
f 1799/3668/1811 1816/3708/1828 1775/3666/1787
f 1755/3573/1767 1754/3572/1766 1817/3709/1829
f 1755/3573/1767 1817/3709/1829 1809/3693/1821
f 1758/3710/1770 1818/3711/1830 1777/3712/1789
f 1693/3450/1705 1819/3713/1831 1792/3649/1804
f 1780/3651/1792 1820/3714/1832 1751/3568/1763
f 1793/3653/1805 1820/3714/1832 1780/3651/1792
f 1758/3715/1770 1773/3716/1785 1818/3717/1830
f 1689/3445/1701 1661/3397/1673 1797/3661/1809
f 1190/2261/1202 1821/3718/1833 1191/2262/1203
f 1701/3469/1713 1800/3669/1812 1731/3547/1743
f 1721/3513/1733 1822/3719/1834 1810/3694/1822
f 1812/3720/1824 1807/3690/1819 1782/3689/1794
f 1799/3668/1811 1759/3667/1771 1816/3708/1828
f 1734/3535/1746 1823/3721/1835 1789/3645/1801
f 1811/3698/1823 1823/3722/1835 1734/3619/1746
f 1754/3572/1766 1767/3595/1779 1817/3709/1829
f 1806/3723/1818 1790/3724/1802 1824/3725/1836
f 1743/3680/1755 1825/3726/1837 1779/3620/1791
f 1750/3565/1762 1654/3378/1666 1733/3534/1745
f 1818/3711/1830 1826/3727/1838 1777/3712/1789
f 1777/3712/1789 1826/3727/1838 1827/3728/1839
f 1788/3642/1800 1806/3729/1818 1824/3730/1836
f 1733/3534/1745 1804/3681/1816 1828/3731/1840
f 1788/3642/1800 1829/3732/1841 1766/3592/1778
f 213/285/213 843/1501/853 1747/3559/1759
f 1726/3527/1738 1830/3733/1842 1803/3679/1815
f 1726/3527/1738 1831/3734/1843 1830/3733/1842
f 1781/3625/1793 1832/3735/1844 1800/3669/1812
f 1759/3579/1771 1738/3540/1750 1833/3736/1845
f 1778/3618/1790 1810/3737/1822 1815/3707/1827
f 1693/3450/1705 1650/3371/1662 1819/3713/1831
f 1443/2893/1455 1569/3205/1581 1802/3678/1814
f 1772/3643/1784 1834/3738/1846 1804/3681/1816
f 1766/3635/1778 1835/3739/1847 1767/3595/1779
f 1721/3513/1733 1787/3640/1799 1822/3719/1834
f 1731/3532/1743 1836/3740/1848 1812/3701/1824
f 1772/3643/1784 1792/3741/1804 1834/3738/1846
f 1766/3592/1778 1829/3732/1841 1837/3742/1849
f 1724/3646/1736 1838/3743/1850 1790/3647/1802
f 1779/3620/1791 1825/3726/1837 1771/3609/1783
f 1804/3681/1816 1839/3744/1851 1828/3731/1840
f 843/1501/853 1465/2975/1477 1840/3745/1852
f 1826/3727/1838 1841/3746/1853 1827/3728/1839
f 1818/3711/1830 1841/3746/1853 1826/3727/1838
f 1766/3635/1778 1837/3747/1849 1835/3739/1847
f 1726/3527/1738 1789/3645/1801 1831/3734/1843
f 1731/3547/1743 1800/3669/1812 1836/3748/1848
f 1790/3724/1802 1838/3749/1850 1824/3725/1836
f 1286/2466/1298 1805/3682/1817 1661/3571/1673
f 1788/3642/1800 1824/3730/1836 1842/3750/1854
f 1750/3565/1762 1733/3534/1745 1843/3751/1855
f 1724/3646/1736 1814/3752/1826 1838/3743/1850
f 1787/3640/1799 1844/3753/1856 1822/3719/1834
f 1809/3693/1821 1845/3754/1857 1808/3706/1820
f 1803/3679/1815 1830/3733/1842 1846/3755/1858
f 1690/3756/1702 1832/3735/1844 1781/3625/1793
f 1771/3609/1783 1847/3757/1859 1801/3677/1813
f 1803/3679/1815 1846/3755/1858 1796/3660/1808
f 1738/3540/1750 1815/3707/1827 1848/3758/1860
f 1732/3759/1744 1807/3760/1819 1849/3761/1861
f 1818/3711/1830 1850/3762/1862 1841/3746/1853
f 1793/3653/1805 1777/3687/1789 1820/3714/1832
f 1791/3648/1803 1813/3702/1825 1851/3763/1863
f 1191/2262/1203 1821/3718/1833 1324/2568/1336
f 1738/3540/1750 1848/3758/1860 1833/3736/1845
f 1777/3764/1789 1827/3765/1839 1850/3766/1862
f 1827/3767/1839 1841/3768/1853 1850/3769/1862
f 1649/3367/1661 1579/3222/1591 950/1721/960
f 1808/3770/1820 1845/3771/1857 1773/3772/1785
f 1797/3661/1809 1661/3397/1673 1852/3773/1864
f 1743/3656/1755 1794/3655/1806 1853/3774/1865
f 1833/3736/1845 1854/3775/1866 1759/3579/1771
f 1809/3693/1821 1817/3709/1829 1845/3754/1857
f 1787/3640/1799 1751/3568/1763 1844/3753/1856
f 1791/3648/1803 1851/3763/1863 1650/3371/1662
f 1773/3776/1785 1855/3777/1867 1818/3711/1830
f 1759/3667/1771 1854/3778/1866 1816/3708/1828
f 1822/3779/1834 1815/3780/1827 1810/3781/1822
f 1732/3533/1744 1849/3782/1861 1740/3542/1752
f 1818/3711/1830 1855/3777/1867 1850/3762/1862
f 1788/3642/1800 1842/3750/1854 1829/3732/1841
f 1767/3595/1779 1835/3739/1847 1817/3709/1829
f 1812/3720/1824 1856/3783/1868 1807/3690/1819
f 1804/3681/1816 1834/3738/1846 1839/3744/1851
f 1777/3687/1789 1857/3784/1869 1820/3714/1832
f 1816/3708/1828 1858/3785/1870 1775/3666/1787
f 1777/3786/1789 1850/3787/1862 1857/3788/1869
f 1825/3726/1837 1743/3680/1755 1853/3789/1865
f 1773/3772/1785 1845/3771/1857 1859/3790/1871
f 1792/3741/1804 1819/3791/1831 1860/3792/1872
f 1771/3609/1783 1861/3793/1873 1847/3757/1859
f 1844/3753/1856 1862/3794/1874 1822/3719/1834
f 1750/3795/1762 1843/3796/1855 1863/3797/1875
f 1824/3798/1836 1838/3799/1850 1864/3800/1876
f 1824/3801/1836 1864/3802/1876 1842/3803/1854
f 1562/3437/1574 1684/3439/1696 1865/3804/1877
f 1800/3669/1812 1866/3805/1878 1836/3748/1848
f 1816/3708/1828 1854/3778/1866 1858/3785/1870
f 1854/3778/1866 1867/3806/1879 1858/3785/1870
f 1833/3736/1845 1848/3758/1860 1854/3775/1866
f 1796/3699/1808 1846/3807/1858 1794/3655/1806
f 1855/3777/1867 1773/3776/1785 1868/3808/1880
f 1723/3520/1735 1736/3537/1748 1498/3048/1510
f 1851/3809/1863 1869/3810/1881 1650/3811/1662
f 1792/3741/1804 1860/3792/1872 1834/3738/1846
f 1562/3437/1574 1865/3804/1877 707/3812/711
f 1856/3783/1868 1812/3720/1824 1836/3748/1848
f 1855/3777/1867 1868/3808/1880 1850/3762/1862
f 1863/3797/1875 1684/3439/1696 1750/3795/1762
f 1789/3645/1801 1870/3813/1882 1831/3734/1843
f 1857/3784/1869 1871/3814/1883 1820/3714/1832
f 1801/3704/1813 1847/3815/1859 1814/3705/1826
f 1817/3709/1829 1835/3739/1847 1872/3816/1884
f 1820/3714/1832 1871/3814/1883 1751/3568/1763
f 1819/3791/1831 1650/3811/1662 1869/3810/1881
f 1825/3726/1837 1853/3789/1865 1873/3817/1885
f 1076/2009/1086 1874/3818/1886 1584/3233/1596
f 1822/3719/1834 1862/3794/1874 1815/3819/1827
f 1868/3820/1880 1875/3821/1887 1850/3787/1862
f 1773/3772/1785 1859/3790/1871 1868/3822/1880
f 1858/3785/1870 1770/3608/1782 1775/3666/1787
f 1848/3823/1860 1867/3806/1879 1854/3778/1866
f 1751/3568/1763 1871/3814/1883 1844/3753/1856
f 1856/3783/1868 1876/3824/1888 1807/3690/1819
f 1846/3755/1858 1830/3733/1842 1877/3825/1889
f 1868/3820/1880 1859/3826/1871 1875/3821/1887
f 707/1162/711 1878/3827/1890 1570/3206/1582
f 1771/3609/1783 1825/3726/1837 1861/3793/1873
f 1846/3807/1858 1877/3828/1889 1879/3829/1891
f 1740/3542/1752 1880/3830/1892 1811/3698/1823
f 1811/3698/1823 1880/3830/1892 1823/3722/1835
f 1842/3803/1854 1864/3802/1876 1881/611/1893
f 1794/3655/1806 1846/3807/1858 1879/3829/1891
f 1819/3791/1831 1869/3810/1881 1860/3792/1872
f 1823/3721/1835 1882/3831/1894 1789/3645/1801
f 1076/2009/1086 1623/3315/1635 1874/3818/1886
f 1736/3537/1748 1723/3520/1735 1805/3682/1817
f 1807/3760/1819 1876/3832/1888 1849/3761/1861
f 1832/3735/1844 1866/3805/1878 1800/3669/1812
f 1815/3707/1827 1883/3833/1895 1848/3758/1860
f 1875/3821/1887 1857/3788/1869 1850/3787/1862
f 1814/3834/1826 1884/3835/1896 1838/3836/1850
f 1845/3837/1857 1885/3838/1897 1859/732/1871
f 1848/3823/1860 1883/3839/1895 1867/3806/1879
f 1862/3840/1874 1886/3841/1898 1815/3707/1827
f 1776/3842/1788 1797/3843/1809 1852/3844/1864
f 1856/3783/1868 1836/3748/1848 1887/3845/1899
f 1733/3534/1745 1828/3731/1840 1843/3751/1855
f 1829/3732/1841 1842/3750/1854 1888/3846/1900
f 1834/3738/1846 1860/3792/1872 1889/3847/1901
f 1789/3645/1801 1882/3831/1894 1870/3813/1882
f 1825/3726/1837 1873/3817/1885 1890/3848/1902
f 1857/3784/1869 1891/3849/1903 1871/3814/1883
f 1884/3850/1896 1892/3851/1904 1838/3799/1850
f 1857/3784/1869 1893/3852/1905 1891/3849/1903
f 862/1536/872 1712/3494/1724 1894/3853/1906
f 1815/3707/1827 1886/3841/1898 1883/3833/1895
f 1856/3783/1868 1887/3845/1899 1876/3824/1888
f 1847/3757/1859 1861/3793/1873 1895/3854/1907
f 1847/3815/1859 1895/452/1907 1814/3705/1826
f 1838/3799/1850 1892/3851/1904 1864/3800/1876
f 1836/3748/1848 1896/3855/1908 1887/3845/1899
f 1862/3840/1874 1897/3856/1909 1886/3841/1898
f 1817/3709/1829 1872/3816/1884 1898/3857/1910
f 1876/3824/1888 1887/3845/1899 1899/3858/1911
f 1830/3859/1842 1831/3860/1843 1877/3828/1889
f 1794/3655/1806 1879/3829/1891 1853/3774/1865
f 1862/3794/1874 1844/3753/1856 1897/3861/1909
f 1190/2261/1202 1900/3862/1912 1821/3718/1833
f 1871/3814/1883 1891/3849/1903 1844/3753/1856
f 1814/3834/1826 1901/3863/1913 1884/3835/1896
f 1614/3299/1626 1570/3206/1582 1878/3827/1890
f 1005/1858/1015 1798/3665/1810 1774/3612/1786
f 1817/3709/1829 1898/3857/1910 1845/3754/1857
f 1863/3797/1875 1843/3796/1855 1684/3439/1696
f 1864/3800/1876 1892/3851/1904 1902/3864/1914
f 1890/3848/1902 1861/3793/1873 1825/3726/1837
f 1839/3744/1851 1834/3738/1846 1903/3865/1915
f 1835/3739/1847 1837/3747/1849 1872/3816/1884
f 1876/3832/1888 1899/3866/1911 1849/3761/1861
f 1864/3802/1876 1902/3867/1914 1881/611/1893
f 1885/3868/1897 1845/3869/1857 1904/3870/1916
f 1837/3742/1849 1829/3732/1841 1905/3871/1917
f 1829/3732/1841 1888/3846/1900 1905/3871/1917
f 1844/3753/1856 1906/3872/1918 1897/3861/1909
f 1884/3850/1896 1901/3873/1913 1892/3851/1904
f 1883/3874/1895 1886/3875/1898 1907/3876/1919
f 1891/3849/1903 1906/3872/1918 1844/3753/1856
f 1614/3299/1626 1908/3877/1920 1712/3494/1724
f 766/1302/774 1753/3570/1765 1723/3520/1735
f 1443/2893/1455 1802/3678/1814 1756/3574/1768
f 1723/3520/1735 1909/3878/1921 1805/3682/1817
f 1901/3873/1913 1902/3864/1914 1892/3851/1904
f 1853/3774/1865 1879/3829/1891 1873/3879/1885
f 843/1501/853 1840/3745/1852 1747/3559/1759
f 1859/3826/1871 1885/3880/1897 1875/3821/1887
f 1661/3571/1673 1805/3682/1817 1852/3881/1864
f 1190/2261/1202 1584/3233/1596 1910/3882/1922
f 1776/3616/1788 1911/3883/1923 1735/3615/1747
f 1839/3744/1851 1903/3865/1915 1828/3731/1840
f 1866/3805/1878 1912/3884/1924 1896/3855/1908
f 1866/3805/1878 1896/3855/1908 1836/3748/1848
f 1740/3542/1752 1913/3885/1925 1880/3830/1892
f 1832/3735/1844 1914/3886/1926 1866/3805/1878
f 1890/3848/1902 1915/3887/1927 1861/3793/1873
f 1346/2630/1358 1916/3888/1928 1753/3570/1765
f 1885/3880/1897 1904/3889/1916 1917/3890/1929
f 1887/3845/1899 1918/3891/1930 1899/3858/1911
f 1883/3892/1895 1907/3893/1919 1919/3894/1931
f 1883/3839/1895 1919/3895/1931 1867/3806/1879
f 1902/3896/1914 1920/3897/1932 1881/3898/1893
f 1823/3722/1835 1921/3899/1933 1882/3900/1894
f 1845/3901/1857 1922/3902/1934 1904/3903/1916
f 1834/3738/1846 1889/3847/1901 1903/3865/1915
f 1690/3904/1702 1770/3905/1782 1923/3906/1935
f 1735/3907/1747 1911/3908/1923 1813/3909/1825
f 1849/3910/1861 1913/3911/1925 1740/2767/1752
f 1857/3788/1869 1875/3821/1887 1893/3912/1905
f 1886/3875/1898 1897/3861/1909 1924/3913/1936
f 1886/3875/1898 1924/3913/1936 1907/3876/1919
f 1190/2261/1202 1910/3882/1922 1900/3862/1912
f 1837/3747/1849 1925/3914/1937 1872/3816/1884
f 1690/3756/1702 1914/3886/1926 1832/3735/1844
f 1901/3873/1913 1920/3915/1932 1902/3864/1914
f 1828/3916/1840 1926/3917/1938 1843/3796/1855
f 1904/3889/1916 1922/3918/1934 1917/3890/1929
f 1690/3919/1702 1923/3920/1935 1914/3921/1926
f 1649/3367/1661 1927/3922/1939 1579/3222/1591
f 1852/3923/1864 1911/3924/1923 1776/3925/1788
f 1866/3805/1878 1914/3886/1926 1912/3884/1924
f 1823/3722/1835 1880/3830/1892 1921/3899/1933
f 1851/3809/1863 1813/3909/1825 1928/3926/1940
f 1877/3828/1889 1831/3860/1843 1929/3927/1941
f 1867/3806/1879 1919/3895/1931 1858/3785/1870
f 1890/3848/1902 1873/3817/1885 1930/3928/1942
f 1770/3608/1782 1858/3785/1870 1931/3929/1943
f 1873/3879/1885 1879/3829/1891 1930/3930/1942
f 1869/3810/1881 1851/3809/1863 1928/3926/1940
f 1881/3931/1893 1932/3932/1944 1842/3750/1854
f 1842/3750/1854 1932/3932/1944 1888/3846/1900
f 1887/3933/1899 1896/3934/1908 1933/3935/1945
f 1887/3936/1899 1933/3937/1945 1918/3938/1930
f 1897/3861/1909 1934/3939/1946 1924/3913/1936
f 1692/3449/1704 1184/2242/1196 1935/3940/1947
f 1917/3890/1929 1922/3918/1934 1936/3941/1948
f 1160/2186/1172 1937/3942/1949 1275/2447/1287
f 1917/3943/1929 1936/3944/1948 1885/3945/1897
f 1814/3946/1826 1938/3947/1950 1939/3948/1951
f 1880/3830/1892 1913/3885/1925 1940/3949/1952
f 1918/3950/1930 1849/3761/1861 1899/3866/1911
f 1877/3828/1889 1929/3927/1941 1879/3829/1891
f 1885/3880/1897 1941/3951/1953 1875/3821/1887
f 1891/3849/1903 1942/3952/1954 1906/3872/1918
f 1845/3953/1857 1898/3954/1910 1922/3955/1934
f 1939/3956/1951 1943/3957/1955 1814/3958/1826
f 1897/3861/1909 1944/3959/1956 1934/3939/1946
f 1814/3958/1826 1943/3957/1955 1901/3960/1913
f 1931/3929/1943 1923/3961/1935 1770/3608/1782
f 1901/3873/1913 1943/3962/1955 1920/3915/1932
f 1890/3848/1902 1930/3928/1942 1915/3887/1927
f 1922/3918/1934 1945/3963/1957 1936/3941/1948
f 1907/3893/1919 1924/3964/1936 1919/3894/1931
f 1920/3965/1932 1946/3966/1958 1881/3967/1893
f 1929/3968/1941 1947/3969/1959 1879/3970/1891
f 707/1162/711 1865/3971/1877 1878/3827/1890
f 1888/3846/1900 1932/3932/1944 1948/3972/1960
f 1934/3973/1946 1919/3894/1931 1924/3964/1936
f 1814/3974/1826 1895/3975/1907 1949/3976/1961
f 1814/3946/1826 1949/3977/1961 1938/3947/1950
f 1880/3830/1892 1940/3949/1952 1921/3899/1933
f 1831/3734/1843 1870/3813/1882 1929/3978/1941
f 1918/3950/1930 1933/3935/1945 1849/3761/1861
f 1905/3979/1917 1950/3980/1962 1837/1389/1849
f 1906/3872/1918 1951/3981/1963 1897/3861/1909
f 1684/3439/1696 1843/3796/1855 1952/3982/1964
f 1885/3880/1897 1936/3941/1948 1941/3951/1953
f 1897/3861/1909 1951/3981/1963 1944/3959/1956
f 1861/3793/1873 1915/3887/1927 1953/3983/1965
f 1888/3846/1900 1948/3972/1960 1905/3871/1917
f 1933/3935/1945 1954/3984/1966 1849/3761/1861
f 1882/3831/1894 1921/3985/1933 1955/3986/1967
f 1939/3987/1951 1946/3988/1958 1943/3989/1955
f 1870/3990/1882 1956/3991/1968 1929/3992/1941
f 1649/3367/1661 1756/3700/1768 1927/3922/1939
f 1861/3793/1873 1953/3983/1965 1895/3854/1907
f 1813/3909/1825 1911/3908/1923 1928/3926/1940
f 1837/3993/1849 1950/3994/1962 1925/3995/1937
f 1905/3871/1917 1948/3972/1960 1950/3996/1962
f 1920/3915/1932 1943/3962/1955 1946/3997/1958
f 1896/3855/1908 1912/3884/1924 1957/3998/1969
f 1679/3428/1691 1579/3222/1591 1783/3627/1795
f 1898/3954/1910 1945/3999/1957 1922/3955/1934
f 1828/3731/1840 1958/4000/1970 1926/4001/1938
f 1893/3852/1905 1942/3952/1954 1891/3849/1903
f 1870/3813/1882 1882/3831/1894 1956/4002/1968
f 1881/3967/1893 1946/3966/1958 1959/4003/1971
f 1872/3816/1884 1925/3914/1937 1898/3857/1910
f 1951/3981/1963 1960/4004/1972 1944/3959/1956
f 1906/4005/1918 1961/4006/1973 1951/4007/1963
f 1875/3821/1887 1941/3951/1953 1962/4008/1974
f 1875/3821/1887 1962/4008/1974 1893/3912/1905
f 1954/4009/1966 1963/4010/1975 1849/1713/1861
f 1933/3935/1945 1896/3934/1908 1954/3984/1966
f 1944/3959/1956 1960/4004/1972 1934/3939/1946
f 1895/3975/1907 1953/4011/1965 1949/3976/1961
f 1951/3981/1963 1961/4012/1973 1960/4004/1972
f 1914/3886/1926 1923/4013/1935 1964/4014/1976
f 1914/3886/1926 1964/4014/1976 1912/3884/1924
f 1939/4015/1951 1938/4016/1950 1946/4017/1958
f 1882/3831/1894 1955/3986/1967 1956/4002/1968
f 1965/4018/1977 1947/3969/1959 1929/3968/1941
f 1946/3966/1958 1966/4019/1978 1959/4003/1971
f 1906/3872/1918 1967/4020/1979 1961/4012/1973
f 1968/4021/1980 1969/4022/1981 1898/3954/1910
f 1898/3954/1910 1969/4022/1981 1945/3999/1957
f 1956/4002/1968 1955/3986/1967 1970/4023/1982
f 1828/3731/1840 1903/3865/1915 1958/4000/1970
f 1956/3991/1968 1965/4024/1977 1929/3992/1941
f 1346/2630/1358 1692/3449/1704 1916/3888/1928
f 1896/3934/1908 1957/4025/1969 1954/3984/1966
f 1938/4016/1950 1971/4026/1983 1946/4017/1958
f 862/1536/872 1894/3853/1906 1168/2215/1180
f 1821/3718/1833 1972/4027/1984 1324/2568/1336
f 1584/3233/1596 1874/3818/1886 1973/4028/1985
f 1906/3872/1918 1942/3952/1954 1967/4020/1979
f 1889/3847/1901 1860/3792/1872 1974/4029/1986
f 1881/3931/1893 1975/4030/1987 1932/3932/1944
f 1869/3810/1881 1928/3926/1940 1860/3792/1872
f 1923/4013/1935 1976/4031/1988 1964/4014/1976
f 1931/3929/1943 1976/4032/1988 1923/3961/1935
f 1969/4033/1981 1977/4034/1989 1945/4035/1957
f 1949/4036/1961 1971/4026/1983 1938/4016/1950
f 1967/4020/1979 1942/3952/1954 1978/4037/1990
f 1966/4038/1978 1946/3283/1958 1971/4039/1983
f 1956/3991/1968 1970/4040/1982 1965/4024/1977
f 1911/4041/1923 1852/3881/1864 1979/4042/1991
f 1950/3996/1962 1948/3972/1960 1980/4043/1992
f 1614/3299/1626 1878/3827/1890 1908/3877/1920
f 1945/4044/1957 1977/4045/1989 1981/4046/1993
f 1881/3931/1893 1959/4047/1971 1975/4030/1987
f 1961/4012/1973 1967/4020/1979 1982/4048/1994
f 1936/3941/1948 1983/4049/1995 1941/3951/1953
f 1961/4050/1973 1982/4051/1994 1960/4052/1972
f 1969/4053/1981 1984/4054/1996 1977/4045/1989
f 1968/4055/1980 1984/4056/1996 1969/166/1981
f 1912/3884/1924 1985/4057/1997 1957/3998/1969
f 1858/3785/1870 1986/4058/1998 1931/3929/1943
f 1913/3885/1925 1849/3782/1861 1987/4059/1999
f 1963/4060/1975 1987/4061/1999 1849/4062/1861
f 1747/3559/1759 1988/4063/2000 1184/3288/1196
f 1858/3785/1870 1919/3895/1931 1986/4058/1998
f 1947/3969/1959 1965/4018/1977 1989/4064/2001
f 1912/3884/1924 1964/4014/1976 1985/4057/1997
f 1934/3973/1946 1960/4052/1972 1919/3894/1931
f 1945/3963/1957 1981/4065/1993 1936/3941/1948
f 1889/3847/1901 1974/4029/1986 1903/3865/1915
f 1940/3949/1952 1990/4066/2002 1921/3899/1933
f 1925/3914/1937 1991/4067/2003 1898/3857/1910
f 1911/4041/1923 1979/4042/1991 1928/4068/1940
f 1940/3949/1952 1913/3885/1925 1992/4069/2004
f 1684/3439/1696 1952/3982/1964 1993/4070/2005
f 1931/3929/1943 1994/4071/2006 1976/4032/1988
f 1915/3887/1927 1930/3928/1942 1995/4072/2007
f 1684/3439/1696 1993/4070/2005 1865/3804/1877
f 1931/3929/1943 1986/4058/1998 1994/4071/2006
f 1932/3932/1944 1996/4073/2008 1948/3972/1960
f 1967/4020/1979 1978/4037/1990 1982/4048/1994
f 1584/3233/1596 1997/4074/2009 1910/3882/1922
f 1921/3899/1933 1990/4066/2002 1955/4075/1967
f 1860/3792/1872 1928/3926/1940 1974/4029/1986
f 1932/3932/1944 1975/4030/1987 1996/4073/2008
f 1984/4054/1996 1998/4076/2010 1977/4045/1989
f 1971/4077/1983 1999/4078/2011 1966/4079/1978
f 1805/3682/1817 1979/4042/1991 1852/3881/1864
f 1894/3853/1906 2000/4080/2012 1168/2215/1180
f 1903/4081/1915 1974/4082/1986 2001/4083/2013
f 1962/4084/1974 1942/3952/1954 1893/3852/1905
f 1753/3570/1765 2002/4085/2014 1723/3520/1735
f 1977/4045/1989 1998/4076/2010 1981/4046/1993
f 1940/3949/1952 1992/4069/2004 1990/4066/2002
f 1913/3885/1925 1987/4059/1999 1992/4069/2004
f 1915/3887/1927 2003/4086/2015 1953/3983/1965
f 1465/2975/1477 1783/3627/1795 1840/3745/1852
f 1971/4026/1983 1949/4036/1961 1999/4087/2011
f 1925/3914/1937 1950/4088/1962 2004/4089/2016
f 1930/3930/1942 1879/3829/1891 2005/4090/2017
f 1879/3829/1891 1947/4091/1959 2005/4090/2017
f 1843/3796/1855 1926/3917/1938 1952/3982/1964
f 2004/4089/2016 1991/4067/2003 1925/3914/1937
f 1968/4092/1980 1998/4076/2010 1984/4054/1996
f 1965/4024/1977 1970/4040/1982 1989/4093/2001
f 1712/3494/1724 1908/3877/1920 1894/3853/1906
f 1941/3951/1953 1983/4049/1995 1962/4008/1974
f 1957/3998/1969 1985/4057/1997 2006/4094/2018
f 1960/4052/1972 2007/4095/2019 1919/3894/1931
f 1960/4052/1972 1982/4051/1994 2007/4095/2019
f 1964/4096/1976 2006/4097/2018 1985/4098/1997
f 1983/4049/1995 1936/3941/1948 2008/4099/2020
f 1936/3941/1948 1981/4065/1993 2008/4099/2020
f 1954/3984/1966 1957/4025/1969 1963/4100/1975
f 1982/4051/1994 1978/4101/1990 2007/4095/2019
f 1970/4102/1982 2009/3769/2021 1989/4103/2001
f 1584/3233/1596 1973/4028/1985 1997/4074/2009
f 1949/4036/1961 1953/3983/1965 2010/4104/2022
f 1953/3983/1965 2003/4086/2015 2011/4105/2023
f 1962/4084/1974 2012/4106/2024 1942/3952/1954
f 1915/3887/1927 1995/4072/2007 2003/4086/2015
f 1753/3570/1765 1916/3888/1928 2002/4085/2014
f 1949/4036/1961 2010/4104/2022 1999/4087/2011
f 1968/4107/1980 2013/4108/2025 1998/4109/2010
f 1964/4014/1976 2014/4110/2026 2006/4094/2018
f 1942/3952/1954 2015/4111/2027 1978/4037/1990
f 1964/4014/1976 1976/4031/1988 2014/4110/2026
f 1953/3983/1965 2011/4105/2023 2010/4104/2022
f 1970/4023/1982 1955/3986/1967 2009/4112/2021
f 1692/3449/1704 1935/3940/1947 2016/4113/2028
f 2013/4114/2025 2017/4115/2029 1998/4076/2010
f 1957/4025/1969 2006/4116/2018 2018/4117/2030
f 1930/3930/1942 2019/4118/2031 1995/4119/2007
f 1963/4060/1975 2020/4120/2032 1987/4061/1999
f 2005/4090/2017 2019/4118/2031 1930/3930/1942
f 2003/4086/2015 2021/4121/2033 2011/4105/2023
f 1957/4025/1969 2018/4117/2030 1963/4100/1975
f 1981/4065/1993 2022/4122/2034 2008/4099/2020
f 1990/4066/2002 2023/4123/2035 1955/4075/1967
f 2013/4114/2025 1968/4092/1980 2017/4115/2029
f 1974/4082/1986 1928/4068/1940 2024/4124/2036
f 1978/4101/1990 2015/4125/2027 2025/4126/2037
f 1998/4076/2010 2017/4115/2029 1981/4046/1993
f 1723/3520/1735 2002/4085/2014 2026/4127/2038
f 1987/4059/1999 2020/4128/2032 1992/4069/2004
f 2006/4129/2018 2014/4130/2026 2027/4131/2039
f 1948/3972/1960 2028/4132/2040 1980/4043/1992
f 1947/4091/1959 2029/4133/2041 2005/4090/2017
f 1989/4134/2001 2009/4135/2021 1947/4136/1959
f 1974/4137/1986 2024/4138/2036 2001/3271/2013
f 2017/4115/2029 2030/4139/2042 1981/4046/1993
f 1948/3972/1960 1996/4073/2008 2028/4132/2040
f 2023/4123/2035 2009/4140/2021 1955/4075/1967
f 1898/3954/1910 1991/4141/2003 1968/4021/1980
f 1579/3222/1591 1927/3922/1939 2031/4142/2043
f 2004/4089/2016 2032/4143/2044 1991/4067/2003
f 1947/4144/1959 2009/4145/2021 2033/4146/2045
f 2010/4147/2022 1966/4079/1978 1999/4078/2011
f 2007/4148/2019 2034/4149/2046 1919/3895/1931
f 1919/3895/1931 2034/4149/2046 1986/4058/1998
f 1981/4046/1993 2030/4139/2042 2035/4150/2047
f 1937/3942/1949 2036/4151/2048 1275/2447/1287
f 2015/4111/2027 1942/3952/1954 2037/4152/2049
f 1756/3700/1768 2038/4153/2050 1927/3922/1939
f 2024/4124/2036 2039/4154/2051 2001/4083/2013
f 2014/4110/2026 1976/4031/1988 2040/4155/2052
f 2015/4125/2027 2041/4156/2053 2025/4126/2037
f 2017/4115/2029 1968/4092/1980 2030/4139/2042
f 1963/4157/1975 2042/4158/2054 2020/4128/2032
f 1950/3996/1962 1980/4043/1992 2004/4159/2016
f 2033/4146/2045 2029/4160/2041 1947/4144/1959
f 2027/4161/2039 2043/4162/2055 2006/4163/2018
f 1978/4101/1990 2044/4164/2056 2007/4095/2019
f 1968/4092/1980 2045/4165/2057 2030/4139/2042
f 1990/4166/2002 2046/4167/2058 2023/4168/2035
f 1909/3878/1921 1723/3520/1735 2026/4127/2038
f 2006/4169/2018 2043/4170/2055 2018/4171/2030
f 2015/4111/2027 2037/4152/2049 2047/4172/2059
f 2015/4125/2027 2047/4173/2059 2041/4156/2053
f 2014/4130/2026 2048/4174/2060 2027/4131/2039
f 1986/4058/1998 2034/4149/2046 1994/4071/2006
f 1975/4030/1987 1959/4047/1971 2049/4175/2061
f 1865/3804/1877 1993/4070/2005 2050/4176/2062
f 1979/4042/1991 2024/4124/2036 1928/4068/1940
f 1992/4069/2004 2051/4177/2063 1990/4066/2002
f 2007/4095/2019 2044/4164/2056 2052/4178/2064
f 2003/4086/2015 2053/4179/2065 2021/4121/2033
f 2012/4106/2024 2037/4152/2049 1942/3952/1954
f 2003/4086/2015 1995/4072/2007 2053/4179/2065
f 1184/3288/1196 1988/4063/2000 1935/4180/1947
f 2014/4130/2026 2040/4181/2052 2048/4174/2060
f 2023/4123/2035 2054/4182/2066 2009/4140/2021
f 1978/4101/1990 2025/4126/2037 2055/4183/2067
f 2034/4149/2046 2056/4184/2068 1994/4071/2006
f 1962/4008/1974 1983/4049/1995 2012/4185/2024
f 1996/4073/2008 1975/4030/1987 2028/4132/2040
f 2005/4090/2017 2029/4133/2041 2057/4186/2069
f 2025/4126/2037 2041/4156/2053 2055/4183/2067
f 2001/4083/2013 2058/4187/2070 1903/4081/1915
f 1966/4188/1978 2010/4104/2022 2059/4189/2071
f 2018/4117/2030 2060/4190/2072 1963/4100/1975
f 1981/4046/1993 2035/4150/2047 2022/4191/2034
f 1975/4030/1987 2049/4175/2061 2028/4132/2040
f 1991/4141/2003 2045/4192/2057 1968/4021/1980
f 1952/3982/1964 1926/3917/1938 2061/4193/2073
f 2004/4194/2016 2062/4195/2074 2032/4196/2044
f 1865/3971/1877 2063/4197/2075 1878/3827/1890
f 1958/4198/1970 2058/4187/2070 1926/3917/1938
f 1978/4101/1990 2055/4183/2067 2044/4164/2056
f 1966/4019/1978 2059/4199/2071 2064/4200/2076
f 1980/4043/1992 2062/4201/2074 2004/4159/2016
f 1992/4069/2004 2065/4202/2077 2051/4177/2063
f 1990/4066/2002 2066/4203/2078 2046/4204/2058
f 2045/4165/2057 2067/4205/2079 2030/4139/2042
f 1995/4119/2007 2019/4118/2031 2068/4206/2080
f 1983/4049/1995 2069/4207/2081 2012/4185/2024
f 2041/4156/2053 2047/4173/2059 2070/4208/2082
f 1966/4019/1978 2071/4209/2083 1959/4003/1971
f 1963/4100/1975 2060/4190/2072 2042/4210/2054
f 2005/4090/2017 2057/4186/2069 2019/4118/2031
f 1980/4043/1992 2028/4132/2040 2072/4211/2084
f 2007/4148/2019 2073/4212/2085 2034/4149/2046
f 2034/4149/2046 2073/4212/2085 2056/4184/2068
f 2041/4156/2053 2070/4208/2082 2055/4183/2067
f 2023/4123/2035 2046/4204/2058 2054/4182/2066
f 2027/4131/2039 2048/4174/2060 2043/4213/2055
f 2045/4165/2057 2074/4214/2086 2067/4205/2079
f 1805/3682/1817 1909/3878/1921 1979/4042/1991
f 1990/4066/2002 2051/4177/2063 2066/4203/2078
f 2008/4099/2020 2022/4122/2034 2075/4215/2087
f 2011/4105/2023 2059/4189/2071 2010/4104/2022
f 2056/4184/2068 2076/4216/2088 1994/4071/2006
f 2053/4179/2065 1995/4072/2007 2068/4217/2080
f 1991/4141/2003 2077/4218/2089 2045/4192/2057
f 2008/4099/2020 2075/4215/2087 1983/4049/1995
f 1821/3718/1833 1900/3862/1912 1972/4027/1984
f 2007/4095/2019 2052/4178/2064 2073/4219/2085
f 1976/4032/1988 1994/4071/2006 2040/4181/2052
f 1908/3877/1920 1878/3827/1890 2063/4197/2075
f 2047/4172/2059 2037/4152/2049 2070/4220/2082
f 1994/4221/2006 2076/4222/2088 2040/4223/2052
f 1966/4019/1978 2064/4200/2076 2071/4209/2083
f 1992/4069/2004 2020/4128/2032 2065/4202/2077
f 1865/3971/1877 2050/4224/2062 2063/4197/2075
f 2018/4117/2030 2043/4225/2055 2060/4190/2072
f 2045/4192/2057 2077/4218/2089 2074/4226/2086
f 2046/4204/2058 2078/4227/2090 2054/4182/2066
f 2040/4181/2052 2079/4228/2091 2048/4174/2060
f 2060/4190/2072 2080/4229/2092 2042/4210/2054
f 1959/4047/1971 2071/4230/2083 2049/4175/2061
f 2054/4231/2066 2033/4232/2045 2009/4233/2021
f 2037/4152/2049 2081/4234/2093 2070/4220/2082
f 2030/4139/2042 2082/4235/2094 2035/4150/2047
f 2072/4211/2084 2062/4201/2074 1980/4043/1992
f 1958/4198/1970 1903/4081/1915 2058/4187/2070
f 2030/4139/2042 2067/4205/2079 2082/4235/2094
f 1275/2447/1287 2036/4151/2048 1623/3486/1635
f 2046/4204/2058 2066/4203/2078 2078/4227/2090
f 2054/4236/2066 2078/4237/2090 2033/4146/2045
f 2076/4216/2088 2079/4228/2091 2040/4181/2052
f 1324/2568/1336 2083/4238/2095 1802/3678/1814
f 1997/4074/2009 1973/4028/1985 2084/4239/2096
f 2028/4132/2040 2049/4175/2061 2085/4240/2097
f 2028/4132/2040 2085/4240/2097 2072/4211/2084
f 2001/4083/2013 2039/4154/2051 2058/4187/2070
f 1747/3559/1759 2086/4241/2098 1988/4063/2000
f 2075/4215/2087 2087/4242/2099 1983/4049/1995
f 1983/4049/1995 2087/4242/2099 2069/4207/2081
f 2059/4189/2071 2011/4105/2023 2021/4121/2033
f 2071/4230/2083 2088/4243/2100 2049/4175/2061
f 2048/4244/2060 2079/4245/2091 2089/4246/2101
f 1802/3678/1814 2090/4247/2102 1756/3574/1768
f 2033/4146/2045 2078/4237/2090 2091/4248/2103
f 2074/4249/2086 2077/4250/2089 2092/4251/2104
f 2074/4249/2086 2092/4251/2104 2067/4252/2079
f 2033/4146/2045 2093/4253/2105 2029/4160/2041
f 2048/4254/2060 2089/4255/2101 2043/4256/2055
f 2019/4118/2031 2094/4257/2106 2068/4206/2080
f 2042/4158/2054 2080/4258/2092 2020/4128/2032
f 1168/2215/1180 2000/4080/2012 1798/3665/1810
f 2043/4225/2055 2095/4259/2107 2060/4190/2072
f 2052/4260/2064 2096/4261/2108 2073/4212/2085
f 2068/4217/2080 2097/4262/2109 2053/4179/2065
f 2076/4216/2088 2098/4263/2110 2079/4228/2091
f 2044/4164/2056 2099/4264/2111 2052/4178/2064
f 2070/4208/2082 2081/4265/2093 2100/4266/2112
f 2066/4203/2078 2091/4267/2103 2078/4227/2090
f 2022/4122/2034 2101/4268/2113 2075/4215/2087
f 2029/4133/2041 2102/4269/2114 2057/4186/2069
f 2044/4164/2056 2055/4183/2067 2099/4264/2111
f 1692/3449/1704 2016/4113/2028 1916/3888/1928
f 1991/4270/2003 2032/4196/2044 2103/4271/2115
f 2077/4272/2089 2104/4273/2116 2092/4274/2104
f 2033/4146/2045 2091/4248/2103 2093/4253/2105
f 2068/4206/2080 2094/4257/2106 2097/4275/2109
f 1909/3878/1921 2026/4127/2038 2105/4276/2117
f 2019/4118/2031 2057/4186/2069 2094/4257/2106
f 2066/4203/2078 2051/4177/2063 2106/4277/2118
f 2022/4191/2034 2035/4150/2047 2101/4278/2113
f 2060/4190/2072 2095/4259/2107 2080/4229/2092
f 2062/4195/2074 2103/4271/2115 2032/4196/2044
f 2052/4178/2064 2099/4264/2111 2096/4279/2108
f 2079/4245/2091 2098/4280/2110 2089/4246/2101
f 2021/4121/2033 2107/4281/2119 2059/4189/2071
f 1783/3627/1795 1579/3222/1591 2108/4282/2120
f 2053/4179/2065 2107/4281/2119 2021/4121/2033
f 2037/4152/2049 2109/4283/2121 2081/4234/2093
f 2081/4234/2093 2109/4283/2121 2100/4284/2112
f 2053/4179/2065 2110/4285/2122 2107/4281/2119
f 2087/4242/2099 2111/4286/2123 2069/4207/2081
f 2043/4225/2055 2112/4287/2124 2095/4259/2107
f 2066/4203/2078 2106/4277/2118 2091/4267/2103
f 2067/4252/2079 2092/4251/2104 2113/4288/2125
f 2092/4289/2104 2104/4290/2116 2113/4291/2125
f 2059/4199/2071 2107/4292/2119 2064/4200/2076
f 1798/3665/1810 2114/4293/2126 1774/3612/1786
f 2043/4225/2055 2089/4294/2101 2112/4287/2124
f 2057/4186/2069 2102/4269/2114 2094/4257/2106
f 2097/4262/2109 2110/4285/2122 2053/4179/2065
f 2107/4295/2119 2110/4296/2122 2115/4297/2127
f 1926/3917/1938 2058/4187/2070 2061/4193/2073
f 2065/4202/2077 2020/4128/2032 2080/4258/2092
f 2062/4201/2074 2072/4211/2084 2116/4298/2128
f 2073/4212/2085 2096/4261/2108 2056/4184/2068
f 2087/4242/2099 2075/4215/2087 2111/4286/2123
f 2077/4299/2089 1991/4300/2003 2104/4301/2116
f 2091/4248/2103 2117/4302/2129 2093/4253/2105
f 2055/4183/2067 2070/4208/2082 2118/4303/2130
f 2075/4215/2087 2119/4304/2131 2111/4286/2123
f 2035/4150/2047 2082/4235/2094 2101/4278/2113
f 2120/4305/2132 2098/4263/2110 2076/4216/2088
f 2082/4235/2094 2067/4205/2079 2121/4306/2133
f 2098/4280/2110 2122/4307/2134 2089/4246/2101
f 2106/4277/2118 2117/4308/2129 2091/4267/2103
f 2038/4153/2050 1756/3700/1768 2123/4309/2135
f 1900/3862/1912 1910/3882/1922 2124/4310/2136
f 2075/4215/2087 2101/4268/2113 2119/4304/2131
f 2067/4205/2079 2113/4291/2125 2121/4306/2133
f 2051/4177/2063 2065/4202/2077 2125/4311/2137
f 1916/3888/1928 2126/4312/2138 2002/4085/2014
f 2051/4177/2063 2125/4311/2137 2106/4277/2118
f 2122/4307/2134 2098/4280/2110 2127/4313/2139
f 2115/4314/2127 2128/4315/2140 2107/4281/2119
f 2049/4175/2061 2088/4243/2100 2085/4240/2097
f 2062/4195/2074 2116/4316/2128 2103/4271/2115
f 2104/4290/2116 2129/4317/2141 2113/4291/2125
f 2070/4208/2082 2100/4266/2112 2118/4303/2130
f 2071/4230/2083 2130/4318/2142 2088/4243/2100
f 2055/4183/2067 2131/4319/2143 2099/4264/2111
f 2089/4294/2101 2122/4320/2134 2112/4287/2124
f 1909/3878/1921 2105/4276/2117 1979/4042/1991
f 2071/4321/2083 2064/4322/2076 2130/4323/2142
f 1991/4270/2003 2103/4271/2115 2104/4324/2116
f 2055/4183/2067 2118/4303/2130 2131/4319/2143
f 2110/4285/2122 2128/4315/2140 2115/4314/2127
f 2106/4277/2118 2125/4311/2137 2117/4308/2129
f 2109/4325/2121 2132/4326/2144 2100/4266/2112
f 2098/4263/2110 2120/4305/2132 2127/4327/2139
f 2110/4285/2122 2133/4328/2145 2128/4315/2140
f 2113/4291/2125 2129/4317/2141 2121/4306/2133
f 2107/4292/2119 2128/4329/2140 2064/4200/2076
f 1952/3982/1964 2134/4330/2146 1993/4070/2005
f 2056/4184/2068 2135/4331/2147 2076/4216/2088
f 2037/4152/2049 2136/4332/2148 2109/4283/2121
f 2095/4259/2107 2137/4333/2149 2080/4229/2092
f 2128/4334/2140 2133/4335/2145 2138/4336/2150
f 2088/4243/2100 2139/4337/2151 2085/4240/2097
f 1840/3745/1852 2086/4241/2098 1747/3559/1759
f 2125/4311/2137 2140/4338/2152 2117/4308/2129
f 2104/4290/2116 2141/4339/2153 2129/4317/2141
f 2000/4080/2012 1894/3853/1906 1908/3877/1920
f 2029/4133/2041 2142/4340/2154 2102/4269/2114
f 2109/4325/2121 2136/4341/2148 2132/4326/2144
f 2069/4207/2081 2111/4286/2123 2012/4185/2024
f 2110/4285/2122 2097/4262/2109 2133/4328/2145
f 1623/3315/1635 2143/4342/2155 1874/3818/1886
f 2125/4311/2137 2065/4202/2077 2144/4343/2156
f 2125/4344/2137 2144/4345/2156 2140/2796/2152
f 1324/2568/1336 1972/4027/1984 2083/4238/2095
f 2056/4184/2068 2096/4261/2108 2135/4331/2147
f 2072/4211/2084 2145/4346/2157 2116/4298/2128
f 2072/4211/2084 2085/4240/2097 2145/4346/2157
f 2120/4305/2132 2146/4347/2158 2127/4327/2139
f 2128/4329/2140 2138/4348/2150 2064/4200/2076
f 2037/4152/2049 2012/4106/2024 2136/4332/2148
f 2088/4243/2100 2130/4318/2142 2139/4337/2151
f 2122/4307/2134 2127/4313/2139 2146/4349/2158
f 2120/4305/2132 2076/4216/2088 2147/4350/2159
f 2080/4258/2092 2137/4351/2149 2065/4202/2077
f 1623/3486/1635 2036/4151/2048 2143/4352/2155
f 2094/4257/2106 2148/4353/2160 2097/4275/2109
f 2104/4354/2116 2149/4355/2161 2141/4356/2153
f 2082/4235/2094 2150/4357/2162 2101/4278/2113
f 2097/4262/2109 2151/4358/2163 2133/4328/2145
f 2002/4085/2014 2152/4359/2164 2026/4127/2038
f 2094/4257/2106 2102/4269/2114 2148/4353/2160
f 2117/4302/2129 2140/4360/2152 2093/4253/2105
f 2100/4266/2112 2132/4326/2144 2118/4303/2130
f 2141/4339/2153 2149/4361/2161 2129/4317/2141
f 2063/4197/2075 2050/4224/2062 2153/4362/2165
f 2086/4241/2098 1840/3745/1852 2154/4363/2166
f 2065/4202/2077 2155/4364/2167 2144/4343/2156
f 1579/3222/1591 2031/4142/2043 2108/4282/2120
f 1908/3877/1920 2156/4365/2168 2000/4080/2012
f 2104/4324/2116 2103/4271/2115 2149/4366/2161
f 2144/4367/2156 2157/4368/2169 2140/4360/2152
f 2136/4341/2148 2158/4369/2170 2132/4326/2144
f 1802/3678/1814 2083/4238/2095 2090/4247/2102
f 2114/4293/2126 1798/3665/1810 2000/4080/2012
f 2111/4286/2123 2159/4370/2171 2012/4185/2024
f 2093/4253/2105 2160/4371/2172 2029/4160/2041
f 2031/4142/2043 1927/3922/1939 2038/4153/2050
f 2121/4306/2133 2129/4317/2141 2161/4372/2173
f 2155/4364/2167 2157/4373/2169 2144/4343/2156
f 2050/4176/2062 1993/4070/2005 2134/4330/2146
f 2136/4332/2148 2012/4106/2024 2158/4374/2170
f 2147/4350/2159 2146/4347/2158 2120/4305/2132
f 2140/4360/2152 2157/4368/2169 2162/4375/2174
f 2029/4160/2041 2160/4371/2172 2142/4376/2154
f 2149/4377/2161 2163/4378/2175 2164/4379/2176
f 2149/4361/2161 2164/4380/2176 2129/4317/2141
f 2140/4360/2152 2162/4375/2174 2093/4253/2105
f 2103/4381/2115 2165/4382/2177 2149/4383/2161
f 2097/4275/2109 2148/4353/2160 2151/4384/2163
f 2149/4385/2161 2165/4386/2177 2163/4387/2175
f 2065/4202/2077 2166/4388/2178 2155/4364/2167
f 2161/4389/2173 2129/4390/2141 2164/4391/2176
f 2076/4216/2088 2135/4331/2147 2167/4392/2179
f 2076/4216/2088 2167/4392/2179 2147/4350/2159
f 2133/4335/2145 2151/4384/2163 2138/4336/2150
f 2064/4322/2076 2168/4393/2180 2130/4323/2142
f 2093/4253/2105 2162/4375/2174 2169/4394/2181
f 2158/4369/2170 2170/4395/2182 2132/4326/2144
f 2103/4271/2115 2116/4316/2128 2171/4396/2183
f 2118/4303/2130 2172/4397/2184 2131/4319/2143
f 1979/4042/1991 2105/4276/2117 2173/4398/2185
f 2122/4320/2134 2174/4399/2186 2112/4287/2124
f 2065/4202/2077 2137/4351/2149 2166/4388/2178
f 2101/4278/2113 2150/4357/2162 2175/4400/2187
f 2142/4340/2154 2148/4353/2160 2102/4269/2114
f 2103/4271/2115 2171/4396/2183 2165/4401/2177
f 2085/4240/2097 2139/4337/2151 2176/4402/2188
f 2101/4268/2113 2175/4403/2187 2119/4304/2131
f 2111/4286/2123 2119/4304/2131 2159/4370/2171
f 2142/4340/2154 2177/4404/2189 2148/4353/2160
f 2050/4405/2062 2178/4406/2190 2153/4407/2165
f 2099/4408/2111 2131/4409/2143 2096/4410/2108
f 2130/4318/2142 2168/4411/2180 2139/4337/2151
f 2155/4364/2167 2166/4388/2178 2157/4373/2169
f 2174/4399/2186 2179/4412/2191 2112/4287/2124
f 2146/4349/2158 2180/4413/2192 2122/4307/2134
f 2012/4414/2024 2181/4415/2193 2182/4416/2194
f 2012/4417/2024 2182/4418/2194 2158/4419/2170
f 2151/4384/2163 2183/4420/2195 2138/4336/2150
f 2158/4369/2170 2182/4421/2194 2170/4395/2182
f 2146/4349/2158 2147/4422/2159 2180/4413/2192
f 2163/4423/2175 2165/4424/2177 2164/4425/2176
f 2142/4340/2154 2184/4426/2196 2177/4404/2189
f 2142/4340/2154 2160/4427/2172 2184/4426/2196
f 2122/4307/2134 2180/4413/2192 2185/4428/2197
f 2166/4429/2178 2186/4430/2198 2157/4368/2169
f 2058/4187/2070 2039/4154/2051 2187/4431/2199
f 2090/4247/2102 2083/4238/2095 2188/4432/2200
f 2176/4402/2188 2145/4346/2157 2085/4240/2097
f 2132/4326/2144 2189/4433/2201 2118/4303/2130
f 2143/4342/2155 1973/4028/1985 1874/3818/1886
f 2170/4395/2182 2182/4421/2194 2190/4434/2202
f 2150/4357/2162 2082/4235/2094 2191/4435/2203
f 2170/4436/2182 2190/4437/2202 2132/4438/2144
f 1774/3612/1786 1937/3942/1949 1160/2186/1172
f 2138/4348/2150 2183/4439/2195 2064/4200/2076
f 2166/4388/2178 2137/4351/2149 2192/4440/2204
f 2134/4330/2146 2178/4441/2190 2050/4176/2062
f 2147/4350/2159 2167/4392/2179 2193/4442/2205
f 2119/4304/2131 2194/4443/2206 2159/4370/2171
f 2139/4337/2151 2195/4444/2207 2176/4402/2188
f 2116/4316/2128 2145/4445/2157 2196/4446/2208
f 2182/4421/2194 2181/4447/2193 2190/4434/2202
f 2096/4261/2108 2197/4448/2209 2135/4331/2147
f 2159/4449/2171 2198/4450/2210 2012/4414/2024
f 2168/4411/2180 2199/4451/2211 2139/4337/2151
f 2082/4235/2094 2121/4306/2133 2200/4452/2212
f 2082/4235/2094 2200/4452/2212 2191/4435/2203
f 2123/4309/2135 1756/3700/1768 2201/4453/2213
f 2132/4438/2144 2190/4437/2202 2189/4454/2201
f 2157/4368/2169 2186/4430/2198 2162/4375/2174
f 2147/4422/2159 2193/4455/2205 2180/4413/2192
f 2093/4253/2105 2169/4394/2181 2160/4371/2172
f 2166/4429/2178 2192/4456/2204 2186/4430/2198
f 1935/4180/1947 1988/4063/2000 2016/4457/2028
f 2137/4351/2149 2202/4458/2214 2192/4440/2204
f 1840/3745/1852 1783/3627/1795 2154/4363/2166
f 2116/4316/2128 2196/4446/2208 2171/4396/2183
f 2096/4279/2108 2131/4319/2143 2203/4459/2215
f 2064/4200/2076 2183/4439/2195 2204/4460/2216
f 2151/4384/2163 2148/4353/2160 2205/4461/2217
f 1908/3877/1920 2063/4197/2075 2156/4365/2168
f 2064/4322/2076 2206/4462/2218 2168/4393/2180
f 2148/4353/2160 2207/4463/2219 2205/4461/2217
f 2151/4384/2163 2208/4464/2220 2183/4420/2195
f 2121/4306/2133 2209/4465/2221 2200/4452/2212
f 2137/4351/2149 2210/4466/2222 2202/4458/2214
f 2126/4312/2138 2211/4467/2223 2002/4085/2014
f 2039/4154/2051 2024/4124/2036 2187/4431/2199
f 2096/4279/2108 2203/4459/2215 2197/4468/2209
f 2205/4461/2217 2208/4464/2220 2151/4384/2163
f 2172/4397/2184 2203/4459/2215 2131/4319/2143
f 2183/4439/2195 2208/4469/2220 2204/4460/2216
f 2181/4447/2193 2212/4470/2224 2190/4434/2202
f 2165/4424/2177 2213/4471/2225 2164/4425/2176
f 2121/4306/2133 2161/4372/2173 2209/4465/2221
f 2192/4456/2204 2210/4472/2222 2186/4430/2198
f 2180/4413/2192 2193/4455/2205 2185/4428/2197
f 2112/4287/2124 2179/4412/2191 2095/4259/2107
f 2159/4370/2171 2194/4443/2206 2214/4473/2226
f 2012/4414/2024 2198/4450/2210 2181/4415/2193
f 2192/4440/2204 2202/4458/2214 2210/4466/2222
f 2064/4200/2076 2204/4460/2216 2206/4474/2218
f 2167/4392/2179 2135/4331/2147 2215/4475/2227
f 2159/4476/2171 2214/4477/2226 2198/4478/2210
f 1774/3612/1786 2216/4479/2228 1937/3942/1949
f 2119/4304/2131 2175/4403/2187 2194/4443/2206
f 2165/4401/2177 2171/4396/2183 2217/4480/2229
f 2165/4481/2177 2217/4482/2229 2213/4483/2225
f 2160/4371/2172 2169/4394/2181 2218/4484/2230
f 2118/4303/2130 2189/4433/2201 2172/4397/2184
f 2164/4485/2176 2213/4486/2225 2161/4487/2173
f 2160/4427/2172 2218/4488/2230 2184/4426/2196
f 1952/3982/1964 2061/4193/2073 2134/4330/2146
f 2122/4307/2134 2185/4428/2197 2174/4489/2186
f 2167/4392/2179 2215/4475/2227 2193/4442/2205
f 2176/4402/2188 2219/4490/2231 2145/4346/2157
f 2177/4404/2189 2220/4491/2232 2148/4353/2160
f 2145/4445/2157 2219/4492/2231 2196/4446/2208
f 2206/4462/2218 2199/4493/2211 2168/4393/2180
f 2205/4461/2217 2221/4494/2233 2208/4464/2220
f 2189/4433/2201 2222/4495/2234 2172/4397/2184
f 2139/4337/2151 2199/4451/2211 2195/4444/2207
f 2179/4412/2191 2174/4399/2186 2223/4496/2235
f 2137/4351/2149 2224/4497/2236 2210/4466/2222
f 2177/4404/2189 2184/4426/2196 2220/4491/2232
f 2169/4394/2181 2225/4498/2237 2218/4484/2230
f 2208/4469/2220 2221/4499/2233 2204/4460/2216
f 2143/4342/2155 2226/4500/2238 1973/4028/1985
f 2185/4428/2197 2227/4501/2239 2174/4489/2186
f 2024/4124/2036 1979/4042/1991 2173/4398/2185
f 2148/4353/2160 2220/4491/2232 2207/4463/2219
f 2150/4357/2162 2191/4435/2203 2228/4502/2240
f 2181/4447/2193 2229/4503/2241 2212/4470/2224
f 2205/4461/2217 2207/4463/2219 2221/4494/2233
f 2210/4472/2222 2224/4504/2236 2186/4430/2198
f 2186/4430/2198 2230/4505/2242 2162/4375/2174
f 2181/4447/2193 2198/4506/2210 2229/4503/2241
f 2171/4396/2183 2196/4446/2208 2231/4507/2243
f 2162/4375/2174 2225/4498/2237 2169/4394/2181
f 2224/4504/2236 2232/4508/2244 2186/4430/2198
f 2176/4402/2188 2195/4444/2207 2233/4509/2245
f 2224/4497/2236 2137/4351/2149 2234/4510/2246
f 2095/4511/2107 2235/4512/2247 2137/4513/2149
f 2137/4514/2149 2235/4515/2247 2234/4516/2246
f 2150/4357/2162 2228/4502/2240 2175/4400/2187
f 2217/4517/2229 2171/4518/2183 2236/4519/2248
f 2176/4402/2188 2233/4509/2245 2219/4490/2231
f 2193/4455/2205 2237/4520/2249 2185/4428/2197
f 2213/4483/2225 2217/4482/2229 2236/4521/2248
f 2191/4435/2203 2200/4452/2212 2228/4502/2240
f 2190/4437/2202 2238/4522/2250 2189/4454/2201
f 2186/4430/2198 2232/4508/2244 2230/4505/2242
f 2174/4489/2186 2227/4501/2239 2223/4523/2235
f 2215/4475/2227 2135/4331/2147 2239/4524/2251
f 2171/4525/2183 2231/4526/2243 2236/4527/2248
f 2189/4433/2201 2238/4528/2250 2222/4495/2234
f 2184/4426/2196 2218/4488/2230 2240/4529/2252
f 1916/3888/1928 2016/4113/2028 2241/4530/2253
f 2232/4531/2244 2224/4532/2236 2234/4533/2246
f 2058/4187/2070 2242/4534/2254 2061/4193/2073
f 2172/4397/2184 2243/4535/2255 2203/4459/2215
f 2229/4503/2241 2198/4506/2210 2244/4536/2256
f 2221/4499/2233 2207/4537/2219 2204/4460/2216
f 2236/4538/2248 2245/4539/2257 2213/4540/2225
f 2173/4398/2185 2105/4276/2117 2246/4541/2258
f 2213/4540/2225 2245/4539/2257 2161/4542/2173
f 2207/4463/2219 2220/4491/2232 2247/4543/2259
f 2162/4375/2174 2230/4505/2242 2225/4498/2237
f 2197/4448/2209 2248/4544/2260 2135/4331/2147
f 2135/4331/2147 2248/4544/2260 2249/4545/2261
f 2236/4527/2248 2231/4526/2243 2250/4546/2262
f 2175/4547/2187 2228/4548/2240 2251/4549/2263
f 2184/4426/2196 2240/4529/2252 2220/4491/2232
f 2209/4465/2221 2161/4372/2173 2200/4452/2212
f 2135/4331/2147 2249/4545/2261 2239/4524/2251
f 2229/4550/2241 2244/4551/2256 2212/4552/2224
f 2212/4553/2224 2244/4554/2256 2190/4437/2202
f 2031/4142/2043 2038/4153/2050 2252/4555/2264
f 2207/4537/2219 2247/4556/2259 2204/4460/2216
f 2236/4538/2248 2250/4557/2262 2245/4539/2257
f 2172/4397/2184 2222/4495/2234 2243/4535/2255
f 2240/4529/2252 2253/4558/2265 2220/4491/2232
f 2247/4543/2259 2220/4491/2232 2254/4559/2266
f 2198/4560/2210 2255/4561/2267 2244/4562/2256
f 2223/4496/2235 2256/4563/2268 2179/4412/2191
f 2200/4452/2212 2257/4564/2269 2228/4502/2240
f 2194/4565/2206 2175/4547/2187 2251/4549/2263
f 2239/4524/2251 2258/4566/2270 2215/4475/2227
f 2161/4372/2173 2259/4567/2271 2200/4452/2212
f 2204/4460/2216 2247/4556/2259 2260/4568/2272
f 2193/4455/2205 2215/4569/2227 2237/4520/2249
f 1756/3574/1768 2090/4247/2102 2201/4570/2213
f 2198/4571/2210 2261/4572/2273 2255/4573/2267
f 2247/4543/2259 2254/4559/2266 2260/4574/2272
f 2231/4507/2243 2196/4446/2208 2262/4575/2274
f 2231/4526/2243 2262/4576/2274 2250/4546/2262
f 2197/4448/2209 2263/4577/2275 2248/4544/2260
f 2239/4578/2251 2249/4579/2261 2258/4580/2270
f 2255/4581/2267 2264/4582/2276 2244/4583/2256
f 2206/4462/2218 2265/4584/2277 2199/4493/2211
f 2196/4446/2208 2219/4492/2231 2266/4585/2278
f 2024/4124/2036 2173/4398/2185 2187/4431/2199
f 2262/4586/2274 2267/4587/2279 2250/4557/2262
f 2197/4448/2209 2203/4588/2215 2263/4577/2275
f 2179/4412/2191 2268/4589/2280 2095/4259/2107
f 2232/4531/2244 2234/4533/2246 2269/4590/2281
f 2255/4591/2267 2261/4592/2273 2264/4593/2276
f 2215/4569/2227 2258/4580/2270 2237/4520/2249
f 2185/4428/2197 2270/4594/2282 2227/4501/2239
f 2223/4523/2235 2227/4501/2239 2271/4595/2283
f 2161/4372/2173 2272/4596/2284 2259/4567/2271
f 2114/4293/2126 2216/4479/2228 1774/3612/1786
f 2237/4520/2249 2270/4594/2282 2185/4428/2197
f 2232/4508/2244 2273/4597/2285 2230/4505/2242
f 2196/4446/2208 2266/4585/2278 2262/4575/2274
f 1916/3888/1928 2241/4530/2253 2126/4312/2138
f 1910/3882/1922 1997/4074/2009 2124/4310/2136
f 2250/4557/2262 2267/4587/2279 2245/4539/2257
f 2254/4559/2266 2274/4598/2286 2260/4574/2272
f 2268/4589/2280 2275/4599/2287 2095/4259/2107
f 2254/4559/2266 2276/4600/2288 2274/4598/2286
f 2235/4512/2247 2095/4511/2107 2275/4601/2287
f 1972/4027/1984 1900/3862/1912 2277/4602/2289
f 2161/4372/2173 2245/4603/2257 2272/4596/2284
f 2234/2566/2246 2235/4604/2247 2269/4605/2281
f 2200/4452/2212 2278/4606/2290 2257/4564/2269
f 2265/4584/2277 2279/4607/2291 2199/4493/2211
f 2249/4579/2261 2280/4608/2292 2258/4580/2270
f 2267/4609/2279 2281/4610/2293 2245/4611/2257
f 2267/4609/2279 2262/4612/2274 2281/4610/2293
f 2259/4567/2271 2278/4606/2290 2200/4452/2212
f 2230/4505/2242 2282/4613/2294 2225/4498/2237
f 2199/4614/2211 2283/4615/2295 2195/4616/2207
f 2218/4488/2230 2225/4617/2237 2240/4529/2252
f 2204/4460/2216 2284/4618/2296 2206/4474/2218
f 2220/4491/2232 2276/4600/2288 2254/4559/2266
f 2258/4580/2270 2285/4619/2297 2237/4520/2249
f 2260/4568/2272 2274/4620/2286 2286/4621/2298
f 2230/4505/2242 2273/4597/2285 2282/4613/2294
f 2222/4495/2234 2238/4528/2250 2287/4622/2299
f 2220/4491/2232 2253/4558/2265 2276/4600/2288
f 2026/4127/2038 2152/4359/2164 2288/4623/2300
f 2058/4187/2070 2187/4431/2199 2242/4534/2254
f 2195/4444/2207 2283/4624/2295 2233/4509/2245
f 2228/4548/2240 2257/4625/2269 2251/4549/2263
f 2262/4626/2274 2266/4627/2278 2281/4628/2293
f 2248/4629/2260 2280/4608/2292 2249/4579/2261
f 2219/4492/2231 2233/4630/2245 2289/4631/2301
f 2190/4437/2202 2244/4554/2256 2238/4522/2250
f 2225/4632/2237 2282/4633/2294 2290/4634/2302
f 2258/4635/2270 2280/4636/2292 2285/4637/2297
f 2194/4565/2206 2291/4638/2303 2214/4477/2226
f 2251/4549/2263 2291/4638/2303 2194/4565/2206
f 2235/4639/2247 2275/4640/2287 2269/4590/2281
f 2276/4600/2288 2292/4641/2304 2274/4598/2286
f 2281/3780/2293 2266/4642/2278 2293/4643/2305
f 2260/4568/2272 2286/4621/2298 2294/4644/2306
f 2260/4568/2272 2294/4644/2306 2204/4460/2216
f 2219/4492/2231 2289/4631/2301 2266/4585/2278
f 2206/4462/2218 2284/4645/2296 2265/4584/2277
f 2274/4620/2286 2292/4646/2304 2286/4621/2298
f 2199/4493/2211 2279/4607/2291 2295/4647/2307
f 2281/4648/2293 2293/4649/2305 2245/4650/2257
f 2273/4597/2285 2296/4651/2308 2282/4613/2294
f 2283/4652/2295 2289/4631/2301 2233/4630/2245
f 2240/4529/2252 2297/4653/2309 2253/4558/2265
f 2199/4654/2211 2295/4655/2307 2283/4656/2295
f 2261/4572/2273 2198/4571/2210 2298/4657/2310
f 2261/4658/2273 2298/4659/2310 2264/4660/2276
f 2276/4600/2288 2253/4558/2265 2292/4641/2304
f 2263/4577/2275 2299/4661/2311 2248/4544/2260
f 2225/4617/2237 2300/4662/2312 2240/4529/2252
f 2225/4617/2237 2290/4663/2302 2300/4662/2312
f 2204/4460/2216 2294/4644/2306 2284/4618/2296
f 2265/4584/2277 2284/4645/2296 2301/4664/2313
f 2265/4584/2277 2301/4664/2313 2279/4607/2291
f 1988/4063/2000 2302/4665/2314 2016/4457/2028
f 2232/4531/2244 2269/4590/2281 2303/4666/2315
f 2002/4085/2014 2211/4467/2223 2152/4359/2164
f 2256/4563/2268 2268/4589/2280 2179/4412/2191
f 2278/4606/2290 2259/4567/2271 2304/4667/2316
f 2298/4668/2310 2305/4669/2317 2264/4670/2276
f 2238/4522/2250 2244/4554/2256 2306/4671/2318
f 2273/4597/2285 2232/4508/2244 2307/4672/2319
f 2214/4477/2226 2291/4638/2303 2308/4673/2320
f 2275/4640/2287 2309/4674/2321 2269/4590/2281
f 2227/4501/2239 2270/4594/2282 2271/4595/2283
f 2282/4633/2294 2296/4675/2308 2290/4634/2302
f 2232/4531/2244 2303/4666/2315 2307/4676/2319
f 2214/4477/2226 2308/4673/2320 2198/4478/2210
f 2292/4646/2304 2253/4677/2265 2286/4621/2298
f 2279/4607/2291 2301/4664/2313 2295/4647/2307
f 2286/4621/2298 2310/4678/2322 2294/4644/2306
f 2222/4495/2234 2311/4679/2323 2243/4535/2255
f 2266/4680/2278 2312/4681/2324 2293/4682/2305
f 2299/4661/2311 2313/4683/2325 2248/4544/2260
f 2248/4629/2260 2313/4684/2325 2280/4608/2292
f 2280/4608/2292 2313/4684/2325 2285/4619/2297
f 2245/4685/2257 2314/4686/2326 2272/4687/2284
f 2294/4644/2306 2315/4688/2327 2284/4618/2296
f 2268/4589/2280 2316/4689/2328 2275/4599/2287
f 2273/4690/2285 2307/4691/2319 2296/4675/2308
f 2237/4520/2249 2285/4619/2297 2317/4692/2329
f 2301/4664/2313 2318/4693/2330 2295/4647/2307
f 2278/4606/2290 2319/4694/2331 2257/4564/2269
f 2298/4668/2310 2320/4695/2332 2305/4669/2317
f 2237/4520/2249 2317/4692/2329 2270/4594/2282
f 2203/4459/2215 2243/4535/2255 2321/4696/2333
f 2287/4622/2299 2311/4679/2323 2222/4495/2234
f 2198/4571/2210 2308/4697/2320 2298/4657/2310
f 2305/4698/2317 2320/4699/2332 2322/4700/2334
f 2264/4701/2276 2305/4698/2317 2322/4700/2334
f 2293/4682/2305 2312/4681/2324 2323/4702/2335
f 2293/4649/2305 2323/4703/2335 2324/4704/2336
f 2275/4599/2287 2316/4689/2328 2309/4705/2321
f 2272/4596/2284 2304/4667/2316 2259/4567/2271
f 2297/4653/2309 2240/4529/2252 2325/4706/2337
f 2293/4649/2305 2324/4704/2336 2245/4650/2257
f 2251/4549/2263 2257/4625/2269 2326/4707/2338
f 2320/4695/2332 2298/4668/2310 2327/4708/2339
f 2278/4606/2290 2304/4667/2316 2319/4694/2331
f 2240/4529/2252 2328/4709/2340 2325/4706/2337
f 2266/4680/2278 2329/4710/2341 2330/4711/2342
f 2299/4661/2311 2263/4577/2275 2331/4712/2343
f 2203/4588/2215 2332/4713/2344 2263/4577/2275
f 2310/4678/2322 2315/4688/2327 2294/4644/2306
f 2331/4714/2343 2313/4684/2325 2299/4715/2311
f 2266/4680/2278 2330/4711/2342 2312/4681/2324
f 2286/4621/2298 2333/4716/2345 2310/4678/2322
f 2253/4677/2265 2325/4717/2337 2286/4621/2298
f 2264/4701/2276 2322/4700/2334 2244/4554/2256
f 2270/4594/2282 2334/4718/2346 2271/4595/2283
f 2272/4596/2284 2314/4719/2326 2304/4667/2316
f 2031/4142/2043 2252/4555/2264 2108/4282/2120
f 2203/4588/2215 2321/4720/2333 2332/4713/2344
f 2253/4721/2265 2297/4722/2309 2325/4723/2337
f 2312/3622/2324 2330/4724/2342 2323/4725/2335
f 2296/4675/2308 2307/4691/2319 2335/4726/2347
f 2286/4621/2298 2325/4717/2337 2333/4716/2345
f 2289/4631/2301 2329/4727/2341 2266/4585/2278
f 2240/4529/2252 2336/4728/2348 2328/4709/2340
f 2328/4709/2340 2337/4729/2349 2325/4706/2337
f 2241/4730/2253 2016/4457/2028 2338/4731/2350
f 2283/4652/2295 2295/4732/2307 2339/4733/2351
f 2244/4554/2256 2322/4700/2334 2306/4671/2318
f 2284/4645/2296 2315/4734/2327 2301/4664/2313
f 2327/4708/2339 2340/4735/2352 2320/4695/2332
f 2086/4241/2098 2302/4665/2314 1988/4063/2000
f 2251/4549/2263 2326/4707/2338 2291/4638/2303
f 2245/4603/2257 2324/4736/2336 2314/4719/2326
f 2269/4590/2281 2309/4674/2321 2303/4666/2315
f 2298/4668/2310 2308/4737/2320 2327/4708/2339
f 2038/4153/2050 2123/4309/2135 2252/4555/2264
f 2328/4738/2340 2341/4739/2353 2337/4740/2349
f 2026/4127/2038 2288/4623/2300 2105/4276/2117
f 2211/4467/2223 2126/4312/2138 2241/4530/2253
f 2316/4689/2328 2342/4741/2354 2309/4705/2321
f 2283/4652/2295 2343/4742/2355 2289/4631/2301
f 2283/4652/2295 2339/4733/2351 2343/4742/2355
f 2289/4631/2301 2343/4742/2355 2329/4727/2341
f 2257/4564/2269 2319/4694/2331 2344/4743/2356
f 2325/4744/2337 2337/4745/2349 2333/1509/2345
f 2337/4740/2349 2341/4739/2353 2333/4716/2345
f 2257/4625/2269 2344/4746/2356 2326/4707/2338
f 2336/4747/2348 2341/4739/2353 2328/4738/2340
f 2240/4529/2252 2300/4662/2312 2336/4728/2348
f 2335/4726/2347 2300/4748/2312 2296/4675/2308
f 2290/4634/2302 2296/4675/2308 2300/4748/2312
f 2223/4496/2235 2271/4749/2283 2256/4563/2268
f 2268/4589/2280 2256/4563/2268 2345/4750/2357
f 2268/4589/2280 2345/4750/2357 2316/4689/2328
f 2105/4276/2117 2288/4623/2300 2246/4541/2258
f 2329/4710/2341 2346/4751/2358 2330/4711/2342
f 2330/4752/2342 2324/4704/2336 2323/4703/2335
f 2238/4522/2250 2306/4671/2318 2347/4753/2359
f 2238/4528/2250 2347/4754/2359 2287/4622/2299
f 2320/4699/2332 2340/4755/2352 2322/4700/2334
f 2313/4684/2325 2331/4714/2343 2285/4619/2297
f 2330/4752/2342 2346/4756/2358 2324/4704/2336
f 2329/4710/2341 2343/4757/2355 2346/4751/2358
f 2315/4688/2327 2310/4678/2322 2348/4758/2360
f 2327/4708/2339 2349/4759/2361 2350/4760/2362
f 2327/4708/2339 2350/4760/2362 2340/4735/2352
f 2336/4747/2348 2351/4761/2363 2341/4739/2353
f 2300/4662/2312 2352/4762/2364 2336/4728/2348
f 2340/4755/2352 2350/4763/2362 2353/4764/2365
f 2061/4193/2073 2242/4534/2254 2354/4765/2366
f 2285/4619/2297 2331/4714/2343 2355/4766/2367
f 2308/4737/2320 2349/4759/2361 2327/4708/2339
f 2154/4363/2166 1783/3627/1795 2356/4767/2368
f 2336/4747/2348 2352/4768/2364 2351/4761/2363
f 2339/4733/2351 2357/4769/2369 2358/4770/2370
f 2270/4594/2282 2317/4692/2329 2359/4771/2371
f 2263/4577/2275 2332/4713/2344 2331/4712/2343
f 2345/4750/2357 2342/4741/2354 2316/4689/2328
f 2339/4733/2351 2358/4770/2370 2343/4742/2355
f 2271/4749/2283 2360/4772/2372 2256/4563/2268
f 2318/4693/2330 2339/4773/2351 2295/4647/2307
f 2317/4692/2329 2285/4619/2297 2355/4766/2367
f 2314/4719/2326 2324/4736/2336 2361/4774/2373
f 2353/4764/2365 2322/4700/2334 2340/4755/2352
f 2333/4716/2345 2341/4739/2353 2351/4761/2363
f 2291/4638/2303 2326/4707/2338 2308/4673/2320
f 2307/4691/2319 2303/4775/2315 2335/4726/2347
f 2271/4749/2283 2334/4776/2346 2360/4772/2372
f 2187/4431/2199 2173/4398/2185 2362/4777/2374
f 2318/4693/2330 2363/4778/2375 2339/4773/2351
f 2315/4734/2327 2364/4779/2376 2301/4664/2313
f 2315/4734/2327 2348/4780/2360 2364/4779/2376
f 2083/4238/2095 1972/4027/1984 2365/4781/2377
f 2153/4407/2165 2178/4406/2190 2366/4782/2378
f 2343/4783/2355 2367/4784/2379 2346/4785/2358
f 2061/4193/2073 2368/4786/2380 2134/4330/2146
f 2358/4787/2370 2367/4784/2379 2343/4783/2355
f 2303/4666/2315 2309/4674/2321 2369/4788/2381
f 2352/4768/2364 2370/4789/2382 2351/4761/2363
f 2333/4716/2345 2371/4790/2383 2310/4678/2322
f 2303/4775/2315 2372/4791/2384 2335/4726/2347
f 2350/4763/2362 2373/4792/2385 2353/4764/2365
f 2333/4716/2345 2351/4761/2363 2374/4793/2386
f 2309/4674/2321 2342/4794/2354 2369/4788/2381
f 2246/4541/2258 2375/4795/2387 2173/4398/2185
f 2310/4678/2322 2371/4790/2383 2348/4758/2360
f 2300/4662/2312 2376/4796/2388 2352/4762/2364
f 2243/4535/2255 2311/4679/2323 2321/4696/2333
f 2153/4362/2165 2377/4797/2389 2063/4197/2075
f 2326/4707/2338 2378/4798/2390 2308/4673/2320
f 2353/4764/2365 2373/4792/2385 2322/4700/2334
f 2256/4563/2268 2379/4799/2391 2345/4750/2357
f 2270/4594/2282 2359/4771/2371 2334/4718/2346
f 2301/4664/2313 2363/4778/2375 2318/4693/2330
f 2321/4696/2333 2311/4679/2323 2380/4800/2392
f 2351/4801/2363 2370/4802/2382 2374/4803/2386
f 2350/4760/2362 2349/4759/2361 2373/4804/2385
f 2358/4805/2370 2357/4806/2369 2381/4807/2393
f 2216/4479/2228 2382/4808/2394 1937/3942/1949
f 2287/4622/2299 2347/4754/2359 2383/4809/2395
f 2349/4759/2361 2384/4810/2396 2373/4804/2385
f 2376/4811/2388 2385/4812/2397 2352/4768/2364
f 2000/4080/2012 2156/4365/2168 2386/4813/2398
f 2317/4692/2329 2355/4766/2367 2359/4771/2371
f 2300/4748/2312 2335/4726/2347 2387/4814/2399
f 2358/4815/2370 2381/4816/2393 2367/4817/2379
f 2153/4362/2165 2366/4818/2378 2377/4797/2389
f 2303/4775/2315 2388/4819/2400 2372/4791/2384
f 2301/4664/2313 2364/4779/2376 2363/4778/2375
f 2370/4802/2382 2389/4820/2401 2374/4803/2386
f 2365/4781/2377 2188/4432/2200 2083/4238/2095
f 2287/4622/2299 2383/4809/2395 2311/4679/2323
f 2352/4768/2364 2385/4812/2397 2370/4789/2382
f 2333/4716/2345 2390/4821/2402 2371/4790/2383
f 2384/4822/2396 2391/4823/2403 2373/4792/2385
f 2345/4750/2357 2379/4799/2391 2342/4741/2354
f 2339/4773/2351 2363/4778/2375 2392/4824/2404
f 2369/4788/2381 2388/4825/2400 2303/4666/2315
f 2374/4793/2386 2393/4826/2405 2333/4716/2345
f 2333/4716/2345 2393/4826/2405 2390/4821/2402
f 2384/4810/2396 2349/4759/2361 2394/4827/2406
f 2036/4151/2048 2395/4828/2407 2143/4352/2155
f 2335/4726/2347 2396/4829/2408 2387/4814/2399
f 2370/4830/2382 2385/4831/2397 2389/4832/2401
f 2349/4833/2361 2308/4834/2320 2394/4835/2406
f 2344/4746/2356 2397/4836/2409 2326/4707/2338
f 2319/4694/2331 2304/4667/2316 2397/4837/2409
f 2319/4694/2331 2397/4837/2409 2344/4743/2356
f 2384/4822/2396 2394/4838/2406 2391/4823/2403
f 2376/4796/2388 2300/4662/2312 2389/4839/2401
f 2306/4671/2318 2398/4840/2410 2347/4753/2359
f 2331/4714/2343 2399/4841/2411 2400/4842/2412
f 2346/4756/2358 2381/4843/2393 2324/4704/2336
f 2346/4756/2358 2367/4844/2379 2381/4843/2393
f 2331/4714/2343 2400/4842/2412 2355/4766/2367
f 2363/4778/2375 2401/4845/2413 2392/4824/2404
f 2348/4780/2360 2402/4846/2414 2364/4779/2376
f 2359/4771/2371 2403/4847/2415 2334/4718/2346
f 2374/4803/2386 2389/4820/2401 2404/4848/2416
f 2339/4733/2351 2392/4849/2404 2357/4769/2369
f 2348/4780/2360 2405/4850/2417 2402/4846/2414
f 2348/4780/2360 2371/4851/2383 2405/4850/2417
f 2373/4792/2385 2406/4852/2418 2322/4700/2334
f 2373/4792/2385 2391/4823/2403 2406/4852/2418
f 2246/4541/2258 2288/4623/2300 2407/4853/2419
f 2242/4534/2254 2187/4431/2199 2354/4765/2366
f 2256/4563/2268 2360/4772/2372 2379/4799/2391
f 2374/4793/2386 2404/4854/2416 2393/4826/2405
f 2397/4837/2409 2304/4667/2316 2408/4855/2420
f 2311/4679/2323 2383/4809/2395 2380/4800/2392
f 2389/4839/2401 2300/4662/2312 2409/4856/2421
f 2304/4667/2316 2314/4719/2326 2410/4857/2422
f 2347/4753/2359 2398/4840/2410 2383/4858/2395
f 2368/4786/2380 2178/4441/2190 2134/4330/2146
f 2331/4712/2343 2332/4713/2344 2399/4859/2411
f 2314/4719/2326 2361/4774/2373 2410/4857/2422
f 2364/4779/2376 2402/4846/2414 2411/4860/2423
f 2376/4861/2388 2389/4832/2401 2385/4831/2397
f 2364/4779/2376 2412/4862/2424 2363/4778/2375
f 2379/4799/2391 2413/4863/2425 2342/4741/2354
f 2355/4766/2367 2414/4864/2426 2359/4771/2371
f 2324/4865/2336 2415/4866/2427 2361/4867/2373
f 2342/4794/2354 2413/4868/2425 2369/4788/2381
f 2381/4843/2393 2416/4869/2428 2324/4704/2336
f 2371/4790/2383 2390/4821/2402 2405/4870/2417
f 2306/4671/2318 2322/4700/2334 2398/4840/2410
f 2357/4806/2369 2392/4824/2404 2417/4871/2429
f 2304/4667/2316 2410/4857/2422 2408/4855/2420
f 2388/4825/2400 2369/4788/2381 2418/4872/2430
f 2300/4748/2312 2387/4814/2399 2409/4873/2421
f 2277/4602/2289 1900/3862/1912 2419/4874/2431
f 2364/4779/2376 2411/4860/2423 2412/4862/2424
f 2324/4865/2336 2416/4875/2428 2415/4866/2427
f 2357/4806/2369 2417/4871/2429 2381/4807/2393
f 2308/4673/2320 2420/4876/2432 2394/4877/2406
f 2394/4838/2406 2420/4878/2432 2421/4879/2433
f 2394/4838/2406 2421/4879/2433 2391/4823/2403
f 2335/4726/2347 2372/4791/2384 2396/4829/2408
f 2404/4854/2416 2422/4880/2434 2393/4826/2405
f 2388/4819/2400 2423/4881/2435 2372/4791/2384
f 2390/4821/2402 2424/4882/2436 2405/4870/2417
f 2326/4707/2338 2397/4836/2409 2378/4798/2390
f 2363/4778/2375 2412/4862/2424 2401/4845/2413
f 2334/4776/2346 2425/4883/2437 2360/4772/2372
f 2308/4673/2320 2378/4798/2390 2420/4876/2432
f 1972/4027/1984 2277/4602/2289 2365/4781/2377
f 2241/4530/2253 2338/4884/2350 2426/4885/2438
f 2392/4824/2404 2401/4845/2413 2427/4886/2439
f 2355/4766/2367 2400/4842/2412 2428/4887/2440
f 2422/4880/2434 2390/4821/2402 2393/4826/2405
f 1900/3862/1912 2124/4310/2136 2419/4874/2431
f 2405/4850/2417 2411/4860/2423 2402/4846/2414
f 2381/4843/2393 2417/4888/2429 2416/4869/2428
f 2421/4889/2433 2429/4890/2441 2391/4891/2403
f 2427/4892/2439 2401/4893/2413 2430/4894/2442
f 2392/4824/2404 2427/4886/2439 2417/4871/2429
f 2388/4825/2400 2418/4872/2430 2423/4895/2435
f 2390/4821/2402 2431/4896/2443 2424/4882/2436
f 2422/4880/2434 2431/4896/2443 2390/4821/2402
f 1973/4028/1985 2432/4897/2444 2084/4239/2096
f 2378/4798/2390 2397/4836/2409 2433/4898/2445
f 2411/4860/2423 2434/4899/2446 2412/4862/2424
f 2404/4848/2416 2389/4820/2401 2435/4900/2447
f 2395/4901/2407 2436/4902/2448 2143/4342/2155
f 2389/4839/2401 2409/4856/2421 2437/4903/2449
f 2387/4814/2399 2437/4904/2449 2409/4873/2421
f 2383/4858/2395 2398/4840/2410 2438/4905/2450
f 2421/4879/2433 2420/4878/2432 2429/4906/2441
f 2410/4857/2422 2439/4907/2451 2408/4855/2420
f 2399/4908/2411 2440/4909/2452 2400/4910/2412
f 2387/4814/2399 2396/4829/2408 2441/4911/2453
f 2401/4845/2413 2412/4862/2424 2442/4912/2454
f 2369/4788/2381 2443/4913/2455 2418/4872/2430
f 2416/4875/2428 2444/4914/2456 2415/4866/2427
f 2379/4799/2391 2360/4772/2372 2445/4915/2457
f 2389/4820/2401 2437/4916/2449 2435/4900/2447
f 1937/3942/1949 2446/4917/2458 2036/4151/2048
f 2321/4696/2333 2380/4800/2392 2447/4918/2459
f 2321/4720/2333 2447/4919/2459 2332/4713/2344
f 2442/4912/2454 2412/4862/2424 2448/4920/2460
f 2211/4467/2223 2449/4921/2461 2152/4359/2164
f 2387/4814/2399 2441/4911/2453 2437/4904/2449
f 2400/4922/2412 2440/4923/2452 2428/4924/2440
f 2405/4850/2417 2424/4925/2436 2450/4926/2462
f 2361/4774/2373 2415/4927/2427 2410/4857/2422
f 2442/4928/2454 2430/4894/2442 2401/4893/2413
f 2355/4766/2367 2428/4887/2440 2414/4864/2426
f 2359/4771/2371 2414/4864/2426 2403/4847/2415
f 1997/4074/2009 2084/4239/2096 2451/4929/2463
f 2417/4888/2429 2427/4892/2439 2416/4869/2428
f 2412/4930/2424 2434/4931/2446 2448/4932/2460
f 2429/4906/2441 2406/4852/2418 2391/4823/2403
f 2226/4500/2238 2432/4897/2444 1973/4028/1985
f 2442/4912/2454 2448/4920/2460 2452/4933/2464
f 2427/4892/2439 2430/4894/2442 2416/4869/2428
f 2332/4713/2344 2447/4919/2459 2399/4859/2411
f 2123/4309/2135 2453/4934/2465 2252/4555/2264
f 2405/4850/2417 2454/4935/2466 2411/4860/2423
f 2322/4700/2334 2455/4936/2467 2398/4840/2410
f 2429/4906/2441 2420/4878/2432 2456/4937/2468
f 2429/4906/2441 2456/4937/2468 2457/4938/2469
f 2322/4700/2334 2406/4852/2418 2455/4936/2467
f 2114/4293/2126 2000/4080/2012 2386/4813/2398
f 2201/4453/2213 2090/4939/2102 2458/4940/2470
f 2420/4876/2432 2378/4798/2390 2456/4941/2468
f 2442/4912/2454 2452/4933/2464 2430/4942/2442
f 2360/4772/2372 2425/4883/2437 2459/4943/2471
f 2360/4772/2372 2459/4943/2471 2445/4915/2457
f 2422/4880/2434 2460/4944/2472 2431/4896/2443
f 2448/4920/2460 2461/4945/2473 2452/4933/2464
f 2437/4916/2449 2441/4946/2453 2435/4900/2447
f 2383/4947/2395 2462/4948/2474 2380/4949/2392
f 2434/4899/2446 2411/4860/2423 2463/4950/2475
f 2450/4926/2462 2454/4935/2466 2405/4850/2417
f 2415/4927/2427 2464/4951/2476 2410/4857/2422
f 2448/4920/2460 2434/4899/2446 2461/4945/2473
f 2372/4791/2384 2423/4881/2435 2396/4829/2408
f 2430/4894/2442 2452/4952/2464 2465/4953/2477
f 2430/4894/2442 2466/4954/2478 2416/4869/2428
f 2123/4309/2135 2201/4453/2213 2453/4934/2465
f 2379/4955/2391 2445/4956/2457 2413/4868/2425
f 2408/4957/2420 2439/4958/2451 2467/4959/2479
f 2061/4193/2073 2354/4765/2366 2368/4786/2380
f 2108/4282/2120 2468/4960/2480 2469/4961/2481
f 2435/4900/2447 2441/4946/2453 2470/4962/2482
f 2036/4151/2048 2446/4917/2458 2395/4828/2407
f 2411/4860/2423 2454/4935/2466 2471/4963/2483
f 2411/4964/2423 2472/4965/2484 2463/4966/2475
f 2173/4398/2185 2375/4795/2387 2362/4777/2374
f 2410/4857/2422 2464/4951/2476 2439/4907/2451
f 2403/4847/2415 2473/4967/2485 2334/4718/2346
f 2416/4869/2428 2474/4968/2486 2444/4969/2456
f 2424/4925/2436 2475/4970/2487 2450/4926/2462
f 2465/4953/2477 2452/4952/2464 2461/4971/2473
f 2396/4829/2408 2423/4881/2435 2476/4972/2488
f 2334/4718/2346 2473/4967/2485 2425/4973/2437
f 2404/4854/2416 2435/4974/2447 2422/4880/2434
f 2430/4894/2442 2465/4953/2477 2466/4954/2478
f 2457/4938/2469 2477/4975/2489 2429/4906/2441
f 2408/4957/2420 2467/4959/2479 2397/4836/2409
f 2416/4869/2428 2466/4954/2478 2474/4968/2486
f 2434/4899/2446 2463/4950/2475 2461/4945/2473
f 2411/4964/2423 2471/4976/2483 2472/4965/2484
f 2302/4665/2314 2338/4731/2350 2016/4457/2028
f 2456/4937/2468 2477/4975/2489 2457/4938/2469
f 2456/4937/2468 2478/4977/2490 2477/4975/2489
f 2428/4887/2440 2479/4978/2491 2414/4864/2426
f 2369/4788/2381 2413/4868/2425 2443/4913/2455
f 2429/4979/2441 2477/4980/2489 2480/4981/2492
f 2441/4911/2453 2396/4829/2408 2470/4982/2482
f 2463/4983/2475 2472/4984/2484 2461/4985/2473
f 2461/4971/2473 2472/4986/2484 2465/4953/2477
f 2470/4962/2482 2481/4987/2493 2435/4900/2447
f 2429/4906/2441 2480/4988/2492 2406/4852/2418
f 2397/4836/2409 2467/4959/2479 2482/4989/2494
f 2397/4836/2409 2482/4989/2494 2433/4898/2445
f 2422/4880/2434 2483/4990/2495 2460/4944/2472
f 2422/4880/2434 2435/4974/2447 2483/4990/2495
f 2383/4947/2395 2438/4991/2450 2462/4948/2474
f 2435/4900/2447 2481/4987/2493 2484/4992/2496
f 2471/4963/2483 2485/4993/2497 2472/4994/2484
f 2456/4937/2468 2486/4995/2498 2478/4977/2490
f 2444/4914/2456 2487/4996/2499 2415/4866/2427
f 2415/4866/2427 2487/4996/2499 2464/4997/2476
f 2399/4859/2411 2447/4919/2459 2488/4998/2500
f 2454/4935/2466 2450/4926/2462 2485/4993/2497
f 2474/4999/2486 2489/5000/2501 2444/4914/2456
f 2439/4907/2451 2464/4951/2476 2467/5001/2479
f 2456/4941/2468 2378/4798/2390 2486/5002/2498
f 2471/4963/2483 2454/4935/2466 2485/4993/2497
f 2399/2733/2411 2490/5003/2502 2440/5004/2452
f 2444/4914/2456 2491/5005/2503 2487/4996/2499
f 2435/4900/2447 2484/4992/2496 2483/5006/2495
f 2378/4798/2390 2433/4898/2445 2492/5007/2504
f 2424/4882/2436 2431/4896/2443 2475/5008/2487
f 2246/4541/2258 2407/4853/2419 2375/4795/2387
f 2423/4895/2435 2418/4872/2430 2493/5009/2505
f 2444/4914/2456 2489/5000/2501 2491/5005/2503
f 2485/5010/2497 2494/5011/2506 2472/4986/2484
f 2486/4995/2498 2495/5012/2507 2478/4977/2490
f 2472/4986/2484 2496/5013/2508 2465/4953/2477
f 2447/5014/2459 2380/4949/2392 2488/5015/2500
f 2472/4986/2484 2494/5011/2506 2496/5013/2508
f 2241/4530/2253 2497/5016/2509 2211/4467/2223
f 2466/4954/2478 2465/4953/2477 2496/5013/2508
f 2406/4852/2418 2480/4988/2492 2455/4936/2467
f 2399/4859/2411 2488/4998/2500 2490/5017/2502
f 2378/4798/2390 2492/5007/2504 2486/5002/2498
f 2403/4847/2415 2414/4864/2426 2473/4967/2485
f 2396/4829/2408 2476/4972/2488 2498/5018/2510
f 2466/5019/2478 2489/5000/2501 2474/4999/2486
f 2423/4881/2435 2499/5020/2511 2476/4972/2488
f 2433/4898/2445 2482/4989/2494 2492/5007/2504
f 2398/4840/2410 2455/4936/2467 2500/5021/2512
f 2486/5002/2498 2501/5022/2513 2495/5023/2507
f 2438/4905/2450 2398/4840/2410 2500/5021/2512
f 2450/4926/2462 2475/4970/2487 2502/5024/2514
f 2428/4924/2440 2440/4923/2452 2479/5025/2491
f 2475/4970/2487 2503/5026/2515 2502/5024/2514
f 2450/5027/2462 2502/5028/2514 2504/5029/2516
f 2445/4956/2457 2505/5030/2517 2413/4868/2425
f 2485/4993/2497 2450/4926/2462 2504/5031/2516
f 2470/4982/2482 2396/4829/2408 2498/5018/2510
f 2494/5011/2506 2506/5032/2518 2496/5013/2508
f 2470/4962/2482 2498/5033/2510 2481/4987/2493
f 2443/4913/2455 2507/5034/2519 2418/4872/2430
f 2493/5035/2505 2499/5020/2511 2423/4881/2435
f 2483/4990/2495 2508/5036/2520 2460/4944/2472
f 2226/4500/2238 2509/5037/2521 2432/4897/2444
f 2477/4975/2489 2478/4977/2490 2480/4988/2492
f 2485/5010/2497 2504/5029/2516 2494/5011/2506
f 2413/4868/2425 2507/5034/2519 2443/4913/2455
f 2494/5011/2506 2504/5029/2516 2502/5028/2514
f 2464/4997/2476 2487/4996/2499 2510/5038/2522
f 2455/4936/2467 2511/5039/2523 2500/5021/2512
f 2338/4731/2350 2302/4665/2314 2512/5040/2524
f 2114/4293/2126 2386/4813/2398 2513/5041/2525
f 2496/5013/2508 2506/5032/2518 2514/5042/2526
f 2486/5002/2498 2515/5043/2527 2501/5022/2513
f 2431/4896/2443 2516/5044/2528 2475/5008/2487
f 2475/4970/2487 2516/5045/2528 2503/5026/2515
f 2489/5000/2501 2517/5046/2529 2491/5005/2503
f 2494/5011/2506 2518/5047/2530 2506/5032/2518
f 2496/5013/2508 2519/5048/2531 2466/4954/2478
f 2418/4872/2430 2507/5034/2519 2520/5049/2532
f 2501/5050/2513 2521/5051/2533 2495/5052/2507
f 2486/5002/2498 2492/5007/2504 2515/5043/2527
f 2241/4530/2253 2426/4885/2438 2497/5016/2509
f 2440/4923/2452 2490/5053/2502 2479/5025/2491
f 2502/5028/2514 2503/5054/2515 2494/5011/2506
f 2514/5042/2526 2519/5048/2531 2496/5013/2508
f 2455/4936/2467 2522/5055/2534 2511/5039/2523
f 2515/5056/2527 2521/5051/2533 2501/5050/2513
f 2489/5000/2501 2523/5057/2535 2517/5046/2529
f 2467/4959/2479 2524/5058/2536 2482/4989/2494
f 2466/5019/2478 2525/5059/2537 2489/5000/2501
f 2494/5011/2506 2526/5060/2538 2527/5061/2539
f 2503/5054/2515 2526/5060/2538 2494/5011/2506
f 2498/5018/2510 2476/4972/2488 2528/5062/2540
f 2466/5019/2478 2519/5063/2531 2525/5059/2537
f 2418/4872/2430 2520/5049/2532 2493/5009/2505
f 2484/4992/2496 2529/5064/2541 2483/5006/2495
f 2413/4868/2425 2505/5030/2517 2507/5034/2519
f 2495/5065/2507 2521/5066/2533 2478/5067/2490
f 2491/5005/2503 2517/5046/2529 2487/4996/2499
f 2438/4991/2450 2500/5068/2512 2462/4948/2474
f 2414/4864/2426 2479/4978/2491 2530/5069/2542
f 2492/5007/2504 2531/5070/2543 2515/5043/2527
f 2414/4864/2426 2530/5069/2542 2473/4967/2485
f 2464/5071/2476 2510/5072/2522 2467/4959/2479
f 2366/4782/2378 2178/4406/2190 2532/5073/2544
f 2480/4988/2492 2533/5074/2545 2455/4936/2467
f 2489/5000/2501 2525/5059/2537 2523/5057/2535
f 2482/4989/2494 2524/5058/2536 2492/5007/2504
f 2518/5047/2530 2534/5075/2546 2506/5032/2518
f 2484/4992/2496 2535/5076/2547 2529/5064/2541
f 2492/5007/2504 2524/5058/2536 2531/5070/2543
f 2506/5032/2518 2534/5075/2546 2514/5042/2526
f 2494/5011/2506 2527/5061/2539 2518/5047/2530
f 2467/4959/2479 2510/5072/2522 2524/5058/2536
f 2460/4944/2472 2536/5077/2548 2431/4896/2443
f 2484/4992/2496 2481/4987/2493 2535/5076/2547
f 2515/4659/2527 2537/5078/2549 2521/5079/2533
f 2518/5047/2530 2527/5061/2539 2538/5080/2550
f 1783/3627/1795 2108/4282/2120 2469/4961/2481
f 2515/5043/2527 2531/5070/2543 2537/5081/2549
f 2143/4342/2155 2436/4902/2448 2226/4500/2238
f 2539/5082/2551 2490/5083/2552 2540/5084/2553
f 2445/4956/2457 2541/5085/2554 2505/5030/2517
f 2476/4972/2488 2542/5086/2555 2528/5062/2540
f 2503/5054/2515 2543/5087/2556 2526/5060/2538
f 2518/5047/2530 2538/5080/2550 2534/5075/2546
f 2425/4883/2437 2473/5088/2485 2459/4943/2471
f 2108/4282/2120 2252/4555/2264 2468/4960/2480
f 2478/4977/2490 2544/5089/2557 2480/4988/2492
f 2490/5053/2502 2545/5090/2558 2479/5025/2491
f 2500/5068/2512 2511/5091/2523 2462/4948/2474
f 2483/5006/2495 2529/5064/2541 2508/5092/2520
f 2526/5060/2538 2543/5087/2556 2546/5093/2559
f 2380/4949/2392 2462/4948/2474 2547/5094/2560
f 2090/4939/2102 2548/5095/2561 2458/4940/2470
f 2526/5096/2538 2546/5097/2559 2527/5098/2539
f 2503/5026/2515 2516/5045/2528 2543/5099/2556
f 2528/5062/2540 2542/5086/2555 2498/5018/2510
f 2521/5100/2533 2544/5101/2557 2478/5102/2490
f 2063/4197/2075 2377/4797/2389 2156/4365/2168
f 2480/4988/2492 2544/5089/2557 2533/5074/2545
f 2538/5080/2550 2549/5103/2562 2534/5075/2546
f 2124/4310/2136 2550/5104/2563 2419/4874/2431
f 2511/5091/2523 2551/5105/2564 2462/4948/2474
f 2521/5100/2533 2537/5106/2549 2544/5101/2557
f 2226/4500/2238 2436/4902/2448 2509/5037/2521
f 2517/5046/2529 2552/5107/2565 2487/4996/2499
f 2516/5044/2528 2546/5093/2559 2543/5087/2556
f 1783/3627/1795 2469/4961/2481 2356/4767/2368
f 2490/5108/2502 2553/5109/2566 2540/5110/2567
f 2490/5017/2502 2488/4998/2500 2553/5111/2566
f 2549/5103/2562 2554/5112/2568 2534/5075/2546
f 2455/4936/2467 2533/5074/2545 2522/5055/2534
f 2531/5070/2543 2555/5113/2569 2537/5081/2549
f 2380/4949/2392 2547/5094/2560 2488/5015/2500
f 2531/5070/2543 2524/5058/2536 2556/5114/2570
f 2431/4896/2443 2557/5115/2571 2516/5044/2528
f 2431/4896/2443 2536/5077/2548 2557/5115/2571
f 2487/4996/2499 2552/5107/2565 2510/5038/2522
f 2498/5033/2510 2542/5116/2555 2558/5117/2572
f 2534/5075/2546 2559/5118/2573 2514/5042/2526
f 2498/5033/2510 2558/5117/2572 2481/4987/2493
f 2114/5119/2126 2513/5120/2525 2560/5121/2574
f 2516/5044/2528 2561/5122/2575 2546/5093/2559
f 2507/5034/2519 2505/5030/2517 2562/5123/2576
f 2510/5072/2522 2552/5124/2565 2563/5125/2577
f 2527/5098/2539 2546/5097/2559 2561/5126/2575
f 2510/5072/2522 2563/5125/2577 2524/5058/2536
f 2525/5059/2537 2564/5127/2578 2523/5057/2535
f 2523/5057/2535 2564/5127/2578 2517/5046/2529
f 2288/4623/2300 2152/4359/2164 2565/5128/2579
f 2519/5063/2531 2514/5129/2526 2566/5130/2580
f 2519/5063/2531 2566/5130/2580 2525/5059/2537
f 2514/5129/2526 2559/5131/2573 2566/5130/2580
f 2557/5115/2571 2561/5122/2575 2516/5044/2528
f 2493/5035/2505 2567/5132/2581 2499/5020/2511
f 2114/4293/2126 2560/5133/2574 2216/4479/2228
f 2534/5075/2546 2554/5112/2568 2559/5118/2573
f 2505/5030/2517 2568/5134/2582 2562/5123/2576
f 2479/5025/2491 2545/5090/2558 2569/5135/2583
f 2508/5136/2520 2536/5137/2548 2460/5138/2472
f 2156/4365/2168 2377/4797/2389 2570/5139/2584
f 2561/5126/2575 2571/5140/2585 2527/5098/2539
f 2187/4431/2199 2362/4777/2374 2354/4765/2366
f 2531/5070/2543 2572/5141/2586 2555/5113/2569
f 2531/5142/2543 2556/5143/2570 2572/5144/2586
f 2524/5058/2536 2563/5125/2577 2556/5114/2570
f 2555/5145/2569 2572/5146/2586 2573/5147/2587
f 2517/5046/2529 2574/5148/2588 2552/5107/2565
f 2542/5116/2555 2575/5149/2589 2558/5117/2572
f 2505/5030/2517 2541/5085/2554 2568/5134/2582
f 2538/5080/2550 2576/5150/2590 2549/5103/2562
f 2557/5115/2571 2577/5151/2591 2571/5152/2585
f 2561/5122/2575 2557/5115/2571 2571/5152/2585
f 2536/5077/2548 2577/5151/2591 2557/5115/2571
f 2533/5074/2545 2544/5089/2557 2578/5153/2592
f 2522/5055/2534 2551/5154/2564 2511/5039/2523
f 2476/4972/2488 2499/5020/2511 2567/5132/2581
f 2493/5009/2505 2520/5049/2532 2567/5155/2581
f 2555/5156/2569 2573/5157/2587 2537/5158/2549
f 2481/4987/2493 2558/5117/2572 2535/5076/2547
f 2540/5110/2567 2553/5109/2566 2579/5159/2593
f 2537/5106/2549 2573/5160/2587 2544/5101/2557
f 2488/4998/2500 2580/5161/2594 2553/5111/2566
f 2556/2930/2570 2581/5162/2595 2572/5163/2586
f 2525/5059/2537 2566/5130/2580 2564/5127/2578
f 2479/5164/2491 2569/5165/2583 2582/5166/2596
f 2572/5146/2586 2581/5167/2595 2573/5147/2587
f 2536/5168/2548 2583/5169/2597 2577/5170/2591
f 2542/5171/2555 2476/5172/2488 2575/5173/2589
f 2556/5114/2570 2563/5125/2577 2584/5174/2598
f 2577/5151/2591 2583/5175/2597 2571/5152/2585
f 2154/4363/2166 2585/5176/2599 2086/4241/2098
f 2538/5177/2550 2527/5098/2539 2586/5178/2600
f 2552/5124/2565 2574/5179/2588 2563/5125/2577
f 2517/5046/2529 2564/5127/2578 2574/5148/2588
f 2527/5098/2539 2587/5180/2601 2586/5178/2600
f 2527/5098/2539 2571/5140/2585 2587/5180/2601
f 2551/5105/2564 2588/5181/2602 2462/4948/2474
f 2201/4453/2213 2458/4940/2470 2453/4934/2465
f 2445/4956/2457 2459/5182/2471 2541/5085/2554
f 2579/5159/2593 2553/5109/2566 2580/5183/2594
f 2476/4972/2488 2567/5132/2581 2589/5184/2603
f 2490/5053/2502 2540/5185/2567 2545/5090/2558
f 2522/5055/2534 2533/5074/2545 2590/5186/2604
f 2556/5187/2570 2591/5188/2605 2581/5189/2595
f 2592/5190/2606 2559/5131/2573 2554/5191/2568
f 2571/5152/2585 2583/5175/2597 2587/5192/2601
f 2564/5127/2578 2566/5130/2580 2593/5193/2607
f 2541/5085/2554 2459/5182/2471 2568/5134/2582
f 2090/4247/2102 2188/4432/2200 2548/5194/2561
f 2562/5123/2576 2594/5195/2608 2507/5034/2519
f 2588/5181/2602 2547/5094/2560 2462/4948/2474
f 2476/4972/2488 2589/5184/2603 2575/5196/2589
f 2522/5055/2534 2590/5186/2604 2595/5197/2609
f 2154/4363/2166 2596/5198/2610 2585/5176/2599
f 2522/5055/2534 2595/5197/2609 2551/5154/2564
f 2556/5187/2570 2584/5199/2598 2591/5188/2605
f 2479/4978/2491 2582/5200/2596 2530/5069/2542
f 2559/5131/2573 2597/5201/2611 2566/5130/2580
f 2563/5125/2577 2574/5179/2588 2598/5202/2612
f 2533/5074/2545 2578/5153/2592 2590/5186/2604
f 2584/5174/2598 2563/5125/2577 2598/5202/2612
f 2554/5191/2568 2599/5203/2613 2592/5190/2606
f 2154/4363/2166 2356/4767/2368 2596/5198/2610
f 2536/5168/2548 2600/5204/2614 2583/5169/2597
f 2338/4731/2350 2601/5205/2615 2426/5206/2438
f 2573/5147/2587 2581/5167/2595 2544/5207/2557
f 2581/5208/2595 2591/5209/2605 2544/5210/2557
f 2587/5180/2601 2600/5211/2614 2586/5178/2600
f 2354/5212/2366 2602/5213/2616 2368/5214/2380
f 2084/4239/2096 2432/4897/2444 2451/4929/2463
f 2597/5201/2611 2593/5193/2607 2566/5130/2580
f 2592/5190/2606 2603/5215/2617 2559/5131/2573
f 2530/5069/2542 2604/5216/2618 2473/4967/2485
f 2579/5159/2593 2580/5183/2594 2605/5217/2619
f 2579/5218/2593 2605/5219/2619 2606/5220/2620
f 2579/5218/2593 2606/5220/2620 2540/5185/2567
f 2507/5034/2519 2607/5221/2621 2520/5049/2532
f 2574/5148/2588 2564/5127/2578 2608/5222/2622
f 2558/5117/2572 2575/5149/2589 2609/5223/2623
f 2564/5127/2578 2610/5224/2624 2608/5222/2622
f 2583/5175/2597 2600/5225/2614 2587/5192/2601
f 2589/5184/2603 2609/5226/2623 2575/5196/2589
f 2549/5103/2562 2611/5227/2625 2554/5112/2568
f 2576/5150/2590 2612/5228/2626 2549/5103/2562
f 2551/5105/2564 2595/5229/2609 2613/5230/2627
f 2529/5064/2541 2614/5231/2628 2508/5092/2520
f 2559/5131/2573 2603/5215/2617 2597/5201/2611
f 2584/5232/2598 2598/5233/2612 2615/5234/2629
f 2488/5015/2500 2547/5094/2560 2616/5235/2630
f 2593/5193/2607 2610/5224/2624 2564/5127/2578
f 2574/5179/2588 2608/5236/2622 2598/5202/2612
f 2617/5237/2631 2618/5238/2632 2598/5233/2612
f 2507/5034/2519 2594/5195/2608 2607/5221/2621
f 2617/5239/2631 2598/5240/2612 2608/5241/2622
f 2558/5117/2572 2619/5242/2633 2535/5076/2547
f 2558/5117/2572 2609/5223/2623 2620/5243/2634
f 2584/5199/2598 2615/5244/2629 2591/5188/2605
f 2508/5245/2520 2621/5246/2635 2536/5247/2548
f 2598/5233/2612 2618/5238/2632 2615/5234/2629
f 2549/5103/2562 2612/5228/2626 2611/5227/2625
f 2551/5105/2564 2613/5230/2627 2588/5181/2602
f 2617/5237/2631 2608/5248/2622 2618/5238/2632
f 2568/5134/2582 2622/5249/2636 2562/5123/2576
f 2580/5183/2594 2623/5250/2637 2605/5217/2619
f 2535/5076/2547 2624/5251/2638 2529/5064/2541
f 2568/5252/2582 2459/5253/2471 2622/5254/2636
f 2544/5089/2557 2625/5255/2639 2578/5153/2592
f 2538/5177/2550 2586/5178/2600 2626/5256/2640
f 2591/5209/2605 2627/5257/2641 2544/5210/2557
f 2589/5184/2603 2628/5258/2642 2609/5226/2623
f 2536/5247/2548 2621/5246/2635 2600/5259/2614
f 2591/5209/2605 2615/5260/2629 2627/5257/2641
f 2600/5211/2614 2629/5261/2643 2586/5178/2600
f 2620/5243/2634 2609/5223/2623 2628/5262/2642
f 2615/5260/2629 2618/5263/2632 2627/5257/2641
f 2252/4555/2264 2630/5264/2644 2468/4960/2480
f 2469/4961/2481 2468/4960/2480 2631/5265/2645
f 2488/4998/2500 2616/5266/2630 2580/5161/2594
f 2580/5161/2594 2616/5266/2630 2623/5267/2637
f 2419/4874/2431 2550/5104/2563 2277/4602/2289
f 2608/5268/2622 2610/5269/2624 2632/5270/2646
f 2288/4623/2300 2633/5271/2647 2407/4853/2419
f 2377/4797/2389 2634/5272/2648 2570/5139/2584
f 2631/5265/2645 2635/5273/2649 2469/4961/2481
f 2605/5217/2619 2623/5250/2637 2636/5274/2650
f 2540/5185/2567 2606/5220/2620 2545/5090/2558
f 2578/5153/2592 2637/5275/2651 2590/5186/2604
f 2554/5191/2568 2611/5276/2625 2599/5203/2613
f 2544/5089/2557 2638/5277/2652 2625/5255/2639
f 2627/5257/2641 2638/5278/2652 2544/5210/2557
f 2576/5150/2590 2538/5080/2550 2639/5279/2653
f 2610/5269/2624 2593/5280/2607 2640/5281/2654
f 2608/5248/2622 2632/5282/2646 2618/5238/2632
f 2529/5064/2541 2624/5251/2638 2614/5231/2628
f 2593/5280/2607 2597/5283/2611 2641/5284/2655
f 2586/5178/2600 2642/5285/2656 2626/5256/2640
f 2593/5280/2607 2641/5284/2655 2640/5281/2654
f 2473/4967/2485 2604/5216/2618 2459/5286/2471
f 2622/5249/2636 2594/5195/2608 2562/5123/2576
f 2599/5203/2613 2611/5276/2625 2643/5287/2657
f 2618/5263/2632 2632/5270/2646 2627/5257/2641
f 2538/5080/2550 2626/5288/2640 2639/5279/2653
f 2639/5279/2653 2612/5228/2626 2576/5150/2590
f 2586/5178/2600 2629/5261/2643 2642/5285/2656
f 2603/5289/2617 2644/5290/2658 2641/5284/2655
f 2644/5290/2658 2603/5289/2617 2645/5291/2659
f 2645/5292/2659 2603/5293/2617 2646/5294/2660
f 2597/5201/2611 2603/5215/2617 2641/5295/2655
f 2365/4781/2377 2277/4602/2289 2647/5296/2661
f 2641/5284/2655 2644/5290/2658 2648/5297/2662
f 2629/5298/2643 2600/5259/2614 2621/5246/2635
f 2594/5299/2608 2622/5300/2636 2649/5301/2663
f 2645/5291/2659 2650/5302/2664 2644/5290/2658
f 2603/5215/2617 2592/5190/2606 2646/5303/2660
f 2640/5281/2654 2641/5284/2655 2648/5297/2662
f 2558/5117/2572 2620/5243/2634 2651/5304/2665
f 2558/5117/2572 2651/5304/2665 2619/5242/2633
f 2644/5290/2658 2650/5302/2664 2652/5305/2666
f 2567/5155/2581 2520/5049/2532 2653/5306/2667
f 2644/5290/2658 2652/5305/2666 2648/5297/2662
f 2366/4818/2378 2634/5272/2648 2377/4797/2389
f 2612/5228/2626 2654/5307/2668 2611/5227/2625
f 2632/5270/2646 2610/5269/2624 2627/5257/2641
f 2610/5308/2624 2640/5309/2654 2627/5310/2641
f 2628/5311/2642 2589/5312/2603 2620/5313/2634
f 2547/5094/2560 2588/5181/2602 2613/5230/2627
f 2592/5314/2606 2599/5315/2613 2646/5316/2660
f 2520/5049/2532 2607/5221/2621 2653/5306/2667
f 2648/5297/2662 2627/5257/2641 2640/5281/2654
f 2645/5291/2659 2655/5317/2669 2650/5302/2664
f 2508/5245/2520 2656/5318/2670 2621/5246/2635
f 2590/5186/2604 2637/5275/2651 2595/5197/2609
f 2599/5315/2613 2643/5319/2657 2646/5316/2660
f 2648/5297/2662 2657/5320/2671 2627/5257/2641
f 2643/5321/2657 2611/5322/2625 2658/5323/2672
f 2636/5324/2650 2659/5325/2673 2605/5219/2619
f 1997/4074/2009 2660/5326/2674 2124/4310/2136
f 2645/5327/2659 2643/5328/2657 2661/5329/2675
f 2648/5297/2662 2652/5305/2666 2662/5330/2676
f 2620/5243/2634 2663/5331/2677 2651/5304/2665
f 2616/5235/2630 2547/5094/2560 2664/5332/2678
f 2645/5333/2659 2646/5316/2660 2643/5319/2657
f 2620/5334/2634 2589/2656/2603 2663/5335/2677
f 2508/5245/2520 2614/5336/2628 2656/5318/2670
f 2627/5257/2641 2665/5337/2679 2638/5278/2652
f 2648/5297/2662 2662/5330/2676 2657/5320/2671
f 2582/5166/2596 2569/5165/2583 2666/5338/2680
f 2582/5200/2596 2666/5339/2680 2530/5069/2542
f 2178/4406/2190 2368/5214/2380 2602/5213/2616
f 2625/5255/2639 2667/5340/2681 2578/5153/2592
f 2578/5153/2592 2667/5340/2681 2637/5275/2651
f 2649/5301/2663 2668/5341/2682 2594/5299/2608
f 2611/5342/2625 2669/5343/2683 2658/5344/2672
f 2649/5345/2663 2622/5346/2636 2668/5347/2682
f 2623/5250/2637 2670/5348/2684 2636/5274/2650
f 2623/5250/2637 2671/5349/2685 2670/5348/2684
f 2636/5324/2650 2670/5350/2684 2659/5325/2673
f 2589/5351/2603 2567/5352/2581 2663/5353/2677
f 2638/5354/2652 2672/5355/2686 2625/5356/2639
f 2627/5257/2641 2657/5320/2671 2665/5337/2679
f 2645/5327/2659 2661/5329/2675 2673/5357/2687
f 2595/5229/2609 2674/5358/2688 2613/5230/2627
f 2659/5325/2673 2675/5359/2689 2605/5219/2619
f 2547/5094/2560 2613/5230/2627 2676/5360/2690
f 2216/5361/2228 2560/5121/2574 2382/5362/2394
f 2645/5291/2659 2673/5363/2687 2655/5317/2669
f 2655/5317/2669 2677/5364/2691 2650/5302/2664
f 2086/4241/2098 2585/5176/2599 2302/4665/2314
f 2623/5250/2637 2616/5235/2630 2671/5349/2685
f 2469/4961/2481 2635/5273/2649 2356/4767/2368
f 2595/5229/2609 2637/5365/2651 2674/5358/2688
f 2643/5321/2657 2658/5323/2672 2661/5366/2675
f 2677/5364/2691 2678/5367/2692 2650/5302/2664
f 2670/5348/2684 2679/5368/2693 2659/5369/2673
f 2530/5069/2542 2666/5339/2680 2604/5216/2618
f 2459/5253/2471 2680/5370/2694 2622/5254/2636
f 2611/5342/2625 2654/5371/2668 2669/5343/2683
f 2629/5298/2643 2621/5246/2635 2656/5318/2670
f 2629/5261/2643 2681/5372/2695 2642/5285/2656
f 2614/5336/2628 2682/5373/2696 2656/5318/2670
f 2662/5330/2676 2683/5374/2697 2657/5320/2671
f 1997/4074/2009 2451/4929/2463 2660/5326/2674
f 2661/5329/2675 2684/5375/2698 2673/5357/2687
f 2451/4929/2463 2432/4897/2444 2685/5376/2699
f 2665/5377/2679 2657/5378/2671 2686/5379/2700
f 2512/5040/2524 2302/4665/2314 2585/5176/2599
f 2670/5348/2684 2671/5349/2685 2679/5368/2693
f 2650/5302/2664 2678/5367/2692 2687/5380/2701
f 2661/5329/2675 2669/5381/2683 2684/5375/2698
f 2668/5347/2682 2622/5346/2636 2680/5382/2694
f 2662/5383/2676 2652/5384/2666 2688/5385/2702
f 2625/5255/2639 2672/5386/2686 2667/5340/2681
f 2605/5219/2619 2675/5359/2689 2606/5220/2620
f 2661/5366/2675 2658/5323/2672 2669/5387/2683
f 2535/5076/2547 2619/5242/2633 2624/5251/2638
f 2638/5354/2652 2665/5377/2679 2686/5379/2700
f 2669/5381/2683 2654/5388/2668 2684/5375/2698
f 2673/5363/2687 2689/5389/2703 2655/5317/2669
f 2662/5383/2676 2688/5385/2702 2683/5390/2697
f 2629/5261/2643 2656/5391/2670 2681/5372/2695
f 2650/5302/2664 2687/5380/2701 2652/5305/2666
f 2547/5094/2560 2676/5360/2690 2664/5332/2678
f 2606/5220/2620 2690/5392/2704 2545/5090/2558
f 2567/5393/2581 2691/5394/2705 2663/5395/2677
f 2288/4623/2300 2565/5128/2579 2633/5271/2647
f 2671/5349/2685 2692/5396/2706 2679/5368/2693
f 2606/5220/2620 2675/5359/2689 2690/5392/2704
f 2655/5317/2669 2689/5389/2703 2677/5364/2691
f 2453/4934/2465 2693/5397/2707 2630/5264/2644
f 2686/5379/2700 2672/5355/2686 2638/5354/2652
f 2426/5206/2438 2694/5398/2708 2497/5399/2509
f 2639/5279/2653 2626/5288/2640 2695/5400/2709
f 2659/5325/2673 2679/5401/2693 2675/5359/2689
f 2652/5384/2666 2696/5402/2710 2688/5385/2702
f 2152/4359/2164 2449/4921/2461 2565/5128/2579
f 2453/4934/2465 2630/5264/2644 2252/4555/2264
f 2692/5403/2706 2697/5404/2711 2679/5401/2693
f 2626/5288/2640 2698/5405/2712 2695/5400/2709
f 2684/5375/2698 2654/5388/2668 2673/5357/2687
f 2673/5357/2687 2654/5388/2668 2699/5406/2713
f 1937/3942/1949 2382/4808/2394 2446/4917/2458
f 2671/5349/2685 2616/5235/2630 2664/5332/2678
f 2692/5396/2706 2671/5349/2685 2700/5407/2714
f 2386/5408/2398 2701/5409/2715 2513/5120/2525
f 2663/5331/2677 2691/5410/2705 2651/5304/2665
f 2604/5411/2618 2666/5338/2680 2702/5412/2716
f 2651/5304/2665 2703/5413/2717 2619/5242/2633
f 2612/5228/2626 2639/5279/2653 2704/5414/2718
f 2613/5230/2627 2674/5358/2688 2676/5360/2690
f 2687/5415/2701 2696/5402/2710 2652/5384/2666
f 2671/5349/2685 2664/5332/2678 2700/5407/2714
f 2686/5379/2700 2657/5378/2671 2705/5416/2719
f 2619/5242/2633 2706/5417/2720 2624/5251/2638
f 2624/5251/2638 2707/5418/2721 2614/5231/2628
f 2657/5378/2671 2683/5390/2697 2705/5416/2719
f 2639/5279/2653 2695/5400/2709 2704/5414/2718
f 2676/5360/2690 2674/5358/2688 2664/5332/2678
f 2682/5419/2696 2614/5420/2628 2707/4288/2721
f 2692/5396/2706 2700/5407/2714 2697/5421/2711
f 2211/4467/2223 2497/5016/2509 2449/4921/2461
f 2569/5165/2583 2708/5422/2722 2666/5338/2680
f 2666/5338/2680 2708/5422/2722 2702/5412/2716
f 2612/5228/2626 2699/5423/2713 2654/5307/2668
f 2386/4813/2398 2156/4365/2168 2701/5424/2715
f 2673/5357/2687 2699/5406/2713 2709/5425/2723
f 2673/5357/2687 2709/5425/2723 2710/5426/2724
f 2681/5372/2695 2656/5391/2670 2711/5427/2725
f 2677/5428/2691 2712/5429/2726 2678/5430/2692
f 2626/5256/2640 2642/5285/2656 2698/5431/2712
f 2545/5090/2558 2690/5392/2704 2569/5135/2583
f 2689/5389/2703 2673/5363/2687 2710/5432/2724
f 2656/5318/2670 2682/5373/2696 2711/5433/2725
f 2677/5364/2691 2713/5434/2727 2712/5435/2726
f 2668/5341/2682 2714/5436/2728 2594/5299/2608
f 2683/5390/2697 2715/5437/2729 2705/5416/2719
f 2703/5413/2717 2716/5438/2730 2619/5242/2633
f 2651/5304/2665 2691/5410/2705 2703/5413/2717
f 2683/5390/2697 2688/5385/2702 2715/5437/2729
f 2674/5358/2688 2717/5439/2731 2664/5332/2678
f 2567/5393/2581 2653/5440/2667 2718/5441/2732
f 2637/5365/2651 2667/5442/2681 2719/5443/2733
f 2567/5393/2581 2718/5441/2732 2691/5394/2705
f 2678/5430/2692 2712/5429/2726 2687/5415/2701
f 2653/5306/2667 2607/5221/2621 2720/5444/2734
f 2407/4853/2419 2721/5445/2735 2375/4795/2387
f 2667/5446/2681 2672/5355/2686 2719/5447/2733
f 2362/4777/2374 2722/5448/2736 2354/4765/2366
f 2602/5213/2616 2532/5073/2544 2178/4406/2190
f 2569/5165/2583 2690/5449/2704 2708/5422/2722
f 2682/5373/2696 2723/5450/2737 2711/5433/2725
f 2604/5216/2618 2702/5451/2716 2459/5286/2471
f 2696/5402/2710 2724/5452/2738 2688/5385/2702
f 2686/5379/2700 2725/5453/2739 2672/5355/2686
f 2700/5407/2714 2726/5454/2740 2697/5421/2711
f 2124/4310/2136 2660/5326/2674 2550/5104/2563
f 2686/5379/2700 2705/5416/2719 2725/5453/2739
f 2687/5415/2701 2712/5429/2726 2696/5402/2710
f 2512/5040/2524 2585/5176/2599 2727/5455/2741
f 2713/5434/2727 2728/5456/2742 2712/5435/2726
f 2637/5365/2651 2719/5443/2733 2674/5358/2688
f 2668/5341/2682 2729/5457/2743 2714/5436/2728
f 2697/5404/2711 2675/5359/2689 2679/5401/2693
f 2718/5458/2732 2730/5459/2744 2691/5410/2705
f 2710/5426/2724 2709/5425/2723 2731/5460/2745
f 2710/5426/2724 2731/5460/2745 2732/5461/2746
f 2726/5462/2740 2700/5463/2714 2733/5464/2747
f 2700/5407/2714 2664/5332/2678 2733/5465/2747
f 2688/5385/2702 2724/5452/2738 2715/5437/2729
f 2612/5228/2626 2704/5414/2718 2734/5466/2748
f 2612/5228/2626 2734/5466/2748 2699/5423/2713
f 2696/5402/2710 2712/5429/2726 2724/5452/2738
f 2668/5347/2682 2680/5382/2694 2729/5467/2743
f 2607/5221/2621 2594/5195/2608 2735/5468/2749
f 2607/5221/2621 2735/5468/2749 2720/5444/2734
f 2691/5410/2705 2730/5459/2744 2703/5413/2717
f 2674/5358/2688 2719/5443/2733 2717/5439/2731
f 2726/5454/2740 2733/5465/2747 2736/5469/2750
f 2681/5372/2695 2711/5427/2725 2723/5470/2737
f 2672/5355/2686 2725/5453/2739 2737/5471/2751
f 2715/5437/2729 2724/5452/2738 2738/5472/2752
f 2689/5473/2703 2710/5426/2724 2739/5474/2753
f 2594/5195/2608 2714/5475/2728 2735/5468/2749
f 2705/5416/2719 2715/5437/2729 2725/5453/2739
f 2690/5392/2704 2675/5359/2689 2740/5476/2754
f 2689/5389/2703 2741/5477/2755 2713/5434/2727
f 2733/5465/2747 2664/5332/2678 2742/5478/2756
f 2726/5479/2740 2736/5480/2750 2675/5481/2689
f 2699/5423/2713 2734/5466/2748 2709/5482/2723
f 2407/4853/2419 2633/5271/2647 2721/5445/2735
f 2689/5389/2703 2713/5434/2727 2677/5364/2691
f 2707/5418/2721 2743/5483/2757 2682/5484/2696
f 2672/5355/2686 2737/5471/2751 2719/5447/2733
f 2726/5485/2740 2675/5359/2689 2697/5404/2711
f 2497/5016/2509 2744/5486/2758 2449/4921/2461
f 2733/5465/2747 2745/5487/2759 2736/5469/2750
f 2698/5431/2712 2642/5285/2656 2746/5488/2760
f 2459/5253/2471 2747/5489/2761 2680/5370/2694
f 2716/5438/2730 2706/5417/2720 2619/5242/2633
f 2729/5467/2743 2680/5382/2694 2747/5490/2761
f 2736/5491/2750 2745/5492/2759 2748/5493/2762
f 2689/5389/2703 2749/5494/2763 2741/5477/2755
f 2681/5372/2695 2723/5470/2737 2642/5285/2656
f 2709/5482/2723 2734/5466/2748 2731/5495/2745
f 2689/5389/2703 2739/5496/2753 2749/5494/2763
f 2532/5073/2544 2634/5497/2648 2366/4782/2378
f 2715/5437/2729 2750/5498/2764 2725/5453/2739
f 2710/5426/2724 2732/5461/2746 2751/5499/2765
f 2704/5414/2718 2731/5495/2745 2734/5466/2748
f 2725/5453/2739 2752/5500/2766 2737/5471/2751
f 2707/5418/2721 2624/5251/2638 2753/5501/2767
f 2708/5422/2722 2690/5449/2704 2754/5502/2768
f 2630/5264/2644 2755/5503/2769 2468/4960/2480
f 2624/5251/2638 2706/5417/2720 2753/5501/2767
f 2459/5286/2471 2702/5451/2716 2747/5504/2761
f 2724/5452/2738 2712/5429/2726 2756/5505/2770
f 2728/5506/2742 2756/5505/2770 2712/5429/2726
f 2730/5507/2744 2718/5508/2732 2757/5509/2771
f 2745/5492/2759 2758/5510/2772 2748/5493/2762
f 2703/5413/2717 2730/5459/2744 2759/5511/2773
f 2451/4929/2463 2685/5376/2699 2660/5326/2674
f 2725/5453/2739 2750/5498/2764 2752/5500/2766
f 2382/5362/2394 2560/5121/2574 2760/5512/2774
f 2739/5474/2753 2710/5426/2724 2751/5499/2765
f 2703/5513/2717 2759/5514/2773 2716/5515/2730
f 2664/5332/2678 2717/5439/2731 2742/5478/2756
f 2733/5465/2747 2742/5478/2756 2745/5487/2759
f 2724/5452/2738 2761/5516/2775 2738/5472/2752
f 2715/5437/2729 2738/5472/2752 2750/5498/2764
f 2642/5285/2656 2723/5470/2737 2746/5488/2760
f 2596/5198/2610 2356/4767/2368 2585/5176/2599
f 2745/5492/2759 2762/5517/2776 2758/5510/2772
f 2532/5073/2544 2763/5518/2777 2634/5497/2648
f 2745/5487/2759 2742/5478/2756 2762/5519/2776
f 2736/5491/2750 2748/5493/2762 2675/5359/2689
f 2512/5040/2524 2727/5455/2741 2338/4731/2350
f 2690/5449/2704 2740/5520/2754 2764/5521/2778
f 2690/5449/2704 2764/5521/2778 2754/5502/2768
f 2717/5439/2731 2719/5443/2733 2765/5522/2779
f 2717/5439/2731 2765/5522/2779 2742/5478/2756
f 2601/5205/2615 2694/5398/2708 2426/5206/2438
f 2724/5452/2738 2756/5505/2770 2761/5516/2775
f 2707/5418/2721 2753/5501/2767 2743/5483/2757
f 2694/5398/2708 2744/5523/2758 2497/5399/2509
f 2714/5436/2728 2729/5457/2743 2766/5524/2780
f 2739/5474/2753 2751/5499/2765 2767/5525/2781
f 2728/5506/2742 2768/5526/2782 2756/5505/2770
f 2769/5527/2783 2740/5476/2754 2675/5359/2689
f 2770/5528/2784 2729/5457/2743 2771/5529/2785
f 2728/5506/2742 2713/5530/2727 2772/5531/2786
f 2762/5519/2776 2742/5478/2756 2773/5532/2787
f 2719/5443/2733 2737/5533/2751 2765/5522/2779
f 2731/5460/2745 2774/5534/2788 2732/5461/2746
f 2723/5450/2737 2682/5373/2696 2775/5535/2789
f 2704/5414/2718 2776/5536/2790 2777/5537/2791
f 2739/5474/2753 2767/5525/2781 2749/5538/2763
f 2708/5422/2722 2754/5502/2768 2778/5539/2792
f 2737/5533/2751 2752/5540/2766 2765/5522/2779
f 2704/5414/2718 2777/5537/2791 2731/5495/2745
f 2647/5296/2661 2779/5541/2793 2365/4781/2377
f 2750/5498/2764 2780/5542/2794 2752/5500/2766
f 2758/5510/2772 2781/5543/2795 2748/5493/2762
f 2714/5436/2728 2766/5524/2780 2735/5544/2749
f 2758/5510/2772 2762/5517/2776 2782/5545/2796
f 2728/5506/2742 2772/5531/2786 2768/5526/2782
f 2702/5412/2716 2708/5422/2722 2778/5539/2792
f 2729/5546/2743 2747/5547/2761 2771/5548/2785
f 2770/5528/2784 2771/5529/2785 2783/5549/2797
f 2753/5501/2767 2706/5417/2720 2784/5550/2798
f 2750/5498/2764 2738/5472/2752 2780/5542/2794
f 2432/4897/2444 2509/5037/2521 2785/5551/2799
f 2716/5438/2730 2759/5511/2773 2757/5552/2771
f 2716/5553/2730 2757/5554/2771 2786/5555/2800
f 2787/5556/2801 2788/5557/2802 2789/5558/2803
f 2787/5556/2801 2790/5559/2804 2788/5557/2802
f 2713/5530/2727 2791/5560/2805 2772/5531/2786
f 2723/5450/2737 2775/5535/2789 2792/5561/2806
f 2731/5495/2745 2777/5537/2791 2774/5562/2788
f 2713/5530/2727 2741/5563/2755 2791/5560/2805
f 2759/5511/2773 2730/5459/2744 2757/5552/2771
f 2787/5564/2801 2793/5565/2807 2794/5566/2808
f 2698/5431/2712 2746/5488/2760 2795/5567/2809
f 2682/5568/2696 2743/5569/2757 2796/5570/2810
f 2682/5568/2696 2796/5570/2810 2775/5571/2789
f 2738/5572/2752 2797/5573/2811 2780/5574/2794
f 2751/5499/2765 2732/5461/2746 2798/5575/2812
f 2787/5564/2801 2799/5576/2813 2790/5577/2804
f 2738/5472/2752 2761/5516/2775 2797/5578/2811
f 2742/5478/2756 2765/5522/2779 2773/5532/2787
f 2749/5494/2763 2800/5579/2814 2741/5477/2755
f 2787/5564/2801 2794/5566/2808 2799/5576/2813
f 2787/5556/2801 2801/5580/2815 2793/5581/2807
f 2762/5582/2776 2802/5583/2816 2782/5584/2796
f 2768/5585/2782 2772/5586/2786 2803/5587/2817
f 2787/5556/2801 2789/5558/2803 2801/5580/2815
f 2768/5526/2782 2803/5588/2817 2804/5589/2818
f 2790/5559/2804 2805/5590/2819 2788/5557/2802
f 2762/5519/2776 2773/5532/2787 2802/5591/2816
f 2773/5532/2787 2806/5592/2820 2802/5591/2816
f 2761/5516/2775 2807/5593/2821 2797/5578/2811
f 2723/5470/2737 2808/5594/2822 2746/5488/2760
f 2752/5540/2766 2780/5574/2794 2765/5522/2779
f 2375/4795/2387 2722/5448/2736 2362/4777/2374
f 2768/5526/2782 2804/5589/2818 2756/5505/2770
f 2790/5577/2804 2799/5576/2813 2809/5595/2823
f 2748/5493/2762 2769/5527/2783 2675/5359/2689
f 2748/5493/2762 2781/5543/2795 2769/5527/2783
f 2797/5573/2811 2773/5532/2787 2780/5574/2794
f 2698/5431/2712 2795/5567/2809 2695/5596/2709
f 2758/5510/2772 2782/5545/2796 2781/5543/2795
f 2749/5538/2763 2767/5525/2781 2810/5597/2824
f 2761/5598/2775 2811/5599/2825 2793/5581/2807
f 2773/5532/2787 2765/5522/2779 2780/5574/2794
f 2793/5600/2807 2811/5601/2825 2794/5602/2808
f 2788/5557/2802 2812/5603/2826 2789/5558/2803
f 2749/5494/2763 2810/5604/2824 2800/5579/2814
f 2695/5596/2709 2795/5567/2809 2813/5605/2827
f 2761/5606/2775 2814/5607/2828 2811/5608/2825
f 2814/5609/2828 2761/5610/2775 2794/5611/2808
f 2773/5612/2787 2797/5613/2811 2815/5614/2829
f 2761/5598/2775 2793/5581/2807 2807/5615/2821
f 2741/5477/2755 2800/5579/2814 2816/5616/2830
f 2751/5499/2765 2817/5617/2831 2767/5525/2781
f 2729/5457/2743 2770/5528/2784 2766/5524/2780
f 2797/5578/2811 2807/5593/2821 2818/5618/2832
f 2794/5611/2808 2819/5619/2833 2799/5620/2813
f 2804/5621/2818 2803/5587/2817 2799/5620/2813
f 2790/5577/2804 2809/5595/2823 2820/5622/2834
f 2788/5557/2802 2805/5590/2819 2812/5603/2826
f 2756/5623/2770 2804/5621/2818 2819/5619/2833
f 2812/5603/2826 2821/5624/2835 2789/5558/2803
f 2740/5476/2754 2769/5527/2783 2764/5625/2778
f 2756/5623/2770 2794/5611/2808 2761/5610/2775
f 2756/5623/2770 2819/5619/2833 2794/5611/2808
f 2773/5612/2787 2815/5614/2829 2822/5626/2836
f 2805/5590/2819 2790/5559/2804 2823/5627/2837
f 2774/5628/2788 2777/5629/2791 2824/5630/2838
f 2814/5609/2828 2794/5611/2808 2811/5631/2825
f 2773/5532/2787 2822/5632/2836 2806/5592/2820
f 2156/5633/2168 2825/5634/2839 2701/5409/2715
f 2801/5580/2815 2789/5558/2803 2821/5624/2835
f 2816/5616/2830 2826/5635/2840 2741/5477/2755
f 2782/5545/2796 2802/5636/2816 2781/5543/2795
f 2338/4731/2350 2727/5455/2741 2601/5205/2615
f 2704/5414/2718 2695/5400/2709 2776/5536/2790
f 2801/5580/2815 2827/5637/2841 2793/5581/2807
f 2819/5619/2833 2804/5621/2818 2799/5620/2813
f 2821/5624/2835 2812/5603/2826 2828/5638/2842
f 2723/5470/2737 2792/5639/2806 2808/5594/2822
f 2809/5640/2823 2829/5641/2843 2820/5642/2834
f 2772/5586/2786 2809/5640/2823 2803/5587/2817
f 2799/5620/2813 2803/5587/2817 2809/5640/2823
f 2774/5534/2788 2824/5643/2838 2798/5575/2812
f 2774/5534/2788 2798/5575/2812 2732/5461/2746
f 2751/5499/2765 2798/5575/2812 2817/5617/2831
f 2753/5501/2767 2830/5644/2844 2743/5483/2757
f 2757/5645/2771 2718/5646/2732 2786/5647/2800
f 2741/5477/2755 2826/5635/2840 2791/5648/2805
f 2806/5649/2820 2781/5650/2795 2802/5651/2816
f 2776/5536/2790 2831/5652/2845 2777/5537/2791
f 2702/5412/2716 2778/5539/2792 2832/5653/2846
f 2702/5412/2716 2832/5653/2846 2747/5654/2761
f 2815/5655/2829 2818/5656/2832 2827/5637/2841
f 2716/5553/2730 2786/5555/2800 2833/5657/2847
f 2630/5264/2644 2693/5397/2707 2755/5503/2769
f 2818/5656/2832 2807/5615/2821 2827/5637/2841
f 2375/4795/2387 2834/5658/2848 2722/5448/2736
f 2807/5615/2821 2793/5581/2807 2827/5637/2841
f 2810/5659/2824 2835/5660/2849 2800/5661/2814
f 2790/5577/2804 2836/5662/2850 2823/5663/2837
f 2815/5655/2829 2827/5637/2841 2822/5664/2836
f 2653/5306/2667 2720/5444/2734 2837/5665/2851
f 2806/5649/2820 2822/5666/2836 2781/5650/2795
f 2801/5580/2815 2821/5624/2835 2838/5667/2852
f 2801/5580/2815 2838/5667/2852 2839/5668/2853
f 2790/5577/2804 2840/5669/2854 2836/5662/2850
f 2812/5603/2826 2805/5590/2819 2841/5670/2855
f 2767/5671/2781 2835/5660/2849 2810/5659/2824
f 2823/5663/2837 2836/5662/2850 2842/5672/2856
f 2791/5648/2805 2829/5641/2843 2772/5586/2786
f 2786/5555/2800 2843/5673/2857 2833/5657/2847
f 2790/5577/2804 2820/5622/2834 2840/5669/2854
f 2735/5544/2749 2766/5524/2780 2720/5674/2734
f 2831/5652/2845 2798/5675/2812 2777/5537/2791
f 2823/5627/2837 2841/5670/2855 2805/5590/2819
f 2743/5569/2757 2844/5676/2858 2796/5570/2810
f 2826/5635/2840 2840/5677/2854 2791/5648/2805
f 2602/5213/2616 2354/5212/2366 2722/5678/2736
f 2827/5637/2841 2845/5679/2859 2822/5664/2836
f 2777/5537/2791 2798/5675/2812 2824/5680/2838
f 2822/5664/2836 2845/5679/2859 2781/5681/2795
f 2800/5579/2814 2842/5682/2856 2816/5616/2830
f 2771/5529/2785 2846/5683/2860 2783/5549/2797
f 2718/5684/2732 2847/5685/2861 2786/5686/2800
f 2695/5400/2709 2813/5687/2827 2776/5536/2790
f 2772/5586/2786 2829/5641/2843 2809/5640/2823
f 2747/5547/2761 2848/5688/2862 2771/5548/2785
f 2550/5104/2563 2660/5326/2674 2849/5689/2863
f 2783/5690/2797 2850/5691/2864 2770/5692/2784
f 2801/5580/2815 2845/5679/2859 2827/5637/2841
f 2820/5642/2834 2791/5648/2805 2840/5677/2854
f 2653/5306/2667 2837/5665/2851 2718/5693/2732
f 2798/5575/2812 2851/5694/2865 2817/5617/2831
f 2791/5648/2805 2820/5642/2834 2829/5641/2843
f 2826/5635/2840 2816/5616/2830 2836/5695/2850
f 2826/5635/2840 2836/5695/2850 2840/5677/2854
f 2800/5661/2814 2835/5660/2849 2842/5696/2856
f 2770/5692/2784 2850/5691/2864 2766/5697/2780
f 2781/5543/2795 2852/5698/2866 2769/5527/2783
f 2754/5502/2768 2764/5521/2778 2853/5699/2867
f 2747/5654/2761 2832/5653/2846 2848/5700/2862
f 2754/5502/2768 2853/5699/2867 2778/5539/2792
f 2828/5701/2842 2854/5702/2868 2821/5703/2835
f 2468/4960/2480 2755/5503/2769 2631/5265/2645
f 2776/5536/2790 2855/5704/2869 2831/5652/2845
f 2775/5705/2789 2796/5706/2810 2792/5707/2806
f 2509/5037/2521 2436/4902/2448 2785/5551/2799
f 2801/5580/2815 2839/5668/2853 2845/5679/2859
f 2771/5529/2785 2848/5708/2862 2846/5683/2860
f 2356/4767/2368 2635/5273/2649 2856/5709/2870
f 2845/5679/2859 2857/5710/2871 2781/5681/2795
f 2858/5711/2872 2859/5712/2873 2846/5683/2860
f 2846/5683/2860 2859/5712/2873 2783/5549/2797
f 2706/5417/2720 2716/5438/2730 2860/5713/2874
f 2784/5550/2798 2706/5417/2720 2860/5713/2874
f 2786/5714/2800 2847/5715/2861 2843/5716/2857
f 2277/4602/2289 2861/5717/2875 2647/5296/2661
f 2841/5670/2855 2862/5718/2876 2812/5603/2826
f 2798/5719/2812 2831/5720/2845 2851/5721/2865
f 2836/5695/2850 2816/5616/2830 2842/5682/2856
f 2743/5569/2757 2830/5722/2844 2844/5676/2858
f 2812/5603/2826 2863/5723/2877 2828/5638/2842
f 2821/5703/2835 2864/5724/2878 2838/5725/2852
f 2513/5120/2525 2701/5409/2715 2865/5726/2879
f 2375/4795/2387 2721/5445/2735 2834/5658/2848
f 2746/5488/2760 2808/5594/2822 2795/5567/2809
f 2767/5727/2781 2817/5728/2831 2835/5729/2849
f 2783/5690/2797 2859/5730/2873 2850/5691/2864
f 2513/5120/2525 2865/5726/2879 2560/5121/2574
f 2817/5617/2831 2851/5694/2865 2866/5731/2880
f 2859/5730/2873 2867/5732/2881 2850/5691/2864
f 2792/5639/2806 2868/5733/2882 2808/5594/2822
f 2156/5633/2168 2570/5734/2584 2825/5634/2839
f 2831/5652/2845 2855/5704/2869 2851/5735/2865
f 2841/5670/2855 2823/5627/2837 2869/5736/2883
f 2718/5684/2732 2837/5737/2851 2847/5685/2861
f 2792/5738/2806 2796/5739/2810 2868/5740/2882
f 2795/5567/2809 2870/5741/2884 2813/5605/2827
f 2781/5543/2795 2857/5742/2871 2852/5698/2866
f 2776/5536/2790 2813/5687/2827 2871/5743/2885
f 2716/5553/2730 2833/5657/2847 2860/5744/2874
f 2812/5603/2826 2872/5745/2886 2863/5723/2877
f 2776/5536/2790 2871/5743/2885 2873/5746/2887
f 2813/5747/2827 2874/5748/2888 2871/5749/2885
f 2550/5104/2563 2849/5689/2863 2277/4602/2289
f 2837/5665/2851 2720/5444/2734 2875/5750/2889
f 2843/5716/2857 2847/5715/2861 2833/5751/2847
f 2859/5730/2873 2858/5752/2872 2867/5732/2881
f 2851/5735/2865 2855/5704/2869 2866/5753/2880
f 2839/5754/2853 2838/5725/2852 2876/5755/2890
f 2821/5703/2835 2854/5702/2868 2864/5724/2878
f 2795/5567/2809 2808/5594/2822 2877/5756/2891
f 2753/5501/2767 2784/5550/2798 2830/5644/2844
f 2382/5362/2394 2760/5512/2774 2446/5757/2458
f 2565/5128/2579 2449/4921/2461 2878/5758/2892
f 2828/5701/2842 2863/5759/2877 2854/5702/2868
f 2858/5760/2872 2846/5761/2860 2879/5762/2893
f 2817/5617/2831 2866/5731/2880 2880/5763/2894
f 2879/5764/2893 2846/5765/2860 2881/5766/2895
f 2852/5698/2866 2882/5767/2896 2769/5527/2783
f 2835/5768/2849 2817/5617/2831 2883/5769/2897
f 2817/5617/2831 2880/5763/2894 2883/5769/2897
f 2853/5699/2867 2884/5770/2898 2778/5539/2792
f 2842/5672/2856 2869/5771/2883 2823/5663/2837
f 2847/5772/2861 2885/5773/2899 2833/5657/2847
f 2858/5752/2872 2879/5774/2893 2867/5732/2881
f 2847/5685/2861 2837/5737/2851 2885/5775/2899
f 2720/5674/2734 2766/5524/2780 2875/5776/2889
f 2846/5777/2860 2848/5778/2862 2881/5779/2895
f 2838/5725/2852 2864/5724/2878 2876/5755/2890
f 2852/5698/2866 2857/5742/2871 2886/5780/2900
f 2855/5704/2869 2776/5536/2790 2873/5746/2887
f 2855/5781/2869 2873/5782/2887 2866/5783/2880
f 2870/5741/2884 2874/5784/2888 2813/5605/2827
f 2845/5785/2859 2887/5786/2901 2857/5787/2871
f 2845/5788/2859 2839/5754/2853 2888/5789/2902
f 2769/5527/2783 2882/5767/2896 2764/5625/2778
f 2812/5603/2826 2862/5718/2876 2872/5745/2886
f 2879/5764/2893 2881/5766/2895 2889/5790/2903
f 2869/5736/2883 2890/5791/2904 2841/5670/2855
f 2853/5699/2867 2764/5521/2778 2891/5792/2905
f 2842/5672/2856 2892/5793/2906 2869/5771/2883
f 2889/5794/2903 2867/5732/2881 2879/5774/2893
f 2872/5795/2886 2893/5796/2907 2863/5759/2877
f 2868/5733/2882 2796/5797/2810 2894/5798/2908
f 2778/5539/2792 2884/5770/2898 2832/5653/2846
f 2857/5799/2871 2887/5800/2901 2886/5801/2900
f 2853/5699/2867 2891/5792/2905 2884/5770/2898
f 2833/5657/2847 2885/5773/2899 2895/5802/2909
f 2841/5670/2855 2890/5791/2904 2862/5718/2876
f 2863/5759/2877 2893/5796/2907 2854/5702/2868
f 2889/5790/2903 2881/5766/2895 2896/5803/2910
f 2889/5794/2903 2896/5804/2910 2897/5805/2911
f 2873/5746/2887 2871/5743/2885 2898/5806/2912
f 2867/5732/2881 2889/5794/2903 2897/5805/2911
f 2872/5795/2886 2899/5807/2913 2893/5796/2907
f 2835/5808/2849 2892/4481/2906 2842/5809/2856
f 2865/5726/2879 2760/5512/2774 2560/5121/2574
f 2862/5718/2876 2899/5810/2913 2872/5745/2886
f 2808/5594/2822 2868/5733/2882 2900/5811/2914
f 2766/5524/2780 2901/5812/2915 2875/5776/2889
f 2850/5813/2864 2901/5812/2915 2766/5524/2780
f 2631/5265/2645 2902/5814/2916 2635/5273/2649
f 2835/5768/2849 2883/5769/2897 2892/5793/2906
f 2795/5567/2809 2877/5756/2891 2870/5741/2884
f 2356/4767/2368 2903/5815/2917 2585/5176/2599
f 2839/5754/2853 2904/5816/2918 2888/5789/2902
f 2854/5702/2868 2893/5796/2907 2905/5817/2919
f 2896/5803/2910 2881/5766/2895 2906/5818/2920
f 2839/5754/2853 2876/5755/2890 2904/5816/2918
f 2896/5804/2910 2906/5819/2920 2897/5805/2911
f 2570/5734/2584 2634/5497/2648 2825/5634/2839
f 2866/5731/2880 2873/5820/2887 2898/5821/2912
f 2885/5822/2899 2907/5823/2921 2895/5824/2909
f 2845/5788/2859 2888/5789/2902 2887/5825/2901
f 2764/5521/2778 2882/5826/2896 2891/5792/2905
f 2796/5570/2810 2844/5676/2858 2894/5827/2908
f 2862/5718/2876 2908/5828/2922 2899/5810/2913
f 2188/4432/2200 2909/5829/2923 2548/5194/2561
f 2432/4897/2444 2785/5551/2799 2685/5376/2699
f 2862/5718/2876 2890/5791/2904 2910/5830/2924
f 2862/5718/2876 2910/5830/2924 2908/5828/2922
f 2905/5817/2919 2911/5831/2925 2854/5702/2868
f 2860/5713/2874 2912/5832/2926 2784/5550/2798
f 2864/5724/2878 2854/5702/2868 2911/5831/2925
f 2876/5755/2890 2864/5724/2878 2911/5831/2925
f 2866/5731/2880 2898/5821/2912 2880/5763/2894
f 2721/5445/2735 2633/5271/2647 2834/5658/2848
f 2881/5766/2895 2913/5833/2927 2906/5818/2920
f 2906/5818/2920 2913/5833/2927 2897/5834/2911
f 2784/5550/2798 2914/5835/2928 2830/5644/2844
f 2852/5698/2866 2915/5836/2929 2882/5767/2896
f 2876/5755/2890 2916/5837/2930 2904/5816/2918
f 2887/5838/2901 2917/5839/2931 2886/5840/2900
f 2848/5778/2862 2918/5841/2932 2881/5779/2895
f 2905/5817/2919 2893/5796/2907 2919/5842/2933
f 2886/5780/2900 2915/5836/2929 2852/5698/2866
f 2876/5755/2890 2911/5831/2925 2916/5837/2930
f 2833/5657/2847 2912/5843/2926 2860/5744/2874
f 2784/5550/2798 2912/5832/2926 2920/5844/2934
f 2888/5789/2902 2904/5816/2918 2921/5845/2935
f 2436/5846/2448 2395/5847/2407 2922/5848/2936
f 2882/5826/2896 2923/5849/2937 2891/5792/2905
f 2892/5793/2906 2924/5850/2938 2869/5771/2883
f 2892/5793/2906 2883/5769/2897 2924/5850/2938
f 2832/5653/2846 2884/5770/2898 2848/5700/2862
f 2886/5840/2900 2917/5839/2931 2925/5851/2939
f 2886/5852/2900 2925/5853/2939 2915/5854/2929
f 2893/5796/2907 2926/5855/2940 2919/5842/2933
f 2901/5812/2915 2850/5813/2864 2927/5856/2941
f 2880/5763/2894 2928/5857/2942 2929/5858/2943
f 2880/5763/2894 2929/5858/2943 2883/5769/2897
f 2808/5594/2822 2900/5811/2914 2930/5859/2944
f 2893/5796/2907 2931/5860/2945 2926/5855/2940
f 2833/5657/2847 2932/5861/2946 2912/5843/2926
f 2869/5771/2883 2924/5850/2938 2933/5862/2947
f 2888/5789/2902 2921/5845/2935 2887/5825/2901
f 2868/5733/2882 2894/5798/2908 2900/5811/2914
f 2899/5807/2913 2931/5860/2945 2893/5796/2907
f 2837/5665/2851 2875/5750/2889 2934/5863/2948
f 2935/5864/2949 2897/5805/2911 2913/5865/2927
f 2356/4767/2368 2856/5709/2870 2903/5815/2917
f 2935/5866/2949 2913/5833/2927 2918/5867/2932
f 2904/5816/2918 2916/5837/2930 2921/5845/2935
f 2880/5763/2894 2898/5821/2912 2928/5857/2942
f 2899/5807/2913 2908/5868/2922 2936/5869/2950
f 2915/5870/2929 2923/5849/2937 2882/5826/2896
f 2891/5792/2905 2937/5871/2951 2884/5770/2898
f 2850/5813/2864 2867/5872/2881 2927/5856/2941
f 2905/5817/2919 2938/5873/2952 2911/5831/2925
f 2905/5817/2919 2919/5842/2933 2939/5874/2953
f 2913/5833/2927 2881/5766/2895 2918/5867/2932
f 2833/5657/2847 2895/5802/2909 2932/5861/2946
f 2905/5817/2919 2939/5874/2953 2938/5873/2952
f 2887/5825/2901 2921/5845/2935 2940/5875/2954
f 2763/5518/2777 2941/5876/2955 2634/5497/2648
f 2895/5802/2909 2942/5877/2956 2932/5861/2946
f 2901/5812/2915 2943/5878/2957 2875/5776/2889
f 2944/5879/2958 2945/5880/2959 2946/5881/2960
f 2871/5749/2885 2874/5748/2888 2947/5882/2961
f 2869/5736/2883 2948/5883/2962 2890/5791/2904
f 2949/5884/2963 2449/4921/2461 2744/5486/2758
f 2899/5807/2913 2936/5869/2950 2931/5860/2945
f 2945/5880/2959 2950/5885/2964 2946/5881/2960
f 2895/5824/2909 2907/5823/2921 2942/5886/2956
f 2458/4940/2470 2548/5095/2561 2951/5887/2965
f 2926/5855/2940 2931/5860/2945 2952/5888/2966
f 2848/5700/2862 2937/5871/2951 2918/5867/2932
f 2869/5771/2883 2933/5862/2947 2953/5889/2967
f 2871/5743/2885 2947/5890/2961 2898/5806/2912
f 2935/5866/2949 2918/5867/2932 2954/5891/2968
f 2874/5784/2888 2870/5741/2884 2955/5892/2969
f 2869/5736/2883 2953/5893/2967 2948/5883/2962
f 2938/5894/2952 2939/5895/2953 2956/5896/2970
f 2848/5700/2862 2884/5770/2898 2937/5871/2951
f 2950/5885/2964 2957/5897/2971 2946/5881/2960
f 2945/5880/2959 2958/5898/2972 2959/5899/2973
f 2944/5879/2958 2960/5900/2974 2961/5901/2975
f 2601/5205/2615 2727/5455/2741 2962/5902/2976
f 2891/5792/2905 2923/5849/2937 2937/5871/2951
f 2453/4934/2465 2458/4940/2470 2693/5397/2707
f 2944/5879/2958 2946/5881/2960 2963/5903/2977
f 2887/5825/2901 2940/5875/2954 2917/5904/2931
f 2837/5737/2851 2934/5905/2948 2885/5775/2899
f 2944/5879/2958 2961/5901/2975 2945/5880/2959
f 2901/5812/2915 2927/5856/2941 2943/5878/2957
f 2784/5550/2798 2920/5844/2934 2914/5835/2928
f 2944/5879/2958 2963/5903/2977 2964/5906/2978
f 2944/5879/2958 2964/5906/2978 2960/5900/2974
f 2911/5831/2925 2938/5873/2952 2965/5907/2979
f 2907/5908/2921 2966/5909/2980 2942/5877/2956
f 2907/5908/2921 2967/5910/2981 2966/5909/2980
f 2957/5897/2971 2950/5885/2964 2968/5911/2982
f 2918/5867/2932 2969/5912/2983 2954/5891/2968
f 2946/5881/2960 2957/5897/2971 2970/5913/2984
f 2929/5858/2943 2924/5850/2938 2883/5769/2897
f 2844/5914/2858 2830/5915/2844 2971/5916/2985
f 2961/5917/2975 2972/5918/2986 2945/5919/2959
f 2844/5920/2858 2900/5921/2914 2894/5922/2908
f 2945/5919/2959 2972/5918/2986 2958/5923/2972
f 2945/5880/2959 2973/5924/2987 2950/5885/2964
f 2830/5925/2844 2914/5926/2928 2971/5927/2985
f 2915/5870/2929 2974/5928/2988 2923/5849/2937
f 2918/5867/2932 2937/5871/2951 2969/5912/2983
f 2934/5863/2948 2875/5750/2889 2975/5929/2989
f 2911/5831/2925 2965/5907/2979 2976/5930/2990
f 2956/5896/2970 2939/5895/2953 2960/5900/2974
f 2919/5931/2933 2960/5900/2974 2939/5895/2953
f 2933/5862/2947 2977/5932/2991 2953/5889/2967
f 2921/5845/2935 2916/5837/2930 2978/5933/2992
f 2946/5881/2960 2970/5913/2984 2963/5903/2977
f 2959/5899/2973 2979/5934/2993 2945/5880/2959
f 2926/5935/2940 2961/5901/2975 2919/5931/2933
f 2921/5845/2935 2978/5933/2992 2940/5875/2954
f 2973/5924/2987 2945/5880/2959 2979/5934/2993
f 2969/5912/2983 2980/5936/2994 2954/5891/2968
f 2952/5937/2966 2931/5938/2945 2958/5939/2972
f 2942/5877/2956 2966/5909/2980 2932/5861/2946
f 2694/5398/2708 2601/5205/2615 2962/5902/2976
f 2926/5855/2940 2952/5888/2966 2961/5940/2975
f 2808/5594/2822 2930/5859/2944 2877/5756/2891
f 2919/5931/2933 2961/5901/2975 2960/5900/2974
f 2885/5775/2899 2934/5905/2948 2907/5941/2921
f 2980/5936/2994 2969/5912/2983 2981/5942/2995
f 2907/5941/2921 2934/5905/2948 2967/5943/2981
f 2911/5831/2925 2976/5930/2990 2916/5837/2930
f 2915/5870/2929 2925/5944/2939 2974/5928/2988
f 2844/5945/2858 2971/5946/2985 2900/5947/2914
f 2973/5924/2987 2982/5948/2996 2950/5885/2964
f 2937/5871/2951 2923/5849/2937 2983/5949/2997
f 2954/5950/2968 2984/5951/2998 2935/5864/2949
f 2956/5952/2970 2960/5953/2974 2964/5954/2978
f 2965/5907/2979 2985/5955/2999 2976/5930/2990
f 2979/5934/2993 2986/5956/3000 2973/5924/2987
f 2950/5885/2964 2982/5948/2996 2968/5911/2982
f 2875/5776/2889 2943/5878/2957 2975/5957/2989
f 2874/5958/2888 2987/5959/3001 2947/5960/2961
f 2938/5961/2952 2956/5952/2970 2964/5954/2978
f 2965/5907/2979 2938/5873/2952 2985/5955/2999
f 2959/5962/2973 2936/5963/2950 2988/5964/3002
f 2959/5962/2973 2958/5965/2972 2936/5963/2950
f 2898/5821/2912 2947/5966/2961 2928/5857/2942
f 2933/5862/2947 2924/5850/2938 2989/5967/3003
f 2933/5862/2947 2989/5967/3003 2977/5932/2991
f 2952/5937/2966 2958/5939/2972 2972/5968/2986
f 2957/5897/2971 2990/5969/3004 2970/5913/2984
f 2917/5904/2931 2940/5875/2954 2925/5970/2939
f 2952/5937/2966 2972/5968/2986 2961/5971/2975
f 2981/5942/2995 2954/5891/2968 2980/5936/2994
f 2969/5912/2983 2991/5972/3005 2981/5942/2995
f 2957/5897/2971 2968/5911/2982 2990/5969/3004
f 2970/5913/2984 2992/5973/3006 2963/5903/2977
f 2897/5805/2911 2984/5951/2998 2867/5732/2881
f 2935/5864/2949 2984/5951/2998 2897/5805/2911
f 2916/5837/2930 2976/5930/2990 2993/5974/3007
f 2923/5849/2937 2974/5928/2988 2983/5949/2997
f 2936/5975/2950 2958/5939/2972 2931/5938/2945
f 2976/2484/2990 2994/5976/3008 2993/5977/3007
f 2929/5858/2943 2928/5857/2942 2947/5966/2961
f 2867/5872/2881 2995/5978/3009 2927/5856/2941
f 2964/5906/2978 2963/5903/2977 2938/5894/2952
f 2976/5979/2990 2996/5980/3010 2997/5981/3011
f 2631/5265/2645 2755/5503/2769 2902/5814/2916
f 2970/5913/2984 2998/5982/3012 2992/5973/3006
f 2970/5913/2984 2990/5969/3004 2999/5983/3013
f 2979/5984/2993 2959/5962/2973 3000/5985/3014
f 2976/5986/2990 2997/5987/3011 2994/5988/3008
f 2976/5989/2990 2985/5990/2999 2996/5991/3010
f 2970/5913/2984 2999/5983/3013 2998/5982/3012
f 2987/5992/3001 2874/5993/2888 3001/5994/3015
f 2938/5894/2952 2963/5903/2977 2985/5990/2999
f 2930/5995/2944 2900/5996/2914 3002/5997/3016
f 2900/5996/2914 3003/5998/3017 3002/5997/3016
f 2966/5909/2980 2967/5910/2981 3004/5999/3018
f 2930/5859/2944 3005/6000/3019 2877/5756/2891
f 2936/6001/2950 2908/6002/2922 2988/6003/3002
f 2940/6004/2954 2974/5928/2988 2925/5944/2939
f 3006/6005/3020 3007/6006/3021 2991/6007/3005
f 2916/5837/2930 2993/5974/3007 2978/5933/2992
f 2953/5889/2967 2977/5932/2991 3008/6008/3022
f 2902/5814/2916 2856/5709/2870 2635/5273/2649
f 2908/6009/2922 3009/6010/3023 2988/6011/3002
f 2890/6012/2904 3010/6013/3024 2910/6014/2924
f 2991/5972/3005 3007/6015/3021 2981/5942/2995
f 2988/5964/3002 3011/6016/3025 2959/5962/2973
f 2870/5741/2884 2877/5756/2891 3012/6017/3026
f 2870/5741/2884 3012/6017/3026 2955/5892/2969
f 2985/5990/2999 2963/5903/2977 2996/5991/3010
f 2948/6018/2962 3013/6019/3027 2890/6012/2904
f 2993/6020/3007 3014/6021/3028 3015/6022/3029
f 2937/5871/2951 2983/5949/2997 2969/5912/2983
f 2912/5843/2926 3016/6023/3030 2920/6024/2934
f 2982/5948/2996 3017/6025/3031 2968/5911/2982
f 3018/6026/3032 3019/6027/3033 3006/6005/3020
f 2993/6020/3007 2994/5988/3008 3014/6021/3028
f 2867/5732/2881 2984/5951/2998 2995/6028/3009
f 3006/6005/3020 3019/6027/3033 3007/6006/3021
f 3018/6026/3032 3020/6029/3034 3019/6027/3033
f 3018/6030/3032 3006/6031/3020 3021/6032/3035
f 3018/6026/3032 3015/2848/3029 3020/6029/3034
f 2954/5950/2968 2981/6033/2995 2984/5951/2998
f 2991/5972/3005 2969/5912/2983 3021/6032/3035
f 3022/6034/3036 2963/5903/2977 2992/5973/3006
f 2991/5972/3005 3021/6032/3035 3006/6031/3020
f 2365/4781/2377 2779/5541/2793 3023/6035/3037
f 2969/5912/2983 2983/5949/2997 3021/6032/3035
f 2940/6004/2954 2978/6036/2992 3021/6032/3035
f 2940/6004/2954 3021/6032/3035 2974/5928/2988
f 2994/5988/3008 2997/5987/3011 3014/6021/3028
f 3015/6037/3029 3018/6030/3032 3021/6032/3035
f 2532/5073/2544 2602/5213/2616 3024/6038/3038
f 2908/6039/2922 2910/6040/2924 3009/6041/3023
f 3015/6022/3029 3014/6021/3028 3025/6042/3039
f 2993/6043/3007 3015/6037/3029 3021/6032/3035
f 2996/5991/3010 2963/5903/2977 3022/6034/3036
f 2996/5991/3010 3022/6034/3036 2997/6044/3011
f 2968/6045/2982 3017/6046/3031 3026/6047/3040
f 2978/6036/2992 2993/6043/3007 3021/6032/3035
f 2927/5856/2941 2995/5978/3009 3027/6048/3041
f 2968/6045/2982 3026/6047/3040 2990/6049/3004
f 2986/5956/3000 2979/5934/2993 3028/6050/3042
f 2979/5984/2993 3000/5985/3014 3028/6051/3042
f 2983/5949/2997 2974/5928/2988 3021/6032/3035
f 2959/5962/2973 3011/6016/3025 3000/5985/3014
f 2953/5889/2967 3008/6008/3022 2948/6052/2962
f 2934/6053/2948 2975/5957/2989 3029/6054/3043
f 2934/5905/2948 3029/6055/3043 2967/5943/2981
f 2912/5843/2926 2932/5861/2946 3016/6023/3030
f 2927/5856/2941 3027/6048/3041 2943/5878/2957
f 2365/4781/2377 3023/6035/3037 2188/4432/2200
f 3004/5999/3018 2967/5910/2981 3030/6056/3044
f 2973/5924/2987 3031/6057/3045 2982/5948/2996
f 2900/6058/2914 2971/6059/2985 3003/6060/3017
f 2647/5296/2661 2861/5717/2875 2779/5541/2793
f 2955/6061/2969 3001/5994/3015 2874/5993/2888
f 2602/5213/2616 2722/5678/2736 3032/6062/3046
f 3007/6063/3021 3033/6064/3047 2981/6033/2995
f 2997/6044/3011 3022/6034/3036 3014/6065/3028
f 2948/6018/2962 3008/6066/3022 3013/6019/3027
f 2982/5948/2996 3034/6067/3048 3017/6025/3031
f 3015/6068/3029 3025/6069/3039 3020/6070/3034
f 2973/5924/2987 2986/5956/3000 3031/6057/3045
f 2634/5497/2648 2941/5876/2955 3035/6071/3049
f 3020/6072/3034 3033/6064/3047 3019/6073/3033
f 2532/5073/2544 3024/6038/3038 2763/5518/2777
f 3004/6074/3018 3036/6075/3050 2966/6076/2980
f 2988/6077/3002 3009/6078/3023 3011/6079/3025
f 3030/6080/3044 3036/6081/3050 3004/6082/3018
f 2982/5948/2996 3031/6057/3045 3034/6067/3048
f 2834/5658/2848 2633/5271/2647 3037/6083/3051
f 2981/6033/2995 3033/6064/3047 3038/6084/3052
f 2890/6012/2904 3013/6019/3027 3010/6013/3024
f 2990/6049/3004 3026/6047/3040 2999/6085/3013
f 3037/6083/3051 2565/5128/2579 2878/5758/2892
f 3009/6078/3023 3039/6086/3053 3011/6079/3025
f 3009/6087/3023 2910/6088/2924 3039/6089/3053
f 2947/5966/2961 2987/6090/3001 2929/5858/2943
f 2981/6033/2995 3038/6084/3052 2984/5951/2998
f 2929/5858/2943 3040/6091/3054 2924/5850/2938
f 2989/5967/3003 2924/5850/2938 3040/6091/3054
f 3014/6065/3028 3041/6092/3055 3025/6093/3039
f 2943/5878/2957 3042/6094/3056 2975/5957/2989
f 3030/6056/3044 2967/5910/2981 3043/6095/3057
f 3030/6056/3044 3043/6095/3057 3044/6096/3058
f 3022/6034/3036 2992/5973/3006 3045/6097/3059
f 3020/6072/3034 3046/6098/3060 3033/6064/3047
f 2977/5932/2991 2989/5967/3003 3047/6099/3061
f 3019/6073/3033 3033/6064/3047 3007/6063/3021
f 3020/6100/3034 3025/6101/3039 3046/6102/3060
f 3003/5998/3017 3048/6103/3062 3002/5997/3016
f 3002/5997/3016 3005/6104/3019 2930/5995/2944
f 3030/6080/3044 3044/6105/3058 3036/6081/3050
f 3014/6065/3028 3022/6034/3036 3041/6092/3055
f 2999/6085/3013 3049/6106/3063 2998/6107/3012
f 3026/6047/3040 3049/6106/3063 2999/6085/3013
f 2633/5271/2647 2565/5128/2579 3037/6083/3051
f 2971/6108/2985 3050/6109/3064 3003/6110/3017
f 2998/6107/3012 3049/6106/3063 2992/6111/3006
f 2910/6014/2924 3010/6013/3024 3051/6112/3065
f 2877/5756/2891 3052/6113/3066 3012/6017/3026
f 2989/5967/3003 3040/6091/3054 3053/6114/3067
f 2986/5956/3000 3028/6050/3042 3054/6115/3068
f 3000/5985/3014 3011/6016/3025 3055/6116/3069
f 2986/5956/3000 3054/6115/3068 3031/6057/3045
f 2971/6117/2985 2914/5835/2928 3056/6118/3070
f 3025/6119/3039 3041/6120/3055 3046/6098/3060
f 2984/5951/2998 3057/6121/3071 2995/6028/3009
f 2920/5844/2934 3058/6122/3072 2914/5835/2928
f 2995/5978/3009 3059/6123/3073 3027/6048/3041
f 3048/6103/3062 3003/5998/3017 3050/6124/3064
f 2967/5943/2981 3060/6125/3074 3043/6126/3057
f 2910/6014/2924 3051/6112/3065 3039/6127/3053
f 2929/6128/2943 3061/6129/3075 3040/6130/3054
f 3011/6016/3025 3039/6131/3053 3055/6116/3069
f 3049/6106/3063 3062/6132/3076 2992/6111/3006
f 2878/5758/2892 2449/4921/2461 3063/6133/3077
f 2943/5878/2957 3027/6048/3041 3042/6094/3056
f 2992/6111/3006 3062/6132/3076 3045/6134/3059
f 2929/5858/2943 2987/6090/3001 3061/6135/3075
f 3045/6134/3059 3062/6132/3076 3064/6136/3078
f 2694/5398/2708 2949/6137/2963 2744/5523/2758
f 3044/6096/3058 3065/6138/3079 3066/6139/3080
f 3000/5985/3014 3055/6116/3069 3028/6051/3042
f 2585/5176/2599 3067/6140/3081 2727/5455/2741
f 3005/6000/3019 3052/6113/3066 2877/5756/2891
f 3028/6051/3042 3055/6116/3069 3068/6141/3082
f 3048/6103/3062 3069/6142/3083 3002/5997/3016
f 3022/6143/3036 3045/6144/3059 3041/2433/3055
f 3039/6131/3053 3051/6145/3065 3055/6116/3069
f 3048/6146/3062 3050/6147/3064 3069/6148/3083
f 3044/6096/3058 3043/6095/3057 3065/6138/3079
f 3036/6081/3050 3070/6149/3084 2966/6150/2980
f 3049/6106/3063 3071/6151/3085 3062/6132/3076
f 3012/6152/3026 3072/6153/3086 2955/6061/2969
f 3001/5994/3015 2955/6061/2969 3072/6153/3086
f 2975/5957/2989 3042/6094/3056 3029/6054/3043
f 2966/5909/2980 3070/6154/3084 2932/5861/2946
f 2989/5967/3003 3053/6114/3067 3047/6099/3061
f 2977/5932/2991 3047/6099/3061 3008/6008/3022
f 3045/6134/3059 3064/6136/3078 3041/6155/3055
f 3031/6057/3045 3073/6156/3087 3034/6067/3048
f 3028/6051/3042 3068/6141/3082 3054/6157/3068
f 3016/6023/3030 3058/6158/3072 2920/6024/2934
f 3038/6084/3052 3057/6121/3071 2984/5951/2998
f 3026/6047/3040 3074/6159/3088 3049/6106/3063
f 3065/6138/3079 3075/6160/3089 3066/6139/3080
f 3065/6138/3079 3043/6095/3057 3075/6160/3089
f 2914/5835/2928 3058/6122/3072 3056/6118/3070
f 2967/5943/2981 3029/6055/3043 3060/6125/3074
f 2903/5815/2917 3067/6140/3081 2585/5176/2599
f 3034/6161/3048 3073/6162/3087 3017/6046/3031
f 2277/4602/2289 2849/5689/2863 3076/6163/3090
f 3051/6112/3065 3010/6013/3024 3077/6164/3091
f 3046/6098/3060 3041/6120/3055 3078/6165/3092
f 2763/5518/2777 3079/6166/3093 2941/5876/2955
f 3031/6057/3045 3054/6115/3068 3080/6167/3094
f 2932/5861/2946 3081/6168/3095 3016/6023/3030
f 3075/6160/3089 3082/6169/3096 3066/6139/3080
f 3049/6106/3063 3074/6159/3088 3071/6151/3085
f 3044/6105/3058 3066/6170/3080 3036/6081/3050
f 2446/5757/2458 3083/6171/3097 2395/5847/2407
f 3075/6160/3089 3084/6172/3098 3082/6169/3096
f 3017/6046/3031 3085/6173/3099 3026/6047/3040
f 3016/6023/3030 3081/6168/3095 3058/6158/3072
f 3033/6064/3047 3086/6174/3100 3038/6084/3052
f 2755/5503/2769 3087/6175/3101 2902/5814/2916
f 2932/5861/2946 3070/6154/3084 3081/6168/3095
f 3046/6098/3060 3086/6174/3100 3033/6064/3047
f 3005/6000/3019 3002/6176/3016 3088/6177/3102
f 3043/6126/3057 3060/6125/3074 3075/6178/3089
f 3041/6155/3055 3064/6136/3078 3089/6179/3103
f 3008/6008/3022 3047/6099/3061 3090/6180/3104
f 3031/6057/3045 3080/6167/3094 3073/6156/3087
f 2995/5978/3009 3057/6181/3071 3059/6123/3073
f 3038/6084/3052 3091/6182/3105 3057/6121/3071
f 2760/5512/2774 3092/6183/3106 2446/5757/2458
f 2987/6090/3001 3001/6184/3015 3061/6135/3075
f 3084/6185/3098 3075/6178/3089 3060/6125/3074
f 3038/6084/3052 3086/6174/3100 3091/6182/3105
f 3062/6132/3076 3093/6186/3107 3064/6136/3078
f 3055/6116/3069 3094/6187/3108 3068/6141/3082
f 3086/6174/3100 3046/6098/3060 3078/6165/3092
f 3061/6135/3075 3001/6184/3015 3040/6091/3054
f 3084/6172/3098 3095/6188/3109 3082/6169/3096
f 3041/6155/3055 3089/6179/3103 3078/6189/3092
f 3042/6094/3056 3027/6048/3041 3096/6190/3110
f 3084/6172/3098 3097/6191/3111 3095/6188/3109
f 3001/6192/3015 3072/6193/3086 3098/6194/3112
f 3026/6047/3040 3099/6195/3113 3074/6159/3088
f 3029/6054/3043 3042/6094/3056 3060/6196/3074
f 3085/6173/3099 3100/6197/3114 3026/6047/3040
f 3062/6132/3076 3071/6151/3085 3093/6186/3107
f 3027/6048/3041 3059/6123/3073 3096/6190/3110
f 2951/6198/2965 2548/5194/2561 2909/5829/2923
f 3040/6091/3054 3101/6199/3115 3053/6114/3067
f 3073/6162/3087 3102/6200/3116 3017/6046/3031
f 3040/6091/3054 3098/6201/3112 3101/6199/3115
f 3010/6013/3024 3103/6202/3117 3077/6164/3091
f 3047/6099/3061 3053/6114/3067 3104/6203/3118
f 2834/5658/2848 3105/6204/3119 2722/5448/2736
f 3013/6019/3027 3106/6205/3120 3010/6013/3024
f 3064/6136/3078 3093/6186/3107 3089/6179/3103
f 3069/6142/3083 3107/6206/3121 3002/5997/3016
f 3084/6207/3098 3060/6208/3074 3097/6209/3111
f 3017/6046/3031 3108/6210/3122 3085/6173/3099
f 3026/6047/3040 3100/6197/3114 3099/6195/3113
f 3097/6191/3111 3109/6211/3123 3095/6188/3109
f 3017/6046/3031 3102/6200/3116 3108/6210/3122
f 3097/6191/3111 3110/6212/3124 3109/6211/3123
f 3059/6123/3073 3057/6181/3071 3096/6190/3110
f 3057/6181/3071 3111/6213/3125 3096/6190/3110
f 2971/6108/2985 3056/6214/3070 3050/6109/3064
f 3055/6116/3069 3051/6145/3065 3112/6215/3126
f 3093/6186/3107 3071/6151/3085 3113/6216/3127
f 3055/6116/3069 3112/6215/3126 3094/6187/3108
f 3054/6157/3068 3068/6141/3082 3114/6217/3128
f 3060/6196/3074 3042/6094/3056 3115/6218/3129
f 2727/5455/2741 3067/6140/3081 3116/6219/3130
f 3054/6115/3068 3114/6220/3128 3080/6167/3094
f 3057/6181/3071 3091/6221/3105 3111/6213/3125
f 3074/6159/3088 3117/6222/3131 3071/6151/3085
f 2856/5709/2870 2902/5814/2916 3118/6223/3132
f 3097/6191/3111 3060/6196/3074 3115/6218/3129
f 3119/6224/3133 3120/6225/3134 3121/6226/3135
f 3100/6227/3114 3122/6228/3136 3099/6229/3113
f 3069/6230/3083 3050/6109/3064 3107/6231/3121
f 3120/6225/3134 3119/6224/3133 3123/6232/3137
f 3097/6191/3111 3115/6218/3129 3110/6212/3124
f 3119/6224/3133 3124/6233/3138 3123/6232/3137
f 3050/6109/3064 3056/6214/3070 3125/6234/3139
f 3066/6170/3080 3082/6235/3096 3036/6081/3050
f 3082/6235/3096 3095/6236/3109 3126/6237/3140
f 3082/6235/3096 3126/6237/3140 3036/6081/3050
f 3119/6224/3133 3121/6226/3135 3127/6238/3141
f 3010/6239/3024 3128/6240/3142 3103/6241/3117
f 3099/6229/3113 3124/6233/3138 3074/6242/3088
f 3051/6145/3065 3077/6243/3091 3112/6215/3126
f 3072/6153/3086 3129/6244/3143 3098/6245/3112
f 2865/5726/2879 2701/5409/2715 3130/6246/3144
f 3008/6066/3022 3090/6247/3104 3013/6019/3027
f 3042/6094/3056 3096/6190/3110 3131/6248/3145
f 3110/6249/3124 3132/6250/3146 3109/6251/3123
f 3119/6224/3133 3133/6252/3147 3124/6233/3138
f 3091/6221/3105 3134/6253/3148 3111/6213/3125
f 3086/6174/3100 3134/6254/3148 3091/6182/3105
f 2458/4940/2470 2951/5887/2965 3135/6255/3149
f 3119/6224/3133 3127/6238/3141 3133/6252/3147
f 3120/6225/3134 3136/6256/3150 3121/6226/3135
f 3124/6257/3138 3137/6258/3151 3123/6259/3137
f 3127/6238/3141 3121/6226/3135 3138/6260/3152
f 3089/6179/3103 3093/6186/3107 3139/6261/3153
f 3117/6222/3131 3074/6159/3088 3133/6262/3147
f 2760/5512/2774 2865/5726/2879 3092/6183/3106
f 3120/6225/3134 3140/6263/3154 3136/6256/3150
f 2436/4902/2448 2922/6264/2936 2785/5551/2799
f 3074/6242/3088 3124/6233/3138 3133/6252/3147
f 3120/6225/3134 3123/6232/3137 3140/6263/3154
f 3108/6210/3122 3141/6265/3155 3085/6173/3099
f 3113/6216/3127 3071/6151/3085 3117/6222/3131
f 3077/6243/3091 3103/6266/3117 3112/6215/3126
f 3053/6114/3067 3142/6267/3156 3104/6203/3118
f 3123/6259/3137 3137/6258/3151 3141/6268/3155
f 2188/4432/2200 3023/6035/3037 2909/5829/2923
f 3124/6233/3138 3099/6229/3113 3122/6228/3136
f 3143/6269/3157 3132/6270/3146 3110/6212/3124
f 3133/6252/3147 3127/6238/3141 3144/6271/3158
f 3115/6218/3129 3042/6094/3056 3131/6248/3145
f 3124/6233/3138 3122/6228/3136 3137/6272/3151
f 3093/6186/3107 3113/6216/3127 3139/6261/3153
f 3134/6273/3148 3086/6274/3100 3145/6275/3159
f 3117/6222/3131 3133/6262/3147 3146/6276/3160
f 3068/6277/3082 3147/6278/3161 3114/6279/3128
f 3086/6274/3100 3078/6189/3092 3145/6275/3159
f 3100/6227/3114 3085/6280/3099 3137/6272/3151
f 3089/6179/3103 3148/6281/3162 3078/6189/3092
f 3036/6081/3050 3126/6237/3140 3149/6282/3163
f 3100/6227/3114 3137/6272/3151 3122/6228/3136
f 3121/6226/3135 3150/6283/3164 3151/6284/3165
f 3005/6000/3019 3088/6177/3102 3052/6113/3066
f 3143/6285/3157 3152/6286/3166 3132/6287/3146
f 3136/6256/3150 3150/6283/3164 3121/6226/3135
f 3053/6114/3067 3101/6199/3115 3153/6288/3167
f 3127/6238/3141 3138/6260/3152 3154/6289/3168
f 3123/6259/3137 3155/6290/3169 3156/6291/3170
f 3123/6259/3137 3141/6268/3155 3155/6290/3169
f 3098/6201/3112 3129/6292/3143 3101/6199/3115
f 3138/6260/3152 3121/6226/3135 3151/6284/3165
f 3109/6251/3123 3132/6250/3146 3095/6236/3109
f 3096/6190/3110 3111/6213/3125 3131/6248/3145
f 3152/6286/3166 3157/6293/3171 3132/6287/3146
f 3117/6222/3131 3158/6294/3172 3113/6216/3127
f 3068/6141/3082 3094/6187/3108 3147/6295/3161
f 3123/6232/3137 3156/6296/3170 3140/6263/3154
f 3117/6222/3131 3146/6276/3160 3158/6294/3172
f 2446/5757/2458 3159/6297/3173 3083/6171/3097
f 3114/6298/3128 3160/6299/3174 3161/6300/3175
f 3114/6220/3128 3161/6301/3175 3080/6167/3094
f 3133/6252/3147 3144/6271/3158 3146/6302/3160
f 3159/6297/3173 3162/6303/3176 3083/6171/3097
f 3089/6179/3103 3139/6261/3153 3148/6281/3162
f 3036/6081/3050 3149/6282/3163 3070/6149/3084
f 2693/5397/2707 2458/4940/2470 3135/6255/3149
f 3085/6304/3099 3141/6305/3155 3137/6306/3151
f 3078/6189/3092 3148/6281/3162 3145/6275/3159
f 3143/6269/3157 3115/6218/3129 3152/6307/3166
f 3110/6212/3124 3115/6218/3129 3143/6269/3157
f 3094/6187/3108 3163/6308/3177 3147/6295/3161
f 3164/6309/3178 3155/6310/3169 3108/6210/3122
f 3136/6256/3150 3140/6263/3154 3165/6311/3179
f 3056/6312/3070 3058/6158/3072 3166/6313/3180
f 3108/6210/3122 3155/6310/3169 3141/6265/3155
f 3127/6238/3141 3154/6289/3168 3144/6271/3158
f 3152/6286/3166 3167/6314/3181 3157/6293/3171
f 3050/6109/3064 3125/6234/3139 3107/6231/3121
f 2755/5503/2769 2693/5397/2707 3168/6315/3182
f 3153/6288/3167 3142/6267/3156 3053/6114/3067
f 3157/6316/3171 3169/6317/3183 3132/6250/3146
f 3047/6099/3061 3170/6318/3184 3090/6180/3104
f 3128/6319/3142 3010/6013/3024 3106/6205/3120
f 3136/6256/3150 3171/6320/3185 3150/6283/3164
f 3167/6321/3181 3152/6307/3166 3172/6322/3186
f 3112/6215/3126 3173/6323/3187 3094/6187/3108
f 3012/6017/3026 3052/6113/3066 3174/6324/3188
f 3012/6152/3026 3174/6325/3188 3072/6153/3086
f 3156/6296/3170 3175/6326/3189 3140/6263/3154
f 3158/6294/3172 3176/6327/3190 3177/6328/3191
f 3152/6307/3166 3115/6218/3129 3172/6322/3186
f 3002/5997/3016 3178/6329/3192 3088/6330/3102
f 3167/6331/3181 3172/6332/3186 3179/6333/3193
f 3158/6294/3172 3146/6276/3160 3176/6327/3190
f 3165/6311/3179 3140/6263/3154 3180/6334/3194
f 3108/6210/3122 3102/6200/3116 3164/6309/3178
f 3165/6311/3179 3171/6320/3185 3136/6256/3150
f 3167/6335/3181 3179/6336/3193 3169/6337/3183
f 3167/6338/3181 3169/6317/3183 3157/6316/3171
f 3144/6271/3158 3154/6289/3168 3181/6339/3195
f 3080/6340/3094 3182/6341/3196 3073/6342/3087
f 3144/6271/3158 3181/6339/3195 3183/6343/3197
f 3156/6291/3170 3155/6290/3169 3184/6344/3198
f 3134/6253/3148 3185/6345/3199 3111/6213/3125
f 3151/6284/3165 3150/6283/3164 3186/6346/3200
f 3154/6289/3168 3138/6260/3152 3187/6347/3201
f 3147/6295/3161 3163/6308/3177 3188/6348/3202
f 3058/6158/3072 3081/6168/3095 3189/6349/3203
f 3058/6158/3072 3189/6349/3203 3166/6313/3180
f 3177/6328/3191 3190/6350/3204 3191/6351/3205
f 3147/6295/3161 3188/6348/3202 3114/6217/3128
f 3144/6271/3158 3183/6343/3197 3146/6302/3160
f 3172/6352/3186 3192/6353/3206 3179/6354/3193
f 3177/6328/3191 3191/6351/3205 3158/6294/3172
f 2395/5847/2407 3083/6171/3097 2922/5848/2936
f 3002/5997/3016 3107/6206/3121 3178/6329/3192
f 3191/6355/3205 3193/6356/3207 3158/6357/3172
f 3192/6358/3206 3172/6359/3186 3191/6351/3205
f 3191/6351/3205 3194/6360/3208 3192/6358/3206
f 3191/6351/3205 3190/6350/3204 3194/6360/3208
f 3047/6099/3061 3104/6203/3118 3170/6318/3184
f 3114/6217/3128 3188/6348/3202 3160/6361/3174
f 3155/6362/3169 3164/6363/3178 3184/6364/3198
f 3073/6162/3087 3182/6365/3196 3195/6366/3209
f 3146/6302/3160 3183/6343/3197 3176/6367/3190
f 3145/6368/3159 3185/6345/3199 3134/6253/3148
f 3113/6369/3127 3158/6357/3172 3193/6356/3207
f 3153/6288/3167 3101/6199/3115 3196/6370/3210
f 3139/6371/3153 3113/6369/3127 3193/6356/3207
f 3101/6199/3115 3129/6292/3143 3196/6370/3210
f 3102/6200/3116 3073/6162/3087 3195/6366/3209
f 3115/6218/3129 3131/6248/3145 3197/6372/3211
f 2785/5551/2799 3198/6373/3212 2685/5376/2699
f 3112/6215/3126 3103/6266/3117 3128/6374/3142
f 3132/6250/3146 3169/6317/3183 3095/6236/3109
f 3131/6248/3145 3111/6213/3125 3197/6372/3211
f 3148/6375/3162 3139/6376/3153 3145/6377/3159
f 3140/6263/3154 3175/6326/3189 3199/6378/3213
f 3164/6363/3178 3200/6379/3214 3184/6364/3198
f 3164/6363/3178 3102/6380/3116 3200/6379/3214
f 2755/5503/2769 3168/6315/3182 3087/6175/3101
f 3151/6381/3165 3201/6382/3215 3138/6383/3152
f 3184/6344/3198 3200/6384/3214 3156/6291/3170
f 3138/6383/3152 3201/6382/3215 3187/6385/3201
f 3094/6386/3108 3173/6387/3187 3202/6388/3216
f 3150/6283/3164 3171/6320/3185 3186/6346/3200
f 3154/6389/3168 3187/6385/3201 3181/6390/3195
f 3191/6355/3205 3172/6322/3186 3193/6356/3207
f 3094/6187/3108 3202/6391/3216 3163/6308/3177
f 3116/6219/3130 3067/6140/3081 3203/6392/3217
f 3185/6345/3199 3197/6372/3211 3111/6213/3125
f 3072/6153/3086 3174/6325/3188 3129/6244/3143
f 3056/6312/3070 3166/6313/3180 3125/6393/3139
f 3177/6328/3191 3176/6327/3190 3190/6350/3204
f 3107/6231/3121 3125/6234/3139 3204/6394/3218
f 3172/6322/3186 3115/6218/3129 3193/6356/3207
f 3095/6236/3109 3169/6317/3183 3126/6237/3140
f 3145/6368/3159 3205/6395/3219 3185/6345/3199
f 3107/6396/3121 3204/6397/3218 3206/6398/3220
f 3139/6371/3153 3193/6356/3207 3205/6395/3219
f 3112/6215/3126 3128/6374/3142 3207/6399/3221
f 3128/6319/3142 3106/6205/3120 3207/6400/3221
f 3115/6218/3129 3197/6372/3211 3193/6356/3207
f 3156/6291/3170 3200/6384/3214 3208/6401/3222
f 3156/6291/3170 3208/6401/3222 3175/6402/3189
f 3145/6403/3159 3139/6404/3153 3205/6405/3219
f 3176/6406/3190 3183/6407/3197 3190/6408/3204
f 3070/6154/3084 3149/6409/3163 3209/6410/3223
f 3140/6263/3154 3199/6378/3213 3180/6334/3194
f 3185/6345/3199 3205/6395/3219 3197/6372/3211
f 3194/6411/3208 3210/6412/3224 3192/6413/3206
f 3070/6154/3084 3209/6410/3223 3081/6168/3095
f 3090/6247/3104 3211/6414/3225 3013/6019/3027
f 3194/6411/3208 3190/6408/3204 3210/6412/3224
f 3187/6385/3201 3212/6415/3226 3181/6390/3195
f 3151/6381/3165 3213/6416/3227 3201/6382/3215
f 2909/6417/2923 3135/6255/3149 2951/5887/2965
f 3205/6395/3219 3193/6356/3207 3197/6372/3211
f 3090/6180/3104 3170/6318/3184 3211/6418/3225
f 3106/6205/3120 3214/6419/3228 3207/6400/3221
f 3206/6420/3220 3204/6421/3218 3215/6422/3229
f 3112/6215/3126 3207/6399/3221 3173/6323/3187
f 3198/6373/3212 3216/6423/3230 2685/5376/2699
f 3215/6424/3229 3204/6425/3218 3217/6426/3231
f 3218/6427/3232 3180/6334/3194 3199/6378/3213
f 3171/6428/3185 3219/6429/3233 3186/6430/3200
f 3192/6413/3206 3210/6412/3224 3179/6431/3193
f 2694/5398/2708 2962/5902/2976 3220/6432/3234
f 3200/6433/3214 3195/6434/3209 3208/6435/3222
f 3088/6330/3102 3178/6329/3192 3052/6436/3066
f 2785/5551/2799 2922/6264/2936 3198/6373/3212
f 2277/4602/2289 3076/6163/3090 2861/5717/2875
f 2446/5757/2458 3092/6183/3106 3159/6297/3173
f 3180/6334/3194 3221/6437/3235 3165/6311/3179
f 3151/6381/3165 3186/6430/3200 3213/6416/3227
f 3125/6234/3139 3222/6438/3236 3204/6394/3218
f 3179/6431/3193 3210/6412/3224 3169/6439/3183
f 3182/6365/3196 3208/6440/3222 3195/6366/3209
f 3187/6385/3201 3201/6382/3215 3212/6415/3226
f 2634/5497/2648 3223/6441/3237 2825/5634/2839
f 2685/5376/2699 3216/6423/3230 2660/5326/2674
f 3199/6378/3213 3224/6442/3238 3218/6427/3232
f 3186/6430/3200 3219/6429/3233 3213/6416/3227
f 3080/6340/3094 3161/6300/3175 3225/6443/3239
f 3183/6407/3197 3181/6444/3195 3226/6445/3240
f 3199/6378/3213 3175/6326/3189 3224/6442/3238
f 2727/5455/2741 3116/6219/3130 3227/6446/3241
f 3092/6183/3106 2865/5726/2879 3228/6447/3242
f 3190/6408/3204 3183/6407/3197 3210/6412/3224
f 3163/6308/3177 3202/6391/3216 3229/6448/3243
f 3087/6175/3101 3118/6223/3132 2902/5814/2916
f 3206/6420/3220 3215/6422/3229 3107/6449/3121
f 3168/6315/3182 3118/6223/3132 3087/6175/3101
f 3175/6402/3189 3208/6401/3222 3230/6450/3244
f 3196/6370/3210 3129/6292/3143 3231/6451/3245
f 3081/6168/3095 3232/6452/3246 3189/6349/3203
f 3201/6382/3215 3233/6453/3247 3212/6415/3226
f 3169/6317/3183 3234/6454/3248 3126/6237/3140
f 3209/6410/3223 3232/6452/3246 3081/6168/3095
f 3142/6267/3156 3153/6288/3167 3235/6455/3249
f 3236/6456/3250 2693/5397/2707 3135/6255/3149
f 3180/6334/3194 3218/6427/3232 3221/6437/3235
f 3221/6437/3235 3237/6457/3251 3165/6311/3179
f 3171/6320/3185 3165/6311/3179 3238/6458/3252
f 3202/6388/3216 3173/6387/3187 3239/6459/3253
f 2856/5709/2870 3240/6460/3254 2903/5815/2917
f 3129/6244/3143 3174/6325/3188 3231/6461/3245
f 2449/4921/2461 2949/5884/2963 3241/6462/3255
f 3052/6436/3066 3242/6463/3256 3174/6464/3188
f 3196/6370/3210 3231/6451/3245 3243/6465/3257
f 3196/6466/3210 3243/6467/3257 3153/6468/3167
f 3013/6019/3027 3211/6414/3225 3106/6205/3120
f 3189/6349/3203 3244/6469/3258 3166/6313/3180
f 3207/6399/3221 3214/6470/3228 3173/6323/3187
f 2449/4921/2461 3241/6462/3255 3063/6133/3077
f 3212/6415/3226 3245/6471/3259 3181/6390/3195
f 3217/6426/3231 3204/6425/3218 3246/6472/3260
f 3181/6390/3195 3245/6471/3259 3226/6473/3240
f 3202/6391/3216 3239/6474/3253 3229/6448/3243
f 3153/6468/3167 3243/6467/3257 3247/6475/3261
f 3163/6308/3177 3229/6448/3243 3188/6348/3202
f 3125/6393/3139 3166/6313/3180 3222/6476/3236
f 2962/5902/2976 3227/6446/3241 3220/6432/3234
f 3165/6311/3179 3237/6457/3251 3238/6458/3252
f 3215/6477/3229 3217/6478/3231 3107/6479/3121
f 3238/6480/3252 3219/6429/3233 3171/6428/3185
f 3213/6416/3227 3233/6453/3247 3201/6382/3215
f 2727/5455/2741 3227/6446/3241 2962/5902/2976
f 3126/6237/3140 3234/6454/3248 3149/6282/3163
f 3212/6415/3226 3233/6453/3247 3248/6481/3262
f 3224/6482/3238 3175/6402/3189 3249/6483/3263
f 3209/6410/3223 3250/6484/3264 3232/6452/3246
f 3246/6472/3260 3204/6425/3218 3222/6476/3236
f 3189/6349/3203 3232/6452/3246 3244/6469/3258
f 3182/6485/3196 3251/6486/3265 3208/6487/3222
f 2856/5709/2870 3252/6488/3266 3240/6460/3254
f 3173/6387/3187 3253/6489/3267 3239/6459/3253
f 3106/6205/3120 3211/6414/3225 3254/6490/3268
f 3226/6445/3240 3255/6491/3269 3183/6407/3197
f 3183/6407/3197 3255/6491/3269 3210/6412/3224
f 3168/6315/3182 2693/5397/2707 3236/6456/3250
f 3160/6299/3174 3188/6492/3202 3256/6493/3270
f 3160/6299/3174 3256/6493/3270 3161/6300/3175
f 3208/6401/3222 3251/6494/3265 3230/6450/3244
f 3104/6203/3118 3142/6267/3156 3235/6455/3249
f 3153/6288/3167 3247/6495/3261 3235/6455/3249
f 3212/6415/3226 3248/6481/3262 3245/6471/3259
f 3245/6471/3259 3255/6496/3269 3226/6473/3240
f 3104/6203/3118 3235/6455/3249 3170/6318/3184
f 3080/6340/3094 3225/6443/3239 3182/6341/3196
f 3256/6493/3270 3257/6497/3271 3161/6300/3175
f 3251/6494/3265 3258/6498/3272 3230/6450/3244
f 3250/6484/3264 3244/6469/3258 3232/6452/3246
f 3213/6416/3227 3259/6499/3273 3233/6453/3247
f 3052/6436/3066 3178/6329/3192 3242/6463/3256
f 3246/6500/3260 3260/6501/3274 3217/6502/3231
f 3175/6402/3189 3230/6450/3244 3249/6483/3263
f 3149/6409/3163 3261/6503/3275 3250/6484/3264
f 3209/6410/3223 3149/6409/3163 3250/6484/3264
f 3182/6504/3196 3262/6505/3276 3251/6506/3265
f 3173/6323/3187 3214/6470/3228 3253/6507/3267
f 3222/6476/3236 3260/6508/3274 3246/6472/3260
f 3161/6300/3175 3257/6497/3271 3225/6443/3239
f 3224/6482/3238 3249/6483/3263 3263/6509/3277
f 3224/6442/3238 3263/6510/3277 3218/6427/3232
f 2856/5709/2870 3118/6223/3132 3252/6488/3266
f 3234/6511/3248 3261/6503/3275 3149/6409/3163
f 3182/6512/3196 3264/6513/3278 3262/6514/3276
f 3222/6476/3236 3265/6515/3279 3260/6508/3274
f 3169/6317/3183 3266/6516/3280 3234/6454/3248
f 3243/6465/3257 3231/6451/3245 3247/6495/3261
f 3210/3395/3224 3266/6517/3280 3169/6518/3183
f 3245/6471/3259 3248/6481/3262 3267/6519/3281
f 3214/6419/3228 3268/6520/3282 3253/6521/3267
f 3107/6206/3121 3217/6522/3231 3178/6329/3192
f 3233/6453/3247 3259/6499/3273 3248/6481/3262
f 3217/6522/3231 3269/6523/3283 3178/6329/3192
f 3237/6524/3251 3270/6525/3284 3238/6480/3252
f 3222/6476/3236 3166/6313/3180 3271/6526/3285
f 3255/6496/3269 3245/6471/3259 3267/6519/3281
f 3217/6502/3231 3260/6501/3274 3269/6527/3283
f 3255/6491/3269 3266/6528/3280 3210/6412/3224
f 3265/6515/3279 3272/6529/3286 3273/6530/3287
f 3116/6219/3130 3274/6531/3288 3227/6446/3241
f 3037/6083/3051 2878/5758/2892 3275/6532/3289
f 3214/6419/3228 3106/6205/3120 3268/6520/3282
f 2949/6137/2963 2694/5398/2708 3220/6432/3234
f 3067/6140/3081 2903/5815/2917 3203/6392/3217
f 3166/6313/3180 3244/6469/3258 3271/6526/3285
f 3265/6515/3279 3222/6476/3236 3271/6526/3285
f 3237/6457/3251 3221/6437/3235 3276/6533/3290
f 2941/5876/2955 3277/6534/3291 3035/6071/3049
f 3188/6348/3202 3278/6535/3292 3256/6536/3270
f 3265/6515/3279 3273/6530/3287 3260/6508/3274
f 2634/5497/2648 3035/6071/3049 3223/6441/3237
f 3213/6416/3227 3219/6429/3233 3279/6537/3293
f 3213/6416/3227 3279/6537/3293 3259/6499/3273
f 2779/5541/2793 2861/5717/2875 3280/6538/3294
f 3234/6511/3248 3266/6539/3280 3281/6540/3295
f 3265/6515/3279 3271/6526/3285 3272/6529/3286
f 3260/6501/3274 3282/6541/3296 3269/6527/3283
f 3263/6509/3277 3249/6483/3263 3283/6542/3297
f 3273/6543/3287 3272/6544/3286 3282/6541/3296
f 3174/6325/3188 3284/6545/3298 3231/6461/3245
f 3273/6543/3287 3282/6541/3296 3260/6501/3274
f 3221/6437/3235 3218/6427/3232 3285/6546/3299
f 3170/6318/3184 3235/6455/3249 3286/6547/3300
f 3242/6463/3256 3178/6329/3192 3287/6548/3301
f 3182/6512/3196 3288/6549/3302 3264/6513/3278
f 3262/6550/3276 3264/6551/3278 3258/6552/3272
f 3262/6553/3276 3258/6498/3272 3251/6494/3265
f 3248/6481/3262 3289/6554/3303 3267/6519/3281
f 3238/6480/3252 3270/6525/3284 3219/6429/3233
f 2834/5658/2848 3275/6532/3289 3105/6204/3119
f 3234/6511/3248 3281/6540/3295 3261/6503/3275
f 3290/6555/3304 3291/6556/3305 3272/6544/3286
f 3292/6557/3306 3293/6558/3307 3291/6556/3305
f 3106/6205/3120 3254/6490/3268 3268/6520/3282
f 3221/6437/3235 3285/6546/3299 3276/6533/3290
f 3182/6341/3196 3225/6443/3239 3288/6559/3302
f 3259/6499/3273 3294/6560/3308 3248/6481/3262
f 3292/6561/3306 3291/6562/3305 3290/6563/3304
f 3290/6564/3304 3295/6565/3309 3292/6566/3306
f 2909/6417/2923 3236/6456/3250 3135/6255/3149
f 3272/6529/3286 3271/6526/3285 3290/6567/3304
f 3253/6489/3267 3296/6568/3310 3239/6459/3253
f 3174/6464/3188 3242/6463/3256 3297/6569/3311
f 3174/6325/3188 3297/6570/3311 3284/6545/3298
f 3258/6498/3272 3298/6571/3312 3230/6450/3244
f 3272/6544/3286 3291/6556/3305 3282/6541/3296
f 3229/6448/3243 3278/6535/3292 3188/6348/3202
f 3279/6572/3293 3299/6573/3313 3259/6574/3273
f 3295/6575/3309 3290/6567/3304 3300/6576/3314
f 3168/6315/3182 3236/6456/3250 3301/6577/3315
f 3292/6557/3306 3295/6578/3309 3293/6558/3307
f 3218/6427/3232 3263/6510/3277 3285/6546/3299
f 3216/6423/3230 2849/5689/2863 2660/5326/2674
f 3211/4169/3225 3170/6579/3184 3302/6580/3316
f 3255/6496/3269 3267/6519/3281 3303/6581/3317
f 3269/6523/3283 3287/6548/3301 3178/6329/3192
f 3248/6582/3262 3294/6583/3308 3304/6584/3318
f 3024/6038/3038 2602/5213/2616 3305/6585/3319
f 3290/6567/3304 3271/6526/3285 3300/6576/3314
f 3295/6575/3309 3306/6586/3320 3293/6587/3307
f 3294/6560/3308 3307/6588/3321 3308/6589/3322
f 3231/6590/3245 3284/6591/3298 3247/6592/3261
f 3281/6540/3295 3250/6484/3264 3261/6503/3275
f 3237/6524/3251 3276/6593/3290 3270/6525/3284
f 3294/6560/3308 3308/6589/3322 3304/6594/3318
f 3253/6521/3267 3268/6520/3282 3296/6595/3310
f 2763/5518/2777 3024/6038/3038 3079/6166/3093
f 3264/6596/3278 3288/6597/3302 3309/6598/3323
f 3264/5980/3278 3309/6599/3323 3258/6600/3272
f 3266/6539/3280 3310/6601/3324 3281/6540/3295
f 3285/6546/3299 3263/6510/3277 3311/6602/3325
f 3266/6603/3280 3255/6496/3269 3303/6581/3317
f 3281/6540/3295 3312/6604/3326 3250/6484/3264
f 3294/6560/3308 3259/6499/3273 3299/6605/3313
f 3313/6606/3327 3314/6607/3328 3304/6584/3318
f 3313/6608/3327 3304/6609/3318 3315/6610/3329
f 3316/6611/3330 3306/6586/3320 3295/6575/3309
f 3279/6572/3293 3317/6612/3331 3299/6573/3313
f 3258/6613/3272 3309/6614/3323 3298/6615/3312
f 3316/6611/3330 3318/6616/3332 3319/6617/3333
f 3294/6560/3308 3299/6605/3313 3307/6588/3321
f 3289/6554/3303 3320/6618/3334 3267/6519/3281
f 3249/6483/3263 3321/6619/3335 3283/6542/3297
f 3239/6474/3253 3322/6620/3336 3229/6448/3243
f 3316/6611/3330 3319/6617/3333 3306/6586/3320
f 3271/6526/3285 3312/6604/3326 3300/6576/3314
f 3035/6071/3049 3323/6621/3337 3223/6441/3237
f 3316/6611/3330 3295/6575/3309 3318/6616/3332
f 3250/6484/3264 3312/6604/3326 3244/6469/3258
f 3289/6622/3303 3248/6582/3262 3320/6623/3334
f 3295/6575/3309 3300/6576/3314 3318/6616/3332
f 3254/6490/3268 3211/6414/3225 3324/6624/3338
f 3271/6526/3285 3244/6469/3258 3312/6604/3326
f 3263/6625/3277 3283/6626/3297 3311/6627/3325
f 3225/6628/3239 3325/6629/3339 3288/6630/3302
f 3248/6582/3262 3304/6584/3318 3320/6623/3334
f 3299/6573/3313 3326/6631/3340 3307/6632/3321
f 3303/6581/3317 3267/6519/3281 3320/6618/3334
f 3310/6601/3324 3266/6539/3280 3303/6633/3317
f 3326/6631/3340 3299/6573/3313 3327/6634/3341
f 3219/6429/3233 3328/6635/3342 3279/6537/3293
f 3296/6636/3310 3329/6637/3343 3239/6474/3253
f 3314/6638/3328 3313/6639/3327 3315/6640/3329
f 3304/6584/3318 3314/6607/3328 3320/6623/3334
f 3307/6632/3321 3326/6631/3340 3330/6641/3344
f 3327/6634/3341 3299/6573/3313 3317/6612/3331
f 3314/6638/3328 3315/6640/3329 3331/6642/3345
f 3314/6638/3328 3331/6642/3345 3332/6643/3346
f 3314/6607/3328 3332/6644/3346 3333/6645/3347
f 2909/6417/2923 3334/6646/3348 3236/6456/3250
f 3308/6647/3322 3307/6632/3321 3335/6648/3349
f 3333/6645/3347 3319/6617/3333 3318/6616/3332
f 3333/6645/3347 3332/6644/3346 3319/6617/3333
f 3326/6631/3340 3336/6649/3350 3330/6641/3344
f 3304/6609/3318 3335/6650/3349 3315/6610/3329
f 3268/6520/3282 3254/6490/3268 3337/6651/3351
f 3268/6520/3282 3337/6651/3351 3296/6595/3310
f 3306/6586/3320 3319/6617/3333 3293/6587/3307
f 3314/6607/3328 3333/6645/3347 3320/6623/3334
f 3225/6443/3239 3257/6497/3271 3325/6652/3339
f 3229/6448/3243 3338/6653/3352 3278/6535/3292
f 3281/6540/3295 3310/6601/3324 3312/6604/3326
f 3230/6450/3244 3321/6619/3335 3249/6483/3263
f 2722/5678/2736 3105/6654/3119 3339/6655/3353
f 3330/6641/3344 3340/6656/3354 3307/6632/3321
f 3254/6490/3268 3324/6624/3338 3337/6651/3351
f 3327/6634/3341 3317/6612/3331 3341/6657/3355
f 3032/6062/3046 3305/6585/3319 2602/5213/2616
f 3311/6627/3325 3342/6658/3356 3285/6659/3299
f 3279/6537/3293 3328/6635/3342 3317/6660/3331
f 2861/5717/2875 3343/6661/3357 3280/6538/3294
f 3307/6632/3321 3340/6656/3354 3335/6648/3349
f 3333/6645/3347 3318/6616/3332 3344/6662/3358
f 3326/6631/3340 3345/6663/3359 3336/6649/3350
f 3211/6664/3225 3302/6665/3316 3324/6666/3338
f 3300/6576/3314 3344/6662/3358 3318/6616/3332
f 3326/6631/3340 3346/6667/3360 3345/6663/3359
f 3303/6633/3317 3312/6604/3326 3310/6601/3324
f 3037/6083/3051 3275/6532/3289 2834/5658/2848
f 3286/6547/3300 3302/6668/3316 3170/6318/3184
f 3300/6576/3314 3312/6604/3326 3344/6662/3358
f 3340/6656/3354 3330/6641/3344 3336/6649/3350
f 3333/6645/3347 3344/6662/3358 3320/6623/3334
f 3319/6669/3333 3332/6670/3346 3347/6671/3361
f 3335/6648/3349 3340/6656/3354 3315/6672/3329
f 3332/6673/3346 3331/6674/3345 3348/6675/3362
f 3219/6429/3233 3270/6525/3284 3349/6676/3363
f 3219/6429/3233 3349/6676/3363 3328/6635/3342
f 3326/6631/3340 3327/6634/3341 3346/6667/3360
f 3336/6649/3350 3350/6677/3364 3340/6656/3354
f 3328/6635/3342 3349/6676/3363 3351/6678/3365
f 3235/6679/3249 3247/6680/3261 3286/6681/3300
f 3315/6672/3329 3348/6675/3362 3331/6674/3345
f 3303/6633/3317 3344/6662/3358 3312/6604/3326
f 3229/6448/3243 3322/6620/3336 3338/6653/3352
f 3291/6556/3305 3293/6558/3307 3282/6541/3296
f 3317/3419/3331 3352/6682/3366 3341/6683/3355
f 3303/6633/3317 3320/6623/3334 3344/6662/3358
f 2922/6264/2936 3353/6684/3367 3198/6373/3212
f 3309/6685/3323 3288/6686/3302 3298/6687/3312
f 3336/6649/3350 3345/6663/3359 3354/6688/3368
f 3319/6669/3333 3347/6671/3361 3293/6558/3307
f 3341/6657/3355 3355/6689/3369 3327/6634/3341
f 3356/6690/3370 3329/6637/3343 3296/6636/3310
f 3336/6649/3350 3357/6691/3371 3350/6677/3364
f 3287/6548/3301 3358/6692/3372 3242/6463/3256
f 3328/6693/3342 3351/3837/3365 3317/6694/3331
f 3270/6525/3284 3352/6695/3366 3349/6676/3363
f 3247/6696/3261 3359/6697/3373 3286/6698/3300
f 3360/6699/3374 3284/6700/3298 3361/6701/3375
f 3360/6702/3374 3362/6703/3376 3284/4135/3298
f 3327/6634/3341 3355/6689/3369 3363/6704/3377
f 3293/6558/3307 3364/6705/3378 3282/6541/3296
f 3287/6548/3301 3269/6523/3283 3365/6706/3379
f 2701/5409/2715 2825/5634/2839 3130/6246/3144
f 3242/6463/3256 3358/6692/3372 3297/6569/3311
f 3327/6634/3341 3363/6704/3377 3346/6667/3360
f 3336/6649/3350 3354/6688/3368 3357/6691/3371
f 3345/6663/3359 3346/6667/3360 3354/6688/3368
f 3317/3419/3331 3351/6707/3365 3352/6682/3366
f 3315/6672/3329 3340/6656/3354 3348/6675/3362
f 3284/6545/3298 3297/6570/3311 3361/6708/3375
f 3341/6657/3355 3366/6709/3380 3355/6689/3369
f 3348/6710/3362 3347/6671/3361 3332/6670/3346
f 3270/6525/3284 3367/6711/3381 3352/6695/3366
f 3284/6591/3298 3368/6712/3382 3247/6592/3261
f 2941/5876/2955 3079/6166/3093 3277/6534/3291
f 3227/6446/3241 3274/6531/3288 3220/6432/3234
f 3329/6637/3343 3369/6713/3383 3239/6474/3253
f 3340/6714/3354 3350/6715/3364 3348/6710/3362
f 3341/6683/3355 3352/6682/3366 3370/6716/3384
f 3351/6678/3365 3349/6676/3363 3352/6695/3366
f 3325/6717/3339 3298/6571/3312 3288/6718/3302
f 3293/6558/3307 3347/6671/3361 3364/6705/3378
f 3284/6591/3298 3362/6719/3376 3368/6712/3382
f 3287/6548/3301 3365/6706/3379 3358/6692/3372
f 3321/6619/3335 3230/6450/3244 3371/6720/3385
f 3357/6721/3371 3354/6722/3368 3372/6723/3386
f 3357/6721/3371 3372/6723/3386 3373/6724/3387
f 3368/6712/3382 3359/6725/3373 3247/6592/3261
f 3352/6695/3366 3367/6711/3381 3370/6726/3384
f 3360/6727/3374 3361/6728/3375 3362/6729/3376
f 3023/6035/3037 2779/5541/2793 3374/6730/3388
f 3337/6651/3351 3324/6624/3338 3356/6731/3370
f 3350/6732/3364 3357/6721/3371 3375/6733/3389
f 3276/6734/3290 3285/6659/3299 3376/6735/3390
f 3256/6493/3270 3377/6736/3391 3257/6497/3271
f 3346/6667/3360 3372/6737/3386 3354/6688/3368
f 3283/6626/3297 3378/6738/3392 3311/6627/3325
f 3297/6570/3311 3379/6739/3393 3361/6708/3375
f 3276/6593/3290 3380/6740/3394 3270/6525/3284
f 3230/6450/3244 3298/6571/3312 3371/6720/3385
f 3367/6711/3381 3270/6525/3284 3381/6741/3395
f 3276/6593/3290 3376/6742/3390 3380/6740/3394
f 3282/6743/3296 3364/6744/3378 3269/6745/3283
f 3364/6705/3378 3347/6671/3361 3382/6746/3396
f 3297/6569/3311 3358/6692/3372 3379/6747/3393
f 3285/6659/3299 3342/6658/3356 3376/6735/3390
f 3350/6715/3364 3383/6748/3397 3348/6710/3362
f 3274/6531/3288 3116/6219/3130 3203/6392/3217
f 3270/6525/3284 3380/6740/3394 3381/6741/3395
f 3350/6715/3364 3375/6749/3389 3383/6748/3397
f 3298/6571/3312 3325/6717/3339 3384/6750/3398
f 3364/6705/3378 3385/6751/3399 3269/6527/3283
f 3381/6741/3395 3370/6726/3384 3367/6711/3381
f 3381/6752/3395 3386/6753/3400 3370/6754/3384
f 3356/6690/3370 3387/6755/3401 3329/6637/3343
f 3356/6731/3370 3324/6624/3338 3387/6756/3401
f 3311/6627/3325 3378/6738/3392 3388/6757/3402
f 3341/6683/3355 3370/6716/3384 3386/6758/3400
f 3366/6709/3380 3389/6759/3403 3355/6689/3369
f 3357/6721/3371 3373/6724/3387 3375/6733/3389
f 3348/6710/3362 3390/6760/3404 3347/6671/3361
f 3348/6710/3362 3383/6748/3397 3390/6760/3404
f 3346/6667/3360 3391/6761/3405 3372/6737/3386
f 3346/6667/3360 3363/6704/3377 3391/6761/3405
f 3311/6627/3325 3392/6762/3406 3342/6658/3356
f 3322/6620/3336 3239/6474/3253 3393/6763/3407
f 2949/6137/2963 3220/6432/3234 3394/6764/3408
f 2861/5717/2875 3076/6163/3090 3343/6661/3357
f 3341/6683/3355 3386/6758/3400 3395/6765/3409
f 3375/6733/3389 3373/6724/3387 3396/6766/3410
f 3278/6767/3292 3377/6736/3391 3256/6493/3270
f 3377/6736/3391 3397/6768/3411 3257/6497/3271
f 3257/6497/3271 3397/6768/3411 3325/6652/3339
f 2949/5884/2963 3394/6769/3408 3241/6462/3255
f 3338/6653/3352 3322/6620/3336 3398/6770/3412
f 3216/6423/3230 3198/6373/3212 3399/6771/3413
f 3239/6474/3253 3369/6713/3383 3393/6763/3407
f 3355/6689/3369 3389/6759/3403 3363/6704/3377
f 3083/6171/3097 3162/6303/3176 2922/5848/2936
f 3380/6772/3394 3400/6773/3414 3381/6752/3395
f 3228/6447/3242 2865/5726/2879 3130/6246/3144
f 3366/6709/3380 3341/6657/3355 3395/6774/3409
f 3364/6705/3378 3382/6746/3396 3385/6751/3399
f 3391/6761/3405 3363/6704/3377 3401/6775/3415
f 2722/5678/2736 3339/6655/3353 3032/6062/3046
f 3347/6671/3361 3390/6760/3404 3382/6746/3396
f 3381/6752/3395 3400/6773/3414 3386/6753/3400
f 3375/6733/3389 3396/6766/3410 3383/6776/3397
f 3325/6652/3339 3397/6768/3411 3402/6777/3416
f 3372/6723/3386 3403/6778/3417 3404/6779/3418
f 3372/6723/3386 3391/6780/3405 3403/6778/3417
f 3063/6133/3077 3241/6462/3255 3405/6781/3419
f 2779/5541/2793 3280/6538/3294 3374/6730/3388
f 3358/6692/3372 3365/6706/3379 3406/6782/3420
f 3324/6624/3338 3302/6783/3316 3407/6784/3421
f 3324/6624/3338 3407/6784/3421 3387/6756/3401
f 3372/6723/3386 3404/6779/3418 3373/6724/3387
f 3384/6750/3398 3325/6717/3339 3402/6785/3416
f 3361/6728/3375 3379/6786/3393 3362/6729/3376
f 3311/6627/3325 3388/6757/3402 3392/6762/3406
f 3329/6637/3343 3387/6755/3401 3408/6787/3422
f 3358/6692/3372 3406/6782/3420 3379/6747/3393
f 3378/6788/3392 3283/6542/3297 3409/6789/3423
f 3365/6706/3379 3269/6523/3283 3406/6782/3420
f 3386/6758/3400 3400/6790/3414 3395/6765/3409
f 3366/6709/3380 3410/6791/3424 3389/6759/3403
f 3376/6742/3390 3411/6792/3425 3380/6740/3394
f 2878/5758/2892 3063/6133/3077 3405/6781/3419
f 3241/6793/3255 3394/6794/3408 3405/6795/3419
f 3283/6542/3297 3321/6619/3335 3409/6789/3423
f 3401/6796/3415 3412/6797/3426 3391/6780/3405
f 3384/6750/3398 3402/6785/3416 3413/6798/3427
f 3380/6772/3394 3411/6799/3425 3400/6773/3414
f 2909/5829/2923 3023/6035/3037 3374/6730/3388
f 3363/6704/3377 3389/6759/3403 3401/6775/3415
f 3400/6790/3414 3414/6800/3428 3395/6765/3409
f 3385/6801/3399 3415/6802/3429 3269/6523/3283
f 3329/6803/3343 3408/6804/3422 3369/6805/3383
f 3298/6571/3312 3384/6750/3398 3371/6720/3385
f 3159/6297/3173 3092/6183/3106 3228/6447/3242
f 3035/6071/3049 3277/6534/3291 3323/6621/3337
f 3373/6724/3387 3404/6779/3418 3396/6766/3410
f 3321/6619/3335 3416/6806/3430 3409/6789/3423
f 3417/6807/3431 3418/6808/3432 3390/6809/3404
f 3390/6810/3404 3418/6811/3432 3382/6812/3396
f 3399/6771/3413 2849/5689/2863 3216/6423/3230
f 3396/6766/3410 3419/6813/3433 3383/6776/3397
f 3404/6779/3418 3403/6778/3417 3420/6814/3434
f 3379/6747/3393 3406/6782/3420 3421/6815/3435
f 3278/6535/3292 3338/6653/3352 3422/6816/3436
f 3342/6658/3356 3392/6762/3406 3376/6735/3390
f 3343/6661/3357 3076/6163/3090 3423/6817/3437
f 3390/6818/3404 3383/6776/3397 3417/6819/3431
f 3366/6709/3380 3424/6820/3438 3410/6791/3424
f 3366/6709/3380 3395/6774/3409 3424/6820/3438
f 3404/6779/3418 3420/6814/3434 3396/6766/3410
f 3321/6619/3335 3371/6720/3385 3416/6806/3430
f 3269/6523/3283 3415/6802/3429 3406/6782/3420
f 3414/6800/3428 3425/6821/3439 3395/6765/3409
f 3385/6751/3399 3382/6746/3396 3415/6822/3429
f 3368/6712/3382 3426/6823/3440 3359/6725/3373
f 3410/6791/3424 3427/6824/3441 3389/6759/3403
f 3406/6782/3420 3428/6825/3442 3421/6815/3435
f 3384/6750/3398 3413/6798/3427 3371/6720/3385
f 3362/6719/3376 3379/6747/3393 3426/6823/3440
f 3414/6800/3428 3429/6826/3443 3425/6821/3439
f 3286/6827/3300 3430/6828/3444 3302/6829/3316
f 3280/6538/3294 3343/6661/3357 3431/6830/3445
f 3383/6776/3397 3419/6813/3433 3417/6819/3431
f 3379/6747/3393 3421/6815/3435 3432/6831/3446
f 3371/6720/3385 3413/6798/3427 3433/6832/3447
f 3368/6712/3382 3362/6719/3376 3426/6823/3440
f 3118/6223/3132 3168/6315/3182 3301/6577/3315
f 3382/6746/3396 3418/6833/3432 3415/6822/3429
f 3389/6759/3403 3427/6824/3441 3401/6775/3415
f 3376/6735/3390 3392/6762/3406 3434/6834/3448
f 3395/6765/3409 3425/6821/3439 3424/6835/3438
f 3396/6766/3410 3420/6814/3434 3435/6836/3449
f 2878/5758/2892 3405/6781/3419 3275/6532/3289
f 3391/6780/3405 3412/6797/3426 3403/6778/3417
f 3411/6799/3425 3414/6837/3428 3400/6773/3414
f 3411/6838/3425 3429/6839/3443 3414/6840/3428
f 3278/6767/3292 3422/6841/3436 3377/6736/3391
f 3388/6757/3402 3378/6738/3392 3436/6842/3450
f 3378/6738/3392 3409/6843/3423 3436/6842/3450
f 3406/6782/3420 3415/6802/3429 3428/6825/3442
f 3396/6766/3410 3435/6836/3449 3419/6813/3433
f 3286/6827/3300 3359/6725/3373 3430/6828/3444
f 3379/6747/3393 3432/6831/3446 3426/6823/3440
f 3410/6791/3424 3437/6844/3451 3427/6824/3441
f 3425/6821/3439 3438/6845/3452 3424/6835/3438
f 3198/6373/3212 3353/6684/3367 3399/6771/3413
f 3322/6620/3336 3393/6763/3407 3398/6770/3412
f 3417/6846/3431 3439/6847/3453 3418/6848/3432
f 3425/6821/3439 3429/6826/3443 3440/6849/3454
f 3441/6850/3455 3428/6825/3442 3415/6802/3429
f 3418/6848/3432 3441/6850/3455 3415/6802/3429
f 3371/6720/3385 3442/6851/3456 3416/6806/3430
f 3417/6846/3431 3419/6852/3433 3443/6853/3457
f 3359/6725/3373 3426/6823/3440 3430/6828/3444
f 3376/6742/3390 3444/6854/3458 3411/6792/3425
f 3411/6855/3425 3444/6856/3458 3440/6857/3454
f 3412/6797/3426 3445/6858/3459 3403/6778/3417
f 3428/6825/3442 3446/6859/3460 3421/6815/3435
f 3411/6860/3425 3440/6861/3454 3429/6862/3443
f 2825/5634/2839 3447/6863/3461 3130/6246/3144
f 3376/6742/3390 3448/6864/3462 3444/6854/3458
f 3417/6846/3431 3443/6853/3457 3439/6847/3453
f 3413/6798/3427 3449/6865/3463 3433/6832/3447
f 3419/6852/3433 3435/6866/3449 3443/6853/3457
f 3424/6820/3438 3437/6844/3451 3410/6791/3424
f 3432/6867/3446 3450/6868/3464 3426/6869/3440
f 3388/6757/3402 3434/6834/3448 3392/6762/3406
f 3223/6441/3237 3447/6863/3461 2825/5634/2839
f 3435/6836/3449 3420/6814/3434 3451/6870/3465
f 3118/6223/3132 3301/6577/3315 3452/6871/3466
f 3418/6848/3432 3439/6847/3453 3441/6850/3455
f 3428/6825/3442 3441/6850/3455 3446/6859/3460
f 3076/6163/3090 2849/5689/2863 3453/6872/3467
f 3421/6815/3435 3446/6859/3460 3432/6831/3446
f 3435/6866/3449 3454/6873/3468 3443/6853/3457
f 3403/6778/3417 3445/6858/3459 3420/6814/3434
f 2922/5848/2936 3162/6303/3176 3455/6874/3469
f 3441/6850/3455 3439/6847/3453 3456/6875/3470
f 3446/6859/3460 3457/6876/3471 3432/6831/3446
f 3456/6875/3470 3457/6876/3471 3446/6859/3460
f 3441/6850/3455 3456/6875/3470 3446/6859/3460
f 3458/6877/3472 3394/6764/3408 3220/6432/3234
f 3338/6653/3352 3398/6770/3412 3422/6816/3436
f 3439/6847/3453 3443/6853/3457 3459/6878/3473
f 3439/6847/3453 3459/6878/3473 3460/6879/3474
f 3407/6880/3421 3302/6829/3316 3461/6881/3475
f 3439/6847/3453 3460/6879/3474 3456/6875/3470
f 3456/6882/3470 3460/6883/3474 3462/6884/3476
f 3462/6885/3476 3460/6886/3474 3463/6887/3477
f 3454/6873/3468 3464/6888/3478 3443/6853/3457
f 3408/6889/3422 3465/6890/3479 3369/6891/3383
f 3443/6853/3457 3464/6888/3478 3459/6878/3473
f 3425/6821/3439 3440/6849/3454 3466/6892/3480
f 3464/6893/3478 3454/6894/3468 3467/6895/3481
f 3432/6867/3446 3457/6896/3471 3450/6868/3464
f 3459/6897/3473 3464/6898/3478 3468/6899/3482
f 3434/6900/3448 3448/6864/3462 3376/6742/3390
f 3435/6866/3449 3469/6901/3483 3454/6873/3468
f 3387/6902/3401 3465/6890/3479 3408/6889/3422
f 3459/1371/3473 3468/6903/3482 3460/6904/3474
f 3435/6866/3449 3451/6905/3465 3469/6901/3483
f 3388/6757/3402 3436/6842/3450 3434/6834/3448
f 3420/6814/3434 3470/6906/3484 3451/6870/3465
f 3401/6796/3415 3471/6907/3485 3412/6797/3426
f 3236/6456/3250 3472/6908/3486 3301/6577/3315
f 3460/6909/3474 3468/6910/3482 3463/6911/3477
f 3369/6912/3383 3465/6913/3479 3473/6914/3487
f 3407/6784/3421 3474/6915/3488 3387/6756/3401
f 3397/6768/3411 3475/6916/3489 3402/6777/3416
f 3302/6829/3316 3430/6828/3444 3461/6881/3475
f 3407/6784/3421 3461/6917/3475 3474/6915/3488
f 3469/6918/3483 3451/6919/3465 3476/6920/3490
f 3369/6713/3383 3473/6921/3487 3393/6763/3407
f 3464/6893/3478 3467/6895/3481 3477/6922/3491
f 3456/6875/3470 3462/6923/3476 3457/6876/3471
f 3440/6924/3454 3444/6925/3458 3466/2552/3480
f 3377/6736/3391 3422/6841/3436 3478/6926/3492
f 3024/6038/3038 3305/6585/3319 3479/6927/3493
f 3468/6928/3482 3464/6893/3478 3477/6922/3491
f 3401/6796/3415 3427/6929/3441 3471/6907/3485
f 2909/5829/2923 3374/6730/3388 3334/6930/3348
f 3463/6887/3477 3480/6931/3494 3462/6885/3476
f 3305/6585/3319 3032/6062/3046 3479/6927/3493
f 2922/5848/2936 3455/6874/3469 3481/6932/3495
f 3454/6933/3468 3469/6934/3483 3467/6935/3481
f 3448/6936/3462 3482/6937/3496 3444/6938/3458
f 3420/6814/3434 3483/6939/3497 3470/6906/3484
f 3387/6902/3401 3474/6940/3488 3465/6890/3479
f 3462/6885/3476 3480/6931/3494 3457/6896/3471
f 3412/6797/3426 3471/6907/3485 3484/6941/3498
f 3413/6798/3427 3402/6785/3416 3475/6942/3489
f 2922/5848/2936 3481/6932/3495 3353/6943/3367
f 3236/6456/3250 3334/6646/3348 3472/6908/3486
f 3405/6795/3419 3485/6944/3499 3275/6945/3289
f 3477/6946/3491 3467/6947/3481 3486/6948/3500
f 3463/6887/3477 3486/6949/3500 3480/6931/3494
f 3468/6950/3482 3486/6949/3500 3463/6887/3477
f 2849/5689/2863 3399/6771/3413 3453/6872/3467
f 3422/6816/3436 3398/6770/3412 3478/6951/3492
f 3420/6814/3434 3445/6858/3459 3483/6939/3497
f 3444/6938/3458 3482/6937/3496 3466/6952/3480
f 3412/6797/3426 3484/6941/3498 3445/6858/3459
f 3450/6868/3464 3457/6896/3471 3487/6953/3501
f 3371/6720/3385 3488/6954/3502 3442/6851/3456
f 3426/6823/3440 3489/6955/3503 3430/6828/3444
f 3451/6956/3465 3470/2852/3484 3490/6957/3504
f 3469/6958/3483 3476/6959/3490 3491/6960/3505
f 3465/6890/3479 3474/6940/3488 3492/6961/3506
f 3467/6947/3481 3469/6958/3483 3493/6962/3507
f 3467/6947/3481 3493/6962/3507 3486/6948/3500
f 3433/6832/3447 3488/6954/3502 3371/6720/3385
f 3451/6919/3465 3490/6963/3504 3476/6920/3490
f 3398/6770/3412 3494/6964/3508 3478/6951/3492
f 3437/6844/3451 3495/6965/3509 3427/6824/3441
f 3469/6958/3483 3491/6960/3505 3493/6962/3507
f 3477/6946/3491 3486/6948/3500 3468/6966/3482
f 3476/6959/3490 3490/6967/3504 3491/6960/3505
f 3474/6915/3488 3461/6917/3475 3496/6968/3510
f 3470/6906/3484 3483/6939/3497 3490/6969/3504
f 3426/6823/3440 3450/6970/3464 3489/6955/3503
f 3465/6913/3479 3497/6971/3511 3473/6914/3487
f 3377/6736/3391 3498/6972/3512 3397/6768/3411
f 3397/6768/3411 3498/6972/3512 3475/6916/3489
f 3448/6936/3462 3499/6973/3513 3482/6937/3496
f 3492/6974/3506 3497/6971/3511 3465/6913/3479
f 3457/6896/3471 3480/6931/3494 3487/6953/3501
f 3492/6974/3506 3474/6975/3488 3497/6971/3511
f 3416/6806/3430 3500/6976/3514 3409/6789/3423
f 3482/6937/3496 3499/6973/3513 3466/6952/3480
f 3076/6163/3090 3453/6872/3467 3423/6817/3437
f 3442/6851/3456 3501/6977/3515 3416/6806/3430
f 3377/6736/3391 3478/6926/3492 3498/6972/3512
f 3490/6967/3504 3502/6978/3516 3491/6960/3505
f 3436/6842/3450 3503/6979/3517 3434/6834/3448
f 3240/6460/3254 3504/6980/3518 2903/5815/2917
f 3490/6967/3504 3483/6981/3497 3502/6978/3516
f 3487/6982/3501 3505/6983/3519 3450/6970/3464
f 3277/6534/3291 3079/6166/3093 3323/6621/3337
f 3398/6770/3412 3393/6763/3407 3494/6964/3508
f 3493/6962/3507 3491/6960/3505 3506/6984/3520
f 3497/6971/3511 3507/6985/3521 3473/6914/3487
f 3413/6798/3427 3475/6942/3489 3449/6865/3463
f 3491/6960/3505 3502/6978/3516 3508/6986/3522
f 3079/6166/3093 3024/6038/3038 3509/6987/3523
f 3486/6949/3500 3493/6988/3507 3510/6989/3524
f 3485/6944/3499 3511/6990/3525 3275/6945/3289
f 3483/6981/3497 3512/6991/3526 3502/6978/3516
f 3486/6949/3500 3513/6992/3527 3480/6931/3494
f 3159/6297/3173 3228/6447/3242 3162/6303/3176
f 3427/6824/3441 3495/6965/3509 3471/6993/3485
f 3483/6939/3497 3445/6858/3459 3514/6994/3528
f 3430/6828/3444 3489/6955/3503 3461/6881/3475
f 3474/6975/3488 3496/6995/3510 3497/6971/3511
f 3491/6960/3505 3508/6986/3522 3506/6984/3520
f 3425/6821/3439 3466/6892/3480 3499/6996/3513
f 3448/6864/3462 3434/6900/3448 3515/6997/3529
f 3424/6820/3438 3516/6998/3530 3437/6844/3451
f 3493/6962/3507 3506/6984/3520 3510/6999/3524
f 3409/6843/3423 3517/7000/3531 3436/6842/3450
f 3478/6926/3492 3518/7001/3532 3498/6972/3512
f 3483/6981/3497 3514/7002/3528 3512/6991/3526
f 3487/6953/3501 3480/6931/3494 3519/7003/3533
f 3409/6843/3423 3500/7004/3514 3517/7000/3531
f 3486/6949/3500 3520/7005/3534 3513/6992/3527
f 3486/6949/3500 3510/6989/3524 3521/7006/3535
f 3514/7002/3528 3522/7007/3536 3512/6991/3526
f 3437/7008/3451 3523/7009/3537 3495/7010/3509
f 3445/6858/3459 3524/7011/3538 3514/6994/3528
f 3252/6488/3266 3525/7012/3539 3240/6460/3254
f 3514/6994/3528 3524/7011/3538 3526/7013/3540
f 3487/6953/3501 3519/7003/3533 3505/7014/3519
f 3393/6763/3407 3527/7015/3541 3494/6964/3508
f 3510/6989/3524 3506/7016/3520 3528/7017/3542
f 3473/6921/3487 3527/7015/3541 3393/6763/3407
f 3436/6842/3450 3529/7018/3543 3503/6979/3517
f 3434/6834/3448 3503/6979/3517 3530/7019/3544
f 3497/7020/3511 3496/7021/3510 3531/7022/3545
f 3515/7023/3529 3532/7024/3546 3448/6936/3462
f 3448/6936/3462 3532/7024/3546 3499/6973/3513
f 3449/7025/3463 3533/7026/3547 3433/7027/3447
f 3438/6845/3452 3534/7028/3548 3424/6835/3438
f 3510/6989/3524 3528/7017/3542 3521/7006/3535
f 3424/6835/3438 3534/7028/3548 3516/7029/3530
f 3486/6949/3500 3521/7006/3535 3520/7005/3534
f 3437/7008/3451 3516/7030/3530 3523/7009/3537
f 3514/7002/3528 3526/7031/3540 3522/7007/3536
f 3522/7007/3536 3535/7032/3549 3512/6991/3526
f 3505/6983/3519 3536/7033/3550 3450/6970/3464
f 3534/7034/3548 3523/7009/3537 3516/7030/3530
f 3506/6984/3520 3537/7035/3551 3528/7036/3542
f 3524/7011/3538 3538/7037/3552 3526/7013/3540
f 3506/6984/3520 3508/6986/3522 3537/7035/3551
f 3513/6992/3527 3539/7038/3553 3480/6931/3494
f 3442/6851/3456 3488/6954/3502 3501/6977/3515
f 3531/7039/3545 3540/7040/3554 3497/6971/3511
f 3508/6986/3522 3502/6978/3516 3541/7041/3555
f 3480/6931/3494 3539/7038/3553 3519/7003/3533
f 3522/7007/3536 3526/7031/3540 3535/7032/3549
f 3499/6996/3513 3532/7042/3546 3425/6821/3439
f 3450/6970/3464 3536/7033/3550 3489/6955/3503
f 3496/7021/3510 3461/6881/3475 3542/7043/3556
f 3512/6991/3526 3535/7032/3549 3502/6978/3516
f 3416/6806/3430 3501/6977/3515 3500/6976/3514
f 3496/7021/3510 3540/7044/3554 3531/7022/3545
f 3496/7021/3510 3542/7043/3556 3540/7044/3554
f 3436/6842/3450 3517/7000/3531 3529/7018/3543
f 3524/7011/3538 3445/6858/3459 3543/7045/3557
f 3524/7011/3538 3543/7045/3557 3538/7037/3552
f 3434/6900/3448 3530/7046/3544 3515/6997/3529
f 3203/6392/3217 3544/7047/3558 3274/6531/3288
f 3449/6865/3463 3475/6942/3489 3533/7048/3547
f 3526/7031/3540 3538/7049/3552 3535/7032/3549
f 3508/6986/3522 3541/7041/3555 3537/7035/3551
f 3343/6661/3357 3423/6817/3437 3431/6830/3445
f 3502/6978/3516 3545/7050/3559 3541/7041/3555
f 3489/6955/3503 3546/7051/3560 3461/6881/3475
f 3502/6978/3516 3535/7032/3549 3545/7050/3559
f 3521/7052/3535 3528/7053/3542 3547/7054/3561
f 3542/7043/3556 3461/6881/3475 3546/7051/3560
f 3203/6392/3217 2903/5815/2917 3504/6980/3518
f 3513/6992/3527 3520/7005/3534 3539/7038/3553
f 3494/7055/3508 3518/7056/3532 3478/7057/3492
f 3519/7058/3533 3539/7059/3553 3536/7033/3550
f 3484/6941/3498 3543/7045/3557 3445/6858/3459
f 3505/6983/3519 3519/7058/3533 3536/7033/3550
f 3542/7043/3556 3548/7060/3562 3540/7044/3554
f 3498/6972/3512 3549/7061/3563 3475/6916/3489
f 3520/7062/3534 3521/7052/3535 3547/7054/3561
f 3528/7053/3542 3550/7063/3564 3547/7054/3561
f 3438/6845/3452 3425/6821/3439 3551/7064/3565
f 3471/7065/3485 3495/7010/3509 3484/7066/3498
f 3528/7053/3542 3537/7067/3551 3550/7063/3564
f 3538/7068/3552 3552/7069/3566 3535/7070/3549
f 3525/7012/3539 3504/6980/3518 3240/6460/3254
f 3105/6654/3119 3275/6945/3289 3553/7071/3567
f 3533/7048/3547 3475/6942/3489 3549/7072/3563
f 3543/7045/3557 3552/7073/3566 3538/7037/3552
f 3543/7045/3557 3554/7074/3568 3552/7073/3566
f 3542/7043/3556 3555/7075/3569 3548/7060/3562
f 3498/6972/3512 3518/7001/3532 3549/7061/3563
f 3503/6979/3517 3556/7076/3570 3530/7019/3544
f 3353/6943/3367 3557/7077/3571 3399/7078/3413
f 3532/7024/3546 3515/7023/3529 3530/7079/3544
f 3495/7010/3509 3558/7080/3572 3484/7066/3498
f 3535/7081/3549 3552/7082/3566 3554/7083/3568
f 3541/7041/3555 3559/7084/3573 3537/7035/3551
f 3489/6955/3503 3536/7033/3550 3546/7051/3560
f 3032/6062/3046 3339/6655/3353 3479/6927/3493
f 3323/6621/3337 3079/6166/3093 3560/7085/3574
f 3275/6945/3289 3511/6990/3525 3553/7071/3567
f 3488/6954/3502 3433/6832/3447 3561/7086/3575
f 3523/7009/3537 3558/7080/3572 3495/7010/3509
f 3520/7005/3534 3562/7087/3576 3539/7038/3553
f 3536/7033/3550 3539/7059/3553 3563/7088/3577
f 3503/6979/3517 3529/7018/3543 3556/7076/3570
f 3542/7043/3556 3564/7089/3578 3555/7075/3569
f 3555/7090/3569 3565/7091/3579 3548/7092/3562
f 3533/7026/3547 3561/7093/3575 3433/7027/3447
f 3540/7040/3554 3548/7092/3562 3565/7091/3579
f 3542/7043/3556 3546/7051/3560 3564/7089/3578
f 3547/7054/3561 3566/7094/3580 3562/7095/3576
f 3520/7062/3534 3547/7054/3561 3562/7095/3576
f 3438/6845/3452 3551/7064/3565 3534/7028/3548
f 3539/7059/3553 3562/7096/3576 3563/7088/3577
f 3399/7078/3413 3557/7077/3571 3453/7097/3467
f 3203/6392/3217 3504/6980/3518 3544/7047/3558
f 3473/7098/3487 3507/7099/3521 3527/7100/3541
f 3530/7101/3544 3567/7102/3581 3532/7042/3546
f 3501/6977/3515 3488/6954/3502 3568/7103/3582
f 3540/7040/3554 3565/7091/3579 3497/6971/3511
f 3545/7050/3559 3535/7032/3549 3569/7104/3583
f 3545/7050/3559 3569/7104/3583 3570/7105/3584
f 3550/7063/3564 3537/7067/3551 3559/7106/3573
f 3274/6531/3288 3571/7107/3585 3220/6432/3234
f 3545/7050/3559 3570/7105/3584 3572/7108/3586
f 3532/7042/3546 3567/7102/3581 3425/6821/3439
f 3541/7041/3555 3572/7108/3586 3559/7084/3573
f 3545/7050/3559 3572/7108/3586 3541/7041/3555
f 3543/7045/3557 3573/7109/3587 3554/7074/3568
f 3547/7054/3561 3550/7063/3564 3574/7110/3588
f 3564/7111/3578 3575/7112/3589 3576/7113/3590
f 3536/7033/3550 3577/7114/3591 3546/7051/3560
f 3527/7100/3541 3578/7115/3592 3494/7055/3508
f 3564/7089/3578 3546/7051/3560 3575/7116/3589
f 3536/7033/3550 3563/7088/3577 3577/7114/3591
f 3564/7111/3578 3565/7091/3579 3555/7090/3569
f 3455/6874/3469 3162/6303/3176 3579/7117/3593
f 3546/7051/3560 3577/7114/3591 3575/7116/3589
f 3405/6795/3419 3394/6794/3408 3580/7118/3594
f 3556/7076/3570 3529/7018/3543 3581/7119/3595
f 3130/6246/3144 3447/6863/3461 3582/7120/3596
f 3220/6432/3234 3571/7107/3585 3583/7121/3597
f 3501/6977/3515 3568/7103/3582 3500/6976/3514
f 3550/7063/3564 3584/7122/3598 3574/7110/3588
f 3556/7123/3570 3567/7102/3581 3530/7101/3544
f 3549/7072/3563 3585/7124/3599 3533/7048/3547
f 3024/6038/3038 3479/6927/3493 3509/6987/3523
f 3564/7111/3578 3576/7113/3590 3565/7091/3579
f 3534/7034/3548 3586/7125/3600 3523/7009/3537
f 3559/7106/3573 3584/7122/3598 3550/7063/3564
f 3562/7096/3576 3566/7126/3580 3563/7088/3577
f 3484/6941/3498 3573/7109/3587 3543/7045/3557
f 3575/7116/3589 3577/7114/3591 3587/7127/3601
f 3575/7112/3589 3587/7128/3601 3588/7129/3602
f 3575/7112/3589 3588/7129/3602 3576/7113/3590
f 3447/6863/3461 3223/6441/3237 3589/7130/3603
f 3554/7131/3568 3573/7132/3587 3590/7133/3604
f 3566/7126/3580 3591/7134/3605 3563/7088/3577
f 3535/7032/3549 3592/7135/3606 3569/7104/3583
f 3535/7081/3549 3554/7083/3568 3593/7136/3607
f 3558/7080/3572 3594/7137/3608 3484/7066/3498
f 3587/7138/3601 3577/7139/3591 3588/7140/3602
f 3533/7026/3547 3595/7141/3609 3561/7093/3575
f 3547/7054/3561 3574/7110/3588 3566/7094/3580
f 3353/6943/3367 3481/6932/3495 3557/7077/3571
f 3577/7114/3591 3596/7142/3610 3588/7143/3602
f 3563/7088/3577 3591/7134/3605 3597/7144/3611
f 3527/7100/3541 3507/7099/3521 3598/7145/3612
f 3563/7088/3577 3597/7144/3611 3577/7114/3591
f 3527/7100/3541 3598/7145/3612 3578/7115/3592
f 3554/7146/3568 3590/7147/3604 3593/7148/3607
f 3533/7026/3547 3585/7149/3599 3595/7141/3609
f 3577/7114/3591 3597/7144/3611 3596/7142/3610
f 3572/7108/3586 3570/7105/3584 3599/7150/3613
f 3394/6794/3408 3600/7151/3614 3580/7118/3594
f 3500/7004/3514 3568/7152/3582 3517/7000/3531
f 3572/7153/3586 3601/7154/3615 3559/7106/3573
f 3544/7047/3558 3504/6980/3518 3602/7155/3616
f 3549/7072/3563 3603/7156/3617 3585/7124/3599
f 3567/7102/3581 3604/7157/3618 3425/6821/3439
f 3596/7158/3610 3605/7159/3619 3588/7129/3602
f 3535/7160/3549 3593/7161/3607 3592/7162/3606
f 3523/7009/3537 3606/7163/3620 3558/7080/3572
f 3497/6971/3511 3565/7091/3579 3507/6985/3521
f 3484/6941/3498 3607/7164/3621 3573/7109/3587
f 3494/7055/3508 3608/7165/3622 3518/7056/3532
f 3597/7166/3611 3605/7159/3619 3596/7158/3610
f 3494/7055/3508 3578/7115/3592 3608/7165/3622
f 3518/7001/3532 3603/7167/3617 3549/7061/3563
f 3518/7001/3532 3608/7168/3622 3603/7167/3617
f 3565/7091/3579 3609/7169/3623 3507/6985/3521
f 3588/7129/3602 3610/7170/3624 3576/7113/3590
f 3590/7171/3604 3573/7172/3587 3593/7173/3607
f 3572/7153/3586 3611/7174/3625 3601/7154/3615
f 3118/6223/3132 3452/6871/3466 3525/7012/3539
f 3118/6223/3132 3525/7012/3539 3252/6488/3266
f 3588/7129/3602 3605/7159/3619 3610/7170/3624
f 3573/7175/3587 3607/7176/3621 3612/7177/3626
f 3559/7106/3573 3601/7154/3615 3584/7122/3598
f 3569/7104/3583 3613/7178/3627 3570/7105/3584
f 3517/7000/3531 3568/7152/3582 3529/7018/3543
f 3591/7134/3605 3566/7126/3580 3614/7179/3628
f 3561/7086/3575 3615/7180/3629 3488/6954/3502
f 3560/7085/3574 3079/6166/3093 3509/6987/3523
f 3566/7126/3580 3616/7181/3630 3617/7182/3631
f 3603/7156/3617 3618/7183/3632 3585/7124/3599
f 3591/7134/3605 3614/7179/3628 3619/7184/3633
f 3566/7126/3580 3574/7185/3588 3616/7181/3630
f 3425/6821/3439 3604/7157/3618 3551/7064/3565
f 3576/7113/3590 3610/7170/3624 3565/7091/3579
f 3584/7122/3598 3620/7186/3634 3574/7110/3588
f 3566/7126/3580 3617/7182/3631 3614/7179/3628
f 3621/7187/3635 3323/6621/3337 3560/7085/3574
f 3223/6441/3237 3323/6621/3337 3589/7130/3603
f 3612/7188/3626 3593/7189/3607 3573/7109/3587
f 3617/7182/3631 3622/7190/3636 3614/7179/3628
f 3556/7076/3570 3581/7119/3595 3567/7191/3581
f 3586/7125/3600 3623/7192/3637 3523/7009/3537
f 3572/7153/3586 3599/7193/3613 3611/7174/3625
f 3614/7179/3628 3622/7190/3636 3619/7184/3633
f 3618/7183/3632 3603/7156/3617 3624/7194/3638
f 3570/7105/3584 3613/7178/3627 3599/7150/3613
f 3574/7185/3588 3620/7195/3634 3616/7181/3630
f 3507/6985/3521 3609/7169/3623 3625/7196/3639
f 3612/7188/3626 3607/7164/3621 3593/7189/3607
f 3523/7009/3537 3623/7192/3637 3606/7163/3620
f 3584/7122/3598 3601/7154/3615 3626/7197/3640
f 3220/6432/3234 3583/7121/3597 3458/6877/3472
f 3561/7086/3575 3595/7198/3609 3615/7180/3629
f 3565/7091/3579 3610/7170/3624 3627/7199/3641
f 3567/7102/3581 3581/7200/3595 3628/7201/3642
f 3567/7102/3581 3628/7201/3642 3604/7157/3618
f 3228/6447/3242 3579/7117/3593 3162/6303/3176
f 3618/7202/3632 3629/7203/3643 3585/7149/3599
f 3585/7149/3599 3629/7203/3643 3595/7141/3609
f 3485/6944/3499 3630/7204/3644 3631/7205/3645
f 3485/6944/3499 3631/7205/3645 3511/6990/3525
f 3488/6954/3502 3615/7180/3629 3632/7206/3646
f 3591/7207/3605 3619/7208/3633 3597/7209/3611
f 3507/7099/3521 3625/7210/3639 3598/7145/3612
f 3619/7211/3633 3633/7212/3647 3597/7166/3611
f 3453/6872/3467 3557/7213/3571 3634/7214/3648
f 3584/7122/3598 3626/7197/3640 3620/7186/3634
f 3484/6941/3498 3594/7215/3608 3607/7164/3621
f 3603/7167/3617 3608/7168/3622 3624/7216/3638
f 3488/6954/3502 3632/7206/3646 3568/7103/3582
f 3622/7217/3636 3617/7218/3631 3635/7219/3649
f 3565/7091/3579 3627/7199/3641 3609/7169/3623
f 3616/7220/3630 3636/7221/3650 3617/7218/3631
f 3569/7104/3583 3637/7222/3651 3613/7178/3627
f 3622/7217/3636 3635/7219/3649 3619/7223/3633
f 3534/7028/3548 3551/7064/3565 3586/7224/3600
f 3569/7104/3583 3592/7135/3606 3638/7225/3652
f 3569/7104/3583 3638/7225/3652 3637/7222/3651
f 3581/7119/3595 3529/7018/3543 3639/7226/3653
f 3617/7218/3631 3636/7221/3650 3635/7219/3649
f 3605/7159/3619 3597/7166/3611 3633/7212/3647
f 3605/7159/3619 3633/7212/3647 3610/7170/3624
f 3130/6246/3144 3582/7120/3596 3228/6447/3242
f 3619/7227/3633 3635/7228/3649 3640/7229/3654
f 3504/6980/3518 3641/7230/3655 3602/7155/3616
f 3558/7080/3572 3642/7231/3656 3594/7137/3608
f 3618/7202/3632 3624/7232/3638 3629/7203/3643
f 3544/7047/3558 3571/7107/3585 3274/6531/3288
f 3405/6795/3419 3580/7118/3594 3485/6944/3499
f 3301/6577/3315 3472/6908/3486 3452/6871/3466
f 3640/7233/3654 3633/7212/3647 3619/7211/3633
f 3607/7164/3621 3594/7215/3608 3643/7234/3657
f 3607/7164/3621 3643/7234/3657 3644/7235/3658
f 3636/7236/3650 3616/7237/3630 3645/7238/3659
f 3608/7165/3622 3578/7115/3592 3646/7239/3660
f 3635/7219/3649 3636/7221/3650 3645/7240/3659
f 3105/6654/3119 3553/7071/3567 3339/6655/3353
f 3607/7164/3621 3644/7235/3658 3593/7189/3607
f 3581/7200/3595 3647/7241/3661 3628/7201/3642
f 3616/7242/3630 3648/7243/3662 3645/7244/3659
f 3598/7145/3612 3625/7210/3639 3646/7239/3660
f 3593/7161/3607 3644/7245/3658 3592/7162/3606
f 3578/7115/3592 3598/7145/3612 3646/7239/3660
f 3616/7181/3630 3649/7246/3663 3648/7247/3662
f 3568/7152/3582 3650/7248/3664 3529/7018/3543
f 3529/7018/3543 3650/7248/3664 3639/7226/3653
f 3639/7226/3653 3647/7249/3661 3581/7119/3595
f 3608/7165/3622 3646/7239/3660 3624/7250/3638
f 3610/7170/3624 3651/7251/3665 3627/7199/3641
f 3610/7170/3624 3633/7212/3647 3651/7251/3665
f 3626/7197/3640 3652/7252/3666 3620/7186/3634
f 3629/7203/3643 3624/7232/3638 3653/7253/3667
f 3592/7162/3606 3644/7245/3658 3654/7254/3668
f 3616/7181/3630 3620/7195/3634 3649/7246/3663
f 3586/7125/3600 3655/7255/3669 3623/7192/3637
f 3620/3956/3634 3656/7256/3670 3649/7257/3663
f 3633/7212/3647 3640/7233/3654 3657/7258/3671
f 3485/6944/3499 3580/7118/3594 3630/7204/3644
f 3594/7215/3608 3658/7259/3672 3643/7234/3657
f 3609/7169/3623 3627/7199/3641 3659/7260/3673
f 3609/7169/3623 3659/7260/3673 3625/7196/3639
f 3627/7199/3641 3651/7251/3665 3660/7261/3674
f 3643/3291/3657 3654/7262/3668 3644/3292/3658
f 3606/7163/3620 3623/7192/3637 3661/7263/3675
f 3558/7080/3572 3661/7263/3675 3642/7231/3656
f 3558/7080/3572 3606/7163/3620 3661/7263/3675
f 3648/7243/3662 3649/7264/3663 3645/7244/3659
f 3625/7210/3639 3662/7265/3676 3646/7239/3660
f 3620/7266/3634 3652/5608/3666 3656/7267/3670
f 3645/7268/3659 3663/7269/3677 3635/7228/3649
f 3592/7162/3606 3654/7254/3668 3664/7270/3678
f 3638/7271/3652 3592/7162/3606 3664/7270/3678
f 3645/7268/3659 3649/7272/3663 3663/7269/3677
f 3557/7077/3571 3481/6932/3495 3665/7273/3679
f 3633/7212/3647 3657/7258/3671 3651/7251/3665
f 3624/7250/3638 3646/7239/3660 3666/7274/3680
f 3627/7199/3641 3660/7261/3674 3659/7260/3673
f 3594/7215/3608 3667/7275/3681 3658/7259/3672
f 3594/7215/3608 3668/7276/3682 3667/7275/3681
f 3594/7215/3608 3642/7277/3656 3668/7276/3682
f 3656/7278/3670 3669/7279/3683 3670/7280/3684
f 3656/7281/3670 3670/7282/3684 3649/7283/3663
f 3642/7277/3656 3671/7284/3685 3668/7276/3682
f 3604/7157/3618 3672/7285/3686 3551/7064/3565
f 3613/7178/3627 3637/7222/3651 3673/7286/3687
f 3635/7228/3649 3674/7287/3688 3640/7229/3654
f 3643/7288/3657 3658/7289/3672 3654/7290/3668
f 3629/7203/3643 3653/7253/3667 3595/7141/3609
f 3656/2112/3670 3652/7291/3666 3669/7292/3683
f 3455/6874/3469 3675/7293/3689 3481/6932/3495
f 3649/650/3663 3670/7294/3684 3663/7295/3677
f 3625/7210/3639 3659/7296/3673 3662/7265/3676
f 3635/7228/3649 3663/7269/3677 3674/7287/3688
f 3601/7154/3615 3611/7174/3625 3676/7297/3690
f 3599/7150/3613 3613/7178/3627 3673/7286/3687
f 3479/6927/3493 3339/6655/3353 3677/7298/3691
f 3568/7103/3582 3632/7206/3646 3678/7299/3692
f 3228/6447/3242 3582/7120/3596 3679/7300/3693
f 3586/7224/3600 3551/7064/3565 3655/7301/3669
f 3394/6794/3408 3458/7302/3472 3600/7151/3614
f 3604/7157/3618 3628/7201/3642 3672/7285/3686
f 3666/7274/3680 3646/7239/3660 3680/7303/3694
f 3666/7304/3680 3680/7305/3694 3653/7253/3667
f 3624/7232/3638 3666/7304/3680 3653/7253/3667
f 3662/7265/3676 3681/7306/3695 3646/7239/3660
f 3664/7270/3678 3682/7307/3696 3638/7271/3652
f 3646/7239/3660 3683/7308/3697 3680/7303/3694
f 3652/7252/3666 3684/7309/3698 3669/7279/3683
f 3599/7193/3613 3685/7310/3699 3611/7174/3625
f 3599/7193/3613 3673/7311/3687 3685/7310/3699
f 3669/7279/3683 3684/7309/3698 3670/7280/3684
f 3628/7201/3642 3647/7241/3661 3672/7285/3686
f 3662/7265/3676 3659/7296/3673 3681/7306/3695
f 3638/7312/3652 3686/7313/3700 3637/7314/3651
f 3658/7315/3672 3664/7316/3678 3654/2611/3668
f 3579/7117/3593 3675/7293/3689 3455/6874/3469
f 3642/7231/3656 3661/7263/3675 3671/7317/3685
f 3423/6817/3437 3453/6872/3467 3687/7318/3701
f 3663/7269/3677 3670/7319/3684 3684/7320/3698
f 3611/7174/3625 3685/7310/3699 3676/7297/3690
f 3674/7287/3688 3663/7269/3677 3688/7321/3702
f 3655/7301/3669 3551/7064/3565 3689/7322/3703
f 3639/7226/3653 3690/7323/3704 3647/7249/3661
f 3676/7297/3690 3626/7197/3640 3601/7154/3615
f 3637/7314/3651 3686/7313/3700 3673/7324/3687
f 3674/7325/3688 3657/7258/3671 3640/7233/3654
f 3658/7326/3672 3691/7327/3705 3664/7270/3678
f 3595/7198/3609 3692/7328/3706 3615/7180/3629
f 3228/6447/3242 3679/7300/3693 3579/7117/3593
f 3447/6863/3461 3589/7130/3603 3582/7120/3596
f 3680/7303/3694 3693/7329/3707 3694/7330/3708
f 3667/7331/3681 3691/7332/3705 3658/7333/3672
f 3646/7239/3660 3681/7306/3695 3683/7308/3697
f 3431/6830/3445 3423/6817/3437 3687/7318/3701
f 3638/7312/3652 3682/7334/3696 3686/7313/3700
f 3453/6872/3467 3634/7214/3648 3687/7318/3701
f 3680/7303/3694 3683/7308/3697 3693/7329/3707
f 3652/7252/3666 3626/7197/3640 3695/7335/3709
f 3431/6830/3445 3696/7336/3710 3280/6538/3294
f 3652/7252/3666 3695/7335/3709 3684/7309/3698
f 3458/7302/3472 3583/7337/3597 3697/7338/3711
f 3686/7313/3700 3698/7339/3712 3673/7324/3687
f 3659/7296/3673 3699/7340/3713 3681/7306/3695
f 3568/7152/3582 3678/7341/3692 3700/7342/3714
f 3632/7206/3646 3701/7343/3715 3678/7299/3692
f 3632/7206/3646 3615/7180/3629 3701/7343/3715
f 3660/7344/3674 3699/7340/3713 3659/7296/3673
f 3693/7329/3707 3683/7308/3697 3702/7345/3716
f 3693/7329/3707 3703/7346/3717 3694/7330/3708
f 3639/7226/3653 3704/7347/3718 3690/7323/3704
f 3647/7241/3661 3690/7348/3704 3672/7285/3686
f 3657/7258/3671 3705/7349/3719 3651/7251/3665
f 3684/7320/3698 3706/7350/3720 3663/7269/3677
f 3681/7306/3695 3699/7340/3713 3683/7308/3697
f 3568/7152/3582 3700/7342/3714 3650/7248/3664
f 3703/7346/3717 3693/7329/3707 3707/7351/3721
f 3702/7345/3716 3683/7308/3697 3699/7340/3713
f 3653/7253/3667 3680/7305/3694 3708/7352/3722
f 3472/6908/3486 3709/7353/3723 3710/7354/3724
f 3458/7302/3472 3697/7338/3711 3600/7151/3614
f 3639/7226/3653 3650/7248/3664 3704/7347/3718
f 3688/7355/3702 3711/7356/3725 3674/7357/3688
f 3653/7253/3667 3712/7358/3726 3595/7141/3609
f 3623/7192/3637 3713/7359/3727 3661/7263/3675
f 3595/7141/3609 3712/7358/3726 3692/7360/3706
f 3525/7012/3539 3452/6871/3466 3714/7361/3728
f 3693/7329/3707 3702/7345/3716 3707/7351/3721
f 3655/7255/3669 3715/7362/3729 3623/7192/3637
f 3452/6871/3466 3710/7354/3724 3714/7361/3728
f 3657/7258/3671 3674/7325/3688 3705/7349/3719
f 3525/7012/3539 3714/7361/3728 3716/7363/3730
f 3334/6646/3348 3374/7364/3388 3709/7353/3723
f 3452/6871/3466 3472/6908/3486 3710/7354/3724
f 3694/7365/3708 3703/7366/3717 3708/7352/3722
f 3691/7327/3705 3717/7367/3731 3664/7270/3678
f 3694/7365/3708 3708/7352/3722 3680/7305/3694
f 3511/6990/3525 3631/7205/3645 3718/7368/3732
f 3544/7047/3558 3602/7155/3616 3571/7107/3585
f 3525/7012/3539 3641/7230/3655 3504/6980/3518
f 3703/7366/3717 3707/7369/3721 3719/7370/3733
f 3650/7248/3664 3720/7371/3734 3704/7347/3718
f 3702/7345/3716 3699/7340/3713 3721/7372/3735
f 3668/7373/3682 3717/7374/3731 3667/7331/3681
f 3707/7369/3721 3702/7375/3716 3719/7370/3733
f 3663/7269/3677 3706/7350/3720 3688/7321/3702
f 3667/7331/3681 3717/7374/3731 3691/7332/3705
f 3674/7357/3688 3711/7356/3725 3705/7376/3719
f 3339/6655/3353 3722/7377/3736 3677/7298/3691
f 3509/6987/3523 3723/7378/3737 3560/7085/3574
f 3724/7379/3738 3660/7261/3674 3651/7251/3665
f 3695/7335/3709 3626/7197/3640 3725/7380/3739
f 3695/7335/3709 3726/7381/3740 3684/7309/3698
f 3704/7347/3718 3720/7371/3734 3690/7323/3704
f 3664/7270/3678 3717/7367/3731 3727/7382/3741
f 3684/7320/3698 3726/7383/3740 3706/7350/3720
f 3655/7301/3669 3689/7322/3703 3715/7384/3729
f 3660/7344/3674 3724/7385/3738 3699/7340/3713
f 3703/7366/3717 3719/7370/3733 3708/7352/3722
f 3705/7349/3719 3724/7379/3738 3651/7251/3665
f 3705/7349/3719 3728/7386/3742 3724/7379/3738
f 3701/7387/3715 3700/7388/3714 3678/7389/3692
f 3721/7372/3735 3729/7390/3743 3730/7391/3744
f 3431/6830/3445 3687/7318/3701 3696/7336/3710
f 3688/7321/3702 3706/7350/3720 3731/7392/3745
f 3721/7393/3735 3730/7394/3744 3719/7370/3733
f 3650/7248/3664 3700/7342/3714 3732/7395/3746
f 3720/7371/3734 3733/7396/3747 3690/7323/3704
f 3721/7372/3735 3699/7340/3713 3729/7390/3743
f 3719/7370/3733 3730/7394/3744 3708/7352/3722
f 3729/7390/3743 3699/7340/3713 3730/7391/3744
f 3511/6990/3525 3718/7368/3732 3553/7071/3567
f 3676/7297/3690 3734/7397/3748 3626/7197/3640
f 3695/7335/3709 3725/7380/3739 3726/7381/3740
f 3650/7248/3664 3732/7395/3746 3720/7371/3734
f 3690/7348/3704 3735/7398/3749 3672/7285/3686
f 3685/7310/3699 3736/7399/3750 3676/7297/3690
f 3623/7192/3637 3737/7400/3751 3713/7359/3727
f 3623/7192/3637 3715/7362/3729 3737/7400/3751
f 3557/7213/3571 3665/7401/3679 3634/7214/3648
f 3685/7310/3699 3673/7311/3687 3738/7402/3752
f 3699/7340/3713 3739/7403/3753 3730/7391/3744
f 3730/7394/3744 3740/7404/3754 3708/7352/3722
f 3664/7270/3678 3727/7382/3741 3682/7307/3696
f 3626/7405/3640 3741/7406/3755 3725/7407/3739
f 3672/7285/3686 3689/7322/3703 3551/7064/3565
f 3661/7263/3675 3713/7359/3727 3671/7317/3685
f 3615/7180/3629 3742/7408/3756 3701/7343/3715
f 3739/7409/3753 3743/7410/3757 3730/7394/3744
f 3615/7180/3629 3692/7328/3706 3742/7408/3756
f 3699/7340/3713 3744/7411/3758 3739/7403/3753
f 3676/7297/3690 3736/7399/3750 3734/7397/3748
f 3717/7367/3731 3745/7412/3759 3727/7382/3741
f 3682/7334/3696 3746/7413/3760 3686/7313/3700
f 3673/7324/3687 3698/7339/3712 3738/7414/3752
f 3509/6987/3523 3479/6927/3493 3723/7378/3737
f 3323/6621/3337 3621/7187/3635 3589/7130/3603
f 3720/7371/3734 3747/7415/3761 3733/7396/3747
f 3743/7410/3757 3740/7404/3754 3730/7394/3744
f 3668/7276/3682 3671/7284/3685 3748/7416/3762
f 3728/7417/3742 3749/7418/3763 3724/7385/3738
f 3725/7380/3739 3741/7419/3755 3726/7381/3740
f 3668/7373/3682 3745/7420/3759 3717/7374/3731
f 3699/7340/3713 3724/7385/3738 3749/7418/3763
f 3668/7373/3682 3748/7421/3762 3745/7420/3759
f 3705/7349/3719 3711/7422/3725 3728/7386/3742
f 3690/7348/3704 3733/7423/3747 3735/7398/3749
f 3739/7409/3753 3744/7424/3758 3743/7410/3757
f 3726/7381/3740 3741/7419/3755 3750/7425/3764
f 3720/7371/3734 3732/7395/3746 3747/7415/3761
f 3738/7402/3752 3736/7399/3750 3685/7310/3699
f 3706/7350/3720 3726/7383/3740 3751/7426/3765
f 3731/7427/3745 3752/7428/3766 3688/7355/3702
f 3671/7317/3685 3713/7359/3727 3748/7421/3762
f 3740/7404/3754 3753/7429/3767 3708/7352/3722
f 3699/7340/3713 3749/7418/3763 3744/7411/3758
f 3374/6730/3388 3280/6538/3294 3696/7336/3710
f 3626/7197/3640 3734/7397/3748 3754/7430/3768
f 3626/7197/3640 3754/7430/3768 3741/7419/3755
f 3744/7431/3758 3749/7432/3763 3755/7433/3769
f 3688/7355/3702 3752/7428/3766 3711/7356/3725
f 3743/7410/3757 3744/7424/3758 3740/7404/3754
f 3708/7352/3722 3712/7358/3726 3653/7253/3667
f 3686/7313/3700 3756/7434/3770 3698/7339/3712
f 3553/7071/3567 3718/7368/3732 3339/6655/3353
f 3747/7435/3761 3757/7436/3771 3733/7437/3747
f 3472/6908/3486 3334/6646/3348 3709/7353/3723
f 3733/7438/3747 3757/7439/3771 3735/7440/3749
f 3682/7307/3696 3727/7382/3741 3758/7441/3772
f 3682/7334/3696 3758/7442/3772 3746/7413/3760
f 3738/7402/3752 3759/7443/3773 3736/7399/3750
f 3749/7444/3763 3760/7445/3774 3761/7446/3775
f 3741/7419/3755 3754/7430/3768 3750/7425/3764
f 3745/7412/3759 3762/7447/3776 3727/7382/3741
f 3749/7432/3763 3761/7448/3775 3755/7433/3769
f 3742/7449/3756 3763/7450/3777 3701/7387/3715
f 3749/7451/3763 3728/7452/3742 3760/7453/3774
f 3745/7420/3759 3748/7421/3762 3762/7454/3776
f 3711/7356/3725 3764/7455/3778 3728/7456/3742
f 3715/7362/3729 3689/7457/3703 3765/7458/3779
f 3731/7392/3745 3706/7350/3720 3766/7459/3780
f 3754/7460/3768 3767/7461/3781 3750/7462/3764
f 3579/7117/3593 3679/7300/3693 3675/7293/3689
f 3715/7362/3729 3768/7463/3782 3737/7400/3751
f 3708/7352/3722 3769/7464/3783 3712/7358/3726
f 3698/7339/3712 3756/7434/3770 3738/7414/3752
f 3712/7358/3726 3769/7464/3783 3692/7360/3706
f 3731/7427/3745 3770/7465/3784 3752/7428/3766
f 3740/7404/3754 3771/7466/3785 3753/7429/3767
f 3706/7350/3720 3751/7426/3765 3766/7459/3780
f 3560/7085/3574 3723/7378/3737 3621/7187/3635
f 3672/7285/3686 3772/7467/3786 3689/7322/3703
f 3701/7387/3715 3773/7468/3787 3700/7388/3714
f 3602/7155/3616 3583/7121/3597 3571/7107/3585
f 3759/7443/3773 3734/7397/3748 3736/7399/3750
f 3726/7383/3740 3750/7462/3764 3751/7426/3765
f 3755/7433/3769 3761/7448/3775 3774/7469/3788
f 3755/7470/3769 3774/7471/3788 3744/7472/3758
f 3630/7204/3644 3580/7118/3594 3775/7473/3789
f 3732/7395/3746 3776/7474/3790 3747/7415/3761
f 3747/7435/3761 3776/7475/3790 3757/7436/3771
f 3760/7476/3774 3777/7477/3791 3761/2358/3775
f 3708/7352/3722 3753/7429/3767 3769/7464/3783
f 3746/7413/3760 3756/7434/3770 3686/7313/3700
f 3740/7404/3754 3744/7424/3758 3771/7466/3785
f 3744/7424/3758 3778/7478/3792 3771/7466/3785
f 3641/7230/3655 3525/7012/3539 3779/7479/3793
f 3582/7120/3596 3589/7130/3603 3780/7480/3794
f 3761/7481/3775 3777/7482/3791 3781/7483/3795
f 3715/7362/3729 3765/7458/3779 3782/7484/3796
f 3701/7387/3715 3763/7450/3777 3773/7468/3787
f 3697/7338/3711 3583/7337/3597 3600/7151/3614
f 3742/7449/3756 3692/7485/3706 3763/7450/3777
f 3756/7434/3770 3783/7486/3797 3738/7414/3752
f 3761/7481/3775 3781/7483/3795 3774/7487/3788
f 3760/7476/3774 3784/7488/3798 3777/7477/3791
f 3689/7322/3703 3772/7467/3786 3765/7489/3779
f 3731/7392/3745 3766/7459/3780 3770/7490/3784
f 3744/7424/3758 3774/7491/3788 3778/7478/3792
f 3672/7285/3686 3735/7398/3749 3772/7467/3786
f 3713/7359/3727 3737/7400/3751 3785/7492/3799
f 3760/7493/3774 3728/7494/3742 3784/7495/3798
f 3769/7464/3783 3786/7496/3800 3692/7360/3706
f 3738/7402/3752 3783/7497/3797 3759/7443/3773
f 3753/7429/3767 3787/7498/3801 3769/7464/3783
f 3752/7428/3766 3788/7499/3802 3711/7356/3725
f 3753/7429/3767 3771/7466/3785 3789/7500/3803
f 3737/7400/3751 3768/7463/3782 3785/7492/3799
f 3580/7118/3594 3600/7151/3614 3775/7473/3789
f 3764/7501/3778 3784/7495/3798 3728/7494/3742
f 3715/7362/3729 3782/7484/3796 3768/7463/3782
f 3767/7461/3781 3790/7502/3804 3750/7462/3764
f 3732/7395/3746 3700/7342/3714 3791/5925/3805
f 3748/7421/3762 3792/7503/3806 3762/7454/3776
f 3479/6927/3493 3677/7298/3691 3723/7378/3737
f 3754/7460/3768 3790/7502/3804 3767/7461/3781
f 3753/7504/3767 3789/7505/3803 3787/4355/3801
f 3589/7130/3603 3621/7187/3635 3780/7480/3794
f 3525/7012/3539 3716/7363/3730 3779/7479/3793
f 3692/7506/3706 3786/7507/3800 3763/7508/3777
f 3727/7382/3741 3793/7509/3807 3758/7441/3772
f 3776/7475/3790 3794/7510/3808 3757/7436/3771
f 3711/7356/3725 3788/7499/3802 3764/7455/3778
f 3641/7230/3655 3779/7479/3793 3602/7155/3616
f 3750/7462/3764 3795/7511/3809 3751/7426/3765
f 3777/7482/3791 3784/7512/3798 3781/7483/3795
f 3748/7421/3762 3713/7359/3727 3792/7503/3806
f 3700/7388/3714 3773/7468/3787 3791/7513/3805
f 3789/7500/3803 3771/7466/3785 3787/7498/3801
f 3481/6932/3495 3675/7293/3689 3665/7273/3679
f 3746/7413/3760 3796/7514/3810 3756/7434/3770
f 3769/7464/3783 3797/7515/3811 3786/7496/3800
f 3792/7503/3806 3798/7516/3812 3762/7454/3776
f 3790/7502/3804 3795/7511/3809 3750/7462/3764
f 3713/7359/3727 3785/7492/3799 3792/7503/3806
f 3778/7478/3792 3799/7517/3813 3771/7466/3785
f 3769/7464/3783 3800/7518/3814 3797/7515/3811
f 3732/7519/3746 3791/7520/3805 3776/7475/3790
f 3752/7428/3766 3770/7465/3784 3788/7499/3802
f 3784/7495/3798 3764/7501/3778 3801/7521/3815
f 3771/7466/3785 3802/7522/3816 3787/7498/3801
f 3758/7442/3772 3796/7514/3810 3746/7413/3760
f 3754/7523/3768 3803/7524/3817 3790/7525/3804
f 3771/7466/3785 3799/7517/3813 3802/7522/3816
f 3769/7526/3783 3804/7527/3818 3800/7528/3814
f 3735/7440/3749 3757/7439/3771 3794/7529/3808
f 3774/7491/3788 3781/7530/3795 3805/7531/3819
f 3762/7447/3776 3798/7532/3812 3727/7382/3741
f 3751/7426/3765 3806/7533/3820 3766/7459/3780
f 3785/7492/3799 3768/7463/3782 3807/7534/3821
f 3339/6655/3353 3718/7368/3732 3722/7377/3736
f 3787/7535/3801 3804/7527/3818 3769/7526/3783
f 3754/7430/3768 3734/7397/3748 3808/7536/3822
f 3583/7337/3597 3602/7537/3616 3809/7538/3823
f 3791/7520/3805 3810/7539/3824 3776/7475/3790
f 3790/7525/3804 3803/7524/3817 3795/7540/3809
f 3709/7353/3723 3811/7541/3825 3710/7354/3724
f 3776/7475/3790 3810/7539/3824 3794/7510/3808
f 3778/7478/3792 3774/7491/3788 3799/7517/3813
f 3754/7523/3768 3808/7542/3822 3803/7524/3817
f 3774/7491/3788 3805/7531/3819 3799/7517/3813
f 3784/7512/3798 3801/7543/3815 3812/7544/3826
f 3792/7503/3806 3785/7492/3799 3798/7516/3812
f 3794/7529/3808 3810/7545/3824 3735/7440/3749
f 3765/7489/3779 3772/7467/3786 3813/7546/3827
f 3770/7465/3784 3814/7547/3828 3788/7499/3802
f 3714/7361/3728 3710/7354/3724 3815/7548/3829
f 3804/7527/3818 3816/7549/3830 3800/7528/3814
f 3630/7204/3644 3775/7473/3789 3631/7205/3645
f 3781/7483/3795 3784/7512/3798 3812/7544/3826
f 3781/7483/3795 3812/7544/3826 3817/7550/3831
f 3764/7501/3778 3818/7551/3832 3801/7521/3815
f 3710/7354/3724 3819/7552/3833 3815/7548/3829
f 3734/7397/3748 3759/7443/3773 3820/7553/3834
f 3758/7442/3772 3821/7554/3835 3796/7514/3810
f 3803/7524/3817 3808/7542/3822 3822/7555/3836
f 3801/7556/3815 3818/7557/3832 3823/7558/3837
f 3735/7398/3749 3824/7559/3838 3772/7467/3786
f 3766/7560/3780 3825/7561/3839 3770/7465/3784
f 3801/7543/3815 3823/7562/3837 3812/7544/3826
f 3751/7426/3765 3795/7511/3809 3806/7533/3820
f 3800/7518/3814 3826/7563/3840 3797/7515/3811
f 3781/7530/3795 3817/7564/3831 3805/7531/3819
f 3803/7524/3817 3822/7555/3836 3795/7540/3809
f 3374/7364/3388 3696/7565/3710 3709/7353/3723
f 3798/7532/3812 3827/7566/3841 3727/7382/3741
f 3756/7434/3770 3796/7514/3810 3783/7486/3797
f 3770/7465/3784 3825/7561/3839 3814/7547/3828
f 3800/7518/3814 3816/7567/3830 3826/7563/3840
f 3710/7568/3724 3811/7569/3825 3819/7570/3833
f 3758/7442/3772 3793/7571/3807 3821/7554/3835
f 3785/7572/3799 3828/7573/3842 3798/7532/3812
f 3791/7574/3805 3773/7575/3787 3829/7576/3843
f 3813/7546/3827 3830/7577/3844 3765/7489/3779
f 3765/7458/3779 3830/7578/3844 3782/7484/3796
f 3798/7532/3812 3828/7573/3842 3827/7566/3841
f 3727/7382/3741 3827/7566/3841 3793/7509/3807
f 3808/7542/3822 3831/7579/3845 3822/7555/3836
f 3759/7443/3773 3783/7497/3797 3820/7553/3834
f 3804/7527/3818 3832/7580/3846 3816/7549/3830
f 3714/7361/3728 3815/7548/3829 3716/7363/3730
f 3791/7581/3805 3829/7582/3843 3810/7583/3824
f 3818/7557/3832 3833/7584/3847 3823/7558/3837
f 3734/7397/3748 3820/7553/3834 3808/7536/3822
f 3797/7515/3811 3834/7585/3848 3786/7496/3800
f 3797/7515/3811 3826/7563/3840 3834/7585/3848
f 3805/7531/3819 3835/7586/3849 3799/7517/3813
f 3804/7527/3818 3787/7535/3801 3836/7587/3850
f 3795/7540/3809 3822/7555/3836 3837/7588/3851
f 3764/7589/3778 3833/7590/3847 3818/7591/3832
f 3808/7536/3822 3820/7553/3834 3831/7592/3845
f 3823/7562/3837 3833/7593/3847 3812/7544/3826
f 3804/7527/3818 3836/7587/3850 3832/7580/3846
f 3824/7559/3838 3838/7594/3852 3772/7467/3786
f 3582/7120/3596 3839/7595/3853 3840/7596/3854
f 3806/7533/3820 3841/7597/3855 3766/7459/3780
f 3805/7531/3819 3817/7564/3831 3835/7586/3849
f 3768/7463/3782 3842/7598/3856 3807/7534/3821
f 3787/7535/3801 3802/7599/3816 3843/7600/3857
f 3782/7484/3796 3842/7598/3856 3768/7463/3782
f 3807/7534/3821 3844/7601/3858 3785/7492/3799
f 3799/7517/3813 3835/7586/3849 3802/7522/3816
f 3785/7572/3799 3844/7602/3858 3828/7573/3842
f 3583/7337/3597 3845/7603/3859 3600/7151/3614
f 3766/7560/3780 3841/7604/3855 3825/7561/3839
f 3812/7544/3826 3833/7593/3847 3846/7605/3860
f 3772/7467/3786 3838/7594/3852 3813/7546/3827
f 3822/7555/3836 3831/7579/3845 3837/7588/3851
f 3817/7606/3831 3812/7607/3826 3847/7608/3861
f 3812/7609/3826 3848/7610/3862 3847/2354/3861
f 3832/7611/3846 3826/7563/3840 3816/7567/3830
f 3832/7611/3846 3836/7612/3850 3826/7563/3840
f 3786/7613/3800 3849/7614/3863 3763/7450/3777
f 3783/7486/3797 3796/7514/3810 3820/7615/3834
f 3821/7554/3835 3850/7616/3864 3796/7514/3810
f 3829/7576/3843 3851/7617/3865 3810/3191/3824
f 3802/7599/3816 3852/7618/3866 3843/7600/3857
f 3787/7535/3801 3843/7600/3857 3836/7587/3850
f 3826/7563/3840 3836/7612/3850 3853/7619/3867
f 3709/7620/3723 3696/7621/3710 3854/7622/3868
f 3679/7300/3693 3855/7623/3869 3675/7293/3689
f 3807/7534/3821 3856/7624/3870 3844/7601/3858
f 3831/7592/3845 3820/7553/3834 3857/7625/3871
f 3829/7576/3843 3773/7575/3787 3851/7617/3865
f 3782/7484/3796 3830/7578/3844 3858/7626/3872
f 3782/7484/3796 3858/7626/3872 3842/7598/3856
f 3831/7579/3845 3857/7627/3871 3837/7588/3851
f 3845/7603/3859 3775/7473/3789 3600/7151/3614
f 3844/7602/3858 3856/7628/3870 3828/7573/3842
f 3817/7564/3831 3847/7629/3861 3835/7586/3849
f 3679/7300/3693 3840/7596/3854 3855/7623/3869
f 3842/7598/3856 3856/7624/3870 3807/7534/3821
f 3735/7398/3749 3859/7630/3873 3824/7559/3838
f 3810/7545/3824 3860/7631/3874 3735/7440/3749
f 3810/7545/3824 3851/7632/3865 3860/7631/3874
f 3812/7544/3826 3846/7605/3860 3848/7633/3862
f 3833/7593/3847 3861/7634/3875 3846/7605/3860
f 3795/7635/3809 3837/5508/3851 3862/7636/3876
f 3795/7637/3809 3862/7638/3876 3863/7639/3877
f 3802/7522/3816 3835/7586/3849 3852/7640/3866
f 3836/7612/3850 3843/7641/3857 3864/7642/3878
f 3834/7643/3848 3849/7614/3863 3786/7613/3800
f 3815/7548/3829 3819/7552/3833 3716/7363/3730
f 3582/7120/3596 3840/7596/3854 3679/7300/3693
f 3582/7120/3596 3780/7480/3794 3839/7595/3853
f 3857/7644/3871 3865/7645/3879 3837/7646/3851
f 3634/7647/3648 3866/7648/3880 3687/7649/3701
f 3735/7440/3749 3860/7631/3874 3859/7650/3873
f 3788/7499/3802 3867/7651/3881 3764/7455/3778
f 3796/7514/3810 3850/7616/3864 3820/7615/3834
f 3763/7450/3777 3849/7614/3863 3773/7468/3787
f 3833/7652/3847 3868/5083/3882 3861/7653/3875
f 3809/7538/3823 3845/7603/3859 3583/7337/3597
f 3837/7654/3851 3865/7655/3879 3862/7656/3876
f 3806/7657/3820 3869/7658/3883 3841/7659/3855
f 3856/7628/3870 3870/7660/3884 3828/7573/3842
f 3853/7619/3867 3834/7585/3848 3826/7563/3840
f 3631/7205/3645 3871/7661/3885 3718/7368/3732
f 3764/7589/3778 3868/7662/3882 3833/7590/3847
f 3675/7293/3689 3855/7623/3869 3665/7273/3679
f 3820/7553/3834 3872/7663/3886 3857/7625/3871
f 3764/7589/3778 3867/7664/3881 3868/7662/3882
f 3857/7644/3871 3873/7665/3887 3865/7645/3879
f 3842/7666/3856 3870/7660/3884 3856/7628/3870
f 3857/7667/3871 3872/7668/3886 3873/7669/3887
f 3621/7187/3635 3723/7378/3737 3874/7670/3888
f 3773/7468/3787 3875/7671/3889 3851/7672/3865
f 3793/7571/3807 3876/7673/3890 3821/7554/3835
f 3828/7573/3842 3877/7674/3891 3827/7566/3841
f 3824/7559/3838 3878/7675/3892 3838/7594/3852
f 3813/7676/3827 3879/7677/3893 3830/7678/3844
f 3836/7612/3850 3864/7642/3878 3853/7619/3867
f 3873/7669/3887 3872/7668/3886 3880/7679/3894
f 3873/7665/3887 3880/7680/3894 3865/7645/3879
f 3806/7657/3820 3795/7637/3809 3881/7681/3895
f 3773/7468/3787 3849/7614/3863 3882/7682/3896
f 3861/7634/3875 3868/7683/3882 3846/7605/3860
f 3843/7641/3857 3883/7684/3897 3864/7642/3878
f 3773/7468/3787 3882/7682/3896 3875/7671/3889
f 3870/7660/3884 3877/7674/3891 3828/7573/3842
f 3865/7655/3879 3880/7679/3894 3862/7656/3876
f 3830/7578/3844 3879/7685/3893 3858/7626/3872
f 3665/7273/3679 3884/7686/3898 3634/7647/3648
f 3838/7687/3852 3878/7688/3892 3813/7689/3827
f 3780/7480/3794 3621/7187/3635 3874/7670/3888
f 3821/7554/3835 3885/7690/3899 3850/7616/3864
f 3869/7691/3883 3886/7692/3900 3841/7604/3855
f 3795/7637/3809 3863/7639/3877 3881/7681/3895
f 3875/7693/3889 3887/7694/3901 3851/7632/3865
f 3880/7679/3894 3888/7695/3902 3862/7656/3876
f 3846/7696/3860 3889/7697/3903 3848/7698/3862
f 3820/7615/3834 3850/7616/3864 3890/7699/3904
f 3852/7618/3866 3883/7700/3897 3843/7600/3857
f 3820/7553/3834 3891/7701/3905 3872/7663/3886
f 3851/7632/3865 3887/7694/3901 3860/7631/3874
f 3825/7561/3839 3892/7702/3906 3814/7547/3828
f 3825/7561/3839 3841/7604/3855 3886/7692/3900
f 3842/7598/3856 3858/7626/3872 3893/7703/3907
f 3845/7603/3859 3871/7661/3885 3775/7473/3789
f 3842/7598/3856 3893/7703/3907 3870/7704/3884
f 3872/7668/3886 3888/7695/3902 3880/7679/3894
f 3806/7657/3820 3894/7705/3908 3869/7658/3883
f 3806/7657/3820 3881/7681/3895 3894/7705/3908
f 3859/7630/3873 3895/7706/3909 3824/7559/3838
f 3793/7509/3807 3827/7566/3841 3876/7707/3890
f 3846/7605/3860 3868/7683/3882 3889/7708/3903
f 3788/7499/3802 3814/7547/3828 3892/7702/3906
f 3631/7205/3645 3775/7473/3789 3871/7661/3885
f 3882/7709/3896 3887/7694/3901 3875/7693/3889
f 3852/7618/3866 3896/7710/3910 3883/7700/3897
f 3847/7629/3861 3897/7711/3911 3835/7586/3849
f 3872/7668/3886 3891/7712/3905 3888/7695/3902
f 3835/7586/3849 3897/7711/3911 3898/7713/3912
f 3779/7479/3793 3716/7363/3730 3899/7714/3913
f 3821/7554/3835 3876/7673/3890 3885/7690/3899
f 3811/7569/3825 3709/7620/3723 3854/7622/3868
f 3779/7479/3793 3899/7714/3913 3602/7155/3616
f 3852/7640/3866 3898/7713/3912 3900/7715/3914
f 3867/7651/3881 3788/7499/3802 3901/7716/3915
f 3788/7499/3802 3892/7702/3906 3901/7716/3915
f 3834/7717/3848 3902/7718/3916 3849/7719/3863
f 3849/7720/3863 3903/7721/3917 3882/7722/3896
f 3893/7723/3907 3904/7724/3918 3870/7660/3884
f 3852/7618/3866 3900/7725/3914 3896/7710/3910
f 3893/7723/3907 3858/7726/3872 3904/7724/3918
f 3813/7546/3827 3878/7675/3892 3879/7727/3893
f 3835/7586/3849 3898/7713/3912 3852/7640/3866
f 3716/7728/3730 3819/7570/3833 3899/7729/3913
f 3870/7660/3884 3904/7724/3918 3877/7674/3891
f 3809/7538/3823 3602/7537/3616 3899/7729/3913
f 3824/7559/3838 3895/7706/3909 3878/7675/3892
f 3848/7730/3862 3905/7731/3919 3847/7732/3861
f 3853/7619/3867 3906/7733/3920 3834/7585/3848
f 3867/7734/3881 3901/1723/3915 3907/7735/3921
f 3889/7736/3903 3908/5344/3922 3848/7737/3862
f 3896/7738/3910 3909/7739/3923 3883/7740/3897
f 3820/7553/3834 3910/7741/3924 3891/7701/3905
f 3891/7712/3905 3911/7742/3925 3888/7695/3902
f 3847/7732/3861 3905/7731/3919 3897/7743/3911
f 3820/7553/3834 3890/7744/3904 3910/7741/3924
f 3881/7681/3895 3912/7745/3926 3894/7705/3908
f 3825/7561/3839 3886/7692/3900 3892/7702/3906
f 3722/7377/3736 3718/7368/3732 3871/7661/3885
f 3862/7746/3876 3888/7747/3902 3913/7748/3927
f 3868/7683/3882 3914/7749/3928 3889/7708/3903
f 3863/7639/3877 3912/7745/3926 3881/7681/3895
f 3910/7750/3924 3911/7742/3925 3891/7712/3905
f 3882/7709/3896 3903/7751/3917 3887/7694/3901
f 3867/7651/3881 3907/7752/3921 3915/7753/3929
f 3867/7651/3881 3915/7753/3929 3868/7754/3882
f 3906/7733/3920 3902/7755/3916 3834/7585/3848
f 3868/7756/3882 3915/7757/3929 3914/7758/3928
f 3900/7725/3914 3916/7759/3930 3896/7710/3910
f 3896/7738/3910 3916/7760/3930 3909/7739/3923
f 3878/7675/3892 3917/7761/3931 3879/7727/3893
f 3887/7762/3901 3903/7763/3917 3918/7764/3932
f 3827/7566/3841 3877/7674/3891 3919/7765/3933
f 3888/7747/3902 3911/7766/3925 3913/7748/3927
f 3862/7638/3876 3913/7767/3927 3863/7639/3877
f 3848/7730/3862 3908/7768/3922 3905/7731/3919
f 3811/7569/3825 3854/7622/3868 3819/7570/3833
f 3876/7707/3890 3827/7566/3841 3920/7769/3934
f 3860/7770/3874 3895/7706/3909 3859/7630/3873
f 3827/7566/3841 3919/7765/3933 3920/7769/3934
f 3883/7771/3897 3921/7772/3935 3864/7773/3878
f 3864/7642/3878 3921/7774/3935 3853/7619/3867
f 3887/7694/3901 3918/7775/3932 3860/7631/3874
f 3869/7691/3883 3894/7776/3908 3886/7692/3900
f 3907/7752/3921 3922/7777/3936 3915/7753/3929
f 3850/7616/3864 3885/7690/3899 3890/7699/3904
f 3910/7750/3924 3923/7778/3937 3911/7742/3925
f 3809/7538/3823 3899/7729/3913 3845/7603/3859
f 3722/7377/3736 3871/7661/3885 3924/7779/3938
f 3849/7780/3863 3902/7781/3916 3903/7782/3917
f 3858/7626/3872 3879/7685/3893 3925/7783/3939
f 3909/7784/3923 3926/7785/3940 3883/7771/3897
f 3911/7766/3925 3923/7786/3937 3913/7748/3927
f 3902/7781/3916 3927/7787/3941 3903/7782/3917
f 3634/7647/3648 3884/7686/3898 3928/7788/3942
f 3910/7741/3924 3890/7744/3904 3929/7789/3943
f 3858/7726/3872 3925/7790/3939 3904/7724/3918
f 3910/7750/3924 3929/7791/3943 3923/7778/3937
f 3892/7702/3906 3886/7692/3900 3930/7792/3944
f 3839/7595/3853 3780/7480/3794 3874/7670/3888
f 3677/7298/3691 3924/7779/3938 3723/7378/3737
f 3883/7771/3897 3926/7785/3940 3921/7772/3935
f 3845/7603/3859 3931/7793/3945 3871/7661/3885
f 3930/7792/3944 3901/7716/3915 3892/7702/3906
f 3878/7675/3892 3895/7706/3909 3932/7794/3946
f 3901/7716/3915 3933/7795/3947 3907/7752/3921
f 3677/7298/3691 3722/7377/3736 3924/7779/3938
f 3909/7784/3923 3916/7796/3930 3926/7785/3940
f 3923/7778/3937 3929/7791/3943 3934/7797/3948
f 3903/7751/3917 3927/7798/3941 3918/7775/3932
f 3899/7729/3913 3819/7570/3833 3935/7799/3949
f 3922/7777/3936 3936/7800/3950 3915/7753/3929
f 3853/7619/3867 3937/7801/3951 3906/7733/3920
f 3879/4511/3893 3917/7802/3931 3938/7803/3952
f 3879/7685/3893 3938/7804/3952 3925/7783/3939
f 3907/7752/3921 3933/7795/3947 3922/7777/3936
f 3890/7699/3904 3885/7690/3899 3939/7805/3953
f 3878/7675/3892 3932/7794/3946 3917/7761/3931
f 3925/7790/3939 3940/7806/3954 3904/7724/3918
f 3922/7777/3936 3933/7795/3947 3936/7800/3950
f 3923/7786/3937 3934/7807/3948 3913/7748/3927
f 3905/7731/3919 3908/7768/3922 3941/7808/3955
f 3876/7673/3890 3942/7809/3956 3885/7690/3899
f 3853/7619/3867 3921/7774/3935 3937/7801/3951
f 3723/7378/3737 3924/7779/3938 3943/7810/3957
f 3855/7623/3869 3944/7811/3958 3884/7686/3898
f 3902/7781/3916 3945/7812/3959 3927/7787/3941
f 3920/7813/3934 3946/7814/3960 3876/7673/3890
f 3902/7781/3916 3947/7815/3961 3945/7812/3959
f 3916/7816/3930 3900/7817/3914 3948/7818/3962
f 3895/7706/3909 3860/7770/3874 3932/7794/3946
f 3876/7673/3890 3946/7814/3960 3942/7809/3956
f 3877/7674/3891 3949/7819/3963 3919/7765/3933
f 3927/7798/3941 3950/7820/3964 3918/7775/3932
f 3905/7731/3919 3951/7821/3965 3897/7743/3911
f 3904/7822/3918 3940/7823/3954 3952/7824/3966
f 3889/7825/3903 3941/7808/3955 3908/7768/3922
f 3696/7621/3710 3687/7649/3701 3866/7648/3880
f 3855/7623/3869 3884/7686/3898 3665/7273/3679
f 3845/7603/3859 3899/7729/3913 3935/7799/3949
f 3840/7596/3854 3839/7595/3853 3944/7811/3958
f 3925/7790/3939 3938/7826/3952 3940/7806/3954
f 3926/7827/3940 3916/7828/3930 3948/7829/3962
f 3885/7690/3899 3942/7809/3956 3953/7830/3967
f 3904/7724/3918 3952/7831/3966 3877/7674/3891
f 3918/7775/3932 3954/7832/3968 3860/7631/3874
f 3900/7715/3914 3898/7713/3912 3955/7833/3969
f 3950/7820/3964 3954/7832/3968 3918/7775/3932
f 3863/7639/3877 3956/7834/3970 3912/7745/3926
f 3929/7791/3943 3957/7835/3971 3934/7797/3948
f 3890/7744/3904 3939/7836/3953 3929/7789/3943
f 3927/7798/3941 3945/7837/3959 3950/7820/3964
f 3913/7767/3927 3956/7834/3970 3863/7639/3877
f 3840/7596/3854 3944/7811/3958 3855/7623/3869
f 3696/7621/3710 3866/7648/3880 3854/7622/3868
f 3929/7791/3943 3939/7805/3953 3957/7835/3971
f 3894/7776/3908 3958/7838/3972 3886/7692/3900
f 3866/7648/3880 3634/7647/3648 3928/7788/3942
f 3894/7705/3908 3912/7745/3926 3959/7839/3973
f 3933/7795/3947 3901/7716/3915 3960/7840/3974
f 3933/7841/3947 3960/7842/3974 3936/7843/3950
f 3894/7705/3908 3959/7839/3973 3958/7844/3972
f 3945/7837/3959 3961/7845/3975 3950/7820/3964
f 3898/7713/3912 3962/7846/3976 3955/7833/3969
f 3900/7847/3914 3963/7848/3977 3948/7849/3962
f 3926/7850/3940 3964/7851/3978 3921/7774/3935
f 3886/7692/3900 3958/7838/3972 3930/7792/3944
f 3905/7731/3919 3941/7808/3955 3951/7821/3965
f 3942/7809/3956 3946/7814/3960 3953/7830/3967
f 3926/7852/3940 3948/7853/3962 3964/7854/3978
f 3845/7603/3859 3965/7855/3979 3931/7793/3945
f 3938/7803/3952 3917/7802/3931 3966/7856/3980
f 3932/7857/3946 3967/7858/3981 3917/7859/3931
f 3889/7708/3903 3914/7749/3928 3941/7860/3955
f 3920/7769/3934 3919/7765/3933 3946/7861/3960
f 3877/7674/3891 3952/7831/3966 3949/7819/3963
f 3885/7690/3899 3953/7830/3967 3939/7805/3953
f 3938/7862/3952 3966/7863/3980 3940/7864/3954
f 3854/7622/3868 3968/7865/3982 3819/7570/3833
f 3936/7843/3950 3960/7842/3974 3969/7866/3983
f 3957/7835/3971 3970/7867/3984 3934/7797/3948
f 3961/7845/3975 3954/7832/3968 3950/7820/3964
f 3934/7807/3948 3971/7868/3985 3913/7748/3927
f 3917/7859/3931 3967/7858/3981 3972/7869/3986
f 3957/7835/3971 3939/7805/3953 3970/7867/3984
f 3917/7870/3931 3972/6093/3986 3966/7871/3980
f 3914/7872/3928 3973/7873/3987 3941/7808/3955
f 3723/7378/3737 3943/7810/3957 3874/7670/3888
f 3945/7837/3959 3947/7874/3961 3961/7845/3975
f 3966/7875/3980 3974/7876/3988 3940/7877/3954
f 3900/7816/3914 3955/7878/3969 3963/7879/3977
f 3860/7770/3874 3975/7880/3989 3932/7794/3946
f 3963/7848/3977 3976/7881/3990 3948/7849/3962
f 3860/7631/3874 3954/7832/3968 3977/7882/3991
f 3940/7823/3954 3978/7883/3992 3952/7824/3966
f 3860/7631/3874 3977/7882/3991 3979/7884/3993
f 3936/7843/3950 3969/7866/3983 3980/7885/3994
f 3936/7843/3950 3980/7885/3994 3915/7757/3929
f 3901/7716/3915 3981/7886/3995 3960/7840/3974
f 3839/7595/3853 3874/7670/3888 3944/7811/3958
f 3947/7874/3961 3982/7887/3996 3961/7845/3975
f 3951/7821/3965 3983/7888/3997 3897/7743/3911
f 3897/7711/3911 3983/7889/3997 3898/7713/3912
f 3960/7840/3974 3981/7886/3995 3969/7890/3983
f 3845/7603/3859 3935/7799/3949 3965/7855/3979
f 3940/7823/3954 3974/7891/3988 3978/7883/3992
f 3970/7892/3984 3984/7893/3998 3934/7807/3948
f 3955/7894/3969 3985/7895/3999 3963/7896/3977
f 3978/7883/3992 3986/7897/4000 3952/7824/3966
f 3963/7848/3977 3985/7898/3999 3976/7881/3990
f 3902/7755/3916 3906/7733/3920 3987/7899/4001
f 3969/7890/3983 3981/7886/3995 3988/7900/4002
f 3974/7876/3988 3966/7875/3980 3978/7901/3992
f 3934/7807/3948 3984/7893/3998 3971/7868/3985
f 3948/7853/3962 3976/7902/3990 3989/7903/4003
f 3921/7774/3935 3964/7851/3978 3937/7801/3951
f 3969/7866/3983 3988/7904/4002 3980/7885/3994
f 3948/7853/3962 3989/7903/4003 3964/7854/3978
f 3902/7781/3916 3987/7905/4001 3947/7815/3961
f 3884/7686/3898 3990/7906/4004 3928/7788/3942
f 3819/7570/3833 3968/7865/3982 3935/7799/3949
f 3961/7845/3975 3982/7887/3996 3954/7832/3968
f 3915/7757/3929 3980/7885/3994 3914/7758/3928
f 3935/7799/3949 3968/7865/3982 3965/7855/3979
f 3966/7875/3980 3972/7907/3986 3978/7901/3992
f 3932/7794/3946 3975/7880/3989 3967/7908/3981
f 3951/7821/3965 3941/7808/3955 3991/7909/4005
f 3860/7770/3874 3979/7910/3993 3975/7880/3989
f 3939/7805/3953 3992/7911/4006 3970/7867/3984
f 3980/7885/3994 3988/7904/4002 3993/7912/4007
f 3871/7661/3885 3931/7793/3945 3924/7779/3938
f 3874/7670/3888 3943/7810/3957 3994/7913/4008
f 3955/7894/3969 3976/7914/3990 3985/7895/3999
f 3978/7883/3992 3972/7915/3986 3986/7897/4000
f 3912/7745/3926 3956/7834/3970 3959/7839/3973
f 3919/7765/3933 3995/7916/4009 3946/7861/3960
f 3913/7767/3927 3971/7917/3985 3996/7918/4010
f 3913/7767/3927 3996/7918/4010 3997/7919/4011
f 3962/7846/3976 3998/7920/4012 3955/7833/3969
f 3949/7819/3963 3952/7831/3966 3999/7921/4013
f 3939/7805/3953 4000/7922/4014 3992/7911/4006
f 3992/7923/4006 4000/7924/4014 3970/7892/3984
f 3958/7838/3972 4001/7925/4015 3930/7792/3944
f 3970/7892/3984 4000/7924/4014 3984/7893/3998
f 3919/7765/3933 3949/7819/3963 3995/7916/4009
f 3913/7767/3927 3997/7919/4011 3956/7834/3970
f 3953/7830/3967 4002/7926/4016 3939/7805/3953
f 3898/7713/3912 3983/7889/3997 3962/7846/3976
f 3981/7927/3995 4003/7928/4017 3988/7904/4002
f 3947/7874/3961 4004/7929/4018 3982/7887/3996
f 3988/7904/4002 4003/7928/4017 3993/7912/4007
f 3947/7874/3961 3987/7930/4001 4004/7929/4018
f 3946/7814/3960 4005/7931/4019 3953/7830/3967
f 3924/7779/3938 3931/7793/3945 4006/7932/4020
f 3968/7865/3982 3854/7622/3868 3866/7648/3880
f 3930/7792/3944 4007/7933/4021 3901/7716/3915
f 3951/7821/3965 3991/7909/4005 3983/7888/3997
f 3980/7885/3994 4008/7934/4022 3914/7758/3928
f 3901/7716/3915 4007/7933/4021 3981/7886/3995
f 3930/7792/3944 4001/7925/4015 4007/7933/4021
f 3959/7935/3973 4001/7925/4015 3958/7838/3972
f 3981/7886/3995 4009/7936/4023 4003/7937/4017
f 4004/7929/4018 4010/7938/4024 3982/7887/3996
f 3939/7805/3953 4011/7939/4025 4000/7922/4014
f 3955/4147/3969 3998/7940/4012 3976/7941/3990
f 3906/7733/3920 3937/7801/3951 4012/7942/4026
f 3944/7811/3958 3874/7670/3888 3994/7913/4008
f 3914/7758/3928 4008/7934/4022 3973/7943/3987
f 3964/7851/3978 4013/7944/4027 3937/7801/3951
f 3981/7886/3995 4007/7933/4021 4009/7936/4023
f 3866/7648/3880 4014/7945/4028 3968/7865/3982
f 3965/7855/3979 4006/7932/4020 3931/7793/3945
f 3964/7946/3978 3989/7947/4003 4013/7948/4027
f 3939/7805/3953 4002/7926/4016 4015/7949/4029
f 3975/7950/3989 4016/7951/4030 3967/7952/3981
f 4009/7953/4023 3993/7912/4007 4003/7928/4017
f 3946/7954/3960 3995/7955/4009 4017/3834/4031
f 4018/7956/4032 3967/7957/4033 3972/7958/4034
f 3986/7959/4000 3999/7921/4013 3952/7831/3966
f 3928/7788/3942 4014/7945/4028 3866/7648/3880
f 4002/7926/4016 3953/7830/3967 4005/7931/4019
f 3946/7960/3960 4017/7961/4031 4005/7962/4019
f 3949/7819/3963 3999/7921/4013 3995/7916/4009
f 4000/7924/4014 4011/7963/4025 3984/7893/3998
f 3939/7805/3953 4015/7949/4029 4011/7939/4025
f 3954/7832/3968 4019/7964/4035 3977/7882/3991
f 3975/7965/3989 4020/7966/4036 4016/7967/4030
f 3990/7906/4004 3884/7686/3898 3944/7811/3958
f 3906/7733/3920 4012/7942/4026 3987/7899/4001
f 3956/7834/3970 3997/7919/4011 3959/7839/3973
f 3993/7912/4007 4021/7968/4037 3980/7885/3994
f 3982/7887/3996 4019/7964/4035 3954/7832/3968
f 3976/7902/3990 4022/7969/4038 3989/7903/4003
f 3941/7808/3955 3973/7873/3987 3991/7909/4005
f 3959/7839/3973 4023/7970/4039 4001/7971/4015
f 3982/7887/3996 4010/7938/4024 4019/7964/4035
f 3987/7930/4001 4024/7972/4040 4004/7929/4018
f 3993/7973/4007 4009/7936/4023 4025/7974/4041
f 3973/7873/3987 4026/7975/4042 3991/7909/4005
f 4009/7936/4023 4027/7976/4043 4025/7974/4041
f 3976/7941/3990 3998/7940/4012 4028/7977/4044
f 3999/7921/4013 3986/7959/4000 4029/7978/4045
f 3994/7913/4008 3990/7906/4004 3944/7811/3958
f 3997/7919/4011 4030/7979/4046 3959/7839/3973
f 3967/7980/3981 4031/7981/4047 4032/7982/4048
f 3967/7983/3981 4032/7984/4048 3972/7915/3986
f 3995/7916/4009 3999/7921/4013 4033/7985/4049
f 4004/7929/4018 4034/7986/4050 4010/7938/4024
f 4025/7974/4041 4027/7976/4043 4035/7987/4051
f 4004/7929/4018 4024/7972/4040 4034/7986/4050
f 3937/7801/3951 4013/7944/4027 4036/7988/4052
f 4015/7949/4029 4002/7926/4016 4011/7939/4025
f 3993/7912/4007 4025/7989/4041 4035/7990/4051
f 3965/7855/3979 3968/7865/3982 4014/7945/4028
f 3959/7839/3973 4030/7979/4046 4023/7970/4039
f 4016/5515/4030 4020/7991/4036 3967/7992/3981
f 3976/7902/3990 4028/7993/4044 4022/7969/4038
f 3995/7916/4009 4033/7985/4049 4017/7994/4031
f 3998/7920/4012 4037/7995/4053 4028/7996/4044
f 3967/7997/3981 4020/7998/4036 4031/7999/4047
f 4019/7964/4035 4010/7938/4024 4038/8000/4054
f 3937/7801/3951 4036/7988/4052 4012/7942/4026
f 3994/7913/4008 3943/7810/3957 3990/7906/4004
f 4032/7984/4048 3986/7897/4000 3972/7915/3986
f 4035/7990/4051 4021/7968/4037 3993/7912/4007
f 4007/7933/4021 4027/7976/4043 4009/7936/4023
f 4013/7948/4027 3989/7947/4003 4039/8001/4055
f 4027/8002/4043 4040/8003/4056 4035/7990/4051
f 3971/7868/3985 3984/7893/3998 4041/8004/4057
f 4019/7964/4035 4042/8005/4058 3977/7882/3991
f 3924/7779/3938 4006/7932/4020 3943/7810/3957
f 4031/7999/4047 4020/7998/4036 4032/8006/4048
f 4010/8007/4024 4034/8008/4050 4038/8009/4054
f 3998/7920/4012 3962/7846/3976 4037/7995/4053
f 3975/7880/3989 4043/8010/4059 4020/8011/4036
f 3990/7906/4004 3943/7810/3957 4006/7932/4020
f 3977/7882/3991 4042/8005/4058 3979/7884/3993
f 3997/7919/4011 4044/8012/4060 4030/7979/4046
f 4013/7948/4027 4039/8001/4055 4036/8013/4052
f 4027/8014/4043 4045/4385/4061 4040/8015/4056
f 4011/7963/4025 4002/8016/4016 4046/8017/4062
f 4011/7963/4025 4046/8017/4062 3984/7893/3998
f 4040/8003/4056 4045/8018/4061 4035/7990/4051
f 3973/7873/3987 4008/8019/4022 4047/8020/4063
f 3973/7873/3987 4047/8020/4063 4026/7975/4042
f 4027/8002/4043 4048/8021/4064 4045/8018/4061
f 3928/7788/3942 3990/7906/4004 4014/7945/4028
f 4032/7984/4048 4049/8022/4065 3986/7897/4000
f 3975/7880/3989 3979/7910/3993 4050/8023/4066
f 4037/8024/4053 4051/8025/4067 4052/8026/4068
f 4037/7995/4053 4052/8027/4068 4028/7996/4044
f 3980/7885/3994 4053/8028/4069 4008/7934/4022
f 3971/7868/3985 4041/8004/4057 3996/8029/4010
f 4005/7931/4019 4054/8030/4070 4002/7926/4016
f 4024/7972/4040 3987/7930/4001 4055/8031/4071
f 4054/8032/4070 4056/8033/4072 4002/8016/4016
f 4027/7976/4043 4007/7933/4021 4048/8034/4064
f 4020/7998/4036 4043/8035/4059 4057/8036/4073
f 3965/7855/3979 4014/7945/4028 4006/7932/4020
f 4037/7995/4053 3962/7846/3976 4051/8037/4067
f 3975/7880/3989 4050/8023/4066 4043/8010/4059
f 4012/7942/4026 4036/7988/4052 4058/8038/4074
f 4002/8016/4016 4056/8033/4072 4059/8039/4075
f 3999/7921/4013 4029/7978/4045 4033/7985/4049
f 4053/8028/4069 4047/8040/4063 4008/7934/4022
f 4028/8041/4044 4052/8042/4068 4060/8043/4076
f 4028/7993/4044 4060/8044/4076 4022/7969/4038
f 4001/7925/4015 4023/8045/4039 4007/7933/4021
f 4002/8046/4016 4059/8047/4075 4046/8048/4062
f 4019/7964/4035 4038/8000/4054 4061/8049/4077
f 4020/7998/4036 4057/8036/4073 4032/8006/4048
f 4043/8035/4059 4050/8050/4066 4057/8036/4073
f 4035/7990/4051 4062/8051/4078 4021/7968/4037
f 3996/7918/4010 4044/8012/4060 3997/7919/4011
f 4045/8018/4061 4048/8021/4064 4063/8052/4079
f 3996/7918/4010 4041/8053/4057 4064/8054/4080
f 4034/8008/4050 4024/8055/4040 4038/8009/4054
f 4024/8055/4040 4055/8056/4071 4038/8009/4054
f 4045/8018/4061 4062/8051/4078 4035/7990/4051
f 4029/7978/4045 3986/7959/4000 4065/8057/4081
f 4057/8036/4073 4050/8050/4066 4032/8006/4048
f 4046/8017/4062 4066/8058/4082 3984/7893/3998
f 4019/7964/4035 4061/8049/4077 4042/8005/4058
f 3991/7909/4005 3962/8059/3976 3983/7888/3997
f 4052/8060/4068 4051/8061/4067 4060/8062/4076
f 4026/7975/4042 4067/8063/4083 3991/7909/4005
f 3962/7846/3976 4068/8064/4084 4051/8037/4067
f 4026/7975/4042 4047/8020/4063 4067/8063/4083
f 4054/8032/4070 4069/8065/4085 4056/8033/4072
f 4050/8023/4066 3979/7910/3993 4070/8066/4086
f 4044/8012/4060 3996/7918/4010 4064/8054/4080
f 4033/7985/4049 4029/7978/4045 4065/8057/4081
f 4022/8067/4038 4071/8068/4087 3989/7947/4003
f 4063/8052/4079 4062/8051/4078 4045/8018/4061
f 4051/8069/4067 4072/8070/4088 4060/8071/4076
f 3980/7885/3994 4073/8072/4089 4053/8028/4069
f 4005/7931/4019 4069/8073/4085 4054/8030/4070
f 4021/7968/4037 4074/8074/4090 3980/7885/3994
f 4059/8039/4075 4056/8033/4072 4046/8017/4062
f 4060/8075/4076 4071/8068/4087 4022/8067/4038
f 4005/7931/4019 4017/8076/4031 4069/8073/4085
f 4048/8034/4064 4007/7933/4021 4075/8077/4091
f 4007/7933/4021 4023/8045/4039 4075/8077/4091
f 3980/7885/3994 4074/8074/4090 4073/8072/4089
f 4041/8053/4057 4076/8078/4092 4064/8054/4080
f 4042/8005/4058 4077/8079/4093 3979/7884/3993
f 4041/8004/4057 3984/7893/3998 4076/8080/4092
f 4006/7932/4020 4014/7945/4028 3990/7906/4004
f 3986/7897/4000 4049/8022/4065 4078/8081/4094
f 3986/7959/4000 4078/8082/4094 4065/8057/4081
f 3987/8083/4001 4012/8084/4026 4079/8085/4095
f 3987/7930/4001 4079/8086/4095 4055/8031/4071
f 4012/7942/4026 4080/8087/4096 4079/8088/4095
f 3979/7910/3993 4081/8089/4097 4070/8066/4086
f 3984/7893/3998 4066/8058/4082 4076/8080/4092
f 4067/8063/4083 4082/8090/4098 3991/7909/4005
f 4072/8091/4088 4083/8092/4099 4060/8093/4076
f 3989/7947/4003 4071/8068/4087 4039/8001/4055
f 3991/7909/4005 4082/8090/4098 3962/8059/3976
f 4017/8094/4031 4033/8095/4049 4084/8096/4100
f 4063/8052/4079 4048/8021/4064 4075/8097/4091
f 4033/8095/4049 4085/8098/4101 4084/8096/4100
f 4051/8099/4067 4068/8100/4084 4083/8101/4099
f 4017/8076/4031 4084/8102/4100 4069/8073/4085
f 4063/8052/4079 4075/8097/4091 4086/8103/4102
f 4051/8099/4067 4083/8101/4099 4072/8104/4088
f 4050/8050/4066 4070/8105/4086 4087/8106/4103
f 4050/8050/4066 4087/8106/4103 4032/8006/4048
f 4039/8001/4055 4088/8107/4104 4036/8013/4052
f 4063/8052/4079 4086/8103/4102 4062/8051/4078
f 4030/7979/4046 4089/8108/4105 4023/7970/4039
f 4038/8009/4054 4055/8056/4071 4090/8109/4106
f 4056/8033/4072 4069/8065/4085 4046/8017/4062
f 4030/7979/4046 4044/8012/4060 4089/8108/4105
f 4032/7984/4048 4091/8110/4107 4049/8022/4065
f 4065/8057/4081 4092/8111/4108 4033/7985/4049
f 4076/8078/4092 4093/8112/4109 4064/8054/4080
f 4075/8097/4091 4094/8113/4110 4086/8103/4102
f 3979/7884/3993 4077/8079/4093 4081/8114/4097
f 4062/8115/4078 4095/8116/4111 4021/6110/4037
f 4033/8095/4049 4092/8117/4108 4085/8098/4101
f 4075/8077/4091 4096/8118/4112 4094/8119/4110
f 4067/8063/4083 4047/8020/4063 4097/8120/4113
f 4070/8105/4086 4098/8121/4114 4087/8106/4103
f 4070/8066/4086 4081/8089/4097 4098/8122/4114
f 4064/8054/4080 4093/8112/4109 4044/8012/4060
f 4053/8123/4069 4073/8124/4089 4047/8125/4063
f 4062/8115/4078 4086/8126/4102 4095/8116/4111
f 4069/8065/4085 4099/8127/4115 4046/8017/4062
f 4023/8045/4039 4096/8118/4112 4075/8077/4091
f 4046/8017/4062 4099/8127/4115 4066/8058/4082
f 4094/8113/4110 4096/8128/4112 4086/8103/4102
f 4080/8087/4096 4012/7942/4026 4058/8038/4074
f 4036/7988/4052 4100/8129/4116 4058/8038/4074
f 4032/8130/4048 4087/8131/4103 4091/8132/4107
f 4061/8049/4077 4038/8000/4054 4101/8133/4117
f 4061/8049/4077 4102/8134/4118 4042/8005/4058
f 4093/8112/4109 4103/8135/4119 4044/8012/4060
f 4090/8136/4106 4055/8137/4071 4079/8138/4095
f 4038/8009/4054 4090/8109/4106 4101/8139/4117
f 4073/8140/4089 4104/8141/4120 4047/8142/4063
f 4084/8143/4100 4105/8144/4121 4069/8145/4085
f 4096/8128/4112 4106/8146/4122 4086/8103/4102
f 4049/8022/4065 4091/8110/4107 4107/8147/4123
f 4069/8065/4085 4105/8148/4121 4099/8127/4115
f 4084/8149/4100 4085/8150/4101 4105/8148/4121
f 4098/8121/4114 4108/8151/4124 4087/8106/4103
f 4023/8045/4039 4109/8152/4125 4096/8118/4112
f 4065/8057/4081 4110/8153/4126 4092/8111/4108
f 4065/8057/4081 4078/8082/4094 4110/8153/4126
f 4081/8114/4097 4108/8151/4124 4098/8121/4114
f 4076/8080/4092 4066/8058/4082 4093/8154/4109
f 3962/7846/3976 4111/8155/4127 4068/8064/4084
f 4049/8022/4065 4107/8147/4123 4078/8081/4094
f 4086/8126/4102 4106/8156/4122 4095/8116/4111
f 4036/7988/4052 4088/8157/4104 4100/8129/4116
f 4087/8131/4103 4108/8158/4124 4091/8132/4107
f 4096/8128/4112 4112/8159/4128 4106/8146/4122
f 4067/8063/4083 4097/8120/4113 4113/8160/4129
f 4067/8063/4083 4113/8160/4129 4082/8090/4098
f 4060/8075/4076 4114/8161/4130 4071/8068/4087
f 4106/8146/4122 4112/8159/4128 4115/8162/4131
f 4066/8058/4082 4116/8163/4132 4093/8154/4109
f 4096/8118/4112 4109/8152/4125 4117/8164/4133
f 4068/8100/4084 4111/8165/4127 4083/8101/4099
f 4081/8114/4097 4077/8079/4093 4118/8166/4134
f 4078/8082/4094 4119/8167/4135 4110/8153/4126
f 4080/8168/4096 4120/8169/4136 4079/8138/4095
f 4074/8170/4090 4021/8171/4037 4073/8172/4089
f 4021/8173/4037 4121/8174/4137 4073/8140/4089
f 4044/8012/4060 4103/8135/4119 4089/8108/4105
f 4096/8118/4112 4117/8164/4133 4112/8175/4128
f 4112/8159/4128 4117/8176/4133 4122/8177/4138
f 4111/8165/4127 4123/8178/4139 4083/8101/4099
f 4079/8138/4095 4120/8169/4136 4090/8136/4106
f 4106/8156/4122 4115/8179/4131 4095/8116/4111
f 4021/8173/4037 4095/8180/4111 4121/8174/4137
f 3962/8059/3976 4082/8090/4098 4111/8165/4127
f 4023/8045/4039 4089/8181/4105 4109/8152/4125
f 4099/8127/4115 4124/8182/4140 4066/8058/4082
f 4047/8142/4063 4104/8141/4120 4097/8183/4113
f 4039/8001/4055 4071/8068/4087 4125/8184/4141
f 4108/8151/4124 4081/8114/4097 4118/8166/4134
f 4039/8001/4055 4125/8184/4141 4088/8107/4104
f 4071/8068/4087 4126/8185/4142 4125/8184/4141
f 4102/8134/4118 4061/8049/4077 4127/8186/4143
f 4108/8158/4124 4118/8187/4134 4091/8132/4107
f 4101/8133/4117 4127/8186/4143 4061/8049/4077
f 4077/8079/4093 4128/8188/4144 4118/8166/4134
f 4117/8176/4133 4129/8189/4145 4122/8177/4138
f 4110/8153/4126 4130/8190/4146 4092/8111/4108
f 4071/8068/4087 4114/8161/4130 4126/8185/4142
f 4058/8038/4074 4131/8191/4147 4080/8087/4096
f 4112/8159/4128 4122/8177/4138 4115/8162/4131
f 4105/8148/4121 4085/8150/4101 4132/8192/4148
f 4085/8193/4101 4092/8194/4108 4132/1604/4148
f 4083/8195/4099 4133/8196/4149 4060/8197/4076
f 4116/8163/4132 4066/8058/4082 4124/8182/4140
f 4117/8164/4133 4109/8152/4125 4129/8198/4145
f 4060/8197/4076 4133/8196/4149 4114/8199/4130
f 4099/8127/4115 4105/8148/4121 4124/8182/4140
f 4092/8111/4108 4130/8190/4146 4134/8200/4150
f 4118/8187/4134 4135/8201/4151 4091/8132/4107
f 4073/8140/4089 4136/8202/4152 4104/8141/4120
f 4119/8167/4135 4137/8203/4153 4110/8153/4126
f 4090/8136/4106 4120/8169/4136 4138/8204/4154
f 4129/8189/4145 4139/8205/4155 4122/8177/4138
f 4042/8005/4058 4102/8134/4118 4077/8079/4093
f 4090/8136/4106 4138/8204/4154 4101/8206/4117
f 4092/8207/4108 4134/8208/4150 4132/8209/4148
f 4130/8210/4146 4110/8211/4126 4140/8212/4156
f 4058/8038/4074 4100/8129/4116 4141/8213/4157
f 4131/8214/4147 4120/8169/4136 4080/8168/4096
f 4122/8215/4138 4095/8116/4111 4115/8179/4131
f 4134/8216/4150 4130/8217/4146 4132/8218/4148
f 4116/8219/4132 4142/8220/4158 4093/8112/4109
f 4129/8198/4145 4109/8152/4125 4143/8221/4159
f 4083/8195/4099 4123/8222/4139 4144/8223/4160
f 4122/8215/4138 4139/8224/4155 4095/8116/4111
f 4097/8120/4113 4104/8225/4120 4113/8160/4129
f 4091/8110/4107 4145/8226/4161 4107/8147/4123
f 4129/8189/4145 4143/5573/4159 4139/8205/4155
f 4124/8182/4140 4146/8227/4162 4116/8163/4132
f 4135/8228/4151 4145/8226/4161 4091/8110/4107
f 4111/8165/4127 4147/8229/4163 4123/8178/4139
f 4118/8230/4134 4148/8231/4164 4135/8232/4151
f 4083/8195/4099 4144/8223/4160 4133/8196/4149
f 4143/8221/4159 4109/8152/4125 4149/8233/4165
f 4058/8038/4074 4141/8213/4157 4131/8191/4147
f 4110/8153/4126 4150/8234/4166 4140/8235/4156
f 4143/8236/4159 4149/8237/4165 4139/8238/4155
f 4093/8112/4109 4142/8220/4158 4103/8135/4119
f 4132/8192/4148 4151/8239/4167 4105/8148/4121
f 4118/8166/4134 4128/8188/4144 4148/8240/4164
f 4103/8135/4119 4142/8220/4158 4152/8241/4168
f 4078/8082/4094 4107/8242/4123 4119/8167/4135
f 4103/8135/4119 4152/8241/4168 4089/8108/4105
f 4105/8148/4121 4153/8243/4169 4124/8182/4140
f 4101/8133/4117 4154/8244/4170 4127/8186/4143
f 4088/8107/4104 4125/8184/4141 4100/8245/4116
f 4145/8226/4161 4155/8246/4171 4107/8147/4123
f 4149/8233/4165 4109/8152/4125 4156/8247/4172
f 4137/8203/4153 4150/8234/4166 4110/8153/4126
f 4137/8203/4153 4157/8248/4173 4150/8234/4166
f 4121/8174/4137 4158/8249/4174 4073/8140/4089
f 4114/8161/4130 4159/8250/4175 4126/8185/4142
f 4131/8214/4147 4160/8251/4176 4120/8169/4136
f 4132/8252/4148 4130/8253/4146 4150/8254/4166
f 4140/8235/4156 4150/8234/4166 4130/8190/4146
f 4139/8224/4155 4156/8255/4172 4095/8116/4111
f 4146/8227/4162 4124/8182/4140 4153/8243/4169
f 4139/6700/4155 4149/8256/4165 4156/8257/4172
f 4111/8165/4127 4082/8090/4098 4147/8229/4163
f 4155/8246/4171 4161/8258/4177 4107/8147/4123
f 4089/8108/4105 4152/8241/4168 4109/8259/4125
f 4128/8188/4144 4162/8260/4178 4148/8240/4164
f 4138/8204/4154 4120/8169/4136 4163/8261/4179
f 4119/8167/4135 4107/8242/4123 4161/8262/4177
f 4095/8116/4111 4156/8255/4172 4164/8263/4180
f 4116/8219/4132 4146/8264/4162 4142/8220/4158
f 4105/8148/4121 4151/8239/4167 4153/8243/4169
f 4148/8265/4164 4162/8266/4178 4135/8267/4151
f 4156/8268/4172 4109/8269/4125 4165/8270/4181
f 4145/8271/4161 4135/8267/4151 4166/8272/4182
f 4082/8090/4098 4167/8273/4183 4147/8229/4163
f 4150/8274/4166 4157/6002/4173 4132/8275/4148
f 4156/8276/4172 4165/8277/4181 4168/8278/4184
f 4119/8167/4135 4169/8279/4185 4137/8203/4153
f 4119/8167/4135 4170/8280/4186 4169/8279/4185
f 4073/8140/4089 4158/8249/4174 4136/8202/4152
f 4151/8239/4167 4171/8281/4187 4153/8243/4169
f 4172/8282/4188 4173/8283/4189 4174/8284/4190
f 4131/8214/4147 4175/8285/4191 4160/8251/4176
f 4077/8079/4093 4176/8286/4192 4128/8188/4144
f 4121/8174/4137 4095/8180/4111 4158/8249/4174
f 4128/8188/4144 4176/8286/4192 4162/8260/4178
f 4095/8180/4111 4177/8287/4193 4158/8249/4174
f 4173/8283/4189 4172/8282/4188 4178/8288/4194
f 4154/8244/4170 4179/8289/4195 4127/8186/4143
f 4137/8290/4153 4169/8291/4185 4157/8292/4173
f 4082/8090/4098 4113/8160/4129 4167/8273/4183
f 4101/8206/4117 4138/8204/4154 4154/8293/4170
f 4109/8259/4125 4152/8241/4168 4180/8294/4196
f 4174/8284/4190 4173/8283/4189 4181/8295/4197
f 4147/8229/4163 4167/8273/4183 4182/8296/4198
f 4172/8282/4188 4183/8297/4199 4178/8288/4194
f 4172/8282/4188 4174/8284/4190 4184/8298/4200
f 4123/8178/4139 4147/8229/4163 4182/8296/4198
f 4109/8299/4125 4180/8300/4196 4165/8301/4181
f 4125/8184/4141 4185/8302/4201 4100/8245/4116
f 4165/8277/4181 4180/8303/4196 4168/8278/4184
f 4174/8284/4190 4186/8304/4202 4184/8298/4200
f 4132/8192/4148 4187/8305/4203 4151/8239/4167
f 4120/8169/4136 4160/8251/4176 4163/8261/4179
f 4174/8284/4190 4181/8295/4197 4186/8304/4202
f 4145/8226/4161 4166/8306/4182 4155/8246/4171
f 4173/8283/4189 4178/8288/4194 4188/8307/4204
f 4178/8288/4194 4183/8297/4199 4189/8308/4205
f 4114/8161/4130 4133/8309/4149 4159/8250/4175
f 4156/8310/4172 4190/8311/4206 4164/8312/4180
f 4157/8313/4173 4169/8314/4185 4132/3185/4148
f 4104/8225/4120 4191/8315/4207 4113/8160/4129
f 4172/8282/4188 4192/8316/4208 4183/8297/4199
f 4113/8160/4129 4191/8315/4207 4167/8273/4183
f 4151/8239/4167 4187/8305/4203 4171/8281/4187
f 4172/8282/4188 4184/8298/4200 4192/8316/4208
f 4178/8288/4194 4193/8317/4209 4188/8307/4204
f 4156/8318/4172 4168/8319/4184 4190/8320/4206
f 4100/8129/4116 4185/8321/4201 4141/8213/4157
f 4188/8307/4204 4194/8322/4210 4173/8283/4189
f 4095/8180/4111 4164/8323/4180 4177/8287/4193
f 4192/8316/4208 4195/8324/4211 4183/8297/4199
f 4102/8134/4118 4196/8325/4212 4077/8079/4093
f 4173/8283/4189 4194/8322/4210 4181/8295/4197
f 4142/8220/4158 4146/8264/4162 4197/8326/4213
f 4170/8327/4186 4198/8328/4214 4169/8329/4185
f 4182/8296/4198 4199/8330/4215 4123/8178/4139
f 4188/8331/4204 4193/8332/4209 4200/8333/4216
f 4176/8286/4192 4201/8334/4217 4162/8260/4178
f 4188/8331/4204 4200/8333/4216 4202/8335/4218
f 4104/8141/4120 4136/8202/4152 4203/8336/4219
f 4189/8308/4205 4204/8337/4220 4178/8288/4194
f 4146/8338/4162 4205/8339/4221 4197/8340/4213
f 4159/8250/4175 4206/8341/4222 4126/8185/4142
f 4153/8243/4169 4205/8342/4221 4146/8227/4162
f 4142/8343/4158 4197/8344/4213 4152/8345/4168
f 4135/8267/4151 4162/8266/4178 4166/8272/4182
f 4184/8298/4200 4207/8346/4223 4192/8316/4208
f 4188/8307/4204 4202/8347/4218 4194/8322/4210
f 4184/8298/4200 4186/8304/4202 4207/8346/4223
f 4186/8304/4202 4181/8295/4197 4208/8348/4224
f 4176/8286/4192 4077/8079/4093 4196/8325/4212
f 4181/8295/4197 4209/8349/4225 4208/8348/4224
f 4127/8186/4143 4179/8289/4195 4102/8134/4118
f 4176/8286/4192 4196/8325/4212 4201/8334/4217
f 4182/8296/4198 4210/8350/4226 4199/8330/4215
f 4132/8351/4148 4211/8352/4227 4187/8353/4203
f 4181/8295/4197 4212/8354/4228 4209/8349/4225
f 4180/8355/4196 4213/8356/4229 4168/8319/4184
f 4189/8308/4205 4183/8297/4199 4214/8357/4230
f 4168/8319/4184 4213/8356/4229 4190/8320/4206
f 4169/8358/4185 4215/8359/4231 4132/8351/4148
f 4180/8294/4196 4216/8360/4232 4217/8361/4233
f 4180/8294/4196 4152/8241/4168 4216/8360/4232
f 4178/8288/4194 4204/8337/4220 4193/8317/4209
f 4192/8316/4208 4207/8346/4223 4218/8362/4234
f 4216/8360/4232 4219/8363/4235 4217/8361/4233
f 4125/8184/4141 4126/8185/4142 4220/8364/4236
f 4131/8191/4147 4141/8213/4157 4175/8365/4191
f 4125/8184/4141 4220/8364/4236 4185/8302/4201
f 4199/8330/4215 4210/8350/4226 4221/8366/4237
f 4119/8167/4135 4222/8367/4238 4170/8280/4186
f 4123/8368/4139 4199/8369/4215 4221/8370/4237
f 4123/8222/4139 4221/8371/4237 4223/8372/4239
f 4152/8241/4168 4224/8373/4240 4225/8374/4241
f 4186/8304/4202 4226/8375/4242 4207/8346/4223
f 4119/8167/4135 4161/8262/4177 4222/8367/4238
f 4152/8241/4168 4225/8374/4241 4216/8360/4232
f 4186/8304/4202 4208/8348/4224 4226/8375/4242
f 4197/8344/4213 4224/8376/4240 4152/8345/4168
f 4193/8332/4209 4227/8377/4243 4200/8333/4216
f 4216/8360/4232 4225/8374/4241 4219/8363/4235
f 4169/8358/4185 4198/8378/4214 4215/8359/4231
f 4181/8295/4197 4194/8322/4210 4212/8354/4228
f 4212/8354/4228 4228/8379/4244 4209/8349/4225
f 4158/8249/4174 4229/8380/4245 4136/8202/4152
f 4191/8315/4207 4104/8225/4120 4230/8381/4246
f 4195/8324/4211 4192/8316/4208 4231/8382/4247
f 4211/8383/4227 4232/8384/4248 4187/8305/4203
f 4182/8296/4198 4167/8273/4183 4210/8350/4226
f 4136/8202/4152 4229/8380/4245 4203/8336/4219
f 4133/8196/4149 4144/8223/4160 4233/8385/4249
f 4132/8351/4148 4215/8359/4231 4211/8352/4227
f 4171/8281/4187 4234/8386/4250 4153/8243/4169
f 4194/8387/4210 4202/8335/4218 4235/8388/4251
f 4180/8355/4196 4217/8389/4233 4213/8356/4229
f 4193/8317/4209 4204/8337/4220 4227/8390/4243
f 4219/8391/4235 4213/8356/4229 4217/8389/4233
f 4170/8327/4186 4222/8392/4238 4198/8328/4214
f 4183/8297/4199 4195/8324/4211 4236/8393/4252
f 4198/8378/4214 4222/8394/4238 4215/8359/4231
f 4183/8297/4199 4236/8393/4252 4214/8357/4230
f 4192/8316/4208 4218/8362/4234 4231/8382/4247
f 4166/8306/4182 4237/8395/4253 4155/8246/4171
f 4205/8339/4221 4238/8396/4254 4197/8340/4213
f 4158/8249/4174 4177/8287/4193 4229/8380/4245
f 4162/8397/4178 4201/8398/4217 4239/8399/4255
f 4194/8322/4210 4240/8400/4256 4212/8354/4228
f 4133/8196/4149 4233/8385/4249 4159/8401/4175
f 4153/8243/4169 4241/8402/4257 4205/8342/4221
f 4227/8377/4243 4242/8403/4258 4200/8333/4216
f 4153/8243/4169 4234/8386/4250 4241/8402/4257
f 4200/8333/4216 4242/8403/4258 4202/8335/4218
f 4189/8308/4205 4243/8404/4259 4204/8337/4220
f 4189/8308/4205 4214/8357/4230 4243/8404/4259
f 4179/8289/4195 4154/8244/4170 4244/8405/4260
f 4138/8204/4154 4245/8406/4261 4154/8293/4170
f 4162/8266/4178 4239/8407/4255 4166/8272/4182
f 4194/8387/4210 4235/8388/4251 4240/8408/4256
f 4104/8225/4120 4203/8409/4219 4230/8381/4246
f 4197/8340/4213 4246/8410/4262 4247/8411/4263
f 4167/8273/4183 4248/8412/4264 4210/8350/4226
f 4197/8413/4213 4247/8414/4263 4224/8415/4240
f 4167/8273/4183 4191/8315/4207 4248/8412/4264
f 4210/8350/4226 4249/8416/4265 4221/8366/4237
f 4212/8354/4228 4240/8400/4256 4228/8379/4244
f 4221/8371/4237 4249/8417/4265 4250/8418/4266
f 4161/8262/4177 4251/8419/4267 4252/8420/4268
f 4159/8250/4175 4233/8421/4249 4206/8341/4222
f 4175/8365/4191 4141/8213/4157 4253/8422/4269
f 4222/8367/4238 4161/8262/4177 4252/8420/4268
f 4225/8423/4241 4224/8424/4240 4219/8391/4235
f 4144/8223/4160 4123/8222/4139 4223/8372/4239
f 4154/8293/4170 4245/8406/4261 4244/8425/4260
f 4226/8375/4242 4208/8348/4224 4254/8426/4270
f 4171/8281/4187 4187/8305/4203 4234/8386/4250
f 4219/8391/4235 4224/8424/4240 4213/8356/4229
f 4207/8346/4223 4255/8427/4271 4218/8362/4234
f 4138/8204/4154 4163/8261/4179 4245/8406/4261
f 4155/8246/4171 4256/8428/4272 4161/8258/4177
f 4187/8305/4203 4232/8384/4248 4234/8386/4250
f 4257/8429/4273 4258/8430/4274 4259/8431/4275
f 4257/8429/4273 4260/8432/4276 4258/8430/4274
f 4226/8375/4242 4254/8426/4270 4207/8346/4223
f 4166/8272/4182 4239/8407/4255 4261/8433/4277
f 4197/8340/4213 4238/8396/4254 4246/8410/4262
f 4191/8315/4207 4230/8381/4246 4248/8412/4264
f 4258/8430/4274 4262/8434/4278 4259/8431/4275
f 4203/8336/4219 4229/8380/4245 4230/8435/4246
f 4260/8432/4276 4263/8436/4279 4258/8430/4274
f 4164/8323/4180 4264/8437/4280 4177/8287/4193
f 4208/8348/4224 4209/8349/4225 4265/8438/4281
f 4204/8439/4220 4266/8440/4282 4227/8377/4243
f 4222/8394/4238 4252/8441/4268 4215/8359/4231
f 4202/8335/4218 4242/8403/4258 4235/8388/4251
f 4164/8442/4180 4190/8320/4206 4267/8443/4283
f 4260/8432/4276 4257/8429/4273 4263/8436/4279
f 4195/8324/4211 4268/8444/4284 4236/8393/4252
f 4179/8289/4195 4244/8405/4260 4269/8445/4285
f 4250/8418/4266 4223/8372/4239 4221/8371/4237
f 4179/8289/4195 4269/8445/4285 4102/8134/4118
f 4258/8430/4274 4263/8436/4279 4270/8446/4286
f 4247/8447/4263 4271/8448/4287 4224/8424/4240
f 4247/8447/4263 4246/8449/4262 4271/8448/4287
f 4215/8359/4231 4252/8441/4268 4272/8450/4288
f 4257/8429/4273 4259/8431/4275 4273/8451/4289
f 4258/8430/4274 4270/8446/4286 4274/8452/4290
f 4213/8356/4229 4267/8443/4283 4190/8320/4206
f 4249/8416/4265 4210/8350/4226 4248/8412/4264
f 4205/8339/4221 4275/8453/4291 4238/8396/4254
f 4126/8185/4142 4206/8341/4222 4220/8364/4236
f 4249/8417/4265 4276/8454/4292 4250/8418/4266
f 4177/8287/4193 4264/8437/4280 4229/8380/4245
f 4227/8377/4243 4277/8455/4293 4242/8403/4258
f 4196/8325/4212 4278/8456/4294 4201/8334/4217
f 4257/8429/4273 4279/8457/4295 4263/8436/4279
f 4227/8377/4243 4266/8440/4282 4277/8455/4293
f 4259/8431/4275 4262/8434/4278 4280/8458/4296
f 4164/8323/4180 4267/8459/4283 4264/8437/4280
f 4161/8262/4177 4256/8460/4272 4251/8419/4267
f 4281/8461/4297 4234/8386/4250 4232/8384/4248
f 4249/8416/4265 4248/8412/4264 4276/8462/4292
f 4195/8324/4211 4231/8382/4247 4282/8463/4298
f 4272/8450/4288 4283/8464/4299 4215/8359/4231
f 4215/8465/4231 4283/8466/4299 4211/8467/4227
f 4257/8429/4273 4273/8451/4289 4279/8457/4295
f 4258/8430/4274 4274/8452/4290 4262/8434/4278
f 4207/8346/4223 4254/8426/4270 4284/8468/4300
f 4224/8424/4240 4271/8448/4287 4285/8469/4301
f 4224/8424/4240 4285/8469/4301 4213/8356/4229
f 4246/8449/4262 4238/8470/4254 4286/8471/4302
f 4237/8395/4253 4256/8428/4272 4155/8246/4171
f 4228/8379/4244 4265/8438/4281 4209/8349/4225
f 4195/8324/4211 4282/8463/4298 4268/8444/4284
f 4208/8348/4224 4287/8472/4303 4254/8426/4270
f 4267/8459/4283 4288/8473/4304 4264/8437/4280
f 4214/8357/4230 4236/8393/4252 4289/8474/4305
f 4259/8475/4275 4290/8476/4306 4273/8477/4289
f 4204/8439/4220 4243/8478/4259 4291/8479/4307
f 4251/8419/4267 4292/8480/4308 4252/8420/4268
f 4196/8325/4212 4102/8134/4118 4278/8456/4294
f 4218/8362/4234 4255/8427/4271 4231/8382/4247
f 4262/8434/4278 4274/8452/4290 4293/8481/4309
f 4185/8302/4201 4220/8364/4236 4294/8482/4310
f 4279/8457/4295 4273/8451/4289 4295/8483/4311
f 4263/8436/4279 4279/8457/4295 4296/8484/4312
f 4230/8381/4246 4297/8485/4313 4248/8412/4264
f 4246/8449/4262 4298/8486/4314 4271/8448/4287
f 4267/8443/4283 4213/8356/4229 4285/8469/4301
f 4166/8306/4182 4299/8487/4315 4237/8395/4253
f 4220/8364/4236 4206/8341/4222 4294/8482/4310
f 4273/8477/4289 4290/8476/4306 4300/8488/4316
f 4270/8446/4286 4301/8489/4317 4274/8452/4290
f 4246/8449/4262 4286/8471/4302 4298/8486/4314
f 4238/8470/4254 4275/8490/4291 4302/8491/4318
f 4295/8492/4311 4273/8477/4289 4303/8493/4319
f 4283/8466/4299 4304/8494/4320 4211/8467/4227
f 4175/6897/4191 4253/8495/4269 4305/8496/4321
f 4280/8497/4296 4290/8476/4306 4259/8475/4275
f 4205/8498/4221 4306/8499/4322 4275/8500/4291
f 4236/8393/4252 4268/8444/4284 4289/8474/4305
f 4205/8501/4221 4241/8502/4257 4306/8503/4322
f 4276/8454/4292 4307/8504/4323 4250/8418/4266
f 4160/8505/4176 4308/8506/4324 4163/8507/4179
f 4274/8452/4290 4301/8489/4317 4293/8481/4309
f 4204/8439/4220 4291/8479/4307 4266/8440/4282
f 4240/8408/4256 4235/8388/4251 4309/8508/4325
f 4263/8436/4279 4296/8484/4312 4310/8509/4326
f 4208/8348/4224 4265/8438/4281 4287/8472/4303
f 4277/8455/4293 4311/8510/4327 4242/8403/4258
f 4263/8436/4279 4310/8509/4326 4312/8511/4328
f 4240/8408/4256 4313/8512/4329 4228/8513/4244
f 4272/8450/4288 4252/8441/4268 4292/8514/4308
f 4214/8357/4230 4289/8474/4305 4314/8515/4330
f 4214/8357/4230 4314/8515/4330 4243/8404/4259
f 4166/8306/4182 4261/8516/4277 4299/8487/4315
f 4144/8223/4160 4223/8372/4239 4315/8517/4331
f 4175/8518/4191 4305/8519/4321 4308/8506/4324
f 4175/8518/4191 4308/8506/4324 4160/8505/4176
f 4235/8388/4251 4242/8403/4258 4316/8520/4332
f 4238/8470/4254 4302/8491/4318 4286/8471/4302
f 4271/8448/4287 4317/8521/4333 4285/8469/4301
f 4232/8384/4248 4211/8383/4227 4281/8461/4297
f 4282/8463/4298 4318/8522/4334 4268/8444/4284
f 4234/8386/4250 4281/8461/4297 4319/8523/4335
f 4262/8434/4278 4320/8524/4336 4280/8458/4296
f 4270/8446/4286 4263/8436/4279 4321/8525/4337
f 4280/8497/4296 4322/8526/4338 4290/8476/4306
f 4201/8398/4217 4323/8527/4339 4239/8399/4255
f 4244/8425/4260 4245/8406/4261 4324/8528/4340
f 4262/8434/4278 4293/8481/4309 4320/8524/4336
f 4298/8486/4314 4286/8471/4302 4271/8448/4287
f 4231/8382/4247 4255/8427/4271 4295/8483/4311
f 4229/8380/4245 4297/8529/4313 4230/8435/4246
f 4254/8426/4270 4287/8472/4303 4304/8530/4320
f 4290/8476/4306 4325/8531/4341 4300/8488/4316
f 4276/8462/4292 4326/8532/4342 4307/8533/4323
f 4242/8403/4258 4311/8510/4327 4316/8520/4332
f 4201/8398/4217 4278/8534/4294 4323/8527/4339
f 4283/8464/4299 4272/8450/4288 4284/8468/4300
f 4307/8504/4323 4326/8535/4342 4327/8536/4343
f 4307/8504/4323 4327/8536/4343 4250/8418/4266
f 4273/8477/4289 4300/8488/4316 4303/8493/4319
f 4228/8379/4244 4328/8537/4344 4265/8438/4281
f 4163/8261/4179 4324/8528/4340 4245/8406/4261
f 4234/8386/4250 4319/8523/4335 4241/8402/4257
f 4292/8538/4308 4251/8539/4267 4329/8540/4345
f 4276/8462/4292 4248/8412/4264 4326/8532/4342
f 4228/8379/4244 4313/8541/4329 4328/8537/4344
f 4231/8382/4247 4295/8483/4311 4303/8542/4319
f 4255/8427/4271 4279/8457/4295 4295/8483/4311
f 4264/8437/4280 4330/8543/4346 4229/8380/4245
f 4301/8489/4317 4270/8446/4286 4321/8525/4337
f 4264/8437/4280 4288/8473/4304 4330/8543/4346
f 4277/8455/4293 4331/8544/4347 4311/8510/4327
f 4231/8382/4247 4303/8542/4319 4282/8463/4298
f 4275/8490/4291 4306/8545/4322 4302/8491/4318
f 4144/8223/4160 4315/8517/4331 4233/8385/4249
f 4268/8444/4284 4332/8546/4348 4289/8474/4305
f 4283/8466/4299 4284/8547/4300 4304/8494/4320
f 4321/8525/4337 4263/8436/4279 4312/8511/4328
f 4267/8443/4283 4285/8469/4301 4333/8548/4349
f 4251/8539/4267 4334/8549/4350 4329/8540/4345
f 4251/8539/4267 4256/8428/4272 4334/8549/4350
f 4271/8448/4287 4286/8471/4302 4335/8550/4351
f 4280/8458/4296 4320/8524/4336 4336/8551/4352
f 4207/8346/4223 4296/8484/4312 4255/8427/4271
f 4290/8476/4306 4337/8552/4353 4325/8531/4341
f 4254/8426/4270 4304/8530/4320 4284/8468/4300
f 4102/8134/4118 4338/8553/4354 4278/8456/4294
f 4286/8471/4302 4302/8491/4318 4335/8550/4351
f 4207/8346/4223 4284/8468/4300 4296/8484/4312
f 4240/8408/4256 4309/8508/4325 4313/8512/4329
f 4293/8481/4309 4339/8554/4355 4320/8524/4336
f 4306/8545/4322 4340/8555/4356 4302/8491/4318
f 4293/8481/4309 4301/8489/4317 4339/8554/4355
f 4290/8476/4306 4322/8526/4338 4337/8552/4353
f 4255/8427/4271 4296/8484/4312 4279/8457/4295
f 4141/8213/4157 4341/8556/4357 4253/8422/4269
f 4321/8525/4337 4342/8557/4358 4301/8489/4317
f 4335/8550/4351 4317/8521/4333 4271/8448/4287
f 4272/8450/4288 4292/8514/4308 4343/8558/4359
f 4241/8402/4257 4344/8559/4360 4306/8545/4322
f 4243/826/4259 4345/8560/4361 4291/8561/4307
f 4306/8545/4322 4344/8559/4360 4340/8555/4356
f 4278/8534/4294 4338/8562/4354 4323/8527/4339
f 4163/8261/4179 4346/8563/4362 4324/8528/4340
f 4272/8450/4288 4347/8564/4363 4284/8468/4300
f 4326/8535/4342 4348/8565/4364 4327/8536/4343
f 4272/8450/4288 4343/8558/4359 4347/8564/4363
f 4211/8383/4227 4349/8566/4365 4281/8461/4297
f 4287/8472/4303 4349/8567/4365 4304/8530/4320
f 4243/826/4259 4314/8568/4330 4345/8560/4361
f 4296/8484/4312 4350/8569/4366 4310/8509/4326
f 4268/8444/4284 4318/8522/4334 4351/8570/4367
f 4287/8472/4303 4352/8571/4368 4349/8567/4365
f 4287/8472/4303 4265/8438/4281 4352/8571/4368
f 4235/8388/4251 4353/8572/4369 4309/8508/4325
f 4305/8496/4321 4253/8495/4269 4341/8573/4357
f 4337/8552/4353 4354/8574/4370 4325/8531/4341
f 4282/8463/4298 4303/8542/4319 4318/8522/4334
f 4346/8563/4362 4163/8261/4179 4308/8575/4324
f 4326/8532/4342 4248/8412/4264 4355/8576/4371
f 4301/8489/4317 4356/8577/4372 4339/8554/4355
f 4256/8428/4272 4357/8578/4373 4334/8549/4350
f 4302/8491/4318 4340/8555/4356 4335/8550/4351
f 4267/8459/4283 4333/8579/4349 4288/8473/4304
f 4292/8580/4308 4329/8581/4345 4343/8582/4359
f 4241/8402/4257 4358/8583/4374 4344/8559/4360
f 4304/8584/4320 4349/8566/4365 4211/8383/4227
f 4316/8520/4332 4311/8510/4327 4359/8585/4375
f 4185/8321/4201 4294/8586/4310 4141/8213/4157
f 4301/8489/4317 4342/8557/4358 4356/8577/4372
f 4229/8380/4245 4330/8543/4346 4297/8529/4313
f 4319/8523/4335 4360/8587/4376 4241/8402/4257
f 4241/8402/4257 4360/8587/4376 4358/8583/4374
f 4341/8556/4357 4141/8213/4157 4294/8586/4310
f 4281/8461/4297 4361/8588/4377 4319/8523/4335
f 4291/8479/4307 4362/8589/4378 4266/8440/4282
f 4326/8535/4342 4355/8590/4371 4348/8565/4364
f 4305/8496/4321 4341/8573/4357 4363/8591/4379
f 4316/8520/4332 4359/8585/4375 4364/8592/4380
f 4300/8593/4316 4365/8594/4381 4303/8542/4319
f 4312/8511/4328 4310/8509/4326 4366/8595/4382
f 4321/8525/4337 4312/8511/4328 4366/8595/4382
f 4280/8497/4296 4336/8596/4352 4322/8526/4338
f 4330/8543/4346 4367/8597/4383 4297/8529/4313
f 4323/8527/4339 4368/8598/4384 4239/8399/4255
f 4303/8542/4319 4365/8594/4381 4318/8522/4334
f 4269/8445/4285 4369/8599/4385 4102/8134/4118
f 4268/8444/4284 4370/8600/4386 4332/8546/4348
f 4334/8549/4350 4371/8601/4387 4329/8540/4345
f 4340/8602/4356 4344/8603/4360 4372/8604/4388
f 4102/8134/4118 4369/8599/4385 4338/8553/4354
f 4329/8605/4345 4371/8606/4387 4343/8558/4359
f 4340/8555/4356 4372/8607/4388 4335/8550/4351
f 4277/8455/4293 4373/8608/4389 4331/8544/4347
f 4344/8603/4360 4358/8609/4374 4372/8604/4388
f 4300/8593/4316 4325/8610/4341 4365/8594/4381
f 4294/8482/4310 4206/8341/4222 4374/8611/4390
f 4355/3027/4371 4375/8612/4391 4348/8613/4364
f 4320/8524/4336 4339/8554/4355 4376/8614/4392
f 4269/8445/4285 4244/8405/4260 4377/8615/4393
f 4333/8579/4349 4378/8616/4394 4288/8473/4304
f 4327/8536/4343 4348/8565/4364 4379/8617/4395
f 4327/8536/4343 4379/8617/4395 4250/8418/4266
f 4355/8576/4371 4248/8412/4264 4297/8485/4313
f 4323/8527/4339 4338/8562/4354 4380/8618/4396
f 4320/8619/4336 4381/8620/4397 4336/8621/4352
f 4235/8388/4251 4316/8520/4332 4364/8592/4380
f 4357/4890/4373 4371/8622/4387 4334/8623/4350
f 4354/8574/4370 4382/8624/4398 4325/8531/4341
f 4322/8526/4338 4383/8625/4399 4337/8552/4353
f 4349/8566/4365 4384/8626/4400 4281/8461/4297
f 4299/8487/4315 4256/8428/4272 4237/8395/4253
f 4296/8484/4312 4347/8564/4363 4385/8627/4401
f 4309/8508/4325 4353/8572/4369 4313/8512/4329
f 4337/8552/4353 4386/8628/4402 4354/8574/4370
f 4350/8569/4366 4296/8484/4312 4385/8627/4401
f 4318/8629/4334 4387/8630/4403 4351/8631/4367
f 4339/8632/4355 4356/8633/4372 4388/8634/4404
f 4206/8341/4222 4233/8421/4249 4389/8635/4405
f 4206/8341/4222 4389/8635/4405 4374/8611/4390
f 4320/8619/4336 4376/8636/4392 4381/8620/4397
f 4331/8544/4347 4390/8637/4406 4311/8510/4327
f 4268/8444/4284 4351/8570/4367 4370/8600/4386
f 4235/8388/4251 4364/8592/4380 4353/8572/4369
f 4337/8638/4353 4383/8314/4399 4391/8639/4407
f 4360/8587/4376 4319/8523/4335 4392/8640/4408
f 4296/8484/4312 4284/8468/4300 4347/8564/4363
f 4375/8641/4391 4355/8642/4371 4393/8643/4409
f 4323/8527/4339 4380/8618/4396 4368/8598/4384
f 4269/8445/4285 4377/8615/4393 4369/8599/4385
f 4337/8552/4353 4391/8644/4407 4386/8628/4402
f 4394/8645/4410 4261/8646/4277 4239/8399/4255
f 4394/8645/4410 4239/8399/4255 4395/8647/4411
f 4394/8648/4410 4299/8487/4315 4261/8516/4277
f 4360/8587/4376 4392/8640/4408 4358/8583/4374
f 4358/8609/4374 4392/8649/4408 4372/8604/4388
f 4343/8558/4359 4396/8650/4412 4347/8564/4363
f 4325/8651/4341 4382/8652/4398 4365/8653/4381
f 4338/8553/4354 4369/8599/4385 4380/8654/4396
f 4305/8519/4321 4363/8655/4379 4397/8656/4413
f 4343/8558/4359 4371/8606/4387 4396/8650/4412
f 4288/8473/4304 4378/8616/4394 4330/8543/4346
f 4386/8628/4402 4391/8644/4407 4382/8624/4398
f 4319/8523/4335 4361/8588/4377 4398/8657/4414
f 4350/8569/4366 4385/8627/4401 4396/8650/4412
f 4277/8455/4293 4399/8658/4415 4373/8608/4389
f 4311/8510/4327 4390/8637/4406 4359/8585/4375
f 4335/8550/4351 4400/8659/4416 4317/8521/4333
f 4265/8660/4281 4401/8661/4417 4352/8662/4368
f 4285/8663/4301 4402/8664/4418 4333/8579/4349
f 4383/8625/4399 4403/8665/4419 4391/8644/4407
f 4339/8632/4355 4388/8634/4404 4376/8666/4392
f 4341/8667/4357 4404/8668/4420 4363/8655/4379
f 4386/8628/4402 4382/8624/4398 4354/8574/4370
f 4310/8509/4326 4350/8569/4366 4405/8669/4421
f 4277/8455/4293 4266/8440/4282 4399/8658/4415
f 4317/8521/4333 4406/8670/4422 4285/8469/4301
f 4336/8596/4352 4407/8671/4423 4322/8526/4338
f 4319/8523/4335 4398/8657/4414 4392/8640/4408
f 4355/8672/4371 4408/8673/4424 4393/8674/4409
f 4324/8528/4340 4346/8563/4362 4409/8675/4425
f 4375/8676/4391 4393/8677/4409 4348/8678/4364
f 4372/8607/4388 4410/8679/4426 4335/8550/4351
f 4384/8626/4400 4411/8680/4427 4281/8461/4297
f 4233/8385/4249 4315/8517/4331 4389/8681/4405
f 4308/8506/4324 4305/8519/4321 4397/8656/4413
f 4373/8608/4389 4390/8637/4406 4331/8544/4347
f 4392/8649/4408 4412/8682/4428 4372/8604/4388
f 4299/8487/4315 4413/8683/4429 4256/8428/4272
f 4281/8461/4297 4414/8684/4430 4361/8588/4377
f 4349/8685/4365 4352/8686/4368 4415/8687/4431
f 4352/8688/4368 4416/8689/4432 4415/8690/4431
f 4310/8509/4326 4405/8669/4421 4417/8691/4433
f 4371/8692/4387 4418/8693/4434 4396/546/4412
f 4250/8418/4266 4379/8617/4395 4223/8372/4239
f 4371/8601/4387 4357/8578/4373 4418/8694/4434
f 4317/8521/4333 4400/8659/4416 4406/8670/4422
f 4310/8509/4326 4417/8691/4433 4366/8595/4382
f 4335/8550/4351 4410/8679/4426 4400/8659/4416
f 4265/8660/4281 4328/8695/4344 4419/8696/4435
f 4352/8697/4368 4401/8698/4417 4420/8699/4436
f 4392/8649/4408 4398/8700/4414 4412/8682/4428
f 4336/8621/4352 4381/8620/4397 4421/8701/4437
f 4348/8702/4364 4393/8703/4409 4408/3662/4424
f 4348/8565/4364 4408/8704/4424 4379/8617/4395
f 4352/8705/4368 4420/8706/4436 4422/8707/4438
f 4352/8708/4368 4422/8709/4438 4416/8710/4432
f 4347/8564/4363 4396/8650/4412 4385/8627/4401
f 4265/8660/4281 4419/8696/4435 4423/8711/4439
f 4361/8588/4377 4414/8684/4430 4398/8657/4414
f 4408/8712/4424 4355/8576/4371 4424/8713/4440
f 4333/8579/4349 4402/8664/4418 4378/8616/4394
f 4404/8668/4420 4425/8714/4441 4363/8655/4379
f 4378/8616/4394 4426/8715/4442 4330/8543/4346
f 4355/8576/4371 4297/8485/4313 4424/8713/4440
f 4285/8663/4301 4406/8716/4422 4402/8664/4418
f 4281/8461/4297 4427/8717/4443 4414/8684/4430
f 4318/8629/4334 4365/8653/4381 4428/8718/4444
f 4391/8644/4407 4429/8719/4445 4382/8624/4398
f 4324/8528/4340 4430/8720/4446 4244/8425/4260
f 4324/8528/4340 4409/8675/4425 4430/8720/4446
f 4313/8721/4329 4419/8696/4435 4328/8695/4344
f 4372/8607/4388 4412/8722/4428 4410/8679/4426
f 4387/8630/4403 4318/8629/4334 4431/8723/4447
f 4357/8578/4373 4432/8724/4448 4418/8694/4434
f 4318/8629/4334 4428/8718/4444 4431/8723/4447
f 4256/8428/4272 4432/8724/4448 4357/8578/4373
f 4359/8585/4375 4390/8637/4406 4433/8725/4449
f 4281/8461/4297 4411/8680/4427 4427/8717/4443
f 4376/8666/4392 4388/8634/4404 4434/8726/4450
f 4391/8727/4407 4435/8728/4451 4429/8729/4445
f 4265/8660/4281 4423/8711/4439 4401/8661/4417
f 4381/8620/4397 4376/8636/4392 4436/8730/4452
f 4412/8682/4428 4398/8700/4414 4437/8731/4453
f 4349/8566/4365 4415/8732/4431 4384/8626/4400
f 4297/8733/4313 4367/8734/4383 4424/8735/4440
f 4415/8736/4431 4416/8710/4432 4412/8682/4428
f 4239/8399/4255 4368/8598/4384 4395/8647/4411
f 4374/8611/4390 4438/8737/4454 4294/8482/4310
f 4416/8710/4432 4422/8709/4438 4412/8682/4428
f 4380/8654/4396 4369/8599/4385 4439/8738/4455
f 4368/8598/4384 4380/8618/4396 4440/8739/4456
f 4330/8740/4346 4441/8741/4457 4367/8734/4383
f 4442/7523/4458 4443/8742/4459 4408/8743/4424
f 4321/8525/4337 4366/8595/4382 4342/8557/4358
f 4403/8744/4419 4435/8728/4451 4391/8727/4407
f 4315/8517/4331 4223/8372/4239 4444/8745/4460
f 4404/8746/4420 4341/5170/4357 4445/8747/4461
f 4404/8746/4420 4445/8747/4461 4425/8748/4441
f 4420/8749/4436 4446/8750/4462 4422/8709/4438
f 4410/8751/4426 4412/8682/4428 4446/8750/4462
f 4322/8526/4338 4407/8671/4423 4383/8625/4399
f 4414/8752/4430 4437/8731/4453 4398/8700/4414
f 4291/8479/4307 4447/8753/4463 4362/8589/4378
f 4422/8709/4438 4446/8750/4462 4412/8682/4428
f 4384/8626/4400 4415/8732/4431 4411/8680/4427
f 4408/8754/4424 4424/8755/4440 4442/8756/4458
f 4313/8512/4329 4353/8572/4369 4448/8757/4464
f 4376/8636/4392 4434/8758/4450 4436/8730/4452
f 4412/8682/4428 4437/8731/4453 4415/8736/4431
f 4350/8569/4366 4396/8650/4412 4405/8669/4421
f 4313/8721/4329 4448/8759/4464 4419/8696/4435
f 4400/8659/4416 4449/8760/4465 4406/8670/4422
f 4435/8761/4451 4450/8762/4466 4429/8763/4445
f 4442/8764/4458 4451/8765/4467 4452/8766/4468
f 4294/8586/4310 4453/8767/4469 4341/8556/4357
f 4266/8440/4282 4362/8589/4378 4399/8658/4415
f 4370/8768/4386 4351/8631/4367 4454/8769/4470
f 4346/8563/4362 4455/8770/4471 4409/8675/4425
f 4425/8714/4441 4445/8771/4461 4456/8772/4472
f 4429/8773/4445 4450/8774/4466 4382/8652/4398
f 4388/8634/4404 4356/8633/4372 4457/8775/4473
f 4373/8608/4389 4399/8658/4415 4458/8776/4474
f 4373/8608/4389 4458/8776/4474 4390/8637/4406
f 4380/8777/4396 4439/8778/4455 4440/1738/4456
f 4332/8779/4348 4459/8780/4475 4289/8781/4305
f 4403/8744/4419 4460/8782/4476 4435/8728/4451
f 4396/546/4412 4418/8693/4434 4461/8783/4477
f 4432/8724/4448 4256/8428/4272 4462/8784/4478
f 4442/8785/4458 4424/8786/4440 4451/8787/4467
f 4414/8752/4430 4427/8788/4443 4437/8731/4453
f 4425/8714/4441 4456/8772/4472 4363/8655/4379
f 4443/8789/4459 4379/8790/4395 4408/8791/4424
f 4378/8616/4394 4402/8664/4418 4426/8715/4442
f 4367/8734/4383 4441/8741/4457 4424/8735/4440
f 4365/8653/4381 4382/8652/4398 4428/8718/4444
f 4420/8792/4436 4401/8793/4417 4446/8794/4462
f 4446/8794/4462 4401/8793/4417 4463/8795/4479
f 4411/8680/4427 4464/8796/4480 4427/8717/4443
f 4415/8736/4431 4437/8731/4453 4464/8797/4480
f 4388/8634/4404 4465/8798/4481 4434/8726/4450
f 4363/8655/4379 4456/8772/4472 4397/8656/4413
f 4406/8716/4422 4466/8799/4482 4402/8664/4418
f 4341/8556/4357 4453/8767/4469 4445/8800/4461
f 4346/8563/4362 4308/8575/4324 4455/8770/4471
f 4336/8621/4352 4421/8701/4437 4467/8801/4483
f 4342/8557/4358 4366/8595/4382 4468/8802/4484
f 4427/8788/4443 4464/8797/4480 4437/8731/4453
f 4452/8766/4468 4379/8617/4395 4442/8764/4458
f 4441/8803/4457 4330/8543/4346 4426/8715/4442
f 4332/8779/4348 4370/8768/4386 4459/8780/4475
f 4383/8625/4399 4407/8671/4423 4467/8804/4483
f 4315/8517/4331 4444/8745/4460 4389/8681/4405
f 4415/8732/4431 4464/8796/4480 4411/8680/4427
f 4388/8805/4404 4457/8806/4473 4465/8807/4481
f 4432/8724/4448 4461/8808/4477 4418/8694/4434
f 4390/8637/4406 4469/8809/4485 4433/8725/4449
f 4256/8428/4272 4413/8683/4429 4462/8784/4478
f 4442/4611/4458 4379/8810/4395 4443/8811/4459
f 4435/8761/4451 4460/8812/4476 4450/8762/4466
f 4294/8482/4310 4438/8737/4454 4453/8813/4469
f 4434/8726/4450 4465/8798/4481 4470/8814/4486
f 4374/8611/4390 4389/8635/4405 4438/8737/4454
f 4383/8625/4399 4467/8804/4483 4403/8665/4419
f 4451/8765/4467 4471/8815/4487 4452/8766/4468
f 4439/8738/4455 4369/8599/4385 4440/8816/4456
f 4396/8650/4412 4472/8817/4488 4405/8669/4421
f 4223/8372/4239 4473/8818/4489 4444/8745/4460
f 4410/8679/4426 4446/8794/4462 4463/8795/4479
f 4434/8726/4450 4470/8814/4486 4436/8819/4452
f 4421/8701/4437 4474/8820/4490 4467/8801/4483
f 4356/8577/4372 4342/8557/4358 4468/8802/4484
f 4336/8621/4352 4467/8801/4483 4407/8821/4423
f 4223/8372/4239 4379/8617/4395 4473/8818/4489
f 4410/8679/4426 4475/8822/4491 4400/8659/4416
f 4400/8659/4416 4475/8822/4491 4449/8760/4465
f 4465/8823/4481 4476/8824/4492 4470/8825/4486
f 4381/8620/4397 4474/8820/4490 4421/8701/4437
f 4366/8595/4382 4417/8691/4433 4477/8826/4493
f 4451/8787/4467 4424/8786/4440 4478/6502/4494
f 4451/8765/4467 4478/8827/4494 4471/8815/4487
f 4244/8405/4260 4430/8828/4446 4377/8615/4393
f 4399/8658/4415 4362/8589/4378 4479/8829/4495
f 4381/8620/4397 4436/8730/4452 4474/8820/4490
f 4364/8592/4380 4480/8830/4496 4481/8831/4497
f 4457/8832/4473 4356/8577/4372 4482/8833/4498
f 4353/8572/4369 4364/8592/4380 4483/8834/4499
f 4460/8812/4476 4484/8835/4500 4450/8762/4466
f 4426/8836/4442 4402/8837/4418 4441/8741/4457
f 4403/8744/4419 4485/8838/4501 4460/8782/4476
f 4366/8595/4382 4486/8839/4502 4468/8802/4484
f 4460/8812/4476 4487/8840/4503 4484/8835/4500
f 4410/8679/4426 4463/8795/4479 4475/8822/4491
f 4299/8487/4315 4394/8648/4410 4488/8841/4504
f 4401/8793/4417 4489/8842/4505 4463/8795/4479
f 4461/8808/4477 4432/8724/4448 4462/8784/4478
f 4353/8572/4369 4490/8843/4506 4448/8757/4464
f 4351/8631/4367 4387/8630/4403 4454/8769/4470
f 4419/8696/4435 4491/8844/4507 4423/8711/4439
f 4452/8845/4468 4471/8846/4487 4492/5160/4508
f 4452/8766/4468 4492/8847/4508 4379/8617/4395
f 4478/8848/4494 4424/8849/4440 4493/8850/4509
f 4406/8851/4422 4449/8852/4465 4494/1126/4510
f 4444/8745/4460 4495/8853/4511 4389/8681/4405
f 4364/8592/4380 4359/8585/4375 4480/8830/4496
f 4364/8592/4380 4481/8831/4497 4483/8834/4499
f 4455/8770/4471 4308/8575/4324 4496/8854/4512
f 4475/8822/4491 4494/8855/4510 4449/8760/4465
f 4460/8782/4476 4485/8838/4501 4487/8856/4503
f 4362/8589/4378 4447/8753/4463 4479/8829/4495
f 4487/8856/4503 4497/8857/4513 4484/8858/4500
f 4465/8859/4481 4498/8860/4514 4476/8861/4492
f 4440/8739/4456 4499/8862/4515 4368/8598/4384
f 4369/8599/4385 4500/8863/4516 4440/8816/4456
f 4487/8856/4503 4476/8864/4492 4497/8857/4513
f 4366/8595/4382 4477/8826/4493 4486/8839/4502
f 4457/8806/4473 4482/8865/4498 4465/8807/4481
f 4463/8795/4479 4489/8842/4505 4501/8866/4517
f 4308/8506/4324 4397/8656/4413 4496/8867/4512
f 4299/8487/4315 4488/8841/4504 4413/8683/4429
f 4467/8801/4483 4474/8820/4490 4502/8868/4518
f 4424/8735/4440 4441/8741/4457 4503/8869/4519
f 4476/8864/4492 4498/8870/4514 4497/8857/4513
f 4424/8093/4440 4503/8871/4519 4493/8872/4509
f 4359/8585/4375 4433/8725/4449 4480/8830/4496
f 4368/8598/4384 4504/8873/4520 4395/8647/4411
f 4370/8768/4386 4505/8874/4521 4459/8780/4475
f 4353/8572/4369 4483/8834/4499 4490/8843/4506
f 4406/5314/4422 4494/8875/4510 4466/8876/4482
f 4467/8804/4483 4502/8877/4518 4403/8665/4419
f 4458/8776/4474 4506/8878/4522 4390/8637/4406
f 4356/8577/4372 4468/8802/4484 4482/8833/4498
f 4476/8864/4492 4487/8856/4503 4485/8838/4501
f 4445/8771/4461 4507/8879/4523 4456/8772/4472
f 4503/8880/4519 4508/8881/4524 4493/8882/4509
f 4476/8883/4492 4485/8884/4501 4470/8814/4486
f 4497/8857/4513 4498/8870/4514 4484/8858/4500
f 4409/8675/4425 4509/8885/4525 4430/8720/4446
f 4436/8819/4452 4470/8814/4486 4474/8886/4490
f 4445/8887/4461 4510/8888/4526 4507/2148/4523
f 4445/8889/4461 4511/8890/4527 4510/8891/4526
f 4463/8795/4479 4501/8866/4517 4475/8822/4491
f 4478/8848/4494 4493/8850/4509 4471/8892/4487
f 4471/8846/4487 4493/8893/4509 4492/5160/4508
f 4431/8723/4447 4454/8769/4470 4387/8630/4403
f 4396/546/4412 4461/8783/4477 4512/8894/4528
f 4402/8837/4418 4466/8895/4482 4513/8896/4529
f 4419/8696/4435 4448/8759/4464 4491/8844/4507
f 4461/8897/4477 4462/8898/4478 4512/8899/4528
f 4402/8837/4418 4513/8896/4529 4441/8741/4457
f 4431/8723/4447 4428/8718/4444 4514/8900/4530
f 4493/8893/4509 4508/8901/4524 4492/5160/4508
f 4403/8744/4419 4502/8902/4518 4485/8838/4501
f 4441/8741/4457 4515/8903/4531 4503/8869/4519
f 4417/8691/4433 4405/8669/4421 4516/8904/4532
f 4438/8737/4454 4517/8905/4533 4453/8813/4469
f 4465/8807/4481 4482/8865/4498 4518/8906/4534
f 4456/8772/4472 4519/8907/4535 4397/8656/4413
f 4475/8822/4491 4501/8866/4517 4494/8855/4510
f 4390/8637/4406 4506/8878/4522 4469/8809/4485
f 4465/8807/4481 4518/8906/4534 4498/8908/4514
f 4441/8741/4457 4513/8896/4529 4515/8903/4531
f 4440/8739/4456 4500/8909/4516 4499/8862/4515
f 4314/8910/4330 4289/8781/4305 4459/8780/4475
f 4453/8767/4469 4511/8911/4527 4445/8800/4461
f 4494/8912/4510 4520/8913/4536 4466/8895/4482
f 4503/8869/4519 4515/8903/4531 4508/8914/4524
f 4513/8896/4529 4521/8915/4537 4515/8903/4531
f 4495/8916/4511 4438/8737/4454 4389/8635/4405
f 4417/8691/4433 4516/8904/4532 4477/8826/4493
f 4370/8768/4386 4454/8769/4470 4505/8874/4521
f 4494/8855/4510 4501/8866/4517 4522/8917/4538
f 4499/8862/4515 4523/8918/4539 4368/8598/4384
f 4473/8818/4489 4379/8617/4395 4524/8919/4540
f 4456/8772/4472 4507/8879/4523 4519/8907/4535
f 4368/8598/4384 4523/8918/4539 4504/8873/4520
f 4513/8896/4529 4525/8920/4541 4521/8915/4537
f 4500/8863/4516 4369/8599/4385 4526/8921/4542
f 4369/8599/4385 4377/8615/4393 4526/8921/4542
f 4462/8784/4478 4413/8683/4429 4527/8922/4543
f 4470/8814/4486 4485/8884/4501 4474/8886/4490
f 4482/8833/4498 4468/8802/4484 4528/8923/4544
f 4453/8813/4469 4517/8905/4533 4529/8924/4545
f 4508/8925/4524 4515/8926/4531 4492/8927/4508
f 4500/8909/4516 4526/8928/4542 4499/8862/4515
f 4512/8894/4528 4530/8929/4546 4396/546/4412
f 4444/8745/4460 4473/8818/4489 4531/8930/4547
f 4521/8931/4537 4525/8932/4541 4532/8933/4548
f 4511/8911/4527 4453/8767/4469 4529/8934/4545
f 4468/8802/4484 4533/8935/4549 4528/8923/4544
f 4444/8745/4460 4531/8930/4547 4495/8853/4511
f 4501/8936/4517 4489/8937/4505 4522/8938/4538
f 4510/8891/4526 4511/8890/4527 4507/8939/4523
f 4447/8753/4463 4291/8479/4307 4534/8940/4550
f 4468/8802/4484 4486/8839/4502 4535/8941/4551
f 4314/8942/4330 4459/8943/4475 4536/8944/4552
f 4521/8931/4537 4532/8933/4548 4515/8945/4531
f 4525/8932/4541 4537/8946/4553 4532/8933/4548
f 4466/8895/4482 4538/8947/4554 4513/8896/4529
f 4513/8896/4529 4539/8948/4555 4525/8920/4541
f 4512/8949/4528 4462/8784/4478 4530/8950/4546
f 4401/8661/4417 4423/8711/4439 4489/8937/4505
f 4513/8896/4529 4538/8947/4554 4539/8948/4555
f 4462/8784/4478 4527/8922/4543 4530/8950/4546
f 4522/8951/4538 4540/8952/4556 4494/8912/4510
f 4507/8953/4523 4511/8954/4527 4541/8955/4557
f 4474/8956/4490 4485/8838/4501 4502/8902/4518
f 4433/8725/4449 4542/8957/4558 4480/8830/4496
f 4495/8916/4511 4517/8905/4533 4438/8737/4454
f 4532/8958/4548 4537/8959/4553 4492/8960/4508
f 4382/8652/4398 4450/8774/4466 4514/8900/4530
f 4525/8961/4541 4539/8962/4555 4537/8959/4553
f 4543/8963/4559 4544/8964/4560 4545/8965/4561
f 4413/8683/4429 4546/8966/4562 4527/8922/4543
f 4494/8912/4510 4540/8952/4556 4520/8913/4536
f 4291/8967/4307 4345/8968/4361 4547/8969/4563
f 4291/8479/4307 4547/8970/4563 4534/8940/4550
f 4499/8862/4515 4526/8928/4542 4548/8971/4564
f 4520/8913/4536 4549/8972/4565 4466/8895/4482
f 4382/8652/4398 4514/8900/4530 4428/8718/4444
f 4492/8847/4508 4550/8973/4566 4379/8617/4395
f 4516/8904/4532 4405/8669/4421 4551/8974/4567
f 4522/8938/4538 4489/8937/4505 4552/8975/4568
f 4543/8976/4559 4553/8977/4569 4544/8978/4560
f 4488/8979/4504 4394/8645/4410 4554/8980/4570
f 4466/8895/4482 4549/8972/4565 4538/8947/4554
f 4468/8802/4484 4535/8941/4551 4533/8935/4549
f 4544/8981/4560 4555/8982/4571 4545/8983/4561
f 4488/8841/4504 4556/8984/4572 4413/8683/4429
f 4314/8942/4330 4536/8944/4552 4547/8969/4563
f 4543/8976/4559 4545/8985/4561 4557/8986/4573
f 4314/8942/4330 4547/8969/4563 4345/8968/4361
f 4454/8769/4470 4431/8723/4447 4558/8987/4574
f 4514/8900/4530 4558/8987/4574 4431/8723/4447
f 4532/8958/4548 4492/8960/4508 4515/8988/4531
f 4543/8976/4559 4557/8986/4573 4553/8977/4569
f 4480/8830/4496 4559/8989/4575 4481/8831/4497
f 4491/8844/4507 4448/8759/4464 4560/8990/4576
f 4489/8937/4505 4423/8711/4439 4561/8991/4577
f 4498/8908/4514 4518/8906/4534 4562/8992/4578
f 4544/8993/4560 4563/8994/4579 4555/8995/4571
f 4544/8993/4560 4564/8996/4580 4563/8994/4579
f 4545/8997/4561 4565/8998/4581 4557/8999/4573
f 4379/8617/4395 4550/8973/4566 4524/8919/4540
f 4499/8862/4515 4548/8971/4564 4523/8918/4539
f 4539/8962/4555 4538/9000/4554 4537/8959/4553
f 4479/8829/4495 4447/8753/4463 4399/8658/4415
f 4395/8647/4411 4504/8873/4520 4394/8645/4410
f 4394/8645/4410 4504/8873/4520 4554/8980/4570
f 4473/8818/4489 4524/8919/4540 4531/8930/4547
f 4530/9001/4546 4546/9002/4562 4396/9003/4412
f 4492/8847/4508 4566/9004/4582 4550/8973/4566
f 4489/8937/4505 4561/8991/4577 4552/8975/4568
f 4486/8839/4502 4477/8826/4493 4535/8941/4551
f 4555/9005/4571 4563/9006/4579 4545/9007/4561
f 4490/9008/4506 4567/9009/4583 4568/9010/4584
f 4458/8776/4474 4399/8658/4415 4569/9011/4585
f 4458/8776/4474 4569/9011/4585 4506/8878/4522
f 4472/8817/4488 4551/8974/4567 4405/8669/4421
f 4505/9012/4521 4454/9013/4470 4570/9014/4586
f 4544/8978/4560 4553/8977/4569 4571/9015/4587
f 4498/8908/4514 4562/8992/4578 4484/9016/4500
f 4477/8826/4493 4572/9017/4588 4535/8941/4551
f 4540/9018/4556 4573/9019/4589 4520/9020/4536
f 4505/9012/4521 4570/9014/4586 4574/9021/4590
f 4575/9022/4591 4541/8955/4557 4511/8954/4527
f 4490/9023/4506 4568/9024/4584 4448/8759/4464
f 4536/8944/4552 4459/8943/4475 4576/9025/4592
f 4397/8656/4413 4519/8907/4535 4496/8867/4512
f 4490/9026/4506 4483/9027/4499 4567/9009/4583
f 4537/8959/4553 4538/9000/4554 4577/9028/4593
f 4488/8841/4504 4554/9029/4570 4556/8984/4572
f 4430/8828/4446 4509/9030/4525 4377/8615/4393
f 4527/8922/4543 4546/8966/4562 4530/8950/4546
f 4528/9031/4544 4578/9032/4594 4482/8865/4498
f 4528/8923/4544 4533/8935/4549 4579/9033/4595
f 4553/8977/4569 4557/8986/4573 4580/9034/4596
f 4477/8826/4493 4516/8904/4532 4572/9017/4588
f 4544/8993/4560 4581/9035/4597 4564/8996/4580
f 4483/8834/4499 4481/8831/4497 4567/9036/4583
f 4448/8759/4464 4568/9024/4584 4560/8990/4576
f 4571/9037/4587 4581/9035/4597 4544/8993/4560
f 4528/9031/4544 4579/9038/4595 4578/9032/4594
f 4540/9018/4556 4522/9039/4538 4552/9040/4568
f 4520/9020/4536 4573/9019/4589 4549/9041/4565
f 4549/9042/4565 4573/4635/4589 4538/9043/4554
f 4545/9044/4561 4582/9045/4598 4565/9046/4581
f 4545/9007/4561 4563/9006/4579 4582/9047/4598
f 4506/8878/4522 4569/9011/4585 4469/8809/4485
f 4538/9000/4554 4573/9019/4589 4577/9028/4593
f 4396/9003/4412 4546/9002/4562 4583/9048/4599
f 4495/8853/4511 4531/8930/4547 4517/9049/4533
f 4396/9050/4412 4583/9051/4599 4472/9052/4488
f 4447/8753/4463 4584/9053/4600 4399/8658/4415
f 4547/8969/4563 4536/8944/4552 4585/9054/4601
f 4537/8959/4553 4577/9028/4593 4586/9055/4602
f 4537/8959/4553 4586/9055/4602 4492/8960/4508
f 4571/9015/4587 4553/8977/4569 4587/9056/4603
f 4536/8944/4552 4588/9057/4604 4585/9054/4601
f 4534/8940/4550 4589/9058/4605 4447/8753/4463
f 4509/9030/4525 4590/9059/4606 4377/8615/4393
f 4546/8966/4562 4413/8683/4429 4583/9060/4599
f 4511/9061/4527 4529/8924/4545 4591/9062/4607
f 4511/9063/4527 4591/9064/4607 4575/9065/4591
f 4482/8865/4498 4578/9032/4594 4592/9066/4608
f 4540/9018/4556 4552/9040/4568 4593/9067/4609
f 4548/8971/4564 4526/8928/4542 4594/9068/4610
f 4529/8924/4545 4517/8905/4533 4595/9069/4611
f 4518/8906/4534 4482/8865/4498 4592/9066/4608
f 4540/9018/4556 4593/9067/4609 4573/9019/4589
f 4472/8817/4488 4583/9070/4599 4596/9071/4612
f 4459/8780/4475 4505/8874/4521 4576/9072/4592
f 4469/8809/4485 4542/8957/4558 4433/8725/4449
f 4588/9057/4604 4553/8977/4569 4585/9054/4601
f 4582/9073/4598 4563/9074/4579 4597/9075/4613
f 4377/8615/4393 4590/9059/4606 4526/8921/4542
f 4565/8998/4581 4598/9076/4614 4557/8999/4573
f 4564/8996/4580 4597/9077/4613 4563/8994/4579
f 4571/9015/4587 4599/9078/4615 4581/9079/4597
f 4509/8885/4525 4409/8675/4425 4600/9080/4616
f 4517/9049/4533 4531/8930/4547 4601/9081/4617
f 4496/8854/4512 4602/9082/4618 4455/8770/4471
f 4553/8977/4569 4588/9057/4604 4587/9056/4603
f 4564/8996/4580 4603/9083/4619 4597/9077/4613
f 4575/9065/4591 4591/9064/4607 4604/9084/4620
f 4550/8973/4566 4566/9004/4582 4605/9085/4621
f 4564/8996/4580 4581/9035/4597 4603/9083/4619
f 4575/9065/4591 4604/9084/4620 4541/9086/4557
f 4547/8969/4563 4585/9054/4601 4534/9087/4550
f 4588/9057/4604 4536/8944/4552 4576/9025/4592
f 4548/8971/4564 4594/9068/4610 4606/9088/4622
f 4423/8711/4439 4491/8844/4507 4607/9089/4623
f 4553/8977/4569 4580/9034/4596 4608/9090/4624
f 4480/8830/4496 4542/8957/4558 4559/8989/4575
f 4526/8921/4542 4590/9059/4606 4594/9091/4610
f 4566/9004/4582 4492/8847/4508 4586/9092/4602
f 4518/8906/4534 4609/9093/4625 4562/8992/4578
f 4548/9094/4564 4606/9095/4622 4610/9096/4626
f 4571/9015/4587 4587/9056/4603 4599/9078/4615
f 4588/9057/4604 4576/9025/4592 4587/9056/4603
f 4550/8973/4566 4605/9085/4621 4524/8919/4540
f 4505/8874/4521 4574/9097/4590 4611/9098/4627
f 4552/8975/4568 4561/8991/4577 4593/9099/4609
f 4572/9017/4588 4612/9100/4628 4535/8941/4551
f 4553/9101/4569 4608/9102/4624 4585/9103/4601
f 4560/8990/4576 4568/9024/4584 4613/9104/4629
f 4505/8874/4521 4611/9098/4627 4576/9072/4592
f 4548/8971/4564 4610/9105/4626 4523/8918/4539
f 4409/8675/4425 4455/8770/4471 4602/9082/4618
f 4409/8675/4425 4602/9082/4618 4600/9080/4616
f 4591/9062/4607 4529/8924/4545 4614/9106/4630
f 4565/8998/4581 4582/9107/4598 4598/9076/4614
f 4615/9108/4631 4573/9019/4589 4593/9067/4609
f 4481/8831/4497 4616/9109/4632 4567/9036/4583
f 4531/8930/4547 4524/8919/4540 4601/9081/4617
f 4581/9035/4597 4599/9110/4615 4603/9083/4619
f 4586/9092/4602 4617/9111/4633 4566/9004/4582
f 4517/8905/4533 4601/9112/4617 4595/9069/4611
f 4583/9113/4599 4413/9114/4429 4556/9115/4572
f 4573/9019/4589 4615/9108/4631 4577/9028/4593
f 4605/9085/4621 4618/9116/4634 4524/8919/4540
f 4570/9014/4586 4619/9117/4635 4574/9021/4590
f 4569/9011/4585 4620/9118/4636 4469/8809/4485
f 4491/8844/4507 4560/8990/4576 4607/9089/4623
f 4524/8919/4540 4618/9116/4634 4601/9081/4617
f 4509/8885/4525 4621/9119/4637 4590/9120/4606
f 4583/9121/4599 4556/9122/4572 4596/7740/4612
f 4514/8900/4530 4450/8774/4466 4622/9123/4638
f 4566/9004/4582 4617/9111/4633 4605/9085/4621
f 4481/8831/4497 4559/8989/4575 4616/9109/4632
f 4604/9084/4620 4623/9124/4639 4541/9086/4557
f 4557/9125/4573 4598/9126/4614 4580/9127/4596
f 4584/9053/4600 4624/9128/4640 4399/8658/4415
f 4529/8924/4545 4595/9069/4611 4614/9106/4630
f 4423/8711/4439 4607/9089/4623 4561/8991/4577
f 4534/8940/4550 4585/9103/4601 4589/9058/4605
f 4577/9028/4593 4625/9129/4641 4586/9055/4602
f 4450/8774/4466 4484/9016/4500 4622/9123/4638
f 4561/9130/4577 4607/9131/4623 4593/9067/4609
f 4591/9064/4607 4626/9132/4642 4604/9084/4620
f 4576/9072/4592 4611/9098/4627 4587/9133/4603
f 4541/9086/4557 4623/9124/4639 4507/8879/4523
f 4603/9083/4619 4599/9110/4615 4627/9134/4643
f 4587/9133/4603 4611/9098/4627 4599/9110/4615
f 4591/9062/4607 4614/9106/4630 4626/9135/4642
f 4509/8885/4525 4600/9080/4616 4621/9119/4637
f 4606/9088/4622 4594/9068/4610 4628/9136/4644
f 4593/9067/4609 4607/9131/4623 4615/9108/4631
f 4504/8873/4520 4629/9137/4645 4554/8980/4570
f 4454/9013/4470 4630/9138/4646 4570/9014/4586
f 4454/8769/4470 4558/8987/4574 4630/9139/4646
f 4599/9110/4615 4611/9098/4627 4627/9134/4643
f 4606/9095/4622 4628/9140/4644 4610/9096/4626
f 4615/9108/4631 4625/9129/4641 4577/9028/4593
f 4399/8658/4415 4624/9128/4640 4631/9141/4647
f 4447/8753/4463 4589/9058/4605 4584/9053/4600
f 4570/9014/4586 4630/9138/4646 4619/9117/4635
f 4601/9112/4617 4632/9142/4648 4595/9069/4611
f 4504/8873/4520 4523/8918/4539 4629/9137/4645
f 4585/9103/4601 4608/9102/4624 4589/9058/4605
f 4472/8817/4488 4633/9143/4649 4551/8974/4567
f 4625/9144/4641 4634/9145/4650 4586/9092/4602
f 4604/9084/4620 4626/9132/4642 4623/9124/4639
f 4554/9029/4570 4635/9146/4651 4556/8984/4572
f 4614/9106/4630 4595/9069/4611 4632/9142/4648
f 4582/9073/4598 4597/9075/4613 4636/9147/4652
f 4472/8817/4488 4596/9071/4612 4637/9148/4653
f 4559/8989/4575 4542/8957/4558 4616/9109/4632
f 4472/8817/4488 4637/9148/4653 4633/9143/4649
f 4496/8854/4512 4638/9149/4654 4602/9082/4618
f 4619/9117/4635 4639/9150/4655 4574/9021/4590
f 4507/8879/4523 4623/9124/4639 4519/8907/4535
f 4535/8941/4551 4640/9151/4656 4533/8935/4549
f 4601/9152/4617 4618/9153/4634 4632/9154/4648
f 4635/9155/4651 4596/9156/4612 4556/9157/4572
f 4580/9034/4596 4589/9158/4605 4608/9090/4624
f 4582/9073/4598 4636/9147/4652 4598/9159/4614
f 4627/9160/4643 4641/9161/4657 4603/9162/4619
f 4621/9119/4637 4642/9163/4658 4590/9120/4606
f 4626/9135/4642 4614/9106/4630 4643/9164/4659
f 4484/9016/4500 4562/8992/4578 4622/9123/4638
f 4597/9075/4613 4641/9161/4657 4636/9147/4652
f 4626/9135/4642 4644/9165/4660 4645/9166/4661
f 4579/9033/4595 4533/8935/4549 4646/9167/4662
f 4603/9162/4619 4641/9161/4657 4597/9075/4613
f 4574/9021/4590 4639/9150/4655 4611/9168/4627
f 4586/9092/4602 4634/9145/4650 4617/9111/4633
f 4542/8957/4558 4469/8809/4485 4647/9169/4663
f 4580/9170/4596 4598/9171/4614 4589/9172/4605
f 4611/9168/4627 4639/9150/4655 4648/9173/4664
f 4628/9136/4644 4594/9068/4610 4649/9174/4665
f 4625/9129/4641 4615/9108/4631 4634/9175/4650
f 4519/8907/4535 4638/9176/4654 4496/8867/4512
f 4554/8980/4570 4650/9177/4666 4635/9178/4651
f 4568/9024/4584 4567/9179/4583 4651/9180/4667
f 4568/9024/4584 4651/9180/4667 4613/9104/4629
f 4572/9017/4588 4516/8904/4532 4652/9181/4668
f 4558/8987/4574 4514/8900/4530 4630/9139/4646
f 4644/9165/4660 4626/9135/4642 4643/9164/4659
f 4617/9111/4633 4653/9182/4669 4605/9085/4621
f 4616/9109/4632 4654/9183/4670 4567/9036/4583
f 4605/9085/4621 4653/9182/4669 4618/9116/4634
f 4523/8918/4539 4655/9184/4671 4629/9137/4645
f 4607/9131/4623 4656/9185/4672 4615/9108/4631
f 4645/9186/4661 4623/9124/4639 4626/9132/4642
f 4657/6331/4673 4645/9187/4661 4644/9188/4660
f 4554/8980/4570 4629/9137/4645 4650/9177/4666
f 4589/9189/4605 4658/9190/4674 4584/9191/4600
f 4516/8904/4532 4551/8974/4567 4659/9192/4675
f 4657/9193/4673 4660/9194/4676 4645/9186/4661
f 4641/9161/4657 4627/9160/4643 4661/9195/4677
f 4612/9100/4628 4572/9017/4588 4652/9181/4668
f 4562/8992/4578 4609/9093/4625 4662/9196/4678
f 4657/9197/4673 4644/9165/4660 4663/9198/4679
f 4644/9165/4660 4643/9164/4659 4663/9198/4679
f 4648/9173/4664 4661/9199/4677 4611/9168/4627
f 4615/9108/4631 4656/9185/4672 4634/9175/4650
f 4579/9033/4595 4646/9167/4662 4664/9200/4680
f 4628/9136/4644 4649/9174/4665 4665/9201/4681
f 4628/9140/4644 4665/9202/4681 4610/9096/4626
f 4523/8918/4539 4610/9105/4626 4655/9184/4671
f 4657/9197/4673 4663/9198/4679 4660/9203/4676
f 4611/9098/4627 4661/9204/4677 4627/9134/4643
f 4551/8974/4567 4633/9143/4649 4659/9192/4675
f 4614/9106/4630 4632/9142/4648 4666/9205/4682
f 4618/9153/4634 4666/9206/4682 4632/9154/4648
f 4592/9066/4608 4667/9207/4683 4518/8906/4534
f 4634/9145/4650 4668/9208/4684 4617/9111/4633
f 4399/8658/4415 4631/9141/4647 4669/9209/4685
f 4399/8658/4415 4669/9209/4685 4569/9011/4585
f 4542/8957/4558 4647/9169/4663 4670/9210/4686
f 4569/9011/4585 4669/9209/4685 4620/9118/4636
f 4618/9153/4634 4653/9211/4669 4666/9206/4682
f 4584/9191/4600 4658/9190/4674 4624/9212/4640
f 4639/9150/4655 4671/9213/4687 4648/9173/4664
f 4663/9214/4679 4672/9215/4688 4660/9216/4676
f 4589/9172/4605 4598/9171/4614 4658/9217/4674
f 4643/9218/4659 4614/9219/4630 4666/9206/4682
f 4578/9220/4594 4579/9033/4595 4673/9221/4689
f 4645/9186/4661 4660/9194/4676 4674/9222/4690
f 4617/9111/4633 4668/9208/4684 4653/9182/4669
f 4672/9223/4688 4675/9224/4691 4660/9225/4676
f 4641/9161/4657 4661/9195/4677 4676/9226/4692
f 4519/8907/4535 4677/9227/4693 4638/9176/4654
f 4560/8990/4576 4613/9104/4629 4678/9228/4694
f 4567/9179/4583 4654/9229/4670 4651/9180/4667
f 4518/8906/4534 4667/9207/4683 4609/9093/4625
f 4641/9161/4657 4676/9226/4692 4636/9147/4652
f 4616/9109/4632 4542/8957/4558 4679/9230/4695
f 4600/9080/4616 4680/9231/4696 4621/9119/4637
f 4624/9212/4640 4681/9232/4697 4631/9233/4647
f 4535/8941/4551 4612/9100/4628 4640/9151/4656
f 4630/9139/4646 4514/8900/4530 4682/9234/4698
f 4663/9214/4679 4683/9235/4699 4672/9215/4688
f 4683/9236/4699 4675/9224/4691 4672/9223/4688
f 4623/9124/4639 4684/9237/4700 4519/8907/4535
f 4660/9238/4676 4675/9239/4691 4674/9240/4690
f 4619/9117/4635 4685/9241/4701 4639/9150/4655
f 4622/9123/4638 4562/8992/4578 4662/9196/4678
f 4634/9145/4650 4656/9242/4672 4686/9243/4702
f 4590/9059/4606 4642/9244/4658 4594/9091/4610
f 4602/9082/4618 4680/9231/4696 4600/9080/4616
f 4619/9117/4635 4630/9138/4646 4685/9241/4701
f 4683/9245/4699 4663/9198/4679 4687/9246/4703
f 4533/8935/4549 4640/9151/4656 4646/9167/4662
f 4676/9226/4692 4661/9195/4677 4688/9247/4704
f 4636/9147/4652 4676/9226/4692 4598/9159/4614
f 4579/9033/4595 4664/9200/4680 4673/9221/4689
f 4542/8957/4558 4670/9210/4686 4679/9230/4695
f 4683/9248/4699 4689/9249/4705 4675/9250/4691
f 4665/9202/4681 4690/9251/4706 4610/9096/4626
f 4631/9141/4647 4691/9252/4707 4669/9209/4685
f 4663/9198/4679 4643/9164/4659 4687/9246/4703
f 4594/9091/4610 4642/9244/4658 4649/9253/4665
f 4668/9254/4684 4692/9255/4708 4653/9211/4669
f 4634/9145/4650 4686/9243/4702 4668/9208/4684
f 4648/9173/4664 4671/9213/4687 4693/9256/4709
f 4661/9199/4677 4648/9173/4664 4688/9257/4704
f 4598/9159/4614 4694/9258/4710 4658/9190/4674
f 4624/9212/4640 4658/9190/4674 4681/9232/4697
f 4656/9259/4672 4695/9260/4711 4686/9261/4702
f 4648/9173/4664 4693/9256/4709 4688/9257/4704
f 4653/9211/4669 4692/9255/4708 4666/9206/4682
f 4596/9262/4612 4696/9263/4712 4637/9264/4653
f 4560/8990/4576 4697/9265/4713 4607/9089/4623
f 4519/8907/4535 4684/9237/4700 4677/9227/4693
f 4683/9248/4699 4698/9266/4714 4689/9249/4705
f 4602/9082/4618 4638/9149/4654 4680/9231/4696
f 4665/9201/4681 4649/9174/4665 4690/9267/4706
f 4692/9255/4708 4643/9218/4659 4666/9206/4682
f 4639/9268/4655 4685/9269/4701 4671/9270/4687
f 4514/8900/4530 4622/9123/4638 4682/9234/4698
f 4654/9183/4670 4616/9109/4632 4699/9271/4715
f 4598/9159/4614 4676/9226/4692 4700/9272/4716
f 4694/9258/4710 4598/9159/4614 4700/9272/4716
f 4667/9207/4683 4592/9066/4608 4701/9273/4717
f 4658/9190/4674 4702/9274/4718 4681/9232/4697
f 4689/9275/4705 4674/9276/4690 4675/9277/4691
f 4698/9266/4714 4683/9248/4699 4703/9278/4719
f 4688/9247/4704 4693/9279/4709 4704/9280/4720
f 4643/9218/4659 4692/9255/4708 4687/9281/4703
f 4686/9261/4702 4705/9282/4721 4668/9254/4684
f 4516/8904/4532 4659/9192/4675 4652/9181/4668
f 4681/9283/4697 4691/9252/4707 4631/9141/4647
f 4703/9278/4719 4706/9284/4722 4698/9266/4714
f 4694/9258/4710 4702/9274/4718 4658/9190/4674
f 4668/9254/4684 4707/9285/4723 4692/9255/4708
f 4649/9253/4665 4642/9244/4658 4690/9286/4706
f 4656/9259/4672 4607/9287/4623 4695/9260/4711
f 4703/9288/4719 4683/9245/4699 4687/9246/4703
f 4645/9186/4661 4674/9222/4690 4623/9124/4639
f 4607/9089/4623 4697/9265/4713 4695/9289/4711
f 4688/9247/4704 4704/9280/4720 4676/9226/4692
f 4703/9278/4719 4708/9290/4724 4706/9284/4722
f 4694/9258/4710 4700/9272/4716 4702/9274/4718
f 4668/9254/4684 4705/9282/4721 4707/9285/4723
f 4703/9288/4719 4687/9246/4703 4708/9291/4724
f 4686/9261/4702 4695/9260/4711 4705/9282/4721
f 4698/9292/4714 4706/9293/4722 4709/9294/4725
f 4676/9226/4692 4704/9280/4720 4700/9272/4716
f 4692/9255/4708 4707/9285/4723 4687/9281/4703
f 4621/9119/4637 4680/9231/4696 4710/9295/4726
f 4685/9296/4701 4630/9139/4646 4682/9234/4698
f 4706/9284/4722 4708/9290/4724 4711/9297/4727
f 4642/729/4658 4712/9298/4728 4690/9299/4706
f 4706/9293/4722 4711/9300/4727 4709/9294/4725
f 4635/9178/4651 4650/9177/4666 4596/9301/4612
f 4698/9302/4714 4674/9276/4690 4689/9275/4705
f 4637/9264/4653 4696/9263/4712 4633/9303/4649
f 4640/9151/4656 4713/9304/4729 4646/9167/4662
f 4700/9272/4716 4704/9280/4720 4702/9274/4718
f 4613/9104/4629 4651/9180/4667 4714/9305/4730
f 4693/9279/4709 4671/984/4687 4715/9306/4731
f 4712/9307/4728 4716/9308/4732 4690/9309/4706
f 4711/9300/4727 4708/9310/4724 4709/9294/4725
f 4671/9311/4687 4685/9312/4701 4717/9313/4733
f 4621/9119/4637 4710/9295/4726 4642/9163/4658
f 4693/9279/4709 4718/9314/4734 4704/9280/4720
f 4629/9137/4645 4655/9184/4671 4650/9177/4666
f 4704/9280/4720 4718/9314/4734 4702/9274/4718
f 4715/9306/4731 4718/9314/4734 4693/9279/4709
f 4708/9315/4724 4687/9281/4703 4707/9285/4723
f 4681/9232/4697 4702/9274/4718 4719/9316/4735
f 4701/9317/4717 4592/8871/4608 4720/9318/4736
f 4667/9207/4683 4701/9273/4717 4721/9319/4737
f 4695/9260/4711 4722/9320/4738 4705/9282/4721
f 4702/9274/4718 4718/9314/4734 4719/9316/4735
f 4690/9251/4706 4723/9321/4739 4610/9096/4626
f 4707/9285/4723 4705/9282/4721 4708/9315/4724
f 4691/9322/4707 4681/9232/4697 4724/9323/4740
f 4717/9324/4733 4715/3511/4731 4671/9325/4687
f 4622/9123/4638 4725/9326/4741 4682/9234/4698
f 4690/9251/4706 4716/9327/4732 4723/9321/4739
f 4655/9184/4671 4610/9105/4626 4726/9328/4742
f 4592/9066/4608 4578/9032/4594 4720/9329/4736
f 4708/9315/4724 4705/9282/4721 4722/9320/4738
f 4685/9296/4701 4682/9234/4698 4717/9330/4733
f 4646/9331/4662 4713/9332/4729 4727/9333/4743
f 4716/9308/4732 4712/9307/4728 4728/9334/4744
f 4715/9335/4731 4729/9336/4745 4718/9337/4734
f 4681/9232/4697 4719/9316/4735 4724/9323/4740
f 4560/8990/4576 4678/9228/4694 4697/9265/4713
f 4708/9310/4724 4722/9338/4738 4709/9294/4725
f 4616/9109/4632 4679/9230/4695 4699/9271/4715
f 4664/9339/4680 4730/9340/4746 4673/9341/4689
f 4655/9184/4671 4726/9328/4742 4650/9177/4666
f 4709/9342/4725 4731/9050/4747 4698/9343/4714
f 4684/9237/4700 4732/9344/4748 4677/9227/4693
f 4642/9345/4658 4710/9346/4726 4712/9347/4728
f 4722/9338/4738 4695/9289/4711 4731/9348/4747
f 4717/9349/4733 4682/9350/4698 4715/9351/4731
f 4669/9352/4685 4691/2994/4707 4620/9353/4636
f 4640/9354/4656 4733/9355/4749 4713/9332/4729
f 4701/9356/4717 4720/5561/4736 4721/9357/4737
f 4667/9358/4683 4721/9359/4737 4734/9360/4750
f 4719/9361/4735 4735/9362/4751 4724/9363/4740
f 4718/9314/4734 4729/9364/4745 4719/9316/4735
f 4719/9361/4735 4729/9336/4745 4735/9362/4751
f 4684/9237/4700 4623/9124/4639 4736/9365/4752
f 4578/9032/4594 4673/9341/4689 4720/9329/4736
f 4682/9234/4698 4725/9326/4741 4737/9366/4753
f 4612/9367/4628 4733/9355/4749 4640/9354/4656
f 4647/9169/4663 4738/9368/4754 4670/9210/4686
f 4623/9124/4639 4674/9222/4690 4739/9369/4755
f 4677/9227/4693 4732/9344/4748 4740/9370/4756
f 4728/9334/4744 4712/9307/4728 4741/9371/4757
f 4646/9331/4662 4727/9333/4743 4742/9372/4758
f 4646/9331/4662 4742/9372/4758 4664/9373/4680
f 4728/9334/4744 4741/9371/4757 4743/9374/4759
f 4622/9123/4638 4662/9196/4678 4744/9375/4760
f 4715/9335/4731 4682/9234/4698 4737/9366/4753
f 4695/9289/4711 4697/9265/4713 4731/9348/4747
f 4623/9124/4639 4739/9369/4755 4736/9365/4752
f 4610/9105/4626 4745/9376/4761 4726/9328/4742
f 4651/9377/4667 4654/9183/4670 4746/9378/4762
f 4651/9180/4667 4746/9379/4762 4714/9305/4730
f 4659/9380/4675 4747/9381/4763 4652/9382/4668
f 4728/9334/4744 4743/9374/4759 4716/9308/4732
f 4667/9207/4683 4748/9383/4764 4609/9093/4625
f 4715/9335/4731 4737/9366/4753 4729/9336/4745
f 4729/9336/4745 4749/9384/4765 4735/9362/4751
f 4725/9326/4741 4622/9123/4638 4744/9375/4760
f 4680/9231/4696 4638/9149/4654 4740/9385/4756
f 4722/9338/4738 4731/9348/4747 4709/9294/4725
f 4724/9323/4740 4735/9386/4751 4691/9322/4707
f 4684/9237/4700 4736/9365/4752 4732/9344/4748
f 4638/9176/4654 4677/9227/4693 4740/9370/4756
f 4698/9343/4714 4731/9050/4747 4674/4389/4690
f 4652/9382/4668 4733/9355/4749 4612/9367/4628
f 4633/9143/4649 4750/9387/4766 4659/9192/4675
f 4712/9347/4728 4710/9346/4726 4751/9388/4767
f 4691/9252/4707 4752/9389/4768 4620/9118/4636
f 4659/9192/4675 4750/9387/4766 4747/9390/4763
f 4673/9341/4689 4753/9391/4769 4720/9329/4736
f 4670/9210/4686 4754/9392/4770 4679/9230/4695
f 4712/9307/4728 4751/9393/4767 4741/9371/4757
f 4729/9336/4745 4737/9366/4753 4755/9394/4771
f 4721/9395/4737 4720/5787/4736 4756/9396/4772
f 4691/9397/4707 4735/9398/4751 4752/9399/4768
f 4613/9104/4629 4714/9305/4730 4678/9228/4694
f 4667/9207/4683 4757/9400/4773 4748/9383/4764
f 4667/9358/4683 4734/9360/4750 4757/2362/4773
f 4596/9262/4612 4650/9401/4666 4696/9263/4712
f 4674/9222/4690 4731/9348/4747 4739/9369/4755
f 4737/9366/4753 4725/9326/4741 4755/9394/4771
f 4652/9402/4668 4758/9403/4774 4733/9404/4749
f 4650/9405/4666 4726/4233/4742 4696/9406/4712
f 4697/9265/4713 4759/9407/4775 4731/9348/4747
f 4670/9210/4686 4738/9368/4754 4754/9392/4770
f 4729/9336/4745 4755/9394/4771 4749/9384/4765
f 4731/9348/4747 4760/9408/4776 4739/9369/4755
f 4679/9409/4695 4754/9410/4770 4699/2427/4715
f 4664/9373/4680 4742/9372/4758 4730/9411/4746
f 4673/9341/4689 4730/9340/4746 4753/9391/4769
f 4678/9228/4694 4761/9412/4777 4697/9265/4713
f 4757/9400/4773 4762/9413/4778 4748/9383/4764
f 4763/9414/4779 4764/9415/4780 4725/9416/4741
f 4725/9416/4741 4764/9415/4780 4755/9417/4771
f 4721/9418/4737 4765/9419/4781 4734/9420/4750
f 4710/9295/4726 4680/9231/4696 4766/9421/4782
f 4744/9422/4760 4763/9414/4779 4725/9416/4741
f 4654/9183/4670 4699/9271/4715 4767/9423/4783
f 4710/9295/4726 4766/9421/4782 4751/9424/4767
f 4755/9417/4771 4764/9415/4780 4768/9425/4784
f 4696/9263/4712 4750/9426/4766 4633/9303/4649
f 4736/9365/4752 4739/9369/4755 4769/9427/4785
f 4652/9382/4668 4747/9381/4763 4758/9428/4774
f 4743/9429/4759 4723/9321/4739 4716/9327/4732
f 4744/9375/4760 4662/9196/4678 4770/9430/4786
f 4741/9371/4757 4751/9393/4767 4771/9431/4787
f 4772/9432/4788 4763/9414/4779 4773/9433/4789
f 4620/9118/4636 4774/9434/4790 4469/8809/4485
f 4772/9432/4788 4764/9415/4780 4763/9414/4779
f 4740/9385/4756 4775/9435/4791 4680/9231/4696
f 4733/9355/4749 4776/9436/4792 4713/9332/4729
f 4620/9118/4636 4752/9389/4768 4774/9434/4790
f 4772/9432/4788 4777/9437/4793 4764/9415/4780
f 4772/9432/4788 4773/9433/4789 4778/9438/4794
f 4680/9231/4696 4775/9435/4791 4766/9421/4782
f 4697/9265/4713 4761/9412/4777 4759/9407/4775
f 4610/9096/4626 4723/9321/4739 4745/9439/4761
f 4713/9332/4729 4776/9436/4792 4727/9333/4743
f 4662/9196/4678 4609/9093/4625 4770/9430/4786
f 4772/9432/4788 4778/9438/4794 4777/9437/4793
f 4721/9440/4737 4779/9441/4795 4765/9442/4781
f 4739/9369/4755 4760/9408/4776 4769/9427/4785
f 4740/9370/4756 4732/9344/4748 4775/9443/4791
f 4744/9375/4760 4780/9444/4796 4763/9445/4779
f 4734/9420/4750 4765/9419/4781 4757/9446/4773
f 4777/9437/4793 4781/9447/4797 4764/9415/4780
f 4741/9371/4757 4771/9431/4787 4743/9374/4759
f 4742/9372/4758 4727/9333/4743 4782/9448/4798
f 4730/9411/4746 4742/9372/4758 4783/9449/4799
f 4778/9438/4794 4773/9433/4789 4784/9450/4800
f 4778/9438/4794 4785/9451/4801 4777/9437/4793
f 4777/9437/4793 4786/9452/4802 4781/9447/4797
f 4755/9453/4771 4768/9454/4784 4787/9455/4803
f 4469/8809/4485 4774/9434/4790 4647/9169/4663
f 4778/9438/4794 4784/9450/4800 4788/9456/4804
f 4778/9438/4794 4788/9456/4804 4785/9451/4801
f 4773/9433/4789 4763/9414/4779 4789/9457/4805
f 4609/9093/4625 4748/9383/4764 4770/9430/4786
f 4723/9321/4739 4743/9429/4759 4771/9458/4787
f 4777/9437/4793 4785/9451/4801 4786/9452/4802
f 4733/9355/4749 4758/9428/4774 4790/9459/4806
f 4765/9460/4781 4779/9461/4795 4791/9462/4807
f 4773/9433/4789 4789/9457/4805 4792/9463/4808
f 4768/9425/4784 4764/9415/4780 4781/9447/4797
f 4763/9414/4779 4780/9464/4796 4789/9457/4805
f 4720/9329/4736 4753/9391/4769 4793/9465/4809
f 4744/9375/4760 4770/9430/4786 4780/9444/4796
f 4726/9466/4742 4745/9439/4761 4696/9263/4712
f 4755/9394/4771 4787/9467/4803 4749/9384/4765
f 4736/9365/4752 4769/9427/4785 4732/9344/4748
f 4735/9362/4751 4749/9384/4765 4787/9467/4803
f 4720/9329/4736 4793/9465/4809 4794/9468/4810
f 4699/9271/4715 4795/9469/4811 4767/9423/4783
f 4720/9329/4736 4794/9468/4810 4756/9470/4772
f 4783/9449/4799 4742/9372/4758 4782/9448/4798
f 4751/9393/4767 4796/9471/4812 4771/9431/4787
f 4699/9271/4715 4754/9392/4770 4795/9469/4811
f 4733/9355/4749 4790/9459/4806 4776/9436/4792
f 4786/9472/4802 4785/9473/4801 4797/9474/4813
f 4768/9475/4784 4798/9476/4814 4787/9477/4803
f 4773/9433/4789 4792/9463/4808 4784/9450/4800
f 4735/9478/4751 4787/9479/4803 4752/9389/4768
f 4768/9480/4784 4781/9481/4797 4798/9482/4814
f 4756/9483/4772 4779/9441/4795 4721/9440/4737
f 4760/9408/4776 4799/9484/4815 4769/9427/4785
f 4765/9419/4781 4791/9485/4807 4757/9446/4773
f 4654/9183/4670 4767/9423/4783 4746/9378/4762
f 4723/9321/4739 4800/9486/4816 4745/9439/4761
f 4732/9344/4748 4769/9427/4785 4801/9487/4817
f 4785/9451/4801 4788/9456/4804 4802/9488/4818
f 4781/9481/4797 4786/9472/4802 4798/9482/4814
f 4732/9344/4748 4801/9487/4817 4775/9443/4791
f 4753/9391/4769 4803/9489/4819 4793/9465/4809
f 4766/9421/4782 4775/9435/4791 4804/9490/4820
f 4751/9491/4767 4766/9492/4782 4796/9493/4812
f 4799/9484/4815 4805/9494/4821 4769/9427/4785
f 4731/9348/4747 4799/9484/4815 4760/9408/4776
f 4791/9495/4807 4806/9496/4822 4757/9497/4773
f 4714/9305/4730 4746/9379/4762 4807/9498/4823
f 4789/9457/4805 4808/9499/4824 4792/9463/4808
f 4758/9428/4774 4809/9500/4825 4790/9459/4806
f 4758/9428/4774 4747/9381/4763 4809/9500/4825
f 4756/9470/4772 4794/9468/4810 4810/9501/4826
f 4796/9502/4812 4800/9486/4816 4771/9458/4787
f 4769/9427/4785 4805/9494/4821 4801/9487/4817
f 4786/9472/4802 4797/9474/4813 4798/9482/4814
f 4796/9503/4812 4766/9421/4782 4804/9490/4820
f 4771/9458/4787 4800/9486/4816 4723/9321/4739
f 4730/9340/4746 4783/9504/4799 4753/9391/4769
f 4753/9391/4769 4783/9504/4799 4803/9489/4819
f 4727/9333/4743 4811/9505/4827 4782/9448/4798
f 4776/9436/4792 4811/9505/4827 4727/9333/4743
f 4748/9383/4764 4812/9506/4828 4770/9430/4786
f 4788/9456/4804 4813/9507/4829 4802/9488/4818
f 4696/9263/4712 4745/9439/4761 4814/9508/4830
f 4780/9464/4796 4808/9499/4824 4789/9457/4805
f 4782/9448/4798 4815/9509/4831 4783/9449/4799
f 4785/9473/4801 4802/9510/4818 4797/9474/4813
f 4788/9456/4804 4784/9450/4800 4816/9511/4832
f 4775/9512/4791 4801/9513/4817 4804/9514/4820
f 4759/9407/4775 4761/9412/4777 4817/9515/4833
f 4750/9426/4766 4818/9516/4834 4747/9517/4763
f 4750/9426/4766 4696/9263/4712 4819/9518/4835
f 4731/9348/4747 4759/9407/4775 4799/9484/4815
f 4788/9456/4804 4816/9511/4832 4813/9507/4829
f 4796/9502/4812 4820/9519/4836 4800/9486/4816
f 4796/9503/4812 4804/9490/4820 4820/9520/4836
f 4791/9495/4807 4821/9521/4837 4806/9496/4822
f 4791/9522/4807 4822/9523/4838 4821/9524/4837
f 4746/9378/4762 4767/9423/4783 4807/9525/4823
f 4787/9479/4803 4823/9526/4839 4752/9389/4768
f 4791/9522/4807 4779/9441/4795 4822/9523/4838
f 4714/9305/4730 4824/9527/4840 4678/9228/4694
f 4783/9449/4799 4815/9509/4831 4825/9528/4841
f 4761/9412/4777 4678/9228/4694 4824/9527/4840
f 4748/9383/4764 4762/9413/4778 4826/9529/4842
f 4754/9392/4770 4827/9530/4843 4795/9469/4811
f 4802/9510/4818 4828/9531/4844 4797/9474/4813
f 4792/9463/4808 4808/9499/4824 4829/9532/4845
f 4798/9482/4814 4797/9474/4813 4830/9533/4846
f 4750/9426/4766 4819/9518/4835 4818/9516/4834
f 4714/9305/4730 4807/9498/4823 4824/9527/4840
f 4780/9464/4796 4831/9534/4847 4808/9499/4824
f 4801/9513/4817 4805/9535/4821 4804/9514/4820
f 4813/9507/4829 4832/9536/4848 4802/9488/4818
f 4696/9263/4712 4814/9508/4830 4819/9518/4835
f 4784/9450/4800 4792/9463/4808 4829/9532/4845
f 4805/9535/4821 4820/9537/4836 4804/9514/4820
f 4757/9400/4773 4833/9538/4849 4762/9413/4778
f 4806/9539/4822 4834/9540/4850 4757/9400/4773
f 4776/9436/4792 4835/9541/4851 4811/9505/4827
f 4782/9448/4798 4811/9505/4827 4815/9509/4831
f 4748/9383/4764 4826/9529/4842 4812/9506/4828
f 4770/9430/4786 4812/9506/4828 4780/9444/4796
f 4776/9436/4792 4790/9459/4806 4836/9542/4852
f 4787/9479/4803 4798/9482/4814 4823/9526/4839
f 4821/9521/4837 4837/9543/4853 4806/9496/4822
f 4815/9544/4831 4838/9545/4854 4825/9546/4841
f 4813/9507/4829 4816/9511/4832 4832/9536/4848
f 4784/9450/4800 4829/9532/4845 4839/9547/4855
f 4799/9548/4815 4840/9549/4856 4805/9535/4821
f 4805/9535/4821 4840/9549/4856 4820/9537/4836
f 4810/9550/4826 4779/9441/4795 4756/9483/4772
f 4776/9436/4792 4836/9542/4852 4835/9541/4851
f 4809/9500/4825 4841/9551/4857 4790/9459/4806
f 4780/9444/4796 4812/9506/4828 4831/9552/4847
f 4821/9524/4837 4822/9523/4838 4837/9553/4853
f 4837/9554/4853 4834/9540/4850 4806/9539/4822
f 4757/9400/4773 4834/9540/4850 4833/9538/4849
f 4832/9555/4848 4816/9556/4832 4842/9557/4858
f 4828/9531/4844 4843/9558/4859 4797/9474/4813
f 4784/9450/4800 4842/9559/4858 4816/9511/4832
f 4759/9407/4775 4817/9515/4833 4799/9484/4815
f 4797/9474/4813 4843/9558/4859 4830/9533/4846
f 4762/9560/4778 4833/9561/4849 4826/9562/4842
f 4828/9531/4844 4844/9563/4860 4843/9558/4859
f 4747/9381/4763 4845/9564/4861 4809/9500/4825
f 4822/9565/4838 4846/9566/4862 4837/9567/4853
f 4824/9527/4840 4807/9498/4823 4847/9568/4863
f 4767/9423/4783 4795/9469/4811 4848/9569/4864
f 4798/9482/4814 4830/9533/4846 4823/9526/4839
f 4647/9169/4663 4774/9434/4790 4738/9368/4754
f 4842/9559/4858 4784/9450/4800 4839/9547/4855
f 4783/9504/4799 4825/9570/4841 4803/9489/4819
f 4823/9526/4839 4774/9434/4790 4752/9389/4768
f 4815/9509/4831 4849/9571/4865 4838/9572/4854
f 4761/9412/4777 4824/9527/4840 4850/9573/4866
f 4802/9488/4818 4832/9536/4848 4851/9574/4867
f 4745/9439/4761 4800/9486/4816 4814/9508/4830
f 4815/9509/4831 4811/9505/4827 4835/9541/4851
f 4779/9441/4795 4810/9550/4826 4852/9575/4868
f 4802/9488/4818 4851/9574/4867 4828/9576/4844
f 4795/9469/4811 4827/9530/4843 4848/9569/4864
f 4825/9528/4841 4838/9572/4854 4853/9577/4869
f 4812/9506/4828 4826/9529/4842 4831/9552/4847
f 4837/9554/4853 4854/9578/4870 4834/9540/4850
f 4803/9489/4819 4825/9570/4841 4793/9465/4809
f 4829/9579/4845 4855/9580/4871 4839/9581/4855
f 4809/9500/4825 4845/9564/4861 4841/9551/4857
f 4767/9423/4783 4856/9582/4872 4807/9525/4823
f 4747/9517/4763 4818/9516/4834 4845/9583/4861
f 4820/9519/4836 4840/9584/4856 4800/9486/4816
f 4815/9509/4831 4835/9541/4851 4857/9585/4873
f 4808/9586/4824 4858/9587/4874 4829/9579/4845
f 4837/9567/4853 4859/9588/4875 4854/9589/4870
f 4846/9566/4862 4859/9588/4875 4837/9567/4853
f 4835/9541/4851 4836/9542/4852 4860/9590/4876
f 4779/9441/4795 4852/9575/4868 4822/9523/4838
f 4838/9572/4854 4861/9591/4877 4853/9577/4869
f 4830/9533/4846 4862/9592/4878 4823/9526/4839
f 4828/9531/4844 4851/9593/4867 4844/9563/4860
f 4825/9570/4841 4863/9594/4879 4793/9465/4809
f 4814/9508/4830 4800/9486/4816 4864/9595/4880
f 4838/9572/4854 4849/9571/4865 4861/9591/4877
f 4844/9563/4860 4865/9596/4881 4843/9558/4859
f 4824/9527/4840 4847/9568/4863 4866/9597/4882
f 4824/9527/4840 4866/9597/4882 4850/9573/4866
f 4761/9412/4777 4850/9573/4866 4867/9598/4883
f 4761/9412/4777 4867/9598/4883 4817/9515/4833
f 4767/9599/4783 4848/9600/4864 4856/9601/4872
f 4822/9523/4838 4852/9575/4868 4846/9602/4862
f 4799/9484/4815 4817/9515/4833 4868/9603/4884
f 4825/9528/4841 4853/9577/4869 4869/9604/4885
f 4861/9605/4877 4849/9606/4865 4870/9607/4886
f 4839/9581/4855 4855/9580/4871 4871/9608/4887
f 4815/9509/4831 4857/9585/4873 4849/9571/4865
f 4843/9558/4859 4872/9609/4888 4830/9533/4846
f 4859/9588/4875 4873/9610/4889 4854/9589/4870
f 4807/9498/4823 4856/9611/4872 4847/9568/4863
f 4859/9588/4875 4846/9566/4862 4873/9610/4889
f 4808/9612/4824 4831/9613/4847 4858/9614/4874
f 4839/9581/4855 4871/9608/4887 4842/9615/4858
f 4854/9578/4870 4874/9616/4890 4834/9540/4850
f 4853/9577/4869 4861/9591/4877 4869/9604/4885
f 4800/9486/4816 4875/9617/4891 4864/9595/4880
f 4819/9518/4835 4814/9508/4830 4876/9618/4892
f 4836/9542/4852 4790/9459/4806 4877/9619/4893
f 4836/9542/4852 4877/9619/4893 4860/9590/4876
f 4842/9557/4858 4878/9620/4894 4832/9555/4848
f 4849/9606/4865 4879/9621/4895 4870/9607/4886
f 4843/9558/4859 4865/9596/4881 4872/9609/4888
f 4793/9465/4809 4863/9594/4879 4794/9468/4810
f 4814/9508/4830 4864/9595/4880 4876/9618/4892
f 4818/9516/4834 4819/9518/4835 4880/9622/4896
f 4852/9575/4868 4881/9623/4897 4846/9602/4862
f 4874/9624/4890 4882/9625/4898 4834/9626/4850
f 4823/9526/4839 4862/9592/4878 4883/9627/4899
f 4823/9526/4839 4883/9627/4899 4774/9434/4790
f 4810/9501/4826 4794/9468/4810 4884/9628/4900
f 4851/9629/4867 4832/9555/4848 4885/9630/4901
f 4738/9368/4754 4774/9434/4790 4883/9627/4899
f 4873/9610/4889 4870/9607/4886 4854/9589/4870
f 4830/9533/4846 4886/9631/4902 4862/9592/4878
f 4825/9528/4841 4869/9604/4885 4863/9632/4879
f 4830/9533/4846 4872/9609/4888 4886/9631/4902
f 4870/9633/4886 4874/9616/4890 4854/9578/4870
f 4872/9609/4888 4865/9596/4881 4887/9634/4903
f 4829/9579/4845 4888/9635/4904 4855/9580/4871
f 4865/9596/4881 4889/9636/4905 4887/9634/4903
f 4849/9571/4865 4857/9585/4873 4890/9637/4906
f 4829/9579/4845 4858/9587/4874 4891/9638/4907
f 4867/9598/4883 4850/9573/4866 4866/9597/4882
f 4870/9607/4886 4873/9610/4889 4861/9605/4877
f 4819/9518/4835 4876/9618/4892 4880/9622/4896
f 4840/9584/4856 4799/9484/4815 4892/9639/4908
f 4870/9607/4886 4879/9621/4895 4874/9640/4890
f 4832/9555/4848 4878/9620/4894 4885/9630/4901
f 4835/9541/4851 4860/9590/4876 4857/9585/4873
f 4833/9538/4849 4834/9540/4850 4893/9641/4909
f 4894/9642/4910 4895/9643/4911 4827/9644/4843
f 4851/9593/4867 4896/9645/4912 4844/9563/4860
f 4855/9580/4871 4897/9646/4913 4871/9608/4887
f 4869/9604/4885 4898/9647/4914 4863/9632/4879
f 4879/9648/4895 4882/9649/4898 4874/9616/4890
f 4873/9610/4889 4846/9566/4862 4899/9650/4915
f 4871/9608/4887 4897/9646/4913 4900/9651/4916
f 4827/9644/4843 4895/9643/4911 4848/9600/4864
f 4857/9585/4873 4860/9590/4876 4890/9637/4906
f 4829/9579/4845 4891/9638/4907 4888/9635/4904
f 4901/9652/4917 4827/9530/4843 4754/9392/4770
f 4858/9587/4874 4831/9653/4847 4891/9638/4907
f 4873/9610/4889 4902/9654/4918 4861/9605/4877
f 4794/9468/4810 4863/9594/4879 4884/9628/4900
f 4800/9486/4816 4840/9584/4856 4875/9617/4891
f 4883/9627/4899 4903/9655/4919 4738/9368/4754
f 4818/9516/4834 4880/9622/4896 4845/9583/4861
f 4834/9540/4850 4882/9649/4898 4904/9656/4920
f 4847/9568/4863 4905/9657/4921 4866/9597/4882
f 4888/9635/4904 4897/9646/4913 4855/9580/4871
f 4852/9575/4868 4810/9550/4826 4881/9623/4897
f 4834/9540/4850 4904/9656/4920 4893/9641/4909
f 4810/9550/4826 4906/9658/4922 4881/9623/4897
f 4879/9621/4895 4849/9606/4865 4907/9659/4923
f 4881/9660/4897 4899/9650/4915 4846/9566/4862
f 4842/9557/4858 4871/9661/4887 4908/9662/4924
f 4842/9557/4858 4908/9662/4924 4878/9620/4894
f 4844/9563/4860 4909/9663/4925 4865/9596/4881
f 4831/9552/4847 4826/9529/4842 4891/9664/4907
f 4896/9645/4912 4909/9663/4925 4844/9563/4860
f 4888/9635/4904 4910/9665/4926 4897/9646/4913
f 4754/9392/4770 4738/9368/4754 4901/9652/4917
f 4851/9629/4867 4885/9630/4901 4896/9666/4912
f 4810/9550/4826 4884/9667/4900 4906/9658/4922
f 4856/9601/4872 4911/9668/4927 4847/9669/4863
f 4849/9606/4865 4890/9670/4906 4907/9659/4923
f 4899/9650/4915 4902/9654/4918 4873/9610/4889
f 4856/9601/4872 4848/9600/4864 4911/9668/4927
f 4868/9603/4884 4912/9671/4928 4799/9484/4815
f 4869/9604/4885 4861/9591/4877 4913/9672/4929
f 4881/9660/4897 4906/9673/4922 4899/9650/4915
f 4878/9620/4894 4908/9662/4924 4885/9630/4901
f 4886/9631/4902 4914/9674/4930 4862/9592/4878
f 4799/9484/4815 4912/9671/4928 4892/9639/4908
f 4826/9529/4842 4833/9538/4849 4915/9675/4931
f 4848/9600/4864 4895/9643/4911 4916/9676/4932
f 4817/9515/4833 4867/9598/4883 4868/9603/4884
f 4871/9608/4887 4900/9651/4916 4908/9677/4924
f 4865/9596/4881 4909/9663/4925 4889/9636/4905
f 4861/9605/4877 4902/9654/4918 4913/9678/4929
f 4882/9649/4898 4879/9648/4895 4917/9679/4933
f 4840/9584/4856 4892/9639/4908 4918/9680/4934
f 4864/9595/4880 4875/9617/4891 4919/9681/4935
f 4869/9604/4885 4913/9672/4929 4898/9647/4914
f 4826/9682/4842 4915/9683/4931 4891/9638/4907
f 4848/9600/4864 4916/9676/4932 4911/9668/4927
f 4907/9684/4923 4920/9685/4936 4879/9686/4895
f 4840/9584/4856 4921/9687/4937 4875/9617/4891
f 4879/9686/4895 4920/9685/4936 4917/9688/4933
f 4887/9634/4903 4922/9689/4938 4872/9609/4888
f 4845/9564/4861 4923/9690/4939 4841/9551/4857
f 4907/9684/4923 4890/9637/4906 4920/9685/4936
f 4897/9646/4913 4910/9665/4926 4924/9691/4940
f 4885/9630/4901 4908/9662/4924 4925/9692/4941
f 4885/9630/4901 4925/9692/4941 4896/9666/4912
f 4864/9595/4880 4919/9681/4935 4876/9618/4892
f 4897/9646/4913 4924/9691/4940 4926/9693/4942
f 4889/9636/4905 4909/9663/4925 4927/9694/4943
f 4883/9627/4899 4914/9674/4930 4903/9655/4919
f 4900/9651/4916 4897/9646/4913 4926/9693/4942
f 4790/9459/4806 4841/9551/4857 4877/9619/4893
f 4889/9695/4905 4927/9696/4943 4887/9697/4903
f 4896/9645/4912 4928/9698/4944 4909/9663/4925
f 4899/9650/4915 4906/9673/4922 4929/9699/4945
f 4899/9650/4915 4929/9699/4945 4902/9654/4918
f 4913/9678/4929 4902/9654/4918 4898/9700/4914
f 4896/9666/4912 4925/9692/4941 4928/9701/4944
f 4876/9618/4892 4930/9702/4946 4880/9622/4896
f 4906/9673/4922 4884/9703/4900 4929/9699/4945
f 4900/9651/4916 4931/9704/4947 4908/9677/4924
f 4887/9697/4903 4932/9705/4948 4922/9706/4938
f 4847/9669/4863 4911/9668/4927 4905/9707/4921
f 4845/9564/4861 4880/9708/4896 4923/9690/4939
f 4898/9700/4914 4929/9699/4945 4863/9709/4879
f 4883/9627/4899 4862/9592/4878 4914/9674/4930
f 4902/9654/4918 4929/9699/4945 4898/9700/4914
f 4863/9709/4879 4929/9699/4945 4884/9703/4900
f 4887/9697/4903 4927/9696/4943 4932/9705/4948
f 4841/9551/4857 4923/9690/4939 4933/9710/4949
f 4893/9641/4909 4904/9656/4920 4934/9711/4950
f 4890/9637/4906 4860/9590/4876 4935/9712/4951
f 4872/9713/4888 4922/9706/4938 4886/9714/4902
f 4922/9706/4938 4932/9705/4948 4936/9715/4952
f 4908/9662/4924 4937/9716/4953 4925/9692/4941
f 4926/9693/4942 4931/9704/4947 4900/9651/4916
f 4925/9692/4941 4937/9716/4953 4938/9717/4954
f 4867/9598/4883 4866/9597/4882 4939/9718/4955
f 4927/9696/4943 4940/9719/4956 4932/9705/4948
f 4928/9698/4944 4938/9720/4954 4909/9663/4925
f 4925/9692/4941 4938/9717/4954 4928/9701/4944
f 4917/9679/4933 4904/9656/4920 4882/9649/4898
f 4738/9368/4754 4941/9721/4957 4901/9652/4917
f 4860/9590/4876 4877/9619/4893 4935/9712/4951
f 4926/9722/4942 4924/9723/4940 4942/9724/4958
f 4908/9662/4924 4931/9725/4947 4937/9716/4953
f 4938/9726/4954 4943/9727/4959 4909/9728/4925
f 4891/9638/4907 4944/9729/4960 4888/9635/4904
f 4875/9617/4891 4945/9730/4961 4919/9681/4935
f 4909/9728/4925 4943/9727/4959 4927/9696/4943
f 4840/9584/4856 4918/9680/4934 4921/9687/4937
f 4827/9530/4843 4901/9652/4917 4894/9731/4910
f 4888/9635/4904 4944/9729/4960 4946/9732/4962
f 4867/9598/4883 4939/9718/4955 4868/9603/4884
f 4940/9719/4956 4927/9696/4943 4943/9727/4959
f 4905/9657/4921 4947/9733/4963 4866/9597/4882
f 4937/9734/4953 4931/9735/4947 4948/9736/4964
f 4841/9551/4857 4933/9710/4949 4877/9619/4893
f 4926/9722/4942 4942/9724/4958 4948/9736/4964
f 4937/9734/4953 4948/9736/4964 4938/9726/4954
f 4932/9705/4948 4940/9719/4956 4949/9737/4965
f 4918/9680/4934 4892/9639/4908 4950/9738/4966
f 4915/9683/4931 4944/9729/4960 4891/9638/4907
f 4940/9719/4956 4943/9727/4959 4942/9724/4958
f 4875/9617/4891 4921/9687/4937 4945/9730/4961
f 4942/9724/4958 4943/9727/4959 4948/9736/4964
f 4926/9722/4942 4948/9736/4964 4931/9735/4947
f 4924/9691/4940 4910/9665/4926 4951/9739/4967
f 4868/9603/4884 4939/9718/4955 4952/9740/4968
f 4942/9724/4958 4949/9737/4965 4940/9719/4956
f 4942/9724/4958 4924/9723/4940 4953/9741/4969
f 4738/9368/4754 4903/9655/4919 4941/9721/4957
f 4888/9635/4904 4946/9732/4962 4910/9665/4926
f 4948/9736/4964 4943/9727/4959 4938/9726/4954
f 4868/9603/4884 4952/9740/4968 4912/9671/4928
f 4876/9618/4892 4919/9681/4935 4930/9702/4946
f 4932/9705/4948 4949/9737/4965 4936/9715/4952
f 4942/9724/4958 4953/9741/4969 4949/9737/4965
f 4912/9671/4928 4954/9742/4970 4892/9639/4908
f 4866/9597/4882 4947/9733/4963 4939/9718/4955
f 4914/9674/4930 4955/9743/4971 4903/9655/4919
f 4833/9538/4849 4893/9641/4909 4915/9675/4931
f 4920/9685/4936 4890/9637/4906 4956/9744/4972
f 4916/9676/4932 4895/9643/4911 4957/9745/4973
f 4901/9746/4917 4895/9643/4911 4894/9642/4910
f 4911/9668/4927 4916/9676/4932 4958/9747/4974
f 4886/9714/4902 4922/9706/4938 4936/9715/4952
f 4886/9714/4902 4936/9715/4952 4914/9748/4930
f 4880/9622/4896 4930/9702/4946 4959/9749/4975
f 4924/9723/4940 4951/9750/4967 4953/9741/4969
f 4919/9681/4935 4945/9730/4961 4960/9751/4976
f 4880/9622/4896 4959/9749/4975 4923/9752/4939
f 4949/9737/4965 4953/9741/4969 4936/9715/4952
f 4912/9671/4928 4952/9740/4968 4954/9742/4970
f 4961/9753/4977 4920/9685/4936 4956/9744/4972
f 4921/9687/4937 4918/9680/4934 4945/9730/4961
f 4904/9656/4920 4917/9679/4933 4962/9754/4978
f 4877/9619/4893 4963/9755/4979 4935/9712/4951
f 4895/9643/4911 4964/9756/4980 4957/9745/4973
f 4892/9639/4908 4954/9742/4970 4950/9738/4966
f 4934/9711/4950 4904/9656/4920 4965/9757/4981
f 4904/9656/4920 4966/9758/4982 4965/9757/4981
f 4923/9690/4939 4959/9759/4975 4933/9710/4949
f 4959/9749/4975 4930/9702/4946 4967/9760/4983
f 4920/9761/4936 4961/9762/4977 4917/9679/4933
f 4904/9656/4920 4962/9754/4978 4966/9758/4982
f 4916/9676/4932 4957/9745/4973 4968/9763/4984
f 4952/9740/4968 4939/9718/4955 4969/9764/4985
f 4945/9730/4961 4970/9765/4986 4960/9751/4976
f 4893/9641/4909 4934/9711/4950 4971/9766/4987
f 4935/9712/4951 4972/9767/4988 4890/9637/4906
f 4914/9748/4930 4973/9768/4989 4955/9769/4971
f 4911/9668/4927 4958/9747/4974 4905/9707/4921
f 4890/9637/4906 4972/9767/4988 4956/9744/4972
f 4955/9743/4971 4941/9721/4957 4903/9655/4919
f 4919/9681/4935 4960/9751/4976 4930/9702/4946
f 4917/9679/4933 4961/9762/4977 4974/9770/4990
f 4973/9768/4989 4914/9748/4930 4936/9715/4952
f 4952/9740/4968 4969/9764/4985 4954/9742/4970
f 4964/9756/4980 4975/9771/4991 4957/9745/4973
f 4918/9680/4934 4976/9772/4992 4945/9730/4961
f 4901/9746/4917 4977/9773/4993 4895/9643/4911
f 4941/9774/4957 4977/9773/4993 4901/9746/4917
f 4933/9710/4949 4978/9775/4994 4877/9619/4893
f 4935/9712/4951 4963/9755/4979 4972/9767/4988
f 4877/9619/4893 4979/9776/4995 4963/9755/4979
f 4916/9676/4932 4968/9763/4984 4958/9747/4974
f 4971/9766/4987 4980/9777/4996 4893/9641/4909
f 4893/9778/4909 4980/9779/4996 4946/9732/4962
f 4893/9778/4909 4946/9732/4962 4915/9683/4931
f 4934/9711/4950 4965/9757/4981 4971/9766/4987
f 4977/9773/4993 4964/9756/4980 4895/9643/4911
f 4945/9730/4961 4976/9772/4992 4970/9765/4986
f 4877/9619/4893 4978/9775/4994 4979/9776/4995
f 4933/9710/4949 4959/9759/4975 4978/9775/4994
f 4936/9715/4952 4981/9780/4997 4973/9768/4989
f 4941/9774/4957 4955/9769/4971 4982/9781/4998
f 4917/9679/4933 4974/9770/4990 4962/9754/4978
f 4957/9745/4973 4975/9771/4991 4983/9782/4999
f 4951/9750/4967 4910/9783/4926 4984/9784/5000
f 4941/9774/4957 4982/9781/4998 4977/9773/4993
f 4956/9744/4972 4974/9785/4990 4961/9753/4977
f 4915/9683/4931 4946/9732/4962 4944/9729/4960
f 4953/9741/4969 4951/9750/4967 4985/9786/5001
f 4957/9745/4973 4983/9782/4999 4968/9763/4984
f 4965/9757/4981 4986/9787/5002 4971/9766/4987
f 4918/9680/4934 4950/9738/4966 4976/9772/4992
f 4930/9788/4946 4960/9789/4976 4987/9790/5003
f 4963/9755/4979 4988/9791/5004 4972/9767/4988
f 4955/9769/4971 4973/9768/4989 4982/9781/4998
f 4905/9707/4921 4958/9747/4974 4989/9792/5005
f 4939/9718/4955 4947/9733/4963 4969/9764/4985
f 4978/9775/4994 4959/9759/4975 4990/9793/5006
f 4910/9665/4926 4946/9732/4962 4984/9794/5000
f 4930/9702/4946 4991/9795/5007 4967/9760/4983
f 4965/9757/4981 4966/9758/4982 4986/9787/5002
f 4971/9766/4987 4986/9787/5002 4980/9777/4996
f 4977/9773/4993 4992/9796/5008 4964/9756/4980
f 4978/9775/4994 4990/9793/5006 4979/9776/4995
f 4930/9788/4946 4987/9790/5003 4991/9797/5007
f 4956/9744/4972 4972/9767/4988 4993/9798/5009
f 4964/9756/4980 4992/9796/5008 4975/9771/4991
f 4982/9781/4998 4994/9799/5010 4977/9773/4993
f 4936/9715/4952 4953/9741/4969 4995/9800/5011
f 4973/9768/4989 4981/9780/4997 4996/9801/5012
f 4954/9742/4970 4997/9802/5013 4950/9738/4966
f 4975/9771/4991 4992/9796/5008 4998/9803/5014
f 4947/9733/4963 4999/9804/5015 4969/9764/4985
f 4980/9779/4996 5000/9805/5016 4946/9732/4962
f 4963/9755/4979 4979/9776/4995 4988/9791/5004
f 4960/9751/4976 4970/9765/4986 4987/9806/5003
f 4950/9738/4966 4997/9802/5013 4976/9772/4992
f 4972/9767/4988 4988/9791/5004 4993/9798/5009
f 4982/9781/4998 4973/9768/4989 4994/9799/5010
f 4936/9715/4952 4995/9800/5011 4981/9780/4997
f 4984/9784/5000 4985/9786/5001 4951/9750/4967
f 4959/9759/4975 5001/9807/5017 4990/9793/5006
f 4946/9732/4962 5000/9805/5016 4984/9794/5000
f 4973/9768/4989 4996/9801/5012 4994/9799/5010
f 4905/9657/4921 4989/9808/5005 4947/9733/4963
f 4959/9749/4975 4967/9760/4983 5001/9809/5017
f 4958/9747/4974 5002/9810/5018 4989/9792/5005
f 4967/9811/4983 4991/9797/5007 5001/9807/5017
f 4974/9785/4990 4956/9744/4972 4993/9798/5009
f 4983/9782/4999 4975/9771/4991 4998/9803/5014
f 4954/9742/4970 4969/9764/4985 5003/9812/5019
f 4977/9773/4993 4994/9799/5010 4992/9796/5008
f 4980/9777/4996 5004/9813/5020 5005/9814/5021
f 4958/9747/4974 4968/9763/4984 5002/9810/5018
f 4970/9765/4986 4976/9772/4992 4987/9806/5003
f 4953/9741/4969 4985/9786/5001 4995/9800/5011
f 4954/9742/4970 5003/9812/5019 4997/9802/5013
f 4986/9787/5002 5006/9815/5022 4980/9777/4996
f 4990/9793/5006 5001/9807/5017 5007/9816/5023
f 4980/9777/4996 5006/9815/5022 5004/9813/5020
f 4979/9776/4995 4990/9793/5006 5007/9816/5023
f 5000/9805/5016 4980/9779/4996 5005/9817/5021
f 4976/9772/4992 4997/9802/5013 5008/9818/5024
f 4947/9733/4963 4989/9808/5005 4999/9804/5015
f 4984/9784/5000 5000/9819/5016 5009/9820/5025
f 4987/9790/5003 5010/9821/5026 4991/9797/5007
f 5011/9822/5027 5012/9823/5028 5013/9824/5029
f 4983/9782/4999 4998/9803/5014 5014/9825/5030
f 5011/9822/5027 5013/9824/5029 5015/9826/5031
f 4969/9764/4985 4999/9804/5015 5003/9812/5019
f 5011/9822/5027 5015/9826/5031 5016/9827/5032
f 4997/9802/5013 5003/9812/5019 5017/9828/5033
f 5013/9824/5029 5018/9829/5034 5015/9826/5031
f 4998/9803/5014 5019/9830/5035 5014/9825/5030
f 4976/9772/4992 5020/9831/5036 4987/9806/5003
f 5012/9823/5028 5021/9832/5037 5013/9824/5029
f 4986/9787/5002 4966/9758/4982 5022/9833/5038
f 4984/9784/5000 5009/9820/5025 4985/9786/5001
f 5023/9834/5039 5016/9827/5032 5024/9835/5040
f 5004/9836/5020 5025/9837/5041 5005/9838/5021
f 4996/9801/5012 4981/9780/4997 4995/9800/5011
f 4974/9770/4990 5026/9839/5042 4962/9754/4978
f 4968/9763/4984 4983/9782/4999 5027/9840/5043
f 5024/9841/5040 5016/1410/5032 5028/9842/5044
f 5023/9834/5039 5012/9823/5028 5016/9827/5032
f 5016/9827/5032 5012/9823/5028 5011/9822/5027
f 5024/9835/5040 5029/9843/5045 5023/9834/5039
f 5015/9826/5031 5030/9844/5046 5016/9827/5032
f 5015/9826/5031 5018/9829/5034 5031/9845/5047
f 4976/9772/4992 5008/9818/5024 5020/9831/5036
f 4997/9802/5013 5017/9828/5033 5008/9818/5024
f 5004/9813/5020 5006/9815/5022 5025/9846/5041
f 5028/9842/5044 5032/9847/5048 5024/9841/5040
f 4998/9803/5014 5033/9848/5049 5019/9830/5035
f 4994/9799/5010 5034/9849/5050 4992/9796/5008
f 5029/9850/5045 5035/9851/5051 5023/9852/5039
f 4988/9791/5004 5036/9853/5052 4993/9798/5009
f 5000/9819/5016 5005/9838/5021 5009/9820/5025
f 5030/9844/5046 5028/9854/5044 5016/9827/5032
f 4996/9801/5012 5034/9849/5050 4994/9799/5010
f 5023/9834/5039 5035/9855/5051 5037/9856/5053
f 5005/9838/5021 5025/9837/5041 5038/9857/5054
f 5030/9858/5046 5015/9859/5031 5031/9860/5047
f 4979/9776/4995 5007/9816/5023 4988/9791/5004
f 4995/9800/5011 5039/9861/5055 4996/9801/5012
f 4998/9803/5014 5040/9862/5056 5033/9848/5049
f 5012/9823/5028 5023/9834/5039 5037/9856/5053
f 5024/9863/5040 5041/9864/5057 5029/9865/5045
f 5024/9863/5040 5032/9866/5048 5041/9864/5057
f 5013/9824/5029 5021/9832/5037 5042/9867/5058
f 4998/9803/5014 4992/9796/5008 5043/9868/5059
f 5044/9869/5060 5031/9845/5047 5018/9829/5034
f 5033/9870/5049 5040/9871/5056 5045/9872/5061
f 5013/9824/5029 5042/9867/5058 5018/9829/5034
f 4996/9801/5012 5039/9861/5055 5034/9849/5050
f 5005/9838/5021 5046/9873/5062 5047/9874/5063
f 4985/9786/5001 5009/9820/5025 5048/9875/5064
f 4992/9796/5008 5034/9849/5050 5043/9868/5059
f 4988/9791/5004 5007/9816/5023 5036/9853/5052
f 5012/9823/5028 5049/9876/5065 5021/9832/5037
f 5012/9823/5028 5037/9856/5053 5049/9876/5065
f 4966/9758/4982 4962/9754/4978 5026/9839/5042
f 5005/9838/5021 5038/9857/5054 5046/9873/5062
f 5041/9864/5057 5035/9877/5051 5029/9865/5045
f 4983/9782/4999 5014/9825/5030 5027/9840/5043
f 5003/9812/5019 4999/9804/5015 5050/9878/5066
f 4995/9800/5011 4985/9786/5001 5051/9879/5067
f 5038/9857/5054 5052/9880/5068 5046/9873/5062
f 5018/9829/5034 5042/9867/5058 5044/9869/5060
f 4985/9786/5001 5048/9875/5064 5051/9879/5067
f 5030/9858/5046 5053/9881/5069 5028/9882/5044
f 4989/9792/5005 5054/9883/5070 4999/9884/5015
f 5021/9832/5037 5049/9876/5065 5055/9885/5071
f 4995/9800/5011 5051/9879/5067 5039/9861/5055
f 5033/9870/5049 5045/9872/5061 5056/9886/5072
f 5033/9476/5049 5056/9887/5072 5019/9888/5035
f 5057/9889/5073 5058/9890/5074 5046/9873/5062
f 5046/9873/5062 5059/9891/5075 5057/9889/5073
f 5003/9812/5019 5050/9878/5066 5017/9828/5033
f 5046/9873/5062 5052/9880/5068 5059/9891/5075
f 5057/9889/5073 5040/9862/5056 5058/9890/5074
f 5005/9838/5021 5047/9874/5063 5009/9820/5025
f 5040/9871/5056 5057/9892/5073 5060/9893/5076
f 5031/9845/5047 5044/9869/5060 5061/9894/5077
f 5037/9895/5053 5035/9896/5051 5062/9897/5078
f 5057/9892/5073 5063/9898/5079 5060/9893/5076
f 5042/9867/5058 5021/9832/5037 5064/9899/5080
f 5058/9890/5074 5040/9862/5056 5065/9900/5081
f 4998/9803/5014 5043/9868/5059 5040/9862/5056
f 5030/9858/5046 5031/9860/5047 5066/9901/5082
f 5030/9858/5046 5066/9901/5082 5053/9881/5069
f 4986/9787/5002 5022/9833/5038 5067/9902/5083
f 4986/9787/5002 5067/9902/5083 5006/9815/5022
f 5032/9866/5048 5068/9903/5084 5041/9864/5057
f 5034/9849/5050 5039/9861/5055 5043/9868/5059
f 5009/9820/5025 5047/9874/5063 5048/9875/5064
f 5040/9871/5056 5069/9904/5085 5045/9872/5061
f 5057/9889/5073 5070/9905/5086 5063/9906/5079
f 5057/9889/5073 5059/9891/5075 5071/9907/5087
f 5001/9908/5017 5072/9909/5088 5007/9910/5023
f 5031/9860/5047 5061/9911/5077 5073/9912/5089
f 4987/9806/5003 5020/9831/5036 5074/9913/5090
f 5021/9832/5037 5055/9885/5071 5064/9899/5080
f 4989/9792/5005 5002/9810/5018 5075/9914/5091
f 4989/9792/5005 5075/9914/5091 5054/9883/5070
f 5059/9891/5075 5052/9880/5068 5076/9915/5092
f 5028/9882/5044 5053/9881/5069 5077/9916/5093
f 4999/9884/5015 5054/9883/5070 5050/9917/5066
f 5042/9867/5058 5078/9918/5094 5044/9869/5060
f 5039/9861/5055 5065/9900/5081 5043/9868/5059
f 5046/9873/5062 5058/9890/5074 5047/9874/5063
f 4993/9798/5009 5079/9919/5095 4974/9785/4990
f 5031/9860/5047 5073/9912/5089 5066/9901/5082
f 4987/9806/5003 5074/9913/5090 5010/9920/5026
f 5039/9861/5055 5051/9879/5067 5065/9900/5081
f 5017/9828/5033 5080/9921/5096 5008/9818/5024
f 5040/9862/5056 5043/9868/5059 5065/9900/5081
f 4974/9785/4990 5081/9922/5097 5026/9923/5042
f 5060/9893/5076 5063/9898/5079 5082/9924/5098
f 5014/9925/5030 5083/9926/5099 5027/9927/5043
f 5060/9893/5076 5082/9924/5098 5069/9904/5085
f 5001/9807/5017 5084/9928/5100 5072/9929/5088
f 5007/9910/5023 5072/9909/5088 5036/9930/5052
f 5060/9893/5076 5069/9904/5085 5040/9871/5056
f 5048/9875/5064 5047/9874/5063 5085/9931/5101
f 5032/9866/5048 5028/9932/5044 5068/9903/5084
f 5026/9839/5042 5022/9833/5038 4966/9758/4982
f 5057/9889/5073 5071/9907/5087 5086/9933/5102
f 5058/9890/5074 5085/9931/5101 5047/9874/5063
f 5042/9934/5058 5064/5546/5080 5078/9935/5094
f 5057/9889/5073 5086/9933/5102 5070/9905/5086
f 5048/9875/5064 5085/9931/5101 5051/9879/5067
f 5068/9903/5084 5087/9936/5103 5041/9864/5057
f 5061/9911/5077 5088/9937/5104 5073/9912/5089
f 5027/9840/5043 5002/9810/5018 4968/9763/4984
f 5058/9890/5074 5065/9900/5081 5085/9931/5101
f 5017/9938/5033 5050/9917/5066 5080/9939/5096
f 5051/9879/5067 5085/9931/5101 5065/9900/5081
f 5055/9940/5071 5049/9941/5065 5089/9942/5105
f 5071/9907/5087 5059/9891/5075 5090/9943/5106
f 5037/9895/5053 5062/9897/5078 5049/9941/5065
f 5028/9932/5044 5077/9944/5093 5068/9903/5084
f 5061/9911/5077 5044/9945/5060 5091/9946/5107
f 5019/9947/5035 5092/9948/5108 5014/9925/5030
f 5053/9881/5069 5093/9949/5109 5077/9916/5093
f 5045/9872/5061 5069/9904/5085 5056/9886/5072
f 5041/9864/5057 5087/9936/5103 5035/9877/5051
f 5056/9950/5072 5092/9951/5108 5019/9952/5035
f 5001/9807/5017 4991/9797/5007 5084/9928/5100
f 5053/9881/5069 5066/9901/5082 5093/9949/5109
f 5079/9919/5095 4993/9798/5009 5094/9953/5110
f 4974/9785/4990 5079/9919/5095 5081/9922/5097
f 4991/9797/5007 5010/9821/5026 5074/9954/5090
f 5091/9946/5107 5088/9937/5104 5061/9911/5077
f 5035/9896/5051 5095/9955/5111 5062/9897/5078
f 5038/9857/5054 5025/9837/5041 5052/9880/5068
f 5050/9917/5066 5054/9883/5070 5096/9956/5112
f 5054/9883/5070 5097/9957/5113 5096/9956/5112
f 5068/9958/5084 5077/9916/5093 5098/9959/5114
f 5036/9930/5052 5072/9909/5088 5099/9960/5115
f 5044/9961/5060 5078/9935/5094 5091/9962/5107
f 5008/9963/5024 5080/9939/5096 5100/9964/5116
f 4993/9798/5009 5036/9853/5052 5101/9965/5117
f 5036/9930/5052 5099/9960/5115 5101/184/5117
f 5055/9940/5071 5102/9966/5118 5064/9967/5080
f 5087/9936/5103 5103/9968/5119 5035/9877/5051
f 5059/9891/5075 5076/9915/5092 5104/9969/5120
f 5052/9970/5068 5105/9971/5121 5106/9972/5122
f 5070/9973/5086 5107/9974/5123 5063/9975/5079
f 5082/9976/5098 5063/9977/5079 5107/9978/5123
f 5073/9912/5089 5108/9979/5124 5066/9901/5082
f 5059/9891/5075 5109/9980/5125 5090/9943/5106
f 5008/9963/5024 5110/9981/5126 5020/9982/5036
f 5080/9939/5096 5111/9983/5127 5100/9964/5116
f 5075/9914/5091 5097/9957/5113 5054/9883/5070
f 5072/9929/5088 5084/9928/5100 5112/9984/5128
f 5025/9846/5041 5006/9815/5022 5113/9985/5129
f 5022/9833/5038 5026/9839/5042 5114/9986/5130
f 5077/9916/5093 5093/9949/5109 5098/9959/5114
f 5055/9940/5071 5115/9987/5131 5102/9966/5118
f 5071/9988/5087 5090/9989/5106 5086/9990/5102
f 5049/9941/5065 5062/9897/5078 5089/9942/5105
f 5088/9937/5104 5116/9991/5132 5073/9912/5089
f 5002/9810/5018 5117/9992/5133 5118/9993/5134
f 5072/9929/5088 5112/9984/5128 5099/9994/5115
f 5064/5546/5080 5102/9995/5118 5078/9935/5094
f 5050/9917/5066 5096/9956/5112 5080/9939/5096
f 5052/9970/5068 5106/9972/5122 5076/9996/5092
f 5070/9997/5086 5086/9990/5102 5119/9998/5135
f 5008/9999/5024 5100/10000/5116 5110/10001/5126
f 5059/9891/5075 5104/9969/5120 5109/9980/5125
f 5014/9925/5030 5092/9948/5108 5083/9926/5099
f 5002/9810/5018 5118/9993/5134 5075/9914/5091
f 4991/9797/5007 5074/9954/5090 5084/9928/5100
f 5055/9940/5071 5089/9942/5105 5115/9987/5131
f 5091/9946/5107 5120/10002/5136 5088/9937/5104
f 5116/9991/5132 5108/9979/5124 5073/9912/5089
f 4993/9798/5009 5101/9965/5117 5094/9953/5110
f 5068/9903/5084 5098/10003/5114 5121/10004/5137
f 5068/9903/5084 5121/10004/5137 5087/9936/5103
f 5101/9965/5117 5099/9994/5115 5122/10005/5138
f 5027/9840/5043 5083/10006/5099 5002/9810/5018
f 5078/9935/5094 5123/10007/5139 5091/9962/5107
f 5069/9904/5085 5124/10008/5140 5056/9886/5072
f 5025/10009/5041 5105/9971/5121 5052/9970/5068
f 5078/9935/5094 5102/9995/5118 5123/10007/5139
f 5020/9982/5036 5125/10010/5141 5074/10011/5090
f 5075/9914/5091 5118/9993/5134 5097/9957/5113
f 5089/9942/5105 5062/9897/5078 5126/10012/5142
f 5069/9904/5085 5082/9924/5098 5127/10013/5143
f 5067/9902/5083 5022/9833/5038 5114/9986/5130
f 5006/9815/5022 5067/9902/5083 5113/9985/5129
f 5089/9942/5105 5126/10012/5142 5115/9987/5131
f 5088/9937/5104 5120/10002/5136 5116/9991/5132
f 5070/9997/5086 5119/9998/5135 5107/10014/5123
f 5083/10006/5099 5117/9992/5133 5002/9810/5018
f 5091/9962/5107 5123/10007/5139 5120/10015/5136
f 5109/9980/5125 5104/9969/5120 5128/10016/5144
f 5092/9948/5108 5129/10017/5145 5083/9926/5099
f 5035/9896/5051 5103/10018/5119 5095/9955/5111
f 5108/9979/5124 5130/10019/5146 5066/9901/5082
f 5066/9901/5082 5130/10019/5146 5093/9949/5109
f 5086/9990/5102 5090/9989/5106 5119/9998/5135
f 5110/9981/5126 5125/10010/5141 5020/9982/5036
f 5056/10020/5072 5131/10021/5147 5092/9948/5108
f 5080/9939/5096 5096/9956/5112 5111/9983/5127
f 5067/9902/5083 5114/9986/5130 5132/10022/5148
f 5096/9956/5112 5133/10023/5149 5111/9983/5127
f 5074/10011/5090 5125/10010/5141 5084/10024/5100
f 5108/10025/5124 5116/10026/5132 5134/10027/5150
f 5097/9957/5113 5133/10023/5149 5096/9956/5112
f 5067/9902/5083 5132/10022/5148 5113/9985/5129
f 5109/10028/5125 5135/10029/5151 5090/10030/5106
f 5125/10010/5141 5110/9981/5126 5100/9964/5116
f 5104/10031/5120 5076/9996/5092 5106/9972/5122
f 5113/10032/5129 5105/9971/5121 5025/10009/5041
f 5136/10033/5152 5109/9980/5125 5137/10034/5153
f 5109/9980/5125 5128/10016/5144 5137/10034/5153
f 5095/9955/5111 5103/10018/5119 5138/10035/5154
f 5114/9986/5130 5026/9839/5042 5081/10036/5097
f 5136/10033/5152 5137/10034/5153 5111/9983/5127
f 5097/9957/5113 5118/9993/5134 5133/10023/5149
f 5115/9987/5131 5126/10012/5142 5139/10037/5155
f 5115/9987/5131 5139/10037/5155 5102/9966/5118
f 5093/9949/5109 5130/10019/5146 5098/9959/5114
f 5109/9980/5125 5136/10033/5152 5135/10038/5151
f 5084/10024/5100 5125/10010/5141 5140/10039/5156
f 5094/9953/5110 5101/9965/5117 5141/10040/5157
f 5118/9993/5134 5117/9992/5133 5142/10041/5158
f 5069/9904/5085 5127/10013/5143 5143/10042/5159
f 5087/9936/5103 5121/10004/5137 5103/9968/5119
f 5095/9955/5111 5138/10035/5154 5144/10043/5160
f 5112/9984/5128 5084/9928/5100 5140/10044/5156
f 5111/9983/5127 5145/10045/5161 5136/10033/5152
f 5146/10046/5162 5102/9966/5118 5147/10047/5163
f 5062/9897/5078 5095/9955/5111 5144/10043/5160
f 5133/10023/5149 5145/10045/5161 5111/9983/5127
f 5126/10012/5142 5062/9897/5078 5144/10043/5160
f 5069/9904/5085 5143/10042/5159 5124/10008/5140
f 5125/10010/5141 5100/9964/5116 5148/10048/5164
f 5123/10049/5139 5149/10050/5165 5120/10002/5136
f 5118/9993/5134 5142/10041/5158 5133/10023/5149
f 5098/10051/5114 5130/10052/5146 5150/10053/5166
f 5100/9964/5116 5111/9983/5127 5148/10048/5164
f 5108/9979/5124 5134/10054/5150 5130/10019/5146
f 5104/9969/5120 5151/10055/5167 5128/10016/5144
f 5125/10010/5141 5148/10048/5164 5140/10039/5156
f 5135/10038/5151 5136/10033/5152 5145/10045/5161
f 5133/10023/5149 5142/10041/5158 5145/10045/5161
f 5146/10046/5162 5152/10056/5168 5102/9966/5118
f 5119/10057/5135 5090/10058/5106 5135/10059/5151
f 5147/10060/5163 5153/10061/5169 5146/10062/5162
f 5101/9965/5117 5122/10005/5138 5141/10040/5157
f 5102/9966/5118 5139/10037/5155 5147/10047/5163
f 5111/9983/5127 5137/10034/5153 5148/10048/5164
f 5102/9995/5118 5152/10063/5168 5123/10007/5139
f 5099/9994/5115 5112/9984/5128 5122/10005/5138
f 5134/10027/5150 5154/10064/5170 5130/10052/5146
f 5129/10017/5145 5155/10065/5171 5083/9926/5099
f 5112/10066/5128 5140/10039/5156 5122/10067/5138
f 5145/10045/5161 5142/10041/5158 5135/10038/5151
f 5128/10016/5144 5151/10055/5167 5137/10034/5153
f 5120/10002/5136 5149/10050/5165 5116/9991/5132
f 5116/10026/5132 5156/10068/5172 5153/10069/5169
f 5098/10003/5114 5150/10070/5166 5121/10004/5137
f 5104/9969/5120 5106/10071/5122 5151/10055/5167
f 5116/10026/5132 5153/10069/5169 5157/10072/5173
f 5117/9992/5133 5158/10073/5174 5142/10041/5158
f 5146/10046/5162 5153/10074/5169 5152/10056/5168
f 5130/10052/5146 5154/10064/5170 5150/10053/5166
f 5153/10075/5169 5147/10076/5163 5157/8875/5173
f 5144/10043/5160 5159/10077/5175 5126/10012/5142
f 5083/10006/5099 5155/10078/5171 5117/9992/5133
f 5140/10039/5156 5148/10048/5164 5122/10067/5138
f 5139/10037/5155 5126/10012/5142 5159/10077/5175
f 5160/10079/5176 5147/10080/5163 5139/10081/5155
f 5103/10082/5119 5121/10083/5137 5161/10084/5177
f 5082/9924/5098 5107/10085/5123 5127/10013/5143
f 5138/10035/5154 5162/10086/5178 5144/10043/5160
f 5103/10082/5119 5161/10084/5177 5138/10087/5154
f 5116/9991/5132 5149/10050/5165 5156/10088/5172
f 5106/10071/5122 5163/10089/5179 5151/10055/5167
f 5137/10034/5153 5151/10055/5167 5148/10048/5164
f 5079/9919/5095 5094/9953/5110 5081/9922/5097
f 5164/10090/5180 5106/9972/5122 5105/9971/5121
f 5151/10055/5167 5163/10089/5179 5165/10091/5181
f 5124/10092/5140 5166/10093/5182 5056/10020/5072
f 5123/10007/5139 5152/10063/5168 5149/10094/5165
f 5153/10069/5169 5156/10068/5172 5149/10095/5165
f 5116/10026/5132 5157/10072/5173 5134/10027/5150
f 5153/10069/5169 5149/10095/5165 5152/10096/5168
f 5122/10067/5138 5148/10048/5164 5165/10091/5181
f 5117/9992/5133 5155/10078/5171 5158/10073/5174
f 5148/10048/5164 5151/10055/5167 5165/10091/5181
f 5121/10083/5137 5150/10053/5166 5161/10084/5177
f 5141/10040/5157 5122/10005/5138 5167/10097/5183
f 5119/9998/5135 5168/10098/5184 5107/10014/5123
f 5056/10020/5072 5166/10093/5182 5131/10021/5147
f 5144/10043/5160 5162/10086/5178 5159/10077/5175
f 5134/10027/5150 5157/10072/5173 5154/10064/5170
f 5135/10099/5151 5169/10100/5185 5119/9998/5135
f 5138/10087/5154 5161/10084/5177 5162/10101/5178
f 5142/10041/5158 5158/10073/5174 5169/10102/5185
f 5094/9953/5110 5170/10103/5186 5081/9922/5097
f 5147/10080/5163 5160/10079/5176 5157/10072/5173
f 5139/10081/5155 5159/10104/5175 5160/10079/5176
f 5135/10038/5151 5142/10041/5158 5169/10102/5185
f 5127/10013/5143 5171/10105/5187 5143/10042/5159
f 5141/10040/5157 5167/10097/5183 5094/9953/5110
f 5155/10078/5171 5172/10106/5188 5158/10073/5174
f 5160/10079/5176 5159/10104/5175 5173/10107/5189
f 5160/10079/5176 5173/10107/5189 5157/10072/5173
f 5127/10013/5143 5107/10085/5123 5171/10105/5187
f 5159/10104/5175 5162/10101/5178 5173/10107/5189
f 5150/10053/5166 5154/10064/5170 5174/10108/5190
f 5150/10053/5166 5174/10108/5190 5161/10084/5177
f 5158/5189/5174 5172/1755/5188 5169/10109/5185
f 5163/10089/5179 5175/10110/5191 5165/10091/5181
f 5113/9985/5129 5132/10022/5148 5176/10111/5192
f 5119/9998/5135 5169/10100/5185 5168/10098/5184
f 5163/10089/5179 5106/10071/5122 5177/10112/5193
f 5157/10072/5173 5174/10108/5190 5154/10064/5170
f 5106/10071/5122 5164/10113/5180 5177/10112/5193
f 5162/10101/5178 5161/10084/5177 5173/10107/5189
f 5161/10084/5177 5174/10108/5190 5173/10107/5189
f 5155/10065/5171 5129/10017/5145 5178/10114/5194
f 5174/10108/5190 5157/10072/5173 5173/10107/5189
f 5155/10115/5171 5178/10116/5194 5179/10117/5195
f 5114/9986/5130 5180/10118/5196 5132/10022/5148
f 5177/10112/5193 5175/10110/5191 5163/10089/5179
f 5122/10067/5138 5165/10091/5181 5167/10119/5183
f 5143/10042/5159 5166/10120/5182 5124/10008/5140
f 5168/10098/5184 5169/10100/5185 5181/10121/5197
f 5114/9986/5130 5081/10036/5097 5180/10118/5196
f 5094/9953/5110 5167/10097/5183 5170/10103/5186
f 5143/10042/5159 5171/10105/5187 5166/10120/5182
f 5132/10022/5148 5182/10122/5198 5176/10111/5192
f 5165/10091/5181 5175/10110/5191 5167/10119/5183
f 5092/9948/5108 5178/10114/5194 5129/10017/5145
f 5155/10115/5171 5183/10123/5199 5172/10124/5188
f 5131/10021/5147 5178/10114/5194 5092/9948/5108
f 5171/10105/5187 5184/10125/5200 5166/10120/5182
f 5132/10022/5148 5180/10118/5196 5182/10122/5198
f 5107/10085/5123 5184/10125/5200 5171/10105/5187
f 5105/9971/5121 5113/10032/5129 5164/10090/5180
f 5172/10124/5188 5183/10123/5199 5169/10126/5185
f 5155/10115/5171 5179/10117/5195 5183/10123/5199
f 5169/10100/5185 5183/10127/5199 5181/10121/5197
f 5175/10110/5191 5185/10128/5201 5167/10119/5183
f 5131/10021/5147 5166/10093/5182 5186/10129/5202
f 5176/10130/5192 5164/10090/5180 5113/10032/5129
f 5107/10085/5123 5168/10131/5184 5184/10125/5200
f 5166/10120/5182 5184/10125/5200 5186/10132/5202
f 5181/10121/5197 5183/10127/5199 5187/10133/5203
f 5186/10129/5202 5178/10114/5194 5131/10021/5147
f 5081/9922/5097 5170/10103/5186 5180/10134/5196
f 5176/10130/5192 5188/10135/5204 5164/10090/5180
f 5179/10117/5195 5189/10136/5205 5183/10123/5199
f 5184/10125/5200 5190/10137/5206 5186/10132/5202
f 5177/10112/5193 5185/10128/5201 5175/10110/5191
f 5176/10138/5192 5182/10139/5198 5188/10140/5204
f 5184/10125/5200 5168/10131/5184 5191/10141/5207
f 5186/10129/5202 5192/10142/5208 5178/10114/5194
f 5184/10125/5200 5191/10141/5207 5190/10137/5206
f 5167/10097/5183 5185/10143/5201 5170/10103/5186
f 5181/10121/5197 5187/10133/5203 5168/10098/5184
f 5182/10139/5198 5193/10144/5209 5188/10140/5204
f 5164/10113/5180 5193/10144/5209 5177/10112/5193
f 5180/10145/5196 5170/10146/5186 5182/10139/5198
f 5164/10113/5180 5188/10140/5204 5193/10144/5209
f 5186/10147/5202 5190/10148/5206 5192/10149/5208
f 5189/10136/5205 5187/10150/5203 5183/10123/5199
f 5179/10117/5195 5178/10116/5194 5189/10136/5205
f 5178/10114/5194 5192/10142/5208 5189/10151/5205
f 5170/10146/5186 5193/10144/5209 5182/10139/5198
f 5170/10146/5186 5185/10128/5201 5193/10144/5209
f 5177/10112/5193 5193/10144/5209 5185/10128/5201
f 5168/10098/5184 5187/10133/5203 5191/10152/5207
f 5191/10153/5207 5187/10154/5203 5190/10148/5206
f 5190/10148/5206 5187/10154/5203 5192/10149/5208
f 5192/10149/5208 5187/10154/5203 5189/10155/5205
f 1148/2198/1160 1134/10156/1146 1163/2196/1175
f 1303/2509/1315 1260/2629/1272 1175/2507/1187
f 689/1134/693 717/1192/721 815/10157/823
f 717/1192/721 789/10158/797 815/10157/823
f 789/1357/797 769/1356/777 815/1421/823
